ply
format ascii 1.0
comment Generated by PyMesh
element vertex 6543
property float x
property float y
property float z
property float charge
property float hbond
property float hphob
property float iface
property float nx
property float ny
property float nz
element face 13102
property list uchar int vertex_indices
end_header
37.871 48.411 56.833 0.512683 0 4.2 0 -0.0289703 0.96295 0.26812
50.114 19.6 30.115 0.371236 0 1.9 0 0.665767 -0.352763 -0.657504
59.833 57.134 44.791 0.694224 0 -0.4 0 -0.634083 0.488004 0.599826
33.3555 56.6095 43.891 0.330725 -0.101062 -0.4 0 -0.206687 0.847591 0.488743
27.3055 29.3365 39.347 -0.66171 -0.00340153 -3.46919 0 -0.0392358 -0.995167 -0.0900135
54.752 41.526 53.672 0.340836 0 -3.5 0 0.578063 -0.747976 0.32615
39.679 56.5 56.792 0.879624 0 -0.7 0 -0.191068 0.981366 -0.0203527
56.801 55.8805 32.004 0.531943 0 3.8 0 0.814387 0.547451 -0.192541
63.466 55.57 42.1985 -0.378752 -0.636802 -0.629731 0 0.790628 0.157535 0.591684
34.498 39.6175 14.9095 0.0137837 0 -3.5 0 -0.0817611 -0.530705 -0.843604
37.5155 30.5805 24.9295 -0.405673 0 -0.7 0 -0.736803 -0.614121 -0.282802
20.1235 31.085 25.6005 0.553762 0 -4.5 0 0.353944 -0.911701 -0.208628
39.1555 15.819 50.826 1.05275 -0.0630445 -4.5 0 -0.599938 0.153902 0.785104
46.7915 27.683 27.932 -0.530508 0 -4.5 0 0.206299 -0.802909 -0.559265
42.5925 30.5535 57.772 0.198249 0.00837062 -3.5 0 0.397132 0.456862 0.795967
44.182 22.1555 27.283 -1.51528 0 -3.5 0 0.0335156 -0.98576 -0.164784
61.0187 54.373 38.5233 0.497957 0 3.8 0 0.485624 0.0152829 -0.874034
42.4225 23.1445 25.517 -2.16295 -0.453322 -3.5 0 -0.0273101 -0.543604 -0.838897
35.405 21.7665 43.197 -0.526029 0 -1.3 0 -0.10187 -0.325518 -0.940032
34.269 56.7585 33.9525 5.32888 0 -0.611168 0 0.47515 0.561062 -0.677822
25.162 21.7735 49.6953 0.107705 0 -3.5 0 -0.851141 -0.499746 0.160663
63.695 36.0955 35.3385 1.29602 0.379629 -3.5 0 0.594337 -0.73889 -0.317497
34.322 60.9315 41.74 1.12592 0.470143 -0.487784 0 -0.558598 0.573024 0.599676
18.099 30.8 52.197 3.30268 0.0132625 -3.71974 0 -0.762652 -0.553384 -0.334856
18.2235 39.1285 21.688 0.578789 0 -4.5 0 -0.971817 0.146858 0.184405
13.8385 45.5625 46.621 0.83511 0 -4.5 0 -0.412044 0.889296 0.198422
27.3275 54.914 51.8955 0.405336 0 1.8 0 -0.95601 0.289445 -0.0476151
53.7605 31.1355 25.883 0.598217 0 -3.53893 0 -0.935877 0.333869 -0.112543
45.37 17.142 54.4265 0.275765 0 -4.5 0 0.0161003 0.752681 0.658188
51.138 50.929 62.709 1.10655 0 -4.5 0 0.399879 0.91108 -0.100146
56.5735 35.326 23.7175 1.04302 0 -4.5 0 -0.0556089 0.770577 -0.634916
34.2845 27.015 43.2135 -0.337314 -0.588489 4.21865 0 0.252447 -0.840856 -0.478781
35.3735 35.0075 21.6675 -0.737918 0 1.65261 0 -0.960302 -0.275999 -0.0405647
41.1145 54.2945 31.4435 -1.85085 0 -3.5 0 -0.661049 0.37836 0.647965
67.023 50.438 40.854 0.252008 -0.266533 -0.7 0 0.671634 -0.738048 0.0647556
59.613 56.0345 45.872 -0.14457 -0.423502 -1.96814 0 -0.434479 0.645648 0.627986
54.53 51.858 51.168 0.27807 -0.0118322 -4.5 0 0.638222 0.730116 0.244138
54.754 39.905 48.997 2.02722 0 -3.5 0 -0.543964 -0.414878 -0.729369
51.14 34.681 28.627 0.926858 0 -0.4 0 0.177691 -0.484636 -0.856478
56.833 41.813 26.155 0.772391 -0.14069 -1.6 0 -0.651919 -0.752482 -0.0936652
50.3025 53.814 40.3005 10.3004 -0.760598 -1.6 0 -0.684715 -0.680897 -0.259893
33.6705 25.41 31.943 0.514019 0 4.2 0 -0.79316 -0.602502 -0.0888203
40.1705 17.7235 52.4975 -0.996944 -0.685373 -3.5 0 -0.639107 -0.0108981 0.76904
29.447 41.221 53.3045 -0.0146901 0 -3.5 0 -0.331234 0.201919 0.92169
50.245 47.898 63.968 0.445087 0 -4.5 0 -0.735894 -0.61058 0.292665
29.896 30.829 57.293 -0.804959 0 -0.8 0 0.155869 -0.987769 0.00423769
50.675 54.265 58.685 -0.206306 -0.990872 1.8 0 -0.543084 0.740588 0.395714
32.379 25.1705 37.5515 0.0801178 0 -1.6 0 -0.071812 -0.975728 -0.206875
42.5695 48.0915 27.3025 0.988973 0.294327 0.2945 0 -0.267448 -0.150097 -0.95181
50.756 37.213 27.734 1.10969 -0.648153 -1.3 0 0.346864 -0.611889 -0.710828
58.407 50.8615 24.611 0.443725 0 3.8 0 0.949116 0.311273 -0.0478294
36.219 22.602 31.884 -0.112605 0 -4.5 0 -0.163913 -0.947542 0.274401
17.582 57.0345 43.4295 0.109636 0 4.2 0 -0.526848 0.235377 -0.816718
23.285 34.005 19.707 1.07493 0 4.2 0 -0.35842 0.0686062 -0.931036
55.5445 57.6815 32.971 0.517203 0 3.8 0 0.321942 0.946296 -0.0296091
43.105 20.4155 52.1865 -0.108873 0 -3.5 0 0.342792 0.0545167 0.937828
58.074 39.241 38.065 0.997265 0 -1.6 0 0.491968 -0.5975 0.633215
57.0545 52.8215 58.0215 0.0927927 0 1.8 0 0.936499 -0.306021 -0.17123
66.5935 39.5285 44.183 -0.315488 0 -3.5 0 -0.458924 -0.759165 0.461581
28.0865 24.9535 39.545 -1.1489 -0.281412 -4.5 0 -0.530461 0.226218 -0.816968
38.3465 20.3185 41.4255 -0.563903 0 4.5 0 -0.776673 -0.465055 -0.424857
13.3715 37.356 35.218 0.00306752 0 -3.5 0 -0.414099 -0.881357 0.227446
66.6135 52.036 42.054 -0.376879 -0.934653 -0.7 0 0.633392 0.205901 0.745935
19.6605 50.084 45.318 0.974557 0.0726508 1.8 0 -0.637641 -0.416849 0.647804
57.685 45.863 44.427 0.260226 0 2.8 0 0.983591 0.0208273 0.179208
30.9575 49.8495 19.521 0.718358 0 -4.5 0 0.0944867 0.597577 -0.796225
54.744 28.6545 50.077 -0.12757 0 -3.5 0 0.673235 0.73923 0.0171485
31.687 20.0405 44.767 -0.241296 0 -0.4 0 0.34374 -0.915503 -0.209039
55.449 54.148 48.175 0.803935 0 -4.5 0 0.296702 0.467167 0.832901
18.6625 27.202 44.0255 -0.504123 -0.622808 -3.85201 0 -0.540514 -0.825588 -0.162014
53.496 55.932 52.2765 0.354841 0 3.8 0 0.594745 0.499008 -0.630293
43.723 18.326 35.633 0.318632 0 -1.78701 0 -0.0520453 -0.19181 -0.980051
50.268 60.136 42.031 0.31364 -0.428885 -2.13232 0 -0.0563061 0.997318 0.0467587
16.47 36.579 51.662 0.437754 0 -4.43867 0 -0.300021 0.145633 0.942751
37.29 42.995 57.7355 -0.263075 0 0.99481 0 -0.1718 -0.164048 0.971377
35.918 44.5275 22.4175 -0.389993 -0.426047 0.901153 0 -0.0700934 -0.515435 0.854057
64.322 48.576 46.032 0.140803 0 -1.6 0 0.421906 0.166918 0.891142
36.5235 55.7335 34.8075 6.56918 0 -0.8 0 0.780883 0.0372656 -0.623564
39.5705 39.6555 44.25 5.26409 0.153677 -3.61062 0 0.5509 0.561737 0.61722
59.0745 60.7865 41.5595 -0.6784 -0.0764712 3.8 0 0.0554387 0.942918 -0.328378
17.4795 47.7455 36.0025 -0.713302 -0.494933 -3.5356 0 -0.850665 -0.158501 -0.501244
36.7215 32.1075 27.2915 -0.723231 0 -1.6 0 -0.888423 -0.423254 0.177653
17.97 40.4745 19.285 0.612129 0.541796 -4.5 0 -0.793373 0.585019 0.168263
36.282 30.383 22.585 -0.17506 0 -3.5 0 -0.473797 -0.538437 0.696852
29.6315 19.9815 43.64 -0.138546 -0.0631669 -3.91723 0 0.352773 -0.791504 -0.499071
57.154 42.702 48.0745 0.311619 0 -3.5 0 0.744459 0.652594 0.141077
57.521 36.541 41.5805 2.1067 0.207108 -3.9 0 0.807275 0.589081 -0.0359161
44.055 41.157 59.9965 0.303483 0 -1.6 0 -0.622402 -0.48745 0.612379
25.085 52.0267 29.7302 0.111731 0 4.2 0 -0.0962646 0.983956 -0.15021
48.886 14.844 51.119 0.329814 0.604834 -4.5 0 0.842613 -0.0787221 -0.532734
45.8385 34.8585 55.001 0.891118 0.140113 3.11612 0 0.412047 0.43506 0.800587
46.168 42.358 43.8525 5.866 0.609588 -0.743691 0 -0.653917 -0.411892 0.634616
41.406 14.9875 37.5265 -1.29219 -0.73629 -3.5 0 -0.736595 -0.594684 0.322146
31.784 56.6615 27.3935 0.96525 0 4.2 0 -0.203576 0.662865 -0.720532
23.286 60.2795 43.5355 -0.60894 -0.21036 -0.7 0 -0.677717 0.498032 -0.540985
53.4185 50.194 22.942 0.195427 0 3.8 0 0.251188 0.239669 -0.937797
33.234 20.5405 44.0955 -0.0591139 0 -0.4 0 -0.0971452 -0.959392 -0.264819
34.732 27.309 19.107 -0.946745 -0.73452 -3.5 0 -0.56563 -0.823875 -0.0359434
48.2105 63.5495 49.617 0.384753 0 -1.6 0 0.672122 0.739008 -0.0460328
53.503 53.4845 60.1295 -0.0669635 0 1.8 0 -0.0372668 0.155942 0.987063
36.437 57.1095 35.4035 1.75198 0 -0.8 0 0.788603 0.527161 -0.316554
56.4445 20.3215 32.3825 0.19236 0 -3.9 0 0.809562 0.253579 -0.52944
28.945 51.059 19.6035 0.543968 0.231851 -4.5 0 0.330525 0.467371 -0.81995
54.2585 14.647 42.3965 -0.381355 -0.0119422 -3.5 0 0.133459 -0.975149 -0.176843
66.1105 45.003 44.231 -0.0462102 -0.48495 -3.5 0 0.169202 0.109418 0.979489
41.19 42.0995 61.185 0.248607 0 -0.8 0 -0.0489586 -0.249723 0.967079
35.7 46.055 44.956 6.0585 0.828337 -3.5 0 0.743631 0.534197 -0.402052
63.384 52.675 44.154 -0.205655 -0.445789 -1.6 0 0.640786 0.0798876 0.763552
30.0545 27.384 30.9665 -0.0164685 0 -0.4 0 -0.861979 -0.396286 0.316149
59.0995 40.02 50.689 -0.00780519 0 -3.5 0 0.981756 0.180824 -0.0588099
34.689 58.011 26.874 0.493889 0 4.2 0 0.30058 0.531445 -0.791971
71.0075 32.856 38.915 0.546253 0.527714 -4.5 0 0.538567 -0.654563 -0.530559
47.691 44.521 44.088 4.33966 0 -0.7 0 -0.429462 0.903085 8.54809e-05
44.224 29.689 20.809 -1.0753 -0.862519 -3.5 0 0.527276 -0.825384 0.201795
44.916 36.594 21.87 0.313712 0 3.8 0 0.965953 -0.192439 -0.172921
29.841 19.27 44.488 -0.618717 -0 -3.5 0 0.222627 -0.877679 -0.424402
24.069 32.991 32.659 -0.406596 0 -4.5 0 0.187378 -0.837278 -0.513668
44.216 53.4285 29.795 -0.0529551 0 -3.5 0 0.838758 0.447744 -0.309856
68.8955 45.93 36.89 0.286035 0 2.8 0 0.640159 0.185327 0.745554
51.1382 42.3843 46.6878 3.39125 0 -0.7 0 0.421749 -0.879028 0.222346
37.686 15.582 43.257 0.610167 0 -4.5 0 -0.489781 -0.19453 -0.849866
16.599 47.7147 36.6828 -0.361703 -0.643044 -3.52244 0 -0.528594 -0.0173567 -0.848697
23.138 50.2803 31.193 -0.109144 0 4.2 0 -0.800166 0.581053 -0.148699
28.081 37.2985 22.465 -2.06833 -0.0767938 4.2 0 0.629128 0.734668 -0.253892
54.3343 48.339 30.1493 1.35521 0 2.8 0 0.199673 -0.497944 0.843909
64.4519 57.399 41.684 0.116671 0 3.8 0 0.824429 -0.31453 0.470519
51.77 13.53 42.636 0.0239609 0 -0.4 0 0.567354 -0.623153 0.538322
44.637 30.4202 23.1667 -0.852737 -0.396571 -3.5 0 0.557181 -0.700346 -0.446167
49.9835 20.5117 28.1268 0.551173 0 -3.5 0 0.691318 -0.699374 -0.181538
37.9053 21.0352 42.003 -0.381551 0 4.5 0 -0.784034 -0.477919 -0.396086
38.5643 52.8577 54.6932 0.6926 0 -0.7 0 -0.794353 -0.545669 -0.266923
58.5701 46.2323 33.5827 1.44513 0 -1.3 0 -0.435086 0.86673 -0.243883
54.7217 59.6815 44.038 0.179076 0 -3.5 0 0.668809 0.484235 0.564102
49.6217 17.891 32.0225 0.236156 0 1.9 0 -0.0267278 -0.816984 -0.576041
37.038 46.0355 18.116 0.737 0 -4.5 0 -0.327705 -0.349016 -0.877951
48.5508 58.5425 48.5578 0.999441 0 -1.6 0 0.717853 -0.286961 -0.634304
59.1355 45.9712 42.8792 -0.445207 -0.618759 2.8 0 0.396322 0.268061 0.878107
39.9777 23.2738 31.76 0.648706 0 4.2 0 0.00196724 -0.777256 -0.629182
25.769 50.209 54.1025 0.403122 0 -0.4 0 -0.579045 0.204725 0.789173
52.567 56.8385 30.4322 0.946686 0 -4.5 0 0.794696 0.385028 -0.469267
31.626 34.0662 30.2038 -2.55561 0 -3.5 0 0.42322 -0.903992 -0.0606938
40.302 30.9755 19.9335 -0.343527 0 -3.5 0 0.0146033 -0.31367 -0.94942
56.9017 25.2208 36.1707 -1.01578 0 -4.5 0 0.437695 -0.590784 -0.677789
57.1155 39.3905 26.4095 1.71861 0.478476 1.8 0 -0.806118 0.2271 -0.546443
47.9025 54.5228 30.6103 0.732638 0 -4.5 0 -0.921689 0.381148 0.0722178
51.9995 48.2995 35.0055 1.77789 0 1.8 0 0.604481 -0.796586 0.0072809
56.5115 43.967 24.8235 0.819627 -0.246366 3.63671 0 0.829517 -0.0477282 -0.556438
64.4575 43.2495 44.5462 -0.24814 -0.0294677 -2.68376 0 0.0214927 -0.118438 0.992729
48.8298 60.4048 37.4045 1.12936 0 -4.5 0 0.920541 0.386715 0.0552687
44.078 26.3652 27.4088 -0.390689 0 -4.5 0 0.241129 -0.115015 -0.963654
40.518 41.724 47.8555 5.19877 0 -3.5 0 0.659462 -0.0744757 -0.748039
54.48 58.2075 45.9715 0.353334 0 -3.5 0 0.568256 0.295842 0.76783
41.9823 55.915 56.7305 0.411842 -0.0985693 -0.7 0 0.315707 0.775204 0.547163
21.187 31.338 23.813 0.531638 0 -4.5 0 0.216815 -0.898456 0.381796
55.628 45.6668 30.0888 1.11569 0 3.8 0 0.282536 0.63037 0.723054
62.66 36.985 32.931 1.65969 0.0412904 -3.5 0 -0.480032 -0.876442 -0.0376602
42.2025 51.4308 31.7647 0.0678475 -0.0171742 -3.5 0 -0.321127 0.0844979 0.943259
21.162 49.1975 46.462 0.395643 0 1.8 0 -0.619704 -0.00373319 0.784826
42.458 46.89 26.9965 1.50686 0.594315 4.2 0 -0.252594 0.37389 -0.892414
21.7395 32.422 59.77 -0.42955 -0.176314 -3.5 0 -0.987954 -0.149639 0.0394347
17.0551 52.063 36.2801 -1.11497 0 -3.5 0 -0.65357 0.665439 -0.360606
46.2365 28.1065 26.101 0.0667514 0 -4.5 0 0.0647775 -0.792523 -0.606392
11.4345 39.8065 36.0325 -0.241684 -0.172918 -3.5 0 -0.928711 -0.3307 0.167731
34.0373 32.0315 58.259 1.56125 0.781769 -3.9 0 0.301471 -0.174029 0.937459
58.0177 33.3457 29.5435 1.47085 0 2.8 0 0.514957 0.414346 0.750424
32.112 61.259 39.6495 0.519929 0 -3.5 0 -0.463603 0.811177 0.35646
25.861 51.8785 50.978 0.0859728 -0.301835 0.499748 0 -0.914301 0.403931 -0.0298899
42.437 39.809 18.208 0.445986 0 -3.9 0 0.622139 -0.63875 -0.452704
38.7655 30.41 18.7765 -0.120852 0 -3.5 0 0.859137 0.0175359 -0.511446
24.5798 27.4858 43.6535 -0.069025 0 -2.10377 0 0.0421489 -0.251207 -0.967015
35.0235 60.1005 43.8363 0.989878 0 -0.4 0 -0.876284 0.375367 0.302038
59.1565 22.6653 38.8952 0.132533 0 1.8 0 0.989571 -0.143038 0.0170256
46.1007 41.8855 47.4118 5.73505 0.474971 -0.419769 0 -0.445029 -0.385067 -0.8085
18.1765 43.0298 46.0322 1.01364 0 -4.5 0 0.233618 0.97164 0.0365801
58.052 34.6268 29.0925 1.34449 0.329477 2.75151 0 0.181821 0.258936 0.948627
20.7575 41.447 20.7588 0.915619 0 -4.5 0 0.208314 0.912112 0.353068
61.3963 28.4293 37.7697 0.97783 0.604145 -4.5 0 0.65992 -0.50329 0.557858
46.763 48.6125 59.6275 0.0166595 0 -4.5 0 0.0456036 0.0831212 0.995495
54.9808 51.3908 52.0115 0.253142 0 -1.6 0 0.444569 0.885988 0.131849
37.4125 60.481 38.427 0.600586 0 -3.5 0 0.595566 -0.0465207 -0.801958
61.4487 39.5942 26.873 0.920965 0 -4.5 0 0.980476 -0.066018 0.185225
21.2825 44.7755 47.475 -0.119406 0 3.8 0 -0.903714 0.262858 -0.337945
53.3065 44.407 34.538 1.61061 0 -1.6 0 -0.324096 0.9196 0.222032
52.1673 28.7537 51.2118 0.218634 0.332098 -3.5 0 -0.192873 0.405984 0.893296
55.17 36.654 26.631 1.01855 0 1.8 0 -0.959885 -0.22223 -0.170979
53.256 17.819 31.9445 2.59487 0.0711917 -3.9 0 -0.417406 -0.408703 -0.811624
16.9015 35.163 28.475 -0.711334 -0.0350964 -3.5 0 -0.714606 -0.687953 -0.126724
16.8197 45.7612 41.7895 0.572387 0 0.726558 0 -0.867846 0.0527911 0.494021
14.343 33.354 46.3805 -0.48972 -0.634007 -3.5 0 -0.942502 0.323058 -0.0855794
36.0945 28.9438 29.3333 3.5452 0 -3.9 0 -0.554013 0.829716 0.0681278
62.0765 46.8208 45.2762 0.160609 0 -1.6 0 -0.505535 -0.28068 0.815876
27.249 34.439 27.027 -1.41271 -0 -4.5 0 0.860648 -0.253626 -0.441542
45.8582 63.8543 45.0392 0.522561 0 -4.5 0 0.383702 0.900279 -0.205596
59.131 39.2267 24.1155 1.2421 0 -4.5 0 -0.793162 -0.421948 -0.439152
24.9142 43.563 53.8802 0.0578689 0 -0.8 0 -0.0566358 -0.602549 0.79607
57.6555 49.0365 57.3895 -0.569097 0 -3.5 0 0.281507 0.661645 0.694967
36.0732 32.4725 26.293 -0.844169 0 -0.7 0 -0.770932 -0.564928 0.294144
58.6717 40.265 52.4958 0.53678 0.808827 -3.5 0 0.683394 0.150237 0.714423
46.4048 15.1675 40.4287 0.0314399 0 2.8 0 -0.470246 -0.85725 0.209739
31.7785 39.6847 17.537 -0.0364715 -0.128571 -3.5 0 -0.531818 -0.53741 0.654492
26.2825 57.6895 40.6917 0.58201 0 -3.5 0 -0.464822 0.771335 -0.434722
40.5255 49.531 46.492 4.76173 -0.816861 -3.5 0 -0.661104 -0.446036 -0.603319
23.126 47.1398 50.8018 -0.736733 -0.820114 -1.4268 0 -0.283081 0.952168 0.115069
48.01 23.177 24.906 -1.09304 -0 -3.5 0 -0.0968384 0.799562 -0.592725
43.919 39.9323 47.8565 5.35805 0 -0.4 0 -0.27513 0.57828 -0.768046
39.2815 61.6894 50.3036 0.80386 0 -1.6 0 -0.0939796 -0.36743 0.925291
34.3298 53.8262 33.4415 8.5343 0 -0.4 0 0.938114 0.128356 -0.321662
45.7567 16.4772 44.9995 0.288205 0 2.8 0 0.0108309 -0.834968 0.550192
28.2652 32.581 61.1992 0.368815 0 -0.863906 0 -0.46546 -0.0821949 0.881244
50.4798 40.4613 48.7668 3.72039 0 -3.9 0 0.575311 -0.302823 -0.759812
50.6087 20.5912 46.9445 -0.254836 -0.247194 -3.5 0 -0.0409167 0.335956 0.940989
50.699 43.82 62.74 0.69824 0 -0.020657 0 -0.380001 0.766903 0.517164
19.2857 33.9202 20.079 0.836946 0.802613 -4.5 0 -0.237611 0.604831 -0.760079
47.2795 58.158 56.7175 -1.22182 -0.294041 -3.5 0 -0.200845 0.767106 0.609269
49.122 60.7323 33.9837 1.03142 0 -4.5 0 0.875819 0.482615 0.00481213
41.78 52.865 38.424 1.66462 0 -3.9 0 0.916276 0.0680579 -0.394722
18.028 58.9798 44.0117 0.0937263 0 4.2 0 -0.403894 0.651318 -0.642382
35.239 47.597 43.941 6.04185 0.115932 -3.5 0 0.987754 -0.0937722 0.124692
56.6315 22.2855 32.4505 -1.38593 -0.0568756 -3.5 0 0.998777 -0.0410042 -0.0276266
15.5507 38.8577 27.6712 0.185361 0 -0.4 0 -0.916076 0.170357 -0.363019
40.8095 43.915 17.539 1.0153 0 -3.9 0 -0.222919 0.863285 -0.452821
49.0597 59.2655 35.45 1.52175 0 -4.5 0 0.932164 0.342087 0.11852
16.4223 29.0995 44.1505 -0.374679 -0.473499 -3.5 0 -0.724908 -0.668306 -0.16696
24.7035 29.722 35.4105 -1.43817 -0.187377 -3.5 0 -0.584251 -0.801191 -0.129396
40.8898 53.972 27.5637 0.614449 0 -3.5 0 0.685644 0.328594 -0.649552
38.644 51.463 52.491 0.143675 0 -0.4 0 -0.644701 0.0385149 0.763464
24.8962 49.5938 27.2507 0.0177583 0 4.2 0 -0.43454 0.138573 -0.889928
57.5788 47.7196 28.4509 -0.740159 0 3.8 0 0.943438 0.127988 0.305848
21.8945 34.3423 20.1525 1.27777 0 -4.5 0 -0.245945 0.367075 -0.897088
56.5788 27.1842 21.0898 0.574447 0.496283 -3.5 0 0.354148 -0.727865 -0.58719
47.5498 56.4352 44.6538 1.32133 0 -3.5 0 0.499117 0.644723 0.578977
14.6962 40.8075 33.4195 0.0672884 0 -3.5 0 -0.279067 0.305659 -0.910326
35.001 23 32.96 -0.762013 -0.0349856 -4.5 0 -0.716985 -0.629229 0.300006
13.579 37.4555 42.498 -0.00455387 0 -0.7 0 -0.716907 0.00105287 0.697168
39.1903 55.662 51.5938 1.36271 0 -4.5 0 -0.88778 0.0767786 0.453819
50.72 47.312 62.885 0.787694 0 -4.5 0 -0.561449 -0.739041 0.37228
42.2537 16.1525 40.9 -1.56431 -0.746422 -3.5 0 -0.210323 -0.976203 0.0528352
58.9603 39.9357 23.2498 0.941306 0 -4.5 0 -0.869807 -0.420653 -0.257849
34.909 65.0105 40.726 -1.30772 -0.0576392 -3.5 0 -0.967115 0.220061 0.127525
38.343 43.7425 43.227 6.64471 0.788977 -3.9 0 0.237186 0.941625 0.238924
45.5592 45.428 62.2482 -0.330441 -0.0522905 -4.5 0 0.302268 0.355948 0.884271
23.685 59.142 35.756 0.401281 0 -3.9 0 -0.529252 0.617129 0.582275
57.4845 40.5088 28.6458 0.239106 0 -1.6 0 -0.692714 -0.35078 0.630159
53.317 52.798 54.4065 0.532118 0 3.8 0 0.98645 -0.157759 -0.0450397
17.9452 51.0358 33.9328 -0.845971 -0.0651238 -3.9398 0 -0.287985 0.808434 -0.513321
36.572 32.474 29.5715 -0.519724 0 -1.6 0 -0.901727 -0.430638 -0.0379551
55.4375 51.2565 31.7355 0.837324 0 2.8 0 0.409178 -0.283078 0.867433
33.891 22.827 30.4285 0.348074 0.127981 -4.5 0 -0.704832 -0.568172 0.424726
58.577 60.0498 39.4217 0.265192 0 3.8 0 0.692278 0.711018 -0.123306
21.815 49.9723 46.6445 0.491469 0 1.8 0 -0.321738 0.330722 0.887191
26.8678 39.3677 27.0522 -4.15253 0 -1.6 0 0.635123 -0.50169 -0.587304
61.9115 44.9253 32.2023 -0.1758 -0.0811131 -1.3 0 0.63623 0.472498 -0.609882
47.71 53.9955 62.3855 0.283937 0 -0.8 0 0.446189 0.72085 0.530369
35.8095 25.718 25.5555 0.709554 0.482345 -4.5 0 0.28064 -0.13304 -0.950548
41.51 22.7665 32.0397 -0.935464 0 4.2 0 -0.209362 -0.783036 -0.585681
65.9053 40.2402 44.4405 -0.192692 0 -3.5 0 -0.401812 -0.545081 0.735822
29.5723 57.3975 29.6192 0.542813 0 -0.8 0 -0.197089 0.91152 0.360954
33.2166 45.2056 55.9439 0.888037 0 -4.5 0 -0.539502 -0.60335 0.587287
54.8382 16.7687 44.7707 -0.372046 0 -3.5 0 0.137675 -0.331098 0.933499
53.3903 27.0037 51.6792 -0.0527506 0 -3.5 0 -0.0246121 -0.503542 0.86362
61.2145 42.777 45.8615 0.253722 0 -0.9 0 0.714204 0.352403 0.604752
18.279 34.5655 29.7908 -0.02831 0 -3.5 0 -0.193304 -0.930336 -0.311623
54.1343 40.2575 32.5355 1.53536 0 0.954089 0 0.683557 -0.41593 -0.599793
32.56 31.891 59.614 -0.329058 -0.951547 -0.8 0 0.96772 0.0737886 0.240983
67.3011 37.5489 33.2754 -0.938175 -0.372429 -3.5 0 0.0943123 -0.806936 -0.58306
24.248 45.729 26.066 -0.165147 -0.238466 -4.38892 0 -0.367844 0.515604 -0.77385
59.2122 28.3218 40.2295 0.122188 0 -3.5 0 0.829445 -0.534707 0.161582
30.0935 30.602 30.5505 -1.38856 -0.132031 3.8 0 -0.737876 0.497031 -0.456618
25.468 21.762 46.539 0.249499 -0.740171 -3.71569 0 -0.906152 -0.125385 0.40394
56.486 28.141 20.503 0.456558 0.421236 -3.5 0 0.492744 -0.0670015 -0.867591
45.2905 43.3795 63.2985 -0.676023 -0.287591 -4.5 0 -0.299365 -0.0534116 0.952642
27.901 38.1143 60.348 0.285042 0 -0.7 0 -0.802957 0.581192 0.132198
39.1905 26.385 54.728 0.303967 0 -4.5 0 -0.592699 0.195651 0.781299
43.964 22.0023 29.381 -0.469077 0 -3.5 0 -0.288139 -0.957304 -0.0233626
33.2188 50.501 22.0387 0.87162 0 -4.5 0 0.075018 0.940861 -0.330382
26.2856 52.9489 51.3018 -0.997163 -0.118477 1.8 0 -0.842126 0.536667 0.0530263
66.0025 36.064 41.448 0.520898 0 -4.5 0 -0.59583 -0.31041 0.740697
18.9287 34.0955 28.2577 0.192631 0 -4.5 0 -0.633359 -0.549667 0.544723
54.149 34.9157 52.1815 1.73945 0.534108 -3.9 0 0.653417 -0.602782 0.45793
29.0233 29.168 37.1335 -1.44808 -0.913105 -3.5 0 -0.297129 -0.75761 -0.581154
17.3905 47.218 34.306 -0.641374 0 -4.03741 0 -0.769783 0.100507 0.630343
37.1335 28.4695 18.454 -0.983739 -0.0129834 -3.5 0 0.436723 -0.713325 -0.548124
62.446 58.425 37.7325 0.32323 0 3.8 0 -0.342137 0.44099 -0.829741
40.7995 26.6995 56.7185 0.086794 0 -3.5 0 -0.656637 -0.680841 0.324474
45.1545 39.051 58.8635 0.359303 0 -1.6 0 -0.33808 -0.938246 0.0734568
53.004 51.315 45.597 3.89312 0 -4.5 0 -0.516616 -0.592473 -0.61813
22.9275 37.8143 54.297 0.100953 0.317469 -3.9 0 0.332361 0.0428313 0.942179
29.616 59.77 44.366 0.63648 0 -3.9 0 0.40988 0.686996 -0.600029
39.7235 42.2033 47.0868 5.7165 0 -3.5 0 0.717322 -0.0293232 -0.696124
45.938 37.7098 44.5508 5.67753 0.616163 0.444987 0 0.200799 0.970005 0.137001
53.1958 21.2062 46.9453 0.187498 0 -3.5 0 0.515609 0.149804 0.843627
25.6087 50.3192 26.7945 -0.191366 0 3.83015 0 -0.711852 0.102687 -0.694782
49.529 17.887 47.622 0.597905 0 -4.5 0 0.673443 -0.250506 0.695501
42.0885 50.9285 35.635 1.74753 0.64917 -3.9 0 0.425694 0.900296 -0.0908413
37.2508 15.6575 49.261 -0.337441 0 -4.5 0 -0.901715 0.227747 0.36748
65.019 41.1495 21.015 0.20327 0 -4.5 0 0.393844 0.913869 -0.0986432
40.6455 58.4922 51.062 1.1768 0.131619 -4.5 0 -0.624024 0.742095 0.244724
42.3259 49.7765 45.4559 5.01469 0 -3.5 0 -0.141978 -0.378768 -0.914536
22.7113 31.9775 36.4813 -0.339274 0.753179 -4.077 0 -0.799419 -0.586982 -0.127989
33.9709 36.761 25.7409 -1.88399 -0.115141 -3.5 0 -0.186081 0.661709 -0.726302
15.858 41.0745 43.0875 -0.580483 0 -4.5 0 -0.923218 0.112892 -0.36732
56.3695 54.6395 28.7075 0.27325 0 2.8 0 -0.0701808 0.667563 -0.741238
43.2617 60.4805 39.045 1.17072 0.651259 -4.5 0 -0.737042 0.0958843 -0.66901
53.585 54.6878 52.2207 0.393929 0 3.8 0 0.803952 0.0650074 -0.591131
15.8815 36.6707 34.4362 -0.196103 0 -3.5 0 -0.58565 -0.802275 0.115622
53.3065 52.8128 43.054 3.49329 0.144451 -2.17793 0 -0.265101 -0.939002 -0.219081
46.733 56.383 45.783 1.52265 0 4.2 0 0.74597 0.66532 0.0296381
51.0865 54.884 48.809 0.79211 0 2.60135 0 0.43577 0.771657 0.463303
13.349 42.7275 45.7985 0.865648 0 -4.5 0 -0.774858 -0.492341 -0.396479
37.5545 29.087 21.6677 -0.828132 -0.767549 -3.5 0 -0.312997 -0.867528 0.386561
35.6545 25.488 43.812 -0.556872 -0.000213548 -1.29829 0 -0.511344 -0.0491722 -0.857968
49.1655 51.0785 23.0655 0.345593 0 3.8 0 -0.690865 -0.070964 -0.719493
32.981 43.4442 16.293 0.640786 0 -3.5 0 -0.256424 0.923672 -0.28474
38.724 64.71 47.919 0.473408 0 -1.6 0 -0.685123 0.723333 -0.0860006
64.415 48.468 41.892 0.467453 0 -1.13971 0 0.963462 -0.0928472 -0.251237
58.0515 36.1317 35.266 0.0475456 0 -1.6 0 0.567798 -0.414712 -0.711069
42.224 49.7808 40.805 4.13812 -0.633222 -1.24985 0 0.489938 -0.0637046 0.869427
45.6283 24.8065 28.0047 -0.519021 0 -3.5 0 0.612953 0.402366 -0.679993
33.133 25.316 33.5475 0.301186 0 4.2 0 -0.719731 -0.665538 0.197602
33.4855 58.8462 33.2882 0.448933 0 -1.6 0 0.786963 0.0696144 -0.613061
16.1075 53.3937 42.654 -0.204281 0 -3.5 0 -0.800041 0.586222 0.127586
60.2323 34.209 24.1667 1.34176 0 -4.5 0 0.518418 0.762647 -0.386797
58.345 25.882 34.386 0.11743 0 -4.5 0 0.257369 -0.895334 -0.363509
50.787 17.9 32.134 0.200716 0 1.9 0 0.103697 -0.902713 -0.417559
52.7152 21.25 29.6375 0.0291036 0 -0.8 0 0.523206 -0.851608 -0.0319205
27.268 55.6253 26.8875 -1.05528 -0.781169 -0.8 0 -0.560761 -0.41305 -0.717591
53.5395 37.5062 50.168 3.39573 0 -3.9 0 -0.273103 -0.19598 -0.94181
51.9977 42.9027 57.7912 -0.249649 0 3.8 0 0.24206 -0.969938 0.0250308
34.5402 55.6447 30.6073 3.11698 0 4.2 0 0.626998 0.151128 0.764221
25.51 56.866 47.4085 -0.663956 -0.301657 -3.9 0 -0.508952 -0.253282 0.822689
31.4795 60.6387 45.6867 0.878855 0 -3.9 0 0.365285 0.490023 -0.791482
54.1377 41.578 30.3143 1.38626 0 1.9 0 0.730743 -0.657543 -0.183446
44.0973 35.4478 22.0537 0.210224 0 3.8 0 0.70043 -0.382666 -0.602465
40.1592 42.0158 60.765 0.181753 0 -0.8 0 -0.552241 -0.280929 0.784926
40.7065 22.9042 49.7578 -0.83534 0 1.5862 0 -0.899799 -0.434773 0.0365337
23.0193 30.6445 57.7982 -0.131201 0.103662 -3.5 0 -0.685723 -0.634465 -0.356705
19.326 33.6357 31.1397 -1.64018 0 -3.5 0 -0.0960751 -0.86565 -0.491345
21.8487 58.5653 32.823 1.4679 0.507509 -3.9 0 -0.788507 0.596884 -0.148277
23.562 20.9105 43.6375 0.580897 0.704255 -4.5 0 -0.692512 0.489331 -0.530078
39.865 36.0518 12.4172 0.983049 0 -3.9 0 0.41694 -0.55714 -0.718162
56.552 35.108 33.136 1.30687 0 -0.4 0 0.645601 0.357602 -0.674774
55.9176 26.7741 30.6974 -0.424831 0 2.8 0 0.412468 -0.696973 -0.586599
24.555 36.1935 55.5835 -0.61196 0 -3.5 0 -0.425422 0.904956 0.00838004
30.8253 30.4525 57.328 -0.709722 0 -2.65163 0 -0.595808 -0.803103 -0.00616075
29.3972 53.4398 25.8092 -2.47622 -0.46392 -0.8 0 -0.275629 0.523046 -0.806506
65.8672 35.4375 40.6087 1.11656 0.239466 -4.5 0 -0.8588 -0.438102 0.265574
41.6748 40.0482 17.553 0.530395 0 -3.9 0 0.354824 -0.457768 -0.815198
55.6715 33.5465 27.8468 1.41257 -0.315245 2.35983 0 -0.798823 0.587505 0.129305
62.7835 54.1985 45.801 0.180295 0 -0.4 0 0.630573 -0.419828 0.65278
46.5905 53.5513 32.038 0.801895 0 4.2 0 -0.288621 0.957443 -2.2281e-05
54.653 42.249 45.5462 2.7919 0 2.8 0 -0.0857374 -0.724335 0.684096
27.685 52.4685 22.7175 -3.09204 -0.214078 -3.61487 0 -0.128506 0.950557 -0.282715
40.3783 28.8285 20.8993 -0.64161 -0.400415 -3.5 0 0.219904 -0.62179 -0.751678
21.4255 53.7007 41.4935 -0.386677 0.0803487 -2.94069 0 -0.622547 0.524116 -0.581151
35.2598 34.526 31.5338 -0.120353 0 -1.3 0 -0.49047 -0.769576 -0.408892
21.9867 31.8388 60.772 -0.84942 -0.870816 -3.5 0 -0.728174 -0.565464 0.387316
59.941 36.845 35.207 0.969427 0 -1.6 0 -0.108959 -0.451301 -0.885695
31.976 38.7875 16.275 -0.900208 -0.860832 -3.5 0 -0.703722 -0.697183 -0.136786
59.729 31.064 41.409 -1.3781 -0.228634 -3.5 0 0.996081 0.083468 0.0292446
31.9815 61.0255 37.6875 0.215356 0 -3.45024 0 0.038271 0.947402 -0.31775
43.355 16.4848 45.629 0.327632 0 1.8 0 0.0348111 -0.999335 0.0108286
33.7397 52.8797 24.8365 3.751 0 -1.8348 0 -0.378823 0.644362 -0.664297
31.0015 26.408 31.5265 0.602936 0.183622 -0.4 0 -0.528896 -0.784916 0.322763
25.2211 35.7231 60.8955 0.255495 0 -3.5 0 -0.0496033 0.657009 0.752249
35.305 47.7195 17.82 0.285458 -0.0640956 1.34132 0 -0.166987 -0.166326 -0.971829
52.056 51.0778 60.3807 0.222762 -0.265904 -2.47133 0 0.419091 0.329544 0.846028
37.313 61.286 49.327 0.905204 0 -1.6 0 -0.742799 0.0178848 0.669275
64.2805 41.2069 22.2501 0.713441 0 -4.5 0 0.395859 0.88687 0.238237
29.4578 61.3942 48.8283 0.765948 0 -3.9 0 -0.644888 0.689686 0.329321
16.2245 43.5045 36.6735 -0.100302 0 -3.9 0 -0.871895 -0.0467973 -0.487452
15.7505 34.2653 43.6435 -0.0881625 0 3.8 0 -0.991749 0.0404675 -0.121641
44.751 45.842 43.238 4.60221 0 -1.3 0 -0.074579 0.431769 0.898896
36.4992 43.399 41.7082 6.27888 0.0187341 -3.51983 0 0.0297412 0.93126 0.363138
22.8975 44.77 53.552 -0.965869 -0.128651 -0.8 0 -0.632576 -0.238355 0.736908
43.8205 13.2204 50.2404 -0.0872471 0 -4.5 0 0.472382 -0.747525 -0.466971
35.9825 51.5288 46.6645 6.35487 0.129166 -1.37181 0 0.590924 -0.395181 -0.703307
16.9042 39.039 17.6047 0.586142 0.0706247 -4.5 0 -0.999904 0.00523261 -0.0128226
38.801 23.757 38.6113 -0.507812 0 4.5 0 -0.545567 -0.191261 -0.815951
54.3095 30.1235 46.9795 0.366686 -0.887485 -0.921538 0 0.757419 0.217406 0.615672
44.618 24.638 27.091 -1.08292 0 -3.5 0 0.631244 0.429753 -0.645634
53.267 47.132 22.8985 0.205144 -0.488108 1.72812 0 0.364785 -0.243619 -0.898656
32.0957 61.1234 33.5216 0.507312 0 -1.6 0 0.328582 0.903252 -0.275989
17.7455 51.4012 45.0718 0.0235911 0 -3.5 0 -0.511834 -0.41852 0.750245
48.2079 62.6893 50.746 0.75544 0 -1.6 0 0.64368 0.642871 0.415204
21.497 46.2085 44.351 0.303353 0 3.8 0 -0.51407 -0.0509846 0.856232
17.461 47.7892 30.2337 0.660564 0 -4.5 0 -0.538531 0.460606 -0.705568
45.3988 55.8553 57.8075 0.0375773 0 -3.5 0 0.0483064 0.827767 0.558988
29.0683 44.3018 22.1675 0.537322 0.0281639 -3.5 0 -0.827912 0.543257 -0.139408
36.184 30.402 17.2852 -0.146297 0 -3.5 0 -0.471726 0.0664414 -0.879238
45.038 38.549 21.13 0.361603 0 3.8 0 0.870638 0.414944 -0.264217
51.438 35.8348 50.4 1.97375 -0.0642559 -3.65639 0 0.552356 0.153778 -0.819301
34.9793 32.6838 58.2137 2.55472 0.0776875 -3.9 0 0.436979 -0.213122 0.873858
29.2537 54.297 48.028 0.645249 0 -0.7 0 -0.617035 0.635962 0.463487
61.1217 40.8797 20.668 1.25245 0 -4.5 0 -0.520531 0.394533 -0.757226
34.2345 42.6065 54.4135 0.59998 0 -3.5 0 -0.865492 -0.13675 0.481894
49.0135 58.257 55.939 -1.10384 -0.252011 -3.5 0 0.59057 0.788855 0.170102
47.529 47.966 59.874 0.601133 0 -4.5 0 -0.306849 0.089849 0.947508
56.022 43.168 22.58 2.84921 0 -3.9 0 0.952954 -0.137341 -0.270213
19.7765 26.5882 44.7132 -0.342279 0 -3.9 0 -0.484324 -0.832018 0.270511
38.7912 18.022 36.0905 -0.106742 0 -0.7 0 -0.541587 -0.80647 0.237254
49.004 39.228 63.417 0.0765454 -0.264749 1.8 0 -0.0495895 -0.991149 -0.123143
49.9538 15.2148 37.219 -0.658865 0 2.8 0 0.65129 -0.708232 -0.272449
42.094 26.796 21.91 1.25853 0.692565 -3.9 0 0.798982 0.163375 -0.578736
55.9448 55.211 58.961 0.167489 0 1.8 0 0.564258 0.693253 0.448345
31.4055 28.2838 26.4895 -1.08324 -0.245604 -0.4 0 -0.572455 0.00196788 -0.819933
20.2792 33.161 34.6564 0.159943 0.311105 -4.5 0 -0.556975 -0.67405 0.485217
39.1175 20.181 39.295 -0.561373 -0.623662 -0.42298 0 -0.924991 -0.363775 -0.10982
23.191 28.695 42.0595 -0.260703 -0.40136 3.75941 0 0.615991 -0.726509 -0.304533
46.6317 26.8428 28.5955 -1.70046 -0.861124 -4.5 0 0.283917 -0.479827 -0.830155
27.4675 57.8475 27.462 0.62657 0.546496 -0.8 0 -0.180306 0.855702 -0.485039
59.386 37.681 37.682 0.683814 0 -1.6 0 -0.344011 0.18661 0.920235
64.3035 49.9313 37.499 0.401537 0 3.8 0 0.539612 0.711549 -0.450019
56.5933 59.917 40.8983 0.309431 0 3.8 0 -0.333817 0.916457 0.220618
44.3985 51.1232 32.912 0.495152 0 4.2 0 -0.787907 0.365913 0.495288
27.9772 25.7095 40.4393 -0.969831 -0.619541 -4.5 0 -0.810329 0.268419 -0.520882
14.3068 39.505 38.8737 -0.0637398 0 -0.7 0 -0.801937 0.532046 0.271707
41.1115 24.0775 22.5767 2.16813 0.0706214 -3.9 0 0.11771 -0.931154 -0.345104
37.0788 66.5045 39.1587 -1.40756 -0.564358 -3.5 0 -0.22503 0.95069 -0.213424
29.828 30.5925 56.244 -0.57259 0 1.43701 0 -0.158519 -0.826289 0.54048
27.418 24.451 40.209 -1.20935 -0.0642214 -4.5 0 -0.876408 0.0957212 -0.47196
36.697 21.884 27.507 0.219882 0 -4.5 0 0.47964 -0.720775 -0.500429
56.9475 46.2137 25.4118 0.994173 0 3.8 0 0.798897 -0.244557 -0.549505
49.028 46.0062 43.7765 4.04944 0 -0.7 0 -0.835392 0.3205 0.446542
35.9825 52.2385 45.574 6.41481 0.0266137 2.53866 0 0.547838 -0.834715 -0.055897
47.9972 23.983 48.0392 0.0468322 0 -3.86459 0 0.570362 -0.576579 0.585016
39.311 21.6715 34.208 -0.191958 0 -0.7 0 -0.987308 0.0735818 -0.14074
29.2115 27.911 55.6763 -0.383748 0 3.8 0 0.408775 0.0296405 0.912154
63.805 41.366 20.59 0.889794 0 -4.5 0 0.081798 0.916272 -0.392115
28.147 35.1765 21.6645 -0.547825 -0.666408 4.2 0 0.91718 -0.398438 -0.00534384
46.453 30.8783 51.8633 0.0741178 0 -2.86587 0 0.307182 -0.888946 0.339728
38.7175 21.361 35.018 -0.122092 0 -0.7 0 -0.781669 0.584078 -0.218741
54.4627 37.938 33.5202 1.08681 0 1.30083 0 0.489529 -0.094185 -0.866885
21.4175 55.4335 42.2065 0.22598 0 1.70234 0 -0.375683 0.12688 -0.918022
48.647 28.305 24.736 0.349279 0.803892 -4.5 0 0.00997509 -0.982838 -0.184199
28.9385 20.9475 41.212 0.138687 0 -4.5 0 0.296824 -0.454348 -0.839919
37.967 48.1357 57.832 0.387134 0 4.2 0 0.0569003 0.820021 0.569498
29.1222 40.1343 25.888 -0.513414 0 -1.6 0 0.0376673 -0.983648 -0.176118
49.192 56.5915 49.4445 -0.305757 -0.0538589 4.13334 0 0.824338 0.454596 -0.337356
60.602 44.034 27.603 0.781277 0 -1.6 0 0.506562 0.829672 -0.234604
56.142 56.9852 32.2798 0.517155 0 3.8 0 0.7055 0.686551 -0.175834
38.1147 20.4285 34.894 -0.0585114 0 -0.7 0 -0.839749 0.361677 -0.404984
57.546 37.688 33.4775 1.35824 0 -1.6 0 0.0679707 -0.354016 -0.932766
40.465 39.0783 47.7713 3.14955 0 -0.448876 0 0.726352 0.382778 -0.570871
45.2795 25.4272 49.5615 -0.329699 0.391439 -4.04928 0 0.761423 -0.485172 0.429935
44.799 45.813 24.6265 0.987202 0.267873 -3.5 0 -0.0377516 0.992599 -0.115422
26.392 27.8668 52.4795 0.112336 0 2.86339 0 -0.785883 -0.613693 0.0759488
43.3425 12.375 52.515 -1.25207 -0.964398 -4.5 0 0.602314 -0.788378 -0.12521
31.1305 21.8655 51.9557 0.168273 -0.124849 1.8 0 -0.325969 -0.807197 0.492116
64.2972 57.9813 38.3135 0.266405 0 3.8 0 0.602394 0.41441 -0.682192
46.42 20.606 31.344 -0.471645 0 1.9 0 -0.688123 -0.702029 0.183418
37.945 21.991 30.634 0.0649158 0 -4.5 0 0.58952 -0.807137 -0.0315459
56.4292 51.1377 36.9458 1.45878 0 3.8 0 -0.538868 -0.450568 -0.711765
30.8617 59.9552 40.5303 0.52022 0 -3.5 0 -0.624533 0.698725 0.348917
33.961 29.6728 21.1335 -1.36936 -0.785432 -3.5 0 -0.82718 -0.0770038 0.556636
45.399 47.846 42.64 4.09211 0 -1.3 0 -0.0153452 0.376212 0.926407
42.5122 47.6833 60.2113 0.488683 0 -4.5 0 -0.723938 0.420045 0.547244
38.8605 51.359 30.794 2.81317 0.327863 -2.57356 0 -0.136799 0.58737 0.797673
47.882 43.6655 62.5078 -0.469382 -0.0315014 -1.11856 0 -0.0133113 0.906018 0.42303
53.845 16.628 35.475 0.353545 0 -3.9 0 -0.192405 -0.96698 -0.16712
33.8737 44.3317 25.1507 -0.25878 0 3.8 0 0.438052 -0.647241 -0.623851
67.8535 43.134 34.746 0.0167184 0 2.8 0 0.708066 -0.250493 -0.660225
27.2533 32.7105 19.5758 0.0102841 0 4.2 0 0.771293 -0.618216 -0.151382
17.8463 50.548 44.2505 -0.55784 0 -3.5 0 -0.353939 -0.491782 0.795536
25.29 37.7165 25.001 12.45 0 -4.5 0 -0.0899339 0.763462 -0.63956
61.324 37.656 30.8375 4.93162 0 -0.4 0 -0.440628 -0.812684 0.381302
38.601 28.043 24.3945 0.272111 0 -3.9 0 -0.91351 0.102698 -0.393639
34.737 35.3535 19.744 -0.237216 0 1.8 0 -0.65174 -0.74802 0.125306
40.449 14.158 46.349 0.477083 0 -4.5 0 0.793233 -0.499934 -0.347631
57.1795 26.005 24.2375 -0.691776 -0.295563 -3.5 0 0.294303 -0.863817 0.408908
51.5677 38.521 53.9265 0.755056 0 -3.71975 0 0.135166 -0.230899 0.963543
24.7272 28.2205 56.8322 -0.689945 -0.0164565 -3.5 0 -0.491707 -0.860028 -0.136295
47.1334 52.2146 26.1963 -0.374714 -0.449028 -0.8 0 -0.465511 0.70341 -0.537135
58.635 49.0225 37.1215 0.849253 0 3.8 0 -0.697577 -0.0919709 -0.710583
40.7043 44.4178 19.032 1.04954 0 -4.5 0 0.121641 0.822469 -0.555651
55.607 33.4945 26.7975 1.28973 -0.0527753 -0.96293 0 -0.825417 0.461672 0.32488
37.743 54.386 56.1465 0.491449 0 -0.7 0 -0.910091 -0.0699647 0.408459
62.9963 40.3372 19.4565 0.871318 0.704662 -4.5 0 -0.298865 0.180745 -0.937022
16.6647 31.2782 53.8182 1.97312 0.763603 -3.9 0 -0.916554 -0.161248 0.365961
44.431 38.4212 56.1452 0.206224 -0.324556 0.797327 0 0.263701 -0.489411 0.831227
39.407 22.236 37.704 -0.290752 0 4.5 0 -0.917487 0.295791 -0.265943
22.5415 30.4953 58.7555 0.0945576 0.738322 -3.5 0 -0.698075 -0.689568 0.192842
26.371 27.9597 54.0112 0.0356817 0 0.152641 0 -0.810245 -0.57877 -0.092345
46.0145 20.5725 28.6975 -0.573655 0 -3.5 0 -0.773187 -0.626054 0.10118
30.6238 39.6203 60.076 0.0800934 0 -0.7 0 0.262538 0.964896 0.00701263
21.0452 27.9023 47.5848 0.110862 0 -2.36902 0 -0.658574 -0.655441 0.3697
28.3065 35.425 20.6245 -0.193818 0 4.2 0 0.979244 0.104114 -0.173903
27.344 53.952 26.8705 -0.269005 -0.397206 -2.15 0 -0.869769 0.279259 -0.406838
46.83 33.6605 26.973 0.860053 0 2.91567 0 0.85263 0.522393 -0.0113086
40.103 22.7852 54.1835 0.326694 0 -4.5 0 -0.0796728 -0.899988 0.428571
19.747 32.2065 19.084 0.585892 0 -4.5 0 -0.501756 0.145898 -0.852616
15.114 37.1325 34.9375 -0.063938 0 -3.5 0 -0.229878 -0.96497 0.126449
25.536 33.6345 32.4345 -0.143663 -0.0114806 -1.46309 0 -0.0205538 -0.767192 -0.641088
49.408 12.5565 39.2335 -1.10556 -0.250636 -0.4 0 0.11787 -0.7892 -0.602719
43.7567 53.8592 29.0023 -0.0220053 0 -3.5 0 0.723249 0.441886 -0.530705
23.105 19.9468 46.0127 0.554655 0.0278236 -4.5 0 -0.581857 0.391042 0.713112
44.633 31.9935 20.8895 -0.386324 0 -3.5 0 0.907913 0.38792 -0.158783
61.6237 30.1723 38.751 0.593422 0.698283 -4.5 0 0.7702 -0.344937 0.53648
56.3635 26.819 42.2115 0.105858 0 -3.5 0 0.751425 -0.316531 0.578937
46.4105 23.198 27.136 -0.543313 0 -3.5 0 0.0834579 0.824756 -0.559297
45.0165 37.5065 21.1238 0.344247 0 3.8 0 0.881782 -0.155557 -0.445267
65.6285 46.437 44.1797 -0.274253 -0.00399897 -3.5 0 0.358324 0.130704 0.924403
57.198 19.917 40.867 -0.448954 0 -2.34906 0 0.874047 0.0817541 -0.478913
53.4733 44.3065 35.6155 1.68182 0 3.8 0 -0.163372 0.98316 -0.0818946
40.6068 37.0207 12.6455 0.662845 0 -3.9 0 0.843927 0.170813 -0.508537
37.511 55.2095 37.1225 2.36565 -0.0212111 -3.5 0 0.797723 0.210281 -0.565172
23.019 52.4492 33.2905 -0.749256 -0.242096 -3.5 0 0.122971 0.370418 -0.920689
23.611 31.5853 35.9697 -0.60769 0.335778 -3.99017 0 -0.619717 -0.750784 -0.228634
50.0093 57.9378 44.2028 0.801331 -0.0727182 -3.5 0 -0.515948 0.302368 0.801481
58.721 60.9055 42.551 -0.812934 -0.104468 3.8 0 -0.182473 0.946573 0.265899
42.6963 28.7948 23.1173 -0.488097 0 -3.5 0 0.708759 -0.66675 -0.230447
43.821 57.68 40.17 0.0957194 -0.163903 -3.5 0 -0.257236 -0.366695 -0.894072
62.994 58.142 45.412 -0.745685 -0.357596 -0.4 0 0.714547 0.35324 0.603858
58.9562 23.7348 38.2445 0.185254 0 1.8 0 0.951036 0.262074 -0.163856
43.0695 55.5163 28.7415 -0.736852 -0.228695 -3.5 0 0.550364 0.589027 -0.591732
50.2525 50.5785 65.8838 0.751445 0.64006 -4.5 0 -0.681882 0.473817 0.557256
53.5445 54.939 59.072 0.0555972 -0.148098 1.8 0 -0.106277 0.876963 0.468659
35.121 58.4702 29.8678 0.503712 0 4.2 0 0.556 0.597178 0.578137
35.023 42.466 57.685 0.0560387 0 -3.5 0 -0.52857 0.546337 0.649715
56.1092 52.6077 56.8058 0.74722 0.351625 1.8 0 0.754313 -0.228277 -0.61555
18.4015 29.737 52.0945 0.91431 0.37069 -0.8 0 -0.847789 -0.529951 0.0201574
50.7265 52.384 21.7922 0.375459 0 3.8 0 -0.114411 -0.163731 -0.979848
53.8115 50.4275 45.7752 3.49484 0 -4.5 0 -0.529112 -0.563201 -0.634701
54.059 25.6 48.009 -0.0671349 -0.504471 -3.5 0 0.248439 -0.952076 -0.178411
53.883 50.3185 32.7455 1.3526 0 2.30013 0 0.761505 -0.577093 0.295083
14.8 41.312 49.584 0.260519 0 -3.73529 0 -0.216159 -0.976281 -0.0123187
56.201 44.4885 64.3535 0.394388 0.343156 -3.5 0 0.333349 0.0300653 0.942324
17.727 43.362 45.1125 0.9969 0 -0.35874 0 0.460617 0.74059 0.489242
38.807 28.044 23.28 0.20641 0 -3.9 0 -0.993279 0.0116761 -0.115155
56.876 46.8988 24.6812 0.6325 0 3.8 0 0.689612 -0.355238 -0.631063
47.4805 18.6133 24.901 -1.25153 -0.283723 -3.5 0 -0.455835 -0.858399 -0.235298
40.0088 32.9555 55.7152 -0.0353026 0 -3.5 0 -0.697864 -0.0104889 0.716153
47.0005 54.0735 34.6685 0.880522 0 -3.86279 0 -0.888303 0.458972 -0.0161978
36.8 52.2385 46.391 6.47528 0.167094 -0.263731 0 0.0591813 -0.787624 -0.613307
45.997 63.8988 49.5615 -0.214251 0 -1.6 0 0.3115 0.937917 0.152579
49.7902 41.4798 23.6465 0.527049 0 -3.9 0 -0.516151 -0.0294755 -0.85599
46.1857 14.2915 34.7835 -0.124914 0 -0.4 0 -0.471873 -0.785196 -0.401003
68.467 40.2552 41.4753 -1.76577 0 -3.5 0 0.848692 0.33669 -0.407874
16.5898 40.599 26.468 -0.933489 -0.633935 -0.4 0 -0.810673 0.561622 -0.165499
62.987 58.5662 44.3208 -0.613621 -0.178853 -0.4 0 0.793074 0.554403 0.252331
65.607 42.931 33.7995 0.346325 0 1.87261 0 0.242161 -0.140307 -0.960038
23.693 28.2685 59.0815 -1.10012 -0.370333 -3.5 0 -0.682455 -0.563577 0.465441
16.762 39.3015 25.412 -0.700801 -0.0949297 -0.4 0 -0.760608 -0.210094 -0.614277
49.8555 43.4893 63.4437 1.03133 0 -0.221286 0 -0.167185 0.96751 0.189665
15.504 43.5275 32.0325 -1.31925 -0.767942 -3.5 0 -0.665725 0.0240907 -0.745808
25.576 61.4717 41.4398 0.948557 0.471109 -0.7 0 0.111766 0.436365 -0.892801
26.128 36.8177 17.9727 0.214754 0 4.2 0 0.275127 0.363036 -0.89023
31.4287 38.5425 61.933 0.128957 0 -0.7 0 0.6111 0.23761 0.755049
15.738 48.6432 31.7617 0.23764 0 -4.5 0 -0.704263 0.562526 -0.433103
24.917 38.6265 26.0928 -12.6938 0 -4.5 0 -0.142662 0.402511 -0.90423
26.924 39.0515 53.1285 -0.480956 0 -3.5 0 -0.245315 0.546664 0.800611
25.4072 20.9408 47.11 0.261216 -0.152197 -3.75082 0 -0.999633 -0.0172867 0.0208637
59.372 52.4095 29.9395 0.536691 0 2.8 0 0.959507 0.112787 0.258119
15.4495 40.095 43.2275 0.136009 0 -0.985193 0 -0.902773 0.275154 -0.330593
62.223 57.325 37.7588 0.362387 0 3.8 0 -0.44686 -0.00219729 -0.894601
55.2962 57.3203 45.7533 0.289092 0 -3.5 0 0.606469 0.31161 0.731502
56.1105 22.2243 42.2622 -0.338257 0 2.79979 0 0.885137 0.447729 -0.126774
27.195 62.7692 44.8322 0.340806 0 -0.7 0 0.571882 0.792517 0.211822
44.3532 49.4275 59.3895 0.870387 0 -4.5 0 -0.605071 0.660041 0.445236
14.0755 32.459 45.867 -1.69908 -0.0243148 -3.5 0 -0.98396 -0.0322865 -0.175443
50.813 14.516 38.949 0.564295 0 -0.4 0 0.538236 -0.211705 -0.815771
45.1753 45.3306 47.1594 4.24249 -0.116819 -0.8 0 -0.309228 0.433205 -0.846588
48.073 19.2095 24.004 -1.25609 -0.558421 -3.5 0 0.0959091 -0.418122 -0.903314
57.046 25.8125 23.146 -0.966079 -0.27567 -3.5 0 -0.00760185 -0.976108 -0.217151
19.832 48.0025 51.331 -0.997569 -0.550568 -3.5 0 -0.0132027 0.987269 0.158509
42.513 12.7225 54.287 -1.32755 -0.893506 -4.5 0 0.17172 -0.411422 0.895123
37.551 65.8395 37.994 -0.877993 -0.106086 -3.5 0 0.113313 0.552172 -0.825994
42.749 54.2465 32.765 -1.13851 -0.490975 -3.5 0 0.0461537 0.498621 0.86559
59.441 50.8975 56.002 -1.3736 -0.454965 -3.5 0 0.172231 0.956395 0.235891
40.5788 43.1125 16.6178 0.774406 0 -3.9 0 -0.252132 0.322676 -0.91231
38.738 22.6485 38.509 -0.227654 0 4.5 0 -0.726822 -0.0556989 -0.684563
54.056 32.1035 26.422 0.30148 -0.144334 1.73184 0 -0.932351 0.360602 0.0262194
26.703 63.129 43.956 0.314009 0 -0.7 0 0.128864 0.961924 -0.241031
63.9017 60.334 40.2655 0.213751 0 3.8 0 0.341835 0.859975 -0.378935
41.805 43.402 47.7075 5.05091 0 -0.7 0 0.225682 -0.681003 -0.696637
35.7545 30.377 31.0205 -0.577984 0 2.8 0 -0.588433 0.350425 -0.728663
31.4188 40.921 15.065 -0.0162264 0 -3.5 0 -0.678317 -0.0333362 -0.734013
30.207 51.1258 21.1796 1.78774 0 -4.5 0 0.35683 0.913119 -0.197196
61.8895 30.84 36.751 0.180649 0 -4.5 0 0.997977 0.0252032 -0.0583636
34.7433 23.9182 35.349 -0.0338409 0 4.2 0 -0.502134 -0.83013 0.242376
25.5555 37.5215 18.6645 0.325123 0 4.2 0 -0.0491782 0.840858 -0.539017
23.254 53.638 44.8727 -0.140989 0 -0.8 0 -0.722774 -0.429105 0.541725
52.7887 34.5522 53.6787 0.433818 0 -4.18333 0 0.0190456 0.125696 0.991886
27.4312 18.3705 46.2812 0.300962 0 -3.5 0 0.424025 -0.843164 0.33057
52.8625 47.5525 47.3768 2.8727 0 2.88203 0 0.0942339 0.33124 -0.938829
35.0125 27.852 18.03 -1.3388 0 -3.5 0 -0.374333 -0.554561 -0.743194
60.508 49.9795 56.467 -1.02885 -0.547334 -3.5 0 0.708464 0.40154 0.580383
18.7955 31.5287 27.2265 0.43891 0 -4.5 0 -0.735866 -0.480291 0.477306
50.2185 20.581 29.7432 1.08354 0 -0.529655 0 0.551748 -0.653607 -0.518047
18.8765 30.351 20.7165 0.49713 0 -4.5 0 -0.368518 -0.658355 -0.656326
27.4338 26.974 56.161 -0.17895 0 -0.104477 0 -0.246595 -0.81105 0.530461
59.2238 50.6885 54.973 -1.3967 -0.887284 -3.5 0 0.188961 0.877691 -0.4404
46.82 15.5705 55.0715 0.428747 0.615563 -4.5 0 0.50481 0.0294132 0.862729
12.7665 42.0455 34.1292 0.286821 0 -3.5 0 0.0944381 0.976087 -0.195793
57.7535 32.346 31.6065 0.903769 0 2.8 0 0.726403 0.643566 0.241169
15.3778 43.0392 37.4668 -0.025747 0 -3.9 0 -0.883674 -0.121169 -0.452148
47.0988 61.127 45.6285 0.802097 0 -4.31397 0 0.982419 -0.0704985 -0.172867
30.304 47.66 53.16 1.72634 0 -4.5 0 -0.515706 0.572661 0.637265
49.909 33.066 54.06 0.570997 0.628724 -4.5 0 -0.102038 0.657062 0.746898
62.5682 38.8315 25.1485 0.796976 0.0285625 -4.5 0 0.75464 -0.421643 0.502728
64.8755 59.6465 41.6357 0.163645 0 3.8 0 0.662693 0.664532 0.345303
16.001 41.8115 53.0575 0.353054 0 1.8 0 -0.502712 0.715343 0.485351
42.1565 53.439 32.773 -1.43237 0 -3.5 0 -0.426594 -0.132417 0.894697
44.7625 44.9642 16.3307 2.84994 0.0853322 -3.9 0 0.335103 0.701364 -0.629122
47.7585 49.6792 40.0645 4.64502 0.528631 -1.3 0 0.635484 0.756678 -0.153621
57.4658 30.8748 43.4193 -1.32806 -0.330038 -3.5 0 0.344563 -0.0248055 0.938436
40.8428 62.0545 44.9253 0.529859 0 -1.6 0 -0.0831353 0.455561 -0.886314
57.738 60.2805 42.2453 -0.766831 -0.869203 3.8 0 -0.369602 0.895752 0.247028
41.816 64.281 49.19 0.393649 0 -1.6 0 0.424149 0.491476 0.760624
40.131 47.003 19.698 0.520683 0 -4.5 0 0.756063 0.435416 -0.488654
39.465 51.89 23.934 0.562531 0 -4.5 0 0.646543 0.124373 -0.752671
55.4948 54.24 56.0672 0.321784 0 1.8 0 0.49072 0.260186 -0.831563
39.831 37.1345 11.945 0.662974 0 -3.9 0 0.31114 0.141411 -0.939785
53.9712 14.503 39.2812 -0.999729 -0.423626 -3.9 0 0.196074 -0.837713 -0.509698
42.0513 46.2593 22.3545 0.558997 -0.0790055 -4.00742 0 0.351037 0.889559 -0.292332
45.2125 47.733 47.826 4.88829 0.634467 -2.64873 0 0.00443342 -0.301209 -0.953548
26.5315 27.2083 59.4603 -1.78753 -0.0385708 -3.5 0 -0.0247634 -0.932573 0.360132
40.4992 38.437 14.6735 0.932696 0 -3.9 0 0.747765 0.636703 -0.188299
25.2978 49.7535 49.9635 0.511892 0 -0.4 0 -0.952408 0.301108 0.047462
19.4757 33.7697 34.6367 -0.512137 0.0903287 -4.04764 0 -0.196175 -0.753535 0.627456
47.6495 49.606 60.3115 0.580593 0 -4.5 0 -0.527681 -0.486463 0.696352
21.3902 30.5595 19.5085 1.01968 0 -4.5 0 0.193695 -0.668567 -0.717984
57.6955 46.9095 26.708 1.15223 0 3.8 0 0.990965 0.0956549 -0.0940092
49.5667 52.3882 22.1752 0.377735 0 3.8 0 -0.563723 -0.066267 -0.823301
17.4795 48.0853 35.0035 -0.50399 -0.340302 -3.9414 0 -0.85662 -0.466893 0.219576
51.0698 39.656 61.5768 -0.708077 -0.358746 0.617393 0 0.338935 -0.759572 -0.555133
12.0863 43.331 47.4995 1.48336 0.749266 -4.5 0 -0.994475 0.0125883 -0.104215
51.3069 40.1266 55.0089 0.367986 0 -1.6 0 0.540455 -0.483258 0.688745
26.5005 22.9102 51.7728 0.706964 0.877036 -3.5 0 -0.661744 0.140898 0.736371
35.3963 26.1917 40.3708 0.167017 -0.517046 -1.18163 0 -0.300877 -0.729977 0.613683
51.5962 29.753 26.2868 1.0808 0.91223 -3.5 0 -0.167188 0.642668 -0.747681
45.446 30.2237 23.749 -0.0988459 0 -4.5 0 0.0723959 -0.823356 -0.562888
17.2085 33.242 34.3065 -1.52943 -0.181202 -3.5 0 -0.512317 -0.748361 0.421293
18.5415 27.808 42.9113 -0.368929 -0.51685 -3.70014 0 -0.466682 -0.747658 -0.472457
39.369 56.6987 26.1698 0.989029 0.741871 -4.5 0 0.234474 0.708269 -0.665866
52.7925 14.3608 39.3855 -0.0367066 -0.385334 -2.12052 0 0.237419 -0.55878 -0.794605
67.023 52.8745 40.14 0.670071 0.0233231 -0.7 0 0.965789 0.18106 -0.185659
18.39 40.9505 25.879 -0.249459 -0.12208 1.0382 0 -0.268051 0.838374 -0.474634
48.0155 27.5863 51.4875 -1.29036 0 -3.5 0 -0.554749 -0.200389 0.807526
26.2512 29.1623 38.9642 -0.948862 -0.0257123 -2.91371 0 -0.0701462 -0.978295 -0.194983
54.5565 41.744 27.081 1.08005 0 3.8 0 0.446257 -0.894679 -0.0200976
64.001 36.384 36.335 1.17497 0.144374 -3.5 0 0.80585 -0.591618 -0.0243713
38.6203 43.3138 58.7682 0.436472 0 -0.8 0 -0.671896 -0.115256 0.731623
11.8783 38.7072 36.159 -0.526647 0 -3.5 0 -0.721182 -0.691681 0.0383956
17.2113 37.405 37.3167 0.251285 0 -1.25517 0 -0.53184 -0.845929 0.0393731
54.923 33.628 25.9775 1.08864 0 -4.5 0 -0.738678 0.432936 0.516644
41.4755 49.1065 41.1162 5.14803 0 -2.18827 0 0.31608 0.00165689 0.948731
60.299 39.826 41.854 0.522142 0 1.8 0 0.0452498 -0.972393 0.228919
46.203 25.585 49.162 -0.0741036 0 -3.5 0 0.110626 -0.663959 0.73954
60.2257 32.2855 27.7265 0.625584 0 -4.5 0 0.644989 -0.119736 0.754754
31.3385 54.7145 49.3005 0.803151 0 -0.7 0 0.215911 0.950175 -0.224832
35.9785 24.7087 43.2318 -0.510455 -0.29742 -0.857259 0 -0.605998 0.297679 -0.737668
20.3962 28.5225 48.0723 -0.967273 0 -0.8 0 -0.51505 -0.83669 0.186208
68.699 38.695 41.338 -0.473308 -0.371092 -3.5 0 0.994903 -0.036302 0.094076
41.392 15.5665 47.197 0.116381 -0.823472 1.4706 0 0.611526 -0.669488 -0.421689
17.1238 52.7038 38.5285 -0.240106 0 -3.5 0 -0.71375 0.62004 0.325747
39.2427 44.6642 46.4735 4.98634 -0.0615608 -3.5 0 0.597923 0.19093 -0.778482
23.718 31.715 60.958 -1.07963 -0 -3.5 0 0.243692 -0.78317 0.572066
49.6355 38.7122 48.211 3.43513 0 -0.4 0 0.904376 0.134952 -0.404836
54.828 48.013 39.245 2.32191 0 1.9 0 -0.808451 0.498308 -0.313204
47.152 40.176 24.906 0.670474 0 -1.6794 0 0.186041 -0.246509 -0.951116
31.664 57.463 30.1925 0.542598 0 4.2 0 -0.459859 0.874835 -0.152291
57.6143 57.5935 36.4613 0.454849 0 3.8 0 0.457406 0.470722 -0.754453
50.6878 17.578 46.4967 0.132783 0 -3.5 0 -0.0663106 -0.527442 0.846999
19.1955 34.2907 30.2447 -0.244404 0 -3.5 0 -0.273917 -0.88477 -0.377031
24.1458 47.0785 55.443 0.0260197 0 -0.8 0 -0.307742 0.240162 0.920661
15.1818 40.1092 52.712 0.371248 0 1.8 0 -0.966314 -0.243765 0.0825593
17.8958 40.877 29.6548 -0.107554 -0.304993 -1.9288 0 -0.349257 0.914007 -0.206424
31.6835 26.8875 32.951 0.770749 0.222707 -0.4 0 -0.680075 -0.721317 0.131152
20.665 29.4425 22.4252 0.909289 0.762841 -4.5 0 0.409164 -0.830313 0.378372
60.3035 31.0093 27.3512 -0.517991 -0.0632939 -4.5 0 0.762522 -0.500188 0.410331
57.082 15.9983 41.3392 -0.00620611 0 -3.5 0 0.772544 -0.555677 -0.307244
47.027 29.6418 50.76 0.445389 -0.137604 -2.09294 0 -0.280699 -0.274484 0.91971
34.614 38.9115 27.504 -0.731067 0 3.58492 0 -0.288672 0.042402 -0.956489
50.9393 54.492 27.7628 0.799792 0 -4.5 0 -0.740602 0.30913 -0.596613
22.3267 39.3143 20.6112 2.43434 0 -4.5 0 0.896591 0.415674 -0.152775
27.141 36.786 24.4685 -0.679003 -0.321225 3.56113 0 0.413924 0.393221 0.821002
53.193 56.876 36.374 0.446226 0 3.8 0 0.0317278 0.986926 -0.158018
31.4205 57.8405 31.2017 0.00445875 0 1.17059 0 -0.444006 0.568834 -0.692305
68.026 42.3715 44.508 -0.601151 -0.746782 -3.5 0 0.252823 0.466384 0.847683
38.5225 47.8097 16.8458 -0.670776 -0.265421 1.8 0 0.418956 -0.0425989 -0.907007
56.899 43.3135 48.824 0.271845 0 -3.5 0 0.882055 0.446497 -0.150396
33.1688 25.8972 31.194 0.573433 0.323089 -0.174669 0 -0.480936 -0.826976 0.291223
58.469 49.2223 49.5718 0.421215 0 -1.6 0 0.53749 0.493197 -0.684003
58.44 23.6375 36.991 0.117016 0 1.8 0 0.679013 -0.00944023 -0.734065
37.2842 27.4405 53.987 0.173908 0 -4.5 0 0.020399 -0.45059 0.892498
35.7518 39.4022 25.9487 -0.55793 0 0.173525 0 -0.98252 -0.142191 -0.120154
19.466 37.6367 15.089 0.744066 0.709331 -4.5 0 -0.255877 -0.39706 -0.881402
44.8225 53.5785 41.0455 0.968836 -0.0119998 -1.3 0 0.128414 -0.35894 -0.924485
46.56 48.6035 42.149 3.47282 -0.00836282 -1.3 0 0.170595 0.448225 0.877492
37.7547 23.1745 39.3312 -0.198599 0 4.5 0 -0.597512 -0.342708 -0.724935
32.4507 40.674 25.276 -1.01335 0 3.8 0 0.306705 -0.69563 -0.649639
19.9485 57.467 43.2235 0.346695 0 4.2 0 -0.172523 0.575351 -0.799504
23.4853 43.1048 25.1003 0.403802 0 -1.6 0 -0.700992 0.0529803 -0.711198
36.1693 57.4702 49.8117 0.254899 -0.0113827 -3.5 0 -0.471553 0.0236433 0.881521
55.561 48.39 29.903 0.894436 -0.0075737 3.29399 0 0.246644 -0.347011 0.904848
33.1772 58.3433 42.2842 0.963559 0 -3.5 0 -0.216316 0.420889 0.880943
36.43 44.5508 44.5612 6.05654 0.209133 -3.5 0 0.49143 0.577939 -0.651524
35.4647 55.2355 49.7093 0.554299 0.209303 -3.5 0 -0.178298 0.482129 0.857766
55.5415 50.6198 55.538 0.317652 0.258457 0.967486 0 0.203344 0.839576 -0.503749
18.1467 35.738 39.9315 -0.190792 0 1.55008 0 -0.720917 -0.555856 -0.413888
16.649 32.766 22.2685 0.673421 0.386614 -4.5 0 -0.95744 0.285798 0.0403553
33.446 59.232 28.649 0.444572 0 4.2 0 -0.193593 0.972971 -0.125898
28.9557 44.6162 23.1998 0.435618 0 3.8 0 -0.713623 0.536268 -0.450731
35.3965 26.9335 25.31 0.669707 0.843226 -4.5 0 0.238009 0.337512 -0.910734
54.0542 51.996 60.3825 0.0881712 0 1.8 0 -0.022323 -0.120278 0.992489
49.909 38.908 62.375 -1.1669 -0.0665127 1.8 0 0.179939 -0.983463 0.0205355
50.9622 25.6908 51.6665 -1.52664 -0.446904 -3.5 0 0.493841 -0.770466 0.403117
61.695 39.409 42.389 0.412612 0 1.8 0 -0.110483 -0.971581 0.209341
32.225 53.6538 45.1035 1.01152 -0.675755 -0.7 0 -0.494315 0.859404 0.130682
30.9823 54.717 52.1838 1.00131 0 1.8 0 0.911131 0.399442 0.101424
69.1807 44.9748 35.0218 0.0585771 0 2.8 0 0.863005 -0.259295 -0.433576
27.5595 27.686 59.0875 -1.59508 -0.534583 -3.5 0 0.746036 -0.663368 0.0580803
18.4258 31.2908 39.4533 -1.14133 -0.326956 3.8 0 -0.868993 -0.0497864 -0.492313
56.2803 31.1935 45.2062 0.0742646 0 -0.8 0 0.795476 -0.365485 0.483361
40.6932 55.6188 37.8343 1.61914 0.0307621 -3.5 0 0.124192 0.0919237 -0.987991
57.1662 37.714 39.4118 0.87966 0 4.2 0 0.97197 0.198486 0.126007
36.313 65.7247 38.5983 -1.0473 0 -3.5 0 -0.496129 0.526137 -0.690678
18.1915 43.0592 31.7645 -0.852622 0 -3.5 0 -0.325394 0.0523846 -0.944126
55.486 14.701 42.713 -0.895915 -0.376903 -3.5 0 0.455057 -0.876639 -0.156291
49.918 37.5805 48.3918 2.69768 -0.221951 -0.4 0 0.898765 0.414555 -0.14271
62.3177 37.2822 30.5257 5.41068 0.04952 -0.619913 0 -0.00757308 -0.998845 0.0474504
61.8885 37.7217 25.6155 -0.859656 -0.155289 -4.5 0 0.792196 -0.607699 0.0559316
37.4125 17.4145 42.8455 -0.266899 0 -4.5 0 -0.577053 -0.0545479 -0.814883
62.8713 49.9378 36.951 0.553652 0 3.8 0 0.21418 0.96002 -0.180245
45.3365 44.173 16.0545 1.60068 0.739952 -3.9 0 0.685911 0.120855 -0.717579
48.8785 61.044 51.8025 0.281122 0 -1.6 0 0.723795 0.242038 0.646172
34.737 25.2547 36.986 0.30161 0 4.2 0 -0.409535 -0.860449 0.303164
48.003 44.6912 61.0275 0.0415389 0 1.10814 0 0.0923431 0.513115 0.853338
44.813 29.7615 24.9058 0.0940693 0 -4.5 0 0.158295 -0.900633 -0.404725
19.8475 31.8072 28.2178 0.408451 0 -4.5 0 -0.41644 -0.473327 0.776234
30.2533 59.4902 31.8172 0.622671 0 -1.6 0 -0.352874 0.129538 -0.926661
55.253 26.027 45.3745 0.11667 0 3.07425 0 0.975814 0.168644 0.139094
37.4215 51.6867 34.7967 2.73862 0 -3.9 0 -0.0660086 0.821513 -0.566357
68.5033 46.703 33.9697 0.113428 0 2.8 0 0.68095 0.121023 -0.72226
34.104 21.7593 52.3325 0.254637 0 1.8 0 0.581339 -0.792391 0.184827
37.6155 38.995 56.96 -0.44197 0 -3.478 0 0.274049 -0.211067 0.938269
13.154 37.7995 40.7718 -0.0157779 0 -0.7 0 -0.986178 0.029497 -0.163045
25.1833 43.0843 23.3277 0.462122 0 -1.6 0 -0.472946 0.106914 -0.874581
61.0165 49.441 45.4575 0.161449 0 -1.6 0 0.129159 -0.0879613 0.987715
40.716 20.8862 48.798 2.62764 0 -3.79827 0 -0.880605 0.350101 0.319318
61.6423 40.389 44.087 0.259111 0 1.8 0 0.349735 -0.724066 0.594486
37.223 30.7437 17.0968 -0.0589069 0 -3.5 0 0.215349 0.203674 -0.955061
64.3637 55.5245 41.5735 -0.0729465 0 3.16967 0 0.512742 0.418833 0.749449
30.3668 28.9915 34.662 -0.0840418 0 3.8 0 -0.802843 -0.592855 0.0629727
49.5875 30.659 55.295 -1.75992 -0.46495 -3.5 0 0.874199 -0.249819 0.416372
15.4215 32.605 51.4675 0.559897 0 -4.5 0 -0.701658 -0.677554 0.220447
57.6725 28.06 22.3455 -0.00572183 0 -3.5 0 0.842734 0.0594347 -0.535039
64.831 57.374 40.7095 0.162858 0 3.8 0 0.89567 -0.323993 0.304636
62.3382 42.4915 22.2125 0.748938 0 -4.5 0 0.207529 0.970653 -0.121508
55.4305 26.862 50.5378 -0.585828 -0.768051 -3.5 0 0.791938 -0.180032 0.583458
11.7625 40.5028 36.8628 -0.424435 -0.766409 -3.5 0 -0.742935 0.223231 0.631043
58.4185 33.8805 35.649 0.581766 -0.450327 -3.60556 0 0.186131 0.423772 -0.886438
56.6315 50.2622 37.7603 1.62978 0 3.8 0 -0.629677 -0.502383 -0.592553
43.6403 44.687 19.6898 1.1253 0 -3.76263 0 0.145801 0.971398 0.187426
18.8 27.1085 45.0197 0.0115794 -0.0919226 -3.75947 0 -0.386143 -0.879822 0.277141
55.4342 28.2603 20.5187 0.503749 0.230663 -3.5 0 -0.372766 0.120044 -0.920128
56.793 34.7723 28.9947 1.60022 0.932746 2.77663 0 -0.416251 0.257032 0.872164
24.428 19.7812 42.9227 0.543312 0 -4.5 0 -0.617688 -0.202483 -0.759909
56.3363 38.095 53.5843 0.656922 0 -3.9 0 0.587169 0.0350967 0.808703
43.993 41.605 20.122 0.412956 0 -3.9 0 0.879672 -0.473352 -0.045993
28.2253 51.989 21.9897 -2.03704 0 -4.5 0 0.298928 0.95185 -0.0680016
55.9692 25.4993 34.145 -0.175044 0 -3.65136 0 0.763279 -0.629792 -0.144105
29.5152 25.9895 38.5283 0.0794762 0 -1.6 0 -0.721475 -0.341607 -0.602311
47.2585 55.7938 39.7337 1.28805 0 -3.5 0 -0.575876 -0.752337 -0.31993
47.8452 33.9577 54.4417 0.608401 0.135468 -3.5 0 0.598816 0.571942 0.560626
41.6855 51.9972 27.295 0.572614 0 -3.56445 0 0.368328 0.392819 -0.842632
53.206 52.2088 44.169 3.69876 0.533448 -4.37017 0 -0.349898 -0.805912 -0.477574
26.6588 37.1888 18.7685 0.133065 0 4.2 0 0.615647 0.614805 -0.492943
54.4305 14.4085 43.6045 -1.22335 -0.250485 -3.5 0 0.0559855 -0.965879 0.252872
39.8605 19.2725 33.5578 0.157942 0 -0.7 0 -0.120771 -0.460997 -0.879145
57.713 39.714 52.772 0.583606 0.112391 -3.5 0 0.216799 -0.19573 0.956393
20.4993 44.353 45.5558 0.230514 0 3.8 0 -0.5742 0.752649 0.322201
42.509 48.665 45.729 4.64032 0 -3.5 0 0.0888596 -0.310982 -0.946253
22.272 59.708 45.1515 -1.00156 -0.565074 -0.7 0 -0.427579 0.612655 0.664703
53.521 16.996 34.385 1.37387 0 -3.9 0 -0.363316 -0.928731 -0.0738897
55.3045 37.4688 33.807 1.41584 0.182594 -0.996176 0 0.240313 0.0910712 -0.966414
24.2675 24.172 50.8255 2.85839 0 -3.9 0 -0.263674 -0.195123 0.944671
42.7747 62.8262 44.3078 0.748172 0.0917052 -4.5 0 -0.497766 0.620926 -0.605541
57.274 47.887 59.2355 -0.126476 0 -3.5 0 0.810487 0.517455 0.274501
34.3052 28.2025 18.9395 -1.87059 -0.478627 -3.5 0 -0.964177 -0.189235 -0.185884
54.3537 25.4482 49.9183 -0.613484 0 -3.5 0 -0.0339063 -0.895355 0.444061
68.36 39.6065 33.638 -0.927695 -0.00978056 -3.5 0 0.713757 0.542825 -0.442597
46.6505 53.175 43.062 3.1361 -0.760958 -1.14572 0 0.61534 -0.638406 -0.462379
58.913 45.361 52.9395 0.0439594 -0.100851 -1.6512 0 0.933374 -0.166067 -0.318174
56.62 28.62 42.637 -0.329018 0 -3.5 0 0.345901 -0.460645 0.81741
54.9805 33.2868 31.8815 1.5174 0 1.12041 0 -0.0878509 0.805601 -0.585909
48.806 15.501 51.93 0.285379 0 -4.5 0 0.906524 0.418244 -0.057332
46.0915 19.7305 27.925 -0.291711 0 -3.5 0 -0.841088 -0.533234 0.0907336
19.536 46.8073 28.568 0.452908 0 -4.5 0 -0.199145 0.168036 -0.965456
43.0565 45.7062 17.3797 1.6543 0.709922 -3.9 0 -0.426631 0.894019 -0.136809
25.773 18.7045 47.8875 0.241517 0 -3.5 0 -0.43555 -0.719951 0.54034
68.2555 37.3452 33.956 -1.0001 -0.0709901 -3.5 0 0.45815 -0.874981 -0.15655
34.9895 35.4905 20.872 -0.553129 0 1.8 0 -0.845431 -0.485554 0.222449
36.0085 50.455 46.6955 6.43328 0 -0.8 0 0.689262 0.0135846 -0.724385
52.198 56.672 35.5908 1.22659 0 1.72065 0 0.249912 0.965785 -0.0693064
22.158 27.058 42.9735 -0.0665557 0 -3.9 0 0.181063 -0.684614 -0.70606
35.6915 21.8622 27.3207 0.888542 0 -4.5 0 -0.0482731 -0.733255 -0.678238
28.8355 35.6635 22.6532 -1.45662 -0.694369 4.2 0 0.926691 -0.37321 -0.044241
25.683 27.314 43.182 -0.0990578 0 4.2 0 -0.695628 -0.153349 -0.701844
44.3315 43.2163 62.6455 -0.693281 0 -4.5 0 -0.62715 -0.186039 0.756354
62.5495 37.6365 29.4002 4.06826 0 -0.4 0 0.501685 -0.671686 -0.545115
16.814 34.3665 34.509 -1.51074 -0.43631 -3.5 0 -0.697802 -0.196833 0.688716
44.2147 64.6127 48.795 -0.935564 -0.293241 -4.5 0 -0.211795 0.789564 0.575961
39.125 57.521 38.572 0.967028 0 -3.5 0 0.103413 0.507391 -0.855488
48.89 23.6275 26.9985 -0.339189 -0.00869816 -0.823841 0 -0.472598 0.757656 -0.450121
25.397 47.8722 21.2073 0.611553 0 -4.5 0 -0.470559 -0.74703 -0.469596
40.9688 27.0382 58.1353 0.271171 0 -3.5 0 -0.684219 -0.486901 0.542929
32.1273 35.092 26.2065 -2.89165 -0.740862 -3.5 0 -0.897409 -0.310619 -0.313326
26.579 31.966 20.2235 0.0205249 0 4.2 0 0.267765 -0.953368 0.139252
43.0923 26.9865 57.8348 0.361468 0 -3.5 0 0.804459 -0.48118 0.348299
47.995 60.353 43.1825 0.59401 0.0259476 -4.5 0 0.631961 0.28085 0.722322
48.3375 24.487 46.2835 0.777742 0 3.8 0 0.743958 -0.223726 0.629662
43.8503 61.3625 38.9622 1.01374 0 -4.5 0 -0.5964 0.5724 -0.562731
42.532 50.0127 57.3717 0.31461 0 -4.5 0 -0.639367 0.284464 0.714346
57.9105 18.6607 46.781 -1.12051 -0.23888 -3.5 0 0.538106 -0.212223 0.815723
25.0775 30.0208 34.374 -1.60301 -0.283401 -3.5 0 -0.358579 -0.550483 -0.753916
47.501 19.534 49.2873 0.159904 0 -4.5 0 0.556646 0.301732 0.774017
17.9565 52.9663 46.647 -0.953868 -0.10379 4.2 0 -0.632029 -0.500791 0.591394
53.327 41.6535 60.299 -0.506535 -0.00176462 -0.4 0 0.180128 -0.730031 -0.659249
29.0575 55.7998 30.842 1.04287 0.859275 -0.8 0 -0.687768 0.644858 0.333367
19.0855 32.2472 19.8765 0.904207 0 -4.5 0 -0.566418 -0.0785576 -0.820366
24.468 58.9955 31.856 1.52912 0.723549 -3.9 0 0.227947 0.69731 -0.679558
44.818 27.0045 27.1665 -0.240266 0 -4.5 0 0.190271 -0.524024 -0.830178
44.5245 36.433 20.895 0.279291 0 3.8 0 0.737604 -0.45174 -0.501869
33.9458 36.047 58.686 -0.951713 -0.219833 3.8 0 0.692877 0.0227293 0.720698
27.3965 23.366 40.526 -0.381178 0 -4.5 0 -0.786994 -0.0559475 -0.614418
33.0535 53.9393 45.824 0.87448 -0.741858 -0.7 0 -0.348229 0.911785 0.21768
47.5635 24.4775 28.8925 -0.832173 -0.442145 -0.8 0 -0.211812 0.585178 -0.782753
58.453 21.0942 43.4335 -1.1949 -0.106507 -3.5 0 0.816397 0.51988 -0.251437
39.3755 33.4263 54.7573 -1.05191 -0.434651 0.959908 0 -0.669679 -0.191081 0.717648
46.561 24.4618 28.767 -0.406648 -0.313982 -2.14762 0 0.374438 0.431338 -0.820819
32.8075 36.173 25.3185 -1.84934 -0.0782921 -3.5 0 -0.52694 0.360132 -0.769831
35.6075 57.3638 34.7477 1.09961 0 -0.8 0 0.554672 0.672635 -0.489797
47.8037 13.8228 38.244 0.0297598 -0.327871 -0.4 0 -0.280789 -0.894577 -0.347691
63.928 49.4645 36.4705 0.500753 0 3.8 0 0.528834 0.777565 -0.340187
41.8165 54.389 32.2055 -2.49446 -0.120757 -3.5 0 -0.496668 0.517413 0.696853
57.0628 40.259 33.2438 1.53807 0 -1.6 0 -0.13124 -0.533158 -0.835774
27.217 17.577 43.682 0.846246 0.507972 -4.5 0 0.438865 -0.696813 -0.567317
24.8463 48.9095 20.807 0.451041 0 -4.5 0 -0.756538 -0.256763 -0.601434
58.731 44.846 26.0895 -0.30121 -0.0440765 3.8 0 0.512008 0.585215 -0.628785
29.6175 51.2215 22.7235 -1.46139 -0.0273687 -4.43781 0 0.372386 0.913574 -0.163437
45.954 61.2533 36.0695 0.433906 0 -4.5 0 -0.964339 0.258527 -0.0566882
66.9437 37.882 42.222 -0.31578 0 -4.00828 0 -0.371231 -0.524792 0.766016
60.5725 38.7265 38.8815 0.471294 0 -3.31228 0 -0.594287 -0.273936 0.756163
37.4355 39.9175 57.369 -0.826493 0 -3.5 0 0.240922 -0.325499 0.914334
16.6965 37.3965 38.3433 -1.5972 0 -0.7 0 -0.362235 -0.867197 -0.341695
49.5513 19.005 47.6415 -0.064988 0 -4.5 0 0.53724 0.1255 0.83404
35.0495 51.9818 34.2772 5.07439 0.527672 -0.8 0 0.83853 0.405918 -0.363453
47.955 58.7363 55.983 -0.876925 -0.849029 -3.5 0 0.0548992 0.973076 0.223851
61.927 58.7812 45.4627 -0.720728 -0.0548697 -0.4 0 0.105926 0.843487 0.526602
49.0272 59.4378 48.3075 0.814169 0 -1.6 0 0.842562 -0.343563 -0.414794
44.5585 46.181 25.989 1.00145 0.0954836 -3.11768 0 0.000950172 0.82592 -0.563787
60.426 40.085 40.273 0.449382 0 1.8 0 -0.247053 -0.963614 0.102042
26.326 18.9085 48.9043 0.35782 0 -3.5 0 -0.37549 -0.810885 0.448857
58.302 45.539 63.2185 -0.969775 -0.0739284 -3.5 0 0.819125 0.036449 0.572456
56.266 53.1865 27.223 0.282952 0 3.76713 0 0.135362 0.971088 -0.196634
50.4378 40.9955 45.2225 4.49422 0 1.8 0 0.0752333 -0.598775 0.797376
27.872 34.3675 28.2385 -1.37202 -0.167627 -2.85865 0 0.69821 -0.497593 -0.514688
36.995 59.417 38.596 0.522501 0 -3.5 0 0.549115 -0.0274795 -0.835295
59.6145 30.203 27.9135 -0.53768 -0.105726 -4.5 0 0.689566 -0.652206 0.314843
43.2865 26.9575 27.233 -0.256915 0 -4.5 0 0.212046 -0.272807 -0.93841
58.1753 29.6593 26.0767 0.323268 0 -3.9941 0 0.671602 -0.739995 0.036865
19.288 29.358 52.943 1.43363 0.755808 -0.8 0 -0.297944 -0.753462 0.58611
52.4982 45.5723 38.483 2.16073 0 3.8 0 0.158463 0.96447 -0.211392
50.2455 13.1025 42.8205 -0.14764 0 -0.4 0 -0.386819 -0.722678 0.572807
32.521 40.725 14.2645 0.522159 0 -3.5 0 -0.379181 -0.160023 -0.911381
58.723 51.7225 28.0723 0.549252 0 2.8 0 0.697233 -0.161223 -0.698479
57.3223 27.7103 25.1173 0.172601 0 -3.5 0 0.827698 -0.241464 0.506567
43.2945 50.7938 26.536 -0.175397 -0.664547 -3.5 0 -0.153691 0.430243 -0.889534
32.88 61.0672 40.369 1.06499 0.0665786 -3.5 0 -0.447911 0.762004 0.467681
55.6855 24.4695 34.21 -0.539909 0 -3.5 0 0.990215 -0.138033 -0.0205317
59.5825 31.157 42.653 -1.16705 -0.315816 -3.5 0 0.819312 0.174162 0.546256
39.0845 28.732 20.0835 -0.561877 0 -3.5 0 0.33218 -0.818776 -0.468255
48.2132 13.9435 35.8478 -0.0356804 0 -0.4 0 0.306984 -0.951456 -0.0221761
60.483 52.46 37.636 0.571856 0 3.8 0 0.848465 0.176293 -0.499028
67.3355 51.2943 41.2965 0.166747 -0.278824 -0.7 0 0.929556 -0.049112 0.365394
31.8288 44.675 18.5875 -0.0513136 -0.0847982 -3.5 0 -0.192137 0.550492 -0.812429
44.096 53.938 60.5233 -0.588284 -0.746645 -0.8 0 -0.8041 0.011645 0.59438
51.296 52.8255 41.2205 2.76345 -0.229554 -0.00486356 0 -0.226822 -0.972914 0.0446051
30.925 20.2955 43.918 -0.255857 -0.110917 -0.853046 0 0.273299 -0.844147 -0.46122
46.258 16.5435 54.8182 0.242762 0 -4.5 0 0.213533 0.555742 0.803464
24.4185 20.787 42.709 0.483895 0 -4.5 0 -0.6951 0.298255 -0.654126
15.695 38.7025 45.028 0.238633 0 -4.5 0 -0.986456 -0.139853 0.0857114
54.7702 27.594 21.3525 0.62137 0 -3.5 0 -0.747835 -0.523765 -0.407938
50.3647 49.514 66.0098 0.499888 0 -4.5 0 -0.748019 -0.16874 0.641868
52.7762 50.1102 65.8288 0.557544 0 -4.5 0 0.738087 0.526649 0.421744
71.3682 34.2405 40.356 0.328068 0 -4.5 0 0.82512 0.0361631 0.563799
59.958 49.631 45.809 -0.228372 -0.801685 -3.34691 0 0.458728 -0.094647 0.883522
51.2067 48.7202 66.394 0.529732 0 -4.5 0 -0.355486 -0.480132 0.801937
17.5007 37.896 17.9287 0.628575 0 -4.5 0 -0.640937 -0.760473 0.104313
68.2128 32.281 41.88 0.57562 0 -4.5 0 -0.214718 -0.308762 0.926586
29.777 56.3365 52.5935 0.513813 0 1.8 0 0.317785 0.947643 0.0313982
12.3842 43.259 50.1792 0.371982 0 -4.5 0 -0.729296 0.465626 0.501318
38.9492 29.0667 23.6737 0.144004 -0.0723516 -3.23194 0 -0.94997 -0.309643 0.0409687
68.6913 31.492 39.566 0.475779 0 -4.5 0 -0.130704 -0.781567 -0.609976
15.805 49.7395 36.9605 -1.64687 -0.0232616 -3.5 0 -0.962748 0.117349 -0.243611
50.7985 42.148 23.0905 0.607251 0 -3.9 0 -0.532381 0.109667 -0.839371
35.2363 40.2685 26.0625 -0.731412 0 3.8 0 -0.636175 -0.633981 -0.439715
54.7055 55.3613 59.312 0.150916 0 1.8 0 -0.0541622 0.723618 0.688072
26.0543 35.595 18.0018 0.238853 0 4.2 0 0.174174 0.0299461 -0.984259
38.8095 50.1942 52.6295 1.18278 0 -0.4 0 -0.558456 0.320102 0.765285
16.0413 49.7015 39.0405 0.74491 0 -3.69999 0 -0.847358 0.521816 -0.0984503
54.273 29.0168 50.932 0.401227 0 -3.5 0 0.583278 0.769027 0.261502
40.0622 15.278 53.5535 -1.51194 -0.848218 -4.5 0 -0.537851 0.514946 0.667493
26.3735 60.3865 46.585 0.28739 0 -0.7 0 -0.273249 0.0893813 0.957782
40.2715 22.8585 48.374 -1.86363 -0.943964 -4.5 0 -0.723433 -0.516723 0.457866
47.535 16.086 50.089 0.734109 0.124589 -4.5 0 0.885262 0.0228679 -0.464529
66.0618 39.5103 23.946 0.766987 0 -4.5 0 0.517165 0.428449 0.740926
31.986 32.92 60.2402 -0.113205 -0.828482 -0.8 0 0.924122 0.272185 0.268169
61.605 30.85 35.656 0.394446 0 -4.5 0 0.913155 0.0939675 -0.396634
19.1615 43.6285 31.0195 -0.119562 0 -4.5 0 -0.750037 -0.298634 -0.590137
16.58 58.0395 45.6865 0.102642 0 4.2 0 -0.780613 0.624354 -0.0287328
38.5957 56.8932 29.1963 2.45778 0.910832 -4.5 0 0.158529 0.829292 0.535857
62.5187 33.4463 37.3457 -0.710539 -0.00165806 -3.5 0 0.805499 -0.455623 -0.378919
14.598 34.384 46.614 0.157413 -0.134996 -4.32567 0 -0.900643 -0.166774 -0.401283
65.8895 37.5558 22.3978 0.714791 0 -4.5 0 0.220894 -0.956855 -0.188772
35.898 22.815 33.486 -0.899826 -0.423563 -4.5 0 -0.0180566 -0.921294 0.388448
34.9683 25.2965 38.702 0.65842 0.519101 -0.8 0 -0.450146 -0.880839 0.146601
46.8228 33.729 25.8577 0.909716 0 -0.349011 0 0.841949 0.534947 0.0703806
65.8395 47.8895 39.177 5.92178 0 3.8 0 0.927199 0.34981 0.133923
39.825 46.7812 48.5168 4.86548 -0.957881 -0.7 0 -0.386943 0.390361 -0.8354
25.823 33.321 27.931 -1.09491 -0.511282 -4.5 0 0.00237051 -0.985684 0.16859
35.176 47.153 44.9725 6.13491 0.0419404 -0.918918 0 0.971989 0.172766 -0.159338
17.6005 30.5678 21.374 0.00980732 0 -4.5 0 -0.594785 -0.504142 -0.626156
57.8677 58.7228 37.0685 0.42322 0 3.8 0 0.295733 0.270397 -0.916203
29.8403 41.0785 22.6327 -0.211456 0.354647 -2.96088 0 0.156554 -0.941072 -0.299791
37.6015 53.7537 36.7795 2.96733 -0.138324 -1.36278 0 0.747191 0.287473 -0.59922
18.781 42.314 31.1068 -0.418603 -0.22637 -3.5 0 -0.63346 0.457823 -0.6238
33.5825 39.468 58.813 -0.958195 0 -3.5 0 0.171936 -0.11894 0.977901
30.139 36.6095 27.9475 -1.40451 -0.55591 -0.310861 0 -0.402167 -0.463352 -0.789662
52.9777 29.7068 49.4222 0.254535 0 -3.5 0 0.810003 0.572138 0.12866
48.38 61.9342 51.538 0.410937 0 -1.6 0 0.48326 0.543473 0.686365
20.245 39.9815 16.3943 0.164193 0 -4.5 0 0.22964 0.84808 -0.477521
47.04 49.8693 40.904 3.62632 0 -1.3 0 0.390261 0.786741 0.478262
55.3003 41.0708 23.3055 1.76694 0 -3.9 0 0.744457 -0.655261 -0.128127
65.2015 58.2 40.1295 0.199734 0 3.8 0 0.979577 0.0747527 -0.186659
29.1345 21.223 51.0815 0.0214219 0.0691434 -3.5 0 0.462006 -0.700606 0.543784
50.818 56.5595 47.225 0.851398 0 -0.746688 0 -0.392569 0.76542 0.509923
30.3447 60.5392 32.045 0.49965 0 -1.6 0 -0.316726 0.61633 -0.720987
47.7788 47.2653 42.3293 3.76846 0 -1.3 0 0.0104621 0.418462 0.908174
64.3788 37.726 22.1957 0.351917 0 -4.5 0 -0.281523 -0.946894 -0.155361
51.1177 60.5935 43.9463 -0.763991 0 -3.5 0 -0.393061 0.839324 0.37555
53.1945 53.2933 50.0975 1.42742 0.38889 -4.5 0 0.53525 0.815805 0.21902
57.8655 26.313 39.7705 0.184807 0 -3.5 0 0.884698 -0.319207 0.339729
56.7427 35.4632 50.9738 2.27296 0.612256 -3.9 0 0.630047 -0.775237 -0.045266
44.7212 60.415 51.5747 0.172876 0.0768933 -3.69655 0 -0.0990917 0.768896 0.631649
35.223 57.044 26.7195 0.55288 0 4.2 0 0.250478 0.473422 -0.844471
26.6647 51.3117 19.5035 0.58934 0 -4.5 0 -0.35601 0.301312 -0.884572
43.378 29.4355 19.6495 -1.37775 0 -3.5 0 -0.118869 -0.962136 -0.245286
44.3317 22.1642 28.3635 -0.647755 0 -3.5 0 -0.153243 -0.987132 -0.0456772
47.1625 14.4622 40.269 -0.12878 -0.265568 1.03477 0 -0.730949 -0.571573 0.372851
34.8112 35.1245 57.7735 1.14616 0.865996 -3.9 0 0.711951 0.232991 0.662451
41.782 53.8865 38.696 1.80923 0.711255 -3.5 0 0.878466 -0.0177 -0.477477
39.831 48.9847 26.3305 -0.426148 -0.0180893 -0.838645 0 0.60689 -0.314272 -0.730012
68.3065 42.5243 35.6317 0.221766 0 2.8 0 0.912321 -0.339693 -0.228645
51.9567 56.7863 56.9492 0.123129 0 3.8 0 0.0196511 0.720216 0.693472
41.6823 36.979 58.001 0.198521 0 3.8 0 0.34586 0.0422257 0.937336
61.4495 39.053 39.7915 0.301295 0 -0.85709 0 -0.483399 -0.661708 0.573121
15.451 31.2253 48.5793 -1.38814 -0.0132718 -3.5 0 -0.589888 -0.406167 0.697897
59.17 51.1475 36.5438 0.810948 0 3.8 0 -0.0325902 0.204359 -0.978353
27.757 51.4065 19.4075 0.561487 0 -4.5 0 0.10132 0.363341 -0.92613
23.4405 38.006 24.0465 -1.13625 -0.750689 -4.5 0 0.611631 0.769292 -0.184654
43.087 63.4417 49.0283 -0.00240835 0 -4.5 0 0.117369 0.306594 0.944577
17.246 34.836 29.4565 -0.199164 -0.339665 -3.5 0 -0.571589 -0.767759 -0.289538
30.5138 29.6515 59.4403 -0.347851 0 -0.8 0 0.00637604 -0.999302 0.0368066
48.2713 61.3255 31.76 0.915877 0 -4.5 0 -0.0773626 0.946405 -0.313579
57.902 38.8735 41.9885 0.599753 0 -0.9 0 0.681246 -0.712575 -0.16775
50.7275 59.923 31.6135 0.528524 0 -4.5 0 0.709071 0.690202 -0.144359
20.828 32.5778 18.9443 0.859007 0 -4.5 0 -0.0105609 0.23519 -0.971892
52.3143 13.0422 39.7262 0.031486 0 -0.4 0 0.533464 -0.685823 -0.495038
59.235 48.395 46.774 -0.889924 -0.0778615 -3.5 0 0.734281 -0.331472 0.592417
58.5488 44.3905 52.9323 -0.213911 -0.657808 -1.6 0 0.791727 -0.582506 -0.183998
28.9657 60.753 48.2188 0.776465 0 -3.9 0 -0.782648 0.541059 0.307761
60.964 31.406 34.6535 0.36577 0 -4.5 0 0.725554 0.302857 -0.61794
51.7415 52.125 60.3245 0.288874 0 -2.1612 0 0.302831 0.439531 0.845639
18.3795 51.7705 34.6055 -1.08731 -0.788611 -3.5 0 -0.431407 0.679673 -0.593239
57.6242 51.0018 31.0818 0.557924 0 2.8 0 0.354673 -0.467378 0.809793
25.694 32.8945 18.214 0.201877 0 4.2 0 -0.119275 -0.609058 -0.784106
42.93 60.0415 52.697 0.873835 0.605137 -4.5 0 -0.435545 0.897122 0.0739754
46.4545 40.9235 64.6425 0.443651 0 1.8 0 -0.938835 0.00373272 0.344348
17.5028 28.0977 43.7505 -0.371545 0 -3.5 0 -0.61179 -0.764096 -0.20462
43.685 54.9173 58.0202 0.267469 -0.493794 -0.749825 0 -0.333349 0.799352 0.499915
52.8895 47.399 40.2845 2.45313 0 -0.7 0 -0.087018 0.780019 -0.619676
47.079 20.9517 24.5595 -1.32312 -0.00587877 -3.5 0 -0.731265 0.0893774 -0.676212
48.4085 40.8495 24.8455 0.731849 0 -3.9 0 -0.120295 -0.337886 -0.933468
26.7033 26.9825 53.1955 0.10577 0 3.8 0 -0.928953 -0.358864 -0.0909035
37.3758 35.7643 14.3693 1.14414 0 -3.9 0 -0.813113 -0.570904 -0.113649
47.3385 29.894 54.463 -1.175 0 -3.5 0 -0.291947 -0.95293 0.081795
52.1802 39.8302 61.8838 0.00957796 0 -0.4 0 0.339062 -0.849657 -0.403881
42.5275 29.454 21.922 -0.284509 -0.202594 -3.5 0 0.490859 -0.805023 -0.33316
53.247 16.716 36.446 0.258178 0 -3.9 0 -0.152315 -0.938517 -0.309817
48.304 38.8765 43.05 5.22347 -0.219625 1.03561 0 -0.156812 0.156176 0.975202
21.8447 33.4045 58.7215 -0.335025 0 -3.5 0 -0.966115 0.257487 0.0179478
49.863 60.6632 31.425 0.457034 0 -4.5 0 0.614386 0.776684 -0.13889
25.6448 60.4383 41.498 0.511861 -0.252106 -0.7 0 0.392226 -0.136198 -0.90973
21.606 48.2603 48.422 0.135995 0 3.8 0 -0.55189 0.788913 0.270248
32.2275 39.7393 14.7828 -0.172447 0 -3.5 0 -0.564092 -0.419903 -0.710972
33.1473 52.1673 24.1852 2.25594 0 -4.5 0 -0.284162 0.758602 -0.586324
35.449 50.3192 44.2735 5.88269 0 2.8 0 0.921974 -0.202426 0.330132
62.5675 42.158 44.29 -0.230653 -0.0307618 1.8 0 0.376285 -0.31039 0.872965
70.091 32.4295 39.257 0.463412 0.0455317 -4.5 0 0.363584 -0.766789 -0.529001
28.7157 25.837 39.759 -0.838665 -0.055184 -0.0957767 0 -0.672146 0.154494 -0.724121
57.0902 32.4707 33.581 0.925403 0 -0.4 0 0.807749 0.406732 -0.426744
33.7933 33.7682 33.001 -0.30277 0 -1.3 0 -0.0267787 -0.479949 -0.876887
25.043 32.0535 60.0175 -0.0559941 0 -3.5 0 0.148325 -0.61637 0.773361
38.1925 24.2835 27.8035 0.180063 0 -4.44183 0 0.190679 -0.8004 -0.568332
24.5107 59.7417 35.9308 0.29521 0 -3.9 0 -0.478677 0.807098 0.345632
52.3055 47.698 65.5575 0.510561 0.0445088 -4.5 0 0.0128085 -0.622566 0.782463
29.3545 48.1222 52.6043 1.54493 0 -4.5 0 -0.0209259 0.31882 0.947584
35.7765 53.6035 25.679 0.32988 0 -4.25942 0 0.184706 0.77001 -0.610711
18.5537 43.1258 47.296 -0.0457965 0 -4.04246 0 0.07139 0.984401 -0.160803
31.8997 27.0282 55.3705 -0.287813 0 -3.5 0 -0.198971 -0.787132 0.583809
61.1398 31.869 23.0187 0.553714 0 -4.5 0 0.718088 -0.136916 -0.682351
25.5165 56.009 46.6195 -0.579114 0 -3.9 0 -0.566537 -0.425402 0.70574
45.2487 56.4835 56.8143 -0.309798 0 -3.5 0 -0.307367 0.674945 0.670802
43.1055 12.2095 53.5197 -1.31595 -0.715554 -4.5 0 0.347794 -0.887676 0.301779
48.6655 18.6965 24.7712 -1.33982 -0.0745381 -3.5 0 0.475441 -0.849026 -0.230457
48.0137 29.3732 51.512 -0.999608 -0.0315737 -3.5 0 -0.666473 -0.1803 0.723398
33.462 50.2238 53.5778 0.918373 0.00639829 -3.06965 0 -0.309562 0.950559 0.0246644
48.4305 38.2477 56.1628 0.453229 0 -1.6 0 0.214253 -0.674895 0.706124
26.37 34.2018 24.03 -0.578422 -0.0560674 3.64552 0 0.699283 -0.409161 0.586166
38.0865 64.598 38.1475 -1.0159 -0.883022 -3.5 0 0.778513 -0.126613 -0.614725
53.6432 39.373 30.0023 1.25739 0 1.9 0 0.982765 0.00734186 0.184711
48.4585 31.3175 22.4145 0.690009 0.219959 -4.5 0 0.475583 0.394316 -0.786343
32.9545 36.987 26.234 -1.89091 0 -3.5 0 -0.251779 0.696941 -0.671477
56.551 19.644 37.464 0.150585 0 -3.30721 0 0.965941 -0.190149 0.175501
50.0457 39.477 48.8112 3.55016 0 -2.87546 0 0.714677 -0.20299 -0.669352
33.5975 59.2215 48.05 0.936121 0.167138 -3.75218 0 0.405674 -0.814642 -0.414472
35.1935 28.6025 30.0033 -0.321121 -0.527843 4.2 0 -0.132029 0.937581 -0.32173
53.1763 41.084 49.1662 2.31139 0 -3.5 0 -0.278512 -0.490664 -0.825639
12.3275 43.393 48.4825 0.617928 0.0831747 -4.5 0 -0.940618 0.336905 0.041624
55.586 27.2485 20.741 0.622455 0.656237 -3.5 0 -0.20156 -0.650956 -0.731867
28.0825 43.2435 21.109 0.906017 0.765608 -3.5 0 -0.940108 0.148862 -0.306656
31.9145 40.4598 18.1558 -0.036378 0 -3.5 0 -0.560015 -0.625403 0.543373
33.8645 29.571 19.9265 -1.73391 -0.542368 -3.5 0 -0.934727 -0.325479 -0.142652
58.8245 40.9415 22.6595 0.757573 0 -4.5 0 -0.855325 0.339442 -0.391405
15.058 42.9505 51.1865 0.626309 0.469817 -4.5 0 0.0139356 0.506378 0.862199
39.7982 25.1545 21.4937 1.42367 0.283553 -3.9 0 -0.365945 -0.253431 -0.895465
23.7645 48.4805 48.3177 0.411155 0 3.8 0 -0.434475 0.700655 0.565964
50.2072 50.5925 48.0875 2.54008 0 2.5925 0 0.260723 0.10351 -0.959849
24.9963 37.3138 24.094 1.72532 0 1.55537 0 0.0443333 0.982904 -0.178704
60.8778 58.0658 39.0525 0.444696 0 3.8 0 -0.329741 0.0888467 -0.939882
36.6865 52.695 23.1885 0.532794 0 -4.5 0 0.105877 0.85058 -0.515077
28.5565 22.757 40.4385 -0.437082 -0.0996114 -4.5 0 -0.117691 -0.420668 -0.899548
26.278 26.769 41.948 -0.179857 0 4.2 0 -0.770464 -0.313585 -0.555023
23.414 26.6933 43.4688 -0.0144595 0 -3.9 0 0.114272 -0.532136 -0.838912
19.0537 36.73 21.9573 0.713859 0 -4.5 0 -0.945001 -0.297451 -0.135999
38.5875 48.4972 23.6495 -0.193945 0 -4.5 0 0.925063 0.327719 -0.191984
62.8937 55.542 46.016 0.243219 0 -0.4 0 0.61537 0.152586 0.773328
47.7168 39.1415 64.008 0.318754 0 1.8 0 -0.248869 -0.956799 -0.150333
35.4965 25.3865 39.7702 0.184691 -0.496465 -0.8 0 -0.495789 -0.687023 0.531217
36.814 42.6852 15.2397 0.679833 0 -3.5 0 0.595685 0.587494 -0.547732
35.015 44.6473 42.117 5.78214 0.121325 -3.5 0 0.881767 0.380221 0.279139
37.9627 56.4442 26.509 0.812732 0.029822 -4.5 0 -0.369442 0.562433 -0.739717
30.2025 28.4805 32.325 0.52439 0 3.20888 0 -0.964484 -0.236672 0.117291
41.2685 56.485 55.8815 0.425464 0 -0.7 0 -0.0299785 0.977167 0.210348
44.8452 38.7067 24.1353 0.0155887 0 -1.3 0 0.629592 0.338184 -0.699461
36.682 42.6017 22.7553 -0.0398254 0 -3.5 0 -0.716636 0.341599 0.608065
39.09 48.342 17.7175 -0.733033 -0.0382195 1.8 0 0.870535 0.315058 -0.378031
26.7633 16.3353 45.1283 0.817995 0.908684 -4.5 0 0.632937 -0.773547 0.0318866
22.5718 49.375 30.956 0.114177 0 4.2 0 -0.73308 0.639016 -0.23292
38.3415 49.3745 21.447 0.372938 -0.178972 -0.57957 0 0.966125 0.0667103 0.249303
20.997 52.8255 40.8213 -0.869116 -0.0135423 -3.5 0 -0.456326 0.817431 -0.35153
12.5028 42.4967 46.9282 1.29701 0.521042 -4.5 0 -0.797529 -0.421987 -0.431132
46.6483 36.2905 27.775 -0.0633856 -0.279056 2.90629 0 0.661191 -0.651601 -0.371809
59.257 28.8813 41.156 -0.284716 0 -3.5 0 0.843077 -0.488134 0.225711
32.481 27.3862 56.2933 -0.563032 0 -3.5 0 -0.210409 -0.84877 0.485096
43.4183 16.26 42.2093 -0.163018 0 -0.396874 0 -0.204215 -0.978051 0.0413803
62.101 39.482 25.9025 0.459517 -0.0552475 -4.5 0 0.835857 -0.11541 0.536678
36.437 56.7605 26.83 0.608823 0 4.2 0 0.30851 0.587097 -0.748425
25.404 38.9465 53.6 -0.437613 0 -0.666814 0 0.549425 0.560361 0.619781
57.484 41.2933 29.3225 0.996035 -0.15896 -1.6 0 -0.665688 -0.654406 0.358626
68.1913 32.6393 38.9835 0.00550662 0 -4.5 0 -0.47282 -0.35739 -0.805427
25.263 23.842 50.841 1.29764 0.225693 -3.9 0 -0.18274 -0.106279 0.9774
42.1717 32.3965 17.596 -1.28712 -0.0891861 -3.5 0 -0.166037 -0.0918894 -0.981829
63.301 37.6825 30.171 5.61169 0 -0.4 0 0.591913 -0.736105 -0.328312
44.027 60.2 52.496 0.615482 0.631573 -4.5 0 0.0466311 0.952228 0.301805
25.008 53.6768 46.918 2.01017 0 -3.9 0 -0.442949 0.704154 0.554944
28.6973 32.285 31.7518 -0.350866 0 1.8 0 -0.41618 -0.515288 -0.749181
69.0035 41.7775 44.7325 -1.38181 -0.48397 -3.5 0 0.637813 0.502532 0.583657
51.6758 52.9378 21.783 0.370259 0 3.8 0 0.390853 -0.0159102 -0.920316
29.0917 57.8315 41.8937 0.488683 -0.19926 -3.5 0 -0.221486 0.969075 -0.108798
37.7132 35.2043 13.3855 0.500536 0 -3.9 0 -0.567401 -0.758006 -0.321688
55.857 27.3967 27.9155 -0.109743 0 -3.5 0 0.675363 -0.690389 0.259323
39.9015 51.1 24.687 0.733319 0 -4.5 0 0.832295 -0.156786 -0.531699
56.3705 17.5535 45.5395 -0.647288 -0.197438 -3.5 0 -0.0893203 -0.671808 0.73532
25.8482 43.2725 53.4403 0.200057 -0.593254 -3.08864 0 0.0936473 -0.67661 0.730362
40.627 48.196 48.203 5.61393 0.00835527 -3.5 0 -0.827821 -0.165178 -0.536124
48.609 62.5015 36.6025 1.00437 0 -4.5 0 0.724871 0.662805 0.187753
22.3528 33.8592 61.4985 -0.74631 -0.379904 -3.5 0 -0.577974 0.435221 0.69031
45.0807 37.6522 22.162 0.344206 0 3.8 0 0.990143 0.131577 0.047996
53.6123 61.0535 42.2062 -1.09716 -0.031213 -3.5 0 0.43835 0.893986 -0.0929444
60.8097 39.58 20.907 1.02151 0 -4.5 0 -0.588779 -0.528749 -0.611362
43.2798 42.2738 15.9965 1.43911 0 -3.9 0 -0.00494976 -0.342451 -0.939523
61.6845 58.6275 38.6553 0.32638 0 3.8 0 -0.382597 0.540484 -0.74933
13.2317 45.123 45.7308 0.510747 0 -4.5 0 -0.676372 0.621706 -0.394971
35.7407 64.604 42.0995 -0.877493 -0.633649 -3.5 0 -0.546001 0.120828 0.829025
17.156 54.0607 46.4108 -0.106314 0 4.2 0 -0.779489 -0.536672 0.323078
14.7288 37.7775 43.008 -0.643068 -0.353833 -0.7 0 -0.701503 -0.00423272 0.712654
39.632 26.32 21.8022 2.25123 0.00729448 -3.9 0 -0.578668 0.0569179 -0.813574
48.0397 13.9941 41.1077 -0.587159 0 -0.4 0 -0.66527 -0.410422 0.623675
29.1305 39.684 58.3885 -0.723458 -0.340895 -1.82927 0 -0.0953337 0.962472 0.254084
21.2068 32.4038 56.545 -1.58382 -0.565466 -3.5 0 -0.767895 -0.419813 0.483834
45.4728 21.1318 50.7002 -1.16892 -0.030072 -3.5 0 0.790509 0.116273 0.601312
55.449 46.7245 29.7975 0.670512 0 3.8 0 0.253748 0.175382 0.951238
52.757 51.4275 37.7858 1.84719 0 1.8 0 0.246171 -0.898934 0.362378
23.9945 29.076 51.7975 0.511084 0 -0.800424 0 -0.096567 -0.944927 0.312711
23.6565 30.2647 55.5033 0.0848527 0 -3.5 0 -0.853758 -0.510955 0.100114
46.9818 19.5352 24.5198 -1.71575 -0.022234 -3.5 0 -0.71584 -0.208144 -0.66652
50.0308 25.3143 51.4505 -1.47776 -0.485225 -3.5 0 -0.0845286 -0.898036 0.431725
38.776 51.3575 46.576 6.2715 0.281211 -3.49202 0 -0.280321 -0.488991 -0.826019
53.3195 56.4198 53.5057 0.271701 0 3.8 0 0.568089 0.786431 -0.242489
68.015 39.0715 44.0635 -0.811744 0 -3.5 0 0.330595 -0.824935 0.458465
57.944 25.5847 37.7412 -0.145587 0 -4.00937 0 0.928803 0.0221025 0.369913
33.6875 25.0368 30.7525 0.490225 0.0135151 -4.5 0 -0.768912 -0.398344 0.500096
39.7285 51.7228 34.7443 3.91394 0 -3.9 0 0.34677 0.777852 -0.524114
64.0813 59.293 42.7443 0.106648 0 3.8 0 0.534286 0.34405 0.772119
64.76 48.8247 36.8833 0.560495 0 3.8 0 0.740121 0.593331 -0.316513
54.7445 48.5295 42.797 2.32539 -0.211208 -2.08997 0 -0.322326 0.865372 -0.383715
18.9247 37.5895 18.8943 0.457171 0 -4.5 0 -0.403023 -0.914979 0.0196475
57.728 26.8685 24.5543 -1.11824 -0.852431 -3.5 0 0.790161 -0.282986 0.543658
48.3175 12.5118 40.6167 -1.24203 -0.490405 -0.4 0 -0.560377 -0.728171 0.394645
15.957 56.1855 46.7918 0.0956674 0 4.2 0 -0.86703 -0.103079 0.487476
48.2632 37.6797 44.6717 5.13004 -0.219399 4.2 0 -0.107004 0.987092 0.11916
25.4527 30.4915 59.5107 -0.941219 0 -3.5 0 -0.0188505 0.192929 0.981032
22.7545 38.1079 20.115 1.78648 0.0332885 -4.5 0 0.780948 0.596972 -0.183697
15.9097 30.062 43.843 -0.283694 0 -3.5 0 -0.873564 -0.170311 -0.455939
62.241 39.927 43.396 0.334849 0 1.8 0 0.171164 -0.801284 0.573278
33.7127 40.6255 58.651 -0.856653 -0.569606 -3.5 0 -0.19673 0.531795 0.823706
15.8027 40.831 49.925 0.0144515 0 1.8 0 -0.704149 -0.705121 -0.0835318
15.9625 33.016 42.493 -0.150242 0 3.8 0 -0.908044 -0.172519 -0.381698
42.605 55.2783 57.476 0.528532 -0.202431 -0.7 0 0.106929 0.757786 0.643682
56.0527 53.093 24.5572 0.402839 0 3.8 0 0.347528 0.769309 -0.536085
52.3833 53.472 22.6205 0.382732 0 3.8 0 0.483367 0.455178 -0.747776
36.8675 51.1935 46.994 6.46137 0.473932 -3.5 0 0.024155 -0.235208 -0.971645
38.9045 55.9775 56.4308 0.902878 0.377087 -0.7 0 -0.541835 0.840399 0.0120194
56.887 49.006 48.684 0.696693 0 -1.6 0 0.661443 0.740626 -0.118176
39.5233 43.9393 41.7702 5.7394 0 -1.9291 0 -0.0221601 0.62441 0.780782
23.6575 53.5735 36.8235 -1.36976 0 -2.59172 0 -0.519141 0.831133 0.199276
56.6905 24.094 45.3825 -0.021457 0 3.8 0 0.833367 0.314071 0.454818
43.361 50.3252 32.8117 0.360315 0 -2.51053 0 -0.38031 0.779799 0.497271
38.2868 30.119 17.9137 -0.158778 0 -3.5 0 0.708758 -0.139536 -0.691514
49.8293 37.4647 26.156 0.187947 -0.16933 -2.68971 0 0.141734 -0.832473 -0.53563
36.5202 61.3275 46.4772 0.328793 -0.429189 -1.41185 0 -0.784078 0.616352 0.0730168
34.302 53.519 51.05 0.971165 0 -3.5 0 -0.0520235 0.536727 0.842151
31.7682 34.8517 60.5537 0.871496 0 -0.8 0 0.696424 -0.0971438 0.711025
26.233 38.8275 55.798 -1.237 -0.00373173 -3.5 0 -0.171109 0.87328 -0.456183
60.0575 32.3467 34.3908 1.18248 0.0146491 -4.5 0 0.298889 0.567788 -0.766996
43.437 28.528 26.623 0.275091 0 -4.5 0 0.135209 -0.648525 -0.749089
55.9707 25.3902 33.1075 -0.234018 0 1.54523 0 0.929607 -0.363444 -0.0611467
60.9945 31.8745 27.1922 0.387003 0 -4.5 0 0.770417 -0.359823 0.526293
23.8202 49.4823 47.5042 1.09096 0.156842 -3.18247 0 -0.511472 0.342577 0.788059
30.005 21.7175 51.707 -0.668543 -0.0283593 1.8 0 -0.0229522 -0.777015 0.629064
46.1177 61.9507 33.7513 0.911471 0 -4.5 0 -0.820104 0.521261 -0.236044
56.715 26.165 31.759 0.0500754 0 2.8 0 0.471341 -0.781203 -0.409341
59.535 32.2137 41.8963 -0.195753 0 -3.75302 0 0.912925 -0.0496384 0.405097
38.0272 55.6862 55.9263 0.504604 0 -0.7 0 -0.733109 0.670885 0.111645
43.2325 53.3365 32.768 -0.465891 -0.269012 -3.5 0 0.135813 0.0203807 0.990525
36.2035 34.026 55.1483 0.95551 -0.673406 -1.34267 0 0.714198 0.0752675 0.695885
52.6647 61.134 41.592 0.0591883 -0.623059 -3.15412 0 0.0634384 0.996227 -0.0592286
57.4905 60.3955 40.8735 0.12442 -0.213447 3.8 0 -0.13695 0.959218 0.247278
35.0865 28.9452 17.967 -1.42927 0 -3.5 0 -0.443075 -0.00200108 -0.896482
41 38.5443 18.9298 -0.253233 0 -3.13437 0 0.821242 -0.285728 -0.493884
33.398 40.6963 20.5138 -0.775306 -0.0309102 -2.21999 0 -0.521817 -0.496136 0.693942
54.4302 53.0822 60.3802 0.161473 0 1.8 0 0.102293 0.248352 0.963254
26.301 18.319 42.9002 0.882349 0 -4.5 0 0.0598493 -0.625912 -0.777594
48.9832 17.0378 47.567 0.694389 0.877606 -4.5 0 0.609177 -0.648818 0.456003
48.114 16.2903 52.671 -0.22647 0 -4.5 0 0.708583 0.66249 0.242936
18.4112 34.2135 55.2378 0.408415 0 -3.9 0 -0.314737 0.153059 0.936757
56.914 58.48 43.974 0.524288 0 3.8 0 0.262253 0.580025 0.77123
67.8887 38.704 37.42 0.0272651 0 -4.5 0 0.922546 0.162371 -0.350062
66.675 46.5945 41.402 -0.202732 -0.0221506 -3.5 0 0.540577 0.713967 -0.445003
17.2765 33.1195 23.1905 0.654566 0.224422 -4.5 0 -0.780769 0.497568 0.377923
32.429 30.7997 59.1007 -0.310803 -0.840815 -0.8 0 0.834414 -0.230462 0.500641
59.025 47.015 35.9652 1.17749 0 2.883 0 -0.801641 0.503265 -0.322639
46.0445 29.6765 50.9482 -0.0642118 0 -0.7 0 0.327835 -0.360924 0.873074
32.9995 40.4333 54.7095 0.858944 0 2.77435 0 -0.395555 0.9018 0.174051
47.9012 55.8742 46.6562 1.29971 0 4.2 0 0.273192 0.911955 -0.30611
40.6198 35.0725 15.9958 0.291584 0 -3.9 0 0.559227 -0.798959 -0.221202
46.5345 57.418 46.491 2.00105 0.766562 -2.90856 0 0.867771 0.251576 -0.428583
39.1582 24.0798 24.8135 0.225711 0 -3.9 0 -0.539201 -0.741505 -0.399291
32.2067 50.2238 54.61 1.23302 0.65454 -4.5 0 -0.214178 0.976728 0.0113964
48.917 37.528 54.786 0.264163 -0.851492 -3.9 0 0.109742 -0.784209 0.610716
42.898 33.219 17.825 -1.00286 -0.0261529 -3.5 0 0.450994 0.634467 -0.627739
47.9395 13.7983 53.7988 0.745314 0.685977 -4.5 0 0.348033 -0.736823 0.579625
32.766 56.7617 31.7572 -12.7165 0 -0.582918 0 0.838174 0.535489 0.103522
27.0845 38.4255 54.462 -0.397789 0 -3.5 0 -0.405496 0.91348 0.033569
18.104 33.7765 34.832 -1.925 -0.669598 -3.5 0 -0.0955495 -0.604035 0.79121
25.6905 27.3225 58.858 -1.1395 -0.0301236 -3.5 0 -0.29721 -0.929445 0.218627
14.931 46.6128 40.388 1.44902 0.47423 -3.9 0 -0.80807 -0.0682754 0.585116
45.168 44.2178 43.1958 4.8978 0 -1.3 0 -0.468155 -0.0589488 0.881678
25.478 28.8465 40.1045 -1.17165 -0.0472226 4.5 0 -0.28948 -0.955515 -0.0565108
39.8988 54.1745 38.1698 1.1452 0 -3.5 0 0.123272 0.262998 -0.956889
53.6445 39.411 28.0965 0.361307 -0.535854 -2.43786 0 0.875797 0.446152 -0.184193
26.4865 56.2018 27.2535 0.089219 -0.585468 -0.8 0 -0.740166 -0.160876 -0.652896
28.381 47.077 21.4 0.754894 0.3177 -4.5 0 -0.327943 -0.881204 -0.34049
26.0465 43.951 23.4755 0.510247 0 -1.6 0 -0.192006 0.459949 -0.866938
56.031 52.505 41.606 2.90836 0 -1.02641 0 -0.358927 -0.914365 -0.18737
68.3597 38.7095 43.0993 -1.66789 -0.586555 -3.5 0 0.642791 -0.648105 0.408385
45.134 18.9478 51.84 0.194703 0 -4.5 0 0.466473 0.768689 0.437629
54.3312 41.3587 26.0047 1.17302 0 -3.9 0 0.737897 -0.646803 0.192753
52.6642 55.149 58.2845 -0.0241666 0 1.95317 0 0.0162467 0.903226 0.428857
51.2882 54.5218 59.616 -0.878718 -0.410686 1.8 0 -0.46395 0.750888 0.470019
16.0845 46.2238 41.1135 0.972602 0.17213 -3.9 0 -0.624919 -0.0337733 0.779959
56.156 53.412 25.5645 0.416628 0 3.8 0 0.236465 0.971539 -0.0140022
50.879 55.579 48.1195 0.667358 0 -1.6 0 0.195482 0.695303 0.691621
19.2498 30.7668 26.367 1.00118 0.348312 -4.5 0 -0.235326 -0.970557 0.051381
31.71 49.4137 52.5267 1.27239 0.316152 -3.75833 0 0.306614 0.919474 0.24608
57.379 21.2495 37.3725 0.148006 0 1.8 0 0.822855 -0.360696 -0.4391
47.752 41.9315 24.116 -0.501788 0 -3.5 0 0.149927 -0.250829 -0.956351
31.9217 30.7087 62.5215 0.916512 0.577387 -0.8 0 0.404528 -0.183586 0.895909
58.8895 23.6152 39.3807 0.170141 0 1.8 0 0.837744 0.26107 0.479612
19.2415 36.4645 54.8655 0.250013 0 -3.9 0 -0.421267 0.165676 0.891676
63.1045 35.959 39.4025 0.299693 0 -3.5 0 0.196723 -0.378497 0.904455
44.6748 24.8078 52.9383 -0.0543089 0 -4.5 0 0.812481 -0.349188 0.466843
15.8848 40.46 42.095 0.268846 0 -2.48483 0 -0.892795 0.448582 -0.0411228
18.5045 46.5925 28.655 0.501308 0 -4.5 0 -0.420712 -0.0755198 -0.904046
19.593 28.3965 50.8438 -0.60511 -0.942815 -0.8 0 -0.438383 -0.889357 -0.129864
37.1835 49.1735 17.5725 0.172014 -0.502227 1.8 0 -0.0674024 0.312512 -0.94752
38.9292 32.9588 18.6017 -0.231418 -0.616649 -3.75579 0 0.25213 -0.358 -0.899036
38.799 18.8752 33.8107 -0.0267515 0 -0.7 0 -0.371019 -0.464099 -0.804337
55.2007 36.8208 45.6652 -0.319392 -0.759374 -0.8 0 0.717661 -0.31452 0.621321
14.0057 42.769 51.4818 0.937777 0.708763 -4.5 0 -0.175198 0.342199 0.92315
40.4765 33.8288 18.2577 -0.575302 -0.329985 -3.9 0 -0.0899232 -0.644006 -0.759717
51.544 20.3813 47.2842 -0.274345 0 -3.5 0 -0.057567 0.0820128 0.994967
39.025 46.8115 17.7997 -0.319525 -0.856662 1.8 0 0.852255 -0.168114 -0.495377
15.051 41.0583 52.2952 0.365921 0 1.8 0 -0.954772 0.0309144 0.295729
36.2055 29.216 17.7536 -0.910212 0 -3.5 0 -0.17439 -0.30543 -0.936109
31.0545 29.8245 56.5293 -0.75056 -0.0207357 -2.34125 0 -0.80193 -0.449245 0.393812
35.3758 29.7892 21.7833 -1.23396 0 -3.5 0 -0.31511 -0.440235 0.840773
53.439 45.1085 38.137 1.72329 0 3.8 0 0.017361 0.888503 -0.458542
30.383 59.8565 38.9755 -0.28997 0 -3.5 0 -0.676195 0.631725 0.379056
16.731 28.566 43.2695 -1.34895 -0.883035 -3.5 0 -0.685223 -0.719855 -0.110813
63.0762 48.4313 33.447 0.518426 0 3.8 0 0.367124 0.631661 -0.682806
47.6055 35.0675 29.2205 0.00566768 0 1.21074 0 0.428461 -0.173949 -0.886658
57.7323 29.31 27.0147 0.621131 0.201735 -3.57849 0 0.723381 -0.690184 0.0191135
44.495 41.766 61.5525 0.351479 0 -1.6 0 -0.755516 -0.424573 0.498932
15.8805 35.8503 52.2482 0.540549 0.0413226 -4.5 0 -0.0823862 0.51011 0.856154
49.862 20.641 25.861 -0.19657 0 -3.5 0 0.93742 -0.192628 -0.290064
57.448 53.7033 28.023 0.24442 0 2.8 0 0.308715 0.689541 -0.655156
66.7893 44.1755 44.2055 0.0880895 0 -3.5 0 0.257175 0.176537 0.950103
21.801 38.025 54.887 0.278769 0.839527 -3.9 0 0.0563863 0.219103 0.974071
41.4347 43.5975 61.048 0.94479 0.0971626 -1.81349 0 -0.223457 -0.00704131 0.974688
17.226 40.3162 25.2985 -1.04886 -0.133717 -0.4 0 -0.51882 0.620834 -0.587699
60.5428 50.18 55.4265 -1.37072 -0.200601 -3.5 0 0.832957 0.491739 -0.253723
41.8475 52.565 40.402 3.38448 0 -3.9 0 0.919174 -0.0675631 -0.388014
35.505 43.7655 42.104 6.10302 0.578051 -3.5 0 0.696358 0.691359 0.192637
48.0957 16.8032 48.0648 0.552644 0.265906 -4.5 0 0.4183 -0.892085 0.170908
38.0495 63.3778 38.414 0.108084 -0.171922 -3.5 0 0.777169 -0.182803 -0.602155
65.5127 55.2062 41.3345 0.108332 0 -0.7 0 0.607287 0.689281 0.395087
33.436 22.7068 53.7772 0.10244 0 1.8 0 0.212194 -0.308104 0.927386
25.1957 55.0443 46.0662 -0.262585 -0.278914 -2.96153 0 -0.340306 0.0823568 0.936701
35.3639 39.2134 26.8599 -0.741662 0 3.8 0 -0.779912 -0.0965361 -0.618399
20.7369 28.405 52.0604 0.18429 0 -0.8 0 -0.178145 -0.867995 0.463519
47.6985 36.922 26.4655 0.380225 -0.144304 -1.3 0 0.71292 -0.602136 -0.359413
17.3901 58.1909 46.3512 0.129698 0 4.2 0 -0.429772 0.733842 0.526091
38.8143 25.8945 23.7113 1.58568 0 -3.9 0 -0.919643 -0.288582 -0.266415
53.7239 36.6385 32.7911 1.30106 -0.0481296 -0.171543 0 0.771067 -0.235459 -0.59162
16.566 44.816 45.037 0.557554 0 -4.5 0 0.217821 0.974315 -0.057134
49.5076 41.0074 46.9027 4.07027 0 -0.4 0 0.724548 -0.601438 -0.336604
42.7608 44.2493 16.2746 1.9703 0 -3.9 0 -0.360549 0.570899 -0.737617
28.9495 55.673 50.778 0.548968 0 1.8 0 0.0367592 0.692611 -0.720374
19.3141 34.7345 20.9475 0.929255 0.109882 -4.5 0 -0.406287 0.606172 -0.68373
31.2557 20.6804 42.9174 -0.151692 0 -0.4 0 0.116023 -0.94635 -0.301596
19.4166 30.9476 20.0291 0.736322 0 -4.5 0 -0.444208 -0.482523 -0.754884
49.745 57.1359 53.7235 -0.164339 0 3.8 0 0.493134 0.866787 0.0741588
58.002 38.7004 49.3801 0.484207 -0.040372 -3.5 0 0.630839 -0.681272 -0.371362
35.9253 21.7255 49.0375 -1.71993 0 -1.3 0 0.451158 -0.496106 0.741846
58.9674 57.3836 38.6079 0.548131 0 3.8 0 0.701598 -0.0317883 -0.711864
61.4305 53.3645 45.439 0.447095 0 -0.4 0 0.27349 -0.453226 0.848404
54.8626 35.6205 52.6519 2.63627 0 -3.9 0 0.498988 -0.781482 0.374562
25.0925 38.8095 55.165 -0.324762 -0.0518185 -1.49384 0 -0.351423 0.705312 0.61566
61.446 50.134 36.8526 0.574564 0 3.8 0 0.264824 0.943174 -0.200726
46.9808 58.2885 55.0143 -1.15852 -0.265859 -3.5 0 -0.150946 0.987563 -0.0439931
44.676 29.8515 52.7315 0.154503 0 -0.7 0 0.465745 -0.61173 0.639428
30.5464 42.6379 18.4654 0.333845 0 -3.5 0 -0.826898 -0.108555 -0.551775
43.6406 29.5389 55.8261 0.302028 0 -3.5 0 0.940562 -0.327603 0.0895477
26.1791 45.7933 55.0126 0.362437 0 -0.8 0 0.515705 -0.041017 0.855784
45.5331 45.9729 25.826 1.20661 0.183305 -0.594217 0 -0.125062 0.835579 -0.534946
36.4798 22.3209 42.4863 -0.239857 0 3.46668 0 -0.602277 -0.435639 -0.668941
30.424 59.0755 44.2435 0.749415 0 -3.9 0 0.185696 0.843647 -0.503762
38.819 26.908 23.083 0.843892 0 -3.9 0 -0.915851 -0.0168133 -0.401166
51.687 51.4873 37.8701 1.78623 0 1.8 0 -0.183884 -0.80933 0.557828
48.016 37.7505 55.379 0.438141 0 -1.6 0 0.190199 -0.84817 0.4944
30.9126 41.5476 20.172 0.546603 0 -3.5 0 -0.21462 -0.971971 -0.0959699
54.6661 19.8132 32.3154 2.34944 0 -3.9 0 -0.14914 0.261339 -0.953656
29.9025 42.1765 53.4735 0.243453 0 -3.5 0 -0.18964 0.0343728 0.981252
46.6761 55.7043 57.4012 -0.282791 0 -3.33896 0 0.107255 0.503791 0.857141
42.9058 46.8334 60.8838 0.513804 0 -4.5 0 -0.765436 0.190974 0.614521
50.9435 58.8849 37.9728 0.758427 0 -0.8 0 0.232088 0.64774 -0.72565
22.827 54.158 35.802 -2.21383 -0.681301 -3.5 0 -0.13823 0.767923 0.625449
39.3785 42.223 44.019 8.14771 0 -3.9 0 0.762936 0.429043 0.483581
48.9295 57.1268 28.7385 1.64084 0 -4.5 0 -0.68662 -0.00891402 -0.726962
57.558 38.616 25.77 1.31308 0 1.8 0 -0.574238 0.133143 -0.807789
50.6425 38.907 24.4375 0.641985 0 -3.9 0 -0.118698 -0.588272 -0.799905
46.4936 14.3406 51.0358 0.396527 0 -4.5 0 0.0690474 -0.806639 -0.586998
16.148 38.5802 52.9519 0.404285 0 1.8 0 -0.47711 -0.783006 0.399083
53.5262 48.9618 30.7197 2.09547 0 2.8 0 0.336851 -0.531758 0.777023
20.1674 36.0293 55.0132 0.0176867 0 -3.9 0 -0.223545 0.194796 0.95503
55.6094 42.1089 53.4717 0.964035 0 -3.5 0 0.441553 -0.841929 0.310141
18.4709 40.0552 20.9786 0.906808 0 -4.5 0 -0.852729 0.43602 0.287644
39.5195 60.44 42.4168 0.973334 0.012289 -4.5 0 0.287093 0.94519 -0.155543
40.53 58.2034 52.3384 1.33602 0 -4.5 0 -0.627818 0.722852 0.288669
41.0775 18.9074 33.9847 -0.0969558 0 -0.7 0 0.248741 -0.643353 -0.724033
62.5211 47.7245 45.416 0.462152 0 -1.6 0 -0.375666 -0.146978 0.915026
60.3898 33.4478 22.9212 1.37855 0 -4.5 0 0.652681 0.426907 -0.625906
60.6199 42.9448 26.4525 1.09911 0 -1.6 0 0.575127 0.736315 -0.356468
39.5148 23.6857 48.889 -3.8296 0 1.8 0 -0.319817 -0.862861 0.391393
36.489 18.441 45.428 0.559942 0.869214 -1.39007 0 -0.791824 -0.504235 0.344619
21.1721 31.4855 53.759 0.908993 0 -3.5 0 0.119716 -0.822779 0.55561
34.7803 19.8778 46.132 0.32675 0 -1.3 0 -0.5431 -0.808908 0.225191
45.9827 55.8404 40.247 1.55579 0 -3.5 0 -0.383615 -0.523335 -0.760894
21.3298 40.5542 18.3775 1.02865 0 -4.5 0 0.591705 0.712427 -0.37727
40.1636 56.3671 55.8517 0.500572 0 -0.7 0 -0.183027 0.983088 -0.00618333
19.9306 32.9241 33.7225 -0.363787 -0.0364225 -3.77255 0 -0.307147 -0.923458 0.229971
30.5397 26.5443 30.5742 0.37127 0 -0.4 0 -0.696198 -0.663104 0.274957
52.6234 37.6478 54.3517 0.545113 0 -3.9 0 -0.270439 -0.112324 0.956162
53.7907 57.2894 46.5374 0.717415 0 -1.6 0 0.409343 0.344357 0.8449
35.6741 32.7419 56.6584 3.373 0.00879311 -3.9 0 0.960998 -0.113979 0.251976
25.6092 18.9994 42.5369 0.56145 0 -4.5 0 -0.288968 -0.498818 -0.817116
45.5724 47.5694 61.0467 0.636342 0 -4.5 0 0.533449 0.522867 0.664862
42.6048 22.7875 52.6418 -0.251345 0 -4.5 0 0.294035 -0.639086 0.710713
28.4605 31.6235 33.073 -0.283603 0 1.8 0 -0.481037 -0.815562 -0.321656
50.9593 40.1315 44.84 4.1801 0 1.8 0 -0.205888 -0.225991 0.952123
53.6724 39.3074 26.9024 -0.668179 -0.0112746 -3.9 0 0.976997 0.0251866 -0.211762
50.8215 47.7719 34.9064 1.81602 0 2.08725 0 0.731758 -0.680122 0.0443168
37.7756 17.0188 49.0508 4.68732 0 -4.5 0 -0.828424 0.50381 0.244722
23.6186 32.4584 24.1174 0.382554 -0.136119 -4.5 0 0.259215 -0.787137 0.559664
35.5105 64.6003 38.5785 -0.178017 0 -3.5 0 -0.549834 0.418668 -0.722772
20.2962 33.9963 20.2115 1.33513 0 -4.5 0 -0.0513827 0.592192 -0.804157
62.7021 37.0682 31.7488 2.65397 0.835037 -3.5 0 -0.0103415 -0.977891 -0.20886
49.9186 54.2816 39.3095 5.27731 0 -3.08706 0 -0.601018 -0.77866 0.180182
45.4123 14.383 54.1278 0.0934542 0 -4.5 0 -0.153272 -0.848754 0.506088
69.484 45.6514 35.9679 0.220935 0 2.8 0 0.983981 -0.0312951 0.175505
58.3797 40.4625 29.7402 1.47748 0 -1.6 0 -0.617232 -0.76811 0.170386
48.9645 47.083 43.502 3.90284 0 -0.7 0 -0.91791 0.174805 0.356209
30.869 54.9945 25.575 -2.02012 0 -0.8 0 -0.108539 0.440629 -0.891103
46.652 47.25 42.5015 3.83713 0 -1.3 0 0.148812 0.27139 0.950895
58.2815 45.2285 60.4005 0.138674 0 -3.5 0 0.999156 0.0343692 -0.0224769
40.057 47.5021 57.1543 0.450994 -0.41255 4.2 0 0.00936426 0.985842 0.167418
32.7593 52.8898 25.2821 7.8431 -0.503778 -1.73029 0 -0.0865168 0.607536 -0.789566
38.4595 40.507 57.4495 -1.86255 -0.558072 -3.5 0 -0.0253374 -0.435993 0.899593
52.3008 53.875 50.0713 1.95246 0.862871 -4.5 0 0.51682 0.850816 0.0949187
26.985 26.9136 52.2355 0.18073 0 3.8 0 -0.921725 -0.330379 0.203157
57.2734 46.5229 47.93 0.316618 0 2.8 0 0.967896 -0.00703562 0.251251
38.0542 20.7232 47.1963 -0.0214665 -0.536296 -0.4 0 -0.0274459 0.049326 0.998406
53.7649 52.5626 42.1864 3.36074 0.400703 -0.856919 0 -0.219336 -0.967365 0.126869
34.1382 58.2798 30.3748 0.377297 0 4.2 0 0.261329 0.388796 0.883485
48.719 15.2966 43.1055 -0.6909 0 -3.5 0 -0.663671 -0.661819 0.348621
32.636 49.714 19.461 0.678371 0 -4.5 0 -0.0593088 0.725691 -0.68546
43.4686 47.8273 42.1351 4.85435 0 -1.3 0 -0.359004 0.541313 0.760326
55.3991 36.8747 53.8951 1.07016 0 -3.9 0 0.586924 -0.203372 0.783683
27.2003 58.0844 41.1809 0.699241 0 -3.5 0 0.0819728 0.952172 -0.294363
37.3903 34.2789 54.6615 -0.223575 -0.834245 -0.7 0 0.137999 -0.109851 0.984322
38.7869 53.9912 57.1739 0.388839 -0.149497 -0.7 0 -0.579116 -0.438509 0.687267
55.863 42.237 23.8722 2.22583 0 -3.9 0 0.909602 -0.259037 -0.324846
16.0965 43.0018 42.9846 -0.143677 0 -4.5 0 -0.739523 0.36664 -0.564518
62.8537 40.1743 29.7607 4.89334 0 -0.4 0 0.726812 0.445199 -0.523012
51.2634 51.3721 61.037 0.545248 0 -4.5 0 0.479873 0.567429 0.669139
15.253 37.6806 33.6066 0.00487913 0 -3.5 0 -0.41942 -0.730785 -0.538555
33.7065 31.18 31.978 -0.515181 0 3.8 0 0.178426 0.550693 -0.815415
48.4512 34.5935 29.6238 0.480636 0 -0.4 0 0.274397 -0.220158 -0.936075
46.9414 45.9429 42.4375 3.65517 0 -1.3 0 0.0692735 0.318902 0.945253
26.1768 17.7673 46.6343 0.129855 0 -4.5 0 0.287676 -0.562428 0.775188
27.2525 30.5742 34.7767 -1.35572 0 -3.5 0 0.248222 -0.659592 -0.709454
45.5518 43.5207 16.838 3.20009 0.0916045 -3.9 0 0.882843 -0.382047 -0.273183
39.316 52.728 36.8553 2.29719 0 -3.9 0 0.0552539 0.883501 -0.46516
27.8106 25.9019 55.6818 -0.0926614 0 3.8 0 -0.413779 -0.554148 0.722293
22.8775 55.3665 33.0926 0.62191 0.26203 -3.9 0 -0.623207 -0.625767 -0.469072
47.0894 57.4245 34.5975 1.96646 0.518469 -4.5 0 -0.671304 -0.412158 -0.616017
29.9835 21.2071 49.947 0.11944 -0.698485 0.988027 0 0.380404 -0.823396 0.421084
63.1838 57.6264 37.5919 0.324432 0 3.8 0 0.23695 0.176809 -0.955297
37.2574 56.7734 27.4391 0.770329 0 0.061988 0 0.0370869 0.864881 -0.500606
44.8689 45.2544 22.1285 -0.866525 0 -3.5 0 0.372217 0.609037 -0.700378
34.1825 36.945 21.5345 -0.42764 0 1.8 0 -0.808108 -0.0207307 0.588669
35.6256 45.1819 44.221 6.07198 0.366109 -3.5 0 0.795708 0.311935 -0.519177
42.832 58.2895 40.252 1.52368 0 -4.5 0 0.0168124 -0.29865 -0.954215
46.1056 22.6545 26.1222 -0.511034 -0.0293394 -3.5 0 -0.0922174 0.687881 -0.719941
48.0233 32.0751 56.1156 -0.872325 -0.122449 -3.5 0 0.320682 0.191976 0.927528
57.7939 21.3556 38.3408 0.273551 0 1.8 0 0.674156 -0.714354 -0.187649
27.0737 25.7358 42.1323 -0.0736693 0 4.2 0 -0.823877 -0.301677 -0.47981
50.0737 34.9795 28.6623 0.871925 0 -0.4 0 -0.364271 -0.530226 -0.765615
39.3255 23.6455 29.9715 -0.0134886 0 -4.44894 0 0.34659 -0.937537 -0.0299879
57.7351 37.5231 25.6511 1.0749 0 1.8 0 -0.2748 0.0243072 -0.961194
58.8185 31.6101 22.3576 1.65875 0 -4.5 0 0.279573 -0.646936 -0.709446
57.8255 27.3729 41.0916 0.0457127 0 -3.5 0 0.56579 -0.693866 0.445456
58.9388 52.0302 46.3349 0.544285 0 -3.5 0 0.320575 0.0567162 0.945524
51.4403 18.4604 31.5984 0.0845151 0 1.9 0 0.349368 -0.600404 -0.719344
47.888 58.3975 31.077 1.01393 0 -4.5 0 -0.931396 -0.346519 -0.111471
46.4024 43.5715 44.8066 5.01032 -0.669493 -0.89828 0 -0.941126 -0.221585 0.255306
19.0286 49.6838 44.2625 0.467837 0.416803 0.0499373 0 -0.557733 -0.291578 0.77712
18.392 53.232 37.614 -0.435344 0 -3.5 0 0.0199084 0.999308 0.0314258
17.1925 36.422 39.947 -0.15294 0 -0.7 0 -0.342709 -0.77 -0.538191
36.3704 46.8935 17.8067 0.713386 0 1.8 0 -0.353348 -0.406616 -0.842501
23.952 48.3122 51.7125 0.272729 -0.0224624 -0.8 0 -0.71496 0.662661 -0.222962
19.594 44.4166 53.2245 -0.0802886 0 -3.5 0 -0.157842 0.0459496 0.986395
46.4164 35.3106 23.932 0.483885 0 3.8 0 0.775583 0.273312 -0.569009
28.327 20.4925 51.567 0.423984 0.730944 -3.5 0 0.4967 -0.558493 0.66436
45.8191 39.134 43.0141 5.54934 0 3.8 0 -0.210522 0.490009 0.845915
39.1432 40.41 16.3713 0.732222 0 -3.9 0 0.353371 0.377992 -0.855716
37.0768 29.7022 17.3107 -0.182808 0 -3.5 0 0.163877 -0.44737 -0.879207
38.4677 62.5726 46.4553 0.0893522 0 -1.6 0 -0.515885 0.568199 -0.641102
55.8708 49.3136 30.2808 1.08508 0 2.8 0 0.424353 -0.461232 0.779224
43.5062 40.9033 42.1485 5.20789 0 1.8 0 0.333457 0.396814 0.855187
54.645 46.341 30.391 1.20419 0 3.8 0 0.30481 0.528796 0.792128
18.0666 31.2506 24.6845 0.337453 0 -4.5 0 -0.721915 -0.308501 0.619408
25.379 53.3081 33.8191 0.248322 0 1.56489 0 -0.336052 0.522024 -0.783939
27.961 53.236 29.245 0.34465 0 -0.785004 0 -0.991692 0.100215 -0.0806421
40.046 47.444 20.628 0.555929 0 -4.5 0 0.639868 0.76794 -0.0289304
32.3412 21.5201 51.4446 0.2881 0 1.8 0 -0.0173282 -0.999686 0.0181265
28.1324 48.5 24.8536 -0.177279 0 -3.5 0 -0.73898 -0.628841 -0.241801
45.9287 21.5461 33.2375 -1.20546 0 1.9 0 -0.772087 -0.503268 -0.388076
46.4308 57.1586 38.2621 1.76354 0 -4.5 0 -0.920088 -0.384465 0.0749983
49.3516 45.8853 44.9465 4.05592 0 -0.7 0 -0.870083 0.491521 0.0369126
44.6955 51.4134 58.5495 0.470438 0.233935 -2.06961 0 -0.864529 -0.262887 0.428345
34.1525 54.1929 46.2991 1.50914 0 -0.4 0 -0.655922 0.705138 0.269345
52.8515 37.694 27.164 -0.100389 -0.00823803 -3.9 0 0.201662 -0.912003 -0.357189
56.8025 26.6325 25.1235 -0.186055 0 -3.5 0 0.353694 -0.808849 0.469748
54.9205 32.455 46.327 0.783558 0 -0.8 0 0.484983 0.293407 0.823835
68.1766 34.8896 38.4798 0.649351 0 -4.5 0 -0.178751 -0.283973 -0.942023
56.177 48.4949 40.6884 2.76908 0 1.9 0 -0.576576 0.762661 0.293103
36.4729 41.8611 23.8866 0.14503 0 -3.5 0 -0.677269 0.728382 0.103764
31.5925 59.8877 49.9265 2.64959 0 -3.9 0 0.0271687 -0.199514 0.979518
50.7976 16.9366 35.9193 -0.291099 -0.338669 2.36517 0 0.490557 -0.822448 -0.287983
39.564 56.9521 28.327 1.08066 0.0444069 -4.5 0 0.527888 0.83789 0.138832
46.9776 37.7293 44.9371 5.67255 0.826892 4.2 0 0.0603754 0.986509 -0.152168
56.2829 55.507 46.6983 0.603655 0 -4.5 0 0.188479 0.774594 0.603722
48.7176 51.173 24.0513 0.323691 0 3.17433 0 -0.832428 0.175697 -0.525541
53.718 40.536 26.5648 0.879865 0 -3.9 0 0.955454 -0.284901 0.0770602
55.701 52.3428 31.9223 0.687693 0 2.8 0 0.463392 -0.448066 0.764529
53.5132 22.0521 29.7079 -0.146196 0 -0.8 0 0.675629 -0.726074 -0.12784
28.4702 19.2173 42.2938 0.319472 0 -4.5 0 0.543014 -0.790201 -0.284109
13.8038 34.9315 47.2933 0.231875 0 -4.5 0 -0.93914 -0.247126 -0.238632
26.3925 23.168 41.9795 0.215015 0 -4.5 0 -0.889737 0.359101 -0.281805
31.6777 46.8223 55.3809 0.75992 0 -4.5 0 -0.783362 -0.184348 0.593599
55.189 40.6116 48.2251 2.31492 0 -3.5 0 -0.790542 -0.1269 -0.599116
42.0718 51.1591 40.2209 4.6148 0 -3.9 0 0.912788 0.383679 -0.140029
55.7726 41.6035 52.5806 0.620152 0 -3.5 0 0.166142 -0.626698 0.761345
53.4888 55.9374 56.5684 0.270734 0 3.8 0 0.596425 0.714065 0.366591
34.1936 27.153 42.131 0.149246 -0.104897 4.46209 0 0.297358 -0.944617 0.138843
42.6942 25.9165 26.9657 -0.378266 0 -3.93917 0 0.656744 0.261714 -0.707243
36.8262 49.871 47.0779 6.12712 0.122116 -2.44454 0 0.39521 -0.258371 -0.881506
21.1771 51.413 45.7514 0.992383 0.0940494 1.8 0 0.321779 0.512279 0.796259
26.931 54.073 32.396 0.0999123 -0.777581 -1.6 0 -0.77881 0.356806 -0.515891
45.4026 27.6912 26.6631 -0.0245368 0 -4.5 0 0.0494452 -0.735585 -0.675626
30.1679 30.0276 33.184 -0.14053 0 3.8 0 -0.975567 -0.21789 -0.0281665
64.7722 40.5382 23.3794 0.674353 0 -4.5 0 0.455651 0.780938 0.427221
20.5275 45.9485 49.1846 -0.959766 0 -1.58613 0 -0.719354 0.250726 -0.647816
36.2402 15.928 45.4466 0.805367 0 -4.5 0 -0.985831 0.16628 0.0220829
53.6839 54.0859 26.1986 0.482576 0 3.8 0 0.519142 0.762337 0.386437
56.3078 42.797 25.0946 1.02196 -0.150638 0.569123 0 0.699017 -0.0336638 -0.714312
23.9062 61.056 42.9945 -0.15932 -0.496533 -0.7 0 -0.852792 0.371645 -0.366914
44.8045 26.5349 51.991 0.12824 0 -4.5 0 0.928347 0.10836 0.35557
46.7933 50.3299 46.0401 4.05402 0 4.2 0 -0.23746 -0.525832 -0.81677
18.2633 53.483 41.0595 -0.232806 0 -3.5 0 -0.0562388 0.79675 -0.601686
50.0123 40.2677 60.9087 -1.24253 -0.118802 1.8 0 0.249968 -0.40438 -0.879769
33.499 60.947 49.3535 2.65234 0.203927 -3.9 0 0.709378 0.593782 0.379743
54.135 17.522 31.543 2.50489 0 -3.9 0 -0.285489 -0.624103 -0.727318
49.5952 60.5093 41.046 0.559502 -0.343918 -1.92073 0 0.298448 0.924186 0.238346
23.2022 28.7246 39.3294 0.0705848 -0.0268217 -0.4 0 0.275993 -0.875969 -0.395609
42.18 52.8963 27.6528 0.38982 0 -3.5 0 0.237933 0.337483 -0.910765
67.6025 42.081 34.7057 0.221969 0 2.8 0 0.747714 -0.0612012 -0.661194
57.6761 55.9534 34.3269 0.510408 0 3.8 0 0.774262 0.575986 -0.262219
58.5617 50.024 50.3496 0.408703 0 -1.6 0 0.547627 0.558853 -0.622726
52.742 42.9325 63.776 0.738957 0 -0.4 0 0.26358 0.376264 0.888229
36.9426 44.6787 18.1553 1.43753 0 -4.5 0 -0.132551 0.189126 -0.972965
52.419 35.444 29.987 1.4749 0 -0.4 0 0.896074 -0.125162 -0.425895
18.377 46.961 44.213 0.375634 0 1.8 0 -0.3985 0.180772 0.899177
26.4587 59.9736 36.3346 0.322401 0 -3.9 0 -0.0694169 0.933394 0.352076
49.2056 47.7021 61.373 0.946707 0 -4.5 0 -0.735077 -0.187591 0.651514
18.8447 50.5855 44.7205 0.503148 0 -1.87409 0 -0.473581 -0.58314 0.660052
29.072 58.1107 32.3285 0.608298 0 -1.6 0 -0.452841 -0.147324 -0.879335
40.6717 38.4222 46.9383 2.78812 0 -0.499246 0 0.425535 0.873325 -0.237116
58.8935 53.0375 46.2347 0.320259 0 -3.5 0 0.308972 -0.128494 0.942351
60.6781 47.5046 43.1416 0.0104554 0 -1.6 0 -0.615974 -0.524166 0.58807
35.8957 23.459 49.3965 -2.3101 0 -1.3 0 0.64479 -0.444798 0.621612
61.7277 41.4419 44.7094 0.164057 0 0.303439 0 0.735305 -0.249119 0.63029
32.211 38.441 26.849 -0.394985 0 1.8 0 0.271655 -0.0309051 -0.961898
28.5404 36.7741 61.5969 0.367036 0 -0.7 0 -0.482154 -0.173304 0.858774
45.2552 29.5508 51.8317 -0.0819706 0 -0.7 0 0.717164 -0.44368 0.537423
35.673 33.419 20.321 -0.450447 0 -3.5 0 -0.991498 -0.0958956 0.087953
26.8813 60.7236 42.8509 0.455675 0 -0.7 0 0.66687 0.0997602 -0.738466
16.5185 50.8576 39.3807 -0.272586 0 -3.5 0 -0.854538 0.48022 -0.197871
47.9683 53.1335 63.2385 1.11911 0.504112 -0.8 0 0.673894 0.492092 0.551101
25.011 52.343 49.1415 2.78468 0.0197616 -3.9 0 -0.658607 0.246394 0.711004
46.3891 51.9041 26.9759 -0.266402 0 -0.8 0 -0.592044 0.757406 -0.275355
32.1985 25.1641 42.8794 -0.0596351 0 4.2 0 0.870585 -0.345223 -0.350575
35.2451 53.3817 31.2364 4.06396 0 4.2 0 0.547328 0.647089 0.530762
55.7706 25.5296 43.734 0.068553 0 3.8 0 0.923464 0.363626 0.122434
67.8769 44.2671 34.248 -0.174646 0 2.8 0 0.611132 -0.336485 -0.716447
18.7155 34.7936 23.9134 0.773592 0 -4.5 0 -0.82519 0.548206 -0.136133
49.4391 25.4025 27.8585 -0.330388 0 -3.5 0 -0.862866 0.15 -0.482662
18.9881 30.1574 39.7783 -0.641564 0 3.8 0 -0.6611 -0.557753 -0.501855
46.6576 44.9794 61.421 0.0694393 0 -4.1275 0 0.527894 0.377546 0.760781
28.5683 60.744 44.4963 0.567911 0 -0.7 0 0.627249 0.597985 -0.498971
26.768 56.175 47.4095 -0.546241 -0.90727 -3.9 0 0.046792 -0.438782 0.897374
21.281 32.9175 29.7195 0.551448 0 -4.5 0 0.0298145 -0.831716 0.5544
18.795 45.9012 51.9655 -1.04707 0 -3.5 0 -0.785178 0.353771 0.508274
54.952 21.8576 45.7009 -0.130955 0.0814939 3.057 0 0.310554 -0.0191574 0.950363
27.9634 57.4775 33.1553 0.471965 0 -3.9 0 -0.235275 -0.0143373 -0.971823
17.673 42.2794 52.6944 0.619427 0 1.8 0 0.0525252 0.801765 0.595327
54.617 59.925 42.0708 0.260523 -0.639977 -3.12784 0 0.443716 0.889253 -0.111109
28.964 38.0575 27.6292 -2.33151 -0.269744 1.8 0 -0.387255 -0.373103 -0.843106
39.2455 56.1064 55.476 0.589726 0 -0.7 0 -0.368563 0.921372 -0.123433
50.7881 29.2206 26.0191 0.536761 0.588324 -3.5 0 0.136717 0.373405 -0.917539
43.48 49.9868 37.1011 -0.738762 -0.0233365 2.3994 0 0.151846 0.944481 0.291372
59.269 57.415 44.002 0.635863 0 1.6957 0 -0.329947 0.421132 0.844857
36.2313 66.3522 41.1628 -1.16492 -0.755532 -3.5 0 0.0780353 0.992265 0.0965451
43.3527 43.541 41.8036 5.00373 0 -0.69924 0 -0.406933 -0.224225 0.885511
61.031 44.3495 29.8985 0.673028 0 -1.6 0 0.565739 0.722315 -0.397744
16.0436 34.8247 52.6001 0.564491 0.0702903 -4.44752 0 -0.317993 0.0750692 0.945117
18.7251 29.8888 21.599 0.748446 0 -4.5 0 -0.273232 -0.849764 -0.450827
52.7409 31.1734 28.182 0.291847 -0.289428 2.8 0 -0.392701 0.657607 -0.642914
68.3115 42.8968 41.6815 1.09867 0 -3.5 0 0.84763 0.136316 -0.512778
29.883 38.2 26.876 -1.98751 -0.0341225 1.8 0 -0.374916 -0.345869 -0.860124
28.4821 31.0557 60.8651 0.0294188 0 -0.8 0 -0.680525 -0.372771 0.630815
50.9086 35.2065 48.8561 1.63139 -0.318382 -0.4 0 0.859473 0.472203 -0.195784
48.4279 61.317 42.0539 0.708462 0.433156 -4.5 0 0.765623 0.504646 0.39894
41.4616 55.7949 28.9376 -0.34179 -0.255789 -3.5 0 0.0770819 0.838991 -0.538659
49.856 39.6138 64.178 0.340794 0 1.8 0 0.540924 -0.78577 0.299943
52.145 45.9815 32.2523 1.35126 -0.198547 1.30776 0 0.743054 0.421855 0.519527
17.1885 57.2767 47.523 0.124615 0 4.2 0 -0.212025 0.542232 0.813037
33.9424 20.1786 44.9333 -0.0430325 0 -0.791299 0 -0.409842 -0.911251 -0.0406327
60.0685 38.2612 23.2068 0.75327 0 -4.5 0 -0.502204 -0.801905 -0.323635
53.3329 47.0695 65.1306 0.771158 0.67192 -4.5 0 0.39123 -0.38395 0.836374
40.5275 36.7972 58.3532 0.14889 0 3.8 0 -0.0241361 0.313167 0.949391
44.187 61.198 49.7118 -0.098051 -0.247391 -3.04045 0 -0.603758 0.376191 0.702821
67.3493 42.8732 40.169 2.80401 0 -3.5 0 0.959159 0.221026 -0.176525
13.5539 38.0965 33.6157 0.161288 0 -3.5 0 -0.464058 -0.488922 -0.738651
58.496 50.633 55.722 -1.26623 -0.679409 -3.5 0 -0.273503 0.960099 0.0583662
16.1131 35.0756 31.4145 -0.188766 0 -3.5 0 -0.968074 -0.246903 -0.0432556
49.6646 52.1558 46.2474 3.48606 0 -0.412646 0 0.361666 -0.918899 -0.157549
50.794 46.092 24.315 0.661289 0 -0.4 0 -0.798703 -0.288073 -0.528288
26.2097 23.6546 51.134 0.292855 0.453566 -1.53677 0 -0.517105 0.0646223 0.853479
53.9733 46.2878 23.2153 0.653337 0 -0.4 0 0.150037 0.2342 -0.960541
43.7669 16.476 44.31 0.271391 0 2.55478 0 -0.129729 -0.977731 0.164962
33.3655 41.1245 53.8245 1.18536 0 1.8 0 -0.498711 0.539258 0.678593
18.2792 38.1558 21.437 0.59744 0 -4.5 0 -0.964438 -0.22016 0.146252
20.966 33.486 37.165 -0.258378 0 3.8 0 -0.335537 -0.861352 -0.381428
37.7508 48.563 55.7965 0.614609 0 4.2 0 0.118738 0.973726 0.194315
57.9652 42.8582 46.8865 0.14119 0 -0.9 0 0.562387 0.645138 0.517222
34.9654 37.899 57.4678 0.666692 -0.235467 1.16316 0 0.301687 -0.272638 0.913594
34.4656 41.9444 13.6034 0.442622 0 -3.5 0 0.11347 0.153085 -0.981677
34.235 44.346 55.805 0.726869 0.389475 -4.5 0 -0.663054 -0.428 0.614146
64.1336 37.1519 32.3939 1.33176 0.0540586 -3.5 0 0.310983 -0.815469 -0.48816
50.9565 57.3465 54.892 0.0728633 0 3.8 0 -0.0552915 0.953274 -0.297004
56.35 50.9128 39.6066 2.44684 0 3.8 0 -0.75596 -0.259156 0.601134
22.1728 47.046 50.3807 -1.74989 -0.309891 0.144802 0 0.0548535 0.9797 0.192819
18.9435 33.1427 55.171 1.23271 0.440873 -3.9 0 -0.215006 -0.0171368 0.976462
18.6435 38.9567 22.641 0.516575 0 -4.5 0 -0.95079 0.187511 0.246655
26.0795 58.4991 32.8445 0.859139 0 -3.9 0 0.373052 0.341798 -0.862558
26.6525 59.4022 33.5386 0.510744 0 -3.9 0 0.188534 0.7615 -0.620139
50.3929 27.9419 51.7501 -2.16779 -0.263477 -3.5 0 0.306218 0.281313 0.909447
53.2704 41.9781 55.0504 -0.190486 0 -3.5 0 0.194662 -0.781692 0.592507
22.557 50.0505 31.979 0.136275 0 -3.5 0 -0.447786 0.603402 -0.659844
57.4215 24.5763 36.7629 -0.0939196 0 -0.590425 0 0.387842 -0.29414 -0.873533
40.5995 37.6444 57.7369 0.158173 0 3.8 0 -0.173899 0.396427 0.901446
40.6774 38.9211 45.1635 4.42759 -0.196286 0.205722 0 0.3505 0.846892 0.399903
55.9816 36.647 44.5718 0.517484 -0.990576 -0.8 0 0.577693 -0.180896 0.795957
26.7044 42.7612 53.1275 -0.457357 -0.760135 -4.5 0 -0.0151561 -0.247578 0.968749
36.854 24.187 35.479 -0.107223 0 4.2 0 0.2742 -0.865014 0.420197
53.3534 54.312 47.9186 1.34892 0 -2.89965 0 0.247184 0.611196 0.751891
52.767 31.284 50.605 0.0799012 0 -4.5 0 0.87736 -0.443751 0.182552
59.05 36.3291 35.6179 0.676113 0 -1.86632 0 0.0853598 -0.381745 -0.920318
47.2185 60.885 31.9784 1.33157 0.107039 -4.5 0 -0.615839 0.551327 -0.562833
21.7276 37.9282 17.7983 1.08045 0 -4.5 0 0.788361 -0.610259 0.0779163
43.07 60.53 49.5806 -0.385673 -0.0321713 -1.6 0 -0.139886 0.51153 0.847802
26.3465 23.3797 43.845 0.226943 0 -4.5 0 -0.872846 0.333784 -0.355988
31.2145 40.5719 55.155 0.305788 0 3.8 0 -0.0961391 0.889491 0.446724
38.6408 52.0257 35.3628 3.35076 0 -3.9 0 0.0786091 0.908375 -0.410701
47.8506 41.1779 66.6224 0.227586 0 1.8 0 -0.300953 0.193824 0.933734
33.0093 61.7303 39.203 0.600137 0.0293941 -3.5 0 -0.486891 0.872707 0.036328
21.635 48.0809 28.8286 0.452152 0 -4.5 0 -0.192574 0.798457 -0.570422
52.67 47.8505 41.2976 2.75992 0 -0.7 0 0.066314 0.906432 -0.417114
49.3681 21.5271 46.7775 0.144677 0.0512294 -4.17358 0 0.450243 0.382978 0.806604
37.0855 45.9272 58.8435 0.378446 0 4.2 0 -0.204881 0.290203 0.934776
37.0863 20.0478 47.2699 0.0910108 -0.543926 -0.790265 0 0.152809 -0.358624 0.92089
51.25 43.93 63.761 0.506463 0.470142 -0.4 0 -0.110961 0.891429 0.439366
14.1763 37.63 35.8555 0.0122329 0 -3.5 0 -0.134817 -0.905166 0.403111
42.7134 52.253 32.2084 -0.410071 -0.958592 -3.5 0 -0.36329 -0.344571 0.865616
46.3993 57.3899 45.3976 1.14254 0.263709 -3.87909 0 0.926885 0.348979 0.138191
66.2866 37.3503 33.9071 -0.188949 0 -3.5 0 0.181339 -0.963324 -0.197793
14.803 37.5885 48.317 0.828847 0 -4.5 0 -0.617249 0.784618 -0.0581311
35.7467 37.583 24.258 -0.863006 -0.48778 -2.1152 0 -0.991068 0.0757068 -0.109787
35.6064 34.467 30.5485 -0.17599 0 -1.6 0 -0.568951 -0.788967 0.232003
13.9 41.0445 36.6986 -0.0896 0 -3.5 0 -0.0910436 0.885293 0.456034
23.6515 30.1791 57.0202 -0.571828 -0.189181 -3.5 0 -0.914861 -0.367282 -0.167732
56.941 49.3081 42.2105 2.55551 0 -0.0111903 0 -0.763605 0.371281 -0.52826
25.9405 41.1968 53.0445 0.222241 0 -1.95058 0 0.141595 0.0331081 0.989371
47.147 39.3225 43.2376 5.7726 0.254985 0.769765 0 -0.0753459 0.186362 0.979588
15.2227 48.22 32.921 0.467879 0.696289 -4.5 0 -0.959155 0.21534 0.183439
35.7943 33.484 29.5392 -0.361026 0 -1.6 0 -0.637546 -0.757923 0.138157
30.952 28.347 35.1664 0.0763372 0 3.8 0 -0.851859 -0.52204 -0.0425509
55.0902 15.9795 37.1582 0.190476 0 -3.9 0 0.137737 -0.921295 -0.363653
42.8055 49.808 26.583 0.244653 -0.0693059 -3.5 0 -0.305229 0.0431453 -0.951301
41.573 21.8943 27.5759 -1.5758 0 -3.5 0 -0.280739 -0.945534 0.164777
54.837 53.4645 35.8115 1.45728 0 3.8 0 0.191186 -0.974875 -0.114313
41.7386 47.5029 27.461 0.873413 0.978685 4.2 0 -0.0634665 0.0978129 -0.993179
27.9355 45.7113 25.5732 0.0540238 -0.00761977 2.6191 0 -0.515546 0.358494 -0.778264
43.553 41.9311 60.4577 0.228989 0 -2.10052 0 -0.353974 -0.682615 0.639327
42.1599 54.2921 39.9308 2.04999 0.462675 -3.5 0 0.878736 -0.186309 -0.439444
50.8066 53.0337 43.089 3.81233 -0.0247533 -1.6 0 -0.150391 -0.985206 -0.0821659
25.473 38.773 57.756 -1.20097 -0.365809 -3.5 0 -0.745511 0.396647 0.535617
35.0994 48.3536 44.7284 5.94014 0 0.76478 0 0.998207 -0.0562707 0.0203925
47.466 53.956 43.06 3.37016 -0.122656 -1.3 0 0.249329 -0.828978 -0.50063
24.8459 36.6452 18.3571 0.472958 0 4.2 0 -0.453555 0.250621 -0.855265
20.7366 37.9124 15.2781 0.721739 0 -4.5 0 0.327435 -0.273846 -0.90432
69.2975 37.1917 39.0621 1.18498 0 -4.5 0 0.753837 0.593332 -0.282287
22.4975 53.3789 36.5799 -1.79621 0 -3.5 0 -0.185542 0.843856 0.503469
42.6821 24.0387 24.965 -0.514698 -0.323267 -3.5 0 0.611518 -0.224431 -0.758734
36.3592 47.9523 17.4585 0.429271 -0.0405094 1.8 0 -0.284572 -0.0871294 -0.954687
27.2798 42.9304 22.9125 0.60644 0.244142 -2.67382 0 -0.330035 0.203935 -0.921676
62.2412 59.8558 42.2713 0.14604 0 3.8 0 -0.1178 0.926906 0.356326
54.3635 42.0522 48.0524 2.56908 0 -3.5 0 -0.357812 -0.724946 -0.588579
44.4291 22.2016 31.2944 -0.498593 -0.494879 -3.5 0 -0.26397 -0.958813 0.104872
55.366 26.8205 46.5295 0.106086 0 -3.5 0 0.999408 -0.011551 0.0323965
47.114 60.8302 44.3102 0.961036 0 -4.5 0 0.910182 -0.10732 0.400063
56.5218 56.9815 34.6978 0.509877 0 3.8 0 0.445266 0.875449 -0.187955
27.4748 26.7604 41.2084 -0.294957 0 4.2 0 -0.625993 -0.0963337 -0.773856
30.1127 55.4897 51.1862 0.952439 0 1.8 0 0.420725 0.832258 -0.361022
43.7904 15.0066 48.823 0.233817 0 -4.5 0 0.401195 -0.391388 -0.828166
50.2906 15.1193 38.2324 0.048831 0 1.24183 0 0.579102 -0.538287 -0.612281
36.7668 54.7033 49.7223 0.910758 0.132995 -3.5 0 -0.15044 0.161404 0.975355
15.7905 35.2342 43.104 -0.27511 -0.188366 2.83267 0 -0.952717 -0.2975 -0.0618345
62.46 44.073 31.966 0.555375 0 -1.3 0 0.615527 0.366278 -0.69783
30.7733 58.036 49.287 0.805876 0 -3.9 0 0.281995 -0.721034 0.632921
51.7509 19.4269 31.3361 0.198346 0 1.9 0 0.47103 -0.312734 -0.82482
53.546 33.685 53.6935 0.588524 0.28201 -4.5 0 0.617695 0.0883688 0.781437
48.0006 15.9712 51.0076 0.625966 0 -4.5 0 0.788617 0.491191 -0.369884
57.6485 37.4888 38.3162 0.833075 0 4.2 0 0.676499 0.4265 0.600372
57.0574 32.657 22.165 0.908692 0 -4.5 0 -0.335141 0.181599 -0.924501
38.788 47.6141 21.8768 1.014 -0.285033 -4.5 0 0.631202 0.775232 0.0244765
37.833 14.898 50.3225 -0.86622 0 -4.5 0 -0.575069 -0.0388975 0.81718
17.5176 52.6599 40.5456 -0.483128 0 -3.5 0 -0.498263 0.657532 -0.565143
30.8236 52.8379 44.9059 1.80431 0 2.8 0 -0.250588 0.932558 0.259886
55.1596 41.9608 25.9874 1.13906 0 -0.570671 0 0.302774 -0.933236 0.193386
25.8498 52.1685 49.9422 0.694065 -0.481915 0.0375833 0 -0.821856 0.424662 0.379757
35.869 54.2943 49.9715 0.587649 0.0473167 -3.5 0 0.166248 0.490933 0.855188
32.6634 26.2987 25.7488 0.291229 0.00156279 -4.5 0 -0.658064 -0.0900733 -0.747555
27.1413 41.8745 23.3552 1.42705 -0.190693 -1.6 0 -0.367504 -0.430126 -0.82458
59.4186 48.8368 50.9696 0.347807 0 -1.6 0 0.948246 0.269308 -0.168236
27.2755 45.2015 54.174 0.530625 0 -4.42726 0 0.476413 -0.0894964 0.874655
49.3094 58.5335 43.6909 0.573918 -0.397276 -3.5 0 -0.355606 0.282012 0.891074
55.549 42.776 63.07 0.137364 0 -3.5 0 0.373781 -0.869267 0.323516
47.4421 36.1362 28.5182 0.0341855 -0.384956 2.8 0 0.322518 -0.645808 -0.692036
41.3228 53.2235 31.7132 -2.52124 0 -3.5 0 -0.676931 -0.130707 0.724348
44.5243 54.6048 41.028 1.13354 -0.132935 -1.3 0 0.0613261 -0.0586612 -0.996392
23.542 17.7577 44.639 0.210026 0 -4.5 0 -0.812359 -0.521619 -0.260743
38.5482 61.9545 45.6731 0.412001 0 -3.38328 0 -0.350268 0.770368 -0.532772
18.187 34.6872 28.706 -0.612652 -0.837903 -3.61549 0 -0.382115 -0.923905 0.0196964
25.538 32.908 33.3644 -0.468406 0.00229497 0.599848 0 -0.114957 -0.726797 -0.677164
65.0645 36.4207 38.2665 0.98557 0.118261 -4.5 0 -0.109436 -0.871227 -0.478526
41.3045 36.0935 17.554 0.400148 0 -3.9 0 0.999267 0.0332036 0.0190622
16.006 45.5514 36.3249 0.184166 0 -3.9 0 -0.677163 0.238619 -0.696068
38.5988 13.1055 50.2225 -0.484246 -0.0290916 -4.5 0 -0.657682 -0.48405 0.577192
45.792 48.5454 47.3046 4.72785 0.181815 1.69152 0 -0.0721992 -0.482096 -0.873138
24.689 56.5998 46.5648 -0.275778 -0.29109 -3.9 0 -0.433274 -0.17603 0.883904
22.4207 57.6001 35.1575 0.835909 0 -3.9 0 -0.857652 -0.114763 0.501261
53.3605 44.6632 21.8995 2.83097 0.241573 -3.9 0 -0.285877 0.543297 -0.789369
52.7216 31.0985 49.0446 -0.865956 -0.314072 -3.5 0 0.992741 -0.0499281 0.109416
56.1668 45.9259 36.9222 1.64322 0 -1.6 0 -0.405247 0.849205 -0.338564
39.9559 31.961 55.9869 0.313972 0 -3.5 0 -0.540399 0.420075 0.729044
41.358 58.269 53.258 0.804939 0 -4.5 0 -0.559943 0.624499 0.544486
16.6345 49.2713 43.15 -1.70739 -0.614458 -3.5 0 -0.566232 -0.549137 0.614679
27.953 19.709 50.7105 0.346446 0.393546 -3.5 0 0.147356 -0.841659 0.519515
60.013 33.5947 28.1275 0.388176 -0.363765 -2.03834 0 0.649426 -0.262331 0.713742
19.5233 41.7603 26.1785 0.161905 0 3.8 0 -0.471258 0.671095 -0.572318
57.9116 57.5199 43.8573 0.343576 -0.0384902 3.8 0 0.172538 0.397094 0.901414
32.4836 48.8729 56.7344 0.738479 0 -4.5 0 -0.503478 0.26509 0.822336
55.1714 26.7682 44.6255 0.247907 0 3.8 0 0.953669 0.232381 0.191087
27.9387 57.6824 47.7364 0.322544 -0.0209723 -3.9 0 -0.36359 -0.162467 0.917282
52.485 56.082 52.2369 0.387162 0 3.8 0 0.13391 0.793565 -0.593567
37.5676 56.9422 38.2869 1.37694 0 -2.174 0 0.398765 0.479899 -0.781462
53.3649 57.4356 37.5843 0.611908 0 -0.8 0 0.0703225 0.71944 -0.690985
46.9924 33.3461 23.3369 0.76993 0 -4.5 0 0.484688 0.755465 -0.440852
16.9643 46.1549 34.7185 -1.40709 -0.00558519 -3.5 0 -0.768299 0.521074 0.371752
41.457 59.4455 50.856 0.592091 0.920278 -4.5 0 -0.534028 0.774528 0.339
40.9084 23.3372 25.365 -1.0344 -0.126436 -3.76098 0 -0.18096 -0.757289 -0.627509
36.6835 23.8655 34.345 -0.762339 0 3.73906 0 0.167804 -0.940374 0.29587
29.9185 28.464 30.9445 -0.287099 0 -0.4 0 -0.955541 -0.11007 0.273543
40.83 61.106 50.0475 0.387309 0 -1.6 0 0.261361 -0.220339 0.939756
16.6938 49.7033 34.2783 -0.0710046 -0.937577 -3.5 0 -0.940805 0.337306 -0.0333365
29.4935 51.6758 54.0185 1.16753 0.374717 0.763171 0 0.375221 -0.0598876 0.924999
18.1974 34.7168 40.5895 -0.104886 0 3.8 0 -0.698566 -0.334247 -0.63268
34.2365 24.405 33.9359 -0.164383 -0.196651 2.21016 0 -0.70571 -0.701162 0.101709
38.1102 54.8377 26.182 1.0318 0 -4.5 0 -0.37316 0.429514 -0.822356
19.9896 34.2158 35.5405 -0.294424 0.086995 0.731637 0 -0.446575 -0.861733 0.240806
46.6855 13.625 52.352 -0.191684 0 -4.5 0 -0.22567 -0.966929 -0.118837
36.266 65.6395 42.161 -0.817276 -0.270682 -3.5 0 -0.0769771 0.451456 0.888967
45.9031 33.4294 23.1318 0.725596 0 -0.315165 0 0.187211 0.501455 -0.844686
58.0173 32.7759 34.487 0.935905 0.0134691 -4.5 0 0.539473 0.40952 -0.735705
56.7342 22.3932 36.7108 0.169805 0 1.8 0 0.540949 0.0158192 -0.840907
62.1735 59.026 43.9265 -0.507661 -0.89427 -0.4 0 0.100661 0.912272 0.397022
55.4185 51.4291 50.5358 0.818276 0 -2.51816 0 0.614627 0.781098 0.110094
26.8255 49.869 19.6005 0.191138 0 -4.5 0 -0.231183 -0.17453 -0.957128
28.7348 49.3401 52.6797 1.53853 0 -0.4 0 0.259762 -0.403271 0.877437
40.1846 23.6628 30.7694 0.28866 0 -4.11814 0 0.0718832 -0.970988 -0.228069
49.054 61.378 35.676 0.451833 0 -4.5 0 0.956062 0.290514 0.0393263
20.8139 52.5163 45.3526 0.564223 0 3.14208 0 0.675353 0.148038 0.722484
32.0675 34.46 31.1623 -1.04942 0 -2.08195 0 0.471523 -0.880819 -0.0427002
25.6325 20.9445 50.4435 0.0273488 0 -3.5 0 -0.789491 -0.415818 0.451442
57.6775 51.1377 52.1382 0.466488 0 -1.6 0 0.124712 0.955769 0.266369
64.7996 58.5811 42.1657 0.130493 0 3.8 0 0.789115 -0.152519 0.595009
19.3931 52.907 37.3479 -0.989956 0 -3.5 0 0.100938 0.942734 0.317905
20.8946 45.0619 48.4152 -0.346353 0 -1.2689 0 -0.764532 0.325454 -0.55639
40.278 43.1317 60.6818 0.360468 0 -0.8 0 -0.549215 0.0322447 0.835059
62.9053 50.8467 45.1032 0.0483265 -0.0284787 -1.6 0 0.32629 0.256384 0.909836
20.4005 55.409 42.3665 0.910325 0.304154 4.2 0 -0.131538 0.217823 -0.967084
59.2109 48.9986 57.3075 -0.755903 0 -3.5 0 0.343376 0.543194 0.766181
50.3115 55.4555 50.1813 0.49652 0 2.8 0 0.774534 0.525699 -0.351762
37.0177 24.6705 42.3068 -0.768447 0 1.08564 0 -0.922427 0.109564 -0.370302
46.5555 38.539 43.4632 5.44869 0 3.8 0 -0.0165949 0.608015 0.793752
37.8054 51.7562 46.5094 6.4489 0.595711 -3.5 0 -0.211992 -0.589835 -0.779201
28.898 39.1576 27.3391 -1.68537 -0.711945 0.95428 0 -0.334824 -0.477395 -0.812396
33.9024 25.7598 38.3167 0.347748 0.44071 -1.10184 0 -0.137941 -0.978072 0.156036
35.8747 43.9287 43.8745 5.99294 0 -3.5 0 0.562696 0.634511 -0.529877
23.0177 43.6154 25.9271 0.243418 0 -0.72805 0 -0.689952 0.37966 -0.6163
30.2835 28.3253 55.631 -0.465677 0 3.8 0 -0.119794 -0.160524 0.979735
58.669 50.5966 52.359 0.246404 0 -1.6 0 0.712266 0.663531 0.228921
48.566 58.913 52.82 0.250458 0 2.8 0 0.373902 0.668496 0.642893
52.2687 41.5034 48.9871 1.43409 0 -3.5 0 0.0571018 -0.590392 -0.805094
33.7311 21.9524 49.4924 0.235664 0 1.8 0 0.140053 -0.974971 0.172677
37.233 56.3885 29.739 3.38746 0.022004 3.76566 0 0.161436 0.511285 0.844112
64.208 45.2555 33.1964 0.488602 0 2.8 0 -0.111747 -0.0856086 -0.990042
50.1507 53.19 27.0059 -0.0812804 0 -0.139485 0 -0.415464 0.852888 -0.316183
55.9868 42.9248 61.303 0.347337 0 -3.5 0 0.386364 -0.922346 -0.00039436
20.8476 37.451 17.8876 0.615753 0 -4.5 0 0.299742 -0.93711 0.178829
32.1035 24.053 43.029 0.369736 0 -0.4 0 0.730681 0.234316 -0.64125
54.3004 55.3008 56.4731 0.387146 0 1.8 0 0.501509 0.800678 -0.327726
18.817 47.9636 44.1791 0.967983 0.631639 1.8 0 -0.334761 -0.12472 0.934013
58.5211 25.9557 35.426 0.364062 0 -4.5 0 0.305098 -0.95099 0.0503293
51.0843 19.847 30.5756 0.396989 0 1.9 0 0.542549 -0.472807 -0.69433
32.1037 41.7925 14.8862 0.535213 0 -3.5 0 -0.590553 0.325837 -0.738293
31.504 38.988 60.759 0.104551 0 -0.7 0 0.796769 0.566439 0.210491
59.5849 39.0634 22.5553 0.90385 0 -4.5 0 -0.61808 -0.558647 -0.553074
50.313 56.2832 46.2482 1.29707 0 -1.6 0 -0.519802 0.849241 0.0927149
52.9647 28.0679 51.6736 0.18643 0 -3.5 0 -0.165234 0.189467 0.967884
47.7485 50.2821 45.7326 3.81497 0 4.2 0 0.24387 -0.378491 -0.892901
58.092 46.812 49.969 1.02781 0 -1.6 0 0.626136 -0.534164 -0.567999
41.081 28.0691 58.595 0.275681 0 -3.5 0 -0.670858 0.0430444 0.740335
39.0334 45.7186 47.8269 5.26118 -0.496088 -2.08611 0 0.111356 0.717235 -0.687876
45.432 14.8532 50.1216 0.766958 0 -4.5 0 0.32398 -0.627024 -0.708433
54.224 27.2642 23.9675 0.32433 0 -3.5 0 -0.676161 -0.57426 -0.461554
55.6185 37.0148 25.8107 0.944065 0 1.8 0 -0.629376 0.255373 -0.733942
51.0868 23.1036 26.5965 0.108732 0 -0.8 0 0.388467 -0.246608 -0.88785
41.7122 33.667 17.9671 -0.226563 -0.732995 -3.5 0 0.12088 0.329013 -0.936557
18.4526 39.5687 54.1791 1.0343 0.621869 1.8 0 0.224979 0.0476129 0.9732
39.6328 58.114 50.481 0.776988 0 -4.5 0 -0.455081 0.695683 0.555812
59.9473 38.4284 38.0604 0.549241 0 -2.08178 0 -0.643633 -0.249331 0.723581
46.0675 31.6811 21.9815 0.23994 0.255734 -4.5 0 0.103278 -0.166265 -0.980658
15.7741 45.1427 48.324 0.523727 0 -4.5 0 0.0323703 0.957867 0.285381
40.1785 47.2125 21.6895 0.896247 0 -4.5 0 0.452797 0.880551 -0.140019
68.6685 41.8109 42.4811 -1.2116 0 -3.5 0 0.904648 0.174509 -0.388791
64.7219 59.7574 40.4635 0.20168 0 3.8 0 0.703115 0.644798 -0.299775
40.0153 21.622 47.6237 -0.346737 -0.205908 -4.5 0 -0.662979 -0.015655 0.748475
56.4333 45.0718 25.0675 1.10168 0.590299 3.8 0 0.806046 0.0796003 -0.586475
54.237 45.1893 33.5785 1.7104 0 -1.6 0 -0.327609 0.939553 0.0995561
42.8541 57.1724 40.5887 1.24403 0 -3.26555 0 0.224598 -0.178683 -0.957929
38.0745 63.7915 50.0145 0.493572 0 -1.6 0 -0.757614 0.353554 0.548654
24.1289 28.4581 56.0669 -0.1565 0 -3.5 0 -0.653806 -0.726962 -0.209913
24.7805 34.5213 30.2915 -0.178528 0 -3.43919 0 0.121169 -0.980876 0.152319
46.912 28.4184 50.9164 -0.418729 0 -3.29641 0 -0.171022 0.00850808 0.985231
56.9927 37.5985 44.3008 0.708417 0.23235 -2.17127 0 0.776717 -0.240182 0.582257
45.2155 41.1357 48.0592 5.61379 0 0.211185 0 -0.341429 0.145934 -0.928509
27.2236 25.8231 52.4996 0.2036 -0.339209 3.8 0 -0.955317 -0.292931 0.0395003
30.9205 56.294 26.7773 1.01181 0 0.425677 0 0.190658 0.656988 -0.729395
44.894 16.1391 54.8252 0.464212 0 -4.5 0 -0.406067 0.24314 0.880904
58.098 46.9005 60.03 -0.0432295 0 -3.5 0 0.845341 0.499573 0.189276
57.181 43.9586 50.3218 0.203637 -0.571195 -2.30333 0 0.833504 0.167615 -0.526475
38.885 64.3857 50.4152 0.376191 0 -1.6 0 -0.313757 0.659717 0.682884
63.473 38.8283 29.5357 6.61984 0 -0.4 0 0.799279 -0.00185861 -0.600957
26.5586 45.0698 25.4661 0.505417 0 -1.6 0 -0.0568748 0.777386 -0.626447
64.6549 37.0871 35.5831 1.00002 0 -3.5 0 0.53482 -0.844271 0.0342762
16.1445 31.5697 43.729 -0.345806 0 0.148569 0 -0.873951 -0.130256 -0.468233
38.2824 54.4202 37.7332 -0.28142 0 -3.5 0 0.515564 0.199981 -0.833188
38.719 23.058 30.8008 0.258765 0 -4.5 0 0.620497 -0.766734 -0.164626
34.6406 20.3363 47.5836 0.269125 0 -1.3 0 -0.522744 -0.724896 0.448625
23.7055 52.432 47.6565 2.94728 0.16076 -3.9 0 -0.821793 0.36676 0.436054
33.227 24.2076 53.7747 0.0546434 0 1.8 0 0.0986772 0.0463953 0.994037
26.6895 37.6255 19.675 -0.101252 0 4.2 0 0.591574 0.771022 -0.235722
33.0944 43.5306 53.7077 1.07889 0 -4.5 0 -0.388314 -0.595473 0.703295
47.565 24.988 49.0845 -0.082234 0 -3.5 0 -0.188073 -0.705632 0.683164
44.1514 56.4378 56.0317 0.253749 0.324876 -2.23145 0 -0.349206 0.685864 0.638472
25.1133 61.7681 45.7239 0.1942 0 -0.7 0 -0.51866 0.640095 0.566807
28.2243 39.8805 57.456 -1.56074 -0.552388 -3.5 0 -0.215094 0.967646 0.131891
45.4195 15.438 40.7262 0.284638 0 2.8 0 -0.214555 -0.970135 0.113156
56.6849 23.5179 40.9844 0.391845 0 1.91894 0 0.755956 0.17573 0.630595
53.8988 59.8042 40.1232 0.0401224 0 -0.8 0 0.419747 0.891251 -0.171706
37.6968 28.5446 20.4434 -0.557827 -0.350013 -3.5 0 -0.0157201 -0.993519 0.112573
32.5265 34.0973 58.7183 0.780942 0 -0.75402 0 0.572391 -0.150001 0.806144
54.256 40.5055 22.6028 0.935965 0 -3.9 0 0.352168 -0.803723 -0.479591
42.2286 40.1895 48.4543 4.65083 0 3.8 0 -0.124029 0.218256 -0.967978
39.0025 48.9289 25.251 0.476116 0 -4.5 0 0.87311 -0.171701 -0.456287
47.1333 54.3703 35.7671 1.08423 0 -4.5 0 -0.955902 -0.0803769 0.282473
16.3204 46.7519 36.6631 1.15098 0 -3.9 0 -0.472554 0.217785 -0.853969
62.8654 59.4118 43.1919 0.0567135 0 3.8 0 0.298036 0.7275 0.617995
24.614 29.495 59.8315 -1.86919 -0.406845 -3.5 0 -0.279464 -0.118744 0.952785
24.0711 57.6276 46.1211 0.381028 0 -0.7 0 -0.345229 0.10699 0.9324
36.6167 22.0214 48.2906 -2.66587 0 -1.3 0 0.722392 -0.336486 0.604091
37.9868 21.9813 47.0961 -1.03233 0 -0.4 0 0.0540375 -0.161834 0.985337
45.9432 37.8571 24.54 0.400358 0 -1.3 0 0.610845 0.0472071 -0.790342
55.9658 54.7808 56.7928 0.263354 0 1.8 0 0.595193 0.621129 -0.509848
63.4622 50.2808 38.0015 0.264485 0 3.8 0 0.164583 0.779908 -0.603868
18.3155 32.8473 26.5917 0.25513 0 -4.5 0 -0.87833 -0.322185 0.353176
36.8336 61.7052 48.266 0.78846 0 -1.6 0 -0.899269 0.369612 0.233884
40.6359 50.9886 42.9815 5.81444 0 -3.9 0 0.216321 -0.85766 0.466503
59.4261 30.1647 33.4067 1.17654 0.613883 -4.5 0 0.5333 0.272632 -0.800789
28.8349 41.4785 22.3428 0.695755 0 -2.37737 0 -0.503047 -0.688768 -0.522056
34.8956 54.0838 50.4543 0.193073 -0.0591984 -3.5 0 0.137014 0.641094 0.755133
20.391 28.606 49.762 -0.438965 -0.456929 -0.8 0 -0.485458 -0.861552 -0.14852
45.8843 36.2467 24.1268 0.358182 0 3.8 0 0.80728 0.290811 -0.513544
26.835 55.7395 29.2495 -0.338171 -0.967143 -0.8 0 -0.655727 -0.303355 0.691374
48.8753 28.4524 25.8102 0.29453 0.221663 -3.90635 0 -0.386283 -0.901748 -0.194002
55.8075 26.3487 23.3162 -0.399259 0 -3.5 0 -0.387965 -0.887574 -0.248386
50.989 53.8291 26.9193 0.305055 0 -0.101437 0 -0.705812 0.702318 -0.0926246
44.0556 44.1456 15.8162 2.33119 0.150691 -3.9 0 -0.023319 0.212106 -0.976968
60.745 27.482 36.884 1.33014 0.097157 -4.5 0 0.532428 -0.762328 0.367937
29.7248 30.9823 33.308 -0.310378 0 1.8 0 -0.697331 -0.681725 -0.221316
65.9754 51.1565 39.3099 0.514959 0.00171233 -0.7 0 0.396419 -0.203348 -0.895266
58.3166 48.7155 47.6932 0.181491 -0.0153308 -1.99346 0 0.727569 0.202258 0.655542
56.7062 45.27 30.384 1.31971 0 3.8 0 -0.0596891 0.846553 0.528947
27.4818 54.0928 31.2086 0.408107 0 3.17027 0 -0.783022 0.529526 -0.32631
44.0067 41.587 21.7136 -0.620036 0 -3.5 0 0.8784 -0.427242 -0.214191
36.2044 20.8741 48.0785 -0.421579 0 -1.3 0 0.422217 -0.477192 0.770727
26.5607 50.9588 54.246 0.50829 0 -0.4 0 -0.302155 0.353254 0.885389
39.2492 44.815 41 5.83023 0 1.8 0 -0.32476 0.538679 0.777403
44.316 49.4825 38.4555 -2.07757 -0.940275 -0.4 0 0.30055 0.950876 0.0741988
50.1287 46.4421 25.3153 0.406657 0 -0.4 0 -0.503712 -0.391452 -0.770091
47.9551 53.552 36.7814 2.15239 0 -4.5 0 -0.716194 -0.416091 0.560298
39.6927 47.8192 26.5012 0.109793 -0.0483919 -0.4 0 0.777694 0.0365287 -0.627581
53.2658 48.5423 65.4737 0.539741 0.0776487 -4.5 0 0.8229 0.00477398 0.568166
21.933 43.6193 26.6982 0.112544 0 3.8 0 -0.439633 0.6302 -0.639977
55.1475 27.9905 51.2115 0.748687 0.391421 -3.5 0 0.832088 0.390009 0.394363
18.4507 44.8651 30.1298 0.732771 0 -4.5 0 -0.581552 -0.664191 -0.469731
36.811 23.951 52.543 0.00499892 0 -4.5 0 -0.334801 -0.892503 0.302237
36.2912 25.6935 42.9561 -1.7099 -0.17465 -0.4 0 -0.798848 -0.282196 -0.531232
68.3825 47.6162 34.5407 0.34159 0 2.8 0 0.695795 0.635919 -0.333882
54.5493 45.0935 34.7901 2.03657 0 -1.6 0 -0.502334 0.860301 0.0868491
57.405 37.652 29.076 1.39178 0 1.8 0 0.030491 0.208771 0.977489
38.3315 55.6385 30.022 17.9694 0.511513 -4.5 0 0.114067 0.527295 0.841991
35.9859 24.2816 50.1931 -2.29598 0 -3.02874 0 0.642088 -0.732064 0.227609
45.001 42.0829 22.8064 -1.34717 -0.342343 -3.5 0 0.594931 -0.69775 -0.399001
18.3317 50.5866 32.7817 -0.34452 0 -4.5 0 -0.170439 0.861992 -0.477411
49.7605 24.041 26.1663 -0.232285 -0.703432 -3.5 0 -0.522183 0.394351 -0.756182
38.0611 19.4024 47.351 -1.6235 -0.749384 -0.4 0 -0.554269 0.0796731 0.828516
19.9212 56.5975 47.1227 0.120118 0 4.2 0 0.348015 0.207804 0.914168
49.996 59.97 30.492 0.725735 0 -4.5 0 0.541916 0.686731 -0.484487
45.1792 21.883 27.1246 -0.651028 0 -3.5 0 -0.591689 -0.781009 -0.199825
52.3986 38.6441 45.7415 3.12983 0 -0.8 0 -0.190457 0.5305 0.826012
26.8681 29.7845 35.6162 -1.69237 -0.338677 -3.5 0 0.365035 -0.772562 -0.519516
47.724 59.3758 30.2685 1.12622 0.0829176 -4.5 0 -0.885952 0.00570381 -0.463742
45.6329 24.383 48.699 -0.266654 0 -3.5 0 0.502998 -0.255759 0.825579
16.489 48.6945 36.241 -2.15225 -0.940877 -3.5 0 -0.776729 -0.335022 -0.53334
52.534 17.3167 46.844 0.0578561 0 -3.5 0 0.236113 -0.512813 0.825393
57.022 22.911 44.397 -0.317972 0 3.8 0 0.952156 0.295854 0.0766093
48.7897 23.2738 25.9322 -1.40616 -0.71698 -3.5 0 -0.0358564 0.895277 -0.444065
36.363 60.2472 38.2669 0.519934 0 -3.5 0 0.230346 0.109944 -0.966878
27.9836 61.778 44.9494 0.452338 0 -0.7 0 0.800385 0.593785 0.0824825
45.6338 37.5349 55.8794 -0.260088 -0.549874 -1.6 0 0.0303917 -0.566154 0.823739
69.4259 31.9627 41.5397 0.764604 0 -4.5 0 0.45266 -0.458079 0.765025
28.8213 51.948 20.5497 1.79559 0.701582 -4.5 0 0.482301 0.832789 -0.271749
46.808 24.52 48.562 -0.0608526 0 -3.5 0 -0.0415234 -0.487914 0.871904
41.7747 13.872 54.2137 -1.48565 -0.610898 -4.5 0 -0.171805 0.127064 0.976902
37.378 52.459 45.4669 6.73188 0.326363 1.39196 0 0.0410028 -0.998067 -0.0467028
33.486 40.6787 25.8027 -2.52923 -0.101501 3.8 0 0.221166 -0.818358 -0.530448
26.989 47.641 21.316 0.734861 0 -4.5 0 -0.196667 -0.866625 -0.458566
65.8712 52.6974 42.2388 -0.267224 -0.201538 -0.7 0 0.609012 0.199632 0.767627
27.9398 35.4715 28.0805 -0.865144 0 -4.06638 0 0.543541 -0.151872 -0.825529
13.9041 41.8156 33.931 -0.00425173 0 -3.5 0 -0.0320732 0.904296 -0.4257
37.3059 43.4772 42.4398 7.21474 0.278191 -3.9 0 -0.254892 0.964398 0.0704678
15.3507 42.1418 43.6186 0.179307 0 -4.5 0 -0.72977 0.0113118 -0.683599
63.4385 43.4491 32.7221 0.544541 0 -1.3 0 0.604062 0.121103 -0.787682
59.9284 34.9406 25.0609 0.935366 0 -4.5 0 0.456973 0.578129 -0.675975
59.0332 33.5434 43.0532 1.50065 0.0976913 -3.9 0 0.594581 -0.447155 0.668226
33.6671 22.723 29.4165 0.626949 0 -4.5 0 -0.733125 -0.631817 0.251665
16.4201 48.7964 41.6645 -0.241494 -0.780166 -3.5 0 -0.827686 -0.394426 0.399203
27.5459 52.2363 20.2892 0.459163 0 -4.5 0 0.0544603 0.923018 -0.380883
47.6291 13.4729 52.8167 0.447536 0 -4.5 0 0.093114 -0.993677 0.0627279
48.1016 58.1213 43.7355 0.804433 0 -3.5 0 0.0934751 0.393742 0.914456
46.3721 45.2425 22.8013 0.371764 0 -3.5 0 0.53207 0.703211 -0.471588
53.8568 38.6808 32.4108 1.01576 -0.337679 -0.370211 0 0.937948 -0.129119 -0.321842
26.2421 53.7496 33.3265 0.354321 -0.0933151 2.66206 0 -0.719798 0.386907 -0.576362
36.1785 42.4071 58.1029 -0.049851 0 -3.5 0 -0.0904999 0.201702 0.975257
59.026 52.81 28.68 0.495115 0 2.8 0 0.821633 0.238002 -0.517953
58.1531 49.5325 23.6696 0.472759 0 3.8 0 0.810567 -0.396094 -0.431383
16.0947 42.5908 34.5185 -1.19425 -0.160863 -3.5 0 -0.772411 0.341284 0.535637
38.6044 28.2841 21.1502 -1.16663 -0.598656 -3.5 0 -0.313823 -0.928158 -0.200097
54.4205 34.6391 24.8814 1.08258 0.840472 -4.5 0 -0.842887 0.538085 -0.00237126
30.8604 37.346 27.0479 -1.32757 -0.0775347 0.723112 0 -0.385759 -0.318524 -0.865871
16.5851 30.635 22.5556 0.42053 0 -4.5 0 -0.904284 -0.36051 -0.228697
38.075 39.004 12.5655 3.00733 0 -3.9 0 0.0830787 0.754105 -0.651478
33.514 44.672 24.123 -0.136294 0 3.8 0 0.576273 -0.816389 0.0376556
14.1525 36.9297 49.2075 0.796337 0.287591 -4.5 0 -0.88455 0.460573 -0.0737818
43.7205 24.3722 53.5047 -0.0823796 0 -4.5 0 0.565666 -0.429867 0.70373
19.6955 28.5135 51.8428 0.561494 -0.434662 -0.8 0 -0.389948 -0.825345 0.408347
42.7235 50.055 38.1726 -0.0526798 0 -0.4 0 0.515435 0.855343 -0.0520961
31.8088 24.8161 41.9135 0.166892 0 4.2 0 0.805067 -0.25589 -0.535152
31.092 52.432 24.855 1.99453 0 -3.5 0 -0.0362518 0.580894 -0.813172
20.399 47.365 28.332 0.306305 0 -4.5 0 -0.320154 0.437598 -0.840244
56.735 32.7547 44.2967 1.20175 0.165995 -2.78712 0 0.796965 -0.316352 0.514556
50.4403 15.9501 36.6899 -1.46285 -0.16254 2.8 0 0.644538 -0.658005 -0.389358
61.9296 57.758 46.0271 -1.24165 -0.633703 -0.4 0 0.0888925 0.26072 0.961313
33.1899 29.2149 26.9261 -2.57511 -0.923934 -0.4 0 0.437379 0.664007 -0.606461
39.7777 59.1077 40.3085 0.823855 0.558488 -4.38659 0 0.0135009 0.561074 -0.827656
48.3014 57.0588 29.7061 1.3368 0 -4.5 0 -0.947688 -0.0785044 -0.309393
34.8886 36.5672 25.2961 -1.62562 -0.755656 -1.35037 0 -0.647132 0.581429 -0.493113
58.9134 33.8884 28.9958 0.956915 -0.124701 2.18226 0 0.367344 0.00427471 0.930075
38.5731 43.0255 44.1871 8.06293 0 -3.9 0 0.708479 0.654758 0.263341
40.1665 51.9608 56.3428 0.749994 0.166971 -0.476075 0 -0.574978 -0.507199 0.641989
26.441 49.769 23.8309 -0.369635 0 -3.6786 0 -0.678246 -0.278386 0.680061
68.376 42.923 36.7142 0.360808 0 2.8 0 0.887962 -0.350222 0.298109
56.792 48.9411 59.9549 -1.92965 -0.283922 -3.5 0 0.811058 0.391027 0.435066
46.8675 46.098 24.78 0.623248 0 -3.00074 0 0.0127813 0.767549 -0.640863
59.6152 51.4925 29.08 0.63035 0 2.8 0 0.961034 -0.230082 -0.153217
53.9345 32.5915 51.8335 0.59496 0.359885 -4.5 0 0.858801 -0.496135 0.127716
48.9033 52.3249 61.1214 0.628094 0 -2.66551 0 0.73325 0.512053 0.447377
31.321 28.3407 56.2793 -0.773006 -0.516614 -3.5 0 -0.589975 -0.435817 0.679701
64.7916 40.9169 44.0225 0.053812 0 -3.5 0 -0.493843 -0.485966 0.72108
40.964 32.8434 56.2014 0.125614 0 -2.15026 0 -0.324811 -0.0377102 0.945027
56.5768 15.969 43.5093 -0.485075 0 -3.5 0 0.644993 -0.74262 0.180276
54.2858 33.6715 23.9147 1.0046 0.00615104 -4.5 0 -0.727705 0.499491 -0.470058
27.8822 36.9124 27.9205 -1.01159 -0.0297289 -1.38837 0 0.466466 0.00216649 -0.884536
41.73 12.207 49.8368 -0.370378 0 -4.5 0 0.316845 -0.886745 -0.336588
68.0048 41.2738 41.5439 -0.829943 0 -3.5 0 0.835573 0.149406 -0.528674
44.966 25.9993 27.8365 -0.484505 0 -4.00006 0 0.524034 -0.0441649 -0.850551
62.0067 34.7018 35.4449 0.333529 0 -3.5 0 0.218023 -0.500792 -0.837659
48.1104 14.1811 34.6749 0.0213105 0 -0.4 0 0.202511 -0.765482 -0.610759
38.6391 52.4347 30.3734 2.70929 0.20832 -4.5 0 0.0281498 0.119616 0.992421
58.077 42.215 48.298 0.235375 0 -2.06286 0 0.481615 0.835584 0.264286
20.081 41.5531 19.7256 1.0751 0 -4.5 0 -0.093171 0.984258 -0.150186
21.8533 45.7251 45.7948 0.225993 0 3.8 0 -0.975934 0.217543 -0.0150819
62.6809 41.0155 20.1884 1.0682 0.820028 -4.5 0 -0.218547 0.730176 -0.647364
37.1034 22.1334 28.597 0.349284 0 -4.5 0 0.531124 -0.814388 -0.233836
36.0139 46.0199 40.2747 5.47661 -0.839042 -0.8 0 0.604333 -0.059046 0.794541
60.131 59.6385 40.759 0.261148 -0.0355432 3.8 0 0.21832 0.881027 -0.419675
57.9911 31.3619 31.9076 0.734084 0 2.8 0 0.950846 0.301225 0.0717991
40.3573 49.2985 55.3045 -0.353918 -0.416242 -0.4 0 -0.450906 0.19251 0.871564
36.9839 21.709 30.6286 0.0611301 0 -4.5 0 0.0593496 -0.989197 0.134043
13.3287 43.3527 50.976 0.345411 0 -4.5 0 -0.417036 0.487264 0.767239
31.6607 43.4094 53.5516 0.752242 0.00552702 -4.29369 0 0.00320855 -0.539218 0.84216
60.4495 45.9985 31.1565 0.274052 -0.00200083 -1.3 0 0.363045 0.653658 -0.664025
17.1714 50.2743 33.1166 0.502856 0.0437053 -4.5 0 -0.586875 0.703842 -0.400229
40.9 23.5783 54.8232 0.593624 0 -4.5 0 0.340569 -0.512932 0.78798
30.967 27.79 33.5418 0.566687 0 3.8 0 -0.766032 -0.610274 0.201892
44.6447 43.1201 47.0235 5.17572 0 -0.8 0 -0.496134 -0.363206 -0.788627
30.0696 40.438 25.4155 -0.402298 -0.0799951 -0.0185475 0 0.13086 -0.896118 -0.424085
30.9145 57.3265 29.3937 0.790782 0 1.85604 0 -0.294155 0.931968 0.211916
33.0445 38.1584 16.6456 -0.730006 -0.274697 -3.5 0 -0.354312 -0.912533 -0.204319
54.408 25.7365 30.6186 -0.571625 -0.582948 -3.5 0 0.83177 -0.300865 -0.466518
53.7482 42.2254 63.7899 0.253953 0 -0.4 0 0.386317 -0.0421792 0.921401
44.8274 49.8195 46.3283 4.68516 0 -3.5 0 0.254162 -0.454555 -0.853687
29.8489 28.1754 37.5185 -0.485003 -0.221143 -2.22221 0 -0.662931 -0.448788 -0.599259
48.0052 51.9938 44.1515 3.48421 0 4.2 0 0.351226 -0.653309 -0.670692
46.8667 60.0371 46.1847 1.07002 0 -1.6 0 0.804856 -0.26248 -0.532269
29.7995 23.7835 52.597 0.203666 0 1.8 0 -0.099792 -0.371589 0.923019
28.0373 53.3078 49.437 -0.159246 -0.768186 1.8 0 -0.299368 0.903422 -0.306932
19.069 45.7901 28.8903 0.875549 0 -4.5 0 -0.286083 -0.314012 -0.905292
57.6395 29.1875 28.397 0.725156 0.0154467 2.56232 0 0.720323 -0.688333 0.0856293
55.885 38.5645 27.944 1.09706 0 1.8 0 -0.408318 0.911118 0.0560398
57.7106 55.1206 46.5909 0.119577 -0.417035 -3.5 0 0.251429 0.573885 0.779384
55.6815 48.834 38.9705 2.20579 0 1.9 0 -0.785109 0.577901 -0.222788
52.1656 54.1908 48.7755 1.22212 0.374568 -3.61409 0 0.463981 0.773245 0.43222
57.224 51.258 22.9557 0.403037 0 3.8 0 0.382828 0.612376 -0.691693
28.781 54.7819 47.0389 0.5544 0 -0.7 0 -0.523592 0.361158 0.771632
57.5773 38.0675 42.8372 0.641373 0 -0.9 0 0.912912 -0.40163 -0.0726969
34.7858 30.8561 31.9041 -0.626262 0 3.8 0 -0.272305 0.500693 -0.821679
58.2134 44.2059 61.4287 0.293431 0 -3.5 0 0.888425 -0.403566 0.218712
54.8446 40.645 52.6665 0.395864 0 -3.78189 0 0.433971 -0.260335 0.862493
32.7639 25.6601 53.7673 -0.246282 0 1.10551 0 -0.0603507 -0.41692 0.906937
45.9244 46.4771 61.8003 0.367263 0 -4.5 0 0.468165 0.350707 0.811065
17.4998 32.4669 24.3844 0.508125 0.455515 -4.5 0 -0.911075 0.0733467 0.405664
15.3066 50.0226 41.3371 -1.50714 -0.529549 -3.5 0 -0.895743 -0.420836 -0.143321
41.8994 16.9387 52.6548 -0.457286 -0.161822 -4.17451 0 -0.164235 0.290749 0.942599
15.0737 46.917 37.1355 1.03432 0 -3.9 0 -0.647822 0.122804 -0.751828
32.4815 60.6784 46.5911 2.111 0.342334 -3.9 0 0.629866 0.320848 -0.707337
55.4972 46.2433 38.2433 1.91881 0 1.47154 0 -0.637547 0.475 -0.606555
58.713 31.091 43.2675 -1.33144 -0.866088 -3.5 0 0.410887 0.0471673 0.910465
25.4153 55.9346 33.2229 0.810201 0 -1.6 0 0.0767207 -0.647725 -0.758002
41.9236 51.2713 43.4868 4.94757 0 -1.3 0 0.0991218 -0.987368 -0.123606
43.4241 19.3486 35.0584 0.341097 0 -0.648192 0 0.0107431 -0.343129 -0.939227
39.5585 47.076 25.5025 0.786847 0 -4.5 0 0.805288 0.565591 -0.177815
34.207 26.784 54.994 -0.105659 0 -3.5 0 0.189879 -0.688282 0.700152
35.1838 38.618 15.1858 0.25116 0.244033 -3.82981 0 -0.404807 -0.68013 -0.611191
57.2485 54.8479 32.1901 0.547945 0 3.24015 0 0.974324 0.224058 -0.0221607
44.1269 60.1372 38.5006 1.47285 0 -4.5 0 -0.524832 -0.254819 -0.812169
15.6719 32.5457 44.1939 -0.782818 -0.395384 0.117887 0 -0.850542 -0.023877 -0.525365
44.5816 37.1715 55.8841 0.396393 -0.520271 0.261426 0 0.481982 -0.158154 0.861789
31.1844 46.2119 54.6451 1.205 0 -4.5 0 -0.506609 -0.0221204 0.861892
22.063 31.4412 59.7542 0.106391 -0.169699 -3.5 0 -0.639012 -0.709636 0.296783
16.7558 43.984 42.7207 0.157735 0 -4.5 0 -0.895513 0.418952 -0.15012
52.242 23.9255 45.796 0.11197 0.0868622 0.166713 0 -0.273586 -0.20265 0.940257
49.546 19.3535 27.439 -0.0486272 0 -3.5 0 0.669742 -0.742302 0.0208
41.2161 54.8151 38.194 1.71465 0 -3.5 0 0.415921 0.000477363 -0.909401
22.416 32.2964 37.7607 -0.446133 0 1.68322 0 -0.7757 -0.29104 -0.559986
24.8579 48.7696 49.0724 0.526637 0 3.8 0 -0.771059 0.527908 0.356063
52.4831 50.1796 60.7154 0.0940053 0 -2.32713 0 0.524552 0.519252 0.674702
25.9562 52.4132 52.26 0.238013 -0.0531067 1.01773 0 -0.758577 0.616032 0.212287
60.7201 46.5127 42.9466 0.45376 0 1.9 0 -0.522306 -0.00154852 0.852757
31.7274 60.9215 36.6512 0.53533 0 -1.6 0 0.0534135 0.998263 -0.0248596
29.6715 40.27 24.082 -1.42373 -0.287942 -1.6 0 0.418767 -0.86293 -0.282818
14.5351 41.3298 50.7682 0.694177 0.090993 -3.71191 0 -0.565813 -0.80658 0.171127
29.8341 42.9182 19.1749 0.216538 0 -3.5 0 -0.755227 -0.336011 -0.562787
28.2045 53.0158 53.9039 0.752267 0 0.830546 0 -0.429383 0.11194 0.896158
41.0503 52.8848 27.2388 0.868078 0 -3.5 0 0.608145 0.293206 -0.737692
54.9429 55.6074 46.7891 0.522299 0 -2.83546 0 0.302805 0.606638 0.73505
67.6478 42.0259 40.954 0.15231 0 -3.5 0 0.902408 0.0652758 -0.42591
47.5085 50.5805 25.0015 0.33981 0 -0.8 0 -0.525646 0.396943 -0.752418
37.9963 55.6351 50.255 0.796329 0 -4.0627 0 -0.490458 -0.0418017 0.870461
28.3189 53.6646 26.3519 -1.12462 0 -0.8 0 -0.256971 0.536323 -0.803942
44.2931 14.9614 54.141 -0.0275012 0 -4.5 0 -0.2487 -0.386116 0.888292
36.1603 45.2054 58.6825 0.345001 0 4.2 0 -0.467021 -0.163965 0.868911
63.1651 39.3065 41.0105 0.15191 0 0.702958 0 -0.142293 -0.833139 0.534445
61.6051 40.354 28.148 2.02638 0 -2.34845 0 0.994524 0.00305795 -0.104465
60.8874 34.3305 27.269 0.363991 -0.222074 -1.19054 0 0.921022 0.0415877 0.387285
55.861 51.607 42.935 3.03307 0 -4 0 -0.413991 -0.577137 -0.703935
64.316 38.6905 40.9674 0.253621 0 -4.5 0 -0.392333 -0.593657 0.7026
43.9725 55.667 57.148 0.691889 0 -3.29283 0 -0.278896 0.815743 0.506734
29.2645 58.7674 48.6171 1.28273 0 -3.9 0 -0.697787 -0.254057 0.669738
57.5259 59.0551 43.3309 0.237642 -0.184521 3.8 0 -0.104609 0.515587 0.850427
41.098 31.3745 19.4711 -0.889644 0 -3.5 0 -0.516778 -0.470271 -0.715392
58.5621 27.3458 33.4675 0.534435 0 -4.5 0 0.561921 -0.430425 -0.706385
51.7555 34.4065 48.953 1.63711 0.602818 -4.5 0 0.584616 0.804789 -0.102655
19.64 39.9475 23.5305 0.836186 0 -0.59035 0 -0.230359 0.973105 -0.00109522
30.5951 24.8622 40.1268 -0.174922 0 -4.00636 0 0.634007 -0.634419 -0.442208
70.5533 35.9222 38.6445 0.755407 0.713674 -4.5 0 0.579841 0.609846 -0.540251
56.159 50.6381 49.9179 0.922937 0 -1.6 0 0.719795 0.636247 -0.277641
19.2773 50.2033 32.212 0.465546 0 -4.5 0 0.0638242 0.746019 -0.662859
39.4272 31.0163 56.5308 0.244236 0 -3.5 0 -0.613692 0.388712 0.68723
28.4055 60.9859 45.715 0.559357 0 -2.92332 0 0.543628 0.830397 0.122099
56.7644 43.9496 47.9625 0.170713 0 0.582904 0 0.920075 0.14552 0.363711
54.3416 51.7346 39.8726 2.54986 0 1.8 0 -0.0469864 -0.997112 0.0596595
56.0694 44.5191 23.6968 1.4318 0.702457 -3.15052 0 0.931018 0.194101 -0.309079
37.3823 29.889 25.656 0.0865008 0.345621 -2.03017 0 -0.643366 -0.176922 -0.744835
41.327 52.6255 57.743 0.293505 0 -0.7 0 -0.167146 -0.447368 0.878592
20.9897 54.4915 42.194 0.0218363 0.297635 -2.15 0 -0.349313 0.282364 -0.893449
45.5366 64.4749 48.7298 -1.01025 -0.328453 -4.5 0 0.371475 0.914574 0.15988
44.267 13.9377 49.6878 0.169593 0 -4.5 0 0.489938 -0.544737 -0.680604
38.527 52.496 52.2875 0.143282 -0.351979 -3.5 0 -0.891857 0.157796 0.423901
55.425 43.788 21.4645 3.13594 0.0486582 -3.9 0 0.522105 0.386389 -0.760335
12.5725 39.2365 33.9115 0.406203 0 -3.5 0 -0.513697 -0.396472 -0.760872
62.1389 38.3585 24.3284 0.839905 -0.125465 -4.5 0 0.485436 -0.864352 -0.131333
34.3911 38.2469 16.6544 -0.229091 -0.0494715 -1.82692 0 -0.0946788 -0.856287 -0.507749
51.7831 61.2318 40.6589 0.211176 -0.380563 -0.8 0 -0.0418933 0.996177 -0.0766507
47.5846 32.6816 25.5872 1.27653 0 -4.5 0 0.775547 0.625571 0.0847815
46.5005 62.5667 36.6104 1.13234 0 -4.5 0 -0.717038 0.672333 0.183916
50.898 55.4165 57.4195 0.108468 0 3.8 0 -0.38931 0.646331 0.656273
42.1273 20.4568 52.431 -0.0186367 0 -3.5 0 -0.158858 0.0199796 0.987099
31.9445 45.7788 19.1213 0.120847 -0.895842 -4.02158 0 -0.377047 0.318217 -0.869813
21.9075 40.377 21.294 0.843254 0 -4.5 0 0.800259 0.569068 0.189071
41.003 60.276 42.185 0.656782 0 -4.5 0 -0.18336 0.96499 -0.187543
21.193 53.996 36.277 -2.07487 -0.353558 -3.5 0 0.0204333 0.749566 0.661614
39.2544 60.2379 40.8934 0.333039 -0.241223 -3.87184 0 0.600677 0.580043 -0.550215
51.9869 55.816 57.712 0.0939982 0 3.8 0 0.0472923 0.771433 0.634551
18.8205 33.873 40.1427 -0.133074 0 3.8 0 -0.908566 -0.174362 -0.379613
36.9253 37.545 12.2353 2.0406 0.436261 -3.9 0 -0.618959 -0.216049 -0.755124
28.7878 33.8486 30.8113 0.137918 0 1.8 0 -0.0397708 -0.743037 -0.668068
24.2829 57.915 42.515 0.413191 0 -0.8 0 -0.291325 0.201305 -0.935204
63.2485 39.2805 19.77 0.90937 0 -4.5 0 -0.345572 -0.607057 -0.715585
60.7446 30.6057 39.3594 0.482445 0.463081 -4.5 0 0.585398 -0.172091 0.792272
16.6472 40.807 28.6895 0.0697649 0 -0.4 0 -0.366179 0.92968 -0.0400941
15.8717 42.2725 36.9941 -0.141853 0 -3.9 0 -0.923814 0.237458 -0.300303
16.446 36.2731 29.211 -0.317714 0 -3.5 0 -0.948965 -0.314513 -0.0233838
21.2194 52.6746 38.8454 -1.20297 -0.946293 -3.5 0 -0.558994 0.809634 -0.178941
39.297 59.1838 49.7567 0.660229 0 -3.5 0 -0.0793476 0.22471 0.97119
32.1545 50.9095 22.9525 0.293161 0 -3.57374 0 0.0314301 0.821652 -0.569122
48.167 58.461 55.008 -1.1498 -0.285408 -3.5 0 0.201831 0.942609 -0.265994
39.8628 55.1992 29.8883 3.41894 0 -4.5 0 0.0830642 0.65996 0.746695
60.9437 50.721 37.5126 0.418572 0 3.8 0 0.569635 0.675872 -0.467668
19.882 47.7603 29.239 0.965292 0 -4.5 0 -0.173117 0.788185 -0.590588
55.9118 53.1527 32.5449 0.838249 0 3.8 0 0.484428 -0.747424 0.454628
46.8672 56.2668 38.543 1.66459 0 -4.5 0 -0.781342 -0.619643 0.0744779
25.4025 33.0199 22.7926 0.0846219 0 -2.80403 0 0.282093 -0.957282 0.0635249
58.926 41.192 23.867 0.822637 0 -4.5 0 -0.77549 0.604528 -0.182101
14.9893 41.969 51.8075 0.412035 0.471933 -1.35016 0 -0.469899 0.268358 0.840939
46.082 14.146 53.224 -0.0587709 0 -4.5 0 -0.171759 -0.938517 0.299474
53.8245 59.0605 46.1673 0.314153 0 -3.5 0 0.347777 0.275193 0.896281
31.969 51.9125 23.809 -2.72068 0 -3.5 0 -0.0382839 0.782877 -0.620998
62.5397 51.8693 45.1987 -1.09944 -0.0666377 -1.6 0 0.297855 0.0818526 0.951096
58.8405 30.8603 23.2817 1.89234 0 -4.5 0 0.391318 -0.71288 -0.581955
14.989 30.7803 47.6857 -0.732555 0 -3.5 0 -0.849787 -0.317493 0.420785
46.0406 53.9222 62.5635 0.182753 0 -0.8 0 -0.462375 0.561164 0.686516
36.7313 34.709 18.483 -0.208041 0 -3.9 0 -0.571679 -0.383468 -0.725352
66.6267 46.8724 37.238 0.686932 0 2.8 0 0.493939 0.594267 0.634721
30.0374 52.3501 24.9754 -1.50779 -0.254887 -2.67717 0 -0.0722273 0.603943 -0.793748
48.0274 15.086 50.5405 0.757243 0.749012 -4.5 0 0.499411 -0.195118 -0.844108
52.2539 44.3011 34.6165 1.30256 0 2.9176 0 0.275482 0.940889 0.197073
35.3165 22.3879 49.5882 -0.461156 0 -1.3 0 0.535517 -0.564296 0.628325
43.832 33.9803 22.487 0.0223992 0 3.8 0 0.790393 0.0805191 -0.607285
51.1012 40.5575 56.0897 0.229234 0 -1.6 0 0.578902 -0.5188 0.629062
59.4033 40.1906 48.3551 0.386133 0 -0.9 0 0.719162 -0.512131 0.469603
25.134 50.075 51.6545 0.349684 -0.16898 -0.4 0 -0.935285 0.249252 -0.251226
63.4528 60.1735 42.2337 0.144168 0 3.8 0 0.164718 0.860689 0.481749
59.7508 34.1749 35.5774 -0.949749 -0.835797 -3.5 0 -0.00185129 0.199267 -0.979944
41.8175 30.795 18.957 -1.04624 0 -3.5 0 -0.482357 -0.644998 -0.592714
57.4865 38.4393 45.6 0.384078 0 -0.9 0 0.410854 -0.886788 0.211674
47.1039 58.0503 53.895 -0.812663 0 -0.460117 0 -0.00188427 0.990375 0.138399
65.902 46.1437 38.5124 3.98248 0 2.89652 0 0.911688 0.296859 0.284076
63.4372 43.2682 44.8317 -0.994465 -0.0288891 1.8 0 0.0910965 -0.130661 0.987233
19.9935 33.6941 30.3962 -0.0899588 0 -4.5 0 -0.428876 -0.889449 -0.15794
22.2711 33.7055 31.2449 0.34413 0 -4.5 0 0.170106 -0.975874 -0.136873
52.629 14.043 42.368 0.156118 0 -0.4 0 0.606929 -0.726029 0.323293
24.8115 62.0451 42.3348 0.800274 0.452627 -0.7 0 -0.395843 0.806137 -0.439831
55.8018 48.8218 42.7835 2.54829 0.118209 -3.5 0 -0.454537 0.68922 -0.564245
58.2051 38.2211 37.7228 1.38299 0 -1.6 0 0.318122 0.0526835 0.946585
49.0785 49.5305 62.404 1.30945 0 -4.5 0 -0.74726 -0.412015 0.521388
15.282 52.3324 42.4625 -1.01616 -0.713323 -3.5 0 -0.881034 0.431503 0.193868
38.6585 54.9043 51.0983 0.820387 0 -4.5 0 -0.788726 0.115811 0.603738
49.3039 54.3665 40.5633 3.84183 -0.459872 -2.6047 0 -0.458146 -0.849464 -0.261749
46.4168 56.7631 39.3483 1.19427 0 -3.63843 0 -0.717483 -0.535011 -0.446073
56.2933 53.7475 56.6625 0.31405 0 1.8 0 0.713786 0.00163201 -0.700362
46.167 51.9362 63.1855 0.438944 -0.440728 -0.8 0 -0.666275 -0.338116 0.664646
47.4205 16.8775 52.0655 0.211534 0 -4.5 0 0.647675 0.761584 0.0224993
58.1416 33.3381 21.8916 1.21474 0 -4.5 0 -0.246266 0.484852 -0.839209
29.3818 29.8472 59.154 -0.424253 0 -0.8 0 0.0508414 -0.941066 -0.33438
34.385 33.333 23.7747 -0.43299 0 -0.7 0 -0.813031 -0.257567 -0.522149
35.3073 26.976 41.3817 1.1227 0 0.0146345 0 -0.20639 -0.930037 0.304031
57.334 18.2521 35.5047 0.357737 0 -3.9 0 0.988348 -0.122479 0.090372
46.9764 34.7449 54.602 1.42136 0.262863 -3.5 0 0.491388 0.462207 0.738175
21.3009 39.1121 15.668 0.592917 0 -4.5 0 0.494696 0.512029 -0.702213
43.3097 38.9297 45.859 5.3285 0 1.90026 0 -0.0921154 0.992281 0.0830246
40.0633 20.1413 48.4992 8.18058 0 -1.23599 0 -0.728148 0.573003 0.376124
33.4235 25.5689 36.9126 0.16569 0 2.99979 0 -0.213944 -0.965336 -0.14951
55.332 22.3265 31.0445 -1.55096 -0.328047 -3.5 0 0.292309 -0.30515 -0.906332
27.517 24.9296 41.2173 -0.991623 0 -4.5 0 -0.971238 0.107146 -0.212642
33.9805 41.578 57.4048 -0.269862 0 -3.5 0 -0.541412 0.745593 0.38854
43.6619 54.5793 59.0083 -0.590002 -0.73284 -0.8 0 -0.721873 0.574486 0.385832
33.6131 56.4104 31.1174 -0.661033 0 2.98276 0 0.677903 0.49582 0.54278
26.3169 27.5658 51.502 0.270962 0 2.78315 0 -0.690963 -0.583811 0.426303
57.2779 41.2589 31.0907 1.52416 0 -1.6 0 -0.57129 -0.802663 -0.171346
25.289 58.044 32.1068 2.01015 0.254695 -3.9 0 0.582377 0.175612 -0.793723
49.2352 48.8451 23.2311 -0.293111 -0.356125 2.00414 0 -0.327331 -0.377627 -0.866171
23.0643 31.248 55.8265 -0.529966 -0.0591297 -3.5 0 -0.585713 -0.808475 0.057515
34.3158 34.7347 30.8396 -0.22108 0 -1.68925 0 -0.0758636 -0.997118 2.55307e-05
56.3496 25.7248 40.9269 -0.442682 0 -3.5 0 0.826834 -0.191883 0.528703
48.3935 25.1055 47.3325 0.275018 0 -3.02029 0 0.727338 -0.655341 0.203731
44.4888 40.9386 41.8693 5.30799 0 0.43342 0 -0.184259 0.00777201 0.982847
44.851 61.2205 50.5055 -0.0138337 -0.469489 -1.6 0 -0.596231 0.573206 0.562089
57.7494 43.2896 51.0643 0.131517 -0.151425 -2.43421 0 0.990725 -0.0137087 -0.135186
31.3009 60.4819 39.6209 0.421277 0 -3.5 0 -0.650711 0.715547 0.254102
50.1581 60.2972 43.1101 -0.571187 -0.207034 -3.5 0 -0.361513 0.906952 0.216208
42.0206 27.86 22.8044 0.487872 0.032235 -3.67024 0 0.959284 -0.0496906 -0.278039
35.4495 22.6894 42.7438 -0.0673151 0 -1.3 0 -0.370189 -0.135888 -0.918964
56.9027 47.669 60.6425 -0.110311 -0.0719077 -3.5 0 0.618927 0.64337 0.450559
39.7226 45.2388 47.2204 5.29121 -0.0398439 -2.57612 0 0.165402 0.564122 -0.808955
44.9337 42.6411 21.8713 -0.882514 0 -3.5 0 0.579994 -0.550444 -0.600515
53.7959 45.3128 63.1567 0.0193937 0 -0.174745 0 -0.49641 -0.324101 0.805317
24.7965 48.3704 22.2089 0.743479 0 -4.5 0 -0.874867 -0.455058 0.165922
54.6952 36.7099 33.4356 1.71171 0.0898509 3.28588 0 0.41394 0.0956948 -0.90526
48.2879 41.399 44.7482 5.42186 0 -0.7 0 -0.447503 -0.820213 0.35636
35.5284 58.1281 28.7325 0.618676 0 4.2 0 0.703866 0.708796 -0.0466989
38.6384 62.9304 50.5189 0.645819 0 -1.6 0 -0.32795 -0.0660198 0.942386
55.8375 25.6015 42.545 -0.0876894 0 3.28103 0 0.965316 0.117607 0.233095
66.6168 50.4809 39.8854 0.935429 0 -0.7 0 0.514784 -0.778592 -0.358876
51.1871 57.1263 35.9504 1.03197 0 -1.54451 0 0.468002 0.876924 -0.109445
20.0215 33.1069 19.6014 0.985279 0.337839 -4.5 0 -0.232258 0.489281 -0.840631
52.958 31.935 51.8645 0.29854 0 -4.5 0 0.65036 -0.755424 0.0797901
32.8022 25.043 30.0723 0.57452 0.00295015 -4.5 0 -0.511767 -0.557376 0.653779
39.6265 13.1699 51.4224 -0.758696 -0.200022 -4.5 0 -0.766673 -0.494205 0.409847
40.8875 48.189 46.4645 5.81995 0.540929 -3.5 0 -0.773638 -0.334145 -0.538359
31.842 26.061 30.947 0.984788 0.349778 -0.4 0 -0.334837 -0.881459 0.333038
27.3853 33.1436 61.0952 0.440383 0.00919225 -2.8953 0 0.0586467 -0.376058 0.924738
54.0118 25.2979 48.9663 -0.339753 -0.0285178 -3.5 0 0.0473183 -0.998874 -0.00328288
35.1141 47.3343 56.9869 1.12181 0.666552 -2.94624 0 -0.0265855 0.617631 0.786019
46.2513 47.8115 60.0435 1.0121 0 -4.5 0 0.444316 0.45889 0.769418
18.726 44.17 52.7598 0.0351501 0 -3.5 0 -0.613477 0.096915 0.783744
47.0381 53.2783 35.5459 0.558006 0 0.00940842 0 -0.72951 0.167116 0.663241
41.829 45.674 21.552 0.725278 -0.721147 -3.5 0 0.355348 0.753807 -0.552723
59.665 34.84 42.1222 1.14301 0 -3.9 0 0.78326 0.540159 0.307786
61.2067 43.2777 27.2938 0.910411 0 -1.6 0 0.757718 0.594442 -0.269264
36.0215 60.3727 46.2168 0.277724 -0.0414076 -0.462042 0 -0.922792 0.239378 0.301914
61.0614 32.8271 35.8254 0.135836 0.00512613 -3.89839 0 0.768217 0.159263 -0.620062
48.6418 24.7575 28.2339 -0.976489 0 -0.8 0 -0.578518 0.430754 -0.692653
42.2724 12.1635 52.0821 -1.30787 -0.273514 -4.5 0 0.110797 -0.990382 -0.0828645
51.834 42.3787 59.7147 0.0614853 0 -0.14607 0 -0.0365213 -0.768382 -0.638949
65.4573 58.8455 41.225 0.170504 0 3.8 0 0.987107 0.0775418 0.140024
26.345 33.2585 23.3845 -0.273277 0 4.2 0 0.582353 -0.771927 0.254938
50.4888 42.0163 60.6457 0.641469 0 3.5189 0 0.0316301 -0.690528 -0.722613
36.5875 23.9875 39.926 -0.248398 0 4.43373 0 -0.820929 -0.493829 -0.28672
61.1995 31.3673 24.6195 0.569282 0 -4.5 0 0.704631 -0.709393 0.0160261
33.0018 30.151 58.346 -1.11243 -0.899732 -3.5 0 0.611216 -0.138984 0.779166
50.3735 59.9595 32.6025 0.675259 0 -4.5 0 0.628437 0.763007 0.151286
25.7475 28.3815 43.096 -0.115405 0 4.2 0 -0.488284 -0.45838 -0.742608
52.7465 54.9793 51.7407 0.524904 0 3.8 0 0.409054 0.391435 -0.82429
50.962 45.346 39.048 2.67198 0 3.8 0 0.0556279 0.973911 -0.220006
24.3785 52.0584 33.0052 -0.0764434 0 0.097444 0 -0.259452 0.653919 -0.710686
61.059 40.508 45.057 0.172093 0 -0.9 0 0.583341 -0.731212 0.353613
70.7239 33.7166 38.3605 0.480822 0 -4.5 0 0.45559 -0.259683 -0.851471
58.083 36.3298 39.4169 0.595168 0 -3.9 0 0.561935 0.807258 0.180454
21.2599 44.9027 46.353 0.142599 0 3.8 0 -0.907985 0.414724 -0.0597268
43.7944 25.4081 27.1868 -0.526209 0 -4.06766 0 0.425921 0.487308 -0.762314
61.2194 26.8507 35.0018 0.489418 0 -4.5 0 0.69094 -0.694118 -0.201995
43.9241 36.9258 20.2547 0.28105 0 3.8 0 0.391387 -0.218089 -0.89401
11.5055 40.2116 33.7874 0.0145676 0 -3.5 0 -0.633731 -0.247588 -0.732861
56.4622 42.127 55.531 -0.967725 -0.784881 -3.5 0 0.0904135 -0.953875 0.286266
43.0322 54.3786 40.8154 1.75141 0 -1.3 0 0.374925 -0.136537 -0.916946
57.7055 52.0382 25.5758 0.432041 0 3.8 0 0.886344 0.460541 -0.047923
52.9705 57.044 56.275 0.173365 0 3.8 0 0.618915 0.676488 0.399135
49.6765 12.5055 41.476 -0.0507674 0 -0.4 0 -0.268375 -0.883757 0.38334
42.297 46.205 60.1725 0.604202 0 -4.5 0 -0.652886 0.275073 0.705744
53.0762 37.372 29.6303 0.649699 0 1.9 0 0.572802 -0.719744 -0.392259
62.7238 34.0397 39.1328 -1.40132 -0.678522 -3.5 0 0.74814 -0.190531 0.635598
38.5241 12.8054 48.9505 -0.65725 -0.655652 -4.5 0 -0.693059 -0.720729 0.0147851
46.1095 49.7589 46.5561 4.31879 0 0.235453 0 -0.243191 -0.502046 -0.829945
30.8797 51.06 22.9158 -0.0821317 0 -4.02088 0 0.116053 0.931904 -0.343636
21.7838 42.2815 53.2378 0.109703 0 -0.4 0 -0.372409 0.286856 0.882624
51.3102 57.3905 55.9487 0.0774927 0 3.8 0 -0.0988276 0.930128 0.353689
28.7231 24.3034 53.6975 0.0721256 0 3.8 0 0.0497675 -0.883628 0.465537
53.4175 49.6421 31.6841 1.84809 0 2.8 0 0.445584 -0.745175 0.496154
39.6565 45.572 59.8315 -0.190111 0 -0.8 0 -0.438827 0.276905 0.854842
16.515 50.5817 38.4055 -0.947754 0 -3.5 0 -0.899048 0.423347 0.111755
32.6389 31.9001 60.6646 -0.896174 -0.838679 -0.8 0 0.970875 0.20901 0.117115
43.2725 36.464 57.137 0.264068 0 3.8 0 0.535413 -0.0643641 0.842134
35.6795 36.7075 23.5793 -1.32492 -0.728801 -0.650468 0 -0.928758 0.369399 0.0308663
52.1325 26.3507 50.8872 -0.412512 0 -3.5 0 0.312352 -0.779407 0.543103
25.8557 51.404 27.0705 -0.522925 0 -3.5 0 -0.692225 0.668521 -0.271853
40.7192 22.193 32.556 -0.103694 0 1.75097 0 -0.0421589 -0.53437 -0.844198
18.3761 37.7245 53.8633 0.597609 0 -3.47408 0 -0.560478 0.00533785 0.828152
41.834 56.8335 54.7871 0.52149 0 -2.49737 0 -0.174675 0.797253 0.577821
15.5505 37.9954 43.9787 0.0520302 -0.737349 -0.7 0 -0.937076 -0.0753767 0.340892
43.8195 54.733 29.5425 -0.942468 0 -3.5 0 0.838858 0.316669 -0.442761
46.6474 37.0811 55.198 0.0799959 0 -1.6 0 0.329435 -0.679429 0.655628
48.95 26.0462 28.5629 -0.551912 0 -2.33495 0 -0.62306 -0.0810629 -0.777962
40.3853 13.3679 47.8107 0.245678 0 -4.5 0 0.588039 -0.614012 -0.526497
16.4799 47.0525 41.5136 0.816569 0.417983 -2.28588 0 -0.783631 -0.119611 0.609602
19.641 37.9675 54.482 0.446906 0 -3.9 0 -0.329501 0.20231 0.922225
29.763 50.606 53.852 1.00883 0.669919 -0.4 0 0.231578 -0.372552 0.898653
35.8162 23.6621 42.6717 -0.133671 0 -1.3 0 -0.621488 0.390464 -0.679184
37.9164 24.2966 35.0121 -0.05132 0 4.2 0 -0.0630584 -0.861779 0.503349
34.5705 44.3208 17.88 0.97333 0.38594 -3.5 0 -0.000772457 0.743717 -0.668494
60.3296 48.2031 43.9284 0.200066 0 -1.6 0 -0.201747 -0.954085 0.221403
41.9875 51.1323 56.8792 0.518952 0 -2.54089 0 -0.361452 -0.268278 0.892961
39.3893 36.4282 58.1201 0.119927 0 3.8 0 -0.384912 0.18657 0.9039
35.5428 36.0353 18.2593 0.688999 0 1.8 0 -0.321494 -0.538287 -0.779031
35.517 39.7134 23.0654 -0.0908436 0 -3.5 0 -0.996049 -0.0885894 0.00613608
27.05 36.2725 18.8831 0.126283 0 4.2 0 0.794865 0.246104 -0.554637
20.866 40.1705 17.251 0.509439 0 -4.5 0 0.278834 0.860717 -0.425932
50.0636 38.3339 49.0721 2.992 0 -3.9 0 0.746495 -0.00919263 -0.665328
52.8345 31.5725 53.1535 0.284516 0.00649092 -4.5 0 0.413005 -0.870755 0.266857
35.2535 44.2444 25.7659 -0.185044 0 3.8 0 0.105286 -0.627526 -0.771444
32.5605 34.647 27.3046 -5.6534 -0.190251 -3.5 0 -0.593918 -0.784814 -0.176996
52.7935 15.6725 38.5103 -0.118098 -0.0615495 -3.9 0 -0.10545 -0.744226 -0.659551
20.1373 32.5959 55.5371 0.0151069 0.322664 -3.69158 0 -0.370096 -0.173886 0.912575
14.8918 33.2108 50.7412 -0.0265733 0 -4.5 0 -0.80438 -0.574262 0.152303
48.612 21.8167 47.37 0.820415 0 -4.5 0 0.729609 0.238467 0.64094
60.1623 49.5054 54.6082 -1.68326 0 -3.5 0 0.761392 0.198993 -0.616996
32.4374 31.321 31.5904 -1.95299 0 3.8 0 0.548262 0.561858 -0.619455
39.1842 52.3416 54.0537 0.785826 0 -0.567363 0 -0.934673 -0.355261 0.0132681
22.0175 59.6661 43.9618 -1.17417 -0.207633 -0.7 0 -0.560718 0.714294 -0.418784
43.4006 14.234 54.006 -0.753505 -0.979397 -4.5 0 0.198643 -0.0223654 0.979817
35.3322 65.9212 40.638 -1.28978 -0.027086 -3.5 0 -0.751736 0.615697 0.236241
36.212 54.6618 26.5693 0.649718 0 4.2 0 0.162361 0.333187 -0.928776
55.0714 29.318 21.0444 0.778497 0 -3.5 0 -0.216592 0.472336 -0.854393
31.4809 47.0224 19.673 0.412396 0 -4.5 0 -0.296514 -0.0413114 -0.954135
16.437 36.53 27.9425 -0.421791 -0.146695 -1.72653 0 -0.828143 -0.3924 -0.400253
48.6855 57.4334 48.8228 0.528842 -0.104357 2.94011 0 0.796251 0.443528 -0.411421
33.484 26.4574 42.8853 -1.12037 -0.137959 4.2 0 0.726686 -0.645662 -0.234624
59.2044 56.2205 38.6151 0.56646 0 3.8 0 0.537608 0.397608 -0.743563
50.6959 56.8254 53.937 0.070717 0 3.8 0 0.130671 0.947424 -0.292085
29.6135 53.014 44.6608 0.650715 0 -3.9 0 0.675512 0.710135 0.198473
29.5767 23.3665 40.1235 -0.507392 -0.0231145 -4.5 0 0.413242 -0.463265 -0.783975
39.2393 54.3647 52.1353 0.935543 0 -2.56473 0 -0.951348 0.247805 0.18311
45.481 16.416 34.7035 -0.369759 0 -0.586272 0 -0.462247 -0.0782558 -0.883292
17.8398 35.7627 26.6704 0.103308 -0.10367 -3.98413 0 -0.928733 0.0941175 -0.358603
62.5455 45.824 45.1577 0.071353 0 -1.6 0 -0.317939 -0.360775 0.876787
35.9207 33.0074 55.6743 2.22372 0.616802 -3.9 0 0.89784 -0.1081 0.426847
43.681 21.361 34.4313 0.36319 0.943392 -0.7 0 0.160271 -0.560107 -0.812769
49.0279 60.451 42.2223 0.528465 -0.637526 -3.65587 0 0.397481 0.836967 0.376157
35.359 51.2721 45.5784 6.32777 0.722924 -0.8 0 0.957473 -0.272331 -0.0952983
43.5486 63.5245 45.0438 0.945243 0.577775 -4.5 0 -0.142192 0.906715 -0.39705
52.1686 21.3471 47.3338 0.105659 0 -3.5 0 0.103178 0.248813 0.96304
23.1455 31.3485 60.1975 -0.511567 -0.387163 -3.5 0 -0.141156 -0.906177 0.398646
65.6039 49.8185 40.3251 -3.82326 -0.859625 -0.7 0 0.781475 -0.621086 -0.0595719
19.7666 34.0667 29.2496 0.743028 0 -4.5 0 -0.59734 -0.788712 0.145322
53.318 32.978 30.2709 3.5132 0.027923 -2.322 0 0.471097 0.779763 -0.412356
35.6398 34.9557 55.347 1.72552 0.0829548 -3.9 0 0.759499 -0.024773 0.650037
37.0095 16.307 43.615 0.486493 0 -4.5 0 -0.712434 -0.0695233 -0.698287
22.1471 58.2445 45.6051 -0.736643 0 -0.7 0 -0.027425 0.383912 0.922962
40.536 14.2683 44.112 1.27266 0.879737 -4.5 0 0.764653 -0.636541 -0.100605
20.2084 28.2749 41.7616 0.165596 0 -2.14131 0 -0.439618 -0.745 -0.501708
56.1387 33.7907 29.051 2.171 0.566326 2.8 0 -0.637607 0.651834 0.410572
59.5244 32.3664 28.4676 0.851587 0 -4.5 0 0.731828 -0.044755 0.680018
58.8235 40.74 51.503 0.818261 0.0365619 -3.5 0 0.838612 0.518732 0.166275
25.8171 57.9501 41.6893 0.584922 -0.562383 -1.49044 0 -0.469086 0.374524 -0.799806
53.4082 24.7984 46.0925 0.0821111 0 -2.04268 0 0.214277 -0.602296 0.768977
13.6718 34.8924 51.108 0.169239 0 -4.5 0 -0.950333 -0.25151 0.18333
35.1097 48.6657 55.4287 0.662934 0 2.27275 0 0.411669 0.798438 0.439346
67.0689 38.7508 43.324 -1.20521 0 -3.5 0 -0.257117 -0.805329 0.534168
60.2905 59.0467 39.4292 0.360838 0 3.8 0 -0.111235 0.587998 -0.801177
53.7313 53.3273 27.401 0.532101 0 3.8 0 0.345289 0.918152 0.194353
41.5407 51.9394 37.7531 2.09183 0 -3.9 0 0.918497 0.275398 -0.28376
34.5117 59.484 37.3117 1.20637 0 -3.5 0 0.552621 0.595965 -0.582611
63.7671 52.6374 39.1241 0.508049 0 -0.7 0 -0.230252 0.0394471 -0.972331
58.8932 36.1619 40.645 0.672956 0 -3.9 0 0.480794 0.875087 0.0553091
43.1105 17.312 35.4734 -0.544968 0 -3.5 0 -0.191967 0.0312896 -0.980903
17.7529 41.2211 30.7162 -0.400874 -0.261266 -3.5 0 -0.481079 0.732374 -0.481863
35.3812 23.8945 51.2388 -0.439208 0 -4.02303 0 0.715171 -0.698944 0.00271287
32.3753 50.464 51.2781 1.41689 0 -0.91404 0 0.120206 0.365205 0.923134
62.2856 39.5429 28.8731 5.35255 0 -0.4 0 0.692805 0.268421 -0.669306
60.0467 31.4291 33.9026 0.913182 0 -4.5 0 0.361424 0.290199 -0.886091
23.4425 48.0825 28.0125 0.145524 0 -0.582288 0 -0.637026 0.433796 -0.637196
37.9325 48.7277 39.746 7.15114 0.121319 -1.50388 0 0.23099 -0.558679 0.796568
59.2301 37.223 29.1138 1.18574 0 1.8 0 -0.212231 -0.0168381 0.977074
65.7053 48.0575 35.251 0.367787 0 2.8 0 -0.137879 0.989971 0.0307813
59.518 38.987 32.762 1.4126 0 -0.4 0 -0.500757 -0.731543 -0.462695
53.2016 60.2573 45.7121 0.213785 0 -3.5 0 -0.057658 0.727657 0.683513
42.5821 42.9971 48.4651 4.74112 0 -0.7 0 0.0503707 -0.598214 -0.799752
15.6652 36.4291 44.6904 0.305795 -0.554082 -1.799 0 -0.988391 -0.0337216 -0.148143
33.1074 31.8787 58.6581 0.173143 0.264316 -3.9 0 0.636727 -0.0658437 0.768273
46.5305 59.129 52.4451 0.340829 0 2.8 0 0.13877 0.587314 0.797374
56.1642 15.8725 40.3218 -0.0483655 0 -3.66519 0 0.705287 -0.648895 -0.285491
30.4781 26.2425 54.6632 -0.156731 0 3.8 0 0.494011 -0.526469 0.691942
38.2298 23.0662 33.0185 0.672154 0.812517 -4.5 0 -0.418384 -0.766756 0.486868
24.9727 33.675 18.2132 0.336473 0 4.2 0 -0.53977 -0.0922162 -0.836747
48.1398 17.0602 45.1753 0.131215 0 -0.434336 0 0.00418484 -0.903429 0.428718
47.4681 15.0211 41.3529 -0.143234 -0.0281529 1.71969 0 -0.398167 -0.821142 0.408888
45.4219 51.5104 27.0416 -0.214049 0 -0.8 0 -0.0394823 0.86479 -0.500579
39.1456 27.4807 22.2681 0.317891 0 -3.84703 0 -0.862784 -0.34195 -0.372388
26.1495 55.226 46.9155 0.202391 -0.180798 -3.9 0 -0.22538 -0.206403 0.952156
50.4315 56.5044 56.5373 -0.0634273 0 3.8 0 -0.207839 0.60504 0.768589
54.0768 54.1905 59.6855 0.162918 -0.0793575 1.8 0 0.0259871 0.495201 0.86839
54.6217 19.9724 45.8746 -0.0729902 0.512107 -3.5 0 0.187529 -0.0830873 0.978739
18.4338 32.6569 40.6603 -0.0186827 0 3.8 0 -0.792856 0.179955 -0.582233
22.3857 44.6755 27.3924 -0.242549 -0.950549 -4.5 0 -0.640485 0.32664 -0.695043
64.223 51.5327 38.787 0.282191 0 -0.7 0 0.0627112 0.271854 -0.960293
51.4915 50.0085 66.4984 0.57794 0 -4.5 0 -0.0515887 0.317195 0.946956
68.3723 31.3291 40.9738 0.612584 0 -4.5 0 -0.227455 -0.927357 0.297109
20.2795 42.8843 26.3883 0.16802 0 3.8 0 -0.59125 0.6518 -0.474953
36.5143 51.1975 52.6819 -0.197118 -0.0350442 -1.6 0 0.475458 0.3768 0.79496
29.3621 58.6461 38.6917 0.325377 0 -3.26382 0 -0.55339 0.747058 0.368327
40.854 51.2145 26.354 0.768569 0 -4.18142 0 0.618493 0.0653831 -0.783066
21.8045 27.048 48.1185 0.448615 0 -3.9 0 -0.842756 -0.384849 0.37637
44.0191 51.1138 44.8854 4.43817 0 -2.11677 0 0.27067 -0.858927 -0.434721
28.4457 50.0003 19.5592 0.666216 0 -4.5 0 -0.0704642 -0.0629457 -0.995526
26.7384 22.5928 40.8169 0.013213 0 -4.5 0 -0.59211 0.0463036 -0.804525
38.244 29.8825 24.711 -0.0692599 -0.334765 -0.7 0 -0.820994 -0.433246 -0.371841
71.095 35.354 40.1685 0.495973 0 -4.5 0 0.750146 0.473772 0.461326
43.3088 16.4074 43.3763 0.173717 0 2.8 0 -0.142943 -0.979614 0.141152
65.3767 40.7585 20.155 0.849455 0 -4.5 0 0.612969 0.682194 -0.398599
20.5278 47.675 44.7231 0.635035 0 1.8 0 -0.44022 -0.480888 0.758257
57.603 48.5819 24.7715 0.584042 0 3.8 0 0.861213 -0.470814 -0.191432
34.1635 24.356 25.9655 0.379174 0 -4.5 0 -0.293523 -0.578758 -0.760844
47.781 30.4228 56.2082 -1.52701 -0.894722 -3.5 0 -0.141999 -0.539931 0.829645
58.4982 49.84 24.7455 0.478671 0 3.8 0 0.99448 -0.037743 0.0979015
48.2501 54.818 29.451 0.703984 0 -4.5 0 -0.843591 0.184348 -0.504351
33.8503 59.1111 42.45 1.30089 0.382726 -0.4 0 -0.55805 0.225431 0.7986
49.6012 34.5667 29.456 0.889116 -0.111577 -0.4 0 -0.301041 -0.430478 -0.850919
50.7393 51.0465 63.8088 0.894948 0.149201 -4.5 0 0.171961 0.976704 0.128372
16.4159 35.5395 30.2025 0.0468186 0 -3.5 0 -0.948423 -0.121125 -0.292956
62.5864 53.1927 44.987 0.128763 -0.080822 -1.01522 0 0.567561 -0.132826 0.812547
58.245 45.636 32.6765 1.53692 0.617527 -1.3 0 -0.456037 0.868692 -0.193402
47.1884 22.6688 25.385 -1.74443 -0.00275223 -3.5 0 -0.541966 0.704129 -0.458776
58.5855 60.2655 40.6645 -0.127005 0 3.8 0 0.309009 0.930413 -0.197092
35.814 33.3955 27.1955 -1.73801 0 -0.7 0 -0.505247 -0.842069 0.188797
54.9515 44.4089 64.3461 0.592765 0.731333 -3.5 0 -0.264943 -0.148173 0.952812
27.418 61.9473 45.879 0.378486 0 -0.7 0 0.453438 0.726331 0.516563
14.12 34.7189 49.5692 0.347415 0 -4.5 0 -0.920705 -0.335306 -0.199682
41.9515 55.3446 39.0376 1.63047 0 -3.5 0 0.893682 0.120676 -0.432169
42.5493 43.0051 15.9594 1.8145 0 -3.9 0 -0.307491 0.00854551 -0.951513
41.7497 51.1371 42.3235 4.93711 0 -2.46186 0 0.418455 -0.860383 0.290922
24.9485 51.2217 52.2438 0.277935 0 -0.4 0 -0.92904 0.3441 -0.13594
54.4574 51.0489 23.2603 0.406538 0 3.8 0 0.0608437 0.313535 -0.947625
20.1817 31.024 27.6919 0.507503 0.0045063 -4.5 0 -0.0603228 -0.860724 0.505485
61.6749 33.0908 26.1956 0.540265 0 -4.5 0 0.982035 -0.00394313 0.188656
46.8833 14.4653 38.9681 0.186324 0.0983593 1.00339 0 -0.634422 -0.760265 0.139663
43.7389 29.6318 53.0935 0.336423 0 -0.7 0 0.685576 -0.441392 0.578929
32.7427 20.225 45.0918 0.069933 0 -0.4 0 0.0409968 -0.994089 0.100533
56.276 16.92 38.031 0.312677 0 -3.9 0 0.909104 -0.368404 0.194445
15.2388 40.2481 39.716 0.147561 0 -2.10485 0 -0.8194 0.539665 0.193248
61.9855 35.3216 39.2751 -1.02221 0 -3.5 0 0.337839 -0.0967693 0.936216
48.3425 55.0925 31.3959 0.986019 0 -4.5 0 -0.923853 0.270038 0.271247
39.4611 45.9936 18.8125 0.625566 0 -4.5 0 0.73119 0.141856 -0.667262
33.8799 34.923 24.528 -1.2229 0 -0.7 0 -0.650358 0.207847 -0.73064
50.5335 30.3359 27.3671 -0.258558 0.0296916 -3.5 0 0.226761 0.745206 -0.627094
65.1162 57.0936 39.0117 0.230975 0 3.8 0 0.925158 0.00238222 -0.379575
22.3612 34.6191 60.2649 0.174273 -0.0444625 -3.5 0 -0.84998 0.512889 0.120324
43.8107 38.964 57.191 0.286562 0 -0.285502 0 0.396307 -0.741661 0.541184
44.1766 27.8476 26.749 -0.0198013 0 -4.5 0 -0.175883 -0.519924 -0.835909
52.2756 30.349 27.2345 0.894735 0.158967 -3.5 0 -0.274755 0.832049 -0.481875
15.4104 38.4665 28.7183 0.0733044 0 -0.4 0 -0.978608 -0.160966 0.128129
47.929 56.2995 57.0595 -0.85619 0 -3.5 0 0.25579 0.267728 0.92892
37.0137 43.0275 25.2961 0.441124 0 -0.222296 0 -0.744618 0.271638 -0.609718
65.2086 47.1616 40.8471 5.48306 0 1.28966 0 0.767075 0.610071 0.19852
25.2705 20.9744 48.5095 0.300932 0 -3.5 0 -0.956928 -0.268222 0.11111
38.1162 52.847 36.5537 3.00676 0 -3.9 0 0.398728 0.726802 -0.559263
46.5735 49.911 39.792 3.9973 0 -1.3 0 -0.0136911 0.969091 -0.246322
33.293 24.975 25.8573 -0.00134805 0 -4.5 0 -0.47755 -0.42841 -0.767079
50.4985 48.2887 65.1188 0.0556957 0 -4.5 0 -0.747803 -0.516436 0.417234
18.0465 49.9165 31.7292 -0.0326409 0 -4.5 0 -0.17836 0.79527 -0.579425
34.8545 25.784 54.178 -0.0388747 0 -3.5 0 0.256379 -0.652317 0.713269
52.21 46.6265 64.5615 0.439274 0 -4.5 0 -0.307136 -0.769892 0.559404
24.5133 58.9695 46.6751 0.211539 0 -0.7 0 -0.428374 0.158053 0.889671
69.1495 33.4755 41.7733 0.00457683 0 -4.5 0 0.215347 0.0742401 0.973712
55.7961 48.1184 23.3224 0.478095 0 3.8 0 0.203707 -0.488672 -0.848353
35.444 46.297 43.6123 6.36563 0.106823 -3.5 0 0.987976 0.0323662 -0.151179
60.1673 51.0392 36.7542 0.63581 0 3.8 0 0.431384 0.422043 -0.797363
65.257 37.5505 23.4492 0.732078 0 -4.5 0 -0.0134873 -0.924536 0.380856
52.8507 57.757 46.5207 0.903171 0 -1.6 0 0.0782578 0.403957 0.911424
26.2243 48.6725 20.2402 0.00691413 0 -4.5 0 -0.291452 -0.500445 -0.815236
45.8465 60.916 34.5433 0.57557 0 -4.5 0 -0.992588 0.0166905 -0.120377
52.7277 50.2637 64.3163 0.0193433 0 -4.5 0 0.637088 0.76479 -0.0959939
49.4458 13.9373 42.813 -0.659931 -0.411544 -1.85547 0 -0.750244 -0.510244 0.420458
20.1182 40.7533 18.3253 0.799483 0 -4.5 0 0.0899924 0.900661 -0.425102
16.7556 53.9489 43.4241 -0.0339388 0 -3.5 0 -0.839916 0.530775 0.113219
37.8204 15.9377 50.0996 -3.98021 0 -4.5 0 -0.727958 0.227798 0.646672
16.7962 28.325 45.3801 -0.00625306 0 -3.5 0 -0.519427 -0.850659 -0.0810837
35.979 24.5812 39.2534 0.210114 -0.0267985 -0.8 0 -0.611849 -0.785213 0.0952979
62.2374 39.1631 20.6106 0.814856 0 -4.5 0 -0.327394 -0.800383 -0.502195
34.3162 26.0613 24.9455 0.622702 0.092155 -4.5 0 -0.0630577 -0.114905 -0.991373
41.067 42.707 48.1905 4.83683 0 -2.83715 0 0.457566 -0.349656 -0.817542
27.3948 52.3466 28.8067 -0.168865 0 4.2 0 -0.695033 0.708434 -0.122684
35.23 63.543 38.2098 0.234488 0 -3.5 0 -0.686483 0.272046 -0.674338
44.2245 47.0156 47.5495 4.96353 0.635781 -3.5 0 0.359546 -0.270254 -0.893135
30.8978 25.5209 53.6856 0.0253377 0 3.8 0 0.301846 -0.611459 0.731441
49.9799 58.0915 28.3886 1.37083 0 -4.5 0 -0.0405232 0.367142 -0.929282
57.0555 41.0764 26.8995 0.079688 -0.12772 -1.6 0 -0.904723 -0.338088 -0.259176
36.3225 51.2875 34.5353 1.02311 -0.107936 -3.9 0 0.134808 0.922545 -0.361576
61.7168 41.7373 21.0333 1.21881 0 -4.5 0 -0.290456 0.694282 -0.658489
57.9202 37.048 34.3807 1.42785 0 -1.6 0 0.496331 -0.533891 -0.684555
57.3467 43.9565 46.8242 0.186008 0 2.8 0 0.880953 0.0775838 0.466801
34.5969 22.5866 50.6641 0.504942 0 0.24899 0 0.619684 -0.776855 0.111746
20.9778 42.8165 52.9081 0.119085 0 -1.90595 0 -0.0977396 0.0535153 0.993772
47.5135 45.5505 60.829 0.336154 0 3.8 0 0.155357 0.236102 0.959229
20.7738 43.855 47.464 -0.255074 0 -3.5 0 -0.706951 0.704923 -0.0574752
24.294 26.5375 49.7682 2.07106 0 -3.9 0 -0.322483 0.101807 0.941085
44.282 54.8505 60.1003 -1.03033 -0.0842816 -0.8 0 -0.534248 0.723241 0.437608
59.708 60.6727 42.554 -0.912638 -0.750507 3.8 0 0.379756 0.918279 0.112022
49.0117 59.9217 36.3413 1.3784 0 -4.5 0 0.982794 0.162008 0.0887058
28.7612 44.0762 53.7267 0.484556 0 -4.5 0 -0.0901924 -0.285495 0.954127
19.0225 58.9893 43.7595 0.0871827 0 4.2 0 -0.101448 0.538225 -0.836673
25.161 51.921 30.8248 0.129993 0 4.2 0 -0.389771 0.920659 0.0215647
45.16 34.4 55.6855 0.861236 0 3.33069 0 0.300162 0.272895 0.914019
39.0365 25.5535 22.168 1.85851 0.527757 -3.9 0 -0.883918 -0.235505 -0.404013
43.2525 16.0271 53.7325 0.0591513 0 -4.5 0 -0.458039 0.203956 0.865218
27.5772 54.6973 29.2536 -0.0495138 -0.524174 -0.8 0 -0.936871 -0.130752 0.324309
39.7557 60.8126 49.6317 0.608854 0 -1.73867 0 -0.0274942 -0.251114 0.967567
22.7799 58.7817 35.3701 0.486271 0 -3.9 0 -0.674895 0.449307 0.585355
55.2115 39.6172 52.571 1.57814 0 -3.9 0 0.512239 0.361592 0.779014
66.339 34.4468 41.2147 1.1149 0.711784 -4.5 0 -0.708572 -0.374451 0.598091
49.0412 44.5412 61.3307 0.221302 -0.0761653 1.12406 0 -0.178403 0.670132 0.720483
18.4627 33.252 20.0625 0.66093 0 -4.5 0 -0.435377 0.275623 -0.857017
70.7656 34.8496 38.3625 0.540925 0 -4.5 0 0.397776 0.0960883 -0.912437
38.2791 26.7903 24.3315 0.555098 0 -3.9 0 -0.827867 0.0465698 -0.558988
37.1452 21.5382 47.4719 -1.43037 0 -1.3 0 0.533515 -0.249014 0.808303
66.7972 46.5558 44.1353 -0.950627 -0.172198 -3.5 0 0.310139 0.405218 0.860007
49.7277 48.0756 62.8145 0.843029 0 -4.5 0 -0.793128 -0.465578 0.392665
65.0209 42.2021 44.5747 0.0194583 0 -3.5 0 -0.279312 -0.0556951 0.958584
46.8602 19.112 27.558 -0.302108 0 -3.5 0 -0.550945 -0.832115 0.0635977
37.8978 14.1121 43.6465 1.04868 0 -4.5 0 -0.302239 -0.502067 -0.810297
43.9704 43.89 42.52 5.19387 0 -1.3 0 -0.531758 -0.248116 0.809736
40.3649 17.695 37.3532 -0.159398 0 -1.74384 0 -0.821415 -0.568855 -0.0409968
27.5093 48.1382 20.4163 0.584915 0 -4.5 0 -0.254247 -0.673657 -0.693934
27.8738 55.687 51.0545 0.388295 0 1.8 0 -0.614859 0.611421 -0.49811
29.4036 39.648 55.7225 -0.431238 0 -1.53913 0 -0.277862 0.95863 0.0618176
20.3425 40.1701 53.3694 0.741607 0 1.17973 0 -0.102401 0.448196 0.888051
37.802 34.5761 15.7949 0.18823 0 -3.9 0 -0.508445 -0.83118 -0.224998
48.0877 62.1125 40.1111 0.976522 0 -4.5 0 0.546625 0.780738 -0.302737
43.5615 47.909 46.4105 4.92611 0 -3.5 0 0.415938 -0.433321 -0.799518
17.606 46.334 43.8083 0.312393 0 1.8 0 -0.539892 0.387732 0.747115
28.7586 19.1605 44.2039 0.329953 0.0858989 -3.94687 0 0.527632 -0.799643 -0.286664
25.803 29.3681 35.2777 -1.68378 -0.746725 -3.5 0 0.0886918 -0.947085 -0.308487
52.9328 43.0477 58.1955 -0.846593 0 -3.09818 0 0.153869 -0.981866 -0.11074
45.0245 50.7444 45.9611 4.40932 0 -3.5 0 0.138346 -0.67625 -0.723565
47.5801 53.0855 29.902 0.607881 0 -0.436962 0 -0.69489 0.496459 -0.520245
31.698 28.3595 57.4225 -1.89948 -0.836288 -3.5 0 -0.629441 -0.630368 0.454356
23.2319 56.8651 46.3483 -0.507417 -0.0557964 -0.8 0 0.0654075 0.381711 0.921964
50.8636 41.5369 48.6393 3.0282 0 -1.72822 0 0.504661 -0.519884 -0.68923
27.807 20.7733 41.1027 0.278257 0 -4.5 0 -0.126171 -0.275191 -0.953074
38.3128 43.8314 17.8795 1.12157 0.657673 -4.00695 0 0.0167936 0.341711 -0.939655
50.9139 56.5742 52.8778 0.348145 0 2.90885 0 0.484369 0.871934 -0.0715394
61.7615 29.669 36.245 0.572558 0 -4.5 0 0.978373 -0.00479219 -0.206795
44.5073 20.711 51.4757 -0.687918 0 -3.5 0 0.555567 0.0336438 0.830791
42.9855 56.8703 54.8677 0.379409 0 -4.5 0 -0.272743 0.632743 0.724739
27.5749 47.2376 22.2695 1.05195 0.755574 -4.5 0 -0.272213 -0.90601 0.324107
28.5665 52.8659 25.0662 -3.68841 0 -3.5 0 0.0552063 0.873243 -0.484148
30.2553 52.369 53.8145 0.823743 0 1.8 0 0.510328 -0.0337401 0.859318
36.3 27.8295 18.1257 -1.39733 -0.881677 -3.5 0 0.398508 -0.564564 -0.722814
39.091 64.6973 46.814 0.433634 0 -1.6 0 -0.57417 0.560046 -0.597224
51.523 46.367 40.291 2.70947 0 -0.7 0 0.117313 0.567474 -0.814991
56.197 52.1922 40.258 2.61738 0 2.72587 0 -0.225569 -0.876318 0.425659
47.8708 61.7388 48.2337 0.578468 0 -1.6 0 0.697078 0.400559 -0.594672
36.4362 16.2996 46.563 0.663837 0 -4.5 0 -0.830548 0.486155 0.271743
52.3709 59.0902 46.2569 0.381879 0 -3.5 0 -0.183087 0.377746 0.907627
35.9123 33.3935 19.2855 -0.340786 0 -3.5 0 -0.810539 0.0677104 -0.581757
58.7804 49.7761 36.4535 1.0339 0 3.8 0 -0.707954 -0.0285749 -0.705681
53.237 34.9685 47.1745 1.0051 -0.321057 -1.95327 0 0.40652 0.2178 0.887302
25.5445 50.627 50.7374 0.841686 0 -0.4 0 -0.964266 0.247686 -0.0940402
33.743 49.3402 56.9475 1.04452 0.818024 -4.5 0 0.273398 0.554922 0.785694
52.0454 55.3216 28.6745 0.834703 0 -4.5 0 0.800755 0.483122 -0.354097
54.446 41.6481 54.6833 0.159574 -0.0294779 -3.5 0 0.232092 -0.842814 0.48559
29.6257 54.1661 49.2557 0.818172 0 0.519535 0 -0.593336 0.793699 -0.134143
43.9025 29.4105 23.3745 -1.45023 -0.0467499 -3.5 0 0.473949 -0.85015 -0.229385
55.7899 23.8351 35.5853 0.17307 0 -3.5 0 0.914467 -0.276753 -0.295224
37.9771 29.0374 18.256 -0.305829 0 -3.5 0 0.50175 -0.682751 -0.531129
15.6488 41.035 53.6274 0.325314 0 1.8 0 -0.724173 0.338242 0.600971
64.9693 49.0031 44.8756 0.330575 0 -1.6 0 0.879432 0.305125 0.365374
42.765 29.0007 24.3025 -0.643537 -0.033537 -1.66211 0 0.602647 -0.797988 0.00561766
35.2074 19.214 44.4211 0.615353 0.0312596 -1.3 0 -0.596109 -0.781884 -0.182514
36.424 43.2977 42.9258 6.36959 0 -3.9 0 0.163414 0.97942 -0.11846
21.628 47.0505 44.8831 0.362201 0 2.76689 0 -0.896272 -0.312008 0.315195
28.3409 35.6618 61.2174 0.678557 0 -0.7 0 -0.307126 -0.221338 0.925572
49.1355 47.9487 40.7295 3.1376 0 -0.822618 0 0.357613 0.8844 -0.299915
36.8061 43.7985 22.5268 -0.0708348 0 -3.93545 0 -0.678727 -0.154252 0.718008
61.6598 44.2882 31.2913 0.229599 -0.36845 -1.3 0 0.740989 0.468025 -0.481547
55.4598 14.7355 43.9176 -1.3645 -0.339477 -3.5 0 0.448678 -0.737823 0.504287
68.1663 43.506 44.121 -0.0976561 0 -3.5 0 0.628206 0.342448 0.698631
34.33 46.7856 57.3685 0.915854 0.637232 -3.63971 0 -0.36372 0.0851055 0.927612
53.7923 32.414 53.3218 0.846784 0.734752 -4.5 0 0.858873 -0.419356 0.294071
52.5075 50.5392 46.2998 3.43187 0 -4.5 0 -0.546076 -0.376204 -0.748513
41.4388 45.722 59.9723 0.595336 0 -2.16111 0 -0.256219 0.4973 0.828881
48.889 41.9999 24.3258 0.326575 0 -3.9 0 -0.23712 0.103551 -0.965946
29.5772 39.5584 26.6739 -0.710317 -0.6544 1.8 0 -0.207558 -0.652404 -0.728895
57.8387 32.7395 30.4725 1.06505 0 2.8 0 0.692699 0.597041 0.404611
57.2875 36.5225 50.925 1.60166 0.485242 -3.9 0 0.821648 -0.45101 -0.348547
22.3202 51.0192 46.1857 0.566652 0 1.8 0 -0.277114 0.691058 0.667568
27.8855 39.4795 53.6545 -0.192095 0 -2.58455 0 -0.48428 0.63611 0.600697
28.3225 19.7245 41.3322 0.14002 0 -4.5 0 0.248218 -0.636252 -0.730459
26.6 16.8978 44.173 0.584073 0.253251 -4.5 0 0.307751 -0.742849 -0.594529
57.0115 20.677 36.458 0.0976963 0 -0.720684 0 0.94059 0.185041 -0.284692
20.6661 44.5615 53.0175 -0.448962 -0.0723162 -3.5 0 0.110098 0.00388861 0.993913
44.9658 35.8061 22.713 0.284538 0 3.8 0 0.825078 -0.0877195 -0.558168
40.096 54.1738 30.6615 1.94178 0 -4.02345 0 -0.366474 0.269221 0.890627
40.1172 58.2368 39.7785 0.969254 0.191853 -3.96046 0 0.169681 0.598459 -0.782978
54.3288 47.4647 23.3918 0.578746 0 -0.4 0 0.305786 -0.112994 -0.945371
40.1829 56.2692 27.0231 0.846553 0 -4.5 0 0.766212 0.49346 -0.411603
48.7065 14.5312 41.8639 0.0509954 -0.0116356 -0.558445 0 -0.625069 -0.547672 0.556187
22.5853 36.8558 55.0466 -0.405913 -0.473343 -3.59984 0 0.274824 0.701956 0.657061
35.554 52.2093 52.3838 0.367971 -0.914856 -1.70616 0 0.0489268 0.644377 0.763141
46.1531 40.178 42.9309 6.11362 0 1.46836 0 -0.479143 -0.057416 0.875857
40.5171 29.3983 57.2989 0.353385 0 -3.5 0 -0.627442 0.120493 0.769284
50.9111 58.0701 44.9599 0.570975 -0.788131 -3.5 0 -0.721597 0.242685 0.648384
44.8667 32.1719 56.1129 0.317382 0 -3.5 0 -0.2547 0.00615917 0.967
31.2733 42.2228 53.4235 1.03937 0.318421 -3.5 0 0.0717713 0.125062 0.98955
45.172 40.105 24.662 0.383079 0 -1.3 0 0.353813 -0.0137523 -0.935215
31.6079 37.2812 61.3756 0.142364 0 -0.7 0 0.809362 0.00164415 0.587307
51.861 47.8052 46.9342 3.03506 0 4.2 0 0.480831 0.502687 -0.718406
53.9516 42.9541 59.0443 -0.476539 -0.175278 -2.06277 0 0.150545 -0.876073 -0.458074
19.4077 55.1744 47.2422 0.0923435 -0.137266 4.2 0 0.272121 -0.139739 0.952063
43.3628 21.9998 33.477 -0.579708 0.427515 -2.04166 0 0.360258 -0.798076 -0.483
41.3563 56.486 38.4166 1.47351 0.111476 -3.5 0 0.641203 0.346737 -0.684567
36.365 52.2246 31.4974 3.29254 0 4.2 0 0.607796 0.559893 0.56312
57.7379 43.1838 60.2401 0.140186 0 -3.5 0 0.600276 -0.79575 -0.0803153
45.6046 13.9447 52.0686 0.0367537 0 -4.5 0 0.135193 -0.987538 0.0805733
41.7298 37.6432 19.9035 0.362572 0 3.8 0 0.453127 -0.117859 -0.883621
57.551 34.622 44.704 3.20008 0 -3.9 0 0.254736 0.102352 0.961579
59.8065 39.3075 31.3935 2.09126 0 -0.4 0 -0.87409 -0.467438 -0.132168
37.6871 51.0584 22.0116 0.324299 0 -0.903024 0 0.6614 0.743604 -0.0979886
44.7397 50.552 36.3737 -4.83863 -0.176385 2.8 0 -0.135901 0.833676 0.535271
48.0255 62.4598 41.1194 1.05839 0.00124338 -4.5 0 0.660977 0.750259 -0.0148821
41.3115 48.5202 27.2668 0.198917 -0.0992494 -0.4 0 0.295675 -0.255546 -0.920474
54.1485 40.6895 48.6145 2.52885 0 -3.5 0 -0.420892 -0.427298 -0.800167
53.8553 35.647 33.18 1.82188 0 -0.4 0 0.417506 0.0537011 -0.907086
21.104 59.016 45.3877 -0.208434 0 1.65118 0 0.0576279 0.872668 0.484902
66.6257 38.067 21.7272 0.805069 0.713765 -4.5 0 0.855532 -0.440114 -0.2727
54.4948 39.2745 33.086 0.579361 -0.105923 -1.6 0 0.477678 -0.281637 -0.832169
27.0974 57.7766 28.5114 1.1547 0.673662 -0.8 0 -0.220175 0.915667 0.336269
50.0778 37.5448 47.0223 3.39467 0 -0.4 0 0.64244 0.729524 0.234659
18.7425 41.612 30.1397 -1.48536 -0.79046 -3.5 0 -0.599404 0.679159 -0.423625
48.918 56.0137 47.012 0.288101 -0.312606 4.2 0 -0.0430228 0.945116 -0.323889
47.5902 52.4054 28.7425 0.879397 -0.386237 -2.29561 0 -0.588461 0.786361 -0.188016
41.9974 41.0304 42.4821 5.22803 0 1.8 0 0.169022 0.541697 0.823405
32.4154 25.3189 38.6075 0.121168 0 -1.6 0 0.0936322 -0.978727 0.182558
41.7644 26.1373 56.3291 0.104498 0.0229131 -3.5 0 0.10692 -0.9579 0.266451
35.4915 24.9485 37.5983 0.625155 0.797218 -0.8 0 -0.272726 -0.952781 0.133524
21.7324 57.9851 43.0863 -0.107333 -0.189288 -0.771653 0 -0.345578 0.554206 -0.757252
52.626 16.1704 37.4815 0.0548234 0 -3.9 0 -0.137582 -0.862306 -0.487339
53.6135 39.0706 31.1712 0.580465 -0.845924 1.9 0 0.99901 -0.00168646 -0.044459
46.1726 38.7598 59.1896 0.34948 0 -1.6 0 -0.14307 -0.989525 0.0192794
54.3672 32.7757 30.6496 1.73763 0 2.8 0 -0.00538956 0.965891 -0.258892
26.3091 30.3129 34.2961 -1.99003 0 -3.5 0 0.250273 -0.552558 -0.795012
46.8128 39.5294 61.637 0.639001 0 0.253841 0 -0.0690887 -0.969259 0.236145
53.7875 50.831 60.062 -0.329683 -0.121801 -0.4 0 0.153503 0.0722351 0.985504
38.6338 61.3947 40.6089 0.538966 -0.109663 -3.5 0 0.93321 0.142424 -0.329901
22.1087 32.3071 35.6424 0.0255084 0.203192 -4.5 0 -0.534372 -0.799465 0.274412
37.3265 51.92 19.9725 0.425452 0 1.8 0 0.352485 0.932433 0.0795148
37.3775 26.2114 53.4799 0.716139 0 -4.48202 0 -0.222382 -0.251567 0.941945
44.432 17.31 47.565 0.516757 0 1.25556 0 0.291903 -0.902109 -0.317793
22.8255 39.1022 21.68 2.00478 0 -4.5 0 0.789313 0.612959 0.0355811
35.4308 34.436 19.6905 -1.26984 0 1.8 0 -0.832857 -0.487784 -0.261564
52.8652 42.8355 22.0855 2.64287 0 -3.9 0 -0.577457 0.0182057 -0.816218
43.5751 12.9349 51.4285 -0.618018 0 -4.5 0 0.543845 -0.831523 -0.113141
39.2557 20.3892 33.7492 0.461014 0 -0.7 0 -0.673654 0.0949449 -0.732923
65.1885 52.9895 43.1203 0.076213 0 -0.7 0 0.648147 0.302197 0.698987
48.5385 50.6015 62.9411 0.499898 -0.0835887 -2.64392 0 -0.371445 -0.652744 0.660268
60.0709 46.8039 57.5834 -0.0643622 0 -3.5 0 0.724157 -0.286261 0.627416
56.8507 27.8555 27.381 0.596994 0.559943 -3.5 0 0.764076 -0.618261 0.18423
37.741 50.247 46.846 6.23492 0.893228 -3.5 0 -0.0728104 -0.375393 -0.924002
47.7858 21.9816 24.308 -1.51614 -0.598694 -3.5 0 -0.386431 0.339929 -0.857391
52.1533 17.9916 32.3359 0.073711 0.140878 0.766931 0 0.00791799 -0.734608 -0.678445
56.1143 33.6959 32.1009 1.26453 0 -0.4 0 0.362574 0.676754 -0.640737
38.8164 12.6916 47.0101 0.0836305 0 -4.5 0 -0.0162819 -0.968492 -0.248513
26.849 17.3621 45.9394 0.474219 0.0687523 -4.5 0 0.685232 -0.517156 0.512842
15.694 38.7659 46.1044 0.655357 0 -4.5 0 -0.974413 0.035573 0.221932
42.4655 45.5635 25.5298 0.914769 0 4.2 0 -0.0385114 0.959016 -0.280721
65.6281 37.3549 34.8846 0.143799 0 -3.5 0 0.281561 -0.941334 0.186048
21.0424 32.3213 34.3133 0.276654 0 -4.5 0 -0.453011 -0.889354 0.0618829
26.4205 57.3276 27.5322 0.901227 0.31665 -0.8 0 -0.809636 0.496664 -0.312753
56.9515 18.255 46.529 -1.43248 -0.872292 -3.5 0 -0.287438 -0.517568 0.805917
51.6177 33.9626 29.3596 2.6465 0.0555873 -2.00749 0 0.484297 -0.229722 -0.844206
26.3053 61.7988 42.461 0.967152 0.102634 -0.7 0 0.532394 0.477659 -0.698855
59.7204 30.4891 40.3983 -0.335841 -0.12427 -4.1101 0 0.960038 -0.0408391 0.276875
57.6829 40.4496 25.9425 0.79044 0.102405 -2.7544 0 -0.822289 -0.227457 -0.521636
41.6951 28.595 21.8974 0.0662882 0 -3.5 0 0.661373 -0.440896 -0.606792
29.826 29.9664 34.5392 -0.228379 0 3.8 0 -0.859231 -0.466389 -0.210244
67.369 39.8848 37.1155 0.00937683 -0.223137 -1.25059 0 0.978098 0.19461 -0.0738287
57.2161 56.7616 35.5228 0.492328 0 3.8 0 0.670285 0.666252 -0.326843
35.6763 57.1527 47.295 0.718191 -0.0419755 -1.91989 0 -0.981419 0.00254803 -0.191861
43.9274 15.4221 39.9923 0.00676317 0 -3.5 0 -0.200892 -0.893567 0.401473
48.7955 48.182 45.54 3.88123 0 4.2 0 -0.451485 0.2814 -0.846744
54.2897 33.06 50.8 1.28874 0.7576 -4.5 0 0.911634 -0.320839 -0.256877
39.7424 23.6854 54.9857 0.886183 0 -4.5 0 -0.388361 -0.5174 0.762544
33.5052 34.6382 32.0175 -0.156163 0 -1.3 0 0.0340208 -0.900937 -0.432614
26.5373 59.7632 42.4165 0.279673 -0.19414 -0.7 0 0.598221 0.187705 -0.779037
47.0036 23.606 48.0817 0.090633 0 -4.00859 0 0.254822 -0.238557 0.9371
28.825 56.2976 51.8891 0.486711 0 1.8 0 -0.115791 0.971717 -0.205811
60.3001 33.7449 41.6166 0.363558 0 -3.9 0 0.922573 -0.128628 0.363749
51.3792 55.9145 51.7928 0.570818 0 3.77245 0 0.412033 0.735476 -0.53787
25.0495 29.7325 38.005 -0.615973 0 -1.96074 0 -0.167991 -0.948621 -0.268137
62.751 60.0452 39.6355 0.249547 0 3.8 0 -0.193015 0.782659 -0.591768
43.54 39.259 46.946 5.27058 0 -0.4 0 -0.28587 0.837091 -0.466431
67.74 39.7327 44.904 -1.00607 -0.00809348 -3.5 0 -0.176113 -0.538891 0.82376
62.6295 34.1829 36.4688 -0.0834896 0 -3.5 0 0.63815 -0.646286 -0.418424
33.5429 39.8894 14.5281 -0.00332856 0 -3.5 0 -0.00353449 -0.495559 -0.868567
21.4492 29.9842 21.4963 1.15083 0.0610373 -4.5 0 0.512296 -0.858334 0.0285436
39.0457 21.5435 38.4842 -0.348981 0 4.5 0 -0.934638 -0.13279 -0.329875
27.9299 43.6953 23.0674 0.483226 0.318023 -1.5498 0 -0.458608 0.640309 -0.616185
64.0062 56.49 41.8773 0.0329516 0 3.8 0 0.786444 -0.136787 0.602325
24.094 61.3315 45.4824 0.12743 0 -0.7 0 -0.548347 0.546454 0.633011
36.9474 19.0881 46.4007 0.323389 0.124202 -2.20007 0 -0.512207 -0.522108 0.681944
41.023 14.447 47.886 0.573275 0 -4.5 0 0.71269 -0.467221 -0.523238
56.9739 17.1971 35.1549 0.240682 0 -3.9 0 0.676735 -0.728119 -0.108959
43.86 40.905 22.8645 -0.503527 -0.338344 0.340876 0 0.886708 -0.39414 -0.241666
48.4972 46.6353 60.6859 0.409004 0 3.15181 0 -0.336921 0.066555 0.939178
24.4147 19.5785 46.5197 0.153111 0 -4.5 0 -0.530843 0.142943 0.835328
40.922 46.3332 21.276 0.98729 0 -4.5 0 0.737321 0.589558 -0.329817
50.6126 31.0037 51.3429 -0.138291 0 -4.5 0 0.230632 -0.659094 0.715824
68.452 39.5165 40.5602 -0.285549 0 -4.5 0 0.909381 0.375966 -0.177975
46.4085 16.3425 33.881 -0.00763393 0 -0.4 0 -0.618457 -0.208506 -0.757651
35.872 33.9743 21.5898 -0.0959044 0 1.8 0 -0.956186 -0.292747 0.00275605
54.9611 52.3339 42.186 3.33679 0.564434 -4.5 0 -0.134744 -0.964345 -0.22778
42.7028 33.7067 19.578 -0.864914 -0.480917 -3.5 0 0.482131 0.805827 -0.343792
28.1956 55.2136 30.4673 1.53418 0.4872 -0.8 0 -0.838663 0.496966 0.222867
53.2878 14.4563 41.6895 0.738156 -0.0841422 -0.881866 0 0.445904 -0.89185 0.0759838
38.0584 51.0902 18.2656 0.384921 0 1.8 0 0.366569 0.601644 -0.709684
32.736 24.394 26.724 0.0454266 0 -4.5 0 -0.587209 -0.518381 -0.621665
67.89 44.5192 43.6927 -0.122031 0 -3.5 0 0.891071 0.271393 0.363784
16.6833 35.8218 34.2469 -0.721642 -0.297734 -3.5 0 -0.820798 -0.374014 0.431745
38.0877 19.2679 34.507 -0.037252 0 -0.7 0 -0.906201 -0.164143 -0.389689
37.3176 56.2373 37.4839 1.35024 0 -2.1063 0 0.635702 0.455939 -0.622899
18.9795 40.8375 18.7116 0.685221 0 -4.5 0 -0.283217 0.915514 -0.285696
44.8489 28.6623 52.1123 0.00247466 0 -0.7 0 0.681421 -0.144107 0.717564
37.8322 38.2082 11.9325 2.27203 0.589842 -3.9 0 -0.0288841 0.353337 -0.93505
51.704 57.6765 29.0278 1.39419 0 -4.5 0 0.746202 0.441744 -0.498041
69.1937 43.8745 36.0443 0.322577 0 2.8 0 0.913177 -0.394382 -0.102813
32.3293 38.7506 15.2611 -1.11595 -0.0320526 -3.5 0 -0.38795 -0.710157 -0.587514
57.4967 49.2077 28.1052 0.518027 0 3.65079 0 0.968727 -0.17625 0.174656
26.757 29.026 60.454 -1.44994 -0.127509 -3.5 0 0.0404678 0.170386 0.984546
43.1685 16.0846 35.2881 -1.79716 -0.0974538 -3.5 0 -0.289302 -0.0799947 -0.953889
39.1975 14.4155 52.557 -1.41362 -0.774839 -4.5 0 -0.933216 -0.0252868 0.358426
26.7924 33.0882 18.508 0.110432 0 4.2 0 0.651127 -0.429153 -0.625988
39.2374 47.772 23.1086 0.974376 0 -4.5 0 0.472667 0.880163 -0.0435888
54.4734 22.7725 30.4982 -0.466626 -0.138713 -2.11789 0 0.821142 -0.275563 -0.499791
46.0221 25.7549 28.763 -0.825601 -0.481087 -4.05717 0 0.512551 -0.0727237 -0.855571
59.1311 49.8431 51.3998 0.321417 0 -1.6 0 0.906572 0.388305 -0.165366
46.1496 63.3936 46.4684 0.620809 0 -4.5 0 0.738449 0.674093 -0.0170792
23.6985 41.4398 25.48 0.277975 0 -1.6 0 -0.292046 -0.198512 -0.935576
35.2185 50.584 20.411 1.00733 0 1.8 0 -0.604352 0.795013 -0.0520929
31.943 24.5665 27.5465 0.0628508 0 -4.5 0 -0.781411 -0.429401 -0.452782
31.4925 39.717 15.7365 -0.254456 -0.174482 -3.5 0 -0.750445 -0.492312 -0.440977
25.9205 38.2723 54.5005 -0.405669 -0.15246 -2.49417 0 0.162439 0.986423 0.0241518
46.7151 44.3343 22.387 0.387179 0 -3.5 0 0.69893 0.279181 -0.658449
56.4837 60.6394 38.53 0.363224 0 3.8 0 -0.147431 0.948676 -0.279783
52.6115 48.9582 36.0552 1.90911 0 1.8 0 0.707915 -0.634725 0.309808
15.227 45.6582 47.2682 0.604203 0 -4.5 0 -0.0643653 0.939965 0.335145
41.3114 27.4695 21.7025 0.790496 0.708728 -3.88192 0 0.483675 0.163459 -0.859848
39.7221 41.3021 59.8182 0.071559 0 -0.8 0 -0.53925 -0.673867 0.505086
38.9251 14.2732 50.8519 0.387801 0 -4.5 0 -0.685804 -0.06885 0.724522
36.8519 22.839 32.6524 -0.409237 -0.353006 -4.5 0 0.0789738 -0.892974 0.443127
37.347 65.6868 41.447 -1.33419 -0.409631 -3.5 0 0.622952 0.523201 0.581543
60.195 33.1725 40.4412 0.0958894 0 -3.9 0 0.781783 -0.446795 0.43496
55.197 52.423 60.1995 0.0921682 0 1.8 0 0.439228 0.00705998 0.898348
57.8235 50.4868 26.1787 0.502513 0 3.8 0 0.986807 0.106828 0.12165
34.071 54.9084 31.5408 3.42788 0 1.52679 0 0.921218 0.326626 0.211359
60.6963 47.4157 55.5021 -0.201903 0 -3.5 0 0.996902 0.0108549 -0.0779038
40.4314 64.634 49.5625 0.477659 0 -1.6 0 0.161097 0.768785 0.618884
29.1935 43.5705 19.702 0.0344742 -0.173631 -3.5 0 -0.822295 -0.0604317 -0.565843
59.8828 48.2016 54.5506 -0.782403 0 -3.5 0 0.806362 0.00762964 -0.591373
16.7407 31.5136 52.7988 1.64939 0.290105 -3.9 0 -0.882574 -0.445159 -0.151317
32.025 56.005 26.4123 0.647921 0 0.726262 0 -0.140134 0.686935 -0.71308
63.5695 39.6865 30.6201 3.99725 0 -0.4 0 0.784264 0.295345 -0.54562
25.9522 32.1766 19.2284 0.150256 0 4.2 0 0.0391777 -0.899911 -0.43431
33.925 43.1285 14.558 0.581949 0 -3.5 0 -0.0217774 0.817189 -0.575959
57.2215 37.8783 41.8331 1.00745 0.367074 -2.2565 0 0.98529 -0.0728426 -0.154588
12.6295 41.174 36.581 -0.418487 -0.175322 -3.5 0 -0.140383 0.744876 0.652267
65.951 46.5412 40.2695 3.63986 0 0.199968 0 0.926846 0.363159 -0.0952456
39.4395 12.3038 48.2772 -0.420452 -0.519703 -4.5 0 -0.0593119 -0.904462 -0.42241
42.3851 14.9589 38.1242 -1.62502 -0.163104 -3.5 0 -0.339677 -0.814124 0.470979
25.8748 16.3559 46.1284 0.664 0 -4.5 0 0.231136 -0.799719 0.554099
21.3725 50.033 32.4045 0.38406 0 -3.5 0 -0.13922 0.437576 -0.888338
17.5777 46.7895 35.1903 -0.657924 -0.285165 -3.5514 0 -0.954401 0.298491 0.00462086
32.6364 30.7738 61.331 0.301796 -0.146391 -0.8 0 0.908408 -0.301969 0.289153
60.5349 31.0858 25.9527 0.293099 0 -4.5 0 0.642241 -0.757793 0.115218
49.009 38.8975 64.7302 0.196496 0 1.8 0 0.298575 -0.950527 0.0857423
45.5275 43.0425 46.467 5.2274 0 -0.8 0 -0.438129 -0.461755 -0.771249
53.3517 30.9905 27.0163 0.248287 -0.96019 2.8 0 -0.748156 0.566504 -0.34545
30.8709 44.312 18.415 -0.914771 -0.478495 -3.5 0 -0.35817 0.445086 -0.820739
38.083 60.0552 39.5325 0.573302 -0.351577 -3.5 0 0.763231 0.0367103 -0.645082
56.1712 50.2433 38.7 2.09437 0 3.8 0 -0.956006 -0.288527 -0.0529594
19.4176 53.881 35.3774 -1.97535 -0.385437 -3.5 0 -0.777559 0.612288 -0.1432
36.259 36.369 56.165 0.262205 -0 -1.6 0 0.319421 -0.585715 0.744921
67.2835 39.5918 32.9987 -0.951631 -0.199635 -3.5 0 0.578815 0.400615 -0.710268
17.1911 31.7838 51.8013 1.71721 0 -4.19079 0 -0.601809 -0.749747 -0.275145
25.835 43.784 54.4885 0.111992 0 -0.8 0 -0.0458845 -0.738939 0.672208
42.5665 39.7365 44.5689 5.21631 0 4.2 0 0.170987 0.902564 0.395147
66.2692 45.1927 39.9507 3.582 0 -0.289011 0 0.87475 0.32591 -0.358602
47.503 29.337 22.5825 0.256334 0 -4.5 0 -0.392907 -0.634497 -0.665611
35.6727 46.1819 58.2994 0.456322 0 4.2 0 -0.460338 0.306615 0.833112
45.85 27.2116 27.9111 -0.504328 -0.301535 -4.5 0 0.448451 -0.677921 -0.582507
21.2792 32.4781 38.3649 -0.366199 0 2.9585 0 -0.26393 -0.551814 -0.791102
43.4676 41.3467 16.6025 0.783333 0 -3.9 0 0.364026 -0.782436 -0.505252
55.0664 57.3646 31.9114 0.561197 0 3.8 0 0.017103 0.903793 -0.427627
39.6084 49.8739 25.2741 0.55104 0 -4.5 0 0.731178 -0.42711 -0.531936
55.099 38.377 28.569 1.06159 0 1.8 0 0.349377 0.797476 0.491903
33.6562 22.1507 28.1775 0.365136 0 -4.5 0 -0.661982 -0.731116 -0.165075
30.9975 33.088 30.912 -0.785431 0 -3.5 0 0.601308 -0.407534 -0.687273
48.3055 53.934 37.987 4.68011 0 -4.5 0 -0.64812 -0.589571 0.482024
53.9485 55.4521 53.1483 0.305366 0 3.8 0 0.969755 0.191354 -0.15152
16.202 57.2649 46.8679 0.106454 0 4.2 0 -0.712042 0.476055 0.516108
36.0843 57.313 36.8677 1.12276 0 -0.8 0 0.715075 0.647293 -0.263969
23.5985 31.4635 23.0715 0.182596 0 -4.5 0 0.582548 -0.795259 0.167932
43.4977 48.7395 40.9492 3.89526 0 -0.818924 0 -0.256219 0.769638 0.584815
48.0778 23.9618 27.9282 -0.503838 -0.025042 -0.8 0 -0.251774 0.782255 -0.569813
27.9534 35.4741 19.6864 -0.0553476 0 4.2 0 0.864887 0.151878 -0.478439
27.8962 44.7741 24.4053 0.483424 0 0.950609 0 -0.386097 0.724621 -0.570835
54.576 38.8469 46.0116 2.95692 0.722559 -0.9 0 -0.516543 0.386089 0.764276
26.3645 48.4987 54.4015 0.565731 0 -0.686051 0 0.448414 0.0704192 0.891048
24.0155 25.1502 50.7125 2.22841 0.0151435 -3.9 0 -0.341884 0.349574 0.872304
46.8862 52.409 43.7788 3.4681 0 4.2 0 0.255455 -0.626494 -0.736375
19.2155 52.7704 47.1755 -1.01952 -0.0687191 4.2 0 0.0159137 -0.46726 0.883977
14.694 32.9295 45.124 -1.31261 -0.482101 -3.5 0 -0.749902 0.23754 -0.617431
61.6317 36.8527 34.96 1.33552 0 -3.5 0 -0.282568 -0.472174 -0.834989
17.5107 27.6019 44.7518 0.00427586 0 -3.5 0 -0.506005 -0.853772 0.122606
37.5822 24.497 26.3779 0.354404 0.275317 -4.16186 0 0.018144 -0.878989 -0.476497
29.3101 33.3626 61.2966 0.689449 0.206844 -1.81024 0 -0.248864 0.207429 0.946066
43.3506 16.1761 41.0554 -0.400378 0 -3.5 0 -0.147881 -0.966313 0.210642
28.6355 42.31 20.5685 0.704105 0.0119668 -3.5 0 -0.732188 -0.528256 -0.429937
55.1361 51.0796 43.68 3.22826 0.504626 -3.59342 0 -0.534624 -0.470182 -0.702215
41.0527 35.5975 18.6413 0.692755 0 -3.9 0 0.973635 0.0869322 -0.210899
29.548 45.3973 22.6497 0.431363 0 3.21774 0 -0.963838 0.0330345 -0.264435
37.7111 18.7909 42.8509 0.464381 0.021724 -3.4292 0 -0.586438 -0.0133653 -0.809884
56.4118 44.4663 49.0498 0.263501 0 -2.98426 0 0.999292 -0.0239666 -0.0290131
29.213 51.4673 21.7775 0.175766 0 -4.5 0 0.394502 0.918691 0.0193631
49.5187 59.6948 34.458 1.15323 0.350395 -4.5 0 0.834194 0.370844 0.408161
70.4843 32.4019 40.4939 0.692136 0.138307 -4.5 0 0.772061 -0.50214 0.389586
47.865 40.7245 46.6755 5.257 0 -0.646272 0 -0.219938 -0.318025 -0.922219
36.2409 44.9129 24.805 0.0667832 0.535154 -2.60935 0 -0.364078 -0.80079 -0.475586
51.8996 35.5537 28.9275 1.13966 0 -0.4 0 0.744722 -0.235108 -0.624591
53.7335 52.948 55.3607 0.785187 0.148059 3.8 0 0.803686 -0.216208 -0.554385
39.2249 48.867 40.465 7.44023 0 -2.28587 0 -0.453079 -0.71684 0.529962
11.6365 41.7257 34.053 0.352104 0 -3.5 0 -0.612574 0.611667 -0.500616
38.842 41.9136 45.0505 6.83957 0 -3.59136 0 0.929326 0.302947 0.211132
59.3568 39.9775 32.106 1.67369 0 -0.479899 0 -0.641125 -0.680666 -0.354476
49.3722 32.062 55.141 -0.463163 0 -3.5 0 0.578059 0.386294 0.718766
41.1495 45.0267 46.7286 5.26362 0 -0.7 0 -0.134567 0.184359 -0.973603
37.9336 20.2374 36.0228 -0.0957856 0 -0.7 0 -0.951122 0.183155 0.248638
15.3579 42.0324 38.4585 0.105392 0 -3.9 0 -0.998177 -0.0191302 -0.0572422
37.3241 47.1279 17.0329 -0.464145 0 1.8 0 -0.350668 -0.223276 -0.909494
27.2429 35.9801 61.0024 0.86462 0.140008 -2.26905 0 -0.255579 0.108506 0.96068
51.6811 31.7286 54.0508 0.546086 0.00494051 -4.5 0 0.207096 -0.835718 0.508613
51.2935 46.8895 23.1874 0.4808 -0.0274097 0.108965 0 -0.68447 -0.285124 -0.670973
54.2998 48.9346 60.7798 -0.222376 0 -3.5 0 0.165486 0.683671 0.71078
33.4335 43.7825 17.2225 0.60574 0 -3.5 0 -0.178522 0.86254 -0.47345
24.4025 60.6468 41.6881 0.227843 -0.561141 -0.7 0 -0.557239 0.0538215 -0.828606
60.8685 29.2025 33.9765 1.08449 0 -4.5 0 0.693324 0.176577 -0.698658
40.82 21.9551 49.2016 -0.624105 -0.161945 -3.87953 0 -0.991996 0.0262271 0.123513
17.7959 35.0075 54.392 0.513278 0 -3.9 0 -0.637739 0.439641 0.632459
52.8355 55.2482 25.3415 0.458689 0 3.8 0 0.420117 0.887332 0.190116
59.9432 51.1423 46.0658 0.257794 0 -3.5 0 0.410586 -0.0165681 0.911671
31.2951 25.2162 40.8609 0.0946565 0 1.41743 0 0.635164 -0.696499 -0.333851
26.6915 33.6874 31.7048 -0.399387 -0.0244937 -1.6 0 -0.289306 -0.846936 -0.446096
44.9557 51.468 60.2775 0.317679 0 -0.8 0 -0.871357 -0.321728 0.370443
39.0629 22.4241 33.3086 0.118421 0.950289 -4.5 0 -0.835161 -0.488824 0.252105
60.3365 40.0908 47.2048 0.262846 0 -0.9 0 0.818863 -0.507493 0.268169
25.1121 59.7492 36.8076 0.222071 0 -3.9 0 -0.42255 0.734911 0.530431
46.0295 15.1407 39.0083 0.30479 0.186556 1.66128 0 -0.290987 -0.916926 0.273081
28.6344 40.6201 23.0858 0.409106 -0.236603 -1.6 0 -0.0750391 -0.706133 -0.704092
28.1822 36.359 21.5833 -0.970743 -0.129633 4.2 0 0.855895 0.354275 -0.37674
36.7519 21.385 42.858 -0.525331 -0.385223 1.46359 0 -0.472385 -0.404303 -0.783194
38.212 57.859 50.0725 0.769352 0 -3.5553 0 -0.139483 0.213287 0.966981
58.2889 51.1761 51.205 0.308807 0 -1.6 0 0.495257 0.840902 -0.218183
42.2445 46.525 41.8473 5.08106 0 -0.4 0 -0.272501 0.208941 0.939195
57.1727 29.8946 22.3201 0.793395 0.3872 -3.94643 0 0.729155 0.11841 -0.674026
19.5585 52.551 40.4435 -0.590573 0 -3.5 0 0.0509208 0.932841 -0.356672
41.2769 30.2003 19.9015 -0.42088 0 -3.5 0 -0.161463 -0.552268 -0.817881
34.1339 60.5615 37.7879 1.22697 0 -3.5 0 0.348468 0.530001 -0.773091
61.6484 32.0576 23.9905 0.525255 0 -4.5 0 0.946484 -0.211439 -0.243848
68.1165 38.2184 32.9705 -1.3283 -0.852277 -3.5 0 0.554277 -0.211244 -0.80508
51.823 50.629 63.78 0.534015 0 -4.5 0 0.379399 0.924636 -0.0332441
57.3946 38.6001 40.2192 0.804633 0 1.80023 0 0.900126 -0.41876 -0.120053
55.9509 59.7486 42.0056 0.323543 0 2.40734 0 -0.122374 0.989057 0.08241
48.1945 28.515 23.4722 0.33798 0 -4.5 0 -0.285321 -0.902354 -0.323032
39.2446 43.244 42.8501 7.38404 0.0161289 -3.9 0 0.529753 0.726698 0.437347
50.9958 13.633 43.3823 -0.430464 0 -1.79013 0 0.307236 -0.697659 0.647207
55.2305 45.2405 36.8595 1.85584 0 -0.426941 0 -0.587358 0.804871 -0.084813
28.619 42.904 53.279 0.203994 0.4997 -3.5 0 -0.0695008 -0.273471 0.959366
55.0143 50.8088 59.9926 -0.0937628 -0.0559892 -0.805211 0 0.396997 0.0307312 0.917305
17.7706 57.9458 43.8787 0.122385 0 4.2 0 -0.586279 0.303921 -0.750939
15.6132 43.2995 41.0194 0.225081 0 -3.9 0 -0.896674 -0.0359788 0.441226
48.9263 13.3142 41.4922 -0.475408 0 -0.4 0 -0.631864 -0.443651 0.635548
58.7926 50.6354 29.2949 0.749058 0 2.8 0 0.710492 -0.691095 -0.132624
59.5508 32.0887 40.8923 -0.275036 0 -3.84194 0 0.975411 -0.164346 0.146849
55.4972 41.3915 24.4062 1.54944 0 -3.9 0 0.574683 -0.816347 0.0575949
55.9712 45.5675 63.7695 0.212827 -0.392745 -3.5 0 0.188072 0.444824 0.875649
36.687 43.0117 16.502 1.09233 0 -3.65291 0 0.511557 0.81001 -0.286694
20.1063 52.0247 46.1876 0.158031 0.173976 3.37425 0 0.412177 -0.19054 0.890957
18.682 29.759 40.711 0.108346 0 3.8 0 -0.642264 -0.614345 -0.458343
30.5224 60.7109 49.8044 2.35936 0 -3.9 0 -0.350863 0.269697 0.896749
67.4504 40.9315 36.6258 0.366592 0 2.8 0 0.962174 -0.17569 0.208216
35.384 33.919 57.926 2.7707 0.131423 -3.9 0 0.83114 0.0821834 0.549956
38.5555 49.7352 18.1322 0.298621 0 1.8 0 0.634934 0.400565 -0.660611
53.6815 37.681 32.5785 0.907007 -0.0118832 4.09715 0 0.874846 -0.0973781 -0.474512
19.0225 49.473 31.434 0.340196 0 -4.5 0 0.170632 0.739864 -0.650758
52.171 41.7779 55.542 0.00109281 0 -3.10827 0 0.499116 -0.644518 0.579205
43.7314 44.9554 42.9272 5.21633 0 -1.3 0 -0.448034 -0.0800126 0.890429
32.46 45.2873 55.1975 1.16366 0 -4.5 0 -0.55714 -0.368688 0.744086
33.7868 20.5939 46.2682 0.00899165 0 -1.26993 0 -0.428492 -0.849744 0.307131
63.221 34.9748 36.0185 0.528429 0 -3.5 0 0.731897 -0.587541 -0.34514
36.2634 15.5037 44.0454 0.392562 0 -4.5 0 -0.82449 -0.0923812 -0.558285
36.1765 63.0655 37.7465 0.298936 0 -3.5 0 -0.227192 0.0917955 -0.969514
60.0124 45.4205 42.9715 -0.193276 -0.226945 2.47348 0 -0.0175741 0.332251 0.943027
21.1373 48.5835 30.7955 1.23002 0.482617 -4.5 0 -0.267713 0.861233 -0.431982
20.9884 48.0218 46.0779 0.31607 0 1.8 0 -0.849311 -0.330511 0.411622
24.0076 29.4035 41.7574 -0.225064 0 4.2 0 0.339912 -0.932023 -0.12567
41.9938 28.9055 58.9436 0.830177 0.872732 -3.5 0 0.115692 0.291442 0.949567
47.7183 49.0715 23.4295 -0.725905 -0.0813982 -0.8 0 -0.500177 -0.222798 -0.83677
49.735 55.3848 56.8768 -0.00686014 0 3.8 0 -0.116949 0.47648 0.871372
43.1323 25.4408 54.0655 0.557772 0 -4.5 0 0.520754 -0.197452 0.830559
40.6126 40.5905 16.957 0.70059 0 -3.9 0 0.412376 -0.105354 -0.904901
19.5031 52.762 34.4246 -1.82803 -0.608002 -3.5 0 -0.685193 0.486434 -0.542118
49.937 30.0578 51.149 -0.514304 -0.196325 -3.5 0 0.544779 -0.0303412 0.838031
39.6007 34.1704 56.0392 0.0493711 0 3.8 0 -0.611421 -0.578014 0.54043
28.8159 30.1014 56.335 -0.552953 0 -2.78329 0 0.625529 -0.597139 0.502134
19.0139 51.2072 33.8247 -0.392698 -0.0630122 -3.5 0 -0.354544 0.686269 -0.635085
30.572 44.185 54.139 0.645238 0 -4.5 0 -0.221651 -0.40311 0.887904
23.425 54.8526 40.4329 -1.50054 -0.725878 -3.05287 0 -0.252016 0.786598 -0.563695
51.424 46.3307 62.2495 0.188285 -0.4753 0.563278 0 -0.602957 -0.418371 0.679271
56.1831 23.3011 42.1379 0.0324795 0 3.8 0 0.989267 0.0690595 0.128771
22.365 34.592 58.256 -0.431271 -0.14526 -3.5 0 -0.826507 0.502752 0.253233
57.5583 24.1349 40.3289 0.15696 0 1.8 0 0.557337 0.28856 0.77853
58.6174 50.1176 53.8469 -0.601761 -0.220558 -2.5762 0 0.229105 0.933636 -0.275381
56.7016 31.1976 44.1823 -0.165152 0 -0.8 0 0.798318 -0.246948 0.549277
45.0351 25.5485 52.1444 0.423653 0 -4.5 0 0.981446 -0.0371989 0.188094
43.4902 49.0747 26.3752 -0.0297831 0 -3.5 0 -0.207955 -0.314349 -0.92625
27.6642 57.8973 39.9808 0.675268 0 -3.5 0 -0.253535 0.961967 0.10168
33.1385 21.3158 46.872 0.119172 0 -2.58439 0 -0.185256 -0.844241 0.502928
33.654 32.6082 33.1753 -0.261895 0 3.03056 0 0.0135948 0.117336 -0.992999
38.8555 35.5761 12.582 1.22706 0 -3.9 0 0.0594601 -0.771475 -0.633475
58.8463 38.2856 33.7684 1.69563 0 -1.6 0 0.16837 -0.678461 -0.715082
16.8143 51.3423 44.162 -0.342853 0 -3.5 0 -0.574828 -0.173735 0.799618
36.5399 41.6479 14.6669 0.732445 0 -3.5 0 0.585834 0.263242 -0.766487
37.1912 21.8988 41.6626 -0.142291 0 4.5 0 -0.828017 -0.499186 -0.255346
56.6605 51.378 31.399 0.553986 0 2.8 0 0.243142 -0.215152 0.945828
32.06 62.5137 49.116 2.69061 0.171124 -3.9 0 0.0489073 0.926921 0.372056
55.6698 26.7987 43.0288 0.181511 0 0.150043 0 0.908524 0.110666 0.40291
46.6675 34.765 28.4713 -0.134369 0 2.8 0 0.752909 -0.055526 -0.655778
42.7365 21.882 27.946 -0.837689 0 -3.5 0 0.0681527 -0.991767 0.108413
34.9295 33.6669 32.6159 -0.235369 0 -0.0650538 0 -0.505973 -0.373941 -0.777277
21.2393 28.1168 48.7352 0.0618157 0 -0.8 0 -0.655315 -0.741693 0.143014
58.6136 55.972 37.4765 0.531576 0 3.8 0 0.688532 0.475985 -0.547139
16.359 39.5816 30.8784 -0.197844 -0.128047 -3.161 0 -0.937848 0.311852 -0.152281
18.7463 33.1569 33.9621 -1.6747 -0.534344 -3.5 0 0.0212999 -0.908097 0.418217
31.9469 60.4824 40.7719 0.727898 0 -3.5 0 -0.41934 0.769383 0.481875
65.054 36.22 39.994 0.619959 0 -4.5 0 -0.749686 -0.463681 0.472197
52.9427 53.6816 51.2707 0.674086 0.184354 -0.076951 0 0.705779 0.577268 -0.410656
56.2477 52.0902 58.3428 0.273551 0 1.8 0 0.908082 -0.356115 0.220386
25.2051 26.3924 50.2798 0.793536 0.293658 -3.9 0 -0.400849 0.310927 0.861768
16.297 31.8666 49.9559 0.357918 0 -4.40578 0 -0.460203 -0.83356 0.3056
30.0189 29.7329 55.6828 -0.549731 0 3.8 0 -0.131621 -0.31542 0.93978
37.0622 40.0504 14.3156 1.31585 0 -3.57386 0 0.259005 0.609047 -0.749652
68.7193 42.3368 43.555 -0.958825 -0.0689156 -3.5 0 0.890514 0.437972 0.123145
56.047 24.9695 35.3727 -0.20996 0 -4.04657 0 0.836987 -0.403582 -0.369559
30.7735 19.1532 45.1353 -0.969344 -0.0175907 -3.5 0 0.45231 -0.881576 -0.135056
47.5399 37.9637 43.7812 5.23782 0.3192 3.72769 0 -0.0221461 0.784394 0.619868
31.4013 49.0015 53.9575 1.22746 0.389707 -4.5 0 -0.876362 0.158744 0.454742
47.8396 27.1975 28.6006 -0.992547 -0.0442235 -3.84297 0 -0.222768 -0.613833 -0.757353
21.1197 55.9394 46.9306 -0.0172204 -0.45646 1.53672 0 0.208569 0.0987175 0.973013
42.9567 64.2978 48.2584 0.226212 -0.325782 -2.90662 0 0.0984973 0.981355 0.165047
35.71 61.6592 44.335 -0.532686 -0.199671 -0.4 0 -0.61646 0.775962 0.133644
14.7603 45.0715 48.0703 0.757073 0 -4.5 0 -0.21747 0.91841 0.3305
51.397 59.2515 32.6525 0.645158 0 -4.5 0 0.777048 0.625295 0.0721255
47.8568 63.122 48.7469 0.487859 0 -1.6 0 0.55129 0.594131 -0.585737
26.3134 34.008 61.686 0.245213 0 -3.5 0 0.21125 0.11371 0.970795
55.074 32.726 22.5718 0.383587 0 -4.5 0 -0.37044 0.373068 -0.850644
53.6432 16.8554 45.1234 -0.0508685 0 -3.5 0 0.414886 -0.399001 0.817721
42.1738 44.618 17.6336 2.43962 0 -3.9 0 -0.598421 0.752352 -0.275423
53.7495 53.9762 23.634 0.393548 0 3.8 0 0.591061 0.443202 -0.673958
44.9621 49.5667 37.5155 -5.22799 -0.223297 2.8 0 0.202924 0.892471 0.402887
21.0609 47.4782 50.6912 -1.52523 -0.72761 -3.5 0 0.308663 0.950524 -0.0350782
45.0728 17.9718 53.0435 0.30336 0.0515306 -4.5 0 0.164114 0.783094 0.599859
34.5695 58.9381 43.4941 1.25903 0 -0.4 0 -0.852366 0.249029 0.459843
54.6815 37.9455 46.566 1.74502 0.112512 -0.812248 0 0.213044 -0.168449 0.962412
46.8965 48.9297 37.5246 -0.248186 0 2.8 0 0.124248 0.962422 0.241469
21.1112 40.2835 23.6353 1.73945 0.795341 -4.5 0 0.109367 0.933735 -0.340849
54.5573 27.355 51.851 0.459622 0.646696 -3.5 0 0.344135 -0.283204 0.895191
69.2822 35.9757 38.1484 0.624763 0.13581 -4.5 0 0.3278 0.240907 -0.913516
51.853 22.581 46.5715 0.445361 0.662929 -3.5 0 -0.063327 0.485504 0.871938
63.2542 35.2501 38.6341 0.0509193 -0.32648 -3.5 0 0.718357 -0.537752 0.441345
24.643 49.66 48.342 1.76153 0.804387 -3.9 0 -0.781822 0.0894804 0.617048
58.9325 36.5229 38.5265 0.486795 0 -3.52483 0 -0.0232026 0.715576 0.69815
47.2523 44.151 61.7702 -0.486857 0 -1.6 0 0.223724 0.758447 0.612133
47.3435 54.5509 57.9611 0.248869 0 -1.97863 0 0.411315 0.713445 0.567288
27.713 32.0838 60.4948 0.346833 0 -3.5 0 -0.45584 -0.5021 0.734918
51.016 57.605 36.8215 0.59307 0 -2.65303 0 0.411761 0.741808 -0.529314
47.9869 39.3206 25.2989 1.4993 0 -3.9 0 0.151638 -0.209402 -0.966
59.2113 42.4092 47.3763 0.164393 0 -0.9 0 0.267132 0.794238 0.545735
44.9514 50.489 59.5359 0.286135 0 -0.8 0 -0.89687 0.0250526 0.441584
26.1776 37.3351 24.6071 2.53919 0 3.3087 0 0.458061 0.887878 0.0430434
23.5905 33.1507 26.8978 0.14463 0 -4.5 0 0.253336 -0.966655 0.0374121
55.8278 21.2593 45.5158 -0.698253 -0.0549849 0.0107639 0 0.134584 0.239376 0.961554
48.967 61.056 30.9905 0.761549 0 -4.5 0 0.201352 0.868231 -0.453467
53.5691 52.8015 35.961 1.6215 0 2.17704 0 0.777173 -0.615209 -0.132367
35.2315 58.093 35.353 -0.178963 0 -0.8 0 0.721348 0.612105 -0.324013
54.2464 24.2606 30.4466 -0.357489 -0.360743 -2.36802 0 0.884104 0.0385142 -0.4657
13.5016 36.8236 41.4038 -0.0787481 0 -0.7 0 -0.812789 -0.55956 0.162071
53.1878 49.358 60.738 0.0150963 0 -4.5 0 0.459472 0.575066 0.676893
19.0373 32.9997 39.3278 -0.785991 0 3.8 0 -0.902887 0.0257928 -0.429104
49.8 38.023 55.4 0.363166 0 -1.6 0 0.418626 -0.688071 0.592715
34.5083 48.628 18.0495 0.138339 0 1.03465 0 -0.396301 0.282115 -0.873703
58.0825 50.8069 23.6406 0.4307 0 3.8 0 0.802587 0.354963 -0.479432
52.135 47.3338 22.3885 -0.181468 -0.395212 3.8 0 -0.256985 -0.337601 -0.90553
47.2718 16.5872 33.0537 -1.10672 -0.112115 -0.4 0 -0.320685 -0.375259 -0.869679
41.345 49.2142 45.9738 5.02489 -0.0125626 -3.5 0 -0.408004 -0.3048 -0.860599
44.6145 42.9816 16.1219 2.18163 0.319185 -3.9 0 0.492758 -0.443771 -0.748503
54.6205 16.7418 34.8397 1.12397 0.685115 -3.9 0 0.078823 -0.995742 -0.0478055
22.3657 31.261 23.464 0.497461 0 -4.5 0 0.284258 -0.854648 0.434482
31.1605 50.4207 20.5526 1.4116 0 -4.5 0 0.265237 0.892433 -0.364982
56.7907 36 51.9243 2.34704 0.569977 -3.9 0 0.686134 -0.573067 0.448123
37.6191 46.2706 47.7541 5.50585 -0.0502926 -2.59301 0 0.312064 0.686952 -0.656287
51.382 42.0783 56.613 -0.00613493 0 1.43114 0 0.50608 -0.670543 0.542452
37.219 55.5561 26.675 0.652151 0 2.52044 0 -0.120548 0.275931 -0.953588
34.9427 64.4213 39.3966 -0.113099 0 -3.5 0 -0.918186 0.32823 -0.22181
65.8049 47.7045 36.5596 0.48515 0 3.3634 0 0.42243 0.88773 0.183
40.704 59.205 49.731 0.544168 0 -3.5 0 -0.422298 0.476943 0.770837
25.7146 46.8301 55.4346 0.308182 0 -0.8 0 0.37601 0.0865766 0.922562
60.6945 44.94 30.636 0.0490838 -0.712757 -1.3 0 0.474582 0.646216 -0.597643
47.7305 39.7405 58.049 0.467202 0 -1.6 0 0.630654 -0.775496 -0.0296872
15.7835 44.8317 49.7702 0.187366 0 -4.5 0 -0.074442 0.906076 0.416515
67.9977 46.9982 36.8867 0.284959 0 2.8 0 0.265841 0.555084 0.788169
59.7513 45.6357 55.072 0.0499631 0 -3.5 0 0.824781 -0.553887 -0.113774
21.0284 56.8316 42.4846 0.582524 0.134634 0.274869 0 -0.324277 0.359187 -0.875117
12.8794 43.5801 46.0589 1.18519 0.0603677 -4.5 0 -0.90281 -0.00120063 -0.430038
35.878 58.7272 46.5344 0.747485 0 -1.4396 0 -0.984656 0.112699 -0.133231
16.1402 45.7697 33.8025 -2.27803 -0.0904393 -3.5 0 -0.940236 0.21201 0.266475
50.1221 20.7366 27.0408 0.3544 0.273892 -3.5 0 0.849448 -0.487423 -0.202132
21.9988 36.2747 56.4795 -1.39955 0 -3.5 0 -0.155632 0.859232 0.487338
13.3655 41.6598 35.7755 -0.132533 0 -3.5 0 0.260353 0.903297 0.340986
38.8694 18.1354 34.9611 -0.0840557 0 -0.7 0 -0.469233 -0.827038 -0.309563
58.829 55.102 46.6582 -1.1122 -0.334352 -3.5 0 -0.11805 0.474927 0.872072
39.4545 47.541 24.078 1.07645 0 -4.5 0 0.578472 0.790279 0.202062
40.4723 50.2713 26.3025 0.168286 -0.124562 -3.96592 0 0.659311 -0.301948 -0.688575
35.3869 51.2436 22.2565 -8.78431 0.258453 -1.6603 0 -0.394205 0.740982 -0.543643
57.6709 39.3716 39.515 0.867362 0 1.08164 0 0.543662 -0.838813 -0.0287244
15.1235 37.327 39.1471 -0.287307 0 -0.7 0 -0.287471 -0.755004 -0.589347
63.734 42.063 43.977 0.0384766 0 1.34466 0 -0.0593725 -0.422612 0.904364
29.8705 55.865 46.3055 0.798713 0 -3.48615 0 0.867044 -0.477101 -0.143558
53.1455 46.8438 46.558 2.57761 0 2.8 0 -0.0917161 0.861026 -0.500223
17.1443 35.586 40.9157 -0.163049 0 0.467774 0 -0.428729 -0.536009 -0.727245
25.1332 27.4517 50.1594 0.843649 0 1.8 0 -0.418999 -0.308243 0.854064
31.3587 29.9233 27.5037 -2.67384 0 -0.4 0 -0.487447 0.781244 -0.38994
55.1058 42.6925 60.261 -0.636975 0 -3.5 0 0.313132 -0.883588 -0.348169
24.621 48.887 51.098 -0.663248 -0 -0.4 0 -0.847245 0.501548 -0.175003
22.7755 36.3076 20.2673 1.09859 0 2.13912 0 -0.403004 -0.266257 -0.875611
42.3397 42.1558 60.6386 0.37695 0 -0.8 0 0.0880879 -0.582456 0.808075
53.0233 40.3512 23.0958 0.983744 0 -3.9 0 -0.0541669 -0.711628 -0.700465
61.6413 32.2126 36.7715 0.209112 0 -3.86041 0 0.929478 -0.107797 -0.352776
31.21 39.535 16.721 0.0361629 -0.0561402 -3.5 0 -0.715442 -0.685034 0.137375
36.4502 16.949 44.805 1.26634 0.603576 -4.5 0 -0.995739 0.0913345 -0.0127207
25.121 59.8778 34.1157 0.583481 0 -3.9 0 -0.099692 0.98075 -0.167904
20.0211 37.467 18.8843 0.763915 0 -4.5 0 0.0320101 -0.989787 -0.138911
63.4468 55.377 45.1545 0.1736 0 -0.4 0 0.977285 0.0167978 0.211261
36.118 29.4447 30.319 -0.323072 -0.0330644 2.88591 0 -0.68306 0.481751 -0.548949
28.4485 56.6195 47.2918 0.479318 -0.0745082 -3.9 0 -0.131918 -0.430809 0.892749
42.1292 51.1753 26.799 0.467424 0 -3.5 0 0.031246 0.290814 -0.956269
35.4636 19.2162 45.619 1.10254 0.850773 -1.3 0 -0.497153 -0.819155 0.286049
38.5317 23.4352 51.8747 -0.710629 0 -4.5 0 -0.336491 -0.900628 -0.275032
43.2569 40.9361 48.4599 4.96566 0 3.8 0 -0.178455 0.305158 -0.935432
43.5124 47.9305 61.1599 0.462705 0 -4.5 0 -0.461335 0.487432 0.741337
31.85 49.029 18.9085 0.455276 0 -4.5 0 -0.225878 0.347842 -0.909937
32.9165 59.355 49.0925 2.59568 0.432566 -3.9 0 0.359481 -0.796851 0.485594
46.5508 58.2352 34.3162 1.96214 0.448193 -4.5 0 -0.78446 -0.360184 -0.504865
42.559 52.5018 57.5591 0.0881145 -0.0639235 -3.38465 0 -0.266389 -0.354079 0.896473
44.5525 50.9149 34.8061 0.28212 0 4.2 0 -0.668239 0.716539 0.200074
56.0674 43.2814 23.9059 2.07173 0.154983 -3.9 0 0.960465 -0.184467 -0.208516
13.2583 39.8768 33.1883 0.436697 0 -3.5 0 -0.497038 -0.254424 -0.829591
18.2722 29.1496 23.0796 0.503826 0.677511 -4.5 0 -0.118774 -0.987802 0.100697
53.6445 33.172 46.7935 0.555286 0.487583 -1.35428 0 0.746396 0.182946 0.639862
54.9907 53.0438 27.0125 0.439173 0 3.8 0 0.132454 0.990549 0.0356101
19.53 53.3635 41.696 -0.182181 0.0415115 -3.5 0 0.240539 0.748653 -0.617786
27.118 44.3935 23.8264 0.449626 0 -1.6 0 -0.0735163 0.760169 -0.645553
43.735 55.1237 30.5203 -0.655627 -0.262074 -3.5 0 0.747725 0.65618 0.101666
54.3925 15.5375 44.633 -1.26365 -0.455796 -3.5 0 0.145786 -0.489093 0.859962
47.293 54.0187 41.9318 3.18304 -0.191217 -2.17864 0 0.370691 -0.858582 -0.354154
13.8094 40.0489 37.9777 -0.356188 0 -3.5 0 -0.448292 0.52726 0.721825
52.2632 42.659 56.3535 -0.394906 -0.214676 -2.91138 0 0.347525 -0.836974 0.42273
41.6021 29.0855 21.0224 -0.130792 0 -3.5 0 0.354854 -0.724379 -0.591061
52.0381 45.9665 22.7966 0.606683 0 -0.4 0 -0.206892 -0.215885 -0.954248
64.7984 37.5435 40.2941 0.560484 0 -4.5 0 -0.660414 -0.372631 0.65192
26.5245 39.4562 57.6997 -1.56731 -0.813549 -3.5 0 -0.223173 0.784332 0.578806
64.0543 40.88 19.6343 1.014 0.0433534 -4.5 0 0.0981008 0.742716 -0.662381
39.4333 39.077 14.5037 1.74039 0.314519 -3.9 0 0.538706 0.804987 -0.24858
42.1754 44.309 46.9844 5.11675 0 -0.7 0 0.222349 -0.417076 -0.881254
53.112 54.8581 24.1908 0.415272 0 3.8 0 0.392683 0.799964 -0.453716
36.7113 47.2874 39.9371 5.33906 0 -0.739398 0 0.580912 -0.221379 0.783283
32.1497 27.144 26.4205 0.354017 0.733787 -4.5 0 -0.667136 -0.0324272 -0.744229
65.7405 41.1585 45.018 -0.0290616 0 -3.5 0 -0.284635 -0.156485 0.945778
32.5957 61.774 49.7767 2.74139 0.121246 -3.9 0 0.548103 0.545192 0.634309
25.6558 27.4704 57.502 -0.542745 0 -3.5 0 -0.289046 -0.931543 -0.220636
57.4145 60.2064 37.4814 0.380514 0 3.8 0 0.0872405 0.673865 -0.733686
48.9765 27.6236 27.1051 -0.233602 0 -3.5 0 -0.553468 -0.63247 -0.5419
50.555 46.964 35.8765 1.76942 0 3.48244 0 0.942306 -0.291866 -0.163933
15.8284 37.8189 27.5821 0.126073 0 -0.4 0 -0.790088 -0.40975 -0.455923
30.122 55.6457 44.0944 1.19313 0 -3.9 0 0.312557 -0.603154 0.733834
40.624 15.159 42.9571 0.557985 0.127179 -4.5 0 0.373001 -0.773903 -0.511805
38.0653 50.3291 22.6356 0.0173518 -0.769325 -3.29281 0 0.974664 0.20693 -0.0849145
15.4952 34.5935 45.9276 0.0643045 -0.00114176 -4.44628 0 -0.791523 0.199735 -0.577579
63.9301 48.902 35.3377 0.492214 0 3.8 0 0.596464 0.719933 -0.354862
20.596 34.8905 20.741 1.2938 0 -4.5 0 -0.215702 0.405254 -0.888393
20.4196 30.9147 26.6676 0.445087 0 -4.5 0 0.417649 -0.901634 -0.112363
54.3986 32.7016 27.186 -0.0884651 -0.0912894 2.8 0 -0.699883 0.711681 0.0606172
54.3775 47.8717 41.6367 2.00337 -0.686499 -0.7 0 -0.160725 0.921947 -0.352392
25.387 37.3317 55.1063 -0.468667 0 -3.5 0 -0.902454 0.194934 0.384158
55.2125 26.4325 27.6155 -0.470549 -0.116081 -3.5 0 0.510185 -0.858916 0.0444423
50.9702 12.5155 42.3418 -0.0353884 0 -0.4 0 0.180801 -0.840882 0.510125
27.9853 56.287 32.8647 -0.293113 -0.752671 -1.6 0 -0.31344 0.384481 -0.868292
51.306 44.9165 34.601 1.54517 0 2.85 0 0.676015 0.727791 0.115431
44.716 55.25 58.834 -0.660165 -0.524682 -0.8 0 -0.194955 0.913173 0.357922
57.6984 49.1377 37.6165 1.02611 0 2.75367 0 -0.519455 -0.133946 -0.843934
46.8633 61.7911 32.775 0.962949 0 -4.5 0 -0.390642 0.490834 -0.778769
57.8035 29.2315 29.6885 0.363508 0 2.8 0 0.805911 -0.501693 -0.314343
53.7909 33.7126 52.3305 0.830442 0.110382 -4.45586 0 0.94758 -0.0994232 0.303656
25.1295 32.7696 21.2253 0.461001 0 4.2 0 0.206467 -0.962383 0.176608
21.6917 53.3042 33.3133 -0.775048 0 -3.5 0 -0.0580703 0.392867 -0.91776
25.2201 49.0611 23.004 0.120358 0 -4.5 0 -0.649827 -0.1358 0.747852
40.2104 57.0304 38.3464 1.30263 0.828043 -3.5 0 0.203039 0.570582 -0.795746
31.4417 21.495 50.1729 0.149849 0 1.8 0 0.124679 -0.976619 0.17513
49.1389 61.3801 50.6608 0.431113 0 -1.6 0 0.904526 0.39832 0.15223
24.3027 42.2943 24.3266 0.564508 0 -1.6 0 -0.674618 -0.306525 -0.671515
60.4201 47.5464 33.7354 0.873583 0 3.8 0 -0.594554 0.468303 -0.653603
24.1805 23.0724 47.7926 1.80054 0 -3.9 0 -0.472242 -0.877381 -0.0847947
58.7601 50.4661 46.3434 0.0642043 -0.086593 -3.5 0 0.326132 0.0953725 0.940501
52.8026 25.0194 27.7031 -0.087056 0 -2.47091 0 0.735706 -0.222961 -0.63955
41.1133 55.0259 28.2676 0.164177 -0.663044 -3.7193 0 0.663152 0.510836 -0.547061
22.315 29.4296 38.0643 -1.00686 -0.781021 -0.4 0 -0.263981 -0.507707 -0.82009
23.1607 60.7965 44.7446 -0.0566367 0 -0.7 0 -0.68667 0.694261 0.215606
39.5578 49.9347 42.9005 7.34205 0.595155 -3.9 0 0.159337 -0.597305 0.786027
34.6965 40.6808 21.501 -0.899045 -0.857033 -3.5 0 -0.643864 -0.359089 0.675643
20.1723 52.4041 33.4202 -0.600515 -0.0966771 -3.5 0 -0.496682 0.389782 -0.775485
30.0771 43.2474 53.5454 0.633605 0 -3.5 0 -0.0566951 -0.271026 0.960901
31.8675 57.7588 46.1735 0.77493 0 -3.9 0 0.770828 -0.636803 -0.0174932
71.5902 33.3195 39.712 0.865017 0.764891 -4.5 0 0.908165 -0.411533 -0.0766639
48.3047 14.1692 37.3855 0.165956 0 -0.4 0 0.23051 -0.967587 -0.103157
54.459 26.322 50.7505 -0.323958 -0.174272 -3.5 0 0.243491 -0.680951 0.690665
39.1934 52.0199 55.2986 0.86536 0.0660097 -0.4 0 -0.795286 -0.591496 0.132864
66.702 33.435 40.1828 0.841139 0.0832905 -4.5 0 -0.879603 -0.475708 0.000615608
30.448 54.8095 48.814 0.675974 0 -0.146821 0 -0.174865 0.983751 -0.0406854
51.4969 47.5662 40.7503 2.7007 0 -0.7 0 -0.0272212 0.655271 -0.754903
56.042 26.6612 22.2862 -0.246118 -0.0101054 -3.5 0 -0.203642 -0.93554 -0.288608
32.1025 30.5977 29.8405 -2.11738 -0.0405897 1.61296 0 0.346227 0.814327 -0.465831
63.1854 41.7555 21.5016 0.918034 0 -4.5 0 0.245268 0.940109 -0.236725
30.8965 42.7756 17.332 0.571689 0.0843012 -3.5 0 -0.852754 0.345763 -0.391483
24.6133 20.7048 46.0283 0.289958 0 -4.5 0 -0.636 0.329374 0.697866
51.8995 58.0983 33.1349 1.00238 0 -4.5 0 0.603223 0.699117 0.383871
37.0564 15.9589 48.26 0.438615 0 -4.5 0 -0.897613 0.306016 0.317246
52.1147 47.3955 32.3262 1.6236 -0.607885 -0.7 0 0.90049 -0.0821107 0.427054
28.899 36.5687 23.1105 -1.64345 -0.185459 4.2 0 0.907234 0.417844 0.0483056
63.2346 48.2957 45.9564 0.236019 0 -1.6 0 -0.143082 -0.174515 0.974203
43.3659 30.3221 18.6266 -1.2701 -0.324868 -3.5 0 0.131875 -0.549799 -0.824821
49.1155 41.1987 60.3904 0.00642737 0 0.664403 0 0.474059 -0.403775 -0.782454
17.9655 33.739 41.116 -0.0245911 0 3.8 0 -0.570312 -0.108548 -0.814224
47.6068 52.8815 27.1585 -0.331354 -0.921737 -0.8 0 -0.421727 0.902431 -0.0881176
44.2993 37.9552 20.3065 0.338926 0 3.8 0 0.498575 0.0926674 -0.861879
36.0075 26.6874 42.305 -0.10786 -0.455243 0.301004 0 -0.648611 -0.737262 -0.189071
46.6665 59.2585 33.7205 1.45672 0.2256 -4.5 0 -0.861172 -0.339198 -0.378586
46.2876 60.6889 32.9494 1.18287 0.0136352 -4.5 0 -0.874719 -0.0443544 -0.482596
62.0455 54.9471 46.5345 0.236563 0 -0.4 0 0.284782 -0.23023 0.930534
69.4242 46.3705 34.9775 0.333544 0 2.8 0 0.886127 0.0996585 -0.4526
15.3229 49.9611 42.4992 -1.5939 -0.756159 -3.5 0 -0.772238 -0.558902 0.30212
24.3617 30.8557 34.7485 -1.24645 -0.910307 -3.5 0 -0.740974 -0.482984 -0.466566
25.2798 24.1698 45.1592 0.263727 0 -3.9 0 -0.404947 -0.362975 -0.839206
34.7793 45.4709 18.3 1.01695 0.179243 -4.04975 0 0.0336794 0.113767 -0.992936
15.9489 52.0376 43.3527 -1.18363 -0.00460987 -3.5 0 -0.684792 0.22853 0.691978
26.5346 52.3003 21.187 0.556447 0.0456361 -4.5 0 -0.284116 0.944611 0.164281
32.349 58.441 47.463 1.08043 0 -3.9 0 0.588789 -0.793712 0.152804
29.7628 30.5522 58.4067 -0.546753 0 -0.8 0 -0.0673639 -0.883523 -0.463518
29.7461 56.4871 31.6446 0.629304 0.205158 -1.29257 0 -0.816206 0.529316 -0.231588
23.3815 44.8545 26.3472 -0.274993 -0.425612 -4.19441 0 -0.68301 0.354318 -0.638714
45.6021 58.826 37.7665 1.5129 0 -4.5 0 -0.932457 -0.336096 -0.132529
38.5457 24.7253 38.3903 -0.956605 0 -0.8 0 -0.310823 -0.762596 -0.567306
56.088 36.1025 49.818 3.68663 0 -3.9 0 0.392456 -0.476843 -0.78651
21.6395 31.5176 19.1357 1.08043 0 -4.5 0 0.346531 -0.194934 -0.91756
30.1475 28.782 33.4767 0.057159 0 3.8 0 -0.916998 -0.387408 0.0950241
43.8392 29.4198 24.9325 -0.290622 -0.405298 -3.98415 0 0.308032 -0.914616 -0.261904
28.0931 48.3143 23.57 0.400898 0 -4.5 0 -0.653323 -0.65395 0.381469
18.7361 36.7506 25.2878 -0.23175 0.284852 1.33445 0 -0.929915 0.133915 -0.342526
44.5756 39.0052 42.935 5.27363 0 3.98502 0 0.230763 0.703474 0.672215
42.5655 44.5861 20.1915 0.550764 0 -3.9 0 0.0505183 0.968336 -0.244485
20.1061 39.0855 15.2937 0.449063 0 -4.5 0 -0.0246519 0.494412 -0.868878
51.5724 37.6143 46.3049 3.0433 0 -0.8 0 -0.0503909 0.660004 0.749571
36.007 43.4455 25.9795 -0.127279 0 3.8 0 -0.335412 -0.248075 -0.908822
50.004 59.622 44.1465 -0.706815 -0.19747 -3.5 0 -0.590818 0.374995 0.714362
55.94 53.4915 28.1318 0.0244736 0 2.8 0 -0.0908774 0.784103 -0.613941
45.2213 52.7142 33.6586 0.722158 0 4.2 0 -0.490328 0.731675 0.47353
56.584 29.1406 21.2086 0.343154 0 -3.5 0 0.525812 0.385475 -0.758242
26.5847 58.6544 41.8299 0.603866 -0.65864 -1.17619 0 0.148927 0.630584 -0.761698
38.8908 56.074 57.7205 1.5109 0.802994 -0.7 0 -0.671283 0.634478 0.383167
26.539 40.0275 52.908 -0.0415619 0 -3.5 0 0.231365 0.0842733 0.96921
47.5342 48.1898 41.8162 3.46317 -0.0631885 -1.3 0 0.293743 0.569862 0.767446
30.4281 27.2275 55.4123 -0.311505 0 1.03443 0 0.11171 -0.429818 0.895979
48.7088 24.9755 50.0161 -0.262841 0 -3.5 0 -0.0894479 -0.922337 0.375891
26.7055 53.4991 50.0929 -0.541983 -0.303629 1.8 0 -0.515391 0.848008 -0.123507
47.9265 32.8408 23.5942 0.376302 0 -4.5 0 0.701441 0.69966 -0.135858
38.1287 13.079 44.6953 0.498464 0 -4.5 0 -0.138875 -0.943687 -0.300281
34.5211 55.2656 48.7146 -0.195811 -0.325207 -3.5 0 -0.548507 0.835788 -0.0244755
49.3075 51.0025 63.678 0.565826 0.594855 -3.76 0 -0.497586 0.371483 0.783842
33.5635 33.0355 58.3512 2.94344 0 -3.9 0 0.247328 0.00455993 0.968921
43.4655 16.2673 48.1919 0.104864 0 -2.62079 0 0.413582 -0.654276 -0.633145
32.895 21.922 41.6484 -1.39298 -0.223047 -0.4 0 0.66913 -0.0275899 -0.742633
19.7334 28.5316 47.0166 0.306037 0 -3.5 0 -0.325709 -0.798279 0.506621
57.1198 49.732 49.7125 0.737237 0 -1.6 0 0.395373 0.679074 -0.618497
27.5998 17.8951 44.6665 0.755519 0.56267 -4.5 0 0.786219 -0.616403 -0.0436758
16.587 30.8913 48.9767 -1.55675 -0.326382 -3.5 0 -0.360897 -0.658256 0.660645
45.3659 23.6574 27.0201 -0.845285 -0.461385 -3.5 0 0.394621 0.602608 -0.693641
31.581 61.1425 38.6125 0.267557 0 -3.5 0 -0.404235 0.906195 0.124117
44.5592 48.3703 47.045 5.17136 0.446064 -3.5 0 0.434841 -0.446126 -0.782231
16.32 39.2707 54.5035 0.275204 0 1.8 0 -0.394685 -0.489742 0.777417
15.4916 39.6063 53.5392 0.336046 0 1.8 0 -0.876407 -0.31204 0.3668
29.9405 29.7372 31.4357 -0.830164 0 3.8 0 -0.994654 -0.0767204 0.0691226
42.0793 15.0564 35.5373 -1.68027 -0.903059 -3.5 0 -0.53418 -0.420541 -0.733346
55.8175 53.177 36.231 1.37943 0 3.8 0 -0.187923 -0.842264 -0.505248
38.704 29.1115 18.948 -0.203197 0 -3.5 0 0.669122 -0.555769 -0.493352
40.7067 16.7405 38.544 -0.191707 0 -3.5 0 -0.897796 -0.434925 0.0693073
14.9144 45.7574 46.2064 1.0535 0 -4.5 0 0.012633 0.978022 -0.20812
54.8083 35.9132 53.9767 0.618504 0 -3.9 0 0.538735 -0.599706 0.591707
39.9045 16.221 51.39 0.534425 -0.217418 -4.00277 0 -0.792739 0.0543474 0.607134
25.5976 56.8787 32.6841 1.33297 0 -3.9 0 0.422968 -0.361612 -0.830864
17.717 54.923 43.1524 0.263473 0 1.20176 0 -0.694645 0.499856 -0.517312
60.9396 33.2323 27.3206 0.589788 0 -4.5 0 0.784592 -0.0197647 0.619697
40.5667 22.5894 52.6134 0.455191 0.576922 -4.5 0 -0.414641 -0.899802 0.135751
18.2987 30.086 53.1758 3.41186 0.0379881 -3.76529 0 -0.585032 -0.803045 0.113381
32.039 20.4305 45.9992 0.115949 0 -3.3383 0 0.447167 -0.815127 0.368252
61.0886 56.319 46.4902 0.279723 0 -0.4 0 0.057827 0.417048 0.907043
42.6695 48.3375 58.6055 0.757358 0 -4.5 0 -0.610712 0.726235 0.315617
63.0503 34.7183 37.4976 -0.372322 0 -3.5 0 0.916431 -0.399358 -0.0258438
46.1405 57.7285 56.559 -1.02062 -0.0463556 -3.5 0 -0.363021 0.47318 0.802694
46.338 58.604 46.301 1.56028 0.574555 -3.97202 0 0.890404 -0.13228 -0.435526
54.9459 43.2279 63.7407 0.381404 0 -3.5 0 0.0604747 -0.541491 0.838529
65.0882 47.3829 42.1955 1.58604 0 -2.62265 0 0.675299 0.675271 -0.296615
22.7151 46.0363 53.5256 -0.658935 0 -1.1776 0 -0.78361 0.163864 0.599253
39.1101 23.6216 35.137 -0.0995421 0 4.2 0 -0.710723 -0.54575 0.443881
18.7414 37.6123 16.001 0.800348 0.460992 -4.5 0 -0.564555 -0.720825 -0.402106
22.377 18.9235 45.3979 0.802139 0.785993 -4.5 0 -0.970055 -0.219649 0.103676
53.4217 18.0977 46.2035 0.147607 0 -3.5 0 0.618264 -0.228789 0.751934
39.2598 54.6668 53.2038 0.889881 0 -0.7 0 -0.881848 0.315065 -0.350826
55.4963 16.0175 38.0773 0.199826 0 -3.9 0 0.642946 -0.755616 -0.125163
35.7809 52.2606 35.1924 5.73641 0.525181 -0.8 0 0.403196 0.415908 -0.81514
48.8151 51.0073 36.0154 -0.785577 0 3.59984 0 -0.294944 0.0829298 0.951909
36.7453 46.0656 47.1685 5.50772 -0.0722869 -1.28303 0 0.493678 0.647797 -0.580208
51.1758 23.1973 45.7798 0.163862 0.182265 2.09874 0 -0.167212 0.362542 0.916844
19.3325 29.4018 22.8035 0.740153 0.335376 -4.5 0 0.160812 -0.944348 0.28696
59.655 46.4902 31.9774 1.6056 0.0228728 -1.3 0 -0.309991 0.905366 -0.290203
56.068 44.9552 31.4836 1.41366 0 -1.6 0 0.119912 0.981437 0.149674
23.3101 51.0451 32.0902 0.0177613 0 -3.5 0 -0.47572 0.710687 -0.51828
55.639 47.6847 38.2173 1.94555 0 1.9 0 -0.619804 0.247398 -0.74474
55.9487 17.977 31.7362 1.96939 0.570219 -3.9 0 0.652223 -0.185776 -0.734909
47.2884 16.345 48.8988 1.11782 0.956524 -4.5 0 0.776725 -0.628357 -0.043204
44.793 51.787 33.9779 0.664553 0 4.2 0 -0.805174 0.452837 0.382928
43.7486 29.823 21.9802 -0.672746 -0.874379 -3.5 0 0.426231 -0.904069 -0.0314136
19.1103 29.3331 50.0529 -0.560815 -0.854446 -0.8 0 -0.700146 -0.665668 -0.258228
33.1973 23.7003 30.047 0.657397 0.787726 -4.5 0 -0.768448 -0.39382 0.504375
16.568 37.083 39.2853 -0.435669 0 -0.7 0 -0.260988 -0.833907 -0.486297
16.3867 43.851 35.6748 -0.285214 0 -3.5 0 -0.993221 0.0742905 0.0894057
23.0047 35.8216 60.0817 0.0833918 0 -3.5 0 -0.576797 0.783705 0.230461
51.6625 55.417 24.936 0.453607 0 3.8 0 -0.133497 0.988896 -0.0652862
33.9193 33.8545 26.1003 -4.78591 0 -0.7 0 -0.532021 -0.833464 0.149305
40.484 22.376 26.4645 -1.73393 -0.25045 -3.5 0 -0.67534 -0.707578 -0.207963
45.023 17.6432 34.9005 -0.310066 0 -1.93248 0 -0.467388 -0.0976976 -0.878637
22.437 52.9258 44.2957 0.392575 0 1.24566 0 -0.0431878 -0.120858 0.99173
39.0915 41.7113 46.1549 5.62965 0 -3.5 0 0.904616 0.166982 -0.392156
49.9699 48.1536 41.9803 3.26447 0 -0.7 0 -0.0733011 0.990164 -0.11917
16.0966 41.311 41.1926 0.738203 0 -2.81689 0 -0.962866 0.186602 0.195113
21.4269 53.2293 44.7504 0.534238 0 0.573867 0 0.547057 -0.253645 0.797742
15.615 28.5905 46.2747 -0.0432674 0 -3.5 0 -0.598889 -0.78743 0.145899
49.1559 39.9776 43.5677 5.32766 0.933746 1.8 0 -0.462989 -0.398734 0.791614
66.9153 46.136 33.0076 0.0221155 0 2.8 0 0.335399 0.0219373 -0.941821
27.5212 36.5095 20.372 -0.0295024 0 4.2 0 0.790895 0.550462 -0.26735
59.2244 49.3934 46.6393 -1.24374 -0.199774 -3.5 0 0.615034 0.275791 0.738697
28.2728 28.884 38.0382 -1.11494 -0.540931 -3.5 0 -0.366144 -0.878136 -0.307921
52.2113 60.8519 39.3849 -0.676445 -0.8846 -0.8 0 0.178097 0.862111 -0.47439
18.9791 41.5349 27.256 0.0449111 0 3.65211 0 -0.633253 0.773888 -0.00937894
34.2905 29.7355 18.8725 -1.13625 0 -3.5 0 -0.919594 0.032714 -0.391506
42.5471 56.2637 29.987 -1.37256 -0.597123 -3.5 0 0.0825217 0.988808 0.124293
40.3519 23.5579 28.8154 -0.497751 0 -3.56886 0 -0.324652 -0.920923 0.215641
57.4895 50.1335 53.8475 -0.554074 -0.66773 -3.44737 0 0.115772 0.95208 0.283092
48.6831 61.6 37.322 1.07891 0 -4.5 0 0.89511 0.345444 0.281862
35.0488 27.7232 20.1628 -1.48053 -0.557746 -3.5 0 -0.501304 -0.612959 0.610718
32.711 60.573 49.9173 3.56908 0 -3.9 0 0.327944 -0.155735 0.931772
54.2805 47.2443 39.8736 2.35562 0 0.572075 0 -0.479406 0.714397 -0.509713
57.5116 43.0008 52.195 0.106115 -0.150007 -2.98926 0 0.950831 -0.269325 0.152922
23.75 43.6281 53.8491 -1.3699 -0.819571 -0.8 0 -0.239455 -0.259499 0.935586
21.6467 31.515 27.6355 0.489204 0.619818 -4.5 0 0.537721 -0.840146 0.0707835
52.253 52.3215 45.1065 3.79158 0.108006 -3.05 0 -0.376972 -0.831641 -0.407758
34.6781 54.3208 30.7038 3.89185 0 4.2 0 0.717947 0.413449 0.560011
30.6459 46.2374 19.6626 -0.267934 -0.00330691 -3.58114 0 -0.449824 0.311492 -0.837037
41.1815 47.1566 22.8032 0.788582 0 -4.5 0 0.537589 0.837601 -0.0970731
49.5588 12.3142 40.3605 -0.629994 -0.618881 -0.4 0 -0.0028247 -0.998883 -0.0471704
30.4417 40.9754 24.1345 -0.853131 0 3.8 0 0.37042 -0.842712 -0.390673
26.2819 34.056 17.7551 0.172066 0 4.2 0 0.139523 -0.0588657 -0.988468
42.003 47.6045 46.183 5.51364 0.0458495 -3.5 0 -0.19982 -0.505316 -0.839481
65.556 40.5965 22.2165 0.35043 0 -4.5 0 0.644986 0.751103 0.140846
21.6418 33.3131 60.4743 -0.838192 0 -3.5 0 -0.933555 0.0581051 0.353693
42.3425 16.375 46.7155 -0.170676 -0.606278 1.8 0 0.359956 -0.894992 -0.26348
40.457 50.7945 34.4095 11.1813 0 -3.9 0 0.424155 0.768948 -0.478343
57.8566 60.6842 39.7135 0.235206 0 3.8 0 0.27222 0.96222 -0.00534138
35.6414 38.6398 22.783 -0.184801 0 -3.5 0 -0.96334 0.0549291 0.262601
50.7933 32.5365 54.7016 0.652213 0.87568 -4.5 0 0.137801 -0.0351665 0.989835
39.3569 40.8307 57.8804 -0.138242 0 -2.18882 0 -0.301863 -0.676353 0.671882
27.8415 28.909 40.443 -0.508403 -0.426188 4.42727 0 -0.291747 -0.766349 -0.572357
50.5544 35.9644 28.0636 0.840244 0 -0.4 0 0.130771 -0.425157 -0.895623
50.0493 49.9372 22.6763 0.418676 0 3.8 0 -0.308198 -0.0391977 -0.950514
29.7115 49.967 19.2498 0.642937 0 -4.5 0 0.0365812 0.13052 -0.990771
41.1629 18.1736 52.7057 -1.52042 -0.0905356 -3.5 0 -0.059507 0.196293 0.978738
41.668 24.07 24.0295 0.612604 0.661139 -3.9 0 0.389722 -0.863054 -0.321333
62.7804 39.4729 42.0396 0.360882 0 1.8 0 0.114732 -0.968919 0.219164
60.894 57.155 45.9426 0.130159 0 -0.4 0 -0.400209 0.50011 0.767934
32.982 41.1465 57.6955 -1.14183 -0.162602 -3.5 0 -0.558366 0.776087 0.293114
35.3898 21.5284 28.2509 0.875478 0 -4.5 0 -0.021614 -0.997222 -0.0712858
44.2671 44.502 47.1608 4.85395 0 -0.8 0 -0.405116 0.16325 -0.899572
28.3231 18.8079 45.2352 0.336559 0.0637636 -3.77784 0 0.521616 -0.8529 0.0218484
50.3861 46.082 35.2516 1.62982 0 3.1712 0 0.897421 0.441144 0.00519545
25.4155 52.7274 32.7882 0.144953 0 3.8 0 -0.475572 0.69992 -0.532863
61.5107 34.1895 25.958 0.556858 0 -4.5 0 0.935494 0.305241 0.177988
44.3175 50.4217 25.9565 -1.13328 -0.42059 -3.5 0 -0.196188 0.364431 -0.91033
26.0179 50.9161 26.0895 -0.930969 0 -3.5 0 -0.936314 0.0405242 -0.348819
26.8134 19.4041 42.0103 0.896348 0 -4.5 0 -0.107551 -0.565177 -0.817929
38.3997 60.898 49.986 0.750083 0 -1.6 0 -0.256268 -0.186217 0.948499
42.2495 24.8988 24.2665 0.916971 0.331939 -3.9 0 0.983245 -0.0966135 -0.154579
45.9069 14.6255 37.9847 0.3232 0.919289 -0.4 0 -0.202079 -0.942359 0.266691
17.3179 56.166 47.9027 0.113234 0 4.2 0 -0.379192 -0.0598976 0.923377
23.2838 34.9663 20.0426 1.56324 0 1.67011 0 -0.407499 0.211133 -0.888463
59.0785 56.4777 44.5635 0.420409 -0.0128144 -2.3759 0 -0.415727 0.668003 0.617206
43.1963 22.0103 26.332 -1.89437 -0.235313 -3.5 0 0.119854 -0.902315 -0.414081
56.7994 48.2476 29.5209 0.165331 -0.208375 3.8 0 0.651989 -0.0983256 0.751826
44.2713 45.5392 18.3035 3.11211 0.162996 -3.9 0 0.238317 0.889306 0.390307
41.6025 21.9889 26.1772 -1.96878 -0.481899 -3.5 0 -0.135564 -0.811173 -0.568877
49.6914 56.3486 47.6092 0.262016 -0.0027429 4.2 0 0.112647 0.991722 -0.0616356
39.2245 42.9959 17.1361 0.97994 0 -3.9 0 -0.103168 0.578791 -0.808923
54.8451 26.5339 29.9551 -0.685206 -0.0671798 -3.5 0 0.713376 -0.657921 -0.241319
56.1447 43.3512 63.7535 0.198937 0 -3.5 0 0.337814 -0.629611 0.699622
34.9545 45.6755 41.7687 5.57545 -0.614732 -1.66318 0 0.988028 -0.119725 0.0972995
50.2205 42.387 23.9422 0.596973 0 -3.9 0 -0.54719 0.525186 -0.651739
26.1875 50.9292 24.866 -1.3274 0 -3.5 0 -0.97781 -0.207485 0.0289339
26.887 33.5886 27.5904 -2.09854 -0.265775 -4.5 0 0.583908 -0.780016 -0.225002
17.4996 35.9512 34.9836 -0.960361 0 0.689588 0 -0.669042 -0.365497 0.647143
45.7401 46.7386 47.7666 5.02875 -0.963931 -0.8 0 -0.233393 0.152943 -0.960279
21.8794 57.8296 33.7291 1.45261 0.046362 -3.9 0 -0.969388 0.032411 0.243385
31.4385 41.4502 21.5658 0.197039 0.0454451 -3.5 0 0.148984 -0.967261 0.205448
23.091 31.235 21.8585 0.433379 0 -4.5 0 0.599513 -0.799591 -0.0351867
52.472 16.5788 45.9473 0.0412034 0 -3.5 0 0.120337 -0.68668 0.71693
49.6089 53.3185 37.9958 9.22436 0 -4.5 0 -0.545685 -0.675957 0.495288
58.637 29.7488 27.8433 -0.207895 -0.571471 -2.54928 0 0.477332 -0.877963 0.0365513
37.4531 61.831 45.7149 0.0582004 -0.81169 -0.697269 0 -0.231118 0.955561 -0.182994
66.6438 45.6015 37.7065 0.335268 0 2.8 0 0.497796 0.336809 0.799224
18.862 47.4745 50.638 -1.11572 -0.341347 -3.5 0 -0.81676 0.549111 -0.177144
34.3059 58.8872 27.7756 0.479684 0 4.2 0 0.3724 0.857123 -0.355891
32.5809 26.0471 32.3317 0.685161 0.556589 1.35037 0 -0.581034 -0.813448 0.0265032
40.195 56.2588 58.1678 0.707135 0.0189235 -0.7 0 0.0535384 0.797992 0.600285
59.2716 50.117 56.8859 -1.60704 0 -3.5 0 0.148213 0.541166 0.827751
36.9775 50.3681 17.9632 0.483879 0 1.8 0 0.0229436 0.422859 -0.905905
48.1693 20.2717 23.9888 -1.6446 -0.868402 -3.5 0 0.0336594 0.0466715 -0.998343
46.3275 62.6772 40.1185 0.375473 0 -4.5 0 0.0751755 0.945803 -0.315918
22.463 24.674 49.0563 1.85992 0.103238 -3.9 0 -0.963658 -0.178707 0.198564
18.45 30.097 24.3013 0.443782 0.148839 -4.5 0 -0.0421749 -0.673166 0.738288
47.0965 27.2406 50.7359 -0.425074 0 -3.5 0 -0.157005 -0.42844 0.889825
47.2906 49.1574 38.9446 4.91106 0.661265 -1.3 0 0.388782 0.847157 -0.36218
57.5262 16.5567 42.8571 -0.0792959 0 -3.5 0 0.772812 -0.634367 -0.0184404
46.3368 19.7305 49.7197 0.0644187 0 -4.5 0 0.631611 0.243254 0.736135
23.3377 18.3617 46.1735 0.645651 0.240532 -4.5 0 -0.643018 -0.190673 0.741736
44.552 14.919 35.3732 -1.63793 -0.51833 -3.5 0 -0.0716074 -0.74501 -0.663198
52.4092 60.6875 44.662 -0.0738074 0 -3.5 0 -0.184757 0.911417 0.367675
26.5301 57.4561 39.4246 0.421035 0 -3.5 0 -0.542712 0.838005 -0.0566629
43.3475 51.3307 32.118 0.346463 -0.428293 0.673947 0 -0.397806 0.141857 0.906436
28.592 60.5196 33.7858 0.636786 0 -1.6 0 -0.528449 0.73895 -0.417965
16.838 48.993 31.1882 -0.115551 0 -4.5 0 -0.439327 0.58737 -0.679697
21.6311 37.3823 16.8143 1.2703 0.0943171 -4.5 0 0.718034 -0.694157 0.0507276
34.4875 30.9813 21.1445 -1.68623 -0.614799 -3.5 0 -0.773825 0.51976 0.362001
27.1187 20.6645 51.7337 0.689895 0.023381 -3.5 0 -0.221297 -0.512951 0.829403
15.132 43.4879 33.0444 -2.36167 -0.44528 -3.5 0 -0.972687 0.231954 0.00883929
45.3381 21.868 28.1531 -0.619995 0 -3.5 0 -0.68212 -0.723155 -0.108438
18.6024 56.4904 47.7901 0.124301 0 4.2 0 0.231236 0.103096 0.96742
47.2323 58.5441 47.5718 2.18442 0 -3.26722 0 0.768661 -0.0833876 -0.634197
50.1406 54.5269 24.6725 0.450915 0 3.8 0 -0.619942 0.724759 0.300661
22.2761 24.5561 46.1889 0.384797 0 -3.9 0 -0.747465 -0.659537 -0.0794171
30.0858 60.8488 36.8047 -0.859955 -0.220044 -1.6 0 -0.374209 0.922011 -0.0993171
17.7297 45.9255 29.4985 0.925741 0 -4.5 0 -0.603931 -0.472954 -0.641547
37.7951 25.084 36.0455 -0.131795 0 4.2 0 0.224092 -0.865612 0.447771
21.7796 52.9096 37.8208 -1.15419 -0.446726 -3.5 0 -0.420182 0.906675 -0.0372441
56.226 22.8978 31.538 -1.72213 -0.861552 -3.5 0 0.718344 0.0638702 -0.69275
55.8116 48.4857 61.0019 -0.564608 -0.77848 -3.5 0 0.336438 0.574594 0.746091
34.5096 35.7429 24.7305 -1.59485 -0.708517 -2.84068 0 -0.66507 0.582411 -0.467417
49.632 39.2956 61.3769 -1.24517 -0.247742 1.8 0 -0.061509 -0.876802 -0.476902
27.0459 48.2523 53.6591 1.03919 0.286973 -0.612676 0 0.652975 -0.105659 0.749973
19.6895 29.3857 21.6273 1.272 0.145811 -4.5 0 -0.0772103 -0.958238 -0.275353
34.284 55.0368 49.724 -0.140247 -0.028932 -3.5 0 -0.147337 0.834322 0.531224
43.5999 44.9641 16.4597 3.81321 0 -3.9 0 -0.286288 0.651501 -0.702556
19.7376 47.0659 52.366 -1.37974 0 -3.5 0 -0.310446 0.569265 0.761289
46.1544 45.9063 24.0576 0.597944 0 -3.5 0 0.3425 0.890529 -0.299419
14.433 38.1162 36.8327 -0.210677 0 -3.5 0 -0.27181 -0.8967 0.349355
63.9655 36.5246 34.403 1.03174 0.0761808 -3.5 0 0.125569 -0.976854 -0.173175
44.2762 44.6245 62.5425 -0.280717 -0.646515 -4.5 0 -0.428563 0.10647 0.897217
22.4028 26.9303 49.4686 0.470519 0 -2.48835 0 -0.54218 -0.512627 0.665774
31.6812 60.7801 32.2259 0.429345 0 -1.6 0 0.327088 0.721944 -0.609763
33.1175 55.3265 25.7827 0.634663 0 4.2 0 0.0229447 0.39241 -0.919504
40.6493 38.2245 17.738 0.393828 0 -3.9 0 0.985555 0.0776145 -0.150522
39.3035 24.7908 23.8 1.63289 0.0163199 -3.9 0 -0.728443 -0.627126 -0.275834
55.6787 41.6973 47.7777 2.31663 0 -3.5 0 -0.685711 -0.388861 -0.615295
52.9588 52.5037 23.1127 0.410701 0 3.8 0 0.570984 0.0939366 -0.815569
36.9044 62.3662 37.8148 0.423684 0 -3.5 0 0.284422 -0.273708 -0.918797
43.7236 16.6833 46.7449 0.308207 0 1.8 0 0.350233 -0.93118 0.101191
48.5484 30.0628 53.9869 -1.99118 -0.404868 -3.5 0 0.221871 -0.969694 -0.102307
51.1497 48.8148 22.3148 -0.206962 -0.0136146 3.8 0 -0.359187 -0.154737 -0.920348
40.5324 22.9345 27.8564 -1.95938 -0.787266 -3.5 0 -0.662331 -0.726585 0.182733
32.3577 41.037 20.1957 -0.016908 0 -3.5 0 -0.373606 -0.83736 0.399057
41.4173 47.2146 59.379 0.0247194 -0.0180076 1.13062 0 -0.303622 0.664469 0.682858
38.559 55.1222 57.3925 0.842589 0.196357 -0.7 0 -0.845109 0.154898 0.511662
37.8187 42.233 16.5282 1.21336 0 -3.9 0 0.471986 0.498952 -0.726826
66.7053 54.3296 40.2238 0.220281 0 -0.7 0 0.867364 0.493601 0.0635443
57.9495 55.8915 36.53 0.544894 0 3.8 0 0.822337 0.278618 -0.496119
25.748 17.545 43.568 0.339896 0 -4.5 0 -0.0278956 -0.642165 -0.766059
17.4025 33.397 25.198 0.649585 0.399849 -4.5 0 -0.988636 -0.082249 0.125833
19.1262 32.9453 32.2101 -1.68331 0 -3.5 0 -0.0161222 -0.977829 -0.208784
53.4222 49.8395 34.1874 1.52524 0 1.8 0 0.794268 -0.592489 0.134517
21.2353 47.5988 47.591 0.142715 0 3.8 0 -0.966155 0.254075 -0.0446138
32.4996 59.3822 32.2344 0.251322 0 -1.6 0 0.748162 0.318301 -0.582184
54.3223 44.7306 36.4865 1.82602 0 -0.444135 0 -0.374014 0.923762 -0.0823289
26.8675 52.0117 22.1443 -0.902878 0 -4.5 0 -0.507723 0.861255 0.0213974
23.8646 39.0175 26.0124 -2.08755 0 2.80421 0 0.401606 0.162217 -0.901332
14.4712 46.4997 38.2744 1.66111 0 -3.9 0 -0.973778 -0.0946567 -0.206871
45.1096 39.1278 56.9955 0.178451 0 -1.6 0 -0.0958548 -0.85359 0.51205
45.565 22.6642 48.8348 -0.401613 -0.647147 -3.5963 0 0.67024 0.237321 0.703177
30.184 29.081 28.3425 -0.331818 -0.326661 -0.4 0 -0.763903 0.511017 -0.394099
23.5928 50.5204 47.2641 1.85655 0 -0.388141 0 -0.633963 0.0316101 0.772717
66.4516 38.2654 23.4596 0.909353 0 -4.5 0 0.773914 -0.481885 0.410906
63.3005 45.0515 44.699 -0.370966 -0.430476 1.8 0 0.0665199 -0.140135 0.987895
31.6912 54.679 50.7275 1.30203 0.297745 1.8 0 0.391426 0.837525 0.381231
50.8951 53.0415 39.9329 5.35802 -0.000258057 1.79164 0 -0.648675 -0.75157 0.119848
58.0501 42.1898 25.3687 0.39586 0 -2.507 0 -0.0275203 0.365454 -0.930422
26.7174 27.813 41.3269 -0.314434 0 4.2 0 -0.53073 -0.335247 -0.778419
26.5802 46.1457 26.1217 -0.492549 -0.00347655 4.2 0 -0.1904 0.352691 -0.916164
46.8884 33.7259 28.1586 0.570214 -0.0788021 0.372163 0 0.815904 0.377124 -0.438266
27.4417 31.3062 59.6055 -0.344221 0 -3.5 0 -0.299544 -0.248883 0.921049
34.5477 50.4295 22.0684 -5.88297 0.639626 1.8 0 -0.262502 0.855183 -0.446939
49.4815 58.5728 36.1838 1.88295 0 -4.5 0 0.739191 0.660341 -0.132465
37.5145 56.9874 28.6515 1.15552 0 2.11498 0 0.148545 0.977187 0.151787
47.801 30.4745 51.8705 -0.473832 0 -3.5 0 -0.452099 -0.807696 0.378463
37.623 54.6924 55.1679 0.521886 0 -0.7 0 -0.978379 0.0441515 -0.202051
52.2119 40.978 54.7152 0.0864324 0 -1.6 0 0.540709 -0.449606 0.710977
42.8387 12.8455 49.7215 -0.126594 0 -4.5 0 0.468631 -0.687429 -0.554821
57.5998 17.855 45.7895 -1.11994 -0.414764 -3.5 0 0.454481 -0.715794 0.530175
28.3054 38.7984 61.7188 0.106947 0 -0.7 0 -0.607855 0.509329 0.609176
13.7179 38.3201 39.6409 -0.0730725 0 -0.7 0 -0.93095 0.0016434 -0.365143
32.907 34.6925 25.4245 -3.2671 -0.0127535 -3.33315 0 -0.743712 -0.519623 -0.420576
27.2325 33.9994 30.4876 0.0956118 0 -1.00704 0 -0.0476623 -0.951614 -0.303577
50.607 59.5602 33.7248 1.2153 0.520005 -4.5 0 0.64541 0.626946 0.43633
52.8597 42.635 59.5195 -0.32275 0 3.8 0 0.0907859 -0.88108 -0.464173
38.7725 59.1017 40.0725 0.059862 -0.443269 -3.5 0 0.440117 0.422089 -0.792551
38.702 48.1691 55.8298 0.662024 0 4.2 0 0.0905469 0.906285 0.412855
26.6069 35.4717 26.2556 -0.352464 0 -4.5 0 0.904731 -0.22594 -0.361126
32.9385 23.3241 28.1092 0.475749 0 -4.5 0 -0.70615 -0.66572 -0.241183
61.0245 47.6255 44.8 0.107682 0 -1.6 0 -0.438954 -0.538402 0.719335
54.4245 58.2331 37.9299 0.57617 0 2.19238 0 -0.0766432 0.50171 -0.861634
28.4941 55.388 31.7323 0.633451 0.492084 -1.10274 0 -0.61567 0.688713 -0.382916
24.2208 55.7404 36.0174 -0.0420842 0 -2.89357 0 -0.694359 -0.0546964 0.717547
45.9835 56.135 36.0423 1.08484 0 -4.5 0 -0.862028 -0.355971 -0.360822
24.8897 33.4347 26.9351 -0.238872 0 -4.5 0 0.177686 -0.983887 0.0198563
32.8102 57.2993 43.1675 0.43265 0 -3.5 0 0.140848 0.731126 0.667546
51.583 47.4679 45.7519 2.8462 -0.358028 2.40608 0 0.467237 0.883737 0.0264297
58.66 19.2383 45.681 -1.87828 -0.0314057 -3.5 0 0.93123 -0.105637 0.348786
15.9327 50.3775 43.515 -1.05393 -0.0369393 -3.5 0 -0.693635 -0.156631 0.703091
66.9045 35.371 38.7185 1.13133 0 -4.5 0 -0.3149 -0.433055 -0.844571
25.7515 44.7035 55.1478 0.198637 0 -0.8 0 0.202299 -0.358778 0.911237
33.0444 60.3039 41.5834 0.779057 0 -3.5 0 -0.440417 0.598111 0.669549
50.6978 40.1219 63.9629 0.448489 0 1.8 0 0.546875 -0.687097 0.478357
57.5554 47.6558 47.8358 0.322519 -0.0807049 -1.31241 0 0.857837 -0.439717 0.266016
36.0445 48.6113 41.7643 5.72191 0 1.42551 0 0.697948 -0.446425 0.559976
20.4555 53.635 41.9865 -0.0598853 0.165638 -3.5 0 -0.118333 0.568042 -0.814448
40.0283 23.4032 26.2253 -0.9537 -0.101228 -3.5 0 -0.707096 -0.703176 -0.0745562
47.399 62.715 42.097 0.970302 0.393769 -4.5 0 0.583134 0.802978 0.123214
27.0995 52.9991 48.465 1.57563 0.0689458 -3.9 0 0.00886926 0.987523 0.157223
42.6525 22.3101 31.5609 -2.08191 0 -3.5 0 -0.223641 -0.930567 -0.289879
58.4805 29.4835 30.969 0.512234 0 2.8 0 0.973106 -0.0600451 -0.222396
66.6068 44.2497 40.1418 6.88565 0 0.0938584 0 0.899258 0.404974 -0.165324
43.1857 44.721 61.8645 0.546993 0.0954849 -4.5 0 -0.518885 0.0064839 0.854819
37.2551 61.8835 44.4437 -1.16961 -0.123233 -0.4 0 -0.0134309 0.997747 0.0657353
58.0493 26.7606 37.9751 0.315558 0 -4.13319 0 0.93486 -0.230768 0.269784
34.3709 22.2752 27.2318 0.836549 0 -4.5 0 -0.380449 -0.709984 -0.592606
41.0886 51.5091 35.6526 2.19354 0.072486 -3.9 0 0.539364 0.759476 -0.363708
56.7757 49.1054 38.1514 1.48138 0 2.1464 0 -0.615928 0.0881567 -0.782854
23.5894 36.1862 55.8976 -1.24803 -0.756869 -3.5 0 0.024481 0.991345 0.128977
19.7826 43.3825 46.5985 -0.403501 0 -3.5 0 -0.431894 0.885806 0.169751
63.331 54.1374 44.4776 0.212046 0 -0.423954 0 0.887484 -0.10857 0.447867
54.5024 59.736 45.5546 0.240169 0 -3.5 0 0.648106 0.539631 0.537362
38.8261 19.4024 48.0836 1.46641 -0.309255 -0.4 0 -0.687836 0.461293 0.560438
52.1468 50.233 62.712 0.458485 0 -4.5 0 0.66522 0.717026 -0.208221
25.6815 29.7348 36.906 -1.02649 -0.480781 -3.5 0 -0.254167 -0.96537 -0.0588228
26.4893 28.734 40.6227 -0.674112 -0.309721 4.48679 0 -0.246836 -0.910062 -0.332955
55.6958 21.1269 34.9 0.361454 0 -3.74197 0 0.882638 0.469519 -0.0224068
54.9863 15.144 41.2959 -0.166104 -0.529927 -3.71524 0 0.419293 -0.901322 -0.108685
63.2805 46.9814 45.5734 0.22498 0 -1.6 0 0.0522403 -0.266632 0.962382
52.2466 35.1675 50.3986 1.81498 0 -4.2668 0 0.311867 0.544224 -0.778819
51.5561 30.7649 28.102 -0.078517 0 -3.5 0 0.0597629 0.732878 -0.67773
42.3886 48.1833 41.2596 4.87762 0 -0.4 0 -0.0788833 0.423383 0.90251
31.6625 26.418 54.2697 -0.226363 0 3.8 0 0.0368691 -0.693699 0.719321
24.604 32.5411 23.7197 -0.0938267 0 -4.5 0 0.402988 -0.904034 0.142561
24.1989 37.8105 25.0825 1.7415 -0.116109 -4.5 0 0.348176 0.818613 -0.456778
47.7293 42.1295 65.7807 0.286361 0 1.8 0 -0.28486 0.735281 0.614993
41.6538 38.1707 46.4743 4.08223 0 4.2 0 -0.00968566 0.984903 0.172834
52.4276 17.4188 35.11 0.414494 0 -3.9 0 -0.161562 -0.969176 -0.185998
34.334 43.3332 55.657 0.410809 0.357612 -4.05972 0 -0.851191 -0.152498 0.502214
55.7205 53.18 33.633 1.05943 0 3.8 0 0.49749 -0.851031 0.168076
61.2186 59.6571 42.9823 0.107802 0 3.8 0 0.119991 0.875559 0.467972
31.089 29.788 58.2451 -0.605174 0 -2.96619 0 -0.582696 -0.802536 -0.128068
61.16 56.982 38.924 0.45888 0 3.8 0 -0.506316 0.168611 -0.845704
19.9211 53.6143 36.5224 -1.27931 0 -3.5 0 -0.312705 0.767435 0.559696
16.8685 40.5145 30.4261 -0.0692825 0 -0.842983 0 -0.646195 0.758719 -0.0823289
31.8598 40.9325 53.8735 0.63735 0.174424 1.24622 0 0.0635902 0.750437 0.657875
47.738 37.1581 54.3844 0.574069 -0.502934 -2.86423 0 0.272283 -0.672248 0.688436
18.0308 39.3983 20.1057 1.11601 0.745764 -4.5 0 -0.930056 0.157854 0.33178
48.1964 61.5905 39.1524 1.23844 0.53097 -4.5 0 0.736418 0.676526 0.000303775
59.1046 54.6393 29.6265 0.610929 0 2.8 0 0.760996 0.633784 -0.138576
48.7158 24.7157 48.6296 -0.0322421 0 -3.5 0 0.373854 -0.927467 0.00621407
62.1535 44.564 44.4214 -0.714585 -0.239057 1.8 0 -0.413785 0.0418874 0.90941
30.5028 35.0542 28.8568 -1.35149 -0.240306 -3.32593 0 -0.296306 -0.683113 -0.667503
65.1498 48.9542 37.9549 0.473096 0 3.8 0 0.874365 0.403821 -0.2691
60.9081 35.2368 28.6546 -1.28741 -0.0235174 1.8 0 0.881754 -0.277619 0.381363
53.9079 32.3215 25.4439 0.964996 0.167806 -4.5 0 -0.95851 0.22481 0.175271
16.081 36.2163 40.2785 -0.218445 0 -0.7 0 -0.126317 -0.803351 -0.581954
47.2334 13.8933 35.0959 0.00542385 0 -0.4 0 -0.0753694 -0.933132 -0.351547
20.6189 52.5405 39.7938 -0.644154 0 -3.5 0 -0.485552 0.85951 -0.159632
26.5505 57.413 47.804 -1.05693 -0.023702 -3.9 0 -0.134842 0.0462011 0.989789
42.2547 50.1842 34.516 1.56084 0 -3.9 0 0.193586 0.916909 -0.349001
26.702 29.0244 37.7601 -0.40767 0 -3.5 0 -0.179934 -0.976054 -0.122242
44.764 19.2715 34.404 0.0698185 0 -0.4 0 -0.540065 -0.0962157 -0.836105
25.343 21.3685 42.0245 0.564319 0 -4.5 0 -0.578972 0.502819 -0.641844
33.6273 48.0655 57.042 0.956086 0.265783 -4.5 0 -0.036435 0.128832 0.990997
56.6045 35.8929 44.3204 2.67395 0 -3.9 0 0.288571 0.226009 0.930401
57.6862 26.7913 32.588 0.2453 0 2.8 0 0.692215 -0.609693 -0.386153
66.4863 39.0537 32.0159 0.257062 0 -3.5 0 0.462595 0.0422576 -0.885562
22.6768 42.6449 25.561 0.315975 0 2.7301 0 -0.299944 0.310453 -0.902027
30.1949 33.8541 30.7064 -0.826531 0.0404438 -2.82385 0 -0.194666 -0.708207 -0.678637
53.7733 48.167 42.501 2.48482 -0.0384182 -0.7 0 0.0171744 0.947262 -0.32
23.4093 37.6769 22.51 3.2022 -0.0252182 -3.38503 0 0.633054 0.770535 0.0742823
45.2186 59.8843 37.8175 1.43087 0.333433 -4.5 0 -0.842341 -0.147363 -0.518407
38.6354 65.6819 38.6645 -1.16988 -0.0826381 -3.5 0 0.897349 0.303667 -0.320236
52.7118 49.429 47.1475 3.17087 0 -4.5 0 -0.0731344 -0.339703 -0.937685
13.8982 42.1128 44.5662 0.328128 0 -4.5 0 -0.799348 -0.374684 -0.469739
61.3096 51.3396 38.2096 0.372851 0 3.8 0 0.630591 0.373223 -0.680485
59.3971 44.818 53.9178 0.11142 0 -3.5 0 0.903977 -0.340459 -0.258677
55.8649 44.4931 22.5145 2.76396 0.371601 -3.9 0 0.707567 0.519279 -0.479268
54.3042 20.982 32.3985 -0.882383 -0.313514 -3.5 0 -0.171227 -0.477537 -0.861765
19.631 32.4745 38.446 -0.724912 0 3.8 0 -0.46245 -0.292109 -0.837145
30.0578 45.5187 54.3978 0.87071 0 -4.5 0 -0.276831 0.000316846 0.960919
39.9144 40.4656 47.3845 4.37115 -0.147824 -2.73099 0 0.780845 0.136991 -0.60952
39.6543 63.6464 50.6835 0.44771 0 -1.6 0 0.206195 0.333615 0.919883
36.4678 51.5267 21.1826 0.135308 0 1.17933 0 -0.189574 0.980583 0.0501814
16.9718 48.3927 42.662 -0.512101 0 1.8 0 -0.812659 -0.173276 0.556382
36.617 24.9007 25.8318 0.711164 0.464562 -4.19698 0 0.128846 -0.420025 -0.89832
46.1976 15.2814 42.2535 -0.270972 0 2.8 0 -0.0973035 -0.983985 0.149353
49.8564 56.5423 50.3411 0.342138 0 2.8 0 0.80751 0.415948 -0.418228
61.266 49.1073 33.939 0.687982 0 3.8 0 -0.204337 0.67961 -0.70454
60.4738 30.8605 23.8825 0.665032 0 -4.5 0 0.477351 -0.826286 -0.298978
37.0856 53.9201 26.1597 0.83487 0 -4.5 0 -0.177172 0.597212 -0.782271
48.4945 43.0573 24.6176 0.0710376 0 -2.65077 0 0.359303 0.131483 -0.923912
26.5755 52.0315 23.2155 -1.75815 -0.834915 -3.5 0 -0.724572 0.670585 -0.159098
49.766 54.1545 22.5623 0.393494 0 3.8 0 -0.579762 0.494448 -0.647609
41.8338 50.7038 44.9793 4.98337 0 -3.26595 0 -0.096259 -0.801766 -0.589835
37.6782 43.6789 44.1619 6.28185 0.515306 -3.86681 0 0.24201 0.930472 -0.275052
67.1485 47.0835 42.6188 -1.53268 -0.909269 -3.5 0 0.562383 0.822512 -0.0848456
57.0923 52.8845 25.566 0.410793 0 3.8 0 0.620357 0.754289 -0.214955
50.1675 31.191 27.7665 -0.520369 0 -3.5 0 0.384446 0.686798 -0.616855
60.1576 38.6656 33.4629 1.51066 0 -1.6 0 -0.225494 -0.933968 -0.277229
56.161 38.158 33.803 1.20764 -0.318402 -1.6 0 0.0107477 -0.24496 -0.969474
38.0947 23.272 47.7566 -4.47889 -2.46116e-05 1.8 0 0.225739 -0.675941 0.701531
57.9566 29.5721 23.6259 0.808417 0 -3.91501 0 0.854708 -0.360456 -0.373557
60.949 50.704 45.3592 0.0945019 0 -3.27501 0 0.289159 0.00821071 0.957246
32.24 20.9435 41.6495 -0.941833 -0.0522054 -0.4 0 0.224445 -0.741892 -0.631839
31.0735 22.9077 52.7625 0.56328 0 1.8 0 -0.303921 -0.34034 0.889832
48.8273 45.4775 60.8418 0.341803 0 3.8 0 -0.272168 0.145402 0.951201
35.916 63.3994 42.185 0.183145 0 -3.5 0 -0.506997 0.349052 0.78811
53.594 53.5075 52.5625 0.153528 0 3.8 0 0.987074 0.0835537 -0.136761
27.6956 61.9311 43.7595 0.434262 0 -0.7 0 0.767235 0.408125 -0.494756
39.2625 13.828 43.8343 1.07155 0.0901497 -4.5 0 0.216066 -0.813239 -0.540332
26.1715 37.7355 22.1925 0.501671 0 4.2 0 -0.10957 0.99132 0.0726526
17.5385 41.0452 26.4495 -1.04752 0 -0.4 0 -0.344524 0.933426 -0.100096
49.3489 53.6281 24.6073 0.421035 0 3.8 0 -0.746669 0.599083 0.289109
54.7604 56.8952 35.0934 0.595301 0 3.8 0 -0.164204 0.980008 0.112342
51.1095 29.4405 50.5662 -0.224653 0.781736 -3.5 0 0.0999443 0.018657 0.994818
27.0594 39.6181 56.642 -1.34602 -0.0486245 -3.5 0 -0.126098 0.98383 -0.127195
46.6784 19.6656 25.6381 -1.50508 -0.0114287 -3.5 0 -0.890192 -0.420886 -0.174394
22.0391 31.963 34.1886 -0.0720647 0 -4.5 0 -0.161562 -0.956634 -0.242381
44.5679 23.9336 51.7254 0.305542 0.154709 -4.5 0 0.85926 -0.430214 0.276747
16.0987 36.2562 32.1978 -0.193352 0 -3.5 0 -0.996484 0.0645273 -0.0534473
35.1265 61.329 42.4232 0.789529 0 -0.924917 0 -0.730781 0.487374 0.477939
61.525 38.3638 23.5095 0.941954 0 -4.5 0 0.127149 -0.960135 -0.248947
23.5781 50.3913 27.7377 0.0688037 0 4.2 0 -0.631245 0.348078 -0.693088
63.0168 56.4746 37.7474 0.3524 0 3.8 0 0.0685553 -0.392229 -0.917309
27.0995 33.3629 22.1289 -0.106587 0 4.2 0 0.628893 -0.754314 0.188423
17.1213 37.1787 27.2967 -0.11982 -0.0588734 -0.593847 0 -0.614455 -0.328156 -0.717467
23.3659 31.633 34.7734 -0.248672 0.408763 -4.38049 0 -0.347251 -0.865105 -0.361953
25.3039 25.0449 50.9598 0.981828 0.530925 -2.23075 0 -0.279961 0.134423 0.950554
44.5295 24.0655 25.9107 -1.54111 -0.0433998 -3.5 0 0.634798 0.457619 -0.622589
58.2212 22.8145 40.2539 0.128759 0 1.8 0 0.644608 0.0643393 0.761801
50.8983 57.7954 34.56 1.02513 0.280637 -4.5 0 0.608773 0.645586 0.461102
38.5415 14.8985 42.9985 0.439508 0 -4.5 0 -0.182624 -0.476096 -0.860222
67.552 47.581 33.4123 0.493105 0 2.8 0 0.453242 0.294696 -0.841264
68.1525 41.1306 45.2629 -2.29826 -0.540029 -3.5 0 0.182636 0.105131 0.977544
19.2868 34.2967 36.8611 -0.275404 0 3.8 0 -0.646808 -0.739681 -0.185771
58.1138 19.0527 42.6003 -0.670174 0 -3.5 0 0.942886 0.0504535 -0.329271
45.9507 20.2541 33.5223 -0.132027 0 -0.4 0 -0.726466 -0.125232 -0.675695
26.2068 26.7006 50.803 -0.0188872 -0.0471954 3.07873 0 -0.67348 -0.124283 0.728682
47.696 57.4564 48.0321 1.52353 0.951458 4.2 0 0.728239 0.169186 -0.664112
55.4665 41.9951 22.5921 2.70872 0 -3.9 0 0.787255 -0.468451 -0.400977
41.4189 50.0595 33.452 2.01143 -0.59174 -3.64134 0 0.223977 0.973127 -0.0534602
38.7754 56.2762 38.2344 1.4732 0.00833846 -3.5 0 0.0922843 0.30381 -0.948253
36.789 22.6772 40.6652 -0.13886 0 4.5 0 -0.934578 -0.318959 -0.157571
58.8704 51.3725 30.5295 0.622955 0 2.8 0 0.694778 -0.444393 0.565507
58.7048 30.1285 28.912 0.247681 0 2.8 0 0.722659 -0.524841 0.449783
54.2295 49.919 60.119 -0.707412 -3.10901e-05 -0.434292 0 0.109497 0.365954 0.924169
36.6854 51.8016 22.2525 0.271403 0 -4.5 0 0.148654 0.842574 -0.517659
35.4841 26.7519 43.213 -0.304875 -0.0144656 1.11079 0 -0.415656 -0.776345 -0.473833
58.739 19.9587 44.4811 -1.45078 -0.0237694 -3.5 0 0.965012 0.24694 0.0881641
22.9702 34.8804 61.091 -0.00539632 -0.201693 -3.5 0 -0.477459 0.520716 0.707734
49.8999 42.476 59.9769 0.224883 0 3.8 0 0.371088 -0.858481 -0.353982
58.025 48.3626 48.7547 0.418735 0 -1.6 0 0.877658 0.214206 -0.428756
34.646 35.5868 18.5985 0.0372016 0 1.8 0 -0.36518 -0.706447 -0.606281
26.1489 62.6353 45.4842 0.278409 0 -0.7 0 -0.137737 0.846026 0.515042
40.7409 53.9646 58.2295 -0.639219 -0.909241 -0.7 0 -0.163929 -0.421646 0.891819
47.233 39.989 66.0086 0.251103 0 1.8 0 -0.513013 -0.452424 0.729472
43.0913 50.497 45.3075 4.89298 0 -3.5 0 0.260634 -0.575998 -0.774788
33.3167 45.7137 18.327 0.264377 -0.384055 -3.994 0 -0.360571 0.10197 -0.927141
15.3254 44.344 37.3711 0.172725 0 -3.9 0 -0.875238 -0.188499 -0.445451
22.4487 27.9037 39.979 0.0050564 0 -0.4 0 0.346443 -0.870522 -0.349527
11.8589 42.679 49.4555 0.832115 0.657446 -4.5 0 -0.993097 -0.0506407 0.105802
32.1929 29.5068 26.5131 -2.51454 -0.468506 -0.4 0 0.0682392 0.651473 -0.755597
25.8403 53.0863 49.1955 1.30648 0.806667 -3.9 0 -0.34258 0.795353 0.500053
23.1879 51.556 46.7303 1.36767 0.610922 -2.85341 0 -0.825277 0.408006 0.390447
43.832 23.1262 25.3005 -1.80008 -0.843122 -3.5 0 0.298463 -0.185334 -0.936254
28.9324 56.9105 32.7645 0.498566 -0.260922 -1.6 0 -0.528384 0.208758 -0.82294
54.3614 54.3585 55.579 0.436004 0 3.21407 0 0.77498 0.120987 -0.620296
67.5055 31.7682 40.0096 0.835259 0 -4.5 0 -0.591711 -0.697327 -0.404492
57.4362 43.3725 53.1657 0.194594 -0.469435 -2.53444 0 0.889902 -0.456055 0.00936588
24.7782 53.148 48.543 2.65307 0.412383 -3.9 0 -0.539891 0.689924 0.482206
53.5093 25.872 50.355 -0.0682472 0 -3.5 0 -0.0527979 -0.819083 0.571241
34.8792 22.698 31.597 0.0407263 0 -4.5 0 -0.425753 -0.834988 0.348609
24.4711 17.4885 43.7293 -0.0247316 0 -4.5 0 -0.324576 -0.60276 -0.728924
32.995 36.4565 59.3855 -0.408392 -0.297192 2.81888 0 0.724379 0.00289267 0.689396
55.3419 54.2573 59.719 0.195608 0 1.8 0 0.292031 0.300293 0.908043
30.3822 40.4217 17.4096 0.873549 0.844549 -3.5 0 -0.797879 -0.505256 0.328793
52.9785 53.4813 28.083 0.655431 0 3.05348 0 0.382754 0.896201 -0.224329
47.367 16.892 47.349 0.481905 0 -4.5 0 0.203444 -0.935377 -0.289275
43.059 23.514 53.304 -0.0437094 0 -4.5 0 0.389673 -0.664067 0.638099
22.7145 53.3379 37.7093 -1.35063 0 -3.5 0 -0.332677 0.911313 -0.242559
39.9529 53.0501 57.0941 0.273617 -0.0308338 -0.7 0 -0.464585 -0.533727 0.706609
14.7045 41.3255 48.4515 0.379904 0 -4.5 0 -0.370133 -0.927361 -0.0548061
49.8655 57.359 55.3985 -0.528839 -0.21849 0.827641 0 0.385297 0.912542 0.137163
15.2933 48.3335 37.3568 1.00067 0.190877 -3.7919 0 -0.697163 0.172788 -0.695778
54.7998 47.9723 44.8885 3.0306 0 -3.5 0 -0.784759 0.493495 0.374987
47.861 50.3535 61.819 0.199266 0 -4.5 0 -0.532401 -0.742582 0.406351
47.1526 19.1286 32.6014 -0.203697 0 1.53522 0 -0.618677 -0.255997 -0.742768
40.9777 39.2874 17.7915 0.425278 0 -3.9 0 0.683802 -0.501342 -0.530161
39.8003 13.2094 46.8389 0.24212 0 -4.5 0 0.630559 -0.709547 -0.314545
59.0285 39.5385 38.1965 0.550218 0 -1.6 0 -0.0989627 -0.68269 0.723976
23.8428 55.8978 46.4076 -0.908944 -0.795048 -0.8 0 0.138773 0.0494142 0.989091
16.0562 50.612 36.4487 -1.16073 0 -3.5 0 -0.964824 0.231778 -0.124074
38.1717 55.3316 54.5694 0.55768 0 -0.7 0 -0.66665 0.557828 -0.494375
54.6855 52.1509 40.8789 2.85049 0 1.8 0 0.0562711 -0.963761 0.260766
35.2819 29.9905 57.0646 -1.81994 -0.108732 -3.5 0 0.725405 -0.0654653 0.685202
26.731 37.492 27.2156 -1.22643 0 -2.73007 0 0.810984 0.0754289 -0.580185
42.1154 27.404 26.2429 0.213034 0 -4.00165 0 0.841243 -0.248948 -0.479932
49.0677 59.4265 52.0905 0.304339 0 2.60712 0 0.71737 0.445794 0.535395
42.7463 15.0673 53.6185 -0.818726 -0.464353 -4.5 0 -0.210521 0.257331 0.943113
56.3198 59.811 37.5723 0.443402 0 3.8 0 -0.37872 0.426471 -0.821398
48.4972 57.4453 33.0807 1.08723 0 -4.5 0 -0.874372 -0.399258 -0.275803
38.0875 45.437 46.2915 4.73282 -0.928656 -3.5 0 0.358689 0.707295 -0.60916
50.4326 41.9885 47.363 3.51434 0 -0.592854 0 0.670197 -0.729687 -0.13562
30.6667 28.8118 27.4389 -1.40188 -0.863673 -0.4 0 -0.793725 0.0197687 -0.607955
47.2407 57.1782 57.1917 -0.438726 0 -3.5 0 0.0539811 0.225109 0.972837
68.004 47.9154 35.5752 0.312342 0 2.8 0 0.372736 0.887019 0.272516
55.5355 25.5181 49.7455 -1.38329 -0.161549 -3.5 0 0.427299 -0.788291 0.442734
44.4195 29.7061 19.3605 -1.40709 -0.515498 -3.5 0 0.553339 -0.683317 -0.476334
55.4135 27.8612 49.5962 -0.238291 -0.0662942 -3.5 0 0.887513 0.458067 -0.0499447
46.316 15.866 44.2868 -0.0982723 0 2.8 0 0.0686928 -0.876181 0.477062
51.3065 47.4323 64.7272 0.192207 0 -4.5 0 -0.515258 -0.74966 0.415354
50.109 55.384 49.1475 -0.0898991 0 2.8 0 0.700245 0.710999 0.0643323
61.8696 48.0305 32.8294 0.605021 0 3.8 0 -0.12562 0.477292 -0.86972
37.252 49.71 52.529 1.2425 0 -1.6 0 0.22264 0.499299 0.837336
37.7122 48.4874 17.0165 -0.96528 -0.728445 1.8 0 0.0250741 0.432059 -0.901497
35.44 35.4865 56.483 0.769352 0.0804693 -3.17218 0 0.840343 -0.146156 0.521978
50.839 48.7248 36.887 2.43565 0 2.0144 0 0.40363 -0.374079 0.834954
27.3361 58.382 33.143 0.59714 0 -2.66277 0 -0.18238 0.236032 -0.954477
58.5026 33.9922 44.0896 3.43646 0.0962154 -3.9 0 0.588809 -0.300155 0.750473
49.0675 60.0006 38.8414 0.825662 0.56168 -4.5 0 0.549102 0.766949 -0.332078
39.5795 29.4934 56.7719 0.158213 0 -3.5 0 -0.682168 -0.166052 0.712091
18.5487 48.5149 30.2425 0.549633 0 -4.5 0 -0.119239 0.741787 -0.65995
64.8357 36.6323 33.6922 0.594019 0 -3.5 0 0.357064 -0.912324 -0.200426
48.8825 30.8013 56.1833 -1.59124 -0.215144 -3.5 0 0.509029 -0.139211 0.849417
44.4426 42.7995 20.1397 0.524058 0 -3.9 0 0.934039 -0.3571 0.00706738
22.4805 30.5504 20.4305 0.520123 0 -4.5 0 0.627161 -0.738304 -0.248146
40.4827 12.2483 50.7873 -1.25584 -0.671239 -4.5 0 -0.186767 -0.922395 0.338091
59.6505 46.6543 33.527 1.02651 0 -1.3 0 -0.497808 0.806544 -0.318863
48.1805 54.456 61.0525 0.220158 0 -0.8 0 0.563301 0.820242 0.0994711
55.2658 31.205 46.3447 -0.256188 -0.632638 -0.8 0 0.656621 -0.113366 0.745652
44.4292 42.1398 42.2443 5.40219 0 -1.3 0 -0.47858 -0.300121 0.82516
57.8386 42.5164 55.6061 -1.42088 -0.20504 -3.5 0 0.619726 -0.738337 0.266078
47.8703 45.6701 25.2094 0.779817 0 -0.4 0 0.374742 0.218766 -0.90095
19.7785 47.547 50.038 -1.47346 -0.227424 -3.5 0 -0.287353 0.700479 -0.653267
53.667 25.5403 47.0834 0.2018 0 -3.5 0 0.264021 -0.941391 0.209941
34.1635 21.788 43.0475 -0.234505 -0.0223062 -1.3 0 0.239269 -0.277803 -0.930363
33.1216 34.7094 30.8741 -0.214177 0 -1.53942 0 0.19668 -0.972743 0.12283
47.4736 62.9215 34.33 1.23439 0.719685 -4.5 0 0.0234655 0.98966 -0.141502
20.6612 50.4626 46.1274 0.916486 0.631847 1.8 0 -0.327283 0.0206194 0.944701
44.6102 33.6056 23.0044 0.289095 0 3.8 0 0.492745 0.0727663 -0.867126
46.6121 34.2935 23.8905 0.683421 0 3.8 0 0.826806 0.338518 -0.44922
35.9622 23.2022 26.437 1.12705 0 -4.5 0 0.16287 -0.498097 -0.851688
56.8685 56.3345 45.23 0.0332604 0.527618 -4.06566 0 0.315877 0.699727 0.640783
52.4659 49.2928 32.6582 1.23725 0.227727 0.975868 0 0.74938 -0.638299 0.176081
56.3857 38.0397 28.9594 1.22781 0 1.8 0 -0.203407 0.383198 0.900991
38.3423 36.6193 57.3078 0.0516333 -0.0372314 2.14938 0 -0.637342 -0.125993 0.760211
40.0016 56.1852 28.9879 1.50433 0 -4.5 0 0.347445 0.818168 0.45813
13.6309 36.1043 50.0952 1.48203 0.284017 -4.5 0 -0.984795 0.171903 -0.0250533
25.6161 62.3929 43.2219 0.548577 0 -0.7 0 -0.24045 0.896914 -0.371118
30.1496 25.1211 39.1138 -0.0434812 0 -1.6 0 0.0179417 -0.656856 -0.753803
46.684 51.441 25.6335 0.15453 0 -0.8 0 -0.480013 0.5408 -0.690741
34.6782 28.9697 57.2695 -0.964116 0 -3.5 0 0.569403 -0.325832 0.754728
28.1651 48.3396 52.8392 1.65297 0.115478 -3.12415 0 0.458223 0.135627 0.878429
49.615 53.6204 58.7324 0.484926 0.372946 1.03011 0 -0.203867 0.898638 0.388444
14.1692 39.188 32.9352 0.0845801 0 -3.5 0 -0.328063 0.0139481 -0.944553
59.9823 52.3909 36.5825 0.606314 0 3.8 0 0.618628 0.0934839 -0.780103
55.0283 43.2984 58.5061 -0.50708 0 -3.5 0 0.143505 -0.988206 -0.0534273
56.1956 15.5026 42.216 -0.190535 0 -3.5 0 0.548618 -0.831188 -0.090248
54.2009 28.444 51.8644 0.72699 0.49021 -3.5 0 0.280576 0.473126 0.835122
25.6595 47.4141 22.3197 0.961683 0.762335 -4.5 0 -0.429254 -0.864506 0.261476
25.8405 61.5635 46.4437 0.256245 0 -0.7 0 -0.252879 0.434795 0.864295
31.0362 20.9967 48.6825 0.367319 0 -3.5 0 0.560604 -0.784381 0.26546
46.267 21.5989 25.8768 -0.576932 0 -3.5 0 -0.739907 -0.0543764 -0.670508
32.6927 43.0359 15.2551 0.683005 0 -3.5 0 -0.405115 0.763832 -0.502437
44.7345 14.129 53.2705 -0.187687 0 -4.5 0 0.1178 -0.8703 0.478227
58.5986 18.5851 44.0414 -0.724352 0 -3.5 0 0.974985 -0.181239 -0.128672
66.4333 52.4422 39.1521 0.55095 0.310418 -0.7 0 0.537511 -0.108268 -0.836277
42.6265 12.336 50.9275 -0.467765 0 -4.5 0 0.266804 -0.961336 -0.0681802
47.8717 55.8013 30.203 0.715226 0 -4.5 0 -0.986815 0.112932 -0.115943
19.1523 44.6758 29.2218 0.261695 0 -4.5 0 -0.627629 -0.421307 -0.654662
15.7686 37.9275 49.2496 0.576974 0 -4.5 0 -0.703219 0.710352 0.029716
41.4442 59.2858 39.9065 1.66048 0.272119 -4.5 0 -0.174444 0.502017 -0.847082
54.2267 52.122 43.333 3.68138 0.813391 -4.5 0 -0.483954 -0.759062 -0.435446
42.9528 40.7801 17.7761 0.841332 0 -3.9 0 0.53187 -0.704482 -0.469914
15.744 40.0425 46.8387 0.852301 0 -4.5 0 -0.860856 -0.368725 0.350668
51.2561 39.7419 62.856 -0.478904 0 -0.4 0 0.373443 -0.856166 0.357101
13.8733 37.2259 34.3209 -0.0474599 0 -3.5 0 -0.268774 -0.928961 -0.254544
46.8483 30.9438 56.1385 -0.678615 -0.570608 -3.5 0 -0.166682 -0.526477 0.83369
19.5536 41.1724 20.8915 1.21577 0 -4.5 0 -0.33133 0.847531 0.414622
41.558 38.5655 57.829 0.188658 0 3.8 0 -0.129166 0.0413623 0.99076
33.001 44.6615 18.046 0.504283 0 -3.5 0 -0.197335 0.490447 -0.848835
61.6006 27.9726 35.0938 1.07346 0 -4.5 0 0.967403 -0.222544 -0.120854
39.1404 35.3994 57.7365 0.165596 0 3.8 0 -0.619569 -0.456178 0.638777
39.819 34.5187 57.3491 0.177458 0 3.8 0 -0.41999 -0.760003 0.495988
61.0936 42.034 21.8286 1.22499 0 -4.5 0 -0.336931 0.805657 -0.487232
59.8455 27.6908 37.5103 0.789752 0.113677 -4.5 0 0.290095 -0.695292 0.657582
15.4781 37.6937 45.6413 0.412667 0 -4.5 0 -0.972769 0.193912 -0.126956
41.0016 51.9058 57.0594 0.520255 0 -0.7 0 -0.438188 -0.485656 0.756392
24.4932 37.2562 23.0903 9.34135 0 -0.237913 0 0.183515 0.981441 -0.0556326
59.8525 39.7405 30.302 2.60503 0 -0.4 0 -0.795248 -0.575547 0.190594
44.8117 48.4659 61.0358 0.426841 0 -4.5 0 0.10108 0.614126 0.782708
47.558 23.078 26.5065 -1.05313 0 -3.5 0 -0.207967 0.906825 -0.366632
63.8018 51.7412 44.1937 -0.177293 -0.0542416 -1.6 0 0.632378 0.235652 0.737948
48.3635 48.3389 60.2935 0.774084 0 -4.5 0 -0.640051 0.000706544 0.768332
35.5109 52.6499 23.3124 1.16094 0 -4.5 0 -0.051373 0.827666 -0.558865
23.2965 46.0298 55.0029 -0.0613917 0 -0.8 0 -0.683822 -0.173259 0.70878
40.9738 41.0589 60.1931 -0.0187273 0 -0.8 0 -0.00414462 -0.824407 0.565982
33.594 35.8442 18.8438 -0.11241 0 1.8 0 -0.701223 -0.694582 -0.160753
20.3159 54.6661 35.0346 -1.9185 -0.706963 -3.5 0 -0.406783 0.909671 0.0838203
61.152 45.768 43.579 0.0513064 0 -1.6 0 -0.671359 0.0387064 0.740121
55.2864 50.8851 53.2431 0.40326 0 -1.6 0 0.338577 0.849418 0.404789
28.5305 59.3447 48.1027 0.666585 0 -3.9 0 -0.680024 0.0424201 0.731962
24.0905 35.5224 61.1445 0.154204 0 -3.5 0 -0.146866 0.66019 0.7366
10.9496 40.7933 34.5726 0.212357 0 -3.5 0 -0.957395 -0.162549 -0.238692
54.61 27.466 22.7607 0.0723018 0 -3.5 0 -0.815151 -0.53375 -0.225033
47.201 62.7616 33.2752 1.2716 0.71252 -4.5 0 -0.143305 0.815825 -0.560262
49.9645 46.6113 39.9271 2.69568 0 -0.7 0 0.444719 0.570695 -0.690314
29.4339 27.9209 29.5557 -0.0698185 0 -0.4 0 -0.996372 -0.0850118 -0.00392109
54.5098 54.8629 47.4497 0.826076 0 -4.29392 0 0.143775 0.55983 0.816039
28.8277 23.5502 52.4347 0.0607073 -0.122372 3.09761 0 -0.0922329 -0.55604 0.826022
52.746 45.2393 22.7432 1.46032 0.885246 -3.9 0 -0.41433 0.269692 -0.869251
31.3429 61.4253 46.4201 1.00729 0.293867 -3.9 0 0.0106275 0.815558 -0.578578
16.527 31.5335 23.6637 1.2611 0.80494 -4.5 0 -0.889827 -0.0169747 0.455983
65.7109 38.4585 24.4465 1.45551 0.650187 -4.5 0 0.361608 -0.327172 0.87304
39.8932 23.129 51.6685 1.20411 0.849043 -4.5 0 -0.502652 -0.850806 -0.153199
67.915 41.0633 35.3698 0.0147104 0 2.8 0 0.992976 -0.105331 0.05389
17.3062 58.9268 44.8434 0.0976101 0 4.2 0 -0.691934 0.697083 -0.187888
24.9277 34.2733 31.648 -0.204129 -0.0221826 -1.6 0 -0.0377717 -0.921388 -0.386804
44.1673 32.8325 20.0222 -0.56122 0 -3.5 0 0.786667 0.59194 -0.175391
55.0185 45.3413 22.938 1.51126 -0.0149852 -0.4 0 0.45941 0.432806 -0.775642
20.5614 35.1229 55.3493 -0.770747 0 -3.66726 0 -0.554375 0.26147 0.790128
53.3262 37.8796 28.6567 0.782087 -0.44711 -1.05253 0 0.279316 -0.946404 -0.162182
38.6095 18.0875 48.4098 3.32547 0 -4.04153 0 -0.848195 0.403311 0.343375
38.2944 48.6637 22.1954 -0.179929 -0.190512 -4.5 0 0.974285 0.224549 -0.0186053
51.4771 24.7377 45.608 0.115985 0 3.8 0 -0.158609 -0.298774 0.941051
25.3671 40.0539 25.7908 -2.94085 0 -1.6 0 -0.222564 -0.382195 -0.896879
64.2575 38.4907 20.1252 0.355508 0 -4.5 0 0.0246606 -0.730245 -0.68274
28.5276 23.8822 39.5684 -2.22227 -0.529284 -4.5 0 -0.252167 -0.410738 -0.876189
58.9782 58.4795 43.8348 0.678282 0 3.8 0 -0.171091 0.179041 0.968851
41.0378 44.8387 60.7224 0.588123 0 -2.69618 0 -0.346208 0.431132 0.833226
25.3265 55.3705 37.846 -0.938102 -0.646091 -3.48622 0 -0.774957 0.575795 0.260579
31.228 33.509 31.855 -0.487471 -0 -3.5 0 0.788659 -0.317434 -0.526548
14.4843 32.2598 47.1423 -1.67987 -0.389607 -3.5 0 -0.935299 -0.0378813 0.351824
41.1804 35.4757 14.6944 0.323218 0 -3.9 0 0.820371 -0.537479 -0.195211
49.7243 25.6175 26.8477 -1.27207 0 -3.5 0 -0.859952 -0.0662751 -0.506054
29.448 45.094 19.4965 -1.09427 -0.790471 -3.5 0 -0.816934 0.436161 -0.377336
31.6873 41.1958 19.2721 0.120862 0 -3.5 0 -0.559296 -0.793468 0.239994
50.7874 59.6154 38.7697 0.484197 -0.203878 -0.8 0 0.0373262 0.734944 -0.6771
37.773 13.1099 45.8358 0.420971 0 -4.5 0 -0.365509 -0.930502 -0.0238499
66.7925 44.277 38.4748 0.249157 0 2.8 0 0.800356 0.474626 0.366279
50.7747 51.8256 37.375 1.84296 0 1.8 0 -0.541156 -0.499534 0.676473
35.5849 40.9466 14.1589 0.592433 0 -3.5 0 0.230273 -0.0227453 -0.97286
32.4834 46.998 19.1021 -0.0716426 -0.700132 -4.5 0 -0.475557 0.0354931 -0.878969
55.398 45.7255 35.7347 1.80553 0 -1.6 0 -0.391634 0.919672 0.0287306
59.733 50.3279 35.8553 0.805841 0 3.8 0 -0.259527 0.629559 -0.732326
50.3392 50.8742 64.7864 0.74963 0.690956 -4.5 0 -0.337488 0.901421 0.271187
57.2907 19.4877 35.5882 0.329192 0 -3.9 0 0.992157 0.0600849 0.109613
33.5024 51.182 23.0444 7.52948 0 -4.5 0 -0.272887 0.659843 -0.7001
65.8924 39.806 19.7856 1.34849 0.771799 -4.5 0 0.669757 -0.0852595 -0.73767
27.7996 54.2725 54.0757 0.439703 0 1.8 0 -0.532153 0.105155 0.840093
30.0885 34.7827 61.4567 0.536195 0.435608 -0.8 0 0.0911782 -0.0680444 0.993507
18.0807 31.2283 40.4398 -0.145192 -0.213997 3.8 0 -0.80111 -0.14269 -0.581259
50.97 52.1845 46.9531 3.55345 0 -1.6 0 -0.2948 -0.903046 -0.312411
47.4152 60.6711 31.0063 1.33856 0.602328 -4.5 0 -0.642273 0.562532 -0.520618
69.6257 31.2436 40.1325 1.13162 0.794953 -4.5 0 0.41415 -0.878656 -0.237578
43.2598 22.459 30.3515 -0.42364 0 -3.5 0 -0.32182 -0.944468 0.0664247
57.9997 44.9082 58.5477 0.0218284 0 -3.5 0 0.903559 -0.413529 0.112139
17.783 31.259 54.9315 3.08583 0 -3.9 0 -0.473603 -0.329381 0.816828
31.0359 26.5931 36.6831 0.185951 0 -1.6 0 -0.62746 -0.457316 -0.630204
34.22 57.7729 34.3239 0.76252 0 -0.965249 0 0.626134 0.199199 -0.753841
39.8717 44.4885 60.5611 0.281217 0 -0.8 0 -0.505105 0.156599 0.848732
54.6439 16.3635 33.2029 2.61674 0.345383 -3.9 0 -0.104517 -0.984558 -0.140433
49.752 38.1216 25.3135 0.528698 0 -3.9 0 -0.0369385 -0.689924 -0.722939
18.8902 32.8115 27.7865 -0.0585936 0 -4.5 0 -0.716904 -0.279446 0.638717
44.9695 21.5912 29.769 -1.28701 -0.0141735 -3.5 0 -0.505554 -0.862192 0.0322427
49.824 52.195 47.314 3.58398 0 -1.6 0 0.294811 -0.744554 -0.598937
40.392 28.1125 57.2663 -0.378109 0 -3.5 0 -0.8666 -0.221907 0.446946
56.4202 60.605 39.5532 0.321072 0 3.8 0 -0.316069 0.922988 0.219532
49.2935 14.7615 34.7565 -0.0187324 0 -0.4 0 0.694965 -0.625157 -0.355249
60.5558 46.3785 55.2045 0.0118923 0 -3.5 0 0.851686 -0.313124 -0.420219
13.7564 44.3968 49.7617 -0.00992083 0 -4.5 0 -0.325215 0.84639 0.421733
57.9375 18.787 41.488 -0.128465 0 -3.5 0 0.889549 0.00371805 -0.456825
45.2616 34.5895 23.0684 0.372029 0 3.8 0 0.50589 -0.0064707 -0.862574
30.5625 51.506 53.252 0.953773 0.0212752 1.53141 0 0.802863 -0.0142132 0.595994
37.8005 17.0425 47.9562 1.95325 0 -4.5 0 -0.788937 0.563982 0.243932
50.0159 58.3051 35.0967 1.27031 0.25519 -4.5 0 0.678206 0.647401 0.347719
57.8814 54.9621 29.1685 0.539715 0 2.8 0 0.274282 0.764081 -0.58391
33.09 49.6637 52.2944 1.26725 0 -1.93591 0 -0.563218 0.769333 0.301518
38.8442 36.8408 12.0341 1.48601 0 -3.9 0 -0.0867745 -0.178365 -0.980131
36.8475 14.09 44.1675 1.06774 0 -4.5 0 -0.627771 -0.603591 -0.49151
49.623 56.6958 28.0741 0.89648 0 -4.5 0 -0.439504 -0.0418842 -0.897264
50.6305 25.761 25.513 -1.34013 -0.0248134 -3.5 0 -0.240328 -0.246996 -0.938741
42.1497 14.2239 36.8978 -2.00296 0 -3.5 0 -0.442012 -0.895941 -0.0437703
35.431 39.4372 24.5805 -0.341069 0 -3.5 0 -0.996657 -0.0599041 0.0555516
28.3633 36.176 24.036 -2.02834 -0.117031 4.2 0 0.698851 -0.0446843 0.713871
28.474 28.0031 40.6651 -0.334891 0 3.69359 0 -0.711901 -0.304882 -0.632649
58.3774 38.9178 25.113 1.38163 0 -4.5 0 -0.706372 -0.139818 -0.693895
56.2848 38.3981 46.2404 1.39246 0.0288587 -0.9 0 0.238208 -0.866365 0.43894
51.6769 36.7874 54.0621 0.396856 0 -3.9 0 -0.154924 -0.220818 0.962932
30.7474 41.6278 18.0187 0.314019 0 -3.5 0 -0.995972 -0.072079 0.053334
19.2805 31.1335 38.6105 -2.14804 -0.152477 3.8 0 -0.531155 -0.215104 -0.819515
19.4702 30.9999 24.6607 0.391214 0.399841 -4.5 0 0.241434 -0.950909 0.193601
47.2928 33.3397 24.5928 0.863108 0 -0.108043 0 0.80679 0.590169 0.0281215
19.5505 42.7956 30.0985 -0.228296 -0.0154793 -4.33983 0 -0.902059 0.0925375 -0.421577
45.0264 53.9259 61.6394 0.0860891 0 -0.8 0 -0.703284 0.390707 0.593919
28.9945 32.0246 61.951 0.13964 0 -0.8 0 -0.428904 0.11222 0.896352
45.9625 59.6011 35.1452 1.13973 0 -4.5 0 -0.946486 -0.151848 -0.284791
22.8671 55.9116 32.0285 2.02041 0.339858 -3.9 0 -0.412041 -0.742637 -0.527933
50.9545 52.347 38.6478 1.48743 0 1.8 0 -0.538839 -0.745912 0.391494
30.1444 57.9174 31.8078 0.535134 0 -1.6 0 -0.541241 0.30428 -0.783883
53.0187 52.1802 41.0955 3.07967 0 1.8 0 -0.209403 -0.948672 0.237006
61.8182 39.9907 20.136 0.770525 0.0694521 -4.5 0 -0.489027 -0.0276592 -0.87183
16.5071 45.695 31.3865 0.0222477 0.491764 -4.5 0 -0.738003 -0.397417 -0.545354
29.0314 36.9688 28.0991 -1.25048 -0.621149 1.8 0 -0.0123808 -0.283924 -0.958767
42.4569 58.345 54.1729 0.26026 0 -4.5 0 -0.39992 0.511581 0.760493
42.7711 29.5081 57.8869 0.496077 0.0943788 -3.5 0 0.673551 0.304281 0.673604
57.808 42.632 49.994 0.40499 0 -3.5 0 0.868442 0.491155 -0.067648
65.8287 44.5309 33.0467 0.138434 0 2.8 0 0.263835 -0.3258 -0.90788
43.3898 29.603 54.5049 0.120661 0 -3.5 0 0.850269 -0.525057 0.0368539
60.5221 55.5095 46.8124 0.155771 0 -0.4 0 -0.0841308 0.184691 0.979189
26.4541 55.4149 33.0829 -0.440195 0 -1.6 0 -0.456517 -0.0478023 -0.88843
21.8603 38.0989 15.7795 1.07174 0.472534 -4.5 0 0.761407 -0.317137 -0.565406
51.014 43.6459 24.4325 0.896089 0 -3.9 0 -0.686338 0.299144 -0.662912
43.7875 50.219 34.336 0.432353 0 -3.5 0 -0.491267 0.870538 0.0286441
40.8838 41.2041 42.6229 5.67143 0.294612 0.398706 0 0.3817 0.535053 0.753673
23.0147 33.2799 62.0561 -1.35057 -0.812605 -3.5 0 -0.207828 -0.0121947 0.978089
25.0316 59.3735 32.874 0.803257 0 -3.9 0 0.153876 0.829761 -0.536488
49.1123 19.224 26.0527 -1.42508 -0.0489681 -3.5 0 0.679207 -0.731973 -0.0537927
58.007 39.3829 33.3036 1.45508 0 -1.6 0 -0.256284 -0.42309 -0.869088
21.1529 33.6203 31.2076 0.0582329 -0.299946 -3.79396 0 0.0208678 -0.995871 0.0883442
12.4443 39.9779 37.8709 -1.28012 -0.556547 -3.5 0 -0.357502 0.409483 0.839355
34.5397 32.5098 24.5112 -0.343342 0 -0.7 0 -0.6964 -0.717592 0.00942934
39.1554 44.1744 59.6086 0.282777 0 -0.8 0 -0.722597 -0.0471235 0.689662
27.5574 55.5966 52.6196 0.39023 0 1.8 0 -0.800721 0.571323 0.1801
39.1138 23.2726 34.1855 0.0421984 0.0285122 3.24632 0 -0.815916 -0.482182 0.319031
56.5908 50.1408 54.5045 -0.462241 -0.885069 -3.5 0 0.135687 0.985074 -0.105915
34.0723 43.6945 16.3315 0.696449 0.0802301 -3.5 0 -0.10966 0.944432 -0.309876
49.6828 36.5452 27.5128 0.0174488 -0.141146 -1.3 0 0.177156 -0.782885 -0.596412
56.3433 52.3561 36.656 1.36615 0 3.8 0 -0.352828 -0.422563 -0.834837
41.412 63.2127 45.1032 0.796217 0.0162438 -1.96387 0 -0.183948 0.559047 -0.808474
44.7861 47.1043 61.9469 0.373399 0 -4.5 0 0.185094 0.498509 0.846894
48.7467 53.2192 27.7245 1.12797 -0.0552613 -3.97236 0 -0.352005 0.853687 -0.383812
39.2621 24.3876 26.9945 -0.0240601 0 -3.9 0 -0.424055 -0.888317 -0.176264
22.5426 55.6406 46.9315 -1.49446 -0.360127 -0.8 0 0.055983 -0.0902895 0.994341
47.0225 55.4113 35.084 1.09306 0 -4.5 0 -0.950529 -0.151515 -0.271178
18.1825 36.9552 26.3344 0.142324 -0.0318375 -0.561762 0 -0.79728 -0.117239 -0.592114
35.3947 39.1362 21.7383 0.255606 0 1.8 0 -0.889489 0.00873915 0.456873
41.134 34.6426 17.2659 0.107722 0 -3.9 0 0.838651 -0.337384 -0.427595
36.1543 51.9481 19.6947 0.368432 0 1.8 0 -0.505019 0.853412 -0.129012
64.4306 56.6732 38.2334 0.285024 0 3.8 0 0.574744 -0.16948 -0.800591
31.944 58.8887 49.4545 1.33423 0 -3.9 0 0.368668 -0.571217 0.733345
57.2439 21.662 43.0187 -1.32723 -0.168369 -3.5 0 0.620581 0.69699 -0.359282
25.2394 47.8022 55.2815 0.238511 0 -0.8 0 0.107442 0.556373 0.823957
44.7043 64.58 47.734 -0.91668 -0.403942 -4.5 0 0.120008 0.964726 -0.234313
52.5635 46.462 31.1751 1.09007 -0.712917 0.532173 0 0.799802 0.371972 0.47112
46.6435 14.3829 54.1839 0.464143 0.0770498 -4.5 0 0.064027 -0.732507 0.677742
14.354 37.0156 50.6244 1.24813 0.365515 -4.5 0 -0.637017 0.724404 0.26353
22.1436 33.052 37.0409 -0.24789 0 3.8 0 -0.644152 -0.756494 -0.11307
64.8866 44.701 44.588 0.000425871 0 -3.5 0 0.170016 0.0252553 0.985118
23.349 39.1795 54.7603 -0.0123526 0 -0.4 0 0.105253 -0.102177 0.989182
56.8786 25.0051 40.4098 -0.106952 0 1.8 0 0.708857 0.031096 0.704667
35.212 51.85 32.95 3.64454 0 4.2 0 0.664237 0.726853 0.174569
57.6082 48.1162 27.0268 0.751006 -0.00524487 3.8 0 0.999702 0.00719142 0.0233434
46.4921 23.8621 27.9259 -0.464709 0 -3.5 0 0.251957 0.743808 -0.619087
39.3655 54.3408 25.1912 1.42341 0.825722 -4.5 0 0.187165 0.434201 -0.881157
56.8176 50.1866 22.505 0.422351 0 3.8 0 0.33457 -0.00585117 -0.942353
34.5246 22.9317 53.0326 0.140077 0 1.8 0 0.625084 -0.369304 0.687666
34.4269 63.2217 39.5612 0.400469 0 -3.5 0 -0.850569 0.495083 -0.177273
49.0981 56.52 56.5811 -1.02699 -0.809166 -3.5 0 0.306587 0.315869 0.897904
51.022 41.9183 64.95 0.584962 0 -0.4 0 0.42431 0.192134 0.884898
19.54 35.9115 21.358 0.798854 0.0229564 -4.5 0 -0.662865 -0.128352 -0.737656
36.8375 56.2282 36.1992 3.00502 0 -0.8 0 0.871045 0.390837 -0.297535
24.6045 16.632 46.519 0.882741 0.107743 -4.5 0 -0.172437 -0.577797 0.797757
23.6226 17.1465 46.2235 0.973058 0.856479 -4.5 0 -0.763088 -0.410474 0.499207
70.1455 36.4341 39.5901 0.984057 0.134742 -4.5 0 0.658188 0.747408 -0.0903857
15.7505 50.7581 40.5361 -1.09282 -0.00486311 -3.5 0 -0.789536 0.314184 -0.527182
41.7902 51.141 38.4362 3.1765 0 -3.9 0 0.883614 0.449472 -0.131156
15.5615 40.708 48.0706 0.432569 0 -4.5 0 -0.689519 -0.703201 0.173413
59.3229 40.2824 22.0093 0.892444 0 -4.5 0 -0.709612 0.0340067 -0.703772
42.3515 31.3123 17.9936 -1.81237 -0.242154 -3.5 0 -0.339485 -0.479065 -0.809473
50.4785 26.371 52.3613 -2.44519 -0.514966 -3.5 0 0.0563601 -0.357612 0.932168
21.9459 40.3059 19.3368 1.76566 0 -4.5 0 0.881308 0.43265 -0.190027
49.812 16.2638 44.9098 -0.072954 -0.458729 -3.5 0 -0.302553 -0.608272 0.733803
42.7626 38.6278 57.6258 0.214485 0 3.54886 0 0.294572 -0.38691 0.873801
36.7074 28.0539 19.9619 -1.60154 0 -3.5 0 0.424242 -0.862239 0.2767
59.5196 34.4842 43.1059 1.12206 0.747672 -3.9 0 0.864969 0.156549 0.476782
53.5817 40.9701 27.8381 1.00825 0 2.16448 0 0.943499 -0.320507 -0.0841752
48.1512 39.6403 62.244 0.00686069 -0.808583 1.8 0 -0.160292 -0.979008 -0.125896
67.8135 45.937 43.6727 -1.53615 -0.200589 -3.5 0 0.800452 0.313318 0.510988
52.5015 42.5957 46.2455 3.05772 0 2.8 0 0.0287635 -0.922682 0.384487
32.8805 39.6669 18.3994 -0.166891 0 0.314095 0 -0.817387 -0.406002 0.408707
42.447 29.7075 20.2565 -0.869088 -0.0221865 -3.5 0 -0.0219418 -0.941251 -0.336994
27.2833 36.0375 27.1793 -0.581481 0 -4.5 0 0.859966 0.0165583 -0.510082
38.8994 54.8305 30.6649 9.57932 0.565556 -4.5 0 0.0145497 0.341635 0.93972
55.6026 39.926 46.7865 2.42819 0 -0.9 0 -0.905703 0.268843 0.327758
37.2794 62.8629 49.0913 0.888597 0 -1.6 0 -0.905534 0.304518 0.295426
27.7092 28.5467 58.1592 -1.77696 -0.0607832 -3.5 0 0.849384 -0.526948 0.0295329
56.9441 48.0885 23.8708 0.540011 0 3.8 0 0.649783 -0.559511 -0.514519
41.4692 43.9002 16.5713 1.0103 0 -3.9 0 -0.453131 0.582541 -0.674773
57.1017 35.3587 34.4286 1.34329 0 -0.798921 0 0.810609 -0.00930316 -0.585513
60.4393 47.6447 56.9715 -0.250233 0 -3.5 0 0.904022 0.118735 0.410665
17.166 34.6286 53.2185 0.924147 0 -3.9 0 -0.656781 0.340908 0.672622
21.3276 29.374 52.979 0.332308 0 -0.8 0 -0.0708248 -0.518228 0.852305
24.6764 29.3779 39.2697 -0.819803 0 4.5 0 0.0421149 -0.979118 -0.198882
53.233 21.568 32.1493 -1.16342 0 -3.5 0 0.26949 -0.627139 -0.730802
35.4306 23.6305 34.3208 -0.906447 -0.432658 -4.5 0 -0.255826 -0.894452 0.366755
53.1 25.164 48.363 0.111793 0 -3.5 0 0.00668748 -0.993873 0.110327
48.4987 36.0565 53.6149 0.277847 -0.0895135 -3.9 0 0.221873 -0.424225 0.877955
50.1286 41.4961 56.9564 0.316614 0 -1.16046 0 0.485359 -0.552258 0.677818
61.9135 38.6058 28.4406 3.41199 0 -0.4 0 0.8028 -0.164542 -0.573095
15.2004 49.1802 38.1227 1.13971 0.361762 -3.75369 0 -0.842419 0.516818 -0.152412
36.1447 29.2991 26.4743 1.98742 0.498068 -3.9 0 -0.719481 0.460316 -0.520054
43.8522 63.9818 46.5588 0.511607 0.0877479 -4.5 0 -0.0627774 0.958176 -0.279209
48.407 60.2039 30.0621 1.26294 0.339144 -4.5 0 -0.26075 0.629169 -0.732226
17.4665 29.6173 22.5015 0.456992 0 -4.5 0 -0.535917 -0.785617 -0.309191
59.6372 29.5651 39.7169 0.157835 0 -3.5 0 0.856264 -0.407013 0.318045
38.1031 18.9622 36.1184 -0.0896093 0 -0.7 0 -0.890622 -0.412596 0.1912
58.3081 39.3219 48.5163 0.29545 0 -0.9 0 0.702569 -0.705272 -0.0948052
34.2593 30.9659 19.9328 -1.79872 -0.019159 -3.5 0 -0.871728 0.462417 -0.162051
50.0457 14.1336 44.2239 -1.45929 0 -3.5 0 -0.363934 -0.655369 0.661848
45.6802 52.842 41.8027 2.34243 -0.529469 -1.3 0 0.463387 -0.625436 -0.627776
41.0666 34.1626 56.9154 0.221156 0 3.8 0 -0.0167337 -0.631301 0.775357
47.7402 15.0855 54.232 0.49213 0.254684 -4.5 0 0.593948 -0.0117384 0.804418
67.4411 43.6743 40.995 10.4309 0 -3.5 0 0.83128 0.198169 -0.519329
22.651 38.9458 24.7189 0.480174 -0.0968077 -0.0891579 0 0.753476 0.457816 -0.471888
42.1976 28.1138 24.4224 0.0998409 0 -2.79263 0 0.942746 -0.321098 -0.0901511
17.4935 45.196 30.686 0.182155 0 -4.5 0 -0.632009 -0.574896 -0.519673
18.7943 38.8293 15.635 0.618324 0.281226 -4.5 0 -0.534708 0.3079 -0.786946
49.1618 27.1186 52.2043 -1.43826 -0.0428751 -3.5 0 -0.161366 0.0173923 0.986741
40.1183 47.689 41.002 5.8863 0 -0.4 0 -0.588156 -0.163241 0.792101
14.8783 45.6216 37.1302 0.321348 0 -3.9 0 -0.805551 -0.0873751 -0.586048
51.7529 42.5665 47.9183 2.86075 0 -1.65984 0 0.252647 -0.902605 -0.348531
25.0596 45.4007 25.5163 0.240195 0 -1.6 0 -0.127005 0.672111 -0.729477
48.7265 29.6912 55.211 -1.40685 -0.16735 -3.5 0 0.39189 -0.901422 0.184015
17.3025 34.1125 22.2022 1.0874 0.409711 -4.5 0 -0.742515 0.66738 0.0572338
18.5276 30.5245 49.4441 0.158061 -0.854194 -1.12124 0 -0.709387 -0.646072 0.281712
16.7734 40.4967 27.4772 -0.13755 -0.302435 -0.4 0 -0.652237 0.756292 -0.0510774
54.5643 46.8421 63.1239 0.0945871 -0.0357859 -4.23624 0 0.691522 0.533795 0.486683
44.7895 63.8438 49.8783 -0.545283 -0.387726 -3.88699 0 -0.316857 0.721098 0.616132
25.3273 62.6323 44.4038 0.255322 0 -0.7 0 -0.49198 0.866456 0.0849094
31.9447 21.7821 53.2803 0.0895314 0 1.8 0 -0.328147 -0.710949 0.62199
58.2096 30.3711 30.2623 0.61524 0 2.8 0 0.982135 -0.182048 0.047636
31.605 61.3979 50.1118 3.11688 0.319069 -3.9 0 -0.152817 0.351625 0.923584
46.1615 38.2734 45.7998 5.73683 0 -0.4 0 0.138521 0.804351 -0.577781
42.1625 35.669 57.421 0.285573 0 3.8 0 0.400428 -0.249429 0.881727
38.9253 47.9535 24.9335 0.582521 0 -4.5 0 0.882099 0.447634 -0.146718
41.1043 16.002 37.1493 -1.38524 -0.35122 -3.5 0 -0.931063 -0.32531 -0.165214
61.4505 43.3047 28.7834 1.25083 0 -1.6 0 0.859497 0.454493 -0.233883
57.8121 43.7876 56.8792 -0.490557 -0.1288 -3.5 0 0.680814 -0.60656 0.410581
63.7757 48.3736 34.2272 0.502196 0 3.8 0 0.414906 0.712126 -0.56633
19.3135 26.6975 43.1548 -1.43247 -0.353505 -3.9 0 -0.504201 -0.712438 -0.488071
18.645 57.8391 47.1431 0.135767 0 4.2 0 0.0737468 0.482407 0.872837
27.1007 50.101 54.4753 0.605759 0 -0.4 0 0.0223616 -0.0483357 0.998581
26.9625 27.8498 60.259 -1.7332 -0.341331 -3.5 0 0.27037 -0.508106 0.817758
23.497 51.759 45.38 1.11804 0.710454 -3.9 0 -0.689985 0.569635 0.446584
17.8214 32.9109 33.0662 -1.57528 0 -3.5 0 -0.418393 -0.907573 -0.0354733
22.605 31.47 57.1875 -0.0697256 0.0045025 -3.5 0 -0.718751 -0.667825 -0.193406
26.2987 52.718 31.6537 0.246888 0 3.8 0 -0.650795 0.67711 -0.343494
42.173 44.1476 61.5356 1.29456 0.801028 -4.5 0 -0.382915 -0.0545435 0.922172
48.8192 59.5134 43.1468 0.520464 -0.044727 -3.5 0 -0.109095 0.489733 0.86502
40.7095 12.4405 51.814 -0.74896 0 -4.5 0 -0.349891 -0.928178 0.126735
51.5529 50.9145 65.7369 0.839571 0.0586858 -4.5 0 0.201848 0.932003 0.301043
29.8983 44.5179 18.6203 -0.947088 0 -3.5 0 -0.51038 0.224714 -0.83007
48.2835 12.6101 39.2508 -1.52219 -0.125996 -0.4 0 -0.318634 -0.844604 -0.430251
53.4837 56.3527 47.3853 0.852716 0 -1.6 0 0.308983 0.4549 0.835222
14.8806 40.9784 44.5122 0.328707 0 -4.5 0 -0.885623 -0.352074 -0.302846
43.9665 14.484 37.5332 -0.732753 0 -3.5 0 0.0143245 -0.982127 0.187675
58.8431 38.3783 50.3271 1.12136 0.192359 -3.5 0 0.836618 -0.472167 -0.27772
30.691 25.9067 29.5772 0.268236 0 -0.4 0 -0.651989 -0.749197 0.116679
38.5131 34.9241 14.1608 0.660302 0 -3.9 0 -0.133332 -0.963438 -0.232399
53.4441 57.0062 55.0254 0.21644 0 3.8 0 0.645225 0.752767 -0.130488
36.6715 26.098 41.59 -0.159589 -0.894891 -0.707369 0 -0.805435 -0.577931 0.131414
58.0666 52.424 27.6647 0.344678 0 2.8 0 0.681559 0.253543 -0.686435
18.7682 29.0763 51.2617 0.548975 -0.225931 -0.8 0 -0.841761 -0.533087 -0.0851916
47.9043 17.7008 32.5595 -1.18318 -0.0467432 -0.199922 0 -0.227062 -0.361273 -0.904392
57.4705 46.9707 61.6948 -0.952503 -0.354305 -3.5 0 0.525797 0.768198 0.365252
40.4888 47.214 23.7934 1.48504 0 -4.5 0 0.473182 0.820829 0.319903
18.6739 40.9351 20.2121 0.789611 0 -4.5 0 -0.648274 0.736626 0.192671
41.8063 16.0322 42.0947 0.182627 0.0131051 -3.75794 0 0.0401894 -0.994443 -0.0973018
31.6874 54.1295 47.8651 0.559364 -0.198966 -0.7 0 0.268472 0.931261 -0.246323
27.4956 55.1109 32.2456 -0.204046 -0.154214 -0.992965 0 -0.581682 0.482826 -0.654618
51.7025 55.0365 58.7155 -0.541489 -0.186784 1.8 0 -0.222485 0.866641 0.44658
46.2718 20.4888 26.6052 -0.589974 0 -3.5 0 -0.871111 -0.411034 -0.268732
39.6743 46.9183 59.6763 -0.819306 -0.0433068 4.2 0 -0.239876 0.428407 0.871164
65.7172 37.0539 41.632 0.296689 0 -4.5 0 -0.480669 -0.260667 0.837264
37.4835 48.8796 54.4236 0.642079 0 4.2 0 -0.00846936 0.935244 0.353902
61.1227 32.4113 39.1054 -0.139001 -0.550363 -3.74205 0 0.559968 -0.218278 0.799244
57.7303 38.4409 43.9738 0.0474809 0 -0.9 0 0.673505 -0.723284 0.152487
50.5671 24.8059 26.2061 -1.29187 -0.733855 -3.26577 0 -0.106376 -0.152495 -0.982563
34.7829 28.7342 28.9394 1.77219 0 -3.12197 0 0.16916 0.980605 0.0989833
55.959 25 44.6715 0.0430068 0 3.8 0 0.836287 0.501526 0.221576
39.3722 23.4425 28.2323 -0.103692 -0.842378 -3.6532 0 -0.0740568 -0.952428 -0.295628
65.223 45.993 32.6085 0.523311 0 2.8 0 -0.0841668 0.0197701 -0.996256
35.9966 57.3434 29.6971 0.968597 0 4.2 0 0.592309 0.639531 0.49007
24.9778 51.7345 31.927 0.0784802 0 3.87053 0 -0.513955 0.822324 -0.2442
57.5465 52.5616 26.8092 0.382031 0 3.8 0 0.82755 0.482911 -0.286284
43.3244 14.7785 38.5836 -0.342232 0 -3.5 0 -0.161243 -0.91126 0.378954
61.5503 59.5452 40.0525 0.291553 0 3.8 0 -0.253007 0.844018 -0.472886
27.6009 37.3404 61.0269 0.588332 0.43139 -0.7 0 -0.719027 0.264284 0.642771
35.7365 65.8485 39.5827 -0.686567 0 -3.5 0 -0.558097 0.817373 -0.142934
57.642 33.7195 34.9738 1.34229 0 -0.4 0 0.676686 0.426306 -0.600299
14.136 34.104 50.386 0.0100353 0 -4.5 0 -0.846052 -0.528938 0.0664927
57.4394 44.6484 63.3381 -0.28945 -0.0833519 -3.5 0 0.645756 -0.312387 0.696716
28.5909 53.9396 50.0491 0.304816 -0.104352 1.8 0 -0.4425 0.648572 -0.619312
61.3166 52.3501 45.2395 -0.0278885 0 -1.61384 0 0.308219 -0.0255914 0.950971
58.7119 54.4954 30.5974 0.719651 0 2.8 0 0.714389 0.522292 0.465682
34.2192 59.5331 49.1599 0.63898 0.770759 -3.82276 0 0.196559 -0.468876 0.861115
57.9544 46.177 36.3629 1.26836 0 1.20818 0 -0.49619 0.699018 -0.514946
39.3215 40.392 46.4695 4.197 -0.886572 -0.787744 0 0.846408 0.246552 -0.472022
59.6819 29.9661 42.109 -1.97084 -0.65957 -3.5 0 0.880696 -0.297154 0.368882
56.76 51.746 42.148 2.81445 0 -3.5 0 -0.75935 -0.44699 -0.47285
34.2739 59.0864 29.233 0.464403 0 4.2 0 0.317826 0.921795 0.221994
49.818 29.4638 25.6612 0.548084 0.256808 -4.06699 0 0.715903 0.473383 -0.513217
36.347 27.6143 54.3628 0.174299 0 -3.5 0 0.413969 -0.52676 0.742397
66.4549 54.146 39.0075 0.278819 0 -0.7 0 0.697852 0.360572 -0.618862
56.3742 49.6847 57.7771 -0.121097 -0.321549 -1.96077 0 0.760145 0.489059 0.427786
24.7423 56.1729 32.4606 2.1065 0 -3.9 0 0.470185 -0.690679 -0.549445
18.8592 36.1554 23.9925 0.51224 0.10349 -4.5 0 -0.975868 0.0968494 -0.195707
57.1671 52.896 36.2171 1.07623 0 3.8 0 -0.0382223 -0.572018 -0.81935
45.5692 36.2081 55.0228 0.696049 0.916866 3.8 0 0.468733 -0.208462 0.858389
55.5446 47.0866 23.818 0.366798 -0.0950307 -0.145962 0 0.489248 -0.104247 -0.865892
39.3179 55.4712 25.8983 1.44055 0.387529 -4.5 0 0.271592 0.292064 -0.917026
51.879 38.72 25.2335 0.669867 -0.086136 -3.9 0 0.163637 -0.85351 -0.494716
43.504 53.585 59.6145 -1.12916 0 -0.8 0 -0.900511 -0.182629 0.394623
64.6503 48.1826 35.6007 0.479934 0 3.23082 0 0.529474 0.819395 -0.219659
49.1613 54.1119 23.4275 0.405811 0 3.8 0 -0.78216 0.621517 -0.0440778
53.3898 37.9902 46.4021 2.36192 0 -0.8 0 -0.125355 0.485985 0.86493
34.8305 52.896 33.5757 7.08811 0.674471 -0.8 0 0.935756 0.284227 -0.208749
39.5955 47.7175 58.771 -0.794458 -0.758191 4.2 0 -0.150605 0.941288 0.302152
50.4824 38.9711 54.9027 0.562714 0 -1.6 0 0.662936 -0.424091 0.616979
46.1535 63.1613 42.0074 0.838126 0 -4.5 0 0.039834 0.967215 -0.250815
64.6633 50.0706 43.7021 0.919565 0 -1.6 0 0.883707 0.28169 0.373782
31.7704 21.6331 47.7371 0.530429 0 -3.5 0 0.439112 -0.848913 0.294156
20.0695 30.0315 38.9147 -0.701605 0 -0.4 0 -0.515206 -0.410283 -0.752483
45.0778 30.3752 20.1133 -1.69846 -0.0558753 -3.5 0 0.932985 -0.356999 -0.0457245
44.3423 17.2008 53.8516 0.871098 0.863572 -4.5 0 -0.407293 0.577005 0.707939
17.6497 34.096 26.2725 0.0366348 0 -4.5 0 -0.989945 -0.0510405 0.131925
44.9345 52.4652 29.3159 0.3207 0 -1.96534 0 0.449673 0.808789 -0.379019
49.863 50.555 36.834 1.52522 0 1.8 0 -0.395676 0.0228586 0.918106
39.2674 11.8379 49.7323 -1.37434 -0.246553 -4.5 0 -0.444589 -0.88725 0.122997
45.0335 17.2052 46.5939 0.410081 0 1.85942 0 0.0600256 -0.989704 0.129931
53.9813 35.0915 46.512 1.04041 0 -0.8 0 0.746834 -0.0528506 0.662907
45.4331 39.7801 47.3926 5.80503 0.427727 -0.4 0 -0.189436 0.611467 -0.768259
30.6395 53.9007 25.2132 -3.50802 -0.44011 -0.8 0 -0.228904 0.302204 -0.925352
58.7011 35.7798 42.1343 2.50828 0 -3.9 0 0.632442 0.751026 0.189673
42.562 50.5073 39.4636 1.69564 -0.603047 -0.4 0 0.655991 0.737916 -0.158605
37.5575 24.299 53.527 0.160897 0 -4.5 0 -0.542628 -0.313183 0.779404
64.7475 39.4837 41.6963 0.118083 0 -4.5 0 -0.331863 -0.658691 0.675272
37.9094 54.4491 50.1836 0.917036 0 -4.43805 0 -0.551244 0.249422 0.79619
22.2261 57.1796 46.0179 -0.643786 0 -0.8 0 -0.00171444 0.391762 0.920065
59.105 32.8916 21.5834 0.821303 0 -4.5 0 0.214247 -0.0201496 -0.976572
35.511 59.1626 49.6141 -0.914244 -0.0299851 -3.5 0 -0.538923 0.252502 0.80362
26.6675 31.5688 33.92 -1.08559 0 -3.5 0 -0.0340155 -0.581138 -0.813094
38.606 51.866 34.024 1.81918 0 -3.9 0 0.071909 0.91486 -0.397316
20.9215 52.9025 37.064 -1.15751 0 -3.5 0 -0.0326777 0.822853 0.567314
41.5075 19.5968 52.0635 -0.251612 0 -3.5 0 -0.159025 0.215742 0.963414
18.1462 37.954 20.1135 0.574413 0 -4.5 0 -0.859471 -0.501912 0.0969239
55.8955 51.1025 22.626 0.39142 0 3.8 0 -0.132812 0.423881 -0.895927
26.0326 24.7407 44.2337 0.0759164 0 -4.0541 0 -0.583624 -0.32985 -0.742012
32.3415 25.605 26.8433 0.333242 0 -4.5 0 -0.792831 -0.218131 -0.569067
53.5532 38.4686 54.6613 0.3178 0 -3.9 0 0.110797 0.178899 0.977609
59.6121 47.938 57.8727 -0.177207 0 -3.5 0 0.516491 0.326433 0.791631
28.8853 37.5781 62.0983 0.152786 0 -0.7 0 -0.466612 -0.107348 0.877923
20.224 26.194 43.2287 -1.48767 -0.226103 -3.9 0 -0.208748 -0.902436 -0.376873
65.8135 38.692 20.5234 0.816042 0.338823 -4.5 0 0.472698 -0.658395 -0.585725
49.192 60.4995 48.063 0.578892 0 -1.6 0 0.841148 0.144692 -0.521089
20.3034 37.024 16.3037 0.289867 0 -4.5 0 0.0951494 -0.969785 -0.224642
59.3872 46.9588 54.1468 -0.0523981 0 -3.5 0 0.821828 -0.0710762 -0.565285
22.87 56.4755 35.3645 0.379644 0 -3.9 0 -0.707621 -0.078018 0.702272
54.5749 45.1301 38.092 1.6088 0 -0.4 0 -0.383864 0.803796 -0.454489
31.5801 22.3358 41.1609 -1.05258 -0.791823 -0.4 0 0.328086 -0.0114605 -0.944578
12.329 38.576 37.4202 -0.815291 -0.106599 -3.5 0 -0.702798 -0.517526 0.488101
57.0218 19.6261 46.938 -1.80241 -0.0686656 -3.5 0 -0.156784 0.237993 0.958529
15.781 56.599 45.7215 0.0838367 0 4.2 0 -0.974904 0.0522691 -0.216403
39.6522 13.4356 52.9371 -1.89484 -0.96495 -4.5 0 -0.779469 -0.567656 0.264942
30.9496 21.1982 41.6849 -0.613013 -0.414413 -0.4 0 0.0957439 -0.748785 -0.655861
33.53 43.9009 54.8246 0.644645 0.170524 -4.414 0 -0.502218 -0.62665 0.595892
45.451 15.2545 34.888 -0.561041 0 -0.4 0 -0.429103 -0.458409 -0.778288
57.2965 27.4599 30.7899 0.0263571 0 2.8 0 0.6632 -0.569997 -0.485047
26.2269 28.3482 42.1273 -0.27336 0 4.2 0 -0.863393 -0.299826 -0.405779
55.6276 55.0998 29.3204 0.553694 0 2.8 0 -0.272652 0.764724 -0.58383
63.817 50.2854 44.8856 0.619263 0 -1.6 0 0.580688 0.440365 0.684748
68.1107 43.8714 37.7334 0.567154 0 2.8 0 0.692624 0.0905985 0.715586
56.2412 49.8918 48.7845 0.726555 0 -3.16411 0 0.899995 0.434237 0.0380514
25.1408 50.7711 21.4827 0.589138 0.39591 -4.5 0 -0.808091 0.587357 0.0447251
33.2351 29.5758 30.1922 0.276556 -0.0815456 2.61707 0 0.528812 0.826725 -0.192053
46.445 63.4033 43.0329 0.794634 0 -4.5 0 0.445896 0.88931 0.101505
56.248 24.567 41.5704 -0.188237 0 3.8 0 0.94856 0.148084 0.279829
39.1985 18.9568 37.5805 -0.376431 0 -0.7 0 -0.792147 -0.49076 0.362848
33.427 25.4295 43.6253 -0.194956 0 4.2 0 0.504995 -0.201475 -0.839278
38.016 66.3891 39.5225 -1.35663 -0.875146 -3.5 0 0.331042 0.907305 0.259247
51.4352 39.6488 23.9013 0.690998 0 -3.9 0 -0.182893 -0.569437 -0.801431
52.479 35.8625 31.6305 1.30597 0 -0.4 0 0.896656 -0.30058 -0.325052
30.2826 60.6608 35.7832 0.110247 -0.30422 -1.6 0 -0.243984 0.964468 0.101362
67.2826 41.8546 39.5173 -0.145799 0 -1.40007 0 0.997668 0.0564 -0.0384459
53.8633 33.3058 24.7952 1.04923 0.655099 -4.5 0 -0.925444 0.334847 0.177288
56.7082 38.4105 48.3751 -0.478397 -0.666121 -3.5 0 -0.0464738 -0.913589 -0.403975
38.2885 51.1968 42.7864 9.67249 0 -3.9 0 -0.230501 -0.448216 0.863697
45.8571 59.25 36.4238 1.60039 0 -4.5 0 -0.980716 -0.0662718 -0.183861
51.863 15.8155 45.0565 0.227117 0 -3.5 0 -0.102994 -0.617772 0.779583
46.5742 48.4716 26.1648 0.49132 0 -0.168209 0 -0.646552 -0.225736 -0.728707
23.5177 24.0665 45.49 0.382281 0 -3.9 0 -0.328971 -0.565531 -0.756275
34.3141 49.4745 55.3724 0.663132 0 -4.5 0 0.61076 0.719818 0.329901
30.2603 32.2074 62.0243 0.0456604 0 -0.8 0 -0.0520716 0.112642 0.99227
38.4675 19.4585 41.949 -1.13857 -0.64839 4.5 0 -0.686805 -0.444891 -0.574779
53.8898 16.1224 37.3176 0.311985 0 -3.9 0 -0.140598 -0.873827 -0.465467
14.7516 45.5075 38.9131 1.27168 0 -3.9 0 -0.975541 -0.208102 0.0708109
42.5199 44.8874 18.5535 1.87955 0 -3.9 0 -0.384174 0.895292 0.225527
49.9603 25.2306 48.9227 -0.321431 0 -3.5 0 0.3636 -0.928955 -0.0695502
34.6471 58.1562 44.3882 0.765829 0 -0.4 0 -0.821964 0.259251 0.507114
35.3209 26.8434 54.6091 -0.0142343 0 -3.5 0 0.468295 -0.572836 0.672725
45.1432 52.1572 61.1613 0.0528209 0 -0.8 0 -0.852792 -0.299135 0.428093
34.8582 38.063 21.6915 -0.412032 0 1.8 0 -0.73922 0.262924 0.62002
54.4403 37.7272 29.3768 1.09269 0 1.885 0 0.43014 -0.61775 0.658305
24.5879 43.5973 24.0387 0.486552 0 -1.6 0 -0.60319 0.330718 -0.725801
16.1716 48.8746 33.6821 0.0989771 0.41228 -4.5 0 -0.866294 0.381967 0.321926
59.0872 45.1195 56.488 0.0157869 0 -3.5 0 0.726255 -0.630753 0.273322
56.4793 17.0074 40.1219 0.0654206 0 -3.60275 0 0.847016 -0.195674 -0.494242
24.209 57.9082 31.1671 3.23218 0.215179 -3.9 0 0.367598 0.0758206 -0.926889
16.3854 45.1455 35.3681 -0.482046 0 -3.5 0 -0.959177 0.268456 -0.0889416
42.1214 26.7635 23.5251 1.99987 0 -3.9 0 0.997942 0.0617344 0.0173528
61.319 39.559 41.3055 0.449527 0 1.8 0 -0.0856592 -0.995215 0.0470058
31.1874 55.2393 43.7651 1.3386 0.955733 -3.5 0 -0.0967917 -0.441411 0.89207
35.975 60.335 47.508 0.433092 0 -3.5 0 -0.870853 0.491515 -0.00531839
51.8848 40.7436 23.1771 0.909734 0 -3.9 0 -0.252415 -0.476504 -0.842158
58.7254 47.8091 43.8823 0.183272 0 0.0733514 0 0.571417 -0.781574 0.250251
49.9888 32.1134 29.1061 0.294711 -0.725566 -3.5 0 0.0812433 0.6375 -0.766155
35.9062 47.232 41.1123 4.89871 -0.225237 -0.8 0 0.793567 -0.347601 0.499424
26.9967 47.4372 25.9207 -1.22705 -0.777419 4.2 0 -0.445459 0.0244852 -0.894967
44.0346 32.839 21.219 -0.255666 0 -3.5 0 0.79407 0.5574 -0.242402
43.4473 48.9265 58.8919 1.01075 0 -4.5 0 -0.607508 0.635905 0.475982
43.0731 40.2021 42.7274 5.13807 0 2.6859 0 0.34454 0.568604 0.746981
51.8091 43.0822 64.2761 1.0524 0.231205 -0.4 0 0.414606 0.42996 0.80202
31.4858 36.1389 61.1673 0.292392 0 -0.7 0 0.500425 -0.254283 0.827596
52.4044 37.0904 50.4734 2.43649 0 -3.9 0 -0.0233512 -0.135361 -0.990521
65.0222 37.5715 32.7695 0.639819 0 -3.5 0 0.414193 -0.647743 -0.639432
57.4776 27.8594 41.9256 -0.133823 0 -3.5 0 0.496012 -0.497135 0.711919
51.0991 59.7583 44.7894 -0.762957 -0.0890099 -3.5 0 -0.572888 0.490359 0.656771
60.7409 37.8478 34.5085 1.19805 0 -1.6 0 -0.173205 -0.712353 -0.680113
35.2982 50.6041 19.1799 0.496724 0 1.8 0 -0.667185 0.715583 -0.206893
42.8011 39.3806 48.0289 4.88167 0 2.69252 0 -0.336968 0.539399 -0.771687
47.1971 57.7761 44.1527 0.496718 0 -3.5 0 0.577918 0.454621 0.677739
40.3745 37.9168 13.6498 1.5118 0 -3.9 0 0.754502 0.549194 -0.359324
27.0536 38.7052 58.4211 -1.67817 -0.560029 -3.5 0 -0.370382 0.678315 0.634592
61.5467 52.5115 39.0148 0.586418 0 3.8 0 0.581074 0.125774 -0.804073
35.1935 59.3068 45.0775 1.07891 0 -0.4 0 -0.90243 0.128221 0.411313
44.089 52.8127 32.8252 0.579464 0 -1.8975 0 -0.363127 0.233038 0.902127
39.2846 55.6532 54.006 0.766055 0 -0.7 0 -0.639486 0.722313 -0.263289
53.4309 32.0024 50.8952 0.525137 0 -4.5 0 0.717069 -0.697001 0.00115586
36.9085 14.0625 46.7147 0.657366 0 -4.5 0 -0.705213 -0.690335 0.161594
31.8449 58.4469 48.3529 1.67048 0 -3.9 0 0.507537 -0.815128 0.279236
15.2764 37.6334 47.2382 1.14885 0 -4.5 0 -0.820496 0.556533 -0.130607
39.355 49.388 48.0718 5.91886 0 -3.5 0 -0.171223 -0.701871 -0.691418
34.0905 50.0623 20.6971 1.67152 0 0.765976 0 -0.260486 0.946627 -0.189853
34.5424 53.4882 32.3413 4.79243 0 4.2 0 0.863862 0.455828 0.21439
58.5121 43.4076 45.7366 0.0496046 0 -0.281322 0 0.47491 0.763916 0.436913
45.5879 50.5386 60.5485 0.174723 -0.216953 -0.8 0 -0.577867 -0.428241 0.694751
36.4669 26.782 25.6691 0.484652 0.154814 -4.02427 0 -0.149581 0.106259 -0.983023
59.0902 41.8811 24.6871 0.672453 0 -4.5 0 -0.591126 0.634911 -0.497452
35.1685 44.6685 43.299 5.88946 0 -3.5 0 0.933677 0.209479 -0.290457
39.3913 65.0125 48.696 0.469375 0 -1.6 0 -0.264703 0.917096 0.298106
30.9918 50.0723 53.6535 1.04718 0.792877 -3.71347 0 0.0421718 0.793371 0.607276
40.8918 20.294 51.4613 0.413388 0 -3.5 0 -0.70925 0.282495 0.64588
28.367 55.3695 26.5658 -0.475594 0 -0.8 0 -0.414221 -0.01042 -0.910117
30.9594 30.3949 29.6446 -1.923 -0.923099 3.8 0 -0.343822 0.740579 -0.577347
61.6079 28.3775 36.1202 0.94949 0 -4.5 0 0.903375 -0.413113 0.115116
52.2332 56.5078 53.4139 0.279163 0 3.8 0 0.109551 0.913741 -0.391249
14.8065 31.2428 45.2655 -1.45051 -0.185234 -3.5 0 -0.829224 -0.163581 -0.534442
57.419 38.5263 38.4523 1.07844 0 4.2 0 0.896622 -0.202586 0.393736
39.0689 33.8911 17.972 0.0271597 0 -3.9 0 0.140822 -0.72679 -0.672269
54.1841 21.0777 46.1217 0.472023 0.779326 -3.5 0 0.476389 0.0896133 0.874656
31.3551 53.139 52.219 0.664189 0 1.40274 0 0.782037 0.201432 0.589782
53.6735 36.3833 50.2779 4.58411 0 -3.9 0 -0.409719 -0.124865 -0.903625
24.4393 32.6268 22.618 0.564742 0 -2.4311 0 0.543996 -0.836676 -0.0635822
34.3446 33.9603 58.4058 2.9741 0 -3.9 0 0.234945 0.123233 0.964165
67.5452 41.4741 38.1306 0.189375 0 0.365162 0 0.979379 -0.151361 0.133816
50.5003 48.3563 45.75 3.40453 0 4.2 0 0.276436 0.827814 -0.488168
26.1292 58.8855 37.5255 0.232384 0 -3.9 0 -0.210765 0.54559 0.811116
35.4844 43.6329 57.1168 -0.121041 0 4.2 0 -0.725443 0.16922 0.667156
20.2012 31.1148 19.2491 0.985362 0 -4.5 0 -0.317873 -0.454239 -0.832241
19.0561 35.4914 22.4923 0.941035 0 -4.5 0 -0.92961 0.260442 -0.260757
44.233 28.7315 25.9705 0.130532 0 -4.5 0 -0.0813556 -0.7454 -0.661635
17.1758 36.798 35.6097 -0.185811 0 3.8 0 -0.52846 -0.719576 0.45049
26.6595 56.9098 29.0742 0.680445 0 -0.8 0 -0.684184 0.342261 0.644011
34.7881 62.4021 38.4606 0.513126 0 -3.5 0 -0.440225 0.0867901 -0.893683
49.2801 42.2806 65.5665 0.464594 0 1.8 0 0.273874 0.5851 0.763316
25.1979 36.9142 56.1516 -0.649474 -0.172688 -3.5 0 -0.765574 0.637822 0.0841417
39.7278 41.5827 16.6548 0.810364 0 -3.9 0 0.0974263 0.0974158 -0.990464
39.9735 23.7156 50.0845 -1.95912 0 1.03849 0 -0.600368 -0.792442 -0.107676
68.4597 43.3773 42.5732 0.423602 0 -3.5 0 0.950797 0.302435 -0.0672241
41.824 15.6362 53.223 -0.842671 -0.274169 -4.5 0 -0.199352 0.427189 0.881912
56.8309 45.8345 48.8093 0.337084 0 2.8 0 0.917979 -0.381214 0.109499
44.9144 55.8911 40.8568 1.38952 0 -2.4943 0 -0.201149 -0.32297 -0.924786
39.2455 30.9277 19.5497 0.334796 0 -3.5 0 0.632749 -0.159149 -0.757826
27.9159 49.6693 53.7282 1.17136 0 -0.4 0 0.508908 -0.435328 0.742631
51.9865 36.2676 46.9776 1.98481 0 -0.8 0 0.243049 0.434104 0.867457
21.0941 47.2926 51.7 -1.95367 -0.291095 -3.5 0 0.163575 0.919898 0.356414
36.1356 50.4847 43.0882 6.3463 0 2.8 0 0.772032 -0.329474 0.54352
21.6787 32.1152 26.5901 0.379327 0 -4.5 0 0.655276 -0.74126 -0.145422
53.1912 14.1508 40.4647 0.298783 0 -3.02889 0 0.584066 -0.811634 0.0108169
61.5679 38.1533 32.2451 3.5986 0 -3.5 0 -0.512379 -0.848325 0.133461
27.3099 54.5973 27.7789 -0.820955 -0.42284 -0.8 0 -0.928743 -0.362918 -0.0756827
41.0908 47.976 41.4556 5.4397 0 -0.4 0 -0.0701855 0.0681126 0.995206
58.6669 37.1512 25.5714 0.985896 0 -3.38541 0 -0.11083 -0.3777 -0.919271
14.1029 41.8201 45.9814 0.766069 0 -4.5 0 -0.772715 -0.626975 -0.099062
37.3929 63.4514 47.8645 0.563836 0 -1.6 0 -0.695491 0.63179 -0.342246
58.8872 47.9269 36.5149 0.939644 0 3.8 0 -0.75756 0.193424 -0.62345
34.8506 21.1963 48.4379 0.0598412 0 -1.3 0 -0.171613 -0.722365 0.669879
64.2011 40.1312 24.0968 1.27932 0 -4.5 0 0.348302 0.432435 0.831676
53.8993 55.4652 57.5234 0.337298 0 1.8 0 0.179562 0.955545 0.233863
40.0944 39.2056 46.3116 3.27676 -0.234221 -0.7 0 0.767247 0.607555 -0.205449
53.654 37.3713 31.6215 0.223747 -0.146514 1.9 0 0.94948 -0.305076 -0.0735989
45.9707 54.5934 60.4539 -0.146514 0 -0.8 0 0.0419454 0.968191 0.24667
46.9566 31.1202 22.2243 0.50442 0.114351 -4.5 0 -0.135296 -0.276478 -0.951449
36.7379 60.5128 48.8003 0.419686 -0.671246 -3.1229 0 -0.568917 0.455757 0.684558
56.845 43.8278 58.2683 -0.156637 0 -3.5 0 0.531465 -0.842287 -0.0899867
21.039 31.9377 28.5316 0.583705 0.773618 -4.5 0 0.00948088 -0.715138 0.698919
49.8108 40.0447 24.3278 0.658726 0 -3.9 0 -0.423162 -0.332444 -0.842861
30.3428 47.2345 54.0653 1.10868 0 -4.5 0 -0.504858 0.428662 0.749245
33.4681 57.4277 30.5146 -0.664434 0 4.2 0 0.579686 0.301722 0.75692
56.7931 52.5979 31.4522 0.247392 0 2.8 0 0.393748 -0.389203 0.832756
52.1315 52.484 40.098 3.71953 0 1.8 0 -0.342926 -0.907836 0.241319
63.5211 40.9703 43.4874 0.437516 0 1.8 0 0.19807 -0.510658 0.836658
45.0981 25.2281 51.0271 0.311503 0.678746 -4.5 0 0.946633 -0.225881 0.229921
24.9734 35.087 18.5289 0.561177 0 4.2 0 -0.486164 0.0385616 -0.873016
31.2687 47.9135 54.4022 1.5454 0 -4.5 0 -0.813042 0.148206 0.563026
29.6309 55.009 50.3976 0.973506 0.0485298 1.8 0 -0.28266 0.770916 -0.570782
30.7218 27.5889 32.3584 0.714209 0 -0.4 0 -0.76964 -0.551978 0.320896
28.6916 47.5662 24.3049 0.18227 0 3.8 0 -0.949003 -0.289359 -0.125158
21.8754 30.771 53.1894 0.297506 0 -2.04575 0 -0.114038 -0.45759 0.88182
40.9821 56.316 56.8996 0.018473 -0.587278 -0.7 0 0.265022 0.915365 0.303101
17.8166 48.6071 43.5879 -0.309678 0.00690737 -3.00507 0 -0.529758 -0.124369 0.838981
28.3681 28.9755 39.1855 -1.0012 0 -3.5 0 -0.555014 -0.829996 -0.0553693
44.4779 42.0765 17.2124 1.83164 0 -3.9 0 0.712178 -0.677597 -0.183477
18.4974 40.7895 28.8479 0.123595 -0.0209226 -0.579817 0 -0.361918 0.929554 -0.0703172
57.1138 26.6741 40.9104 0.209922 0 -3.5 0 0.640633 -0.522493 0.562663
32.4291 41.9723 24.6611 -0.608004 -0.545585 3.8 0 0.545023 -0.160128 -0.822988
56.4659 36.0785 25.1138 1.39669 0 -0.832977 0 -0.187446 0.620759 -0.761264
55.5346 51.6466 37.645 1.76719 0 3.8 0 -0.660982 -0.620023 -0.422699
15.6977 33.8438 44.7536 -0.555609 0 3.15575 0 -0.926778 0.221389 -0.303429
35.6019 42.4221 14.4375 0.595625 0 -3.5 0 0.372608 0.530295 -0.761545
39.0424 22.9381 47.5314 -1.70785 0 0.81639 0 -0.275229 -0.428049 0.860827
65.5828 55.3111 40.2338 0.168895 0 -0.7 0 0.70197 0.691696 -0.169692
68.7182 38.1012 39.5014 0.894558 0 -4.5 0 0.890735 0.417285 -0.180179
62.2195 49.9738 45.2551 0.916816 0 -1.6 0 0.0266759 0.103939 0.994226
46.8668 46.9263 60.6771 0.487101 0 -4.5 0 0.207867 0.48379 0.85014
48.109 23.0225 47.5625 0.290863 0 -4.5 0 0.768288 0.068247 0.636456
50.3901 53.9251 25.4761 0.449115 0 3.8 0 -0.646437 0.633052 0.42587
40.9989 15.9594 44.668 0.54593 0 -4.5 0 0.76574 -0.642385 0.0313736
14.7504 39.0819 42.632 0.0647445 0 -0.7 0 -0.778071 0.529313 0.338279
22.3266 55.3375 41.5415 -0.349648 0 -0.8 0 -0.552365 0.303233 -0.776494
16.9936 57.5076 44.6051 0.11736 0 4.2 0 -0.769161 0.271254 -0.57863
49.967 17.6024 33.1722 -0.143324 0 1.9 0 0.277495 -0.853473 -0.441113
43.481 40.5945 20.365 0.352802 0 -0.50201 0 0.922796 -0.269109 -0.275732
15.013 42.4182 33.7471 -0.506805 0 -3.5 0 -0.80399 0.587637 -0.0910105
29.5422 60.5869 32.9811 0.834442 0 -1.6 0 -0.425641 0.806449 -0.410452
28.208 46.9249 25.4294 -0.363724 -0.0386685 3.99574 0 -0.78673 -0.0569944 -0.61466
36.4655 29.1765 21.3162 -0.729499 0 -3.5 0 -0.116035 -0.790957 0.600769
50.2793 18.3711 47.0303 -0.0254123 0 -4.02332 0 0.454859 -0.388417 0.801396
65.8415 37.6623 36.7365 0.636336 0.475359 -4.17724 0 0.21912 -0.941729 -0.255213
48.2872 46.4313 42.6239 3.98276 0 -0.822358 0 -0.429146 0.322085 0.843857
45.0119 62.9144 41.9176 0.983975 0 -4.5 0 -0.385277 0.86967 -0.308604
28.7266 48.8004 19.7152 0.833088 0 -4.5 0 -0.16186 -0.34144 -0.925862
53.3425 57.0096 34.1312 0.784334 0 3.8 0 0.0374329 0.955825 0.291544
34.8145 28.7805 20.9692 -1.28822 -0.369231 -3.5 0 -0.381575 -0.759877 0.526296
50.529 33.7847 29.4903 1.89047 0 -2.28818 0 -0.200009 -0.25222 -0.946774
27.5007 33.9268 21.1814 -0.0230027 0 4.2 0 0.829251 -0.545181 0.122966
39.3568 60.5213 43.7347 0.336289 0 -4.25264 0 0.344312 0.917227 -0.200359
55.1575 47.9038 40.6896 2.59721 -0.0268666 1.68054 0 -0.53382 0.837045 0.119969
19.2278 28.3096 42.3129 -0.163391 -0.196705 -3.82288 0 -0.280141 -0.611517 -0.739978
57.0722 33.4687 30.0187 1.7418 0.0910375 2.8 0 0.121462 0.702791 0.700951
56.7239 51.0244 52.5241 0.817227 0 -1.6 0 0.09255 0.959109 0.267477
52.0375 32.9367 29.3078 4.21853 0 -3.9 0 0.193426 0.394339 -0.898378
34.8932 54.9515 34.04 9.61722 0 -0.795299 0 0.811641 -0.263479 -0.521362
40.2911 49.0163 47.6557 5.58051 0 -3.5 0 -0.659359 -0.580605 -0.477644
67.4932 40.3588 38.8037 0.843328 0 -4.5 0 0.966474 0.251782 -0.0503414
37.9014 23.9339 48.8765 -9.38605 0 1.8 0 -0.0221829 -0.839907 0.542276
17.6168 44.4076 31.5007 -0.864878 0 -3.68625 0 -0.452595 -0.433563 -0.779218
50.1055 40.1945 56.1894 0.705326 0 -1.6 0 0.482357 -0.418469 0.769556
43.9688 39.7241 23.7881 0.11713 0 1.3054 0 0.876767 0.135335 -0.46148
38.8901 52.3779 45.416 6.63916 0.191815 -0.518569 0 -0.359703 -0.897699 -0.254462
56.0248 17.2348 38.9958 0.772432 0 -3.59651 0 0.945178 -0.313445 -0.0916024
35.449 32.1128 31.9613 -0.0297097 0 2.8 0 -0.691132 0.178651 -0.7003
60.6872 30.1551 34.3176 1.10528 0 -4.5 0 0.746137 0.104114 -0.657601
52.3255 25.1135 47.4995 0.0855728 0 -3.5 0 -0.0676243 -0.940384 0.333324
19.9005 45.3416 52.9961 -0.423261 0 -3.5 0 -0.323189 0.291116 0.900444
40.1954 18.5059 34.2837 -0.0769022 0 -0.7 0 0.0413826 -0.795144 -0.605008
44.6934 47.3356 26.7786 1.08779 0 2.39671 0 -0.163518 0.311974 -0.935913
58.6464 29.6143 32.5135 0.619646 0.161066 1.58121 0 0.886097 0.0229137 -0.462934
38.0804 61.4365 39.606 0.605407 0 -3.5 0 0.844072 0.0101862 -0.536133
43.6128 50.5975 57.595 0.845228 0 -3.5 0 -0.527775 0.176619 0.830818
25.7595 51.6276 28.8456 0.0108482 0 4.2 0 -0.184624 0.941036 -0.283487
21.9704 51.5788 45.0909 0.607005 0 1.8 0 0.216452 0.620498 0.753745
38.9709 55.1516 38.1128 1.02342 0 -3.5 0 0.252615 0.0436487 -0.966582
33.9814 38.0433 20.808 -0.267805 0 1.8 0 -0.719102 0.215794 0.660549
40.8166 40.5811 58.4256 -0.266873 0 -0.8 0 -0.234583 -0.855069 0.462415
25.857 50.024 20.1885 0.230146 0 -4.5 0 -0.674309 0.06854 -0.735262
68.654 36.0203 41.4893 0.688991 0 -4.5 0 0.311913 0.055604 0.948482
46.0334 58.3238 54.5304 -0.322039 0.395393 -3.97952 0 0.132314 0.959735 0.247793
32.7104 39.6556 26.8361 -0.73102 -0.0742834 2.17987 0 0.229032 -0.498441 -0.836122
39.7998 38.2057 57.3198 0.0249007 0 3.8 0 -0.328974 0.234953 0.914644
50.3003 47.4894 40.3556 2.75792 0 -0.7 0 0.128258 0.684558 -0.717586
58.424 27.4562 39.9538 0.177099 0 -3.5 0 0.739278 -0.643143 0.199585
23.8022 51.156 31.1554 0.0277178 0 3.15898 0 -0.614233 0.788917 0.0180922
47.1358 53.5894 30.9903 0.745409 0 4.2 0 -0.515215 0.812836 -0.271754
48.5195 62.056 34.9335 0.74922 0 -4.5 0 0.763777 0.626423 -0.155691
27.1585 53.0687 25.881 -3.02968 0 -3.5 0 -0.531577 0.821067 -0.208026
31.1126 29.7218 28.5728 -0.658341 0 -0.4 0 -0.290885 0.911648 -0.290317
51.1608 28.4257 51.1219 -0.490276 0.36667 -3.5 0 0.256637 0.413357 0.873655
17.0795 31.848 21.625 0.374872 0 -4.5 0 -0.886425 -0.11032 -0.449533
27.7817 38.6473 27.7939 -2.36384 0 -1.15295 0 0.244263 -0.308464 -0.91934
24.1528 35.3399 19.138 0.829954 0 4.2 0 -0.663685 -0.0511799 -0.746259
28.995 57.7586 28.4706 0.487951 0 -0.8 0 0.0112525 0.976058 0.217218
46.6768 46.1592 47.0438 4.70103 -0.862249 -0.8 0 -0.444399 0.332938 -0.831662
67.743 38.7795 36.2197 -1.79695 -0.802231 -3.5 0 0.991485 0.00275193 0.13019
51.4473 17.456 34.0223 -0.170323 0 1.9 0 0.205753 -0.928941 -0.307788
26.0298 50.654 23.189 -0.448392 0 -4.36369 0 -0.870759 0.358459 0.336579
37.682 31.523 54.4043 0.0841329 0 -3.15333 0 -0.0954719 0.223583 0.969998
49.9422 49.3575 64.449 0.642449 0 -4.5 0 -0.930145 -0.147966 0.33606
40.5622 24.1583 24.1162 1.60607 0 -3.9 0 -0.236008 -0.93061 -0.279758
58.027 45.6023 30.3277 1.03239 0.0884763 -1.50088 0 0.253654 0.957772 0.135397
46.6374 42.8124 46.0443 4.90025 0.0323977 -0.7 0 -0.730872 -0.558731 -0.391976
59.7041 47.4821 51.1659 0.2285 0 -1.6 0 0.975777 -0.200416 -0.0877118
62.2127 45.7065 32.9693 0.162815 0 -0.580418 0 0.460748 0.349127 -0.815979
37.8109 22.0584 39.7917 -0.1371 0 4.5 0 -0.711085 -0.343641 -0.613408
53.0518 31.9579 49.7616 0.161934 -0.537879 -3.88483 0 0.880232 -0.433894 -0.192164
29.257 59.3149 32.3058 0.949956 0 -1.6 0 -0.514709 0.299115 -0.803496
45.8189 41.4655 42.8216 5.80485 0 -1.3 0 -0.585463 -0.330288 0.740367
48.123 34.9103 53.6 0.983098 0.287821 -4.16385 0 0.469986 0.150971 0.869667
42.7879 52.1136 27.4204 0.441617 0 -3.5 0 0.0951043 0.48895 -0.867112
47.0088 19.9265 29.0895 0.0376881 0 -3.5 0 -0.369714 -0.83254 0.41254
55.1439 27.8716 48.0845 0.203734 0 -3.5 0 0.961793 0.272229 0.0290705
55.0299 42.112 30.5349 1.3555 0 1.8019 0 0.385836 -0.900067 -0.202511
59.2332 34.2897 22.5569 1.55399 0 -4.5 0 0.26281 0.75562 -0.599975
27.4166 59.6 37.0778 0.320975 0 -3.9 0 -0.0786636 0.828245 0.554817
51.2789 42.645 58.8354 -0.0177955 0 3.8 0 0.204977 -0.97622 -0.0705658
64.5295 43.7874 33.3052 0.58482 0 2.8 0 0.180518 -0.173348 -0.968175
27.171 37.6456 59.5616 0.27769 0 -0.7 0 -0.647981 0.655895 0.387197
27.9895 33.0855 31.6835 -0.385693 0 1.8 0 -0.271781 -0.649028 -0.710561
54.1642 30.7815 23.1378 1.29719 0.00868449 -4.5 0 -0.940188 -0.0244441 -0.339777
65.2586 54.8442 38.9596 0.275106 0 -0.7 0 0.385578 0.440436 -0.810769
23.8969 54.456 36.1092 -0.813883 0 -1.6 0 -0.666237 0.5252 0.529427
35.9933 32.2919 21.3481 -0.226791 0 -3.5 0 -0.953716 0.263321 0.145217
56.6173 18.2635 33.1807 1.72371 0 -3.9 0 0.840343 -0.361459 -0.403944
34.2347 26.0685 43.9681 -0.244102 0 -0.121157 0 0.195 -0.338103 -0.920685
58.3666 28.3844 32.6263 0.418374 0 2.8 0 0.783019 -0.331443 -0.526334
22.3314 25.005 48.0461 1.46223 0 -3.9 0 -0.939505 -0.306598 0.152736
37.1111 24.2004 38.9164 -0.570985 -0.636449 -0.8 0 -0.329789 -0.721317 -0.609049
31.679 59.237 31.419 0.34325 0 -1.6 0 -0.0664359 0.378493 -0.923217
43.3126 35.3904 20.6629 0.146306 0 3.8 0 0.595798 -0.344543 -0.725476
38.0624 41.0317 16.3795 1.07323 0 -3.9 0 0.387804 0.400922 -0.829982
34.4637 23.1789 26.6466 0.617445 0 -4.5 0 -0.410031 -0.497165 -0.764658
49.5033 49.9198 47.3429 3.38773 0 4.2 0 0.499099 0.576148 -0.647266
35.5225 31.7285 22.745 -0.20969 -0.199564 -2.12767 0 -0.946478 -0.26856 0.179039
32.4922 56.4468 44.657 0.728372 -0.0164122 -3.28232 0 0.180309 0.398199 0.899403
50.9908 31.9381 29.0962 1.16445 0 -3.9 0 -0.0149916 0.567369 -0.823327
42.8807 20.4903 34.4507 0.364022 0.273328 -0.7 0 0.450928 -0.39319 -0.80129
45.5245 52.6445 62.4277 -0.0684452 0 -0.8 0 -0.814022 -0.0841248 0.57471
34.5255 29.3725 30.9315 -2.42956 -0.351694 4.2 0 0.0582402 0.731991 -0.67882
33.4565 23.0972 43.1193 -0.139471 -0.0949191 -0.490979 0 0.325416 0.38719 -0.862664
45.9094 20.9271 27.6026 -0.446328 0 -3.5 0 -0.909331 -0.414535 -0.035745
48.4126 53.2895 61.8558 0.11788 0 -0.8 0 0.859832 0.369966 0.351872
33.4206 21.7441 50.8176 0.306004 0 1.8 0 0.349081 -0.930581 -0.110277
17.0694 51.7791 39.9419 -0.55427 0 -3.5 0 -0.690888 0.643864 -0.328805
58.6729 31.8027 34.194 1.05879 0 -4.5 0 0.248091 0.576841 -0.778271
58.9854 39.2085 51.6891 0.449681 0 -3.5 0 0.848172 -0.278237 0.450763
36.7485 36.7191 15.0891 1.28341 0.408164 -3.9 0 -0.862156 -0.503797 -0.0536296
51.1524 48.0456 36.0485 1.99632 0 2.27256 0 0.761965 -0.581155 0.285778
51.0265 15.3225 44.7173 -0.489321 -0.166996 -3.5 0 -0.00161709 -0.560862 0.827908
34.0172 24.9486 35.7402 0.115668 0 4.2 0 -0.692549 -0.69447 0.195162
57.4847 47.562 25.6605 0.850261 0 3.8 0 0.94066 -0.193193 -0.278989
48.3349 41.347 45.8512 5.05544 0 -0.7 0 -0.482031 -0.779035 -0.400937
29.1847 54.5574 45.75 0.760428 0 -3.38488 0 0.971286 -0.0487445 -0.232867
35.4374 27.6082 55.3444 -0.151192 0 -3.5 0 0.477101 -0.598336 0.643715
32.3245 26.381 33.5327 0.750682 0.0375843 3.60381 0 -0.698493 -0.6986 0.155129
45.2653 57.0858 40.2018 -0.118257 0 -3.5 0 -0.364085 -0.434976 -0.823552
52.8975 55.593 30.7271 1.05077 0 0.58476 0 0.515632 0.437225 -0.736857
23.1875 24.3277 50.4588 2.74117 0.0815477 -3.9 0 -0.633454 -0.174208 0.753914
46.0953 21.6353 32.0307 -0.213708 -0.180595 0.910907 0 -0.718149 -0.678176 0.156013
42.8731 24.8489 25.8974 -0.978612 0 -3.61423 0 0.616932 0.530761 -0.58111
49.9966 31.3488 54.072 -0.359854 -0.249558 -4.12685 0 0.687378 -0.710228 0.151944
55.4381 22.6417 35.6674 0.397069 0 -1.0962 0 0.955829 -0.0587201 -0.287997
61.7375 37.972 39.5027 0.50823 0 -3.5 0 -0.316543 -0.178177 0.931694
19.8102 41.8208 28.971 -0.379039 0 3.8 0 -0.8264 0.543163 -0.148448
42.3657 41.9771 48.9017 4.51754 0 3.8 0 -0.0272644 -0.0946649 -0.995136
31.7453 57.3722 43.9217 0.797233 0 -3.71377 0 0.605038 0.737819 0.299252
27.1546 40.8431 53.2456 0.00379076 0 -3.5 0 -0.203236 0.0503561 0.977834
57.7612 42.0006 51.5799 0.462636 0 -3.5 0 0.963391 0.138328 0.229657
46.9567 39.6565 46.6517 5.60388 0.706762 -0.4 0 -0.0572441 0.300535 -0.952051
38.6382 53.2407 37.464 1.61788 -0.0474024 -3.5 0 0.350428 0.584813 -0.73157
50.4766 37.0108 49.2178 2.16728 -0.664764 -0.927482 0 0.840091 0.33562 -0.426154
33.96 60.379 48.297 1.93933 0.261573 -3.9 0 0.695136 0.374124 -0.613855
42.6501 15.6192 39.4146 -0.146528 0 -3.5 0 -0.38435 -0.835165 0.393414
46.3149 34.9336 25.9254 0.543961 0 3.8 0 0.965428 0.243724 0.0924463
25.3126 59.3903 41.8316 -0.725667 -0.838938 -0.7 0 -0.0942977 -0.100349 -0.990474
37.0676 50.8531 42.5653 7.33407 0 2.8 0 0.254159 -0.463287 0.848981
27.4008 48.561 25.6761 -0.384673 -0.0109364 -3.29656 0 -0.683892 -0.331194 -0.650078
56.2523 30.6838 22.2312 1.02483 0.106628 -4.0458 0 0.104186 0.316745 -0.942771
44.1264 41.4445 48.4539 5.2033 0 3.8 0 -0.282044 0.0435937 -0.958411
32.2801 33.0766 58.9585 0.486792 0 -0.8 0 0.810768 0.138096 0.568845
50.3438 46.6522 34.0962 1.59185 0 2.8 0 0.947753 -0.110978 0.29908
57.2766 25.8941 35.3526 -0.113971 0 -4.5 0 0.284562 -0.911653 -0.296503
31.046 35.5607 27.5702 -0.951229 0 -3.5 0 -0.538443 -0.536398 -0.649889
61.7209 30.0115 37.555 0.615442 0 -4.5 0 0.962274 -0.19091 0.193863
34.7329 24.4483 43.7768 -0.225316 0 -1.3 0 -0.172327 0.315441 -0.933167
26.301 32.4596 60.5081 0.101865 0 -3.5 0 0.000725489 -0.690034 0.723777
34.4502 31.7819 32.5801 -0.250515 0 3.68941 0 -0.196087 0.467424 -0.862012
27.409 32.4919 32.6001 -0.299739 0 1.8 0 -0.370294 -0.723539 -0.582558
32.5939 53.9708 50.6094 0.758677 -0.0644122 -2.61706 0 0.251607 0.652641 0.71467
48.9148 55.9532 28.9128 1.23546 0 -4.5 0 -0.684113 -0.055739 -0.727243
55.0302 58.6871 45.1183 0.144639 0 -3.5 0 0.761859 0.437374 0.477781
43.0064 40.9134 59.2491 -0.0438325 -0.412427 -1.26179 0 -0.251518 -0.656779 0.710901
15.0345 44.0418 50.4655 0.432879 0 -4.5 0 -0.0968059 0.67254 0.733702
16.0587 38.0269 51.7004 0.405125 0 1.8 0 -0.82526 -0.285604 0.487212
30.8361 50.4171 52.3335 1.08602 -0.0410219 -0.7 0 0.824217 0.352988 0.442794
26.347 48.1113 23.2155 0.581983 0.216006 -4.5 0 -0.296084 -0.530217 0.794483
35.2125 36.3927 22.6358 -0.722767 0 1.8 0 -0.952614 0.0210891 0.303449
30.8731 59.7404 45.088 0.795968 0 -3.9 0 0.373872 0.560663 -0.738835
63.8974 38.0511 31.3261 3.59768 0 -3.5 0 0.741355 -0.454885 -0.49343
28.2336 21.8447 40.8143 0.16125 0 -4.5 0 -0.0905685 -0.324689 -0.941475
43.4565 59.2961 39.5929 1.12172 0.39988 -4.5 0 -0.374189 -0.438107 -0.81734
55.5837 40.4272 32.9526 1.99098 0 -1.6 0 0.148591 -0.595911 -0.789183
54.6309 49.1051 30.9108 1.5496 0 2.8 0 0.245087 -0.64773 0.721373
60.004 48.008 45.21 -0.0514314 -0 -3.5 0 0.539141 -0.783282 0.30951
44.6937 15.7974 41.5204 0.0659793 0 2.8 0 -0.284689 -0.952306 0.109839
39.9113 18.8748 51.9345 -0.983056 -0.156409 -3.5 0 -0.695093 0.354277 0.625567
31.7579 25.1952 29.4182 0.722565 0 -4.5 0 -0.621868 -0.709376 0.331762
49.9253 40.1661 44.5326 5.07797 0.275107 1.8 0 -0.416851 -0.439839 0.795473
68.0495 39.9845 34.7045 -0.66103 0 -3.5 0 0.916934 0.392112 -0.0740256
30.9085 48.2171 19.4638 0.702131 0 -4.5 0 -0.271816 -0.17593 -0.946131
47.797 51.6071 25.5171 -0.481144 0 -0.8 0 -0.563905 0.462208 -0.684379
51.4655 16.0832 38.0006 -0.143043 -0.0803624 -1.39854 0 0.283688 -0.819745 -0.497533
30.9721 27.6542 36.0939 0.0422156 0 -1.6 0 -0.787663 -0.449391 -0.421468
38.0754 62.1797 50.045 1.06493 0 -1.6 0 -0.566924 -0.0857299 0.819297
56.9065 43.263 62.555 -0.00889928 0 -3.5 0 0.615102 -0.730632 0.296355
63.1996 49.4422 45.6047 0.534377 0 -1.6 0 -0.0539468 0.344596 0.9372
55.1065 45.2387 32.4174 1.5049 0 -1.6 0 -0.0137212 0.995613 -0.0925589
15.9826 35.1611 41.949 -0.345483 0 2.82371 0 -0.717272 -0.605642 -0.344555
54.039 39.683 53.9245 0.176144 0 -3.9 0 0.475367 0.362803 0.801498
53.0751 26.1908 27.0425 -0.0276089 0 -3.5 0 0.580884 -0.677545 -0.451118
53.3983 33.144 49.6164 1.14951 0 -4.5 0 0.888838 -0.0530421 -0.455142
25.184 31.9737 34.0452 -1.28541 -0.0870432 -3.68023 0 -0.209906 -0.392925 -0.895293
37.1971 42.5911 23.977 0.354986 0 -4.32781 0 -0.896888 0.442255 0.00167343
42.7586 28.8563 25.5037 -0.0668481 0 -1.76676 0 0.647223 -0.706482 -0.286332
45.7951 26.1772 50.3376 -0.131411 0 -3.5 0 0.471997 -0.655066 0.590006
24.1523 51.7551 29.1579 0.100074 0 4.2 0 -0.414745 0.886092 -0.206948
60.7295 38.3445 31.7081 2.96612 0 -0.4 0 -0.543589 -0.832548 0.106651
68.924 38.519 34.63 -1.10473 -0.731333 -3.5 0 0.982825 -0.0584255 0.175045
18.8194 37.6264 22.718 0.586648 0 -4.5 0 -0.977336 -0.166447 0.130802
55.56 35.3205 51.8405 3.6846 0 -3.9 0 0.370156 -0.786821 0.49386
15.2717 37.5499 36.1313 -0.049831 0 -3.5 0 -0.196838 -0.925085 0.324765
21.8414 25.7147 47.2706 0.70787 0 -3.9 0 -0.875129 -0.371974 0.309492
57.6814 22.5026 37.0438 0.180699 0 1.8 0 0.459977 -0.296814 -0.836853
41.6774 42.7351 41.6444 4.99595 -0.0648223 1.8 0 0.100444 0.142678 0.984659
14.0285 35.2506 48.7109 1.10364 0 -4.5 0 -0.986297 -0.158824 -0.0446444
16.6721 40.3223 54.5154 0.298829 0 1.8 0 -0.167073 0.135461 0.976595
20.62 49.3429 31.9486 0.833341 0.100284 -3.88606 0 0.0464828 0.703375 -0.709298
16.7432 31.3603 42.5023 -0.315396 -0.0362759 2.62367 0 -0.864335 -0.100224 -0.492828
45.5456 31.0155 22.9066 -0.0385765 0 -4.5 0 0.0681317 -0.802233 -0.593111
25.4578 22.6558 50.7296 0.416599 0.000243386 -3.5 0 -0.554067 -0.131396 0.822037
58.6277 41.3203 49.0498 0.351607 0 -0.9 0 0.815389 0.4351 0.381875
41.6237 49.563 26.8931 0.198151 -0.564433 -1.36319 0 0.0453084 -0.21381 -0.975824
25.5184 20.0998 49.1735 0.496111 0 -3.5 0 -0.825046 -0.423972 0.37356
27.8209 56.5693 26.6073 -0.0418989 -0.191754 -0.8 0 -0.296479 0.235351 -0.925586
53.8913 52.6157 50.7785 0.566179 -0.129415 -4.5 0 0.721797 0.681611 0.120069
26.9296 49.4285 25.9885 -0.587737 0 2.21589 0 -0.82356 -0.387512 -0.414227
54.1719 47.3386 29.9488 1.16906 0 3.68257 0 0.266979 0.023167 0.963424
56 51.2562 48.6436 0.686966 0 -4.5 0 0.868947 0.295026 0.397354
31.8062 31.4543 30.5715 -2.84025 -0.00282172 3.8 0 0.207702 0.607033 -0.767053
17.3441 29.9336 23.7531 0.609417 0 -4.5 0 -0.6266 -0.629557 0.459381
54.7059 45.3234 31.2681 1.41361 0 2.43935 0 0.159076 0.925165 0.344624
33.8078 30.8158 57.8464 -0.874714 0.256047 -3.73364 0 0.499098 -0.216528 0.839057
39.2439 43.0571 59.6728 0.31452 0 -0.8 0 -0.768427 -0.0212164 0.639586
51.8802 27.2188 51.6082 -0.317465 -0.0800696 -3.5 0 0.164482 -0.0359494 0.985725
51.9669 56.1328 29.3141 1.35872 0 -4.5 0 0.833748 0.211889 -0.50987
25.7418 56.521 39.5547 -0.184675 0 -3.5 0 -0.880516 0.467245 -0.0798397
44.9276 37.8187 23.5226 0.211294 0 3.8 0 0.87814 0.331167 -0.345251
42.0014 27.2676 58.7311 0.294594 0 -3.5 0 0.0658714 -0.419915 0.90517
47.2084 62.4844 51.5411 0.794128 0 -1.6 0 0.133453 0.540184 0.830898
58.1545 45.8573 59.5734 0.0630305 0 -3.5 0 0.999419 0.0226214 -0.0254756
45.0742 61.4772 38.3667 1.29038 0 -4.5 0 -0.515332 0.526846 -0.675918
49.3695 47.6795 44.4745 3.78991 0 -0.7 0 -0.758073 0.651986 0.0154943
33.6027 41.2118 56.1678 0.410931 0 -3.5 0 -0.657493 0.745477 -0.109393
43.3066 44.0181 47.4567 5.00008 0 -0.723946 0 -0.134707 -0.269 -0.953673
46.937 26.1035 49.8647 -0.138194 0 -3.5 0 -0.171685 -0.696341 0.696875
49.5616 41.1475 45.7579 4.4571 0 -0.596959 0 0.260243 -0.946611 0.190266
65.3148 49.0502 39.4204 -1.35306 0 3.8 0 0.982365 0.143333 0.120062
31.661 53.7313 46.418 0.458129 -0.966176 -0.7 0 0.0680602 0.934122 -0.350404
37.1631 51.1053 33.2875 1.08848 0 -3.9 0 0.176573 0.95194 -0.250265
55.7197 26.5357 24.5112 0.00980938 -0.0107184 -3.5 0 -0.276848 -0.955961 0.097439
38.3876 34.5963 54.9631 0.121743 -0.465995 -0.134324 0 -0.386543 -0.426411 0.817776
56.2002 34.8424 44.6979 1.86528 0.309562 -3.9 0 0.356496 0.175515 0.917663
48.5942 54.1475 57.6514 0.251031 0 -3.5 0 0.0974946 0.651151 0.75266
22.7045 33.185 26.2175 0.442591 0 -4.5 0 0.433886 -0.899318 -0.0545011
37.9813 23.3256 28.4051 0.213801 0 -4.5 0 0.410304 -0.64852 -0.641149
34.3727 40.4234 14.2249 0.519205 0 -3.5 0 -0.0567843 -0.413859 -0.908568
58.8336 37.2574 34.904 1.62832 0 -1.6 0 0.249356 -0.627186 -0.737875
16.7337 49.4341 32.2547 -0.0525102 0 -4.5 0 -0.632181 0.748731 -0.199371
48.92 28.4916 52.0499 -1.58096 -0.481284 -3.5 0 -0.0979138 -0.0793624 0.992025
36.9415 14.5235 48.2025 0.205892 0 -4.5 0 -0.863229 -0.402145 0.305148
30.2409 41.0476 53.8944 0.245593 0 2.90154 0 -0.325058 0.633546 0.702109
34.0888 36.3013 20.6464 -0.204855 0 1.8 0 -0.741803 -0.565183 0.360966
41.2712 21.7724 51.8489 0.301116 0.0612234 -4.35011 0 -0.513574 -0.400534 0.758824
55.9017 57.1771 35.9942 0.55501 0 3.8 0 -0.0611057 0.955639 -0.288133
32.2611 40.3045 55.7175 0.375976 0 0.405145 0 -0.215086 0.961414 0.171524
28.7648 45.5126 24.0424 0.368542 0 3.8 0 -0.855276 0.176368 -0.487234
49.4123 25.6244 47.2452 0.11941 0 -1.48428 0 0.464072 -0.880259 0.0988997
29.964 54.7 46.771 0.765784 0 -0.7 0 0.687636 0.382462 -0.617154
58.6265 21.8218 39.6711 0.0501581 0 1.8 0 0.808072 -0.489327 0.327993
31.3959 24.4309 53.1014 0.669608 0 1.8 0 -0.202179 -0.280677 0.938267
26.341 52.5957 25.1192 -2.0489 -0.935127 -3.5 0 -0.690189 0.713078 -0.123123
46.0765 41.0667 24.6182 0.182207 0 -3.5 0 0.151801 -0.34677 -0.925584
47.9386 47.0527 46.6699 4.57934 0 4.2 0 -0.48605 -0.0438826 -0.872829
12.5723 38.2291 34.7663 0.315887 0 -3.5 0 -0.732124 -0.630532 -0.257729
38.5074 32.6258 54.3519 0.09451 -0.200209 -0.7 0 -0.217261 -0.013976 0.976013
36.7898 30.2529 27.7111 0.746724 0 -3.59197 0 -0.944102 0.313333 0.102441
46.3596 40.4751 47.4323 5.73079 0.881551 -0.4 0 -0.493749 0.166189 -0.853577
28.6127 59.3724 43.6842 0.765978 0.0165324 -3.45093 0 0.287291 0.578642 -0.763307
52.528 39.3271 23.9396 0.70498 0 -3.9 0 0.250309 -0.775498 -0.579611
17.7156 34.5789 25.1605 0.764488 0 -4.5 0 -0.902252 0.348535 -0.253897
39.9654 24.4086 22.1653 2.59858 0.153086 -3.9 0 -0.257059 -0.804224 -0.535858
16.7149 49.0717 35.0546 -0.533447 -0.460868 -3.5 0 -0.988342 -0.152251 -0.000290193
63.454 44.5703 33.0513 0.446097 0 -1.3 0 0.360051 0.166778 -0.917904
61.579 38.3785 27.0741 -0.113918 -0.01088 -4.5 0 0.966501 -0.214392 0.14111
40.337 55.0545 27.2 0.515958 0 -4.5 0 0.81882 0.184241 -0.543681
48.1444 58.1862 53.9467 -0.340972 0 -0.628578 0 0.360248 0.894508 0.26472
32.5104 58.1007 32.2392 -3.8062 0 -1.6 0 0.964516 0.0726915 -0.253822
57.681 53.3315 46.6536 0.315232 0 -4.39854 0 0.377459 -0.0530685 0.924504
37.0249 31.2479 28.1881 -0.742281 0 -1.6 0 -0.994014 -0.108427 -0.0134389
57.3838 36.4632 43.9325 3.19775 0.253931 -3.9 0 0.484847 0.274517 0.8304
27.0523 24.7838 42.9604 0.275634 0 -0.505948 0 -0.895759 -0.0830993 -0.436704
21.8862 44.4119 52.8905 -1.15209 -0.0852115 -1.33666 0 -0.304842 0.0188284 0.952217
37.0358 36.1499 16.0038 0.664053 0 -3.9 0 -0.877654 -0.462162 -0.127003
43.3102 33.7332 56.1909 0.240758 0 -0.385704 0 0.363221 -0.0718313 0.92893
26.6791 18.5191 47.2043 0.295215 0 -3.7249 0 0.147668 -0.93488 0.322789
52.1787 40.4124 49.5918 2.90083 0 -3.89661 0 0.158979 -0.361246 -0.918818
47.4808 33.22 29.1733 0.644203 0 -2.89218 0 0.657014 0.449911 -0.604907
46.9933 36.0455 54.2104 0.761388 0.341274 -3.5 0 0.468419 -0.149636 0.870742
20.9574 31.8388 55.1616 -0.447972 -0.121156 -3.5 0 -0.0528658 -0.876826 0.477894
28.1458 39.9205 24.0177 -0.61947 -0.435768 -1.6 0 -0.18526 -0.946705 -0.263491
16.1012 37.3466 29.0627 -0.0192063 0 -0.4 0 -0.930623 -0.341471 0.131672
55.825 50.1717 31.0653 0.950744 0 2.8 0 0.374698 -0.526909 0.762868
57.6712 28.6558 25.1232 0.556539 0 -3.5 0 0.889255 -0.415707 0.190824
37.0679 24.6366 49.4905 -5.4294 0 -2.8089 0 0.176966 -0.866903 0.466007
40.3791 39.9511 57.5192 0.206055 0 3.8 0 -0.306639 -0.339041 0.889395
17.7627 37.1186 52.4427 0.665871 0 -3.10106 0 -0.728939 -0.191277 0.657313
42.6964 53.1488 41.2529 2.23003 0 -1.3 0 0.515685 -0.303862 -0.801085
39.6712 52.9835 30.4699 2.99517 0 -4.17235 0 -0.208743 0.113887 0.971317
17.1941 47.1494 43.2075 0.257613 0 1.8 0 -0.781209 0.126028 0.611416
59.7287 43.3195 44.5688 -0.074511 0 -0.9 0 0.299225 0.858675 0.416102
46.4499 63.3778 47.9346 0.0953726 0 -3.84858 0 0.575572 0.775268 -0.260146
36.9453 17.3316 45.9039 1.07418 0.244539 -4.5 0 -0.909559 0.164334 0.381702
22.9468 27.6765 42.7435 -0.110267 0 -3.9 0 0.43331 -0.567086 -0.700468
53.7076 35.0876 53.6203 0.528728 0 -3.9 0 0.49752 -0.46393 0.732969
35.001 58.6482 36.9596 0.75795 0 -1.35841 0 0.680753 0.575659 -0.452981
39.1579 34.6861 15.5621 0.421179 0 -3.9 0 0.17291 -0.959951 -0.220444
35.2646 47.4324 42.6621 5.89149 0 0.471126 0 0.967411 -0.192315 0.164717
36.6099 25.1352 40.5556 -0.893113 -0.942443 -0.8 0 -0.871362 -0.305013 0.384311
18.025 34.0501 23.4785 0.639947 0 -4.5 0 -0.87376 0.470251 0.124126
52.2139 55.4538 47.9665 1.16181 0 -1.6 0 0.258297 0.439691 0.860206
48.5536 52.6211 25.6817 0.0291259 -0.991651 -0.8 0 -0.584136 0.756503 -0.294087
24.8336 60.6288 46.0541 0.177612 0 -0.7 0 -0.390724 0.269921 0.880044
36.8418 41.1146 57.9466 -0.569395 -0.149995 -3.5 0 0.157338 -0.134139 0.978392
16.1377 36.9975 32.9231 -0.322932 0 -3.5 0 -0.931345 -0.325236 -0.163763
22.1826 28.3381 52.3123 0.151756 0 -0.8 0 0.0961298 -0.871195 0.481434
48.1816 48.6276 40.5881 3.68216 0.0575169 -1.3 0 0.685943 0.717262 0.122543
60.5173 40.0949 43.264 0.428683 0 0.482275 0 -0.00746107 -0.978843 0.204476
26.7362 41.0892 23.9357 1.78618 -0.285561 -1.6 0 -0.373339 -0.712523 -0.594079
44.3055 45.7351 17.3148 2.47941 0.17673 -3.9 0 0.305913 0.914985 -0.263096
33.7004 38.5007 15.4028 -1.07536 -0.34806 -3.5 0 0.00810385 -0.780634 -0.624936
62.5936 53.5433 39.4893 0.630522 0 1.71141 0 0.0189793 -0.0685728 -0.997466
62.4971 37.1955 33.9709 1.29564 0 -3.5 0 -0.483305 -0.761302 -0.432244
34.6715 62.6209 40.6936 0.88417 0.0664129 -3.5 0 -0.749622 0.472334 0.463646
58.783 35.568 43.783 3.16303 0.0349752 -3.9 0 0.700135 0.450487 0.55396
32.5418 33.6893 32.6592 -0.214224 0 -1.3 0 0.395614 -0.547534 -0.737358
62.3231 39.2084 40.3912 -0.334108 0 -3.5 0 -0.218306 -0.818695 0.531112
36.1325 48.3851 47.2404 5.22003 -0.808607 -0.8 0 0.781983 -0.141269 -0.607079
65.9912 43.3166 44.5692 0.046463 0 -3.5 0 0.10223 0.102928 0.989421
67.8408 44.6194 42.3049 0.962019 0 -3.5 0 0.931154 0.269073 -0.246073
45.0749 21.5448 34.3527 0.553609 0 2.58865 0 -0.456583 -0.471847 -0.75425
16.3748 38.3626 30.6531 0.0918503 -0.0286889 -0.943215 0 -0.989129 -0.11283 0.0943071
31.6855 38.944 59.3452 0.149787 -0.259079 -1.7775 0 0.515902 0.792689 0.324792
61.9003 48.6651 45.3859 0.677654 0 -1.6 0 -0.252999 -0.0544842 0.965931
20.4181 33.9482 55.508 -0.661126 0 -3.60689 0 -0.595803 0.105247 0.796204
48.5315 55.131 32.986 -0.379532 0 -4.5 0 -0.857867 0.44764 -0.252353
53.8801 52.3916 52.7915 -0.612598 -0.0661356 -4.5 0 0.849669 0.476555 0.225738
40.5918 22.4666 50.9669 0.696645 0 -3.5 0 -0.898661 -0.437701 -0.0287471
26.5012 19.9904 50.1631 0.378418 0 -3.5 0 -0.493246 -0.658139 0.568825
43.7257 40.0665 22.2441 0.166928 0 3.8 0 0.9878 0.118606 -0.10092
41.2574 40.9383 48.5634 4.11256 0 0.156601 0 0.390847 0.0458801 -0.919311
49.7914 51.226 62.4777 0.802516 0.663849 -4.5 0 0.388461 0.897014 0.210865
63.2755 38.698 24.4123 1.3036 0.527771 -4.5 0 0.226781 -0.794461 0.563385
53.59 31.6911 47.3834 0.732924 -0.310486 -1.19507 0 0.689042 0.122423 0.714306
38.6409 62.3709 41.2607 0.440479 0 -3.5 0 0.902039 0.365926 0.228962
36.8078 51.6049 18.7989 0.415554 0 1.8 0 0.0218075 0.828582 -0.559443
32.4249 42.527 22.5511 -0.240829 0 0.73144 0 0.591086 -0.629015 0.504933
50.0103 46.8184 61.7957 0.659546 0 0.156679 0 -0.577907 -0.365678 0.729591
56.04 40.9164 46.2427 2.10968 0 -0.9 0 -0.98259 0.0920786 0.161365
31.462 40.286 25.526 -0.278989 0 3.8 0 0.141404 -0.822978 -0.550193
44.5441 59.2503 54.3004 0.575542 0.0406633 -4.5 0 0.186644 0.724183 0.66387
28.7844 57.6003 27.1822 0.408817 0 -0.8 0 0.0573714 0.925316 -0.374831
36.9136 54.9305 30.0321 6.44721 0.0475584 -1.72835 0 -0.0840707 0.240931 0.966894
35.258 42.8634 22.3673 -0.218523 0 -3.5 0 -0.192221 -0.0307667 0.980869
31.765 54.1809 43.9575 1.0282 0.554389 -2.33105 0 -0.49324 0.333713 0.803336
17.9641 52.2607 35.7936 -1.52628 -0.185658 -3.5 0 -0.478581 0.75189 -0.453456
51.2976 41.8826 45.6702 3.7144 0 0.846127 0 0.202483 -0.634378 0.746033
45.0681 36.8911 23.1443 0.277554 0 3.8 0 0.96714 0.0836555 -0.240089
16.9161 51.7251 38.9493 -0.409071 0 -3.5 0 -0.861458 0.45675 0.221967
53.4779 22.2868 46.1587 0.186946 0 2.57511 0 0.317925 0.258272 0.91226
14.8241 33.4644 47.5716 -0.297408 -0.820713 -3.5 0 -0.963633 -0.048475 0.262796
57.3968 46.8994 49.0005 0.661946 0 1.05052 0 0.918317 -0.336741 -0.208083
58.0112 56.3141 44.6799 0.0499396 0 0.262142 0 0.144248 0.680534 0.718378
33.8945 57.4969 43.3671 0.72449 0 -1.54458 0 -0.623053 0.496762 0.604179
57.1335 51.512 40.4775 2.57601 0 3.8 0 -0.821639 -0.492479 0.287009
39.3911 20.5559 47.6814 1.5785 -0.0590131 -0.4 0 -0.459467 0.256784 0.850266
33.6343 56.4092 32.7165 29.4355 0 -0.4 0 0.711817 0.605877 -0.355287
34.2774 49.9027 54.3351 0.63245 0 -4.5 0 0.276885 0.801496 0.530036
59.1921 49.0277 53.7 -0.725638 0 -3.37014 0 0.912283 0.12043 -0.391455
55.8129 57.7318 44.9094 0.108769 -0.0223416 3.18915 0 0.512966 0.508667 0.691465
41.7146 44.4464 18.9521 1.34462 0 -3.9 0 -0.241338 0.934628 -0.261203
24.018 32.4087 21.4193 0.666292 0 1.00972 0 0.505812 -0.859845 -0.0694353
57.0597 45.0132 31.8796 1.44689 0 -1.6 0 -0.194553 0.979623 -0.0498701
19.1497 29.3636 48.5772 -0.159426 0 -2.42451 0 -0.471122 -0.800986 0.369413
60.4808 48.5965 56.1808 -1.33666 -0.118007 -3.5 0 0.972385 0.086573 0.216733
60.9804 33.4014 23.7493 0.952051 0 -4.5 0 0.731519 0.503499 -0.45975
36.0729 48.5744 54.9449 0.79666 0 4.2 0 0.0714727 0.907904 0.41304
47.7868 55.503 38.3677 2.47303 0 -4.5 0 -0.727038 -0.650419 0.219933
45.8716 63.2707 51.2409 0.392782 0 -1.6 0 -0.305812 0.521616 0.79649
37.9134 48.7754 48.2721 5.74731 0 -2.53022 0 0.3286 -0.451866 -0.82936
38.7712 61.3919 44.7644 0.112302 0 -3.5 0 0.0459093 0.877147 -0.478023
33.8646 62.0308 40.6381 1.42967 0.844813 -3.5 0 -0.591176 0.628299 0.505719
40.905 55.5525 29.9066 -0.91027 0 -3.5 0 -0.332505 0.783587 0.524816
59.5402 47.525 42.9515 0.42573 0 1.9 0 0.168244 -0.388481 0.905967
62.0546 50.3876 37.9101 -0.14659 0 3.8 0 0.262786 0.766541 -0.585968
49.4054 57.8437 52.9463 0.0972559 0 2.8 0 0.685441 0.611523 0.395236
43.2978 42.1328 41.9162 5.12096 0 1.8 0 0.0443789 0.178996 0.982848
43.1391 35.2294 56.7386 0.376611 0 3.8 0 0.50195 -0.295702 0.812777
27.7983 40.0342 26.4525 -1.71643 -0.93397 -0.4 0 0.149739 -0.879638 -0.45146
55.4464 56.3184 45.9637 0.334949 0 -3.65695 0 0.440605 0.515828 0.734703
57.1832 45.6343 35.1341 1.8487 0 -1.6 0 -0.182284 0.970574 -0.15735
21.501 35.4115 56.9577 -1.69019 -0.544451 -3.5 0 -0.698998 0.382677 0.604119
36.6716 25.4026 53.1689 0.165998 0 -4.5 0 -0.265432 -0.306575 0.914088
42.8372 18.0802 52.2448 0.113141 -0.500939 -3.97724 0 -0.108362 0.434992 0.89389
38.1626 22.5166 31.6737 0.246495 0 -4.5 0 0.24692 -0.96776 0.0497145
24.9862 18.1453 46.7779 0.0887149 0 -4.5 0 -0.417314 -0.235869 0.877619
16.7859 28.5774 46.8671 -0.0289709 0 -3.5 0 -0.189549 -0.831788 0.521728
43.4231 59.8144 53.6375 0.6919 0.00821607 -4.5 0 -0.303962 0.77746 0.550603
57.8811 53.9157 31.5334 0.425832 0 2.8 0 0.723326 0.13826 0.676523
22.8892 28.4545 51.2373 0.313071 0 -0.8 0 0.23267 -0.871618 0.431447
53.7181 34.822 50.3034 2.12082 0.392593 -4.05228 0 0.316344 0.0279732 -0.948232
56.8145 39.1043 33.5205 1.31222 0 -1.6 0 -0.0161562 -0.214977 -0.976486
43.2931 53.1874 58.346 0.20257 -0.0412331 -1.39451 0 -0.729513 -0.292324 0.618351
61.7325 31.321 38.611 0.607324 0.0268392 -4.5 0 0.905957 -0.0974643 0.411998
35.253 31.125 21.909 -0.426116 -0.530659 -3.5 0 -0.760547 0.236531 0.604667
19.2386 40.2501 24.9061 0.359163 0 3.8 0 -0.253931 0.78853 -0.560125
47.8725 52.3509 36.0476 -1.40411 0 4.2 0 -0.344388 -0.16507 0.924202
55.8175 15.9331 44.4761 -0.731878 -0.0166597 -3.5 0 0.202766 -0.540469 0.816565
60.5737 42.0908 22.9008 0.992604 0 -4.5 0 -0.262931 0.940123 -0.216877
48.0132 26.0187 50.5986 -0.700784 0 -3.5 0 -0.530575 -0.549264 0.645599
67.8721 41.8298 36.7822 0.390278 0 2.8 0 0.903744 -0.400084 0.152247
54.7319 18.4899 31.3451 2.30865 0.269947 -3.9 0 -0.00586294 0.117227 -0.993088
51.3689 27.2761 25.9192 -0.275494 -0.816539 -3.5 0 0.0309488 0.143983 -0.989096
56.5811 22.8316 43.1755 -0.337149 0 3.8 0 0.871603 0.293535 -0.392613
31.6085 25.5555 39.359 0.226792 0 -1.6 0 0.23139 -0.971991 -0.0411383
56.7014 20.2384 34.5835 0.735114 0 -3.9 0 0.896082 0.432863 -0.0983202
43.2286 32.1095 55.9209 -0.47245 0 -3.5 0 0.299314 0.0518267 0.952746
45.4543 19.1242 50.7711 0.193255 0 -3.63009 0 0.657543 0.494045 0.56882
29.575 55.7621 26.1948 0.164763 0 -0.8 0 -0.130088 0.160557 -0.978416
21.2634 37.6569 19.1407 0.87686 0 -4.5 0 0.237141 -0.859101 -0.453552
41.8895 38.5565 45.483 5.07092 0 4.2 0 -0.175541 0.833154 0.524441
56.9625 33.0672 32.1695 1.02251 0 1.1936 0 0.804873 0.589404 -0.0691628
53.804 51.1485 44.6668 3.78985 0.875014 -4.5 0 -0.645339 -0.576492 -0.501192
66.768 52.9995 41.1334 0.15341 -0.0656446 -0.7 0 0.898301 0.242927 0.366117
35.5401 48.8717 43.6933 6.09504 0 2.8 0 0.939773 -0.189222 0.284643
34.0577 41.6278 21.6154 -0.410898 -0.249419 -3.5 0 -0.265396 -0.520563 0.811529
33.3085 30.1232 31.3261 -0.969069 0 3.8 0 0.505873 0.638365 -0.580158
25.4395 39.086 56.4055 -0.591719 -0.0227769 -3.5 0 -0.729946 0.67416 -0.112637
65.9991 37.9971 32.7358 0.0613263 0 -3.5 0 0.259316 -0.619454 -0.740967
36.1231 48.0928 56.3422 0.727545 0 4.2 0 -0.0613523 0.884247 0.462973
13.1477 44.3587 48.6123 0.469637 0 -4.5 0 -0.573629 0.790043 0.216292
45.7056 61.5455 51.4939 0.480571 0 -1.6 0 -0.489734 0.34647 0.800074
23.3736 47.3646 54.4603 -0.500587 0 -0.8 0 -0.682388 0.515202 0.518569
16.2626 44.4354 41.4396 0.317598 0 -3.9 0 -0.812977 0.136819 0.565993
32.4975 39.5387 58.6994 -0.51235 -0.552536 -3.5 0 -0.12241 0.498881 0.857982
59.2047 53.6875 29.3277 0.680029 0 2.8 0 0.896793 0.309112 -0.316564
14.8116 35.7159 46.2159 0.692298 0 -4.5 0 -0.794111 -0.0512291 -0.60561
61.88 43.186 30.453 0.850781 0 -1.6 0 0.900711 0.323254 -0.290219
28.2234 18.7626 47.5986 0.276654 0 -3.5 0 0.278819 -0.944568 0.17335
46.8365 43.2409 63.3246 0.0357397 -0.266246 -1.62896 0 -0.164196 0.608097 0.776697
29.6698 57.0569 26.3825 0.422451 0 -0.8 0 0.17264 0.566323 -0.805899
52.0481 57.0199 34.2679 0.898936 0 3.23813 0 0.187671 0.905829 0.379807
34.8377 33.4461 26.5052 -3.23409 0 -0.7 0 -0.45357 -0.845405 0.282071
57.224 39.2031 28.3417 1.38002 -0.0170329 0.150367 0 -0.428381 0.376364 0.821486
23.5386 37.9567 21.0087 3.09862 0 2.15858 0 0.457976 0.88827 -0.0351316
40.461 17.8765 38.8585 -0.597235 -0.088865 -3.24712 0 -0.838031 -0.51368 0.183948
32.9249 60.069 32.9439 0.518058 0 -1.6 0 0.717499 0.432298 -0.546181
41.0418 36.8834 19.0662 0.763841 0 -3.9 0 0.943186 0.123441 -0.308484
36.6092 37.262 13.2106 3.26498 0 -3.9 0 -0.887321 -0.377264 -0.265204
17.2244 38.6506 53.8472 0.476199 0 1.8 0 -0.21178 -0.563537 0.798483
26.5551 27.3371 55.1272 -0.0376355 0 3.27613 0 -0.812431 -0.578355 0.073898
41.1761 32.3439 18.516 -0.880675 -0.373834 -3.5 0 -0.520642 -0.372496 -0.768231
35.8247 31.8054 18.6553 -0.359908 0 -3.5 0 -0.655489 0.44155 -0.612672
29.991 61.2564 47.5488 1.87844 0 -3.9 0 -0.372243 0.907781 -0.19331
41.1564 46.1505 41.6065 4.92626 -0.477028 1.38319 0 -0.390433 0.183538 0.902151
41.5702 16.4532 36.0153 -1.36503 0 -3.5 0 -0.69003 -0.264676 -0.673651
49.5478 17.1733 46.2116 0.23513 0.319941 -4.4574 0 0.0881369 -0.938601 0.333556
44.674 50.3895 58.5643 0.923314 0.411157 -4.5 0 -0.778438 0.365817 0.510109
58.3767 44.3081 59.7369 0.0771778 0 -3.5 0 0.946051 -0.249094 -0.207218
52.7533 49.1878 62.1995 0.640427 0 -4.5 0 0.739869 0.67236 0.0229378
36.9639 52.7722 30.6175 3.40118 0 4.2 0 0.306506 0.334009 0.891343
58.2729 41.1781 50.6406 0.578203 0 -3.5 0 0.843045 0.512483 0.163205
47.0511 49.46 24.7429 -0.371127 -0.545239 -0.8 0 -0.777343 0.0971911 -0.621523
24.2003 30.9183 59.6869 -0.494862 0 -3.5 0 -0.00606093 -0.511321 0.859369
65.8324 47.4466 37.795 2.015 0 3.8 0 0.904863 0.422791 0.0497
51.6279 20.9198 29.7562 0.233066 0 -0.8 0 0.402765 -0.872821 -0.275614
26.1586 34.9876 25.3006 0.442057 0.287428 -4.5 0 0.806836 -0.589181 0.0433715
54.6478 53.6423 25.432 0.45044 0 3.8 0 0.518844 0.851873 -0.0715131
42.7779 56.1808 56.0109 0.935497 0.943635 -0.7 0 -0.0169402 0.854179 0.519703
61.2459 33.9536 35.7391 -0.597959 0 -3.5 0 0.422984 -0.246828 -0.871872
35.6229 34.057 56.6871 3.09477 0 -3.9 0 0.944293 0.175062 0.278684
38.5216 25.5265 24.7431 0.780374 0 -3.9 0 -0.673198 -0.437473 -0.596173
36.1296 51.4227 32.7195 2.65579 0 4.2 0 0.502068 0.83399 0.228885
59.3774 44.9958 30.2767 1.01718 0 -1.3882 0 0.252915 0.837607 -0.484199
47.9006 45.0873 43.1566 4.27831 0 -1.06682 0 -0.425328 0.73854 0.523121
34.3341 60.0742 42.8906 1.89041 0.290712 -0.4 0 -0.713689 0.389562 0.582142
46.3535 52.2298 29.7206 0.425647 0 4.2 0 -0.136577 0.853202 -0.503381
42.7222 22.2734 29.0763 -0.59121 0 -3.5 0 -0.161531 -0.954684 0.249971
29.4732 30.8211 61.8311 0.0587543 0 -0.8 0 -0.354458 -0.35017 0.867029
24.2325 16.3499 45.0146 0.51095 0.0240972 -4.5 0 -0.508492 -0.853434 -0.114399
47.1813 54.4499 59.883 0.36363 0 -0.8 0 0.317796 0.948013 -0.0166583
47.1935 44.6307 24.1556 1.05065 0 -1.33095 0 0.695696 0.406379 -0.592337
43.7298 48.0076 26.9512 0.730993 -0.0179674 -3.5 0 -0.193528 -0.0377854 -0.980367
48.8833 41.7724 59.3143 0.0575863 0 -1.13091 0 0.826893 -0.552983 -0.102264
49.0375 53.4835 60.3275 0.544882 0.0571066 -0.8 0 0.537483 0.745234 0.394637
24.0146 44.6591 54.303 -0.187543 -0.514455 -0.8 0 -0.35761 -0.492532 0.793428
53.7523 43.6833 63.3671 0.350635 0 -3.5 0 -0.227277 0.175675 0.957853
53.851 51.2555 33.707 1.2763 0 1.8 0 0.925465 -0.226305 0.303811
22.7572 20.2394 44.5387 0.721589 0 -4.5 0 -0.901249 0.415263 -0.123722
44.5841 49.4528 40.1377 2.17629 -0.327574 -0.820948 0 -0.0128128 0.993811 0.110343
37.5599 36.2718 55.8611 -0.330405 -0.225402 -1.6 0 -0.382539 -0.681387 0.624
56.1596 21.233 33.4011 -0.224894 -0.412595 -3.67297 0 0.949167 0.308352 0.0632484
42.3019 25.9473 22.778 2.64857 0 -3.9 0 0.987615 -0.00798343 -0.156693
41.762 39.8165 57.9649 0.205084 -0.5892 1.06255 0 -0.185491 -0.53696 0.822963
49.3196 29.5125 51.7549 -1.20017 -0.865314 -3.5 0 0.643196 0.117136 0.756689
50.1665 43.1436 64.643 1.08144 0.482302 -0.4 0 0.0872896 0.729883 0.677976
48.0551 37.828 25.7978 0.763501 0 -1.3 0 0.280465 -0.591922 -0.755624
43.6526 49.8924 39.8932 1.80831 -0.0196198 -0.4 0 0.470006 0.781685 0.409956
22.7191 31.1505 37.3146 -1.18168 0 -0.4 0 -0.645944 -0.333963 -0.686458
49.3424 52.3736 44.9688 3.51035 0 -1.17932 0 0.374981 -0.81141 -0.448334
24.0958 30.3148 36.7656 -0.934574 -0.013272 -1.65 0 -0.552439 -0.746398 -0.37108
43.5389 30.4463 56.4207 0.196336 0 -3.5 0 0.783103 0.151449 0.603169
52.4165 39.5633 54.414 0.137315 0 -3.78284 0 0.136297 -0.0434611 0.989714
57.1931 46.5415 29.5664 0.505985 -0.867656 3.8 0 0.347784 0.472188 0.809991
58.4286 39.7692 28.8517 1.14148 0 -1.6 0 -0.526086 -0.346774 0.776519
47.2215 54.0205 33.3198 0.774931 0 4.2 0 -0.608838 0.769537 -0.192691
26.2385 56.0049 28.4239 -0.43574 -0.414956 -0.8 0 -0.952273 -0.303102 0.0361298
46.0366 57.6435 35.723 1.5072 0 -4.5 0 -0.947814 -0.160392 -0.275541
44.7348 16.5702 45.2136 0.246804 0 1.8 0 0.0272159 -0.924976 0.37905
36.5415 48.0025 40.9195 5.63911 0 -0.8 0 0.651072 -0.529163 0.544143
55.3135 38.3488 48.8488 1.3878 0 -3.5 0 -0.638323 -0.428393 -0.639549
49.5528 58.4036 51.4526 0.503136 0 2.8 0 0.921947 0.38667 -0.0223595
51.6527 26.0045 49.9547 -0.491247 -0.127789 -3.5 0 0.113556 -0.978198 0.173878
42.1608 24.5915 22.7546 2.09534 0.262943 -3.9 0 0.729099 -0.506677 -0.460101
41.9745 24.1278 54.2996 0.450609 0 -4.5 0 0.41021 -0.439864 0.798904
55.2853 28.0628 43.2716 0.420487 0.00329014 -3.5 0 0.758945 -0.146775 0.634397
47.8381 38.0411 45.9376 5.84752 0 0.280187 0 0.126233 0.822464 -0.554633
61.0591 37.5681 24.8288 -0.562626 -0.0436727 -4.5 0 0.178683 -0.822229 -0.540381
44.9941 33.4041 55.9211 0.920141 0 -3.5 0 -0.0412886 0.155741 0.986935
13.6029 38.6541 41.9152 0.0540435 0 -0.7 0 -0.82225 0.47878 0.307692
24.0086 36.5177 54.3457 -0.482558 -0.0889 -3.58146 0 -0.189075 0.710608 0.677707
23.971 51.223 48.1045 3.54422 0 -3.9 0 -0.801381 -0.0758371 0.593328
58.2784 35.9857 29.0721 1.40639 0 1.8 0 -0.0592295 0.0247477 0.997938
66.5238 50.8993 42.0692 -0.844887 -0.814274 -0.7 0 0.488243 -0.477958 0.730188
23.067 59.0185 32.3215 3.08737 0 -3.9 0 -0.258704 0.925784 -0.275676
42.8273 45.6598 61.1668 0.614402 0 -4.5 0 -0.615992 0.393468 0.682449
45.652 44.3205 17.4705 3.03846 0 -3.9 0 0.919281 0.393059 0.0206701
17.0456 46.4202 36.0316 -0.139661 0 -3.9 0 -0.734016 0.430296 -0.52542
44.9818 23.7234 49.5628 -0.699897 -0.610954 -3.5 0 0.926881 -0.0458624 0.372542
40.6557 21.1133 50.5585 0.684301 0 -3.5 0 -0.942325 0.14945 0.29948
17.1789 29.3969 47.6699 -0.279951 0 -3.5 0 -0.239732 -0.635498 0.733942
58.809 44.8927 29.1495 0.383194 0 -1.6 0 0.543644 0.835246 -0.0825533
51.8089 50.0986 22.5451 0.0723618 -0.675226 3.8 0 0.0100437 0.156345 -0.987651
23.3085 35.8376 57.3144 -1.22639 -0.034354 -3.5 0 -0.346549 0.867251 0.357462
45.1476 38.0855 43.9787 5.56512 0.0581008 3.4216 0 0.267596 0.924119 0.272757
14.1491 39.3925 40.4173 0.0845462 0 -0.7 0 -0.739011 0.673311 0.0227048
47.3657 28.489 26.2402 0.510687 0 -4.5 0 0.162327 -0.912488 -0.375519
47.2492 38.2799 25.0604 0.760331 0 -1.3 0 0.461146 -0.22343 -0.858734
69.214 44.7945 36.6504 0.421445 0 2.8 0 0.876671 -0.0712736 0.475782
28.9053 34.4936 29.8547 -0.126405 0 1.29831 0 0.0439588 -0.869584 -0.491824
18.832 57.2804 43.2999 0.262019 0 4.2 0 -0.16417 0.385953 -0.907793
58.2934 17.8056 44.6914 -0.538468 0 -3.5 0 0.860893 -0.471352 0.191548
29.8645 60.9917 34.3985 0.552385 0 -1.6 0 -0.220203 0.975234 0.0206984
34.3194 54.678 32.8473 7.08735 0 -0.4 0 0.955449 0.0383209 -0.292658
38.3995 63.739 47.4103 0.716349 0 -1.6 0 -0.716059 0.506264 -0.48058
64.4762 58.7728 39.5457 0.230342 0 3.8 0 0.687102 0.48752 -0.538716
20.987 43.7921 27.6855 0.0875298 0 3.8 0 -0.533694 0.629134 -0.565121
19.836 29.245 40.074 -0.0955784 0 -0.4 0 -0.59242 -0.711972 -0.377008
37.109 55.116 35.901 5.94053 0 -0.8 0 0.854031 0.0516746 -0.517649
36.3185 43.9813 58.1208 0.217273 0 4.2 0 -0.54895 -0.332571 0.766845
57.8601 46.0467 28.3365 0.636391 -0.0309544 3.8 0 0.89997 0.416342 0.129281
56.9121 28.4891 29.0604 0.400354 0.143832 -3.5 0 0.671539 -0.736001 0.0856629
55.7503 21.7498 36.0326 0.0531244 0 0.737208 0 0.723291 0.224557 -0.653012
43.1176 51.2125 43.8869 4.58343 0 -1.3 0 0.0765008 -0.961406 -0.264284
54.1563 54.1958 29.5648 0.722467 0 2.8 0 -0.110332 0.760402 -0.640013
36.1264 37.8598 14.2784 2.33579 0.0828332 -3.9 0 -0.884426 -0.356491 -0.301173
50.6466 45.247 24.8867 0.697165 0 -0.4 0 -0.628541 0.0120672 -0.777683
35.1135 42.2745 25.9902 -0.682598 0 3.8 0 -0.169938 0.434092 -0.884695
48.0504 28.0976 27.2305 -0.127629 0 -3.5 0 -0.252545 -0.804629 -0.537395
20.8353 40.2358 22.3158 1.05307 0.538035 -4.5 0 0.260162 0.894546 0.363461
57.3751 43.8951 25.3998 0.043603 -0.785531 3.8 0 0.370715 0.18516 -0.910102
63.787 46.914 33.1215 0.584407 0 3.8 0 0.129279 0.199638 -0.971304
39.7092 13.8976 45.476 0.883082 0 -4.5 0 0.540968 -0.812654 -0.216671
56.0482 37.6471 45.4131 1.08245 -0.873728 -0.807349 0 0.554927 -0.61749 0.55746
42.3572 54.4262 58.1177 0.0975923 -0.670686 -0.7 0 -0.10973 0.10127 0.988789
54.3466 33.6233 46.0346 1.05164 0 -0.8 0 0.614539 0.183639 0.767215
54.118 38.8995 28.8665 1.02855 -0.266618 0.248465 0 0.920259 0.319868 0.225406
50.3791 56.9627 45.1418 1.20618 0.530378 -2.82999 0 -0.638931 0.573149 0.513096
37.4465 36.296 12.8988 1.86312 0 -3.9 0 -0.638775 -0.500985 -0.583935
48.5976 57.0106 44.2181 1.80364 0 -3.5 0 -0.126139 0.552448 0.823948
17.6805 31.872 20.6325 0.168968 0 -4.5 0 -0.608829 -0.224157 -0.760974
46.1572 35.1896 27.4867 0.00996045 -0.00572239 3.68142 0 0.987926 0.0569643 -0.144073
15.036 43.106 43.81 0.455489 0 -4.5 0 -0.522117 0.247527 -0.816164
17.1241 54.274 44.7941 0.235969 0 4.2 0 -0.987306 -0.154127 -0.0383568
30.2331 59.0061 49.7699 1.19878 0 -3.9 0 -0.281354 -0.272829 0.920003
24.4078 36.1784 59.8639 0.162919 0 -3.5 0 -0.251853 0.951623 0.176024
43.0484 28.2977 54.584 -0.410218 0 -3.5 0 0.982644 -0.182293 0.0343593
45.9911 55.087 58.3835 -0.0234037 -0.017254 -0.8 0 0.323799 0.840701 0.434022
28.8126 44.262 20.8756 0.559941 0.192165 -3.5 0 -0.874976 0.479186 -0.0692689
32.9437 57.4473 33.1035 -2.89597 0 -1.38551 0 0.77769 0.308129 -0.547955
40.6279 16.3776 52.4996 -0.810199 -0.565616 -3.97505 0 -0.502257 0.281532 0.817605
20.3372 48.2425 30.1437 1.65094 0 -4.5 0 -0.0393362 0.88033 -0.472727
24.949 28.2749 50.9206 0.761547 0 1.8 0 -0.333698 -0.735748 0.589339
17.8846 33.6591 31.0418 -0.481065 0 -3.5 0 -0.179967 -0.868627 -0.461627
19.92 33.1865 37.7617 -0.324743 0 3.8 0 -0.375226 -0.683002 -0.626669
50.5444 54.7904 23.3136 0.412649 0 3.8 0 -0.120696 0.898825 -0.421362
66.1739 39.371 42.544 -1.55393 -0.219402 -3.5 0 -0.560966 -0.671902 0.483597
47.5145 46.9875 24.9705 0.475305 -0.204807 -0.650002 0 -0.240891 -0.165769 -0.956291
63.1175 40.561 24.7992 1.1347 0.15161 -4.5 0 0.790222 0.0944052 0.605505
41.6509 22.4006 28.9129 -0.549764 -0.0189924 -3.5 0 -0.469541 -0.820065 0.327147
16.8662 52.7984 43.8737 -0.283135 0 -3.5 0 -0.810871 0.11553 0.573708
54.6869 53.5529 28.5985 0.377553 0 2.8 0 -0.132546 0.827568 -0.545493
23.4213 49.3045 28.1444 0.147438 0 4.2 0 -0.77429 0.0742297 -0.628462
56.5698 41.7373 24.9805 0.82334 0 -3.9 0 -0.138548 -0.837119 -0.529184
18.5822 34.5698 35.4161 -0.763441 -0.189789 -0.200815 0 -0.470493 -0.638173 0.609402
49.7925 45.7635 38.8573 2.54265 0 3.8 0 0.60021 0.764284 -0.235835
15.5074 37.946 38.0615 -0.815515 0 -2.48027 0 -0.325968 -0.942438 -0.0745301
47.2278 17.0668 50.3984 0.822505 0.0184761 -4.5 0 0.892459 0.43811 0.107598
32.958 61.7281 47.2803 2.75327 0.505423 -3.9 0 0.652696 0.599722 -0.462948
33.239 26.3665 54.5515 -0.12951 0 -3.5 0 -0.0564083 -0.772632 0.632343
44.6161 62.1527 39.8959 0.383652 0 -4.5 0 -0.392341 0.867103 -0.306921
48.6183 52.1712 62.3959 0.0606388 -0.851784 -0.8 0 0.744575 0.582398 0.326222
54.4215 40.9762 31.8685 1.6305 0 -1.6 0 0.494511 -0.725517 -0.478627
56.1148 32.7561 45.6303 0.56858 0 -0.8 0 0.704307 0.0672036 0.706708
58.2573 35.9569 25.4292 2.23236 0 -4.5 0 0.120188 0.418661 -0.900154
54.8009 52.6137 56.1104 0.762906 0 1.8 0 0.49853 -0.0871234 -0.862483
59.5869 44.0873 43.6406 -0.599124 0 2.8 0 0.403959 0.539304 0.738896
22.9082 30.0194 53.4218 -0.488312 0 -3.18632 0 -0.595363 -0.476111 0.647195
18.6854 54.4588 42.2551 0.632334 0.264602 -3.5 0 -0.0923853 0.571022 -0.81572
30.7003 36.8668 61.8273 0.172914 0 -0.7 0 0.413338 -0.23392 0.880019
56.5274 53.2651 47.6348 1.27521 0.0908571 -4.5 0 0.677155 0.0651229 0.732953
16.5112 51.6935 37.4922 -0.699189 0 -3.5 0 -0.918226 0.394989 0.0290572
55.8414 56.5018 31.2572 0.552602 0 3.69603 0 0.301281 0.7116 -0.634709
18.6007 30.8769 51.0486 1.02688 -0.35321 -0.8 0 -0.859713 -0.486262 -0.15634
43.1352 17.0621 53.1021 0.399711 0 -4.5 0 -0.423702 0.452203 0.78485
42.2933 55.7171 40.2549 1.35969 0 -2.12263 0 0.710733 0.0565538 -0.701184
21.1225 27.3145 42.2979 -0.649132 -0.418763 -3.9 0 -0.0356731 -0.733421 -0.678838
50.908 12.5866 39.8721 0.154887 0 -0.4 0 0.21005 -0.884692 -0.416171
55.183 42.5285 21.4252 2.74099 0.31498 -3.9 0 0.549789 -0.403317 -0.731483
54.3102 15.6076 38.198 -0.261215 -0.240863 -3.9 0 0.085428 -0.878289 -0.470437
55.597 29.9654 44.5402 0.242454 0 -0.8 0 0.736133 -0.524989 0.427193
50.9174 21.2321 28.1652 0.40229 0.0319915 -3.06146 0 0.509693 -0.805586 -0.302067
45.7191 49.1138 38.6458 -0.714249 0 0.592032 0 0.13384 0.989434 -0.0557419
45.6386 59.7712 52.4294 0.282514 0 -3.10494 0 0.158151 0.598294 0.785515
53.0967 46.97 30.2475 1.23361 -0.0909063 3.31023 0 0.484135 0.209044 0.849655
58.4785 45.6971 31.3604 1.31576 0.063241 -1.54342 0 -0.250136 0.927197 -0.278815
32.1191 53.8799 25.4219 0.919544 -0.700924 -0.8 0 0.107931 0.232569 -0.966573
59.1114 31.3773 28.8166 0.0141678 0 -4.5 0 0.757138 -0.152823 0.635128
35.2376 49.6903 45.1999 6.37641 0.116447 -0.650704 0 0.993202 -0.0626161 -0.0981302
42.5031 59.6006 39.8839 1.06995 0.134599 -4.5 0 -0.379026 0.184231 -0.906862
60.9591 58.6162 44.8512 -0.773955 -0.209146 -0.4 0 -0.45027 0.677905 0.581121
28.5351 40.2909 53.4361 -0.0322278 0 2.04341 0 -0.286399 0.441703 0.85022
49.454 15.119 44.466 -0.975044 -0.719334 -3.5 0 -0.480766 -0.495078 0.723714
43.1461 14.4572 36.0265 -1.62477 -0.287678 -3.5 0 -0.0508106 -0.812029 -0.581401
49.7188 25.015 45.9625 0.408132 0 3.8 0 0.420536 -0.542307 0.72736
43.3929 45.1169 21.1283 -0.947106 -0.0442808 -3.5 0 0.259892 0.822238 -0.506341
40.5107 52.3399 26.2294 1.65564 0 -4.5 0 0.820594 0.178541 -0.542907
18.5912 47.782 29.0204 0.457345 0 -4.5 0 -0.25702 0.628967 -0.733718
48.4984 39.8476 56.9966 0.759814 0 -1.6 0 0.487317 -0.552798 0.67597
40.4519 60.0319 41.0238 1.14346 0.254434 -4.5 0 -0.105569 0.885898 -0.451708
53.1866 18.843 31.9105 1.79814 0.0831717 -2.01504 0 0.034734 0.112515 -0.993043
45.696 60.813 37.1691 1.08072 0.666451 -4.5 0 -0.898126 0.334969 -0.284896
28.8806 22.2725 51.8171 -0.488434 -0.354664 1.8 0 0.0830087 -0.365099 0.927261
38.5491 24.5125 25.5005 0.230274 0 -3.9 0 -0.604804 -0.76691 -0.214621
52.7873 46.0721 39.6532 2.27051 -0.00582557 0.24758 0 -0.199839 0.671074 -0.713949
22.1396 56.6311 32.8721 2.91432 0 -3.9 0 -0.892163 -0.451634 -0.00848655
39.6479 57.458 52.2808 1.20108 0 -4.5 0 -0.692082 0.584878 0.423013
59.4953 28.7296 33.3379 0.999474 0 -4.5 0 0.475171 -0.17058 -0.863201
28.2221 38.8583 58.9207 -1.32961 -0.446092 -3.5 0 -0.553397 0.770498 0.316361
62.6245 36.1954 34.8949 1.50766 0 -3.5 0 -0.018512 -0.588417 -0.808346
49.6046 59.2855 37.5098 1.05701 0 -2.53166 0 0.683502 0.637372 -0.355785
43.7132 54.5666 31.782 -0.781461 -0.605628 -3.5 0 0.405826 0.735516 0.542513
42.482 49.98 33.2835 -0.159475 -0.866927 -3.5 0 -0.0606069 0.992126 0.109603
15.879 46.4186 32.4696 -0.124131 -0.260355 -4.23846 0 -0.975698 -0.219096 -0.00333443
42.9967 28.1754 58.4474 0.680042 0.0114123 -3.5 0 0.766712 0.0377253 0.640882
25.3571 44.719 24.5008 0.411166 0 -1.6 0 -0.210484 0.76395 -0.609981
57.8332 31.4614 22.1509 1.75024 0 -4.5 0 0.168624 -0.345973 -0.922967
58.742 39.5973 49.4816 0.241507 0 -3.5 0 0.925148 -0.339572 -0.169682
57.771 49.8205 29.341 0.88206 0 2.8 0 0.662745 -0.644879 0.380658
66.5489 37.6681 35.8579 -0.382863 -0.0236366 -3.5 0 0.129523 -0.987713 0.0874502
57.8991 25.0589 39.3352 0.192876 0 1.42245 0 0.90216 0.286108 0.322878
60.2315 40.3391 21.3823 1.40705 0 -4.5 0 -0.689526 0.0917776 -0.718422
32.0994 40.1826 57.2836 -0.480585 -0.498809 -3.5 0 -0.511502 0.846018 0.150396
51.5669 45.0874 23.6543 0.900657 0 -0.4 0 -0.755775 -0.136331 -0.640483
28.0145 58.5454 38.1774 0.317102 0 -3.9 0 -0.280077 0.836698 0.470631
53.5221 20.1704 32.5757 0.512189 0 0.167322 0 0.205747 0.056491 -0.976973
67.4761 36.0389 41.5257 1.16526 0 -4.5 0 -0.0587104 -0.110591 0.99213
28.9709 47.0774 53.5221 1.11542 0 -4.5 0 -0.0431194 0.522014 0.851846
60.0323 32.0695 22.4745 1.1035 0 -4.5 0 0.410221 -0.452981 -0.791534
53.1356 42.8564 56.8749 -1.38422 -0.428012 -3.5 0 0.0666436 -0.962198 0.264073
60.2537 44.2335 29.0808 0.990538 0 -1.6 0 0.477692 0.855972 -0.197791
58.2149 17.8411 43.1559 -0.361495 0 -3.5 0 0.931811 -0.319302 -0.172552
56.0102 19.8974 46.0944 -1.58132 0 -3.5 0 -0.339667 0.181582 0.922851
21.244 28.2106 39.2668 -0.0565546 0 -0.4 0 -0.32458 -0.857076 -0.400086
31.2322 25.9887 28.0896 0.687496 0.77419 -4.5 0 -0.830619 -0.394458 -0.393034
46.1333 21.1439 49.1981 0.0330392 -0.287541 -4.19775 0 0.654407 0.355593 0.667311
18.5888 35.2793 38.6535 -0.15567 0 3.8 0 -0.913328 -0.399138 -0.0807553
52.7646 36.3585 30.4996 0.734261 -0.500813 1.62241 0 0.869261 -0.414856 -0.268847
33.6871 59.5581 35.7188 1.2534 0 -1.6 0 0.749587 0.65854 -0.0666629
52.961 15.3909 44.9435 -0.0268357 0 -3.5 0 0.128017 -0.617623 0.775985
53.5747 39.8354 49.7347 2.49974 0 -3.66957 0 -0.20201 -0.347846 -0.91553
45.931 45.68 42.989 4.10486 0 -1.3 0 0.199935 0.47245 0.858381
44.1133 16.099 34.8683 -2.02262 -0.554655 -3.5 0 -0.275411 -0.153842 -0.948937
56.541 42.898 59.952 0.0832361 0 -3.5 0 0.206074 -0.968438 -0.140219
25.2915 57.9883 47.0008 -0.645592 -0.848869 -3.9 0 -0.477106 0.152442 0.865524
39.3419 63.4394 46.2547 0.798281 0 -1.6 0 -0.574549 0.400324 -0.713886
32.1586 58.4391 28.4811 0.531079 0 4.2 0 -0.603247 0.747338 -0.278532
33.114 49.9445 55.9745 0.943217 0 -4.5 0 0.0111249 0.91505 0.403186
59.3124 39.1787 46.7248 0.215764 0 -0.9 0 0.450101 -0.88448 0.122896
46.1043 43.5348 21.9361 0.239018 0 -3.5 0 0.566342 -0.323367 -0.758084
49.5011 40.0014 47.7151 3.89169 0 -0.4 0 0.753689 -0.297204 -0.586194
40.8691 47.1829 47.4136 5.71073 0.794158 -3.5 0 -0.688677 -0.215871 -0.692188
25.3891 28.673 52.363 0.0687637 0 1.8 0 -0.511015 -0.809958 0.287806
47.9849 33.2419 55.6092 -0.0191987 0 -3.5 0 0.585347 0.613533 0.530044
41.9996 21.7114 32.6511 -0.417334 -0.0604273 -2.28631 0 0.230981 -0.682484 -0.693443
40.0124 27.6076 21.4845 0.119151 -0.281836 -3.6856 0 -0.0155932 -0.348524 -0.93717
27.9907 51.155 54.409 0.771319 0.139871 -0.4 0 0.0346289 0.0589362 0.997661
67.8144 45.3537 33.8597 -0.268433 0 2.8 0 0.5504 -0.213499 -0.807142
43.5532 46.3932 26.4457 0.980358 0 4.2 0 -0.164658 0.71741 -0.676913
22.6119 59.0202 33.9854 1.14565 0 -3.9 0 -0.575077 0.808344 0.125964
54.7648 55.3765 30.5273 0.744217 0 2.8 0 -0.135591 0.688269 -0.712672
53.0935 52.048 39.232 2.77177 0 1.8 0 -0.0587092 -0.984091 0.167688
20.8333 25.7978 44.9753 0.178263 0 -3.9 0 -0.506412 -0.852375 -0.1304
36.0662 15.0314 47.0539 0.246225 0 -4.5 0 -0.959771 -0.150456 0.237071
33.254 54.8766 44.853 0.448312 0 -0.4 0 -0.552778 0.422645 0.718198
46.1878 44.3106 46.1372 4.60929 -0.151199 -0.766639 0 -0.710565 0.276837 -0.646884
30.6127 55.274 50.3293 1.23867 0.835423 1.8 0 0.334917 0.940566 -0.0562641
56.9308 43.1418 56.9841 -1.0382 0 -3.5 0 0.287091 -0.828861 0.480175
47.2502 42.2786 45.2512 5.64575 0.263575 -0.7 0 -0.70323 -0.686745 0.18398
48.7946 31.5777 27.1968 0.326483 0 -3.6846 0 0.522698 0.77527 -0.354603
61.4282 46.778 44.0843 0.287096 0 -1.6 0 -0.809828 -0.334718 0.481812
41.0825 50.2137 41.8133 6.31153 0 -3.9 0 0.533267 -0.515093 0.671048
55.8549 23.3601 45.8894 -0.0750546 0 3.8 0 0.272708 -0.0759808 0.959092
14.6106 45.2253 45.0569 0.881158 0 -4.5 0 -0.108561 0.733207 -0.671283
59.9292 31.7085 39.7497 0.0706237 0 -3.94536 0 0.764236 -0.103935 0.636507
38.0051 50.7189 31.7817 8.47471 0 -0.4 0 0.152069 0.953163 0.26145
26.0494 35.0566 61.386 0.358927 0 -3.5 0 0.0343227 0.415417 0.908983
60.187 26.7938 36.1589 1.12175 0 -4.5 0 0.536041 -0.790735 0.295633
54.5272 46.3237 39.1566 1.89133 -0.222934 3.04546 0 -0.532209 0.446528 -0.719281
14.2783 36.4159 39.9953 -0.139693 0 -0.7 0 -0.498012 -0.709443 -0.498673
53.937 39.861 45.1507 3.10856 0 0.182321 0 -0.244362 0.313406 0.91764
44.5855 39.8366 60.0047 0.441931 0 -1.6 0 -0.668715 -0.596727 0.44355
19.0031 29.1811 41.5471 0.107899 0 -1.33541 0 -0.427059 -0.702273 -0.56959
46.839 51.513 36.092 -1.81152 0 4.2 0 -0.201395 0.225675 0.953158
26.783 52.603 26.734 -1.79056 -0.0594211 -3.5 0 -0.741316 0.657305 0.135648
48.0518 18.9051 27.8205 -0.214915 0 -3.5 0 0.0603695 -0.973511 0.220527
57.9109 36.6449 43.0606 3.00538 0.279749 -3.9 0 0.873904 0.475136 0.102656
55.2459 51.7791 39.247 2.32476 0 1.8 0 -0.382355 -0.889782 0.249185
25.9051 57.4077 38.0332 -0.274107 0 -3.71729 0 -0.695348 0.406726 0.592508
30.3832 41.9463 19.2568 0.324433 0 -3.5 0 -0.669062 -0.681167 -0.297267
53.7577 56.5246 31.2199 0.717831 0 3.8 0 0.197039 0.627039 -0.753657
58.0443 37.6066 51.1551 0.935417 0.633783 -3.5 0 0.750844 -0.66013 -0.0215019
55.8466 36.4589 53.0469 1.73977 0 -3.9 0 0.607959 -0.557657 0.56516
19.227 36.7557 20.8983 0.655899 0 -4.5 0 -0.587666 -0.75288 -0.296346
34.3359 24.9681 53.337 -0.0626032 0 -3.06415 0 0.287288 -0.425141 0.858324
21.7126 47.1151 27.9381 0.257108 -0.0109276 -4.5 0 -0.329052 0.388518 -0.860685
43.2112 59.6451 50.8601 0.188206 -0.0451508 -1.6 0 -0.399494 0.877497 0.265337
37.2907 33.2076 18.3881 -0.0445036 0 -3.66917 0 -0.333658 0.0301954 -0.94221
38.2041 53.511 25.0965 1.22287 0 -4.5 0 -0.146436 0.6147 -0.775049
19.9757 43.9966 28.88 0.13024 0 -4.5 0 -0.67326 0.0383258 -0.738412
45.6442 43.4719 43.7569 5.22786 0 -1.3 0 -0.651743 0.0682358 0.755364
52.8829 54.2181 29.3338 0.987145 0 0.191833 0 0.616888 0.652441 -0.440194
21.5111 31.0893 38.3794 -0.565232 -0.0356738 -0.281424 0 -0.354814 -0.0554208 -0.933293
51.2364 40.852 61.0614 -0.00288861 -0.356515 0.926094 0 0.129676 -0.454661 -0.881174
42.2115 25.7791 54.9909 0.624753 0.0186707 -4.5 0 0.570368 -0.570176 0.591252
24.4511 22.4437 48.894 1.21676 0 -3.54413 0 -0.716861 -0.695059 -0.054802
15.0874 36.0143 41.5271 -0.522248 0 -0.7 0 -0.467515 -0.88259 -0.0496468
53.3601 39.6164 25.3092 0.770733 0 -3.9 0 0.849914 -0.510297 -0.131314
31.3171 45.0489 54.5428 1.10838 0 -4.5 0 -0.339348 -0.119427 0.933049
44.7421 53.4799 30.8841 -0.00765666 0 1.37769 0 0.421742 0.880514 -0.216398
18.5305 37.9621 25.3129 0.480674 0 3.8 0 -0.746866 -0.401791 -0.529864
16.3958 54.8659 45.5801 0.0655078 0 4.2 0 -0.861863 -0.463371 -0.206107
16.1775 47.2036 33.6724 -0.255455 0.0172629 -4.5 0 -0.743711 -0.111084 0.659207
54.8954 28.0839 45.5682 0.711881 0.238272 -3.5 0 0.991446 0.130334 0.00687729
14.0791 36.1174 51.6975 0.922385 0 -4.5 0 -0.631252 0.4788 0.610141
14.998 40.9006 38.0563 -0.0368697 0 -3.9 0 -0.784201 0.567103 0.251838
48.6165 29.7292 52.961 -0.412405 -0.650455 -3.5 0 0.216743 -0.890988 0.398953
34.7316 22.4531 51.7381 0.604351 0 1.8 0 0.766746 -0.640458 -0.0437534
36.6165 58.904 49.9403 -0.33167 0 -3.5 0 -0.245089 0.215346 0.945282
53.4052 51.4897 55.1537 0.627753 0.863118 3.60804 0 0.806538 0.278001 -0.52174
15.7241 44.2471 34.2178 -1.32716 0 -3.5 0 -0.948594 0.191316 0.252126
52.5104 49.1576 34.3889 1.80759 0 1.8 0 0.752101 -0.658222 -0.0329971
17.0938 41.5382 31.4774 -0.256908 0 -3.5 0 -0.596097 0.376631 -0.709096
34.9992 58.814 47.9796 -0.76139 0 -3.5 0 -0.883322 -0.399238 -0.245666
53.055 34.007 47.741 -0.132401 -0.996837 -3.5 0 0.781793 0.247639 0.572254
57.3188 33.5624 44.4015 2.77097 0 -3.9 0 0.498336 -0.431359 0.752057
64.3505 38.1176 21.1869 0.375377 0 -4.5 0 -0.245904 -0.907344 -0.340967
36.6735 56.1628 50.0198 1.54616 0.131978 -3.5 0 -0.334758 0.032614 0.94174
66.8601 39.144 22.7747 1.08922 0.0277114 -4.5 0 0.909598 0.383437 0.160026
57.9187 27.8953 31.5001 0.261789 0 2.8 0 0.872281 -0.401673 -0.278898
53.6371 46.7511 45.6607 2.70262 -0.756953 0.109708 0 -0.282301 0.953983 0.101102
17.1562 32.6625 41.4798 -0.104612 0 3.8 0 -0.65747 -0.0478036 -0.751963
17.5019 52.8339 44.8396 -0.178931 0 -3.5 0 -0.85175 -0.214343 0.4781
38.0455 46.3934 39.4564 5.93945 0 1.62446 0 0.0562739 0.181969 0.981693
12.9691 44.6286 46.9272 0.966616 0 -4.5 0 -0.819948 0.569919 0.0536433
37.2412 27.6998 25.6326 0.432981 0 -3.9 0 -0.448774 0.218124 -0.866616
45.4989 49.2465 60.2522 0.404585 0 -3.75429 0 0.0176829 0.289161 0.957117
44.8921 30.7814 53.8531 0.040257 0 -0.852065 0 0.300878 -0.918012 0.258316
67.715 46.0176 41.9504 -1.60911 -0.103898 -3.5 0 0.895919 0.294053 -0.33296
37.2422 62.3133 47.0173 0.52221 0 -1.6 0 -0.691723 0.640077 -0.334397
16.1354 41.7704 35.3575 -0.182765 0 -3.5 0 -0.79832 0.59412 0.0985234
52.9513 40.787 61.2557 0.294547 -0.0339954 -0.4 0 0.387993 -0.771032 -0.504946
30.6693 49.3677 52.816 1.23948 0.759229 -3.78317 0 -0.45748 -0.21957 0.861685
29.3764 60.1165 49.4 1.2591 0 -3.9 0 -0.713074 0.0496092 0.699332
37.2692 41.0625 15.6399 1.24144 0 -3.5 0 0.727889 0.351946 -0.588483
26.3094 34.1794 29.9539 -0.420104 0 -2.05261 0 -0.167381 -0.98564 0.0223074
63.8865 37.9367 39.8414 0.470971 0 -4.5 0 -0.328606 -0.539792 0.775012
47.4094 51.2491 44.8198 3.70507 0 4.2 0 0.134665 -0.711426 -0.689738
32.3203 49.5882 53.5405 1.2907 0.63705 -4.5 0 -0.107501 0.932998 -0.34345
20.5322 37.2417 54.8075 0.347573 0.020653 -3.9 0 -0.233533 0.265263 0.935467
64.8449 56.4346 40.251 0.153897 0 3.8 0 0.971137 0.154364 0.181835
58.6136 46.1959 51.1867 0.800227 -0.0590566 -1.6 0 0.803333 -0.406592 -0.435131
36.3895 36.8123 17.1703 0.505823 0 -3.9 0 -0.588625 -0.590387 -0.552235
60.0106 54.0517 36.7234 0.53226 0 3.8 0 0.673873 0.194938 -0.712667
38.6519 29.7093 55.6887 0.109195 0 -3.5 0 -0.621331 -0.0232534 0.783203
48.3064 53.5695 58.9615 0.873162 0.136886 -0.8 0 0.372972 0.924886 0.0740085
32.281 62.2933 47.7964 3.79959 0.0582625 -3.9 0 0.353574 0.916933 -0.184983
44.8936 20.4166 34.5686 0.401603 0.0392234 1.64314 0 -0.318967 -0.0694158 -0.94522
46.1516 53.2805 33.2584 0.786811 0 4.2 0 -0.390552 0.914981 0.101384
51.6076 50.5088 61.7549 1.23584 0 -4.5 0 0.561145 0.804598 0.194263
39.9571 50.9957 31.5678 5.02999 0 -1.35068 0 -0.13806 0.721204 0.678826
14.353 47.5255 38.4275 2.33573 0.179872 -3.9 0 -0.970913 0.122996 -0.205427
39.3037 19.275 38.7103 -1.37241 -0.0908365 -0.7 0 -0.903291 -0.40521 0.14096
34.3744 40.0974 26.9276 -0.91632 0 3.50615 0 -0.0772377 -0.630515 -0.772325
29.2656 47.0399 20.7753 0.64163 0 -4.5 0 -0.653597 -0.553305 -0.516396
29.7273 29.6804 60.6561 -0.189039 0 -0.8 0 -0.137404 -0.941276 0.308416
45.9165 51.2664 61.6838 -0.523825 -0.604733 -0.8 0 -0.641432 -0.642887 0.418642
25.4175 33.264 61.7723 0.0355563 0 -3.5 0 0.0116495 -0.434041 0.900818
64.2476 36.2305 39.1852 0.548554 0 -3.96019 0 -0.0473249 -0.843423 0.535161
56.6145 23.7234 36.6351 0.4573 0 1.8 0 0.581243 -0.181531 -0.793223
38.987 49.1855 54.814 0.498844 0.070916 1.18685 0 -0.463893 0.623231 0.629592
51.8934 57.9222 37.5127 0.436545 0 -0.8 0 0.173575 0.677812 -0.714452
15.386 41.432 36.6021 -0.10521 0 -3.53139 0 -0.514275 0.857331 0.0224737
49.2416 45.7959 25.556 0.176637 0 -0.4 0 0.00258937 -0.0395339 -0.999215
38.8896 23.3195 53.5794 0.70518 0 -4.5 0 -0.483332 -0.817621 0.312869
40.6942 53.2233 37.7478 1.66804 0 -3.51432 0 0.364454 0.518328 -0.773634
16.508 42.5621 51.3916 0.578246 0.178161 0.542041 0 -0.235018 0.723338 0.649268
39.1059 18.5258 49.884 -1.36088 0 -3.5 0 -0.8335 0.493329 0.248805
42.369 44.7082 42.1555 5.00508 -0.4112 1.44277 0 -0.297521 -0.130973 0.945689
46.9427 22.0918 48.4547 0.682152 0 -4.5 0 0.435314 0.246313 0.865928
21.0447 46.1956 47.7682 -0.0407351 0 3.8 0 -0.966579 0.0693806 -0.246803
30.0324 24.7973 53.3747 0.127208 0 3.36775 0 0.241491 -0.706648 0.665079
30.0101 21.8489 40.7236 0.00689988 0 -4.5 0 0.217664 -0.430935 -0.875738
46.6372 15.747 49.4147 1.07214 0.705632 -4.5 0 0.269377 -0.768282 -0.580671
25.2604 19.7877 47.6609 0.301308 0 -3.5 0 -0.916864 -0.021413 0.398625
64.6204 40.7275 32.4574 0.0637765 0 -3.5 0 0.430725 0.470066 -0.770398
51.7415 44.343 62.942 0.409548 -0.67051 3.8 0 -0.0115395 0.62929 0.777085
53.1777 32.2352 28.6716 0.640422 0.152897 1.04419 0 -0.282872 0.809277 -0.514835
60.053 42.9123 46.3686 0.145314 0 -0.9 0 0.329616 0.802671 0.497063
13.1727 41.9177 50.876 0.788555 0.00197009 -4.5 0 -0.59538 -0.391525 0.701592
43.9458 39.4191 58.4907 0.264345 0 -1.6 0 -0.1908 -0.895432 0.40224
65.1741 51.9308 38.9492 0.298431 0 -0.7 0 0.153081 -0.0932281 -0.983806
42.0112 50.5188 36.8678 3.65893 0.742979 -3.9 0 0.635101 0.770394 0.056037
58.3677 29.8615 43.2056 -1.50451 -0.0195456 -3.5 0 0.321451 -0.381487 0.866682
49.1489 19.3279 30.9543 0.665917 0 1.9 0 -0.480589 -0.818369 -0.315129
56.6755 18.7342 40.2154 0.283301 0 -2.95049 0 0.861191 -0.114984 -0.495106
57.0297 53.9507 32.8756 0.717217 0 3.8 0 0.728219 -0.663441 0.171883
61.7569 43.0436 44.978 -0.053105 -0.242806 0.402416 0 0.243658 0.35351 0.90314
25.5376 51.4421 53.3429 0.324371 0 -0.4 0 -0.676694 0.469742 0.566946
35.9544 44.343 18.0121 1.23265 0.315051 -3.5 0 0.198637 0.58836 -0.783822
53.8544 33.7244 32.463 2.13897 0 -0.4 0 0.144316 0.568169 -0.810158
53.4011 47.3058 44.3394 2.75643 -0.601653 -0.7 0 -0.0848303 0.788534 0.609112
44.9093 63.3084 43.5067 1.36649 0 -4.5 0 -0.087588 0.96999 -0.226819
36.6966 43.3671 17.4399 1.3267 0.414644 -3.83398 0 0.238344 0.673486 -0.699721
19.316 40.267 22.3855 0.604747 0 -4.5 0 -0.470372 0.827236 0.307296
49.4701 20.119 25.0296 -1.55 -0.0448134 -3.5 0 0.817832 -0.234163 -0.525661
47.8004 18.845 26.2609 -1.50945 -0.763139 -3.5 0 -0.125833 -0.986765 0.102278
56.8954 20.4495 38.1693 0.0256215 0 1.8 0 0.873708 -0.482467 -0.0621226
51.6714 51.9346 45.9901 3.60105 0 -4.01603 0 -0.518137 -0.712184 -0.473634
57.1534 18.1821 34.3088 0.710586 0 -3.9 0 0.943563 -0.220029 -0.247541
31.183 23.826 41.497 0.392432 -0.0115346 -4.35051 0 0.637507 -0.082651 -0.765999
54.8844 32.7891 28.7726 0.573936 -0.476637 2.8 0 -0.4614 0.884094 0.074078
19.6059 43.5173 48.1917 -0.0454428 0 -3.5 0 -0.380013 0.799663 -0.464897
54.5434 50.4101 31.9006 1.5126 0 2.8 0 0.495535 -0.500106 0.710168
39.2272 39.6097 45.4497 4.189 -0.682192 -0.7 0 0.808316 0.586795 0.0479229
36.1258 31.7999 54.8157 0.209938 0 -0.7 0 0.663717 0.0256867 0.747543
56.6176 37.9965 26.0354 1.096 0 1.8 0 -0.463908 0.512989 -0.72224
43.4735 46.1888 22.642 -0.866149 -0.849171 -3.5 0 0.149153 0.953449 -0.262085
36.8374 23.1138 48.5743 -5.61239 0 -1.3 0 0.551489 -0.405142 0.729191
38.2869 49.1455 53.2972 0.96314 0 0.270866 0 -0.328302 0.84941 0.413183
24.0607 59.1685 42.4296 -0.346649 -0.835691 -0.7 0 -0.581043 -0.0116761 -0.813789
19.6822 59.0381 46.5211 0.104232 0 4.2 0 0.22837 0.687653 0.689188
39.231 51.8197 43.6228 6.59117 0 -1.3 0 -0.34003 -0.694581 0.633985
56.4808 48.5384 41.7096 2.41989 0 1.9 0 -0.63032 0.769824 -0.10034
59.4796 38.2201 24.4096 0.913628 0 -4.5 0 -0.418281 -0.64937 -0.635106
43.2639 45.9044 42.3435 5.06615 0 -1.3 0 -0.440593 0.160325 0.883274
46.1981 34.1572 55.7794 0.476707 0 -3.5 0 0.193807 0.611904 0.76682
37.3481 51.3884 30.8935 0.204221 0 3.61416 0 0.400529 0.57224 0.715624
48.833 45.8894 45.9291 4.35728 -0.514424 0.74313 0 -0.571625 0.482325 -0.663783
50.2249 31.6675 52.9988 0.108656 -0.0482685 -4.44206 0 0.193594 -0.968126 0.158911
67.123 48.5244 33.9743 0.51575 0 2.8 0 0.164694 0.956874 -0.239306
35.8828 46.2229 46.1351 5.88079 0.398512 -3.5 0 0.83115 0.406675 -0.379216
31.4252 27.4352 34.8215 0.770664 0.4415 3.8 0 -0.727877 -0.68567 -0.00713358
42.0148 33.3363 56.5062 0.190096 0 3.8 0 0.122311 -0.23865 0.963372
34.689 48.219 56.5633 0.895466 0.21478 -4.5 0 0.439069 0.572202 0.692678
52.3137 51.2603 22.5936 0.397359 0 3.8 0 0.297294 -0.0559035 -0.953148
58.4367 59.9432 37.9594 0.345078 0 3.8 0 0.666367 0.614568 -0.42221
21.6815 45.5658 28.1595 0.265007 -0.151345 -4.5 0 -0.541431 0.074342 -0.837452
53.0321 32.0835 48.4164 -1.73162 -0.673498 -3.5 0 0.98214 -0.0246508 0.186528
46.1235 39.1721 24.5702 0.646631 0 -1.3 0 0.27059 0.0274891 -0.962302
53.0465 40.2748 62.6426 0.167453 0 -0.4 0 0.610672 -0.7892 0.0651351
37.9207 53.758 30.6579 6.98183 0.0316359 -4.5 0 -0.080067 0.0587576 0.995056
15.0487 33.7878 52.0472 0.762847 0.166626 -4.5 0 -0.672037 -0.392041 0.628228
50.3508 37.5493 54.353 0.0784343 0 -3.9 0 0.315038 -0.512356 0.798901
46.5286 61.8505 37.8434 1.22191 0 -4.5 0 -0.441525 0.895416 -0.0573234
35.9881 41.6702 24.8761 -0.119671 0 -2.28684 0 -0.533683 0.729492 -0.427813
30.3855 60.917 37.9045 -1.24093 -0.318608 -1.6 0 -0.500748 0.812522 0.298427
51.5874 33.7316 54.2355 0.604113 0 -4.5 0 -0.0404812 0.460451 0.886761
26.8188 25.9172 54.2723 0.0580504 0 3.8 0 -0.889565 -0.435218 0.138781
45.4304 51.7024 35.681 -0.618605 0 4.2 0 -0.418309 0.517784 0.746269
15.9889 35.3766 44.6803 0.218707 0 3.38895 0 -0.983702 -0.138912 -0.114167
37.5872 17.6018 46.8931 0.790381 0 -4.5 0 -0.805877 0.257729 0.533046
49.3804 30.4583 22.7808 0.895602 0.0507759 -4.5 0 0.804267 0.14279 -0.576859
40.1826 42.7288 42.2484 6.06759 0 -3.9 0 0.522107 0.385924 0.76057
48.4287 61.7956 33.1492 0.942682 0 -4.5 0 0.480103 0.797221 -0.365978
49.3154 60.3289 49.6975 0.539309 0 -1.6 0 0.999515 0.0167423 0.0262628
59.2808 28.4455 38.8033 0.364423 0.10354 -4.48378 0 0.63667 -0.709535 0.302012
55.7532 16.9219 33.6051 2.705 0.0814955 -3.9 0 0.583668 -0.790076 -0.187378
43.2547 61.0405 40.3687 1.10893 0.346208 -4.5 0 -0.717126 0.64998 -0.251507
35.3088 57.5414 48.9543 -0.367905 -0.679517 -3.5 0 -0.922975 -0.0746869 0.377543
56.2982 33.1986 30.8827 1.40359 0 2.8 0 0.0830325 0.995814 0.0382151
43.8701 39.2402 20.7894 0.341827 0 3.8 0 0.76228 0.454013 -0.461305
21.6964 30.7568 22.6022 0.924387 0 -4.5 0 0.464665 -0.779341 0.420374
47.0999 15.2449 33.9234 0.0713733 0 -0.4 0 -0.222291 -0.507597 -0.832425
37.2052 20.4096 43.0204 -0.43355 -0.0782589 2.05986 0 -0.589341 -0.288448 -0.754636
58.0708 28.0861 23.4881 -0.269175 0 -3.5 0 0.998884 0.0427497 0.0200702
60.0986 52.6367 45.7659 0.830423 0 -3.5 0 0.372176 -0.0962555 0.923158
35.4992 56.1574 49.1634 1.11555 0.155916 -3.5 0 -0.79235 0.266555 0.548752
46.9571 28.9572 25.2008 0.524753 0 -4.5 0 -0.246695 -0.909067 -0.335767
23.2068 58.4534 42.7146 -0.212188 0 -0.7 0 -0.271156 0.411064 -0.870345
44.5104 26.1125 53.4961 0.529989 0.0965069 -4.5 0 0.754246 0.124412 0.644697
60.9895 41.593 46.5961 0.222188 0 -0.9 0 0.863655 -0.128051 0.487548
39.607 50.204 54.939 0.63129 0.36545 -0.4 0 -0.818971 -0.102376 0.564629
24.4066 32.8908 19.1752 0.440445 0 4.2 0 -0.482056 -0.521769 -0.703831
51.7631 16.9466 36.6437 -0.0711094 0 -3.19385 0 0.0453779 -0.905187 -0.422585
35.2348 63.9289 41.1994 -0.741275 -0.128669 -3.5 0 -0.911642 0.0708832 0.404826
15.6438 47.4719 31.4609 0.421869 0 -4.5 0 -0.823403 -0.00699146 -0.567414
53.1177 30.0699 48.0701 0.312366 0 -3.5 0 0.826153 0.300254 0.476779
34.9277 44.3875 22.6608 -0.505534 -0.0240509 2.82229 0 0.204933 -0.679547 0.704428
47.6389 55.1217 40.4682 2.37847 0 -3.5 0 -0.304053 -0.810071 -0.501335
58.2865 46.2723 43.5261 -0.0676623 -0.651066 2.5431 0 0.737843 0.0902007 0.668918
54.4007 53.0411 24.0764 0.407096 0 3.8 0 0.388861 0.497978 -0.775116
14.5239 47.9224 39.6621 3.18945 0 -3.9 0 -0.923486 0.184588 0.336305
26.9924 35.7692 24.7051 -0.291521 0 3.22678 0 0.792802 -0.230073 0.564386
42.1504 64.1168 46.5023 1.1666 0.0331523 -4.5 0 0.157952 0.90601 -0.392679
51.796 41.3431 64.4337 0.208083 0 -0.4 0 0.463971 -0.244486 0.851444
27.541 59.7365 43.298 0.939946 0.0374336 -0.7 0 0.597367 0.294289 -0.746021
39.469 50.782 53.795 1.36196 0 -0.4 0 -0.924102 0.155241 0.349194
41.5103 22.82 53.0875 0.378613 0 -4.5 0 0.246453 -0.796715 0.551821
39.4934 41.0649 44.2084 7.25035 0.409323 -3.9 0 0.801628 0.222856 0.554732
37.9567 34.2142 17.243 0.10516 0 -3.9 0 -0.325144 -0.754106 -0.570618
63.4114 58.8874 38.6856 0.270503 0 3.8 0 0.226545 0.690351 -0.68709
22.4815 56.2719 33.9693 1.58957 0 -3.9 0 -0.979258 -0.201663 0.0196618
40.6624 50.6309 45.5429 4.70175 -0.134273 -3.5 0 -0.465458 -0.584313 -0.664776
28.8111 30.9916 34.6007 -0.333903 0 -3.5 0 -0.244938 -0.833614 -0.49507
23.4792 27.4601 49.9006 0.588213 0 -3.54742 0 -0.0522785 -0.625557 0.778425
36.0137 28.755 55.6051 -0.2285 0 -3.5 0 0.642436 -0.35776 0.677704
57.7719 40.7478 32.2737 1.50608 0 -1.6 0 -0.38915 -0.815406 -0.428573
33.1361 28.0902 26.3312 0.187658 0.046433 -3.01715 0 0.0536798 0.452848 -0.889971
44.8501 42.6126 43.0371 5.43168 0 -1.3 0 -0.615683 -0.335973 0.712781
20.2164 52.3109 38.5465 -0.659936 0 -3.5 0 -0.0674828 0.993113 0.0957748
69.2975 33.2515 38.5902 0.132007 0 -4.5 0 -0.0523224 -0.339467 -0.939162
48.8823 56.0388 32.3911 0.914643 0 -4.5 0 -0.998695 0.0401201 -0.0315889
61.0754 38.7329 22.1421 1.35127 0 -4.5 0 -0.297309 -0.839625 -0.454574
38.308 44.0321 41.602 6.14951 0 1.8 0 -0.117979 0.819265 0.561147
49.9576 22.3616 26.1031 -0.175111 0.0359039 -3.5 0 0.597002 0.00126966 -0.802239
53.1531 29.9829 25.8286 0.808631 0 -3.5 0 -0.694396 0.472253 -0.542948
52.478 54.3913 60.1469 -1.19227 -0.733062 1.8 0 -0.00261576 0.590169 0.807276
53.3355 44.7765 37.1055 1.8263 0 3.8 0 0.166075 0.926508 -0.337641
58.0144 44.6951 44.7055 0.117022 -0.117889 2.8 0 0.887529 0.358385 0.289572
56.123 50.076 43.067 3.00887 0.394147 -3.5 0 -0.70396 -0.0136525 -0.710108
22.2971 54.4449 40.4729 -1.60602 -0.448131 -2.67195 0 -0.643005 0.688333 -0.335771
30.3904 41.1964 16.1943 0.315378 0 -3.5 0 -0.946748 0.0101433 -0.321815
70.1618 33.8857 41.1903 0.0253381 0 -4.5 0 0.557821 0.0673779 0.827222
53.3897 50.4847 35.3764 1.67369 0 1.8 0 0.943202 -0.291156 0.159994
49.8861 43.2933 24.8257 0.574279 0 -0.4 0 -0.168934 0.346138 -0.922849
37.1456 25.133 37.0885 0.171836 0 3.24558 0 0.134406 -0.989895 -0.0451984
38.7535 61.1175 41.788 0.416272 0.283291 -4.02926 0 0.812719 0.574812 0.0952805
47.8775 56.516 47.458 1.24244 -0.797524 4.2 0 0.518457 0.614287 -0.594856
29.0161 28.118 38.7074 -0.806992 0 -2.65483 0 -0.826383 -0.471363 -0.308072
53.018 41.33 45.3685 2.97566 0 1.8 0 0.064506 -0.425268 0.902766
23.5353 56.4932 41.6585 -0.227807 0 -0.8 0 -0.171731 0.540042 -0.823932
47.7397 14.0005 51.0079 0.808751 0.256198 -4.5 0 0.193958 -0.798736 -0.569562
40.5722 26.0721 55.7709 0.0993688 0 -3.96654 0 -0.467983 -0.543927 0.696516
22.0147 33.5933 30.2838 0.70606 0 -4.5 0 0.29795 -0.890347 0.344249
25.4394 28.4526 54.8971 0.0571539 0 -3.5 0 -0.52447 -0.787373 -0.323998
18.7581 52.8851 35.9844 -1.10492 -0.328631 -3.5 0 -0.502429 0.84991 -0.158804
15.7422 47.7223 41.0456 1.68749 0.747651 -3.9 0 -0.71596 0.0200576 0.697853
17.0806 53.8512 41.8514 -0.142129 0 -3.5 0 -0.451315 0.731268 -0.511431
58.3683 43.7308 54.4038 0.194085 0 -3.5 0 0.707835 -0.695062 -0.125929
31.9096 43.5716 17.5747 0.492286 0.559295 -3.5 0 -0.306584 0.761096 -0.571611
47.061 41.5196 44.0646 6.35334 0.383934 -0.860374 0 -0.471326 -0.545732 0.69284
57.3994 37.0132 40.5942 0.780243 0.051658 -2.62687 0 0.838154 0.539817 0.0780717
57.7851 54.1678 34.562 0.688328 0 3.8 0 0.758966 -0.605202 -0.24021
44.1426 57.7418 54.9249 0.290649 -0.310082 -3.55978 0 -0.306807 0.628841 0.714443
37.6266 37.3814 56.894 -0.980354 -0.407741 0.52375 0 -0.111007 -0.281404 0.953147
25.3867 16.0956 44.9089 0.508977 0.00976232 -4.5 0 -0.0119663 -0.937655 -0.34736
38.6015 50.385 20.6495 0.508999 0 1.8 0 0.926531 0.321735 0.195006
20.1791 33.0762 29.0265 0.554886 0 -4.5 0 -0.573672 -0.575733 0.582608
35.7762 25.9043 53.426 -0.0802911 0 -3.78293 0 0.249502 -0.527568 0.812047
34.8744 41.2679 58.3776 -0.0222878 0 -3.5 0 0.00652279 0.230033 0.973161
60.6428 35.5857 26.0588 0.641533 -0.206535 -3.08353 0 0.948338 0.200048 -0.246242
29.867 57.0715 30.672 0.594962 0 -0.8 0 -0.550723 0.813082 0.188686
16.823 42.9128 31.7882 -1.6997 0 -3.5 0 -0.278559 -0.0178891 -0.960253
48.2855 31.85 26.0105 1.04074 0 -4.5 0 0.775717 0.630612 -0.0243137
41.0361 31.5702 56.7474 0.236065 0 -3.5 0 -0.221748 0.514182 0.82852
41.5418 16.4956 40.1366 -0.499147 -0.0959062 -3.5 0 -0.675026 -0.735097 0.0630249
17.7561 36.5594 38.75 -0.24502 0 3.54901 0 -0.67117 -0.709526 -0.214718
46.6239 20.4463 32.3839 -0.0971963 0 1.9 0 -0.760873 -0.545772 -0.351006
28.9862 20.355 49.7659 0.329164 0 -3.5 0 0.576359 -0.6977 0.42547
58.5146 32.1496 42.8108 -0.545411 -0.863496 -3.5 0 0.444366 0.145815 0.883899
46.0723 49.7492 36.4614 -5.37068 -0.737469 2.8 0 0.223031 0.736624 0.638469
24.6042 38.0588 54.1655 -0.439436 0 -0.4 0 -0.343697 -0.090504 0.934709
30.6777 55.6165 53.0018 0.567928 0 1.8 0 0.730648 0.561582 0.388302
58.5138 28.4017 41.8139 -0.401205 0 -3.5 0 0.556412 -0.637457 0.532967
49.1085 33.0846 29.8072 0.944265 -0.0117794 -1.29569 0 0.0601069 0.266033 -0.962088
57.2029 17.9485 40.8036 0.0423668 0 -3.5 0 0.778084 -0.17481 -0.603346
36.7287 29.802 28.632 1.13832 0 -3.9 0 -0.826595 0.562755 0.00683612
43.9877 45.7177 47.6522 4.86753 0 -0.8 0 -0.0292276 0.138394 -0.989946
56.7664 49.0441 22.7626 0.465603 0 3.8 0 0.271866 -0.458363 -0.846163
46.3664 62.1229 34.9385 0.804373 0 -4.5 0 -0.804145 0.593011 -0.041094
48.6801 14.1675 52.1474 0.46499 0 -4.5 0 0.817272 -0.575735 -0.0244004
38.936 45.9405 39.9785 6.31094 0 1.8 0 -0.393437 0.444964 0.804496
45.6671 15.4388 55.2443 0.934567 0.364066 -4.5 0 -0.151264 -0.281184 0.947657
21.7005 46.9208 46.2215 0.268786 0 3.51498 0 -0.960851 -0.15188 -0.231728
48.377 51.691 63.612 0.500509 0 -0.8 0 0.328038 0.163804 0.930354
64.9898 38.9781 31.7307 0.734699 0 -3.5 0 0.474863 -0.266131 -0.838856
43.9121 49.2352 46.2776 4.99957 0 -3.5 0 0.434444 -0.338203 -0.834792
58.7822 60.1165 43.4707 -0.883543 -0.00235893 3.8 0 -0.131514 0.567292 0.812948
55.3553 35.5335 33.0967 1.74417 0 -0.4 0 0.0758244 0.416907 -0.905781
54.151 52.6302 34.1652 1.67872 0 3.4859 0 0.630175 -0.705417 0.324449
35.2509 61.3479 38.3833 0.664406 0 -3.5 0 0.0659846 0.119079 -0.99069
63.0544 37.3776 39.5019 0.824159 0 -3.5 0 -7.42916e-05 -0.169591 0.985515
27.0148 52.3106 53.4999 0.400184 0 -0.4 0 -0.462639 0.500045 0.732066
32.5462 36.2764 60.3964 0.140035 0 -0.7 0 0.826687 -0.0607434 0.559373
67.4159 33.8375 39.0185 0.588 0 -4.5 0 -0.491124 -0.354567 -0.795663
64.2887 36.6937 37.4328 1.0236 0.187891 -4.5 0 0.471893 -0.848503 -0.239499
16.4499 34.2753 41.6304 -0.138949 0 3.8 0 -0.722128 -0.187319 -0.665915
24.5691 27.7596 58.6681 -1.71886 -0.0769523 -3.5 0 -0.494279 -0.839639 0.225155
53.336 49.2378 63.9967 0.0481426 0 -4.5 0 0.852372 0.520903 -0.0460692
52.7164 34.5815 32.3464 2.15163 0.0116601 -2.69136 0 0.766442 0.294789 -0.570672
47.1356 59.387 43.5094 0.305894 -0.0289456 -3.57799 0 0.560088 0.0450558 0.827207
54.3372 18.3284 45.4823 -0.0732815 0 -3.5 0 0.356367 -0.28171 0.890866
26.078 52.0488 20.2988 1.25516 0.691693 -4.5 0 -0.613631 0.631289 -0.474268
55.4734 18.2601 45.5252 -0.567044 -0.0434533 -3.5 0 -0.198087 -0.359545 0.91186
39.994 20.1338 50.0105 2.34029 0 -3.5 0 -0.866421 0.482978 0.126675
23.038 35.4661 58.9124 0.0930255 0 -3.5 0 -0.608807 0.790598 -0.065647
55.8373 50.6759 58.8795 -0.115374 -0.373404 -0.31998 0 0.936958 0.130214 0.324275
22.79 32.5621 33.0077 -0.284469 0 -4.5 0 -0.00414292 -0.870666 -0.491858
50.5642 48.1277 43.3195 3.23472 0 -0.7 0 -0.184948 0.971153 0.150521
48.6867 33.3703 53.8929 0.00215366 0 -3.57285 0 0.463117 0.606775 0.646024
29.9749 26.7482 37.77 0.428222 0 -1.6 0 -0.763446 -0.286843 -0.57868
18.4232 31.5462 25.6423 0.531232 0.775753 -4.5 0 -0.762162 -0.540172 0.356823
33.9061 27.1128 25.3249 0.424917 0 -4.5 0 -0.219178 0.476278 -0.85154
35.1927 53.1777 51.4183 0.91555 0 -3.5 0 -0.0536075 0.679379 0.731827
20.4543 53.757 33.8201 -1.63896 0 -3.5 0 -0.47373 0.480457 -0.738066
34.73 53.2682 24.5368 1.86624 0 0.186486 0 -0.118826 0.846404 -0.519116
55.9789 45.9141 24.0785 -0.12538 -0.488858 -0.4 0 0.785993 -0.0186771 -0.617953
42.3854 38.3173 47.2089 4.41992 0 2.25307 0 -0.280574 0.876123 -0.392029
25.1026 50.9931 49.3341 2.35538 0.110379 -3.9 0 -0.880825 0.0849143 0.465765
60.1442 35.1698 35.633 -0.247225 0 -3.5 0 -0.120648 -0.153571 -0.980745
51.4385 51.131 47.7435 3.3592 0 -4.5 0 -0.56672 -0.326754 -0.756347
26.2831 26.0514 43.2765 0.0199574 0 4.2 0 -0.668888 -0.444177 -0.596067
65.4325 49.9354 41.8045 -0.639186 -0.660423 -0.791283 0 0.823461 -0.51936 0.228425
44.8594 53.5026 32.1669 0.364934 0 4.2 0 0.124518 0.907388 0.401425
32.6005 25.7919 41.9808 -0.620567 0 4.2 0 0.591937 -0.781001 -0.199119
29.5898 32.8671 31.463 -0.407878 0 1.8 0 -0.243878 -0.356819 -0.901778
31.7764 49.3901 55.655 1.19652 0 -4.5 0 -0.809651 0.341759 0.477143
69.0795 39.8903 42.3917 -1.32271 -0.291114 -3.5 0 0.96224 -0.173562 -0.209693
29.1873 25.2948 55.2639 -0.0655055 0 3.8 0 0.325628 -0.686914 0.649705
24.0834 29.2456 54.6624 0.0519252 0 -3.5 0 -0.707951 -0.70617 -0.011423
45.5671 58.3282 39.1604 0.785959 -0.0424074 -4.45317 0 -0.665415 -0.512284 -0.542943
28.886 39.3228 54.92 -0.364251 0 3.8 0 -0.457687 0.845697 0.274443
34.3175 26.4325 41.0467 0.328166 0 -1.6 0 0.324481 -0.86459 0.383662
35.613 56.3382 34.1104 -0.975478 0 -0.8 0 0.648555 0.203708 -0.733402
21.2878 45.176 44.838 0.258114 0 3.8 0 -0.67509 0.551088 0.490464
64.3796 46.2245 44.773 0.256991 0 -1.6 0 0.32555 -0.231759 0.916681
19.0457 40.0368 16.7397 0.212805 0 -4.5 0 -0.164345 0.8567 -0.488933
38.2764 29.3073 22.598 -0.755588 -0.0196246 -3.5 0 -0.644063 -0.649184 0.404652
21.37 42.8647 25.8265 0.242716 0 3.8 0 -0.198599 0.582233 -0.788393
35.9629 45.8696 18.4221 1.47158 0.0314603 1.45003 0 -0.0614555 -0.122263 -0.990593
38.1024 28.8824 25.2891 0.145251 0 -3.9 0 -0.720659 0.0313733 -0.692579
37.0881 35.5139 17.3431 0.314253 0 -3.9 0 -0.769597 -0.502768 -0.393632
71.3838 34.9841 39.1974 0.72915 0 -4.5 0 0.921873 0.30634 -0.237288
35.6134 30.7197 18.0547 -0.529092 0 -3.5 0 -0.608071 0.286092 -0.740541
38.8304 38.952 56.8486 -0.201412 0 3.8 0 -0.138734 -0.148027 0.979204
25.6356 54.8963 34.0741 0.8873 0 -1.6 0 -0.331272 -0.292128 -0.897174
47.1734 63.7402 50.0788 0.777553 0 -1.6 0 0.218045 0.953559 0.2078
17.1174 30.2569 48.2314 -1.14751 -0.247369 -3.5 0 -0.27981 -0.683263 0.674432
35.221 24.555 25.689 0.487457 0 -4.5 0 0.0303642 -0.391541 -0.919659
48.8304 61.007 40.4338 0.702005 0 -4.5 0 0.692912 0.720167 -0.0351222
16.8729 41.7118 53.7739 0.343549 0 1.8 0 -0.178545 0.751532 0.635076
33.1811 53.8831 47.3905 0.26635 -0.821197 -1.54444 0 -0.253097 0.937233 -0.239866
45.9151 52.9273 34.7751 0.731898 0 4.2 0 -0.626181 0.632975 0.455237
50.0387 53.1443 41.6843 1.42718 0 -1.6 0 -0.465397 -0.849181 -0.249593
33.6441 21.9466 48.1617 0.101752 0 -0.352645 0 -0.24286 -0.917689 0.314428
41.7668 55.3577 31.1565 -2.3001 -0.0402402 -3.5 0 -0.197019 0.776347 0.598723
58.7373 39.4308 40.4323 0.605601 0 -0.9 0 0.310901 -0.947185 -0.0786202
59.9022 57.6864 39.1911 0.614847 0 3.8 0 0.210176 0.175601 -0.961764
62.8792 51.8615 39.2411 0.647318 0 -0.7 0 0.0658232 0.404944 -0.911969
37.2394 43.8801 24.4858 0.595368 0 -4.5 0 -0.946115 -0.291339 -0.141381
39.0014 43.2746 46.5213 5.26756 -0.0316345 -3.5 0 0.672868 0.00175628 -0.739761
53.1859 19.8954 46.7504 0.366865 0 -3.5 0 0.461408 -0.14502 0.875256
40.3422 53.5875 26.1308 1.65119 0 -4.5 0 0.839255 0.245701 -0.485059
35.8571 39.5718 14.4109 0.796751 0 -3.5 0 -0.430126 -0.151833 -0.889909
47.0416 47.7471 46.8739 4.61119 0 4.2 0 -0.491303 -0.236845 -0.838168
40.4861 40.2657 43.6407 5.46205 0.794504 -3.2068 0 0.274356 0.693825 0.665835
17.3304 38.4009 16.7171 1.13291 0.890629 -4.5 0 -0.765234 -0.34162 -0.54563
45.409 48.914 26.436 -0.229568 -0.636572 -1.84313 0 -0.196388 -0.242148 -0.950156
21.3396 36.5467 55.2832 -0.392367 0.362117 -3.85719 0 -0.377991 0.486056 0.787955
22.9931 32.0764 61.791 -1.91631 -0.0697252 -3.5 0 -0.163803 -0.585133 0.794222
48.0149 54.2169 32.362 0.817036 0 -0.440452 0 -0.724855 0.667798 -0.169208
17.0347 33.3601 53.3384 1.91832 0 -3.9 0 -0.707088 -0.0163002 0.706938
46.8181 54.6268 61.6895 0.141241 0 -0.8 0 -0.0266542 0.944632 0.327047
33.9267 41.3447 54.8065 0.967793 0 -3.5 0 -0.855061 0.453868 0.250746
22.3622 54.0942 38.906 -1.44195 -0.145821 -3.5 0 -0.429075 0.81562 -0.388149
33.5948 61.4219 38.4048 0.793097 0 -3.5 0 -0.0837079 0.681841 -0.726696
60.9811 43.6461 43.7069 -0.146945 -0.775105 1.56271 0 -0.269879 0.519538 0.810707
44.9388 22.2295 51.1068 -1.32033 -0.0977316 -3.5 0 0.75228 0.216658 0.622202
17.3762 30.3913 53.5355 3.15717 0.300231 -3.9 0 -0.416569 -0.870268 0.262874
32.4636 61.2301 35.3316 0.546875 0 -1.6 0 0.30368 0.946156 0.112103
57.7062 45.301 47.0635 0.306204 0 2.8 0 0.918949 -0.185197 0.348189
39.4473 47.9462 49.0838 5.5881 -0.809487 -0.910517 0 -0.179462 -0.2415 -0.953662
43.9507 52.2407 58.2147 0.0145776 0 -1.95942 0 -0.608356 -0.39098 0.690679
49.0499 14.5264 36.3184 -0.0876374 0 1.32359 0 0.644922 -0.753791 -0.125992
37.0304 45.2394 45.6628 5.95585 0.136683 -3.5 0 0.462884 0.696407 -0.548413
26.04 34.0382 26.204 -0.483832 -0.0951266 -4.5 0 0.632537 -0.636307 -0.441599
51.7263 43.6204 23.0747 1.16643 0 -3.9 0 -0.659673 0.280051 -0.697426
49.9949 47.9786 37.4461 2.60894 0 2.8 0 0.62337 0.210383 0.753093
39.4723 22.1144 35.6908 -0.24744 0 -0.7 0 -0.940523 0.328324 0.0872943
48.7706 14.8369 53.2243 0.792997 0.0243035 -4.5 0 0.887422 0.138238 0.439741
27.147 54.1802 46.5525 0.623675 0 -3.9 0 0.0236191 0.483776 0.874873
68.966 39.8054 44.8041 -1.81305 -0.436074 -3.5 0 0.582685 -0.570459 0.578839
22.7214 58.3974 31.5347 2.94514 0 -3.9 0 -0.385823 0.435647 -0.813236
58.0163 50.6536 27.7538 0.512331 0 2.80543 0 0.921082 -0.236376 -0.309409
58.9248 46.587 52.9439 0.316856 0 -3.262 0 0.982323 -0.111295 -0.150516
44.8705 62.3231 50.4165 0.250231 0 -1.6 0 -0.724621 0.110127 0.680291
28.8475 29.0439 55.9794 -0.467299 0 3.8 0 0.602771 -0.183963 0.776418
26.0048 36.7052 58.8692 0.0332504 0 -3.31027 0 -0.578779 0.701881 0.415184
55.3507 17.0621 31.9905 3.18958 0.130069 -3.9 0 0.44295 -0.673911 -0.591303
57.0728 19.6924 33.35 0.629274 0 -3.9 0 0.947462 0.119726 -0.296615
65.504 38.4533 41.4035 0.144487 0 -4.5 0 -0.54381 -0.356657 0.759649
16.79 33.9026 32.3602 -1.0322 0 -3.5 0 -0.734143 -0.678985 0.00377981
11.9019 42.1763 35.4034 0.688823 0.0663573 -3.5 0 -0.200906 0.946398 0.25292
40.1147 38.9753 16.0582 0.676633 0 -3.9 0 0.777113 0.489257 -0.395881
24.3671 61.9492 44.0536 0.142501 0 -0.7 0 -0.639644 0.768583 -0.0116493
32.1191 26.6168 35.9344 0.385943 0.484667 1.26686 0 -0.473854 -0.746906 -0.466469
46.3532 44.6022 43.8325 4.64897 0 -1.3 0 -0.43225 0.597305 0.675564
35.6167 24.1933 36.3064 0.0299594 0 4.2 0 -0.0305809 -0.898176 0.438572
46.4576 51.812 28.5055 0.300266 0 -0.8 0 -0.261034 0.95961 -0.104924
56.6589 39.3274 52.5962 0.599569 0 -3.62439 0 0.131843 0.20831 0.969136
60.4444 36.8131 25.6065 0.0943301 -0.7426 -4.5 0 0.509301 -0.371492 -0.776277
23.358 39.8997 25.5578 -0.25204 0 3.8 0 0.261136 -0.120498 -0.957752
37.9709 59.7028 49.6423 0.708094 0 -3.01139 0 -0.17799 0.170996 0.969061
26.1339 48.6838 26.6862 -0.228305 -0.339518 4.2 0 -0.502846 -0.00143393 -0.864375
52.3261 54.4089 27.3743 0.561436 0 0.162129 0 0.691159 0.710417 0.132689
46.2744 60.0279 45.0587 0.975327 0 -3.66604 0 0.925459 -0.37793 0.0263422
29.59 36.0558 62.0571 0.225497 0 -0.7 0 -0.0662999 -0.286536 0.955773
25.6437 41.7799 23.3264 0.71792 0 -1.6 0 -0.26853 -0.422692 -0.865577
51.1198 37.8997 26.5858 0.771106 -0.130339 -3.68071 0 0.253341 -0.851982 -0.458198
48.6107 57.8096 56.7883 -1.52882 0 -3.5 0 0.43555 0.440664 0.784927
43.5139 39.4142 43.6374 5.29513 0 4.2 0 0.481701 0.812976 0.32716
60.7829 46.8251 32.6437 0.58918 0 0.528343 0 -0.0682772 0.647975 -0.758595
57.2434 43.3192 61.5631 0.425143 0 -3.5 0 0.433619 -0.88364 0.176508
56.7089 36.6776 34.0573 1.43485 0.238722 -1.24852 0 0.322528 -0.0482235 -0.945331
38.787 25.2209 36.4377 -0.587832 0 4.2 0 -0.483859 -0.855362 0.18503
40.9016 15.5409 46.1004 0.403038 0 -4.5 0 0.783668 -0.583931 -0.21187
37.5389 51.6734 52.0223 -0.367757 -0.47929 -3.5 0 -0.0738752 0.458058 0.885847
55.2231 57.3881 34.1425 0.544566 0 3.8 0 0.105451 0.985646 0.131839
44.3206 27.5697 52.6109 0.229154 0.518815 -4.16631 0 0.699847 0.0863871 0.709049
16.7977 46.7022 30.2755 0.627033 0.0896422 -4.5 0 -0.736049 -0.0663507 -0.673669
66.776 48.234 35.4524 0.41024 0 2.8 0 0.0582385 0.904929 0.421559
31.1344 51.4489 51.9049 0.769235 -0.0335731 -0.7 0 0.710753 -0.0753054 0.699399
59.6536 41.7826 23.205 0.845174 0 -4.5 0 -0.52112 0.744355 -0.417576
29.8694 27.1378 29.0233 0.178411 0 -0.4 0 -0.87723 -0.31888 -0.358864
19.7794 39.0634 54.0901 0.883792 0.614964 1.8 0 -0.0901155 0.285901 0.954013
60.576 37.7075 39.1177 0.48084 0 -3.5 0 -0.482231 0.351197 0.802567
45.8932 57.8284 37.0452 1.99667 0 -4.5 0 -0.98716 -0.157244 0.0280869
32.8031 30.0176 28.4722 -1.63727 0 -0.4 0 0.309064 0.937927 -0.157393
54.3553 56.9759 36.813 0.58479 0 3.34561 0 -0.201491 0.864826 -0.459866
52.1797 20.7377 31.6432 -0.0917523 0 1.9 0 0.701884 -0.314552 -0.639074
54.6418 16.5684 36.1725 0.41333 0 -3.9 0 -0.0152684 -0.955164 -0.295682
57.8395 21.5255 44.4221 -1.90533 -0.887134 -3.5 0 0.778409 0.59999 0.184637
37.0247 33.1224 54.5433 -0.177157 -0.597481 -0.7 0 0.297147 -0.110392 0.948429
27.1686 43.7747 53.8584 -0.366172 -0.128254 -4.5 0 0.214679 -0.459705 0.861733
40.839 16.7666 41.2125 -0.486954 -0.378225 -3.7424 0 -0.492154 -0.588149 -0.641767
49.4825 40.0091 66.1401 0.238912 0 1.8 0 0.461766 -0.579054 0.671914
36.0415 27.2021 19.181 -2.02705 -0.0619051 -3.5 0 0.230307 -0.972959 -0.0176064
41.0674 55.2155 58.4911 -0.840244 -0.716164 -0.7 0 0.337276 0.424433 0.840298
57.0452 26.2511 33.6893 -0.00803744 0 -2.83075 0 0.382207 -0.905213 -0.185761
41.2396 63.5255 49.7686 0.508779 0 -1.6 0 0.551014 0.241676 0.798734
55.682 51.8853 23.5306 0.403104 0 3.8 0 0.0930064 0.665363 -0.740704
48.1393 58.5603 29.1866 2.27821 0.711436 -4.5 0 -0.755134 0.0707853 -0.651738
20.8603 29.1253 38.4388 -0.230126 0 -0.4 0 -0.280188 -0.519757 -0.807061
43.2219 28.4933 52.9902 0.376519 0 -0.7 0 0.807577 0.121022 0.577212
25.2116 55.1162 39.2967 -0.907586 -0.70221 -3.5 0 -0.664229 0.737671 -0.121
48.8106 20.5142 47.303 0.696616 0 -4.5 0 0.446056 0.259459 0.856572
49.1256 14.1158 38.2179 -0.0244886 -7.94656e-05 2.79796 0 0.317305 -0.739505 -0.593675
10.9219 41.2595 35.7113 0.796209 0.788412 -3.5 0 -0.837571 0.418466 0.351229
24.6556 32.8314 61.27 -0.166155 0 -3.5 0 0.290429 -0.555092 0.779438
52.2486 18.6119 46.9602 0.339599 0 -3.5 0 0.193404 -0.174051 0.965557
41.7306 40.093 43.5476 5.11212 0 4.2 0 0.149256 0.793418 0.590093
41.4952 65.1006 48.1878 0.475275 0 -1.6 0 0.29685 0.953215 0.0570997
44.5456 52.7092 60.3089 -0.249016 -0.164345 -0.8 0 -0.820723 -0.358991 0.444454
51.8777 56.5558 47.4725 1.30781 0 -1.6 0 0.00245664 0.556458 0.830872
23.4546 29.1546 53.1101 -0.43577 0 -3.5 0 -0.0762206 -0.897076 0.435252
22.885 40.9519 54.7559 0.136548 0 -0.4 0 -0.107229 0.333068 0.936786
19.8836 46.2882 44.1662 0.370359 0 1.8 0 -0.12321 0.063155 0.990369
41.0067 56.7137 54.1976 0.851936 0 -0.7 0 -0.507382 0.785937 0.353365
50.5653 45.3457 61.6113 0.475233 0 3.8 0 -0.44831 0.236537 0.862014
35.9699 32.8671 22.2695 0.179963 0 -3.5 0 -0.906841 -0.074093 -0.41491
57.3995 48.4324 58.186 -0.233023 0 -3.5 0 0.591701 0.610382 0.526616
38.1011 31.6625 18.0942 -0.0700242 0 -3.5 0 0.544808 0.162702 -0.822625
56.1801 26.5391 26.3323 0.105316 0 -3.5 0 0.590265 -0.767814 0.249097
61.5158 31.9601 25.7829 0.467153 0 -4.5 0 0.920348 -0.34553 0.183216
64.5609 39.8996 19.3197 0.774604 0 -4.5 0 0.131746 -0.0147977 -0.991173
39.5827 44.3006 18.1888 0.791393 0 -4.25761 0 0.313424 0.535745 -0.784055
58.5049 52.7043 31.0649 0.407091 0 2.8 0 0.594287 -0.0353175 0.803477
38.3138 27.1084 54.0853 0.189688 0 -4.5 0 -0.391451 -0.219693 0.893589
15.5335 29.6721 47.3162 -0.302052 0 -3.5 0 -0.570005 -0.601846 0.559353
14.4964 41.3177 35.0714 0.0121406 0 -3.5 0 -0.08174 0.936398 0.341288
58.4668 46.8167 58.5626 -0.0565376 0 -3.5 0 0.804254 0.092343 0.587067
34.117 54.5201 25.684 -0.52539 0 4.2 0 0.077918 0.417347 -0.905401
15.5153 44.4379 44.3345 0.684094 0 -4.5 0 -0.396746 0.690026 -0.605356
55.6598 42.0415 54.8997 -0.0698593 -0.196666 -3.5 0 0.188066 -0.957252 0.21977
18.3584 34.4244 21.4034 0.713308 0 -4.5 0 -0.531642 0.743755 -0.405198
32.1912 32.5687 32.5964 -0.377497 0 3.8 0 0.546048 0.437228 -0.714607
56.0271 19.2276 32.0966 1.40326 0 -3.9 0 0.543059 0.0739363 -0.836433
47.6126 61.0078 47.1361 0.95226 0 -1.6 0 0.751814 0.330588 -0.570515
57.6278 16.7518 44.5305 -0.236381 0 -3.5 0 0.587735 -0.729923 0.348969
68.1475 37.6086 41.7981 0.0383497 -0.0191269 -4.3352 0 0.362255 -0.42898 0.827494
59.4529 30.3193 26.2295 -0.413166 -0.151404 -4.5 0 0.52601 -0.849477 -0.0412614
56.8038 39.2724 27.3569 1.51281 0.617494 1.8 0 -0.959288 0.282425 0.00131763
20.0883 48.8671 45.2161 0.543088 0 1.8 0 -0.660528 -0.219683 0.717943
36.8835 31.7782 17.8759 -0.101029 0 -3.5 0 -0.269175 0.511995 -0.815725
27.7881 31.7151 33.8226 -0.494922 0 0.365809 0 -0.156886 -0.808914 -0.566608
55.169 50.2463 54.5016 0.321231 0 -1.6 0 0.389569 0.919221 -0.0571727
19.4692 42.9879 52.9133 0.306585 0.0535526 -3.5 0 -0.18605 -0.026321 0.982188
62.2916 54.7025 39.0494 0.329485 0 3.1953 0 0.236075 -0.251737 -0.938561
16.7903 44.9601 48.2962 0.779035 0.45492 -4.5 0 0.510731 0.859409 -0.0238752
17.0943 52.8391 37.4226 -0.317392 0 -3.5 0 -0.526472 0.832798 -0.171101
49.88 15.9888 35.4561 -0.222125 -0.256814 0.647592 0 0.756781 -0.568426 -0.322762
36.5879 24.7297 37.8585 0.725461 -0.245356 -0.8 0 -0.153942 -0.939059 -0.307361
50.2641 21.869 46.3861 0.188432 0.383644 -3.5 0 -0.0615915 0.411119 0.909498
57.717 54.95 33.3268 0.560519 0 3.8 0 0.943017 0.0930827 -0.319458
25.4993 20.0717 41.7994 0.584586 0 -4.5 0 -0.450498 -0.255504 -0.855435
24.7799 45.9267 55.4548 0.131294 0 -0.8 0 -0.0658537 -0.25673 0.964237
48.9832 30.7646 52.2082 -0.658822 -0.785419 -3.5 0 0.763134 -0.516184 0.388819
29.1719 54.9844 54.1971 0.499999 0 1.8 0 0.220201 0.220985 0.950093
17.4224 38.6781 18.9379 0.913182 0.0220747 -4.5 0 -0.919535 -0.179137 0.349809
34.0635 52.4545 23.3775 10.8591 0 -4.5 0 -0.382126 0.660693 -0.646115
65.0489 50.2662 38.9361 0.0650099 0 3.8 0 0.671226 0.103918 -0.733933
57.5453 32.4567 43.2069 0.686505 -0.263398 -3.75242 0 0.588721 -0.227286 0.775725
60.022 55.0282 37.7542 0.507329 0 3.8 0 0.599394 0.399154 -0.693833
54.5137 52.8061 49.7719 0.80688 0 -4.5 0 0.588859 0.68234 0.433194
65.2834 48.876 42.9775 0.37475 0 -1.6 0 0.985555 0.150532 -0.0776041
50.1956 19.6684 47.2023 -0.515176 -0.0122639 -3.5 0 0.159227 0.0924893 0.9829
56.0611 32.3005 22.3861 0.885644 0 -4.5 0 -0.152334 0.244565 -0.957592
35.7525 19.6855 47.4145 0.6372 0 -1.3 0 -0.143488 -0.779264 0.610048
33.7378 51.6839 51.6369 1.06051 -0.134004 -1.25433 0 -0.436428 0.377875 0.816542
16.0576 44.5014 32.2384 -1.72521 -0.546738 -3.5 0 -0.821515 0.17736 -0.541901
33.8747 33.4996 24.9154 -1.2611 0 -0.7 0 -0.825734 -0.553433 -0.108973
21.5322 35.5532 20.6248 1.13204 0 -4.5 0 -0.271447 0.00488934 -0.962441
45.4098 44.3944 63.0725 -1.40476 -0.520332 -4.5 0 0.0707234 0.482579 0.872992
19.959 30.5984 23.4286 0.492367 0 -4.5 0 0.402371 -0.721625 0.563343
32.6079 20.7922 43.2088 -0.375632 -0.0737995 -0.4 0 0.223587 -0.89133 -0.394385
41.5267 25.7361 21.4795 2.59609 0.160832 -3.9 0 0.354974 -0.183917 -0.916607
56.5863 54.8069 47.5467 1.22388 0.529742 -4.5 0 0.328812 0.532045 0.780263
19.7534 44.3973 44.8061 0.301039 0 3.8 0 -0.431364 0.584988 0.686814
66.8497 43.6255 33.8097 0.0235049 0 2.8 0 0.397139 -0.282228 -0.873286
51.6762 15.1949 39.0887 0.35364 0 -0.92687 0 0.207535 -0.475191 -0.855057
23.941 56.3322 31.4347 2.45216 0.224889 -3.9 0 0.124454 -0.524194 -0.842456
53.8975 53.554 48.9113 1.01283 0 -4.5 0 0.287136 0.792616 0.537878
13.1471 38.1114 36.2289 -0.282197 0 -3.5 0 -0.338991 -0.886666 0.314498
58.3112 24.7072 37.3688 0.113217 0 1.8 0 0.944057 0.242855 -0.223109
48.5425 39.7029 60.7969 0.112625 -0.347098 1.10784 0 0.525947 -0.787964 -0.320144
55.5491 25.7586 31.5574 -0.640922 -0.450814 -1.73273 0 0.638734 -0.586538 -0.497988
62.2972 40.7665 26.05 0.956464 0 -4.5 0 0.875392 -0.171547 0.451951
32.4581 21.7582 49.299 0.194936 0 1.8 0 0.24896 -0.967633 -0.0412958
45.169 13.8228 51.0791 0.115426 0 -4.5 0 0.469446 -0.847852 -0.246511
41.9543 40.9748 59.4847 -0.683307 -0.57831 -0.8 0 0.0767047 -0.817051 0.57144
16.1514 42.5457 41.9456 -0.0514251 0 -3.99428 0 -0.987167 0.130044 0.092678
48.8826 22.6357 46.1935 0.45486 0 2.62786 0 0.561924 0.37854 0.735492
40.7045 51.1405 44.654 5.52815 0 -2.38857 0 -0.335843 -0.927175 -0.165999
13.0838 41.3066 49.6079 0.443125 0 -4.5 0 -0.381007 -0.923762 0.0386846
16.4176 55.1215 46.7986 0.0703469 0 4.2 0 -0.754261 -0.480058 0.447923
60.6651 28.0646 33.7557 1.17391 0 -4.5 0 0.548018 -0.234343 -0.802969
33.1687 39.9356 19.6776 -0.285808 0 1.8 0 -0.753439 -0.337633 0.56421
49.5728 39.0059 56.3202 0.520091 0 -1.6 0 0.543674 -0.380371 0.748155
29.1976 53.2537 54.007 0.834771 0 1.8 0 0.143898 0.0344483 0.988993
61.7974 42.4062 23.786 0.783101 0 -4.5 0 0.339778 0.939883 0.0342241
28.2157 42.0034 53.0999 0.0281468 0 -3.5 0 -0.0900655 0.0166085 0.995797
65.4512 53.1701 38.541 0.345324 0 -0.7 0 0.0551726 -0.0454756 -0.997441
54.4075 41.7489 61.03 -1.2868 -0.404597 -0.4 0 0.53993 -0.823325 -0.174961
63.3921 38.188 22.907 0.750333 0 -4.5 0 -0.425926 -0.896307 0.123371
46.1429 30.5422 54.7891 -0.561412 0 -3.5 0 -0.242159 -0.938311 0.246843
26.6763 21.6991 51.8778 0.266949 0 -3.5 0 -0.480105 -0.26982 0.834683
57.1705 26.9482 22.0212 -0.530553 -0.299588 -3.5 0 0.552149 -0.543726 -0.632055
40.0346 65.2984 47.2962 0.481149 0 -1.6 0 -0.131978 0.958321 -0.253383
38.5117 24.3471 50.4437 -4.818 -0.0419215 -4.13946 0 -0.342911 -0.934877 -0.0917485
58.1693 35.0195 35.763 0.566446 -0.108608 -1.92074 0 0.366122 -0.0303901 -0.930071
28.0959 52.6835 23.8391 -4.68082 -0.0599789 -3.5 0 0.1725 0.948776 -0.264705
43.661 62.5966 42.9823 1.17354 0 -4.5 0 -0.439387 0.795276 -0.417703
15.033 45.0288 40.2165 0.548466 0 -3.9 0 -0.890139 -0.101412 0.444262
30.9164 62.1584 48.7399 3.0902 0.0367691 -3.9 0 -0.43293 0.892614 0.125744
53.92 23.506 45.8355 0.0578838 0 3.8 0 0.0513973 0.0649617 0.996563
40.8611 37.7879 16.2738 0.583811 0 -3.9 0 0.913953 0.400811 0.063565
50.0293 25.3509 50.3376 -1.29991 -0.431988 -3.5 0 0.231554 -0.969375 0.0818188
60.9336 29.166 38.3078 0.802184 0.388195 -4.5 0 0.526857 -0.529411 0.66494
62.9692 60.5444 40.8051 0.20294 0 3.8 0 -0.00738907 0.999264 0.0376369
24.155 53.3334 33.894 -0.77746 -0.271416 -2.73902 0 0.0296835 0.486307 -0.873284
29.4366 29.9763 35.7162 -0.3372 0 -2.05703 0 -0.558817 -0.746628 -0.360931
18.4228 55.8804 43.0275 0.234885 0 4.2 0 -0.392192 0.232142 -0.89011
47.4658 20.0015 30.6747 -0.0323923 0 -2.27721 0 -0.399977 -0.914865 0.055147
33.0951 21.5737 52.916 0.150354 0 1.8 0 0.248526 -0.89147 0.378834
57.7929 45.6469 26.4604 0.590579 -0.185561 3.8 0 0.799952 0.326244 -0.503628
59.012 47.9974 49.8416 0.409289 0 -1.6 0 0.813514 -0.0326244 -0.58063
50.5451 47.9437 23.3516 0.891537 0 3.8 0 -0.545474 -0.504839 -0.669026
12.7376 41.2006 33.1312 1.16281 0.798726 -3.5 0 -0.216457 0.251935 -0.943226
38.2465 47.3219 48.6475 5.77634 0 -1.6 0 0.324157 0.287325 -0.901314
25.0834 41.129 24.9995 0.811798 0 -1.6 0 -0.381794 -0.593799 -0.708262
52.9303 51.9354 60.0553 0.0227901 0 1.49002 0 -0.00963549 0.166769 0.985949
44.2396 51.9233 27.4137 0.189118 -0.259865 -3.5 0 0.170205 0.705541 -0.687925
32.3591 23.2624 42.1635 -0.959142 0 -0.4 0 0.726719 0.359773 -0.585186
16.1746 32.4646 52.2456 1.20302 0.298976 -4.5 0 -0.625717 -0.712175 0.318253
34.5841 54.7942 47.4704 0.564655 0 -2.1621 0 -0.666332 0.714998 -0.211611
36.7664 35.7226 54.9593 1.06263 -0.3649 -1.32406 0 0.217638 -0.570122 0.792209
33.4179 34.4805 58.4292 0.824498 0.107688 -3.9 0 0.395451 -0.159115 0.9046
42.5311 45.9381 23.4684 0.112608 -0.00499824 -3.5 0 0.185256 0.940245 0.285691
64.4275 54.2334 42.319 -0.11469 -0.215969 -0.7 0 0.56233 0.517845 0.644687
26.9372 57.0682 33.0648 0.430504 0 -3.9 0 0.196033 0.0120535 -0.980523
33.2206 56.8893 26.6114 0.604702 0 4.2 0 -0.247715 0.415639 -0.875146
26.1136 36.3906 60.2727 0.407093 0 -3.5 0 -0.380807 0.720668 0.57933
53.9397 22.7762 28.8707 -0.0482742 0 -0.8 0 0.810934 -0.331735 -0.482014
31.8076 24.3589 28.6103 0.448092 0 -4.5 0 -0.807775 -0.541047 0.234025
19.3563 59.5704 44.792 0.0831589 0 4.2 0 -0.00695589 0.993345 -0.11497
34.0915 49.6546 19.4767 1.04277 0 -3.10339 0 -0.36483 0.749408 -0.552528
18.2974 54.2604 47.3032 -0.401043 -0.593806 4.2 0 -0.129732 -0.297583 0.94584
26.59 37.7355 21.1705 0.0121493 0 4.2 0 0.344128 0.934391 -0.0921366
28.8555 39.4258 60.9266 0.0427035 0 -0.7 0 -0.501263 0.858127 0.111142
43.5257 50.385 35.5672 0.527067 -0.0183487 -0.108359 0 -0.0415489 0.998747 0.0278818
27.7215 59.6135 33.8685 0.679005 0 -1.6 0 -0.375586 0.746905 -0.548696
50.7224 53.7436 22.0622 0.383213 0 3.8 0 0.01985 0.545098 -0.838137
25.3582 48.9403 54.0643 0.287565 0 -0.605284 0 -0.427415 0.532053 0.730914
45.3657 16.5636 48.7026 0.626226 0 -4.5 0 -0.0485883 -0.82776 -0.558975
55.4485 38.6377 47.1582 1.79054 -0.210031 -2.95771 0 -0.509358 -0.773079 0.378025
31.9384 36.7511 26.6794 -1.16301 -0.0461585 -3.5 0 -0.474314 0.0660935 -0.877871
36.5546 44.9639 23.5407 0.0303759 -0.812132 3.0242 0 -0.400874 -0.880974 0.251367
29.9077 38.3178 62.3499 0.127735 0 -0.7 0 0.0229892 0.144203 0.989281
44.936 45.9725 23.3694 0.215461 0 -3.5 0 0.133653 0.978501 -0.157077
12.6465 42.1043 48.2254 0.858242 0.0772911 -4.5 0 -0.709306 -0.675339 -0.201995
16.2192 52.0284 41.0161 -1.69683 -0.142633 -3.5 0 -0.587984 0.558208 -0.585387
35.8281 61.6955 43.239 0.26839 -0.861682 -0.627557 0 -0.518972 0.786768 0.334161
22.3821 39.0499 23.1126 1.64495 -0.0545168 -4.5 0 0.758032 0.645195 -0.0954503
17.0099 37.9209 52.3122 0.413488 0 1.8 0 -0.505827 -0.587863 0.631313
25.592 22.7397 44.7671 0.258528 0 -4.5 0 -0.732173 0.370163 -0.571754
47.1915 32.6904 22.3214 0.918513 0.583961 -4.5 0 0.342216 0.543612 -0.766403
41.5434 50.4528 32.0337 -0.558049 -0.343886 -3.5 0 -0.057897 0.747272 0.661992
49.2023 59.1772 28.889 1.43753 0.343869 -4.5 0 0.0870687 0.630878 -0.770981
22.3587 56.9507 41.782 -0.0365096 0 -0.8 0 -0.256007 0.426682 -0.867412
54.6799 26.162 28.7213 -1.98148 -0.0903939 -3.5 0 0.674353 -0.727319 0.127497
47.3615 63.2234 35.8889 1.75977 0.804456 -4.5 0 -0.0130448 0.999057 0.0414138
22.5146 40.6512 25.3083 0.448934 0 3.8 0 0.351945 0.366266 -0.861385
47.0094 42.1729 64.3967 0.236826 0 1.8 0 -0.693919 0.573422 0.435503
29.7227 29.3255 29.7623 -0.382658 0 -0.4 0 -0.914357 0.308386 -0.26239
35.5932 49.3849 17.4765 0.401168 0 1.8 0 -0.307564 0.319411 -0.896315
57.1893 46.1585 63.5979 -1.35561 -0.850951 -3.5 0 0.345517 0.598568 0.722727
42.1017 16.2834 43.4964 0.489742 0.333182 -4.5 0 0.311854 -0.939545 0.141429
56.1647 27.7981 29.5647 -0.144786 -0.165045 -2.44766 0 0.608263 -0.735133 -0.299325
58.5578 27.8535 38.0775 0.498332 0 -4.5 0 0.689153 -0.638361 0.342876
31.5602 33.551 61.2835 0.425485 0.274014 -0.8 0 0.686582 0.243277 0.685143
57.6012 50.9749 36.5173 1.14078 0 3.8 0 -0.263455 -0.294234 -0.918705
20.8685 41.3545 53.0445 0.453856 0.212019 -1.08689 0 -0.254529 0.250724 0.933998
27.4612 18.7479 49.1446 0.327918 0 -3.5 0 0.159431 -0.909878 0.38302
33.0853 46.1355 56.6598 0.303516 0 -4.5 0 -0.59615 -0.351751 0.721718
48.9554 25.9112 51.4855 -1.60021 0 -3.5 0 -0.441487 -0.639765 0.629118
51.6572 39.0665 49.7892 2.95363 0 -3.9 0 0.327926 -0.226843 -0.917064
31.613 50.6717 22.026 0.910517 0 -4.5 0 0.20771 0.958916 -0.193229
47.5272 61.6849 42.9411 1.4655 0 -4.5 0 0.815427 0.396821 0.42144
53.8203 37.4238 30.3983 0.745016 0 1.9 0 0.913404 -0.407043 0.00312962
45.094 64.0355 46.2504 0.40615 0 -4.5 0 0.165046 0.968371 -0.187128
38.6641 56.9634 50.6162 0.714565 0 -4.5 0 -0.647193 0.255044 0.718396
38.76 53.4484 51.4581 0.450442 -0.0205922 -3.74784 0 -0.711999 0.395416 0.580262
36.4202 31.6637 25.0586 -0.341168 0 -0.7 0 -0.650277 -0.752453 0.104659
52.4446 34.2835 30.4451 3.98924 0.0526818 -3.15398 0 0.915456 0.149861 -0.373474
25.9503 22.3338 42.9061 1.0707 0 -4.5 0 -0.749534 0.560192 -0.352682
36.0861 58.0065 37.7378 0.4657 0 -3.5 0 0.616854 0.346001 -0.706948
44.564 41.3031 23.8676 -0.0688488 -0.470057 -2.44682 0 0.569778 -0.535281 -0.623561
24.5775 21.4514 43.9335 1.07396 0 -4.5 0 -0.57833 0.73431 -0.355421
47.7682 58.4275 32.7492 1.05722 0 -4.5 0 -0.794181 -0.5333 -0.291321
37.1011 30.2033 54.7793 -0.379007 0 -3.5 0 0.107804 0.207577 0.97226
13.7969 38.7093 38.2266 -0.496964 -0.722015 -2.94785 0 -0.651613 -0.629612 0.423071
26.4395 52.0933 30.1139 0.155758 0 4.12755 0 -0.389215 0.887931 -0.245133
20.9069 58.8463 43.9424 -0.220436 -0.114033 3.23129 0 -0.13653 0.706466 -0.694453
43.3095 26.9667 54.0983 0.349222 0.602941 -4.5 0 0.843988 -0.003665 0.53635
63.5134 35.6837 37.3256 0.548134 0 -3.5 0 0.83849 -0.544564 -0.0196212
47.8541 30.1824 22.0054 0.660004 0.44721 -4.5 0 -0.0630492 -0.189761 -0.979804
45.652 20.6875 30.054 -1.61639 -0.0318014 -3.5 0 -0.693892 -0.71372 0.095484
57.9362 46.9184 44.9385 0.0513852 -0.044724 -0.569097 0 0.908488 -0.415198 -0.047547
56.6382 50.9663 50.8508 0.978615 0 -1.6 0 0.206591 0.917465 -0.339967
25.2789 46.7698 26.6882 -0.209977 -0.388599 2.17945 0 -0.21572 0.360717 -0.907385
24.4865 32.677 33.5505 0.391672 0 -4.5 0 0.0673783 -0.821913 -0.565614
59.2914 59.1974 39.3071 0.374897 0 3.8 0 0.615598 0.581451 -0.531934
15.8085 37.9958 50.4013 0.446813 0 1.8 0 -0.839806 0.54098 0.045472
18.595 44.7579 44.1251 0.312074 0 1.8 0 -0.0843163 0.340037 0.936625
17.4694 31.7276 50.0952 0.798449 0.656524 -4.5 0 -0.439444 -0.845284 0.303948
53.6769 40.3191 30.9369 1.70804 0 1.9 0 0.924022 -0.330055 -0.192994
43.1034 21.8001 52.0061 -0.258527 0 -3.76617 0 0.302003 -0.0380533 0.952547
17.3041 30.6478 41.4159 -0.351697 -0.657978 -1.33127 0 -0.728667 -0.274448 -0.627473
23.6015 28.943 57.427 -1.1867 -0.39481 -3.5 0 -0.854662 -0.493072 -0.16258
53.5718 45.1105 31.6496 1.79209 0 1.9 0 0.307931 0.781151 0.543123
56.0412 49.9 60.167 -1.36607 -0.228629 -3.5 0 0.619402 0.572633 0.537059
54.2323 28.9907 21.8023 1.16378 0.154361 -3.5 0 -0.913842 0.0177691 -0.40568
51.4588 60.7918 41.9424 0.490364 0 -2.01364 0 -0.356605 0.930152 0.0874582
30.6164 33.3966 61.6291 0.806579 0.74223 -0.8 0 -0.0045284 0.315069 0.949058
60.0935 46.0995 56.4528 -0.0708764 0 -3.5 0 0.812397 -0.524444 0.254891
53.9686 47.9455 64.3236 0.803639 0.0947759 -4.5 0 0.909164 0.242605 0.338471
18.1987 59.1574 46.1356 0.120268 0 4.2 0 -0.333007 0.795934 0.505564
53.1017 60.6688 40.7345 0.119908 -0.734043 -2.24613 0 0.486252 0.824204 -0.290252
44.9196 15.1975 39.2145 0.0236179 0 -3.5 0 -0.00751605 -0.948142 0.317759
25.661 28.846 60.29 -1.62772 -0.705451 -3.5 0 -0.364255 -0.175462 0.914621
21.1075 47.379 49.4641 -0.701608 -0.0435694 2.52957 0 -0.52515 0.850133 -0.0386075
41.6883 13.2378 49.0965 -0.38659 0 -4.5 0 0.46045 -0.476062 -0.749234
49.7256 52.3826 36.8039 -0.233104 0 -4.5 0 -0.502081 -0.458591 0.733218
41.7725 34.3031 19.6169 -0.466461 0 -0.406054 0 0.773652 0.352102 -0.526771
53.2339 41.0277 63.9231 0.182012 0 -0.4 0 0.538011 -0.564591 0.625924
35.2961 27.7868 26.115 0.426808 0 -4.48072 0 -0.0898551 0.603958 -0.791935
49.6881 29.3574 24.159 1.41549 0.0962843 -4.5 0 0.959445 -0.0756023 -0.27157
54.5337 51.4707 55.9178 0.897493 0.0137029 1.8 0 0.487076 0.495856 -0.718947
29.4984 31.2843 31.9104 -0.42877 0 1.87639 0 -0.797515 -0.350212 -0.491245
58.6077 30.0179 24.5548 0.607096 0 -4.45221 0 0.605848 -0.775481 -0.177699
21.6268 41.1306 19.9888 1.12599 0 -4.5 0 0.555965 0.813445 -0.17091
14.0866 36.4979 47.6036 1.42236 0 -4.5 0 -0.890994 0.376845 -0.253214
43.3316 43.0418 61.3924 0.776963 0.0140211 -4.5 0 -0.470936 -0.408472 0.781901
23.6973 52.3155 46.2347 1.88886 0.863818 -3.9 0 -0.98132 0.178202 0.0724876
30.1776 41.2373 21.127 0.749165 0.199285 -3.5 0 -0.0911817 -0.974933 -0.202956
56.204 26.5349 49.3952 -1.66066 -0.23258 -3.5 0 0.99855 0.00335673 0.0537264
59.7221 35.1823 29.4527 -0.520471 -0.014281 1.8 0 0.177547 -0.218809 0.959479
22.6821 32.5691 28.5794 0.779258 0 -4.5 0 0.463707 -0.82749 0.316601
46.4644 39.0831 57.9642 0.304783 -0.495689 -1.6 0 0.0976799 -0.995141 0.0123381
46.9395 52.9557 63.6861 1.48897 0.651788 -0.8 0 -0.180006 0.346537 0.920603
52.2453 46.2912 63.545 0.338269 -0.0605085 -3.17558 0 -0.515725 -0.723404 0.459037
39.3302 47.4635 19.2516 0.359666 -0.0361858 -1.11569 0 0.874214 0.41266 -0.255855
41.4835 30.2099 57.8257 0.319316 0.0781235 -3.5 0 -0.258911 0.470493 0.843565
39.8532 32.3661 19.172 -0.62023 -0.289041 -3.6005 0 0.101156 -0.473194 -0.875131
40.9219 20.067 32.8589 1.053 0.384766 -0.7 0 0.0215853 -0.414416 -0.909832
57.448 50.414 56.3635 -0.138161 -0.0870729 -3.5 0 0.166491 0.915405 0.366489
25.5014 27.9616 56.2331 -0.29061 0 -3.5 0 -0.401658 -0.901943 -0.15865
46.9642 14.0542 36.722 0.348675 0 -0.4 0 -0.22201 -0.973321 0.0579504
34.6736 39.2594 58.2127 0.00439289 -0.0214521 -3.5 0 0.350825 -0.272272 0.895985
20.7635 29.7857 20.7393 0.973076 0 -4.5 0 0.00217736 -0.883922 -0.467629
16.2336 45.3236 46.5565 0.751125 0 -4.5 0 0.539392 0.829564 -0.144498
61.0178 59.8819 41.6194 0.179732 0 3.8 0 0.00697964 0.996941 -0.077851
36.0624 33.1643 28.1839 -0.941168 0 -1.6 0 -0.686114 -0.725531 0.0534083
62.6161 33.0877 38.5276 -1.27211 -0.0453225 -3.5 0 0.836453 -0.440729 0.325735
38.1504 22.6729 29.4731 0.137658 0 -4.5 0 0.543355 -0.79747 -0.26231
52.6134 48.9956 66.5401 1.46888 0.863022 -4.5 0 0.430139 -0.15275 0.889746
27.6545 37.538 23.415 -2.21207 -0.699293 4.2 0 0.408138 0.85202 0.327851
52.9188 38.4723 26.1126 -0.611975 -0.836213 -3.9 0 0.440259 -0.702672 -0.558949
60.2236 58.7606 43.9674 0.233718 -0.125882 2.84479 0 -0.222971 0.490658 0.842341
49.4618 55.9155 45.6276 1.36513 -0.000693124 -1.037 0 -0.320213 0.914742 0.246397
43.4495 56.0973 40.8158 1.42509 0 -1.3 0 0.0971978 -0.206955 -0.97351
23.9684 28.5355 43.1092 -0.375295 -0.0905837 2.32656 0 0.275777 -0.64417 -0.713437
68.3416 39.0423 38.8479 0.361473 0 -4.5 0 0.88711 0.399137 -0.231789
35.7436 57.4083 45.6668 1.06075 0 -0.4 0 -0.871656 0.250488 0.421273
26.5197 37.1777 25.9749 1.18355 0 -4.5 0 0.958906 0.200331 -0.200915
24.7927 32.3674 20.0969 0.360811 0 4.2 0 -0.0677418 -0.996767 0.0432051
59.8014 39.7969 39.358 0.450139 0 -0.970171 0 -0.132127 -0.955203 0.264821
51.5715 57.9668 46.3636 0.661508 0 -1.71188 0 -0.546891 0.460032 0.699486
41.277 60.0575 49.9 0.397489 0.359587 -2.98343 0 -0.155964 0.363838 0.918312
54.2658 43.6061 20.9992 2.93347 0.342163 -3.9 0 -0.148364 0.0155524 -0.988811
45.1237 32.5085 22.4463 0.285764 0 -3.69954 0 0.369679 0.533658 -0.760623
67.3508 43.2452 38.9352 1.57781 0 2.8 0 0.93639 0.187098 0.296931
44.3103 42.4119 48.1339 5.21834 0 -0.8 0 -0.410828 -0.461489 -0.786288
60.421 54.2197 46.3145 0.0304355 0 -3.36175 0 0.178328 -0.366492 0.913172
58.3719 40.524 24.4453 0.90195 0 -4.5 0 -0.840281 0.00308674 -0.542142
39.8754 52.4128 24.9802 1.07367 0 -4.5 0 0.663379 0.357796 -0.657199
54.2672 41.9513 62.5864 -0.0262411 -0.317758 -0.4 0 0.659084 -0.69983 0.275403
58.113 26.5163 23.2353 -1.38543 -0.148236 -3.5 0 0.884005 -0.436233 -0.168038
59.6423 44.3693 27.8057 0.55962 0 2.76791 0 0.562021 0.814174 -0.145782
14.5564 30.9622 46.362 -1.10469 0 -3.5 0 -0.930015 -0.363743 0.0525625
33.6646 25.6552 34.8843 0.416124 0 4.2 0 -0.768139 -0.618267 0.166457
18.0049 44.8181 51.7096 0.00929421 0 -3.5 0 -0.705383 0.368697 0.605391
35.2127 59.9165 48.1195 0.111411 -0.103261 -3.5 0 -0.281367 0.900909 -0.330447
49.2774 41.227 66.6276 0.240389 0 1.8 0 0.316752 0.179401 0.931388
26.8263 46.6162 54.2995 0.942622 0 -0.8 0 0.542707 0.204109 0.814744
35.2207 32.1172 20.1725 -0.477924 0 -3.5 0 -0.843168 0.533475 0.0668697
40.3 52.5326 36.0519 1.44974 0 -3.9 0 0.41032 0.801268 -0.435439
30.0265 29.3095 36.5719 -0.531641 -0.209401 0.171755 0 -0.596341 -0.686877 -0.415425
28.8506 59.7844 37.0017 -0.260609 -0.694835 -1.6 0 -0.417891 0.829154 0.371309
25.0916 33.8736 28.8107 -0.624113 0 -4.5 0 -0.0106931 -0.936983 0.349213
34.0129 42.6553 25.8028 -1.12651 -0.535541 3.8 0 0.393418 -0.0209062 -0.919122
30.2851 58.4912 41.6091 -0.314629 -0.01095 -3.5 0 -0.518324 0.821687 0.237005
56.6017 41.3621 28.2099 0.645841 -0.719414 -1.6 0 -0.74845 -0.600337 0.281813
54.785 31.328 22.4865 1.02229 0 -4.5 0 -0.457176 0.24219 -0.855765
56.8685 54.1618 57.7086 0.186105 0 1.8 0 0.865919 0.459754 -0.197005
33.0827 41.9693 13.9382 0.506673 0 -3.5 0 -0.424098 0.235028 -0.874587
69.2657 47.1522 36.0522 0.550913 0 2.8 0 0.769975 0.558323 0.308891
46.0187 56.5626 37.1036 1.49074 0 -4.5 0 -0.886116 -0.392252 0.246854
44.041 23.0149 51.7159 -0.365461 0 -3.5 0 0.702914 -0.345948 0.621475
47.2896 55.1909 36.8879 2.168 0 -4.5 0 -0.821546 -0.492776 0.286765
58.7322 22.3509 38.0107 0.170476 0 1.8 0 0.776658 -0.457452 -0.433059
24.9711 22.694 47.1451 0.319122 -0.619197 -3.5 0 -0.775366 -0.623408 -0.100848
48.7075 54.6881 39.1846 2.2009 0 -3.5 0 -0.542108 -0.819026 0.187925
53.7176 32.5237 23.411 1.27698 0.0680478 -4.5 0 -0.904142 0.155132 -0.398071
55.8589 34.9281 27.606 1.58146 0 1.8 0 -0.916396 -0.0229149 0.399617
37.7431 23.8281 33.82 0.0912455 0 0.910583 0 -0.0681956 -0.864301 0.498331
54.6475 35.7894 49.8175 4.26949 0 -3.9 0 -0.0884517 -0.465247 -0.880751
55.7259 21.1052 31.9199 -0.673813 -0.395032 -3.5 0 0.45504 -0.228566 -0.860637
41.7286 15.7941 38.6071 -0.496956 -0.343619 -3.5 0 -0.641158 -0.660699 0.390377
36.9075 64.0995 37.9588 -0.359748 -0.407724 -3.5 0 -0.00436126 0.105735 -0.994385
60.9985 36.9827 27.0114 0.306618 -0.567301 -3.53152 0 0.9165 -0.399106 -0.0272582
44.6021 15.6394 49.2284 0.604029 0 -4.5 0 0.43572 -0.482539 -0.759806
27.7116 55.4604 46.5921 0.334504 -0.621655 -3.9 0 -0.104482 -0.288499 0.951762
39.8607 27.4435 54.8361 -0.173684 0 -4.35652 0 -0.61959 0.0212261 0.784639
54.1229 29.1282 48.2876 0.429633 0 -3.5 0 0.675664 0.714478 0.181657
40.6759 35.5439 58.3503 0.173122 0 3.8 0 0.0849221 -0.359164 0.929403
15.4017 39.9489 41.1714 0.472235 0 -0.7 0 -0.73627 0.626636 0.25541
50.3672 18.5721 30.9886 0.539753 0 1.9 0 0.152059 -0.706117 -0.691576
33.2697 48.6162 18.7467 0.356036 0 -4.5 0 -0.282962 0.40779 -0.868124
34.5288 56.0941 45.5765 0.112189 -0.538397 -0.4 0 -0.718898 0.456336 0.52435
29.117 26.7488 56.1114 -0.255495 0 3.8 0 0.340109 -0.327601 0.881478
15.1952 39.5411 44.207 0.214955 0 -4.5 0 -0.980935 -0.105415 0.163264
35.6145 54.1107 35.0173 14.4536 0.296319 -0.8 0 0.685326 -0.113727 -0.719301
24.3176 54.675 39.9114 -1.43557 -0.211139 -3.5 0 -0.321376 0.790032 -0.52208
53.2183 51.813 54.0457 0.307945 0.0433388 -0.345902 0 0.832126 0.4575 0.313466
38.5732 57.1258 27.6902 1.07082 0 -4.5 0 0.0393936 0.989034 -0.142337
28.1 42.8187 22.1876 0.835216 0.443144 -3.5 0 -0.906655 0.0993698 -0.410003
29.8027 58.8426 39.9313 0.430043 0 -3.5 0 -0.544983 0.81315 0.204402
58.7218 26.2167 36.8632 0.323217 0 -4.5 0 0.682892 -0.656619 0.320172
30.8596 19.8793 46.9697 0.439114 0 -3.5 0 0.610112 -0.717801 0.335449
30.3136 39.3381 61.6539 0.109695 0 -0.7 0 0.100404 0.881286 0.461794
54.8819 59.7055 38.6838 0.44864 0 3.8 0 -0.31736 0.845082 -0.430256
48.3246 43.4074 64.2391 0.324575 0 1.8 0 -0.160843 0.902989 0.398421
69.8061 36.3239 40.7069 0.572353 0 -4.5 0 0.702558 0.473538 0.531201
29.6067 45.5579 20.8269 0.215485 -0.40828 -3.5 0 -0.929528 0.331236 -0.162053
69.0465 37.7318 40.9926 0.260501 0 -4.5 0 0.880296 0.23807 0.410367
38.1466 52.9055 55.9255 0.523884 0 -0.7 0 -0.790366 -0.564072 0.239048
47.3489 38.7692 59.6273 0.290239 0 -1.6 0 0.243515 -0.969023 0.0411641
21.6128 27.8439 50.5808 0.166165 0 -0.8 0 -0.189742 -0.955656 0.225208
55.4807 42.2561 46.2951 2.45108 0 1.9773 0 -0.587416 -0.782619 0.206035
57.8772 48.9154 26.0281 0.5815 0 3.8 0 0.962268 -0.264856 0.0623748
27.5938 40.1973 24.8894 0.396852 -0.0303236 -1.6 0 -0.129392 -0.934044 -0.332896
54.148 46.0277 64.1965 0.251044 0.0336748 -3.59411 0 0.212524 -0.181047 0.960237
39.6052 28.6234 55.3064 0.145309 0 -3.5 0 -0.645745 -0.488588 0.586766
66.3497 54.1315 41.771 0.108375 0 -0.7 0 0.618124 0.388063 0.683615
18.581 39.5205 24.1677 0.301106 -0.141791 -2.05095 0 -0.867116 0.296675 -0.400117
43.8172 53.0694 28.1191 0.307791 0 -3.5 0 0.547492 0.584908 -0.598443
55.9854 46.7959 62.4683 -0.339554 -0.00434941 -3.5 0 0.241988 0.745696 0.620789
21.6704 31.8894 58.0056 0.154359 0.0560468 -3.5 0 -0.894675 -0.445034 -0.0387345
56.8395 53.7575 58.9956 0.117086 0 1.8 0 0.807215 0.0158761 0.590043
51.6558 58.2023 31.0686 1.27662 0 -4.5 0 0.786023 0.582339 -0.207484
23.8614 24.7479 44.8137 0.298999 0 -3.9 0 -0.170517 -0.632778 -0.755325
52.1879 52.8811 42.311 3.10647 0 -1.36594 0 -0.173441 -0.98484 -0.00296936
21.9431 39.1539 17.1149 0.987005 0.100836 -4.5 0 0.889836 0.342354 -0.301638
26.5426 51.8447 27.9956 -0.391418 0 4.2 0 -0.558386 0.826584 0.070455
39.7837 62.6135 45.2656 0.505829 0 -1.6 0 -0.355434 0.550962 -0.755055
36.146 49.484 42.4725 6.03526 0 2.37094 0 0.650999 -0.460083 0.603758
62.3792 42.8643 31.562 0.679992 0 -1.3 0 0.783686 0.257562 -0.565242
33.2865 58.4401 27.1489 0.474346 0 4.2 0 -0.286883 0.66953 -0.685148
49.2666 43.5426 62.5223 0.329654 -0.605114 -0.323974 0 -0.138226 0.88764 0.439305
15.0601 36.7681 46.0151 0.633578 0 -4.5 0 -0.876507 0.299805 -0.376633
68.0172 45.2624 37.4281 0.0268315 0 2.8 0 0.400742 0.200043 0.894085
54.857 48.0151 46.0646 3.02024 0.537581 -3.5 0 -0.900686 0.282564 -0.330032
39.9126 29.8501 20.008 -0.383035 0 -3.5 0 0.410022 -0.324695 -0.852323
49.4595 46.8198 45.4622 3.94741 0 4.2 0 -0.879933 -0.0591717 -0.471398
34.4186 39.3966 20.651 -0.374666 0 -3.06173 0 -0.683326 -0.0357131 0.729239
58.2406 47.2399 46.3101 -0.232859 -0.633571 -2.80149 0 0.804561 -0.493628 0.330172
47.1199 61.3291 51.9784 0.522818 0 -1.6 0 0.0132373 0.318108 0.947962
22.9571 23.2095 49.4446 2.1604 0.594493 -3.9 0 -0.709931 -0.646761 0.278744
46.8959 59.645 32.5122 1.38625 0.901512 -4.5 0 -0.894805 -0.294062 -0.335933
48.9914 54.4588 28.6612 0.795326 0 -4.5 0 -0.615976 0.311327 -0.723636
22.2241 48.9094 47.2742 0.339642 0 2.93684 0 -0.472656 0.523042 0.709241
36.9411 23.7089 26.8794 0.8929 0.0806411 -4.5 0 0.608574 -0.513266 -0.605141
48.8447 40.825 57.7067 0.288129 0 -1.6 0 0.763091 -0.575913 0.293286
47.4926 13.4235 39.7982 -1.40339 -0.647616 -0.4 0 -0.833287 -0.54424 0.0971344
42.3307 15.3272 48.3947 0.0167041 -0.08171 -1.04096 0 0.470384 -0.582732 -0.662693
43.4033 62.1912 49.061 0.288271 0 -4.5 0 -0.306759 0.192915 0.932031
41.9237 48.6562 57.2856 0.52721 0 -4.5 0 -0.681175 0.516315 0.519056
16.4076 39.3332 48.4897 0.329723 0 -4.21086 0 -0.995617 -0.0613679 0.0705812
47.6096 25.9474 29.1432 -0.858503 -0.0625161 -1.1839 0 -0.0902156 -0.0455707 -0.994879
38.6915 17.2814 50.4035 12.9681 0 -4.38364 0 -0.746872 0.222035 0.626804
25.1973 42.3642 53.1355 0.743535 0 -0.4 0 0.206978 -0.177994 0.962018
46.9664 50.9987 63.0314 -0.0181742 -0.618219 -0.8 0 -0.335877 -0.667932 0.664118
41.1514 39.5052 48.4071 4.11656 0 3.8 0 0.101245 0.499855 -0.860171
40.7087 36.2585 13.5505 1.03414 0 -3.9 0 0.799354 -0.417774 -0.431855
58.9088 45.6414 57.4985 -0.0307048 0 -3.5 0 0.687866 -0.534422 0.491156
52.4487 28.3018 25.8277 0.660527 0 -3.5 0 -0.331112 0.164765 -0.929095
29.7984 60.8379 45.8639 0.723815 0 -3.9 0 0.0887811 0.89888 -0.429107
57.5876 20.6759 45.8129 -2.18284 -0.759311 -3.5 0 0.428895 0.560542 0.708408
51.5509 35.0929 47.7661 1.07933 -0.00837244 -3.08796 0 0.579812 0.576145 0.576086
47.7443 40.1192 43.4214 6.16 0.886227 -1.3 0 -0.159884 -0.323592 0.93259
45.452 43.2084 17.8779 3.41246 0.0355572 -3.9 0 0.893122 -0.406873 0.1918
45.4165 58.0373 55.7028 -1.55137 -0.785367 -3.5 0 -0.36866 0.812194 0.452141
23.2401 47.9888 53.445 -1.23192 -0.871107 -0.8 0 -0.743353 0.626004 0.23568
28.6554 55.9657 53.5395 0.428559 0 1.8 0 -0.178608 0.78987 0.58669
50.9214 36.4432 47.8622 1.30821 0 -0.4 0 0.79244 0.505949 0.340667
32.0715 37.6775 59.7855 0.0709978 0 1.70562 0 0.771318 0.349745 0.53174
54.003 24.3425 29.341 -0.141932 0 -0.8 0 0.951875 -0.0984715 -0.290237
41.9222 26.0842 57.5841 1.15424 0.900867 -3.5 0 0.034359 -0.950281 0.309492
52.0077 54.4121 23.4893 0.413172 0 3.8 0 0.259463 0.682976 -0.682806
36.4874 38.1963 57.2999 0.0267988 -0.355589 -2.76913 0 0.243149 -0.29648 0.923568
27.8184 39.1315 55.4388 -0.667747 0 -3.5 0 -0.282543 0.931612 -0.228622
51.3501 47.9523 33.6113 1.783 -0.052297 1.26397 0 0.798345 -0.508932 0.321921
45.8927 29.4618 24.9862 0.356589 0 -4.5 0 -0.209931 -0.771395 -0.600732
28.0721 58.1408 42.6159 0.995323 0.362186 -1.825 0 0.323351 0.763924 -0.558448
53.2736 21.9861 30.9332 -0.515639 0 -0.975369 0 0.404646 -0.882903 -0.238209
34.2539 56.8363 44.6561 0.0261043 -0.745034 -0.4 0 -0.584694 0.540907 0.60461
27.2007 33.8991 29.0959 -1.18534 -0.853228 -4.5 0 0.253017 -0.963359 0.0889999
52.9879 42.6001 48.0381 2.73792 0 2.23016 0 -0.118554 -0.884307 -0.451605
56.5802 36.0648 29.0706 1.42319 0 1.8 0 -0.330892 -0.128166 0.934924
46.7469 41.325 65.8463 0.234381 0 1.8 0 -0.794049 0.310079 0.522817
18.5737 51.665 45.6517 0.0550168 -0.377643 -0.104324 0 -0.474307 -0.526499 0.705572
46.4639 30.0851 23.3816 -0.212658 0 -4.5 0 -0.504452 -0.67729 -0.535543
55.0445 35.4943 45.2105 0.424729 0 -0.8 0 0.700618 -0.094053 0.70731
32.9726 38.5993 17.9693 -0.283495 -0.0311263 1.08543 0 -0.794908 -0.555181 0.244734
42.419 31.6825 56.6393 0.144651 0 -3.5 0 0.244638 0.368374 0.896913
47.2108 43.099 23.2521 0.475768 0 -3.5 0 0.749507 -0.255753 -0.610598
66.8661 32.3016 40.7933 1.86001 0.79056 -4.5 0 -0.897247 -0.438684 0.0500388
34.7752 45.044 23.8045 -0.190594 -0.137702 3.8 0 0.154819 -0.987049 -0.0420061
55.016 14.9754 39.8146 -1.81529 -0.121533 -3.9 0 0.507348 -0.844713 -0.170464
49.1958 22.0144 24.647 -2.27329 -0.356374 -3.5 0 0.629569 0.311092 -0.711944
58.2858 46.213 35.0545 1.39713 0 -1.3 0 -0.570393 0.808277 -0.146083
16.2701 39.6637 50.2281 -0.0358359 0 1.8 0 -0.962575 -0.0966471 -0.253199
47.6301 48.5669 45.9326 4.08889 0 4.2 0 -0.214447 -0.136135 -0.967202
24.6156 57.9809 37.1968 0.103571 0 -3.9 0 -0.658851 0.0750277 0.748523
56.2342 16.7055 36.5484 0.204676 0 -3.9 0 0.649154 -0.759948 -0.0328516
27.2069 24.0643 41.9053 0.329136 0 -4.5 0 -0.865812 0.403164 -0.296358
36.6801 47.4853 57.6656 0.507781 0 4.2 0 -0.329846 0.684344 0.650289
50.265 35.9618 53.1567 0.228015 -0.157625 -3.9 0 -0.00875983 -0.298031 0.954516
33.1739 28.2801 57.9458 -1.98154 0 -3.5 0 0.250934 -0.630536 0.734477
36.1538 51.4603 43.7977 6.45196 0.00780085 2.8 0 0.605121 -0.647261 0.463553
64.3936 55.6662 38.8522 0.265793 0 3.8 0 0.508215 -0.260111 -0.821012
66.3223 39.5154 21.3292 0.80056 0.0883889 -4.5 0 0.920214 0.289654 -0.263262
40.6542 11.9143 49.2821 -1.5493 -0.268441 -4.5 0 0.320399 -0.874908 -0.363154
53.3376 33.2915 31.6089 3.71648 0 -3.9 0 0.468374 0.798198 -0.37882
28.8812 19.282 48.3683 0.318186 0 -3.5 0 0.447369 -0.820327 0.356264
50.8611 58.8344 29.8544 1.1476 0 -4.5 0 0.552115 0.656345 -0.514179
24.4149 49.7557 21.8729 1.05389 0.580365 -4.5 0 -0.968145 0.243585 0.0579854
37.3507 61.5238 38.6365 0.54262 0 -3.5 0 0.525327 -0.0528342 -0.849258
34.7976 20.3913 43.5515 -1.04437 -0.141322 -1.3 0 -0.240034 -0.560784 -0.792405
21.7757 57.4339 32.0566 2.32156 0.517897 -3.9 0 -0.857671 -0.172083 -0.484549
41.5008 12.3839 53.2525 -1.71198 -0.499038 -4.5 0 -0.346278 -0.802626 0.485678
31.2105 30.0586 62.0344 1.18255 0.678582 -0.8 0 0.0310046 -0.748618 0.662276
52.2767 57.4866 55.1874 0.173832 0 3.8 0 0.148315 0.988853 -0.0131464
48.8529 29.142 22.7095 0.649544 0 -4.5 0 0.441481 -0.635712 -0.633218
48.6234 15.869 33.7366 -0.675538 -0.170354 -0.4 0 0.387689 -0.490963 -0.780162
52.0472 57.94 32.0344 1.5156 0 -4.5 0 0.670123 0.710558 -0.214574
40.4461 62.8901 50.6521 0.443605 0 -1.6 0 0.250749 -0.0529683 0.966602
20.0879 50.6761 32.6165 0.420675 0 -3.5 0 -0.139166 0.492121 -0.859331
41.2007 23.2923 30.7633 -0.0913004 0 -1.42548 0 -0.338811 -0.931694 -0.130975
38.1077 51.8814 23.3435 0.522312 0 -4.5 0 0.481508 0.624867 -0.614566
35.1017 56.095 26.3715 0.597704 0 4.2 0 0.164546 0.264177 -0.950334
45.8366 31.6849 56.5446 0.0397539 0 -3.5 0 -0.190476 -0.175483 0.96588
43.6107 19.2606 51.9842 0.0452417 0 -3.98602 0 0.209088 0.269766 0.939951
55.4222 52.6241 48.8558 1.35755 0 -4.5 0 0.589462 0.39726 0.703362
40.3633 18.3423 40.7349 -0.146828 -0.804914 -1.04628 0 -0.821591 -0.518905 -0.236062
51.8845 36.9808 28.2048 0.920559 0 -3.30059 0 0.495751 -0.674447 -0.547131
67.543 40.5592 40.3246 -0.203722 0 -4.5 0 0.886988 0.354457 -0.295993
45.3298 40.0127 42.2575 5.88943 0 -1.3 0 -0.205972 0.348168 0.914524
33.879 47.1792 17.7791 -1.2386 -0.0638216 -4.5 0 -0.26356 -0.010568 -0.964585
59.3139 47.3015 34.9336 1.11772 0 -0.656781 0 -0.848198 0.340104 -0.406066
25.6794 37.7446 58.0192 -1.75929 0 -3.5 0 -0.779696 0.284851 0.557614
40.7099 13.8418 53.9975 -1.86586 -0.80193 -4.5 0 -0.403511 -0.0828968 0.911212
53.9627 54.4082 54.2155 0.344092 0 3.8 0 0.976655 -0.144963 -0.158524
53.9977 45.3434 22.6 2.50108 0.079231 -3.9 0 0.113416 0.656231 -0.745988
66.1531 36.5514 38.1135 0.893611 0.0726886 -4.5 0 -0.04713 -0.723272 -0.688953
31.2867 25.5843 37.5804 0.207285 0 -1.6 0 -0.337913 -0.822867 -0.456841
14.6751 35.0583 52.5631 1.01444 0.81601 -4.5 0 -0.50611 -0.130525 0.852535
56.6309 22.1777 45.1538 -0.576185 0 3.8 0 0.540136 0.159763 0.826274
45.9821 58.4787 44.9736 0.751474 -0.10516 -3.9128 0 0.939831 0.158802 0.302487
26.5705 32.7767 21.2686 0.0193961 0 4.2 0 0.465232 -0.820702 0.331675
45.5093 14.6182 36.4338 -0.231779 0.249883 -0.4 0 -0.174898 -0.975268 -0.135141
28.2849 57.7808 41.1105 0.79847 0 -3.5 0 -0.0886866 0.992112 0.08859
16.8172 28.9505 42.1644 -2.15702 -0.168018 -3.5 0 -0.592395 -0.47818 -0.648392
39.5674 55.1146 58.5784 0.606559 -0.180031 -0.7 0 -0.411193 -0.0489879 0.910231
64.2341 53.0466 43.6296 0.117019 0 -0.7 0 0.644586 0.233361 0.728046
16.4886 34.8261 33.284 -1.39875 -0.715482 -3.5 0 -0.94285 -0.294382 0.156117
33.2357 38.2591 27.2243 -0.559099 0 1.8 0 0.0797137 0.187629 -0.979
48.665 49.7912 23.3172 -0.203833 -0.133399 1.3471 0 -0.579829 0.240581 -0.778408
35.4296 55.9279 47.4331 0.995529 0 -1.07533 0 -0.906645 0.420169 0.0381135
56.3234 18.8184 38.957 0.204051 0 -0.646639 0 0.97843 -0.199011 -0.0553973
60.0247 48.9818 34.5042 0.880099 0 3.8 0 -0.540847 0.464333 -0.701341
23.4302 29.5476 59.1204 -1.37347 -0.294043 -3.5 0 -0.885307 -0.329031 0.328588
44.3511 38.3174 44.949 6.06429 0.0388874 -0.4 0 0.426816 0.903398 0.0412387
67.1448 41.0284 44.9154 -1.46318 -0.170674 -3.5 0 -0.123911 0.01197 0.992221
17.0578 35.8423 52.1693 0.616084 0 -3.90693 0 -0.436486 0.462975 0.77145
22.7559 31.2629 54.4593 -0.314975 0 -3.5 0 -0.553653 -0.756494 0.348116
46.1756 17.9125 33.8721 -0.423816 -0.0106118 -0.4 0 -0.641159 -0.165051 -0.749448
48.1517 55.8291 45.3569 1.42036 0 4.2 0 0.211582 0.947625 0.239248
36.7295 23.5416 41.4676 -0.219891 0 4.5 0 -0.939375 -0.0479363 -0.339525
39.1182 20.1722 37.7332 -0.601249 -0.451895 -0.7 0 -0.969365 -0.0578092 0.238726
52.4875 21.5816 28.3725 0.114982 0 -0.8 0 0.502688 -0.693189 -0.51652
65.7879 47.5919 43.4194 0.0415435 -0.0670239 -2.50839 0 0.674904 0.67135 0.306257
41.3633 36.9642 14.9099 0.623949 0 -3.9 0 0.964938 0.20899 -0.1588
27.8508 24.8643 54.673 0.0306263 0 3.8 0 -0.373098 -0.786211 0.492616
31.5691 31.9735 62.0896 0.122113 -0.811312 -0.8 0 0.357883 0.306709 0.881958
39.6193 19.4904 40.8215 -0.218613 -0.130731 0.0482324 0 -0.760597 -0.576624 -0.298323
24.2779 48.0069 50.4859 0.188121 0 3.13605 0 -0.718179 0.69301 -0.0628893
32.1777 23.4022 53.687 0.186412 0 1.8 0 -0.43733 -0.103196 0.89336
39.0125 16.0811 42.3417 0.131138 0 -4.5 0 -0.377301 -0.306977 -0.873733
38.4832 39.4666 13.489 3.21496 0.154913 -3.9 0 0.327799 0.854806 -0.402311
34.5778 42.6958 56.5692 0.147559 0 -3.5 0 -0.872781 0.426001 0.238278
32.8421 54.6647 49.0583 0.185953 -0.854804 -3.32521 0 -0.0726548 0.995549 -0.0600303
40.0742 43.5891 47.1406 5.51119 -0.065583 -1.05081 0 0.349489 -0.255114 -0.90154
15.0731 36.5404 43.1813 -1.27141 -0.958418 -0.7 0 -0.811168 -0.426272 0.400372
33.5346 38.27 58.3408 -0.0330342 0 3.55177 0 0.529699 -0.0371684 0.847371
24.6747 37.4159 21.5142 3.67137 0 4.2 0 0.0636885 0.981089 0.18278
44.7496 31.3537 19.2876 -1.5508 -0.264963 -3.5 0 0.897808 0.131112 -0.420418
48.776 54.0083 41.9366 3.16955 0 -3.08071 0 -0.260368 -0.880941 -0.39516
27.6629 52.9832 27.6919 -0.60458 0 -0.8 0 -0.905219 0.356407 0.231413
39.4927 25.2136 55.4391 0.505488 0 -4.5 0 -0.301945 -0.0446115 0.952281
41.716 53.1725 39.593 2.26136 0.325441 -3.75977 0 0.991791 -0.0742055 -0.104139
23.5175 44.321 25.3935 0.251081 0 -1.6 0 -0.649038 0.463065 -0.603589
54.7166 52.2961 32.534 1.02387 0 2.98834 0 0.665096 -0.510457 0.545051
37.3516 28.81 54.82 -0.52747 0 -3.5 0 0.0713743 -0.353137 0.932845
38.6465 35.4724 56.102 0.212383 0 3.8 0 -0.707665 -0.587414 0.392627
44.7822 22.7059 26.1239 -2.00294 -0.0847209 -3.5 0 0.323802 -0.288741 -0.900989
24.5955 51.0941 27.8771 0.0150379 0 4.2 0 -0.393951 0.637488 -0.662127
41.7806 45.5826 24.4931 1.08209 0 -2.21205 0 0.326309 0.902885 0.27986
62.9575 50.0472 35.7233 0.490618 0 3.8 0 0.332531 0.918841 -0.212496
17.6421 34.8844 27.5219 -0.200957 -0.597597 -3.5 0 -0.869733 -0.491982 -0.038956
43.7647 46.891 42.5463 4.92135 0 -1.3 0 -0.331783 0.289145 0.897951
29.2065 39.476 59.7127 -0.117642 0 -0.7 0 -0.172715 0.984396 0.0336792
34.2269 24.2593 32.5666 -0.237393 -0.238079 -2.8788 0 -0.776733 -0.629715 0.0120461
16.6485 44.2118 50.7537 0.422036 0.455565 -4.5 0 -0.37876 0.635244 0.673057
64.8302 47.6248 44.9546 0.28712 0 -1.6 0 0.704015 -0.132688 0.69768
22.8633 23.8241 47.5616 1.08739 0 -3.9 0 -0.739272 -0.669356 -0.0737536
38.5364 51.0702 19.2584 0.450838 0 1.8 0 0.807517 0.573712 -0.137004
38.7009 53.5019 53.5814 0.630193 0 -0.7 0 -0.951671 -0.061541 -0.300891
28.9049 46.5483 22.9988 0.507429 0.741984 -3.88945 0 -0.844226 -0.522846 -0.117959
24.2063 48.0007 27.0075 -0.0231786 0 4.2 0 -0.434426 0.274431 -0.857882
58.8749 39.5579 42.0855 0.523897 0 -0.9 0 0.522705 -0.852348 -0.0168093
51.8208 22.541 27.2967 0.293397 0 -0.8 0 0.560566 -0.45551 -0.691575
17.2568 33.4543 20.9683 1.03328 0.0356705 -4.5 0 -0.767071 0.313516 -0.559741
26.6976 27.4286 57.4926 -0.480799 -0.0501334 -3.5 0 0.238137 -0.971222 0.00422954
48.0924 39.1205 65.5922 0.218032 0 1.8 0 -0.244035 -0.877349 0.413165
21.4393 46.0859 52.8147 -2.12369 -0.0101816 -3.5 0 -0.129936 0.361499 0.923274
39.2569 50.1612 46.9798 5.8997 -0.0639072 -3.5 0 -0.274113 -0.655166 -0.704002
48.6971 44.3611 24.9212 0.490153 0 -0.4 0 0.299094 0.297284 -0.906733
24.8626 36.1791 57.8654 -0.21775 0 -3.5 0 -0.542101 0.820242 0.182563
59.9129 33.1188 35.1164 1.02956 0.165122 -4.00068 0 0.275645 0.502819 -0.819263
31.109 42.6026 15.9214 0.915711 0.159415 -3.5 0 -0.688741 0.572801 -0.44445
61.3994 33.7332 24.8621 0.683593 0 -4.5 0 0.835969 0.424689 -0.347557
52.7122 36.0919 53.9776 0.57717 0 -3.9 0 -0.121069 -0.273937 0.954097
65.7815 35.2733 39.3894 0.66301 0 -4.5 0 -0.658206 -0.676068 -0.331207
54.1881 38.8777 49.8242 2.58309 0 -3.9 0 -0.525817 -0.129976 -0.840609
25.1792 37.9603 20.0404 1.04645 0 4.2 0 -0.0396622 0.989871 -0.136316
32.8727 26.5081 35.0712 0.97635 0.443298 3.8 0 -0.663806 -0.747768 0.0142974
66.0665 40.7168 32.8126 0.0869701 0 -3.5 0 0.407904 0.539966 -0.736241
32.1599 47.543 56.2035 0.447439 0 -4.5 0 -0.705501 -0.0869621 0.703353
55.6922 41.8671 27.3346 0.985904 0 3.8 0 -0.171541 -0.982606 -0.071133
43.5674 45.6407 24.5114 0.684512 0.706176 -3.5 0 -0.119867 0.992776 0.00526243
61.0355 33.9836 39.9332 -0.612139 -0.012124 -3.5 0 0.614001 -0.105579 0.782212
22.9529 50.557 29.5161 0.168636 0 4.2 0 -0.887667 0.447081 -0.110298
36.5053 14.2639 45.4392 1.38745 0 -4.5 0 -0.832892 -0.550862 -0.0533034
23.3267 29.4667 37.8125 -1.82856 -0.446915 -0.4 0 -0.0212578 -0.799074 -0.600857
17.497 40.0096 17.7036 0.334261 0 -4.5 0 -0.673647 0.676511 -0.297545
49.7863 34.224 53.0516 0.616592 0 -4.5 0 -0.0100604 0.371279 0.928467
35.278 43.2728 15.6822 0.851074 0 -3.5 0 0.214941 0.88616 -0.410513
52.1186 49.5221 37.0877 2.25206 0 1.8 0 0.113274 -0.344796 0.931818
46.0583 30.5696 53.0151 -0.26283 0 -2.35746 0 -0.0265129 -0.998878 0.0392363
41.3455 47.7617 57.9072 0.219619 -0.0161293 -2.65693 0 -0.35904 0.883228 0.301658
67.6898 33.7912 41.5905 0.686448 0 -4.5 0 -0.325464 -0.0251112 0.945221
23.004 46.3543 26.6615 -0.906345 -0.0497731 -4.5 0 -0.503368 0.270414 -0.820668
53.9399 25.593 28.3488 -0.670406 -0.00506672 -3.5 0 0.642213 -0.638489 -0.42414
27.8571 60.2347 35.1974 0.335348 0 -3.9 0 -0.254017 0.963251 0.0873079
34.1835 58.9896 34.3748 0.637606 0 -1.6 0 0.855634 0.340281 -0.389998
37.3449 14.2233 49.7464 -0.0142897 0 -4.5 0 -0.884319 -0.273928 0.378079
14.664 51.071 41.608 -1.80148 -0.223252 -3.5 0 -0.983149 0.0587541 -0.173105
53.8632 48.5404 47.3222 2.99831 0 0.621294 0 -0.543141 0.0109593 -0.83957
23.5828 28.8306 40.6073 0.142672 -0.0223184 -0.15957 0 0.460842 -0.88227 0.0960432
42.3103 60.4587 40.9428 0.908015 0 -4.5 0 -0.398132 0.770122 -0.4984
36.7325 38.6704 12.8311 3.17976 0.281744 -3.9 0 -0.627431 0.471171 -0.619942
35.1795 32.2995 23.57 -0.178469 0 -0.7 0 -0.775831 -0.5553 -0.299548
51.0619 25.6144 46.3618 0.0578172 0 3.58609 0 -0.275794 -0.865562 0.418019
55.0699 28.7803 44.1736 0.62999 0.840462 -3.5 0 0.913494 -0.225442 0.33868
40.3443 47.1594 27.1281 0.297974 0 3.14399 0 0.550969 0.332245 -0.765537
16.5925 34.2085 30.7675 -0.126835 0 -3.5 0 -0.605204 -0.692898 -0.391944
51.9766 24.4526 26.4096 -0.22226 -0.530709 -3.31115 0 0.53865 -0.376762 -0.753596
49.1637 61.1763 32.5596 1.08188 0.00963737 -4.5 0 0.613498 0.786414 0.071928
23.2328 42.5631 53.7018 0.0129296 -0.229308 -0.589232 0 -0.02369 0.237885 0.971004
52.6712 61.0843 43.2635 -1.11932 0 -3.5 0 -0.040304 0.987442 0.152756
27.2004 54.1691 51.1527 -0.0925165 0 1.8 0 -0.746133 0.595187 -0.298393
44.0214 13.4325 53.0619 -1.44253 -0.976402 -4.5 0 0.627827 -0.650918 0.426778
61.0835 49.9734 35.3021 0.659653 0 3.8 0 0.0965263 0.884491 -0.456463
35.808 59.346 37.865 -0.02762 0 -3.5 0 0.425688 0.30446 -0.852111
50.3494 40.7091 65.2939 0.423964 0 1.47772 0 0.696495 -0.272744 0.663706
24.7855 25.9243 43.8558 0.0402469 0 -3.9 0 -0.192028 -0.400067 -0.896143
49.363 52.943 26.287 0.253557 -0.0378992 3.60721 0 -0.39162 0.916814 0.078013
34.7104 28.8236 27.5738 1.60082 0 -3.9 0 -0.0118518 0.913761 -0.406079
57.8291 44.5908 45.8551 0.224618 0 2.8 0 0.928551 0.0931619 0.359324
39.4254 15.0297 51.5568 -1.0952 -0.998748 -4.5 0 -0.930075 0.189573 0.314679
59.3586 43.6081 25.8681 -0.372888 -0.614044 3.8 0 0.419989 0.619137 -0.663534
43.4297 28.7572 56.5023 0.542727 0 -3.5 0 0.987091 -0.0965699 0.127775
29.1737 35.1828 28.7908 -0.658358 -0.0422188 -1.78209 0 0.260742 -0.623975 -0.736661
33.851 42.9523 22.1164 -0.176433 0 -3.5 0 0.139482 -0.390043 0.910171
21.6215 27.7962 41.1781 0.0208666 0 -0.4 0 0.0337108 -0.968125 -0.248187
15.5922 41.9486 32.8657 -0.779661 -0.636607 -3.5 0 -0.715084 -0.113313 -0.689793
44.1725 35.6353 55.9409 0.986149 0.0107331 3.8 0 0.575257 -0.0982749 0.812047
49.308 47.6659 24.2436 0.0249246 -0.0014413 -0.8 0 -0.169386 -0.614834 -0.770252
15.4958 49.1 40.4555 1.09775 -0.264518 -3.62306 0 -0.944533 0.245068 0.218631
33.3554 60.6351 34.2614 0.634699 0 -1.6 0 0.741529 0.656781 -0.137013
37.6922 58.4329 39.0066 0.707178 0 -3.5 0 0.451105 0.36988 -0.812215
27.8538 34.0373 20.184 -0.0656459 0 4.2 0 0.921375 -0.365175 -0.1331
46.4245 18.1497 50.4255 1.19557 0 -4.5 0 0.664694 0.433581 0.608432
34.2726 23.9924 31.4053 0.292556 0 -4.5 0 -0.871385 -0.350226 0.343556
52.7236 32.485 54.2139 0.977057 0 -4.5 0 0.405992 -0.269192 0.873331
52.701 48.6805 43.437 3.05657 0 -0.7 0 -0.0292323 0.959215 0.281163
15.7634 39.7583 28.9813 0.126827 0 -0.4 0 -0.892013 0.451078 0.0290118
46.4394 39.8402 63.6927 1.4521 0.831415 1.8 0 -0.652054 -0.724091 0.22476
43.4929 48.7678 60.3339 0.527497 0 -4.5 0 -0.472354 0.778574 0.413164
35.6423 61.2233 45.2422 -0.580521 0 -0.4 0 -0.714907 0.612125 0.337949
56.8619 51.3006 46.9431 0.723624 0 -4.38355 0 0.644409 0.0288767 0.764136
18.3299 43.6992 48.553 0.378322 0 -3.5 0 0.340705 0.836923 -0.428345
43.1599 37.555 56.8768 0.290839 0 3.8 0 0.547183 -0.124884 0.827644
27.4406 53.3071 30.2341 0.498067 0 3.8 0 -0.848515 0.441388 -0.29189
55.2402 55.6131 58.1991 0.209416 0 1.8 0 0.153668 0.988057 0.0113489
52.8477 14.5001 43.5006 0.212707 0 -3.5 0 0.199544 -0.898531 0.390928
40.4917 48.1278 55.9325 0.684093 0 3.71665 0 -0.324505 0.729971 0.601531
18.5081 45.9582 50.5317 -0.587547 -0.116753 -3.5 0 -0.760931 0.613976 -0.209802
18.8285 34.6722 37.7409 -0.179098 0 3.8 0 -0.876114 -0.431125 -0.215767
20.6502 57.794 46.3652 0.0491646 0 4.2 0 0.36538 0.359276 0.858731
64.3565 38.6633 24.3671 1.21434 0.423088 -4.5 0 -0.0788094 -0.339848 0.937172
44.3817 30.7791 55.7314 -0.0513297 0 -3.5 0 0.391109 -0.610973 0.688292
67.2951 51.6215 39.7684 1.30419 0.860518 -0.7 0 0.897005 -0.102245 -0.430032
50.8862 13.4041 39.0945 0.238613 0 -0.4 0 0.332523 -0.363514 -0.870222
17.0044 56.1016 44.1552 0.156363 0 4.2 0 -0.794966 0.0219361 -0.606257
38.8402 21.3482 36.8045 -0.154302 0 -0.7 0 -0.884562 0.444639 0.140876
30.7062 39.7328 56.2691 0.0660733 0 3.8 0 -0.154251 0.959873 0.2342
48.9243 35.7709 28.8994 0.98896 0 -0.4 0 -0.163002 -0.654927 -0.737903
47.0144 33.2671 56.4098 0.149237 0 -3.5 0 0.259495 0.264558 0.928801
27.58 27.845 57.165 -0.501155 0 -3.5 0 0.648252 -0.465485 0.602572
24.8115 55.8915 36.839 -0.167507 0 -1.74914 0 -0.751295 0.359286 0.553597
17.7889 41.2427 54.0899 0.360996 0 1.8 0 0.30973 0.523013 0.794056
57.2943 45.3172 33.095 1.40496 0 -1.54702 0 -0.306824 0.929586 -0.204276
16.7083 51.1742 35.0016 -1.99563 -0.00547081 -3.5 0 -0.748591 0.548402 -0.372649
16.0527 40.6924 32.6517 -0.332986 -0.0328662 -3.5 0 -0.649062 0.215949 -0.729441
35.6635 50.4598 18.2134 0.409245 0 1.8 0 -0.474788 0.626836 -0.61778
32.289 29.645 58.8708 -0.737207 -0.819474 -3.5 0 0.305967 -0.69434 0.651365
56.2733 29.7778 43.4538 -0.641554 0 -3.5 0 0.509261 -0.447339 0.735215
50.8519 52.7654 44.0539 4.0829 0 -1.6 0 -0.114621 -0.953495 -0.278763
50.804 38.918 44.954 3.77343 0 1.8 0 -0.363013 0.39354 0.844599
27.3675 48.9095 24.0265 -0.0516561 0 -4.00171 0 -0.570394 -0.734741 0.36716
47.2031 42.1384 46.7649 5.46467 -0.447804 -0.7 0 -0.575803 -0.473592 -0.666454
33.0692 43.8136 22.9828 -0.203346 0 2.29266 0 0.64154 -0.610855 0.463986
15.4262 37.0197 51.4465 0.406292 0 -4.5 0 -0.383241 0.567447 0.728787
39.1072 47.7979 57.0369 0.587182 0 4.2 0 0.231768 0.932898 0.275655
35.6448 37.9366 25.4887 -0.807204 -0.0177984 -3.5 0 -0.939647 0.243829 -0.240021
48.69 40.0345 47.033 4.52824 0 -0.626442 0 0.335966 -0.46015 -0.82182
39.6205 21.602 32.779 0.0987497 0.0661278 -0.7 0 -0.592239 -0.597849 -0.540212
40.6366 17.5736 36.1261 -0.112262 0 -0.861135 0 -0.408541 -0.878437 -0.247877
28.4851 45.5918 53.8835 1.31102 0 -2.58563 0 0.0614351 -0.0066789 0.998089
67.2573 36.378 38.0697 1.08682 0 -4.5 0 -0.0829058 -0.521046 -0.849493
47.9844 36.6909 27.5438 -0.121507 -0.81751 -1.3 0 0.224208 -0.875512 -0.42803
35.961 57.5008 27.9914 0.739289 0 4.2 0 0.532276 0.794483 -0.292367
20.3454 46.021 28.4457 0.496497 0 -4.5 0 -0.293804 -0.142537 -0.945179
44.9306 38.5798 46.1736 6.13729 0 -0.4 0 0.112442 0.898551 -0.424221
28.968 26.9794 39.8467 -0.075017 0 -1.6 0 -0.82927 0.0568632 -0.555948
38.693 49.0423 19.1044 0.540027 0 1.8 0 0.973691 0.22542 0.0333497
58.3535 31.145 32.92 0.773174 0.220087 -4.5 0 0.772686 0.531344 -0.347319
33.9479 34.1287 27.5074 -5.53344 0 -3.5 0 -0.347337 -0.937634 -0.0141068
25.9489 59.8768 35.1897 0.44081 0 -3.9 0 -0.12103 0.98806 -0.0953331
62.4776 49.4901 34.5056 0.555648 0 3.8 0 0.306714 0.794632 -0.523914
36.1469 49.4181 53.728 0.781852 -0.332036 1.00344 0 0.361472 0.670185 0.648221
54.9404 29.868 45.6766 0.0786301 0 -0.958443 0 0.897178 -0.24848 0.365144
52.0428 58.8919 37.9657 0.653066 0 -0.8 0 0.0223849 0.554122 -0.832134
49.7959 38.4206 44.2732 3.5955 0 4.2 0 -0.550038 0.506398 0.664093
29.5038 20.3252 42.5607 0.184492 0 -4.5 0 0.491237 -0.787456 -0.372288
41.0865 36.4718 16.5563 0.538994 0 -3.9 0 0.99912 0.0417199 -0.00432467
54.0219 48.454 43.7603 2.98002 0.132467 -3.5 0 -0.458374 0.843669 0.279494
16.299 37.458 36.2453 0.0111637 0 -3.5 0 -0.243063 -0.915844 0.31961
36.2762 47.3153 47.4412 5.57313 0 -0.949354 0 0.646462 0.177393 -0.742037
23.5318 33.4186 28.7866 0.660939 0 -4.5 0 0.374913 -0.878849 0.295068
36.1106 21.9711 29.8822 0.5647 0 -4.5 0 -0.0579141 -0.977288 0.203849
21.9847 33.3353 19.6061 1.10406 0 -4.5 0 0.0106753 0.386175 -0.922364
52.8885 33.7967 48.8445 1.04039 -0.017895 -4.31737 0 0.75989 0.60563 -0.236176
19.4702 45.3401 49.7989 -0.911142 0 -3.5 0 -0.447631 0.365428 -0.816142
53.8566 42.3392 55.7989 -0.3241 0 -3.5 0 0.0841855 -0.866834 0.491438
43.2457 40.8516 18.9792 0.755182 0 -3.9 0 0.805385 -0.567545 -0.171019
56.6899 49.348 39.941 2.41233 0 2.8111 0 -0.811008 0.435819 0.390292
17.5631 44.677 49.5401 0.25255 0 -4.5 0 0.0448101 0.949534 -0.310447
56.0185 52.8513 59.3996 0.150811 0 1.8 0 0.713931 -0.0782293 0.695832
46.8705 61.9327 38.8363 1.1735 0.0449431 -4.5 0 0.029193 0.982896 -0.181834
49.2426 39.0887 24.9608 0.616966 0 -3.9 0 -0.330967 -0.34358 -0.878871
56.9754 55.5231 30.2414 0.594581 0 2.8 0 0.402088 0.894363 -0.19606
50.7808 40.7074 23.634 0.710583 0 -3.9 0 -0.339584 -0.387955 -0.856839
19.3125 37.3138 17.658 0.403056 0 -4.5 0 -0.211691 -0.976541 0.0394281
23.7475 21.239 45.1073 0.489076 0.0425844 -4.5 0 -0.732952 0.651459 0.195916
64.9427 51.2933 43.0788 -0.0463404 0 -0.7 0 0.703492 -0.0290482 0.710109
53.7575 28.5116 24.6215 0.682587 0 -3.5 0 -0.794449 0.0682404 -0.603485
52.7788 29.8935 50.6514 0.100154 0.0808425 -3.5 0 0.529546 0.600178 0.599472
50.3391 57.1654 51.8313 0.505698 0 2.8 0 0.785655 0.556854 -0.269556
24.9767 56.7651 41.5714 0.30489 0 -1.87905 0 -0.5774 0.584113 -0.570457
48.1167 48.6972 38.2638 3.09046 0.532204 0.00419594 0 0.407004 0.825695 0.390611
18.1889 36.0048 53.647 0.627604 0 -3.9 0 -0.761698 0.289805 0.579508
66.8909 42.7171 44.5811 -0.196539 0 -3.5 0 0.0879838 0.22737 0.969826
44.9108 43.908 21.1117 0.0432061 0 -3.5 0 0.847568 0.200924 -0.49118
17.355 45.2395 44.311 0.284199 0 -0.73903 0 -0.355871 0.573679 0.737732
54.5441 26.5508 25.0952 0.209697 0 -3.5 0 -0.0499607 -0.98799 -0.146219
44.5788 63.4899 44.4779 0.827422 0 -4.5 0 -0.205141 0.934211 -0.291833
58.2839 35.2379 24.373 1.43479 0 -4.5 0 0.255068 0.842313 -0.474815
42.6495 54.0764 28.3514 -0.420967 -0.0171147 -3.5 0 0.358492 0.40751 -0.839892
39.3933 38.2365 12.7707 2.20085 0 -3.9 0 0.440274 0.599056 -0.668798
64.0614 54.2545 38.9388 0.344852 0 -0.7 0 -0.156285 -0.0636089 -0.985662
47.5249 62.3829 37.576 1.24807 0 -4.5 0 0.0753915 0.905717 0.417124
50.5358 51.2524 22.4576 0.412016 0 3.8 0 -0.0924157 -0.300238 -0.949377
26.5596 21.1548 41.3676 0.489232 0 -4.5 0 -0.486544 -0.047962 -0.872339
16.5677 37.2437 31.1402 0.230197 0 -3.5 0 -0.99267 -0.0779646 -0.092344
35.4875 48.5658 45.9342 5.74647 -0.40714 -0.8 0 0.879391 -0.0105582 -0.475984
55.61 53.3134 34.8369 1.24963 0 3.8 0 0.241052 -0.967763 -0.0730002
29.6489 19.0404 46.2183 -0.324264 -0.6687 -3.5 0 0.319431 -0.941698 0.105686
56.4457 24.4092 43.7379 -0.00991115 0 3.8 0 0.933354 0.348933 -0.0842416
58.3438 38.4337 28.7577 1.45789 0 1.8 0 -0.23285 0.0899673 0.968342
24.4074 39.8204 54.484 -0.180511 0 -0.4 0 0.372438 0.174748 0.911457
51.3464 16.8263 45.8967 0.182568 0 -3.5 0 -0.129223 -0.69034 0.711851
60.3506 41.5334 47.5303 0.452033 0 -0.9 0 0.684296 0.288655 0.66964
58.5378 52.4912 36.4166 0.851949 0 3.8 0 0.142958 -0.140339 -0.979728
30.2044 53.0474 45.799 1.61643 0 -0.7 0 0.197153 0.829011 -0.523327
30.9772 39.3704 26.5789 -0.635702 -0.0363986 2.11305 0 -0.00941238 -0.400597 -0.916206
34.3044 25.9074 39.7749 0.210191 0 -1.6 0 -0.180847 -0.911991 0.368193
27.7222 34.7619 23.0539 -0.972008 0 4.2 0 0.71847 -0.589403 0.369331
54.6795 37.096 49.3126 4.11455 0.692175 -3.9 0 -0.281921 -0.200636 -0.938225
27.8316 29.7282 36.5026 -0.509851 0 -3.5 0 0.00669694 -0.893053 -0.449902
48.1544 17.9316 48.8671 0.180499 0 -4.5 0 0.728631 -0.0582386 0.682426
39.653 34.3946 16.9606 0.215669 0 -3.9 0 0.140765 -0.919585 -0.36681
23.5508 34.0746 31.0237 0.213174 0 -4.5 0 0.254468 -0.920471 -0.296612
55.7569 45.6155 34.3437 1.98572 0 -1.6 0 -0.125799 0.984825 -0.119563
17.9383 28.3254 46.6423 0.0954394 0 -3.5 0 -0.181838 -0.849059 0.496018
37.4176 63.6566 41.6083 -0.298179 0 -3.5 0 0.607091 0.233439 0.75957
13.7118 41.8418 47.5834 0.552696 0 -4.5 0 -0.535373 -0.836125 -0.119457
18.0432 43.1458 51.93 0.485644 0 -3.5 0 -0.502856 0.288852 0.814678
44.839 22.3231 33.0267 -0.509146 -0.0473388 1.35459 0 -0.126051 -0.964214 -0.233244
36.2448 52.9552 24.4772 0.820791 0 -4.5 0 0.164915 0.921689 -0.35113
38.4221 24.9831 54.3147 0.951751 0 -4.5 0 -0.635601 -0.138742 0.759449
54.1029 40.5387 24.3827 1.7043 0 -3.9 0 0.562519 -0.82485 0.0565276
42.5566 39.2634 19.8017 0.333694 0 3.44316 0 0.658849 -0.381428 -0.648406
15.3007 29.5478 45.1936 -0.278119 0 -3.5 0 -0.825487 -0.492654 -0.275433
53.2643 45.0158 32.7425 1.89449 0 1.11394 0 0.152721 0.941813 0.29944
37.134 52.9655 35.9345 5.77822 0 -0.8 0 0.47573 0.419194 -0.773277
31.3792 27.2061 27.6356 0.198073 -0.0629453 -0.4 0 -0.753046 -0.308387 -0.581222
56.4772 59.4414 42.9552 0.576161 0 0.993179 0 0.174091 0.789575 0.588442
40.5969 64.1998 46.0131 0.891525 0 -1.6 0 -0.0623244 0.702466 -0.708983
22.4909 48.8315 29.546 0.51563 0 4.2 0 -0.589819 0.654836 -0.47255
39.7257 35.0516 14.4011 0.853422 0 -3.9 0 0.300186 -0.892531 -0.336566
51.5466 48.269 41.7552 2.92407 0 -0.7 0 0.0148043 0.940129 -0.340498
47.8424 59.7927 47.1794 1.28238 0 -1.6 0 0.631627 -0.272429 -0.725831
28.298 53.3619 48.0846 1.02197 0 -0.7 0 -0.482894 0.835531 0.262109
34.9398 34.8753 23.1039 -0.604173 0 -0.7 0 -0.885306 0.00614034 -0.464969
18.9805 27.6523 45.8722 0.137483 0 -3.52853 0 -0.270618 -0.779886 0.564396
24.5208 33.0877 25.19 -1.51732 -0.682623 -4.5 0 0.367387 -0.883493 0.290631
41.374 49.351 55.976 1.17303 0 -4.5 0 -0.639877 -0.0266791 0.768014
34.479 33.768 29.1712 -1.23503 0 -3.5 0 -0.115366 -0.940501 0.319608
51.3872 49.8331 47.297 3.26634 0 4.2 0 -0.163194 0.275077 -0.94747
42.0287 62.0643 49.3069 0.267252 0 -1.6 0 0.326782 0.123725 0.936966
30.28 53.7429 43.5617 0.409681 -0.708864 -3.9 0 0.1283 0.278398 0.951858
47.7944 32.6626 28.0073 0.688872 0 -4.5 0 0.707215 0.697161 -0.117534
36.9894 24.5128 51.2013 -2.27298 0 -4.5 0 0.135672 -0.966418 -0.218241
26.8016 25.5719 51.468 -0.51711 -0.782451 3.8 0 -0.715155 -0.0517092 0.69705
40.9895 52.2297 31.2097 0.559487 0 -3.5 0 -0.40931 0.103745 0.906478
62.8533 41.3732 31.1969 1.50809 -0.161217 -0.4 0 0.721708 0.45074 -0.525329
15.3849 42.7922 39.4963 0.288674 0 -3.9 0 -0.976827 -0.15376 0.148887
21.7616 33.9507 57.2286 -1.3034 -0.629995 -3.5 0 -0.901284 0.111419 0.418655
58.5125 58.0566 37.9135 0.448637 0 3.8 0 0.813175 0.0893115 -0.575125
59.4925 26.5791 34.2212 0.692286 0 -4.5 0 0.371383 -0.748349 -0.549589
39.8545 49.0152 41.7133 6.69339 0.22829 -3.9 0 -0.188219 -0.616425 0.764587
41.3243 46.2686 26.8407 0.882538 0 4.2 0 0.0508248 0.689421 -0.722576
23.7782 57.5844 36.0568 0.782388 0 -3.9 0 -0.629306 0.0877697 0.772186
46.7318 17.1614 46.4048 0.303054 0 -0.679641 0 0.0237659 -0.998373 0.051834
58.3517 31.8105 29.9793 0.763546 0 2.8 0 0.85621 0.0858105 0.509452
23.9508 54.0145 38.2604 -1.30918 0 -1.89814 0 -0.611696 0.780662 -0.128043
49.862 27.7048 25.5392 0.136687 -0.603743 -3.58862 0 -0.254932 -0.450226 -0.855749
47.5053 49.9719 36.1995 -1.20432 0 3.07669 0 -0.0916386 0.521112 0.848555
32.7137 50.4038 20.5917 0.791134 0 -4.5 0 0.0649923 0.924238 -0.376246
57.4567 50.2699 41.3152 2.60332 0 -3.5 0 -0.994778 0.100551 -0.0175211
57.1892 49.6958 46.8312 0.589618 -0.0262531 -3.5 0 0.51174 0.552788 0.657684
24.129 55.5522 33.1367 0.924188 0.296061 -3.9 0 0.231901 -0.7322 -0.640395
47.7697 59.5494 52.2154 0.309376 0 2.07083 0 0.049939 0.551732 0.832525
45.5621 41.8228 62.7984 0.56402 -0.205726 -0.724506 0 -0.703828 -0.0917865 0.704415
47.1746 16.5968 53.5773 -0.164132 0 -4.5 0 0.580601 0.702787 0.411087
39.9634 23.527 36.4291 -0.37776 0 4.2 0 -0.986095 -0.108121 0.126197
38.1366 50.2007 42.5265 8.47961 0 -3.9 0 -0.209524 -0.516091 0.830512
35.3066 45.2386 40.82 5.43257 -0.747383 -1.41798 0 0.71423 0.194802 0.672256
17.9634 36.4193 36.576 0.51381 0 3.8 0 -0.829428 -0.537245 0.153027
52.264 44.7049 36.2323 1.73931 0 3.8 0 0.435188 0.856589 -0.277249
52.66 26.5198 25.55 0.0467952 0 -3.5 0 -0.0843846 -0.502645 -0.860365
46.1815 58.4424 53.3264 0.239963 0.261326 -4.5 0 0.292364 0.826477 0.481102
22.9162 54.1131 33.6054 -1.05835 0 -3.5 0 -0.0901658 0.00617536 -0.995908
24.584 54.4038 34.3145 0.0796371 0 -1.6 0 0.129368 -0.105875 -0.985928
60.5884 42.8477 25.1047 0.609651 0 -4.5 0 0.0350311 0.935399 -0.351853
56.5514 56.4567 33.4022 0.549543 0 3.8 0 0.679062 0.70479 -0.205295
20.0404 42.9203 28.1647 -0.00110851 0 3.8 0 -0.891387 0.414939 -0.182358
23.1929 19.1064 43.7449 -0.10249 0 -4.5 0 -0.693609 -0.215728 -0.68729
53.8793 60.502 44.4655 -0.00108096 0 -3.5 0 0.519887 0.812265 0.264468
54.8702 34.6933 51.0665 2.54979 0.423149 -4.37355 0 0.628408 -0.759155 -0.169667
19.4562 34.7567 55.0708 0.325778 0 -3.9 0 -0.270769 0.254352 0.928434
29.314 54.8757 44.1861 0.835536 -0.428587 -3.9 0 0.864309 -0.279617 0.418073
29.8337 48.286 19.6756 1.00688 0 -4.5 0 -0.253637 -0.310412 -0.91614
58.3701 44.6144 51.2464 -1.03 -0.112873 -1.6 0 0.85956 -0.296435 -0.416273
45.5456 51.5159 44.7979 4.00956 0 3.33562 0 0.13197 -0.892158 -0.432017
64.5983 48.5861 40.6927 -14.4996 0 -0.0649538 0 0.967965 -0.0817021 0.23742
42.3896 46.5513 47.0777 5.26153 0 -1.17268 0 0.094764 -0.20858 -0.973403
68.5875 36.96 37.869 0.385563 0 -4.5 0 0.632115 0.0554622 -0.772887
28.1738 56.5488 29.6173 0.27057 0 -0.8 0 -0.451295 0.482501 0.750683
37.3035 61.7702 42.9739 0.240234 -0.0069191 -2.67407 0 0.443112 0.807877 0.388571
57.693 38.553 52.323 0.548289 0 -3.5 0 0.583327 -0.2912 0.758242
30.9133 61.1259 33.7189 0.562191 0 -1.6 0 -0.12735 0.986936 -0.0986857
32.3329 34.8954 59.4086 0.662598 0 -0.71348 0 0.85053 -0.215471 0.479761
52.2734 39.8999 45.0942 3.41828 0 1.8 0 -0.128432 0.0338488 0.991141
29.3135 54.5749 26.2652 -1.01864 -0.123961 -0.8 0 -0.379705 0.195134 -0.904293
56.9956 52.0917 24.4428 0.420367 0 3.8 0 0.549346 0.683707 -0.480378
38.2428 45.8942 17.6674 0.39327 -0.472293 -0.587508 0 0.182898 -0.254743 -0.949555
13.7101 43.7738 44.8659 0.912831 0 -4.5 0 -0.690423 0.0869439 -0.718162
36.0177 30.2532 55.4909 -0.501165 -0.5564 -3.5 0 0.754476 0.112144 0.646676
48.784 53.1385 43.842 3.45093 0 1.47031 0 -0.037808 -0.824499 -0.564599
55.0412 34.2435 23.55 0.749794 0 -4.5 0 -0.40462 0.619975 -0.672245
53.1539 23.7076 27.9825 -0.00415251 0 -0.8 0 0.718372 -0.162082 -0.676513
53.5187 57.4028 32.5324 0.735486 0 3.8 0 0.162501 0.979695 -0.117439
54.315 52.285 37.4755 1.68939 0 2.33122 0 0.109254 -0.937222 -0.331178
56.656 18.4009 36.806 0.383559 0 -3.9 0 0.951808 -0.127479 0.278945
52.1847 41.9138 22.4606 1.17532 0 -3.9 0 -0.392178 -0.224173 -0.892156
47.9095 20.9667 48.231 0.8068 0 -4.5 0 0.638576 0.223975 0.736244
21.0886 31.7332 25.2945 0.247129 0 -4.5 0 0.463865 -0.878745 0.112408
57.5747 17.2829 41.8352 -0.035075 0 -3.5 0 0.879703 -0.290338 -0.376598
53.8301 30.864 24.6298 0.803936 0 -4.5 0 -0.973528 0.0430565 -0.224477
45.7251 39.302 60.5159 0.699266 0 -1.6 0 -0.318526 -0.889079 0.328755
47.6087 47.9134 24.5041 -0.729195 -0.789914 -0.8 0 -0.686655 -0.334793 -0.645305
54.4909 37.9006 27.1827 0.808541 0 1.8 0 -0.311324 -0.118426 -0.942896
51.379 48.0205 44.0667 2.7614 0 -0.7 0 0.0812041 0.949396 0.303401
16.108 38.532 47.3642 1.09743 0 -4.5 0 -0.886483 0.434555 0.15909
57.2863 45.8467 50.1495 0.924981 -0.0918252 -1.6 0 0.759938 -0.338859 -0.55468
48.9953 31.966 28.5467 -0.503301 -0.703053 -3.5 0 0.361513 0.820959 -0.441966
45.0488 44.3635 19.203 2.02461 0.558749 -3.9 0 0.906003 0.206314 0.369586
46.7464 50.3797 60.543 0.0404176 -0.123796 -4.5 0 -0.222823 -0.589569 0.776375
64.1026 42.3997 33.2786 0.128522 0 1.22482 0 0.51651 0.250606 -0.818788
52.992 17.3397 33.3472 2.2565 0.0306183 -2.85821 0 -0.356431 -0.904791 -0.233044
55.3246 35.6142 25.7393 1.24948 0.215405 -3.61804 0 -0.965668 0.257606 -0.0335198
23.5534 59.3497 45.795 -0.121981 0 -0.7 0 -0.444485 0.279666 0.851011
67.7526 37.6499 35.1159 -0.982055 -0.43646 -3.5 0 0.521113 -0.772676 0.362511
48.4104 56.8498 31.2705 1.19718 0 -4.5 0 -0.969032 -0.154493 0.192636
40.8084 44.7703 41.9155 3.85732 -0.0249238 1.8 0 -0.192029 0.205428 0.959648
53.986 40.664 53.726 -0.177663 0 -3.5 0 0.56924 -0.285258 0.771099
35.0555 56.5845 30.2495 2.15884 0 4.2 0 0.336285 0.161927 0.927735
44.3543 38.8408 22.5036 0.264381 0 3.8 0 0.848125 0.528882 -0.0311136
59.1251 48.7366 52.584 0.262928 0 -1.6 0 0.979838 0.134568 0.147678
15.5865 41.8051 40.1707 0.280143 0 -3.9 0 -0.961669 0.0479031 0.269997
32.4074 52.4389 51.3083 1.22471 0 -0.7 0 0.238928 0.13094 0.962169
54.0168 47.9852 62.1749 0.149774 0 -4.33127 0 0.580403 0.727802 0.365288
56.5978 42.0686 30.0284 1.50366 0 -1.0849 0 -0.368204 -0.928837 0.0410834
57.7042 38.8273 47.4984 0.878624 0 -0.9 0 0.355514 -0.93351 -0.0465614
38.0305 41.842 58.237 -0.0517813 0 -1.44326 0 -0.517903 -0.364756 0.773776
54.5091 49.5924 45.8766 3.11613 0 -3.5 0 -0.648058 -0.53095 -0.545998
36.161 33.0828 31.0534 -0.269447 0 -0.235374 0 -0.908616 -0.288282 -0.302176
65.2385 47.395 33.3145 0.60828 0 2.8 0 0.0788028 0.718794 -0.690743
57.8562 53.6905 35.7605 0.811544 0 3.8 0 0.469204 -0.498273 -0.72909
54.1092 36.5633 47.0308 1.3407 0 -0.8 0 0.467684 -0.0225716 0.883607
46.8284 62.3831 47.3935 0.544547 0 -3.92127 0 0.81603 0.463644 -0.345151
30.8718 57.3409 28.0066 0.858252 0 2.6464 0 -0.0152108 0.875347 -0.483256
54.2323 37.0857 54.6693 0.63953 0 -3.9 0 0.14393 -0.193947 0.970396
30.6495 53.7085 53.3497 0.692811 0 1.8 0 0.735754 0.061327 0.674467
40.6806 60.6624 43.7818 0.28673 -0.0785601 -4.03891 0 -0.134822 0.835603 -0.532532
32.7324 42.3711 53.1654 1.07283 0.374748 -0.341647 0 -0.312687 0.0508189 0.948496
48.9173 31.5748 24.1205 0.395818 0 -4.5 0 0.828414 0.557113 -0.0579312
50.0847 51.8922 60.7709 0.793144 0.0291015 -3.7863 0 0.339329 0.683403 0.646387
54.7988 29.043 47.057 0.466166 0 -3.5 0 0.91641 0.322871 0.236533
44.9002 31.0541 21.7004 -0.215429 -0.374208 -3.68647 0 0.9047 -0.378005 -0.196547
24.6588 49.2205 52.6493 0.106639 -0.989456 -0.8 0 -0.874796 0.461143 0.148593
38.9266 18.3514 42.2506 0.144344 -0.0516249 -2.85378 0 -0.579193 -0.224872 -0.783561
56.7093 37.4206 49.8479 1.95089 -0.239118 -3.77382 0 0.405932 -0.610433 -0.68014
30.3034 20.117 48.5689 0.358841 0 -3.5 0 0.509266 -0.734904 0.447844
44.767 51.1105 42.8875 3.91066 0 -1.3 0 0.371956 -0.828506 -0.418601
37.7735 49.3547 41.1769 7.7005 0.048757 -1.65974 0 0.201985 -0.830024 0.519868
51.648 55.1437 26.2222 0.504414 0 3.8 0 -0.50063 0.849038 0.168832
50.3375 53.512 59.755 0.298094 -0.433359 1.8 0 -0.123211 0.575831 0.808231
29.5263 51.171 20.431 1.77253 0 -4.5 0 0.483697 0.778313 -0.400334
15.3657 32.687 48.9915 0.00446534 -0.435364 -3.73311 0 -0.855252 -0.441479 0.271368
62.9354 41.4805 23.4223 1.26254 0 -4.5 0 0.595971 0.745106 0.299392
32.9963 43.58 24.6852 -0.331861 0 3.8 0 0.807454 -0.439992 -0.392971
24.4182 22.972 50.0894 2.1934 0 -3.9 0 -0.596483 -0.580852 0.553912
63.0991 55.2806 43.6726 0.291165 0 -0.4 0 0.957035 0.247237 0.151521
64.289 40.2673 42.6851 0.282613 0 0.511307 0 -0.155596 -0.844605 0.512281
22.6546 25.2501 44.7092 0.252156 0 -3.9 0 -0.236565 -0.696021 -0.677932
58.1934 54.8719 35.8396 0.595682 0 3.8 0 0.888508 0.238158 -0.392218
38.2285 20.7108 40.2165 -0.157533 0 4.5 0 -0.768011 -0.573557 -0.284942
57.267 21.543 40.879 -0.0485913 0 1.8 0 0.914179 -0.0986793 0.393115
20.7634 32.9346 32.6901 -0.391256 -0.629677 -3.5 0 -0.00566178 -0.937069 -0.3491
20.5333 27.2181 46.1862 1.01017 0 -3.9 0 -0.65407 -0.555591 0.513333
19.1222 31.1793 55.2067 2.63571 0.36027 -3.9 0 -0.0653057 -0.489598 0.869499
38.4388 64.3059 48.931 0.612879 0 -1.6 0 -0.616118 0.779481 0.113177
59.8168 35.7111 40.1849 0.383902 0 -3.9 0 0.510306 0.698448 0.501755
35.2855 50.4972 53.8097 -0.34745 -0.78428 -1.6 0 0.147697 0.564551 0.812076
58.6923 44.347 55.7333 -0.00457038 0 -3.5 0 0.802261 -0.579904 0.141732
49.0214 58.3595 50.1362 0.461727 0 2.3977 0 0.945957 0.0839593 -0.313236
27.8923 18.7524 43.109 1.18635 0.0921542 -4.5 0 0.467779 -0.782594 -0.410767
42.6999 14.0759 49.1117 -0.0249913 0 -4.5 0 0.330932 -0.458731 -0.824651
52.7155 48.8507 21.857 -1.22164 -0.468496 3.8 0 0.223744 0.0242947 -0.974345
47.7826 15.8173 43.1945 -0.377616 0 -1.29389 0 -0.172214 -0.852711 0.49318
23.1604 32.3761 19.8744 0.840675 0 4.2 0 0.366497 -0.551815 -0.74912
62.0394 41.8314 26.5312 1.15803 0.823679 -4.5 0 0.858429 0.4947 0.135542
57.1328 42.4355 53.8843 0.139412 0 -3.5 0 0.519946 -0.849715 0.0874138
44.1764 41.8486 18.4964 1.44556 0 -3.9 0 0.785418 -0.61535 0.0668032
38.7026 50.017 24.0667 0.521676 -0.0212027 -4.5 0 0.83622 -0.143636 -0.529249
61.2896 55.8378 38.4147 0.418859 0 3.8 0 -0.0210797 0.0704313 -0.997294
35.2522 31.6513 57.0465 1.16 -0.477138 -3.58129 0 0.868765 -0.156496 0.469847
22.5206 32.6596 24.8209 0.457322 0 -4.5 0 0.428552 -0.819707 0.380031
36.751 30.7185 26.0987 0.00611513 0.655759 -3.58649 0 -0.974021 -0.183349 -0.132911
51.3941 54.5332 50.5598 0.935206 0.0687612 1.49114 0 0.606717 0.729401 -0.316021
49.7598 42.3849 58.5046 0.170539 0 3.8 0 0.470597 -0.832555 0.292216
37.3903 52.9466 24.6547 0.934774 0 -4.5 0 -0.0434908 0.819761 -0.571052
55.0967 38.4137 53.9891 0.933667 0 -3.9 0 0.42508 0.370243 0.82597
60.9508 36.8416 29.2042 1.39989 0 -0.4 0 0.622337 -0.689189 0.3711
42.333 51.0575 41.2085 3.97636 -0.20461 -2.46823 0 0.992035 -0.115829 0.0494992
42.8923 26.9591 55.6044 -0.588631 -0.223784 -3.5 0 0.865052 -0.495454 0.0788065
61.6564 41.8807 28.1894 2.06665 0 -4.5 0 0.988685 0.14954 0.011799
25.904 54.084 47.2955 0.680252 0.0478075 -3.9 0 -0.139211 0.748661 0.648172
39.5731 56.1308 52.8204 1.59409 0 -4.5 0 -0.929787 0.259611 0.260957
42.7593 61.162 42.4679 0.950815 0.798128 -4.5 0 -0.553343 0.771181 -0.314788
54.3539 49.3964 22.9123 0.256978 0 3.8 0 0.0516578 -0.032501 -0.998136
51.336 45.8565 33.4033 1.57286 0 1.9 0 0.706035 0.425013 0.566462
49.853 49.1503 46.5627 3.50812 0 4.2 0 0.221205 0.652668 -0.724633
35.0591 44.9429 57.2347 0.546245 0 4.2 0 -0.657792 -0.343318 0.670404
52.116 31.001 51.331 -0.00724731 0 -4.5 0 0.380172 -0.722019 0.578064
53.8433 42.5417 46.6196 2.80999 0 2.8 0 -0.113925 -0.975734 0.18699
26.7199 58.9388 46.969 0.153669 0 -2.07681 0 -0.286541 0.302067 0.909203
60.1736 38.2323 29.708 3.42221 0 -0.4 0 -0.681659 -0.436356 0.58731
54.97 25.8295 47.46 -0.220073 -0.941231 -3.5 0 0.748729 -0.65468 -0.103917
35.4551 41.4397 22.7083 -0.241609 0 -3.5 0 -0.820614 0.145823 0.552565
41.4277 57.266 39.6316 1.13001 0 -4.04349 0 0.534757 0.262513 -0.803195
54.6981 41.1084 45.0893 2.62403 0 -0.0378677 0 -0.421724 -0.0039647 0.906715
50.5591 60.5813 39.8562 0.207521 -0.974952 -0.8 0 -0.123973 0.971841 -0.200389
39.705 23.376 37.673 -0.440956 0 4.5 0 -0.861363 -0.1687 -0.479159
42.0759 16.6506 45.4028 0.523519 0 1.8 0 0.257156 -0.964728 -0.0563153
54.9753 59.5205 40.8314 0.519674 0 3.8 0 0.051727 0.998178 -0.031066
22.6261 25.6641 49.4335 1.4974 0 -3.9 0 -0.815631 0.0343787 0.57755
23.6203 53.7666 46.4487 0.391645 0.331248 -3.9 0 -0.482493 -0.0643537 0.873533
43.2805 34.439 21.2413 0.0415224 0 -3.5 0 0.841631 0.0918735 -0.532181
47.513 45.198 45.7627 4.35128 -0.964736 -0.7 0 -0.498104 0.743074 -0.446915
40.5671 46.004 25.8123 0.955459 0 4.2 0 0.523576 0.849959 -0.0586445
53.3641 51.2006 36.904 1.82208 0 1.8 0 0.818505 -0.511818 0.260945
42.0621 18.2108 34.9492 -0.11407 0 -0.7 0 0.170985 -0.53223 -0.829153
41.7681 61.4873 44.5046 0.659016 0 -4.26139 0 -0.403799 0.539957 -0.738507
31.487 57.7958 45.0581 0.765537 0 -3.9 0 0.970787 0.151562 -0.186015
24.1029 59.4579 34.3139 1.2317 0 -3.9 0 -0.334775 0.942159 -0.0161754
49.9454 54.1651 28.1747 0.979555 0 -4.5 0 -0.40931 0.492009 -0.76837
40.5233 45.9511 47.6482 5.10221 0 -0.7 0 -0.34774 0.429152 -0.83361
43.2065 51.667 41.9555 3.55694 0 -1.3 0 0.265679 -0.854662 -0.446057
48.7329 38.7909 47.0071 4.73506 0 -0.4 0 0.577471 0.462906 -0.672492
29.9564 51.6857 24.0451 -2.03203 0 -3.5 0 0.135907 0.857318 -0.496523
48.8628 47.5415 38.7747 2.82713 0 -0.391443 0 0.808269 0.572138 0.139137
69.6712 40.674 43.799 -1.72069 -0.385613 -3.5 0 0.98315 0.105071 0.149586
54.1712 26.6231 26.5505 0.152523 0 -3.5 0 0.10518 -0.971717 -0.211431
48.7653 52.1328 23.6885 0.361548 0 3.8 0 -0.923915 0.169381 -0.343062
15.0855 44.0396 38.8394 0.400989 0 -3.9 0 -0.987083 -0.158501 -0.0233447
19.0314 37.9508 24.1206 0.429199 0 -2.93615 0 -0.987999 -0.100102 -0.117632
34.9856 21.9106 29.8776 0.580217 0 -4.5 0 -0.328661 -0.897709 0.293428
54.0903 41.2713 28.9713 1.13968 0 3.8 0 0.735956 -0.674293 0.0608041
37.6405 13.6515 48.0494 0.262867 0 -4.5 0 -0.690977 -0.71471 0.108348
35.3993 40.9582 24.0134 -0.276654 0 -3.5 0 -0.975408 0.170184 -0.14006
28.1108 60.8177 46.952 0.405646 0 -3.36335 0 -0.205197 0.744056 0.635825
20.7432 41.1392 25.3067 0.48398 0.0143265 1.99817 0 -0.183695 0.61742 -0.764885
48.8341 47.8981 42.1951 3.59206 0 -0.7 0 -0.278724 0.85013 0.446757
22.1018 26.3143 43.8699 0.224917 0 -3.9 0 0.0520723 -0.782795 -0.620097
51.2093 34.7479 53.2701 0.403015 0 -4.14377 0 -0.26044 0.0840928 0.961821
48.8733 61.6758 49.3323 0.547777 0 -1.6 0 0.846475 0.446644 -0.289808
49.7366 49.5603 37.0222 2.47358 0 1.94724 0 -0.00972393 0.33586 0.941862
33.9645 51.09 52.534 -0.335937 -0.0419178 -1.6 0 -0.506068 0.667861 0.545763
36.625 31.7466 30.2704 -1.10321 0 2.40452 0 -0.921596 0.042888 -0.385773
52.116 45.289 62.725 -0.094671 0 -4.5 0 -0.444385 0.0459284 0.894658
15.6912 40.0116 51.3287 0.550616 0 1.8 0 -0.894614 -0.393182 -0.212307
18.9553 43.397 45.0258 0.414481 0 3.8 0 -0.194573 0.812604 0.549378
31.0531 57.4467 47.0426 0.911727 0 -3.9 0 0.662051 -0.651977 0.369615
52.4714 48.3804 31.2315 1.98987 -0.146263 -0.7 0 0.820569 -0.307064 0.482056
41.9826 59.1071 52.6889 1.11984 0 -4.5 0 -0.547324 0.767733 0.333201
14.8859 40.6923 46.3003 0.553128 0 -4.5 0 -0.834413 -0.53628 0.12712
46.8332 38.3669 56.7811 -0.76206 -0.810838 -1.6 0 0.12093 -0.751522 0.64853
20.3139 53.83 46.7453 -0.428532 -0.191341 4.2 0 0.5305 -0.279995 0.800108
53.263 51.8231 35.4637 1.84975 0 1.8 0 0.970991 -0.167352 0.170794
24.4006 34.2247 61.5304 0.0904068 0 -3.5 0 -0.0623725 0.253758 0.965255
18.9548 41.0981 53.2489 0.743994 0.124438 0.194033 0 0.181686 0.429125 0.884784
56.1666 58.5439 37.4154 0.540462 0 3.8 0 -0.312288 0.50646 -0.803725
15.4833 38.8735 32.3882 -0.916441 -0.334543 -3.5 0 -0.740148 -0.20701 -0.639788
26.1245 38.9543 25.4888 -1.74215 0 -1.6 0 0.415012 -0.161119 -0.895436
46.2842 17.6665 51.8582 0.623472 0 -4.5 0 0.643928 0.712731 0.278158
55.077 25.1345 46.0662 0.0219048 0 3.8 0 0.6271 -0.201815 0.75234
16.4578 38.9827 26.5812 -0.579739 -0.364614 -0.4 0 -0.875209 -0.0241339 -0.483142
48.7585 48.866 61.4761 1.0264 0 -4.5 0 -0.774369 -0.416318 0.476479
56.1366 41.7686 31.5544 1.61108 0 -1.6 0 -0.121017 -0.876202 -0.466503
55.5916 36.5114 28.6668 1.25847 0 1.8 0 -0.686582 -0.358109 0.632743
29.4595 57.0107 48.3305 0.561717 0 -3.9 0 -0.136583 -0.508101 0.850399
25.2748 29.4111 41.8853 -0.496441 -0.380619 4.32533 0 -0.283671 -0.948519 -0.140862
46.6707 46.8132 26.1331 0.772214 0.663094 -0.157329 0 -0.567234 0.254874 -0.783125
36.1334 37.7734 16.3327 0.21442 0.605571 -2.59755 0 -0.647675 -0.678165 -0.347289
19.282 44.1856 49.1999 0.131101 0 -3.5 0 -0.24917 0.650328 -0.717626
38.7615 48.4431 20.4191 0.745856 0 -4.5 0 0.907152 0.391576 0.154089
30.465 58.6945 43.244 0.633356 0 -3.9 0 0.183881 0.928237 -0.323362
33.9704 37.0669 17.6416 0.0640233 0 1.8 0 -0.443404 -0.623302 -0.644117
36.3027 18.5777 44.1576 0.462104 0 -1.89447 0 -0.771544 -0.332011 -0.542669
66.4083 41.6633 34.0747 0.140155 0 2.8 0 0.494261 0.232598 -0.837618
43.699 32.4105 18.0777 -2.1227 -0.557751 -3.5 0 0.586695 0.04467 -0.808575
35.6641 54.1888 30.0799 4.10942 0 4.2 0 0.258845 0.303324 0.917057
32.9726 37.5793 19.364 -0.14102 0 1.8 0 -0.971606 -0.1733 0.161085
46.6839 62.6245 44.9054 0.9738 0 -4.5 0 0.855421 0.517177 0.0279811
57.216 33.797 33.6027 1.2055 0 -0.4 0 0.86549 0.259399 -0.428531
54.7889 49.476 44.4339 3.58994 0.164674 -3.53932 0 -0.919193 0.128529 -0.372242
53.7566 55.6402 54.9851 0.289056 0 3.8 0 0.923722 0.382234 -0.0251732
33.2427 60.2326 36.7386 1.08099 0 -3.5 0 0.512717 0.803685 -0.302013
48.8543 16.8533 33.0482 -1.49631 -0.619929 -0.4 0 0.252249 -0.625834 -0.738039
14.6552 34.159 48.4002 0.734753 0 -4.5 0 -0.875798 -0.479786 -0.0527616
60.6553 53.4311 38.1134 0.60128 0 3.8 0 0.735538 0.118293 -0.667077
57.7544 34.5818 23.1439 1.6669 0 -4.5 0 -0.173222 0.640979 -0.747757
39.9609 50.5227 32.9947 5.30556 0 -3.30343 0 0.234357 0.9667 -0.102801
51.8272 12.5673 41.1238 0.0615684 0 -0.4 0 0.447461 -0.885224 0.127109
44.6483 15.5461 43.2056 0.350867 0 2.8 0 -0.320005 -0.929219 0.184795
45.0637 40.2998 62.1012 0.585332 0 -1.6 0 -0.691232 -0.563761 0.452076
34.817 37.6952 26.5823 -1.36265 0 -3.5 0 -0.418442 0.595519 -0.685758
37.3327 30.6691 23.5071 -0.665524 -0.163496 -2.43968 0 -0.63945 -0.706704 0.302777
28.2462 29.4319 59.8078 -0.593939 0 -0.8 0 0.475541 -0.680453 0.557535
50.9528 56.2752 27.9345 0.800823 0 -4.5 0 0.149313 0.338248 -0.929136
38.3707 46.7221 58.766 -0.256443 -0.0337249 4.2 0 -0.328981 0.47944 0.813577
25.7174 28.7946 53.5993 0.0463633 0 -3.5 0 -0.558568 -0.829454 0.00264553
19.906 30.324 53.7472 2.98288 0.262514 -3.9 0 0.167696 -0.678599 0.715109
38.2805 62.7644 39.7047 0.24451 0 -3.5 0 0.96623 -0.0270472 -0.256258
53.2348 59.9406 38.7431 0.152281 0 -0.8 0 0.13265 0.735467 -0.664449
61.824 41.685 29.6945 1.96028 0 -1.27573 0 0.895194 0.258734 -0.362883
45.5328 27.697 51.2643 -0.1222 0 -0.7 0 0.617945 -0.140217 0.773617
49.4691 26.7371 27.3932 -0.162796 0 -3.5 0 -0.765848 -0.385131 -0.514929
34.1473 27.6923 56.2173 -0.708024 0 -3.5 0 0.345417 -0.736417 0.581701
63.2433 57.5202 43.2527 -0.124359 0 0.0741895 0 0.86734 -0.0781119 0.491548
38.3172 65.0312 40.4491 -1.07871 0 -3.5 0 0.917514 0.316013 0.24146
54.2772 28.827 23.7092 1.01191 0 -3.5 0 -0.963619 -0.0777181 -0.25573
39.0418 31.6399 55.0192 0.902281 0 -3.5 0 -0.661437 0.342489 0.667235
33.0588 33.9043 29.4447 -1.20945 0 -3.5 0 -0.0687578 -0.993633 0.0892555
38.4039 39.8459 15.3379 1.17467 0.683587 -3.9 0 0.487889 0.757308 -0.434106
20.7639 36.9888 20.1184 0.957279 0 -4.5 0 -0.106432 -0.694354 -0.71172
55.4694 43.0011 56.7664 -0.785329 -0.347298 -3.5 0 0.00851351 -0.920132 0.391515
35.687 23.741 52.2955 -0.0486986 0 -2.35753 0 0.534163 -0.751722 0.386759
30.5617 39.2869 58.474 0.196947 -0.0159529 -1.12031 0 0.0503564 0.984075 0.170473
39.0161 47.5034 39.549 6.6052 0 -0.4 0 -0.578138 -0.141214 0.803626
60.7856 35.8511 39.5434 -0.187581 0 -3.5 0 0.172293 0.0802425 0.981772
38.1094 44.9406 58.9907 0.369154 0 4.2 0 -0.346684 -0.108877 0.931641
46.23 54.4253 41.052 2.07155 -0.130638 -1.3 0 0.0391434 -0.521809 -0.852164
27.4979 34.671 61.0068 1.12886 0.210211 -3.5 0 0.0437228 0.0511178 0.997735
36.8908 44.0206 40.9436 5.63489 0 1.8 0 0.228413 0.619007 0.751437
43.9337 46.2671 62.3209 0.282216 0 -4.5 0 -0.336042 0.260417 0.905129
26.5205 30.8943 59.5416 -0.852025 0 -3.5 0 -0.077908 -0.0586304 0.995235
27.2303 53.5942 52.9055 0.712079 0 1.8 0 -0.867939 0.314585 0.38434
45.8101 50.2209 25.7831 0.11548 0 -0.8 0 -0.421243 0.131497 -0.897364
49.0184 30.7592 26.3721 0.894675 -0.116764 -3.5 0 0.756365 0.588438 -0.285749
34.4749 36.8189 57.5056 -0.284 -0.539538 3.8 0 0.634403 -0.0339413 0.772257
28.5034 30.0006 57.8826 -1.2597 0 -3.12888 0 0.732921 -0.680263 -0.00826813
57.4528 41.3022 52.6045 0.286206 0.391005 -3.5 0 0.603866 0.1467 0.783469
21.9207 54.3372 45.8959 -0.506424 -0.170832 -0.8 0 0.0544812 -0.703098 0.709003
55.99 24.0694 32.2916 -1.14483 -0.00908817 -3.5 0 0.89674 0.173951 -0.406939
27.947 24.11 52.6395 0.155102 0 3.8 0 -0.611094 -0.433308 0.662426
63.0327 56.8776 45.1787 -0.541772 -0.197322 -0.4 0 0.90627 0.122944 0.404424
57.3623 21.119 42.0223 -0.421585 -0.861438 -3.5 0 0.839198 0.458255 -0.292829
27.2292 34.7697 18.913 0.119782 0 4.2 0 0.76212 -0.0110544 -0.647341
22.9334 47.8451 49.3968 -0.0386123 0 3.8 0 -0.254896 0.859076 0.443864
31.2944 41.5695 23.6298 -0.389644 0 3.8 0 0.521452 -0.797204 -0.304225
48.7477 51.1266 46.4508 3.55767 0 4.2 0 0.735039 -0.343283 -0.584701
36.9962 53.3135 50.608 0.936379 0 -3.5 0 -0.0517119 0.633014 0.772411
61.9408 37.9395 33.4121 1.57808 0 -3.5 0 -0.579853 -0.791263 -0.194096
34.2547 41.2535 25.1716 -0.732773 -0.053642 3.8 0 -0.0433224 -0.222523 -0.973964
40.6855 45.2515 19.7145 0.865429 0 -4.5 0 0.542769 0.576458 -0.610817
30.7127 56.3915 45.4818 0.885189 0 -3.9 0 0.637403 -0.718876 0.27737
41.4097 41.7024 16.8552 1.16287 0 -3.9 0 -0.0320017 -0.349495 -0.936392
56.2948 51.515 56.9147 1.00973 0.628122 1.8 0 0.830701 0.437288 -0.34455
42.0518 36.1828 20.1929 0.226586 0 3.8 0 0.558262 -0.000169902 -0.829665
57.006 46.9118 37.2853 0.815845 0 1.9 0 -0.494426 0.360323 -0.791019
32.5967 59.0135 46.147 0.774811 0 -3.9 0 0.809335 -0.161507 -0.564705
32.5474 58.4959 30.7146 -0.0749546 0 3.97952 0 -0.0793272 0.979238 0.186547
67.5182 37.6502 36.9448 0.179776 -0.30055 -4.07561 0 0.462261 -0.743159 -0.483766
31.9587 30.1321 60.1302 -0.275518 -0.504139 -0.8 0 0.707402 -0.69399 0.134015
42.1269 26.3185 24.9608 1.00505 0 -3.9 0 0.983959 0.0851678 -0.156754
50.0495 37.8991 45.7079 3.78778 0 -0.4 0 -0.0532543 0.981399 0.184443
58.3862 45.4733 61.835 -1.12962 -0.470175 -3.5 0 0.981671 0.0681007 0.178003
37.1405 45.8058 39.9201 5.05063 0 1.8 0 0.124288 0.427575 0.895395
17.6558 32.5154 54.6206 3.05402 0 -3.9 0 -0.673908 0.106778 0.731058
18.2871 52.6891 39.5422 -0.341689 0 -3.5 0 -0.133858 0.990659 -0.026023
21.685 39.6465 54.311 0.995865 0 -2.51145 0 -0.3186 0.317535 0.893121
22.135 55.019 34.391 -0.8192 -0.28501 -3.61441 0 -0.641133 0.764165 0.0707178
51.0271 25.806 47.9606 -0.0840968 0 -3.5 0 0.0100624 -0.996942 0.077494
32.7844 25.8906 39.8177 0.153249 0 -1.6 0 0.227497 -0.961735 0.152676
48.1238 56.0439 34.069 1.33447 0 -4.5 0 -0.788245 0.163488 -0.593247
37.8588 52.092 43.5532 6.9 0.732678 2.8 0 0.0606282 -0.866227 0.495959
31.224 58.879 42.2365 0.579437 0 -3.5 0 -0.113553 0.715297 0.689533
16.9511 44.0125 46.2501 0.960839 0 -4.5 0 0.69728 0.716796 0.00216412
51.3892 37.8184 50.0229 2.47898 0 -3.9 0 0.402599 -0.140825 -0.904479
31.8885 34.6027 28.704 -2.06483 0 -3.5 0 -0.233487 -0.871913 -0.430409
21.782 51.4507 32.6976 -0.115655 0 -3.5 0 -0.139574 0.388883 -0.910653
22.5198 47.1374 52.458 -0.892435 -0.767179 -1.3966 0 -0.593126 0.779264 0.202357
46.539 36.1245 25.7095 0.438524 0 0.819659 0 0.895181 -0.322468 -0.307678
45.6638 49.5678 41.4987 2.7828 -0.727279 -1.3 0 -0.184815 0.778885 0.599318
49.7417 23.8731 45.6285 0.307488 0 3.8 0 0.292279 -0.126853 0.947882
55.6501 22.9438 34.2001 -0.814808 0 -3.5 0 0.98566 0.00961176 0.168472
38.1249 44.0881 45.5471 5.16853 -0.100829 -3.5 0 0.705728 0.456904 -0.541468
22.5392 38.7281 18.9025 1.86719 0.546883 -4.5 0 0.976377 0.0430574 -0.211743
24.2664 22.65 45.7405 0.268877 0 -3.9 0 -0.904363 -0.378156 -0.197802
59.4212 39.6115 45.3848 0.0158904 0 -0.9 0 0.527686 -0.848889 -0.0305779
29.9403 55.4728 47.7925 0.617956 0 -1.79572 0 0.235285 0.130123 0.963177
54.047 41.7034 21.8322 2.03682 0 -3.9 0 -0.0813394 -0.488424 -0.868807
23.3466 37.5039 19.3049 0.740018 0.109117 2.05725 0 -0.0416809 0.225163 -0.973429
46.201 42.1704 23.7354 0.282365 0 -3.5 0 0.367009 -0.619715 -0.693728
50.6889 46.043 37.2121 2.10666 0 3.8 0 0.770135 0.62054 0.147721
40.414 30.6293 57.1522 0.271351 0 -3.5 0 -0.431579 0.263544 0.862719
28.3795 59.4982 33.0477 1.01448 0 -1.6 0 -0.558169 0.525288 -0.642277
44.335 48.4385 41.9953 4.23701 0 -1.3 0 -0.293239 0.578631 0.76105
35.4458 37.6715 22.5847 -0.679177 0 -0.675132 0 -0.87064 0.130879 0.474191
34.8944 61.9879 41.5411 0.944291 0 -3.5 0 -0.685042 0.460407 0.564573
44.546 58.847 39.505 0.15522 -0.0220693 -4.45411 0 -0.381344 -0.484463 -0.78732
15.5351 31.457 44.5159 -0.778908 0 -3.5 0 -0.747301 -0.0203616 -0.664174
59.6247 39.9847 42.7303 0.44208 0 -0.9 0 0.252865 -0.963742 0.0852111
21.501 24.965 45.681 0.186249 0 -3.9 0 -0.622334 -0.782074 -0.0325651
36.7613 19.5085 43.5798 0.0724027 0.0112605 -1.64899 0 -0.446149 -0.302969 -0.842117
48.3745 19.0723 31.772 0.276383 0 1.9 0 -0.417346 -0.491931 -0.764085
51.583 59.281 45.623 0.237666 0 -3.5 0 -0.51914 0.518694 0.679301
29.2555 39.874 57.222 -1.34082 -0.0515755 -3.5 0 0.101168 0.993521 0.0517778
18.3378 35.5236 37.4336 -0.0120958 0 3.8 0 -0.885137 -0.463309 -0.0433161
58.058 46.066 46.521 0.163386 0 2.8 0 0.972329 -0.121458 0.199561
21.0935 32.9314 35.2318 0.198654 0 -4.5 0 -0.566859 -0.664551 0.48687
57.1778 28.3316 26.436 0.657393 0.0618001 -3.5 0 0.842594 -0.523302 0.127243
49.0906 59.7628 50.9054 0.42927 0 -1.6 0 0.993013 0.115183 0.0256497
38.2239 63.9518 39.3283 -1.28334 0 -3.5 0 0.991047 -0.00875929 -0.133229
45.991 52.0032 43.5191 3.59846 0 -0.692074 0 0.571858 -0.724072 -0.385614
61.9497 56.6482 46.0475 0.0440183 -0.0245792 -0.4 0 0.339009 0.277718 0.898858
25.0216 40.58 53.7583 -0.108198 0 -1.13336 0 0.460763 0.308771 0.832081
25.701 33.0405 24.431 -1.05228 -0.077951 -4.5 0 0.577513 -0.646395 0.498649
69.2145 34.748 41.5265 0.312382 0 -4.5 0 0.290515 0.179404 0.939902
62.6658 38.64 21.8565 1.02682 0 -4.5 0 -0.254309 -0.955967 -0.146474
46.759 16.588 45.215 0.219996 0 2.8 0 0.180708 -0.850591 0.493801
21.2547 33.4409 36.0918 -0.210095 0 -4.5 0 -0.568331 -0.765116 0.30265
41.906 20.2464 33.6039 -0.21257 -0.748617 -0.7 0 0.566794 -0.418707 -0.709527
36.0469 39.9872 58.075 0.0336508 0 -3.5 0 0.309801 -0.241494 0.919622
49.3374 19.5062 28.9153 0.157854 0 -3.5 0 0.470017 -0.878952 -0.0807922
3 2692 5407 750
3 750 5407 162
3 61 5482 4493
3 4493 2039 1528
3 2039 4493 2192
3 2192 4493 3693
3 4493 162 3693
3 592 5429 1868
3 3295 4234 1885
3 3810 5600 3001
3 3001 5600 415
3 415 5600 3368
3 415 3368 4764
3 3810 4051 5600
3 4051 5482 5600
3 1578 5482 61
3 1578 4430 3315
3 1578 490 4430
3 1578 3666 490
3 6080 490 304
3 490 3666 1359
3 490 1359 304
3 3666 1528 1359
3 1528 2992 3644
3 2992 1528 2039
3 2039 5527 2992
3 2992 5527 3644
3 592 1868 5527
3 6007 4234 3295
3 6007 5212 4991
3 4257 5212 5469
3 4257 5469 3792
3 3792 3906 4257
3 3792 5469 4882
3 4882 5469 2951
3 594 3548 369
3 3910 3548 4086
3 6361 4086 3548
3 6361 594 2764
3 2764 6254 6170
3 6254 4984 2367
3 4748 4229 5726
3 4764 736 4748
3 2922 4948 4975
3 4162 304 2645
3 801 2645 5886
3 5886 4543 3509
3 5886 3509 1530
3 6117 3509 4543
3 4543 6389 6117
3 4560 6389 2868
3 2378 4560 6018
3 2868 6018 4560
3 2868 3432 6018
3 4991 2294 3432
3 2294 4991 927
3 2294 927 2556
3 717 5212 4257
3 5379 3906 3792
3 5379 5145 385
3 5379 385 4866
3 4882 2951 4981
3 1675 4981 2951
3 4099 2951 4989
3 4989 2951 5469
3 3910 1973 1794
3 3345 5030 1973
3 3573 1973 5030
3 5512 1203 1189
3 1189 1203 5196
3 1203 4662 187
3 4528 187 6107
3 4662 5512 2806
3 2806 5512 6170
3 2806 6254 5490
3 5726 4229 1215
3 552 4229 5731
3 552 5731 3945
3 233 4229 4748
3 233 5914 1098
3 5914 2218 1098
3 2218 5914 2306
3 3676 2218 2306
3 2306 5770 3676
3 5119 5914 1623
3 5119 1623 370
3 370 1623 5246
3 370 1130 4219
3 4219 1130 1985
3 4219 1985 2738
3 4975 3444 4417
3 3444 2961 3178
3 3178 2961 845
3 845 2961 4825
3 4905 5216 6192
3 643 4162 6192
3 1187 4823 801
3 6192 4823 3524
3 618 1187 2869
3 2869 1314 618
3 1314 405 618
3 5351 1530 5987
3 1530 3509 2347
3 2347 3509 6117
3 2347 6117 2061
3 2061 6117 4520
3 4520 4560 2378
3 2378 6018 219
3 6018 6393 219
3 6018 3916 6393
3 6393 3916 537
3 3916 6018 2059
3 3916 2059 4214
3 4214 2059 666
3 4968 3783 3659
3 6065 4968 3659
3 6200 4968 4775
3 6065 3659 1956
3 1956 3659 3302
3 3659 1833 3302
3 1216 788 1956
3 788 6065 1956
3 6065 788 1898
3 788 4866 2068
3 788 2068 1898
3 1898 2068 1572
3 4810 2068 4866
3 4810 4866 3611
3 3611 4866 385
3 3291 385 5145
3 4095 1681 4477
3 1941 4477 1681
3 1794 1973 121
3 121 1973 3573
3 121 3573 1852
3 3573 3890 1852
3 1852 3890 895
3 895 3890 2209
3 3890 5151 6010
3 3345 4086 5030
3 5151 5196 6010
3 4211 1467 1729
3 4942 5660 1258
3 1258 6107 5432
3 6221 4801 1870
3 308 6221 3463
3 2949 308 1063
3 308 3463 4184
3 1063 308 6139
3 4184 6139 308
3 4184 3463 3945
3 5731 882 6382
3 2591 6382 882
3 2591 882 3676
3 3676 4131 2591
3 6382 2591 3664
3 5641 4131 5770
3 4665 5641 5770
3 3023 2738 188
3 3023 188 914
3 4665 914 1432
3 188 4589 914
3 1432 914 6416
3 4589 6416 914
3 2738 6519 4147
3 1773 1985 1130
3 4437 5000 5617
3 3741 5000 2321
3 3741 2321 712
3 712 2321 2924
3 3077 5246 1683
3 2053 1683 4905
3 6192 6526 4905
3 6030 3524 4813
3 1314 3338 6294
3 5351 5987 4812
3 4812 5987 261
3 1649 963 186
3 963 5987 2347
3 186 963 2061
3 2347 2061 963
3 1649 186 5930
3 1649 5930 277
3 277 5930 3753
3 5930 2262 4016
3 3515 5930 2253
3 2253 3019 3515
3 2061 4520 2253
3 4520 3019 2253
3 3019 6393 3515
3 219 6393 3019
3 5755 6362 4979
3 5073 1549 5755
3 4634 1243 636
3 636 1666 4634
3 636 3501 3197
3 636 3197 1666
3 3501 4214 3197
3 1666 2326 6368
3 2326 5288 6368
3 1831 4775 2322
3 5106 6065 4964
3 4964 5973 5106
3 1572 4810 6152
3 244 1941 6045
3 1941 1681 6045
3 2837 975 4584
3 2837 4584 5195
3 5195 2707 2837
3 4584 160 5449
3 3581 6045 4501
3 5449 160 4840
3 2209 3581 895
3 3581 4501 895
3 895 4501 1852
3 1482 4343 4587
3 4840 4587 654
3 4343 1482 3855
3 5560 4343 3855
3 5560 2105 320
3 2105 3089 320
3 320 3089 4819
3 3085 1875 1663
3 3085 1663 3386
3 3386 1663 2857
3 4211 2857 1663
3 382 462 1470
3 1390 4211 5442
3 5442 4211 1729
3 1390 5442 63
3 2338 2830 5442
3 5416 2338 1729
3 1729 1467 5416
3 5416 5613 5477
3 2887 2672 4659
3 4659 2672 5003
3 5003 1095 2949
3 1095 6221 2949
3 1030 4659 5003
3 4659 1030 3550
3 1030 625 5559
3 1030 5559 3550
3 625 1063 5559
3 1063 6139 5559
3 6382 3857 6139
3 6139 3857 3571
3 5559 6139 3571
3 5559 3571 5493
3 3857 6382 3664
3 3836 1582 1892
3 3836 1892 3637
3 5641 1582 4131
3 5641 4434 1892
3 1892 4434 3637
3 2355 4434 6416
3 6284 2079 958
3 2079 5428 958
3 5689 5428 2079
3 5689 6146 5428
3 6146 1126 222
3 222 1126 1232
3 1232 1126 5883
3 5883 1126 4437
3 1232 5883 632
3 5883 4249 632
3 632 4249 3930
3 4249 5883 4951
3 4951 5883 5617
3 4951 5617 2814
3 2814 5617 3741
3 2814 1492 4776
3 4776 1492 4013
3 4776 4013 5402
3 3741 712 1492
3 1492 3780 4013
3 3780 4971 4013
3 3780 3468 4971
3 3468 3780 2924
3 4813 3468 6030
3 2924 6030 3468
3 6030 2924 2053
3 2053 4905 6030
3 6528 2594 2572
3 2572 2594 3507
3 3809 6294 2098
3 336 2098 6294
3 2098 5207 3809
3 1496 3809 5207
3 6294 2099 6135
3 4196 1496 5207
3 5207 729 4196
3 729 5207 3753
3 1803 5930 4016
3 4499 3102 3997
3 3102 2262 3825
3 4979 3825 3515
3 3997 6362 4428
3 1549 24 1537
3 1300 5073 3668
3 3668 3957 1300
3 3668 5073 4788
3 4788 5073 2022
3 2901 4788 2022
3 2022 4634 2901
3 6368 2901 4634
3 4788 2901 5562
3 2901 5571 5562
3 3904 5562 5571
3 5361 3904 5571
3 5571 6368 5288
3 2664 3456 692
3 692 3456 1716
3 3456 1831 1716
3 4094 5922 4884
3 4108 3356 5609
3 265 3912 5922
3 265 5922 3094
3 3094 5973 265
3 5973 3094 2322
3 5973 5940 5609
3 4821 3512 226
3 5927 226 3512
3 226 5940 4821
3 226 5927 291
3 3241 2214 4953
3 2829 6152 4810
3 4436 2829 4810
3 5858 4436 2026
3 5858 2026 2841
3 1842 2841 2026
3 2841 3055 5858
3 3040 6498 5264
3 6498 3055 5264
3 3055 2837 5264
3 3688 6489 5264
3 3688 2050 6489
3 5161 6489 4048
3 2050 3431 4034
3 4034 3431 1703
3 5195 3431 2707
3 1703 3431 5195
3 5195 1391 1703
3 5195 5449 1391
3 6487 1633 1454
3 1633 5197 1454
3 2402 3144 5197
3 6036 5521 3144
3 3089 2857 4819
3 5001 2857 382
3 2857 462 382
3 5001 4819 2857
3 4980 4802 1097
3 5001 382 5821
3 5821 817 5001
3 3628 5821 63
3 1470 63 5821
3 5821 2813 2737
3 3628 1442 2813
3 1442 3628 2513
3 2513 3628 249
3 249 3628 157
3 63 5442 3628
3 157 3628 5442
3 2830 5781 157
3 5781 2830 3340
3 995 5781 3340
3 2830 5233 3340
3 3340 5233 5049
3 5233 2188 5049
3 771 5477 3407
3 5660 5448 6495
3 2672 5448 5660
3 2672 1750 5448
3 3760 2945 2887
3 2945 3760 4392
3 5058 5493 2000
3 5832 1129 5788
3 6377 5832 5612
3 6377 4393 3134
3 4393 5612 6055
3 5612 3836 6055
3 6055 3836 4983
3 3836 3637 4983
3 4983 1237 6055
3 1510 5877 5111
3 3981 5111 5877
3 2774 3881 6486
3 6486 2686 477
3 2686 5533 2710
3 5533 2875 5614
3 6284 3129 2875
3 6284 958 3129
3 2875 3129 5614
3 3176 3953 3915
3 5297 5428 4759
3 4759 5428 4625
3 4625 6137 4759
3 3190 2404 4625
3 6137 4625 2404
3 2404 2740 6137
3 6146 2404 3190
3 6295 6158 398
3 754 398 6158
3 754 2740 69
3 754 69 398
3 398 69 3930
3 4043 4931 398
3 4931 4043 6370
3 6370 6290 4931
3 4845 795 6370
3 4845 4249 2278
3 4845 2278 6006
3 6006 2278 4776
3 6006 4902 3549
3 1459 5402 3051
3 1459 3051 5965
3 3051 5402 4971
3 4971 4727 3051
3 3412 4729 223
3 4727 4729 5965
3 223 4729 3086
3 5257 6135 116
3 3208 5647 4196
3 5647 3208 4473
3 4178 4473 3208
3 4178 3026 6231
3 6313 6231 2933
3 2933 6231 153
3 6231 3026 11
3 3026 2361 1206
3 2361 586 1206
3 4016 3337 1803
3 1803 3337 5261
3 3337 4499 4538
3 1172 4538 700
3 1970 1172 3702
3 700 3702 1172
3 3702 700 4289
3 4289 5943 4799
3 1046 4160 3997
3 4962 1046 1537
3 4428 1537 1046
3 1300 3435 1537
3 3435 3957 82
3 3957 2648 82
3 82 2648 5966
3 5966 2648 5286
3 2648 2401 5286
3 5286 2401 2235
3 2401 5640 1312
3 5640 1929 175
3 175 4788 2048
3 1312 3861 6505
3 5640 2048 3861
3 674 2048 2576
3 2576 2048 4788
3 4673 5916 5956
3 3459 2576 5562
3 5562 961 3459
3 3459 961 3678
3 3678 1040 3500
3 3045 5367 5529
3 3045 4094 737
3 737 1196 5367
3 1032 5736 4807
3 702 2732 4485
3 4108 5363 4376
3 5609 5940 5363
3 5363 5940 226
3 226 291 5363
3 291 3241 5363
3 4445 5363 3241
3 6052 4445 3259
3 3241 3259 4445
3 3259 4490 3481
3 4490 5510 3481
3 4286 2473 4490
3 5510 4490 2473
3 6218 2008 4143
3 5764 5601 2409
3 5601 5764 4271
3 88 4271 4425
3 88 2429 5601
3 6025 5601 3937
3 2184 3170 6498
3 2184 6498 505
3 505 6498 3040
3 3787 1368 4874
3 5850 3787 4874
3 4928 4753 337
3 4928 337 3263
3 4874 5161 3263
3 1657 4048 2435
3 1657 5161 4048
3 6176 4048 3380
3 6176 3380 5834
3 5834 3380 6042
3 2050 1290 6489
3 5324 5733 6179
3 3720 5404 4455
3 5733 2843 5190
3 5190 5180 4230
3 5180 5324 3446
3 2791 3446 5169
3 2791 6487 2996
3 2996 6487 1454
3 2996 1454 4837
3 3393 2996 4837
3 4837 5521 1707
3 52 2805 4769
3 52 6036 2805
3 2805 6036 4231
3 2805 4231 3706
3 1255 1521 3931
3 1255 3931 5626
3 5494 1097 5546
3 5546 1097 817
3 5546 2536 3297
3 2536 5546 6384
3 2513 5781 3553
3 3553 5781 3349
3 3553 3349 4750
3 6466 5781 995
3 249 157 5781
3 6466 995 5630
3 5630 3623 2896
3 995 3340 5630
3 5630 3340 5049
3 5630 5049 1447
3 1447 3623 5630
3 1447 6086 3623
3 5081 3407 1010
3 5448 1750 6090
3 1750 2945 6090
3 6090 2945 5934
3 6090 5934 6029
3 6029 5934 5691
3 1036 5934 4392
3 1036 1222 2073
3 600 2073 1226
3 1222 5058 2073
3 2073 5058 2000
3 2073 2000 1226
3 1226 2000 6377
3 5300 4435 6043
3 6043 4435 1746
3 4435 2493 3134
3 4435 4678 1746
3 1746 4678 5384
3 1296 5563 4678
3 6104 2774 6204
3 6204 1212 6104
3 1168 1548 6204
3 1548 1168 6486
3 5328 2686 3147
3 3147 2686 23
3 3147 23 519
3 1217 1253 1894
3 1217 5748 1253
3 3176 1809 1217
3 5748 1217 1809
3 651 1809 4602
3 4602 6137 3126
3 3126 651 4602
3 398 4931 6295
3 4431 6295 3300
3 6521 6290 3300
3 6370 1045 6290
3 6290 1045 5997
3 407 4532 6006
3 5980 407 6006
3 6398 5980 3883
3 6398 3883 1191
3 3549 1459 5980
3 5980 1459 3883
3 6398 1191 3413
3 4059 3413 3355
3 3449 638 2616
3 3449 6132 3195
3 6132 279 3195
3 6132 3449 3412
3 1849 6132 2459
3 3412 2459 6132
3 2616 3412 3449
3 2568 1364 1849
3 6132 1849 5163
3 1364 5163 1849
3 2568 4421 4032
3 116 5610 5257
3 1650 116 491
3 491 4387 1650
3 491 6135 3707
3 1760 6082 5699
3 6082 5647 2916
3 6082 2916 3382
3 5647 4473 2916
3 6159 4473 6313
3 5131 153 5473
3 11 1206 3781
3 1206 5261 3781
3 3781 5261 3280
3 3702 4449 3280
3 923 1511 3894
3 1511 588 3310
3 588 4799 1264
3 1264 4799 820
3 1264 820 4159
3 4159 820 489
3 4799 2439 820
3 2439 5943 5434
3 2977 4962 1119
3 1119 4962 4036
3 4036 5458 1119
3 1537 3435 4036
3 3435 5458 4036
3 889 5458 376
3 5458 5966 376
3 5966 5286 3907
3 932 2235 5763
3 1312 2235 2401
3 5763 2235 1312
3 5763 6505 1565
3 5763 1565 3292
3 579 1779 767
3 3193 2731 2234
3 2785 5547 123
3 3500 5547 5916
3 5916 3678 3500
3 5547 5666 123
3 5529 6390 3715
3 6390 5529 5751
3 4519 5751 4547
3 5529 5367 4547
3 4547 5367 1639
3 5736 1807 1639
3 1639 1807 2784
3 2684 4807 3725
3 4485 4236 5939
3 5939 4236 4208
3 5939 4208 3101
3 5939 3101 2472
3 6052 4395 2472
3 4395 3649 2472
3 3649 1865 2472
3 6052 3259 1909
3 4395 1909 3041
3 1909 3259 4296
3 1909 4296 3041
3 3259 3481 4296
3 5847 4296 4064
3 351 3343 3481
3 3343 351 760
3 3343 760 3090
3 3090 760 1876
3 5510 760 351
3 1876 760 1860
3 2076 6356 1897
3 6356 2473 2083
3 2083 2473 344
3 2083 344 4023
3 6218 4023 344
3 4647 4143 4443
3 4443 4143 325
3 1194 4735 2595
3 6212 1811 2433
3 2433 2640 6212
3 1811 4181 2433
3 3937 1443 1821
3 3960 1821 1443
3 3960 1443 3800
3 3238 3937 3974
3 5519 3238 2184
3 6185 6196 1368
3 6185 1368 3787
3 3143 3996 5480
3 3143 5480 4098
3 3787 5850 5480
3 4098 5480 5342
3 3143 2129 5539
3 2129 821 3806
3 2129 3806 1550
3 821 4753 3806
3 6351 4753 4928
3 2976 3806 6351
3 2435 241 6351
3 241 1006 6351
3 241 2435 6176
3 1006 241 6176
3 4157 5834 4957
3 5834 6042 4957
3 4957 6042 3720
3 4455 4957 3720
3 4455 5404 6102
3 5190 6102 5733
3 5568 5190 4230
3 4769 691 2948
3 5602 691 4769
3 5090 2551 5544
3 5602 5544 2551
3 2551 2247 5602
3 2551 773 2247
3 1521 3297 3931
3 1845 3297 2536
3 2884 6031 1845
3 3931 1845 6031
3 2884 6384 6460
3 2884 6460 3823
3 2884 2464 4029
3 6246 4029 1797
3 2464 1797 4029
3 2464 3823 3580
3 4913 1656 329
3 329 1656 1013
3 3559 6323 1077
3 3580 3823 6343
3 3823 6460 6343
3 1777 6343 5643
3 2969 617 5907
3 1547 6466 5630
3 3313 5946 4176
3 1497 6029 5691
3 1500 6043 6387
3 1500 6387 6140
3 6140 6387 5446
3 2164 6140 5446
3 6043 1746 6387
3 6387 5384 2453
3 6488 5384 5018
3 2224 5384 2216
3 5018 1212 1298
3 5018 1298 5318
3 2953 5318 4620
3 6204 1548 4563
3 6296 2241 6486
3 4518 1102 2241
3 2241 6296 4518
3 5328 6429 6296
3 5328 3147 6429
3 6429 3147 862
3 862 3147 519
3 3882 862 1894
3 3882 1894 1253
3 6429 3882 4209
3 4544 5414 3882
3 4836 3882 5414
3 4544 5748 4628
3 4628 5748 5164
3 5164 5748 3318
3 5164 3318 2423
3 2423 3318 6342
3 5748 2866 3318
3 2330 484 6295
3 4326 6342 4431
3 4431 6342 2330
3 4357 6342 3279
3 4326 3279 6342
3 3279 5936 5778
3 5936 6506 3047
3 4081 6290 5761
3 5761 5997 4038
3 2123 1380 414
3 1618 414 1380
3 414 6067 1001
3 3195 5188 4212
3 5188 3195 1951
3 1951 5260 5188
3 3195 279 1951
3 3748 1951 4412
3 743 2602 3099
3 4032 5444 1364
3 1322 5444 4387
3 5444 4032 4387
3 1322 4387 1078
3 4318 4387 2778
3 3370 2778 5014
3 5817 5014 5699
3 5817 3370 5014
3 4768 5817 6004
3 857 6004 5817
3 3872 1867 857
3 6004 857 1867
3 191 3260 5335
3 4695 5335 6159
3 3260 921 3382
3 3382 921 5699
3 3382 5699 6082
3 3382 2916 6159
3 4695 6159 1020
3 5152 1020 6130
3 1020 2175 6130
3 3421 2175 6535
3 3421 2071 2175
3 6159 1327 3421
3 2728 3421 1327
3 3421 2728 4153
3 2728 3265 4600
3 3265 2933 5131
3 3265 5131 3615
3 3615 5131 2622
3 2622 5659 3615
3 5659 1264 4159
3 3098 968 6084
3 2154 6084 968
3 1329 6084 2154
3 489 820 2154
3 212 2154 2439
3 820 2439 2154
3 1262 1329 212
3 1262 3025 1329
3 3850 6442 5471
3 3850 5471 3025
3 3025 5471 228
3 4291 2970 6510
3 6442 2977 4648
3 1726 4648 2977
3 1726 6096 4046
3 6096 5316 3158
3 3158 5316 3907
3 3158 4046 6096
3 3105 3907 5286
3 1726 3292 1565
3 4046 1606 3801
3 1606 2118 3801
3 228 3247 6084
3 4291 2312 5142
3 5142 5675 6306
3 3615 3098 6306
3 3098 6084 6306
3 6306 6084 53
3 53 5142 6306
3 53 4291 5142
3 2689 2658 461
3 6465 2731 6013
3 6465 3215 899
3 6465 899 2234
3 3215 4204 899
3 899 4204 1605
3 6465 2234 2731
3 6013 4246 5880
3 6013 485 428
3 6130 428 797
3 428 485 2785
3 797 428 2785
3 485 3193 2785
3 3774 675 5152
3 3375 5152 5674
3 5666 675 3774
3 5152 675 2915
3 2915 5674 5152
3 5751 4519 436
3 4519 1999 436
3 1945 1999 3214
3 3214 2784 925
3 925 2784 1807
3 925 1807 5644
3 2744 5644 1807
3 5644 4958 1284
3 4958 2684 2001
3 4958 2001 1275
3 4958 1275 3779
3 3565 3779 5181
3 2001 3942 1275
3 2001 2684 3942
3 3068 2704 5199
3 876 3211 2047
3 6206 3211 5033
3 3211 3725 5744
3 3211 5744 5033
3 1195 1865 2450
3 2397 2450 1865
3 838 2146 5847
3 2146 3041 5847
3 4276 4064 5252
3 5252 4064 3090
3 4276 947 1694
3 947 5252 1876
3 5252 3090 1876
3 4242 2332 3228
3 2332 102 3228
3 102 1860 6283
3 102 6283 3228
3 6283 1860 2750
3 2750 576 6283
3 2934 576 5586
3 6182 2934 5586
3 5586 2750 2203
3 2064 2203 2076
3 2076 997 2064
3 3737 2064 997
3 997 5459 3737
3 997 5265 5459
3 1340 2076 1897
3 4855 1340 1897
3 1897 4023 4855
3 3320 4855 1336
3 3320 1336 2687
3 1765 1336 4647
3 4647 1336 6218
3 4647 4669 1765
3 5540 6266 4915
3 4669 4580 6266
3 409 4580 4443
3 2554 4580 409
3 2554 4292 4580
3 6212 4292 2554
3 256 1946 4292
3 4292 1946 6266
3 1946 4915 6266
3 1946 6479 4915
3 819 6212 2640
3 3379 819 2640
3 3032 3379 3960
3 3960 3800 3032
3 5539 3032 3800
3 3800 3143 5539
3 1471 3607 4306
3 1550 1551 3607
3 3607 1551 5550
3 2976 6071 1551
3 6071 2976 6351
3 6071 6351 1006
3 6071 2782 1468
3 2782 4157 1468
3 4314 4893 5698
3 3301 5698 5115
3 5737 4893 2852
3 4157 4957 4893
3 4957 3288 4893
3 2852 4893 3288
3 1352 2852 3288
3 1352 3288 200
3 200 3288 6102
3 6102 3288 4455
3 200 6102 2282
3 5190 5568 5138
3 5138 5568 2563
3 2563 2247 5138
3 5089 5138 94
3 2247 94 5138
3 94 1451 5089
3 94 2247 3052
3 94 3052 5354
3 773 3052 2247
3 3052 773 6246
3 3052 6246 2626
3 2390 6246 1797
3 4541 6332 904
3 3650 4541 904
3 2390 4913 6332
3 6332 4913 3447
3 6332 3447 1670
3 6367 6332 3691
3 1670 3691 6332
3 1670 3447 2980
3 1495 2980 3447
3 6397 1670 6508
3 1670 2980 6508
3 6156 392 1963
3 6323 3552 3396
3 3396 3552 3118
3 3559 1484 3552
3 3118 3552 1636
3 166 2359 1996
3 1996 275 166
3 1636 166 275
3 1996 5067 5242
3 5242 6454 1996
3 5067 2359 6275
3 2359 2485 2090
3 2090 2485 2969
3 6275 2969 1394
3 5552 5803 4661
3 5946 6499 4176
3 2518 4265 1395
3 1497 5691 4265
3 4265 2164 1395
3 2518 5446 2420
3 2204 5415 5990
3 4511 5990 3207
3 6488 1241 3839
3 1241 286 3839
3 286 1241 2525
3 3406 2525 2953
3 2525 1241 5318
3 5318 2953 2525
3 5871 4656 4166
3 4762 4620 2846
3 5255 4762 2846
3 4620 6171 2846
3 2374 2846 992
3 4620 4563 6171
3 6171 1102 5758
3 992 6171 5758
3 1102 2131 5758
3 5758 2131 3936
3 1586 1107 5279
3 1107 5896 4836
3 5414 5279 4836
3 6428 5279 5414
3 1106 4921 6428
3 6342 2735 2423
3 2735 4357 776
3 776 4357 6287
3 5778 4974 6287
3 4974 20 6287
3 4974 2382 20
3 5778 5936 4974
3 4974 5936 3047
3 4974 3047 5711
3 4974 5711 550
3 6097 4717 494
3 6201 3562 1647
3 6201 338 757
3 757 338 881
3 757 881 5454
3 881 338 5597
3 338 6097 5597
3 5597 5564 5594
3 1567 5836 1433
3 1380 4510 5271
3 5597 5594 3451
3 419 825 2123
3 5836 2123 825
3 825 2333 5836
3 3717 825 419
3 825 3717 1043
3 1043 2333 825
3 1043 4399 2333
3 1043 3717 2259
3 2259 5051 1043
3 2259 3717 3639
3 3717 59 3639
3 3639 59 1001
3 3639 1001 762
3 59 414 1001
3 762 1001 6067
3 3639 4643 2023
3 3639 5876 4643
3 2560 4643 5876
3 762 5876 3639
3 762 5260 5876
3 762 6067 5260
3 5355 3748 4412
3 5355 4412 5101
3 5957 5355 5101
3 1943 1592 743
3 1445 1054 3099
3 1445 5638 3135
3 3135 5638 267
3 1078 5275 5638
3 5638 5275 4448
3 5638 4448 267
3 5275 1078 4318
3 4318 2055 5275
3 1078 4387 4318
3 6004 3440 4768
3 3872 3585 1921
3 929 3793 1502
3 3585 3872 5674
3 3872 3375 5674
3 1514 1502 1713
3 1888 4382 929
3 1514 6128 1888
3 6128 4578 4279
3 4279 1477 6128
3 4578 690 1864
3 6467 690 4578
3 6467 4578 3214
3 3264 5644 1284
3 3330 3264 1284
3 4274 5496 6409
3 3330 1284 3726
3 3726 4958 1033
3 1033 4958 3779
3 1033 3779 3565
3 199 2974 5824
3 5824 2974 357
3 2974 2667 357
3 575 5951 1732
3 1732 5951 3653
3 3653 5951 312
3 5199 312 5951
3 312 2770 3816
3 3547 5869 3088
3 5289 5869 364
3 364 1393 5289
3 364 1610 1393
3 364 5869 2926
3 364 2926 1610
3 1610 2926 5574
3 5728 2926 5869
3 3732 2986 5728
3 3732 4409 2986
3 5728 2986 1349
3 1349 5545 5728
3 6182 2986 65
3 6283 65 3228
3 65 2986 4409
3 65 4409 3228
3 3228 4409 6206
3 2450 4242 6206
3 6182 5586 274
3 5459 3684 2959
3 1009 5265 5431
3 361 5431 5265
3 1009 5431 2250
3 2250 5431 5861
3 3320 5540 5861
3 110 5540 5768
3 2149 3272 3991
3 730 4306 938
3 938 4306 4235
3 4771 6215 4235
3 938 4235 6215
3 6215 4771 4073
3 4771 3290 5975
3 5975 3290 5550
3 5975 4314 5698
3 4073 3301 1998
3 1998 5329 4073
3 5115 3131 1998
3 359 1998 3131
3 2138 1231 5737
3 5882 2852 1352
3 5155 5814 2611
3 200 3112 1352
3 200 2282 3112
3 2611 3112 4374
3 2611 994 2598
3 1451 5354 2101
3 3919 5354 1783
3 2626 1783 5354
3 1783 2626 4541
3 1783 4541 3650
3 4682 6367 972
3 3691 5012 972
3 3691 6397 2017
3 5012 2017 4803
3 4803 6397 1625
3 2451 1261 3983
3 3118 5992 1955
3 3983 1955 5992
3 5992 2451 3983
3 2451 5992 26
3 26 5992 6454
3 5992 275 6454
3 6454 275 1996
3 1824 5067 138
3 4925 1824 3932
3 4925 3932 4174
3 3932 2734 4174
3 3309 4174 2734
3 5694 2734 3832
3 138 5552 3932
3 2734 3932 5552
3 3832 2734 5552
3 1277 5455 3388
3 4714 3388 5455
3 4714 3685 373
3 3207 4714 373
3 4661 3156 3685
3 6499 5946 3156
3 4714 3207 194
3 3388 4714 2711
3 194 2711 4714
3 6534 5990 5415
3 6123 5415 3839
3 1146 3505 5811
3 3505 3006 4123
3 4123 1784 3505
3 4123 4877 1784
3 4123 5871 5347
3 5347 4317 4123
3 4804 5949 5255
3 4804 5255 3180
3 3180 2374 3539
3 2374 3218 1089
3 159 992 5758
3 5758 1988 159
3 159 1988 355
3 1988 2270 355
3 1988 480 4692
3 4692 480 5892
3 480 5758 335
3 480 335 5892
3 5892 335 1586
3 1759 5618 1586
3 5618 1759 470
3 470 5247 5618
3 5247 470 3015
3 5656 1759 5194
3 5194 6428 481
3 4921 2127 445
3 2127 4811 3527
3 3517 2874 2735
3 6167 3517 1533
3 1533 1073 4439
3 627 1533 4439
3 627 5505 6462
3 5505 4439 1700
3 4442 2382 5053
3 853 4514 5582
3 4514 790 1363
3 1363 790 4624
3 790 5053 4624
3 4624 3285 3853
3 3285 3159 1647
3 3285 1647 3853
3 3853 1647 4708
3 1647 3562 4708
3 3562 3336 2516
3 3336 1319 1165
3 1319 6201 757
3 1319 757 5454
3 3242 5454 6116
3 3242 6116 2466
3 6116 5454 3451
3 6116 3451 5594
3 2333 6116 1433
3 5594 1433 6116
3 6116 4399 2466
3 2466 434 2515
3 4055 6077 5051
3 434 5051 6077
3 6077 2515 434
3 4055 5051 4050
3 5079 5051 2259
3 4050 5079 5532
3 2560 47 2121
3 47 5876 2121
3 5690 5957 318
3 4354 318 5957
3 5101 667 4354
3 3273 667 4207
3 4207 108 1315
3 108 1679 3697
3 4207 1054 1679
3 1679 3135 5573
3 267 5573 3135
3 5573 267 4144
3 4144 3348 5573
3 3066 4287 4144
3 3066 5387 4287
3 3066 4655 4065
3 4065 5387 3066
3 4448 2245 4655
3 2245 1360 4655
3 140 1699 2723
3 6440 140 6497
3 3440 4382 6497
3 6497 4382 2239
3 2239 4382 5555
3 2239 5555 807
3 3182 6070 2239
3 2239 6070 6497
3 6497 6070 6440
3 3182 3369 5470
3 3369 2371 5470
3 2371 299 3307
3 2212 1905 1583
3 5887 1024 5555
3 5555 1477 5887
3 5555 6128 1477
3 1024 5887 6423
3 6366 6471 5114
3 5700 4216 6286
3 6286 4575 6054
3 4575 4654 6005
3 3330 1163 4654
3 3054 4654 1163
3 1163 5775 3054
3 5824 1947 6404
3 6409 5824 6404
3 1947 4549 2041
3 1947 2041 6404
3 4549 2621 9
3 2653 357 996
3 996 357 2667
3 4475 2621 865
3 4475 865 5705
3 1732 5705 865
3 2690 4220 1542
3 3816 2228 5968
3 5068 2812 5968
3 5289 134 1465
3 1393 2765 134
3 1393 1610 2765
3 1610 5574 1218
3 1610 1218 2765
3 2765 1218 3604
3 3276 5574 6047
3 6047 5574 5545
3 5545 5574 2926
3 2926 5728 5545
3 1349 6182 5545
3 5545 6182 4133
3 5545 4133 4119
3 4119 4133 2665
3 3536 5860 2545
3 3536 2545 3472
3 3472 2545 2573
3 2573 2545 5206
3 6142 1042 3684
3 4967 6317 3479
3 3479 1685 4967
3 5861 1069 2938
3 2938 1053 4001
3 2938 1069 1372
3 2938 1372 1053
3 2149 516 3973
3 516 6251 3973
3 6251 1347 4199
3 1347 3991 6479
3 4675 3341 3319
3 3319 3341 4328
3 3319 381 4675
3 381 3319 6215
3 6011 5329 4907
3 6414 5329 1998
3 6414 1998 359
3 6414 359 5325
3 4164 5325 3847
3 165 869 1571
3 869 4610 1571
3 2138 2870 165
3 452 5737 5701
3 4497 5155 1494
3 3498 5155 1481
3 2598 2101 3638
3 3919 3638 5354
3 2354 2028 1857
3 4397 1280 287
3 1974 330 3701
3 368 5513 4682
3 5513 368 2815
3 2815 3922 5513
3 1422 3922 2815
3 1422 3830 3204
3 3204 3830 2987
3 3091 4130 6379
3 6397 6379 4130
3 4130 1625 6397
3 649 4935 3352
3 3352 5912 649
3 5912 4388 3311
3 4151 4935 709
3 709 4935 1619
3 709 1619 5222
3 1619 4935 4206
3 1619 4206 1261
3 1261 2613 1619
3 1619 2613 891
3 5498 3739 2002
3 5498 2002 4925
3 2002 3739 6454
3 2002 6454 5242
3 2002 5242 4925
3 4925 1682 5498
3 5498 1682 2474
3 2882 4198 4205
3 3469 1987 4198
3 4205 4198 1987
3 1987 1434 4205
3 6061 4896 5694
3 2942 1277 5694
3 6061 1641 5393
3 2711 1086 5393
3 1086 1559 5393
3 1086 2711 194
3 1086 194 5791
3 1588 3114 4366
3 5811 3505 1784
3 2452 6038 1568
3 6038 6445 4891
3 6445 6525 1101
3 1101 5932 6445
3 4877 5932 1101
3 483 1733 4561
3 4042 5366 5557
3 5557 5366 4838
3 4317 3978 271
3 5548 271 3367
3 271 3978 3367
3 3367 3978 4042
3 1478 2766 2499
3 1478 2499 5366
3 2766 3978 5541
3 2766 5541 4945
3 5541 4804 363
3 4804 3692 363
3 363 3692 6386
3 363 6386 4945
3 6386 3692 3539
3 3805 6386 1089
3 3539 1089 6386
3 2374 1089 3539
3 6386 3805 5408
3 5408 5036 6386
3 5319 5408 3805
3 656 5408 5319
3 4692 5892 1796
3 5629 1796 5247
3 5247 1188 5629
3 1188 5944 615
3 3015 5656 5944
3 6041 3876 5944
3 3876 711 5944
3 6041 5944 589
3 6041 589 5730
3 5730 589 1367
3 5944 5656 589
3 589 5656 4679
3 4679 1367 589
3 4679 5117 1367
3 5117 985 1764
3 5117 1764 6462
3 6462 3699 2206
3 6462 2206 5904
3 1954 3699 3494
3 3699 1152 3494
3 3494 1152 447
3 3494 447 5908
3 5908 447 3920
3 3920 447 1409
3 1152 1370 3043
3 1152 936 1370
3 5218 936 1397
3 936 1152 4871
3 4871 1397 936
3 4871 3294 1397
3 1664 5582 5218
3 4567 5582 1664
3 1363 2696 2590
3 4667 582 6120
3 2590 1059 3128
3 1059 2516 3128
3 3128 2516 837
3 6302 2458 3128
3 3236 3128 2458
3 6120 3236 115
3 2458 115 3236
3 1431 6302 2515
3 6302 837 1165
3 1165 1319 3242
3 2365 5474 96
3 3125 3625 5474
3 5474 3625 5849
3 3625 3125 4339
3 3625 4339 2141
3 5532 4339 3125
3 2141 4339 4384
3 2777 5274 1896
3 5282 5274 6491
3 6491 6129 5282
3 5274 2777 6491
3 5274 5282 2255
3 5282 6129 628
3 628 6129 1050
3 628 1050 4537
3 1050 6129 917
3 5451 4327 2405
3 4327 2177 2405
3 4327 689 2177
3 5451 2562 5185
3 5185 2562 5357
3 5357 2562 726
3 5357 726 4349
3 5357 578 3885
3 3885 578 1684
3 1684 578 4349
3 1684 4349 5690
3 3885 1684 5933
3 318 3273 5933
3 362 1315 2159
3 3948 2159 1315
3 5383 6149 4903
3 5383 3593 6149
3 3593 5383 3348
3 3593 3348 2967
3 4287 2967 3348
3 404 3012 6149
3 3551 5167 404
3 3012 404 5167
3 5167 5262 3012
3 1902 5167 3551
3 5387 2967 4287
3 5999 5387 3969
3 3969 5226 5999
3 3969 5387 4065
3 1360 4386 1965
3 4386 1360 5435
3 1699 140 6440
3 1699 3626 4554
3 6161 6070 1591
3 1591 6070 5662
3 6161 6440 6070
3 2352 4671 196
3 3891 4495 6314
3 2114 3811 5470
3 6157 3307 4396
3 6335 2233 6366
3 4274 4092 5775
3 5775 4092 3826
3 4092 4396 6516
3 2233 3222 1583
3 4481 4396 1374
3 4481 1374 6409
3 1374 4274 6409
3 4481 3687 466
3 792 466 2577
3 3687 3542 466
3 466 3542 2577
3 5291 5021 4512
3 4346 6400 4784
3 4512 4346 986
3 4346 4677 986
3 986 4677 4797
3 4677 4784 5982
3 5313 4475 3731
3 1542 3731 4475
3 3731 1542 4220
3 1051 3333 5013
3 4330 5013 3333
3 3333 1051 2812
3 3333 2812 5072
3 3254 5072 2467
3 6220 2370 5425
3 6472 5425 2370
3 2370 6220 1225
3 608 5651 1408
3 1058 2818 6068
3 3604 2818 1058
3 2818 3604 1218
3 1218 3276 2818
3 6068 5937 5206
3 5937 2642 4574
3 4574 2642 3276
3 6068 5206 6402
3 5206 1061 6402
3 5206 3022 1061
3 3022 3713 1061
3 5312 5685 3844
3 5860 4967 5685
3 3844 5685 4967
3 5312 3844 4001
3 3844 1685 4001
3 2523 5735 1424
3 4504 2523 3050
3 2523 1424 3050
3 3050 1424 3636
3 3050 3636 1518
3 3636 4611 1518
3 912 1839 3636
3 2066 3636 1839
3 3873 2066 1839
3 1722 912 3361
3 3361 3973 1722
3 5735 3361 912
3 3973 3361 6064
3 6251 4581 1722
3 1722 4581 1839
3 328 6408 6251
3 2681 328 2126
3 2126 4595 2681
3 4772 2681 4595
3 4253 4772 5283
3 4253 5283 5732
3 4772 4595 5283
3 5283 4595 19
3 5283 19 3749
3 319 5976 3749
3 3749 5976 2920
3 2290 6414 2793
3 2290 2793 5995
3 2793 6414 5325
3 2939 1328 2410
3 2939 3847 5144
3 238 2939 5144
3 4610 4552 1571
3 3847 1571 4552
3 4552 4610 6517
3 3510 22 4704
3 3389 4610 869
3 869 2870 3389
3 6494 2344 3389
3 2344 4704 3389
3 6403 1280 4397
3 6478 330 1974
3 2861 5025 5513
3 5025 2861 3014
3 1456 3014 3204
3 3922 3204 3014
3 4371 4827 1456
3 4371 1456 5692
3 5692 1456 3986
3 5692 3986 4031
3 3986 2987 1027
3 4031 3986 4992
3 2169 4103 1143
3 1143 6021 2169
3 4103 1804 1143
3 5008 1143 1804
3 5692 4031 4194
3 4194 4031 4987
3 4194 4987 5362
3 366 4194 3243
3 5362 3243 4194
3 5128 693 4987
3 4996 693 5136
3 693 5128 5136
3 2605 5128 4992
3 5889 2605 5673
3 5673 2950 4125
3 2950 4992 5692
3 4125 2950 2169
3 4089 5673 4125
3 4125 2169 6021
3 170 6021 2886
3 170 2886 5561
3 4704 170 3510
3 5561 3510 170
3 3510 5561 3496
3 3401 5561 2886
3 3401 6213 5561
3 3496 5561 6213
3 4609 3401 3269
3 3269 1648 4609
3 3401 6021 3269
3 3269 6021 1143
3 4185 4773 1401
3 2476 4773 313
3 6297 4185 3875
3 3875 1758 6297
3 3875 1804 366
3 1758 3875 4413
3 1758 4413 2150
3 3243 205 4413
3 2150 4413 205
3 205 3243 2434
3 205 2434 1680
3 2063 3243 5362
3 2787 5362 4987
3 2787 693 4996
3 4996 5136 697
3 1808 697 3311
3 697 5136 3121
3 697 3121 3311
3 3311 1144 1808
3 5263 1808 1144
3 5468 5263 1144
3 5468 1144 6255
3 6255 1144 4388
3 4151 6268 3763
3 4151 3763 5381
3 6255 4151 5381
3 5017 1181 1018
3 1181 4916 1018
3 1018 4916 4596
3 1018 4596 6374
3 6374 4596 6299
3 4916 4082 4596
3 5959 5276 4205
3 5583 1434 2823
3 4977 1987 3469
3 1641 6061 5694
3 6061 5393 2427
3 6061 2427 3469
3 5393 2803 2427
3 5500 2803 1559
3 1559 4366 5500
3 5500 4366 4860
3 4480 4860 5281
3 43 4480 1286
3 4480 5281 2452
3 4480 1568 3433
3 4480 3433 2531
3 4484 4891 4462
3 4462 3233 2124
3 2124 5911 4462
3 3233 1128 2124
3 2124 1128 5209
3 2124 5209 517
3 5658 5209 928
3 5806 1733 2533
3 2533 5243 5806
3 5243 2533 4113
3 5579 3740 5623
3 5623 3740 2742
3 2890 6450 4945
3 6450 2890 2160
3 2890 5036 2160
3 3785 208 1515
3 5408 656 4692
3 5629 2655 6453
3 1515 6425 5034
3 5034 6425 2113
3 6425 711 3876
3 3876 6041 6458
3 5346 426 1717
3 5730 5278 2310
3 5050 2412 5278
3 5278 2412 2310
3 5278 2206 5050
3 4342 5487 1721
3 2086 1721 4187
3 1721 5487 5304
3 5487 3043 3651
3 6278 5739 3651
3 5845 6278 5218
3 5739 2880 3148
3 3148 2880 67
3 3148 67 2365
3 115 879 2880
3 5474 879 1263
3 84 115 2458
3 84 2458 6077
3 6077 2458 6302
3 2982 1522 2496
3 2365 96 1522
3 1522 96 5849
3 1522 5849 2496
3 2786 1279 2859
3 1279 2141 5899
3 1279 5899 2859
3 2141 2226 5899
3 2226 4384 650
3 5274 2255 4069
3 4537 2405 2177
3 5899 4537 3532
3 2177 3532 4537
3 689 569 4304
3 2623 4304 569
3 569 377 6339
3 3303 5185 5357
3 1560 2227 3303
3 3303 2227 5374
3 5374 2227 3157
3 1560 5357 1678
3 1678 5357 3885
3 1678 3885 5715
3 2676 2311 5715
3 916 51 2676
3 4623 2676 1937
3 51 1937 2676
3 232 3561 916
3 5933 6015 232
3 3561 232 6015
3 6363 6083 3561
3 247 1874 6363
3 1874 247 3177
3 247 6015 3177
3 1874 3177 3376
3 3376 2722 1874
3 5543 2156 4406
3 4406 3948 4903
3 4406 4903 5543
3 2666 4903 4039
3 1638 4039 3012
3 5262 5167 5635
3 2385 2407 5298
3 5004 5635 3891
3 5004 3891 2032
3 83 4333 4633
3 6157 32 2637
3 1480 2637 792
3 32 792 2637
3 4322 1480 5695
3 1480 2577 2482
3 5695 1480 2482
3 2081 2577 3542
3 5159 2081 5291
3 5291 2454 5159
3 4535 6134 2454
3 3949 6153 4535
3 4535 2454 3949
3 2454 986 3949
3 3949 986 1082
3 2054 4797 4677
3 2650 3768 2054
3 4797 2054 3768
3 3768 2650 6112
3 3768 6112 611
3 2650 1890 6112
3 5982 5910 1890
3 5910 4122 6112
3 6441 5910 2877
3 6441 2877 5013
3 5013 2877 2858
3 1399 4330 4167
3 4330 3333 4167
3 4167 3333 3254
3 6474 568 3878
3 568 3254 220
3 568 220 3878
3 1260 3878 2893
3 1260 2893 3312
3 3312 2893 789
3 789 2893 4087
3 2893 3878 4599
3 6472 2370 608
3 4599 6472 3104
3 4864 2166 5086
3 1408 1751 2633
3 1751 3212 2633
3 3212 1751 2659
3 3713 6310 1047
3 2958 1084 2329
3 2958 2329 4441
3 4441 2329 2981
3 5685 4865 1084
3 2329 1084 4865
3 4504 224 5312
3 2003 5312 224
3 1460 2003 6111
3 224 6111 2003
3 6111 2219 493
3 493 5756 6111
3 4880 2998 5305
3 4611 2520 33
3 3873 4527 2520
3 33 2520 1645
3 2539 4689 1487
3 6408 4581 6251
3 2539 3841 4701
3 3841 4134 4007
3 77 4777 5732
3 6148 5732 4777
3 3851 4777 77
3 3851 2727 2647
3 832 2920 2727
3 4534 2727 2920
3 2920 832 3749
3 5595 4534 5995
3 5995 2793 5240
3 3325 5240 4164
3 5719 2827 1328
3 716 3979 417
3 1507 3979 2249
3 2939 238 3979
3 2249 3979 238
3 3979 1507 6437
3 2677 6437 1507
3 6437 4070 3979
3 417 3979 4070
3 6138 6437 2677
3 1096 3496 6138
3 6213 6138 3496
3 3496 1096 5144
3 5144 4552 3496
3 6138 6213 4573
3 6138 4573 6430
3 6138 6430 6437
3 6437 6430 6531
3 2571 4573 5186
3 1301 4247 6269
3 605 6269 5765
3 4609 5765 6269
3 4609 1648 5765
3 4914 2476 6151
3 4140 313 6297
3 2683 4140 6297
3 2683 5399 607
3 1680 6163 5399
3 296 4875 1302
3 296 1302 1676
3 6324 4875 5590
3 4996 5590 2787
3 2526 5376 5263
3 6469 5263 5376
3 5591 6469 5376
3 2526 5263 6374
3 2327 6299 6073
3 2285 4082 5103
3 2285 5103 4658
3 4605 2285 4658
3 5103 3452 2162
3 2162 3452 2505
3 2162 2505 2715
3 2505 5583 6329
3 2505 6329 2715
3 5583 2505 5959
3 1543 6329 257
3 257 5583 2823
3 2823 4056 257
3 257 4056 1543
3 2842 2427 3056
3 517 5911 2124
3 4158 517 1882
3 1882 4778 4158
3 6329 4158 4778
3 6259 4542 1341
3 1541 6541 5658
3 1541 5810 6541
3 5658 5915 1541
3 1541 5915 6457
3 5915 5806 3563
3 3563 5806 5243
3 5915 3563 824
3 3563 5243 6216
3 824 3563 5536
3 6216 5536 3563
3 6216 5243 1145
3 5243 4113 1145
3 5579 5905 908
3 2210 908 5905
3 5623 5905 5579
3 4083 5623 3785
3 2742 3785 5623
3 2160 208 6450
3 2742 6450 208
3 208 3785 2742
3 5905 4083 4707
3 5905 4707 5852
3 5034 5852 4707
3 6481 5852 5034
3 6048 964 3429
3 6048 3429 2463
3 964 2113 3429
3 1228 1916 2463
3 6048 2179 1173
3 6048 1173 6481
3 5839 3641 2179
3 4451 2179 3641
3 3641 5839 6435
3 6435 5839 1066
3 5839 2463 1066
3 1981 6435 4828
3 4828 1011 3420
3 1778 4489 5908
3 1778 3846 4963
3 3846 5523 734
3 734 4342 4986
3 2086 5087 1475
3 2295 1840 6166
3 1267 1798 5087
3 1823 1267 4187
3 4187 5467 1823
3 4187 1776 5467
3 4187 5304 1776
3 1310 1776 2824
3 1310 2982 5467
3 2982 2496 1308
3 1308 2496 6405
3 1308 6405 2975
3 2275 722 5909
3 722 6276 5909
3 4084 6276 5133
3 2748 5133 6276
3 5906 4084 60
3 5906 60 6292
3 4084 5133 60
3 4304 6292 3532
3 2859 3532 6292
3 5906 6292 406
3 406 5031 5906
3 5031 406 5900
3 569 479 2623
3 2623 479 6037
3 3157 6189 5374
3 6037 5338 430
3 2580 430 425
3 2311 4623 6059
3 5664 1937 1932
3 1932 1937 6083
3 1932 6083 3234
3 3234 6083 6363
3 3403 2722 4331
3 4331 2722 3376
3 4331 3376 2340
3 2340 3376 2643
3 2666 4039 2643
3 253 3474 5298
3 253 703 4137
3 5004 5290 2441
3 2441 5290 465
3 5287 6424 83
3 5287 4237 309
3 4237 83 1229
3 83 4633 1229
3 1034 3198 4244
3 3198 3203 4244
3 3198 779 3203
3 1034 3898 3198
3 4681 3898 5695
3 3293 5695 3898
3 3198 4681 5293
3 4681 4966 5443
3 4149 1219 5159
3 4966 5159 1219
3 1219 5421 4966
3 4149 5159 6134
3 4680 1745 1074
3 1074 1745 1183
3 1183 1745 2639
3 6078 3827 1178
3 6078 1178 3723
3 3723 1178 6153
3 6153 5794 3723
3 2855 3768 339
3 5794 503 4122
3 6078 5515 3321
3 5515 616 5353
3 2836 5353 1399
3 6474 2718 3663
3 6474 3663 346
3 2718 6309 3663
3 4213 2718 2931
3 4213 2931 1365
3 2718 1093 2931
3 1093 6474 2357
3 2357 1815 1093
3 2931 1093 1815
3 1260 1815 2357
3 1815 3312 602
3 4548 602 3312
3 3251 4087 753
3 3104 4087 4599
3 6106 4864 1373
3 5086 5558 4864
3 1373 4864 5558
3 5537 5558 5086
3 5537 5086 613
3 5537 613 3212
3 3212 3956 5928
3 953 2720 2958
3 2958 4441 953
3 4441 2981 1594
3 1594 2981 868
3 765 2981 2329
3 2329 4865 765
3 1460 6111 4309
3 4309 6111 5756
3 868 5531 3240
3 5531 5756 4017
3 5531 4017 2315
3 2315 4017 5358
3 5358 1485 2315
3 117 5756 493
3 117 493 2219
3 2219 2998 117
3 117 2998 4978
3 4705 4978 4284
3 1157 4126 4880
3 5273 4880 4126
3 5302 3110 3174
3 1157 1579 4126
3 1645 835 33
3 33 835 5305
3 835 4880 5305
3 4033 3220 6419
3 4527 5110 1927
3 4944 6419 5029
3 4944 5029 456
3 1115 1569 5696
3 1569 732 6148
3 732 4033 2415
3 6148 4777 926
3 1569 2383 1366
3 926 4777 504
3 926 504 1774
3 4273 504 2647
3 4777 3851 504
3 504 3851 2647
3 2647 2727 1672
3 803 1672 6012
3 858 5595 5995
3 858 5995 1856
3 2705 6012 858
3 3373 2705 2051
3 3373 2051 1903
3 1903 2051 4868
3 1903 4868 3661
3 1903 3661 2521
3 3042 6336 2538
3 4858 302 4400
3 4858 3661 5981
3 4858 5981 5127
3 302 4858 5127
3 2049 4868 1301
3 2049 6325 4868
3 5511 6109 5071
3 777 3819 2268
3 777 6349 3819
3 3819 6349 605
3 6151 5153 3819
3 5411 5153 6151
3 5411 2885 5153
3 3833 2885 802
3 5411 607 2885
3 2885 607 962
3 2885 962 802
3 802 962 5786
3 4530 5589 3833
3 4530 2663 5589
3 4530 2035 533
3 2889 4530 5296
3 533 5296 4530
3 533 2035 3918
3 5296 533 3918
3 5296 3918 4607
3 5786 5345 3918
3 4607 3918 5345
3 5786 1526 5345
3 6163 5678 1566
3 1526 1566 4965
3 6381 1662 3794
3 4875 1662 1302
3 1503 4127 3582
3 5417 1503 1313
3 1135 1313 1503
3 1503 1156 1135
3 6 1135 3113
3 1156 3332 1135
3 1135 3332 3113
3 1354 475 5746
3 5376 2037 5591
3 3965 3374 5039
3 3374 1539 6056
3 6056 1539 0
3 4605 1539 3965
3 0 1539 4658
3 0 4658 5837
3 6056 435 6427
3 6056 6427 4008
3 6427 5837 1575
3 6427 1575 6448
3 6448 2208 6427
3 4452 641 6259
3 3224 2674 6259
3 6259 1341 3224
3 735 844 6541
3 5204 5810 2708
3 6457 824 951
3 951 824 5536
3 951 5536 4154
3 951 4699 3605
3 4154 391 2817
3 391 4154 3123
3 6481 263 2210
3 3123 2307 163
3 2817 391 6312
3 6312 4451 3584
3 1318 6312 2264
3 6222 3584 5165
3 4451 3641 3584
3 5165 3641 6435
3 6435 4353 5165
3 5208 6444 1834
3 5043 6143 4026
3 2983 1834 5508
3 4256 3490 1307
3 1307 3490 4221
3 3490 4256 5087
3 2442 1798 1823
3 1267 1823 1798
3 2442 1823 1576
3 2442 1576 1345
3 1345 1576 1844
3 1345 1844 4594
3 4594 1844 3410
3 1823 5467 1576
3 3764 5120 2480
3 3764 3071 1326
3 3764 2480 3071
3 1448 2975 2826
3 2975 2275 2826
3 5964 4932 1448
3 2480 1448 4932
3 3769 2826 2447
3 120 2826 2275
3 120 2275 5909
3 5909 5394 3021
3 4674 5031 4068
3 5031 5900 4068
3 2955 6060 399
3 2955 3896 2646
3 440 2580 2646
3 2646 2580 1220
3 6059 5654 2580
3 2580 5654 769
3 2580 769 1220
3 1303 5654 6540
3 5654 2215 4923
3 2215 137 5859
3 1696 4623 1775
3 5782 4474 1932
3 5664 1932 4474
3 5782 3474 2741
3 4700 4137 2441
3 4700 2441 1256
3 4137 5004 2441
3 1281 2431 1256
3 2316 1281 527
3 527 5287 2316
3 1886 2316 5287
3 2316 1886 4924
3 352 4924 1886
3 872 5773 352
3 3003 352 2792
3 5773 2792 352
3 872 3138 5773
3 872 1886 1788
3 1788 3138 872
3 1788 1886 309
3 1788 309 4237
3 3864 1788 4237
3 3864 4244 3203
3 3864 2475 281
3 281 2492 3864
3 3138 3864 2492
3 281 2475 1227
3 2492 281 1400
3 1227 1400 281
3 1227 2475 1161
3 1227 388 1400
3 1161 779 3198
3 388 1227 5293
3 1400 1141 2492
3 168 5421 4173
3 4173 5421 5653
3 5653 1223 4680
3 2093 3859 3075
3 3075 3859 6407
3 6407 5917 3075
3 5917 6407 3708
3 4676 6078 3321
3 167 3577 346
3 167 6088 6145
3 6088 759 4233
3 759 3614 1822
3 6309 6241 3614
3 4213 5801 6309
3 5801 1365 4755
3 602 4548 4755
3 3251 6241 4755
3 4918 6106 1373
3 4918 1373 2669
3 2669 1373 1879
3 1879 4710 2669
3 4710 1879 3314
3 5948 4710 3622
3 3314 5558 444
3 2592 6346 6175
3 953 2548 1829
3 6346 2957 1980
3 48 4441 2851
3 48 2851 4711
3 158 48 4711
3 158 4711 4927
3 4927 4711 4267
3 6455 5317 2851
3 6455 3240 2315
3 6455 2315 1485
3 3640 2006 6455
3 4691 6455 2006
3 2006 5888 4691
3 4410 3640 471
3 3640 1485 471
3 471 1485 3078
3 5358 3078 1485
3 2343 144 3658
3 5027 4734 349
3 5027 4978 5273
3 5273 3110 5027
3 5273 4126 3110
3 531 5302 2165
3 2165 1793 531
3 3824 531 1793
3 5118 4952 5302
3 5118 3174 2990
3 5118 2990 2546
3 2546 2990 5549
3 3803 4881 3448
3 3448 3404 293
3 3404 5061 293
3 2289 5061 5696
3 2289 5696 5044
3 5696 1366 5044
3 1992 1192 4273
3 4273 2647 3531
3 2647 1672 3531
3 3531 1672 803
3 3531 803 3042
3 714 2538 1992
3 1992 2538 2356
3 2538 6336 2356
3 4400 1984 6518
3 812 5127 4829
3 4868 6325 5981
3 4241 6325 5511
3 4241 4010 3278
3 3278 4010 3395
3 4010 4066 3395
3 3395 4066 5587
3 4066 6410 5587
3 6410 4066 5071
3 6410 5071 192
3 192 5071 6109
3 2663 6410 192
3 2663 4530 6265
3 4530 2889 6265
3 2479 2889 6372
3 383 3044 6372
3 383 931 3044
3 931 383 4458
3 4458 5296 4607
3 4660 5777 4458
3 2136 4965 1076
3 1076 4965 978
3 1076 4626 4579
3 4626 6381 3794
3 3794 2471 5203
3 2471 3794 2217
3 1055 2217 5417
3 4210 1313 6
3 5746 3570 1354
3 5884 1354 3544
3 3570 3544 1354
3 1908 5746 3061
3 3061 5141 1908
3 1908 6160 3677
3 6056 1339 6028
3 5971 1339 4008
3 5787 5971 3150
3 3150 3331 455
3 455 3331 2198
3 2508 3963 2208
3 2508 2208 3719
3 3719 2208 3750
3 4754 3719 3938
3 3719 1242 3938
3 1242 3750 1705
3 3812 1705 3750
3 3812 4452 1705
3 2674 3686 333
3 3686 4275 5489
3 2231 4280 3635
3 4719 5925 3635
3 3635 5204 4719
3 4699 2264 1158
3 1158 2264 5392
3 5392 1353 1158
3 4297 6439 4494
3 6439 4297 5023
3 2027 3610 6513
3 6513 3610 2528
3 6513 2528 5652
3 2528 3610 3756
3 5023 5753 3610
3 3756 3610 5753
3 5924 5753 5023
3 5924 5023 5599
3 5165 4353 3993
3 5208 4621 2574
3 5427 2574 6143
3 272 5427 6143
3 272 5920 5723
3 5723 5920 5192
3 5753 5723 5192
3 283 5192 2561
3 283 2561 5808
3 5920 4743 5192
3 1942 5157 4743
3 4743 5157 3568
3 5157 488 3146
3 488 5043 3146
3 3146 3704 4566
3 1307 4221 905
3 2773 905 1754
3 4221 1799 4594
3 2120 4594 3410
3 3410 5046 2120
3 5046 5254 2120
3 3410 1844 3712
3 5046 3712 1326
3 5790 3142 4405
3 5790 2403 12
3 1632 2403 5977
3 5977 2403 294
3 1326 294 2403
3 4932 4479 3071
3 294 3071 5977
3 4479 5977 3071
3 5977 4479 6365
3 4932 5964 4129
3 3499 2447 3521
3 3499 2277 4791
3 3499 4791 3120
3 4228 5375 2277
3 4791 2277 5375
3 5375 467 4791
3 4228 2277 3021
3 4228 3021 5576
3 236 3958 5215
3 5394 5215 3958
3 3958 2743 1067
3 2743 236 4372
3 2606 2743 4372
3 2695 5718 92
3 5718 3139 3926
3 92 5718 3926
3 6060 2449 4068
3 2695 3976 4372
3 3976 2695 3946
3 3772 3946 2695
3 3946 3772 4862
3 3136 2656 4862
3 2656 4911 4862
3 3286 4862 4911
3 2656 2293 4911
3 6348 6540 1979
3 6141 4923 3397
3 6141 3397 1614
3 3745 3397 5859
3 4706 3745 5859
3 3745 4706 273
3 2864 4706 1595
3 4818 1595 4706
3 1595 4818 3329
3 1180 3394 4872
3 4299 1677 1180
3 3394 1180 1677
3 3183 3394 1677
3 3322 4299 1180
3 4700 3322 1180
3 4500 3322 2431
3 1256 3322 4700
3 4299 4500 416
3 1037 5475 4500
3 5475 1037 1099
3 5475 1099 4924
3 4742 5475 4721
3 4721 402 2140
3 3003 2792 3871
3 2792 2093 3871
3 3138 168 4173
3 5773 4173 141
3 2093 3075 948
3 948 113 3175
3 3175 113 6274
3 113 4014 6274
3 4014 5917 6274
3 5917 3708 495
3 4329 823 332
3 332 2519 3762
3 823 114 2519
3 1090 4586 114
3 2519 114 4586
3 4586 1810 2519
3 1090 6252 4456
3 4456 6252 1056
3 499 2191 3079
3 5130 4568 6252
3 2630 4568 1822
3 1841 2630 1822
3 6511 1841 4918
3 2144 4918 1841
3 6106 4918 2144
3 4491 6511 1209
3 1209 6511 3480
3 5826 3480 6511
3 5826 2669 4710
3 4710 5948 3480
3 6235 6009 4816
3 2130 5526 6009
3 3328 2130 3227
3 2130 5888 3227
3 5888 1427 311
3 1427 6360 311
3 2006 4410 1427
3 6115 3227 311
3 3078 3821 5998
3 6352 3821 5780
3 3821 3078 2558
3 2558 5780 3821
3 3770 4389 1292
3 1904 1292 4389
3 4389 3658 1904
3 3658 6248 1904
3 4734 531 6492
3 6492 531 3824
3 3824 1793 5709
3 3824 5709 3381
3 3381 5709 5707
3 1793 1828 5709
3 6181 5118 5220
3 5220 5118 2546
3 1505 1826 2895
3 1505 1895 1826
3 1505 5549 5061
3 5549 293 5061
3 5921 3856 2289
3 1436 5921 1245
3 215 952 5921
3 1600 5921 952
3 952 215 5044
3 5044 1992 952
3 2356 4844 1600
3 4844 2194 1600
3 4844 5670 2194
3 2356 6336 4844
3 5707 1412 5386
3 6518 1984 5280
3 5280 1984 3460
3 5280 3460 3095
3 1984 4460 3460
3 4460 4829 5113
3 2044 5113 6114
3 3278 2455 6092
3 2547 1517 5299
3 1517 3395 5587
3 6410 595 1616
3 6410 1616 5587
3 1953 595 5437
3 595 6265 5437
3 4045 5437 6372
3 4045 6155 5437
3 6372 3044 5124
3 6530 3587 4740
3 6186 3587 725
3 3587 6186 1719
3 725 5777 6186
3 5777 931 4458
3 6186 4852 2308
3 6195 4852 4579
3 5203 5802 4278
3 5203 4278 4579
3 5802 213 1273
3 386 1014 2016
3 1014 5802 1782
3 5203 2471 4697
3 2016 1131 981
3 1131 4697 152
3 152 5397 1131
3 152 4210 5397
3 4793 3544 2033
3 3544 3570 2033
3 2033 3570 3677
3 4793 2033 2989
3 3677 2230 2033
3 813 2230 6160
3 813 6160 5787
3 4110 5787 3150
3 3150 455 6020
3 455 2198 1288
3 4754 3938 3400
3 4754 3400 6452
3 3938 5642 3400
3 5642 3317 3400
3 5642 799 3317
3 5642 3938 2971
3 2971 3938 1242
3 2971 1242 105
3 105 1242 1705
3 4950 4391 5059
3 4275 4722 5489
3 3863 3669 956
3 3669 1556 956
3 956 1556 1525
3 3669 4280 1556
3 2231 5725 1525
3 5725 3673 3901
3 4470 5392 4494
3 6439 2027 1661
3 2530 6033 5862
3 14 5652 3795
3 3795 5652 2832
3 2832 5652 1739
3 806 3756 283
3 4973 4743 2835
3 5708 3568 1321
3 5616 1321 4482
3 5157 4482 1321
3 4482 2046 5616
3 3146 4482 5157
3 2046 4482 4142
3 3146 4566 4482
3 4142 4758 5254
3 4142 4405 4035
3 3229 4035 4405
3 4622 4035 3229
3 4622 3229 1972
3 1972 4843 4622
3 42 4809 3229
3 4170 4809 903
3 3142 4809 42
3 903 4809 6001
3 4843 4170 2432
3 4170 5872 1862
3 5872 5851 1862
3 4054 5851 5872
3 5851 4054 3940
3 3940 4054 2157
3 3616 2157 1654
3 2157 4054 6001
3 2657 6001 4054
3 6001 2675 2157
3 5977 1654 1632
3 2675 1632 1654
3 6365 2201 5977
3 1654 5977 2201
3 3728 4129 5964
3 6365 3728 2589
3 3120 4791 3728
3 3728 4791 2589
3 2589 4791 3578
3 2201 6365 2589
3 2201 2589 2694
3 3578 2222 2589
3 2694 2589 2222
3 2222 5843 2694
3 3578 2628 2222
3 2222 2628 5631
3 5631 2628 6303
3 5375 653 2628
3 5785 653 3219
3 360 6340 1535
3 1535 6421 4737
3 4404 2606 5628
3 5628 1785 4404
3 3976 3946 5628
3 3946 5881 3245
3 5881 4862 3286
3 5881 3286 4057
3 5881 4057 535
3 4911 4057 3286
3 5897 3184 3450
3 3576 5897 3526
3 3526 5217 3576
3 2265 5026 4336
3 5606 5522 449
3 449 5522 5217
3 5606 482 5522
3 4310 5522 482
3 482 787 4310
3 482 4340 787
3 949 3754 273
3 273 3754 3745
3 273 4706 949
3 4706 2864 949
3 2864 3249 15
3 3252 3249 1595
3 3249 3252 17
3 3249 17 3554
3 3230 4742 3244
3 3230 3244 1609
3 3554 1609 4359
3 6482 3244 4100
3 4721 4100 3244
3 2495 3905 509
3 2490 3100 2495
3 3100 728 4161
3 3175 127 2490
3 2490 127 630
3 5813 630 5822
3 2714 5854 2799
3 6271 1023 5565
3 1023 5605 4193
3 1023 4193 5565
3 1674 5565 1689
3 1674 1689 3630
3 3630 1689 3762
3 3630 3762 1396
3 1810 1800 6500
3 1800 4766 6500
3 6500 4766 4725
3 4766 2912 4725
3 5108 4491 659
3 1209 659 4491
3 984 1209 2509
3 4197 984 2509
3 4197 2509 534
3 3480 2509 1209
3 534 2509 3258
3 6093 4197 1294
3 4071 6095 4104
3 534 896 6095
3 6229 6095 896
3 896 534 3258
3 3258 5336 896
3 5184 5042 4785
3 4892 4785 1532
3 5042 5948 3622
3 5526 2928 2768
3 5526 3328 2928
3 3328 3227 4761
3 6115 4761 3227
3 5551 4814 5809
3 5551 3482 4814
3 4814 3299 3181
3 3181 3299 6281
3 3299 3502 4227
3 4227 3502 5998
3 6352 6426 673
3 4454 6426 2651
3 5567 2413 5401
3 2413 1292 5401
3 5567 5401 3893
3 3893 5401 1850
3 1388 5401 1904
3 5598 6248 3590
3 5171 2369 4564
3 1369 3381 4736
3 4736 2988 1369
3 5707 5386 4736
3 3460 4078 3095
3 4078 4870 841
3 4870 4460 5113
3 5113 2044 4870
3 841 2044 5229
3 6092 3436 6114
3 6114 3436 3202
3 3436 2455 5299
3 3727 6338 3196
3 3727 3196 6431
3 6431 3196 1787
3 5627 2042 1159
3 5627 1159 1091
3 2042 6338 5622
3 5622 5991 1159
3 2139 941 5622
3 3108 2529 4117
3 6524 4117 5677
3 2529 5677 4117
3 4796 507 4798
3 1878 1642 3939
3 5587 1616 810
3 3108 2139 3939
3 1953 6155 3153
3 3153 6155 3298
3 3153 3298 1179
3 3528 135 2254
3 3528 2254 5187
3 5187 2254 3253
3 6301 5124 6530
3 4740 4614 6101
3 4614 1719 4505
3 6195 4579 4278
3 3572 2065 395
3 1545 3572 2205
3 3572 395 5369
3 3572 5369 3848
3 3848 2318 3572
3 2318 2205 3572
3 5369 3594 3848
3 3848 3594 2379
3 3848 2379 4472
3 213 3152 3594
3 3152 213 5802
3 4806 1287 386
3 3594 3152 1287
3 1287 3152 1014
3 1287 1014 386
3 4806 386 3034
3 386 2016 3034
3 4192 2424 3784
3 2424 877 3784
3 3784 877 5412
3 3784 5412 4091
3 4003 5332 1414
3 6452 2985 1288
3 6452 3820 2985
3 2985 3820 3680
3 3820 6452 1969
3 240 6452 3317
3 3317 5472 240
3 240 5472 1493
3 1493 1969 240
3 1493 4225 1969
3 5472 270 4668
3 5742 4668 5572
3 270 6187 4668
3 799 1236 6187
3 1236 6422 6187
3 6187 6422 6019
3 6422 6234 2569
3 6422 2569 6019
3 6422 4950 6234
3 6234 4950 284
3 6234 284 2566
3 6024 2211 1986
3 2211 4616 6008
3 3924 4616 2211
3 5725 3901 3924
3 4616 3924 5102
3 3901 5102 3924
3 4747 4513 4645
3 4747 2530 5862
3 4747 4645 2530
3 2341 3667 987
3 5504 987 3667
3 5006 5504 6033
3 5504 5862 6033
3 6003 4805 1276
3 1276 4805 3798
3 4805 6321 5603
3 5403 5603 5139
3 4973 5603 6321
3 5378 1452 6433
3 6433 2649 5378
3 1452 5139 2850
3 2850 5139 1214
3 1214 5139 1893
3 1214 1893 3508
3 5327 4757 5708
3 5708 4757 3508
3 3508 4757 4203
3 4757 5327 3347
3 4904 5327 1103
3 5327 5708 5616
3 2470 5863 4646
3 4646 5863 1199
3 55 2470 5616
3 2046 5863 55
3 2470 4646 3284
3 2111 6391 6188
3 6391 2897 6188
3 2432 4015 4843
3 4015 2432 1766
3 3588 2432 4170
3 3588 4170 1862
3 2248 5993 2009
3 2009 5993 3654
3 2009 3654 1332
3 2009 1332 5232
3 2074 3654 2541
3 446 2579 5993
3 5488 5993 2579
3 2579 446 2172
3 2172 3657 2579
3 3940 2157 3616
3 3616 5843 1922
3 3616 1922 3657
3 5843 5631 1922
3 1922 5631 3365
3 1620 6303 3124
3 3124 6303 5785
3 3326 3124 3219
3 3326 3219 360
3 3326 4737 4020
3 5553 4020 6177
3 6177 4737 207
3 950 198 2363
3 950 2363 5784
3 5657 2363 3245
3 5657 833 2363
3 2363 833 5784
3 833 3943 5784
3 3445 5132 1926
3 5132 4057 2636
3 5132 2636 2929
3 5132 2929 5855
3 4232 6415 133
3 133 6415 6523
3 3954 6523 6415
3 3954 2929 3576
3 6542 5522 4310
3 4310 2446 4954
3 5075 2446 3506
3 3962 3506 2446
3 5926 1847 15
3 3518 379 5926
3 3130 5926 379
3 3130 379 317
3 317 379 1924
3 2376 822 860
3 822 2716 1924
3 2716 822 1444
3 2376 1444 822
3 5813 5822 5137
3 5636 6271 6456
3 6456 6271 5213
3 5213 6271 2043
3 5213 2043 6165
3 6271 3119 2043
3 3782 2043 3119
3 4373 3782 3630
3 3782 3119 1674
3 3782 1674 3630
3 487 4373 4800
3 4002 1142 3752
3 1142 4725 3752
3 2912 6093 4725
3 3752 4725 6093
3 4002 5667 5368
3 4002 1294 4071
3 4071 4498 4002
3 4498 4976 5667
3 4976 4498 6144
3 6144 4498 2972
3 6144 2972 1790
3 1790 2972 6509
3 6509 2578 5679
3 2578 6229 5336
3 5336 3700 2578
3 4892 1532 2768
3 1658 3700 5874
3 380 3004 2928
3 6304 380 2928
3 2928 3004 2768
3 6326 2522 6304
3 380 6304 2522
3 1534 380 2522
3 2392 6326 5228
3 95 6304 4761
3 95 4761 5104
3 6115 1080 5104
3 1080 3324 5104
3 1133 5551 5809
3 1133 5809 2894
3 5400 5150 1132
3 2894 4696 5150
3 5150 4696 1132
3 5364 6426 2487
3 5364 2775 6281
3 2775 3010 3181
3 4454 2487 6426
3 5846 2413 5567
3 1846 5760 5846
3 5760 967 2888
3 2180 2888 967
3 2180 967 993
3 967 1846 993
3 993 1846 2918
3 3743 1564 965
3 965 1564 5123
3 5123 1564 3036
3 3743 5779 1564
3 1564 5779 3082
3 5779 1850 1388
3 3786 2988 4736
3 5229 5570 3627
3 5570 4285 3627
3 4285 1088 1697
3 2426 3202 148
3 2426 148 4879
3 1289 3727 6075
3 3378 5040 6075
3 5388 3378 6388
3 3378 6431 5741
3 6431 1787 5741
3 1501 6202 6150
3 5991 3287 6202
3 6202 3287 2304
3 2481 2075 2304
3 5413 5677 937
3 5677 4796 937
3 937 4796 1735
3 937 1735 3253
3 3153 1179 1580
3 3476 3601 437
3 3601 3253 2254
3 6301 2254 135
3 4740 6101 6301
3 3476 6301 6101
3 2182 2615 1671
3 6101 2468 2615
3 1671 2615 4146
3 2468 4146 2615
3 955 2318 2045
3 1438 2052 4189
3 4189 1201 6026
3 1201 2052 3961
3 3643 46 2045
3 3961 2045 46
3 46 1202 3961
3 4713 3643 5024
3 3643 2045 4472
3 4472 2045 2834
3 4472 2379 2909
3 4709 2909 4806
3 2080 5649 5322
3 1483 252 5649
3 5322 5649 252
3 4337 5649 2080
3 4337 2110 5649
3 2779 5035 4091
3 2779 4136 5035
3 2779 2914 4136
3 4136 2914 5005
3 5005 2914 557
3 557 6020 5005
3 3680 5005 6020
3 1414 2779 5412
3 3680 3820 1320
3 4225 2421 2631
3 5769 2438 457
3 5769 457 5742
3 542 5742 4724
3 4165 5742 3423
3 5742 5572 3423
3 3423 5572 5820
3 5572 6187 979
3 5572 979 5820
3 6187 6019 979
3 979 6019 3545
3 3545 6019 5945
3 6019 1049 5945
3 6019 3867 1049
3 3867 6019 2569
3 2569 5747 5484
3 5747 2566 5648
3 5648 2566 284
3 5059 3346 5648
3 5648 3346 6383
3 6383 3346 1858
3 6383 1283 1019
3 1019 1283 2925
3 2220 1858 3999
3 3999 2430 90
3 90 2430 5095
3 2430 4513 4747
3 2430 4747 5095
3 4747 5862 5095
3 5095 5862 6040
3 1378 6040 3667
3 3667 2341 1378
3 2761 744 4360
3 2761 4360 3223
3 3223 4360 2767
3 3327 987 5970
3 4478 4985 1017
3 1479 1274 2649
3 2649 1274 2364
3 2649 2364 5378
3 1017 1761 637
3 3281 4424 4464
3 1861 1781 647
3 1781 4464 647
3 4826 6014 6391
3 6014 4826 6133
3 4826 6391 2111
3 880 1766 5232
3 1766 2009 5232
3 6188 591 3902
3 591 3835 3902
3 3902 3835 1184
3 1184 3835 2074
3 2541 1687 2074
3 5488 1295 2541
3 1295 1687 2541
3 5488 2036 1741
3 1295 1741 5052
3 2579 3365 374
3 2579 3657 3365
3 374 3365 6303
3 1295 5052 2084
3 2084 5191 1295
3 6133 4826 3173
3 3173 4826 906
3 2084 906 1628
3 6133 1247 1166
3 3173 3567 1247
3 3567 5052 6177
3 6177 5052 5553
3 3567 6177 4685
3 4861 6305 1348
3 4861 4348 3862
3 3862 4348 6124
3 4079 4348 4908
3 3899 2801 4348
3 3899 864 2801
3 864 3031 2801
3 864 3899 2400
3 2400 2807 864
3 1348 2524 2400
3 2807 2400 2524
3 3475 1785 2314
3 1100 2314 950
3 1100 950 5784
3 2524 1100 2807
3 1121 2197 2807
3 2197 1121 3213
3 3213 6420 2197
3 492 4846 3213
3 6420 3213 4846
3 4846 492 6035
3 6035 492 5406
3 5406 3943 833
3 5406 833 3059
3 833 5657 3059
3 5333 3059 873
3 873 3059 5657
3 5450 1900 5333
3 401 5333 1900
3 4295 5450 6415
3 5450 1423 1900
3 4295 2587 6244
3 6244 2587 185
3 1387 2587 323
3 4295 323 2587
3 4295 4232 323
3 5063 6542 5727
3 1731 5727 1
3 6542 1 5727
3 128 6542 2952
3 4850 128 2952
3 3807 1991 4954
3 3807 4954 5075
3 4954 6542 4310
3 2446 5075 4954
3 5074 3277 5830
3 3277 2586 5830
3 983 1108 3506
3 3277 983 2586
3 983 3652 2586
3 2586 3652 2350
3 5830 1238 5074
3 1238 5830 5174
3 3681 1855 2350
3 2730 3681 498
3 804 2730 2171
3 2171 2730 827
3 2730 498 3843
3 2661 408 5789
3 827 5789 2171
3 13 408 2716
3 13 2716 4765
3 5636 6180 433
3 5796 1504 629
3 5796 629 5175
3 629 2377 5175
3 3418 2377 2372
3 629 2372 2377
3 3418 3487 4335
3 3487 2372 6456
3 6165 6240 4938
3 4938 5213 6165
3 4938 6456 5213
3 1361 2345 5224
3 1361 1234 6039
3 1381 2345 6039
3 1381 38 4245
3 4245 38 2597
3 4245 2597 4252
3 38 2755 2597
3 2597 2755 5593
3 1416 5866 5368
3 6396 6236 184
3 1416 5667 6236
3 184 6236 1743
3 5667 1324 6236
3 1743 6236 5085
3 5085 6236 1958
3 6236 1324 1193
3 1428 1324 4976
3 5667 4976 1324
3 6509 4847 3529
3 397 4847 2038
3 397 2038 3466
3 5679 1658 2038
3 5679 2578 1658
3 1534 2522 3709
3 3709 4000 5266
3 528 3877 4350
3 3877 2339 4350
3 6219 2927 1962
3 6219 5400 1132
3 6219 1132 3486
3 1132 1204 3486
3 3486 855 3975
3 3975 855 1239
3 1239 855 3109
3 855 2995 3109
3 301 3109 4820
3 2995 1204 4696
3 2995 4696 1449
3 1449 5364 2288
3 4820 4783 4060
3 4060 4783 4929
3 139 5760 5856
3 139 5856 4959
3 5856 3070 6226
3 3070 3520 4670
3 3520 2751 3765
3 2153 3765 3360
3 2426 2751 1697
3 3371 2180 5989
3 214 5989 5123
3 214 5123 4285
3 5989 965 5123
3 2153 3360 2911
3 2153 2911 5040
3 1673 676 5040
3 794 5040 676
3 4670 794 676
3 676 5388 3503
3 3589 6388 5741
3 5105 248 5611
3 3757 6341 412
3 3757 412 1160
3 2798 6150 606
3 606 6150 2018
3 606 2018 5237
3 3409 4390 6202
3 132 6202 4390
3 6150 132 4598
3 4390 4598 132
3 3409 2075 4390
3 4390 2075 151
3 4390 554 4598
3 151 1317 554
3 3944 1317 2396
3 4539 5413 1205
3 6315 307 3601
3 2872 6315 2182
3 2872 1342 6315
3 2872 942 1342
3 2182 303 2872
3 5873 3497 2725
3 3497 303 2725
3 1671 4146 1111
3 5853 3950 4146
3 4146 3950 1111
3 3950 6413 1111
3 1111 6413 2725
3 610 1728 1801
3 3950 2196 6413
3 6413 2196 1438
3 6413 1438 1728
3 1801 1728 6026
3 403 3564 5759
3 3564 2319 1164
3 2319 898 515
3 515 5176 2319
3 6026 515 898
3 5176 515 3961
3 5176 6282 99
3 99 6282 5530
3 99 5530 1164
3 1164 5530 704
3 6282 6272 974
3 6272 1358 974
3 6272 6282 4713
3 4713 5024 3618
3 4713 4341 1915
3 4830 4341 1483
3 252 1483 4341
3 4830 5234 4570
3 4570 5234 3122
3 3122 5234 2582
3 3122 2582 2104
3 5035 3575 5792
3 3575 619 6394
3 3575 6394 2104
3 2444 4576 235
3 2444 235 44
3 2631 2421 3495
3 5418 5769 211
3 1577 211 542
3 3849 5154 4112
3 5154 1464 4112
3 4724 4165 3849
3 5996 3849 4165
3 3849 5996 5154
3 5996 1519 3390
3 1519 5395 2701
3 5395 5945 2701
3 1519 2701 400
3 400 705 1519
3 1049 400 2701
3 705 400 3308
3 1519 3665 3390
3 5109 3665 988
3 3665 624 988
3 624 1455 4972
3 624 4972 988
3 3076 1455 5484
3 3308 5484 1455
3 4712 3076 5484
3 5747 2944 5484
3 5497 4867 1019
3 4009 4258 5497
3 4009 2088 4258
3 4009 626 2088
3 4009 2925 5112
3 5112 2925 1182
3 2117 4308 4517
3 4517 4308 3887
3 2117 5095 764
3 4922 764 5095
3 6040 1378 4922
3 2761 5259 4922
3 2761 597 5259
3 2761 3223 597
3 6371 5953 3778
3 5116 1627 581
3 5953 581 4533
3 5953 4533 6267
3 2155 2237 6330
3 5098 2634 6330
3 1552 4723 4478
3 4478 3908 1552
3 3908 4478 637
3 3117 5584 4638
3 637 3281 4638
3 4464 4638 3281
3 1781 3117 4638
3 5584 3117 5516
3 5516 1109 5584
3 4088 5516 3117
3 4088 3438 4486
3 6502 5452 3166
3 2904 3166 5452
3 2269 5452 1224
3 1224 5452 210
3 5465 210 5405
3 6230 6133 5405
3 6133 292 846
3 1166 4238 292
3 4238 1166 4685
3 4238 4685 662
3 5409 662 1853
3 1853 662 6124
3 6124 4685 3862
3 4908 3266 4079
3 3266 4908 2892
3 2892 1853 3266
3 2999 4908 6027
3 2999 6027 768
3 4908 4348 6027
3 2100 2801 126
3 126 2801 3031
3 2100 4179 2641
3 4179 969 634
3 4179 634 612
3 969 6035 634
3 612 634 2240
3 559 6035 1621
3 4411 1621 401
3 1621 6035 5406
3 401 1621 5406
3 401 5406 5333
3 4411 1900 5143
3 5143 2564 4411
3 3425 1423 4295
3 458 3425 774
3 2564 990 4085
3 1593 5390 5835
3 5390 458 2932
3 5126 2932 3751
3 458 774 2932
3 2932 774 3751
3 2932 5126 2629
3 2629 5126 5078
3 3751 5348 5126
3 4869 4640 185
3 1457 185 4640
3 4894 4869 5389
3 4869 185 2587
3 4869 2587 1626
3 1626 2587 1387
3 5815 324 1430
3 324 5901 1430
3 1430 5901 5542
3 5901 4694 4850
3 5174 1744 5942
3 5942 6225 5901
3 5942 5988 6225
3 4419 3049 5988
3 5988 1744 3968
3 6359 6194 6108
3 4469 6108 1742
3 1742 1813 4469
3 1742 3694 1813
3 1742 6099 6438
3 1742 6438 3694
3 3694 6438 5621
3 5175 27 6233
3 6233 27 3443
3 3027 570 2703
3 1887 644 6245
3 3027 5080 347
3 2273 5056 4252
3 4252 5056 4335
3 4252 5593 2273
3 4252 2597 5593
3 4906 5593 1466
3 6396 5819 3634
3 5819 1838 3634
3 6122 1838 4751
3 5819 4751 1838
3 6396 184 6245
3 184 1743 6245
3 6245 1743 4217
3 1887 6245 6224
3 1383 4217 5085
3 5085 1293 1383
3 1293 5085 143
3 5085 1958 5441
3 5085 5441 143
3 3634 4672 1958
3 5441 1958 4672
3 4672 242 5441
3 242 4672 4733
3 2301 4751 5646
3 4250 756 2279
3 5819 5714 756
3 756 5714 2279
3 4250 164 174
3 174 164 1906
3 174 1906 4751
3 4751 1906 5646
3 164 4250 2511
3 2511 4250 5129
3 4250 2279 5129
3 5129 2279 5080
3 5129 2567 785
3 5129 785 2588
3 2588 785 5238
3 5238 785 5069
3 5238 5069 2550
3 4191 4906 5588
3 5588 4906 2199
3 4191 2565 1880
3 2565 5588 1022
3 6396 2721 4093
3 3634 1958 2721
3 1022 6364 5615
3 5702 5960 2414
3 1428 4976 1200
3 1200 4976 6144
3 1200 6144 1635
3 1635 6144 2810
3 2810 1355 4822
3 2991 1355 3529
3 2991 3529 397
3 2031 3466 3709
3 2031 3709 5266
3 4000 528 5266
3 528 4350 421
3 4789 5524 839
3 5524 4350 621
3 1884 2342 5750
3 5750 2342 2680
3 2342 50 2195
3 50 2927 2195
3 2680 3975 5343
3 5343 3975 3952
3 5343 3952 866
3 3952 3975 1239
3 3952 1239 4664
3 4664 1883 3952
3 6094 3766 301
3 3766 3109 301
3 4929 4959 4841
3 4841 6094 4929
3 6199 439 5377
3 5377 439 54
3 439 2719 54
3 6199 5377 1617
3 1617 5377 4483
3 3503 5377 4243
3 2604 1462 1617
3 1617 4483 2604
3 2604 4483 661
3 661 4483 6388
3 661 3335 2604
3 3335 6172 2867
3 5022 2867 5462
3 6172 661 924
3 661 6388 924
3 924 6388 3589
3 1268 6172 5307
3 6172 5105 5611
3 5307 5611 2287
3 5307 2287 1041
3 1041 2287 1094
3 1041 1094 3430
3 2287 3977 1094
3 3977 5518 2617
3 3977 2287 1934
3 3221 2351 248
3 1934 2351 79
3 2351 3221 1160
3 79 2351 606
3 1160 606 2351
3 1934 2425 5661
3 5518 5661 1612
3 2425 5237 3428
3 3428 5237 5668
3 3428 5668 4859
3 5668 5237 3718
3 3718 5237 2018
3 1169 2018 6150
3 2018 1169 1667
3 1667 3718 2018
3 4591 1667 4598
3 4591 4598 3632
3 3632 1959 4591
3 4591 1959 2956
3 1959 3632 5476
3 5476 3632 1426
3 1959 5476 4507
3 2956 1959 4507
3 4839 5476 68
3 4839 68 5864
3 68 5476 3698
3 5481 5463 5864
3 2025 1693 5608
3 5608 1693 178
3 1693 5463 36
3 36 5463 4444
3 4565 36 4444
3 178 4565 3690
3 178 3690 4251
3 4565 5734 3690
3 2756 5873 3556
3 4834 3556 610
3 2109 518 4834
3 5637 4834 6475
3 518 6475 4834
3 2679 6091 1164
3 3564 1164 6091
3 5256 2804 5620
3 2679 704 2804
3 5620 2804 3535
3 2570 704 5530
3 3411 5028 29
3 5028 1358 6272
3 5028 6272 4570
3 29 5028 4570
3 29 2346 2796
3 2796 2346 3735
3 2346 3122 3735
3 884 4298 2386
3 4298 3735 3122
3 4298 2444 44
3 235 5650 3600
3 1464 1949 4715
3 1949 3154 4715
3 2353 4715 3154
3 1949 5686 3154
3 3154 5686 1643
3 5154 3390 3665
3 5010 818 5502
3 2173 2176 4315
3 5783 4867 3888
3 3888 4867 4258
3 3888 4258 2088
3 2088 2937 3888
3 6316 2937 4315
3 3002 2821 6087
3 2088 3364 2821
3 6087 1553 2488
3 4418 4731 4040
3 3364 626 4731
3 1316 3778 5953
3 1351 3141 4961
3 4961 3141 1270
3 2935 4961 4429
3 3038 2506 1914
3 2608 3038 1914
3 2237 2155 2506
3 1914 2506 2155
3 2155 4128 1914
3 6100 66 5724
3 5724 66 3598
3 66 902 1832
3 902 6100 3648
3 6100 1736 3648
3 259 3060 2902
3 259 4453 3560
3 2213 3560 4453
3 706 2213 4453
3 706 4453 3860
3 1736 4453 259
3 1736 183 4453
3 4453 183 4288
3 4453 4288 1552
3 5516 4741 706
3 2213 706 4741
3 3560 2213 4741
3 4741 3886 3560
3 3886 2161 3560
3 3624 522 3886
3 2161 3886 522
3 522 6334 2161
3 4150 1498 4588
3 4588 290 4150
3 5311 1224 5409
3 5409 1224 5465
3 5251 2892 5253
3 1085 2596 5253
3 4901 5253 2596
3 5253 258 4636
3 258 2999 4636
3 2503 1919 4636
3 5438 4636 1919
3 1919 3283 5438
3 1919 718 3647
3 718 103 3415
3 103 768 6027
3 103 6027 2641
3 6027 2100 2641
3 3415 5829 2309
3 3647 3415 2309
3 2309 5829 3162
3 3162 5829 4848
3 3162 4848 1593
3 4085 4848 2564
3 2240 2564 4848
3 1593 4848 4085
3 2366 4261 3162
3 2116 5835 2629
3 2629 5835 2932
3 5078 4323 5349
3 4323 5348 3172
3 4323 3172 5436
3 4640 5436 3172
3 5436 4640 1285
3 5717 5436 1285
3 5717 1285 3467
3 5815 1430 2660
3 3467 5815 2122
3 2660 2122 5815
3 1430 5542 2660
3 5542 5807 2660
3 5807 6225 5974
3 5974 6359 3030
3 468 1417 4469
3 6108 4469 1417
3 6108 1417 5422
3 1120 1417 468
3 1417 1120 867
3 867 5422 1417
3 867 4522 5422
3 867 1120 5134
3 867 5134 4522
3 5134 5687 746
3 5506 3065 229
3 5506 1813 3065
3 883 5621 755
3 5621 2251 755
3 2251 3111 755
3 5506 3111 746
3 746 3111 2790
3 3111 4377 2790
3 2790 4377 4885
3 5703 5621 4319
3 2891 1920 6224
3 4319 6233 5713
3 1920 4075 1887
3 4183 4833 1383
3 4183 1383 5093
3 5093 1383 3776
3 1383 1293 3776
3 1293 143 2600
3 5441 2414 143
3 1635 2810 4822
3 5684 2600 4822
3 237 5684 1035
3 2072 1035 5684
3 4138 2072 5684
3 1035 2072 5382
3 5382 2072 4138
3 6002 3354 4789
3 3354 5684 4822
3 2168 6002 438
3 5688 438 6002
3 839 5524 5688
3 5524 621 4779
3 4779 3842 227
3 3842 4350 5750
3 3842 2654 227
3 2808 5343 866
3 4664 551 1883
3 6094 3985 3766
3 6094 4841 7
3 5453 7 6199
3 6291 5022 6263
3 1371 5160 448
3 5160 572 1753
3 6436 2625 125
3 6436 1702 1116
3 1612 3428 1795
3 1692 3428 4859
3 1692 538 1795
3 1795 538 6436
3 1795 6436 1116
3 538 6463 6436
3 6463 1048 2978
3 6463 1901 6533
3 6533 1901 3232
3 3232 3149 6533
3 5668 3718 1506
3 4859 5668 1506
3 4859 1506 2
3 3232 2 3248
3 3232 3248 35
3 35 3248 2956
3 2956 3248 4591
3 35 2956 3799
3 35 3799 3149
3 2956 5683 3799
3 5683 4507 1473
3 1386 1473 4507
3 3048 1386 6022
3 3194 3048 6184
3 4251 1701 5608
3 3690 3201 4251
3 3815 6475 5655
3 3275 1529 5655
3 2873 6475 518
3 2873 518 57
3 57 518 2109
3 5620 1911 5420
3 5655 195 1708
3 778 1911 2142
3 1767 778 2142
3 1911 3306 2142
3 3306 3535 2769
3 2923 2570 1995
3 2570 5530 1995
3 6256 4688 5248
3 5248 885 1830
3 888 3600 1007
3 5625 1830 1524
3 1830 5665 1007
3 1830 1007 1524
3 1524 1007 2389
3 5625 1524 5752
3 2811 5752 2353
3 1524 2389 5752
3 2811 525 3982
3 2811 3982 5575
3 3982 3256 4414
3 1725 4414 1643
3 1643 5502 1725
3 1643 5686 5502
3 818 2535 2968
3 3646 2535 2460
3 327 3372 4315
3 2968 3646 4912
3 4898 6087 6443
3 5433 6443 6087
3 6087 4898 3002
3 6443 5433 2193
3 6443 2193 4936
3 1299 5433 5
3 2488 5 5433
3 1299 5 1967
3 6459 5359 770
3 6318 758 5359
3 758 6214 5359
3 5359 6214 770
3 770 6214 4345
3 2935 6214 4961
3 4960 2935 2512
3 4960 2512 6277
3 6277 1266 4960
3 3097 6277 2512
3 4420 4629 2608
3 4629 6203 2608
3 6203 4629 5716
3 4305 5107 4420
3 4305 1659 5107
3 5107 1659 5146
3 378 5724 6273
3 4572 378 3619
3 378 6273 6074
3 3619 378 6074
3 4311 6273 5724
3 3598 1832 749
3 1832 2902 749
3 749 2902 3060
3 749 3060 3596
3 3060 3560 3596
3 3596 3560 780
3 4311 3598 6334
3 4311 6334 1615
3 1498 2917 5878
3 5878 2917 5798
3 5798 2917 4901
3 4150 5311 2320
3 3160 5311 5409
3 5798 3538 5391
3 3385 3538 5798
3 3366 4770 3385
3 4770 3366 5438
3 3366 2596 1085
3 5438 3366 1085
3 4900 3655 4770
3 4900 6232 3761
3 6232 3283 670
3 670 3283 3647
3 6232 4097 5225
3 4261 4097 2309
3 2366 5890 4261
3 6228 2116 3736
3 5349 4644 5078
3 6503 4720 218
3 5349 101 4720
3 4720 101 5717
3 4720 5717 218
3 101 5436 5717
3 3305 2122 6461
3 1154 5485 341
3 3255 5569 5577
3 5577 341 3255
3 4780 1083 2584
3 1083 5569 3030
3 3030 5422 1083
3 6359 5422 3030
3 3268 861 5440
3 5134 2790 3491
3 3491 2790 4885
3 1384 4885 4030
3 1630 4030 4885
3 1630 2112 4030
3 5466 6418 1630
3 1630 6418 2112
3 1305 4313 321
3 5952 321 1872
3 4313 6110 321
3 321 6110 1872
3 5093 3776 193
3 5093 193 1523
3 1523 193 237
3 1092 5172 4890
3 1734 237 3858
3 5382 4890 3858
3 5382 3674 4890
3 3674 5382 4637
3 4637 5382 6198
3 5382 4138 6198
3 3674 4637 748
3 5499 748 4637
3 748 5499 6285
3 6307 5499 6198
3 6198 1306 6307
3 1306 2168 6307
3 3927 6322 2168
3 6307 2168 6322
3 4899 1509 3927
3 4702 4760 4300
3 1104 3250 694
3 1402 3250 4887
3 3250 227 2654
3 3250 2654 4887
3 1402 4887 4521
3 4887 3533 976
3 5426 551 4664
3 5065 4627 1983
3 5065 1983 5453
3 5202 5453 6291
3 5202 6291 6263
3 6126 6263 5022
3 5022 874 3645
3 3464 874 4124
3 6417 5447 4124
3 5447 5841 6113
3 3829 2373 5841
3 5841 2373 5019
3 5841 5019 4320
3 4320 5019 4222
3 2373 935 5019
3 747 5019 935
3 935 2373 4774
3 4774 1753 935
3 1249 742 5754
3 5538 8 6288
3 6288 6436 6463
3 6288 6463 2978
3 3408 348 2348
3 3682 2348 2077
3 348 1269 2348
3 2348 1269 3984
3 2348 3984 2077
3 1269 5683 5135
3 5135 5683 1473
3 5135 1473 1386
3 3048 3194 887
3 887 2776 3048
3 3194 4403 887
3 4403 3377 887
3 738 887 3377
3 3377 4562 738
3 190 3377 4939
3 4403 5776 5607
3 5607 5776 6527
3 970 3194 1819
3 5525 3541 682
3 3194 6184 1819
3 682 3541 3127
3 3541 5525 1738
3 1463 682 3127
3 3127 5608 1463
3 682 1463 5525
3 1640 5525 2662
3 1463 2662 5525
3 2662 6253 1640
3 6253 1718 4597
3 4597 1718 2848
3 4597 2848 2244
3 2244 2848 590
3 1718 3201 2848
3 2848 5655 1529
3 2848 1529 590
3 2685 2244 4603
3 4603 2682 2685
3 2682 4603 3880
3 3275 1708 4603
3 1708 3880 4603
3 1708 4041 3880
3 5795 2583 5430
3 2583 4041 5430
3 4459 5430 1767
3 1767 5430 778
3 4459 1338 4687
3 6484 4459 1767
3 2142 3955 1767
3 6484 1767 3955
3 1338 6484 1966
3 1966 5372 2540
3 2540 4912 4195
3 4687 2540 4195
3 4195 4936 3928
3 6300 4096 3928
3 3621 6308 6300
3 6300 6308 5198
3 6459 2281 4690
3 4690 4367 6459
3 4690 2281 109
3 2281 4345 109
3 4690 109 4440
3 4440 109 4886
3 4440 4886 2089
3 4440 2089 6125
3 1266 6277 6258
3 4739 4076 6277
3 6131 4739 6277
3 5955 6131 326
3 5955 326 4909
3 4909 326 6496
3 5716 4152 6131
3 3097 5716 6131
3 4152 5716 4629
3 5799 6085 4993
3 5799 2021 6085
3 1516 5799 5805
3 5799 4993 2484
3 6264 2484 4021
3 2484 4993 4021
3 1418 4572 3619
3 4832 713 2849
3 713 6074 4849
3 1976 604 5062
3 4849 6049 2849
3 604 2849 6049
3 5062 604 6049
3 4849 6074 5985
3 5985 6074 4982
3 4982 6273 4311
3 1615 731 4982
3 1669 4982 731
3 1854 5878 5391
3 3831 4642 5391
3 1854 5391 4642
3 4488 3519 6293
3 6464 3761 501
3 5225 5064 3761
3 501 3761 5064
3 6293 501 5064
3 5225 4097 5064
3 5064 4097 5890
3 5890 4097 4261
3 5064 5890 5076
3 2517 1025 3736
3 1025 2517 5076
3 5076 2517 1208
3 4644 2517 3736
3 1208 2517 1691
3 2517 4781 1691
3 2491 6503 2879
3 870 2879 6503
3 1149 6461 5485
3 1149 5485 5398
3 5398 5485 1154
3 5398 3454 322
3 322 3454 2020
3 4058 5577 3037
3 4780 3037 5577
3 1957 2584 1235
3 859 3534 3268
3 3268 3534 1957
3 3534 859 4856
3 4856 669 648
3 648 669 1150
3 669 5440 2700
3 669 2700 1150
3 5440 3478 2700
3 2700 2178 5423
3 3478 4897 1012
3 4897 2078 1384
3 4897 1305 1012
3 1012 1305 4604
3 2794 5952 5423
3 5952 2794 4604
3 2013 3239 5210
3 2013 5210 3442
3 5210 5720 6319
3 5486 1068 4817
3 1068 721 598
3 598 721 2040
3 598 2040 4571
3 721 4746 2040
3 3511 4746 5093
3 5093 1523 3511
3 4571 3511 6537
3 5172 6537 3511
3 5172 2406 6537
3 4995 2406 2057
3 3791 2057 2406
3 3791 476 2057
3 476 3791 1931
3 3791 393 2416
3 1931 2416 3067
3 3067 427 1931
3 427 3067 295
3 3067 748 6285
3 6285 367 3067
3 6285 6307 4817
3 4817 6307 5486
3 6307 6322 2012
3 5767 4666 2502
3 2502 1624 5767
3 4666 1509 2502
3 2502 1509 2943
3 4760 4899 5688
3 4702 4300 4854
3 4702 4854 1940
3 3602 5371 3046
3 3617 3168 2349
3 2349 131 3617
3 3169 4450 4416
3 3169 4416 4601
3 1404 4446 4853
3 4521 4402 1402
3 4402 4521 5082
3 5065 6119 3427
3 6126 5580 3998
3 3998 5580 3818
3 6263 3998 6119
3 5580 451 3818
3 4218 2706 4956
3 2706 752 3405
3 2706 3405 1960
3 3405 3171 1960
3 752 5580 3035
3 3405 3035 6477
3 2483 5580 959
3 2483 959 3734
3 2483 5870 4186
3 5831 5870 3617
3 3046 5891 3477
3 5994 3477 5891
3 6072 5994 5929
3 5929 5994 1272
3 1272 5994 2067
3 5501 5060 2291
3 2291 5060 2323
3 5501 3656 5060
3 1818 3656 6034
3 3656 635 6034
3 635 4652 6034
3 4652 3334 5754
3 4652 5754 1866
3 1866 62 4652
3 1866 5754 5538
3 1866 5538 2581
3 2581 5538 5885
3 1866 2581 6098
3 62 1866 4752
3 6098 4752 1866
3 5885 3682 6098
3 3682 5885 107
3 1706 4061 3682
3 1706 4224 4415
3 1706 2077 4224
3 2077 3984 3492
3 2776 3492 3984
3 4415 4562 3074
3 1304 190 3416
3 3074 1304 3416
3 3351 2263 3439
3 3689 3439 2263
3 2828 1997 4612
3 2828 4612 136
3 4835 5149 5178
3 6000 5178 6527
3 4529 4135 5057
3 1344 4590 5330
3 5020 4302 5344
3 3759 2685 2682
3 4047 3759 2947
3 4047 2947 3465
3 3465 2947 6300
3 5624 2682 3880
3 5795 4096 5624
3 4047 3465 5344
3 5344 3465 783
3 783 3465 971
3 783 971 6207
3 3465 5198 971
3 3206 4367 2137
3 2137 6207 3206
3 4367 3796 2137
3 3796 4690 4440
3 4440 2913 1928
3 4440 1928 3796
3 5057 6125 5140
3 2781 6507 5140
3 4917 2089 6258
3 4917 6258 6507
3 6507 6258 2094
3 3777 2899 4792
3 4792 2899 1221
3 5823 1221 6264
3 4471 4832 4994
3 1221 1558 4792
3 4509 3453 2543
3 4994 3608 2543
3 1976 871 5219
3 5219 871 1155
3 1873 1155 2614
3 871 358 1155
3 1155 2809 2614
3 2614 2809 2678
3 3989 2599 358
3 3989 5223 1065
3 4116 5223 784
3 784 4744 4116
3 1488 2862 1669
3 4744 2862 497
3 3970 6121 1488
3 6121 4067 2151
3 3840 4067 1786
3 3840 1786 2847
3 4067 2845 1786
3 2847 1786 6293
3 6121 4642 2845
3 4889 512 5483
3 1379 1208 4432
3 1379 4488 6293
3 1379 6293 5076
3 1208 1691 4432
3 4432 5038 1555
3 322 1730 4381
3 2020 4876 6173
3 4998 4268 4325
3 4325 4268 4876
3 1935 3398 3921
3 1935 3921 6178
3 3921 3398 3037
3 3534 3921 1957
3 3037 1957 3921
3 4998 4058 3037
3 4856 2280 6178
3 1906 2280 1665
3 1906 1665 5646
3 1665 3145 2013
3 1665 2013 3442
3 3145 3239 2013
3 6178 1906 164
3 164 2511 6178
3 1806 6069 4344
3 593 5129 4650
3 4344 1690 5950
3 315 3879 2417
3 441 2417 5373
3 5238 2147 775
3 3489 4630 441
3 4630 2553 4401
3 1071 242 1334
3 4733 1334 242
3 1071 1334 6257
3 4426 2544 6333
3 6122 2301 6333
3 6319 2301 5646
3 6333 6319 464
3 5646 3442 6319
3 464 6319 720
3 720 6319 800
3 464 4426 6333
3 464 720 4180
3 4180 720 1330
3 720 1075 1330
3 1330 1075 4398
3 1075 1770 4398
3 1770 2688 4398
3 4398 2688 5235
3 6432 6169 1357
3 5767 1871 6243
3 6169 5767 6243
3 1871 4502 4316
3 1871 1624 4502
3 251 1624 2502
3 1624 251 4303
3 251 1940 4303
3 4303 1940 5371
3 4303 5371 4790
3 4790 5371 3602
3 1940 3168 5371
3 3024 3929 6072
3 834 3024 5929
3 1117 834 411
3 834 5929 723
3 411 834 1802
3 723 1802 834
3 2323 5308 2291
3 5060 5460 2323
3 1802 2323 5460
3 5460 411 1802
3 3441 4466 919
3 2152 5272 2271
3 5272 4752 6098
3 5464 5272 4011
3 6098 4061 4011
3 4061 1706 4415
3 5935 3416 5285
3 5285 2263 3351
3 3351 2097 147
3 3838 3351 147
3 147 2097 2962
3 147 2962 2445
3 2097 5066 2962
3 999 2962 5066
3 1476 5066 260
3 3439 5066 2097
3 4202 1476 740
3 1476 2185 740
3 2185 6507 4546
3 2094 3967 6507
3 3967 2094 4792
3 3967 4792 1762
3 4553 2543 3608
3 4509 4553 4955
3 4955 4553 4024
3 4553 3865 4024
3 4024 3865 2167
3 2167 3865 2614
3 2614 3865 1873
3 6298 2614 5962
3 2614 2678 5962
3 2058 4632 3966
3 5962 3966 5663
3 3966 4632 5663
3 496 4383 4632
3 496 5517 4383
3 5517 176 4383
3 2058 5517 496
3 4282 5125 266
3 5517 5125 3675
3 943 4282 4215
3 1385 4215 4282
3 1385 5223 4116
3 683 1555 5483
3 2190 4946 6173
3 1816 4946 4145
3 3671 4145 4946
3 3671 2469 4145
3 3671 2772 2469
3 2469 2772 4263
3 4876 1806 2772
3 4263 2772 1806
3 4263 973 909
3 973 1147 5950
3 2298 4344 1147
3 2170 5950 4698
3 4698 5950 2092
3 4698 2092 5269
3 2856 4476 2417
3 4426 2303 2544
3 4831 6395 4401
3 2128 5166 6395
3 5166 1334 2760
3 4426 4180 3488
3 2856 3488 4118
3 6470 155 4551
3 155 1544 3316
3 3316 1544 3612
3 1544 4398 5235
3 264 4657 2795
3 4657 3455 2709
3 4657 2709 2795
3 3455 5958 2709
3 2795 2709 781
3 5235 2688 5054
3 4316 5478 539
3 5478 3797 4926
3 4926 3797 3192
3 3929 6262 4790
3 4790 3972 1723
3 4303 4502 1624
3 3595 5706 1836
3 2302 2940 5380
3 5380 2082 2946
3 919 2693 4693
3 2713 2693 1171
3 2693 919 2381
3 2381 1171 2693
3 2381 4466 6209
3 5464 5935 5902
3 3485 5902 2443
3 5902 5935 500
3 2443 5902 500
3 3838 4557 104
3 2504 1240 6105
3 147 2445 4557
3 6105 4557 2445
3 3013 5894 6105
3 5894 3013 255
3 5894 255 2619
3 58 2619 255
3 3967 1964 5941
3 715 2187 1629
3 6298 6447 5385
3 4024 6298 2292
3 6447 2368 1213
3 2368 2200 2905
3 2368 2905 1213
3 2200 3151 2905
3 3151 913 2620
3 3151 2620 2825
3 2973 913 5663
3 5663 4632 2973
3 913 2973 4698
3 909 2973 577
3 2973 2170 4698
3 2825 2620 1925
3 4698 1925 2620
3 640 5604 2825
3 640 2825 21
3 21 2825 4878
3 21 4878 3316
3 2593 1772 3316
3 21 3316 1772
3 21 1772 640
3 3612 1581 2593
3 3612 4115 1581
3 6247 4408 4294
3 4408 781 2709
3 5958 6406 2709
3 460 1461 5478
3 2652 954 460
3 954 1461 460
3 4767 710 1333
3 3084 1836 5706
3 118 4767 1333
3 118 5771 4767
3 3903 3399 2713
3 4558 1513 3903
3 1513 4558 4169
3 5007 1171 3485
3 3868 2644 5007
3 4558 5007 2644
3 4169 4558 2644
3 2443 1240 3868
3 2644 3868 1240
3 1240 2504 2644
3 2878 4169 2504
3 6358 2878 1079
3 2878 2504 678
3 678 1079 2878
3 6105 678 2504
3 1079 678 3523
3 1752 6358 5277
3 5277 6358 5341
3 5277 5341 1112
3 1112 1198 5277
3 5341 2619 1112
3 1112 2286 1198
3 4815 58 6289
3 6289 58 255
3 5015 4555 4362
3 4101 4546 646
3 4101 646 5306
3 5306 646 5941
3 4362 5241 5015
3 5241 1213 5037
3 3005 5037 2871
3 1213 2905 5037
3 2871 5037 5954
3 2871 5954 345
3 345 5954 2437
3 5954 5875 3387
3 5954 3387 5244
3 5875 6062 3387
3 4239 5875 5245
3 1651 5245 5875
3 1651 5954 5037
3 5604 5037 2905
3 6247 6480 4888
3 6211 6062 6480
3 6062 1419 3387
3 5244 1419 5170
3 6211 2903 1419
3 1419 2903 5170
3 5170 2903 2440
3 2440 2903 2024
3 2903 1607 3854
3 2903 3854 2024
3 5672 6211 1170
3 1170 4294 2603
3 1170 2603 5672
3 4639 2816 3705
3 4408 1461 3705
3 2709 6406 4408
3 6406 1461 4408
3 2603 2816 4155
3 1910 4639 954
3 954 2652 1910
3 4155 1910 5681
3 4062 5681 1910
3 4155 5681 4074
3 4255 4155 4074
3 4074 5681 1527
3 2005 1527 3903
3 1513 1923 2005
3 1513 1752 1923
3 1513 4169 1752
3 1923 5277 536
3 5867 536 2635
3 536 652 2635
3 1198 5439 652
3 652 5439 5745
3 5439 2286 842
3 5439 842 3964
3 2286 4815 842
3 842 4815 5350
3 842 5350 3964
3 5350 4027 2015
3 6289 3231 2011
3 6289 2011 4027
3 2011 2015 4027
3 5350 2015 3005
3 5350 3005 3964
3 3005 2871 3964
3 3964 2871 276
3 345 2437 276
3 2437 4895 276
3 276 4895 3964
3 5972 2437 3062
3 5972 3062 5827
3 3062 5954 5244
3 1419 5244 3387
3 5170 2186 1000
3 2186 2440 5292
3 886 5182 2752
3 5182 2335 5743
3 2335 3854 5743
3 1607 4223 5743
3 4155 4255 2603
3 4255 4074 5867
3 4255 5867 5672
3 5672 5867 2635
3 4223 2635 5745
3 4277 5439 4895
3 3964 4895 5439
3 4277 5972 6536
3 5972 890 2391
3 3557 5827 1072
3 2752 3744 1000
3 2752 1000 3058
3 3058 1000 111
3 3744 5170 1000
3 5941 966 5306
3 4878 5269 2739
3 5269 356 2739
3 4118 2739 356
3 4118 356 4476
3 4215 3840 943
3 4889 943 3840
3 4889 3840 2847
3 5057 5066 4529
3 6125 5057 2913
3 1768 6207 2137
3 680 1768 3796
3 2137 3796 1768
3 1540 1928 2913
3 783 6207 5020
3 4619 5831 6044
3 5831 131 6044
3 6136 6044 4601
3 6136 4416 1756
3 5619 4450 1404
3 5619 4853 3834
3 1520 3072 6327
3 6147 1520 6327
3 145 5812 4990
3 4402 5082 2207
3 246 5082 4521
3 246 4200 1429
3 5923 1429 2069
3 5923 3427 5239
3 3137 6119 3998
3 3137 3998 3818
3 4930 2030 3790
3 2030 3583 3790
3 3583 2030 4956
3 1546 2706 6089
3 6089 2706 1960
3 6089 4248 1420
3 4248 658 3205
3 3028 3205 982
3 982 3205 4873
3 658 3171 4947
3 3733 2802 1660
3 3733 1660 4619
3 2802 3733 3342
3 1837 3733 6136
3 6147 182 1756
3 1756 182 1837
3 6193 3033 3237
3 145 4347 1325
3 6193 3237 6512
3 3018 4347 6512
3 4347 3606 5337
3 3339 5183 4990
3 5969 6347 1282
3 1282 6347 1105
3 1105 4930 1282
3 1282 3730 5969
3 5969 3730 4018
3 1282 3788 3730
3 3788 3353 3267
3 40 3353 5303
3 5303 3353 878
3 1346 3790 3583
3 1346 3583 2638
3 3662 1346 2638
3 3662 2638 2745
3 6412 2745 5179
3 2102 3028 1118
3 1118 6412 2102
3 3458 1573 6154
3 3064 6154 1573
3 1573 982 3064
3 863 1230 5177
3 6512 5177 6193
3 5337 6373 6103
3 4545 6103 3282
3 6373 5337 3606
3 3606 5969 6373
3 4018 6373 5969
3 5632 1828 4635
3 6373 6181 6103
3 6103 6181 2900
3 6103 2900 3282
3 4281 2500 3187
3 4545 933 3115
3 1826 4726 4718
3 2384 4718 6501
3 6320 4025 1436
3 1436 1245 6320
3 6279 6354 687
3 3900 6279 687
3 1646 6449 687
3 1646 5670 4172
3 5148 6449 1311
3 5148 1311 763
3 5712 763 4606
3 763 1311 2108
3 763 2108 2070
3 1311 4355 2108
3 2070 2108 1412
3 2070 1412 5707
3 5707 4606 2070
3 5709 2724 4606
3 5148 5712 2107
3 2107 5918 5148
3 2107 5303 5918
3 5918 5303 6223
3 6223 5303 1601
3 1601 5762 6050
3 5762 1601 878
3 3790 5762 4201
3 878 4201 5762
3 3209 5762 766
3 285 4651 521
3 521 2507 285
3 4651 3662 2745
3 4651 2745 6412
3 6017 6079 3458
3 5070 6017 6237
3 6237 6017 5258
3 5258 6017 6154
3 5258 3187 6369
3 4156 4461 2607
3 2607 4461 5774
3 1413 422 4703
3 4240 1335 6369
3 4240 6369 939
3 939 3115 1337
3 3900 3000 782
3 3900 6449 3000
3 3000 6449 5918
3 5918 6449 5148
3 5016 6208 2736
3 2736 6208 6532
3 6279 6532 6208
3 6468 1952 4728
3 4728 1952 6223
3 6223 1601 6050
3 6050 1531 4728
3 1531 6050 3742
3 3742 6050 5077
3 6328 6162 4156
3 2507 6260 6162
3 6162 6260 3462
3 4156 6162 2534
3 6260 2507 521
3 5070 6237 3384
3 2534 3384 4156
3 6328 2607 5833
3 6328 5833 6468
3 6468 5833 1737
3 6468 1737 5016
3 1737 5833 1453
3 1737 1453 5016
3 5016 1453 6208
3 5833 5314 2202
3 1413 4703 6345
3 1362 4703 4240
3 4910 1337 454
3 1337 6501 454
3 4910 5931 371
3 5931 1350 3419
3 3419 2789 5931
3 6279 4782 6354
3 4782 6208 2331
3 3546 2331 2461
3 2461 1950 3546
3 3132 2456 5236
3 560 3262 4293
3 4293 4934 560
3 4934 4293 6345
3 4934 6345 5356
3 5356 2822 1190
3 1190 2822 2448
3 2448 4969 1190
3 2448 5168 4969
3 2448 2822 5047
3 2822 5094 5047
3 4182 3909 4683
3 4182 3419 645
3 6174 4940 3053
3 6320 4940 316
3 6354 4782 1978
3 3483 4782 3546
3 3546 297 3483
3 297 2930 5162
3 2930 297 772
3 573 3009 2305
3 2305 3009 4463
3 4463 3235 1944
3 6210 5227 4463
3 5227 3235 4463
3 1944 5682 4463
3 4463 5682 2305
3 2984 4378 1763
3 5682 2702 172
3 4969 5168 91
3 4937 91 5200
3 5200 4307 2527
3 5370 4111 5410
3 4111 4615 2559
3 2559 4615 4433
3 5047 6249 4433
3 1825 6249 4683
3 5231 4683 3909
3 3909 6446 5231
3 3909 4182 6174
3 3909 6174 6446
3 6174 6190 6280
3 4738 6280 3392
3 6190 3053 5091
3 201 5947 5162
3 201 2930 2158
3 201 5162 2930
3 3216 6210 4920
3 4920 6210 6353
3 6210 2762 6353
3 6353 2762 2143
3 2143 655 3591
3 2143 2762 5913
3 2143 5913 655
3 655 5913 5310
3 5913 2408 288
3 288 2408 150
3 3186 288 3988
3 3470 3988 288
3 3470 150 4569
3 1791 4569 2984
3 2984 4120 1791
3 2984 204 4120
3 4120 204 2618
3 2984 1763 204
3 4649 2119 2712
3 2618 6066 2119
3 2712 2119 5893
3 2618 4022 6066
3 3923 6066 4022
3 5893 6066 4763
3 4368 4496 6053
3 1425 4745 1123
3 1589 5800 2527
3 1711 1589 1398
3 2527 1398 1589
3 4351 4465 6058
3 4465 4351 2148
3 4465 2148 4407
3 1323 4407 6051
3 657 2555 6355
3 6355 4919 657
3 1026 4919 209
3 1026 209 5585
3 4919 2465 209
3 2465 4919 3592
3 4585 1323 6217
3 6217 1323 6051
3 1848 6217 6051
3 2549 1029 1613
3 3869 3911 119
3 3869 119 4585
3 3869 5189 6331
3 5189 6217 4949
3 5805 4175 2555
3 1435 4739 37
3 1435 37 2549
3 2549 37 4909
3 4949 2733 3874
3 4649 5410 1557
3 2559 4433 3804
3 5158 3804 5122
3 5158 1291 2759
3 5122 2800 1291
3 1907 1291 2800
3 239 3484 1907
3 1907 3484 6504
3 239 1869 3484
3 1246 372 6451
3 239 5173 1869
3 1825 5231 5173
3 5173 5231 6485
3 4536 3392 5766
3 4653 217 4536
3 2393 4536 922
3 217 922 4536
3 998 4653 4177
3 998 4177 5840
3 5840 6493 1863
3 2585 1110 5947
3 5091 5492 4260
3 1134 2585 1441
3 6118 1441 4556
3 2585 5947 4608
3 6081 4608 5528
3 920 1740 5528
3 3591 5334 2936
3 5528 2936 6081
3 3591 6504 5334
3 106 5334 1375
3 106 1375 922
3 922 1375 2393
3 5334 696 1375
3 4139 3257 2393
3 4536 2393 3257
3 4107 4536 3257
3 4107 3257 6191
3 6451 1052 1246
3 6191 1933 4107
3 4716 3339 523
3 523 2207 5082
3 6285 4817 4188
3 4188 4817 4571
3 4188 4571 6032
3 295 3217 2337
3 3217 295 367
3 3217 4997 5842
3 915 4995 4044
3 2337 5842 3738
3 3738 5842 4044
3 5842 2552 4044
3 5503 2395 6032
3 2395 3350 3703
3 907 1446 4188
3 4188 1446 6285
3 1446 367 6285
3 5795 3746 3928
3 4687 3746 4459
3 758 1351 4961
3 758 6318 1351
3 5010 5502 5686
3 5524 4789 1755
3 5348 3751 1457
3 4238 5465 846
3 846 5465 5405
3 4486 6490 4088
3 5838 3778 5112
3 2444 2104 6394
3 6413 5873 2725
3 4598 1169 6150
3 6180 3724 6434
3 6180 6434 3017
3 1491 3724 1843
3 1491 1843 2171
3 2171 1843 804
3 5174 2952 1238
3 1238 2952 3807
3 6133 816 6014
3 906 4826 1628
3 786 1628 2111
3 5339 6188 3902
3 4904 816 6230
3 2110 4337 5035
3 6315 3601 1709
3 2398 3082 3081
3 3324 2360 5104
3 6509 2972 6229
3 1444 4161 161
3 5063 5727 6523
3 6523 5727 133
3 4513 6008 4616
3 3786 4736 4078
3 6281 3299 4227
3 3901 2839 1918
3 1918 2839 530
3 530 1661 1918
3 5214 1918 1661
3 416 4500 4742
3 5475 4742 4500
3 5254 4758 2773
3 510 1376 4400
3 4080 6235 6399
3 6399 5317 4080
3 2191 2542 3079
3 6145 3079 2542
3 1303 6348 4266
3 769 1303 4266
3 6109 2268 5589
3 3892 5589 2268
3 3631 2340 5298
3 2388 4828 4963
3 179 5848 4269
3 6430 5848 3325
3 1856 5848 179
3 1248 5719 1021
3 1678 2227 1560
3 1776 2853 2824
3 3148 2853 4012
3 4012 5739 3148
3 4365 6494 6403
3 4089 2898 4592
3 2898 4089 4125
3 6350 3057 6473
3 6508 6379 6397
3 6379 6508 6473
3 649 3959 3063
3 4467 3959 5301
3 3121 5534 5301
3 1415 5534 5889
3 5889 5729 1415
3 5301 826 4467
3 5816 4334 4933
3 4334 6473 4102
3 4487 6508 4467
3 4334 4102 4583
3 6473 3057 6379
3 4495 3891 5226
3 5226 3891 5999
3 5226 189 2979
3 6375 2979 574
3 2979 4338 574
3 4508 6375 245
3 6375 574 4262
3 245 6261 1591
3 2132 2865 2610
3 245 1591 5662
3 2352 196 5662
3 5662 196 81
3 1478 5366 4042
3 4042 3978 1478
3 4561 6445 483
3 5276 2882 4205
3 6494 2870 452
3 4654 6335 4582
3 4654 4582 6005
3 6335 6366 1421
3 6366 5114 1421
3 4786 3107 2380
3 5556 5828 5147
3 1057 4582 6335
3 1057 6335 1421
3 5205 2696 4708
3 4708 2696 3852
3 6064 946 110
3 3451 881 5597
3 3559 1777 1484
3 773 2551 2276
3 2551 6031 2276
3 2551 5090 6031
3 1511 3310 3167
3 3894 1511 2993
3 3167 2993 1511
3 668 3167 3310
3 3167 668 5473
3 5473 3280 3167
3 6029 6086 6090
3 5544 2428 216
3 1255 3706 911
3 1255 911 2726
3 911 3706 4231
3 1663 3473 4211
3 4211 3473 4528
3 1098 5731 4229
3 300 1870 5490
3 6389 3644 6046
3 162 5407 3693
3 1885 4234 5429
3 1885 5429 5009
3 5009 5429 5041
3 1868 5429 4234
3 5041 5429 1585
3 2764 594 2060
3 2764 2060 4984
3 4984 5041 1585
3 5041 4984 2060
3 3001 4984 1585
3 415 4984 3001
3 2367 4984 415
3 2367 415 4764
3 2961 4948 3368
3 2961 3368 5600
3 2961 5600 4825
3 4825 5600 3315
3 3315 5600 5482
3 1578 3315 5482
3 4430 490 6080
3 4543 304 1359
3 1359 1528 6389
3 6389 4543 1359
3 4234 6007 231
3 4234 231 1868
3 5527 1868 231
3 5527 231 3644
3 6007 6046 231
3 231 6046 3644
3 4991 6046 6007
3 5009 3179 1885
3 369 3179 2060
3 3179 5009 2060
3 594 369 2060
3 5041 2060 5009
3 1885 3179 4989
3 1653 4099 3548
3 4099 4989 3179
3 1653 3548 3910
3 369 3548 4099
3 369 4099 3179
3 6170 6361 2764
3 6254 2367 5726
3 5726 2367 4764
3 5914 4417 1623
3 1623 4417 5246
3 4417 5914 4975
3 643 845 4825
3 643 4825 6080
3 6080 4825 4430
3 3261 6192 4162
3 3261 2645 801
3 2645 3261 4162
3 4543 5886 2645
3 4543 2645 304
3 4560 6117 6389
3 4991 2868 6046
3 6389 6046 2868
3 4991 3432 2868
3 666 2059 3432
3 666 3432 2294
3 666 2294 2556
3 3783 2556 927
3 3783 927 910
3 3783 910 3659
3 910 927 717
3 717 927 4991
3 3906 1833 4257
3 1833 910 4257
3 910 717 4257
3 910 1833 3659
3 5212 717 4991
3 280 1675 2698
3 4756 2698 1675
3 4981 1675 280
3 3910 1794 1653
3 1653 1794 4756
3 1653 4756 4099
3 4099 4756 1675
3 4099 1675 2951
3 6361 5512 4086
3 5151 4086 1189
3 4086 5512 1189
3 2223 5196 1203
3 2223 1203 187
3 2223 187 4528
3 4662 6107 187
3 6107 4662 1989
3 5432 6107 1989
3 1356 4801 5432
3 1356 5432 1989
3 1356 1989 5490
3 2806 5490 4662
3 1989 4662 5490
3 5512 6361 6170
3 1356 1870 4801
3 1870 1356 5490
3 1215 300 3188
3 3188 5490 6254
3 5490 3188 300
3 5726 1215 3188
3 5726 3188 6254
3 1870 300 552
3 1870 552 3945
3 552 300 1215
3 552 1215 4229
3 233 1098 4229
3 5731 1098 2218
3 3676 882 2218
3 2218 882 5731
3 4665 5770 2306
3 5914 5119 2306
3 2306 5119 4665
3 2965 5246 4417
3 1392 2965 3444
3 3444 2965 4417
3 3178 1392 3444
3 5216 1392 3178
3 5216 3178 845
3 6192 5216 643
3 643 5216 845
3 4823 3261 801
3 3261 4823 6192
3 618 1686 4823
3 1686 3524 4823
3 1686 618 405
3 1187 618 4823
3 4560 4520 6117
3 4214 666 2556
3 3197 4214 4363
3 3197 4363 6200
3 4363 4214 2556
3 6200 4363 3783
3 3783 4968 6200
3 2556 3783 4363
3 6065 5106 4968
3 4968 5106 4775
3 4810 1572 2068
3 3291 3611 385
3 4501 6045 1681
3 4501 1681 4095
3 623 2698 80
3 623 80 1852
3 80 2698 4756
3 280 623 4981
3 121 1852 80
3 121 80 4756
3 121 4756 1794
3 2698 623 280
3 4095 4981 4501
3 4501 4981 623
3 4501 623 1852
3 2209 3890 901
3 2209 901 1482
3 1971 3855 6010
3 6010 901 3890
3 901 6010 3855
3 901 3855 1482
3 5151 5030 4086
3 1875 3085 1971
3 1875 6010 5196
3 6010 1875 1971
3 3473 1663 1875
3 4528 3473 2223
3 2223 3473 5196
3 1875 5196 3473
3 4942 1258 5432
3 2949 6221 308
3 6139 4184 6382
3 6382 4184 3945
3 6238 3664 2591
3 6238 2591 4131
3 3023 4665 5119
3 914 4665 3023
3 2738 3023 4219
3 5119 4219 3023
3 6284 6416 4589
3 6284 4589 3722
3 6519 1985 1773
3 1985 6519 2738
3 1126 1773 4437
3 3077 2321 5000
3 2053 3077 1683
3 699 4905 1683
3 699 1683 2965
3 699 2965 1392
3 5246 2965 1683
3 699 5216 4905
3 5216 699 1392
3 6030 4905 6526
3 1538 4813 3524
3 6539 1686 405
3 1686 6539 1538
3 1686 1538 3524
3 2869 3338 1314
3 2272 5207 2098
3 2272 2098 663
3 663 2098 336
3 663 336 4812
3 2272 1649 277
3 963 1649 261
3 963 261 5987
3 3515 3825 2262
3 3515 2262 5930
3 2022 5073 5755
3 2022 5755 4634
3 4634 5755 1243
3 2322 3094 1831
3 1716 1831 3094
3 1716 3094 5922
3 4775 5106 2322
3 2299 5973 4964
3 2299 6152 4821
3 6152 4964 1572
3 4964 6152 2299
3 4436 2820 2026
3 2387 2026 2820
3 244 1842 1941
3 2841 244 975
3 244 2841 1842
3 2841 975 2837
3 2841 2837 3055
3 1482 4587 2209
3 4840 2209 4587
3 1633 4343 5560
3 462 2857 4211
3 1470 462 1390
3 4211 1390 462
3 1470 1390 63
3 384 2338 5416
3 2498 2830 2338
3 2498 2338 384
3 5284 384 5416
3 5284 5416 5477
3 5284 5477 771
3 6378 5477 5613
3 6378 5613 6107
3 526 6378 6107
3 526 6107 6495
3 6495 1258 5660
3 1258 6495 6107
3 524 5493 3571
3 524 3571 1129
3 1129 3571 3857
3 1129 3857 5788
3 3664 5788 3857
3 6238 5788 3664
3 1582 6238 4131
3 5788 6238 3660
3 3660 6238 1582
3 3660 5612 5788
3 5788 5612 5832
3 1582 3836 5612
3 1582 5612 3660
3 2355 3637 4434
3 5111 3981 2242
3 980 2740 2404
3 980 2404 222
3 980 222 1232
3 222 2404 6146
3 69 2740 980
3 69 980 632
3 69 632 3930
3 632 980 1232
3 2278 4249 4951
3 4776 4951 2814
3 5402 4013 4971
3 2717 3468 4813
3 3468 2717 4971
3 2053 2924 2321
3 2053 2321 3077
3 1993 2717 3837
3 6539 3837 1538
3 1538 3837 2717
3 1538 2717 4813
3 2717 1993 4971
3 4971 1993 4727
3 6528 2572 6539
3 5257 5610 3507
3 2099 6294 3809
3 2099 3809 5193
3 5193 3809 1496
3 277 3753 5207
3 277 5207 2272
3 1649 2272 261
3 261 2272 663
3 261 663 4812
3 1490 4538 4499
3 5434 3914 1490
3 5434 1490 4160
3 3997 4160 1490
3 3997 1490 4499
3 4538 1490 3914
3 4979 6362 3102
3 3102 6362 3997
3 4979 3102 3825
3 6362 5755 4428
3 4428 5755 1549
3 1537 4428 1549
3 3904 961 5562
3 6368 5571 2901
3 5571 3456 2664
3 5922 692 1716
3 3356 1771 3912
3 4884 1771 2997
3 5973 5609 265
3 265 5609 3912
3 3912 5609 3356
3 2299 5940 5973
3 4821 5940 2299
3 3241 291 2214
3 2214 291 5927
3 5764 4953 2214
3 5764 2214 4271
3 4271 2214 5927
3 4271 5927 4425
3 3170 4283 122
3 122 4283 5963
3 1554 6498 3170
3 1554 3170 122
3 2697 6498 1554
3 1060 1554 122
3 1060 122 5963
3 1554 1060 2829
3 2829 4436 1554
3 2697 1554 4436
3 6152 2829 1060
3 6152 1060 5963
3 2697 4436 5858
3 2697 5858 6498
3 6196 6489 5161
3 6196 5161 1368
3 1608 2050 4034
3 1608 4034 3304
3 3569 3304 5324
3 2062 5324 3304
3 2062 3304 5169
3 5169 3304 4034
3 5169 4034 1703
3 4584 5449 5195
3 4343 1633 6487
3 4343 6487 4587
3 654 4587 6487
3 5521 4837 3144
3 3144 4837 5197
3 4980 6036 4802
3 4802 6036 3144
3 4802 3144 2402
3 4802 2402 4819
3 1097 4802 5001
3 1097 5001 817
3 2813 5821 3628
3 1698 6384 2813
3 1698 2813 1442
3 1698 1442 4272
3 4272 1442 2513
3 2498 1930 5233
3 1930 2498 5284
3 5284 2498 384
3 2498 5233 2830
3 2188 5233 1930
3 2188 5284 771
3 1930 5284 2188
3 181 5049 2188
3 181 2188 2422
3 3407 2422 771
3 771 2422 2188
3 1010 3407 6378
3 1010 6378 173
3 1010 173 6495
3 6378 3407 5477
3 6495 173 526
3 526 173 6378
3 2887 1750 2672
3 5832 6377 1129
3 524 1129 2000
3 524 2000 5493
3 2000 1129 6377
3 3134 4393 1296
3 5563 1296 4393
3 5895 4525 73
3 4525 5563 73
3 1237 5895 73
3 1237 73 6055
3 6055 73 4393
3 4393 73 5563
3 6104 5895 3881
3 2774 6104 3881
3 1510 3881 1237
3 5877 1510 1237
3 1237 3881 5895
3 5321 3881 1510
3 6486 3881 5321
3 6486 5321 2686
3 2686 5321 5533
3 2710 5533 5614
3 3915 4842 5614
3 4842 3915 3953
3 3915 5614 3129
3 4602 3915 5297
3 3176 3915 4602
3 4602 5297 4759
3 3129 5297 3915
3 4532 795 4845
3 4532 4845 6006
3 4951 4776 2278
3 3883 1459 5965
3 638 1191 3883
3 638 3883 2616
3 2616 3883 5965
3 4729 3412 2616
3 4729 2616 5965
3 506 4729 4727
3 3086 506 3516
3 3516 506 2572
3 2572 506 298
3 298 506 4727
3 4729 506 3086
3 1993 298 4727
3 298 1993 3837
3 6539 2572 3837
3 2572 298 3837
3 4421 3086 3516
3 4421 3516 5610
3 6135 5193 6082
3 6135 2099 5193
3 4178 6313 4473
3 6231 6313 4178
3 5261 1970 1405
3 1405 1970 3702
3 1970 5261 3337
3 1970 4538 1172
3 4538 1970 3337
3 3850 1046 4962
3 1046 3850 4160
3 4160 3850 1262
3 4160 1262 5434
3 3957 3435 1300
3 1312 5640 3861
3 6505 3861 2048
3 6505 2048 674
3 4673 6510 1125
3 6505 1125 6510
3 5956 6510 4673
3 2576 4673 1125
3 2576 1125 674
3 674 1125 6505
3 3678 5916 3459
3 2576 3459 4673
3 4673 3459 5916
3 2915 3500 1040
3 2915 1040 463
3 463 1040 3422
3 3422 1040 3678
3 3422 3678 961
3 3344 3422 3904
3 3344 3904 5361
3 3904 3422 961
3 3715 548 3344
3 6390 463 548
3 6390 548 3715
3 5361 3715 3344
3 3344 548 3422
3 3422 548 463
3 2664 5529 5361
3 5361 5571 2664
3 5361 5529 3715
3 3045 5529 2664
3 1611 5367 1196
3 2624 5736 1611
3 2624 1611 2997
3 2997 1611 1196
3 387 4807 5736
3 387 5736 2624
3 387 2624 702
3 2732 702 2624
3 2732 2624 2997
3 4236 1598 4108
3 4108 1598 3356
3 3356 1598 1771
3 1771 1598 2732
3 1771 2732 2997
3 2732 1598 4485
3 4485 1598 4236
3 4208 4236 1410
3 1410 4236 4376
3 4376 4236 4108
3 6052 1410 4376
3 6052 4376 4445
3 5363 4445 4376
3 2473 4286 2008
3 325 4143 4181
3 4181 4143 486
3 486 4143 2008
3 486 2008 4286
3 4181 486 5919
3 5919 486 4286
3 5919 4286 4953
3 2409 5919 5764
3 5764 5919 4953
3 2433 4181 1407
3 5919 1407 4181
3 1407 5919 2409
3 5601 6025 2409
3 2409 6025 1407
3 5601 4271 88
3 3974 3937 2429
3 5601 2429 3937
3 2184 3238 3974
3 2184 3974 3170
3 4283 3170 3974
3 4283 3974 2429
3 5519 2184 505
3 5519 505 6196
3 3040 6196 505
3 6489 6196 3040
3 1368 5161 4874
3 6176 2435 4048
3 1290 4321 6489
3 6489 4321 3380
3 6489 3380 4048
3 3380 4321 6042
3 6179 4321 1138
3 6179 1138 3569
3 6179 3569 5324
3 3569 1138 1608
3 1608 1138 4321
3 1608 4321 1290
3 3304 3569 1608
3 2050 1608 1290
3 6042 4321 6179
3 3720 6042 5404
3 5404 6179 5733
3 6179 5404 6042
3 6102 5404 5733
3 5190 2843 5180
3 2034 4230 353
3 2034 353 3393
3 5180 353 4230
3 3393 353 1062
3 2791 2996 3393
3 2791 3393 1062
3 5180 1062 353
3 3446 1062 5180
3 1062 3446 2791
3 2062 5169 3446
3 2062 3446 5324
3 432 4230 2034
3 432 2034 1707
3 1707 2034 3393
3 1255 2726 1521
3 3189 1698 4272
3 1698 3189 6384
3 6384 3189 6460
3 3934 5643 580
3 580 5643 6343
3 3934 580 3185
3 4272 3934 3185
3 3185 580 6460
3 3185 6460 3189
3 6343 6460 580
3 3553 5643 3934
3 3553 3934 2513
3 2513 3934 4272
3 3189 4272 3185
3 2906 4750 3349
3 2906 3349 1151
3 1151 5781 1038
3 1038 5781 6466
3 5781 1151 3349
3 1994 2906 1038
3 1994 1038 6466
3 1151 1038 2906
3 6086 1447 1704
3 6086 1704 6401
3 1704 1447 5049
3 2422 5081 181
3 181 1704 5049
3 1704 181 5081
3 1704 5081 6401
3 6023 6401 5081
3 1010 6023 5081
3 6495 5448 6023
3 6495 6023 1010
3 6401 6023 6090
3 6401 6090 6086
3 6090 6023 5448
3 6140 5045 1500
3 1500 5045 5300
3 5934 5045 6140
3 5934 6140 5691
3 600 5300 5045
3 2073 600 5045
3 5934 1036 5045
3 5045 1036 2073
3 2216 5384 4678
3 4525 2216 4678
3 5563 4525 4678
3 2216 4525 6104
3 6104 4525 5895
3 1298 1212 6204
3 4842 23 2710
3 4842 2710 5614
3 2686 2710 23
3 519 23 4842
3 519 4842 3953
3 2866 1809 651
3 3176 4602 1809
3 6158 3126 6137
3 4326 4431 3300
3 4326 3300 5936
3 6290 4081 3300
3 5271 5997 798
3 5271 798 1044
3 798 5997 169
3 169 1045 4532
3 1045 169 5997
3 4059 1044 798
3 4059 798 2181
3 5671 2181 169
3 5671 169 4532
3 169 2181 798
3 4532 407 5671
3 6398 2831 5980
3 2831 5671 407
3 5980 2831 407
3 5671 2831 6398
3 5671 6398 2181
3 2181 6398 4059
3 1044 4059 3355
3 3413 4059 6398
3 1618 3775 6067
3 3775 3355 3225
3 3225 3355 3413
3 3355 3775 1618
3 6067 3775 5188
3 5188 3775 4212
3 4212 3775 3225
3 4 4212 3225
3 4 3225 3413
3 3449 4212 4
3 3449 4 638
3 638 4 3413
3 3195 4212 3449
3 4032 1650 4387
3 5610 1650 4421
3 4421 1650 4032
3 1650 5610 116
3 2778 4387 491
3 2778 491 3707
3 1760 3707 6135
3 1760 6135 6082
3 5014 3707 1760
3 5014 1760 5699
3 6159 2916 4473
3 6159 6313 1327
3 153 5131 2933
3 3781 3280 5473
3 3781 6231 11
3 6231 3781 5473
3 6231 5473 153
3 1405 3280 5261
3 3702 3280 1405
3 4962 6442 3850
3 4962 2977 6442
3 5547 2785 3193
3 5547 3193 1779
3 463 6390 2915
3 3500 2915 5666
3 4547 5751 5529
3 1611 5736 1639
3 1611 1639 5367
3 1807 5736 2744
3 4807 5744 3725
3 2747 5744 387
3 5939 2747 4485
3 4485 2747 702
3 702 2747 387
3 4807 387 5744
3 5744 2747 5033
3 5033 2747 5939
3 5033 5939 1195
3 5939 2472 1195
3 3101 4208 1410
3 6052 3101 1410
3 3101 6052 2472
3 6052 1909 4395
3 5847 3041 4296
3 3343 4064 4296
3 3343 3090 4064
3 3343 4296 3481
3 840 2750 760
3 840 760 5510
3 760 2750 1860
3 6356 2203 840
3 2203 2750 840
3 2203 6356 2076
3 6356 840 5510
3 1897 2083 4023
3 6356 2083 1897
3 6218 344 2008
3 2473 2008 344
3 6218 4143 4647
3 1821 2640 6025
3 6025 2640 2433
3 1407 6025 2433
3 3379 2640 1821
3 3379 1821 3960
3 1881 3800 1443
3 3937 1881 1443
3 1881 3937 3238
3 5295 3800 1881
3 5295 1881 1406
3 5295 1406 6197
3 1406 1881 3238
3 5519 1406 3238
3 1406 5519 6197
3 6197 6196 6185
3 6197 5519 6196
3 1977 5295 6185
3 1977 6185 3996
3 6197 6185 5295
3 3800 5295 1977
3 3800 1977 3143
3 3143 1977 3996
3 1550 5539 2129
3 6351 3806 4753
3 4455 3288 4957
3 2948 5568 4230
3 2948 4230 432
3 2948 432 1707
3 2563 5568 2948
3 2563 2948 5602
3 5602 2948 691
3 2247 2563 5602
3 3931 5090 5626
3 3297 1845 3931
3 6031 2884 4029
3 6031 4029 2276
3 6246 2276 4029
3 4913 2390 1797
3 4913 1797 1656
3 1656 1797 3580
3 3580 1797 2464
3 1077 6323 1251
3 1077 1251 6343
3 6343 1251 3580
3 2317 1013 1251
3 2317 1251 6323
3 3580 1251 1656
3 1656 1251 1013
3 1777 3559 1077
3 1777 1077 6343
3 1484 1636 3552
3 1636 5268 166
3 166 5268 2485
3 2359 166 2485
3 5268 1636 1484
3 2969 2485 617
3 617 2485 5268
3 5907 1994 6466
3 2906 1994 5268
3 5268 1994 617
3 617 1994 5907
3 2969 5907 1394
3 6499 1394 5907
3 6499 5907 202
3 202 5907 6466
3 6499 202 4176
3 4176 202 1547
3 1547 202 6466
3 2896 1547 5630
3 1547 2896 4176
3 6140 2164 5691
3 5581 5446 6387
3 2453 5581 6387
3 6488 5581 2453
3 6488 2453 5384
3 5384 2224 5018
3 3710 4620 5318
3 3710 5318 1298
3 6204 3710 1298
3 4563 4620 3710
3 4563 3710 6204
3 2241 1548 6486
3 1548 2241 4563
3 6429 4518 6296
3 5896 4518 1309
3 5896 1309 4209
3 6429 1309 4518
3 6429 4209 1309
3 862 3882 6429
3 4209 4836 5896
3 4836 4209 3882
3 1106 5414 4628
3 4628 5414 4544
3 2866 2330 3318
3 3318 2330 6342
3 484 2330 2866
3 484 2866 651
3 6295 3126 6158
3 3126 6295 484
3 3126 484 651
3 3279 4326 5936
3 3069 268 6506
3 268 5711 6506
3 3069 6506 6097
3 550 5711 268
3 550 268 3069
3 6506 5711 3047
3 6506 4081 3087
3 6506 3087 5564
3 3087 4081 5761
3 3087 4038 5564
3 4038 1567 5564
3 5594 5564 1567
3 4038 3087 5761
3 5271 4510 4038
3 5271 4038 5997
3 1567 4038 4510
3 1567 4510 5836
3 1380 2123 4510
3 4510 2123 5836
3 6067 414 1618
3 3748 5260 1951
3 4412 1951 5697
3 5697 1951 279
3 6132 5520 5697
3 6132 5697 279
3 743 5697 5520
3 743 5520 2602
3 1445 3099 2602
3 1445 2602 1817
3 1817 2602 5163
3 1817 5163 1322
3 1322 5163 5444
3 5520 5163 2602
3 5163 1364 5444
3 3707 5014 2778
3 4768 2055 3370
3 4768 3370 5817
3 3375 3872 191
3 5335 4695 3375
3 5335 3375 191
3 3382 5335 3260
3 5335 3382 6159
3 5152 4695 1020
3 4153 2071 3421
3 5880 3039 5675
3 4600 3039 4153
3 4600 4153 2728
3 2071 4153 3039
3 2071 3039 5880
3 5675 3039 4600
3 5675 4600 6306
3 3615 6306 3265
3 3265 6306 4600
3 1329 2154 212
3 3850 3025 1262
3 3247 228 5471
3 3247 2970 4291
3 6442 2970 5471
3 5471 2970 3247
3 4648 6505 6510
3 4648 6510 6442
3 6442 6510 2970
3 6505 4648 1726
3 1565 6505 1726
3 53 6084 3247
3 53 3247 4291
3 6130 3514 4246
3 6130 4246 428
3 428 4246 6013
3 3375 4695 5152
3 2915 675 5666
3 6128 1514 2510
3 6128 2510 1945
3 1945 2510 436
3 1945 436 1999
3 4578 6128 1945
3 3214 4578 1945
3 6467 3214 925
3 6467 925 5644
3 4958 3726 1284
3 5951 5181 3779
3 3068 5951 3779
3 3068 3779 1275
3 3068 1275 2704
3 2704 1275 3942
3 3670 5199 876
3 2704 876 5199
3 3670 2047 3547
3 3547 2047 3732
3 3547 3732 5869
3 3670 876 2047
3 3732 2252 4409
3 2252 3732 3211
3 3211 3732 2047
3 4409 2252 6206
3 6206 2252 3211
3 2450 5033 1195
3 2934 6283 576
3 2203 2064 5586
3 274 5586 2064
3 274 2064 3737
3 361 5265 997
3 361 997 1340
3 2076 1340 997
3 361 1340 5431
3 5431 1340 4855
3 3320 5431 4855
3 1765 2687 1336
3 5540 93 6266
3 6266 93 1765
3 6266 1765 4669
3 1765 93 2687
3 2687 93 5540
3 677 660 3789
3 3789 660 5211
3 5211 660 1946
3 6479 660 677
3 6479 677 4328
3 4328 677 3789
3 256 5211 1946
3 1946 660 6479
3 1471 4306 3789
3 730 3789 4306
3 3093 3789 5211
3 5211 256 6212
3 819 3093 5211
3 3555 1471 3789
3 3555 3789 3093
3 819 5211 6212
3 3555 3093 3379
3 3032 3555 3379
3 819 3379 3093
3 1499 1471 3555
3 1499 3555 3032
3 5539 1499 3032
3 1499 3607 1471
3 3607 1499 5539
3 3607 5539 1550
3 3290 6514 5550
3 5975 5550 6071
3 6071 5550 1551
3 2328 5115 5698
3 2328 5698 4893
3 5737 2328 4893
3 3112 2282 4374
3 5089 4374 2056
3 2056 4374 2282
3 2056 2282 6102
3 5190 2056 6102
3 5138 2056 5190
3 5089 2056 5138
3 5354 1451 94
3 2626 6246 4541
3 4541 6246 2390
3 6367 904 6332
3 5722 2980 1495
3 5340 1963 5722
3 6156 1963 5340
3 2317 5340 5722
3 2317 5722 1495
3 5340 2317 6323
3 6156 5340 3396
3 3396 5340 6323
3 1955 6156 3396
3 1955 3396 3118
3 6275 2090 2969
3 2090 6275 2359
3 138 5067 6275
3 138 6275 5552
3 5552 6275 5803
3 5803 3156 4661
3 3156 5803 6499
3 2518 4511 5946
3 5990 4511 2204
3 2420 4511 2518
3 4511 2420 2204
3 5581 2420 5446
3 2420 5581 2204
3 4749 3029 5221
3 4166 3029 4749
3 4749 5221 286
3 3839 286 5221
3 342 4749 3406
3 3406 4749 2525
3 286 2525 4749
3 4749 342 4166
3 5018 5318 1241
3 4166 342 3406
3 5871 4166 5949
3 5255 5949 4762
3 3406 4762 4166
3 4166 4762 5949
3 2374 5255 2846
3 992 2846 6171
3 335 5758 3936
3 335 3936 1586
3 1586 3936 1107
3 1107 3936 2131
3 1107 2131 5896
3 5896 2131 4518
3 5279 1107 4836
3 6428 5194 5279
3 4811 4921 1106
3 4811 1106 4628
3 2423 2966 5164
3 5164 2966 4811
3 4628 5164 4811
3 2874 2966 2423
3 2735 2874 2423
3 4357 2735 6342
3 6287 1700 4439
3 2632 5053 3069
3 550 3069 5053
3 550 2382 4974
3 2382 550 5053
3 6506 5564 5597
3 6506 5597 6097
3 1433 5594 1567
3 5051 4399 1043
3 2023 5079 2259
3 2023 2259 3639
3 1943 5101 1592
3 1592 5101 4412
3 743 1592 5697
3 5697 1592 4412
3 4207 1943 3099
3 1054 4207 3099
3 5638 1445 1817
3 5638 1817 1322
3 4448 5275 2723
3 2723 5275 3457
3 3457 5275 2055
3 3370 4318 2778
3 3457 2055 4768
3 929 4382 3440
3 3793 929 6004
3 3793 6004 1867
3 6004 929 3440
3 1921 1867 3872
3 1867 1921 3793
3 1502 3793 4290
3 4290 3793 1921
3 4290 1921 3585
3 4290 6390 250
3 6390 3585 5674
3 4290 3585 6390
3 6390 5674 2915
3 4290 250 4617
3 4617 250 6390
3 6390 5751 4617
3 1713 2510 1514
3 1713 4617 2510
3 2510 4617 436
3 436 4617 5751
3 1502 4290 1713
3 1713 4290 4617
3 5555 4382 1888
3 5555 1888 6128
3 4279 4578 1864
3 4216 690 6467
3 5644 3264 6467
3 6467 3264 4575
3 1163 3330 5496
3 5496 3330 3726
3 1033 3870 3726
3 5496 3870 6409
3 5824 6409 3870
3 3870 1033 199
3 5496 3726 3870
3 5824 3870 199
3 2770 5199 3670
3 5199 2770 312
3 2228 3816 2770
3 2228 2770 3670
3 3088 3670 3547
3 3670 3088 2228
3 5068 2228 3088
3 5068 3088 5289
3 5869 5289 3088
3 2934 6182 65
3 2934 65 6283
3 2450 6206 5033
3 2959 3359 3737
3 2959 3737 5459
3 3737 3359 274
3 6182 274 4133
3 4133 274 3359
3 2665 4133 2959
3 2665 2959 3472
3 3359 2959 4133
3 3472 2959 3536
3 1042 3536 2959
3 1042 2959 3684
3 1009 6317 6142
3 1009 6142 5265
3 3479 6317 1009
3 3479 1009 2250
3 5861 5431 3320
3 946 5861 5540
3 946 5540 110
3 5698 3301 4073
3 4771 5975 4073
3 4073 5975 5698
3 2138 3131 1231
3 1231 3131 5115
3 5737 1231 2328
3 2328 1231 5115
3 5882 5737 2852
3 5701 5882 1081
3 5814 1081 5882
3 1352 5814 5882
3 3112 5814 1352
3 5814 3112 2611
3 5155 2611 1481
3 1481 2611 2598
3 4682 5797 6367
3 6367 2028 2354
3 2028 6367 5797
3 3691 972 6367
3 2017 5012 3691
3 6397 4803 2017
3 2489 4206 3063
3 2489 3063 392
3 392 3063 6508
3 4935 3063 4206
3 1963 392 6508
3 1963 6508 5722
3 5722 6508 2980
3 4206 3983 1261
3 3983 4206 2489
3 1955 3983 6156
3 2489 6156 3983
3 4925 5242 1824
3 4896 3642 5694
3 5694 3642 3309
3 3309 3642 4174
3 3309 2734 5694
3 4511 373 3156
3 4511 3156 5946
3 3156 373 3685
3 194 3207 5791
3 5791 3207 5990
3 5791 5990 6534
3 3114 6123 1070
3 1186 2668 1146
3 1186 1146 5811
3 1146 2668 4656
3 1271 4656 2668
3 1271 2668 1070
3 1271 1070 6123
3 1271 6123 5221
3 1271 5221 3029
3 1271 3029 4656
3 4656 3029 4166
3 5221 6123 3839
3 271 5548 4877
3 271 4877 4317
3 4123 4317 4877
3 4317 5347 5541
3 5949 4804 5347
3 5541 5347 4804
3 5949 5347 5871
3 1988 4692 2270
3 5656 3015 470
3 5656 470 1759
3 5194 4679 5656
3 481 4679 5194
3 985 4679 481
3 985 481 6428
3 985 6428 445
3 445 6428 4921
3 2127 1343 445
3 445 1343 985
3 6167 1343 3527
3 2127 3527 1343
3 3517 6167 3527
3 3517 3527 2874
3 2874 3527 2966
3 2966 3527 4811
3 1073 1533 3517
3 4439 1073 776
3 4439 776 6287
3 6462 1533 627
3 1533 6462 6167
3 3699 6462 4871
3 4871 6462 5505
3 4871 5505 3294
3 3285 4624 2632
3 2632 4624 5053
3 2516 3336 837
3 1165 837 3336
3 4399 434 2466
3 5051 434 4399
3 5079 4050 5051
3 5532 5079 1896
3 2777 1896 5079
3 4643 6491 2777
3 4643 2777 2023
3 2023 2777 5079
3 6491 4643 2560
3 1714 917 6129
3 1714 6491 2560
3 6491 1714 6129
3 726 2562 1714
3 726 1714 2121
3 4349 726 2121
3 2121 1714 2560
3 917 1714 2562
3 5355 5957 2121
3 5355 2121 5876
3 2121 5957 4349
3 4349 5957 5690
3 3273 318 4354
3 3273 4354 667
3 4207 667 1943
3 1943 667 5101
3 1315 362 4207
3 3348 4144 4287
3 5435 1360 2245
3 5435 2245 4448
3 5435 4448 2723
3 5435 2723 3721
3 3721 2723 1699
3 4671 6070 3182
3 4671 3182 5470
3 2371 3307 6157
3 2212 3307 1905
3 1905 3307 299
3 5887 1477 4279
3 5032 4279 1864
3 685 1252 897
3 685 897 6366
3 685 6366 3773
3 6366 897 6471
3 6471 897 5032
3 6471 5032 1864
3 5032 897 1252
3 5114 6471 4786
3 4786 6471 5700
3 3107 4786 5700
3 3107 5700 2238
3 2238 459 5828
3 459 2238 5700
3 459 5700 6286
3 4575 6286 6467
3 4216 6467 6286
3 6054 4575 6005
3 3054 6335 4654
3 5775 1163 5496
3 5775 5496 4274
3 1982 6400 2041
3 1982 4784 6400
3 4549 1982 2041
3 6404 2041 6400
3 1982 5313 4784
3 5313 1982 9
3 9 1982 4549
3 5313 9 4475
3 4475 9 2621
3 5068 5072 2812
3 2467 5072 1465
3 2467 1465 6220
3 1465 5072 5068
3 1393 134 5289
3 5289 1465 5068
3 6220 1465 134
3 6220 134 2765
3 3276 1218 5574
3 5545 4119 6047
3 3022 2545 5860
3 4967 5860 6317
3 6317 5860 6142
3 1685 3479 2938
3 2938 3479 2250
3 2938 2250 5861
3 4001 1685 2938
3 5735 1053 1372
3 6064 1372 1069
3 5735 1372 3361
3 3361 1372 6064
3 2126 6251 4199
3 6479 4199 1347
3 4506 3341 319
3 6479 3341 4506
3 3341 4675 319
3 4328 3341 6479
3 6414 4907 5329
3 3847 5325 1571
3 2870 869 165
3 5701 6494 452
3 5701 5737 5882
3 6403 6494 5701
3 4497 5814 5155
3 6403 1081 5814
3 1081 6403 5701
3 6403 5814 4497
3 4397 287 5797
3 4497 1494 287
3 5797 287 1494
3 5797 1494 2028
3 2028 1494 1857
3 5354 3638 2101
3 4682 5513 3701
3 5797 4682 3701
3 3204 3922 1422
3 4130 2987 3830
3 4388 5912 3352
3 1144 3311 4388
3 6255 4388 4151
3 4151 4388 3352
3 3763 2225 4141
3 2225 3763 1682
3 1682 3763 2474
3 2882 4141 5011
3 5011 4141 2225
3 596 5011 1008
3 1695 5011 2225
3 4198 2882 596
3 4198 596 4896
3 1008 5011 1695
3 1695 2225 4174
3 2882 5011 596
3 4896 596 1008
3 4896 1008 3642
3 3642 1008 1695
3 3642 1695 4174
3 1559 1086 5791
3 1559 1588 4366
3 1559 5791 1588
3 1588 5791 6534
3 5811 2514 1186
3 1186 2514 549
3 2668 1186 549
3 549 4366 3114
3 2514 4366 549
3 2668 549 1070
3 1070 549 3114
3 4860 4366 2514
3 4860 2514 5281
3 5811 5281 2514
3 2452 5281 5811
3 2452 5811 1784
3 6445 6038 6525
3 4663 4891 6445
3 4663 6445 4561
3 4877 5548 5932
3 1478 3978 2766
3 6450 2499 2766
3 6450 2766 4945
3 4692 656 2270
3 1124 4692 1796
3 1124 1796 5629
3 6167 1764 1343
3 1343 1764 985
3 6462 1764 6167
3 5050 2206 3699
3 5050 3699 1954
3 1409 447 3043
3 3043 447 1152
3 1370 3651 3043
3 3651 1370 6278
3 5218 6278 1370
3 5218 1370 936
3 4514 582 4667
3 582 4514 1363
3 582 1363 2590
3 4514 4667 5582
3 3236 6120 582
3 582 2590 3236
3 3128 3236 2590
3 3242 2515 6302
3 3242 6302 1165
3 3493 1263 4055
3 4055 1263 6077
3 96 5474 5849
3 18 5849 3625
3 18 3625 2141
3 4339 5532 1727
3 1727 5532 1486
3 5274 1486 1896
3 1896 1486 5532
3 1439 2255 5282
3 1439 5282 2115
3 628 3951 2115
3 2115 3951 3080
3 3951 1835 3080
3 4537 3951 628
3 5282 628 2115
3 1114 3177 6015
3 3177 1114 2156
3 1114 6015 41
3 41 6015 5933
3 2156 1114 681
3 2159 2156 681
3 2159 681 3273
3 3273 681 41
3 3273 41 5933
3 41 681 1114
3 4406 2156 2159
3 4406 2159 3948
3 4039 4903 6149
3 3012 4039 6149
3 5635 5999 3891
3 5999 5167 1902
3 5167 5999 5635
3 5999 1902 5387
3 189 5226 3969
3 189 3969 1028
3 4065 4338 3969
3 3969 4338 1028
3 4655 4338 4065
3 4338 4655 1360
3 574 4338 1965
3 1965 4338 1360
3 4262 574 1965
3 4386 4262 1965
3 2865 4386 2854
3 4262 4386 2865
3 2610 2865 1003
3 1003 2865 2854
3 4554 1003 2854
3 2610 1003 4554
3 4554 2854 5435
3 5435 2854 4386
3 5435 3721 4554
3 4554 3721 1699
3 3626 1699 6440
3 3626 6440 6161
3 2610 4554 3626
3 2132 2610 3626
3 2132 3626 6161
3 354 2132 1584
3 1584 6161 1591
3 6161 1584 2132
3 2352 5662 4671
3 4671 5662 6070
3 196 4671 5592
3 196 5592 6314
3 5419 5983 2114
3 2114 6157 5419
3 2212 4396 3307
3 3222 2212 1583
3 6423 6057 1905
3 6423 1905 299
3 1905 6057 1583
3 5032 1252 672
3 5032 672 5887
3 5032 5887 4279
3 5887 672 6423
3 6423 672 1252
3 6057 685 3773
3 685 6057 1252
3 1252 6057 6423
3 2233 3826 3222
3 2233 6335 3826
3 5775 3826 3054
3 3054 3826 6335
3 3222 3826 4092
3 3222 4092 6516
3 792 32 4396
3 792 4396 4481
3 4396 32 6157
3 466 792 4481
3 6404 2232 3542
3 5291 2232 5021
3 5021 2232 6404
3 6400 5021 6404
3 4346 4512 6400
3 5021 6400 4512
3 5313 5982 4784
3 5910 5982 2877
3 2877 5982 5313
3 2877 5313 3731
3 2877 3731 2858
3 5425 3254 2467
3 5425 2467 6220
3 3254 5425 220
3 4599 3878 220
3 4599 220 473
3 5425 473 220
3 473 5425 6472
3 5651 608 2370
3 5651 2370 1225
3 5651 6068 6402
3 5651 6402 1408
3 1631 1408 6402
3 1631 6402 3713
3 6402 1061 3713
3 6310 3022 5860
3 6310 5860 609
3 2545 3022 5206
3 5312 4865 5685
3 2523 4504 4001
3 4001 4504 5312
3 3050 1518 6111
3 3636 2066 4611
3 1722 1839 912
3 6408 328 3210
3 4134 1487 3210
3 3210 2681 4134
3 4134 2681 4772
3 2681 3210 328
3 4134 4772 206
3 206 4772 4253
3 4808 3749 19
3 4808 19 4595
3 4506 319 3749
3 4506 3749 4808
3 1185 4199 4506
3 6479 4506 4199
3 4199 1185 2126
3 2126 1185 4595
3 4595 1185 4808
3 4808 1185 4506
3 4534 2920 4907
3 4534 4907 2290
3 4907 2920 5976
3 4907 5976 6011
3 6414 2290 4907
3 5240 2793 5325
3 5240 5325 4164
3 4552 5144 3847
3 3510 6517 22
3 22 6517 4610
3 3389 4704 22
3 4610 3389 22
3 2344 6494 695
3 4365 6403 6350
3 6350 6403 4397
3 6350 4397 6478
3 4992 3986 1027
3 6478 1027 3091
3 3091 1027 2987
3 4130 3091 2987
3 5692 4992 1027
3 5692 1027 4371
3 4371 1027 6478
3 5692 4103 2950
3 2950 4103 2169
3 3269 1143 5008
3 4194 1804 4103
3 4194 4103 5692
3 366 1804 4194
3 2605 5889 5128
3 5128 5889 5136
3 4992 2950 2605
3 2605 2950 5673
3 4704 2898 170
3 170 2898 4125
3 170 4125 6021
3 5186 4573 6213
3 5186 6213 4247
3 4609 4247 6213
3 4609 6213 3401
3 4185 1401 5008
3 5008 1401 1648
3 5008 1648 3269
3 1401 4773 4914
3 4914 4773 2476
3 313 4773 6297
3 4185 6297 4773
3 2434 3243 2063
3 2063 5362 2787
3 2063 2787 5590
3 2063 5590 1747
3 1747 5590 4875
3 6469 4028 1622
3 1622 4028 2007
3 1622 2007 4996
3 2007 4028 2106
3 1637 6469 1622
3 1808 5263 6469
3 1808 6469 1637
3 1808 1637 697
3 697 1637 1622
3 697 1622 4996
3 6374 5263 5468
3 5222 6268 709
3 709 6268 4151
3 5017 4141 1181
3 4394 3763 4141
3 3763 4394 5381
3 5017 3767 1207
3 3767 2296 1207
3 1207 2296 4394
3 5468 2296 3767
3 5468 3767 6374
3 1018 6374 3767
3 1018 3767 5017
3 5017 1207 4141
3 4141 1207 4394
3 4394 2296 5381
3 3452 5959 2505
3 1987 2823 1434
3 2823 1987 4977
3 3056 2427 2803
3 1286 2803 5500
3 4480 43 4860
3 4860 43 5500
3 5500 43 1286
3 2531 1286 4480
3 6270 2531 3433
3 6270 3433 1536
3 4484 1176 3433
3 4484 3433 1568
3 3433 1176 1536
3 1536 1176 5323
3 4462 5911 5323
3 4462 5323 1176
3 4462 1176 4484
3 6038 4891 4484
3 6038 4484 1568
3 5915 5658 928
3 5806 4561 1733
3 928 4663 5915
3 5915 4663 5806
3 4561 5806 4663
3 4838 4113 2533
3 4113 4838 5366
3 1145 4113 3740
3 1145 3740 5579
3 3740 4113 5366
3 2742 3740 6450
3 6450 3740 2499
3 2910 1515 208
3 2910 208 2160
3 2910 2160 4385
3 4385 2160 5036
3 1004 4385 5408
3 5408 4385 5036
3 6453 1004 4692
3 6453 4692 1124
3 4692 1004 5408
3 6453 1124 5629
3 2910 4385 3358
3 3358 4385 6453
3 3358 1515 2910
3 6425 1515 3358
3 6425 3358 2655
3 2655 3358 6453
3 2113 6425 6458
3 6458 6425 3876
3 5346 6458 6041
3 5730 426 6041
3 5346 6041 426
3 1916 1717 3116
3 3116 1717 426
3 3116 426 5730
3 1066 2463 1916
3 1066 1916 1011
3 1011 1916 3116
3 3420 1011 3116
3 3420 3116 2310
3 2310 3116 5730
3 2412 5050 4489
3 3494 5908 4489
3 3494 4489 1954
3 1954 4489 5050
3 2419 4986 4342
3 2419 1721 2086
3 1721 2419 4342
3 5304 4187 1721
3 2853 5304 4012
3 5304 5487 4012
3 2853 1776 5304
3 3651 5739 4012
3 3651 4012 5487
3 6278 5845 6120
3 4667 6120 5845
3 5739 6278 6120
3 879 5474 67
3 2365 67 5474
3 879 67 2880
3 6077 1263 879
3 84 6077 879
3 84 879 115
3 3148 2365 2853
3 2853 2365 2824
3 1310 2824 1522
3 1310 1522 2982
3 1522 2824 2365
3 6405 2496 5849
3 2748 722 6405
3 2748 6405 6522
3 2748 6522 5133
3 129 5133 2786
3 129 2786 2859
3 1279 2786 2141
3 2141 2786 18
3 18 2786 5849
3 1835 1710 650
3 650 1710 2226
3 2226 1710 5899
3 310 1835 650
3 4384 310 650
3 4324 4384 4069
3 4324 4069 2255
3 4069 4384 4339
3 4069 4339 1727
3 1486 4069 1727
3 5274 4069 1486
3 310 4384 4324
3 310 4324 3537
3 310 3537 1835
3 3537 4324 31
3 31 4324 2255
3 1439 3537 31
3 3080 1835 3537
3 3080 3537 2115
3 2115 3537 1439
3 2255 1439 31
3 3951 4537 1710
3 3951 1710 1835
3 1710 4537 5899
3 377 569 689
3 377 689 4327
3 377 4327 3096
3 3096 4327 5451
3 3096 5451 5185
3 5185 3303 5374
3 1678 5715 2227
3 2227 5715 3157
3 3814 3157 5715
3 3814 5715 2311
3 4623 2311 2676
3 6083 1937 51
3 6083 51 3561
3 3561 51 916
3 5298 2340 2385
3 4137 703 5635
3 4137 5635 5004
3 2334 10 6424
3 10 2334 2032
3 2032 2334 5290
3 2032 5290 5004
3 6314 2032 3891
3 6314 10 2032
3 10 6314 5592
3 10 5592 6424
3 6424 4333 83
3 5592 4333 6424
3 4333 5592 5983
3 4333 4322 4633
3 5419 4322 4333
3 5419 4333 5983
3 5695 3293 4633
3 4322 5695 4633
3 1480 4322 2637
3 2637 4322 5419
3 2637 5419 6157
3 2081 4966 2482
3 4966 2081 5159
3 2081 2482 2577
3 5291 2081 2232
3 2454 6134 5159
3 5910 6112 1890
3 616 4122 3008
3 3008 4122 5910
3 5353 6441 1399
3 6441 5353 3008
3 3008 5353 616
3 4330 1399 6441
3 6441 5013 4330
3 6474 2836 4167
3 4599 473 6472
3 2166 3104 6472
3 4864 3104 2166
3 2633 2166 6472
3 613 5086 2166
3 613 2166 3212
3 2633 3212 2166
3 2659 1751 1631
3 2659 1631 1047
3 1047 1631 3713
3 1408 1631 1751
3 3925 2957 2659
3 3925 2659 1047
3 3956 2659 2957
3 3925 1047 1792
3 1792 1047 6310
3 1792 6310 2720
3 2958 2720 1084
3 5312 2003 4865
3 224 3050 6111
3 3050 224 4504
3 2520 4611 2066
3 2520 2066 3873
3 6168 1645 2520
3 6168 2520 4527
3 4689 5110 6408
3 4581 6408 5110
3 4689 6408 1487
3 1487 6408 3210
3 2415 4033 4468
3 2415 3841 847
3 3163 2415 847
3 3163 847 5732
3 5732 847 4007
3 4007 847 3841
3 4701 3841 4468
3 4468 3841 2415
3 5732 206 4253
3 4134 206 4007
3 4007 206 5732
3 4534 5595 2727
3 2290 5995 4534
3 5848 1856 5240
3 5848 5240 3325
3 5240 1856 5995
3 4269 6430 2571
3 2705 4269 2571
3 2705 2571 2051
3 1301 4868 2051
3 1301 2051 5186
3 5186 2051 2571
3 1301 5186 4247
3 6325 6269 6349
3 605 6349 6269
3 1401 4914 5765
3 1401 5765 1648
3 962 607 6163
3 5399 6163 607
3 5786 962 6163
3 1680 5678 6163
3 296 1676 2941
3 2063 2941 2434
3 1680 2434 5678
3 5678 2434 2941
3 1676 5678 2941
3 4875 296 1747
3 1747 2941 2063
3 2941 1747 296
3 2007 2106 5590
3 2007 5590 4996
3 5590 234 6324
3 234 5590 2106
3 6324 2260 3161
3 2260 234 2106
3 234 2260 6324
3 2037 5938 2260
3 2037 2260 5591
3 2106 5591 2260
3 3161 2260 5938
3 4028 6469 5591
3 4028 5591 2106
3 2526 2327 5376
3 900 5376 3603
3 900 5156 225
3 900 225 5376
3 5088 900 3603
3 5088 3603 6073
3 6073 3603 2327
3 2327 3603 5376
3 4605 3965 6073
3 4082 2285 4596
3 6073 6299 4596
3 6073 4596 2285
3 6073 2285 4605
3 5837 4658 2162
3 4658 5103 2162
3 1543 4056 3426
3 6270 394 1780
3 5323 5911 394
3 5323 394 6270
3 1939 1780 4056
3 4056 1780 394
3 4056 394 3426
3 3426 394 5911
3 2531 6270 1939
3 1939 6270 1780
3 3056 2531 1939
3 3056 1939 2842
3 1286 2531 3056
3 5323 6270 1536
3 3426 6329 1543
3 4158 6329 3426
3 4158 3426 5911
3 4158 5911 517
3 4542 6259 74
3 74 6259 4778
3 4542 74 1882
3 6448 4778 6259
3 6448 6259 641
3 4778 1882 74
3 1789 5536 6216
3 5579 6216 1145
3 908 6216 5579
3 4083 5905 5623
3 964 6048 6481
3 343 3429 3092
3 343 3092 45
3 45 3092 6458
3 2113 3092 3429
3 6458 3092 2113
3 2876 2840 5346
3 5346 2840 6458
3 2876 1228 418
3 1228 343 418
3 418 343 45
3 3429 343 1228
3 3429 1228 2463
3 1916 1228 2876
3 1916 2876 1717
3 1717 2876 5346
3 2840 2876 418
3 2840 418 45
3 2840 45 6458
3 2179 2307 1173
3 263 6481 1173
3 263 1173 2307
3 163 2307 4451
3 4451 2307 2179
3 4353 6435 1981
3 4353 1981 4090
3 1968 4963 4828
3 4963 1968 1778
3 4489 1778 1968
3 4489 1968 3420
3 4489 3420 2412
3 4828 3420 1968
3 5208 2388 4963
3 5208 4963 6444
3 6444 4963 3846
3 6166 1834 6444
3 6166 6444 2295
3 2295 6444 4986
3 2086 2295 2419
3 1840 2295 2086
3 1840 2086 1475
3 2419 2295 4986
3 4523 1840 1475
3 4523 1475 5087
3 4523 5087 4256
3 2627 1308 4531
3 2627 4531 5120
3 2982 1308 2627
3 2982 2627 5467
3 2480 5120 4531
3 2975 4531 1308
3 5865 6276 5906
3 5865 5906 5031
3 4084 5906 6276
3 2859 6292 129
3 129 6292 60
3 129 60 5133
3 2623 5900 406
3 2623 406 6292
3 6037 5900 2623
3 2623 6292 4304
3 479 6189 5338
3 5338 6189 3157
3 6339 6189 479
3 6037 479 5338
3 6189 6339 5374
3 5374 6339 3096
3 5374 3096 5185
3 3096 6339 377
3 5338 3814 425
3 430 5338 425
3 425 3814 2780
3 2780 3814 2311
3 3157 3814 5338
3 2580 425 6059
3 6059 425 2780
3 6059 2780 2311
3 1775 4623 450
3 5664 1775 450
3 3474 253 4137
3 3474 4137 4700
3 527 465 893
3 527 893 5287
3 2334 893 465
3 2334 465 5290
3 5287 893 6424
3 6424 893 2334
3 4244 4237 1229
3 4681 3198 3898
3 5443 5293 4681
3 5421 5443 4966
3 1219 4149 5653
3 4149 1223 5653
3 4149 6134 1223
3 4680 1223 1745
3 1745 1223 3827
3 3827 1223 6134
3 5633 2639 1745
3 2746 5633 3827
3 2746 3827 1652
3 3827 5633 1745
3 4535 6153 1178
3 4535 1178 6134
3 3321 5515 5353
3 3577 3321 5353
3 2836 346 3577
3 2836 3577 5353
3 6474 346 2836
3 6088 3663 6309
3 1365 5801 4213
3 3312 1815 1260
3 6241 753 6106
3 6106 753 4864
3 753 6241 3251
3 3104 4864 753
3 3104 753 4087
3 5558 1879 1373
3 444 5558 5961
3 5961 5558 5537
3 5537 5928 5961
3 3212 5928 5537
3 1980 2957 3925
3 1792 953 1829
3 1792 1829 3925
3 1829 1980 3925
3 953 1792 2720
3 5531 868 4309
3 4309 868 2981
3 4309 765 1460
3 2981 765 4309
3 2003 1460 765
3 2003 765 4865
3 2315 3240 5531
3 4705 5358 4017
3 4978 4705 4017
3 4978 4017 117
3 117 4017 5756
3 5273 4978 4880
3 4880 4978 2998
3 3174 3110 4126
3 1140 413 3289
3 413 4126 3289
3 3803 413 1140
3 3803 1140 4881
3 4126 1579 3289
3 4881 1140 5566
3 5566 1140 3289
3 5566 3289 156
3 156 3289 1579
3 5566 156 6168
3 6168 1579 1645
3 1579 6168 156
3 5029 5566 6168
3 456 5029 4527
3 456 4527 1927
3 6168 4527 5029
3 4689 1927 5110
3 1927 5096 456
3 456 5096 4944
3 5096 4689 2539
3 4689 5096 1927
3 6419 4944 4468
3 4468 4944 4701
3 4701 4944 5096
3 4701 5096 2539
3 5566 5029 6419
3 5566 6419 3530
3 3220 3530 6419
3 3404 3220 1115
3 3404 1115 5696
3 2383 1569 6148
3 2383 6148 926
3 5732 6148 3163
3 3163 6148 732
3 2415 3163 732
3 4369 1366 2383
3 926 4369 2383
3 4369 926 1774
3 4273 1774 504
3 6012 1672 5595
3 5595 1672 2727
3 6012 5595 858
3 3373 2521 6012
3 6012 2705 3373
3 2521 3373 1903
3 3042 803 2521
3 6336 3042 2521
3 6336 2521 3661
3 6336 3661 4858
3 3892 2885 3833
3 5153 2885 3892
3 5589 3892 3833
3 2136 5345 1526
3 6163 1566 5786
3 1526 5786 1566
3 4965 1566 5678
3 4965 5678 1676
3 4965 6381 978
3 2217 3794 5417
3 5417 3794 1662
3 6324 5417 4875
3 4875 5417 1662
3 1503 5417 4127
3 4127 5417 6324
3 6 1313 1135
3 3061 5746 130
3 5156 5141 2246
3 2246 5141 3061
3 2246 3061 130
3 225 5156 2037
3 225 2037 5376
3 130 5938 2246
3 2246 5938 2037
3 2246 2037 5156
3 3161 4127 6324
3 5156 900 5088
3 5039 5156 5088
3 5039 5088 3965
3 3965 5088 6073
3 5039 5141 5156
3 5141 5039 1936
3 6028 1936 5039
3 6028 5039 3374
3 6028 3374 6056
3 1339 6056 4008
3 2208 3812 3750
3 3812 2208 6448
3 641 4452 3812
3 641 3812 6448
3 4275 3224 4524
3 3224 4275 2674
3 5294 4280 4524
3 5294 4524 3224
3 5294 3224 1341
3 735 5294 844
3 844 5294 1341
3 4542 6541 844
3 4542 844 1341
3 4280 5294 3635
3 3635 5294 5204
3 5810 5204 735
3 735 5204 5294
3 2708 5810 6457
3 2708 6457 3605
3 1541 6457 5810
3 951 3605 6457
3 2274 3605 4699
3 3123 4154 5536
3 3123 5536 1789
3 3123 1789 4379
3 4379 1789 6216
3 908 263 4379
3 2307 3123 4379
3 2307 4379 263
3 2210 263 908
3 6216 908 4379
3 6222 5084 6312
3 6312 5084 2264
3 4297 5084 5599
3 5084 6222 5599
3 5023 4297 5599
3 5924 5599 6222
3 5924 6222 5165
3 3641 5165 3584
3 5208 4090 2388
3 4621 1834 4026
3 1834 4621 5208
3 2574 4621 4026
3 2574 4026 6143
3 6166 5508 1834
3 4523 6166 1840
3 5508 6166 4523
3 5508 4523 4256
3 1307 4168 5508
3 1307 5508 4256
3 1799 4221 3490
3 1799 3490 2442
3 2442 3490 5087
3 2442 5087 1798
3 4594 1799 1345
3 2442 1345 1799
3 5120 1844 2627
3 2627 1844 1576
3 5467 2627 1576
3 3712 1844 5120
3 3712 3764 1326
3 3712 5120 3764
3 2975 1448 4531
3 2480 4531 1448
3 120 2447 2826
3 3521 2447 120
3 3521 120 5909
3 3021 3521 5909
3 5031 4674 5865
3 5865 5394 6276
3 5394 5865 5215
3 5215 5865 4674
3 2449 3139 4674
3 2449 4674 4068
3 4684 6060 6348
3 6060 4266 6348
3 1303 769 5654
3 5859 254 2215
3 254 4923 2215
3 4923 254 3397
3 137 2215 6059
3 137 6059 4623
3 137 4623 1696
3 137 1696 5859
3 3200 4818 5859
3 3200 5859 1696
3 3200 1696 1382
3 3200 1382 3971
3 5664 1382 1775
3 1775 1382 1696
3 5664 3971 1382
3 1005 4474 5782
3 3822 1005 2741
3 3822 2741 4872
3 2741 1005 5782
3 4700 4872 2741
3 4700 2741 3474
3 1099 2431 1281
3 1099 1281 2316
3 4924 1099 2316
3 2601 2673 4924
3 2601 4924 3003
3 352 3003 4924
3 3864 3138 1788
3 5293 1227 1161
3 141 4173 5653
3 141 5653 2019
3 2019 5653 4680
3 3859 2019 4680
3 1219 5653 5421
3 2093 2019 3859
3 6344 3708 2639
3 6476 4329 5633
3 5633 4329 6344
3 5633 6344 2639
3 6476 5633 2746
3 4676 6476 2746
3 4676 2746 1652
3 2191 6476 2542
3 2542 6476 4676
3 6145 1162 3577
3 6145 3577 167
3 3577 1162 3321
3 3321 1162 4676
3 4676 1162 2542
3 2542 1162 6145
3 5130 3079 6145
3 6145 6088 4233
3 6145 4233 5130
3 4568 5130 4233
3 759 1822 4233
3 4233 1822 4568
3 6106 2144 1822
3 6106 1822 3614
3 6106 3614 6241
3 3622 1912 4816
3 1912 4710 3314
3 4710 1912 3622
3 6399 4816 1912
3 1278 1912 444
3 444 1912 3314
3 1912 1278 6399
3 4267 5317 6399
3 4267 6399 1278
3 4267 1278 851
3 851 1278 444
3 4927 4267 851
3 6175 158 4927
3 4927 2592 6175
3 2592 4927 5961
3 6346 2592 5928
3 5928 2592 5961
3 5986 6346 1980
3 5986 1829 2548
3 1829 5986 1980
3 6346 5986 6175
3 2548 1597 5986
3 5986 1597 6175
3 48 158 1597
3 2548 4441 1597
3 1597 4441 48
3 5317 4267 4711
3 5317 4711 2851
3 4080 4691 6235
3 4691 4080 6455
3 6455 4080 5317
3 1427 4410 6360
3 4410 2006 3640
3 2558 3078 5358
3 2558 5358 4705
3 5780 2558 2462
3 4705 2462 2558
3 144 2343 4284
3 4284 2343 2462
3 4284 2462 4705
3 2462 2343 5780
3 2369 3658 144
3 2369 144 5320
3 5320 144 4284
3 5320 4284 4734
3 4734 4284 349
3 5302 5027 3110
3 531 4734 5027
3 5302 531 5027
3 2165 5302 4952
3 3448 293 5549
3 3448 5549 3803
3 3803 5549 2990
3 413 3803 3174
3 413 3174 4126
3 2990 3174 3803
3 3530 3448 4881
3 3530 4881 5566
3 3404 3448 3220
3 1192 1992 5044
3 1774 1192 4369
3 4273 1192 1774
3 1366 4369 5044
3 5044 4369 1192
3 510 1757 1376
3 1376 1757 6336
3 6336 1757 4844
3 4858 1376 6336
3 4400 1376 4858
3 6325 4829 5127
3 5981 6325 5127
3 4241 4829 6325
3 2889 2479 6265
3 5777 4660 4852
3 945 4852 4660
3 4852 945 1076
3 1076 945 2136
3 4660 2136 945
3 2136 4660 5345
3 4852 1076 4579
3 1055 4697 2217
3 2471 2217 4697
3 152 4697 4210
3 4210 4697 1055
3 1354 5884 3332
3 1908 3570 5746
3 3570 1908 3677
3 2230 3677 6160
3 1936 6160 5141
3 6028 6160 1936
3 5787 6160 6028
3 6028 1339 5971
3 6028 5971 5787
3 5971 3331 3150
3 2198 3331 2508
3 3963 2508 3331
3 2198 2508 4754
3 4754 2508 3719
3 4524 3669 4722
3 4524 4722 4275
3 4280 3669 4524
3 2231 1556 4280
3 4470 5535 1353
3 5535 4470 4719
3 4719 4470 5925
3 2274 1353 5535
3 1158 1353 2274
3 4699 1158 2274
3 3605 2274 5535
3 3605 5535 2708
3 2708 5535 4719
3 4297 5392 5084
3 5084 5392 2264
3 5652 2528 1739
3 5924 5427 5753
3 5753 5427 5723
3 684 5427 5924
3 684 5924 3993
3 3993 5924 5165
3 2574 5427 684
3 2574 684 3993
3 4353 4090 3993
3 5208 3993 4090
3 2574 3993 5208
3 5723 5427 272
3 3756 5192 283
3 4973 2561 5192
3 4973 5192 4743
3 3704 3146 5043
3 4168 334 4566
3 2773 4758 4566
3 2773 4566 334
3 4168 4566 3704
3 905 2773 334
3 905 334 4168
3 4168 1307 905
3 1754 905 4221
3 4221 4594 1754
3 2773 1754 739
3 2773 739 5254
3 2120 739 4594
3 4594 739 1754
3 739 2120 5254
3 3712 5046 3410
3 4809 3142 6001
3 6001 3142 12
3 12 3142 5790
3 2675 6001 12
3 2675 12 1632
3 1632 12 2403
3 1326 3071 294
3 6365 4479 4129
3 3499 3120 2447
3 467 3578 4791
3 5375 4228 6340
3 6340 4228 5576
3 1535 6340 5576
3 1535 5576 2336
3 1535 2336 6421
3 1067 6421 2336
3 5576 3958 2336
3 2336 3958 1067
3 4404 6421 1067
3 4404 1067 2743
3 4404 2743 2606
3 4372 5215 5718
3 5215 4372 236
3 2695 4372 5718
3 6060 4684 2449
3 2449 4684 3139
3 3139 4684 3926
3 2293 2656 4684
3 2293 4684 6348
3 4684 2656 3136
3 1979 3184 71
3 1979 71 6348
3 3450 3184 1979
3 2293 6348 71
3 2293 71 3184
3 2293 3184 4911
3 4336 5026 1979
3 4336 1979 6540
3 1979 5026 3450
3 4923 2537 4336
3 2265 4336 2537
3 2537 4923 6141
3 6141 4559 2265
3 4559 6141 1411
3 2537 6141 2265
3 1614 4358 6141
3 5606 4358 3754
3 3754 4358 1614
3 6141 4358 1411
3 3754 1614 3745
3 3745 1614 3397
3 254 5859 3397
3 3329 3200 3971
3 4474 3971 5664
3 4818 3200 3329
3 3822 3971 1005
3 4872 3394 3822
3 4474 1005 3971
3 3971 3822 3329
3 3329 3822 3394
3 4500 4299 3322
3 1256 2431 3322
3 3905 2140 509
3 2140 4100 4721
3 989 509 2601
3 989 2601 3003
3 2673 2601 2140
3 2673 2140 402
3 2140 2601 509
3 3175 989 3871
3 3175 3871 948
3 3003 3871 989
3 2093 948 3871
3 2019 2093 2792
3 2019 2792 141
3 141 2792 5773
3 4173 5773 3138
3 127 3175 6274
3 127 6274 4438
3 4193 4438 1749
3 1749 4438 6274
3 5680 1749 6274
3 5680 6274 495
3 495 6274 5917
3 5680 5565 1749
3 3708 4109 495
3 495 4109 5680
3 6344 4109 3708
3 2087 4109 6344
3 3629 2087 6344
3 3629 6344 332
3 3629 332 3762
3 4329 332 6344
3 2519 332 823
3 4456 4586 1090
3 5108 1800 1056
3 1056 1800 4456
3 2532 5108 1056
3 2532 1056 4259
3 4259 1056 6252
3 4259 6252 4568
3 5596 2532 4259
3 5596 4259 2630
3 5596 2630 1841
3 4568 2630 4259
3 6511 5596 1841
3 5184 3258 2509
3 5184 3480 5948
3 3480 5184 2509
3 5042 3622 4816
3 6009 1827 5042
3 1827 6009 5526
3 4816 6009 5042
3 3328 5526 2130
3 311 3227 5888
3 2006 1427 5888
3 4410 4540 6360
3 3502 6360 4540
3 5998 3502 4540
3 1724 5998 3821
3 1724 3821 6352
3 6426 6352 5780
3 3770 6426 4389
3 4389 6426 5780
3 4389 5780 2343
3 5401 1292 1904
3 4564 2369 5320
3 6492 4564 5320
3 6492 5320 4734
3 3381 6492 3824
3 1828 1793 2165
3 1828 2165 4635
3 4635 2165 4952
3 2900 6181 5220
3 3282 2900 4851
3 3282 4851 2384
3 4851 5220 2895
3 2900 5220 4851
3 1826 4851 2895
3 1895 1505 5061
3 3856 1895 5061
3 4025 1895 3856
3 2289 3856 5061
3 5921 1436 3856
3 3856 1436 4025
3 6320 1245 4526
3 1600 1245 5921
3 2194 4526 1600
3 1600 4526 1245
3 5670 1757 510
3 5670 4844 1757
3 5670 4355 4172
3 4172 4355 1311
3 4355 5670 510
3 2108 4355 5280
3 2108 5280 1412
3 3095 5386 1412
3 3095 1412 5280
3 6092 5113 4829
3 5299 1458 6338
3 5299 2455 2547
3 72 1458 2266
3 5622 72 2139
3 2266 2139 72
3 2266 5299 1517
3 5299 2266 1458
3 6338 1458 72
3 6338 72 5622
3 2266 3939 2139
3 3939 2266 810
3 5587 810 1517
3 2266 1517 810
3 5365 1616 595
3 5365 595 1953
3 2479 6372 5437
3 5437 6265 2479
3 6301 6530 4740
3 6195 6186 2308
3 6195 2308 4852
3 4278 5802 1273
3 2016 1782 4697
3 1782 2016 1014
3 1782 5203 4697
3 5203 1782 5802
3 3034 981 2125
3 2016 981 3034
3 2125 981 4793
3 4793 1131 5397
3 1131 4793 981
3 4631 4003 2125
3 4631 4793 2989
3 4793 4631 2125
3 5332 4631 2989
3 4270 5332 2230
3 4270 2230 813
3 2230 2989 2033
3 2989 2230 5332
3 4754 6452 1288
3 4754 1288 2198
3 3317 6452 3400
3 1236 5642 1599
3 1599 5642 2971
3 4391 87 1599
3 4950 6422 1236
3 4950 1236 87
3 4950 87 4391
3 5489 4391 2971
3 2971 4391 1599
3 1599 87 1236
3 5059 4391 4722
3 5059 4722 3863
3 3863 4722 3669
3 5489 4722 4391
3 2375 5059 3863
3 6024 2375 3863
3 3924 2211 6024
3 3924 6024 956
3 956 6024 3863
3 2839 5925 4470
3 829 530 2839
3 1661 530 6439
3 6439 530 829
3 6439 829 4494
3 4494 829 4470
3 4470 829 2839
3 4297 4494 5392
3 5214 5825 1918
3 1918 5825 5102
3 5825 4645 4513
3 5825 4513 5102
3 2530 4645 6033
3 6033 4645 4730
3 5825 4730 4645
3 6003 4730 3795
3 6003 3795 4883
3 4973 6321 2561
3 2561 6321 5808
3 1893 5139 2835
3 3508 1893 5708
3 5616 5708 1321
3 4758 4142 4482
3 4566 4758 4482
3 4622 5863 4035
3 4035 5863 2046
3 4170 1972 4809
3 4170 4843 1972
3 3229 4809 1972
3 6365 4129 3728
3 5631 5843 2222
3 5785 6303 2628
3 5785 2628 653
3 6340 3219 5375
3 653 5375 3219
3 3219 6340 360
3 4737 6421 3599
3 1785 2783 198
3 198 2783 2363
3 5628 2783 1785
3 2363 2783 3245
3 3245 2783 5628
3 3946 3245 5628
3 2261 2636 4057
3 2261 4057 4911
3 3184 5897 2261
3 2636 2261 5897
3 3184 2261 4911
3 2929 2636 5897
3 3576 2929 5897
3 1411 5217 3526
3 4559 1411 3526
3 4559 3526 5026
3 4559 5026 2265
3 4358 5217 1411
3 5217 4358 449
3 449 4358 5606
3 4340 482 3296
3 3296 482 5606
3 3296 5606 3754
3 3296 3754 949
3 1847 3296 949
3 1847 949 15
3 15 949 2864
3 4340 3296 1847
3 1609 3554 17
3 3230 1609 1677
3 1677 1609 17
3 1677 17 3252
3 4299 3230 1677
3 4359 1609 6482
3 6482 1609 3244
3 6482 3586 1440
3 1440 3586 860
3 860 1148 2376
3 4161 1148 4423
3 4423 1148 3586
3 2376 1148 4161
3 3905 4423 6482
3 6482 4423 3586
3 860 3586 1148
3 3905 2495 4423
3 2495 3100 4423
3 4423 3100 4161
3 5813 4161 728
3 630 5813 728
3 630 728 2490
3 2490 728 3100
3 4438 5822 630
3 4438 630 127
3 4193 5822 4438
3 5605 5822 4193
3 2714 5822 5605
3 1023 6271 5121
3 2087 3629 4109
3 4109 3629 5680
3 5680 1689 5565
3 1689 5680 3629
3 1689 3629 3762
3 4586 4456 1810
3 1810 4456 1800
3 1254 6500 4725
3 1254 4725 6063
3 2912 4766 5108
3 2912 5108 659
3 984 6093 2912
3 984 2912 659
3 984 659 1209
3 5596 6511 4491
3 5596 4491 2532
3 2532 4491 5108
3 4197 6093 984
3 6229 4104 6095
3 3802 5336 3258
3 3802 3258 5184
3 5336 3802 4892
3 4892 3802 4785
3 4785 3802 5184
3 5526 1532 1827
3 1827 1532 4785
3 1827 4785 5042
3 2768 1532 5526
3 5104 4761 6115
3 3181 3010 4814
3 4814 3010 5809
3 4227 1814 6281
3 6281 1814 673
3 1814 4227 5998
3 6352 673 1814
3 6352 1814 1724
3 1724 1814 5998
3 6281 673 6426
3 2918 1846 3893
3 3893 1846 5567
3 1388 1850 5401
3 1369 2988 5598
3 1369 5598 3590
3 1369 3590 6492
3 6492 3590 5171
3 5171 3590 6248
3 6492 5171 4564
3 3381 1369 6492
3 4870 4078 3460
3 6114 5113 6092
3 5299 6338 3609
3 5299 3609 3436
3 148 3202 3436
3 148 3436 3609
3 148 3609 4879
3 4879 3609 3727
3 3727 3609 6338
3 4879 3727 1289
3 5677 2529 4796
3 507 4796 2529
3 507 2529 3108
3 4798 507 1642
3 4798 1642 1878
3 1642 507 3108
3 5250 3939 810
3 5250 810 1616
3 3108 3939 1642
3 1878 3939 5250
3 4121 1878 5250
3 4121 5250 5879
3 5250 5365 5879
3 3153 5365 1953
3 1616 5365 5250
3 5365 3153 5879
3 5187 1179 3298
3 5187 3298 3528
3 135 3528 3298
3 135 3298 6155
3 3572 1265 4505
3 3572 1545 2257
3 3572 4505 2065
3 1265 4614 4505
3 2257 1265 3572
3 6186 4505 1719
3 2095 2065 4505
3 2095 4505 6186
3 2095 6186 6195
3 1273 2065 2095
3 4278 1273 2095
3 4278 2095 6195
3 3848 2834 2318
3 2318 2834 2045
3 4472 2834 3848
3 2909 2379 1287
3 2909 1287 4806
3 2779 4091 5412
3 5332 4003 4631
3 4686 1414 4270
3 4270 1414 5332
3 4110 4686 4270
3 557 4686 4110
3 557 4110 6020
3 240 1969 6452
3 2908 1493 5472
3 457 4668 5742
3 4668 2908 5472
3 2908 4668 457
3 5572 4668 6187
3 5642 1236 799
3 478 1858 3346
3 478 3346 2375
3 1986 478 6024
3 1858 478 1986
3 2375 6024 478
3 2375 3346 5059
3 3999 1858 1986
3 3999 1986 6008
3 2211 6008 1986
3 2364 1274 5006
3 2364 5006 3798
3 3798 5006 6033
3 4730 1276 6033
3 3798 4805 2364
3 2364 4805 5403
3 4805 5603 5403
3 2835 5139 5603
3 2835 5603 4973
3 1851 443 4757
3 443 4203 4757
3 647 443 1851
3 647 1851 1861
3 3347 2612 1851
3 5048 2612 3347
3 4757 3347 1851
3 1861 1851 2612
3 5048 3347 4904
3 4904 3347 5327
3 55 5863 2470
3 4843 4015 4622
3 4622 4015 2897
3 1766 2432 2009
3 2009 2432 3588
3 2009 3588 2248
3 2074 1332 3654
3 5488 2541 5993
3 3654 5993 2541
3 3616 3657 3940
3 2172 3940 3657
3 6303 3365 5631
3 1741 2036 5721
3 5553 1741 5721
3 1741 5553 5052
3 3326 2575 3124
3 2575 5721 3124
3 4020 5553 2575
3 4020 2575 3326
3 3124 5721 1620
3 5553 5721 2575
3 6177 4020 4737
3 3599 207 4737
3 2314 1785 198
3 2314 198 950
3 5450 3758 5855
3 5855 6415 5450
3 4295 6415 4232
3 3576 6523 3954
3 6542 5063 5522
3 3652 3962 1847
3 3652 1847 5926
3 4340 1847 3962
3 2350 3652 1377
3 1377 3652 5926
3 498 3681 1377
3 498 1377 3130
3 3130 1377 5926
3 2350 1377 3681
3 317 3843 3130
3 3130 3843 498
3 2189 1924 379
3 1924 2189 149
3 1924 149 822
3 2189 379 3518
3 4359 2189 3518
3 2189 4359 1440
3 2189 1440 149
3 860 149 1440
3 149 860 822
3 6482 1440 4359
3 2661 317 1924
3 2661 1924 2716
3 2661 2716 408
3 161 4161 5813
3 161 5813 5137
3 4765 161 5137
3 6456 3992 5636
3 6456 2372 3992
3 2372 629 1504
3 3992 2372 1504
3 918 6165 2043
3 918 2043 3782
3 918 3782 4373
3 487 6165 918
3 487 918 4373
3 4373 6500 4800
3 4800 6500 1064
3 1064 6500 6063
3 6063 6500 1254
3 2863 4800 1064
3 2863 1064 1644
3 1644 1064 6063
3 1234 2863 1644
3 1234 1644 6039
3 6039 6063 3817
3 6063 6039 1644
3 6039 3226 1381
3 3226 6039 3817
3 5866 3226 49
3 5866 49 5368
3 5368 49 3817
3 3817 49 3226
3 1142 4002 5368
3 5667 4002 4498
3 6095 4071 4197
3 1294 4197 4071
3 6229 2972 4104
3 6509 6229 2578
3 3700 4892 3004
3 4892 3700 5336
3 5874 3700 1534
3 1534 3700 3004
3 3004 380 1534
3 4000 2522 2392
3 2392 2522 6326
3 2360 4037 6326
3 2360 95 5104
3 95 6326 6304
3 6326 95 2360
3 3324 1133 2894
3 2360 3324 5150
3 2360 5150 5400
3 2360 5400 4037
3 5150 3324 2894
3 6426 5364 6281
3 4970 4783 3566
3 2288 3566 4820
3 4820 3566 4783
3 2487 4970 5364
3 5364 4970 3566
3 5364 3566 2288
3 4356 4970 2487
3 4454 4356 2487
3 3082 3036 1564
3 3081 5779 5598
3 3081 5598 2988
3 3786 3081 2988
3 2398 3081 3786
3 221 2426 4879
3 221 4879 3360
3 2911 3360 4879
3 2911 4879 1289
3 5040 2911 1289
3 6075 5040 1289
3 5388 1673 3378
3 3378 1673 5040
3 6388 3378 5741
3 6341 3757 5741
3 6341 5741 1787
3 6341 1787 5627
3 412 6341 2798
3 1501 6341 5627
3 6341 1501 2798
3 2798 1501 6150
3 132 6150 6202
3 1317 151 2075
3 2396 1317 2075
3 2481 2396 2075
3 5677 2396 2481
3 1205 937 3253
3 1205 3253 3601
3 1205 5413 937
3 2557 3253 5669
3 5669 3253 1735
3 5669 1735 4796
3 5669 4796 4798
3 1177 2557 5898
3 5898 5669 4798
3 5669 5898 2557
3 230 5898 4798
3 230 4798 4121
3 1878 4121 4798
3 1580 5879 3153
3 5879 1580 4121
3 4121 1580 306
3 306 1580 1179
3 306 1179 5187
3 1177 5898 306
3 1177 306 5187
3 4121 306 5898
3 4121 5898 230
3 1177 5187 2557
3 307 4539 1205
3 307 1205 3601
3 3476 1709 3601
3 6301 3476 437
3 6301 437 2254
3 2254 437 3601
3 1709 3476 6101
3 6315 2615 2182
3 2615 6315 6101
3 6101 6315 1709
3 2257 4146 2468
3 1545 4146 2257
3 1265 2257 2468
3 1265 2468 4614
3 4614 2468 6101
3 515 6026 1201
3 515 1201 3961
3 2052 1201 4189
3 3961 2052 2045
3 6282 1202 46
3 3643 6282 46
3 5024 3643 4472
3 5024 4472 2909
3 5024 2909 4709
3 3618 5024 4709
3 4686 557 2914
3 1414 4686 2914
3 1414 2914 2779
3 6242 5035 4136
3 6242 4136 5005
3 177 6242 5005
3 177 5005 2163
3 2163 5005 1320
3 3680 1320 5005
3 619 6242 396
3 619 396 3683
3 619 3683 6394
3 396 177 4225
3 2163 4225 177
3 6242 177 396
3 2631 1469 3683
3 2631 3683 4225
3 396 4225 3683
3 6394 3683 1469
3 1493 727 2421
3 727 1493 2908
3 1493 2421 4225
3 2438 3495 727
3 2438 727 2908
3 727 3495 2421
3 5418 3495 2438
3 5769 5418 2438
3 211 5769 542
3 542 5769 5742
3 4165 4724 5742
3 400 1049 3867
3 400 3867 3308
3 5484 3308 3867
3 2569 5484 3867
3 5648 2944 5747
3 2944 5648 4867
3 1019 4867 6383
3 6383 4867 5648
3 3434 1283 2220
3 3434 2220 4517
3 5095 2117 90
3 2220 3999 4517
3 2117 4517 90
3 90 4517 3999
3 5098 2767 4360
3 5098 4360 5456
3 5456 4985 4723
3 4723 4985 4478
3 3327 4985 4360
3 4360 4985 5456
3 4985 3327 5970
3 1017 3362 671
3 3362 4985 5970
3 429 3362 5970
3 1761 671 1175
3 671 3362 1175
3 1175 3362 429
3 1175 429 1479
3 429 5970 1479
3 1761 1017 671
3 6433 1761 1175
3 6433 1175 1479
3 4985 3362 1017
3 1274 1479 5970
3 5006 1274 5970
3 5006 5970 5504
3 5403 5378 2364
3 3281 637 1761
3 3281 1761 6433
3 4424 6433 4203
3 4203 6433 1452
3 4203 1452 2850
3 6433 4424 3281
3 443 647 4424
3 443 4424 4203
3 4424 647 4464
3 424 3438 1781
3 424 1781 2612
3 1861 2612 1781
3 424 2612 4226
3 4226 2612 5048
3 2134 424 4226
3 2134 4226 811
3 6502 811 5491
3 5491 811 4226
3 3438 424 2134
3 1574 5452 5491
3 1574 5491 2243
3 2243 5491 4226
3 5491 5452 6502
3 816 4904 3284
3 6014 816 3284
3 6014 4646 6391
3 6014 3284 4646
3 1628 4826 2111
3 2074 3835 1332
3 1741 1295 5488
3 906 2084 5052
3 906 5052 3173
3 4685 2313 3862
3 4861 3862 6305
3 6305 3862 2313
3 6177 2313 4685
3 4079 6124 4348
3 2314 2524 6305
3 2314 6305 3475
3 6305 2524 1348
3 1100 2524 2314
3 3059 5333 5406
3 1423 5450 4295
3 6244 3425 4295
3 3425 6244 774
3 4850 4694 587
3 4850 587 6542
3 1731 587 4694
3 128 4850 6542
3 6542 587 1
3 1 587 1731
3 1991 3807 2952
3 1843 3968 5174
3 1744 5174 3968
3 1843 5174 1855
3 1855 5174 5830
3 3724 3968 1843
3 804 1843 1855
3 2730 804 3681
3 804 1855 3681
3 827 2730 3843
3 827 3843 830
3 830 3843 317
3 317 2661 830
3 830 2661 5789
3 830 5789 827
3 2221 2171 5789
3 2221 5789 2883
3 2221 2883 6434
3 2883 5789 408
3 4787 6434 2883
3 4787 2883 13
3 4787 13 4765
3 13 2883 408
3 3017 6434 4787
3 1812 5137 433
3 5137 1812 4765
3 4787 4765 1812
3 4787 1812 3017
3 6180 3017 1812
3 6180 1812 433
3 4641 6180 1504
3 4641 1504 5796
3 1504 6180 3992
3 3992 6180 5636
3 6099 5796 5175
3 2703 5175 2377
3 1512 2703 2377
3 1512 2377 3418
3 5056 2703 1512
3 1512 4335 5056
3 4335 1512 3418
3 4106 4335 3487
3 4106 4252 4335
3 2345 1381 4245
3 2345 4245 5224
3 4106 5224 4245
3 5224 4106 6240
3 5224 6240 4516
3 6165 4516 6240
3 1361 5224 4516
3 1234 1361 3357
3 2863 1234 3357
3 6165 3357 4516
3 4516 3357 1361
3 4800 2863 3357
3 487 4800 3357
3 487 3357 6165
3 4252 4106 4245
3 1466 5593 2755
3 4906 2755 5866
3 4906 5866 2199
3 2199 5866 3711
3 3711 5866 1416
3 4093 6236 6396
3 6236 4093 3711
3 6236 3711 1416
3 1958 6236 2721
3 1193 4795 2721
3 1193 2721 6236
3 6364 4795 3866
3 6364 3866 639
3 6364 639 5960
3 1324 3866 1193
3 1193 3866 4795
3 1200 639 3866
3 1200 3866 1428
3 1428 3866 1324
3 397 3529 4847
3 1534 3709 5874
3 4000 3709 2522
3 528 4000 2392
3 528 2392 3877
3 2195 2927 6219
3 4820 2995 2288
3 2288 2995 1449
3 4820 3109 2995
3 4970 4356 4783
3 4783 4356 4929
3 4929 4356 4959
3 4959 4356 139
3 139 4356 4454
3 6226 4959 5856
3 3070 4670 4243
3 3070 4243 6226
3 794 4670 3520
3 5040 794 2153
3 2153 794 3520
3 3765 2153 3520
3 3360 3765 221
3 2426 221 2751
3 2751 221 3765
3 214 1697 2751
3 214 2751 5989
3 5989 2751 3371
3 4285 1697 214
3 676 1673 5388
3 4483 3503 5388
3 4483 5388 6388
3 1160 412 606
3 606 412 2798
3 3632 4598 4618
3 4618 4598 554
3 1426 3632 4618
3 2004 1426 4618
3 2004 4618 1317
3 2004 1317 3944
3 1317 4618 554
3 5476 1426 2004
3 3698 2004 3944
3 2004 3698 5476
3 1561 5481 3698
3 1561 3698 4539
3 4539 3698 3944
3 6315 1342 1961
3 6315 1961 307
3 307 1961 4539
3 942 2872 4444
3 942 4444 5463
3 4565 4444 3497
3 3497 4444 2872
3 3497 2872 303
3 4565 3497 243
3 243 3497 5873
3 243 5873 2756
3 3556 1728 610
3 1728 3556 6413
3 5873 6413 3556
3 4189 6026 1728
3 4189 1728 1438
3 99 1164 2319
3 99 2319 5176
3 5530 974 365
3 365 974 1358
3 974 5530 6282
3 3643 4713 6282
3 1915 6272 4713
3 2104 2582 3575
3 3575 2582 5792
3 619 3575 6242
3 6242 3575 5035
3 2844 5650 235
3 2844 235 4576
3 2844 4576 5418
3 2631 3495 4576
3 2631 4576 1469
3 6376 5650 2844
3 6376 2844 5418
3 211 6376 5418
3 5055 6376 211
3 5055 211 1577
3 5055 1577 4112
3 1464 5055 4112
3 3390 5154 5996
3 2176 2173 4972
3 3540 2176 3076
3 3540 3076 4712
3 1455 3076 4972
3 4972 3076 2176
3 5783 2944 4867
3 4258 4867 5497
3 469 4731 626
3 469 626 4009
3 4731 1316 4040
3 1316 4731 469
3 1316 469 3778
3 3778 469 5112
3 5112 469 4009
3 1283 3434 1182
3 1283 1182 2925
3 3434 4517 3887
3 1182 3434 3887
3 764 5259 4308
3 5259 764 4922
3 5967 4308 5259
3 5967 597 5116
3 597 5967 5259
3 4308 5838 3887
3 6371 5838 5967
3 4308 5967 5838
3 3778 5838 6371
3 6371 5967 5116
3 581 5953 6371
3 581 6371 5116
3 4533 581 1627
3 2838 2634 5456
3 4723 2838 5456
3 5098 5456 2634
3 3504 6330 2634
3 6100 6330 3504
3 183 6100 3504
3 183 3504 4288
3 4288 3504 2838
3 4288 2838 4723
3 2838 3504 2634
3 1552 4288 4723
3 1781 4638 4464
3 811 6502 2134
3 6502 4486 2134
3 2134 4486 3438
3 4863 4486 6502
3 5984 4863 3714
3 5984 1990 4264
3 1990 5984 3714
3 3166 3714 6502
3 6502 3714 4863
3 1990 3166 2904
3 3166 1990 3714
3 2904 5514 1990
3 5514 2283 1990
3 3624 4264 2283
3 4588 5514 2904
3 1990 2283 4264
3 5405 1574 2243
3 1574 5405 5452
3 5452 5405 210
3 6230 5405 2243
3 4238 846 292
3 4238 662 5409
3 6124 662 4685
3 6124 4079 3266
3 3160 1853 2892
3 3160 2892 5251
3 2892 258 5253
3 2999 2892 4908
3 2892 2999 258
3 6420 2100 126
3 3031 6420 126
3 5479 2240 634
3 5479 634 6035
3 4411 2564 2240
3 4411 2240 5479
3 559 5479 6035
3 1621 5479 559
3 5479 1621 4411
3 1423 5143 1900
3 990 2564 5143
3 990 5143 458
3 458 5143 3425
3 3425 5143 1423
3 5390 4085 990
3 458 5390 990
3 5835 5390 2932
3 1285 4640 4869
3 4894 1285 4869
3 5389 4869 1626
3 5389 1626 1731
3 5389 1731 4694
3 5815 5389 4694
3 5815 4694 324
3 4850 5942 5901
3 3049 6225 5988
3 4419 5988 6194
3 4419 6194 6359
3 5796 6099 6194
3 5796 6194 4641
3 6438 6099 6233
3 5175 6233 6099
3 4319 6438 6233
3 3443 27 570
3 570 27 2703
3 2703 27 5175
3 4075 3443 644
3 4075 644 1887
3 644 3443 3027
3 3027 3443 570
3 347 474 3027
3 6245 474 5714
3 5714 474 347
3 3027 474 644
3 644 474 6245
3 5714 347 2279
3 2279 347 5080
3 2567 5080 5056
3 2567 5056 2273
3 2567 2273 5844
3 5844 2273 5593
3 5249 5593 4072
3 4072 5593 4906
3 5844 5593 5249
3 5844 5249 5069
3 5588 2199 3711
3 5588 3711 4093
3 5714 6396 6245
3 4217 6224 6245
3 4833 6110 4217
3 4217 1383 4833
3 4733 4672 6122
3 6122 4672 1838
3 3634 1838 4672
3 756 4250 174
3 5819 756 4751
3 4751 756 174
3 4650 5129 2588
3 5069 785 5844
3 2567 5844 785
3 5069 5249 2550
3 1257 2550 4072
3 1257 4072 4191
3 4191 4072 4906
3 5249 4072 2550
3 5238 2550 2147
3 1257 2147 2550
3 2147 1257 2819
3 1257 4191 2819
3 431 2819 2553
3 431 2553 3489
3 2553 2819 1880
3 1880 2819 4191
3 2553 1880 262
3 262 1880 5615
3 5615 1880 2565
3 1022 5615 2565
3 2721 4795 4093
3 4093 4795 5588
3 1022 5588 4795
3 4312 331 6364
3 4312 6364 6257
3 6364 331 5615
3 5960 6257 6364
3 39 2414 5960
3 1635 4822 5960
3 5960 4822 39
3 1200 1635 639
3 639 1635 5960
3 1450 1355 2991
3 1450 146 4789
3 146 1450 2991
3 1755 4789 146
3 1755 146 2031
3 2031 146 2991
3 5266 1755 2031
3 3709 3466 5874
3 421 1755 5266
3 421 5266 528
3 5524 1755 421
3 5524 421 4350
3 5750 2339 1884
3 2339 5750 4350
3 2195 2680 2342
3 5377 3503 4483
3 6291 2604 3335
3 6291 2867 5022
3 2867 6291 3335
3 2256 5462 2867
3 2256 2867 6172
3 2256 6172 1268
3 5611 5307 6172
3 5160 1094 3977
3 5160 3977 2617
3 5661 5518 3977
3 5661 3977 1934
3 2351 1934 5611
3 2351 5611 248
3 5611 1934 2287
3 1612 5661 3428
3 3428 5661 2425
3 1506 3248 2
3 3248 1506 4591
3 4591 1506 1667
3 1667 1506 3718
3 4507 4839 6022
3 5481 942 5463
3 942 5481 1342
3 1961 1342 5481
3 1961 5481 1561
3 1961 1561 4539
3 4447 5864 5463
3 4447 5463 1693
3 4447 1693 2025
3 178 1693 36
3 178 36 4565
3 5445 3690 5734
3 4988 5445 5734
3 698 5445 5637
3 5637 5445 4988
3 4834 5637 4988
3 2756 4988 243
3 4565 243 5734
3 5734 243 4988
3 4834 4988 2756
3 4834 2756 3556
3 5256 6091 2804
3 2804 6091 2679
3 3535 2804 2570
3 2570 2804 704
3 1995 5530 365
3 1995 365 1358
3 1358 5028 1995
3 6272 4830 4570
3 4341 4830 1915
3 1915 4830 6272
3 1007 3600 2389
3 5752 2389 5650
3 5752 5650 2145
3 5752 2145 2353
3 6376 2145 5650
3 5055 4715 6376
3 6376 4715 2145
3 2145 4715 2353
3 4715 5055 1464
3 3372 818 2173
3 4315 3372 2173
3 6316 4315 3540
3 3540 4315 2176
3 4712 6316 3540
3 3888 6316 5783
3 6316 4712 5783
3 2937 6316 3888
3 327 4315 3002
3 327 3002 4898
3 2821 3002 2937
3 2821 2937 2088
3 4315 2937 3002
3 1553 6087 2821
3 2488 1553 6250
3 6250 1553 3364
3 3364 1553 2821
3 4731 6250 3364
3 4418 6250 4731
3 5 2488 6250
3 1967 5 6250
3 1967 6250 2436
3 2436 6250 4418
3 6318 2436 4418
3 4429 4961 1270
3 278 4429 1270
3 3038 278 4533
3 3038 4533 1627
3 3038 1627 2506
3 3141 4533 1270
3 1270 4533 278
3 6203 4429 278
3 6203 278 3038
3 2608 6203 3038
3 6330 6100 1562
3 6330 1562 2155
3 2155 1562 4128
3 4305 4128 1562
3 1659 1562 6100
3 4305 1562 1659
3 1659 6100 930
3 5724 5146 930
3 5724 930 6100
3 930 5146 1659
3 1832 3598 66
3 6490 3886 4741
3 4088 6490 5516
3 5516 6490 4741
3 6334 522 3624
3 6392 6334 3624
3 4941 6392 5514
3 2283 6392 3624
3 5514 6392 2283
3 3283 1919 3647
3 3415 3647 718
3 4179 5829 3415
3 4179 3415 2641
3 103 2641 3415
3 5390 1593 4085
3 6228 5835 2116
3 5835 6228 2366
3 5078 5126 4323
3 5348 4323 5126
3 1285 4894 3467
3 3467 3884 5815
3 5389 5815 3884
3 5389 3884 4894
3 4894 3884 3467
3 6461 2122 2660
3 6461 2660 2921
3 2921 2660 5807
3 1948 6461 2921
3 1948 2921 5807
3 1948 5807 3255
3 3255 5807 5974
3 3255 5974 5569
3 3049 5974 6225
3 4419 5974 3049
3 6359 5974 4419
3 6359 6108 5422
3 5506 746 5687
3 5466 4885 4377
3 5466 4377 5703
3 6438 4319 5621
3 2891 5466 5703
3 1887 6224 1920
3 2600 5684 3776
3 2600 3776 1293
3 39 4822 2414
3 2414 4822 2600
3 143 2414 2600
3 193 3776 5684
3 193 5684 237
3 6198 4138 3354
3 6198 3354 6002
3 4789 3354 1450
3 1450 4822 1355
3 4822 1450 3354
3 1306 6198 6002
3 1306 6002 2168
3 4350 3842 621
3 4887 5343 2808
3 2654 5343 4887
3 5453 1983 7
3 7 1983 6094
3 6417 16 5447
3 6311 5447 16
3 6311 16 5462
3 5462 16 6417
3 3430 6311 5307
3 5307 6311 2256
3 5307 2256 1268
3 5462 2256 6311
3 1041 3430 5307
3 1795 3428 1692
3 35 3149 3232
3 3048 6022 6184
3 1136 3541 6184
3 1136 6184 4063
3 1819 6184 3541
3 3127 3541 1136
3 3127 1136 4063
3 4447 4063 6022
3 6022 4063 6184
3 5608 3127 2025
3 4063 4447 2025
3 4063 2025 3127
3 3201 3815 5655
3 3690 3815 3201
3 698 3815 5445
3 6475 3815 698
3 6475 698 5637
3 3690 5445 3815
3 195 5655 3995
3 195 3995 5420
3 5420 3995 5620
3 5620 3995 5256
3 5256 3995 6475
3 6475 3995 5655
3 2873 5256 6475
3 6091 5256 2873
3 4041 1708 5420
3 1708 195 5420
3 5430 4041 5420
3 5430 5420 778
3 778 5420 1911
3 5757 3955 2142
3 5757 2142 3306
3 2769 6256 3306
3 3306 6256 5757
3 4688 6256 2923
3 6256 2769 2923
3 1995 4688 2923
3 2570 2923 3535
3 3535 2923 2769
3 5028 4688 1995
3 4688 5028 3411
3 1830 5625 5248
3 2811 5575 5757
3 5752 3917 5625
3 3917 5752 5757
3 5757 5752 2811
3 3256 3982 525
3 1725 5372 4414
3 4912 5372 1725
3 2968 4912 1725
3 1725 5502 2968
3 2968 2535 3646
3 2460 2535 3372
3 3372 2535 818
3 4898 2460 327
3 3372 327 2460
3 4936 3646 6443
3 4936 4195 3646
3 4195 4912 3646
3 6308 2193 5433
3 1299 6308 5433
3 6308 1299 1437
3 6308 1437 6459
3 2436 5359 1967
3 5359 6459 1967
3 1967 6459 1437
3 1967 1437 1299
3 6318 5359 2436
3 4960 6214 2935
3 4629 4420 6085
3 5107 4993 6085
3 5107 6085 4420
3 4572 5146 378
3 378 5146 5724
3 5146 4572 5107
3 6392 1615 6334
3 5798 5391 5878
3 4150 2917 1498
3 4901 2917 2320
3 2320 2917 4150
3 4901 2320 5253
3 5253 2320 5251
3 5251 5311 3160
3 5311 5251 2320
3 4900 3283 6232
3 4720 4644 5349
3 3414 4644 4720
3 3414 4720 6503
3 3255 5485 1948
3 1948 5485 6461
3 341 5485 3255
3 4780 5577 1083
3 1083 5577 5569
3 2584 1083 5422
3 3268 1235 861
3 861 1235 6529
3 861 6529 4522
3 6529 1235 2584
3 5639 861 4522
3 861 5639 5440
3 5134 3491 4522
3 4522 3491 5639
3 2078 5639 3491
3 2078 3491 4885
3 4885 1384 2078
3 5952 4604 321
3 321 4604 1305
3 5210 1872 5360
3 5360 1872 4833
3 4833 1872 6110
3 5093 4746 4183
3 4183 4746 5360
3 4183 5360 4833
3 6432 6322 3927
3 5688 4899 438
3 4300 4760 4779
3 4300 4779 4732
3 1820 4601 4300
3 1820 4300 4732
3 154 1820 4732
3 154 4732 1104
3 154 1104 1404
3 124 4446 694
3 124 694 4402
3 694 4446 1104
3 1104 4446 1404
3 1402 694 3250
3 694 1402 4402
3 5426 4200 2860
3 5065 4200 4627
3 4627 4200 5426
3 1983 4627 6094
3 3734 959 2394
3 2394 959 6126
3 2394 6126 3645
3 6126 959 5580
3 5994 3734 2394
3 2067 5994 2394
3 2067 2394 3464
3 874 3464 3645
3 3645 3464 2394
3 6417 4124 874
3 6417 874 5022
3 4550 4124 5447
3 6113 4550 5447
3 4320 6113 5841
3 1249 4222 5019
3 1249 5019 742
3 742 5019 2625
3 2625 5019 125
3 125 5019 747
3 125 747 1702
3 5538 5754 742
3 742 8 5538
3 8 742 2625
3 6436 6288 8
3 6436 8 2625
3 5538 6288 5885
3 3408 5885 6288
3 3682 107 2348
3 2348 107 3408
3 3408 107 5885
3 3492 2776 887
3 3492 887 738
3 4939 3377 1474
3 1474 3377 2229
3 3377 4403 2229
3 4612 2229 4105
3 4105 2229 4403
3 2229 4612 1474
3 136 4612 5149
3 5607 5149 4105
3 5607 4105 4403
3 4612 4105 5149
3 5178 5149 64
3 5178 64 5607
3 5178 5607 6527
3 5607 64 5149
3 1344 5776 3391
3 4590 3391 3541
3 3541 3391 1819
3 970 1819 3391
3 970 3391 5776
3 1344 3391 4590
3 4590 3541 1738
3 5655 2848 3201
3 2685 4597 2244
3 3746 5795 5430
3 3746 5430 4459
3 6484 1338 4459
3 4687 4195 3746
3 4195 3928 3746
3 3558 5198 6308
3 3558 6308 6459
3 3558 6459 3206
3 3206 6459 4367
3 3897 2089 4886
3 6258 2089 3897
3 3897 4886 1266
3 1266 4886 3947
3 6258 3897 1266
3 3777 6258 5554
3 4076 5554 6258
3 5554 2899 3777
3 4739 5554 4076
3 4006 6264 2899
3 6131 5955 4739
3 4114 6496 326
3 4114 326 4152
3 4152 326 6131
3 3417 4114 4629
3 4152 4629 4114
3 6085 3417 4629
3 1516 2021 5799
3 5799 2484 4175
3 5799 4175 5805
3 4175 2484 6264
3 2994 4794 4993
3 4993 4794 4021
3 1418 4794 2994
3 4572 2994 5107
3 5107 2994 4993
3 4994 4832 1899
3 1899 4832 2849
3 5461 4994 1899
3 5219 5461 604
3 5219 604 1976
3 604 5461 2849
3 1899 2849 5461
3 6049 4849 5985
3 4982 6074 6273
3 5985 4982 1669
3 3970 731 6392
3 6392 731 1615
3 555 4642 3831
3 555 3831 6464
3 555 6464 6293
3 6293 6464 501
3 4900 3761 3525
3 4900 3525 3655
3 1025 5076 5890
3 1025 5890 6228
3 3736 1025 6228
3 4361 4781 3414
3 4361 3414 6503
3 3414 4781 2517
3 3414 2517 4644
3 5038 1691 4781
3 5038 4781 4361
3 2879 761 4381
3 4381 761 5398
3 4381 5398 322
3 1149 761 870
3 2879 870 761
3 1149 870 6461
3 761 1149 5398
3 2020 3454 4325
3 4325 3454 4998
3 3037 4780 1957
3 3268 1957 1235
3 648 2280 4856
3 5423 2178 2794
3 5360 5720 5210
3 4503 6319 5720
3 800 6319 3889
3 3889 6319 4503
3 3889 4503 180
3 2297 3889 2012
3 2012 3889 180
3 2012 180 5486
3 5486 180 1068
3 1068 180 4503
3 4817 598 4571
3 598 4817 1068
3 3511 4571 2040
3 3511 2040 4746
3 1931 3791 2416
3 367 295 3067
3 2012 5486 6307
3 6322 6432 2012
3 2012 6432 2297
3 2297 6432 1357
3 6169 6432 5767
3 4666 5767 6432
3 4702 1940 2943
3 4702 2943 1509
3 1509 4899 4702
3 4702 4899 4760
3 3168 3617 5371
3 5371 3617 3046
3 131 2349 6044
3 4854 4601 2349
3 2349 4601 6044
3 3169 4601 1820
3 4450 3169 154
3 4450 154 1404
3 1820 154 3169
3 4853 4446 1297
3 4853 1297 6380
3 3834 4853 6380
3 4402 1297 124
3 124 1297 4446
3 3072 3834 6380
3 2207 6380 1297
3 2207 1297 4402
3 2069 1429 4200
3 5065 3427 2069
3 5065 2069 4200
3 6126 3998 6263
3 1546 4956 2706
3 6477 3171 3405
3 3035 3405 752
3 4186 6477 3035
3 4186 3035 472
3 4186 472 2483
3 2483 472 3035
3 2483 3035 5580
3 3617 5870 3046
3 5891 3046 5870
3 6072 3477 5994
3 723 5929 1272
3 723 1272 4613
3 4613 1272 2067
3 4613 2067 3464
3 5308 4613 3464
3 5308 3464 4124
3 4550 5308 4124
3 5308 4550 2291
3 2291 4550 6113
3 1818 5060 3656
3 3492 738 4224
3 3492 4224 2077
3 5135 3984 1269
3 4224 4562 4415
3 1304 3074 4562
3 190 1304 3377
3 1304 4562 3377
3 5326 3439 3689
3 5326 3689 2828
3 5326 2828 4835
3 136 5149 2828
3 4939 1997 3689
3 3689 1997 2828
3 1474 4612 1997
3 4939 1474 1997
3 4529 5326 4835
3 5066 3439 5326
3 5066 5326 4529
3 4135 4529 5178
3 4135 5178 6000
3 5178 4529 4835
3 2418 6000 5330
3 4171 5330 4590
3 4171 4590 6239
3 1738 6239 4590
3 6239 5020 6207
3 5020 6239 1738
3 6253 5344 4302
3 3759 4047 2685
3 2685 4047 4597
3 4597 4047 5344
3 4597 5344 6253
3 4096 6300 2947
3 4096 2947 5624
3 3558 3206 971
3 3558 971 5198
3 3777 4792 2094
3 3777 2094 6258
3 6264 1221 2899
3 4832 4471 4794
3 4794 4471 5823
3 4794 5823 4021
3 4021 5823 6264
3 1221 5823 1558
3 1558 5823 4471
3 1558 4471 3453
3 3608 4994 1873
3 1873 4994 5461
3 1873 5461 5219
3 1873 5219 1155
3 2678 2809 4943
3 2809 1155 358
3 2058 4943 2599
3 2599 4943 2809
3 2599 2809 358
3 3895 2058 2599
3 266 3895 1065
3 1065 3895 3989
3 3989 3895 2599
3 5985 4744 6049
3 6049 4744 784
3 2862 4744 1669
3 1669 4744 5985
3 497 2862 2151
3 2151 1488 6121
3 2151 2862 1488
3 4067 2133 2151
3 2151 2133 497
3 497 2133 4215
3 3840 4215 2133
3 4067 3840 2133
3 6293 1786 2845
3 6293 2845 555
3 555 2845 4642
3 3402 943 4889
3 3402 4889 1113
3 5738 3402 1113
3 5483 1113 4889
3 5483 5738 1113
3 5076 1208 1379
3 1691 5038 4432
3 2491 4361 6503
3 4361 2491 5038
3 1555 5038 142
3 142 5038 2879
3 2879 5038 2491
3 142 2879 4381
3 2020 4325 4876
3 4876 4268 1806
3 6069 4268 1935
3 1935 4268 3398
3 4268 6069 1806
3 6178 3921 3534
3 4856 6178 3534
3 1906 6178 2280
3 3145 1665 648
3 648 1665 2280
3 4344 6069 1002
3 1002 6069 4650
3 1690 4344 1002
3 1690 1002 6411
3 6411 1002 4650
3 593 4650 1935
3 1935 4650 6069
3 2588 6411 4650
3 751 5950 3980
3 5950 751 2092
3 6411 3980 1690
3 1690 3980 5950
3 5509 2092 751
3 315 5509 3879
3 3879 5509 3980
3 3879 3980 6411
3 751 3980 5509
3 3879 5373 2417
3 5238 5373 340
3 340 5373 3879
3 3489 441 5373
3 775 3489 5373
3 775 5373 5238
3 431 3489 775
3 431 775 2147
3 431 2147 2819
3 4831 262 5615
3 2553 262 4401
3 4401 262 4831
3 6395 4831 4312
3 331 4312 5615
3 5615 4312 4831
3 6395 4312 6257
3 242 1071 5702
3 6257 5702 1071
3 5960 5702 6257
3 6122 6333 4733
3 6333 3679 4733
3 2760 1334 3679
3 2760 3679 2544
3 2544 3679 6333
3 4733 3679 1334
3 6319 6333 2301
3 4180 4426 464
3 4316 6243 1871
3 1723 3972 4316
3 1723 4316 4502
3 6262 3929 3024
3 6262 3024 4004
3 6262 4004 2302
3 6262 2302 5099
3 2940 2302 4004
3 2940 4004 1117
3 1117 4004 834
3 834 4004 3024
3 4613 1802 723
3 2323 1802 5308
3 5308 1802 4613
3 5460 5060 1818
3 4466 5460 2271
3 2271 5460 2152
3 2152 5460 1818
3 5460 4466 3441
3 5272 6209 2271
3 4466 2271 6209
3 4011 5272 6098
3 3351 3838 5285
3 2445 2962 1917
3 4202 1917 2962
3 4202 2962 999
3 5066 1476 999
3 999 1476 4202
3 2185 1476 5140
3 4546 1127 740
3 4546 740 2185
3 1964 3967 1762
3 1964 1762 4955
3 4955 1762 4509
3 3453 4509 1558
3 4792 1558 1762
3 1762 1558 4509
3 3966 5962 2678
3 3966 2678 4943
3 3966 4943 2058
3 5125 3895 266
3 3895 5125 5517
3 3895 5517 2058
3 3675 5578 5738
3 4282 5578 5125
3 5125 5578 3675
3 5738 5578 3402
3 3402 5578 943
3 943 5578 4282
3 4116 4215 1385
3 4946 1816 3675
3 5738 4946 3675
3 4381 1730 5738
3 4381 5738 1555
3 4381 1555 142
3 5483 1555 5738
3 2973 909 2170
3 2170 909 973
3 5950 2170 973
3 5509 1563 5269
3 1563 5509 315
3 5509 5269 2092
3 356 5269 1563
3 356 1563 4476
3 4476 1563 315
3 2417 4476 315
3 3488 2303 4426
3 2303 3488 2856
3 5166 2760 3808
3 3808 2760 2303
3 2856 3808 2303
3 2760 2544 2303
3 4630 836 3808
3 3808 836 5166
3 4401 5166 836
3 4401 836 4630
3 6257 2128 6395
3 3488 6470 4118
3 4180 6470 3488
3 4878 2739 4551
3 3316 4878 4551
3 155 3316 4551
3 4115 5235 4657
3 5235 4115 1544
3 6406 5958 6243
3 6406 6243 539
3 539 6243 4316
3 5054 6243 5958
3 6406 539 5478
3 4926 1489 5478
3 4303 4790 4502
3 4502 4790 1723
3 2082 5380 2940
3 2082 2940 4693
3 1117 3441 4693
3 1117 4693 2940
3 5771 2946 3270
3 3270 2946 2082
3 3270 2082 2096
3 2096 2082 4693
3 3729 3270 2096
3 4693 2693 2096
3 2096 2693 2713
3 2096 2713 3729
3 3155 2381 6209
3 5464 5902 3155
3 5464 3155 314
3 314 3155 6209
3 1171 2381 3155
3 5464 314 5272
3 5272 314 6209
3 3485 1171 3155
3 3485 3155 5902
3 500 5935 5285
3 104 2443 500
3 104 500 3838
3 3838 500 5285
3 1240 2443 104
3 1240 104 4557
3 6105 1240 4557
3 6289 1917 4202
3 4546 707 1127
3 646 4546 6520
3 646 6520 5941
3 2691 966 1964
3 2691 1964 4955
3 2691 86 5201
3 5306 966 2797
3 2797 966 2691
3 2797 2691 5201
3 2292 5201 4024
3 4024 5201 86
3 4024 86 4955
3 4955 86 2691
3 5201 715 2797
3 2187 715 5201
3 2187 5201 2292
3 1629 2187 2907
3 5385 2907 6298
3 6298 2907 2187
3 6298 2187 2292
3 2368 6447 5962
3 5962 6447 6298
3 3151 5604 2905
3 5604 3151 2825
3 5245 5604 640
3 4657 264 1581
3 4657 1581 4115
3 4294 6480 6247
3 1461 6406 5478
3 3270 3729 4062
3 3270 4062 5771
3 4062 3729 5681
3 5681 3729 3399
3 2713 3399 3729
3 3399 3903 1527
3 3399 1527 5681
3 5894 3523 678
3 5894 678 6105
3 1752 4169 2878
3 1752 2878 6358
3 2011 3231 4555
3 4555 3231 4101
3 4362 4555 957
3 957 4555 4101
3 5676 957 852
3 957 4101 852
3 843 5385 4362
3 843 4362 957
3 843 957 5676
3 5306 5676 4101
3 4101 5676 852
3 1748 843 5676
3 1748 5676 3579
3 1748 5385 843
3 2960 5676 5306
3 56 2960 4148
3 3579 56 2103
3 2103 56 4148
3 5676 2960 3579
3 3579 2960 56
3 715 1629 4148
3 2797 715 4148
3 2797 4148 2960
3 2797 2960 5306
3 2103 4148 1629
3 2907 410 2103
3 2907 2103 1629
3 1748 3579 410
3 1748 410 5385
3 5385 410 2907
3 2103 410 3579
3 3005 2015 5015
3 5241 5037 5015
3 5015 5037 3005
3 5245 1651 5037
3 5245 5037 5604
3 6480 4239 4888
3 4239 6480 5875
3 5875 6480 6062
3 2593 4888 1772
3 640 1772 5245
3 5245 1772 4239
3 4239 1772 4888
3 1170 6480 4294
3 6480 1170 6211
3 4255 5672 2603
3 2816 2603 4294
3 3705 2816 4294
3 3705 4294 4408
3 4639 4155 2816
3 1910 4155 4639
3 4074 1527 2005
3 5867 4074 2005
3 536 5867 1923
3 1923 5867 2005
3 652 5745 2635
3 4027 5350 4815
3 4027 4815 6289
3 5015 2015 2011
3 5015 2011 4555
3 345 276 2871
3 5244 5827 3062
3 1072 5827 5244
3 1607 5743 3854
3 6211 5672 4223
3 6211 4223 1607
3 4551 4118 6470
3 2739 4118 4551
3 1540 2913 4135
3 1540 4135 6000
3 1540 6000 2418
3 4135 2913 5057
3 85 1928 1540
3 85 1540 2029
3 1540 2418 2029
3 1928 85 3796
3 3796 85 680
3 680 85 2029
3 5330 2029 2418
3 6239 1768 2749
3 1768 680 2749
3 6207 1768 6239
3 6239 2749 4171
3 5330 4171 2749
3 5330 2749 2029
3 2029 2749 680
3 4186 5870 1174
3 4186 1174 3987
3 4186 3987 6477
3 3987 1174 5831
3 5831 1174 5870
3 6477 3987 1660
3 1660 3987 4619
3 5831 4619 3987
3 6044 6136 4619
3 6147 1756 4416
3 6147 4416 4450
3 6147 4450 5619
3 1520 6147 3834
3 5619 3834 6147
3 4380 6327 5812
3 1325 4380 5812
3 1325 5812 145
3 3339 4990 3633
3 3633 4990 5812
3 3633 5812 3072
3 523 3339 3633
3 523 3633 2207
3 2207 3633 6380
3 6380 3633 3072
3 1429 5923 246
3 246 5923 5082
3 523 5082 5923
3 523 5923 4716
3 5239 4716 5923
3 6385 4716 5239
3 5239 3427 6119
3 1596 6119 3137
3 4218 6227 3818
3 3818 6227 3137
3 1596 3137 6227
3 1596 6227 2919
3 1105 6347 6227
3 1105 6227 4930
3 4930 6227 2030
3 2030 6227 4956
3 4956 6227 4218
3 2014 2638 1197
3 2014 1197 3990
3 2014 3990 5179
3 4593 6183 3990
3 2478 4593 1197
3 1197 4593 3990
3 5179 3990 6183
3 4593 2478 1546
3 1546 2478 4956
3 4956 2478 3583
3 3583 2478 2638
3 2638 2478 1197
3 5092 6183 6089
3 5179 6183 1587
3 1587 6183 5092
3 1420 5092 6089
3 1546 6089 6183
3 1546 6183 4593
3 3028 4248 3205
3 4873 3205 4947
3 4947 3205 658
3 2802 4049 1975
3 1975 4947 3171
3 4947 1975 4049
3 1975 1660 2802
3 6477 1660 1975
3 3171 6477 1975
3 4049 2802 3342
3 4049 3342 1230
3 1230 3342 5177
3 6193 5177 502
3 502 5177 3342
3 182 502 1837
3 3342 1837 502
3 1837 3342 3733
3 502 182 2085
3 502 2085 6193
3 2085 6147 6327
3 6147 2085 182
3 3033 6193 2085
3 3033 2085 6327
3 4380 3237 6327
3 6327 3237 3033
3 3237 4380 3018
3 3237 3018 6512
3 3018 1325 4347
3 1325 3018 4380
3 5337 6512 4347
3 4716 6385 5183
3 6347 5183 6385
3 6347 6385 2919
3 6347 2919 6227
3 1596 5239 6119
3 5239 1596 2919
3 5239 2919 6385
3 5632 4018 3730
3 5632 3730 3267
3 3267 3730 3788
3 1331 3267 3353
3 1331 5712 3267
3 2107 5712 1331
3 2107 1331 40
3 2107 40 5303
3 3353 40 1331
3 4201 878 3353
3 5762 3790 1346
3 5762 1346 305
3 3662 305 1346
3 766 5762 305
3 766 305 3662
3 2745 2014 5179
3 2014 2745 2638
3 2102 5179 1587
3 2102 1587 5092
3 2102 5092 3028
3 4248 3028 5092
3 4248 5092 1420
3 6079 6412 1118
3 1118 3458 6079
3 1573 3458 3028
3 2477 4873 2183
3 2183 4873 863
3 6512 2183 863
3 982 4873 3064
3 3064 4873 2477
3 3064 2477 4281
3 1230 863 4873
3 1230 4873 4947
3 4947 4049 1230
3 2477 2183 4824
3 4281 2477 3696
3 3696 2477 4824
3 4824 2183 6512
3 6357 6512 5337
3 2500 4281 3696
3 2500 3696 6357
3 6103 6357 5337
3 6181 6373 3164
3 6181 3164 4952
3 3164 6373 4018
3 3164 5632 4635
3 4635 4952 3164
3 5632 3164 4018
3 6357 6103 4545
3 2500 6357 4545
3 6369 3187 2500
3 6369 2500 4545
3 6369 4545 3115
3 4718 2384 4851
3 1826 4718 4851
3 4025 6320 4726
3 687 6354 4526
3 4526 6354 6320
3 6449 4172 1311
3 4172 6449 1646
3 5148 763 5712
3 763 2070 4606
3 5712 4606 2724
3 3209 766 4651
3 5077 6050 3209
3 5077 285 2507
3 3209 285 5077
3 3209 4651 285
3 6260 521 4651
3 6260 4651 6412
3 3574 6412 6079
3 6017 5070 6079
3 4156 3384 6237
3 6237 5258 4461
3 6237 4461 4156
3 422 1413 1335
3 1335 1413 4461
3 4461 1413 5774
3 4703 422 4240
3 4240 422 1335
3 1337 4240 939
3 6369 3115 939
3 782 6279 3900
3 1604 3000 5918
3 782 1604 2736
3 782 3000 1604
3 6223 1952 2736
3 6223 2736 1604
3 5918 6223 1604
3 6223 6050 4728
3 6468 4728 1531
3 3742 5270 3755
3 3742 3755 1531
3 5270 1039 3755
3 3755 1039 6468
3 1039 4332 6468
3 5270 3742 5077
3 1531 3755 6468
3 2507 5270 5077
3 6162 5270 2507
3 3462 583 2534
3 2964 583 5979
3 5979 583 3462
3 5979 3462 6260
3 6162 3462 2534
3 6260 5772 5979
3 2964 5979 5772
3 6412 5772 6260
3 3574 6079 5070
3 3574 5772 6412
3 5772 4999 2964
3 5070 4999 3574
3 3574 4999 5772
3 583 2964 2534
3 2534 2964 3384
3 3384 4999 5070
3 4999 3384 2964
3 4332 6328 6468
3 5270 6162 1039
3 1039 6162 4332
3 4332 6162 6328
3 2461 6208 2202
3 1453 2202 6208
3 2461 2202 1950
3 2202 1453 5833
3 5236 1950 3132
3 1950 1655 3132
3 1950 2202 1655
3 1655 2202 5314
3 4293 5314 4492
3 5833 4492 5314
3 4492 2607 5774
3 5833 2607 4492
3 5097 4492 5774
3 4492 5097 6345
3 6345 5097 1413
3 1413 5097 5774
3 5356 6345 112
3 4703 5356 112
3 5356 4703 4910
3 4703 112 6345
3 1362 4910 4703
3 4910 1362 1337
3 4240 1337 1362
3 5094 5931 2789
3 645 3419 316
3 645 316 4940
3 2729 3419 1350
3 316 3419 4726
3 4726 3419 2729
3 4718 4726 2729
3 4718 2729 6501
3 4782 2331 3546
3 2331 6208 2461
3 1950 5236 3546
3 5227 6210 2411
3 2411 6210 2456
3 560 3235 5227
3 560 5227 3262
3 3262 5227 2411
3 4293 3262 5314
3 5314 3262 614
3 614 1655 5314
3 1655 614 3132
3 3132 614 2411
3 3132 2411 2456
3 2411 614 3262
3 6345 4293 4492
3 2702 4934 4301
3 4301 4934 1389
3 5356 1389 4934
3 1389 5356 4969
3 4969 5356 1190
3 3620 5168 1508
3 2448 1508 5168
3 3620 1508 4615
3 4433 4615 1508
3 4433 1508 5047
3 2448 5047 1508
3 4683 5047 5094
3 4683 5094 2789
3 4940 6174 645
3 645 6174 4182
3 1805 3053 4940
3 1805 2358 1978
3 2358 1805 4940
3 6354 1978 2358
3 6354 2358 6320
3 6320 2358 4940
3 6320 316 4726
3 5091 1805 5492
3 5492 3483 5162
3 3483 5492 1978
3 1978 5492 1805
3 297 5162 3483
3 5913 573 2408
3 4569 150 2408
3 2408 4364 4569
3 4569 4364 2984
3 2305 4364 2408
3 2305 2408 573
3 4364 2305 5682
3 4364 5682 4378
3 4364 4378 2984
3 1763 4378 5682
3 204 1763 4022
3 4022 2618 204
3 4496 4022 1763
3 4496 1763 172
3 172 1763 5682
3 6053 4496 172
3 4301 6053 2702
3 172 2702 6053
3 91 4937 1389
3 91 1389 4969
3 1389 4937 4301
3 5200 91 4307
3 4307 91 5168
3 3620 4615 2135
3 2135 4615 1403
3 3620 4307 5168
3 3620 2135 4307
3 5868 4307 2135
3 4111 5868 1403
3 3103 5868 4111
3 3103 4111 5370
3 2135 1403 5868
3 5410 4111 2559
3 3804 4433 5122
3 5122 4433 6249
3 1137 2800 5122
3 1137 5122 6249
3 5173 239 2800
3 5173 2800 1137
3 5173 1137 1825
3 1825 1137 6249
3 5231 6446 5002
3 2757 6446 6174
3 2757 6174 6280
3 3392 6280 5766
3 5766 6280 6190
3 4177 4653 5766
3 4177 5766 4375
3 4375 5766 6190
3 4375 6190 4077
3 5091 4077 6190
3 1805 5091 3053
3 1110 5162 5947
3 4260 5492 5162
3 4260 5162 1110
3 4254 5947 201
3 4254 201 2158
3 4132 5947 4254
3 4254 1087 5331
3 5331 1087 920
3 920 1087 4920
3 4920 1087 2158
3 2158 1087 4254
3 4254 5331 4132
3 6353 920 4920
3 3186 5310 288
3 288 5310 5913
3 3988 3470 4190
3 442 4190 3470
3 442 3470 4569
3 442 4569 5793
3 5793 4569 1791
3 4120 2618 5267
3 4649 3424 2119
3 5267 2119 3424
3 2119 5267 2618
3 5893 2119 6066
3 4763 289 1711
3 4763 1711 1398
3 1425 289 3923
3 6066 3923 4763
3 4763 3923 289
3 2881 1711 289
3 2881 289 1425
3 4745 1425 3923
3 4745 3923 4368
3 6355 4745 4368
3 6058 6355 4368
3 6058 2753 4351
3 2753 6058 4368
3 6053 4351 2753
3 6053 2753 4368
3 4937 6053 4301
3 4351 6053 4937
3 4407 2148 3191
3 3191 2148 5200
3 3191 5200 5800
3 4407 3191 6076
3 991 6076 3191
3 991 3191 5800
3 2881 991 1589
3 991 5800 1589
3 991 2881 6076
3 2881 1123 6076
3 1425 1123 2881
3 1589 1711 2881
3 3103 1398 5868
3 2527 5868 1398
3 4763 1398 3103
3 5370 5893 4763
3 5370 4763 3103
3 6483 6076 1123
3 6483 1123 4745
3 6483 4745 6355
3 856 4465 4407
3 1323 856 4407
3 6076 6051 4407
3 6051 6076 6483
3 2555 6483 6355
3 719 2555 657
3 719 657 2236
3 2236 657 1026
3 2236 1026 5585
3 4919 1026 657
3 1259 4919 6058
3 1259 6058 4465
3 6058 4919 6355
3 4515 5585 209
3 4515 209 2465
3 4515 2465 1720
3 3911 1720 2465
3 3911 2465 3592
3 3911 3592 119
3 4585 3592 4465
3 856 4585 4465
3 4465 3592 1259
3 1259 3592 4919
3 3592 4585 119
3 3106 6051 6483
3 3106 6483 2555
3 1848 6051 3106
3 4175 3106 2555
3 719 5805 2555
3 4370 5805 719
3 4370 719 2236
3 4370 2236 6496
3 6496 2236 5585
3 4909 4515 1029
3 4909 1029 2549
3 1029 4515 1720
3 1613 5818 6331
3 5818 1029 1720
3 1029 5818 1613
3 3869 6331 5818
3 3869 5818 3911
3 3911 5818 1720
3 5189 3869 4585
3 6217 5189 4585
3 350 6331 5189
3 350 5189 6337
3 4949 6337 5189
3 2733 4949 4006
3 4006 4949 1848
3 1848 4949 6217
3 5554 2733 2899
3 2899 2733 4006
3 3874 2733 5554
3 3874 5554 4739
3 3874 4739 1435
3 5955 4909 37
3 5955 37 4739
3 6337 4949 3874
3 4577 6337 3874
3 4577 3874 1435
3 4577 3323 5749
3 5749 3323 1613
3 6331 5749 1613
3 1613 3323 2549
3 2549 3323 1435
3 1435 3323 4577
3 5749 6331 350
3 5749 350 6337
3 5749 6337 4577
3 390 6496 4114
3 390 3417 1516
3 3417 2021 1516
3 6085 2021 3417
3 4114 3417 390
3 6496 390 1516
3 6496 1516 4370
3 1472 3424 1557
3 1472 1557 4190
3 1557 3424 4649
3 1557 5315 5083
3 5083 5315 78
3 78 5315 5158
3 5083 78 5158
3 5410 5315 1557
3 1557 5083 4190
3 4190 5083 3988
3 5315 5410 3804
3 2559 3804 5410
3 5315 3804 5158
3 3988 5083 3186
3 2759 3186 5083
3 2759 5083 5158
3 5334 6504 696
3 696 6504 3484
3 1375 1715 4139
3 1869 2497 3484
3 3484 2497 1715
3 3484 1715 696
3 696 1715 1375
3 1715 2497 1246
3 1052 4139 1246
3 372 1246 2497
3 372 2497 1869
3 1715 1246 4139
3 6451 372 5173
3 5173 372 1869
3 5231 5002 6485
3 6485 5002 3011
3 4738 3011 2300
3 2300 6446 2757
3 5002 6446 2300
3 5002 2300 3011
3 2300 2757 6280
3 2300 6280 4738
3 4107 3011 4738
3 3392 4536 4107
3 3392 4107 4738
3 1603 922 217
3 922 1603 6118
3 1603 217 4653
3 4857 6118 1603
3 4857 1603 4653
3 998 4857 4653
3 5840 2267 998
3 998 2267 4857
3 6493 4375 4077
3 4375 5840 4177
3 5840 4375 6493
3 532 1712 1134
3 1863 532 423
3 532 1134 375
3 375 1134 793
3 532 375 423
3 423 375 2267
3 375 793 2267
3 1441 793 1134
3 1134 1712 2585
3 1712 532 1863
3 5840 1863 423
3 5840 423 2267
3 4857 2267 793
3 4260 6493 5091
3 6493 4260 1863
3 5091 6493 4077
3 1712 1863 4260
3 1712 4260 1110
3 1712 1110 2585
3 6118 4857 793
3 6118 793 1441
3 1441 4608 4556
3 6081 4556 4608
3 4608 1441 2585
3 4132 4608 5947
3 5528 5331 920
3 5331 5528 4608
3 5331 4608 4132
3 3591 2936 1740
3 1740 2936 5528
3 2143 3591 1740
3 2143 1740 6353
3 3165 2936 5334
3 2936 3165 6081
3 5100 6081 3165
3 5100 3165 5334
3 4556 6081 5100
3 6118 4556 5100
3 922 6118 5100
3 922 5100 106
3 106 5100 5334
3 4139 2393 1375
3 6191 3257 1052
3 6191 1052 6451
3 1052 3257 4139
3 1933 6191 6485
3 6451 6485 6191
3 4107 1933 3011
3 3011 1933 6485
3 2759 1291 1907
3 2759 1907 6504
3 2759 6504 3186
3 3186 6504 5310
3 5267 3424 1472
3 442 5793 1472
3 5793 5267 1472
3 4120 5267 5793
3 4120 5793 1791
3 4190 442 1472
3 4824 6512 6357
3 3696 4824 6357
3 5503 6032 4571
3 5842 2337 3217
3 6256 5625 3917
3 6256 3917 5757
3 4863 5984 4486
3 4486 5984 6490
3 4264 6490 5984
3 1491 6434 3724
3 6434 1491 2221
3 2221 1491 2171
3 3901 1918 5102
3 6399 6235 4816
3 6175 1597 158
3 4269 5848 6430
3 6531 6430 1248
3 2893 4599 4087
3 5381 2296 6255
3 6255 2296 5468
3 4592 2898 2344
3 3383 4592 695
3 3383 695 6494
3 695 4592 2344
3 4704 2344 2898
3 4365 3383 6494
3 3 5816 4592
3 3 4592 3383
3 4592 5816 4089
3 4334 4365 6350
3 4365 4334 3383
3 3383 4334 3
3 3 4334 5816
3 2963 6473 6508
3 2963 6508 4487
3 3063 3959 6508
3 4467 6508 3959
3 5301 3959 5912
3 5301 5534 1415
3 5136 5889 3121
3 3121 5889 5534
3 5729 5673 5816
3 5816 5673 4089
3 5301 1415 826
3 826 1415 4933
3 4933 1415 5729
3 708 4467 826
3 708 4933 4583
3 4583 4933 4334
3 826 4933 708
3 4334 6350 6473
3 3020 4102 6473
3 4352 6473 2963
3 4352 2963 4487
3 6127 4487 4467
3 708 6127 4467
3 1634 6127 708
3 708 4583 1634
3 6164 1634 4583
3 4102 6164 4583
3 6205 6164 3020
3 6164 4102 3020
3 6473 6205 3020
3 6127 2258 4352
3 4487 6127 4352
3 6473 4352 6205
3 6205 4352 2258
3 6205 2258 6164
3 6164 2258 1634
3 6127 1634 2258
3 196 6314 81
3 81 6314 4508
3 4508 6314 4495
3 6375 4508 5226
3 6375 5226 2979
3 4495 5226 4508
3 2979 1028 4338
3 1028 2979 189
3 6261 245 6375
3 1584 6261 354
3 1584 1591 6261
3 2132 354 2865
3 2865 354 6261
3 2865 6261 4262
3 2380 5114 4786
3 5114 2380 4422
3 5114 4422 1421
3 5309 4422 2380
3 2754 5309 3107
3 2754 3107 2238
3 2754 2238 5828
3 2380 3107 5309
3 5828 5556 2754
3 5309 2754 5556
3 5147 1891 6054
3 5147 5828 1891
3 6005 4582 5147
3 6005 5147 6054
3 6286 6054 1891
3 6286 1891 459
3 459 1891 5828
3 5556 75 2501
3 5309 5556 2501
3 4582 2501 75
3 4582 75 5147
3 5147 75 5556
3 4422 5309 1057
3 4422 1057 1421
3 4582 1057 2501
3 2501 1057 5309
3 3514 5880 4246
3 4819 5001 4802
3 4937 5200 2148
3 4937 2148 4351
3 3057 6350 6478
3 649 3063 4935
3 5407 2758 3693
3 5352 2758 5407
3 5407 2692 5352
3 2692 2954 5352
3 592 5352 2954
3 5352 592 2758
3 3693 2758 2192
3 592 2954 5429
3 2692 1585 2954
3 2954 1585 5429
3 4051 642 5482
3 4051 3810 750
3 4051 750 162
3 4051 162 642
3 750 3810 2692
3 1585 2692 3810
3 1585 3810 3001
3 4493 642 162
3 642 4493 5482
3 3666 1578 61
3 61 4493 3666
3 1528 3666 4493
3 1528 3644 6389
3 5527 2039 2192
3 5527 2192 2758
3 5527 2758 592
3 543 3295 5469
3 5469 5212 543
3 6007 543 5212
3 6007 3295 543
3 5469 3295 4989
3 4989 3295 1885
3 594 6361 3548
3 2764 4984 6254
3 3368 4948 736
3 3368 736 4764
3 5726 4764 4748
3 736 4948 2922
3 5914 2922 4975
3 4825 3315 4430
3 6080 304 4162
3 3906 5379 3302
3 1833 3906 3302
3 4882 5145 3792
3 3792 5145 5379
3 4086 3345 3910
3 3345 1973 3910
3 4662 1203 5512
3 2806 6170 6254
3 2922 233 4748
3 233 2922 5914
3 4748 736 2922
3 370 5246 1130
3 1130 5246 5000
3 4948 2961 3444
3 4975 4948 3444
3 6080 4162 643
3 2869 631 3935
3 631 801 5886
3 3935 631 5886
3 5886 5351 3935
3 631 2869 1187
3 631 1187 801
3 5886 1530 5351
3 3432 2059 6018
3 4866 788 1216
3 4866 1216 5379
3 5379 1216 3302
3 3302 1216 1956
3 5145 547 3291
3 3291 547 4477
3 1590 5145 4882
3 1590 4882 4981
3 4477 1590 4095
3 4477 547 1590
3 1590 547 5145
3 4095 1590 4981
3 5030 5151 3890
3 5030 3890 3573
3 5196 5151 1189
3 6107 2457 4528
3 1467 4528 2457
3 4528 1467 4211
3 6221 4942 4801
3 5432 4801 4942
3 1870 3945 3463
3 1870 3463 6221
3 3945 5731 6382
3 3676 5770 4131
3 370 4219 5119
3 558 188 2738
3 2738 4147 558
3 558 4147 5689
3 558 5689 3722
3 558 3722 188
3 4589 188 3722
3 5000 4437 1130
3 1130 4437 1773
3 5000 3741 5617
3 5000 5246 3077
3 1314 2594 405
3 2594 1314 6294
3 4812 3935 5351
3 3935 3338 2869
3 3338 3935 4812
3 3338 4812 336
3 5987 1530 2347
3 186 2253 5930
3 2061 2253 186
3 219 3019 2378
3 3019 4520 2378
3 3501 1243 537
3 1243 541 6393
3 537 1243 6393
3 537 3916 3501
3 3501 636 1243
3 1243 5755 541
3 5755 4979 541
3 541 4979 6393
3 4214 3501 3916
3 3197 6200 2326
3 3197 2326 1666
3 4775 2326 6200
3 2326 4775 5288
3 4775 1831 5288
3 4964 6065 1898
3 4964 1898 1572
3 3611 2820 4810
3 3291 4477 2387
3 2387 3611 3291
3 3611 2387 2820
3 975 244 6045
3 975 6045 4584
3 6045 160 4584
3 3581 2209 4840
3 6045 3581 4840
3 6045 4840 160
3 3386 2105 5978
3 3085 3386 5978
3 3855 1971 5978
3 5978 1971 3085
3 3386 3089 2105
3 5978 2105 5560
3 5560 3855 5978
3 2338 5442 1729
3 6107 1467 2457
3 6107 5416 1467
3 6107 5613 5416
3 5660 4942 3140
3 2672 3140 25
3 2672 25 5003
3 1095 5003 25
3 1095 25 3140
3 1095 3140 4942
3 4942 6221 1095
3 5003 1063 625
3 625 1030 5003
3 5003 2949 1063
3 5641 1892 1582
3 4665 1432 5641
3 1432 6416 4434
3 1432 4434 5641
3 6416 3981 2355
3 2242 3981 6284
3 6284 3981 6416
3 5689 2079 3722
3 3722 2079 6284
3 4147 6146 5689
3 4147 1126 6146
3 5883 4437 5617
3 3741 1492 2814
3 712 3780 1492
3 712 2924 3780
3 6294 5257 2594
3 3507 2594 5257
3 336 6294 3338
3 3753 5930 1803
3 2262 3102 4499
3 2262 4499 4016
3 3515 6393 4979
3 1300 1549 5073
3 24 1549 1300
3 1666 6368 4634
3 1831 3456 5288
3 5288 3456 5571
3 4884 5922 3912
3 4884 3912 1771
3 2322 5106 5973
3 3512 5963 4425
3 3512 4425 5927
3 3512 4821 5963
3 6152 5963 4821
3 4425 5963 4283
3 4810 2820 4436
3 1941 1842 2387
3 1941 2387 4477
3 2026 2387 1842
3 3055 6498 5858
3 3431 3688 2707
3 2707 3688 5264
3 3431 2050 3688
3 5264 2837 2707
3 5449 4840 654
3 654 6487 5449
3 1391 5449 6487
3 5197 1633 5560
3 5197 4837 1454
3 4819 2402 320
3 320 5197 5560
3 2402 5197 320
3 3386 2857 3089
3 1470 5821 382
3 157 5442 2830
3 3140 2672 5660
3 4659 3760 2887
3 3550 5559 5493
3 5493 5058 3550
3 3550 5058 892
3 3550 892 4659
3 892 5058 1938
3 3760 892 1938
3 892 3760 4659
3 3760 1938 4392
3 5612 4393 6377
3 3981 2284 2355
3 2355 2284 3637
3 3637 2284 4983
3 5877 2284 3981
3 5877 1237 4983
3 4983 2284 5877
3 5111 745 5533
3 5111 5533 5321
3 5111 5321 1510
3 2875 745 6284
3 6284 745 2242
3 2242 745 5111
3 2875 5533 745
3 5297 3129 5428
3 5428 3129 958
3 4625 5428 3190
3 3190 5428 6146
3 6137 2740 6158
3 754 6158 2740
3 4043 3930 4845
3 4249 4845 3930
3 4043 4845 6370
3 4043 398 3930
3 4902 5402 3549
3 4902 6006 4776
3 3549 5402 1459
3 4902 4776 5402
3 3051 4727 5965
3 3507 5610 3516
3 3516 2572 3507
3 6294 6135 5257
3 5193 1496 5647
3 4196 5647 1496
3 5193 5647 6082
3 3208 2361 3026
3 3208 4196 2361
3 4196 729 2361
3 3208 3026 4178
3 3753 1803 586
3 729 3753 586
3 729 586 2361
3 4499 3337 4016
3 3914 5943 700
3 4538 3914 700
3 3914 5434 5943
3 700 5943 4289
3 3997 4428 1046
3 24 1300 1537
3 2401 2648 1929
3 3957 1929 2648
3 1929 3957 3668
3 4788 175 3668
3 3668 175 1929
3 1929 5640 2401
3 5640 175 2048
3 5562 2576 4788
3 692 3045 2664
3 5922 4094 692
3 4094 3045 692
3 1196 737 4094
3 1196 4094 4884
3 4884 2997 1196
3 4108 5609 5363
3 4490 3241 4953
3 4953 4286 4490
3 4490 3259 3241
3 4283 2429 4425
3 4425 2429 88
3 5264 6489 3040
3 337 5342 5850
3 4874 3263 5850
3 5850 3263 337
3 337 4753 5342
3 5161 1657 3263
3 5733 5324 2843
3 2843 5324 5180
3 6487 1703 1391
3 1703 6487 5169
3 6487 2791 5169
3 3393 4837 1707
3 52 5521 6036
3 5521 52 4769
3 5494 1122 4053
3 5494 4053 4980
3 4980 4053 6036
3 2726 1122 3246
3 2726 3246 1521
3 3246 1122 5494
3 3246 5494 5546
3 5494 4980 1097
3 2737 817 5821
3 2737 2813 6384
3 5546 2737 6384
3 2737 5546 817
3 2513 249 5781
3 3407 5081 2422
3 2887 2945 1750
3 4392 5934 2945
3 5058 1222 1938
3 1938 1222 4392
3 4392 1222 1036
3 1226 6377 665
3 1226 665 2493
3 1226 2493 600
3 3134 665 6377
3 665 3134 2493
3 600 2493 5300
3 5300 2493 4435
3 1296 3133 3134
3 1296 4678 3133
3 3133 4678 4435
3 3133 4435 3134
3 1168 2774 6486
3 1168 6204 2774
3 5328 477 2686
3 5328 3747 477
3 6486 477 3747
3 1217 3953 3176
3 3953 1217 1894
3 4602 4759 6137
3 6290 6521 4931
3 795 4532 1045
3 795 1045 6370
3 5980 6006 3549
3 638 3413 1191
3 2568 2459 815
3 2459 223 815
3 815 4421 2568
3 2568 1849 2459
3 2459 3412 223
3 3086 815 223
3 4421 815 3086
3 6135 491 116
3 6313 2933 1327
3 1803 5261 586
3 586 5261 1206
3 3026 1206 11
3 1889 3702 4289
3 1889 4449 3702
3 4799 923 4289
3 923 4799 588
3 923 588 1511
3 2439 4799 5943
3 1537 4036 4962
3 82 5966 5458
3 82 5458 3435
3 1119 5458 889
3 1119 889 6096
3 5286 2235 932
3 5763 1312 6505
3 3193 2234 1779
3 767 1779 2234
3 5956 1779 579
3 579 1605 5956
3 5956 1605 6510
3 4291 6510 1605
3 4291 1605 4204
3 5916 5547 5956
3 5956 5547 1779
3 3500 5666 5547
3 5367 3045 737
3 5736 1032 2744
3 2744 1032 2684
3 2684 1032 4807
3 3649 2146 805
3 3649 805 1865
3 4395 3041 3649
3 3649 3041 2146
3 5510 351 3481
3 6356 5510 2473
3 1194 325 4735
3 4735 325 4181
3 1194 4443 325
3 4735 1811 4163
3 6212 4163 1811
3 4181 1811 4735
3 6025 3937 1821
3 5480 3996 6185
3 6185 3787 5480
3 5850 5342 5480
3 4098 821 2129
3 4098 5342 821
3 821 5342 4753
3 3143 4098 2129
3 6351 4928 2435
3 2435 4928 3263
3 2435 3263 1657
3 5521 4769 2948
3 5521 2948 1707
3 5544 5602 2428
3 2428 5602 4769
3 5626 5090 5544
3 216 2428 2805
3 4769 2805 2428
3 5626 3706 1255
3 3706 5626 5544
3 3706 5544 216
3 216 2805 3706
3 4053 1122 2726
3 2726 911 4053
3 4053 911 4231
3 4053 4231 6036
3 3246 5546 3297
3 3246 3297 1521
3 2536 2884 1845
3 2884 2536 6384
3 2884 3823 2464
3 3553 4750 1777
3 3553 1777 5643
3 4750 2906 5268
3 3313 563 3271
3 563 3623 3271
3 6029 1497 3271
3 3271 1497 3313
3 563 3313 4176
3 563 4176 2896
3 563 2896 3623
3 6086 3271 3623
3 3271 6086 6029
3 6043 1500 5300
3 1746 5384 6387
3 2216 6104 1212
3 2216 1212 5018
3 2216 5018 2224
3 6486 3747 6296
3 3747 5328 6296
3 519 3953 1894
3 862 519 1894
3 4544 3882 1253
3 4544 1253 5748
3 1809 2866 5748
3 3300 4081 6506
3 3300 6506 5936
3 5997 5761 6290
3 5271 1044 1380
3 1380 1044 1618
3 3355 1618 1044
3 5520 6132 5163
3 2568 4032 1364
3 3260 857 5817
3 5817 921 3260
3 5699 921 5817
3 857 3260 3872
3 191 3872 3260
3 3421 6535 6159
3 1327 2933 2728
3 3265 2728 2933
3 5131 5473 668
3 5131 668 2622
3 2622 668 3310
3 2622 3310 5659
3 2993 3167 3280
3 2993 3280 4449
3 2993 4449 3894
3 1889 4289 923
3 1889 3894 4449
3 3894 1889 923
3 588 1264 5659
3 3310 588 5659
3 968 4159 489
3 968 489 2154
3 968 3098 4159
3 5434 1262 212
3 5434 212 2439
3 1119 6096 2977
3 2977 6096 1726
3 5316 376 5966
3 5316 5966 3907
3 5316 6096 889
3 5316 889 376
3 3105 686 3907
3 3105 1606 686
3 686 1606 4046
3 686 4046 3158
3 686 3158 3907
3 3292 1726 4046
3 1606 3105 2118
3 2118 3105 932
3 2118 932 5763
3 932 3105 5286
3 2118 5763 3801
3 3801 5763 3292
3 3292 4046 3801
3 6465 6013 2658
3 2658 6013 461
3 2658 2689 977
3 5142 2312 977
3 2312 4291 4204
3 2689 5142 977
3 5142 2689 5675
3 6465 2658 3215
3 3215 2658 977
3 3215 977 2312
3 2312 4204 3215
3 2234 545 767
3 545 1605 579
3 545 579 767
3 2234 899 545
3 545 899 1605
3 485 6013 2731
3 3193 485 2731
3 797 3073 3774
3 797 3774 6130
3 123 5666 3073
3 5666 3774 3073
3 3774 5152 6130
3 797 2785 3073
3 3073 2785 123
3 2784 4519 4547
3 2784 1999 4519
3 3214 1999 2784
3 2784 4547 1639
3 4958 2744 2684
3 2744 4958 5644
3 3942 3725 3211
3 3942 3211 876
3 876 2704 3942
3 3942 2684 3725
3 1195 2472 1865
3 2397 4276 1694
3 2450 2397 4242
3 4242 2397 1694
3 4242 1694 2332
3 2146 838 805
3 805 838 2397
3 805 2397 1865
3 2397 838 4276
3 838 5847 4276
3 4064 4276 5847
3 4276 5252 947
3 960 947 1876
3 947 960 1694
3 1694 960 2332
3 960 1876 1860
3 960 1860 102
3 960 102 2332
3 5586 576 2750
3 4855 4023 1336
3 1336 4023 6218
3 4669 4647 4443
3 4580 4669 4443
3 2554 409 2595
3 2595 4735 4163
3 2595 4163 2554
3 6212 2554 4163
3 4443 2595 409
3 2595 4443 1194
3 6212 256 4292
3 3806 1551 1550
3 1551 3806 2976
3 2782 6071 1006
3 2782 1006 6176
3 2782 6176 5834
3 2782 5834 4157
3 4157 4893 4314
3 2276 6246 773
3 5090 3931 6031
3 2390 6332 4541
3 3447 329 1495
3 1013 2317 329
3 329 2317 1495
3 3447 4913 329
3 3552 6323 3559
3 1777 4750 1484
3 5268 1484 4750
3 5067 1996 2359
3 6275 1394 5803
3 6499 5803 1394
3 1497 4265 3313
3 5946 3313 4265
3 5946 4265 2518
3 5691 2164 4265
3 2164 5446 1395
3 1395 5446 2518
3 5581 6488 5415
3 5581 5415 2204
3 5018 1241 6488
3 4762 2953 4620
3 2953 4762 3406
3 4563 2241 1102
3 4563 1102 6171
3 1102 4518 2131
3 5414 1106 6428
3 2330 6295 4431
3 5778 6287 4357
3 4357 3279 5778
3 6097 494 3069
3 3069 494 2632
3 6097 338 4717
3 4717 338 6201
3 59 3717 419
3 59 419 414
3 414 419 2123
3 6067 5188 5260
3 743 3099 1943
3 1078 5638 1322
3 3370 2055 4318
3 2071 5880 3514
3 2071 3514 2175
3 2175 3514 6130
3 808 2689 461
3 461 6013 5880
3 461 5880 808
3 808 5880 5675
3 808 5675 2689
3 3615 5659 620
3 3615 620 3098
3 5659 4159 620
3 620 4159 3098
3 3025 6084 1329
3 3025 228 6084
3 929 1502 1514
3 929 1514 1888
3 2667 3565 5181
3 2667 2974 3565
3 2974 199 3565
3 3565 199 1033
3 5951 575 5181
3 5181 575 2667
3 5199 5951 3068
3 5869 3732 5728
3 1349 2986 6182
3 3228 6206 4242
3 5265 3684 5459
3 5265 6142 3684
3 2687 5540 3320
3 4915 6479 701
3 3991 701 6479
3 5768 4915 701
3 4915 5768 5540
3 5768 701 3272
3 3272 701 3991
3 3272 2149 6064
3 4580 4292 6266
3 3789 730 4328
3 6514 3290 4306
3 4235 4306 3290
3 4235 3290 4771
3 1468 5975 6071
3 1468 4314 5975
3 4157 4314 1468
3 3301 5115 1998
3 2771 994 4374
3 2611 4374 994
3 1451 2771 5089
3 5089 2771 4374
3 2626 5354 3052
3 904 6367 3650
3 3650 6367 2354
3 3650 2354 3543
3 3650 3543 1783
3 1670 6397 3691
3 392 6156 2489
3 1636 275 3118
3 3118 275 5992
3 5067 1824 5242
3 138 3932 1824
3 5455 2942 664
3 664 2942 3832
3 664 3832 4661
3 4661 3832 5552
3 1277 2942 5455
3 3685 4714 5455
3 5455 664 3685
3 3685 664 4661
3 4511 3207 373
3 6488 3839 5415
3 5415 6123 6534
3 3006 3505 4656
3 3006 4656 1602
3 4123 3006 5871
3 1602 5871 3006
3 4656 5871 1602
3 1146 4656 3505
3 5255 2374 3180
3 992 159 3218
3 992 3218 2374
3 5758 480 1988
3 5279 1759 1586
3 5194 1759 5279
3 4811 2127 4921
3 3517 776 1073
3 776 3517 2735
3 4439 5505 627
3 1700 4567 5505
3 3294 5505 4567
3 2382 1700 20
3 20 1700 6287
3 2382 4442 1700
3 1700 4442 4567
3 790 4442 5053
3 790 853 4442
3 853 790 4514
3 3285 494 3159
3 3285 2632 494
3 3159 494 4717
3 3159 4717 6201
3 3159 6201 1647
3 6201 1319 3562
3 3562 1319 3336
3 881 3451 5454
3 2333 1433 5836
3 6116 2333 4399
3 5876 47 2560
3 3748 5876 5260
3 5876 3748 5355
3 5957 5101 4354
3 4207 1679 108
3 1054 1445 3135
3 1054 3135 1679
3 4144 4448 3066
3 4448 4144 267
3 3066 4448 4655
3 3457 4768 6497
3 3457 6497 2723
3 2723 6497 140
3 4768 3440 6497
3 5555 1024 831
3 5555 831 807
3 807 3369 2239
3 2239 3369 3182
3 2371 3369 831
3 2371 831 299
3 299 831 1024
3 831 3369 807
3 690 4216 6471
3 6471 1864 690
3 6471 4216 5700
3 3264 3330 4654
3 3264 4654 4575
3 2653 996 2621
3 2653 2621 4549
3 4549 1947 2653
3 1947 357 2653
3 5824 357 1947
3 575 1732 865
3 575 865 996
3 575 996 2667
3 996 865 2621
3 1732 3653 5705
3 5705 3653 2690
3 4220 2690 5968
3 312 3816 3653
3 5968 2690 3816
3 3816 2690 3653
3 2228 5068 5968
3 3828 4119 2665
3 3828 2665 3472
3 3828 3472 2573
3 3828 2573 4574
3 3828 4574 6047
3 3828 6047 4119
3 1042 5860 3536
3 1042 6142 5860
3 1069 5861 946
3 1069 946 6064
3 3272 6064 110
3 3272 110 5768
3 3991 516 2149
3 3991 1347 516
3 516 1347 6251
3 3319 938 6215
3 3319 4328 938
3 938 4328 730
3 5329 6011 381
3 5329 381 6215
3 4073 5329 6215
3 2138 165 3131
3 3131 165 1571
3 359 3131 1571
3 5325 359 1571
3 452 2138 5737
3 5155 3498 1494
3 1494 3498 1857
3 544 2771 2101
3 2101 2598 544
3 544 2598 994
3 544 994 2771
3 1451 2101 2771
3 3919 571 3638
3 3919 3543 571
3 571 3543 556
3 571 556 3498
3 571 3498 2598
3 571 2598 3638
3 2354 1857 556
3 2354 556 3543
3 3919 1783 3543
3 556 1857 3498
3 2598 3498 1481
3 4397 5797 330
3 330 5797 3701
3 5012 2815 368
3 5012 368 972
3 4682 972 368
3 4803 2815 5012
3 1422 2815 4803
3 3830 4803 1625
3 1422 4803 3830
3 3830 1625 4130
3 3352 4935 4151
3 2451 2613 1261
3 2613 2451 3813
3 3813 2451 26
3 6454 3813 26
3 3813 5804 2613
3 2613 5804 891
3 6268 5457 5498
3 5457 3739 5498
3 5457 5804 3739
3 3739 5804 3813
3 3739 3813 6454
3 2225 4925 4174
3 1682 4925 2225
3 6061 3469 4896
3 4198 4896 3469
3 5694 3832 2942
3 1277 3388 1641
3 1641 3388 5393
3 5393 3388 2711
3 1784 4877 1101
3 1784 1101 6525
3 5932 5548 5740
3 5932 5740 483
3 483 5740 1733
3 5541 3978 4317
3 5541 363 4945
3 3692 4804 3180
3 3692 3180 3539
3 3805 1089 3218
3 5319 3805 3218
3 355 5319 3218
3 355 3218 159
3 5319 355 2270
3 5319 2270 656
3 540 5892 5618
3 540 5618 5247
3 5892 540 1796
3 540 5247 1796
3 5618 5892 1586
3 3015 1188 5247
3 1188 3015 5944
3 5117 4679 985
3 3699 4871 1152
3 1397 3294 1664
3 5218 1397 1664
3 3294 4567 1664
3 4567 4442 853
3 4567 853 5582
3 4708 3562 5205
3 3852 2696 1363
3 3852 1363 4624
3 5205 3562 2516
3 4708 3852 3853
3 3853 3852 4624
3 1059 5205 2516
3 2590 2696 1059
3 1059 2696 5205
3 837 6302 3128
3 5454 3242 1319
3 1431 2515 6077
3 2515 3242 2466
3 3125 3493 4050
3 3125 4050 5532
3 5474 3493 3125
3 5474 1263 3493
3 3493 4055 4050
3 2562 5451 917
3 2405 917 5451
3 917 2405 1050
3 578 5357 4349
3 5690 318 1684
3 1684 318 5933
3 4207 362 3273
3 3273 362 2159
3 108 3697 5383
3 108 5383 1315
3 3697 1679 5573
3 5573 3348 5383
3 5573 5383 3697
3 3551 404 2967
3 2967 404 3593
3 2967 5387 3551
3 3551 5387 1902
3 3593 404 6149
3 5592 4671 3811
3 3811 4671 5470
3 2371 6157 2114
3 2371 2114 5470
3 1024 6423 299
3 2233 3773 6366
3 4274 1374 4092
3 4396 4092 1374
3 3687 6404 3542
3 3687 4481 6409
3 3687 6409 6404
3 4346 4784 4677
3 1542 4475 5705
3 1542 5705 2690
3 1051 5013 2858
3 2858 4220 1051
3 1051 4220 5968
3 5968 2812 1051
3 5072 3254 3333
3 1058 1225 679
3 679 2765 3604
3 679 3604 1058
3 1058 5651 1225
3 679 1225 6220
3 679 6220 2765
3 1058 6068 5651
3 5937 6068 2818
3 5937 2818 2642
3 2642 2818 3276
3 4574 2573 5937
3 4574 3276 6047
3 5206 5937 2573
3 5685 1084 609
3 609 1084 6310
3 609 5860 5685
3 3844 4967 1685
3 633 5735 2523
3 2523 4001 633
3 633 4001 1053
3 633 1053 5735
3 1424 912 3636
3 1424 5735 912
3 6251 1722 3973
3 3973 6064 2149
3 2126 328 6251
3 319 4675 5976
3 6011 5976 4675
3 381 6011 4675
3 3847 2410 4164
3 3847 2939 2410
3 6494 3389 2870
3 452 2870 2138
3 287 6403 4497
3 1280 6403 287
3 330 6478 4397
3 5513 5025 3701
3 3701 5025 4827
3 3701 4827 1974
3 4371 1974 4827
3 1974 4371 6478
3 3014 2861 3922
3 3922 2861 5513
3 3986 3204 2987
3 3204 3986 1456
3 6478 3091 3057
3 3057 3091 6379
3 5912 3959 649
3 5912 3311 3121
3 5912 3121 5301
3 5222 891 5804
3 5222 5804 5457
3 5222 5457 6268
3 891 5222 1619
3 5498 2474 6268
3 3763 6268 2474
3 5276 4141 2882
3 1181 4141 5276
3 4916 1181 5276
3 5959 3452 1668
3 5276 5959 1668
3 5276 1668 4916
3 1434 5583 5959
3 4205 1434 5959
3 1277 1641 5694
3 1559 2803 5393
3 2452 1568 4480
3 4663 3233 4891
3 4891 3233 4462
3 5209 1128 928
3 4663 928 1128
3 4663 1128 3233
3 6445 5932 483
3 546 2533 1733
3 546 1733 5740
3 546 5740 5557
3 546 5557 4838
3 546 4838 2533
3 3740 5366 2499
3 4042 5557 3367
3 3367 5557 5740
3 3367 5740 5548
3 2890 4945 6386
3 2890 6386 5036
3 711 3933 615
3 615 5944 711
3 711 6425 3933
3 2655 3933 6425
3 2655 5629 3933
3 3933 5629 615
3 615 5629 1188
3 5730 1367 5278
3 5117 6462 5904
3 5117 5904 1367
3 1367 5904 5278
3 5904 2206 5278
3 5523 3920 1409
3 3920 5523 1250
3 3920 1250 5908
3 1409 3043 5487
3 1409 5487 4342
3 5582 4667 5845
3 5582 5845 5218
3 5739 6120 2880
3 2880 6120 115
3 6302 1431 6077
3 5133 5849 2786
3 4384 2226 2141
3 1050 2405 4537
3 689 4304 2177
3 4304 3532 2177
3 5357 1560 3303
3 5933 232 3885
3 3885 232 916
3 3885 916 5715
3 5715 916 2676
3 3561 247 6363
3 3561 6015 247
3 5543 3177 2156
3 3177 5543 3376
3 5383 3948 1315
3 3948 5383 4903
3 4903 2666 5543
3 1638 3012 5262
3 1638 5262 2407
3 1638 2385 4039
3 2385 1638 2407
3 4262 6261 6375
3 2114 5983 3811
3 3811 5983 5592
3 1583 6057 3773
3 1583 3773 2233
3 792 2577 1480
3 2232 2081 3542
3 986 2454 4512
3 4512 2454 5291
3 2855 3949 1082
3 3949 2855 6153
3 1082 4797 2855
3 4797 1082 986
3 2650 2054 5982
3 5982 1890 2650
3 2054 4677 5982
3 5910 6441 3008
3 3731 4220 2858
3 3254 568 4167
3 4167 568 6474
3 3878 2357 6474
3 2357 3878 1260
3 2633 608 1408
3 2633 6472 608
3 3022 6310 3713
3 1084 2720 6310
3 2998 2219 513
3 2998 513 3199
3 3199 4611 5305
3 2998 3199 5305
3 6111 513 2219
3 513 6111 1518
3 513 1518 3199
3 4611 3199 1518
3 1839 4581 3873
3 4527 3873 5110
3 5110 3873 4581
3 4134 2539 1487
3 4134 3841 2539
3 3851 77 5283
3 3851 5283 100
3 77 5732 5283
3 100 5283 832
3 100 832 2727
3 100 2727 3851
3 832 5283 3749
3 1328 2827 2410
3 2410 2827 4164
3 4164 2827 3325
3 3979 1328 2939
3 1328 716 5719
3 3979 716 1328
3 2677 1507 1688
3 1507 2249 1688
3 1096 1688 2249
3 1096 2249 238
3 238 5144 1096
3 1688 1096 6138
3 6138 2677 1688
3 4827 5025 1456
3 3014 1456 5025
3 4992 5128 4031
3 4987 4031 5128
3 3401 2886 6021
3 4185 5008 3875
3 1804 3875 5008
3 4413 3875 366
3 3243 4413 366
3 4987 693 2787
3 5673 5729 5889
3 6430 4573 2571
3 4609 6269 4247
3 2476 313 5507
3 5507 313 4140
3 2476 5507 6151
3 3471 1769 2150
3 2150 1769 1758
3 1769 3471 2683
3 1769 2683 6297
3 1769 6297 1758
3 2150 205 5857
3 2150 5857 3471
3 3471 5857 5399
3 2683 3471 5399
3 1680 5857 205
3 5399 5857 1680
3 6299 2327 2526
3 2526 6374 6299
3 2486 1668 3452
3 2486 3452 5103
3 4082 2486 5103
3 2486 4082 4916
3 2486 4916 1668
3 6329 5583 257
3 2842 2823 4977
3 2823 2842 4056
3 4056 2842 1939
3 3469 2427 2842
3 3469 2842 4977
3 3056 2803 1286
3 1882 517 5209
3 5209 4542 1882
3 5209 6541 4542
3 3785 4707 4083
3 1515 4707 3785
3 4385 1004 6453
3 5034 4707 1515
3 2113 964 5034
3 6481 5034 964
3 5839 6048 2463
3 6048 5839 2179
3 1066 1011 4828
3 1066 4828 6435
3 2310 2412 3420
3 1778 5908 1250
3 1778 1250 3846
3 3846 1250 5523
3 5523 4342 734
3 1409 4342 5523
3 3846 4986 6444
3 3846 734 4986
3 4187 1267 2086
3 2086 1267 5087
3 6276 722 2748
3 6405 722 2275
3 3532 2859 5899
3 569 6339 479
3 1937 450 4623
3 5664 450 1937
3 3403 4331 796
3 3403 796 3234
3 796 4331 3631
3 2722 3403 3234
3 2722 3234 6363
3 6363 1874 2722
3 5543 2666 3376
3 3376 2666 2643
3 2385 2340 2643
3 2385 2643 4039
3 5635 703 5262
3 253 5298 2407
3 2407 703 253
3 703 2407 5262
3 83 4237 5287
3 4244 1229 453
3 3293 3898 453
3 453 3898 1034
3 1034 4244 453
3 1229 4633 453
3 453 4633 3293
3 2482 4966 4681
3 2482 4681 5695
3 6134 1178 3827
3 3827 6078 1652
3 3723 5794 5903
3 5903 6078 3723
3 4797 3768 2855
3 2855 339 5794
3 6153 2855 5794
3 503 339 611
3 503 611 6112
3 611 339 3768
3 6112 4122 503
3 503 5794 339
3 4122 616 5903
3 5903 616 5515
3 1399 4167 2836
3 2718 4213 6309
3 1093 2718 6474
3 3251 4548 789
3 789 4087 3251
3 4548 3312 789
3 3212 2659 3956
3 5531 4309 5756
3 566 835 601
3 1645 1579 601
3 601 1579 1157
3 566 601 1157
3 566 1157 4880
3 566 4880 835
3 601 835 1645
3 33 5305 4611
3 4468 4033 6419
3 4033 1115 3220
3 1115 4033 1569
3 1569 4033 732
3 1856 179 858
3 858 179 2705
3 4269 2705 179
3 3325 5719 1248
3 3325 2827 5719
3 3325 1248 6430
3 6437 3461 4070
3 3461 1021 565
3 3461 565 4070
3 4070 565 417
3 3461 6437 1021
3 565 1021 5719
3 565 5719 716
3 565 716 417
3 5981 3661 4868
3 1301 6269 2049
3 6269 6325 2049
3 6349 777 6325
3 5511 6325 777
3 5511 2268 6109
3 2268 5511 777
3 605 5765 3819
3 5765 6151 3819
3 5765 4914 6151
3 2683 5411 4140
3 5411 5507 4140
3 5507 5411 6151
3 607 5411 2683
3 2035 802 3918
3 2035 3833 802
3 2035 4530 3833
3 3918 802 5786
3 1676 6381 4965
3 1302 6381 1676
3 1302 1662 6381
3 1156 3582 3363
3 3363 475 1156
3 1156 475 3332
3 1156 1503 3582
3 3161 3582 4127
3 3582 3161 5938
3 3582 5938 3363
3 3363 5746 475
3 3332 475 1354
3 5746 3363 5938
3 5746 5938 130
3 3965 1539 3374
3 4605 4658 1539
3 5837 435 0
3 0 435 6056
3 435 5837 6427
3 6329 2010 2715
3 2715 5837 2162
3 6329 4778 2010
3 2010 1575 2715
3 5837 2715 1575
3 6448 2010 4778
3 2010 6448 1575
3 4452 6259 2674
3 735 6541 5810
3 5915 824 6457
3 4154 2817 951
3 951 2817 4699
3 6481 2210 2699
3 5905 2699 2210
3 2699 1210 5852
3 5852 6481 2699
3 1210 2699 5905
3 5905 5852 1210
3 6312 391 4451
3 391 163 4451
3 391 3123 163
3 6312 3584 6222
3 4090 1981 2388
3 1981 4828 2388
3 2983 5043 1834
3 5043 4026 1834
3 1310 5467 1776
3 6405 2275 2975
3 2826 3769 5964
3 5964 1448 2826
3 5909 6276 5394
3 6037 2763 5900
3 440 2763 430
3 2763 6037 430
3 2580 440 430
3 440 2646 2763
3 2763 2646 3896
3 2763 3896 4068
3 2763 4068 5900
3 3896 2955 399
3 6060 2955 4266
3 5654 6059 2215
3 796 3631 420
3 796 420 3234
3 3234 420 1932
3 420 5782 1932
3 5782 420 3631
3 3631 5298 3474
3 3631 3474 5782
3 2340 3631 4331
3 465 527 2441
3 1281 2441 527
3 2441 1281 1256
3 1886 5287 309
3 1886 872 352
3 4244 3864 4237
3 2475 5396 584
3 5396 3203 97
3 5396 97 584
3 584 97 779
3 584 779 1161
3 584 1161 2475
3 3864 5396 2475
3 5396 3864 3203
3 3203 779 97
3 1161 3198 5293
3 741 1400 388
3 741 388 5443
3 741 5443 5421
3 741 5421 1141
3 741 1141 1400
3 388 5293 5443
3 6407 3859 1074
3 6407 1074 1183
3 2639 3708 1183
3 3708 6407 1183
3 3859 4680 1074
3 4676 1652 6078
3 6078 5903 5515
3 5794 4122 5903
3 346 3663 167
3 167 3663 6088
3 759 6088 6309
3 759 6309 3614
3 1365 2931 724
3 602 724 1815
3 4755 724 602
3 724 4755 1365
3 724 2931 1815
3 3251 4755 4548
3 5801 4755 6241
3 6309 5801 6241
3 3314 1879 5558
3 5961 4927 444
3 444 4927 851
3 3956 2957 6346
3 3956 6346 5928
3 953 4441 2548
3 2851 4441 1594
3 868 3240 1594
3 1594 3240 2851
3 6455 2851 3240
3 1485 3640 6455
3 4284 4978 349
3 349 4978 5027
3 3174 5118 5302
3 3530 3220 3448
3 5061 3404 5696
3 1569 1366 5696
3 803 6012 2521
3 2538 714 3042
3 714 4273 3531
3 714 3531 3042
3 812 302 5127
3 302 812 1984
3 4400 302 1984
3 5071 4241 5511
3 5071 4010 4241
3 5071 4066 4010
3 5589 192 6109
3 2663 192 5589
3 3819 5153 2268
3 3892 2268 5153
3 5296 383 98
3 383 6372 98
3 98 6372 2889
3 2889 5296 98
3 5296 4458 383
3 4660 4458 4607
3 5345 4660 4607
3 1526 4965 2136
3 1076 978 4626
3 4626 978 6381
3 5417 1313 1055
3 1055 1313 4210
3 5884 3113 3332
3 3113 5884 3274
3 3274 4210 6
3 3274 6 3113
3 1908 5141 6160
3 3963 3331 4008
3 3963 4008 6427
3 6427 2208 3963
3 5971 4008 3331
3 3719 3750 1242
3 2674 4275 3686
3 2674 333 4452
3 4452 333 1705
3 3635 5925 3672
3 2231 3635 3672
3 5204 2708 4719
3 4699 1318 2264
3 4699 2817 1318
3 6312 1318 2817
3 5023 3610 2027
3 5023 2027 6439
3 6143 5920 272
3 1942 4743 5920
3 1942 5920 2609
3 5043 2609 6143
3 2609 5920 6143
3 488 5157 1942
3 488 1942 2609
3 2609 5043 488
3 2983 3704 5043
3 4168 3704 2983
3 4168 2983 5508
3 5790 5046 1326
3 5790 1326 2403
3 4932 4129 4479
3 4932 3071 2480
3 3021 2277 3499
3 3021 3499 3521
3 3021 5394 3958
3 3021 3958 5576
3 236 2743 3958
3 4674 3139 5215
3 5215 3139 5718
3 3896 399 4068
3 4068 399 6060
3 3136 3772 3926
3 3926 4684 3136
3 3772 3136 4862
3 3772 2695 92
3 92 3926 3772
3 6540 6348 1303
3 1220 2955 2646
3 1220 769 4266
3 1220 4266 2955
3 5859 4818 4706
3 1180 4872 4700
3 1037 4500 2431
3 2431 1099 1037
3 2673 402 5475
3 2673 5475 4924
3 4721 5475 402
3 3138 2492 1141
3 3138 1141 168
3 168 1141 5421
3 4014 3597 5917
3 3597 948 3075
3 3075 5917 3597
3 3597 4014 113
3 3597 113 948
3 4329 2191 823
3 2191 4329 6476
3 2191 499 823
3 823 499 114
3 114 499 1090
3 3079 389 499
3 499 389 1090
3 1090 389 6252
3 5130 6252 389
3 3079 5130 389
3 1841 1822 2144
3 2669 5826 4918
3 6511 4918 5826
3 4710 3480 5826
3 2833 5888 2130
3 6235 2833 6009
3 2130 6009 2833
3 2833 6235 4691
3 5888 2833 4691
3 311 6360 622
3 311 622 6115
3 3078 4540 471
3 471 4540 4410
3 3078 5998 4540
3 4389 2343 3658
3 6248 3658 2369
3 6181 4952 5118
3 1505 2546 5549
3 2895 2546 1505
3 2546 2895 5220
3 5921 2289 215
3 2289 5044 215
3 1600 952 2356
3 2356 952 1992
3 4273 714 1992
3 510 5280 4355
3 812 4829 4460
3 812 4460 1984
3 4829 3278 6092
3 3278 4829 4241
3 2547 2455 3278
3 2547 3278 3395
3 2547 3395 1517
3 6410 2663 6265
3 595 6410 6265
3 4045 6372 5124
3 4045 5124 850
3 4045 850 6155
3 3044 931 725
3 3044 725 5124
3 725 931 5777
3 5777 4852 6186
3 3794 5203 4579
3 3794 4579 4626
3 1014 3152 5802
3 4697 1131 2016
3 5397 5884 3544
3 3544 4793 5397
3 5884 5397 3274
3 3274 5397 4210
3 813 5787 4110
3 813 4110 4270
3 333 3686 105
3 1705 333 105
3 2971 105 3686
3 2971 3686 5489
3 3672 5925 3673
3 2231 3672 5725
3 1556 2231 1525
3 3673 5725 3672
3 1353 5392 4470
3 2027 5214 1661
3 5214 5652 5825
3 5652 14 5825
3 5825 14 4730
3 4730 14 3795
3 2832 1739 4457
3 2832 4457 4883
3 4883 3795 2832
3 3756 1739 2528
3 1739 3756 806
3 1739 806 4457
3 4883 4457 809
3 6003 4883 809
3 6003 809 6321
3 5192 3756 5753
3 5808 809 4457
3 5808 4457 806
3 5808 806 283
3 809 5808 6321
3 3568 1893 4743
3 4743 1893 2835
3 1893 3568 5708
3 3568 5157 1321
3 5254 5046 4405
3 5046 5790 4405
3 5254 4405 4142
3 3229 4405 42
3 42 4405 3142
3 5872 903 2657
3 4054 5872 2657
3 4170 903 5872
3 903 6001 2657
3 3120 3769 2447
3 3120 3728 5964
3 3120 5964 3769
3 467 2628 3578
3 2628 467 5375
3 3976 2606 4372
3 5628 2606 3976
3 4862 5881 3946
3 3450 5026 3526
3 3450 3526 5897
3 3249 2864 1595
3 3252 1595 3183
3 3183 1677 3252
3 3183 1595 3329
3 3394 3183 3329
3 4742 3230 416
3 4299 416 3230
3 3244 4742 4721
3 2140 3905 4100
3 4100 3905 6482
3 509 989 2490
3 509 2490 2495
3 3175 2490 989
3 5121 5854 5605
3 5121 5605 1023
3 2714 5605 5854
3 5565 1674 3119
3 5565 3119 6271
3 4193 1749 5565
3 1396 2519 1810
3 2519 1396 3762
3 6500 1396 1810
3 5108 4766 1800
3 4197 534 6095
3 5948 5042 5184
3 6360 3502 4005
3 6360 4005 3482
3 6360 3482 622
3 622 3482 5551
3 622 5551 520
3 622 520 6115
3 4005 3502 3299
3 4005 3299 4814
3 4814 3482 4005
3 2413 3770 1292
3 6426 3770 2413
3 6248 1388 1904
3 6248 5598 1388
3 2369 5171 6248
3 3381 5707 4736
3 5709 4606 5707
3 5709 1828 2724
3 2724 3267 5712
3 5632 3267 2724
3 5632 2724 1828
3 603 2384 933
3 603 933 4545
3 603 4545 3282
3 603 3282 2384
3 4025 4726 1895
3 1895 4726 1826
3 4526 2194 687
3 687 2194 1646
3 2194 5670 1646
3 5386 3095 4078
3 4460 4870 3460
3 841 4870 2044
3 2455 3436 6092
3 3196 2042 5627
3 3196 6338 2042
3 3196 5627 1787
3 2042 5622 1159
3 3108 941 2139
3 941 3108 4117
3 5437 6155 1953
3 5124 6301 850
3 135 850 6301
3 850 135 6155
3 4614 3587 1719
3 3587 4614 4740
3 395 848 5369
3 5369 848 213
3 213 3594 5369
3 395 2065 848
3 848 2065 1273
3 848 1273 213
3 3594 1287 2379
3 4003 2424 2125
3 2424 3034 2125
3 4192 3034 2424
3 4192 4806 3034
3 5412 877 4003
3 4003 877 2424
3 2985 455 1288
3 455 2985 6020
3 3150 6020 4110
3 270 5472 799
3 270 799 6187
3 799 5472 3317
3 5059 284 4950
3 956 5725 3924
3 5725 956 1525
3 5102 4513 4616
3 5925 2839 3673
3 3901 3673 2839
3 3667 5862 5504
3 1276 4730 6003
3 6321 4805 6003
3 5378 5403 5139
3 5378 5139 1452
3 5616 2470 5327
3 5327 2470 1103
3 2046 4142 4035
3 2046 55 5616
3 4622 2897 5863
3 5863 2897 1199
3 1199 6391 4646
3 6391 1199 2897
3 2248 1862 564
3 1015 564 5851
3 1015 5851 2172
3 2172 446 1015
3 446 5993 1015
3 1015 5993 564
3 2248 564 5993
3 1862 2248 3588
3 1862 5851 564
3 3940 2172 5851
3 4019 2694 5843
3 5843 3616 4019
3 4019 3616 1654
3 2201 4019 1654
3 4019 2201 2694
3 2675 1654 2157
3 2036 6303 1620
3 2036 1620 5721
3 3124 5785 3219
3 4737 360 1535
3 4737 3326 360
3 3475 6421 4404
3 6421 3475 3599
3 3599 3475 6305
3 3245 5881 5657
3 3445 535 5132
3 535 3445 5657
3 535 5657 5881
3 535 4057 5132
3 6415 2929 3954
3 6415 5855 2929
3 5217 5522 5063
3 787 2446 4310
3 787 3962 2446
3 3962 787 4340
3 3249 3554 5926
3 3249 5926 15
3 3554 3518 5926
3 3554 4359 3518
3 6271 5636 5121
3 5121 5636 5854
3 2799 5822 2714
3 5822 2799 5137
3 3630 1396 6500
3 3630 6500 4373
3 1142 6063 4725
3 6063 1142 3817
3 3817 1142 5368
3 6093 1294 3752
3 3752 1294 4002
3 4071 4104 4498
3 4498 4104 2972
3 6229 896 5336
3 2768 3004 4892
3 3328 4761 6304
3 2928 3328 6304
3 1080 5551 1133
3 1080 1133 3324
3 520 1080 6115
3 520 5551 1080
3 3010 4696 2894
3 5809 3010 2894
3 4696 3010 2775
3 4696 2775 1449
3 1449 2775 5364
3 3181 6281 2775
3 6426 2413 5846
3 6426 5846 2651
3 1846 5846 5567
3 1846 967 5760
3 3743 3893 1850
3 1850 5779 3743
3 3893 3743 2918
3 2918 3743 965
3 1388 5598 5779
3 5386 4078 4736
3 4078 841 2398
3 4078 2398 3786
3 5229 2398 841
3 2044 6114 5570
3 5570 6114 1088
3 2044 5570 5229
3 1088 4285 5570
3 3202 1088 6114
3 1088 3202 1697
3 1697 3202 2426
3 6075 3727 6431
3 3378 6075 6431
3 1159 5991 1091
3 5627 1091 1501
3 1501 1091 6202
3 6202 1091 5991
3 941 4117 3287
3 941 3287 5622
3 5991 5622 3287
3 4117 2304 3287
3 5677 2481 6524
3 5677 5413 2396
3 5187 3253 2557
3 955 1438 2196
3 955 2196 5853
3 955 5853 2205
3 2318 955 2205
3 2205 5853 1545
3 1545 5853 4146
3 2045 2052 955
3 955 2052 1438
3 4806 4192 4709
3 4192 5322 4709
3 2080 3784 4337
3 3784 2080 5322
3 3784 4091 4337
3 3784 5322 4192
3 4003 1414 5412
3 3680 6020 2985
3 3820 1969 1320
3 1320 1969 4225
3 1320 4225 2163
3 457 2438 2908
3 5747 2569 6234
3 5747 6234 2566
3 5059 5648 284
3 2220 6383 1858
3 1283 6383 2220
3 6008 2430 3999
3 6008 4513 2430
3 5862 3667 6040
3 744 3613 3913
3 3613 2341 3913
3 3913 3327 4360
3 3913 4360 744
3 3613 744 2761
3 3613 2761 1378
3 3613 1378 2341
3 3913 2341 987
3 3913 987 3327
3 987 5504 5970
3 1276 3798 6033
3 2649 6433 1479
3 3508 4203 2850
3 3508 2850 1214
3 2243 4226 6230
3 5048 6230 4226
3 1103 2470 3284
3 1103 3284 4904
3 2111 6188 1167
3 1766 880 28
3 28 880 6188
3 28 6188 2897
3 4015 28 2897
3 28 4015 1766
3 5232 1332 3835
3 5232 3835 591
3 591 6188 880
3 591 880 5232
3 2579 374 5488
3 2036 5488 374
3 3657 1922 3365
3 374 6303 2036
3 5052 3567 3173
3 6133 3173 1247
3 207 6538 6177
3 207 3599 6538
3 6538 3599 6305
3 3899 4348 4861
3 4861 1348 3899
3 3899 1348 2400
3 4404 1785 3475
3 492 3213 3943
3 3943 1121 5784
3 3943 5406 492
3 3213 1121 3943
3 1121 2807 1100
3 1121 1100 5784
3 5132 5855 1926
3 1926 873 3445
3 3445 873 5657
3 3758 5450 5333
3 5333 873 3758
3 3758 873 1926
3 3758 1926 5855
3 133 5727 323
3 133 323 4232
3 323 5727 1387
3 6542 1991 2952
3 5074 3807 1016
3 5074 1016 561
3 5074 561 3277
3 1016 529 561
3 561 529 1108
3 3277 561 1108
3 529 3506 1108
3 1108 983 3277
3 3807 5075 1016
3 1016 5075 529
3 5075 3506 529
3 3962 3652 3506
3 3506 3652 983
3 5830 2586 203
3 203 2586 2350
3 2350 1855 203
3 203 1855 5830
3 1444 161 2716
3 2716 161 4765
3 2376 4161 1444
3 2799 5854 433
3 5636 433 5854
3 433 5137 2799
3 3418 2372 3487
3 6456 4938 3487
3 4938 4106 3487
3 6240 4106 4938
3 6039 2345 1361
3 1381 3226 38
3 5866 2755 3226
3 38 3226 2755
3 5368 5667 1416
3 1790 6509 3529
3 1790 3529 934
3 1790 934 6144
3 5679 2038 4847
3 6509 5679 4847
3 3700 1658 2578
3 2392 5228 3877
3 1962 2927 3845
3 3845 5228 6326
3 5228 3845 1884
3 5228 1884 3877
3 3877 1884 2339
3 1884 3845 2927
3 1962 4037 5400
3 1962 5400 6219
3 1962 3845 4037
3 4037 3845 6326
3 4696 1204 1132
3 1204 2995 855
3 1204 855 3486
3 3486 2195 6219
3 5846 5760 2651
3 4454 2651 139
3 2651 5760 139
3 2888 3070 5856
3 2888 5856 5760
3 2180 3371 2888
3 3070 2888 3371
3 3070 3371 3520
3 3520 3371 2751
3 2918 965 5989
3 2918 5989 993
3 2180 993 5989
3 3627 3695 1153
3 1153 3695 3036
3 1153 5229 3627
3 5123 3695 3627
3 3695 5123 3036
3 5123 3627 4285
3 3082 2398 1153
3 3082 1153 3036
3 1153 2398 5229
3 5779 3081 3082
3 5741 3757 2670
3 5741 2670 3589
3 2670 3016 3589
3 3016 2670 5105
3 3221 5105 2670
3 5105 3221 248
3 3221 2670 3757
3 3409 6202 2304
3 3409 2304 2075
3 151 554 4390
3 3944 2396 5413
3 3944 5413 4539
3 3950 5853 2196
3 403 6026 898
3 898 2319 3564
3 898 3564 403
3 5176 3961 1202
3 6282 5176 1202
3 5322 252 3618
3 4709 5322 3618
3 4341 4713 3618
3 252 4341 3618
3 5234 5649 5792
3 5234 5792 2582
3 4830 1483 5234
3 5649 5234 1483
3 5649 2110 5792
3 2110 5035 5792
3 4337 4091 5035
3 4576 2444 6394
3 4576 6394 1469
3 5418 4576 3495
3 4724 1577 542
3 1577 4724 4112
3 3849 4112 4724
3 5693 5395 5996
3 5996 4165 5693
3 3545 5945 5395
3 3545 5395 5693
3 3545 5693 1570
3 1570 5693 3423
3 4165 3423 5693
3 5395 1519 5996
3 5820 3545 1570
3 5820 1570 3423
3 5820 979 3545
3 2701 5945 1049
3 1519 705 3665
3 3665 705 624
3 624 705 3308
3 624 3308 1455
3 5497 1019 2925
3 4009 5497 2925
3 2117 764 4308
3 4922 5095 6040
3 1378 2761 4922
3 6016 5116 3223
3 6016 3223 2767
3 597 3223 5116
3 6330 2237 5098
3 2767 5098 2237
3 2767 2237 6016
3 6016 1627 5116
3 4478 1017 637
3 637 4638 5584
3 637 5584 3908
3 3438 4088 3117
3 3438 3117 1781
3 2904 5452 2269
3 2904 2269 4588
3 6230 816 6133
3 5048 4904 6230
3 89 5230 5191
3 89 5191 2084
3 1628 89 2084
3 89 1628 786
3 89 786 5230
3 1877 2074 1687
3 1687 5191 1877
3 1877 5191 5230
3 5339 5230 786
3 1167 5339 786
3 5339 1167 6188
3 1167 786 2111
3 1295 5191 1687
3 5339 3902 1184
3 1184 1877 5230
3 1184 5230 5339
3 1877 1184 2074
3 1247 3567 4685
3 1247 4685 1166
3 292 6133 1166
3 2801 2100 6027
3 4348 2801 6027
3 864 2807 2197
3 3031 864 2197
3 6420 3031 2197
3 6420 4179 2100
3 969 4846 6035
3 969 6420 4846
3 6420 969 4179
3 401 1900 4411
3 3751 774 6244
3 1387 5727 1626
3 1626 5727 1731
3 324 4694 5901
3 2952 5174 5942
3 2952 5942 4850
3 5074 1238 3807
3 1744 5988 5942
3 3968 3724 3771
3 6180 3771 3724
3 3771 5988 3968
3 3771 6194 5988
3 3771 4641 6194
3 4641 3771 6180
3 6099 1742 6194
3 6108 6194 1742
3 2703 5056 3027
3 5056 5080 3027
3 1466 2755 4906
3 1743 5085 4217
3 6396 3634 2721
3 1022 4795 6364
3 934 3529 1355
3 934 1355 2810
3 6144 934 2810
3 3466 2031 397
3 2991 397 2031
3 1658 5874 2038
3 3466 2038 5874
3 2342 1884 2927
3 2342 2927 50
3 2195 3486 3975
3 2195 3975 2680
3 3766 1239 3109
3 4664 1239 3766
3 301 4060 6094
3 4820 4060 301
3 4959 6226 2719
3 4959 2719 4841
3 4841 2719 439
3 54 2719 5377
3 5377 2719 6226
3 5377 6226 4243
3 676 4243 4670
3 676 3503 4243
3 6172 3335 661
3 5105 6172 924
3 5105 924 3016
3 3016 924 3589
3 3757 1160 3221
3 2425 508 5237
3 606 5237 508
3 2425 1934 79
3 79 508 2425
3 508 79 606
3 4598 1667 1169
3 5476 4839 4507
3 3698 5481 68
3 5864 68 5481
3 2725 70 1111
3 2725 303 70
3 70 303 2182
3 70 2182 1671
3 70 1671 1111
3 2109 610 1801
3 4834 610 2109
3 3564 6091 5759
3 403 5759 5704
3 403 5704 6026
3 6026 5704 1801
3 1801 5704 2109
3 2679 1164 704
3 2346 29 4570
3 2346 4570 3122
3 514 884 2324
3 514 2324 3941
3 3941 3735 514
3 514 3735 4298
3 514 4298 884
3 2796 3735 3941
3 3122 2104 4298
3 2104 2444 4298
3 3600 2386 44
3 3600 44 235
3 4298 44 2386
3 3600 5650 2389
3 5634 1949 5154
3 1464 5154 1949
3 1949 5634 5686
3 5010 988 4972
3 5109 988 5010
3 4972 2173 5010
3 5010 2173 818
3 5484 2944 5783
3 5484 5783 4712
3 3364 2088 626
3 4040 6267 6318
3 4040 6318 4418
3 4040 1316 6267
3 3887 5112 1182
3 3887 5838 5112
3 3141 6267 4533
3 6267 3141 1351
3 2506 6016 2237
3 2506 1627 6016
3 6100 902 66
3 259 3560 3060
3 6100 183 1736
3 706 3860 1109
3 1109 5516 706
3 3860 4453 3908
3 1552 3908 4453
3 3860 3908 5584
3 5584 1109 3860
3 3886 6490 4264
3 3886 4264 3624
3 4588 4941 5514
3 4941 4588 1498
3 1224 5311 2269
3 2269 290 4588
3 5311 290 2269
3 1224 210 5465
3 5409 5465 4238
3 6133 846 5405
3 1853 3160 5409
3 1853 6124 3266
3 5253 4636 1085
3 2503 768 718
3 718 768 103
3 718 1919 2503
3 2503 4636 2999
3 2503 2999 768
3 612 2240 4848
3 4179 612 5829
3 612 4848 5829
3 1593 5835 3162
3 3162 5835 2366
3 5078 2116 2629
3 3172 5348 4640
3 5348 1457 4640
3 185 1457 6244
3 3751 6244 1457
3 6225 5542 5901
3 5542 6225 5807
3 5687 1120 468
3 5687 468 562
3 5687 562 5506
3 5134 1120 5687
3 4469 562 468
3 562 4469 1813
3 562 1813 5506
3 1813 3694 3065
3 2251 4377 3111
3 5621 883 3694
3 3694 883 3065
3 2251 5703 4377
3 5703 2251 5621
3 5713 1920 2891
3 5713 2891 5703
3 5713 5703 4319
3 3443 5713 6233
3 5713 3443 4075
3 4075 1920 5713
3 5819 6396 5714
3 5129 5080 2567
3 4191 5588 2565
3 6122 4751 2301
3 6418 6224 30
3 30 6224 4217
3 6110 30 4217
3 6418 30 6110
3 242 5702 5441
3 5441 5702 2414
3 3442 5646 1665
3 6319 3442 5210
3 5129 593 2511
3 6178 2511 1935
3 593 1935 2511
3 2588 5238 340
3 6411 2588 340
3 3879 6411 340
3 2553 4630 3489
3 5684 3354 4138
3 4789 839 6002
3 6002 839 5688
3 3842 4779 621
3 2654 5750 5343
3 5343 5750 2680
3 2654 3842 5750
3 866 1913 2808
3 866 1883 1913
3 1883 551 1913
3 1913 551 3533
3 1913 3533 2808
3 3952 1883 866
3 3437 3985 4664
3 4664 3766 3437
3 3766 3985 3437
3 4060 4929 6094
3 7 439 6199
3 7 4841 439
3 1617 1462 6199
3 1462 2604 6291
3 5022 5462 6417
3 1094 5160 282
3 282 5160 1371
3 1371 553 282
3 282 553 3430
3 282 3430 1094
3 5518 572 2617
3 2617 572 5160
3 2091 1116 599
3 2091 599 5518
3 5518 599 1753
3 5518 1753 572
3 2091 5518 1612
3 5160 1753 4774
3 599 1116 1702
3 1702 6436 125
3 511 849 1901
3 1901 849 4859
3 3232 1901 4859
3 511 1901 6463
3 511 6463 538
3 511 538 849
3 849 538 1692
3 4859 849 1692
3 3232 4859 2
3 4507 5683 2956
3 4507 6022 1386
3 4839 5864 4447
3 4839 4447 6022
3 178 4251 5608
3 5759 57 5704
3 5759 6091 2873
3 5759 2873 57
3 5704 57 2109
3 1911 5620 3306
3 3535 3306 5620
3 29 2796 3411
3 2399 5248 3411
3 2399 3411 2796
3 3411 5248 4688
3 2386 3600 888
3 884 2386 888
3 884 888 2324
3 2324 885 3941
3 3941 885 2399
3 3941 2399 2796
3 2399 885 5248
3 5665 1830 885
3 5665 885 2324
3 5665 2324 888
3 5665 888 1007
3 3256 525 2353
3 2353 3154 3256
3 2353 525 2811
3 4414 3256 1643
3 1643 3256 3154
3 818 2968 5502
3 5634 5154 3665
3 5634 3665 5109
3 5634 5109 5686
3 5686 5109 5010
3 2460 4898 3646
3 6443 3646 4898
3 5433 6087 2488
3 6214 758 4961
3 1316 5953 6267
3 6318 6267 1351
3 944 2512 2935
3 2935 4429 944
3 944 4429 6203
3 6203 3097 944
3 944 3097 2512
3 4128 2608 1914
3 4420 2608 4305
3 4128 4305 2608
3 5724 3598 4311
3 1832 3648 2902
3 1832 902 3648
3 3648 1736 2902
3 2902 1736 259
3 2161 780 3560
3 3596 6334 5645
3 5645 6334 3598
3 5645 3598 749
3 749 3596 5645
3 3596 780 2161
3 2161 6334 3596
3 1498 5878 4941
3 5311 4150 290
3 3385 5798 814
3 814 5798 4052
3 814 4052 2596
3 4901 2596 4052
3 2596 3366 814
3 814 3366 3385
3 4901 4052 5798
3 4636 5438 1085
3 3283 4900 5438
3 4770 5438 4900
3 670 2309 4097
3 670 4097 6232
3 3647 2309 670
3 4261 2309 3162
3 6228 5890 2366
3 4644 2116 5078
3 2116 4644 3736
3 5349 4323 5436
3 5349 5436 101
3 218 3305 6461
3 6503 218 6461
3 3305 218 5717
3 3305 5717 2122
3 3467 2122 5717
3 5974 3030 5569
3 746 2790 5134
3 269 229 1031
3 269 1031 755
3 755 3111 269
3 5506 269 3111
3 5506 229 269
3 1031 229 3065
3 1031 3065 883
3 1031 883 755
3 4885 5466 1630
3 2891 6224 5466
3 5466 6224 6418
3 6418 4313 2112
3 4313 6418 6110
3 3858 4890 1734
3 1734 1523 237
3 5172 1734 4890
3 5382 3858 1035
3 3858 237 1035
3 5499 4637 6198
3 3927 2168 4899
3 438 4899 2168
3 5524 4779 5688
3 4760 5688 4779
3 3250 4779 227
3 4779 3250 4732
3 4732 3250 1104
3 5426 2860 976
3 5426 3533 551
3 3533 4887 2808
3 976 3533 5426
3 3985 6094 4627
3 3985 4627 5426
3 3985 5426 4664
3 1462 6291 5453
3 5453 6199 1462
3 5453 5202 5065
3 3645 6126 5022
3 6311 3513 5447
3 5447 3513 5841
3 6311 3430 553
3 6311 553 3513
3 3829 5841 3513
3 3513 1371 3829
3 3829 1371 448
3 4774 448 5160
3 1371 3513 553
3 4774 2373 448
3 448 2373 3829
3 2174 1753 599
3 2174 599 1702
3 2174 1702 747
3 747 935 2174
3 2174 935 1753
3 1612 1795 2091
3 2091 1795 1116
3 6288 2978 3408
3 2978 1048 348
3 2978 348 3408
3 3083 348 1048
3 3083 5683 1269
3 3083 1269 348
3 3083 1048 3149
3 3149 3799 3083
3 3083 3799 5683
3 3048 2776 1386
3 2776 5135 1386
3 970 4403 3194
3 4403 970 5776
3 1718 2788 1701
3 2788 1718 2662
3 2662 1463 2788
3 5608 2788 1463
3 2788 5608 1701
3 4251 3201 1701
3 1701 3201 1718
3 2662 1718 6253
3 585 1244 567
3 585 567 3275
3 1244 590 567
3 567 1529 3275
3 3275 4603 585
3 585 4603 1244
3 1244 4603 2244
3 1244 2244 590
3 590 1529 567
3 5655 1708 3275
3 4041 2583 3880
3 854 6484 5575
3 6484 3955 5575
3 854 5575 3982
3 854 3982 6484
3 3955 5757 5575
3 6256 5248 5625
3 1966 4414 5372
3 1966 6484 4414
3 3982 4414 6484
3 2540 5372 4912
3 3621 6300 3928
3 3621 3928 4936
3 3621 4936 2193
3 3621 2193 6308
3 197 4345 2281
3 6459 197 2281
3 197 6459 770
3 197 770 4345
3 3947 4886 109
3 3947 109 4345
3 3947 4345 4960
3 4960 1266 3947
3 6214 4960 4345
3 6277 4076 6258
3 6277 3097 6131
3 6203 5716 3097
3 4572 1418 2994
3 4832 3619 713
3 713 3619 6074
3 3619 4832 1418
3 2849 713 4849
3 4982 4311 1615
3 1139 4941 5878
3 1139 5878 1854
3 1139 3970 6392
3 1139 6392 4941
3 6121 3970 1139
3 6121 1139 1854
3 5391 3538 828
3 828 3538 3525
3 6464 828 3525
3 828 6464 3831
3 3831 5391 828
3 3385 3655 3538
3 3655 3385 4770
3 3538 3655 3525
3 3525 3761 6464
3 5225 3761 6232
3 6461 870 6503
3 4058 4998 3454
3 1154 4058 3454
3 1154 3454 5398
3 4058 1154 5577
3 341 5577 1154
3 2584 1957 4780
3 5440 859 3268
3 669 4856 859
3 669 859 5440
3 5639 2078 3478
3 3478 5440 5639
3 2078 4897 3478
3 3478 2178 2700
3 4313 1305 4030
3 4030 1305 4897
3 4897 1384 4030
3 4030 2112 4313
3 2794 1012 4604
3 2794 2178 3478
3 2794 3478 1012
3 5952 3239 2362
3 1872 5210 5952
3 5210 3239 5952
3 5720 5360 721
3 4746 721 5360
3 721 4503 5720
3 1068 4503 721
3 1734 5172 1523
3 3511 1523 5172
3 1092 4890 3791
3 1092 2406 5172
3 2406 1092 3791
3 4890 393 3791
3 393 4890 2416
3 3674 2416 4890
3 748 3067 3674
3 2416 3674 3067
3 6307 6285 5499
3 6432 3927 4666
3 3927 1509 4666
3 4854 2349 3168
3 4854 3168 1940
3 4601 4854 4300
3 976 2860 4521
3 976 4521 4887
3 5065 5202 6119
3 6263 6119 5202
3 5580 752 451
3 4218 451 752
3 2706 4218 752
3 3734 5994 5891
3 3734 5891 2483
3 5870 2483 5891
3 4320 5501 6113
3 2291 6113 5501
3 3994 5501 4320
3 3994 3334 635
3 3994 635 3656
3 3994 3656 5501
3 3334 4652 635
3 3334 3994 4222
3 4222 3994 4320
3 5754 3334 1249
3 1249 3334 4222
3 6098 2581 5885
3 1706 3682 2077
3 5135 2776 3984
3 4224 738 4562
3 3416 190 2263
3 190 4939 2263
3 3689 2263 4939
3 5149 4835 2828
3 6527 5330 6000
3 1738 5525 5020
3 4302 1640 6253
3 5020 5525 4302
3 4302 5525 1640
3 2682 5624 3759
3 3759 5624 2947
3 2583 5795 5624
3 2583 5624 3880
3 3928 4096 5795
3 4687 1338 1966
3 4687 1966 2540
3 5198 3465 6300
3 4690 3796 4367
3 6125 2913 4440
3 2781 6125 2089
3 2089 4917 2781
3 2781 5140 6125
3 6507 2781 4917
3 6264 4006 4175
3 6496 5585 4909
3 4909 5585 4515
3 1516 5805 4370
3 4794 1418 4832
3 4994 2543 4471
3 4471 2543 3453
3 3989 871 1976
3 3989 1976 5062
3 3989 5062 5223
3 3989 358 871
3 6049 784 5062
3 5223 5062 784
3 1488 1669 3970
3 3970 1669 731
3 6121 2845 4067
3 1854 4642 6121
3 1379 4432 5710
3 171 5710 512
3 512 1211 171
3 3519 1211 2847
3 3519 2847 6293
3 2847 1211 4889
3 4889 1211 512
3 4488 5710 171
3 171 1211 4488
3 4488 1211 3519
3 4488 1379 5710
3 6293 5064 5076
3 2020 6173 322
3 1730 322 6173
3 4998 3037 3398
3 4998 3398 4268
3 1150 2700 5423
3 648 1150 3145
3 3145 1150 5423
3 3145 5423 2362
3 5952 2362 5423
3 2362 3239 3145
3 1075 800 1770
3 2297 1770 3889
3 800 3889 1770
3 1357 1770 2297
3 1770 1357 2688
3 800 1075 720
3 4571 6537 5503
3 4995 940 5503
3 3007 427 295
3 3007 295 2337
3 3007 2337 5424
3 5424 3716 2057
3 2057 3716 4995
3 3007 476 1931
3 3007 5424 476
3 476 5424 2057
3 1931 427 3007
3 1446 3217 367
3 5767 1624 1871
3 2943 1940 2502
3 2502 1940 251
3 3602 3477 1233
3 3602 3046 3477
3 3477 6072 1233
3 131 5831 3617
3 6136 4601 4416
3 4853 5619 1404
3 3072 1520 3834
3 3072 5812 6327
3 2860 4200 246
3 2860 246 4521
3 2069 3427 5923
3 451 4218 3818
3 3171 658 1960
3 4248 1960 658
3 4248 6089 1960
3 6072 5929 3024
3 6034 4652 875
3 6034 875 34
3 6034 34 2152
3 6034 2152 1818
3 4652 62 875
3 875 62 4752
3 875 4752 34
3 34 4752 2152
3 5272 2152 4752
3 3682 4061 6098
3 76 4415 3074
3 5935 3074 3416
3 5935 76 3074
3 76 5935 2494
3 76 2494 4061
3 76 4061 4415
3 3416 2263 5285
3 3351 3439 2097
3 5057 260 5066
3 5057 5140 260
3 1476 260 5140
3 6207 971 3206
3 5344 783 5020
3 6507 2185 5140
3 4553 4509 2543
3 3865 4553 3608
3 3865 3608 1873
3 2167 2614 6298
3 496 4632 2058
3 1065 5223 266
3 4282 266 5223
3 4282 5223 1385
3 4116 4744 497
3 4116 497 4215
3 1730 4946 5738
3 4432 683 5710
3 5710 683 512
3 5483 512 683
3 1555 683 4432
3 4946 1730 6173
3 2190 5495 3671
3 3671 4946 2190
3 2190 6173 5495
3 6173 4876 5495
3 5495 2772 3671
3 4876 2772 5495
3 1806 4344 2298
3 1806 2298 4263
3 1147 973 2298
3 2298 973 4263
3 5950 1147 4344
3 2856 2417 441
3 3808 2856 441
3 3808 441 4630
3 1334 2128 6257
3 1334 5166 2128
3 4398 1544 1330
3 155 4180 1330
3 4180 155 6470
3 155 1330 1544
3 5054 3455 5235
3 5235 3455 4657
3 5054 5958 3455
3 2688 6169 5054
3 1357 6169 2688
3 6169 6243 5054
3 3797 5478 4316
3 3797 4316 3972
3 6262 3192 3972
3 3972 3192 3797
3 4790 6262 3972
3 1233 4790 3602
3 3929 1233 6072
3 1233 3929 4790
3 5380 5099 2302
3 5380 3595 5099
3 3595 1836 5099
3 5099 1836 3522
3 5099 3522 6262
3 411 3441 1117
3 411 5460 3441
3 3441 919 4693
3 919 4466 2381
3 2494 5464 4011
3 2494 5935 5464
3 2494 4011 4061
3 4557 3838 147
3 2445 1917 3013
3 2445 3013 6105
3 255 3013 1917
3 4202 740 1127
3 6507 3967 5941
3 4024 2167 6298
3 5962 5663 2200
3 5663 913 3151
3 5663 3151 2200
3 5962 2200 2368
3 577 2973 4632
3 4632 4383 577
3 577 4383 2469
3 577 2469 909
3 909 2469 4263
3 176 5517 3675
3 4383 176 4145
3 4145 176 1816
3 176 3675 1816
3 4383 4145 2469
3 4698 2620 913
3 4878 1925 5269
3 5269 1925 4698
3 4476 2856 4118
3 4401 6395 5166
3 4878 2825 1925
3 1544 4115 3612
3 2593 3316 3612
3 4427 791 2795
3 4427 2795 781
3 781 4408 4427
3 4427 4408 6247
3 791 4427 6247
3 791 6247 1581
3 791 1581 264
3 791 264 2795
3 1489 460 5478
3 710 4767 2652
3 710 2652 1489
3 710 1489 4926
3 460 1489 2652
3 733 1836 3084
3 733 3084 4926
3 4926 3084 710
3 710 3084 1333
3 3522 1836 733
3 3522 3192 6262
3 3192 3522 4926
3 4926 3522 733
3 5706 3595 2946
3 5706 2946 118
3 118 1333 5706
3 5706 1333 3084
3 5380 2946 3595
3 2946 5771 118
3 2713 1171 5007
3 2713 5007 3903
3 3903 5007 4558
3 3868 5007 3485
3 3868 3485 2443
3 2644 2504 4169
3 6358 1079 3523
3 6358 3523 5341
3 5341 3523 2619
3 3523 5894 2619
3 4815 2286 58
3 2619 58 2286
3 2619 2286 1112
3 1917 6289 255
3 1127 707 3231
3 1127 3231 6289
3 1127 6289 4202
3 3231 707 4101
3 4101 707 4546
3 1964 966 5941
3 6447 4362 5385
3 6447 1213 5241
3 4362 6447 5241
3 5954 1651 5875
3 4888 2593 6247
3 1581 6247 2593
3 6211 1607 2903
3 6062 6211 1419
3 1461 954 3705
3 3705 954 4639
3 4767 4062 2652
3 2652 4062 1910
3 4767 5771 4062
3 2005 3903 1513
3 1923 1752 5277
3 2286 5439 1198
3 1198 652 5277
3 5277 652 536
3 5954 3062 2437
3 4895 2437 5972
3 5244 5170 1072
3 2335 886 5292
3 2440 2186 5170
3 886 2335 5182
3 5292 2024 3854
3 5292 3854 2335
3 5292 2440 2024
3 2635 4223 5672
3 4277 5745 5439
3 5745 4277 5743
3 5743 4223 5745
3 5972 4277 4895
3 5972 2391 6536
3 2391 5182 6536
3 5827 3557 2325
3 5827 2325 890
3 5827 890 5972
3 1859 5182 2391
3 890 1859 2391
3 1859 890 2325
3 2325 3557 894
3 894 3557 1072
3 894 1072 5170
3 3744 894 5170
3 2752 1859 3744
3 3744 1859 2325
3 3744 2325 894
3 1859 2752 5182
3 3058 111 2186
3 3058 2186 5292
3 3058 5292 886
3 2752 3058 886
3 2186 111 1000
3 3733 4619 6136
3 6136 1756 1837
3 145 2671 4347
3 4347 2671 3606
3 2671 145 4990
3 5183 3339 4716
3 2671 6347 5969
3 2671 5183 6347
3 4930 4201 1282
3 4201 3788 1282
3 4201 3353 3788
3 4930 3790 4201
3 3028 3458 1118
3 982 1573 3028
3 863 5177 6512
3 5183 2671 4990
3 2671 5969 3606
3 878 1601 5303
3 5762 3209 6050
3 3662 4651 766
3 5179 2102 6412
3 3458 6154 6017
3 3064 4281 6154
3 6154 4281 3187
3 5258 6154 3187
3 6369 4461 5258
3 6369 1335 4461
3 2384 6501 933
3 688 933 6501
3 933 688 3115
3 687 6449 3900
3 2736 1952 5016
3 5016 1952 6468
3 4156 2607 6328
3 688 6501 1337
3 3115 688 1337
3 5931 454 6515
3 6515 454 6501
3 4910 454 5931
3 6515 1350 5931
3 6279 6208 4782
3 5931 5094 2822
3 5931 2822 371
3 4910 371 5356
3 5356 371 2822
3 3419 4182 2789
3 4182 4683 2789
3 4782 3483 1978
3 3546 5236 772
3 3546 772 297
3 2456 6210 3216
3 2456 3216 772
3 2456 772 5236
3 772 3216 2930
3 6210 4463 3009
3 6210 3009 2762
3 560 4934 3235
3 3235 4934 2702
3 3235 2702 1944
3 5682 1944 2702
3 4615 4111 1403
3 4683 6249 5047
3 3053 6190 6174
3 2930 3216 2158
3 4920 2158 3216
3 573 5913 3009
3 3009 5913 2762
3 3470 288 150
3 4022 4496 4368
3 4022 4368 3923
3 2527 5800 5200
3 5868 2527 4307
3 5893 5370 2712
3 5410 2712 5370
3 2712 5410 4649
3 1291 5158 5122
3 239 1907 2800
3 4683 5231 1825
3 5766 4653 4536
3 6353 1740 920
3 5310 6504 655
3 3591 655 6504
3 856 1323 4585
3 1848 3106 4006
3 4175 4006 3106
3 5173 6485 6451
3 2395 5503 940
3 2395 915 3350
3 907 3350 4997
3 907 4997 1446
3 1446 4997 3217
3 915 2395 940
3 915 940 4995
3 3703 3350 907
3 3703 907 6032
3 3703 6032 2395
3 6032 907 4188
3 4997 2552 5842
3 4997 3350 2552
3 3350 915 2552
3 2552 915 4044
3 3738 5424 2337
3 3738 4044 3716
3 3738 3716 5424
3 3716 4044 4995
3 5816 4933 5729
3 4508 5662 81
3 4508 245 5662
3 5214 2027 6513
3 5214 6513 5652
3 4923 4336 6540
3 4923 6540 5654
3 2729 1350 6515
3 2729 6515 6501
3 3607 5550 6514
3 3607 6514 4306
3 510 4400 6518
3 510 6518 5280
3 2212 3222 6516
3 2212 6516 4396
3 3496 4552 6517
3 3496 6517 3510
3 1126 4147 6519
3 1126 6519 1773
3 5217 5063 6523
3 5217 6523 3576
3 6507 5941 6520
3 6507 6520 4546
3 6295 4931 6521
3 6295 6521 3300
3 5849 5133 6522
3 5849 6522 6405
3 2452 1784 6525
3 2452 6525 6038
3 5658 6541 5209
3 2313 6177 6538
3 2313 6538 6305
3 5422 4522 6529
3 5422 6529 2584
3 725 3587 6530
3 725 6530 5124
3 3524 6030 6526
3 3524 6526 6192
3 2304 4117 6524
3 2304 6524 2481
3 1021 6437 6531
3 1021 6531 1248
3 782 2736 6532
3 782 6532 6279
3 1344 5330 6527
3 1344 6527 5776
3 405 2594 6528
3 405 6528 6539
3 1020 6159 6535
3 1020 6535 2175
3 1048 6463 6533
3 1048 6533 3149
3 5743 4277 6536
3 5743 6536 5182
3 3114 1588 6534
3 3114 6534 6123
3 4995 5503 6537
3 4995 6537 2406
3 4954 1991 6542
