ply
format ascii 1.0
comment Generated by PyMesh
element vertex 1585
property float x
property float y
property float z
property float charge
property float hbond
property float hphob
property float iface
property float nx
property float ny
property float nz
element face 3166
property list uchar int vertex_indices
end_header
68.767 38.473 26.781 0.0620558 0 -0.7 0 -0.698816 -0.707923 -0.102479
65.9605 49.6375 18.4175 -1.05113 0 1.8 0 -0.237741 0.291563 -0.926537
77.1485 59.2725 25.5285 -1.59295 -0.011346 -3.5 0 0.504568 0.224553 -0.833659
79.1045 46.2555 35.223 -0.78568 -0.00354285 4.29064 0 -0.296861 0.337296 0.893367
61.5645 69.371 29.1425 0.38531 0.621137 -4.5 0 -0.109602 0.634789 -0.764872
61.122 68.4955 22.8805 -0.129221 0 1.8 0 0.211542 0.74566 -0.631855
58.276 50.738 28.826 -0.280851 0 3.8 0 -0.800692 -0.0953035 -0.591448
75.619 43.0595 32.983 -0.334457 0 4.5 0 -0.775223 -0.269 0.571549
63.243 61.751 44.175 -0.212866 0 -4.5 0 0.52807 0.242003 0.813988
65.3665 43.8455 21.0075 -0.176237 0 3.8 0 -0.0866403 -0.577971 -0.811445
62.801 67.6815 31.4595 -0.331015 0 -4.5 0 0.706743 0.22799 0.669728
68.446 51.8495 34.773 -0.49917 0 3.8 0 0.940468 0.336216 0.0497911
70.7955 58.3865 30.908 -0.649773 0 1.9 0 0.558519 -0.202628 0.804362
74.9235 46.5105 18.6335 -0.333566 0 1.8 0 0.737852 0.665673 -0.111598
57.937 63.277 19.6695 -0.231175 0 -3.5 0 0.157799 0.0217723 -0.987231
86.1495 48.046 30.109 -1.52594 -0.129085 -3.5 0 0.898327 0.409517 0.159075
68.168 59.971 21.127 -0.271272 0 1.8 0 0.584533 -0.0281453 -0.810882
54.487 65.417 36.1935 -0.381231 0 3.8 0 -0.54866 0.831642 -0.0856935
74.976 41.938 24.532 -0.591035 -0.2976 3.8 0 0.425729 -0.866914 -0.259258
60.488 64.553 27.0255 -0.170825 -0.830877 -0.8 0 -0.597818 0.770848 0.220016
67.5015 56.326 38.3465 -1.70408 0 -3.5 0 0.395987 0.496318 0.772569
64.1435 56.352 38.2095 -0.43079 0 -3.5 0 -0.508202 0.0117318 0.861158
61.0585 47.8915 26.415 -0.307957 0 4.5 0 -0.504517 -0.59465 0.625983
66.938 44.843 20.018 -0.78319 0 2.00845 0 -0.462762 -0.286616 -0.83887
64.276 50.331 18.0715 -0.139054 0 1.8 0 0.388572 0.166576 -0.906236
69.7685 40.9125 30.541 -0.172859 0 1.8 0 -0.0960659 -0.741639 0.663885
71.008 36.4815 28.0265 -0.185484 0 -0.7 0 -0.0875553 -0.907548 0.410719
78.233 51.2305 36.9735 -0.156819 0.53797 -4.5 0 0.045095 -0.198912 0.978979
58.502 52.9695 36.012 -0.285456 0 3.8 0 -0.351412 -0.0784029 0.932932
60.3225 67.78 29.336 -0.236976 0 -4.5 0 -0.668677 0.166062 -0.724772
74.0255 49.631 30.831 -0.150594 0 2.22099 0 -0.500654 0.0538926 0.863968
51.932 62.461 36.695 -0.301717 0 3.8 0 -0.872844 0.0116273 0.487861
60.464 66.967 37.5415 -1.14878 -0.11617 -0.8 0 0.290719 0.889916 0.351472
58.084 68.3985 39.468 -0.569107 0 -4.5 0 0.347699 0.856659 -0.381104
68.297 51.8805 37.173 -0.469492 0 3.8 0 0.733711 0.123855 0.668078
75.959 44.094 33.6225 -0.362807 0 4.5 0 -0.837578 0.0306209 0.545458
62.86 48.6005 19.0625 -0.114062 0 1.8 0 -0.268624 -0.842517 -0.466912
81.184 46.313 24.395 -0.338514 0 3.8 0 0.71481 0.102182 -0.691813
62.3795 63.653 42.864 -0.117172 0.406161 -4.5 0 0.447933 0.737863 0.50489
77.8435 42.0525 25.3275 0.255126 0 2.17634 0 0.583645 -0.344633 -0.735246
61.638 68.5435 24.801 -0.12383 0 1.8 0 0.477569 0.687285 0.547327
75.865 36.4085 14.8235 -1.05893 0 -3.5 0 -0.200212 -0.879164 -0.432418
54.516 63.2687 34.1538 -0.289977 0 3.8 0 0.11821 0.292603 -0.948899
58.537 67.0125 31.2115 0.21077 0 -4.5 0 -0.721394 0.528555 -0.44746
60.7972 50.6668 21.2855 -0.205006 0 1.8 0 -0.742236 -0.596488 -0.30543
65.7022 58.1235 31.5575 -1.47181 0 3.8 0 0.64768 0.309994 0.695998
78.88 41.4095 20.4865 1.031 0 1.8 0 0.635353 0.17001 0.753275
60.4685 66.6395 35.5085 -0.569563 -0.303701 -0.8 0 0.358478 0.921822 -0.147437
57.4767 52.5192 20.437 -0.161256 0 1.8 0 -0.407412 -0.122754 -0.904957
67.5755 56.81 31.806 -0.671896 0 3.8 0 -0.254476 0.80446 0.536736
79.443 54.3125 23.466 -2.08706 -0.586233 -3.5 0 0.758575 0.643205 -0.104173
63.36 50.791 36.616 -0.340724 0 3.8 0 -0.837391 -0.50008 0.22067
85.1205 52.926 26.2105 -2.20379 -0.00806839 -3.5 0 0.873044 0.334423 -0.354902
63.952 50.09 37.142 -0.334871 0 3.8 0 -0.494222 -0.718676 0.489132
79.514 41.851 33.493 -0.323383 0 4.5 0 0.379339 -0.837501 0.393312
59.8312 67.9805 32.4525 0.916602 0.0506868 -4.5 0 -0.265469 0.732668 0.626677
84.6568 42.7745 30.4083 -0.28553 0 -0.4 0 0.988763 -0.147562 -0.0239345
76.8363 51.4572 23.0165 -2.87007 -0.0511148 -3.5 0 -0.766404 -0.0685892 -0.638687
76.088 45.1548 32.7323 -0.464788 0 4.5 0 -0.769298 0.290528 0.569011
73.8765 36.913 20.6025 -0.771617 0 -3.5 0 0.505874 -0.635877 -0.582883
78.3631 52.5224 22.0656 -2.58582 -0.316063 -3.5 0 0.0195152 -0.11922 -0.992676
59.734 47.7622 29.295 -0.329455 0 3.8 0 -0.254779 -0.639341 -0.725486
74.82 36.7388 14.6202 -0.551949 0 -3.5 0 -0.296696 -0.847353 -0.440413
82.2 50.4982 32.2668 -1.40077 0 -3.5 0 0.744546 0.666438 0.0388822
61.2925 50.4975 33.3695 -0.387175 0 3.8 0 0.297501 -0.843962 0.446342
58.2185 62.3995 20.132 -0.238802 0 -3.5 0 0.339944 -0.436465 -0.833029
57.1985 60.966 38.147 -0.246513 0 1.8739 0 -0.338337 -0.537954 0.772097
68.2309 38.5606 24.2285 0.0514777 0 -1.6 0 -0.503492 -0.86216 0.0563535
70.84 38.0327 20.068 -1.37618 -0.77663 -3.5 0 -0.624648 -0.0517548 -0.77919
54.4268 64.4417 27.528 -1.17277 -0.0054974 -0.4 0 -0.538672 0.507024 0.672873
56.996 65.195 27.524 -0.240564 0 3.8 0 0.117832 0.983169 -0.139622
68.412 38.4398 27.8358 0.833341 0.0676645 -0.7 0 -0.785538 -0.606812 0.12128
77.1335 45.5985 22.1623 -0.347774 0 1.98172 0 0.218234 0.596504 -0.772371
55.2523 65.8835 40.4145 -3.04411 -0.69253 1.50153 0 -0.79214 0.326236 0.515833
75.7343 50.5238 33.9972 -0.316357 0 -4.5 0 -0.545585 -0.821141 0.167525
69.9615 42.2765 17.096 -0.18543 0 1.8 0 -0.0234777 -0.0109601 -0.999664
66.302 58.465 35.133 -0.778307 0 -3.5 0 0.635962 0.732716 -0.242239
70.4457 48.4072 18.1922 0.235033 0 1.8 0 0.722652 0.522355 -0.452681
80.4305 41.4185 31.743 -0.894174 -0.156077 0.505687 0 0.0154481 -0.671638 0.740718
71.288 46.4982 29.5935 -0.414353 0 3.8 0 0.0888683 -0.242824 0.965991
61.1888 50.8138 19.1712 -0.112325 0 1.8 0 -0.759798 0.304919 -0.574223
51.9115 63.11 26.5 -0.342137 0 -0.4 0 -0.896 0.401584 0.189512
76.4165 44.646 34.554 -0.375272 0 4.5 0 -0.792814 0.0190386 0.609166
63.8675 66.609 29.9195 -0.213852 0 -4.5 0 0.79776 0.444834 0.407065
57.8032 64.1865 20.078 -0.212943 0 -3.5 0 0.132016 0.554583 -0.82159
53.404 61.4395 29.818 -1.67941 -0.730606 3.8 0 -0.408255 0.122463 0.904616
77.753 42.708 18.936 0.51982 0 1.8 0 0.49752 0.857448 -0.131363
59.6608 54.5737 29.6472 -0.339753 0 1.8 0 -0.671422 0.0118954 0.74098
65.894 60.799 20.369 -0.111396 0 1.8 0 0.0334593 -0.274012 -0.961144
71.1385 36.429 21.315 -1.9299 -0.711431 -3.5 0 -0.588579 -0.807488 0.0392241
59.504 50.2777 26.8573 -0.27562 0 4.5 0 -0.973057 -0.12728 -0.192247
63.2817 57.5385 37.6408 -0.339465 0 -3.5 0 -0.0309485 -0.113901 0.99301
70.5577 38.155 23.2025 -0.294767 0 -2.76878 0 -0.186143 -0.972002 0.143401
84.138 46.406 27.585 -0.626105 0 -3.5 0 0.654373 -0.489928 -0.575992
60.223 64.4685 21.0247 -0.644833 0 -3.5 0 0.0398125 0.397108 -0.916908
85.2728 50.5715 29.8382 -0.591268 0 -3.5 0 0.729155 0.285732 0.621844
64.2917 55.4202 37.775 -0.620234 0 -3.5 0 -0.523571 -0.398305 0.753145
62.069 47.7243 27.281 -0.527805 0 4.5 0 -0.754896 -0.541115 0.370578
51.6995 57.1065 24.098 -0.316583 0 -0.4 0 -0.847291 -0.194275 -0.494324
72.45 54.6678 19.0977 -0.812165 0 -4.5 0 0.74113 -0.409598 -0.531935
74.6927 38.534 13.6897 -0.394221 0 -3.5 0 -0.273748 0.072604 -0.959057
72.7575 39.334 25.18 -0.478502 0 -1.06163 0 0.969962 -0.208772 0.124855
75.9402 54.0243 30.74 -0.248596 0 1.8 0 0.0947616 0.902331 0.420498
61.6128 59.7897 44.857 -0.243381 0 -4.5 0 0.199975 -0.100428 0.974641
55.5298 66.773 39.4577 -1.57873 -0.34999 3.35303 0 -0.725649 0.687254 -0.0334012
75.85 54.6715 22.3075 -0.766039 0 -3.5 0 0.640983 0.128063 -0.756796
65.708 41.4087 29.149 0.0698339 0 -0.4 0 -0.453564 -0.670468 0.587156
70.2645 44.6725 30.4285 -0.27113 0 1.8 0 0.209725 0.436129 0.875104
55.771 67.4877 40.2448 -1.67373 -0.00897674 -4.5 0 -0.919001 0.382979 -0.0936123
79.433 40.977 31.515 -0.317248 0 4.5 0 0.015994 -0.865364 0.500888
64.405 43.4275 33.2005 -1.08196 -0.00483914 -3.5 0 -0.230143 -0.123238 0.965322
53.1922 59.693 36.2812 -0.282153 0 3.8 0 -0.835578 -0.54521 0.0674903
61.819 59.738 19.2975 -0.174083 0 4.2 0 -0.361005 0.327854 -0.873034
85.1529 51.7651 26.2985 -1.55986 0 -3.5 0 0.83168 0.0223087 -0.554807
74.4743 37.6768 22.7957 -1.17313 -0.0455678 -3.5 0 0.811424 -0.235734 0.534808
67.7633 44.9378 31.0662 -0.551636 0 -2.32594 0 0.548148 0.0323268 0.835757
62.4673 47.037 31.6493 -0.47877 0 -3.5 0 -0.0275346 -0.206862 0.977983
85.8112 46.1213 30.0697 -1.61122 -0.00556799 -3.5 0 0.787821 -0.609458 -0.088876
56.505 60.1845 31.239 -0.368293 0 3.8 0 -0.783943 0.466199 0.409989
68.348 62.5143 19.844 -0.134553 0 1.8 0 0.589391 -0.283518 -0.756463
65.094 59.526 20.193 -0.130499 0 4.2 0 0.433954 -0.132529 -0.891134
58.069 56.0305 31.775 -0.546846 0 3.8 0 0.106203 -0.761927 -0.638896
58.7028 47.4868 32.4888 -0.306277 0 3.8 0 -0.536402 -0.599971 0.593555
55.9683 64.1083 40.323 -0.96076 0 -4.5 0 -0.510645 -0.637846 0.576537
69.645 61.768 31.25 -1.21472 0 1.9 0 0.0746645 0.81918 0.568656
77.606 56.428 28.837 -0.516759 0 -3.5 0 0.756748 0.0891059 0.647605
82.6009 49.6089 35.25 -1.3844 0 -3.5 0 0.653895 0.253055 0.713011
69.028 38.015 28.53 0.284252 0.877484 -0.7 0 -0.485332 -0.701333 0.522097
59.257 68.5813 24.1467 -0.108112 0 1.8 0 -0.519688 0.816788 0.250563
66.49 45.3078 32.8358 -0.471301 0 -3.5 0 0.685485 -0.131703 0.716076
64.5285 54.026 20.0795 -0.487134 0 -4.45509 0 0.0193117 0.00374482 -0.999807
67.2695 39.857 28.163 0.232326 0 -0.4 0 -0.234865 -0.75497 0.612257
64.05 42.873 27.45 -0.52381 0 -0.4 0 -0.791166 -0.485616 0.371797
62.031 45.694 23.977 -0.24669 0 4.14354 0 -0.660382 -0.710576 0.242852
74.767 46.994 23.2735 -0.615538 0 2.63756 0 0.462277 0.356801 -0.811784
63.6455 63.0245 21.5375 0.470577 0.558848 1.8 0 -0.225954 0.664723 -0.712101
77.9952 39.9367 25.1588 -0.0237659 0 1.8 0 0.181625 -0.564891 -0.804929
67.6783 51.0335 18.7885 -0.040383 0 -1.34867 0 -0.274129 0.247223 -0.929373
70.4743 53.3675 18.095 0.256693 0 -4.5 0 0.495226 -0.314322 -0.809909
58.6845 67.6503 24.134 0.0132182 0 1.8 0 -0.930683 0.300706 0.20834
56.9202 67.1955 38.1312 -0.571834 0 -4.5 0 -0.182518 0.916186 -0.356778
79.1985 55.1668 33.3625 0.397305 0 -4.5 0 -0.0853758 0.967934 0.236249
57.5855 62.402 40.4938 -0.336144 0 -4.5 0 -0.70672 -0.688316 0.16361
73.388 56.035 20.28 -1.5957 -0 -3.5 0 0.831603 0.322402 -0.452209
79.219 39.012 20.4565 7.8212 0 1.8 0 0.531506 -0.497513 0.685553
72.5075 55.647 18.7585 -0.433213 0 -4.5 0 0.790862 0.0068114 -0.611956
79.8643 39.807 16.5033 0.104907 0 1.8 0 0.604452 -0.336568 -0.722053
65.74 43.1375 32.988 -1.92937 -0.414444 -3.5 0 0.504637 -0.103905 0.857056
68.517 60.915 21.326 -0.715752 0 1.8 0 0.65824 -0.137811 -0.740086
59.699 58.4935 20.7225 -0.45341 0 1.61038 0 -0.408331 0.361981 -0.837995
73.2462 44.771 15.6447 -0.141408 0 1.8 0 -0.434898 -0.0618288 -0.898355
66.048 39.714 23.6275 -0.0122819 0 -1.6 0 -0.705881 -0.704166 0.0766968
80.51 40.4338 29.7048 -0.967994 -0.336713 -0.4 0 -0.059785 -0.909437 -0.411522
59.1785 61.9865 20.777 -0.201629 0 -3.5 0 0.137988 -0.230792 -0.963169
53.7925 65.5015 38.992 -1.79524 -0.585686 3.8 0 -0.97548 0.212592 0.0569538
55.3722 54.459 23.747 -1.4652 0 1.8 0 -0.734966 -0.630879 -0.248628
64.947 41.6995 32.181 -2.27562 -0.475923 -3.5 0 0.0255821 -0.965678 0.258479
64.947 42.4195 33.084 -1.81701 0 -3.5 0 0.059386 -0.508666 0.858913
57.06 68.1205 42.192 -1.56556 -0.124614 -4.5 0 -0.0738694 0.467923 0.880677
57.4485 67.5645 35.5775 -1.05049 -0.776957 -4.5 0 0.0804973 0.988492 -0.128078
85.264 46.15 31.3178 -0.86212 -0.487978 -3.5 0 0.851431 -0.424292 0.308289
69.084 38.826 29.1255 0.263396 0.3252 -0.7 0 -0.440599 -0.327506 0.83583
77.6777 59.537 27.3288 -1.34082 0 -3.5 0 0.920673 0.262461 0.288922
58.952 48.9287 23.6572 -0.216992 0 4.5 0 -0.969479 0.233511 -0.074723
66.409 59.695 20.982 -0.426394 0 1.8 0 0.107155 -0.301978 -0.947274
77.4755 44.1893 20.9245 -0.0389763 0 1.8 0 0.616863 0.617926 -0.487491
78.7175 53.6885 27.2655 -0.605884 0 -3.52711 0 0.706675 0.703574 0.0747872
69.9898 37.3493 28.2222 -0.00990332 0 -0.7 0 -0.397735 -0.724766 0.562602
57.91 51.4818 20.9685 -0.169648 0 1.8 0 -0.226045 -0.759609 -0.609834
74.0215 37.1415 17.821 -0.276566 0 -3.5 0 -0.282847 -0.893832 0.347939
81.3262 51.4225 25.6343 -0.909117 0 -3.5 0 0.371468 -0.307855 -0.875921
68.7962 66.4625 29.7467 -0.198622 0 -3.5 0 0.210985 0.976699 0.0393105
63.868 65.57 22.501 -1.07164 -0 1.8 0 0.41738 0.15835 -0.894829
72.2572 61.6903 23.0623 -0.312173 0 1.8 0 0.313962 0.83488 -0.45211
56.4835 62.7415 31.0375 -0.275209 0 3.8 0 -0.884681 0.0981928 0.455739
63.089 68.2715 28.2143 0.267074 0.77881 -4.5 0 0.534471 0.513664 -0.671186
66.2859 44.1823 20.4678 -0.240256 0 3.8 0 -0.367024 -0.496471 -0.786645
78.999 39.3355 26.2458 -0.13382 0 1.8 0 0.578927 -0.714805 -0.392298
80.6113 53.6525 34.5335 -0.0958814 0.033301 -4.5 0 0.67904 0.453707 0.577108
66.9645 65.523 30.3137 -0.307101 0.158454 -3.5 0 -0.475652 0.592297 0.650338
57.664 60.3915 21.0303 -0.292684 0 -0.62961 0 0.282505 0.0245665 -0.958951
75.298 44.6302 16.0397 -0.18799 0 1.8 0 0.604895 0.00670966 -0.796277
74.245 46.1702 16.273 -0.213537 0 1.8 0 0.334806 0.788265 -0.516279
62.651 64.951 37.658 5.47928 0 -0.8 0 0.588499 0.588073 0.554832
57.1715 66.3525 32.894 -0.0967581 0 -4.5 0 -0.612312 0.75204 -0.243945
68.9762 59.7537 21.788 -0.52906 0 1.8 0 0.596186 0.0871069 -0.798107
63.8675 67.869 29.0905 0.137936 0.232913 -4.5 0 0.825603 0.564225 -0.00541996
76.665 39.245 14.543 -1.10064 0 -3.5 0 0.387614 0.706273 -0.592397
67.9565 52.0795 18.7645 0.498298 0 -4.5 0 -0.332656 -0.156201 -0.930022
77.275 42.4045 24.3755 0.180388 0 1.96147 0 0.744822 -0.547413 -0.381549
75.238 61.053 27.098 -2.14529 -0.587661 -3.5 0 -0.532274 0.810749 0.243662
84.411 52.334 25.3298 -1.45727 -0.626307 -3.5 0 0.459694 -0.00944381 -0.888027
61.612 63.1958 43.4803 -0.190475 0 -4.5 0 0.15837 0.597827 0.785826
77.1965 38.4205 13.7815 -1.79755 -0.786251 -3.5 0 0.244117 0.383559 -0.890668
60.662 65.517 21.3078 -0.273695 0 1.8 0 -0.158281 0.257276 -0.953287
79.3485 41.8343 27.5387 -0.33857 0 3.1251 0 0.897077 0.136224 -0.420353
68.4395 57.1945 18.6445 0.0622844 0 -4.5 0 -0.726166 0.681203 -0.0929848
57.8553 65.776 30.8727 0.224265 0 -0.690793 0 -0.596911 0.773058 -0.214656
80.8227 54.2395 33.3473 0.361416 0 -4.5 0 0.82484 0.545459 0.148705
66.625 53.3968 37.758 -0.822958 0 0.375066 0 0.224694 -0.303889 0.925832
72.6245 60.747 22.41 -0.339406 0 1.8 0 0.491286 0.198865 -0.847992
67.2405 50.078 18.473 -0.292423 0 1.8 0 -0.293053 0.516024 -0.804885
54.399 64.227 22.281 -1.62552 -0.0236355 -3.5 0 -0.566955 0.759708 -0.318442
68.2702 60.5163 31.7763 -1.19118 0 1.9 0 -0.310731 0.347626 0.884648
56.2825 54.838 22.293 -0.689838 0 1.8 0 -0.870227 -0.115642 -0.478887
61.9352 46.886 26.6828 -0.341286 0 2.13907 0 -0.814103 -0.213123 0.5402
77.2363 41.454 32.7305 -0.269566 0 4.5 0 -0.167175 -0.872436 0.459247
58.16 66.5865 33.7525 0.422243 0 -4.5 0 -0.300812 0.945024 -0.128228
85.2667 47.1525 32.0513 -0.650845 -0.39983 -3.5 0 0.840347 0.186163 0.509077
69.779 54.9425 33.6675 -0.602945 0 3.8 0 0.599879 -0.235212 0.764735
71.8747 56.6493 29.7313 -0.457949 0 1.9 0 0.542789 0.0675666 0.837147
72.8695 46.829 18.2425 -0.605467 0 1.8 0 0.0153363 0.688141 -0.725415
76.8098 39.2393 20.6777 6.54252 0 1.8 0 0.0195076 -0.434295 0.90056
81.976 51.643 30.824 -0.915248 0 -3.99872 0 0.883803 0.0142952 0.467642
52.2018 56.892 29.848 -0.323384 0 3.8 0 -0.884678 -0.465874 0.0174714
74.551 51.746 32.1605 -0.168187 0.289077 -1.1892 0 -0.656838 -0.322785 0.681449
84.3428 43.0205 29.1478 -0.238422 0 -0.4 0 0.88101 -0.149295 -0.448924
79.0355 44.978 23.472 -0.25534 0 3.8 0 0.361597 -0.524155 -0.771044
55.862 62.2728 19.5403 -0.333338 0 -3.5 0 -0.196 -0.135859 -0.971147
66.275 63.2108 19.1453 -0.130863 0 1.8 0 -0.321757 -0.0344835 -0.946194
61.5955 62.6505 20.8675 -0.530092 -0.461995 -2.4205 0 -0.00164499 0.291435 -0.956589
69.6693 64.336 30.6262 -0.118794 0.0232565 -3.5 0 0.435071 -0.298239 0.849568
79.503 39.846 27.14 -0.153734 0 1.8 0 0.798809 -0.579318 0.162155
61.9642 49.1102 18.7855 -0.113069 0 1.8 0 -0.403766 -0.67109 -0.621781
60.773 56.653 18.1925 -0.158113 0 -0.7 0 -0.384884 0.0583546 -0.921118
61.317 49.878 20.7375 0.2249 0 1.8 0 -0.860792 -0.506352 0.0514316
77.8717 37.8558 18.1273 2.11422 -0.0204421 -0.873074 0 0.644065 -0.754243 0.127658
80.2083 52.9567 35.2267 0.113622 0.564533 -4.5 0 0.514205 0.554791 0.654065
70.4725 37.238 20.733 -1.92745 -0.132778 -3.5 0 -0.84648 -0.501337 -0.179259
78.6845 49.663 34.0025 -1.48136 -0.127088 -3.87059 0 -0.640212 -0.494993 0.587462
56.2206 67.5328 39.2868 -1.08119 0 -4.5 0 -0.635446 0.656606 -0.406296
76.1783 38.6452 19.835 3.80685 0.424219 -0.885131 0 0.0678762 -0.880348 0.469447
55.8903 55.73 29.9837 -0.393499 0 3.8 0 -0.0678088 -0.990413 -0.120347
66.5915 48.9355 35.616 -0.364924 0 3.8 0 -0.0567718 -0.99668 -0.0583662
56.6917 64.4573 41.9675 -3.45214 0 -4.5 0 -0.708434 -0.277036 0.649132
60.1403 51.1245 36.0455 -0.31752 0 3.8 0 0.26899 -0.536744 0.799719
63.3435 57.8488 19.5562 -0.0462376 0 0.648172 0 0.478547 0.181111 -0.859181
61.1188 49.5547 19.1248 -0.154292 0 1.8 0 -0.859092 -0.392747 -0.328193
52.0452 57.4982 28.5753 -0.477815 -0.199369 1.73392 0 -0.874157 -0.444037 0.196673
61.7868 58.6215 42.8273 -0.26375 0 -4.5 0 0.351667 -0.870996 -0.343068
68.276 65.216 25.322 -0.181701 0 -3.5 0 0.313576 0.861765 -0.398787
63.6953 61.0645 41.9943 -0.224808 0 -4.5 0 0.755638 -0.351225 -0.552858
62.582 63.9265 38.566 5.70983 0 -0.8 0 0.775 0.0559323 0.629481
80.8197 41.253 17.6758 0.0356947 0 1.8 0 0.911608 0.40155 -0.0879092
79.0305 54.0617 22.2375 -1.62429 -0.10936 -3.5 0 0.44895 0.433813 -0.781185
84.3545 53.1177 29.6515 -1.74203 -0.128332 -3.5 0 0.505635 0.513159 0.693542
52.206 63.3735 36.088 -0.311484 0 3.8 0 -0.844255 0.529137 0.0851278
78.63 54.7077 22.9695 -2.23659 -0.425169 -3.5 0 0.138973 0.967576 -0.210909
73.0107 54.7555 31.067 -0.450135 0 1.8 0 0.0822928 0.705773 0.703643
61.0327 60.891 44.6232 -0.240315 0 -4.5 0 -0.174324 0.274601 0.945624
77.904 50.3515 36.1748 0.071933 0.603083 -4.5 0 -0.272384 -0.798944 0.536186
65.1285 50.1845 18.6805 -0.388438 0 1.8 0 0.180033 0.135714 -0.974254
78.5495 45.417 35.6982 -0.469396 0 4.5 0 -0.112508 0.337354 0.934631
52.289 57.5825 30.7938 -0.310896 0 3.8 0 -0.936028 0.0119608 0.351722
78.1722 44.2168 35.6932 -0.373486 0 4.5 0 -0.274181 -0.303447 0.912548
85.597 48.78 29.4635 -0.603122 0 -3.5 0 0.954832 0.28223 0.0929643
81.0105 52.2352 34.3075 -0.429435 0 -4.00693 0 0.827877 0.433085 0.356451
57.1862 68.6012 39.87 -1.06554 -0.104886 -4.5 0 -0.129929 0.93362 -0.333875
58.382 68.3067 40.473 -1.15002 0 -4.5 0 0.630964 0.770607 0.0897228
65.725 45.5783 33.455 -0.449229 0 -3.5 0 0.300482 0.0360433 0.953106
80.423 42.7552 28.6485 0.0201213 0 4.5 0 0.56368 -0.1512 -0.812036
67.396 46.0998 31.2703 0.0489033 0 -1.36713 0 0.676061 -0.0125589 0.736739
85.595 50.387 26.44 -0.565097 0 -3.5 0 0.929675 -0.0668589 -0.362262
74.3477 36.463 22.993 -1.42481 -0.778871 -3.5 0 0.741922 -0.389284 0.545903
73.2217 51.6365 23.386 -1.39586 0 -3.5 0 0.811962 -0.275054 -0.514844
60.871 63.635 20.7325 -1.14017 -0.0446621 -3.5 0 0.262436 0.129358 -0.956239
67.1592 60.6452 20.2377 -0.139544 0 1.8 0 0.138499 -0.35396 -0.924949
59.5745 62.0252 43.7152 -0.260966 0 -4.5 0 -0.359683 0.142834 0.922077
70.9395 41.7935 30.582 -0.163993 0 1.8 0 0.540448 -0.517723 0.663234
61.9538 44.1495 31.4172 -1.9982 -0.115558 -3.5 0 -0.888305 -0.317129 0.33218
84.775 51.818 29.5965 -1.37163 -0.0385863 -3.5 0 0.639855 0.228287 0.733806
61.1885 62.2202 44.1317 -0.22604 0 -4.5 0 -0.063229 0.381985 0.922003
77.818 38.9767 20.8727 4.54337 0 1.8 0 0.0197421 -0.339188 0.940511
79.6858 45.8438 22.9438 -0.317695 0 3.8 0 0.494299 -0.377824 -0.782891
54.007 57.066 32.2185 -0.292292 0 3.8 0 -0.227572 -0.280479 0.932493
62.615 60.286 37.378 -0.447594 0 -3.5 0 0.665277 0.192142 0.721449
76.3615 41.233 30.646 -0.369853 -0.146022 3.57876 0 -0.153212 -0.838162 0.52346
78.0847 39.7972 29.1068 0.397777 0.361821 1.8 0 0.0772484 -0.819072 0.568467
52.856 58.5445 31.248 -0.319076 0 3.8 0 -0.760948 0.516473 0.3927
77.0605 36.2178 15.2552 -1.24281 -0.0392182 -3.5 0 0.184343 -0.948271 -0.258456
66.8465 64.9053 22.1537 -0.0434786 0 1.8 0 0.00870062 0.982256 0.187346
55.488 61.1215 20.402 -0.649422 0 -3.5 0 -0.344925 -0.340269 -0.874782
66.021 42.3665 32.3975 -1.80756 -0.594201 -3.5 0 0.671349 -0.571407 0.472001
59.3855 51.3402 26.597 -0.364253 0 3.15023 0 -0.928096 -0.244234 -0.281048
75.155 44.957 31.8415 -0.468497 0 4.18721 0 -0.591198 0.122384 0.797187
61.8993 47.6782 29.637 -0.506154 0 2.10161 0 -0.359267 -0.834904 -0.416968
56.821 52.449 33.1403 -0.282772 0 3.8 0 -0.840602 -0.407504 -0.356832
55.0812 65.3503 27.3125 -1.35221 -0.00503903 -0.4 0 -0.370554 0.844694 0.38624
62.4243 44.456 20.7415 -0.188758 0 3.8 0 -0.58534 -0.607173 -0.537326
70.395 63.652 27.8135 -0.206065 0 -3.5 0 0.957708 0.260475 -0.12226
70.8047 51.7282 32.758 -0.410992 0 3.8 0 0.4326 0.307255 0.847616
63.3335 62.0525 41.513 -0.179023 0 -4.5 0 0.667322 0.13274 -0.732845
61.2425 60.154 20.0975 -0.181109 0 4.2 0 -0.471835 0.377824 -0.796631
85.0755 52.791 28.918 -2.18823 -0.0123794 -3.5 0 0.878186 0.333283 0.343093
79.9573 40.697 30.6737 -0.931859 -0.171716 3.57834 0 -0.151355 -0.921673 0.357225
80.397 46.247 23.6702 -0.346959 0 3.8 0 0.737075 -0.0970166 -0.668811
57.5325 53.477 35.957 -0.279471 0 3.8 0 -0.505522 -0.180209 0.843784
61.4123 64.694 21.284 -0.63133 -0.177767 -0.658122 0 0.382514 0.213349 -0.89898
57.326 63.6937 42.6865 -0.430558 0 -4.5 0 -0.701014 -0.149125 0.697382
62.406 62.0445 20.3555 -0.0869732 0 4.2 0 -0.0987919 0.510404 -0.854241
54.5155 65.9415 37.9888 -1.28832 -0.284631 3.8 0 -0.724484 0.642979 -0.248397
73.9703 54.9688 29.9305 -0.25069 0 1.8 0 0.151082 0.787073 0.598073
81.321 51.19 35.667 -1.5114 -0 -3.5 0 0.411192 0.363765 0.835821
78.8867 53.692 28.4433 -0.638959 0 -4.39064 0 0.615486 0.747331 -0.250348
82.021 40.761 29.407 -1.26689 -0.253876 -0.4 0 0.320765 -0.703941 -0.633701
75.3155 41.9875 23.4093 -0.132021 -0.0425902 1.98852 0 0.0630438 -0.983601 0.168979
73.7195 58.396 28.892 -0.750485 0 1.9 0 0.0983832 -0.175977 0.979466
69.1895 37.8255 27.4705 0.458616 0.105676 -0.7 0 -0.620502 -0.784194 0.00412301
65.186 57.9825 33.2615 -0.822161 0 0.149973 0 0.786924 0.57482 -0.224349
62.086 56.5775 36.566 -0.373644 0 -3.5 0 -0.158617 -0.516145 0.841686
53.613 63.335 22.0535 -1.98445 -0.01427 -3.5 0 -0.79276 0.536791 -0.288767
52.293 58.6505 24.8615 -0.280772 -0.348014 0.391136 0 -0.756535 0.48012 -0.444004
61.4427 66.598 33.4315 0.318686 0 -4.5 0 0.7549 0.453079 0.474178
64.2105 66.714 24.091 -1.6909 -0.021213 1.8 0 0.709586 0.672137 0.211472
79.3027 51.3855 22.5093 -2.29524 -0.0296704 -3.5 0 0.386673 -0.253274 -0.886756
56.288 68.382 40.2912 -1.85549 -0.286081 -4.5 0 -0.606639 0.755924 -0.246105
65.7815 49.3823 35.1642 -0.35539 0 3.8 0 -0.203878 -0.975717 0.0800587
59.8445 60.245 41.12 -0.260268 0 -4.5 0 -0.717281 -0.678027 -0.160587
66.6075 51.061 19.105 -0.342524 0 -4.5 0 -0.187013 0.323542 -0.927549
75.28 43.962 32.641 -0.37393 0 4.5 0 -0.835996 0.231452 0.497535
65.8603 55.3645 20.7265 -0.169602 0 -4.23347 0 0.126933 0.438302 -0.88982
52.1065 57.89 29.506 -0.353791 0 3.8 0 -0.966141 0.0707561 0.248125
78.0765 38.6305 14.473 -1.39864 -0.00597679 -3.5 0 0.706543 0.291992 -0.644622
59.135 46.7977 31.2638 -0.332703 0 3.8 0 -0.362402 -0.930335 0.0560458
83.063 43.6705 33.8565 -1.77331 -0.136399 -3.5 0 0.104583 -0.515928 0.850224
55.892 66.888 36.298 -1.80725 -0.773713 -4.5 0 -0.817411 0.574655 -0.0401489
81.936 42.9575 32.49 -0.429719 -0.164106 -1.95425 0 0.115877 -0.643362 0.756741
74.685 48.5385 32.7435 -0.563279 0 2.5 0 -0.723229 0.119008 0.680277
65.7345 42.4695 21.492 -0.114304 0 -1.6 0 -0.500246 -0.304506 -0.810574
62.914 64.7315 32.3355 -0.907529 -0.113824 -3.5 0 0.64007 0.680831 0.356059
53.101 62.4165 29.2015 -1.56148 -0.108156 3.8 0 -0.410177 0.567596 0.713856
84.8675 53.336 28.0763 -1.48008 -0.179524 -3.5 0 0.726671 0.673529 0.135307
61.635 58.539 38.7383 -0.217486 0 1.8 0 0.527579 -0.53127 0.662882
56.4253 59.8036 33.0402 -0.266011 0 1.8 0 -0.846229 0.476162 -0.239096
62.898 68.483 30.2558 -0.038954 0 -4.5 0 0.700188 0.695156 0.162772
60.4369 59.4301 20.337 -0.234303 0 4.2 0 -0.460483 0.173876 -0.870473
66.6025 57.4575 20.7955 -0.120829 0 1.8 0 -0.295012 -0.0689436 -0.953003
81.6557 41.7234 31.8467 -0.622171 0 -0.4 0 0.181947 -0.486706 0.854408
55.8 63.938 21.026 -0.868985 0 -3.5 0 -0.464161 0.693341 -0.55121
58.5376 65.1031 21.6864 0.389952 0 -2.63585 0 -0.100336 0.839557 -0.533925
54.9871 61.2045 34.2704 -0.36526 0 3.8 0 -0.0612749 0.0264764 -0.99777
72.575 39.0055 17.976 0.260231 0 -3.5 0 -0.892798 -0.446573 -0.0590226
58.9565 59.8826 39.0938 -0.130802 0 1.8 0 -0.688454 -0.368366 0.62477
62.2051 60.8061 41.3247 -0.224849 0 -4.5 0 0.571286 -0.320435 -0.755615
62.005 66.531 32.2925 0.29913 0 -4.5 0 0.738029 0.343526 0.580778
55.1136 64.1894 34.6879 -0.257937 0 3.8 0 -0.160224 0.507064 -0.846885
53.012 59.3655 22.9608 -1.62698 -0.0315277 1.8 0 -0.899042 0.015975 -0.437571
55.9793 52.4845 22.3827 -0.190201 0 1.8 0 -0.953507 -0.300546 0.0222639
58.1077 64.8932 27.081 0.0622264 0 3.8 0 0.432292 0.895543 0.105476
68.754 54.6707 33.8957 -0.903747 0 3.8 0 0.477993 -0.453901 0.751995
79.6702 40.9469 19.6546 1.72062 0 1.8 0 0.721453 0.21099 0.659537
60.312 50.277 34.423 -0.361309 0 3.8 0 0.206 -0.901892 0.379678
58.4919 64.5584 27.9902 0.0943792 0 3.8 0 0.361255 0.889464 -0.279906
77.272 54.278 32.216 1.57171 0.343558 -4.5 0 -0.458943 0.874521 -0.156795
59.6584 66.9848 34.9359 -0.158684 0 -4.5 0 0.346617 0.933314 0.0937061
65.4017 46.2085 19.9491 -0.0614611 0 3.8 0 -0.126561 -0.214723 -0.96844
63.0019 43.306 24.0697 -0.244497 0 3.8 0 -0.824661 -0.554829 0.109993
59.3586 56.1561 31.3671 -0.81971 0 1.8 0 -0.511515 -0.798195 -0.318178
63.3774 56.86 19.029 0.440062 0.266035 -0.7 0 0.454747 0.305673 -0.836522
69.2309 43.7373 30.9592 -0.156447 0 1.8 0 0.0371819 0.20021 0.979047
71.0805 39.073 20.1259 -1.0262 -0.375883 -3.5 0 -0.570529 -0.220674 -0.791075
56.2839 64.7116 24.9725 -0.406969 -0.00125458 -1.63147 0 -0.0433905 0.988879 -0.14225
70.2845 47.526 30.7405 -0.383096 0 3.8 0 0.335963 -0.599785 0.726214
72.309 50.3828 30.9688 -0.273605 0 3.8 0 0.46409 -0.313338 0.828517
57.288 57.956 34.247 -0.148283 0 1.8 0 -0.563283 -0.494543 0.661922
62.1387 44.6205 26.3479 -0.256128 0 1.8 0 -0.847739 -0.527211 -0.0582074
83.6217 47.3703 34.2463 -0.576002 0 -3.5 0 0.637079 -0.173536 0.751009
75.8664 39.0583 21.0911 1.71673 0 0.505134 0 0.650276 -0.545845 0.528388
67.838 49.4596 17.4754 0.0594012 0 1.8 0 -0.257275 0.677874 -0.688692
61.2131 56.0792 36.32 -0.198706 0 3.8 0 -0.0463844 -0.446971 0.893345
78.8938 42.4227 18.4932 1.1045 0 1.8 0 0.271576 0.953987 0.127103
75.8014 46.0091 32.2835 -0.630858 0 3.79177 0 -0.65936 -0.0721942 0.748353
77.3365 52.2327 22.533 -2.53999 -0.209279 -3.5 0 -0.466757 -0.139172 -0.873367
72.5052 38.1324 16.6502 -0.222606 0 -3.5 0 -0.903034 -0.423815 -0.0700705
78.9345 40.1468 25.4929 -0.0940929 0 1.8 0 0.588671 -0.168747 -0.790564
71.2298 48.2402 18.8974 0.476379 0 1.8 0 0.407497 0.566175 -0.716514
85.5169 50.7704 27.5763 -0.822887 0 -3.5 0 0.991524 0.127843 -0.0231486
68.3402 43.3204 18.4159 -0.000407827 0 1.8 0 -0.8209 0.0861516 -0.564536
78.6383 47.0821 34.4318 -1.35401 0 2.93759 0 -0.666032 0.327952 0.669962
57.3075 67.9197 38.7212 -0.581864 0 -4.5 0 -0.130634 0.768653 -0.626185
75.8585 60.8802 27.9263 -2.35835 -0.235033 -3.5 0 -0.0484996 0.918993 0.391279
70.681 37.6432 25.3803 -0.288568 0 -0.7 0 -0.236933 -0.874648 -0.422912
63.3825 42.7135 30.9305 -2.18297 -0.371562 -3.5 0 -0.57177 -0.792146 -0.213504
70 62.0475 29.252 -0.391694 0 -1.34727 0 0.938792 0.336576 0.0733946
80.0269 50.8705 35.9075 -0.75149 -0.953138 -3.5 0 0.324727 -0.124116 0.937629
56.3669 64.12 34.029 0.236039 0 -4.5 0 -0.803609 0.255022 -0.537751
56.007 64.189 31.0685 -0.277834 0 3.8 0 -0.83481 0.295241 0.464677
64.0622 61.9422 36.542 -0.33745 0 -0.8 0 0.779692 -0.27692 0.561601
61.4105 67.4515 28.5605 -0.141557 0 -4.5 0 -0.63688 0.394572 -0.662343
63.0245 44.4265 32.581 -1.64716 0 -3.5 0 -0.551349 0.0797627 0.830453
59.4804 49.75 24.1213 -0.188468 0 4.5 0 -0.931016 0.211966 0.297118
68.7261 65.0274 26.2162 -0.0608647 0 -3.5 0 0.474548 0.852557 -0.218976
74.5719 58.9342 29.2419 -1.96208 -0.0802262 -3.5 0 -0.104127 -0.154149 0.982546
57.9367 52.2622 35.205 -0.286808 0 3.8 0 -0.644437 -0.444724 0.62203
77.9244 42.0252 21.1723 0.542824 0 1.8 0 0.717364 0.124577 0.68547
61.3666 46.975 31.9249 -0.431152 0 3.8 0 0.0916931 -0.731027 0.67616
72.8972 41.0187 16.8037 -0.439047 0 -3.5 0 -0.527018 0.439396 -0.72745
74.5385 54.284 21.3785 -1.08581 0 -3.5 0 0.616247 -0.407798 -0.673751
65.3746 46.5895 33.1656 -0.388839 0 -3.5 0 -0.0258691 0.362235 0.931728
57.8278 51.5776 31.903 -0.305218 0 3.8 0 -0.997553 0.0237737 -0.0657558
72.0645 61.968 24.241 -0.299851 0 1.8 0 0.245906 0.96909 0.0198577
67.3002 49.7859 37.0793 -0.359267 0 3.8 0 0.177601 -0.624133 0.760866
68.0685 52.3369 35.6554 -0.587906 0 3.8 0 0.79065 0.612269 7.28524e-05
81.3988 48.087 25.66 -0.2045 0 3.8 0 0.595095 0.295297 -0.747436
66.4349 43.4509 21.1467 -0.19861 0 2.20542 0 -0.424253 -0.389765 -0.81737
79.726 53.902 29.3988 -0.511875 0 -4.5 0 0.461904 0.793041 -0.397153
56.6051 53.6926 21.4155 -0.0701798 0 1.8 0 -0.803866 0.123651 -0.581816
54.2504 59.0336 22.0195 -0.345746 0 1.8 0 -0.734194 -0.202858 -0.647925
76.7849 53.8829 31.2754 -0.00668946 0.647938 -4.5 0 -0.198021 0.980018 0.0187806
72.7783 59.6519 28.3494 -0.255027 0 1.9 0 0.294246 0.927378 -0.231063
84.516 43.9405 31.056 -0.410322 0 -0.4 0 0.998248 -0.0481869 -0.0343403
58.508 47.4185 30.5045 -0.298453 0 3.8 0 -0.787523 -0.507186 -0.350099
65.4445 45.125 20.082 -0.156768 0 3.8 0 -0.115029 -0.362724 -0.92477
63.426 50.4364 34.1826 -0.261311 0 3.8 0 -0.620233 -0.736589 0.269717
74.9733 51.6992 33.226 0.069233 0.291869 -4.5 0 -0.941982 -0.31146 0.125147
64.2066 49.5004 34.2892 -0.315881 0 3.8 0 -0.49905 -0.835342 0.230551
66.6515 61.8335 19.9042 -0.032133 0 1.8 0 -0.0747455 -0.343963 -0.936003
56.7692 65.1435 30.8883 -0.131273 0 3.8 0 -0.666785 0.708869 0.230005
63.588 42.6681 23.1572 -0.211176 0 3.8 0 -0.559006 -0.824703 -0.0858926
62.7376 59.1631 37.5978 -0.454016 0 -1.27416 0 0.668708 0.0319764 0.742837
52.4495 60.7788 28.8333 -0.715938 -0.0384152 3.8 0 -0.853321 0.133006 0.504135
83.755 48.4699 26.6426 -0.440703 0 -3.5 0 0.182809 -0.378763 -0.907259
76.5236 53.8824 33.6614 0.334085 0 -4.5 0 -0.504605 0.848614 0.158834
80.9301 52.3409 27.7711 -1.01892 0 -4.10835 0 0.116664 0.99158 -0.0562042
67.766 39.3185 26.9946 0.243888 0.328346 -0.443312 0 -0.490876 -0.864965 0.104287
70.16 38.3065 28.8368 0.350334 0.0741686 -0.7 0 0.0752014 -0.366224 0.927483
80.3421 53.5308 25.3617 -0.817524 0 -3.5 0 0.512828 0.857191 0.0472377
70.79 38.395 24.1935 -0.175208 0 -1.38384 0 -0.18659 -0.980404 -0.0631824
58.9685 67.8635 31.675 0.33314 0.32667 -4.5 0 -0.711711 0.696104 0.0943723
62.091 67.171 24.977 0.307237 0 1.8 0 0.572883 0.566073 0.592762
57.2271 55.2249 34.1411 -0.281375 0 3.8 0 -0.829089 0.416142 0.373413
83.242 44.0725 27.997 -0.54616 -0.381864 3.8 0 0.352274 -0.480694 -0.803017
73.8923 58.0897 24.302 -1.29338 0 -1.93849 0 0.713438 0.233063 -0.660824
73.3145 40.2707 25.1012 -0.821875 0 3.57362 0 0.762605 -0.646406 0.0243603
52.5542 58.6032 30.0465 -0.327548 0 3.8 0 -0.813967 0.46948 0.34212
76.8486 54.1834 22.6208 -1.1587 -0.0866862 -3.5 0 0.0302027 0.673061 -0.73897
67.6937 54.3348 38.2012 -1.99991 -0.226109 -3.5 0 0.40302 -0.411653 0.817384
68.1484 63.6808 19.638 -0.158988 0 1.8 0 0.511739 0.367542 -0.776554
69.795 57.1614 21.0701 -0.53193 0 0.825274 0 0.477752 0.871902 -0.107423
52.3522 59.5996 25.9428 -0.049726 0 -0.4 0 -0.869023 0.307667 -0.38748
68.3976 46.079 17.1817 -0.0979754 0 1.8 0 -0.382614 -0.611065 -0.692969
58.6234 48.568 32.7386 -0.293034 0 3.8 0 -0.535767 -0.240485 0.809395
84.6855 50.2715 25.7215 -0.653787 0 -3.5 0 0.386482 -0.221735 -0.895246
67.2584 64.1917 23.1994 0.224579 0 0.407968 0 0.309278 0.935619 0.170187
69.691 57.9785 21.8485 0.328843 0 1.8 0 0.587622 0.57103 -0.573258
73.6728 56.414 21.8697 -1.96874 0 -3.5 0 0.488988 0.672552 -0.555486
64.654 42.315 28.2197 -0.601462 0 -0.4 0 -0.84729 -0.425159 0.318339
59.7152 56.7928 36.0935 -1.17438 0 3.8 0 -0.753169 -0.122292 0.64636
60.9791 46.8861 25.8315 -0.298103 0 4.00935 0 -0.53497 -0.548935 0.642244
82.0383 44.6386 27.2844 -1.36164 -0.857493 3.8 0 0.0540398 -0.727501 -0.683975
71.1055 61.8371 23.6842 -0.341387 0 1.8 0 0.157561 0.914447 -0.372775
69.7231 52.6022 32.5609 -0.528139 0 3.8 0 0.398329 0.197543 0.895718
56.3495 67.4688 35.497 -1.31873 -0.264826 -4.5 0 -0.470869 0.869871 -0.146992
54.6702 64.7545 23.3323 -1.76713 -0.0836176 -3.5 0 -0.457218 0.886372 -0.0727783
67.2525 60.6077 31.533 -0.566416 0 1.9 0 -0.0433366 0.10602 0.993419
76.1825 38.6195 13.9045 -1.17973 -0.014157 -3.5 0 0.111855 0.148499 -0.982566
64.429 46.94 19.828 -0.145176 0 3.8 0 -0.259829 -0.226992 -0.938597
61.4142 46.0665 24.884 -0.255883 0 4.5 0 -0.508522 -0.84481 0.166439
80.0404 41.7279 16.6354 0.0235169 0 1.8 0 0.622671 0.441199 -0.646238
74.9015 38.1955 20.4329 1.07693 0.750578 -3.5 0 0.594751 -0.800938 0.0690574
63.789 64.4805 34.2996 -1.71798 -0.854799 -0.8 0 0.78967 0.527623 -0.313106
56.4953 65.0335 21.5195 -0.350897 0 -3.5 0 -0.400288 0.865228 -0.30191
68.7114 44.0315 17.7609 -0.113879 0 1.8 0 -0.616242 0.00762959 -0.78752
55.8721 55.8646 28.9115 -0.630999 0 3.8 0 -0.255795 -0.966715 -0.00563233
67.5175 54.3395 35.6674 -2.33917 0 -3.5 0 0.936817 -0.339706 -0.0835147
67.48 53.1447 35.7699 -0.959069 0 3.8 0 0.948163 0.296243 -0.11501
61.6598 55.2808 18.8507 -0.102523 0 -0.7 0 -0.0231756 -0.638181 -0.769537
58.9688 52.5041 30.098 -0.385135 0 3.8 0 -0.794743 0.508715 0.331049
78.4898 49.371 23.0333 -1.09518 -0.375905 -2.37035 0 0.0516732 -0.294949 -0.954115
66.8495 40.8618 28.8447 0.588105 0 -0.313776 0 -0.135271 -0.631164 0.763763
55.4329 64.4736 28.2066 -0.64923 0 1.11566 0 -0.718924 0.457796 0.52304
61.0908 66.0115 28.4897 0.386644 -0.286407 -2.62551 0 -0.843858 0.342595 -0.412956
58.476 61.3133 21.0479 -0.233352 0 0.708366 0 0.136661 -0.296357 -0.945249
76.8151 49.8447 23.4754 -1.21812 0 -3.5 0 -0.404641 -0.0678428 -0.911956
70.8066 62.2142 24.9281 -0.345165 0 -0.826397 0 0.482241 0.87321 0.0703451
54.7226 55.7808 23.4881 0.148043 0 1.13418 0 -0.431363 -0.575593 -0.694708
77.3607 43.6883 34.9692 -0.346188 0 4.5 0 -0.484872 -0.528376 0.696935
76.4455 39.697 28.5265 -0.31736 0 1.8 0 -0.176811 -0.909613 0.375955
78.6146 41.389 32.0534 -0.244417 0 4.5 0 0.0634318 -0.920636 0.385235
74.017 59.807 29.1855 -0.827887 0 -3.5 0 -0.187983 0.878158 0.439888
57.6087 52.7776 32.3231 -0.315455 0 3.8 0 -0.674885 -0.0354359 -0.737072
72.788 51.6855 21.3337 -1.27818 0 -2.54709 0 0.898806 -0.0140373 -0.438121
78.8309 48.6041 34.3035 -2.57732 -0.294469 -3.5 0 -0.869851 0.0428227 0.491452
63.1955 52.4095 36.8138 -0.395142 0 3.8 0 -0.723558 0.0775324 0.685895
82.6742 50.4007 34.4403 -2.0357 -0.258641 -3.5 0 0.770482 0.569354 0.286693
63.588 65.9118 25.373 -0.609604 0 -0.8 0 0.476652 0.773975 0.416852
62.639 60.561 44.281 -0.233965 0 -4.5 0 0.54272 -0.158519 0.824819
65.8744 54.9995 38.1509 -2.2195 -0.792147 -3.5 0 -0.383216 -0.279177 0.880458
58.8614 59.5391 21.024 -0.237819 0 2.84195 0 -0.045196 0.148106 -0.987938
78.8754 54.3216 24.3551 -1.84547 -0.518222 -3.5 0 0.392591 0.909625 0.135851
65.6485 53.1155 19.7325 0.612875 0 -4.5 0 -0.263723 0.134745 -0.955141
74.4561 60.5827 25.7831 -1.14346 0 -3.5 0 -0.38128 0.916105 0.124002
55.913 61.653 33.961 -0.439687 0 3.8 0 -0.34386 -0.122935 -0.930939
64.0616 63.3041 34.6245 -1.57234 -0.0491451 -0.8 0 0.98682 0.101039 -0.126406
64.0456 48.2396 19.5819 -0.210284 0 3.19387 0 -0.230579 -0.572297 -0.786962
81.717 43.6606 33.4017 -0.980203 0 -2.61034 0 0.0678296 -0.604195 0.793944
57.088 55.605 30.7167 -0.37948 0 3.8 0 0.236484 -0.966028 0.104234
57.232 55.4391 29.704 -0.42024 0 2.68648 0 -0.127067 -0.924178 0.360207
81.7655 51.3821 31.881 -0.944484 0 -4.38437 0 0.953456 0.266183 0.141661
79.4575 52.4333 36.2274 0.0625539 0 -4.5 0 0.439331 0.332277 0.834614
72.0179 43.0666 30.4522 -0.194003 0 3.09267 0 0.259852 -0.42773 0.865751
66.7346 47.2905 18.4169 0.546535 0 1.8 0 -0.809755 -0.423867 -0.405751
68.1484 39.0418 25.9325 0.140549 0.457464 -0.552739 0 -0.618737 -0.78433 0.0446109
70.4743 64.6955 29.916 0.242329 0.786684 -3.5 0 0.945712 0.0682171 0.317765
56.9195 52.7735 23.7675 0.233096 0 1.8 0 -0.596807 -0.561981 0.572712
75.2442 45.7192 16.5771 -0.214489 0 1.8 0 0.591158 0.602338 -0.536397
76.6683 43.582 34.153 -0.340029 0 4.5 0 -0.582014 -0.46555 0.666725
80.7972 52.7915 24.5693 -0.785929 0 -3.5 0 0.794118 0.244257 -0.556521
57.3331 64.884 20.845 -0.208858 0 -3.5 0 -0.116528 0.831174 -0.543664
56.682 52.4401 21.0724 -0.153034 0 1.8 0 -0.708698 -0.312306 -0.632623
54.253 62.7279 29.1647 -1.40237 -0.0887614 3.8 0 -0.341883 0.687365 0.640816
80.0479 42.1992 17.7041 0.1757 0 1.8 0 0.601051 0.798121 0.04171
63.6559 51.3517 37.4963 -0.349642 0 3.8 0 -0.685725 -0.179216 0.705452
56.9123 63.6745 41.1985 -0.711469 0 -4.5 0 -0.78641 -0.553902 0.273408
76.457 54.5662 23.8445 -1.16666 0 -3.5 0 0.426841 0.851954 -0.303285
58.5191 60.9403 42.5466 -0.283083 0.947538 -4.5 0 -0.881041 -0.465838 0.0822246
66.4385 52.3823 37.7615 -0.51302 0 3.8 0 0.239444 -0.0209233 0.970685
84.9705 45.5755 30.526 -0.672385 0 -3.30233 0 0.723958 -0.683813 -0.0910186
77.9758 40.9585 30.558 0.157729 0.0319168 2.42443 0 -0.122679 -0.898175 0.422175
79.5905 54.5085 31.017 -0.0335689 0 -4.5 0 0.313608 0.845647 -0.431893
78.9069 40.0079 28.3185 0.374215 0 1.8 0 0.600108 -0.720543 0.347403
57.1263 62.79 32.2637 -0.18191 0 -0.35023 0 -0.998684 -0.0473267 -0.0197847
66.5801 39.6328 27.4049 0.330705 0 -0.4 0 -0.064486 -0.941382 0.331122
57.736 65.051 25.0856 0.486843 0.295178 3.06225 0 -0.414284 0.908289 0.0581355
55.1738 57.4525 20.934 -0.147943 0 1.8 0 -0.616726 -0.517013 -0.593588
69.5419 45.5159 30.1671 -1.17376 0 1.8 0 0.326632 0.176858 0.928457
67.3367 63.0074 19.2935 -0.101777 0 1.8 0 0.213141 -0.166159 -0.962789
84.1226 42.1246 29.7794 -0.188055 0 -0.4 0 0.656608 -0.67407 -0.338372
70.7416 47.3531 17.4452 -0.330478 0 1.8 0 0.567702 0.0734969 -0.819946
72.0581 60.739 28.9578 -0.0331496 0 1.9 0 0.602938 0.780268 -0.166274
60.1862 66.4102 25.9825 0.0783056 0 1.8 0 -0.463494 0.218005 0.858864
62.4085 66.0584 26.1405 -0.34175 -0.175278 1.27017 0 0.508911 0.833132 0.216567
72.9122 49.0723 30.6819 -0.333173 0 3.09947 0 0.0527793 -0.0787177 0.995499
60.1323 46.6753 31.7425 -0.382609 0 3.8 0 0.0133771 -0.982151 0.18762
77.936 46.291 34.648 -0.64052 0 4.5 0 -0.511773 0.540502 0.667792
56.9495 51.5319 22.8614 -0.145487 0 1.8 0 -0.564731 -0.721168 0.401242
72.3225 45.9753 17.002 -0.167673 0 1.8 0 -0.353637 0.565751 -0.744894
60.591 69.5766 30.8363 0.280418 0 -4.5 0 -0.209637 0.953928 0.214649
71.8177 39.9103 19.0635 -0.598244 0 -3.5 0 -0.672976 -0.566348 -0.475766
73.3282 35.7394 21.3405 -1.59836 -0.438149 -3.5 0 0.0712961 -0.921017 -0.382942
73.3926 60.6935 23.1168 -0.381076 0 1.8 0 0.775241 0.305607 -0.552816
70.6387 58.0835 22.2992 -0.347698 0 1.8 0 0.13337 0.391049 -0.910655
69.1188 62.4268 21.576 -0.208488 0 1.8 0 0.902543 0.229848 -0.364124
62.4251 58.0771 19.1057 -0.149968 0 1.59285 0 0.238974 0.354615 -0.903958
82.5843 41.446 31.39 -0.748588 -0.00102929 -0.4 0 0.275415 -0.654274 0.704324
84.5515 53.7152 26.8927 -2.22933 -0.538789 -3.5 0 0.570587 0.821233 -0.00278902
75.9625 36.0489 16.2689 -1.80001 0 -3.5 0 -0.199622 -0.97475 0.100067
67.1445 45.0522 31.9428 -0.452002 0 -3.5 0 0.809027 -0.0212235 0.587388
72.5009 37.6227 19.4101 -1.12166 0 -3.5 0 -0.112941 -0.700885 -0.704276
64.0973 60.8205 34.6285 -0.809403 0 -3.5 0 0.9422 0.293463 0.161672
61.6584 45.8144 26.2033 -0.286791 0 1.8 0 -0.904753 -0.340839 0.255443
55.2755 64.7935 24.5425 -1.27283 0 -0.4 0 -0.0661867 0.978282 -0.196425
64.3374 45.9338 32.9096 -0.582658 0 -3.5 0 -0.52895 0.249432 0.811169
65.4901 44.2601 33.0451 -1.21314 0 -3.5 0 0.360999 -0.15075 0.920301
75.4575 48.095 33.3165 -0.724047 0 2.5 0 -0.417707 -0.0950296 0.903599
71.2225 61.122 30.3517 -0.813835 0 1.9 0 0.623595 0.729386 0.281293
65.6966 40.8135 23.9438 0.256045 0 -1.6 0 -0.90916 -0.415238 -0.0317208
73.9359 59.6561 28.0746 -1.44568 0 -3.5 0 -0.34151 0.938284 -0.0547082
75.9619 59.4854 25.2055 -2.07295 -0.107491 -3.5 0 0.207984 0.167106 -0.963752
70.3788 56.1087 31.5002 -0.508917 0 3.8 0 0.890185 0.332439 0.311537
56.8742 63.3428 40.1253 -0.500029 0 1.69432 0 -0.640559 -0.632494 0.435472
76.797 45.791 33.6015 -0.549677 0 4.5 0 -0.781074 0.400512 0.479075
57.7645 51.6823 33.1393 -0.29857 0 3.8 0 -0.840234 -0.534635 -0.0904006
71.5393 46.5485 17.517 -1.25242 0 1.8 0 0.184308 0.456379 -0.870488
58.8345 67.08 41.508 -0.75881 0 -4.5 0 0.670811 0.603049 0.431677
68.0567 38.6953 21.0718 -0.204635 0 -1.6 0 -0.342695 -0.807238 -0.480548
57.649 50.5132 29.8438 -0.279496 0 3.8 0 -0.946769 -0.0838226 -0.31081
67.0326 64.316 24.199 0.589224 0.0232841 -3.5 0 0.0488197 0.914443 -0.401759
55.799 67.9985 41.256 -1.77545 -0.0393627 -4.5 0 -0.808984 0.437985 0.392064
64.9485 56.5275 20.4735 -0.351776 0 -0.7 0 0.666319 0.167475 -0.726616
72.877 41.022 28.628 0.199406 0.300153 -0.7 0 -0.0528921 -0.373171 0.926254
67.8717 42.2412 18.4674 -0.144771 0 1.8 0 -0.853268 -0.0605282 -0.517947
77.355 40.0687 16.1386 0.515283 0 1.8 0 0.128788 0.535803 -0.834463
62.7202 61.2694 37.0508 0.254017 0 -2.93308 0 0.614844 -0.126348 0.778462
74.5427 37.389 21.5555 -1.11135 0 -3.5 0 0.850233 -0.509734 -0.131438
63.99 62.0547 34.8145 -0.678379 0 -2.14935 0 0.996054 -0.0732942 0.0500419
69.4849 38.2335 22.821 0.258859 0 -1.6 0 -0.173361 -0.984121 -0.0381084
60.6284 46.6861 22.7136 -0.213409 0 4.5 0 -0.490364 -0.188065 -0.850984
69.215 57.7363 17.861 0.335037 0 -4.5 0 -0.258655 0.911037 -0.321105
79.2061 51.4367 36.4974 -0.0193363 0 -4.5 0 0.407528 0.00978031 0.913141
72.523 56.791 19.428 0.0406498 0.82136 -4.5 0 0.617883 0.744265 -0.253555
72.7115 49.508 19.569 -0.269917 0 1.8 0 0.268627 0.445721 -0.853916
77.3469 41.2705 31.513 -0.164901 0 4.5 0 -0.191434 -0.956944 0.2182
67.4791 59.288 20.8241 -0.181583 0 1.8 0 0.0730614 0.104219 -0.991867
70.665 55.5277 17.2262 -0.422373 0 -4.5 0 0.45481 -0.143775 -0.878907
74.9245 42.686 30.883 -0.43595 0 4.17893 0 -0.596495 -0.551976 0.58268
59.448 67.454 30.6311 0.335707 0 -4.5 0 -0.748591 0.312518 -0.584761
69.6003 59.4422 32.217 -1.49629 0 1.9 0 -0.0166238 -0.184978 0.982602
73.9498 59.3517 24.4167 -0.609604 0 1.6789 0 0.7394 -0.0424267 -0.671928
65.181 63.886 31.524 -2.585 -0.810096 -3.5 0 0.496284 0.735876 0.46064
58.597 52.7077 25.3665 0.094422 0 1.8 0 -0.50034 -0.859917 0.101007
70.258 47.8278 16.6933 -0.217403 0 1.8 0 0.646791 0.111492 -0.754474
71.5764 61.1227 22.1978 -0.334923 0 1.8 0 0.0860573 0.411888 -0.907162
55.562 64.919 40.961 -3.61912 0 -4.5 0 -0.715702 -0.206142 0.667291
66.549 45.9164 19.771 0.096544 0 3.8 0 -0.418053 -0.324306 -0.848562
58.3305 53.044 20.2165 -0.167553 0 1.8 0 0.0271083 0.0886714 -0.995692
72.4906 46.804 29.9435 -0.394928 0 3.8 0 -0.406546 0.165686 0.898481
57.8237 65.5407 29.0397 -0.0370574 0 3.8 0 0.167921 0.933184 -0.317759
73.3361 43.7429 15.9679 -0.120875 0 1.8 0 -0.311298 -0.288671 -0.905407
70.3852 55.7176 32.8721 -0.530499 0 3.8 0 0.814189 0.357632 0.45738
81.905 48.9184 26.0786 -0.392147 0 -3.5 0 0.274324 -0.0654037 -0.959411
51.5083 58.6242 27.6698 -1.2638 -0.41179 1.70454 0 -0.919799 0.147708 0.363528
69.1414 63.2236 20.6809 -0.224623 0 1.8 0 0.957895 0.0990388 -0.269498
75.7186 44.4406 18.8845 0.492205 0 1.8 0 0.762671 0.64583 0.0351713
62.2104 47.8461 28.4772 -0.977329 0 3.8 0 -0.761937 -0.647582 -0.00952234
65.4488 64.3378 23.949 0.157033 0.959366 -3.5 0 0.421265 0.905583 -0.0495567
67.6908 54.3185 34.2132 -1.49626 0 3.8 0 0.758264 -0.424056 0.495189
73.5145 48.7113 19.6908 -0.326795 0 1.8 0 0.635941 0.360807 -0.682201
71.817 37.8251 24.4753 -0.432892 0 -0.7 0 -0.511186 -0.850639 -0.122888
63.9665 42.3409 26.4674 -0.293018 0 -0.4 0 -0.874305 -0.473513 0.106659
85.3577 50.9929 28.8818 -0.782636 0 -3.5 0 0.9496 0.224555 0.218713
60.2668 62.323 21.0268 -0.695686 -0.877236 -3.5 0 0.0465252 0.00318317 -0.998912
60.5911 69.2473 29.6075 0.29904 0 -4.5 0 -0.587092 0.588583 -0.555781
82.773 53.338 29.159 -1.82532 -0.018617 -3.5 0 -0.458489 0.883137 0.0992762
62.751 44.6891 24.6531 -0.223055 0 2.65829 0 -0.91398 -0.394711 0.094036
66.143 54.2143 19.5944 0.0720664 0 -4.5 0 -0.310252 0.358543 -0.880449
69.5768 40.6637 18.3097 -0.222852 0 1.8 0 -0.198834 -0.855168 -0.478699
63.121 55.7325 18.8015 0.547532 0.479047 -0.7 0 0.316268 -0.337708 -0.886526
80.6316 40.3891 17.0699 0.0861807 0 1.8 0 0.8319 -0.163016 -0.530442
75.977 39.9365 14.292 -0.34436 0 -3.5 0 0.403835 0.636681 -0.656928
61.3895 65.7708 34.7503 0.146086 -0.066307 -1.84003 0 0.511995 0.857706 -0.0469228
69.0079 41.888 17.4606 -0.163265 0 1.8 0 -0.507062 -0.196441 -0.839225
74.1349 60.682 24.3855 -0.513595 0 1.8 0 0.578948 0.775031 -0.253269
85.0855 49.4673 30.2812 -0.450811 0 -3.5 0 0.67246 0.300124 0.676552
58.8575 68.308 23.1706 -0.146647 0 1.8 0 -0.714621 0.564865 -0.412606
66.3735 58.8052 31.1 -0.654502 0 2.34342 0 0.107889 -0.0883213 0.990232
61.5609 52.0024 19.8183 -0.172474 0 1.8 0 -0.755913 0.289424 -0.587221
59.2637 60.6598 43.5783 -0.264434 0.150821 -4.5 0 -0.736619 -0.188919 0.649386
76.0967 44.7972 17.011 -0.260098 0 1.8 0 0.874035 0.216685 -0.434868
74.553 46.3737 31.563 -0.542482 0 3.17226 0 -0.596387 -0.0333282 0.802005
83.3262 45.1533 33.987 -1.18821 -0.860361 -3.5 0 0.357479 -0.168463 0.918602
55.6058 66.5648 38.4787 -1.11671 0 3.8 0 -0.519647 0.817768 -0.247432
79.0764 50.3895 36.158 -0.373321 0.0647248 -4.5 0 0.297358 -0.581628 0.757157
75.4616 53.1753 34.7887 -0.108658 0 -4.5 0 -0.59937 0.662375 0.449461
59.5559 58.9636 43.5863 -0.261027 0.858457 -4.5 0 -0.787533 -0.550728 0.276569
61.6608 47.5744 22.2626 -0.248975 0 4.22023 0 -0.72063 -0.0393521 -0.692202
74.219 48.9299 21.0879 -0.523167 0 1.8 0 0.944656 0.268803 -0.188068
59.883 57.5319 38.1306 -0.285725 0 1.8 0 -0.359433 -0.875989 0.321639
75.2549 41.3008 30.2751 -1.28724 0 1.8 0 -0.478472 -0.546208 0.687547
71.3029 40.5747 18.3814 -0.881612 0 -2.1511 0 -0.333743 -0.897608 -0.28795
70.2678 61.7853 30.2314 -0.891453 0 1.9 0 0.585894 0.777995 0.226829
62.6073 65.665 22.255 -0.209263 -0.158979 1.8 0 0.387797 0.155419 -0.908547
72.8665 50.966 22.6026 -1.22367 0 -1.90201 0 0.943949 0.29134 -0.155182
55.7734 60.8553 30.4977 -0.374608 0 3.8 0 -0.517665 0.343859 0.783444
76.7485 57.733 29.2755 -0.78302 0 -3.5 0 0.252865 -0.0280622 0.967095
81.3655 47.265 24.9275 -0.327186 0 3.8 0 0.753964 0.292538 -0.588184
56.2261 60.6835 33.9448 -0.414936 0 2.80167 0 -0.548463 0.18542 -0.815358
78.4069 54.4041 34.1351 0.160854 0 -4.5 0 -0.110533 0.820015 0.561567
59.858 51.4084 21.4116 -0.784423 0 1.8 0 -0.421904 -0.799378 -0.427777
69.9976 41.852 31.1036 -0.229169 0 1.8 0 0.0800198 -0.395735 0.914872
73.9859 40.8374 29.15 -1.26894 -0.851225 1.8 0 -0.470924 -0.411324 0.780413
78.6194 38.999 27.3189 -0.128803 0 1.8 0 0.492902 -0.853743 0.167843
63.5522 62.2826 20.7068 0.13278 0 3.69844 0 0.00936072 0.527957 -0.84922
64.8217 65.0424 27.5063 -0.802611 -0.271021 -2.28326 0 0.108413 0.944866 -0.308991
72.1148 38.7905 19.2528 -0.678936 -0.248269 -3.5 0 -0.721723 -0.292875 -0.627168
67.01 49.6226 34.3796 -0.363539 0 3.8 0 0.305425 -0.950923 -0.0496103
83.3063 53.0911 25.3161 -1.91566 -0.291189 -3.5 0 -0.106186 0.263679 -0.958748
59.4217 66.7049 40.2648 -0.260594 0 -4.5 0 0.669897 0.736773 0.0916664
68.578 50.102 35.414 -0.382886 0 3.8 0 0.868826 -0.484427 0.102335
51.9356 62.1759 35.6558 -0.290007 0 3.8 0 -0.991874 -0.107445 -0.068135
54.3745 59.5812 37.6382 -0.28535 0 3.8 0 -0.0521282 -0.622578 0.78082
69.6815 51.327 33.2873 -0.45656 0 3.8 0 0.394478 0.291976 0.871285
56.1359 59.0853 35.6852 -0.280013 0 3.8 0 -0.0102025 -0.981155 0.192952
72.2093 53.249 20.3465 -1.69383 -0.0373486 -3.90152 0 0.708563 -0.338045 -0.619406
58.9785 47.9243 23.4625 -0.216508 0 4.5 0 -0.93694 -0.209658 -0.279619
53.9671 56.2244 27.0632 0.127793 0 1.71207 0 -0.233564 -0.896944 0.375418
76.8637 40.539 29.5737 -0.260517 -0.0295517 1.8 0 -0.0246312 -0.802495 0.596151
59.3495 46.9388 30.0002 -0.334168 0 3.8 0 -0.256328 -0.768447 -0.586332
79.7968 40.5195 26.4555 -0.180549 0 1.8 0 0.944527 -0.0384043 -0.32618
60.076 61.123 44.086 -0.251096 0 -4.5 0 -0.507595 0.152257 0.848036
52.1956 62.0843 34.489 -0.299621 0 3.8 0 -0.838549 -0.260575 -0.478472
83.8678 53.764 28.6476 -2.31775 -0.900748 -3.5 0 0.111047 0.962543 0.247346
53.4745 60.1917 37.6944 -0.290953 0 3.8 0 -0.693687 -0.384494 0.609067
59.0933 47.5141 25.3193 -0.258624 0 4.5 0 -0.787153 -0.420373 0.451306
57.0279 55.242 28.3205 -0.579029 0 1.8 0 -0.581791 -0.680342 0.445706
68.6137 41.2287 18.2195 -0.153322 0 1.8 0 -0.614969 -0.593042 -0.519725
59.8065 53.4359 36.2981 -0.289389 0 3.8 0 0.00540018 0.0146872 0.999878
83.6451 42.7574 28.3894 -0.255139 0 -0.4 0 0.437211 -0.377635 -0.816235
67.5397 53.0275 34.429 -0.658382 0 3.8 0 0.922703 0.303613 0.237565
80.1801 44.3551 34.7721 -0.487951 0 4.5 0 0.689351 -0.311524 0.654024
79.8967 53.5129 23.949 -2.01285 0 -3.5 0 0.773976 0.596503 -0.212473
71.8439 61.5476 25.3899 -0.303438 0 1.8 0 0.402126 0.731261 0.550956
59.9523 54.8647 36.426 -0.277602 0 3.8 0 -0.169734 0.237901 0.956344
81.461 40.0845 30.409 -1.77687 -0.400534 -0.4 0 0.107235 -0.994171 0.0111537
63.1058 50.3669 17.9519 -0.107181 0 1.8 0 -0.123048 0.136361 -0.982988
72.9932 38.3177 28.1065 -0.203341 0 -0.7 0 0.754266 -0.455447 0.472918
80.0429 54.7774 33.7783 0.410778 0 -4.5 0 0.322949 0.789165 0.52242
58.4757 54.4419 35.9075 -0.28209 0 3.8 0 -0.299847 0.294964 0.907242
84.1748 49.947 30.4055 -0.45196 0 -3.5 0 0.423401 0.547214 0.722003
54.6284 55.5153 30.7808 -0.301414 0 3.8 0 -0.160755 -0.986087 -0.0423153
79.0837 42.648 17.0093 -0.0499229 0 1.8 0 0.0886418 0.847048 -0.524074
77.8696 37.4089 16.6424 -2.04133 -0.495415 -3.5 0 0.846661 -0.486296 0.216059
77.821 41.0515 20.8857 2.33771 0 1.8 0 0.444111 -0.264386 0.856076
57.5202 58.59 20.298 -0.21168 0 1.8 0 0.147299 0.101602 -0.98386
59.872 47.2557 32.7212 -0.348854 0 3.8 0 -0.0794217 -0.662182 0.745122
71.2292 50.3833 32.8666 -0.351288 0 3.8 0 0.56888 -0.0320023 0.821797
76.3439 50.925 23.8675 -1.63477 0 -3.5 0 -0.684893 -0.0962224 -0.722262
81.8323 44.9342 33.9601 -0.803688 -0.134933 -3.5 0 0.212898 -0.471295 0.855895
52.7093 56.3307 23.5089 -0.225678 0 -0.4 0 -0.432112 -0.400173 -0.808171
77.953 54.0964 22.2135 -1.6611 -0.65029 -3.5 0 -0.232656 0.437797 -0.868449
68.292 50.5589 36.9831 -0.392093 0 3.8 0 0.731229 -0.381962 0.565163
82.1539 48.6304 35.5166 -1.48598 0 -3.5 0 0.379178 -0.174535 0.908714
68.0423 61.4897 20.4077 -0.0359392 0 1.8 0 0.591506 -0.382507 -0.709795
54.1973 65.126 37.2122 -0.413301 0 3.8 0 -0.742293 0.669355 -0.0310523
62.183 45.5145 25.2865 -0.220987 0 1.8 0 -0.77847 -0.600801 -0.181722
59.0008 61.214 41.137 -0.280411 0.01951 -4.5 0 -0.731535 -0.63861 -0.238815
68.9546 44.8115 30.6221 -0.557394 0 1.8 0 0.250099 0.254469 0.934182
57.1862 59.5146 36.5161 -0.274195 0 3.8 0 -0.193823 -0.881321 0.430937
59.3683 59.8375 42.5998 -0.266114 0.234079 -4.5 0 -0.76801 -0.602928 -0.215961
58.1336 47.6589 31.6279 -0.289815 0 3.8 0 -0.822049 -0.54341 0.170123
61.2424 67.5229 32.8559 0.287976 0 -4.5 0 0.416782 0.599527 0.683272
66.8379 55.3281 38.7426 -1.96807 -0.643289 -3.5 0 0.0276309 -0.0304521 0.999154
60.3415 59.7508 44.6328 -0.250282 0 -4.5 0 -0.429379 -0.276274 0.859829
58.195 49.6305 29.186 -0.276184 0 3.8 0 -0.822289 -0.347468 -0.450674
64.2636 49.8862 35.8864 -0.342957 0 3.8 0 -0.472432 -0.865401 0.166999
75.6036 38.055 18.7615 0.673927 0.34019 -3.5 0 0.166644 -0.84984 0.500001
63.0971 45.4142 29.4854 -0.818878 -0.288504 -0.855228 0 -0.947766 -0.0755876 -0.309881
69.0535 51.0117 18.321 -0.0127239 0 -4.5 0 0.17639 0.131086 -0.975553
64.6127 65.4067 23.356 -0.980154 -0.389839 1.8 0 0.781825 0.512841 -0.354604
77.0475 60.5109 25.547 -2.19655 -0.501377 -3.5 0 0.544345 0.428733 -0.721025
58.9655 64.345 26.734 0.350885 0 3.8 0 0.104964 0.916874 0.385129
58.9481 51.9033 20.5508 -0.211701 0 1.8 0 -0.0379458 -0.590174 -0.806383
72.338 57.1367 21.6362 -1.56883 -0.529512 -2.5977 0 0.451269 0.708191 -0.542974
69.8111 63.613 29.934 0.104211 0.164058 -3.5 0 0.737221 -0.181381 0.650851
85.3855 52.0359 27.3596 -1.21148 0 -3.5 0 0.971556 0.235731 -0.022579
76.1693 41.8483 32.7132 -0.288609 0 4.5 0 -0.569971 -0.677199 0.465333
68.3275 56.9873 17.3199 0.914838 0.616533 -4.5 0 -0.776445 0.45923 -0.431556
58.074 66.5488 42.0301 -1.45776 -0.220215 -4.5 0 0.0628193 0.241404 0.968389
63.1165 62.9105 43.4658 -0.168904 0.00501946 -4.5 0 0.429864 0.661803 0.614193
61.4058 58.7054 44.3046 -0.253171 0.00714051 -4.5 0 0.0243995 -0.82698 0.561702
61.5025 46.3052 22.1104 -0.219301 0 3.8 0 -0.768889 -0.0364203 -0.638344
59.4268 60.9613 20.9548 -0.206531 0 4.2 0 -0.226964 -0.023972 -0.973608
81.625 45.7875 25.1847 -0.298066 0 3.8 0 0.810825 -0.279626 -0.514172
58.1987 61.8425 41.9685 -0.30521 0.23524 -4.5 0 -0.810255 -0.583553 0.0543407
52.8694 57.532 31.7796 -0.296865 0 3.8 0 -0.710482 -0.12194 0.69307
57.328 68.8031 41.1515 -1.90836 -0.840229 -4.5 0 0.0300156 0.972392 0.231414
59.3389 49.5225 33.35 -0.313031 0 3.8 0 -0.23725 -0.542339 0.805966
73.6155 50.2181 23.7086 -0.938665 0 4.5 0 0.62063 0.39366 -0.678123
58.0306 67.9212 41.7738 -1.60797 0 -4.5 0 0.492044 0.422968 0.760915
57.0176 55.823 32.4874 -0.329684 0 3.8 0 -0.90964 0.110068 0.40055
74.687 48.1483 23.0278 -0.601748 0 3.56297 0 0.750199 0.175767 -0.637423
77.4242 54.5345 23.5788 -1.91124 0 -3.5 0 -0.0314877 0.979464 -0.199143
53.5675 63.6785 34.1092 -0.307332 0 3.8 0 -0.102549 0.591931 -0.799438
59.572 49.5667 25.2148 -0.208072 0 4.5 0 -0.954081 0.293466 0.0600585
66.0565 40.1123 24.9268 0.527713 0 -0.4 0 -0.738524 -0.672261 -0.0514591
75.3431 51.0337 24.3695 -1.00426 0 4.5 0 -0.144136 -0.0218243 -0.989317
63.3119 54.4221 19.5964 -0.070462 0 -0.7 0 0.217694 -0.12276 -0.968266
65.9105 62.4645 31.88 -2.85824 -0.10795 -3.5 0 0.770061 0.109135 0.628566
63.3952 56.4793 37.2427 -0.409059 0 -3.5 0 -0.600378 -0.305232 0.739175
77.4781 38.8013 28.0249 -0.174617 0 1.8 0 0.00157517 -0.943966 0.33004
84.1284 41.9904 31.2442 -0.302576 0 -0.4 0 0.65027 -0.663672 0.369713
75.7375 37.3884 14.0453 -1.57255 -0.157651 -3.5 0 -0.0854766 -0.448417 -0.889728
54.6929 55.0467 24.3186 -0.524144 0 0.68873 0 -0.455883 -0.880938 -0.126958
59.5358 57.0078 19.2922 -0.22144 0 -0.7 0 -0.660293 0.127513 -0.740104
61.4544 66.1359 21.3775 -0.158227 0 1.8 0 0.341104 0.263316 -0.902393
63.8504 46.0125 20.0923 -0.152824 0 3.8 0 -0.127442 -0.0546166 -0.990341
64.025 42.4487 32.6618 -1.78696 -0.454151 -3.5 0 -0.555639 -0.629307 0.543358
58.838 51.1017 22.1794 -0.206522 0 1.8 0 -0.226613 -0.888194 -0.399698
62.007 68.5705 23.7915 -0.17163 0 1.8 0 0.65918 0.748164 -0.0757091
61.9196 48.8838 20.0678 -0.00751903 0 1.8 0 -0.672094 -0.737662 -0.0643764
51.7419 56.7738 27.3806 -1.25641 0 -0.4 0 -0.560122 -0.709247 0.428056
79.3655 39.0075 18.3652 3.4491 0 1.8 0 0.665393 -0.745659 -0.0352784
86.041 47.284 30.9317 -1.59627 -0.308229 -3.5 0 0.938643 -0.00300689 0.344876
65.7805 49.528 36.5877 -0.350213 0 3.8 0 -0.146537 -0.851953 0.502696
52.5268 61.1007 25.543 -0.157582 0 -0.4 0 -0.956519 -0.066803 -0.283918
67.2533 46.3695 18.898 0.591743 0 2.87307 0 -0.684228 -0.55237 -0.476152
70.1103 62.984 26.2635 -0.260945 0 -3.5 0 0.966514 0.255985 0.0179379
80.541 51.9195 35.5863 -0.107935 0.00666923 -3.97762 0 0.56772 0.449664 0.689562
52.2311 59.2901 29.0411 -0.322282 0 3.8 0 -0.823857 0.315764 0.470695
64.0697 65.3163 36.7848 0.585127 0 -0.8 0 0.694382 0.659876 0.28705
52.419 61.8215 28.6335 -1.64721 -0.03652 3.8 0 -0.883577 0.175198 0.434279
57.0899 51.3486 21.7915 -0.161701 0 1.8 0 -0.456809 -0.866568 -0.20096
50.743 57.8517 26.9845 -1.94114 -0.213204 -0.4 0 -0.991985 -0.0353661 0.121301
61.9204 50.3234 18.3477 -0.0960955 0 1.8 0 -0.470475 -0.0452008 -0.881255
79.3767 43.5475 24.4245 -0.180301 0 3.8 0 0.601452 -0.612554 -0.512868
67.4834 56.6164 33.463 -1.67576 -0.210439 1.72158 0 0.316151 0.940216 -0.126659
65.4145 42.044 30.1162 -0.754824 0 -1.97978 0 -0.2946 -0.952147 0.0814118
79.641 43.582 25.8115 -0.330181 0 3.8 0 0.817999 -0.575141 -0.00946782
65.3613 63.3237 32.5607 -2.09635 -0.604286 -3.5 0 0.680517 0.521968 0.514243
68.3737 46.6312 30.8102 -0.388042 0 1.8 0 0.388292 -0.313108 0.866714
72.5435 39.786 15.9705 -0.192357 0 -3.5 0 -0.755106 0.327563 -0.567906
82.0007 51.27 34.8618 -1.97651 -0.682929 -3.5 0 0.743587 0.583478 0.326546
58.2919 66.816 37.8055 -0.346859 0 -4.06174 0 0.278754 0.919755 -0.276311
52.1824 60.4121 27.1232 0.159792 0 3.8 0 -0.966435 0.256435 0.0156416
67.169 57.6942 36.2205 -1.68109 0 -3.5 0 0.528869 0.783546 0.326119
80.5645 48.362 35.9533 -2.33911 -0.0419211 -3.5 0 -0.00415888 -0.243902 0.969791
60.1925 55.8435 36.1003 -0.33736 0 3.8 0 -0.333541 -0.178803 0.925624
58.7735 66.1677 30.4032 0.481775 0 -4.2 0 -0.392723 0.740577 -0.545265
72.0319 47.8756 30.2374 -0.382848 0 3.8 0 0.0013858 -0.441456 0.897282
76.9875 54.2882 29.8705 -1.05249 0 -3.5 0 0.0627503 0.850708 0.521879
58.9883 50.8944 35.6889 -0.298312 0 3.8 0 -0.351419 -0.737596 0.576591
61.0061 61.2166 39.6004 -0.0736632 0 -1.88349 0 0.999493 -0.012564 0.029267
58.161 66.7826 32.4381 0.393727 0 -4.5 0 -0.639087 0.765781 -0.0717407
68.5703 50.1264 17.8484 -0.0402013 0 1.8 0 0.0289439 0.590439 -0.806563
81.4857 51.7685 33.315 -1.0195 -0.080612 -4.21724 0 0.91778 0.364422 0.157725
77.349 38.298 20.129 5.70975 0 1.8 0 -0.0827292 -0.818763 0.568141
54.3825 66.1387 39.4933 -2.11467 -0.0157271 3.8 0 -0.660207 0.701797 0.267597
68.2015 53.1903 18.0335 0.755508 0.173281 -4.5 0 -0.491611 -0.303038 -0.816386
80.7462 45.38 34.5895 -0.6273 0 0.501422 0 0.439114 -0.33075 0.835334
68.3522 55.7649 37.6973 -2.5279 -0.61391 -3.5 0 0.776458 0.202308 0.596812
64.3654 44.8877 20.1833 -0.170851 0 3.8 0 -0.022016 -0.374729 -0.926873
59.2384 58.204 36.3751 0.0491591 0 3.13806 0 -0.706166 -0.678995 0.200739
74.4335 37.4341 13.9451 -0.392078 0 -3.5 0 -0.315287 -0.350476 -0.881907
52.735 63.0597 27.6217 -0.442017 -0.391978 1.80687 0 -0.618655 0.60627 0.499703
67.378 42.301 20.4743 -0.138153 0 0.208136 0 -0.691986 -0.101878 -0.714686
59.1891 51.9896 36.5024 -0.293886 0 3.8 0 -0.23518 -0.181925 0.954774
72.144 39.2279 28.7302 -0.101242 0 -0.7 0 0.180222 -0.161619 0.970257
71.922 51.0189 31.87 -0.3148 0 3.8 0 0.675145 -0.125009 0.727016
68.7824 50.011 33.3135 -0.403492 0 3.8 0 0.134731 -0.813716 0.565433
65.5226 39.6534 27.8534 -0.0904034 0 -0.4 0 -0.337558 -0.88149 0.330197
77.4887 50.7651 22.3277 -2.40464 -0.678652 -3.5 0 -0.37415 -0.23157 -0.89799
57.0376 67.2505 36.9604 -1.19719 0 -4.5 0 -0.179998 0.965746 0.186912
62.0805 69.6862 29.9824 0.73851 0.810409 -4.5 0 0.269721 0.956595 -0.110345
82.215 43.6641 28.3236 -0.117111 -0.394288 1.61378 0 -0.144126 -0.53511 -0.832397
63.4614 67.5249 30.4645 -0.442306 0 -4.5 0 0.877513 0.28596 0.384966
69.4833 66.0447 29.1147 -0.474026 0 -3.5 0 0.603188 0.75655 -0.252579
77.2122 60.9497 26.9726 -2.17126 -0.0938133 -3.5 0 0.700153 0.698936 0.145854
72.4658 42.3008 17.201 -0.73437 0 -0.564768 0 -0.366629 0.0512396 -0.928955
51.4342 56.7315 25.7325 -0.946764 -0.593143 -0.4 0 -0.80826 -0.587548 -0.0387776
65.8802 58.9836 36.2159 -0.524804 0 -3.5 0 0.57835 0.783348 0.227764
77.7373 54.7262 24.7534 -1.26953 -0.228294 -3.5 0 0.345437 0.845205 -0.407802
68.2259 43.3479 31.1589 -0.350292 0 1.8 0 0.0304253 -0.193842 0.980561
59.0491 64.3189 20.7935 0.0686373 0 -3.5 0 0.154798 0.623742 -0.766148
79.3605 47.2626 22.7407 -0.456959 0 3.8 0 0.471942 0.270739 -0.83903
75.8114 47.8327 23.554 -0.624852 0 4.46785 0 0.13868 0.166901 -0.976172
63.9065 64.4688 31.7995 -2.45464 -0.534823 -3.5 0 0.480489 0.766915 0.425408
74.7295 39.6077 14.0002 -0.308275 0 -3.5 0 -0.193294 0.475267 -0.858347
61.2829 53.0373 20.2407 -0.685937 0 1.0375 0 -0.559976 0.0304973 -0.827947
64.4396 64.4615 35.8164 -0.210041 0 -0.8 0 0.946392 0.317563 -0.0591349
59.592 53.3478 30.2437 -0.421012 0 3.58179 0 -0.825276 0.489221 0.282104
79.9745 45.5531 35.2241 -0.593109 0 4.5 0 0.420358 0.0122565 0.907275
84.2623 44.065 33.3867 -1.43719 -0.0136032 -3.5 0 0.748604 -0.368931 0.550893
68.6966 51.4436 36.0036 -0.451826 0 3.8 0 0.976512 0.200839 0.0780211
65.5535 56.1269 38.4274 -0.763419 -0.241269 -3.5 0 -0.172154 0.00543639 0.985055
57.2163 62.3466 19.8628 -0.320091 0 -3.5 0 0.150133 -0.215179 -0.964965
56.1012 58.0392 20.1963 -0.193552 0 1.8 0 -0.168529 -0.19737 -0.965734
52.8331 64.0875 35.0342 -0.31369 0 3.8 0 -0.634066 0.728942 -0.258077
85.234 47.1835 28.1595 -0.469308 0 -3.5 0 0.789466 -0.421358 -0.44632
75.4697 51.9745 35.8134 0.158075 0.0191081 -4.5 0 -0.651657 0.177593 0.737431
73.3682 53.0805 21.206 -2.2481 -0.00782843 -3.5 0 0.673258 -0.416343 -0.61105
83.7954 49.422 34.1317 -0.68566 0 -3.5 0 0.804509 0.544305 0.237693
81.8159 52.5752 32.2255 -0.463311 0 -4.5 0 0.935918 0.172954 0.306831
78.9505 42.2805 19.5903 0.711206 0 1.8 0 0.646498 0.677615 0.35054
58.3433 60.6165 38.8003 -0.222805 0 1.8 0 -0.626709 -0.401325 0.667963
80.1537 51.9545 23.672 -1.08402 0 -3.5 0 0.859821 -0.198895 -0.470264
73.7414 57.114 28.8535 -0.72663 0 -2.40133 0 0.0477239 0.102743 0.993562
80.0824 55.0429 32.2605 0.0234037 0 -4.5 0 0.509044 0.845631 -0.160569
58.774 50.3848 34.4953 -0.303565 0 3.8 0 -0.391796 -0.832083 0.392599
74.233 51.5558 24.1248 -1.16192 0 -2.62352 0 0.388276 -0.191274 -0.901475
81.2715 40.5373 31.419 -1.76139 0 -0.4 0 0.111471 -0.712675 0.692581
83.4423 47.252 26.8487 -0.36492 0 2.35799 0 0.406497 -0.159356 -0.899648
57.453 50.7115 31.0123 -0.281286 0 3.8 0 -0.968687 0.247997 -0.0119465
64.3224 44.9435 33.1465 -0.767928 0 -3.5 0 -0.370524 0.139009 0.918362
57.7765 57.2315 20.726 -0.385318 0 1.78442 0 -0.0696889 -0.241538 -0.967886
75.882 41.7624 31.4621 -0.32456 0 4.5 0 -0.48824 -0.791731 0.367127
53.4077 63.0145 23.474 -1.27933 -0.0302442 -2.56863 0 -0.784899 0.601264 -0.149718
80.7795 41.4136 28.944 -0.662598 0 -0.4 0 0.239421 -0.462988 -0.853417
84.2473 53.7134 25.8752 -2.35882 -0.460841 -3.5 0 0.326193 0.770595 -0.547522
77.1547 43.5537 19.8547 -2.98089e-05 0 1.8 0 0.635915 0.721513 -0.273918
76.0127 61.4837 26.4231 -3.2289 -0.796546 -3.5 0 -0.0231314 0.994648 -0.1007
54.807 60.2277 21.2083 -0.723459 -0.457989 -0.900586 0 -0.594708 -0.184753 -0.782425
66.6641 64.1298 19.5986 -0.115076 0 1.8 0 -0.188881 0.719566 -0.668243
78.9101 38.2456 19.3665 4.51245 0 1.8 0 0.495063 -0.856884 0.143743
58.2427 62.7281 43.069 -0.317339 0 -4.5 0 -0.70577 -0.197713 0.680293
70.5038 60.014 22.4081 -0.146128 0 1.8 0 0.0702098 -0.0529856 -0.996124
60.7801 65.5325 26.4188 0.0135498 -0.724497 -0.0995108 0 -0.720689 0.445949 0.530789
60.7262 68.0732 25.456 -0.0310265 0 1.8 0 0.0593052 0.649433 0.758103
78.8231 40.175 20.6462 4.72183 0 1.8 0 0.402211 0.0311386 0.915017
61.235 65.3753 38.2755 3.50289 -0.374408 -0.8 0 0.521707 0.671924 0.525681
75.238 38.3558 22.2558 -0.0749525 0 -3.5 0 0.87933 -0.372889 0.296196
67.4918 57.026 37.3826 -1.79907 0 -3.5 0 0.491131 0.749251 0.444312
70.6674 53.1317 32.1145 -0.44693 0 3.8 0 0.452287 0.116552 0.884224
65.6379 64.5329 22.6949 0.140608 0 1.8 0 -0.0340364 0.995704 -0.0861107
80.5827 46.6348 34.9893 -1.59461 -0.134898 -3.5 0 0.192486 -0.264175 0.945072
68.9925 38.1973 25.0193 -0.0951394 0 -0.7 0 -0.523286 -0.852156 0.00119155
73.2195 37.3935 16.924 -0.284001 0 -3.5 0 -0.502033 -0.864589 0.0211855
68.3079 55.7539 17.2165 0.657527 0.590761 -4.5 0 -0.658451 0.00103169 -0.752623
61.9818 56.3395 18.0829 -0.0984457 0 -0.7 0 0.142049 -0.180115 -0.973335
54.905 63.4496 20.8622 -0.942385 0 -3.5 0 -0.455119 0.585757 -0.670638
54.1059 59.0197 36.6184 -0.280049 0 3.8 0 -0.316683 -0.909441 0.269499
70.8288 61.0358 31.4145 -1.16937 0 1.9 0 0.565517 0.608341 0.556878
57.8905 49.1676 31.8094 -0.278944 0 3.8 0 -0.953277 -0.183147 0.24025
64.5806 40.6278 27.5116 -0.08201 0 -0.4 0 -0.850261 -0.481663 0.212267
52.9825 62.189 23.0895 -1.57608 -0.406711 -1.83158 0 -0.968677 0.125397 -0.214338
69.8785 63.4665 25.1095 -0.235879 0 -3.5 0 0.78055 0.568137 -0.260696
69.1124 55.7649 34.1082 -0.89703 -0.0326792 3.43398 0 0.659175 0.41774 0.625286
54.5869 63.4734 27.9982 -0.401218 -0.0597275 -0.100763 0 -0.497833 0.597588 0.628531
58.7332 55.5334 20.623 -0.175653 0 0.985862 0 -0.417928 -0.119852 -0.90054
65.734 64.7015 25.357 -0.119887 0 -3.34388 0 0.160746 0.921121 -0.354536
74.613 47.315 32.175 -0.771284 0 2.5 0 -0.71895 -0.314101 0.620042
57.7375 64.645 42.536 -0.86081 0 -4.5 0 -0.347964 0.249613 0.903667
64.7895 65.127 24.5928 -0.324455 -0.801377 1.32826 0 0.715738 0.69836 0.00361329
62.1035 61.4367 44.3725 -0.225071 0 -4.5 0 0.146862 0.292413 0.944948
64.451 41.9352 31.3032 -1.7784 -0.659667 -3.5 0 -0.38336 -0.912156 -0.144936
69.5235 56.7505 16.8207 0.206475 0.00286216 -4.5 0 -0.0493288 0.196936 -0.979175
63.2318 59.9336 43.2034 -0.24627 0.213539 -4.5 0 0.779759 -0.620874 -0.0805668
57.0294 65.5295 29.7011 -0.119838 0 3.8 0 -0.372229 0.92718 0.0422245
64.9918 61.4181 32.672 -1.63116 -0.118406 -3.5 0 0.801511 -0.145267 0.580066
66.7393 57.6059 31.0408 -0.627286 0 3.8 0 0.194755 0.430848 0.881158
60.3242 59.6624 40.3644 -0.247913 0 1.8 0 -0.304407 -0.8391 0.450831
76.9137 51.1674 36.4345 -0.0339725 0.369576 -4.5 0 -0.410489 -0.295055 0.86281
60.7364 58.4958 43.2615 -0.261278 0 -4.5 0 -0.19879 -0.973409 -0.113831
71.3942 37.6064 22.8976 -1.09093 0 -3.5 0 -0.623985 -0.686612 0.373103
68.2367 39.4492 28.375 0.40733 0 -0.68726 0 -0.678885 -0.472746 0.561807
73.1755 45.9261 15.9334 -0.221529 0 1.8 0 -0.353198 0.555786 -0.752564
54.0304 64.0038 24.3514 -1.24777 -0.980077 -3.5 0 -0.626992 0.728369 -0.276334
70.2288 64.1332 28.7323 -0.0831221 0.352014 -3.5 0 0.994875 0.096691 -0.029567
71.611 36.5696 27.1877 -0.225715 0 -0.7 0 0.332791 -0.939588 0.0801571
59.4963 66.2596 42.1922 -0.350519 0 -4.5 0 0.458419 0.635475 0.621308
73.275 35.6188 22.9415 -1.92275 -0.322082 -3.5 0 0.0886237 -0.92537 0.36856
62.8429 45.1362 20.09 -0.180753 0 3.8 0 -0.41457 -0.159004 -0.896019
77.1059 37.8317 18.781 1.97317 0 0.0358052 0 0.0139302 -0.84071 0.541307
80.1622 39.4164 17.4924 0.335704 0 1.8 0 0.668561 -0.71516 -0.203893
77.8802 59.1447 26.3325 -0.911751 0 -3.5 0 0.93659 0.249358 -0.24621
72.1765 50.4679 20.0452 -0.406309 0 1.8 0 0.327063 0.454511 -0.828523
73.4151 37.4806 15.8327 -0.360254 0 -3.5 0 -0.656851 -0.729763 -0.189716
62.679 59.0231 43.9381 -0.253697 0.852605 -4.5 0 0.666467 -0.574437 0.47523
63.1835 54.4632 35.9077 -0.846763 0 -0.0443939 0 -0.408315 -0.0933155 0.908059
55.663 55.9647 22.6583 -0.271324 0 1.8 0 -0.700543 -0.389294 -0.598072
64.1543 43.5143 28.3948 -1.31422 0 0.964544 0 -0.7851 -0.598461 0.159568
79.379 44.1686 35.7419 -0.394081 0 4.5 0 0.39218 -0.239844 0.888071
54.3473 64.6807 39.8963 -1.94119 -0.0253532 3.8 0 -0.750533 -0.181079 0.63554
75.4486 50.7881 35.3271 0.381965 0.236738 -4.5 0 -0.66522 -0.664135 0.341185
76.256 43.03 17.1791 -0.820889 0 1.8 0 0.504881 0.370392 -0.779683
62.9572 43.9125 25.392 -0.237058 0 2.88066 0 -0.818733 -0.571689 -0.0533636
64.8288 52.1535 38.1131 -0.404474 0 3.8 0 -0.206339 0.0393807 0.977688
56.7687 53.2202 26.3417 -0.221811 0 1.8 0 -0.616783 -0.77923 0.111264
70.254 41.1053 17.5072 -0.25911 0 1.8 0 -0.17101 -0.579644 -0.796724
75.4369 60.5508 28.8305 -2.53059 -0.940069 -3.5 0 -0.0891831 0.866278 0.491538
65.6643 59.6704 31.411 -0.819179 0 -3.11774 0 0.434502 -0.025845 0.9003
77.6996 53.9378 30.6179 -0.133399 0.105074 -4.5 0 -0.254007 0.966026 0.0476848
82.4695 52.0054 25.6935 -1.6289 -0.1379 -3.5 0 0.0151094 -0.239895 -0.970681
52.9905 63.0305 37.3335 -0.322388 0 3.8 0 -0.680968 0.220055 0.698468
59.6225 68.8132 30.9135 0.537266 0.164298 -4.5 0 -0.783243 0.618771 -0.0604384
70.5066 61.4776 26.3167 -1.11026 0 1.49579 0 0.776769 0.589703 0.221089
59.299 52.1432 25.9513 -0.727167 0 3.70034 0 -0.77314 -0.621604 -0.125953
66.145 65.8485 28.0625 -1.30114 0 -3.5 0 -0.0997641 0.961355 -0.256602
56.0247 65.3073 28.181 -0.316498 0 3.8 0 -0.298233 0.948555 0.106302
56.1759 53.4741 23.022 -0.144456 0 1.8 0 -0.957406 -0.278865 -0.0748914
62.3138 43.7238 30.4377 -2.23819 -0.412019 -3.5 0 -0.804281 -0.452614 -0.385062
58.0809 61.7579 39.2318 -0.362737 0 -4.5 0 -0.554825 -0.63774 0.534281
57.928 52.5801 24.216 0.513364 0 1.8 0 -0.419072 -0.761105 0.495073
54.934 65.5048 25.62 -1.74057 -0.0236381 -0.4 0 -0.202693 0.937176 -0.283932
57.8573 51.4915 30.0798 -0.299123 0 3.8 0 -0.885639 0.452578 -0.103999
65.6833 40.4624 28.6024 0.0880746 0 -0.4 0 -0.329378 -0.576491 0.747775
63.6915 66.6302 22.7211 -1.30052 -0.825818 1.8 0 0.541188 0.543778 -0.641421
68.3935 64.321 20.8474 -0.121756 0 1.8 0 0.60179 0.776519 -0.186725
75.382 60.7675 25.2485 -1.13305 -0.0161319 -3.5 0 0.219595 0.512098 -0.830382
72.7355 38.6898 15.3241 -0.238744 0 -3.5 0 -0.830202 -0.080829 -0.551571
69.9354 62.3949 23.9097 -0.476068 0 -3.5 0 0.524231 0.749507 -0.404252
73.3084 43.5355 30.9823 -0.322968 0 3.8 0 -0.223472 -0.487429 0.844081
79.5007 52.7876 22.4788 -1.84109 -0.0280093 -3.5 0 0.767897 0.0918049 -0.633961
70.9822 55.3125 30.5765 -0.541208 0 3.50012 0 0.657034 0.418781 0.62684
70.9255 48.3613 31.0298 -0.36271 0 3.8 0 0.432965 -0.662717 0.611022
80.1411 41.6616 18.7712 0.46504 0 1.8 0 0.668435 0.622878 0.406469
52.807 59.904 25.0555 -0.06889 -0.177971 1.1534 0 -0.938223 0.172184 -0.300149
58.9685 48.5402 25.2565 -0.248702 0 4.5 0 -0.967208 0.0102266 0.253778
65.7692 40.317 22.611 0.0279409 0 -1.6 0 -0.834651 -0.478326 -0.27306
85.2057 49.1401 26.7965 -0.465988 0 -3.5 0 0.7406 -0.380971 -0.55351
73.4013 57.402 22.9494 -0.884371 0 -2.91708 0 0.643364 0.51942 -0.562392
69.338 44.9259 17.3972 -0.183799 0 1.8 0 -0.187817 -0.13265 -0.973206
64.4997 57.4809 37.7467 -0.451415 0 -3.5 0 -0.073666 0.431325 0.899184
84.1999 43.101 31.9309 -0.542186 0 -0.4 0 0.84052 -0.284796 0.460888
72.4522 59.5 26.852 -0.104199 0 1.9 0 0.394739 0.900049 0.184642
51.427 58.972 26.2297 -1.29635 -0.00722519 -0.4 0 -0.797249 0.530129 -0.288715
71.313 57.6247 18.4625 0.448262 0.672535 -4.5 0 0.528549 0.832412 -0.166511
69.324 60.681 32.2555 -1.19362 0 1.9 0 0.112527 0.299282 0.947506
62.5864 64.4974 22.3289 0.131624 0 1.8 0 0.400071 0.146099 -0.904764
61.1673 64.4815 43.0315 -0.180323 0 -4.5 0 0.318142 0.752161 0.577096
74.3094 44.6521 15.6089 -0.15093 0 1.8 0 0.211979 0.0588676 -0.9755
84.894 46.7976 32.964 -0.410999 0 -3.5 0 0.841619 0.0300216 0.539236
84.7568 47.5713 27.0386 -0.376817 0 -3.5 0 0.592408 -0.351428 -0.724949
68.8054 40.4842 29.1624 0.176624 0 1.42696 0 -0.33241 -0.442065 0.833116
73.7676 50.695 31.0487 -0.195512 0 1.8 0 -0.334125 -0.395294 0.85563
60.56 61.2588 20.6849 -0.221304 0 4.2 0 -0.196947 0.196725 -0.960474
55.5303 66.2075 36.947 -0.628963 -0.799591 -3.08642 0 -0.65669 0.740733 -0.141676
67.0836 65.0673 25.2652 -0.0838835 0 -3.5 0 -0.183148 0.912345 -0.366173
77.2682 45.0889 35.1981 -0.411541 0 4.5 0 -0.594396 0.27658 0.755114
70.7278 49.1452 32.8522 -0.357266 0 3.8 0 0.347176 -0.60014 0.720625
75.8255 40.2681 26.3556 0.242499 0 1.8 0 -0.555158 -0.760464 -0.336888
62.5228 68.746 28.9466 0.3498 0.535702 -4.5 0 0.280853 0.821656 -0.495987
77.0117 53.8936 34.5351 -0.0537563 0 -4.5 0 -0.381181 0.839753 0.386672
71.4015 36.7886 19.9966 -2.05737 -0.407703 -3.5 0 -0.412196 -0.554561 -0.722881
72.6892 48.1599 19.0629 -0.302197 0 1.8 0 0.213586 0.518377 -0.82805
70.0469 61.8833 23.0217 -1.1235 0 1.8 0 0.582738 0.71941 -0.377976
54.623 59.127 34.626 -0.294729 0 3.8 0 -0.265754 -0.952712 -0.14736
62.745 65.7065 36.9103 0.296322 0 -0.8 0 0.46067 0.816769 0.347377
53.2829 61.9635 21.3783 -2.29502 0 -3.5 0 -0.769065 0.00117535 -0.63917
58.876 67.439 39.049 -0.3866 0 -4.5 0 0.666767 0.692897 -0.274435
66.409 62.946 30.4155 -1.21446 0 -3.5 0 0.436194 0.188991 0.879782
68.5498 51.9606 33.3346 -0.551508 0 3.8 0 0.701943 0.246084 0.66837
68.8549 47.0788 16.3425 -0.124545 0 1.8 0 0.0361791 -0.41801 -0.907722
55.7869 64.6776 22.3051 -1.27171 0 -3.5 0 -0.345578 0.910375 -0.227581
80.8702 40.6403 18.575 0.0966119 0 1.8 0 0.932223 -0.184676 0.311216
78.4735 39.3688 15.8103 -0.146242 0 1.73267 0 0.670741 0.0710793 -0.738278
68.054 58.1479 31.2323 -0.674301 0 1.9 0 -0.326707 0.218433 0.919538
78.8645 50.4431 22.7094 -2.5039 -0.0110643 -3.5 0 0.616904 -0.365847 -0.696839
77.9325 42.9987 20.6518 0.189102 0 1.8 0 0.874588 0.481952 0.0530895
68.1768 53.0127 33.5566 -0.552649 0 3.8 0 0.748712 0.148996 0.645933
64.0967 60.911 43.3851 -0.228823 0.833006 -4.5 0 0.908196 -0.239116 0.343517
84.2469 48.1904 33.2241 -0.546148 0 -3.5 0 0.904563 0.32424 0.276829
59.8561 64.6869 42.9912 -0.248997 0 -4.5 0 0.158398 0.568871 0.807029
72.2905 43.3095 17.2227 0.514662 0 1.8 0 -0.437275 -0.202538 -0.876224
64.978 42.1745 23.6024 -0.0828526 0 3.8 0 -0.780186 -0.617111 -0.102389
62.8172 46.983 29.1984 -0.81069 0 -1.06738 0 -0.874757 -0.463392 -0.141664
63.1676 43.6321 26.8293 -0.286918 0 1.8 0 -0.744276 -0.649674 0.154843
73.5622 37.5122 14.7764 -0.336186 0 -3.5 0 -0.693757 -0.577176 -0.430777
69.9414 46.6405 30.107 -0.589612 0 3.25967 0 0.325338 -0.269823 0.906284
83.254 48.4749 35.029 -0.739246 0 -3.5 0 0.667315 -0.0113581 0.744689
58.9725 57.064 34.92 -0.602876 0 2.72173 0 -0.74584 -0.194002 0.637248
71.771 54.951 18.176 -0.671137 0 -4.5 0 0.591023 -0.305595 -0.746528
59.7411 46.6992 23.1935 -0.215806 0 4.5 0 -0.593657 -0.416714 -0.688419
58.6801 67.1276 34.6789 -0.0987881 0 -4.5 0 0.0224932 0.989576 -0.142241
68.462 56.7456 34.85 -2.51731 -0.252996 -3.5 0 0.804979 0.588444 -0.075779
59.7416 48.7314 22.6012 -0.19577 0 4.5 0 -0.568993 -0.0767772 -0.818751
76.946 36.5906 17.7881 -2.31669 -0.430744 -3.5 0 0.343484 -0.781816 0.520368
78.447 38.103 15.395 -1.26374 -0.241848 -3.5 0 0.956824 -0.19338 -0.217007
63.6404 49.2912 18.2979 -0.13733 0 1.8 0 0.0471445 -0.507366 -0.86044
74.2558 41.0276 23.3821 -0.392749 0 3.01149 0 0.763138 -0.414517 0.495778
76.7979 60.2598 28.5025 -2.39133 -0.100349 -3.5 0 0.647488 0.5019 0.573459
82.7366 40.9463 30.4145 -1.28422 -0.689832 -0.4 0 0.574347 -0.818487 0.0143193
69.5361 38.1201 23.952 0.0639619 0 -1.6 0 -0.158642 -0.98186 -0.103847
63.4347 65.4717 26.6713 -0.82328 -0.0667677 -0.8 0 0.404888 0.913631 0.0366698
53.8175 57.0067 23.0554 -0.232397 0 0.0110382 0 -0.380037 -0.290966 -0.878015
69.3668 53.1488 17.7716 0.575698 0 -4.5 0 0.062452 -0.333273 -0.94076
57.2858 53.1642 25.2234 -0.122525 0 1.8 0 -0.528877 -0.843837 0.0907153
61.5447 61.2684 20.4931 -0.132653 0 4.2 0 -0.305193 0.322304 -0.89609
59.62 65.6905 21.847 -0.0859941 0 1.8 0 -0.325715 0.521422 -0.788688
59.4166 53.9833 32.0117 -0.372212 0 3.8 0 -0.616239 0.315273 -0.721701
58.6661 65.2791 42.5467 -0.526465 0 -4.5 0 -0.167746 0.343049 0.924218
83.9605 44.1336 28.9125 -0.0332879 0 -0.4 0 0.906954 -0.0576602 -0.417266
61.1119 48.8741 22.2684 -0.10777 0 4.5 0 -0.442453 -0.209448 -0.87199
57.3987 62.8315 41.479 -0.368392 0 -4.5 0 -0.825679 -0.514387 0.231647
74.845 39.239 22.984 -0.0220734 0 -3.5 0 0.736625 -0.0459505 0.674739
75.133 45.548 19.752 -0.26642 0 1.8 0 0.812251 0.583281 -0.00572005
73.4055 39.9081 15.407 -0.14874 0 -3.5 0 -0.529574 0.491493 -0.691365
61.2564 68.3895 29.0007 -0.0168206 0 -4.5 0 -0.33421 0.280951 -0.89965
60.9157 58.5846 19.6166 -0.240762 0 -0.7 0 -0.431259 0.430374 -0.792965
85.3873 48.6579 28.3069 -0.39785 0 -3.5 0 0.959615 -0.102478 -0.261987
75.5019 55.4521 23.9858 -0.147565 0 -3.5 0 0.765237 0.537149 -0.3548
62.2976 60.8754 19.8914 -0.100643 0 4.2 0 -0.159618 0.463454 -0.871626
80.7469 53.0211 29.4204 -0.569771 0 -4.5 0 0.392545 0.827151 -0.402156
71.5027 60.4156 27.6354 0.279064 0 1.9 0 0.67863 0.71787 -0.15532
62.9808 43.7508 22.289 -0.202137 0 3.8 0 -0.70577 -0.680282 -0.197748
61.7693 49.1782 21.4486 0.281009 0 1.8 0 -0.811506 -0.471064 -0.34577
81.0606 44.8607 26.9453 -0.376906 -0.385966 3.8 0 0.359638 -0.813975 -0.456186
69.5781 46.4364 17.1505 -0.165125 0 1.8 0 0.316557 -0.370204 -0.87335
66.0397 42.2113 31.24 -1.59814 -0.0175413 -3.5 0 0.480788 -0.872361 0.0884831
80.7616 50.3175 25.8463 -1.65934 0 -3.5 0 0.550664 -0.183294 -0.814354
75.7162 41.4701 22.5851 0.703306 0 1.8 0 0.35579 -0.669756 0.651798
65.0039 42.3181 29.1898 -1.29489 0 -0.4 0 -0.698453 -0.692323 0.181253
66.4258 40.9126 21.3931 0.0315657 0 -1.6 0 -0.718958 -0.231073 -0.655519
80.7317 54.1069 31.6358 0.165268 0 -4.5 0 0.649516 0.749172 -0.129885
66.0823 65.6366 29.383 -2.07657 -0.894223 -3.5 0 -0.226034 0.830128 0.509702
71.3777 41.2219 29.135 0.311988 0.479013 0.424869 0 0.379131 -0.423314 0.82284
68.8751 64.3491 25.2728 -0.0621024 0 -3.5 0 0.640272 0.643117 -0.420062
52.9782 56.7981 28.4319 -0.326661 0 3.3244 0 -0.432391 -0.901587 -0.0133573
64.2494 47.4089 32.3091 -0.823346 0 -3.5 0 -0.406287 0.108785 0.907247
83.2237 49.825 31.1992 -0.794075 0 -3.5 0 0.600798 0.774478 0.198053
65.7911 56.8679 20.9351 -0.245189 0 1.8 0 0.146478 0.0656871 -0.987031
72.9075 60.0835 29.65 -0.438992 0 1.9 0 0.660266 0.381013 0.647207
54.7057 61.7342 29.694 -1.17146 -0.0118103 3.8 0 -0.234639 0.275029 0.932364
58.4702 66.3592 24.2304 0.88066 0.404104 1.8 0 -0.835953 0.4942 0.238642
75.052 53.0764 33.2245 0.231378 0.926874 -4.5 0 -0.796809 0.55223 0.245229
64.6875 59.758 35.4654 -0.286714 0 -3.5 0 0.760293 0.617498 0.201621
82.7325 48.4122 26.5693 -0.284893 0 -1.81754 0 0.344328 -0.180974 -0.921242
72.9262 54.562 20.0707 -1.27067 0 -3.5 0 0.711618 -0.315249 -0.627868
79.8291 40.9445 28.087 -0.0585932 0 1.8 0 0.910593 -0.366065 -0.191876
62.8455 51.2817 35.6857 -0.368978 0 3.8 0 -0.76162 -0.545437 0.349904
60.7575 51.0995 20.2425 -0.192039 0 1.8 0 -0.794521 -0.222059 -0.565178
55.9718 61.9471 30.1393 -0.369644 0 3.8 0 -0.754948 0.15659 0.636815
71.7008 57.953 30.1635 -0.130376 0 1.9 0 0.57714 -0.188959 0.794484
63.9649 66.8805 28.7623 -0.00793317 0 -4.5 0 0.891135 0.369145 -0.263837
68.2409 56.935 32.6044 -0.811843 0 3.8 0 -0.120864 0.852897 0.507896
67.0492 54.8872 19.9936 0.16055 0 -4.5 0 -0.57531 0.592831 -0.563533
64.5098 60.3018 33.5734 -0.773772 0 -3.5 0 0.955154 0.132446 0.264836
66.5228 48.735 17.8988 0.0549167 0 1.8 0 -0.643285 0.139893 -0.752738
57.113 65.6554 31.9142 -0.0417014 0 -4.5 0 -0.8242 0.505869 -0.25454
74.2256 40.1849 27.5627 -0.208282 0 1.8 0 0.292299 -0.889712 -0.350675
72.1451 44.4896 16.9496 0.446241 0 1.8 0 -0.636237 -0.0798693 -0.767348
58.009 49.1145 30.736 -0.276228 0 3.8 0 -0.925911 -0.296086 -0.234567
54.7779 55.83 29.5602 -0.342749 0 3.8 0 -0.182669 -0.955877 -0.230067
54.4113 61.9612 33.9384 -0.325536 0 3.8 0 0.083105 -0.0506742 -0.995252
74.7752 60.3214 27.9389 -2.12211 -0.0902695 -3.5 0 -0.557946 0.817943 0.140232
61.417 60.3836 40.5344 -0.233156 0 -3.38485 0 0.805858 -0.4683 -0.362337
74.5771 53.5461 22.2311 -1.3506 0 -3.5 0 0.410078 -0.667928 -0.621054
71.5815 56.164 18.0985 -0.409624 0 -4.5 0 0.694508 0.184843 -0.695335
59.1233 50.2728 23.3121 -0.218229 0 4.5 0 -0.947387 -0.318935 -0.0271828
70.7975 54.693 32.2072 -0.468185 0 3.8 0 0.818579 0.126935 0.560192
70.1657 50.7369 19.3656 -0.129984 0 -4.5 0 0.620176 -0.100657 -0.777978
81.9109 52.5556 27.8674 -1.7136 0 -3.5 0 -0.441705 0.897117 0.00878932
73.1013 39.5626 26.2384 -0.239744 0 1.77658 0 0.866835 -0.453868 -0.206399
68.4386 63.529 22.41 0.436039 0 1.43979 0 0.734452 0.656954 0.17027
60.9092 46.8924 30.8137 -0.417967 0 3.8 0 -0.0503729 -0.926903 -0.371905
67.3008 52.9104 18.8136 0.442929 0.000122307 -4.5 0 -0.448164 -0.010847 -0.893886
59.3826 67.2433 33.3553 0.751825 0 -4.5 0 -0.26459 0.906177 0.329903
55.6593 55.7742 27.6397 -1.10649 -0.475621 2.26074 0 -0.46772 -0.816134 0.339358
80.7272 43.6629 33.8522 -0.481008 0 4.5 0 0.535784 -0.483844 0.691976
64.3975 52.6953 19.6618 0.0168145 0 -4.5 0 0.217215 0.28872 -0.932448
63.3786 47.1309 20.3121 -0.183986 0 3.8 0 -0.434321 -0.0612444 -0.898674
56.0416 60.4181 37.638 -0.274962 0 3.8 0 -0.0385619 -0.605131 0.795191
62.6579 53.3462 19.3072 -0.149916 0 1.8 0 -0.127796 0.254799 -0.958512
63.0624 65.6206 31.2999 -0.349753 -0.448825 -3.86466 0 0.741124 0.353298 0.57089
62.0687 47.0505 30.5868 -0.486745 0 -3.5 0 -0.555648 -0.559682 -0.614826
69.5508 49.19 17.3373 -0.105002 0 1.8 0 0.46384 0.640542 -0.612012
61.6598 67.4391 22.4474 -0.0361923 0 1.8 0 0.425065 0.544399 -0.723153
83.4062 49.8172 32.923 -0.878681 0 -3.5 0 0.773682 0.631723 -0.0483948
67.6042 49.6424 33.4592 -0.397687 0 3.8 0 0.321462 -0.841561 0.434093
67.832 59.544 31.49 -0.655088 0 1.9 0 -0.271267 -0.198341 0.941847
60.7161 66.7286 34.2067 0.0629589 0 -4.5 0 0.476139 0.786267 0.393796
57.8868 52.7683 26.2831 -0.183878 0 1.8 0 -0.531756 -0.843396 -0.0769367
74.0261 40.8819 24.4543 -1.26997 0 -0.281659 0 0.715745 -0.694101 -0.0770212
68.8314 42.0653 30.8203 -0.19117 0 1.8 0 -0.401518 -0.546262 0.735106
73.1561 45.3406 31.2331 -0.380156 0 3.8 0 -0.39606 0.15466 0.905106
67.0906 57.5376 34.8403 -2.27008 -0.25405 -3.5 0 0.582359 0.746021 -0.322973
60.3576 49.8808 33.3739 -0.352137 0 3.8 0 0.290853 -0.64771 0.704185
63.9505 60.7766 36.2985 -1.04286 0 -3.5 0 0.849593 0.14041 0.508407
56.7737 63.9344 32.0074 -0.125238 0 2.51824 0 -0.939801 -0.0162539 0.341335
77.7647 42.4485 17.292 0.293838 0 1.8 0 0.200565 0.870751 -0.448962
60.0751 48.507 26.5139 -0.272522 0 4.5 0 -0.504939 -0.604736 0.615899
69.7325 59.0802 22.2227 0.324188 0 1.8 0 0.403737 0.120911 -0.90685
70.1397 62.1499 27.7606 -0.309893 0 0.944039 0 0.975257 0.219302 0.0279535
73.0833 37.8815 18.3402 -0.0740893 0 -3.5 0 -0.617924 -0.780293 0.0965043
70.8355 44.3155 17.466 -0.16753 0 1.8 0 -0.163832 0.00654694 -0.986467
83.8816 51.3511 29.8848 -1.67221 0 -3.5 0 0.318899 0.227188 0.920157
76.8135 41.2535 24.483 0.0281467 0 1.8 0 0.372941 -0.32841 -0.867792
77.863 56.498 26.3515 -0.641446 0 -3.5 0 0.976358 -0.133817 -0.169758
73.5604 52.8439 22.3133 -2.74745 -0.0326051 -3.5 0 0.652815 -0.610627 -0.448294
62.6246 63.4074 21.7844 0.048137 -0.213669 -2.12946 0 0.277918 0.527335 -0.80292
65.1409 60.5949 31.9166 -1.32048 0 -3.5 0 0.799441 -0.157395 0.579759
81.9603 47.2088 25.9485 0.236256 0 3.8 0 0.731817 0.0898764 -0.675549
62.2583 65.5559 35.7361 0.291792 0 -0.8 0 0.386953 0.896054 -0.217612
69.5487 37.6672 26.4414 -0.174843 0 -0.7 0 -0.603911 -0.768835 -0.210202
66.2532 61.6533 31.3568 -1.1153 -0.0739936 -1.43856 0 0.638216 0.0555834 0.767848
79.1878 43.275 26.8465 -0.710901 0 3.8 0 0.926496 -0.345056 -0.150136
73.9198 46.6389 17.7281 -0.197112 0 1.8 0 0.171888 0.873031 -0.456368
74.7289 50.0837 31.6509 0.225165 0 2.5 0 -0.818801 0.0369715 0.572885
77.4876 42.9324 33.9696 -0.332228 0 4.5 0 -0.393648 -0.642252 0.657688
70.1164 38.0938 21.8905 -0.68417 0 -3.21646 0 -0.516979 -0.855905 -0.0126286
55.3415 56.802 31.8277 -0.326002 0 3.8 0 -0.0470641 -0.422706 0.905044
75.4484 40.3573 29.8466 -1.70363 -0.361196 1.8 0 -0.216342 -0.646037 0.732006
69.5855 53.7977 33.0021 -0.533953 0 3.8 0 0.533223 -0.278708 0.798746
66.8008 42.3138 30.361 -0.605568 0 1.8 0 0.107967 -0.782018 0.613833
59.8172 55.1495 31.8556 -0.254739 0 1.8 0 -0.67592 -0.224124 -0.702069
58.186 51.1791 23.1846 -0.143171 0 1.8 0 -0.451931 -0.782235 0.428797
64.1804 43.0903 29.7949 -1.47622 0 -1.57964 0 -0.615061 -0.734383 -0.287024
72.0349 42.3038 29.6292 -0.0279433 0 1.99943 0 0.248804 -0.665749 0.703473
77.8057 44.6879 22.2644 -0.18431 0 2.04383 0 0.858118 0.209667 -0.468693
74.561 40.6772 26.3353 0.211016 0 3.8 0 0.210446 -0.922733 -0.322918
77.168 36.1965 16.7208 -1.69162 -0.563595 -3.5 0 0.506272 -0.839343 0.197972
71.068 39.1134 28.6681 -0.10671 -0.495832 -0.7 0 0.167312 -0.155321 0.973592
58.2154 56.3614 30.8139 -0.747319 0 3.8 0 0.232194 -0.964666 0.124522
76.7081 50.0536 33.6658 -0.487151 0 -4.5 0 -0.371571 -0.633248 0.67892
75.1517 56.7222 24.2376 -0.467529 0 -3.5 0 0.593753 0.395777 -0.700584
65.7659 52.0496 19.5659 0.637363 0 1.66575 0 -0.197418 0.185315 -0.962645
74.6173 54.4791 30.6043 -0.286272 0 1.8 0 0.215505 0.799283 0.560986
75.9333 55.8507 29.2358 0.0340601 0 -3.5 0 0.0758862 0.166086 0.983187
78.5259 38.5788 16.9199 0.250867 0 1.8 0 0.784967 -0.614697 -0.0772929
65.4737 53.9725 37.6925 -0.910072 -0.018629 3.52815 0 -0.25335 -0.181358 0.950223
80.3341 49.3035 25.4578 -0.934717 0 -3.5 0 0.598355 0.170413 -0.782899
68.4952 49.1346 32.5451 -0.344944 0 3.8 0 0.100521 -0.647545 0.755368
65.0666 51.1301 19.2717 0.624623 0 -0.917718 0 0.245766 0.448296 -0.859436
85.6513 49.9571 28.841 -0.535378 0 -3.5 0 0.992882 0.0570042 0.104576
85.5206 49.6665 27.6601 -0.532824 0 -3.5 0 0.984333 -0.151916 -0.0894959
54.0709 55.107 25.6279 -0.175036 0 -0.4 0 -0.137397 -0.925635 0.352593
65.0606 63.7014 21.158 0.579754 0.184073 1.8 0 -0.51529 0.685092 -0.514902
73.6852 42.1247 29.645 -0.358683 -0.054025 3.63448 0 -0.363272 -0.54874 0.75294
63.8101 63.9458 33.3026 -1.17964 -0.908655 -0.917876 0 0.73257 0.660428 0.164855
72.2302 58.0659 22.2543 -0.676008 0 1.8 0 0.352224 0.387209 -0.852061
71.3296 49.4341 19.6715 0.464634 0 1.8 0 0.234496 0.360894 -0.902645
56.9548 55.5439 21.1184 -0.223952 0 1.8 0 -0.545028 -0.129962 -0.828284
78.9326 54.1838 25.9954 -0.79656 0 -3.5 0 0.639798 0.76196 0.100377
72.921 36.81 23.905 -0.724835 -0 -3.5 0 0.171231 -0.633959 0.754173
55.8363 66.747 41.1965 -4.72161 -0.205611 -4.5 0 -0.839634 0.0789657 0.537381
81.4481 52.6491 26.5383 -1.10693 0 -3.5 0 -0.0699619 0.972332 0.222879
74.7011 43.7795 31.5585 -0.408264 0 4.14135 0 -0.686726 -0.250865 0.682257
62.9945 45.4747 31.9274 -1.55759 -0.0352418 -3.5 0 -0.413519 0.272689 0.868702
55.9714 64.8975 29.7714 -0.273725 0 3.8 0 -0.768772 0.599222 0.223433
66.4428 56.808 32.2103 -0.940619 0 3.8 0 0.406398 0.880018 0.245784
58.2912 53.8742 32.2607 -0.342406 0 3.8 0 -0.35176 0.196448 -0.915245
82.2585 46.1774 34.7699 -0.604391 0 -3.5 0 0.301597 -0.308236 0.902236
70.7988 61.371 28.3121 -0.135534 0 1.9 0 0.679812 0.728399 -0.0853801
72.8777 37.3385 26.7778 -0.252565 0 -0.7 0 0.850082 -0.509072 0.134934
58.1188 58.9719 35.4566 0.580866 0 1.8 0 -0.454535 -0.75593 0.471134
75.4699 50.5946 32.8955 -0.164013 0 -1.47548 0 -0.757877 -0.317328 0.570022
64.1226 64.1461 22.3463 0.203753 0.245729 1.8 0 0.0566072 0.560977 -0.825894
73.9439 49.4144 22.6741 -0.721671 0 3.48592 0 0.826888 0.474546 -0.301764
69.2841 65.8128 30.6378 -0.0213696 0 -3.5 0 0.528453 0.53538 0.658867
68.6548 58.5301 20.7849 -0.158547 0 1.8 0 0.448951 0.525336 -0.722817
73.7851 59.5904 26.6313 -1.08567 0 -1.51805 0 -0.304328 0.895859 0.323762
64.4262 56.3311 19.4514 1.00344 0.200817 -0.7 0 0.65574 0.140177 -0.74186
82.099 50.6769 33.3106 -2.48718 -0.425726 -3.5 0 0.716558 0.6946 -0.0638459
79.0658 53.6999 34.8939 0.196727 0 -4.5 0 0.154543 0.706785 0.690342
71.6416 53.7434 19.1063 -0.242931 0 -4.5 0 0.706266 -0.436271 -0.557545
64.532 65.4305 25.757 -0.316198 0 -0.8 0 0.310818 0.950409 -0.0107366
73.0061 51.4481 31.577 -0.236272 0 1.8 0 0.041158 -0.436812 0.898611
69.9524 43.2456 17.4109 -0.0721394 0 1.8 0 -0.108536 0.0959945 -0.989447
67.6299 61.3791 30.9379 -0.393238 0 1.9 0 0.11372 0.55023 0.827233
61.5871 57.5584 18.4436 -0.150338 0 -0.7 0 -0.00392812 0.530932 -0.847405
60.6189 59.4082 41.7306 -0.260535 0 -4.5 0 -0.193328 -0.885933 -0.4216
59.7482 66.433 38.6199 -0.398497 -0.0390207 -3.16931 0 0.525478 0.843635 0.110241
64.4716 41.1776 26.1087 -0.20385 0 -0.4 0 -0.840193 -0.492869 -0.226178
62.9879 66.6484 25.0134 -0.533439 0 1.8 0 0.413601 0.718987 0.558562
78.1574 52.6856 36.315 -0.388073 0 -4.5 0 0.0202625 0.545355 0.83796
70.941 45.4204 29.8513 -0.355381 0 3.8 0 -0.00303185 0.339883 0.940463
62.0812 51.7598 18.9307 -0.0147982 0 1.8 0 -0.508466 0.359321 -0.782529
64.4557 42.6485 21.7243 -0.176126 0 3.8 0 -0.413834 -0.741451 -0.528197
57.1495 61.228 20.455 -0.424046 0 -3.5 0 0.272188 -0.403327 -0.873637
73.3458 59.0196 23.2097 -0.442593 0 1.8 0 0.739061 0.0172114 -0.673419
67.5151 54.7474 18.7971 0.983337 0.23703 -4.5 0 -0.799338 0.239488 -0.551093
66.0311 39.6664 26.2033 0.430733 0 -0.4 0 -0.488997 -0.85036 -0.194345
55.6384 59.341 31.3765 -0.355566 0 3.8 0 -0.364853 0.811944 0.455664
60.3518 48.5726 32.9499 -0.330267 0 3.8 0 0.164128 -0.272373 0.94809
79.935 53.1157 28.7955 -0.395745 0 -4.5 0 0.465328 0.825207 -0.320162
84.7497 47.9745 31.6618 -0.840337 -0.08841 -3.5 0 0.66903 0.569813 0.477191
78.8999 42.6859 25.6521 -0.153962 0 3.8 0 0.709742 -0.553857 -0.435326
57.9133 54.0611 20.6723 -0.107183 0 1.8 0 -0.260916 0.175892 -0.949202
77.7962 58.0502 25.4651 -0.704178 0 -3.5 0 0.822198 0.0512515 -0.566889
52.9268 56.1389 30.3692 -0.299066 0 3.8 0 -0.613989 -0.783733 0.0936998
66.9871 48.3239 16.606 -0.116493 0 1.8 0 -0.723787 0.133594 -0.676968
57.9035 51.4394 34.4004 -0.292302 0 3.8 0 -0.789744 -0.550261 0.271139
75.3094 36.8861 17.6882 -1.56781 -0.70875 -3.5 0 -0.180886 -0.858341 0.480137
60.309 66.0163 40.8504 0.877954 0 -4.5 0 0.759352 0.639066 0.122389
68.4887 54.2154 17.3886 1.23637 0.338617 -4.5 0 -0.405021 -0.25386 -0.878358
70.5064 45.7042 17.5739 -0.883141 0 1.8 0 0.122759 -0.050129 -0.99117
67.291 51.2141 37.6046 -0.413836 0 3.8 0 0.256636 -0.0909169 0.962222
76.7394 41.9257 23.3854 0.103077 0 1.8 0 0.379632 -0.924169 -0.0423345
76.7789 48.2065 23.5798 -0.743704 0 4.47689 0 -0.202433 0.149875 -0.967759
74.7524 58.8091 24.9107 -1.01912 0 -3.5 0 0.308555 0.183721 -0.933295
53.3414 60.3416 29.5855 -0.694277 -0.713802 3.8 0 -0.510017 0.205333 0.835297
68.5839 38.5282 22.2903 0.178874 0 -1.6 0 -0.262526 -0.951812 -0.158535
81.7939 50.3921 26.0395 -1.18814 0 -3.5 0 0.060809 -0.0744623 -0.995368
76.5189 43.6364 18.1889 -0.769939 0 1.8 0 0.761924 0.634802 -0.128444
73.9307 47.0532 30.6391 -0.517702 0 3.8 0 -0.643137 -0.0212171 0.765457
74.8958 40.577 14.9862 -0.222775 0 -3.5 0 -0.160563 0.729441 -0.664932
56.8565 66.7704 42.1009 -5.08635 -0.835205 -4.5 0 -0.272991 -0.0247555 0.961698
53.0529 62.5186 33.7048 -0.317998 0 3.8 0 -0.462933 0.271257 -0.843868
83.4082 49.7837 25.7545 -0.681319 0 -3.5 0 0.00753774 -0.311537 -0.950204
81.1813 43.7832 28.4918 -0.144556 0 1.26065 0 0.105181 -0.54804 -0.829813
59.6024 55.3554 20.0147 -0.070281 0 -0.7 0 -0.678319 -0.302738 -0.669502
69.6387 52.0119 18.1499 0.383958 0 -4.5 0 0.18047 -0.362534 -0.91433
69.6914 48.1631 31.7104 -0.34421 0 3.8 0 0.203528 -0.683058 0.701433
77.63 41.483 16.69 1.02286 0 1.8 0 0.063005 0.449649 -0.89098
56.3711 63.4305 20.0623 -0.395831 0 -3.5 0 -0.323679 0.462221 -0.825581
72.0689 54.1806 31.3041 -0.45608 0 1.8 0 0.175829 0.497894 0.849227
55.4201 65.2986 35.3196 -0.369939 -0.0840689 -1.28971 0 -0.607982 0.617576 -0.498957
70.3519 36.8411 26.9174 -0.185339 0 -0.7 0 -0.446721 -0.870327 -0.207294
79.7431 50.4589 24.4709 -1.11599 0 -3.5 0 0.829161 -0.237383 -0.506104
61.3173 48.0734 32.5066 -0.374305 0 3.8 0 0.321327 -0.291804 0.900888
65.3316 48.9917 33.8794 -0.432035 0 3.8 0 0.0207359 -0.916965 0.398427
73.9464 48.7158 31.2294 -0.319051 0 2.5 0 -0.711634 0.0708611 0.698967
52.6553 58.1404 23.5921 -0.527251 -0.495679 1.56618 0 -0.728283 0.117604 -0.67511
59.1835 61.0844 39.8963 -0.295674 0 1.8 0 -0.726575 -0.627585 0.279688
65.9896 57.1071 37.8099 -0.997148 0 -3.5 0 0.154623 0.656603 0.738217
74.714 36.7651 15.8825 -0.958134 0 -3.5 0 -0.442072 -0.89691 -0.0111654
78.0557 36.7676 14.9429 -2.14677 -0.818582 -3.5 0 0.783695 -0.60081 -0.157634
76.9207 46.7854 33.3377 -0.773121 0 4.29264 0 -0.491851 0.102092 0.864673
79.8821 52.8462 26.9522 -0.00674034 0 -3.5 0 0.463663 0.855308 0.231223
60.7119 48.2076 29.0511 -0.354649 0 3.8 0 -0.0711587 -0.829412 -0.554087
70.4315 49.1935 18.949 0.154238 0 1.8 0 0.632113 0.435097 -0.641189
53.7031 64.0631 36.929 -0.279171 0 3.8 0 -0.753431 0.62464 0.205345
61.3801 62.4105 38.9329 0.536985 0 0.834105 0 0.889069 -0.310914 0.335989
56.8155 52.9128 34.6348 -0.275833 0 3.8 0 -0.875939 -0.377943 0.299815
77.0806 36.995 13.8378 -1.85407 -0.0906376 -3.5 0 0.299464 -0.426787 -0.853331
81.6807 52.6848 25.4403 -0.795124 0 -3.5 0 0.335727 0.43145 -0.83734
62.3804 50.8462 33.9997 -0.412115 0 3.8 0 -0.193425 -0.850429 0.489242
76.5117 57.839 24.8272 -0.763067 0 -3.5 0 0.345111 0.11583 -0.931387
58.7204 51.5668 28.1406 -0.295556 0 2.27258 0 -0.893884 -0.244916 -0.375483
76.203 52.4571 23.6937 -1.97858 0 -3.5 0 -0.498294 -0.332224 -0.800831
77.5469 55.181 28.9982 -0.950124 0 -3.84374 0 0.565241 0.495026 0.659888
71.34 52.7692 19.0798 0.0887477 0 -4.5 0 0.703327 -0.342922 -0.622685
75.3596 45.7155 22.2673 -0.544861 0 1.8 0 0.575099 0.711578 -0.403632
84.6417 45.1685 32.512 -0.228423 -0.0176155 -3.5 0 0.896741 -0.309793 0.316044
71.7551 49.5806 31.7026 -0.325759 0 3.8 0 0.695371 -0.350789 0.627221
60.2081 66.2509 29.4608 0.401904 0 -4.5 0 -0.605296 0.372111 -0.703669
62.8471 55.6284 36.1418 -0.130333 0 2.61218 0 -0.40745 -0.410022 0.816006
61.1431 50.8124 35.0083 -0.370514 0 3.8 0 0.292061 -0.788317 0.541532
83.2026 53.8223 26.669 -2.3323 -0.611179 -3.5 0 -0.330734 0.939501 -0.0891753
52.8485 61.7827 37.209 -0.303403 0 3.8 0 -0.712105 -0.302908 0.633367
57.6633 59.7328 37.5129 -0.223017 0 1.8 0 -0.544722 -0.567449 0.617478
76.7473 40.486 20.9744 2.98242 0.545746 1.8 0 0.406865 -0.386654 0.827623
58.6343 66.4282 22.8873 0.179773 0 1.8 0 -0.782129 0.394255 -0.482532
53.0389 60.8801 24.0785 -1.09515 -0.16059 1.65185 0 -0.968503 -0.0583135 -0.242078
62.4754 63.4859 41.8376 0.520526 0.907034 -4.5 0 0.732095 0.625073 -0.270778
79.0801 41.3791 25.9334 -0.115302 0 1.8 0 0.762651 0.167676 -0.624699
56.651 64.855 32.8 -0.0260122 0 -4.5 0 -0.974412 0.102723 -0.199924
56.3131 56.7494 20.9246 -0.159523 0 1.8 0 -0.416316 -0.562363 -0.714443
68.2002 56.2479 18.9172 0.173103 0 -4.5 0 -0.926347 0.298126 -0.230223
82.0102 45.7645 26.1345 -0.247341 0 3.8 0 0.559134 -0.518525 -0.646917
74.1151 37.7779 19.2936 0.239704 0.0363869 -3.5 0 0.316618 -0.948213 -0.0254218
56.6478 58.9304 34.7292 -0.129492 0 1.8 0 -0.266764 -0.915604 0.300844
62.8143 67.4391 23.9236 -0.691646 -0.156355 1.8 0 0.572285 0.814753 0.0931046
63.214 48.1784 31.8458 -0.641062 0 -3.5 0 -0.157585 -0.247569 0.955969
59.1538 51.6263 24.136 -0.249474 0 2.08199 0 -0.688827 -0.549742 0.472548
73.495 50.1201 20.6265 -0.56217 0 1.8 0 0.766152 0.522586 -0.374052
76.1742 44.1217 19.8328 0.528372 0 1.8 0 0.609527 0.707294 -0.358068
54.5517 56.1996 28.1153 -0.346082 0 3.8 0 -0.289676 -0.957118 0.00358933
77.7346 54.6994 33.0628 0.519324 0 -4.5 0 -0.411876 0.905128 0.105363
68.3567 47.8013 31.5502 -0.242443 0 3.8 0 0.18465 -0.56234 0.806026
66.0943 57.0698 33.4478 -1.237 0 -3.5 0 0.584713 0.798976 -0.140525
62.1639 45.1108 27.327 -0.298512 0 1.8 0 -0.894732 -0.270788 0.355146
58.7601 52.3981 31.4228 -0.453217 0 3.8 0 -0.724859 0.544185 -0.422423
71.3652 42.4263 17.521 -0.166105 0 1.33318 0 -0.0410809 0.0156941 -0.999033
52.5997 56.2029 26.5413 0.101067 0 -0.4 0 -0.372426 -0.85225 0.367382
56.9282 62.165 33.0649 -0.321574 0 0.00638308 0 -0.961817 0.0978026 -0.255622
59.5111 46.6244 24.432 -0.241836 0 4.5 0 -0.637054 -0.751582 0.171135
62.9931 59.5369 19.1799 -0.133505 0 4.2 0 0.17538 0.0858649 -0.980749
56.9526 57.2163 32.6031 -0.36504 0 2.09023 0 -0.670254 -0.3815 0.636568
53.6036 60.9743 34.0219 -0.319169 0 3.8 0 -0.462963 -0.355408 -0.812004
72.5693 36.3335 20.5247 -1.49307 -0.128514 -3.5 0 -0.0170157 -0.856405 -0.516025
60.0789 68.5882 22.9386 -0.127052 0 1.8 0 -0.15023 0.854538 -0.497188
76.5889 39.2298 26.3254 -0.0687295 0 1.8 0 -0.559588 -0.810457 -0.173266
80.1959 44.5179 26.466 -0.450575 0 3.8 0 0.699996 -0.696475 -0.157885
76.352 40.1956 15.7796 -0.122945 0 -3.5 0 0.448408 0.633625 -0.630437
68.6544 62.2399 30.4054 -0.582734 0 1.9 0 0.0465356 0.523899 0.850508
54.9335 55.4185 26.1076 -0.154159 0 0.0506276 0 -0.418763 -0.82395 0.381765
67.6546 41.3054 20.2126 -0.0749984 0 0.639548 0 -0.790488 -0.287318 -0.540904
73.3826 60.4712 25.4714 -0.407482 0 1.8 0 0.20671 0.813734 0.543238
69.5622 54.7871 17.334 0.313784 0 -4.5 0 0.158016 -0.294042 -0.94264
75.2503 57.9211 29.0869 -1.72163 0 -3.5 0 -0.120742 -0.0572841 0.99103
53.8604 59.1866 35.3076 -0.288599 0 3.8 0 -0.432796 -0.883152 -0.180914
74.2357 47.6978 22.0136 -0.559346 0 1.8 0 0.93841 0.244807 -0.243835
53.7914 56.0383 31.7682 -0.286242 0 3.8 0 -0.304656 -0.621497 0.721752
69.5659 58.1294 31.6658 -0.986938 0 2.16643 0 0.256168 0.0667206 0.964327
68.4668 56.7948 36.0348 -2.52575 -0.45475 -3.5 0 0.864909 0.492008 0.0993041
65.7453 58.5216 20.9552 -0.370768 0 4.2 0 0.0884442 -0.0503042 -0.99481
77.4669 57.7696 28.3603 -0.865891 0 -3.5 0 0.858743 0.167251 0.484342
77.4827 53.408 35.6157 -0.334758 0 -4.5 0 -0.152992 0.751296 0.641987
58.3369 50.5182 32.9321 -0.299293 0 3.8 0 -0.858685 -0.394934 0.326629
57.468 53.2811 27.5252 -0.157766 0 1.8 0 -0.69657 -0.549619 0.461203
64.8584 50.498 37.5947 -0.346791 0 3.8 0 -0.0494265 -0.608817 0.791769
79.6519 43.4116 27.7699 -0.78952 0 4.31439 0 0.674577 -0.490539 -0.55165
52.2567 61.9625 27.0303 -0.43798 0 -0.4 0 -0.999856 0.00463876 0.0163024
60.2967 57.2361 36.952 -0.900595 0 1.8 0 -0.421652 -0.612512 0.668609
59.0213 65.3301 29.3075 0.309632 0 3.8 0 -0.0379121 0.770938 -0.635781
64.7412 55.0765 19.7804 -0.0153939 0 -0.7 0 0.43329 -0.00194495 -0.901252
71.9479 36.2291 22.4551 -1.68447 -0.272139 -3.5 0 -0.539605 -0.806133 0.24285
66.9029 65.2565 26.705 -0.445721 0 -3.5 0 0.00787057 0.974393 -0.224713
75.8929 59.4012 29.6791 -2.28589 -0.133143 -3.5 0 0.246833 0.235189 0.940085
82.3251 47.4301 34.9326 -1.19507 0 -3.5 0 0.3113 -0.32797 0.891924
81.6601 52.6705 28.8708 -1.43038 0 -4.5 0 -0.049418 0.971992 -0.22976
81.5056 49.9616 35.9254 -2.26743 0 -3.5 0 0.281261 0.0874348 0.95564
79.2209 42.8748 34.6241 -0.355465 0 4.5 0 0.234218 -0.651809 0.72131
74.8971 56.1292 22.6912 -0.746516 0 -3.5 0 0.684228 0.632428 -0.363133
63.816 62.2841 42.7652 -0.17635 0 -4.5 0 0.908131 0.418258 -0.0189038
56.8774 60.6594 32.0724 -0.325329 0 3.69125 0 -0.910026 0.280682 0.305076
79.0206 49.6504 35.2902 -1.16316 -0.533452 -3.88429 0 -0.470281 -0.528018 0.70713
66.383 64.012 30.8997 -0.74295 -0.347656 -3.5 0 0.267102 0.304675 0.914237
54.7634 58.736 20.8264 -0.298289 0 1.8 0 -0.721767 -0.0499745 -0.69033
57.0374 54.2833 35.3446 -0.278394 0 3.8 0 -0.77367 0.380532 0.506587
54.806 62.1137 20.5717 -1.15197 0 -3.5 0 -0.57102 0.018454 -0.820729
67.394 39.406 24.638 0.605977 0.465591 -0.514909 0 -0.495268 -0.862612 0.103012
62.7571 62.4849 37.6216 0.587823 0 -0.8 0 0.614863 -0.339238 0.711942
73.1914 61.5062 24.1262 -0.371197 0 1.8 0 0.551286 0.831149 0.0726343
74.8522 52.0814 34.4048 0.463116 0 -4.5 0 -0.97906 0.058321 0.195036
65.0527 48.9311 18.8644 -0.614129 0 1.8 0 -0.2449 -0.336916 -0.909127
68.2907 41.6743 30.0553 -0.0761773 0 1.8 0 -0.325235 -0.650435 0.686408
69.7712 64.2504 26.3825 -0.160828 0 -3.5 0 0.833465 0.494027 -0.247535
64.843 58.9713 32.2954 -0.721632 0 -2.93317 0 0.886443 0.333493 0.320937
80.1236 39.8353 19.2115 0.95889 0 1.8 0 0.852471 -0.326213 0.408507
60.202 54.5299 30.8461 -0.0175485 0 2.0997 0 -0.996278 -0.0738725 0.0444126
54.7509 61.1571 38.1459 -0.260097 0 3.8 0 -0.189214 -0.297392 0.935818
68.2349 57.6211 20.0432 -0.126755 0 1.16144 0 -0.46342 0.412185 -0.78444
72.3375 55.4815 29.9775 -1.04903 0 1.82102 0 0.238968 0.612033 0.753864
71.8826 52.3612 31.8974 -0.366812 0 3.70051 0 0.249456 0.106217 0.962543
62.0703 59.691 42.0677 -0.25286 0 -4.5 0 0.407408 -0.671271 -0.619204
71.8192 37.6513 28.5839 -0.176527 0 -0.7 0 0.305336 -0.444553 0.842106
59.0452 55.7681 29.7313 -0.568077 0 1.8 0 -0.393583 -0.624421 0.674678
75.9854 53.6381 32.3916 0.367473 0.915952 -4.5 0 -0.375354 0.917142 0.134014
53.5162 60.6286 22.1196 -1.6865 -0.245188 -3.5 0 -0.843785 -0.211108 -0.493417
55.7962 59.3371 36.9891 -0.288107 0 3.8 0 0.179395 -0.837053 0.516875
61.2246 66.7384 36.8138 -2.10042 -0.0126995 -0.8 0 0.453144 0.890962 -0.0291146
77.1894 56.0612 25.4374 -0.694322 0 -3.5 0 0.728219 0.151981 -0.668281
77.9019 48.1562 33.3511 -0.99864 0 -1.71864 0 -0.460275 0.010152 0.887718
83.3224 45.3116 26.9756 -1.85862 -0.0310452 3.8 0 0.616404 -0.415027 -0.669178
54.7391 57.3426 22.3334 0.385853 0 1.8 0 -0.664947 -0.474819 -0.576535
71.1317 57.1465 19.8618 -0.1288 0.0118542 -4.5 0 0.255844 0.940711 0.222726
56.279 54.4175 27.1725 -0.332993 0 1.8 0 -0.70128 -0.539724 0.46573
66.1436 64.6209 21.2162 0.0564358 0 1.8 0 -0.37294 0.897255 -0.236323
62.799 46.2461 28.125 -0.0222385 0 1.8 0 -0.92867 -0.105368 0.355626
56.5464 65.3361 33.718 0.0827984 0 -4.5 0 -0.905989 0.245167 -0.345075
56.8387 66.683 34.299 -0.743352 -0.21519 -4.5 0 -0.518768 0.696366 -0.495939
68.237 45.1773 18.4131 -0.276424 0 1.8 0 -0.759467 -0.24225 -0.603759
60.4136 55.8544 18.7343 -0.155027 0 -0.7 0 -0.450598 -0.465876 -0.761525
51.376 57.6966 25.3129 -1.02695 -0.369481 -0.4 0 -0.881243 0.244186 -0.404701
78.4493 54.3689 30.0049 -0.458344 0 -4.10362 0 0.219831 0.975453 -0.0128631
66.1808 48.9403 32.9139 -0.812109 0 3.13428 0 0.386246 -0.670424 0.633519
64.8286 61.2202 20.3636 0.142157 0 3.72874 0 0.0272539 0.087359 -0.995804
74.6454 55.6709 29.1383 0.0501796 0 -0.234636 0 0.0491851 0.475549 0.878313
77.1446 41.7421 22.0921 0.498168 0 1.8 0 0.725611 -0.482369 0.490723
67.8964 66.2589 30.6667 0.800788 0.881101 -3.5 0 -0.22273 0.750002 0.622807
61.6906 63.6466 40.194 5.30047 0 -4.5 0 0.979106 0.202503 0.0185319
59.8034 50.9398 25.1353 -0.336553 0 4.5 0 -0.987311 -0.133862 0.0854248
56.0792 54.0645 25.5198 -0.454428 0 1.8 0 -0.691437 -0.716293 0.09401
74.7087 43.1815 16.3466 -0.0764709 0 1.8 0 0.44499 -0.130244 -0.886014
79.1851 40.4056 29.6502 0.698301 0.635659 1.8 0 0.227237 -0.965722 0.125478
58.6206 48.5949 29.7507 -0.283125 0 3.8 0 -0.721912 -0.437391 -0.53622
62.2468 46.8158 21.0122 -0.206618 0 3.8 0 -0.766015 0.0401063 -0.641571
57.0021 62.382 39.1989 -0.286466 0 -4.5 0 -0.36607 -0.668481 0.647399
65.185 62.6482 20.3193 0.236985 0 1.8 0 -0.512272 0.27816 -0.81253
70.0557 61.271 22.1493 -1.04607 0 1.8 0 0.44637 0.236628 -0.862996
68.4615 48.3018 16.2272 -0.0928354 0 1.8 0 -0.0319164 0.271951 -0.961782
68.5419 64.892 31.0614 -0.254943 0 -3.5 0 0.0209497 -0.0251358 0.999465
68.431 54.696 37.494 -1.70947 -0.931631 -3.5 0 0.937576 -0.324545 0.124989
53.8493 64.9401 26.1701 -1.81125 -0.874697 -0.4 0 -0.631737 0.774707 0.0271573
67.5324 49.2463 35.8036 -0.363084 0 3.8 0 0.443294 -0.888619 0.117674
76.8019 52.4953 35.9895 -0.401643 0 -4.5 0 -0.324372 0.528426 0.784569
62.2584 68.9786 31.1754 -0.245341 0 -4.5 0 0.628236 0.611611 0.480886
77.894 55.0877 27.556 -0.869507 0 -3.5 0 0.917326 0.396859 0.0318789
60.4755 50.1373 22.266 -0.21038 0 2.08213 0 -0.544258 -0.444276 -0.711619
66.9813 39.73 21.4 -0.00760325 0 -1.6 0 -0.647373 -0.49443 -0.58004
62.9907 43.2889 32.1603 -1.91857 -0.256815 -3.5 0 -0.697636 -0.578774 0.422286
60.8311 68.95 31.9971 0.919401 0.114791 -4.5 0 -0.180506 0.753934 0.631665
77.9622 58.1381 27.2291 -0.838139 0 -3.5 0 0.975891 0.0479597 0.212925
74.5012 55.3539 21.4009 -1.14994 0 -3.5 0 0.659944 0.460161 -0.593908
54.088 64.7409 35.4437 -0.334929 0 3.8 0 -0.436242 0.79785 -0.416086
54.1044 64.0909 38.3213 -0.584316 -0.378807 3.8 0 -0.97099 0.117866 0.208052
76.2625 45.0552 21.0558 0.111708 0 1.8 0 0.499785 0.727201 -0.470524
64.5456 63.3148 36.2801 -0.0906912 0 -0.8 0 0.989432 -0.0707257 0.126576
74.2432 35.9936 21.9416 -2.24456 0 -3.5 0 0.815645 -0.560723 -0.142521
60.4924 63.2591 43.7054 -0.231352 0 -4.5 0 0.0121341 0.418473 0.908148
79.2637 48.9248 23.7986 -0.833531 0 2.88213 0 0.714256 0.0709418 -0.69628
77.9876 46.0336 22.5544 -0.383883 0 3.8 0 0.173507 0.0578973 -0.983129
66.6293 43.5812 31.8542 -1.35747 -0.246513 -3.5 0 0.701979 -0.303859 0.644124
83.1551 42.8918 32.6481 -1.58013 -0.534235 -2.25294 0 0.326454 -0.727547 0.60341
75.482 39.919 27.8145 -0.567025 0 1.8 0 -0.278934 -0.911456 -0.302397
77.5963 38.8906 26.2293 -0.100544 0 1.8 0 -0.00470309 -0.918349 -0.395744
68.4076 55.2634 35.1795 -2.33669 -0.446438 -3.5 0 0.887369 -0.406763 0.217073
78.3457 41.9216 33.5942 -0.294425 0 4.5 0 -0.117492 -0.874404 0.470758
75.8388 54.5965 29.8988 -0.260458 0 -3.5 0 0.189128 0.672624 0.715407
83.8213 51.4476 25.6082 -2.06381 -0.130362 -3.5 0 0.0460458 -0.159213 -0.98617
61.63 44.8407 21.992 -0.208819 0 3.8 0 -0.831086 -0.458259 -0.31511
82.3189 50.6319 30.8542 -1.52733 0 -3.5 0 0.646089 0.471914 0.599889
62.6139 48.1541 20.4859 -0.133429 0 2.35363 0 -0.689805 -0.485821 -0.536793
67.941 63.3325 30.1546 -0.57799 0 -3.5 0 0.150973 -0.285698 0.946353
61.4169 59.5145 39.4442 -0.169197 0 1.8 0 0.763557 -0.274298 0.584587
56.3435 65.8915 41.806 -16.9999 0 -4.5 0 -0.458836 0.0492803 0.887153
67.5458 64.8449 21.3153 -0.0770021 0 1.8 0 0.328022 0.944645 0.00688833
58.3353 52.5122 28.835 -0.307069 0 3.61975 0 -0.970225 -0.120027 0.210374
67.3327 46.8202 17.1008 -0.0390701 0 1.8 0 -0.599424 -0.514317 -0.613326
65.4444 41.6011 22.6511 0.151504 0 -1.6 0 -0.8147 -0.492679 -0.305828
70.6306 57.4019 17.3328 0.699009 0.0620905 -4.5 0 0.402781 0.638711 -0.655603
58.8356 65.3608 25.8273 0.218034 0.0489506 1.93578 0 -0.278099 0.705564 0.651798
71.3331 57.0585 21.2503 -1.02331 0 -1.7887 0 0.171532 0.885768 -0.431268
63.598 43.7637 21.1534 -0.182579 0 3.8 0 -0.303907 -0.735755 -0.605232
59.2923 63.2093 20.3924 -0.19472 -0.0631432 -3.5 0 0.345463 0.0416102 -0.937509
74.1029 52.7114 32.2115 -0.210576 0.142136 0.871016 0 -0.348119 0.266745 0.898699
59.9043 58.5523 39.3244 -0.202788 0 1.8 0 -0.153209 -0.683816 0.713388
62.3667 44.4616 23.2425 -0.227979 0 3.8 0 -0.785248 -0.566858 0.249114
53.56 59.3916 30.4564 -0.339482 0 3.8 0 -0.513684 0.676982 0.52709
58.3322 55.0387 32.3 -0.361952 0 3.8 0 -0.140113 -0.303718 -0.942403
69.5239 56.7812 32.7014 -0.643542 0 3.8 0 0.561694 0.581133 0.588883
59.2383 66.8486 36.4593 -0.643178 -0.95196 -0.8 0 0.141683 0.985244 0.0960174
68.6933 50.4795 34.4497 -0.402416 0 3.8 0 0.826949 -0.498411 0.260273
79.2777 47.6889 35.3234 -2.48247 -0.217972 -3.5 0 -0.50442 -0.0750589 0.86019
65.9947 50.9022 37.5278 -0.389466 0 3.8 0 0.0815706 -0.362585 0.928374
58.9528 55.6671 35.1335 -0.208063 0 3.8 0 -0.594741 0.350299 0.723584
69.767 49.8585 33.1834 -0.37875 0 3.8 0 0.199009 -0.441124 0.875103
64.0526 60.0958 19.5973 -0.0812721 0 4.2 0 0.30348 0.204684 -0.930594
60.9825 45.725 23.0355 -0.22386 0 4.15 0 -0.669649 -0.732089 -0.12496
53.0868 63.9963 26.9217 -0.399416 -0.143822 -0.4 0 -0.520263 0.632566 0.573748
72.8949 38.1354 25.2239 -0.32443 0 -0.7 0 0.987765 -0.125385 0.0927253
79.0097 40.9077 16.0725 0.237871 0 1.8 0 0.160343 0.245531 -0.956036
80.3645 42.2262 32.4839 -0.394402 -0.0305948 3.596 0 0.269487 -0.771165 0.576786
75.5001 49.3592 23.6546 -0.741431 0 4.5 0 0.194135 0.276963 -0.941065
62.1361 65.3909 33.4736 -0.00988823 -0.764076 -1.43789 0 0.7266 0.672999 0.138292
73.8317 39.2395 14.5159 -0.283914 0 -3.5 0 -0.628695 0.276318 -0.726905
55.5288 63.3332 29.6985 -0.381684 0 3.8 0 -0.798366 0.192833 0.570463
60.6764 68.9361 24.2134 -0.112542 0 1.8 0 -0.0540179 0.97824 0.200322
85.8869 47.3656 29.1407 -1.5133 -0.963298 -3.5 0 0.918878 -0.163646 -0.359004
71.4778 51.5668 20.1642 -0.537708 0 0.609803 0 0.605347 -0.0691742 -0.79295
76.124 53.4757 22.8755 -1.16276 -0.00477036 -3.5 0 -0.13054 -0.447045 -0.884935
60.8749 65.0967 39.4684 5.1339 0 -4.5 0 0.723363 0.631837 0.278438
61.8581 54.4689 19.6099 -0.203527 0 -0.51065 0 -0.173235 -0.410848 -0.895094
59.3455 67.2498 25.4577 0.0330382 0 1.8 0 -0.555446 0.44842 0.700285
70.5433 43.1482 31.1056 -0.240298 0 1.8 0 0.175159 0.151796 0.972768
80.2551 44.9432 24.5255 -0.287788 0 3.8 0 0.676491 -0.626491 -0.387128
77.9688 48.1183 23.0672 -0.701397 0 3.8 0 -0.023953 0.192935 -0.980919
54.0879 59.8149 33.9977 -0.311609 0 3.8 0 -0.476477 -0.373576 -0.795871
73.6082 40.8735 16.0226 -0.000817661 0 -3.5 0 -0.473671 0.601422 -0.643371
58.5305 54.181 29.3185 -0.31103 0 1.8 0 -0.608246 -0.144247 0.780532
63.4728 46.5667 31.9325 -0.611315 0 -3.5 0 -0.483589 0.134299 0.864931
77.7325 56.635 27.524 -0.584755 0 -3.5 0 0.98435 0.0214423 0.174913
62.286 52.2006 35.8339 -0.413582 0 3.8 0 -0.361776 -0.238736 0.901179
76.4585 40.134 25.129 -0.0417093 0 1.8 0 -0.388485 -0.664585 -0.638284
56.9353 54.0866 32.8312 -0.296201 0 3.8 0 -0.916262 0.0203803 -0.400061
67.2954 47.8841 32.033 -0.374224 0 -0.0817089 0 0.365381 -0.429049 0.826083
75.3126 45.787 17.9695 -0.169227 0 1.8 0 0.763984 0.645165 0.00945944
64.4073 62.6042 33.4374 -1.6331 0 -3.5 0 0.867677 0.0899628 0.48892
64.3302 54.1055 36.999 -0.824394 0 -3.5 0 -0.677964 -0.0256892 0.734646
61.813 54.8875 35.8452 0.151745 0 3.8 0 0.0747377 -0.157748 0.984647
64.2943 42.6188 24.8626 -0.392843 0 0.565511 0 -0.678795 -0.726929 -0.103978
71.963 40.2655 17.2015 -0.37132 0 -3.5 0 -0.797946 -0.267015 -0.540356
80.3471 51.1782 24.8679 -0.851823 0 -3.5 0 0.734591 -0.355295 -0.57805
69.6996 57.7611 19.5349 -0.302113 0 -4.5 0 0.180886 0.980991 -0.0702588
76.1716 55.6666 24.9305 -0.662236 0 -3.5 0 0.506891 0.357132 -0.78455
64.3111 58.2518 20.2106 -0.209745 0 4.2 0 0.529147 0.0300674 -0.847997
74.9675 41.7715 16.0688 -0.141906 0 -3.5 0 -0.0464726 0.343903 -0.937854
83.7865 46.3489 33.715 -0.471444 0 -3.5 0 0.626693 -0.213464 0.749459
61.4523 66.8195 26.9775 -0.12398 -0.199824 1.198 0 -0.492207 0.857613 -0.149104
69.1138 65.1931 27.4166 0.0550599 0 -3.5 0 0.509903 0.806639 -0.298884
65.2199 41.192 25.3641 -0.150648 0 -1.05384 0 -0.750774 -0.579405 -0.31722
58.8064 58.5532 37.9059 -0.174637 0 1.8 0 -0.680979 -0.660633 0.315962
71.8751 59.4286 22.346 -0.306359 0 1.8 0 0.169045 0.00523966 -0.985594
63.4504 63.7935 37.6479 4.07385 0 -0.8 0 0.709354 0.0995839 0.697782
63.7301 49.5651 32.9019 0.155057 0 0.682844 0 -0.433907 -0.677745 0.593622
65.3352 64.5171 30.1211 -1.28015 -0.103432 -3.5 0 0.33236 0.721489 0.607446
74.4889 53.7112 31.4767 -0.178965 0 1.8 0 0.0137582 0.708309 0.705768
72.7405 56.9905 29.196 -0.951891 0 1.9 0 0.481625 -0.00296154 0.876372
67.3177 39.0537 22.9205 0.156045 0 -1.6 0 -0.511737 -0.857819 -0.0476688
57.197 64.8453 23.7957 0.279395 0.166635 0.278406 0 -0.328738 0.94149 0.0743538
60.7871 67.2159 26.0865 -0.0143123 0 1.8 0 0.057594 0.672624 0.73774
59.614 49.383 27.5845 -0.280879 0 4.5 0 -0.789798 -0.517554 -0.329177
52.9441 60.781 35.5511 -0.289426 0 3.8 0 -0.882461 -0.453401 -0.125261
74.7748 52.8663 23.4923 -1.23666 0 -3.5 0 0.206181 -0.644567 -0.736222
78.3552 43.5074 24.0766 -0.0896836 0 3.34529 0 0.636682 -0.608348 -0.473866
57.8893 56.426 33.9984 -0.288822 0 3.01833 0 -0.745995 -0.119732 0.6551
63.1013 44.3565 29.1644 -0.918146 0 -0.767 0 -0.893141 -0.448575 -0.0328611
53.9081 58.9482 32.2149 -0.320083 0 3.8 0 -0.49615 0.602943 0.624737
75.0171 40.1184 22.3955 0.580965 0 1.14384 0 0.727155 -0.208001 0.654202
56.502 55.454 31.5921 -0.319819 0 3.8 0 -0.13326 -0.974839 0.178693
74.3165 46.4813 20.5729 -0.82668 0 1.8 0 0.869559 0.486595 -0.0842124
60.1864 64.6121 28.2813 0.571017 -0.774247 0.231635 0 -0.475571 0.776227 -0.413889
56.3683 59.6775 20.4918 -0.292781 0 1.8 0 -0.0675081 0.05321 -0.996299
84.3789 45.0646 29.741 0.435632 0 -0.4 0 0.924202 -0.318162 -0.211243
71.766 44.4439 30.7952 -0.317252 0 3.5636 0 -0.250953 0.141581 0.957589
65.1354 59.0255 34.4893 -0.0943685 0 -3.5 0 0.784372 0.582617 -0.21288
60.8191 64.821 41.1099 5.22359 0 -4.5 0 0.740599 0.654518 0.152051
59.0402 63.7146 43.212 -0.298094 0 -4.5 0 -0.218151 0.273582 0.936783
67.7037 53.4227 36.9414 -0.981943 0 -3.5 0 0.926956 0.0136561 0.374922
71.5446 60.1603 31.0196 -0.864606 0 1.9 0 0.643606 0.0140662 0.765227
73.5262 39.4478 23.8573 -0.462138 0 -3.5 0 0.798134 -0.22938 0.557105
71.7655 60.3641 26.2808 0.197615 0 1.8 0 0.455963 0.700942 0.548432
60.0575 67.2227 22.0886 -0.104157 0 1.8 0 -0.23503 0.417453 -0.877778
66.1454 47.5265 32.459 0.0804307 0 -3.5 0 0.346724 -0.115819 0.930789
81.2188 53.1189 33.1046 0.153796 0 -4.5 0 0.910422 0.366301 0.192239
61.5644 62.1328 40.5701 -0.131235 0 -4.5 0 0.82769 -0.0973924 -0.552671
65.5001 58.0278 37.0951 -0.617711 0 -3.5 0 0.30865 0.604228 0.734605
70.6089 57.0095 30.8656 -0.4621 0 1.9 0 0.729005 0.0406054 0.683303
74.0072 47.4076 19.5126 -0.413903 0 1.8 0 0.836501 0.489998 -0.245293
61.8073 46.0082 31.3054 -0.54706 -0.247307 -3.5 0 -0.92691 -0.257143 0.273342
78.4825 54.826 31.7062 0.142843 0 -4.5 0 -0.275344 0.931416 -0.238014
80.1961 47.6845 24.3266 -0.49895 0 3.8 0 0.664228 0.398035 -0.632748
65.5167 47.5975 19.4188 -0.184199 0 2.00565 0 -0.41115 -0.423142 -0.807407
67.7259 43.3957 19.5629 -0.174527 0 1.8 0 -0.828642 -0.123151 -0.546064
63.249 65.2818 35.1057 -0.757276 -0.195639 -0.8 0 0.42038 0.882345 -0.211538
82.6018 52.8882 30.362 -0.78175 -0.00187205 -3.5 0 0.395611 0.735098 0.550566
57.3278 65.1853 22.4829 -0.0628067 0 -2.58243 0 -0.386532 0.90479 -0.17874
69.8894 39.0318 20.9082 -0.416375 -0.0325699 -1.88213 0 -0.458952 -0.552306 -0.695932
73.9085 39.6395 28.47 -0.274881 -0.0897809 1.8 0 0.150748 -0.886224 0.438043
62.9703 66.2307 27.6578 -0.180839 -0.832358 -1.34435 0 0.550945 0.600076 -0.579972
70.2012 40.3673 19.6644 -0.253968 0 1.8 0 -0.258081 -0.797939 -0.54469
62.0171 57.8689 37.6563 -0.335254 0 -2.83725 0 0.192848 -0.661024 0.72516
56.8236 65.1979 26.4531 -0.400927 0 3.8 0 0.0944542 0.990126 -0.103581
80.7853 53.509 30.5005 -0.305113 0 -4.5 0 0.365158 0.859362 -0.357991
58.7119 57.8419 20.4668 -0.442879 0 1.29746 0 -0.281483 0.256312 -0.924701
76.4736 46.4894 22.9506 -0.531896 0 3.8 0 -0.0448307 0.518396 -0.853965
60.8833 52.6654 35.9435 -0.324091 0 3.8 0 0.275803 -0.155562 0.948543
55.9345 63.0053 34.055 -0.221877 0 3.8 0 -0.55032 0.132216 -0.824419
82.7001 41.9452 29.005 -0.0357533 0 -0.4 0 0.203412 -0.554376 -0.807026
71.9951 58.9581 30.2663 -0.0936718 0 1.9 0 0.601418 -0.218137 0.768578
75.094 41.0835 25.31 -0.118151 0 3.8 0 -0.203512 -0.822345 -0.531349
64.0113 59.2191 36.6564 -0.437014 0 -3.5 0 0.429269 0.445383 0.785724
70.1766 40.3696 29.3788 -0.150624 -0.125004 1.48128 0 0.217114 -0.536803 0.815294
60.8249 48.744 27.9618 -0.324044 0 4.5 0 -0.485381 -0.871244 0.0730677
67.2617 66.084 28.9333 -0.961591 -0.0306313 -3.5 0 -0.146516 0.978269 -0.146706
52.3775 62.8383 25.0821 -0.359553 0 -0.4 0 -0.912216 0.240947 -0.331372
84.346 46.0243 28.698 -0.163744 -0.47396 0.151525 0 0.760198 -0.519658 -0.389941
52.7462 55.4456 24.8674 -0.0940677 0 -0.4 0 -0.504602 -0.841769 -0.191838
67.4176 56.2809 20.5976 -0.0447094 0 1.8 0 -0.51045 0.22565 -0.829773
68.5294 40.1624 20.2549 -0.0715756 0 -1.6 0 -0.361299 -0.655458 -0.663203
72.5525 37.0845 25.2577 -0.329917 0 -0.7 0 0.199356 -0.951431 -0.234596
76.2075 49.097 33.2045 -0.605942 0 2.5 0 -0.266173 0.0226317 0.96366
63.4393 51.8399 18.702 -0.0351439 0 1.8 0 0.180853 0.461093 -0.868726
61.7326 61.5475 38.2096 0.959372 0 -0.0647167 0 0.806958 0.00564061 0.590582
64.7595 66.086 28.844 -0.355027 -0.460238 -3.5 0 0.434193 0.898311 -0.0671835
59.6738 53.5297 20.721 0.0431657 0 1.00653 0 -0.206417 -0.110468 -0.972208
54.6886 62.6974 38.9579 -0.30508 0 3.8 0 -0.439447 -0.454694 0.774687
77.2571 50.493 34.8673 -0.486171 0 -4.5 0 -0.318946 -0.907365 0.273792
61.9914 49.705 32.4627 0.0227451 0 3.8 0 0.146083 -0.488695 0.860138
55.5472 59.0765 33.3122 -0.307517 0 3.44793 0 -0.97143 -0.0208822 0.236405
68.4597 63.8092 24.1065 -0.0824142 0 -3.5 0 0.566368 0.740146 -0.362508
72.8379 56.6717 20.8871 -2.63039 -0.783772 -3.5 0 0.494085 0.853371 -0.166245
66.469 46.4205 32.5295 -0.158198 0 -3.5 0 0.700309 0.239586 0.672432
83.8614 48.8349 31.722 -0.537722 0 -3.5 0 0.745063 0.611256 0.266922
3 1384 964 311
3 311 964 439
3 764 439 1332
3 964 601 783
3 768 601 321
3 601 760 238
3 321 238 214
3 238 760 1056
3 238 1056 214
3 818 1568 1303
3 818 1384 98
3 98 1384 1251
3 1023 698 1251
3 346 1251 955
3 311 439 955
3 783 770 1332
3 783 768 420
3 420 768 1229
3 1449 768 434
3 1449 434 278
3 434 768 321
3 253 214 1218
3 760 665 1056
3 665 1303 1164
3 1164 1303 1568
3 1377 1315 1393
3 1393 752 155
3 1164 1568 752
3 1568 475 752
3 752 475 155
3 155 475 918
3 475 1023 1375
3 407 1348 1375
3 524 1375 1348
3 407 1251 346
3 1369 346 1282
3 1282 883 1369
3 1566 1404 905
3 1404 1460 69
3 510 803 330
3 330 803 770
3 1332 770 803
3 510 1061 1467
3 1061 85 1229
3 643 1061 1229
3 643 1229 1449
3 734 274 1518
3 1139 274 1322
3 463 1296 1096
3 1377 1329 674
3 926 1329 1377
3 1329 926 1110
3 1110 926 1025
3 1025 926 1393
3 1393 155 1025
3 1025 155 938
3 155 918 938
3 1286 918 1375
3 1286 1375 524
3 1286 853 1170
3 1207 1523 281
3 1350 987 878
3 987 310 878
3 855 310 883
3 883 1566 855
3 855 905 453
3 855 202 310
3 461 992 1547
3 453 551 1510
3 1553 551 942
3 453 905 551
3 905 942 551
3 1553 287 937
3 937 287 470
3 287 69 470
3 937 470 1177
3 597 352 348
3 352 597 1334
3 597 896 787
3 787 896 197
3 197 43 787
3 896 1177 417
3 417 386 1117
3 1077 417 1117
3 1117 1285 1077
3 1285 1117 521
3 1117 1467 174
3 1304 174 1070
3 1345 1070 643
3 1518 1211 1449
3 1580 1290 985
3 1580 364 1290
3 1320 985 662
3 430 739 1485
3 739 1520 1485
3 1520 1450 1485
3 1179 1485 1450
3 1480 1438 467
3 467 1438 943
3 1438 1267 943
3 1438 1329 1110
3 1110 935 1267
3 6 1267 1512
3 90 283 1392
3 1110 1025 590
3 590 1025 941
3 1025 504 941
3 504 938 347
3 1216 1170 887
3 1239 887 753
3 1555 853 693
3 753 1555 1037
3 335 488 731
3 180 693 1523
3 180 1523 1207
3 834 65 1207
3 65 834 14
3 834 1243 14
3 1350 878 1243
3 878 992 338
3 338 992 461
3 461 508 338
3 508 1547 339
3 339 1547 1027
3 1027 1547 1281
3 1281 1547 1062
3 1062 139 1281
3 1553 348 1442
3 530 1474 1442
3 29 1274 586
3 787 43 586
3 586 43 428
3 933 586 428
3 1095 55 428
3 933 428 1412
3 55 1412 428
3 207 792 184
3 184 792 1077
3 1381 207 184
3 1381 184 1380
3 1380 1245 1381
3 1285 521 1558
3 42 1558 1082
3 1558 492 1082
3 1478 1308 1082
3 659 670 1513
3 670 1308 1513
3 1513 1308 1478
3 1513 1320 111
3 1370 1361 660
3 1361 1370 1100
3 1370 707 1100
3 707 1279 1100
3 1183 1290 364
3 1183 364 1516
3 364 1580 1516
3 430 1456 1516
3 1456 430 1349
3 1220 1262 562
3 562 1328 1220
3 562 286 480
3 562 480 399
3 881 399 851
3 1080 713 1396
3 566 6 713
3 713 1512 1396
3 1396 1512 61
3 1119 1512 956
3 1512 90 743
3 1512 743 956
3 90 1392 743
3 390 1087 163
3 535 1144 504
3 1144 757 1087
3 757 168 721
3 168 509 48
3 595 1576 721
3 1576 1069 721
3 1576 827 1069
3 466 1473 1383
3 1576 1383 1473
3 543 1198 1037
3 1037 1306 543
3 1037 112 1306
3 974 292 335
3 112 292 1040
3 974 731 153
3 1445 153 65
3 611 1445 265
3 265 1445 94
3 822 94 1445
3 94 822 1027
3 822 84 508
3 822 339 1027
3 194 94 1027
3 5 1310 1468
3 1468 866 40
3 866 429 40
3 175 1550 1499
3 429 866 1511
3 980 175 1499
3 814 1407 10
3 1407 1412 710
3 710 1412 55
3 55 1095 710
3 1095 1012 1109
3 354 1109 1012
3 47 354 1452
3 1371 47 1452
3 1452 1012 159
3 159 1012 1381
3 782 811 140
3 782 140 379
3 631 975 300
3 975 325 1245
3 975 1245 703
3 703 1245 17
3 17 1245 1415
3 1415 345 742
3 1415 1260 17
3 17 1260 703
3 1260 246 932
3 1278 1361 932
3 1278 1513 672
3 672 1513 111
3 672 660 1361
3 1100 66 1398
3 843 66 1279
3 142 940 1252
3 1279 342 843
3 1279 1502 342
3 1183 1516 1009
3 447 1333 1009
3 801 1009 1333
3 1502 801 637
3 1333 637 801
3 447 786 1333
3 687 296 28
3 676 28 805
3 28 296 393
3 28 393 805
3 1557 1276 1483
3 512 1068 51
3 1212 1115 736
3 790 1220 847
3 1212 736 441
3 1328 736 847
3 1328 441 736
3 881 441 1328
3 851 566 881
3 881 566 1080
3 441 122 694
3 709 1080 411
3 1093 323 667
3 323 411 667
3 1093 667 1258
3 667 61 1258
3 1119 22 1564
3 205 448 550
3 448 673 1305
3 1011 1031 577
3 577 1031 635
3 577 635 730
3 163 743 390
3 225 44 1069
3 773 80 1205
3 1205 80 626
3 1069 827 626
3 1473 1101 827
3 827 1101 1205
3 466 877 617
3 617 877 358
3 877 1198 358
3 299 1040 1026
3 652 1040 299
3 652 1458 1040
3 135 1399 652
3 1128 652 299
3 1128 299 220
3 297 1128 265
3 220 265 1128
3 1026 220 299
3 265 220 611
3 297 967 1128
3 1399 135 1165
3 297 94 194
3 297 194 754
3 172 641 945
3 754 1105 641
3 1105 945 641
3 1291 1105 758
3 429 1291 758
3 1194 485 1022
3 936 1575 1053
3 1072 186 814
3 186 334 814
3 334 980 1407
3 1407 980 812
3 812 980 4
3 980 1036 4
3 1072 83 1575
3 83 1102 1506
3 344 1407 710
3 344 710 312
3 1131 620 1371
3 1131 1371 986
3 1131 986 1545
3 1371 868 986
3 183 868 1472
3 1472 1200 1222
3 868 32 1200
3 32 1452 1200
3 1200 1452 782
3 1200 782 988
3 657 988 564
3 564 908 657
3 738 258 735
3 258 257 735
3 104 108 230
3 379 631 230
3 104 230 631
3 796 104 631
3 104 796 73
3 108 104 73
3 108 73 1173
3 921 593 73
3 593 921 123
3 1577 123 921
3 921 1416 1577
3 1416 932 1577
3 733 1032 142
3 1252 705 733
3 515 733 705
3 1447 1435 899
3 899 1435 1084
3 1365 1084 343
3 369 1490 309
3 1490 369 786
3 786 682 1490
3 1557 676 805
3 483 1489 1483
3 1557 1483 1490
3 1330 1455 925
3 51 1068 714
3 1276 351 64
3 64 351 1115
3 64 1115 1579
3 1212 1248 1579
3 1212 1579 1115
3 1579 1248 1292
3 1292 116 1481
3 852 1176 389
3 756 1411 893
3 382 893 1411
3 919 1517 1005
3 1005 1517 1300
3 939 1540 716
3 1379 205 550
3 1459 457 1305
3 1448 1459 1431
3 577 1459 1011
3 1459 577 730
3 1431 1459 730
3 1431 1043 1448
3 1444 1431 288
3 755 1099 456
3 36 1433 759
3 1099 1397 1433
3 456 494 1543
3 1017 773 684
3 1335 746 617
3 1569 1059 336
3 1496 1190 358
3 1496 358 236
3 236 1306 1496
3 88 416 266
3 861 1165 1378
3 280 1378 872
3 891 313 485
3 891 485 1194
3 313 1202 485
3 976 888 1337
3 1337 653 936
3 1565 1053 179
3 1565 179 1390
3 1506 825 589
3 589 825 778
3 460 1167 1465
3 1102 344 1465
3 493 1167 460
3 1488 778 1167
3 493 460 828
3 828 460 1545
3 828 1504 1418
3 986 183 1504
3 183 242 1504
3 1352 1504 242
3 1261 242 1391
3 242 1472 1391
3 1222 908 1527
3 1527 908 1001
3 1527 1001 968
3 908 1029 1001
3 1528 1029 890
3 727 1029 908
3 1235 727 738
3 727 908 564
3 564 738 727
3 1436 1235 1173
3 1436 1173 593
3 1436 234 890
3 890 234 298
3 234 513 298
3 298 513 1032
3 733 515 863
3 733 863 1032
3 863 627 267
3 669 627 634
3 627 515 708
3 627 708 634
3 712 901 729
3 892 103 486
3 901 239 729
3 239 1365 895
3 892 728 271
3 1536 1391 1283
3 1283 1391 1527
3 1283 1527 968
3 1283 968 38
3 968 1420 38
3 38 1420 192
3 38 192 728
3 192 1420 271
3 1528 863 267
3 267 1420 1528
3 1420 267 271
3 271 267 669
3 486 916 895
3 486 895 999
3 275 1574 419
3 419 1562 275
3 332 1552 419
3 1562 419 91
3 1552 91 419
3 1562 91 961
3 91 748 961
3 961 748 21
3 91 309 748
3 96 1158 833
3 1158 96 1489
3 925 1158 1489
3 1158 925 516
3 1158 516 199
3 436 1158 199
3 1225 516 1455
3 1225 34 1529
3 199 1529 436
3 436 1529 1403
3 1529 832 402
3 700 1225 401
3 402 832 11
3 1453 655 1107
3 655 1405 233
3 1455 1330 763
3 1455 763 401
3 1330 714 763
3 316 714 415
3 415 413 1505
3 1505 1292 1057
3 1292 1481 1057
3 1481 852 552
3 553 259 852
3 147 553 110
3 1411 756 110
3 553 147 1423
3 1423 282 1047
3 1423 1047 1142
3 1423 1142 821
3 893 776 1047
3 1047 776 1142
3 776 106 1142
3 106 776 1050
3 1145 893 382
3 1050 1145 446
3 1005 132 919
3 1005 609 132
3 446 132 609
3 704 614 924
3 614 356 924
3 356 1448 1043
3 609 1491 1201
3 1491 1206 1003
3 556 1440 957
3 418 1043 1206
3 1355 1017 251
3 24 251 1017
3 251 1 1355
3 1161 251 24
3 1 251 318
3 1161 1573 1098
3 615 1094 490
3 1094 615 1209
3 797 1094 1209
3 1074 1209 615
3 1569 1362 1287
3 1287 1362 196
3 196 1362 1494
3 1188 1362 583
3 1362 1325 583
3 120 1387 88
3 702 16 266
3 583 266 16
3 16 1188 583
3 602 702 119
3 266 416 702
3 526 702 416
3 119 526 437
3 1437 280 443
3 240 567 976
3 1581 1055 884
3 1357 391 1500
3 1500 391 1337
3 1500 1565 815
3 1390 171 1565
3 589 747 1347
3 1402 179 1347
3 1402 1347 1434
3 1197 1133 454
3 747 897 1133
3 1488 1075 897
3 1418 387 575
3 1488 575 549
3 387 1352 573
3 387 573 1116
3 1064 1116 1562
3 1562 819 1064
3 1562 1537 819
3 961 1253 1537
3 1253 833 711
3 833 487 711
3 1253 20 870
3 20 799 870
3 870 799 1324
3 1324 799 1403
3 1403 1427 1324
3 1403 464 1427
3 870 1324 784
3 1114 819 784
3 1114 76 819
3 775 1013 885
3 775 885 1073
3 1073 885 1451
3 1013 1427 885
3 885 1427 349
3 885 349 209
3 885 209 599
3 1141 349 998
3 661 1453 1457
3 1457 1160 978
3 233 763 316
3 1386 1249 1534
3 1249 415 1505
3 1505 1534 1249
3 1534 1057 398
3 398 1057 552
3 552 1057 1481
3 1534 398 1583
3 261 547 115
3 261 115 779
3 779 115 706
3 115 547 1423
3 1423 821 115
3 359 821 649
3 821 1112 649
3 821 1356 1112
3 1356 469 972
3 1356 1142 469
3 106 944 469
3 944 106 446
3 1050 446 106
3 882 1210 809
3 744 1210 1501
3 151 744 556
3 1501 556 744
3 744 151 1351
3 1440 1003 1206
3 1440 1206 328
3 1440 328 1051
3 176 9 412
3 1544 23 1382
3 412 355 594
3 501 1543 1076
3 1076 1219 501
3 1355 1 1076
3 1 201 1076
3 1094 318 1154
3 1161 1098 1154
3 1223 1024 797
3 188 797 1240
3 1024 1240 797
3 1318 1223 876
3 1223 1209 876
3 876 1209 1287
3 894 726 578
3 894 578 1441
3 1503 864 592
3 1400 592 864
3 592 1400 450
3 984 450 1400
3 1581 984 542
3 984 1400 542
3 542 1400 148
3 602 1092 542
3 949 1581 884
3 949 884 474
3 949 474 450
3 474 400 450
3 400 474 681
3 766 884 1357
3 1357 289 1121
3 906 289 1500
3 1500 815 906
3 1187 1402 221
3 221 1434 723
3 723 1434 1314
3 1197 454 203
3 1197 203 1314
3 454 1108 203
3 1108 454 625
3 1178 45 1358
3 1358 929 1129
3 1526 1075 549
3 1526 549 1064
3 1064 819 1526
3 1526 76 1114
3 1526 1114 308
3 308 1114 1299
3 1358 308 1299
3 1358 1299 1178
3 1108 1323 587
3 1073 1451 1323
3 1538 1071 12
3 1323 12 1530
3 1071 1538 210
3 1088 1141 871
3 1364 871 290
3 290 451 661
3 290 695 807
3 807 695 1273
3 953 978 1241
3 1241 362 953
3 1007 362 779
3 525 1007 779
3 525 706 107
3 706 1475 107
3 1204 107 1475
3 1204 1475 1525
3 1525 1475 500
3 500 950 1525
3 268 1146 500
3 500 1146 950
3 950 1146 1166
3 1054 268 1563
3 268 1475 649
3 425 1563 161
3 25 1356 1563
3 1563 1356 972
3 1563 972 161
3 161 972 903
3 425 127 167
3 127 307 167
3 167 307 1246
3 307 71 1132
3 1132 71 0
3 1132 0 874
3 424 903 131
3 424 131 522
3 944 522 131
3 424 522 1210
3 424 1351 502
3 1021 874 67
3 1021 381 874
3 92 1021 576
3 902 1138 228
3 1230 565 1548
3 565 1570 1548
3 1138 1548 228
3 228 1548 68
3 1570 1316 675
3 328 804 1051
3 1316 1051 804
3 804 1544 1316
3 1316 1570 1410
3 440 1382 765
3 1382 440 960
3 960 462 1382
3 440 1046 960
3 368 793 1104
3 793 1259 1104
3 793 717 1259
3 1089 1259 717
3 717 1240 1089
3 717 188 1240
3 138 1318 1010
3 138 1010 1193
3 965 580 1086
3 580 965 1376
3 1494 1376 965
3 444 1494 1188
3 200 173 540
3 1168 1503 1208
3 1042 1181 529
3 1181 383 640
3 640 723 1314
3 124 640 1314
3 555 880 1530
3 928 1083 479
3 1363 845 1508
3 1363 1155 301
3 1363 248 1155
3 1364 807 1195
3 1446 1195 215
3 1446 215 1063
3 1063 215 414
3 414 74 922
3 922 74 1578
3 74 1152 1578
3 1572 554 1256
3 1256 561 534
3 554 889 1256
3 889 1233 629
3 629 1233 1113
3 788 532 1273
3 1113 596 1525
3 1113 950 1175
3 950 585 1175
3 570 1054 806
3 806 685 1549
3 1549 685 1091
3 1182 907 1571
3 381 1246 1132
3 902 89 1336
3 1309 1336 89
3 1336 1309 539
3 1309 982 548
3 982 654 548
3 341 654 1492
3 654 68 360
3 360 1551 538
3 377 462 621
3 621 462 1196
3 1123 960 1224
3 563 536 1123
3 1079 1123 536
3 1079 536 904
3 563 211 536
3 536 1135 904
3 211 563 983
3 563 1224 528
3 591 528 1046
3 591 1104 77
3 375 77 1259
3 375 1259 1169
3 375 1169 983
3 983 1169 581
3 1270 663 1470
3 1270 1193 663
3 1193 99 1066
3 145 1066 99
3 580 143 145
3 1066 145 143
3 143 580 1582
3 580 1376 1443
3 1168 959 722
3 1208 959 1168
3 947 622 491
3 1353 1317 622
3 622 1317 491
3 947 491 859
3 859 491 190
3 1228 558 1266
3 558 719 2
3 558 2 1266
3 1266 2 1217
3 2 719 913
3 1217 2 913
3 913 816 162
3 816 380 1019
3 380 190 1083
3 1083 928 380
3 928 1019 380
3 1338 644 1326
3 392 644 1338
3 392 1319 644
3 1319 1156 644
3 1429 1388 1155
3 408 102 1368
3 1507 1368 102
3 1368 353 408
3 1368 1063 422
3 981 1406 1327
3 838 1354 922
3 1406 900 1203
3 900 1578 250
3 1454 1346 482
3 1578 1346 250
3 785 1346 1454
3 250 1346 632
3 785 873 1339
3 1339 873 1180
3 1454 830 873
3 1454 3 830
3 3 252 830
3 3 1454 378
3 378 534 3
3 252 3 534
3 476 1428 1342
3 506 82 35
3 82 561 35
3 35 561 319
3 7 319 1175
3 638 1140 276
3 854 638 276
3 276 582 854
3 1549 477 1140
3 477 1549 1425
3 749 477 1311
3 1425 1311 477
3 1425 1148 979
3 1311 979 1484
3 1148 1091 433
3 1172 114 1531
3 1531 114 1033
3 1172 263 114
3 1033 114 869
3 263 1419 114
3 114 1419 574
3 114 574 869
3 1419 59 574
3 59 1419 539
3 59 539 1309
3 59 1289 574
3 459 574 1289
3 1122 169 1221
3 169 875 1221
3 875 1122 373
3 341 1492 373
3 1492 927 1302
3 1492 1302 817
3 927 75 1302
3 1302 1196 1123
3 1302 1123 1002
3 13 1487 1135
3 505 969 182
3 598 1079 150
3 636 1539 607
3 1135 983 1539
3 607 983 581
3 1294 581 914
3 1127 481 839
3 1193 1066 663
3 1085 1127 397
3 722 445 1414
3 445 1343 1414
3 1343 959 1153
3 1266 1153 1228
3 1343 1153 1039
3 1266 1217 1372
3 1372 1217 1126
3 1372 1126 1408
3 1413 1482 1126
3 1413 913 162
3 1269 1482 125
3 1269 125 1156
3 1156 1429 1269
3 1269 1429 789
3 1297 1541 353
3 422 981 1297
3 981 1327 647
3 647 1327 1192
3 1406 1203 1327
3 1203 499 227
3 499 1203 579
3 579 632 384
3 302 384 1341
3 701 126 1341
3 1008 126 701
3 1008 701 1339
3 1339 1180 366
3 1339 366 1008
3 630 1498 1180
3 630 1180 697
3 697 495 630
3 1180 798 697
3 679 798 830
3 920 1342 679
3 1097 679 1342
3 1342 54 1097
3 1463 54 1428
3 1463 1428 478
3 109 1463 478
3 1428 1137 206
3 478 206 582
3 478 518 109
3 1395 109 518
3 294 1395 152
3 1395 277 520
3 520 277 749
3 520 651 222
3 651 177 222
3 1519 869 367
3 867 212 272
3 272 212 795
3 459 1289 715
3 1221 1015 911
3 911 1015 226
3 911 226 862
3 1015 691 226
3 862 226 761
3 1149 1255 691
3 1016 691 1255
3 1149 546 279
3 546 1221 1254
3 1255 1149 279
3 41 1263 279
3 751 1263 41
3 802 751 62
3 41 62 751
3 62 41 1254
3 62 1254 1006
3 1254 915 1006
3 1466 1006 948
3 948 1006 915
3 1466 948 1035
3 1035 780 1479
3 780 1492 396
3 817 396 1492
3 1479 396 1497
3 1002 598 1497
3 598 1394 1497
3 1497 1234 1479
3 1234 1497 1313
3 1313 619 1234
3 923 1394 628
3 923 628 1232
3 1487 1232 628
3 1487 1034 603
3 1521 1271 1034
3 1417 1034 1271
3 1321 636 1186
3 1321 1186 740
3 824 740 1464
3 740 1186 1464
3 1556 824 1227
3 810 473 696
3 810 696 57
3 848 745 1464
3 1514 848 1127
3 1127 1085 1514
3 1085 105 1471
3 1471 105 435
3 105 514 435
3 435 741 699
3 489 741 820
3 303 1408 1385
3 1269 1385 1408
3 1385 405 303
3 1385 519 1554
3 846 519 1541
3 519 1385 1541
3 1269 789 1385
3 846 141 686
3 981 647 1297
3 1535 178 256
3 178 1192 227
3 781 767 302
3 767 499 384
3 384 302 767
3 781 1191 794
3 484 840 1191
3 840 484 1008
3 126 1008 484
3 840 1000 1106
3 1214 1000 970
3 1000 366 970
3 970 366 1498
3 1214 208 762
3 208 970 160
3 208 160 762
3 1272 970 1498
3 1498 630 1272
3 1424 962 1272
3 1424 750 962
3 544 1424 326
3 1424 324 495
3 326 1463 337
3 544 1020 750
3 750 1020 527
3 1020 304 1559
3 527 1020 1559
3 668 1067 222
3 668 1284 195
3 260 195 1331
3 777 1215 774
3 217 273 1476
3 217 774 1515
3 1147 1515 1389
3 1389 1515 1226
3 46 394 692
3 1389 1226 1049
3 1389 1049 1519
3 867 46 692
3 862 761 1359
3 994 1016 322
3 994 1157 1016
3 322 193 187
3 187 193 455
3 187 455 619
3 193 1263 455
3 455 1263 751
3 751 802 455
3 455 100 826
3 1118 1242 923
3 923 1232 1118
3 1118 1232 86
3 690 1118 370
3 1034 1295 603
3 1389 394 997
3 997 394 842
3 842 394 46
3 370 842 954
3 842 350 954
3 954 350 993
3 350 46 867
3 954 243 511
3 1271 1556 72
3 1422 72 1556
3 1477 1422 1227
3 1542 823 1421
3 823 1477 1421
3 468 996 1421
3 1477 468 1421
3 996 314 844
3 951 314 60
3 60 314 372
3 372 699 60
3 57 1268 372
3 507 680 426
3 680 50 489
3 1058 63 1191
3 15 255 1214
3 623 1214 255
3 255 1162 623
3 1469 255 15
3 1469 1567 837
3 117 517 1567
3 517 1524 1567
3 517 117 160
3 160 1272 517
3 1524 517 1272
3 1524 1272 410
3 410 1272 962
3 410 1030 1524
3 677 431 1030
3 1567 1030 1374
3 431 1374 1030
3 431 677 813
3 1374 431 449
3 813 449 431
3 1238 813 1559
3 1238 856 260
3 1567 1374 93
3 837 93 971
3 93 1374 850
3 93 850 971
3 449 1288 1374
3 1288 1476 732
3 645 1130 732
3 1288 732 1130
3 1542 37 295
3 37 732 295
3 403 645 1542
3 1237 600 1231
3 403 1542 1159
3 1159 1247 1048
3 1493 844 507
3 680 507 844
3 1493 507 1264
3 1430 931 656
3 931 1264 656
3 507 426 1264
3 1264 426 1174
3 656 1264 1277
3 1264 1174 1277
3 426 1257 1174
3 1174 1090 1277
3 1090 613 1277
3 671 1277 613
3 1277 671 545
3 671 331 545
3 331 293 724
3 610 293 270
3 270 95 610
3 1124 95 270
3 1124 623 95
3 293 610 724
3 376 1162 1163
3 1163 1162 1038
3 958 1163 1038
3 1038 971 958
3 958 971 421
3 958 421 442
3 442 421 1237
3 421 971 850
3 1130 850 1288
3 1237 1231 1430
3 1430 1231 931
3 113 442 1430
3 113 262 442
3 113 52 724
3 52 545 724
3 724 545 331
3 262 113 376
3 724 376 113
3 294 849 78
3 294 78 109
3 1175 319 284
3 1175 284 1113
3 1534 1486 1386
3 784 819 1537
3 1537 1253 784
3 1416 300 703
3 348 1553 70
3 597 348 70
3 597 70 937
3 232 1520 689
3 689 1520 1322
3 1322 1520 1139
3 783 1332 439
3 783 439 964
3 768 783 601
3 238 321 601
3 311 955 1251
3 1384 311 1251
3 764 955 439
3 1282 955 764
3 1449 1229 768
3 1296 1081 1056
3 665 1296 1056
3 665 1315 1096
3 1315 665 1164
3 665 1096 1296
3 1315 1377 1096
3 752 1393 1315
3 752 1315 1164
3 1375 918 475
3 860 1348 407
3 860 407 1369
3 346 1369 407
3 883 1282 1566
3 764 1566 1282
3 886 69 1460
3 886 1460 803
3 886 803 510
3 886 470 69
3 470 886 1467
3 470 1467 1177
3 1467 886 510
3 1070 1467 1061
3 1070 1061 643
3 1580 1518 274
3 1307 1580 1139
3 1139 1580 274
3 232 1081 463
3 1480 497 674
3 674 497 463
3 463 497 232
3 496 232 497
3 1377 674 1096
3 1096 674 463
3 406 347 938
3 406 938 204
3 204 938 918
3 1170 204 918
3 1170 918 1286
3 853 887 1170
3 887 1555 753
3 1555 887 853
3 1350 281 860
3 860 1523 1348
3 1523 860 281
3 905 855 1566
3 1547 1510 1062
3 1510 1547 992
3 361 1510 551
3 361 551 1553
3 1510 523 1062
3 523 1510 361
3 1553 523 361
3 937 70 1553
3 586 1274 787
3 787 1334 597
3 1334 787 1274
3 792 43 197
3 792 197 1077
3 1077 197 417
3 417 197 896
3 521 174 1304
3 174 521 1117
3 1070 174 1467
3 1558 521 1304
3 1558 1304 492
3 646 1304 333
3 333 1304 1345
3 1304 646 492
3 1580 333 1345
3 1580 1345 118
3 1580 118 1211
3 643 1211 118
3 643 118 1345
3 1580 1211 1518
3 985 1478 1580
3 662 985 1290
3 1307 1139 1520
3 1516 1580 1307
3 1516 1307 739
3 1516 739 430
3 1520 739 1307
3 121 357 1450
3 1143 1450 357
3 357 121 1151
3 1151 121 1520
3 1151 1520 496
3 1520 121 1450
3 1367 357 1151
3 1360 1143 357
3 1360 357 1367
3 87 1360 1367
3 87 1367 1480
3 1480 1367 497
3 497 1367 1151
3 497 1151 496
3 829 1360 87
3 1028 1360 829
3 829 87 1480
3 1301 1179 1028
3 1301 1028 829
3 1301 829 467
3 467 829 1480
3 1267 1438 1110
3 1512 1267 90
3 283 90 1267
3 283 1267 935
3 1392 283 935
3 1392 935 1293
3 1293 590 941
3 1293 941 1144
3 935 590 1293
3 1110 590 935
3 504 1144 941
3 595 1216 1576
3 1576 1216 887
3 1576 887 1239
3 488 149 1555
3 1037 1555 149
3 1037 149 335
3 335 149 488
3 488 1555 693
3 472 488 180
3 731 488 472
3 472 180 1207
3 693 180 488
3 153 731 472
3 153 472 65
3 65 472 1207
3 1442 1474 1062
3 1442 523 1553
3 523 1442 1062
3 19 865 720
3 720 865 1442
3 865 530 1442
3 865 19 1522
3 348 720 1442
3 1522 352 1334
3 348 352 720
3 720 352 1522
3 720 1522 19
3 471 1522 1274
3 1334 1274 1522
3 865 1522 471
3 865 471 1499
3 865 1499 530
3 530 1499 1511
3 1499 471 388
3 207 1012 1095
3 207 1095 792
3 1012 207 1381
3 1245 1380 385
3 1245 385 345
3 385 1380 1285
3 42 742 345
3 42 345 1558
3 1558 345 385
3 1558 385 1285
3 340 1082 492
3 1580 1478 340
3 1580 340 646
3 1580 646 333
3 646 340 492
3 340 1478 1082
3 1278 659 1513
3 66 1100 1279
3 1183 1502 707
3 707 1502 1279
3 1290 1183 662
3 662 1183 707
3 662 707 1370
3 447 1009 1456
3 1516 1456 1009
3 393 296 1262
3 1220 393 1262
3 1328 562 399
3 1328 399 881
3 943 851 1301
3 1301 851 399
3 1301 399 480
3 1301 480 1179
3 467 943 1301
3 390 743 1392
3 390 1392 1087
3 1087 1392 1293
3 1087 1293 1144
3 1409 1014 1087
3 44 1409 648
3 1409 757 648
3 1087 757 1409
3 721 648 757
3 1069 44 648
3 1069 648 721
3 827 1576 1473
3 1383 1576 1239
3 1037 292 112
3 292 1037 335
3 1026 1040 292
3 974 1026 292
3 220 1026 611
3 611 1026 974
3 1445 611 153
3 153 611 974
3 1281 1533 1027
3 1499 1550 531
3 1499 531 1511
3 429 1511 531
3 429 531 1202
3 388 980 1499
3 1036 980 388
3 1407 814 334
3 620 1109 354
3 620 354 47
3 988 782 379
3 811 782 1452
3 631 379 140
3 811 975 631
3 975 811 325
3 811 631 140
3 703 300 975
3 345 1415 1245
3 703 1260 1416
3 1416 1260 932
3 1361 1278 672
3 560 1577 1398
3 560 1398 142
3 940 142 1398
3 66 843 940
3 66 940 1398
3 342 1252 843
3 843 1252 940
3 801 1502 1183
3 1009 801 1183
3 786 369 1333
3 687 682 1456
3 1456 682 786
3 1456 786 447
3 676 682 687
3 676 687 28
3 512 483 1068
3 1068 483 1483
3 736 1115 847
3 847 1115 351
3 395 533 1093
3 395 1093 1540
3 1093 1103 1540
3 285 1004 1103
3 1258 285 1093
3 1093 285 1103
3 604 1004 285
3 604 285 1258
3 1512 1564 1258
3 1512 1258 61
3 1119 1564 1512
3 97 1564 22
3 97 22 205
3 448 205 22
3 448 22 1119
3 457 550 448
3 457 448 1305
3 635 1397 730
3 1044 1433 635
3 759 1433 1044
3 1031 1044 635
3 635 1433 1397
3 225 759 1044
3 225 1044 44
3 44 1044 1409
3 1409 1031 1014
3 1031 1409 1044
3 1069 626 80
3 626 827 1205
3 617 1473 466
3 236 358 543
3 236 543 1306
3 543 358 1198
3 1399 1387 652
3 652 1387 1458
3 1128 135 652
3 1185 1165 135
3 1185 135 1128
3 1185 1128 967
3 754 641 967
3 754 967 297
3 1291 945 1105
3 1202 1291 429
3 1022 485 531
3 1022 531 1550
3 531 485 1202
3 1506 1053 1575
3 1506 1575 83
3 312 1465 344
3 1131 1545 620
3 1109 620 1465
3 1109 1465 312
3 1465 620 1545
3 47 1371 620
3 183 986 868
3 1472 868 1200
3 657 1222 1200
3 657 1200 988
3 73 593 1173
3 513 560 1032
3 560 513 123
3 560 123 1577
3 142 1032 560
3 705 1252 317
3 317 1252 899
3 899 1252 342
3 708 317 1199
3 1199 317 899
3 705 317 708
3 1365 1199 1084
3 1084 1199 899
3 791 1435 1574
3 1435 791 1084
3 1084 791 1536
3 1084 1536 343
3 1536 791 1261
3 1261 791 1574
3 309 1552 1333
3 309 1333 369
3 1333 1552 637
3 748 309 1275
3 1275 309 1490
3 1489 748 1275
3 917 1489 1275
3 917 1275 1490
3 1483 1489 917
3 1483 917 1490
3 1265 1068 1483
3 1265 1483 1276
3 1505 413 1265
3 1579 1505 1265
3 1579 1265 64
3 1276 64 1265
3 1292 1248 116
3 116 1248 395
3 1540 1176 116
3 1540 116 395
3 116 1176 1481
3 1145 1517 919
3 1517 1379 1300
3 939 716 1517
3 1517 716 1379
3 1004 1379 716
3 1004 716 1103
3 1103 716 1540
3 604 1379 1004
3 205 1379 604
3 205 604 97
3 97 604 1564
3 1564 604 1258
3 704 365 550
3 704 550 457
3 614 704 133
3 614 133 1448
3 1448 133 1459
3 1459 133 457
3 457 133 704
3 494 456 1099
3 494 1099 1433
3 494 1433 36
3 1355 494 1017
3 130 1098 746
3 130 746 1335
3 1101 746 1098
3 1101 1098 1573
3 1473 617 746
3 1473 746 1101
3 490 1098 130
3 615 490 130
3 615 130 1335
3 1059 1569 320
3 569 1059 320
3 1074 320 1569
3 1190 569 1335
3 1335 569 320
3 1335 320 615
3 615 320 1074
3 1325 1496 120
3 1496 569 1190
3 1059 569 1496
3 1059 1496 1325
3 1059 1325 336
3 1387 416 88
3 1387 1399 416
3 872 1378 1165
3 872 1165 1185
3 872 1185 718
3 718 1185 172
3 641 172 967
3 967 172 1185
3 443 280 872
3 443 872 605
3 443 605 567
3 718 605 872
3 567 888 976
3 718 891 605
3 605 891 888
3 605 888 567
3 1194 888 891
3 653 1337 1194
3 888 1194 1337
3 1575 936 653
3 1550 1575 653
3 1550 653 1022
3 1022 653 1194
3 1575 1550 1072
3 1347 1506 589
3 1506 1347 1053
3 1053 1347 179
3 1167 825 329
3 1465 1167 329
3 1465 329 1102
3 1102 329 825
3 778 825 1167
3 1488 1167 493
3 1261 1574 1352
3 1536 1261 1391
3 1527 1391 1472
3 1222 1527 1472
3 1528 1001 1029
3 1436 1029 727
3 1436 727 1235
3 1029 1436 890
3 669 267 627
3 192 271 728
3 1116 573 275
3 275 573 1574
3 1574 573 1352
3 1537 1562 961
3 487 833 1158
3 1529 199 516
3 1529 516 1225
3 464 1403 1529
3 464 1529 465
3 465 1529 402
3 1427 606 349
3 678 465 402
3 465 678 464
3 464 678 606
3 464 606 1427
3 349 606 998
3 998 606 678
3 998 678 402
3 998 402 11
3 316 763 714
3 413 415 714
3 413 714 1068
3 413 1068 1265
3 1292 1505 1579
3 852 1481 1176
3 1145 1050 776
3 1145 776 893
3 132 446 919
3 919 446 1145
3 356 1491 924
3 924 1491 1005
3 1005 1491 609
3 614 1448 356
3 1501 1201 1491
3 1003 1501 1491
3 556 1501 1003
3 1003 1440 556
3 1444 1206 1043
3 9 1206 1444
3 9 1444 800
3 9 800 412
3 355 412 800
3 355 800 755
3 355 755 456
3 1543 355 456
3 494 1355 1543
3 318 1161 1154
3 1161 318 251
3 1154 1098 490
3 1569 1287 1074
3 1209 1074 1287
3 88 266 164
3 88 164 120
3 120 164 1325
3 1325 164 583
3 583 164 266
3 185 1188 16
3 185 16 148
3 185 148 1400
3 148 16 702
3 542 148 702
3 542 702 602
3 443 1581 1092
3 443 1092 1437
3 1581 567 240
3 567 1581 443
3 240 1055 1581
3 1055 391 1357
3 1314 1434 989
3 1197 1314 989
3 1197 989 1133
3 747 1133 1347
3 1347 1133 989
3 1347 989 1434
3 929 454 1133
3 929 1133 1129
3 1129 1133 897
3 897 1075 1129
3 575 493 1418
3 493 575 1488
3 549 575 1116
3 1116 575 387
3 1064 549 1116
3 775 1299 1114
3 775 1114 1013
3 1178 775 1073
3 775 1178 1299
3 49 1178 1073
3 1538 1451 559
3 990 1141 998
3 661 990 1453
3 1453 990 11
3 11 990 998
3 451 1141 990
3 451 990 661
3 808 1457 1453
3 1160 1457 808
3 1160 808 1107
3 1107 808 1453
3 1241 978 1160
3 1241 1160 1298
3 1298 1160 1486
3 1386 1486 1160
3 316 1249 655
3 316 655 233
3 1107 1386 1160
3 1386 1107 655
3 1386 655 1249
3 261 1486 1534
3 779 1486 261
3 706 115 821
3 706 359 1475
3 359 706 821
3 972 131 903
3 972 469 131
3 131 469 944
3 1351 1509 67
3 1509 1351 151
3 404 9 176
3 9 404 1206
3 1206 404 328
3 1544 804 404
3 1544 404 176
3 404 804 328
3 1544 176 23
3 412 23 176
3 1382 594 765
3 594 1382 23
3 594 23 412
3 765 594 1543
3 355 1543 594
3 368 1219 1076
3 793 368 201
3 201 368 1076
3 137 793 201
3 137 201 318
3 137 318 1094
3 717 793 137
3 717 137 188
3 188 137 1094
3 797 188 1094
3 1494 1362 1188
3 1120 444 1188
3 1120 185 1400
3 1188 185 1120
3 864 1120 1400
3 450 984 949
3 1581 949 984
3 934 681 474
3 934 474 884
3 934 884 766
3 884 1055 1357
3 1181 934 1121
3 1121 934 766
3 1532 681 934
3 1532 934 1042
3 1042 934 1181
3 1121 766 1357
3 723 383 906
3 289 906 1121
3 1121 906 383
3 1181 1121 383
3 1358 45 929
3 929 625 454
3 625 929 45
3 1075 1526 1358
3 1075 1358 1129
3 1358 1526 308
3 995 898 49
3 995 49 1073
3 49 898 1178
3 1178 898 45
3 45 898 625
3 625 898 995
3 625 995 1108
3 1108 995 1323
3 1323 995 1073
3 12 1323 1538
3 1538 1323 1451
3 1560 1530 12
3 1560 12 1071
3 1508 210 1363
3 1508 1071 210
3 1244 952 1088
3 1088 952 559
3 559 952 1538
3 210 1538 952
3 210 952 1363
3 1363 952 1244
3 1363 1244 248
3 1364 1244 871
3 1088 871 1244
3 451 290 871
3 451 871 1141
3 363 1195 807
3 1273 363 807
3 532 363 1273
3 1204 596 79
3 79 788 362
3 788 79 596
3 596 1204 1525
3 1007 79 362
3 953 362 788
3 525 1204 1007
3 1007 1204 79
3 779 1298 1486
3 1298 779 1241
3 525 107 1204
3 500 1475 268
3 570 1166 1146
3 570 1146 1054
3 806 1054 1150
3 1150 1054 1563
3 1150 1563 425
3 1132 1246 307
3 424 502 0
3 424 0 71
3 0 502 874
3 903 424 71
3 874 502 1351
3 874 1351 67
3 427 381 1021
3 427 92 902
3 92 427 1021
3 1138 902 92
3 1138 92 576
3 1548 1138 1230
3 576 1230 1138
3 1410 1051 1316
3 1382 462 377
3 1382 377 1544
3 501 1439 765
3 501 765 1543
3 1224 960 1046
3 528 1224 1046
3 1169 1259 1089
3 1089 1240 1270
3 438 1376 1494
3 438 1494 444
3 1443 1376 438
3 1443 438 444
3 1443 444 541
3 1120 541 444
3 541 1120 1503
3 864 1503 1120
3 1083 190 1189
3 1189 190 491
3 1189 491 1317
3 1189 1317 1532
3 1042 963 1532
3 681 1532 1317
3 409 1189 963
3 1189 557 1083
3 557 1189 409
3 1042 409 963
3 529 409 1042
3 640 383 723
3 1083 557 479
3 479 557 409
3 479 409 1060
3 1060 409 529
3 306 392 1060
3 306 1060 1508
3 1508 1060 1560
3 479 1060 392
3 1071 1508 1560
3 1508 845 306
3 1388 1319 845
3 1388 845 1363
3 301 1388 1363
3 1155 1388 301
3 1184 414 215
3 1136 1184 973
3 973 1184 215
3 973 215 1195
3 1250 1136 30
3 1250 30 532
3 532 30 973
3 532 973 363
3 363 973 1195
3 1136 973 30
3 1184 1136 327
3 414 1184 74
3 1572 1184 327
3 1152 74 1184
3 1152 1184 1572
3 482 229 1373
3 1373 229 1152
3 1152 229 1578
3 1346 1578 229
3 1346 229 482
3 1572 1373 1152
3 378 1454 482
3 378 482 1373
3 534 378 1256
3 1256 378 1373
3 1256 1373 1572
3 561 58 319
3 371 58 561
3 371 561 1256
3 371 1256 889
3 284 371 629
3 1113 284 629
3 629 371 889
3 58 371 284
3 58 284 319
3 1233 1250 788
3 596 1113 1233
3 596 1233 788
3 532 788 1250
3 854 585 638
3 638 585 1166
3 650 1166 570
3 806 1549 570
3 570 1549 650
3 1078 1425 1549
3 1148 1425 1078
3 1091 1148 1078
3 1091 1078 1549
3 1172 608 902
3 902 608 427
3 427 608 381
3 381 608 1571
3 1571 608 1172
3 1289 59 548
3 1289 548 1122
3 548 59 1309
3 654 341 1122
3 654 1122 548
3 538 1492 654
3 360 538 654
3 1570 1551 1548
3 68 1548 360
3 360 1548 1551
3 1492 538 639
3 639 538 1551
3 639 1551 616
3 927 639 616
3 1123 1196 960
3 211 1135 536
3 983 1135 211
3 375 563 77
3 77 563 528
3 77 528 591
3 563 375 983
3 1259 77 1104
3 914 581 1169
3 914 1169 1470
3 1470 1089 1270
3 1089 1470 1169
3 481 1294 914
3 481 914 1470
3 481 1470 839
3 839 1470 663
3 722 1582 1443
3 1443 1582 580
3 541 1503 1168
3 541 1168 1443
3 722 1443 1168
3 445 722 959
3 432 1153 959
3 1153 432 1228
3 432 959 1208
3 1228 432 588
3 1208 588 432
3 558 1228 947
3 947 1228 588
3 947 588 622
3 1319 392 845
3 392 306 845
3 1388 1156 1319
3 1156 1388 1429
3 1429 1155 102
3 789 1429 102
3 789 102 408
3 1063 1368 1446
3 1446 1368 1507
3 981 422 1063
3 1341 1346 785
3 798 1180 873
3 798 873 830
3 1137 1428 476
3 1137 476 506
3 582 276 518
3 518 276 666
3 1140 666 276
3 277 666 477
3 277 477 749
3 477 666 1140
3 979 1311 1425
3 1561 979 1148
3 1484 979 1561
3 1561 1148 1111
3 1111 433 1531
3 433 1111 1148
3 1531 101 1461
3 1461 101 1091
3 1091 101 433
3 433 101 1531
3 1571 1172 1461
3 1461 1172 1531
3 459 869 574
3 715 1289 1221
3 1122 1221 1289
3 1254 1221 875
3 875 915 1254
3 341 373 1122
3 1492 639 927
3 1002 817 1302
3 75 1196 1302
3 1079 598 1002
3 1079 1002 1123
3 1321 1521 1539
3 636 1321 1539
3 848 1464 737
3 737 1464 1186
3 264 848 737
3 264 737 642
3 1127 848 264
3 1186 642 737
3 1294 642 1186
3 264 481 1127
3 642 481 264
3 481 642 1294
3 1039 1153 1495
3 1495 1153 1266
3 1372 1495 1266
3 1408 1126 1482
3 1326 1482 1413
3 1408 1482 1269
3 353 1541 408
3 408 1541 930
3 408 930 789
3 789 930 1385
3 1192 1327 1203
3 227 1192 1203
3 384 499 579
3 1346 1341 384
3 1346 384 632
3 1498 366 1180
3 1097 697 798
3 1097 798 679
3 495 697 1097
3 1463 1097 54
3 849 337 78
3 78 337 1463
3 78 1463 109
3 478 1428 206
3 518 478 582
3 294 109 1395
3 856 152 1395
3 856 1395 1067
3 1067 1395 520
3 1067 520 222
3 1515 39 189
3 1515 189 1226
3 1226 189 1125
3 1125 189 39
3 1125 39 1284
3 1284 39 1215
3 1215 39 1515
3 1215 1515 774
3 1049 1226 305
3 1226 1561 305
3 305 1561 18
3 1018 1049 305
3 1018 305 18
3 1018 18 1111
3 1111 18 1561
3 1484 1561 1125
3 1125 1561 1226
3 1111 1531 1018
3 1018 1531 1033
3 367 1280 1519
3 1280 212 867
3 367 212 1280
3 231 795 212
3 231 212 367
3 231 367 459
3 459 367 869
3 911 715 1221
3 459 715 231
3 231 715 911
3 231 911 795
3 1157 761 226
3 1157 226 691
3 396 1479 780
3 1497 396 817
3 1497 817 1002
3 1035 1234 1466
3 1035 1479 1234
3 1313 1497 1242
3 923 1242 1497
3 923 1497 1394
3 603 858 1232
3 858 603 1295
3 603 1232 1487
3 824 1556 134
3 1556 1271 134
3 134 1271 740
3 740 1271 1321
3 824 134 740
3 1521 1321 1271
3 1227 824 1464
3 473 745 696
3 1464 745 473
3 1514 745 848
3 1268 57 696
3 1268 745 1514
3 696 745 1268
3 1085 1471 1514
3 1268 1514 1471
3 1268 1471 372
3 699 372 1471
3 699 1471 435
3 435 514 741
3 1495 514 1039
3 514 820 741
3 1495 820 514
3 820 1495 1372
3 489 820 1171
3 1171 820 1372
3 166 1171 1408
3 1257 1171 166
3 1257 166 1213
3 1213 166 303
3 303 166 1408
3 1213 303 405
3 405 1041 1213
3 1554 1041 405
3 846 1052 519
3 1052 1554 519
3 1541 1385 930
3 1535 256 794
3 794 256 781
3 767 781 256
3 767 256 227
3 227 256 178
3 841 1535 794
3 498 841 794
3 498 794 1191
3 498 1191 63
3 1584 1106 1000
3 1584 1000 1214
3 160 970 1272
3 1463 326 495
3 1463 495 1097
3 495 326 1424
3 750 1424 544
3 260 856 1067
3 260 1067 195
3 668 195 1067
3 1134 1215 777
3 1215 1134 1284
3 195 1284 1134
3 195 1134 1331
3 1288 449 1045
3 1288 1045 1476
3 1476 1045 1312
3 295 732 1476
3 295 1476 273
3 1422 273 217
3 1422 217 1515
3 1422 1515 1147
3 692 394 1389
3 1280 867 692
3 1519 1280 1389
3 692 1389 1280
3 993 350 1359
3 1359 350 867
3 1157 912 761
3 572 1242 1462
3 187 619 1313
3 322 187 994
3 994 572 1462
3 572 994 187
3 572 187 1313
3 691 1016 1157
3 572 1313 1242
3 370 1118 86
3 370 86 842
3 997 842 86
3 997 86 858
3 858 86 1232
3 1417 1295 1034
3 1422 1147 72
3 473 810 468
3 473 468 1227
3 473 1227 1464
3 468 1477 1227
3 1247 1421 996
3 844 1247 996
3 1171 680 489
3 423 1257 1213
3 1090 423 1340
3 1340 423 1213
3 1041 1340 1213
3 613 1090 1340
3 1546 613 1340
3 1340 1554 1546
3 1041 1554 1340
3 1124 1546 1432
3 1432 1546 213
3 213 1546 841
3 63 1432 498
3 1058 1432 63
3 841 498 213
3 213 498 1432
3 688 1432 1058
3 1584 1058 1106
3 623 688 1214
3 1162 255 1038
3 1038 255 1469
3 837 1038 1469
3 1567 93 837
3 1567 1524 1030
3 1045 449 1238
3 813 1238 449
3 1331 1045 1238
3 1331 1238 260
3 1312 1045 1331
3 1312 1331 1134
3 1312 1134 777
3 1288 850 1374
3 1542 645 37
3 1065 1130 403
3 1065 600 1237
3 600 1065 403
3 600 1159 1231
3 1048 1231 1159
3 1159 600 403
3 1421 1247 1159
3 1421 1159 1542
3 1493 1048 1247
3 844 1493 1247
3 170 1048 1493
3 1048 170 1231
3 1264 931 170
3 1264 170 1493
3 170 931 1231
3 1090 1174 423
3 423 1174 1257
3 688 623 1124
3 1432 688 1124
3 376 724 610
3 376 610 1162
3 1065 421 850
3 1130 1065 850
3 421 1065 1237
3 1018 1033 1519
3 1049 1018 1519
3 1532 963 1189
3 1028 1179 1450
3 1143 1028 1450
3 1360 1028 1143
3 689 1081 232
3 818 760 772
3 818 772 1384
3 964 1384 772
3 818 1303 760
3 601 772 760
3 772 601 964
3 420 770 783
3 1056 1218 214
3 321 253 434
3 253 321 214
3 665 760 1303
3 698 1023 475
3 698 475 1568
3 698 98 1251
3 698 1568 98
3 98 1568 818
3 407 1375 1251
3 1251 1375 1023
3 346 955 1282
3 1332 1566 764
3 81 1332 803
3 81 803 1460
3 1404 81 1460
3 81 1404 1566
3 81 1566 1332
3 85 330 770
3 770 420 1229
3 770 1229 85
3 1061 330 85
3 1061 510 330
3 253 1218 734
3 1322 734 1218
3 253 734 278
3 253 278 434
3 734 1322 274
3 1218 1056 1081
3 1081 1296 463
3 926 1377 1393
3 524 835 1286
3 1286 835 853
3 853 835 693
3 693 835 1523
3 524 1348 835
3 835 1348 1523
3 883 987 1369
3 883 310 987
3 860 987 1350
3 860 1369 987
3 453 202 855
3 453 992 202
3 992 453 1510
3 287 942 1404
3 69 287 1404
3 942 287 1553
3 1404 942 905
3 1467 1117 386
3 1467 386 1177
3 417 1177 386
3 1070 1345 1304
3 1449 1211 643
3 734 1518 278
3 278 1518 1449
3 1520 232 496
3 1322 1218 689
3 689 1218 1081
3 674 1329 1480
3 1480 1329 1438
3 1025 938 504
3 771 535 347
3 347 406 509
3 347 509 771
3 535 504 347
3 1216 406 1170
3 1170 406 204
3 753 1383 1239
3 218 1243 834
3 218 834 1207
3 218 1207 281
3 281 1350 218
3 218 1350 1243
3 310 202 878
3 992 878 202
3 1547 508 461
3 896 597 937
3 896 937 1177
3 1274 29 471
3 471 29 388
3 388 29 1036
3 43 792 428
3 428 792 1095
3 1285 1380 1077
3 1380 184 1077
3 1236 1308 670
3 1308 1236 1082
3 1478 985 1320
3 1478 1320 1513
3 1370 660 879
3 1370 879 1320
3 1370 1320 662
3 1320 879 111
3 1262 1349 1485
3 430 1485 1349
3 1485 480 286
3 1485 286 1262
3 1262 286 562
3 1179 480 1485
3 943 1267 566
3 566 1267 6
3 566 713 1080
3 1512 713 6
3 1144 535 771
3 1144 771 757
3 771 168 757
3 168 771 509
3 509 406 48
3 1216 48 406
3 595 721 48
3 595 48 1216
3 721 168 48
3 753 1037 1198
3 753 1198 224
3 753 224 1383
3 974 335 731
3 1445 14 84
3 1445 84 822
3 1445 65 14
3 14 1243 84
3 1243 338 508
3 1243 508 84
3 508 339 822
3 878 338 1243
3 624 139 128
3 624 128 1310
3 624 1310 1533
3 624 1533 1281
3 139 624 1281
3 866 1468 1474
3 128 1474 1468
3 1474 128 139
3 1474 139 1062
3 128 1468 1310
3 5 1533 1310
3 1105 1533 5
3 866 1474 1511
3 1511 1474 530
3 586 933 612
3 586 612 29
3 29 612 1036
3 612 933 537
3 537 1412 1407
3 537 933 1412
3 1012 1452 354
3 452 325 811
3 452 811 159
3 159 811 1452
3 159 1381 452
3 452 1381 325
3 1245 325 1381
3 1415 742 836
3 1415 836 1260
3 42 1236 742
3 742 1236 836
3 836 1236 246
3 836 246 1260
3 246 1236 659
3 670 659 1236
3 1236 42 1082
3 31 659 1278
3 31 1278 932
3 31 932 246
3 31 246 659
3 672 879 660
3 672 111 879
3 1577 1361 1100
3 1100 1398 1577
3 296 1349 1262
3 296 687 1349
3 1456 1349 687
3 351 790 847
3 351 1276 790
3 790 1276 235
3 1220 790 393
3 235 1276 1557
3 1328 847 1220
3 851 943 566
3 441 881 709
3 122 441 709
3 881 1080 709
3 1396 411 1080
3 709 411 323
3 709 323 694
3 709 694 122
3 694 1212 441
3 694 323 533
3 533 323 1093
3 667 411 1396
3 667 1396 61
3 956 673 1119
3 1119 673 448
3 664 1011 1305
3 664 1305 673
3 664 673 956
3 664 956 163
3 163 956 743
3 1011 664 1014
3 1011 1014 1031
3 163 1087 1014
3 163 1014 664
3 773 237 80
3 773 223 237
3 1069 80 237
3 1069 237 225
3 225 237 759
3 759 237 223
3 877 224 1198
3 877 1383 224
3 1383 877 466
3 1306 112 1040
3 297 265 94
3 1105 754 1533
3 754 194 1533
3 1533 194 1027
3 1468 758 5
3 5 758 1105
3 758 40 429
3 40 758 1468
3 175 980 186
3 186 980 334
3 186 1072 175
3 175 1072 1550
3 812 4 612
3 812 612 537
3 812 537 1407
3 612 4 1036
3 1072 814 83
3 83 814 1102
3 1407 344 10
3 814 10 1102
3 344 1102 10
3 1095 1109 710
3 710 1109 312
3 32 1371 1452
3 32 868 1371
3 988 33 258
3 33 379 257
3 33 257 258
3 988 379 33
3 315 257 230
3 379 230 257
3 108 315 230
3 988 258 564
3 738 564 258
3 921 796 154
3 796 300 154
3 921 154 1416
3 921 73 796
3 796 631 300
3 1416 154 300
3 1361 1577 932
3 733 142 1252
3 1447 899 342
3 1447 1552 332
3 1447 332 1435
3 342 1502 1447
3 637 1552 1447
3 1447 1502 637
3 682 676 1490
3 1557 1490 676
3 805 790 235
3 805 235 1557
3 805 393 790
3 925 483 512
3 483 925 1489
3 925 512 1330
3 1212 694 1248
3 395 1248 694
3 533 395 694
3 1411 269 939
3 939 269 1540
3 939 1517 1145
3 382 939 1145
3 382 1411 939
3 1411 389 269
3 1176 1540 389
3 389 1540 269
3 550 365 1300
3 550 1300 1379
3 1459 1305 1011
3 1397 1099 910
3 1397 1431 730
3 910 1431 1397
3 910 288 1431
3 1043 1431 1444
3 910 1099 755
3 759 223 36
3 36 1017 494
3 1017 36 223
3 1017 223 773
3 684 773 1205
3 1573 684 1205
3 1573 1205 1101
3 358 1190 617
3 617 1190 1335
3 1458 1306 1040
3 1306 1458 1496
3 861 219 1399
3 861 1399 1165
3 219 861 526
3 219 526 416
3 219 416 1399
3 945 1291 313
3 313 1291 1202
3 313 891 718
3 718 945 313
3 172 945 718
3 1053 1565 936
3 1102 825 1506
3 1465 1545 460
3 769 986 1504
3 1504 828 769
3 769 828 1545
3 1545 986 769
3 183 1472 242
3 1352 242 1261
3 657 908 1222
3 738 735 158
3 735 315 568
3 158 735 568
3 158 568 1235
3 1235 568 1173
3 158 1235 738
3 735 257 315
3 568 315 108
3 108 1173 568
3 123 513 234
3 123 234 593
3 234 1436 593
3 705 708 515
3 515 627 863
3 634 708 1199
3 634 1199 901
3 634 901 712
3 712 669 634
3 239 901 1365
3 1199 1365 901
3 712 729 103
3 669 712 249
3 249 712 103
3 249 103 892
3 343 1536 291
3 343 291 241
3 343 241 1365
3 241 291 1344
3 1344 728 8
3 8 728 892
3 8 892 486
3 332 419 1435
3 1435 419 1574
3 1552 309 91
3 748 1489 96
3 1455 516 925
3 832 1529 34
3 832 34 700
3 700 34 1225
3 1455 401 1225
3 658 832 700
3 658 1405 1453
3 1453 1405 655
3 1405 658 700
3 1405 700 401
3 53 1330 512
3 512 51 53
3 51 714 53
3 53 714 1330
3 110 553 852
3 1411 110 389
3 852 389 110
3 282 147 157
3 282 157 156
3 156 157 756
3 156 756 893
3 156 893 1047
3 156 1047 282
3 147 282 1423
3 157 147 110
3 157 110 756
3 365 704 924
3 365 1005 1300
3 1005 365 924
3 418 1491 356
3 418 356 1043
3 418 1206 1491
3 1444 288 910
3 910 755 800
3 910 800 1444
3 1573 24 684
3 1017 684 24
3 1161 24 1573
3 1569 336 1362
3 336 1325 1362
3 1496 1458 120
3 120 1458 1387
3 861 1378 1437
3 861 437 526
3 702 526 119
3 437 861 946
3 946 861 1437
3 946 1437 1092
3 1378 280 1437
3 1055 240 391
3 391 240 1337
3 976 1337 240
3 936 1565 1337
3 1337 1565 1500
3 1390 1402 1187
3 1187 171 1390
3 1390 179 1402
3 778 747 589
3 747 778 1488
3 897 747 1488
3 493 828 1418
3 1528 1420 968
3 1528 968 1001
3 890 298 1528
3 1528 298 863
3 863 298 1032
3 669 249 271
3 892 271 249
3 916 729 239
3 729 916 103
3 103 916 486
3 916 239 895
3 895 241 999
3 999 241 1344
3 999 1344 8
3 999 8 486
3 241 895 1365
3 1344 1283 728
3 728 1283 38
3 1344 291 1283
3 1283 291 1536
3 1504 387 1418
3 387 1504 1352
3 275 1562 1116
3 748 96 21
3 961 21 833
3 1253 961 833
3 833 21 96
3 1403 799 436
3 799 20 711
3 436 799 711
3 20 1253 711
3 487 1158 711
3 711 1158 436
3 1324 1427 1013
3 784 1324 1114
3 1114 1324 1013
3 349 1141 209
3 885 599 1451
3 1451 599 559
3 658 1453 832
3 832 1453 11
3 1405 401 763
3 1405 763 233
3 316 415 1249
3 1505 1057 1534
3 259 553 129
3 259 129 1583
3 1583 398 259
3 259 398 852
3 852 398 552
3 547 129 1423
3 1423 129 553
3 129 547 1583
3 1142 1356 821
3 1142 106 469
3 1210 1201 1501
3 1201 1210 882
3 446 882 944
3 609 1201 446
3 882 446 1201
3 556 957 151
3 1410 1509 957
3 151 957 1509
3 1355 1076 1543
3 318 201 1
3 490 1094 1154
3 1223 797 1209
3 894 876 726
3 726 876 1287
3 726 1287 196
3 726 196 578
3 1318 876 894
3 1494 578 196
3 894 1441 584
3 894 584 1318
3 584 1441 1086
3 602 119 437
3 602 437 946
3 602 946 1092
3 1092 1581 542
3 1500 289 1357
3 1402 1434 221
3 171 1187 815
3 171 815 1565
3 1488 549 1075
3 819 76 1526
3 1253 870 784
3 599 1088 559
3 209 1088 599
3 209 1141 1088
3 661 1457 695
3 661 695 290
3 1457 978 695
3 695 978 1273
3 1273 978 953
3 362 1241 779
3 779 706 525
3 268 1054 1146
3 359 649 1475
3 25 1563 649
3 649 1563 268
3 649 1112 1356
3 649 1356 25
3 161 127 425
3 127 161 71
3 161 903 71
3 127 71 307
3 1210 522 809
3 944 809 522
3 809 944 882
3 1210 744 1351
3 424 1210 1351
3 1509 1021 67
3 1509 1230 1021
3 576 1021 1230
3 1509 565 1230
3 1410 565 1509
3 565 1410 1570
3 957 1440 1051
3 1410 957 1051
3 1544 571 1316
3 1316 571 675
3 377 571 1544
3 765 1439 440
3 368 1104 1401
3 1439 1401 991
3 1439 991 440
3 440 991 1046
3 1219 368 1401
3 1219 1401 1439
3 1219 1439 501
3 1318 138 1024
3 1223 1318 1024
3 584 1086 1010
3 584 1010 1318
3 1441 578 1494
3 1441 1494 965
3 965 1086 1441
3 200 592 173
3 592 200 1503
3 173 592 450
3 681 1317 1353
3 681 1353 400
3 450 400 173
3 1353 173 400
3 173 1353 540
3 200 540 1208
3 1503 200 1208
3 1181 640 529
3 529 640 555
3 221 723 503
3 503 723 906
3 503 906 815
3 503 815 1187
3 503 1187 221
3 1530 880 966
3 1530 966 587
3 880 124 966
3 587 1323 1530
3 880 555 640
3 124 880 640
3 124 1314 203
3 124 203 966
3 966 203 587
3 1108 587 203
3 1530 1560 1060
3 555 1530 1060
3 529 555 1060
3 1155 248 1507
3 1507 248 1244
3 1364 1446 1244
3 1507 1244 1446
3 290 807 1364
3 1195 1446 1364
3 554 327 889
3 554 1572 327
3 327 1250 889
3 889 1250 1233
3 1250 327 1136
3 953 788 1273
3 1113 1525 950
3 950 1166 585
3 685 806 1366
3 1366 806 1150
3 381 1571 1246
3 1246 1571 907
3 907 1182 1366
3 685 1366 1182
3 425 1366 1150
3 685 1182 1091
3 26 1246 907
3 26 907 1366
3 26 1366 167
3 26 167 1246
3 167 1366 425
3 1132 874 381
3 902 1336 1172
3 982 89 228
3 982 228 68
3 89 982 1309
3 89 902 228
3 982 68 654
3 377 621 571
3 571 621 675
3 675 616 1570
3 1551 1570 616
3 462 960 1196
3 1224 563 1123
3 591 991 1401
3 591 1401 1104
3 991 591 1046
3 1024 138 1240
3 1240 138 1270
3 1270 138 1193
3 145 99 1010
3 145 1010 1086
3 1010 99 1193
3 1086 580 145
3 540 622 588
3 622 540 1353
3 540 588 1208
3 816 719 859
3 859 190 380
3 859 380 816
3 816 913 719
3 719 558 947
3 719 947 859
3 1338 1019 928
3 1338 1326 1019
3 392 1338 479
3 928 479 1338
3 1507 102 1155
3 1063 1354 633
3 1063 414 1354
3 838 1406 633
3 838 633 1354
3 1354 414 922
3 633 981 1063
3 981 633 1406
3 1578 900 922
3 922 900 838
3 1406 838 900
3 873 785 1454
3 1342 254 476
3 476 254 977
3 977 254 252
3 977 534 561
3 977 252 534
3 82 506 476
3 561 82 977
3 476 977 82
3 35 319 7
3 35 7 506
3 1175 585 725
3 1175 725 7
3 7 725 506
3 506 725 1137
3 725 585 854
3 1166 650 1140
3 1166 1140 638
3 650 1549 1140
3 1182 1461 1091
3 1461 1182 1571
3 1419 263 909
3 1419 909 539
3 539 909 1336
3 263 1172 909
3 909 1172 1336
3 875 169 1122
3 373 915 875
3 75 927 621
3 75 621 1196
3 621 927 616
3 621 616 675
3 1135 1487 182
3 182 1487 505
3 969 505 181
3 150 969 598
3 598 969 1394
3 181 1394 969
3 182 904 1135
3 904 182 969
3 904 969 150
3 150 1079 904
3 1135 1539 13
3 1487 13 1034
3 1034 13 1539
3 1034 1539 1521
3 983 607 1539
3 581 1294 607
3 636 1294 1186
3 1294 636 607
3 1414 397 1066
3 1066 397 839
3 1066 839 663
3 839 397 1127
3 143 1414 1066
3 959 1343 445
3 1217 913 1413
3 1413 1126 1217
3 1019 1326 1413
3 1019 1413 162
3 1019 162 816
3 644 1156 125
3 125 1326 644
3 1482 1326 125
3 1368 1297 353
3 422 1297 1368
3 579 27 632
3 27 579 1203
3 1203 900 27
3 27 900 250
3 27 250 632
3 1339 701 785
3 1341 785 701
3 679 830 920
3 830 252 920
3 920 252 254
3 920 254 1342
3 54 1342 1428
3 582 725 854
3 1137 725 206
3 582 206 725
3 518 277 1395
3 518 666 277
3 749 1426 651
3 651 520 749
3 749 1311 1426
3 177 651 1426
3 177 1426 136
3 177 136 374
3 374 136 1125
3 374 1125 1284
3 1311 1484 1426
3 136 1426 1484
3 136 1484 1125
3 1033 869 1519
3 1149 1015 546
3 691 1015 1149
3 546 1015 1221
3 279 546 41
3 1254 41 546
3 802 1006 1466
3 802 1466 100
3 802 62 1006
3 915 373 948
3 1035 948 780
3 1492 780 373
3 373 780 948
3 1487 628 505
3 505 628 181
3 181 628 1394
3 397 1414 105
3 397 105 1085
3 105 1414 1343
3 105 1343 514
3 514 1343 1039
3 1408 1171 1372
3 1554 405 1385
3 1541 1297 141
3 1541 141 846
3 198 846 686
3 686 141 647
3 686 647 1192
3 1297 647 141
3 198 1535 846
3 1052 846 1535
3 198 686 178
3 198 178 1535
3 686 1192 178
3 767 227 499
3 302 1341 781
3 1191 781 484
3 1341 126 781
3 484 781 126
3 840 1008 1000
3 1008 366 1000
3 970 208 1214
3 831 324 1424
3 1424 1272 831
3 831 1272 630
3 831 630 324
3 630 495 324
3 544 326 337
3 683 152 304
3 683 304 1020
3 1020 849 683
3 1020 544 849
3 544 337 849
3 683 849 294
3 683 294 152
3 1559 304 856
3 152 856 304
3 668 374 1284
3 222 177 668
3 668 177 374
3 1476 777 774
3 777 1476 1312
3 1476 774 217
3 144 867 272
3 144 272 795
3 862 144 795
3 795 911 862
3 862 1359 144
3 144 1359 867
3 912 1157 994
3 912 994 146
3 146 994 1462
3 1016 1255 1263
3 1016 1263 322
3 322 1263 193
3 1255 279 1263
3 1466 826 100
3 100 455 802
3 1234 619 826
3 1466 1234 826
3 455 826 619
3 1295 165 858
3 858 165 997
3 1147 165 1417
3 1417 165 1295
3 165 1147 997
3 997 1147 1389
3 1271 72 1417
3 1417 72 1147
3 1556 1227 1422
3 1422 1477 823
3 996 810 314
3 996 468 810
3 372 314 810
3 57 372 810
3 50 244 247
3 247 244 699
3 741 247 699
3 489 247 741
3 247 489 50
3 680 951 50
3 951 244 50
3 244 951 60
3 244 60 699
3 1554 1052 1546
3 1546 1052 841
3 1535 841 1052
3 1106 1058 1191
3 840 1106 1191
3 762 1469 15
3 1469 762 117
3 1214 762 15
3 762 160 117
3 117 1567 1469
3 750 527 56
3 56 410 962
3 56 962 750
3 216 1030 56
3 216 56 527
3 56 1030 410
3 216 527 677
3 677 527 1559
3 677 1559 813
3 216 677 1030
3 1559 856 1238
3 732 37 645
3 295 273 823
3 823 1542 295
3 823 273 1422
3 842 46 350
3 993 618 243
3 243 954 993
3 993 1359 761
3 993 761 912
3 993 912 618
3 618 1462 458
3 618 146 1462
3 146 618 912
3 618 458 243
3 243 458 511
3 370 954 511
3 690 370 511
3 690 511 458
3 458 1462 690
3 690 1462 1242
3 690 1242 1118
3 645 403 1130
3 951 680 844
3 314 951 844
3 1171 426 680
3 426 1171 1257
3 245 331 671
3 1546 671 613
3 671 1546 245
3 1124 245 1546
3 245 1124 270
3 245 270 293
3 245 293 331
3 610 95 1162
3 1162 95 623
3 837 971 1038
3 52 191 857
3 857 191 656
3 857 656 1277
3 545 857 1277
3 545 52 857
3 52 113 191
3 113 1430 191
3 191 1430 656
3 262 958 442
3 262 376 1163
3 262 1163 958
3 1430 442 1237
3 1414 143 1582
3 1414 1582 722
3 261 1534 1583
3 261 1583 547
3 688 1058 1584
3 688 1584 1214
