ply
format ascii 1.0
comment Generated by PyMesh
element vertex 7589
property float x
property float y
property float z
property float charge
property float hbond
property float hphob
property float iface
property float nx
property float ny
property float nz
element face 15186
property list uchar int vertex_indices
end_header
37.871 48.411 56.833 0.449869 0 4.2 0 -0.0289703 0.96295 0.26812
50.114 19.6 30.115 0.245096 0 1.9 0 0.665767 -0.352763 -0.657504
49.761 53.3375 42.868 3.66953 0 -1.6 0 -0.233281 -0.960682 0.150568
33.3555 56.6095 43.891 0.294933 -0.101062 -0.4 0 -0.206687 0.847591 0.488743
25.864 33.854 29.182 -1.34879 -0 -4.5 0 -0.195475 -0.88298 0.426775
27.3055 29.3365 39.347 -0.730532 -0.00340153 -3.46919 0 -0.0392358 -0.995167 -0.0900135
65.51 38.634 31.824 0.189088 0 -3.5 0 0.212678 -0.389173 -0.896277
54.752 41.526 53.672 0.293623 0 -3.5 0 0.578063 -0.747976 0.32615
65.9605 49.6375 18.4175 -0.91012 0 1.8 0 -0.237741 0.291563 -0.926537
39.679 56.5 56.792 0.547202 0 -0.7 0 -0.275794 0.961198 0.00606154
63.466 55.57 42.1985 -0.853715 -0.636802 -0.629731 0 0.784703 0.160967 0.598607
77.1485 59.2725 25.5285 -1.58142 -0.011346 -3.5 0 0.504568 0.224553 -0.833659
34.498 39.6175 14.9095 -0.012461 0 -3.5 0 -0.0817611 -0.530705 -0.843604
20.1235 31.085 25.6005 0.569597 0 -4.5 0 0.353944 -0.911701 -0.208628
79.1045 46.2555 35.223 -0.707242 -0.00354285 4.29064 0 -0.296861 0.337296 0.893367
46.7915 27.683 27.932 -0.640027 0 -4.5 0 0.206299 -0.802909 -0.559265
42.5925 30.5535 57.772 0.15376 0.00837062 -3.5 0 0.486559 0.4885 0.724312
63.301 37.6825 30.171 5.50427 0 -0.4 0 0.610763 -0.730199 -0.306233
44.182 22.1555 27.283 -1.7843 0 -3.5 0 0.0335156 -0.98576 -0.164784
42.4225 23.1445 25.517 -2.06322 -0.453322 -3.5 0 -0.0273101 -0.543604 -0.838897
35.405 21.7665 43.197 -0.567665 0 -1.3 0 -0.10187 -0.325518 -0.940032
25.162 21.7735 49.6953 0.0676699 0 -3.5 0 -0.851141 -0.499746 0.160663
63.695 36.0955 35.3385 1.15437 0.379629 -3.5 0 0.594337 -0.73889 -0.317497
61.5645 69.371 29.1425 0.443019 0.621137 -4.5 0 -0.109602 0.634789 -0.764872
34.322 60.9315 41.74 0.959362 0.470143 -0.487784 0 -0.558598 0.573024 0.599676
18.099 30.8 52.197 3.15709 0.0132625 -3.71974 0 -0.762652 -0.553384 -0.334856
61.122 68.4955 22.8805 0.0414043 0 1.8 0 0.255268 0.659203 -0.707312
33.258 55.058 21.932 0.316035 0 -3.2 0 0.371 0.744563 -0.554964
18.2235 39.1285 21.688 0.541719 0 -4.5 0 -0.971817 0.146858 0.184405
13.8385 45.5625 46.621 0.864218 0 -4.5 0 -0.412044 0.889296 0.198422
75.619 43.0595 32.983 -0.297276 0 4.5 0 -0.76454 -0.298276 0.571411
27.3275 54.914 51.8955 0.317178 0 1.8 0 -0.95601 0.289445 -0.0476151
59.8015 57.0765 19.0045 0.0413731 0 -0.7 0 -0.630876 0.32913 -0.702616
53.7605 31.1355 25.883 0.479292 0 -3.53893 0 -0.935877 0.333869 -0.112543
45.3565 17.12 54.4545 0.342946 0 -4.5 0 -0.00817677 0.732932 0.680252
51.138 50.929 62.709 1.00781 0 -4.5 0 0.399879 0.91108 -0.100146
56.5735 35.326 23.7175 0.926644 0 -4.5 0 -0.0556089 0.770577 -0.634916
34.2845 27.015 43.2135 -0.413083 -0.588489 4.21865 0 0.252447 -0.840856 -0.478781
30.728 29.1505 27.242 -1.40608 -0.869389 -0.4 0 -0.860687 0.287313 -0.420321
35.3735 35.0075 21.6675 -0.849328 0 1.65261 0 -0.961187 -0.269798 -0.0576969
65.3665 43.8455 21.0075 0.291962 0 3.8 0 -0.00202536 -0.475961 -0.879464
62.801 67.6815 31.4595 -0.185178 0 -4.5 0 0.706743 0.22799 0.669728
40.1165 17.341 52.2305 -0.852596 -0.788498 -3.48096 0 -0.262627 -0.262055 0.92863
31.0605 31.992 26.0295 -0.646703 0 -3.2 0 -0.917826 -0.280304 -0.281115
54.53 51.858 51.168 0.145495 -0.0118322 -4.5 0 0.638222 0.730116 0.244138
54.754 39.905 48.997 1.8633 0 -3.5 0 -0.543964 -0.414878 -0.729369
51.14 34.681 28.627 0.802842 0 -0.4 0 0.177691 -0.484636 -0.856478
56.833 41.813 26.155 0.647793 -0.14069 -1.6 0 -0.651919 -0.752482 -0.0936652
44.021 56.727 40.76 0.5069 0 -1.3 0 -0.100041 -0.373704 -0.922137
33.6705 25.41 31.943 0.500947 0 4.2 0 -0.79316 -0.602502 -0.0888203
29.447 41.221 53.3045 -0.0523051 0 -3.5 0 -0.331234 0.201919 0.92169
70.7955 58.3865 30.908 -0.646264 0 1.9 0 0.558519 -0.202628 0.804362
26.3095 50.532 24.874 -1.12439 0 -3.5 0 -0.898434 -0.437885 0.0327712
74.9235 46.5105 18.6335 -0.281063 0 1.8 0 0.737852 0.665673 -0.111598
50.245 47.898 63.968 0.400134 0 -4.5 0 -0.735894 -0.61058 0.292665
29.896 30.829 57.293 -0.831308 0 -0.8 0 0.155869 -0.987769 0.00423769
50.675 54.265 58.685 -0.379905 -0.990872 1.8 0 -0.496456 0.77072 0.399401
32.379 25.1705 37.5515 0.0210393 0 -1.6 0 -0.071812 -0.975728 -0.206875
42.5695 48.0915 27.3025 0.877057 0.0379228 -3.19504 0 -0.267448 -0.150097 -0.95181
57.937 63.277 19.6695 -0.0181561 0 -3.5 0 0.157799 0.0217723 -0.987231
50.756 37.213 27.734 1.03874 -0.648153 -1.3 0 0.346864 -0.611889 -0.710828
36.219 22.602 31.884 -0.202343 0 -4.5 0 -0.163913 -0.947542 0.274401
17.582 57.0345 43.4295 0.0330361 0 4.2 0 -0.526848 0.235377 -0.816718
23.285 34.005 19.707 0.940085 0 4.2 0 -0.35842 0.0686062 -0.931036
68.168 59.971 21.127 -0.16576 0 1.8 0 0.584533 -0.0281453 -0.810882
43.105 20.4155 52.1865 -0.0434156 0 -3.5 0 0.342792 0.0545167 0.937828
23.2565 41.895 25.48 0.295514 0 -1.26636 0 -0.430895 -0.0573864 -0.900575
58.074 39.241 38.065 0.93103 0 -1.6 0 0.491968 -0.5975 0.633215
24.278 51.355 28.1475 -0.0427127 0 4.2 0 -0.345757 0.667862 -0.6591
57.0545 52.8215 58.0215 -0.0631326 0 1.8 0 0.936499 -0.306021 -0.17123
66.5935 39.5285 44.183 -0.649329 0 -3.5 0 -0.458924 -0.759165 0.461581
28.0865 24.9535 39.545 -1.17223 -0.281412 -4.5 0 -0.530461 0.226218 -0.816968
13.3715 37.356 35.218 -0.0582636 0 -3.5 0 -0.414099 -0.881357 0.227446
64.276 50.331 18.0715 0.109849 0 1.8 0 0.388572 0.166576 -0.906236
69.7685 40.9125 30.541 -0.0788468 0 1.8 0 -0.0960659 -0.741639 0.663885
19.6605 50.084 45.318 0.798713 0.0726508 1.8 0 -0.637641 -0.416849 0.647804
57.685 45.863 44.427 0.0739269 0 2.8 0 0.983591 0.0208273 0.179208
71.008 36.4815 28.0265 0.0524485 0 -0.7 0 -0.0875553 -0.907548 0.410719
78.233 51.2305 36.9735 -0.000773881 0.53797 -4.5 0 0.045095 -0.198912 0.978979
54.744 28.6545 50.077 -0.218668 0 -3.5 0 0.673235 0.73923 0.0171485
52.7075 42.367 45.889 2.95609 0 2.71828 0 -0.0666311 -0.722023 0.688653
31.687 20.0405 44.767 -0.321849 0 -0.4 0 0.34374 -0.915503 -0.209039
55.449 54.148 48.175 0.647608 0 -4.5 0 0.296702 0.467167 0.832901
18.6625 27.202 44.0255 -0.507635 -0.622808 -3.85201 0 -0.540514 -0.825588 -0.162014
53.496 55.932 52.2765 0.143868 0 3.8 0 0.594745 0.499008 -0.630293
50.268 60.136 42.031 -0.0296241 -0.428885 -2.13232 0 -0.0563061 0.997318 0.0467587
43.723 18.326 35.633 0.211469 0 -1.78701 0 -0.0520453 -0.19181 -0.980051
16.47 36.579 51.662 0.395088 0 -4.43867 0 -0.300021 0.145633 0.942751
37.29 42.995 57.7355 -0.311066 0 0.99481 0 -0.257742 -0.125446 0.958036
60.3225 67.78 29.336 -0.0215689 0 -4.5 0 -0.668677 0.166062 -0.724772
64.322 48.576 46.032 -0.12294 0 -1.6 0 0.4482 0.204215 0.870295
75.751 47.941 33.41 -0.719558 0 2.5 0 -0.385473 -0.133628 0.912992
39.5705 39.6555 44.25 5.31661 0.153677 -3.61062 0 0.5509 0.561737 0.61722
17.4795 47.7455 36.0025 -0.702045 -0.494933 -3.5356 0 -0.850665 -0.158501 -0.501244
74.0255 49.631 30.831 -0.136189 0 2.22099 0 -0.500654 0.0538926 0.863968
17.97 40.4745 19.285 0.6798 0.541796 -4.5 0 -0.793373 0.585019 0.168263
29.6315 19.9815 43.64 -0.167564 -0.0631669 -3.91723 0 0.352773 -0.791504 -0.499071
57.154 42.702 48.0745 0.138139 0 -3.5 0 0.744459 0.652594 0.141077
57.521 36.541 41.5805 2.014 0.207108 -3.9 0 0.807275 0.589081 -0.0359161
44.055 41.157 59.9965 0.243367 0 -1.6 0 -0.622402 -0.48745 0.612379
25.085 52.0267 29.7302 0.0270624 0 4.2 0 -0.0962646 0.983956 -0.15021
48.886 14.844 51.119 0.444815 0.604834 -4.5 0 0.850724 -0.0747481 -0.52027
60.464 66.967 37.5415 -1.14203 -0.11617 -0.8 0 0.290719 0.889916 0.351472
45.8385 34.8585 55.001 0.89265 0.140113 3.11612 0 0.412047 0.43506 0.800587
46.168 42.358 43.8525 6.05776 0.0637167 -1.25629 0 -0.653917 -0.411892 0.634616
41.406 14.9875 37.5265 -1.1117 -0.73629 -3.5 0 -0.736595 -0.594684 0.322146
23.286 60.2795 43.5355 -0.732236 -0.21036 -0.7 0 -0.677717 0.498032 -0.540985
53.4185 50.194 22.942 0.00634476 0 3.8 0 0.248319 0.247557 -0.936511
58.084 68.3985 39.468 -0.380164 0 -4.5 0 0.347699 0.856659 -0.381104
34.732 27.309 19.107 -1.53649 -0.73452 -3.5 0 -0.56563 -0.823875 -0.0359434
75.959 44.094 33.6225 -0.332417 0 4.5 0 -0.837578 0.0306209 0.545458
48.2105 63.5495 49.617 0.195891 0 -1.6 0 0.672122 0.739008 -0.0460328
62.86 48.6005 19.0625 0.237004 0 1.8 0 -0.268624 -0.842517 -0.466912
53.503 53.4845 60.1295 -0.198211 0 1.8 0 -0.0372668 0.155942 0.987063
29.998 57.007 22.5535 0.13159 0 -3.2 0 0.151236 0.860709 -0.486115
56.4445 20.3215 32.3825 0.107488 0 -3.9 0 0.809562 0.253579 -0.52944
54.2585 14.647 42.3965 -0.504478 -0.0119422 -3.5 0 0.133459 -0.975149 -0.176843
66.1105 45.003 44.231 -0.342327 -0.48495 -3.5 0 0.169202 0.109418 0.979489
41.19 42.0995 61.185 0.189413 0 -0.8 0 -0.0489586 -0.249723 0.967079
81.184 46.313 24.395 -0.336389 0 3.8 0 0.71481 0.102182 -0.691813
35.7 46.055 44.956 6.21153 0.828337 -3.5 0 0.743631 0.534197 -0.402052
63.384 52.675 44.154 -0.401915 -0.445789 -1.6 0 0.640786 0.0798876 0.763552
30.0545 27.384 30.9665 -0.101638 0 -0.4 0 -0.833679 -0.348678 0.428254
59.0995 40.02 50.689 -0.230201 0 -3.5 0 0.981756 0.180824 -0.0588099
71.0075 32.856 38.915 0.392485 0.527714 -4.5 0 0.538567 -0.654563 -0.530559
47.691 44.521 44.088 4.49098 0 -0.7 0 -0.429462 0.903085 8.54809e-05
44.224 29.689 20.809 -1.36782 -0.862519 -3.5 0 0.527276 -0.825384 0.201795
28.279 43.808 23.129 0.390646 0 3.8 0 -0.447544 0.717706 -0.533482
44.916 36.594 21.87 0.183966 0 3.8 0 0.965953 -0.192439 -0.172921
29.841 19.27 44.488 -0.740457 -0 -3.5 0 0.222627 -0.877679 -0.424402
24.069 32.991 32.659 -0.461027 0 -4.5 0 0.187378 -0.837278 -0.513668
75.865 36.4085 14.8235 -0.707784 0 -3.5 0 -0.200212 -0.879164 -0.432418
44.216 53.4285 29.795 -0.380133 0 -3.5 0 0.838758 0.447744 -0.309856
85.407 52.295 27.812 -1.1606 0 -3.5 0 0.959423 0.281032 -0.0229982
37.686 15.582 43.257 0.515952 0 -4.5 0 -0.489781 -0.19453 -0.849866
58.4637 58.2357 20.6052 -0.0793019 0 1.8 0 0.111178 0.0492276 -0.99258
16.599 47.7147 36.6828 -0.303768 -0.643044 -3.52244 0 -0.528594 -0.0173567 -0.848697
23.138 50.2803 31.193 -0.197043 0 4.2 0 -0.800166 0.581053 -0.148699
58.537 67.0125 31.2115 0.513684 0 -4.5 0 -0.721394 0.528555 -0.44746
61.9188 40.5785 26.4145 1.77354 0 -4.5 0 0.771126 -0.500333 0.39374
64.4519 57.399 41.684 -0.32379 0 3.8 0 0.83515 -0.274732 0.476495
62.3035 60.5275 39.351 -0.0735053 0 3.8 0 0.622814 0.723819 -0.296967
51.77 13.53 42.636 0.00720972 0 -0.4 0 0.567354 -0.623153 0.538322
44.637 30.4202 23.1667 -0.926559 -0.396571 -3.5 0 0.557181 -0.700346 -0.446167
49.9835 20.5117 28.1268 0.47444 0 -3.5 0 0.691318 -0.699374 -0.181538
37.9053 21.0352 42.003 -0.431272 0 4.5 0 -0.766821 -0.465586 -0.441831
38.5643 52.8577 54.6932 0.615469 0 -0.7 0 -0.794353 -0.545669 -0.266923
54.7217 59.6815 44.038 -0.136811 0 -3.5 0 0.673922 0.490596 0.552399
49.6217 17.891 32.0225 0.236324 0 1.9 0 -0.0267278 -0.816984 -0.576041
65.7022 58.1235 31.5575 -1.3469 0 3.8 0 0.64768 0.309994 0.695998
37.038 46.0355 18.116 0.648945 0 -4.5 0 -0.327705 -0.349016 -0.877951
48.5508 58.5425 48.5578 0.755584 0 -1.6 0 0.717853 -0.286961 -0.634304
59.1355 45.9712 42.8792 -0.632884 -0.618759 2.8 0 0.396322 0.268061 0.878107
39.9777 23.2738 31.76 0.603472 0 4.2 0 0.00196724 -0.777256 -0.629182
25.769 50.209 54.1025 0.342901 0 -0.4 0 -0.579045 0.204725 0.789173
68.1565 48.5855 35.8615 -0.266653 0 2.8 0 0.956314 0.229009 0.181708
40.302 30.9755 19.9335 -0.412724 0 -3.5 0 0.0146033 -0.31367 -0.94942
56.9017 25.2208 36.1707 -1.27052 0 -4.5 0 0.437695 -0.590784 -0.677789
78.88 41.4095 20.4865 -0.233445 0 1.8 0 0.635353 0.17001 0.753275
57.1155 39.3905 26.4095 1.52896 0.478476 1.8 0 -0.806118 0.2271 -0.546443
47.9025 54.5228 30.6103 0.544499 0 -4.5 0 -0.921689 0.381148 0.0722178
51.9995 48.2995 35.0055 2.52697 0 1.8 0 0.59159 -0.805983 0.0203058
56.5115 43.967 24.8235 0.668488 -0.246366 3.63671 0 0.748027 -0.0818912 -0.658596
64.4575 43.2495 44.5462 -0.486986 -0.0294677 -2.68376 0 0.0214927 -0.118438 0.992729
44.078 26.3652 27.4088 -0.492345 0 -4.5 0 0.241129 -0.115015 -0.963654
60.4685 66.6395 35.5085 -0.282705 -0.303701 -0.8 0 0.358478 0.921822 -0.147437
57.4767 52.5192 20.437 0.182907 0 1.8 0 -0.391287 -0.131595 -0.910811
57.823 50.213 36.8295 2.14166 0 3.8 0 -0.577765 -0.510471 -0.636873
40.518 41.724 47.8555 5.22888 0 -3.5 0 0.659462 -0.0744757 -0.748039
54.48 58.2075 45.9715 0.0957046 0 -3.5 0 0.568256 0.295842 0.76783
63.11 40.836 29.9335 0.623635 0 -0.4 0 0.966047 -0.25834 0.00377699
67.5755 56.81 31.806 -0.565784 0 3.8 0 -0.254476 0.80446 0.536736
41.9823 55.915 56.7305 0.330741 -0.0985693 -0.7 0 0.315707 0.775204 0.547163
21.187 31.338 23.813 0.464869 0 -4.5 0 0.216815 -0.898456 0.381796
62.66 36.985 32.931 1.27667 0.0412904 -3.5 0 -0.480032 -0.876442 -0.0376602
29.304 31.2735 32.284 -0.437486 0 1.8 0 -0.675891 -0.683205 -0.276411
21.162 49.1975 46.462 0.324447 0 1.8 0 -0.619704 -0.00373319 0.784826
42.458 46.89 26.9965 1.21117 0.594315 4.2 0 -0.252594 0.37389 -0.892414
21.7395 32.422 59.77 -0.426719 -0.176314 -3.5 0 -0.987954 -0.149639 0.0394347
17.0551 52.063 36.2801 -1.14457 0 -3.5 0 -0.65357 0.665439 -0.360606
46.2365 28.1065 26.101 -0.0275893 0 -4.5 0 0.0647775 -0.792523 -0.606392
11.4345 39.8065 36.0325 -0.370602 -0.172918 -3.5 0 -0.928711 -0.3307 0.167731
34.0373 32.0315 58.259 1.58383 0.781769 -3.9 0 0.301471 -0.174029 0.937459
58.0177 33.3457 29.5435 1.29902 0 2.8 0 0.514957 0.414346 0.750424
32.112 61.259 39.6495 0.423946 0 -3.5 0 -0.463603 0.811177 0.35646
25.861 51.8785 50.978 0.0337339 -0.301835 0.499748 0 -0.914301 0.403931 -0.0298899
42.437 39.809 18.208 0.287035 0 -3.9 0 0.622139 -0.63875 -0.452704
38.7655 30.41 18.7765 -0.222269 0 -3.5 0 0.859137 0.0175359 -0.511446
24.5798 27.4858 43.6535 -0.111717 0 -2.10377 0 0.0421489 -0.251207 -0.967015
35.0235 60.1005 43.8363 0.878106 0 -0.4 0 -0.876284 0.375367 0.302038
79.443 54.3125 23.466 -1.92499 -0.586233 -3.5 0 0.758575 0.643205 -0.104173
59.1565 22.6653 38.8952 0.00957784 0 1.8 0 0.989571 -0.143038 0.0170256
46.1007 41.8855 47.4118 5.81967 0.474971 -0.419769 0 -0.445029 -0.385067 -0.8085
18.1765 43.0298 46.0322 0.998742 0 -4.5 0 0.233618 0.97164 0.0365801
58.052 34.6268 29.0925 1.18479 0.329477 2.75151 0 0.181821 0.258936 0.948627
20.7575 41.447 20.7588 0.938491 0 -4.5 0 0.143309 0.946074 0.290527
61.3963 28.4293 37.7697 0.663556 0.604145 -4.5 0 0.65992 -0.50329 0.557858
37.775 13.81 50.004 0.145457 0 -4.5 0 -0.671488 -0.585839 0.453758
46.763 48.6125 59.6275 -0.00715508 0 -4.5 0 0.0456036 0.0831212 0.995495
54.9808 51.3908 52.0115 0.0920456 0 -1.6 0 0.444569 0.885988 0.131849
37.4125 60.481 38.427 0.448821 0 -3.5 0 0.595566 -0.0465207 -0.801958
61.4487 39.5942 26.873 1.08789 0 -4.5 0 0.930805 -0.0508256 0.361964
53.1245 57.456 34.3 0.768163 0 3.8 0 -0.595833 0.300505 0.744768
51.9015 59.3167 26.3512 -0.522829 -0.0374277 -0.4 0 -0.697854 0.605713 -0.382245
85.1205 52.926 26.2105 -1.74258 -0.00806839 -3.5 0 0.880384 0.347839 -0.322385
66.285 42.953 32.295 -2.14275 -0.999778 -3.5 0 0.905861 -0.401257 0.135683
21.2825 44.7755 47.475 -0.160267 0 3.8 0 -0.903714 0.262858 -0.337945
53.3065 44.407 34.538 2.30244 0 -1.6 0 -0.324096 0.9196 0.222032
52.1673 28.7537 51.2118 0.154113 0.332098 -3.5 0 -0.204107 0.419267 0.884622
55.17 36.654 26.631 0.872455 0 1.8 0 -0.959885 -0.22223 -0.170979
53.256 17.819 31.9445 2.49373 0.0711917 -3.9 0 -0.417406 -0.408703 -0.811624
16.9015 35.163 28.475 -1.11149 -0.0350964 -3.5 0 -0.714606 -0.687953 -0.126724
14.343 33.354 46.3805 -0.962414 -0.634007 -3.5 0 -0.942502 0.323058 -0.0855794
62.0765 46.8208 45.2762 -0.0277102 0 -1.6 0 -0.505535 -0.28068 0.815876
45.8582 63.8543 45.0392 0.26834 0 -4.5 0 0.383702 0.900279 -0.205596
59.131 39.2267 24.1155 1.12462 0 -4.5 0 -0.793162 -0.421948 -0.439152
24.9142 43.563 53.8802 -0.000519858 0 -0.8 0 -0.0566358 -0.602549 0.79607
57.6555 49.0365 57.3895 -0.803143 0 -3.5 0 0.281507 0.661645 0.694967
37.4092 30.6135 25.0597 -0.336149 0 -0.7 0 -0.481509 -0.789729 -0.380102
58.6717 40.265 52.4958 0.487736 0.808827 -3.5 0 0.683394 0.150237 0.714423
60.9815 65.311 27.5985 -0.286155 -0.959078 -0.8 0 -0.919962 0.391628 -0.0172536
79.514 41.851 33.493 -0.257663 0 4.5 0 0.379339 -0.837501 0.393312
46.4048 15.1675 40.4287 0.0389998 0 2.8 0 -0.470246 -0.85725 0.209739
31.7785 39.6847 17.537 -0.115213 -0.128571 -3.5 0 -0.59951 -0.565161 0.566729
26.2825 57.6895 40.6917 0.505396 0 -3.5 0 -0.464822 0.771335 -0.434722
40.5255 49.531 46.492 5.00431 -0.903934 -3.5 0 -0.661104 -0.446036 -0.603319
23.126 47.1398 50.8018 -0.701032 -0.820114 -1.4268 0 -0.283081 0.952168 0.115069
46.6855 13.625 52.352 -0.193966 0 -4.5 0 -0.271367 -0.96245 -0.00702035
48.01 23.177 24.906 -1.03464 -0 -3.5 0 -0.0968384 0.799562 -0.592725
43.919 39.9323 47.8565 5.40906 0 3.71457 0 -0.27513 0.57828 -0.768046
27.9398 35.4715 28.0805 -0.914729 0 -4.06523 0 0.614826 -0.197183 -0.763615
29.049 59.737 48.978 0.927618 0 -3.9 0 -0.764409 -0.172082 0.621343
39.2815 61.6894 50.3036 0.684398 0 -1.6 0 -0.0939796 -0.36743 0.925291
45.7567 16.4772 44.9995 0.396902 0 2.8 0 0.0108309 -0.834968 0.550192
31.3905 41.381 24.0825 -0.471246 0 3.8 0 0.46949 -0.712752 -0.521119
28.2652 32.581 61.1992 0.351416 0 -0.863906 0 -0.46546 -0.0821949 0.881244
50.4798 40.4613 48.7668 3.67371 0 -0.4 0 0.575305 -0.302827 -0.759816
50.6087 20.5912 46.9445 -0.352243 -0.247194 -3.5 0 -0.0409167 0.335956 0.940989
50.699 43.82 62.74 0.670988 0 -0.020657 0 -0.380001 0.766903 0.517164
36.708 17.8123 43.6963 0.362221 0 -4.5 0 -0.893222 -0.108552 -0.436316
59.8312 67.9805 32.4525 1.03792 0.0506868 -4.5 0 -0.265469 0.732668 0.626677
19.2857 33.9202 20.079 0.820873 0.802613 -4.5 0 -0.237611 0.604831 -0.760079
39.2629 57.6113 38.8609 0.865956 0 -3.5 0 0.190943 0.610049 -0.769013
84.6568 42.7745 30.4083 -0.232133 0 -0.4 0 0.988763 -0.147562 -0.0239345
47.2795 58.158 56.7175 -1.51342 -0.294041 -3.5 0 -0.200845 0.767106 0.609269
18.028 58.9798 44.0117 0.0180722 0 4.2 0 -0.403894 0.651318 -0.642382
35.239 47.597 43.941 6.27155 0.115932 -3.5 0 0.987754 -0.0937722 0.124692
56.6315 22.2855 32.4505 -1.63198 -0.0568756 -3.5 0 0.998777 -0.0410042 -0.0276266
15.5507 38.8577 27.6712 0.0927711 0 -0.4 0 -0.916076 0.170357 -0.363019
40.8095 43.915 17.539 0.82761 0 -3.9 0 -0.222919 0.863285 -0.452821
16.4223 29.0995 44.1505 -0.42175 -0.473499 -3.5 0 -0.724908 -0.668306 -0.16696
24.7035 29.722 35.4105 -1.74688 -0.187377 -3.5 0 -0.584251 -0.801191 -0.129396
40.8898 53.972 27.5637 0.428225 0 -3.5 0 0.678282 0.347816 -0.647269
29.9375 29.3934 31.6525 -0.223997 0 3.8 0 -0.99415 -0.0620855 0.0883839
38.644 51.463 52.491 0.0866523 0 -0.4 0 -0.644701 0.0385149 0.763464
76.8363 51.4572 23.0165 -2.14451 -0.0511148 -3.5 0 -0.766404 -0.0685892 -0.638687
76.088 45.1548 32.7323 -0.447694 0 4.5 0 -0.769298 0.290528 0.569011
56.5438 59.9115 40.8828 -0.143785 0 3.8 0 -0.440296 0.827205 0.349101
21.8945 34.3423 20.1525 1.26947 0 -4.5 0 -0.245945 0.367075 -0.897088
56.5788 27.1842 21.0898 0.44945 0.496283 -3.5 0 0.354148 -0.727865 -0.58719
73.8765 36.913 20.6025 -0.76069 0 -3.5 0 0.505874 -0.635877 -0.582883
47.5498 56.4352 44.6538 1.14986 0 -3.5 0 0.499117 0.644723 0.578977
14.6962 40.8075 33.4195 -0.00431863 0 -3.5 0 -0.279067 0.305659 -0.910326
35.001 23 32.96 -0.79891 -0.0349856 -4.5 0 -0.716985 -0.629229 0.300006
13.579 37.4555 42.498 -0.0386907 0 -0.7 0 -0.716907 0.00105287 0.697168
39.1903 55.662 51.5938 1.22637 0 -4.5 0 -0.88778 0.0767786 0.453819
50.72 47.312 62.885 0.681864 0 -4.5 0 -0.561449 -0.739041 0.37228
42.2537 16.1525 40.9 -1.52849 -0.746422 -3.5 0 -0.210323 -0.976203 0.0528352
58.9603 39.9357 23.2498 0.821921 0 -4.5 0 -0.869807 -0.420653 -0.257849
78.3631 52.5224 22.0656 -1.94139 -0.316063 -3.5 0 0.0195152 -0.11922 -0.992676
34.909 65.0105 40.726 -1.20022 -0.0576392 -3.5 0 -0.967115 0.220061 0.127525
38.343 43.7425 43.227 6.68084 0.788977 -3.9 0 0.237186 0.941625 0.238924
45.5592 45.428 62.2482 -0.443766 -0.0522905 -4.5 0 0.302268 0.355948 0.884271
23.685 59.142 35.756 0.302218 0 -3.9 0 -0.529252 0.617129 0.582275
57.4845 40.5088 28.6458 -0.0950838 0 -1.6 0 -0.692714 -0.35078 0.630159
53.317 52.798 54.4065 0.364513 0 3.8 0 0.98645 -0.157759 -0.0450397
17.9452 51.0358 33.9328 -0.798501 -0.0651238 -3.9398 0 -0.287985 0.808434 -0.513321
67.4425 40.1043 38.2202 0.332146 0 0.583847 0 0.961266 0.238966 -0.137341
33.891 22.827 30.4285 0.298172 0.127981 -4.5 0 -0.704832 -0.568172 0.424726
21.815 49.9723 46.6445 0.418774 0 1.8 0 -0.321738 0.330722 0.887191
47.71 53.9955 62.3855 0.184487 0 -0.8 0 0.446189 0.72085 0.530369
61.372 61.733 40.058 0.0562037 0 -4.5 0 0.954746 0.179893 -0.23685
35.8095 25.718 25.5555 0.647793 0.482345 -4.5 0 0.211553 -0.146624 -0.966306
74.82 36.7388 14.6202 -0.394631 0 -3.5 0 -0.296696 -0.847353 -0.440413
58.5298 46.5075 34.1437 2.57956 0 -1.3 0 -0.752171 0.658714 0.0183156
41.51 22.7665 32.0397 -0.76504 0 4.2 0 -0.209362 -0.783036 -0.585681
65.9053 40.2402 44.4405 -0.378838 0 -3.5 0 -0.401812 -0.545081 0.735822
29.5723 57.3975 29.6192 0.443789 0 -0.8 0 -0.126728 0.931633 0.340588
33.2166 45.2056 55.9439 0.953407 0 -4.5 0 -0.539502 -0.60335 0.587287
54.8382 16.7687 44.7707 -0.408007 0 -3.5 0 0.137675 -0.331098 0.933499
82.2 50.4982 32.2668 -1.21744 0 -3.5 0 0.744546 0.666438 0.0388822
53.3903 27.0037 51.6792 -0.119257 0 -3.5 0 -0.0246121 -0.503542 0.86362
61.2145 42.777 45.8615 0.0156351 0 -0.9 0 0.714204 0.352403 0.604752
18.279 34.5655 29.7908 -0.0772738 0 -3.5 0 -0.193304 -0.930336 -0.311623
54.1343 40.2575 32.5355 1.45156 0 0.954089 0 0.683557 -0.41593 -0.599793
51.0858 55.112 25.0868 0.174418 0 3.8 0 -0.793278 0.607526 0.040275
67.3011 37.5489 33.2754 -1.43283 -0.372429 -3.5 0 0.0943123 -0.806936 -0.58306
58.2185 62.3995 20.132 -0.0203125 0 -3.5 0 0.339944 -0.436465 -0.833029
24.248 45.729 26.066 -0.265637 -0.238466 -4.38892 0 -0.367844 0.515604 -0.77385
66.401 50.455 41.949 -1.08005 -0.887052 -0.7 0 0.703976 -0.322345 0.63286
59.2122 28.3218 40.2295 -0.0122618 0 -3.5 0 0.829445 -0.534707 0.161582
25.468 21.762 46.539 0.21035 -0.740171 -3.71569 0 -0.906152 -0.125385 0.40394
56.486 28.141 20.503 0.422721 0.421236 -3.5 0 0.492744 -0.0670015 -0.867591
45.2905 43.3795 63.2985 -0.657843 -0.287591 -4.5 0 -0.299365 -0.0534116 0.952642
27.901 38.1143 60.348 0.349476 0 -0.7 0 -0.802957 0.581192 0.132198
70.84 38.0327 20.068 -1.18415 -0.77663 -3.5 0 -0.624648 -0.0517548 -0.77919
54.4268 64.4417 27.528 -0.746416 -0.0054974 -0.4 0 -0.538672 0.507024 0.672873
65.1775 57.4075 39.2735 -0.452518 0 3.8 0 0.93728 0.345708 -0.0446222
39.1905 26.385 54.728 0.388668 0 -4.5 0 -0.580977 0.170774 0.795803
56.996 65.195 27.524 0.0333201 0 3.8 0 0.117832 0.983169 -0.139622
43.964 22.0023 29.381 -0.53511 0 -3.5 0 -0.288139 -0.957304 -0.0233626
56.021 52.833 21.705 0.160914 0 1.8 0 -0.835261 0.136266 -0.532702
48.341 53.294 27.94 0.669 0 -4.5 0 -0.463194 0.828535 -0.314612
63.2695 57.5298 44.549 -1.17733 0 -0.4 0 0.97174 0.0965811 0.215392
26.2856 52.9489 51.3018 -0.991367 -0.118477 1.8 0 -0.842126 0.536667 0.0530263
66.0025 36.064 41.448 0.335758 0 -4.5 0 -0.59583 -0.31041 0.740697
18.9287 34.0955 28.2577 0.166898 0 -4.5 0 -0.633359 -0.549667 0.544723
68.412 38.4398 27.8358 0.984415 0.0676645 -0.7 0 -0.785538 -0.606812 0.12128
77.1335 45.5985 22.1623 -0.360294 0 1.98172 0 0.218234 0.596504 -0.772371
54.149 34.9157 52.1815 1.5993 0.534108 -3.9 0 0.653417 -0.602782 0.45793
55.2523 65.8835 40.4145 -2.79174 -0.69253 1.50153 0 -0.79214 0.326236 0.515833
58.0721 50.9964 22.0014 0.294852 0 1.8 0 0.0554833 -0.797673 -0.600533
29.0233 29.168 37.1335 -1.49993 -0.913105 -3.5 0 -0.297129 -0.75761 -0.581154
17.3905 47.218 34.306 -0.739263 0 -4.03741 0 -0.769783 0.100507 0.630343
37.1335 28.4695 18.454 -1.18053 -0.0129834 -3.5 0 0.436723 -0.713325 -0.548124
26.647 36.071 25.871 -0.047993 0 -4.5 0 0.937977 -0.346672 0.00420018
69.9615 42.2765 17.096 0.0515978 0 1.8 0 -0.0781263 -0.018668 -0.996769
29.8569 43.1271 19.047 -0.0130892 0 -3.5 0 -0.768953 -0.0868629 -0.633376
40.7995 26.6995 56.7185 0.0430629 0 -3.5 0 -0.656022 -0.67273 0.342155
45.1545 39.051 58.8635 0.334832 0 -1.6 0 -0.33808 -0.938246 0.0734568
53.004 51.315 45.597 4.26437 0 -4.5 0 -0.516616 -0.592473 -0.61813
22.9275 37.8143 54.297 0.20472 0.317469 -3.9 0 0.328502 0.0671517 0.942113
29.616 59.77 44.366 0.562055 0 -3.9 0 0.40988 0.686996 -0.600029
39.7235 42.2033 47.0868 5.8421 0 -3.5 0 0.717322 -0.0293232 -0.696124
45.938 37.7098 44.5508 5.70905 0.616163 0.444987 0 0.200799 0.970005 0.137001
53.1958 21.2062 46.9453 0.136572 0 -3.5 0 0.515609 0.149804 0.843627
25.6087 50.3192 26.7945 -0.274348 0 3.83015 0 -0.732268 0.0899101 -0.675055
49.529 17.887 47.622 0.442304 0 -4.5 0 0.673443 -0.250506 0.695501
66.302 58.465 35.133 -0.687933 0 -3.5 0 0.636727 0.763322 -0.109176
66.147 38.8078 20.607 0.635623 0.380024 -4.5 0 0.354349 -0.710784 -0.607637
40.6455 58.4922 51.062 0.980739 0.131619 -4.5 0 -0.624024 0.742095 0.244724
42.3259 49.7765 45.4559 5.13435 0 -3.5 0 -0.141978 -0.378768 -0.914536
33.9709 36.761 25.7409 -2.39818 -0.115141 -3.5 0 -0.16399 0.724275 -0.669726
15.858 41.0745 43.0875 -0.877775 0 -4.5 0 -0.923218 0.112892 -0.36732
70.4457 48.4072 18.1922 0.31173 0 1.8 0 0.722652 0.522355 -0.452681
43.2617 60.4805 39.045 1.30671 0.651259 -4.5 0 -0.737042 0.0958843 -0.66901
53.585 54.6878 52.2207 0.189585 0 3.8 0 0.803952 0.0650074 -0.591131
15.8815 36.6707 34.4362 -0.247935 0 -3.5 0 -0.58565 -0.802275 0.115622
53.3065 52.8128 43.054 3.87298 0.451025 -4.15126 0 -0.286535 -0.932505 -0.219847
46.733 56.383 45.783 1.34146 0 4.2 0 0.74597 0.66532 0.0296381
51.0865 54.884 48.809 0.600808 0 2.60135 0 0.43577 0.771657 0.463303
55.4757 41.7028 47.9912 2.26381 0 -3.5 0 -0.486534 -0.380871 -0.786271
13.349 42.7275 45.7985 0.854979 0 -4.5 0 -0.774858 -0.492341 -0.396479
37.5545 29.087 21.6677 -0.844816 -0.767549 -3.5 0 -0.312997 -0.867528 0.386561
35.6545 25.488 43.812 -0.868503 -0.000213548 -1.29829 0 -0.511344 -0.0491722 -0.857968
36.347 27.6143 54.3628 0.176296 0 -3.5 0 0.444349 -0.479923 0.756457
49.1655 51.0785 23.0655 0.152717 0 3.8 0 -0.690865 -0.070964 -0.719493
32.981 43.4442 16.293 0.55718 0 -3.5 0 -0.229103 0.932199 -0.280207
31.653 40.081 25.791 -0.483787 0 3.8 0 0.168743 -0.809086 -0.562944
54.7998 47.9723 44.8885 3.2341 0 -3.5 0 -0.837016 0.444435 0.31919
38.724 64.71 47.919 0.344133 0 -1.6 0 -0.685123 0.723333 -0.0860006
58.0515 36.1317 35.266 -0.270085 0 -1.6 0 0.567798 -0.414712 -0.711069
42.224 49.7808 40.805 4.4581 -0.607127 -1.36252 0 0.399683 0.0269158 0.916258
45.6283 24.8065 28.0047 -0.619537 0 -3.5 0 0.612953 0.402366 -0.679993
33.133 25.316 33.5475 0.283381 0 4.2 0 -0.719731 -0.665538 0.197602
16.1075 53.3937 42.654 -0.295981 0 -3.5 0 -0.800041 0.586222 0.127586
60.2323 34.209 24.1667 1.20493 0 -4.5 0 0.518418 0.762647 -0.386797
58.345 25.882 34.386 0.0153466 0 -4.5 0 0.257369 -0.895334 -0.363509
61.1888 50.8138 19.1712 0.211332 0 1.8 0 -0.759798 0.304919 -0.574223
50.787 17.9 32.134 0.170523 0 1.9 0 0.103697 -0.902713 -0.417559
54.577 62.1705 33.9055 0.282133 0 3.8 0 0.075161 0.0379138 -0.99645
52.7152 21.25 29.6375 -0.0740812 0 -0.8 0 0.523206 -0.851608 -0.0319205
59.294 46.6917 24.04 0.326692 0 4.5 0 -0.670591 -0.596652 -0.440811
35.603 18.703 49.164 0.425898 0 -3.2 0 -0.891511 -0.416739 -0.177584
53.5395 37.5062 50.168 3.43114 0 -3.9 0 -0.273103 -0.19598 -0.94181
51.9115 63.11 26.5 0.0915216 0 -0.4 0 -0.896 0.401584 0.189512
51.9977 42.9027 57.7912 -0.400644 0 3.8 0 0.24206 -0.969938 0.0250308
25.51 56.866 47.4085 -0.645346 -0.301657 -3.9 0 -0.508952 -0.253282 0.822689
31.4795 60.6387 45.6867 0.756592 0 -3.9 0 0.365285 0.490023 -0.791482
54.1377 41.578 30.3143 1.26639 0 1.9 0 0.730743 -0.657543 -0.183446
44.0973 35.4478 22.0537 0.0770321 0 3.8 0 0.70043 -0.382666 -0.602465
40.1592 42.0158 60.765 0.127337 0 -0.8 0 -0.552241 -0.280929 0.784926
23.0193 30.6445 57.7982 -0.077102 0.103662 -3.5 0 -0.685723 -0.634465 -0.356705
19.326 33.6357 31.1397 -1.61275 0 -3.5 0 -0.0960751 -0.86565 -0.491345
21.8487 58.5653 32.823 1.5379 0.507509 -3.9 0 -0.788507 0.596884 -0.148277
23.562 20.9105 43.6375 0.523664 0.704255 -4.5 0 -0.692512 0.489331 -0.530078
52.7422 59.7885 24.1423 -1.25077 -0.654072 1.8 0 -0.964298 0.196305 -0.177747
76.4165 44.646 34.554 -0.339441 0 4.5 0 -0.792814 0.0190386 0.609166
39.865 36.0518 12.4172 0.806334 0 -3.9 0 0.41694 -0.55714 -0.718162
56.552 35.108 33.136 1.16805 0 -0.4 0 0.645601 0.357602 -0.674774
55.9176 26.7741 30.6974 -0.565577 0 2.8 0 0.412468 -0.696973 -0.586599
24.555 36.1935 55.5835 -0.780631 0 -3.5 0 -0.444195 0.894894 0.043085
63.8675 66.609 29.9195 -0.217178 0 -4.5 0 0.79776 0.444834 0.407065
60.5975 47.7975 22.569 0.270012 0 4.5 0 -0.28851 -0.154515 -0.944927
30.8253 30.4525 57.328 -0.718486 0 -2.65163 0 -0.595808 -0.803103 -0.00616075
65.8672 35.4375 40.6087 0.781969 0.239466 -4.5 0 -0.8588 -0.438102 0.265574
56.7267 48.8265 38.229 2.15688 0 2.17614 0 -0.525867 0.197851 -0.827236
30.7962 31.356 30.3486 -1.68182 -0.0691767 3.8 0 -0.803302 0.408674 -0.433233
29.5793 60.317 49.6415 0.989973 0 -3.9 0 -0.561747 0.277541 0.779366
41.6748 40.0482 17.553 0.407623 0 -3.9 0 0.354824 -0.457768 -0.815198
57.8032 64.1865 20.078 -0.00485877 0 -3.5 0 0.132016 0.554583 -0.82159
55.6715 33.5465 27.8468 1.23052 -0.315245 2.35983 0 -0.798823 0.587505 0.129305
46.5905 53.5513 32.038 0.642048 0 4.2 0 -0.288621 0.957443 -2.2281e-05
77.753 42.708 18.936 -0.534464 0 1.8 0 0.49752 0.857448 -0.131363
40.3783 28.8285 20.8993 -0.784056 -0.400415 -3.5 0 0.219904 -0.62179 -0.751678
21.4255 53.7007 41.4935 -0.509261 0.0803487 -2.94069 0 -0.622547 0.524116 -0.581151
61.2183 58.5368 45.4075 -1.1329 -0.0122185 -0.4 0 -0.338986 0.473998 0.812659
65.894 60.799 20.369 0.0347209 0 1.8 0 0.0334593 -0.274012 -0.961144
71.1385 36.429 21.315 -1.13348 -0.711431 -3.5 0 -0.588579 -0.807488 0.0392241
21.9867 31.8388 60.772 -0.817915 -0.870816 -3.5 0 -0.728174 -0.565464 0.387316
59.941 36.845 35.207 0.769448 0 -1.6 0 -0.108959 -0.451301 -0.885695
31.976 38.7875 16.275 -0.857684 -0.860832 -3.5 0 -0.705714 -0.697801 -0.122643
59.729 31.064 41.409 -1.44665 -0.228634 -3.5 0 0.996081 0.083468 0.0292446
31.9815 61.0255 37.6875 0.0484924 0 -3.45024 0 0.038271 0.947402 -0.31775
43.355 16.4848 45.629 0.327593 0 1.8 0 0.0348111 -0.999335 0.0108286
59.2397 66.7657 25.4015 0.347442 0 1.8 0 -0.659992 0.344627 0.667565
31.0015 26.408 31.5265 0.668588 0.183622 -0.4 0 -0.528896 -0.784916 0.322763
54.645 46.341 30.391 2.08898 0 3.8 0 0.197474 0.578746 0.791238
25.2211 35.7231 60.8955 0.222974 0 -3.5 0 -0.0496033 0.657009 0.752249
35.305 47.7195 17.82 0.171111 -0.0640956 1.34132 0 -0.166987 -0.166326 -0.971829
70.5577 38.155 23.2025 0.0368812 0 -2.76878 0 -0.224321 -0.973385 0.0469286
52.056 51.0778 60.3807 0.0839028 -0.265904 -2.47133 0 0.419091 0.329544 0.846028
37.313 61.286 49.327 0.868806 0 -1.6 0 -0.742799 0.0178848 0.669275
35.1357 58.263 34.6263 0.364203 0 -1.53668 0 0.462841 0.848913 0.255196
16.2245 43.5045 36.6735 -0.167001 0 -3.9 0 -0.871895 -0.0467973 -0.487452
35.154 52.3815 21.486 -0.71554 0 -3.2 0 0.203978 0.723442 -0.659563
15.7505 34.2653 43.6435 -0.13386 0 3.8 0 -0.991749 0.0404675 -0.121641
44.751 45.842 43.238 4.73957 0 -1.3 0 -0.074579 0.431769 0.898896
84.138 46.406 27.585 -0.639759 0 -3.5 0 0.648518 -0.48649 -0.58545
36.4992 43.399 41.7082 6.40699 0.0187341 -3.51983 0 0.0297412 0.93126 0.363138
51.2201 49.4333 37.1134 2.95643 0 1.8 0 0.16941 -0.547486 0.819487
60.223 64.4685 21.0247 -0.375498 0 -3.5 0 0.0398125 0.397108 -0.916908
22.8975 44.77 53.552 -1.03669 -0.128651 -0.8 0 -0.632576 -0.238355 0.736908
43.8205 13.2204 50.2404 0.29196 0 -4.5 0 0.448996 -0.761764 -0.467031
85.2728 50.5715 29.8382 -0.510805 0 -3.5 0 0.767881 0.242736 0.592822
35.9825 51.5288 46.6645 6.43699 0.129166 -1.37181 0 0.590924 -0.395181 -0.703307
41.685 53.512 34.9755 0.716272 0 -3.2 0 0.945173 -0.223708 0.237913
50.444 52.755 42.071 2.66188 0 -1.6 0 -0.196113 -0.97371 0.115878
16.9042 39.039 17.6047 0.658628 0.0706247 -4.5 0 -0.999904 0.00523261 -0.0128226
36.0855 22.168 52.336 0.344632 0 -3.2 0 0.00849926 -0.190203 0.981708
54.3095 30.1235 46.9795 0.253763 -0.887485 -0.921538 0 0.757419 0.217406 0.615672
44.618 24.638 27.091 -0.984437 0 -3.5 0 0.631244 0.429753 -0.645634
53.267 47.132 22.8985 0.0143803 -0.488108 1.72812 0 0.364785 -0.243619 -0.898656
50.3223 57.9515 36.1452 1.0216 0 -4.5 0 0.648403 0.75506 -0.0972519
71.038 49.186 32.909 -0.333927 0 3.8 0 0.459459 -0.591005 0.663032
17.7455 51.4012 45.0718 -0.033844 0 -3.5 0 -0.511834 -0.41852 0.750245
47.131 51.3862 44.5262 3.88995 0 4.2 0 0.024046 -0.787392 -0.615984
48.2079 62.6893 50.746 0.563249 0 -1.6 0 0.64368 0.642871 0.415204
21.497 46.2085 44.351 0.247848 0 3.8 0 -0.51407 -0.0509846 0.856232
72.45 54.6678 19.0977 -0.620896 0 -4.5 0 0.74113 -0.409598 -0.531935
17.461 47.7892 30.2337 0.565595 0 -4.5 0 -0.538531 0.460606 -0.705568
74.6927 38.534 13.6897 -0.298366 0 -3.5 0 -0.273748 0.072604 -0.959057
68.4455 44.209 43.064 -0.281808 0 -3.5 0 0.694338 0.279177 0.663291
45.3988 55.8553 57.8075 -0.0876336 0 -3.5 0 0.0483064 0.827767 0.558988
29.0683 44.3018 22.1675 0.4387 0.0281639 -3.5 0 -0.820772 0.567165 -0.0682423
36.184 30.402 17.2852 -0.219564 0 -3.5 0 -0.471726 0.0664414 -0.879238
45.038 38.549 21.13 0.22176 0 3.8 0 0.870638 0.414944 -0.264217
51.438 35.8348 50.4 1.89482 -0.0642559 -3.65639 0 0.552356 0.153778 -0.819301
34.9793 32.6838 58.2137 2.32249 0.0776875 -3.9 0 0.436979 -0.213122 0.873858
29.2537 54.297 48.028 0.573465 0 -0.7 0 -0.617035 0.635962 0.463487
72.7575 39.334 25.18 -0.386133 0 -1.06163 0 0.969962 -0.208772 0.124855
34.2345 42.6065 54.4135 0.568118 0 -3.5 0 -0.865492 -0.13675 0.481894
24.138 48.4318 53.838 -0.891397 -0.719777 -0.8 0 -0.452376 0.755703 0.47357
49.0135 58.257 55.939 -1.41063 -0.252011 -3.5 0 0.59057 0.788855 0.170102
47.529 47.966 59.874 0.500491 0 -4.5 0 -0.306849 0.089849 0.947508
56.022 43.168 22.58 2.88809 0 -3.9 0 0.952954 -0.137341 -0.270213
19.7765 26.5882 44.7132 -0.390596 0 -3.9 0 -0.484324 -0.832018 0.270511
40.4663 19.379 51.964 -0.268048 0 -3.5 0 -0.104662 0.585808 0.803663
50.976 52.75 40.77 3.67778 0 -3.19543 0 0.110733 -0.909473 0.400746
38.7912 18.022 36.0905 -0.146408 0 -0.7 0 -0.545659 -0.822781 0.159022
44.0612 49.5913 40.2335 3.18527 0 -0.4 0 -0.194907 0.457631 0.867517
49.9538 15.2148 37.219 -0.654379 0 2.8 0 0.65129 -0.708232 -0.272449
42.094 26.796 21.91 1.1964 0.692565 -3.9 0 0.798982 0.163375 -0.578736
75.9402 54.0243 30.74 -0.200067 0 1.8 0 0.0947616 0.902331 0.420498
55.9448 55.211 58.961 0.015253 0 1.8 0 0.564258 0.693253 0.448345
55.5298 66.773 39.4577 -1.09049 -0.104625 -2.65022 0 -0.725649 0.687254 -0.0334012
20.2792 33.161 34.6564 0.180174 0.311105 -4.5 0 -0.556975 -0.67405 0.485217
50.676 54.709 23.077 0.125442 0 3.8 0 -0.260554 0.870931 -0.416642
31.1303 29.9653 27.8585 -1.29709 -0.10071 -0.4 0 -0.903 0.3663 -0.224535
23.191 28.695 42.0595 -0.358211 -0.40136 3.75941 0 0.615991 -0.726509 -0.304533
55.663 55.9647 22.6583 -0.0861994 0 1.8 0 -0.683068 -0.361075 -0.634856
46.6317 26.8428 28.5955 -1.93426 -0.861124 -4.5 0 0.283917 -0.479827 -0.830155
59.386 37.681 37.682 0.467006 0 -1.6 0 -0.343423 0.195601 0.918587
39.981 21.473 50.646 0.139037 0.241826 -4.13753 0 -0.240674 -0.126472 0.962331
44.3985 51.1232 32.912 0.403222 0 4.2 0 -0.816929 0.342725 0.46386
27.9772 25.7095 40.4393 -0.911852 -0.619541 -4.5 0 -0.810329 0.268419 -0.520882
75.85 54.6715 22.3075 -0.657965 0 -3.5 0 0.640983 0.128063 -0.756796
14.3068 39.505 38.8737 -0.157188 0 -0.7 0 -0.801937 0.532046 0.271707
41.1115 24.0775 22.5767 1.96729 0.0706214 -3.9 0 0.11771 -0.931154 -0.345104
37.0788 66.5045 39.1587 -1.49655 -0.564358 -3.5 0 -0.22503 0.95069 -0.213424
70.2645 44.6725 30.4285 -0.330422 0 1.8 0 0.234628 0.438796 0.867415
38.693 21.2945 36.4025 -0.181021 0 -0.7 0 -0.864371 0.471585 0.174555
29.828 30.5925 56.244 -0.550434 0 1.43701 0 -0.158519 -0.826289 0.54048
27.418 24.451 40.209 -1.14245 -0.0642214 -4.5 0 -0.876408 0.0957212 -0.47196
36.697 21.884 27.507 0.232926 0 -4.5 0 0.47964 -0.720775 -0.500429
49.028 46.0062 43.7765 4.21147 0 -0.7 0 -0.835392 0.3205 0.446542
39.8677 58.814 33.4873 0.0983283 0.113225 -3.2 0 0.272274 0.914398 0.299573
35.9825 52.2385 45.574 6.47386 0.0266137 2.53866 0 0.547838 -0.834715 -0.055897
47.9972 23.983 48.0392 0.00726515 0 -3.86459 0 0.570362 -0.576579 0.585016
39.311 21.6715 34.208 -0.195067 0 -0.7 0 -0.987374 0.0315326 -0.155236
29.2115 27.911 55.6763 -0.390423 0 3.8 0 0.408775 0.0296405 0.912154
54.0768 54.1905 59.6855 0.0326265 -0.0793575 1.8 0 0.0259871 0.495201 0.86839
55.771 67.4877 40.2448 -1.40599 -0.00897674 -4.5 0 -0.919001 0.382979 -0.0936123
31.997 49.3167 52.3833 1.25451 0.184456 -3.6394 0 0.243153 0.931141 0.271758
46.453 30.8783 51.8633 0.0250695 0 -2.86587 0 0.307182 -0.888946 0.339728
38.7175 21.361 35.018 -0.173803 0 -0.7 0 -0.8082 0.512392 -0.29029
31.747 42.861 15.625 0.67804 0.198246 -3.5 0 -0.424614 0.748722 -0.509037
54.4627 37.938 33.5202 0.965649 0 1.30083 0 0.489529 -0.094185 -0.866885
21.4175 55.4335 42.2065 0.170985 0 1.70234 0 -0.375683 0.12688 -0.918022
48.647 28.305 24.736 0.420313 0.803892 -4.5 0 0.00997509 -0.982838 -0.184199
28.9385 20.9475 41.212 0.110498 0 -4.5 0 0.296824 -0.454348 -0.839919
37.967 48.1357 57.832 0.318821 0 4.2 0 0.0569003 0.820021 0.569498
49.192 56.5915 49.4445 -0.50244 -0.0538589 4.13334 0 0.824338 0.454596 -0.337356
79.433 40.977 31.515 -0.247142 0 4.5 0 0.015994 -0.865364 0.500888
41.52 56.4765 30.0335 0.0976101 0 -3.2 0 0.280117 0.855132 -0.436215
69.3765 42.0052 42.7533 -0.446128 0 -3.25569 0 0.973441 0.129713 0.188644
57.546 37.688 33.4775 1.21828 0 -1.6 0 0.0679707 -0.354016 -0.932766
40.465 39.0783 47.7713 3.33178 0 -0.7 0 0.726352 0.382778 -0.570871
45.2795 25.4272 49.5615 -0.470248 0.391439 -4.04928 0 0.761423 -0.485172 0.429935
44.799 45.813 24.6265 0.70954 0.267873 -3.5 0 -0.0377516 0.992599 -0.115422
29.92 30.4845 32.1937 -0.722278 0 3.8 0 -0.949046 -0.310174 -0.0557108
26.392 27.8668 52.4795 0.0958226 0 2.86339 0 -0.785883 -0.613693 0.0759488
31.1305 21.8655 51.9557 0.1905 -0.124849 1.8 0 -0.303711 -0.811084 0.499902
35.931 30.6427 25.805 0.124122 0.652858 -3.33253 0 -0.047149 -0.619256 -0.783772
46.42 20.606 31.344 -0.571777 0 1.9 0 -0.688123 -0.702029 0.183418
61.819 59.738 19.2975 0.0248661 0 4.2 0 -0.361005 0.327854 -0.873034
37.945 21.991 30.634 0.00106342 0 -4.5 0 0.58952 -0.807137 -0.0315459
30.8617 59.9552 40.5303 0.401993 0 -3.5 0 -0.624533 0.698725 0.348917
33.961 29.6728 21.1335 -1.02742 -0.785432 -3.5 0 -0.843262 -0.0827534 0.531094
36.402 15.9567 51.4895 -0.712095 -0.155849 -3.2 0 -0.795705 -0.255343 0.54923
45.399 47.846 42.64 4.27325 0 -1.3 0 -0.02011 0.366427 0.930229
39.0465 22.088 37.315 -0.190613 0 2.25726 0 -0.984801 0.13365 -0.110924
42.5122 47.6833 60.2113 0.411525 0 -4.5 0 -0.723938 0.420045 0.547244
74.4743 37.6768 22.7957 -1.11922 -0.0455678 -3.5 0 0.811424 -0.235734 0.534808
47.882 43.6655 62.5078 -0.546728 -0.0315014 -1.11856 0 -0.0133113 0.906018 0.42303
53.845 16.628 35.475 0.325556 0 -3.9 0 -0.192405 -0.96698 -0.16712
33.8737 44.3317 25.1507 -0.3456 0 3.8 0 0.438052 -0.647241 -0.623851
27.2533 32.7105 19.5758 -0.0632065 0 4.2 0 0.789192 -0.596274 -0.147082
17.8463 50.548 44.2505 -0.639926 0 -3.5 0 -0.353939 -0.491782 0.795536
85.8112 46.1213 30.0697 -1.13071 -0.00556799 -3.5 0 0.774288 -0.629911 -0.0607471
61.324 37.656 30.8375 4.77039 0 -0.4 0 -0.440628 -0.812684 0.381302
38.601 28.043 24.3945 0.232025 0 -3.9 0 -0.91351 0.102698 -0.393639
34.737 35.3535 19.744 -0.284454 0 1.8 0 -0.65174 -0.74802 0.125306
40.449 14.158 46.349 0.427794 0 -4.5 0 0.793233 -0.499934 -0.347631
51.5677 38.521 53.9265 0.684002 0 -3.71975 0 0.135166 -0.230899 0.963543
24.7272 28.2205 56.8322 -0.706698 -0.0164565 -3.5 0 -0.491707 -0.860028 -0.136295
47.1334 52.2146 26.1963 -0.688613 -0.449028 -0.8 0 -0.465511 0.70341 -0.537135
56.505 60.1845 31.239 0.285172 0 3.8 0 -0.725251 0.429807 0.537844
40.7043 44.4178 19.032 0.902399 0 -4.5 0 0.121641 0.822469 -0.555651
68.348 62.5143 19.844 -0.0191145 0 1.8 0 0.589391 -0.283518 -0.756463
55.607 33.4945 26.7975 1.14207 -0.0527753 -0.96293 0 -0.825417 0.461672 0.32488
61.798 43.888 26.384 0.580971 0 1.8 0 -0.680397 0.326727 -0.65598
37.743 54.386 56.1465 0.409317 0 -0.7 0 -0.90384 -0.0278893 0.426962
65.094 59.526 20.193 0.0394215 0 4.2 0 0.433954 -0.132529 -0.891134
16.6647 31.2782 53.8182 1.52173 0.763603 -3.9 0 -0.916554 -0.161248 0.365961
44.431 38.4212 56.1452 0.173373 -0.324556 0.797327 0 0.263701 -0.489411 0.831227
27.7222 34.2965 27.9182 -1.79736 -0.297436 -4.5 0 0.818362 -0.475129 -0.323321
22.5415 30.4953 58.7555 0.0452259 0.738322 -3.5 0 -0.698075 -0.689568 0.192842
26.371 27.9597 54.0112 0.0137979 0 0.152641 0 -0.810245 -0.57877 -0.092345
46.0145 20.5725 28.6975 -0.588911 0 -3.5 0 -0.773187 -0.626054 0.10118
30.6238 39.6203 60.076 0.0269495 0 -0.7 0 0.262538 0.964896 0.00701263
21.0452 27.9023 47.5848 0.0610447 0 -2.36902 0 -0.658574 -0.655441 0.3697
56.09 53.8705 22.6292 0.137161 0 1.8 0 -0.818967 0.145245 -0.555155
69.645 61.768 31.25 -1.01135 0 1.9 0 0.0746645 0.81918 0.568656
77.606 56.428 28.837 -0.446007 0 -3.5 0 0.756748 0.0891059 0.647605
27.344 53.952 26.8705 -0.375373 -0.397206 -2.15 0 -0.768297 0.52642 -0.364146
82.6009 49.6089 35.25 -1.4247 0 -3.5 0 0.653895 0.253055 0.713011
55.2383 52.0915 23.3363 0.143352 0 2.32447 0 -0.459878 0.136778 -0.877385
46.83 33.6605 26.973 0.739675 0 2.91567 0 0.85263 0.522393 -0.0113086
69.028 38.015 28.53 0.839527 0.877484 -0.7 0 -0.485332 -0.701333 0.522097
19.747 32.2065 19.084 0.526848 0 -4.5 0 -0.501756 0.145898 -0.852616
15.114 37.1325 34.9375 -0.108282 0 -3.5 0 -0.229878 -0.96497 0.126449
25.536 33.6345 32.4345 -0.201326 -0.0114806 -1.46309 0 -0.0205538 -0.767192 -0.641088
59.257 68.5813 24.1467 0.0912095 0 1.8 0 -0.529434 0.819036 0.221089
49.408 12.5565 39.2335 -1.03533 -0.250636 -0.4 0 0.11787 -0.7892 -0.602719
43.7567 53.8592 29.0023 -0.308958 0 -3.5 0 0.723249 0.441886 -0.530705
23.105 19.9468 46.0127 0.510445 0.0278236 -4.5 0 -0.581857 0.391042 0.713112
44.633 31.9935 20.8895 -0.573505 0 -3.5 0 0.907913 0.38792 -0.158783
30.0515 49.746 19.171 0.415764 0 -4.5 0 0.0372333 0.0202031 -0.999102
44.4115 16.4912 54.5465 0.763993 0.228085 -4.5 0 -0.509807 0.286841 0.81106
64.5285 54.026 20.0795 -0.0532249 0 -4.45509 0 0.0193117 0.00374482 -0.999807
61.6237 30.1723 38.751 0.565877 0.698283 -4.5 0 0.7702 -0.344937 0.53648
67.2695 39.857 28.163 0.520563 0 -0.552772 0 -0.253521 -0.773322 0.58112
56.3635 26.819 42.2115 -0.024301 0 -3.5 0 0.751425 -0.316531 0.578937
46.4105 23.198 27.136 -0.632913 0 -3.5 0 0.0834579 0.824756 -0.559297
45.0165 37.5065 21.1238 0.211955 0 3.8 0 0.881782 -0.155557 -0.445267
65.6285 46.437 44.1797 -0.54492 -0.00399897 -3.5 0 0.317711 0.082962 0.944551
57.198 19.917 40.867 -0.519367 0 -2.34906 0 0.874047 0.0817541 -0.478913
53.4733 44.3065 35.6155 2.35963 0 3.8 0 -0.163372 0.98316 -0.0818946
40.6068 37.0207 12.6455 0.571069 0 -3.9 0 0.843927 0.170813 -0.508537
23.019 52.4492 33.2905 -0.958761 -0.242096 -3.5 0 0.122971 0.370418 -0.920689
41.883 19.3185 52.222 -0.122256 0 -3.5 0 -0.065013 0.249712 0.966135
74.767 46.994 23.2735 -0.563707 0 2.63756 0 0.462277 0.356801 -0.811784
68.6715 52.2173 32.9482 -0.539045 0 3.8 0 0.563709 0.227129 0.794132
63.6455 63.0245 21.5375 0.599098 0.558848 1.8 0 -0.225954 0.664723 -0.712101
23.611 31.5853 35.9697 -0.655582 0.335778 -3.99017 0 -0.619717 -0.750784 -0.228634
77.9952 39.9367 25.1588 -0.101244 0 1.8 0 0.181625 -0.564891 -0.804929
50.0093 57.9378 44.2028 0.592774 -0.0727182 -3.5 0 -0.515948 0.302368 0.801481
42.6963 28.7948 23.1173 -0.659491 0 -3.5 0 0.708759 -0.66675 -0.230447
43.821 57.68 40.17 0.0557117 -0.163903 -3.5 0 -0.248855 -0.427732 -0.868974
67.6783 51.0335 18.7885 0.136688 0 -1.34867 0 -0.274129 0.247223 -0.929373
70.4743 53.3675 18.095 0.360494 0 -4.5 0 0.495226 -0.314322 -0.809909
27.7778 36.2935 20.7735 -0.197692 0 4.2 0 0.870225 0.34976 -0.346953
58.6845 67.6503 24.134 0.18744 0 1.8 0 -0.920701 0.301955 0.247249
58.9562 23.7348 38.2445 0.054661 0 1.8 0 0.951036 0.262074 -0.163856
29.6857 45.8223 20.4333 -0.0446346 -0.396512 -3.57897 0 -0.896208 0.284834 -0.34012
56.9202 67.1955 38.1312 -0.273767 0 -4.5 0 -0.182518 0.916186 -0.356778
50.2525 50.5785 65.8838 0.600527 0.64006 -4.5 0 -0.681882 0.473817 0.557256
38.9415 55.9955 58.1147 0.548514 0.594187 -0.7 0 -0.634466 0.480133 0.605744
53.5445 54.939 59.072 -0.0805403 -0.148098 1.8 0 -0.103281 0.845399 0.524055
79.1985 55.1668 33.3625 0.447736 0 -4.5 0 -0.0853758 0.967934 0.236249
32.9357 58.5275 27.468 0.343549 0 4.2 0 -0.439297 0.70906 -0.551591
56.1092 52.6077 56.8058 0.597935 0.351625 1.8 0 0.754313 -0.228277 -0.61555
18.4015 29.737 52.0945 1.31328 0.37069 -0.8 0 -0.847789 -0.529951 0.0201574
53.8115 50.4275 45.7752 3.73019 0 -4.5 0 -0.529112 -0.563201 -0.634701
54.059 25.6 48.009 -0.162245 -0.504471 -3.5 0 0.248439 -0.952076 -0.178411
73.388 56.035 20.28 -1.46975 -0 -3.5 0 0.831603 0.322402 -0.452209
53.883 50.3185 32.7455 2.30808 0 2.30013 0 0.75687 -0.580437 0.3004
68.241 47.035 31.089 -0.0296823 0 3.8 0 0.530442 -0.485723 0.694769
14.8 41.312 49.584 0.231088 0 -3.73529 0 -0.216159 -0.976281 -0.0123187
56.201 44.4885 64.3535 0.275132 0.343156 -3.5 0 0.333349 0.0300653 0.942324
17.727 43.362 45.1125 0.964562 0 -0.35874 0 0.460617 0.74059 0.489242
38.807 28.044 23.28 0.141879 0 -3.9 0 -0.993279 0.0116761 -0.115155
47.4805 18.6133 24.901 -1.33519 -0.283723 -3.5 0 -0.455835 -0.858399 -0.235298
40.0088 32.9555 55.7152 -0.0790469 0 -3.5 0 -0.697864 -0.0104889 0.716153
79.219 39.012 20.4565 -0.459585 0 1.8 0 0.531506 -0.497513 0.685553
72.5075 55.647 18.7585 -0.304358 0 -4.5 0 0.790862 0.0068114 -0.611956
36.8 52.2385 46.391 6.61178 0.167094 -0.263731 0 0.0591813 -0.787624 -0.613307
45.997 63.8988 49.5615 -0.362375 0 -1.6 0 0.3115 0.937917 0.152579
79.8643 39.807 16.5033 -0.227461 0 1.8 0 0.604457 -0.336604 -0.722031
49.7902 41.4798 23.6465 0.374008 0 -3.9 0 -0.516151 -0.0294755 -0.85599
46.1857 14.2915 34.7835 -0.170331 0 -0.4 0 -0.471873 -0.785196 -0.401003
16.5898 40.599 26.468 -0.803503 -0.633935 -0.4 0 -0.810673 0.561622 -0.165499
68.517 60.915 21.326 -0.457712 0 1.8 0 0.65824 -0.137811 -0.740086
38.93 57.308 28.5385 1.38009 0.392772 -4.5 0 0.0786644 0.996869 0.00798088
25.0583 38.1253 19.193 0.367855 0 1.54331 0 -0.275663 0.151642 -0.949218
73.2462 44.771 15.6447 -0.0240739 0 1.8 0 -0.434898 -0.0618288 -0.898355
23.693 28.2685 59.0815 -1.25137 -0.370333 -3.5 0 -0.682455 -0.563577 0.465441
16.762 39.3015 25.412 -0.76956 -0.0949297 -0.4 0 -0.760608 -0.210094 -0.614277
49.8555 43.4893 63.4437 1.01772 0 -0.221286 0 -0.167185 0.96751 0.189665
53.531 58.818 33.7705 0.612609 0 3.1728 0 -0.192927 0.703715 -0.683787
15.504 43.5275 32.0325 -1.23632 -0.767942 -3.5 0 -0.665725 0.0240907 -0.745808
25.576 61.4717 41.4398 0.914314 0.471109 -0.7 0 0.111766 0.436365 -0.892801
31.4287 38.5425 61.933 0.0831988 0 -0.7 0 0.6111 0.23761 0.755049
15.738 48.6432 31.7617 0.102876 0 -4.5 0 -0.704263 0.562526 -0.433103
26.924 39.0515 53.1285 -0.539445 0 -3.5 0 -0.245315 0.546664 0.800611
60.45 43.6085 26.6782 0.544214 -0.587834 2.33198 0 0.120432 0.459883 -0.879775
25.4072 20.9408 47.11 0.237095 -0.152197 -3.75082 0 -0.999633 -0.0172867 0.0208637
15.4495 40.095 43.2275 0.091044 0 -0.985193 0 -0.902773 0.275154 -0.330593
19.415 52.5853 40.4502 -0.544858 0 -3.5 0 0.108159 0.920003 -0.376692
69.06 41.7152 44.8488 -1.40214 -0.469163 -3.5 0 0.600494 0.380387 0.703358
51.131 58.697 25.998 -0.614219 -0 -0.4 0 -0.794084 0.4552 -0.402771
80.51 40.4338 29.7048 -0.835578 -0.336713 -0.4 0 -0.0388686 -0.931903 -0.360618
55.2962 57.3203 45.7533 0.0335004 0 -3.5 0 0.606469 0.31161 0.731502
56.1105 22.2243 42.2622 -0.431779 0 2.79979 0 0.885137 0.447729 -0.126774
27.195 62.7692 44.8322 0.250749 0 -0.7 0 0.571882 0.792517 0.211822
59.1785 61.9865 20.777 -0.00247609 0 -3.5 0 0.137988 -0.230792 -0.963169
53.7925 65.5015 38.992 -1.1352 -0.585686 3.8 0 -0.977689 0.199375 0.0661398
48.1075 53.158 42.1403 3.56859 0 -3.2 0 0.0506148 -0.960174 0.274781
44.3532 49.4275 59.3895 0.849074 0 -4.5 0 -0.605071 0.660041 0.445236
14.0755 32.459 45.867 -1.16314 -0.0243148 -3.5 0 -0.98396 -0.0322865 -0.175443
50.813 14.516 38.949 0.582036 0 -0.4 0 0.538236 -0.211705 -0.815771
45.1753 45.3306 47.1594 4.31626 -0.116819 -0.8 0 -0.309228 0.433205 -0.846588
48.073 19.2095 24.004 -1.4094 -0.558421 -3.5 0 0.0959091 -0.418122 -0.903314
19.832 48.0025 51.331 -1.4248 -0.550568 -3.5 0 -0.0132027 0.987269 0.158509
57.06 68.1205 42.192 -1.31954 -0.124614 -4.5 0 -0.0738694 0.467923 0.880677
37.551 65.8395 37.994 -1.03079 -0.106086 -3.5 0 0.113313 0.552172 -0.825994
59.441 50.8975 56.002 -1.74631 -0.454965 -3.5 0 0.172231 0.956395 0.235891
40.5788 43.1125 16.6178 0.613297 0 -3.9 0 -0.252132 0.322676 -0.91231
63.0493 63.3327 42.9183 -0.0264675 0.190556 -4.5 0 0.555808 0.744896 0.369064
31.0555 56.731 23.032 -0.0328013 0 -3.2 0 0.443565 0.815786 -0.371138
54.056 32.1035 26.422 0.165968 -0.144334 1.73184 0 -0.932351 0.360602 0.0262194
26.703 63.129 43.956 0.2245 0 -0.7 0 0.128864 0.961924 -0.241031
57.4485 67.5645 35.5775 -1.15429 -0.776957 -4.5 0 0.0804973 0.988492 -0.128078
41.805 43.402 47.7075 5.13697 0 -0.7 0 0.225682 -0.681003 -0.696637
61.8895 30.84 36.751 0.0571899 0 -4.5 0 0.997977 0.0252032 -0.0583636
34.7433 23.9182 35.349 -0.0796136 0 4.2 0 -0.502134 -0.83013 0.242376
28.282 39.5332 26.3832 -1.00031 -0.25441 -0.813704 0 0.564108 -0.650357 -0.508741
55.572 26.5315 23.4405 -0.353451 0 -3.5 0 -0.545448 -0.82228 -0.162304
23.254 53.638 44.8727 -0.259891 0 -0.8 0 -0.722774 -0.429105 0.541725
52.7887 34.5522 53.6787 0.346968 0 -4.18333 0 0.0190456 0.125696 0.991886
27.4312 18.3705 46.2812 0.312276 0 -3.5 0 0.431354 -0.832624 0.347378
52.8625 47.5525 47.3768 3.05469 0 2.88203 0 0.0685552 0.403241 -0.912522
35.0125 27.852 18.03 -1.34702 0 -3.5 0 -0.374333 -0.554561 -0.743194
60.508 49.9795 56.467 -1.23176 -0.547334 -3.5 0 0.708464 0.40154 0.580383
18.7955 31.5287 27.2265 0.359427 0 -4.5 0 -0.735866 -0.480291 0.477306
57.8032 47.9772 30.761 1.87039 0 3.8 0 -0.873731 -0.337216 0.350541
34.225 30.7108 19.533 -1.63364 0 -3.5 0 -0.886171 0.416345 -0.203366
50.2185 20.581 29.7432 0.76982 0 -0.529655 0 0.551748 -0.653607 -0.518047
18.8765 30.351 20.7165 0.452979 0 -4.5 0 -0.368518 -0.658355 -0.656326
27.4338 26.974 56.161 -0.203033 0 -0.104477 0 -0.246595 -0.81105 0.530461
59.2238 50.6885 54.973 -1.43762 -0.887284 -3.5 0 0.188961 0.877691 -0.4404
12.7665 42.0455 34.1292 0.275816 0 -3.5 0 0.0944381 0.976087 -0.195793
57.7535 32.346 31.6065 0.743034 0 2.8 0 0.74286 0.592517 0.311581
85.264 46.15 31.3178 -0.677203 -0.118448 -3.5 0 0.868726 -0.401242 0.290378
27.186 43.3937 23.1695 0.51348 0 -1.6 0 -0.220628 0.603306 -0.766385
15.3778 43.0392 37.4668 -0.0678797 0 -3.9 0 -0.883674 -0.121169 -0.452148
47.0988 61.127 45.6285 0.532676 0 -4.31397 0 0.982419 -0.0704985 -0.172867
49.909 33.066 54.06 0.477535 0.628724 -4.5 0 -0.102038 0.657062 0.746898
62.5682 38.8315 25.1485 0.810068 0.0285625 -4.5 0 0.720648 -0.543917 0.429908
41.974 13.7325 54.033 -0.138675 0 -4.5 0 0.166628 -0.188569 0.967821
31.2518 28.3673 26.55 -1.00087 -0.389351 -0.4 0 -0.679466 -0.223912 -0.698705
45.262 52.4465 41.58 3.32722 -0.268114 -1.3 0 0.694522 -0.686974 0.213788
16.001 41.8115 53.0575 0.300442 0 1.8 0 -0.502712 0.715343 0.485351
69.084 38.826 29.1255 0.677536 0.3252 -0.7 0 -0.440599 -0.327506 0.83583
77.6777 59.537 27.3288 -1.20925 0 -3.5 0 0.920673 0.262461 0.288922
29.9015 26.6742 29.5905 0.0771476 0 -0.4 0 -0.816057 -0.576994 0.0335955
44.7625 44.9642 16.3307 2.64819 0.0853322 -3.9 0 0.335103 0.701364 -0.629122
57.4658 30.8748 43.4193 -1.53833 -0.330038 -3.5 0 0.344563 -0.0248055 0.938436
40.8428 62.0545 44.9253 0.393836 0 -1.6 0 -0.0831353 0.455561 -0.886314
41.816 64.281 49.19 0.231401 0 -1.6 0 0.424149 0.491476 0.760624
66.409 59.695 20.982 -0.250395 0 1.8 0 0.107155 -0.301978 -0.947274
77.4755 44.1893 20.9245 -0.156684 0 1.8 0 0.616863 0.617926 -0.487491
40.131 47.003 19.698 0.369555 0 -4.5 0 0.756063 0.435416 -0.488654
56.548 48.561 29.8505 1.49526 -0.369674 3.72752 0 -0.209883 -0.420535 0.882666
39.465 51.89 23.934 0.379148 0 -4.5 0 0.646543 0.124373 -0.752671
55.4948 54.24 56.0672 0.137885 0 1.8 0 0.49072 0.260186 -0.831563
39.831 37.1345 11.945 0.5219 0 -3.9 0 0.31114 0.141411 -0.939785
53.9712 14.503 39.2812 -1.11455 -0.423626 -3.9 0 0.196074 -0.837713 -0.509698
33.1722 22.178 53.6545 0.125256 0 1.8 0 0.167123 -0.451643 0.876407
42.0513 46.2593 22.3545 0.399702 -0.0790055 -4.00742 0 0.351037 0.889559 -0.292332
45.2125 47.733 47.826 5.03686 0.634467 -2.64873 0 0.00443342 -0.301209 -0.953548
26.5315 27.2083 59.4603 -1.57583 -0.0385708 -3.5 0 -0.0247634 -0.932573 0.360132
78.7175 53.6885 27.2655 -0.544145 0 -3.52711 0 0.706675 0.703574 0.0747872
40.4992 38.437 14.6735 0.716448 0 -3.9 0 0.747765 0.636703 -0.188299
25.2978 49.7535 49.9635 0.464479 0 -0.4 0 -0.952408 0.301108 0.047462
19.4757 33.7697 34.6367 -0.686388 0.0903287 -4.04764 0 -0.196175 -0.753535 0.627456
47.6495 49.606 60.3115 0.466914 0 -4.5 0 -0.527681 -0.486463 0.696352
21.3902 30.5595 19.5085 0.92647 0 -4.5 0 0.193695 -0.668567 -0.717984
37.8635 19.4333 52.0243 0.120223 0 -3.2 0 -0.130192 0.108882 0.985492
49.5667 52.3882 22.1752 0.166854 0 3.8 0 -0.576743 -0.0313313 -0.816325
47.051 62.7612 33.2225 0.693075 0.604603 -4.5 0 -0.230244 0.799513 -0.554767
17.4795 48.0853 35.0035 -0.551366 -0.340302 -3.9414 0 -0.85662 -0.466893 0.219576
12.0863 43.331 47.4995 0.806233 0.749266 -4.5 0 -0.994475 0.0125883 -0.104215
51.3069 40.1266 55.0089 0.310222 0 -1.6 0 0.540455 -0.483258 0.688745
26.5005 22.9102 51.7728 0.538811 0.877036 -3.5 0 -0.661744 0.140898 0.736371
35.3963 26.1917 40.3708 0.129986 -0.517046 -1.18163 0 -0.300877 -0.729977 0.613683
51.5962 29.753 26.2868 0.98909 0.91223 -3.5 0 -0.167188 0.642668 -0.747681
45.446 30.2237 23.749 -0.19013 0 -4.5 0 0.0723959 -0.823356 -0.562888
56.705 47.7505 23.9605 0.376373 0 3.8 0 0.292775 -0.493641 -0.818903
17.2085 33.242 34.3065 -1.69076 -0.181202 -3.5 0 -0.512317 -0.748361 0.421293
69.9898 37.3493 28.2222 0.284034 0 -0.7 0 -0.397735 -0.724766 0.562602
18.5415 27.808 42.9113 -0.323795 -0.51685 -3.70014 0 -0.466682 -0.747658 -0.472457
39.369 56.6987 26.1698 0.744694 0.741871 -4.5 0 0.279681 0.683259 -0.674489
52.7925 14.3608 39.3855 -0.0632934 -0.385334 -2.12052 0 0.237419 -0.55878 -0.794605
18.39 40.9505 25.879 -0.459919 -0.12208 1.0382 0 -0.268051 0.838374 -0.474634
27.667 55.426 22.3797 -0.321181 0.251691 -3.2 0 -0.936114 0.33269 -0.114049
40.7385 57.2728 33.9502 0.184301 0.117195 -3.2 0 0.699637 0.311733 0.642908
48.0155 27.5863 51.4875 -1.18576 0 -3.5 0 -0.554749 -0.200389 0.807526
26.2512 29.1623 38.9642 -0.967798 -0.0257123 -2.91371 0 -0.0701462 -0.978295 -0.194983
54.5565 41.744 27.081 0.960894 0 3.8 0 0.446257 -0.894679 -0.0200976
64.001 36.384 36.335 0.977871 0.144374 -3.5 0 0.80585 -0.591618 -0.0243713
69.3274 47.5213 31.3344 -0.381121 0 3.8 0 0.328388 -0.681996 0.653485
74.0215 37.1415 17.821 -0.181958 0 -3.5 0 -0.282847 -0.893832 0.347939
38.6203 43.3138 58.7682 0.390727 0 -0.8 0 -0.671896 -0.115256 0.731623
11.8783 38.7072 36.159 -0.658916 0 -3.5 0 -0.721182 -0.691681 0.0383956
17.2113 37.405 37.3167 0.184034 0 -1.25517 0 -0.53184 -0.845929 0.0393731
54.923 33.628 25.9775 0.955065 0 -4.5 0 -0.738678 0.432936 0.516644
41.4755 49.1065 41.1162 5.28409 0 -2.18827 0 0.31608 0.00165689 0.948731
60.299 39.826 41.854 0.330981 0 1.8 0 0.0452498 -0.972393 0.228919
81.3262 51.4225 25.6343 -0.791259 0 -3.5 0 0.371468 -0.307855 -0.875921
46.203 25.585 49.162 -0.134843 0 -3.5 0 0.110626 -0.663959 0.73954
40.0568 58.2477 31.334 0.131985 0 -3.2 0 0.263471 0.877133 -0.401524
60.2257 32.2855 27.7265 0.463332 0 -4.5 0 0.644989 -0.119736 0.754754
68.7962 66.4625 29.7467 -0.152006 0 -3.5 0 0.210985 0.976699 0.0393105
31.3385 54.7145 49.3005 0.749511 0 -0.7 0 0.215911 0.950175 -0.224832
63.868 65.57 22.501 -0.674646 -0 1.8 0 0.41738 0.15835 -0.894829
35.9785 24.7087 43.2318 -0.465952 -0.29742 -0.857259 0 -0.605998 0.297679 -0.737668
20.3962 28.5225 48.0723 -0.879531 0 -0.8 0 -0.51505 -0.83669 0.186208
72.2572 61.6903 23.0623 -0.207834 0 1.8 0 0.313962 0.83488 -0.45211
41.392 15.5665 47.197 0.0707291 -0.823472 1.4706 0 0.611526 -0.669488 -0.421689
56.4835 62.7415 31.0375 0.2566 0 3.8 0 -0.884681 0.0981928 0.455739
17.1238 52.7038 38.5285 -0.312557 0 -3.5 0 -0.71375 0.62004 0.325747
24.9363 33.5067 26.5185 -0.327011 -0.142141 -4.5 0 0.366939 -0.929028 -0.0475653
39.2427 44.6642 46.4735 4.88167 -0.0615608 -3.5 0 0.597923 0.19093 -0.778482
23.718 31.715 60.958 -1.14062 -0 -3.5 0 0.243692 -0.78317 0.572066
49.6355 38.7122 48.211 3.42145 0 -0.4 0 0.904376 0.134952 -0.404836
69.5987 46.8825 36.069 -0.0833129 0 2.8 0 0.900447 0.431509 -0.0547272
63.089 68.2715 28.2143 0.373453 0.77881 -4.5 0 0.534471 0.513664 -0.671186
54.828 48.013 39.245 2.91585 0 1.9 0 -0.808451 0.498308 -0.313204
67.8453 45.6662 31.0128 -0.767344 0 1.8 0 0.684686 -0.0951673 0.722599
47.152 40.176 24.906 0.520439 0 -1.6794 0 0.186041 -0.246509 -0.951116
66.2859 44.1823 20.4678 0.194404 0 3.8 0 -0.345508 -0.508428 -0.788749
50.6878 17.578 46.4967 0.105744 0 -3.5 0 -0.0663106 -0.527442 0.846999
19.1955 34.2907 30.2447 -0.296607 0 -3.5 0 -0.273917 -0.88477 -0.377031
78.999 39.3355 26.2458 -0.139407 0 1.8 0 0.578927 -0.714805 -0.392298
24.1458 47.0785 55.443 -0.03235 0 -0.8 0 -0.307742 0.240162 0.920661
15.1818 40.1092 52.712 0.332909 0 1.8 0 -0.966314 -0.243765 0.0825593
17.8958 40.877 29.6548 -0.266085 -0.304993 -1.9288 0 -0.349257 0.914007 -0.206424
80.6113 53.6525 34.5335 -0.0477184 0.033301 -4.5 0 0.67904 0.453707 0.577108
31.6835 26.8875 32.951 0.815782 0.222707 -0.4 0 -0.680075 -0.721317 0.131152
20.665 29.4425 22.4252 0.78784 0.762841 -4.5 0 0.409164 -0.830313 0.378372
60.3035 31.0093 27.3512 -0.529149 -0.0632939 -4.5 0 0.762522 -0.500188 0.410331
66.9645 65.523 30.3137 -0.217792 0.158454 -3.5 0 -0.475652 0.592297 0.650338
57.082 15.9983 41.3392 -0.0819399 0 -3.5 0 0.772544 -0.555677 -0.307244
47.027 29.6418 50.76 0.426724 -0.137604 -2.09294 0 -0.280699 -0.274484 0.91971
34.614 38.9115 27.504 -0.795026 0 3.58492 0 -0.288672 0.042402 -0.956489
57.664 60.3915 21.0303 -0.0499149 0 -0.62961 0 0.282505 0.0245665 -0.958951
29.8913 31.2948 31.431 -0.887129 -0.0110859 3.5568 0 -0.731412 -0.0599315 -0.679297
31.3055 32.841 25.4737 -0.485766 0 -3.2 0 -0.766362 0.291906 -0.572259
61.5345 62.2475 38.7895 1.01684 0 -0.8 0 0.92365 -0.0480203 0.380217
75.298 44.6302 16.0397 -0.142868 0 1.8 0 0.604895 0.00670966 -0.796277
31.4205 57.8405 31.2017 -0.0616499 0 1.17059 0 -0.580508 0.620595 -0.527135
38.5225 47.8097 16.8458 -0.89236 -0.265421 1.8 0 0.418956 -0.0425989 -0.907007
56.899 43.3135 48.824 0.0765584 0 -3.5 0 0.882055 0.446497 -0.150396
33.1688 25.8972 31.194 0.692611 0.323089 -0.174669 0 -0.480936 -0.826976 0.291223
40.916 16.5835 52.283 -0.0520785 0 -3.56245 0 -0.485124 -0.00467238 0.874433
74.245 46.1702 16.273 -0.137812 0 1.8 0 0.334806 0.788265 -0.516279
58.469 49.2223 49.5718 0.249267 0 -1.6 0 0.53749 0.493197 -0.684003
58.44 23.6375 36.991 -0.0159567 0 1.8 0 0.679013 -0.00944023 -0.734065
37.2842 27.4405 53.987 0.1914 0 -4.5 0 -0.0478257 -0.377134 0.924923
62.651 64.951 37.658 6.30458 0 -0.8 0 0.588715 0.591168 0.551303
35.7518 39.4022 25.9487 -0.611044 0 0.173525 0 -0.98252 -0.142191 -0.120154
57.1715 66.3525 32.894 0.175025 0 -4.5 0 -0.612312 0.75204 -0.243945
23.3495 40.418 20.5763 0.488468 0 -3.2 0 -0.0695951 0.978452 -0.19439
19.466 37.6367 15.089 0.959112 0.709331 -4.5 0 -0.247664 -0.40733 -0.879059
68.9762 59.7537 21.788 -0.386532 0 1.8 0 0.596186 0.0871069 -0.798107
32.4507 40.674 25.276 -1.12791 0 3.8 0 0.256954 -0.693174 -0.673412
63.8675 67.869 29.0905 0.107226 0.232913 -4.5 0 0.825603 0.564225 -0.00541996
19.9485 57.467 43.2235 0.315382 0 4.2 0 -0.172523 0.575351 -0.799504
36.1693 57.4702 49.8117 0.253001 -0.0113827 -3.5 0 -0.471553 0.0236433 0.881521
38.6437 57.113 29.485 1.07257 0.848403 -4.31607 0 0.0339555 0.971027 -0.236545
33.1772 58.3433 42.2842 0.872359 0 -3.5 0 -0.216316 0.420889 0.880943
36.43 44.5508 44.5612 6.1286 0.209133 -3.5 0 0.49143 0.577939 -0.651524
76.665 39.245 14.543 -1.18746 -0.32198 -3.5 0 0.387614 0.706273 -0.592397
35.4647 55.2355 49.7093 0.499774 0.209303 -3.5 0 -0.178298 0.482129 0.857766
55.5415 50.6198 55.538 0.113401 0.258457 0.967486 0 0.203344 0.839576 -0.503749
67.9565 52.0795 18.7645 0.658924 0 -4.5 0 -0.332656 -0.156201 -0.930022
18.1467 35.738 39.9315 -0.241082 0 1.55008 0 -0.720917 -0.555856 -0.413888
16.649 32.766 22.2685 0.634154 0.386614 -4.5 0 -0.95744 0.285798 0.0403553
28.9557 44.6162 23.1998 0.350403 0 3.8 0 -0.744973 0.489286 -0.453447
54.0542 51.996 60.3825 -0.032763 0 1.8 0 -0.022323 -0.120278 0.992489
50.9622 25.6908 51.6665 -1.21861 -0.446904 -3.5 0 0.493841 -0.770466 0.403117
61.695 39.409 42.389 0.2361 0 1.8 0 -0.110483 -0.971581 0.209341
32.225 53.6538 45.1035 0.968844 -0.675755 -0.7 0 -0.494315 0.859404 0.130682
30.9823 54.717 52.1838 0.919258 0 1.8 0 0.911131 0.399442 0.101424
27.5595 27.686 59.0875 -1.57861 -0.534583 -3.5 0 0.746036 -0.663368 0.0580803
77.275 42.4045 24.3755 0.0854588 0 1.96147 0 0.750856 -0.548595 -0.367775
18.4258 31.2908 39.4533 -1.33642 -0.326956 3.8 0 -0.868993 -0.0497864 -0.492313
56.2803 31.1935 45.2062 -0.02979 0 -0.8 0 0.795476 -0.365485 0.483361
57.1662 37.714 39.4118 0.695045 0 4.2 0 0.975504 0.182973 0.122119
36.313 65.7247 38.5983 -1.21344 0 -3.5 0 -0.496129 0.526137 -0.690678
18.1915 43.0592 31.7645 -0.891367 0 -3.5 0 -0.325394 0.0523846 -0.944126
55.486 14.701 42.713 -1.07621 -0.376903 -3.5 0 0.455057 -0.876639 -0.156291
57.1715 32.5765 33.8435 0.881148 0 -0.4 0 0.801171 0.363973 -0.475025
49.918 37.5805 48.3918 2.566 -0.221951 -0.4 0 0.898765 0.414555 -0.14271
62.3177 37.2822 30.5257 5.73088 0.04952 -0.619913 0 -0.00757308 -0.998845 0.0474504
61.8885 37.7217 25.6155 -0.733418 -0.155289 -4.5 0 0.782128 -0.620757 0.0541901
37.4125 17.4145 42.8455 -0.161079 0 -4.5 0 -0.593566 -0.0607621 -0.802488
45.3365 44.173 16.0545 1.52125 0.739952 -3.9 0 0.685911 0.120855 -0.717579
48.8785 61.044 51.8025 0.0990227 0 -1.6 0 0.723795 0.242038 0.646172
34.737 25.2547 36.986 0.268043 0 4.2 0 -0.423085 -0.858977 0.288372
75.238 61.053 27.098 -1.61919 -0.587661 -3.5 0 -0.532274 0.810749 0.243662
48.003 44.6912 61.0275 -0.111298 0 1.10814 0 0.0923431 0.513115 0.853338
84.411 52.334 25.3298 -1.80987 -0.626307 -3.5 0 0.505564 -0.0474317 -0.861484
61.612 63.1958 43.4803 -0.0968397 0 -4.5 0 0.199262 0.578891 0.790683
44.813 29.7615 24.9058 -0.0198815 0 -4.5 0 0.158295 -0.900633 -0.404725
19.8475 31.8072 28.2178 0.425905 0 -4.5 0 -0.41644 -0.473327 0.776234
77.1965 38.4205 13.7815 -1.69425 -0.786251 -3.5 0 0.244117 0.383559 -0.890668
30.2533 59.4902 31.8172 0.515915 0 -1.6 0 -0.391485 0.131071 -0.910802
60.662 65.517 21.3078 -0.119884 0 1.8 0 -0.158281 0.257276 -0.953287
24.6343 41.303 23.5645 0.496 0 -1.6 0 -0.846032 0.380786 -0.373139
55.253 26.027 45.3745 0.0141902 0 3.07425 0 0.975814 0.168644 0.139094
79.3485 41.8343 27.5387 -0.337492 0 3.1251 0 0.897077 0.136224 -0.420353
68.4395 57.1945 18.6445 0.149836 0 -4.5 0 -0.726143 0.681224 -0.0930057
37.6155 38.995 56.96 -0.53644 0 -3.478 0 0.243924 -0.26089 0.934044
50.38 58.1605 35.056 1.0092 0.35786 -4.5 0 0.611423 0.577967 0.540478
13.154 37.7995 40.7718 -0.070917 0 -0.7 0 -0.986178 0.029497 -0.163045
57.8553 65.776 30.8727 0.43 0 -0.690793 0 -0.596911 0.773058 -0.214656
80.8227 54.2395 33.3473 0.380275 0 -4.5 0 0.82484 0.545459 0.148705
66.684 53.9765 41.4615 -0.3505 0 -0.7 0 0.854911 0.213494 0.472808
61.0165 49.441 45.4575 -0.0513997 0 -1.6 0 0.129159 -0.0879613 0.987715
61.6423 40.389 44.087 0.0784847 0 1.8 0 0.349735 -0.724066 0.594486
31.001 34.7223 27.5505 -0.954266 0.335219 -3.34998 0 -0.707176 0.145032 -0.692003
37.223 30.7437 17.0968 -0.150166 0 -3.5 0 0.215349 0.203674 -0.955061
30.3668 28.9915 34.662 -0.160424 0 3.8 0 -0.802843 -0.592855 0.0629727
49.5875 30.659 55.295 -1.48633 -0.46495 -3.5 0 0.874199 -0.249819 0.416372
15.4215 32.605 51.4675 0.504107 0 -4.5 0 -0.701658 -0.677554 0.220447
57.6725 28.06 22.3455 -0.0342374 0 -3.5 0 0.855066 0.0161436 -0.518268
64.831 57.374 40.7095 -0.375971 0 3.8 0 0.917121 -0.257358 0.304394
49.435 39.014 61.9025 -0.996578 -0.556739 1.8 0 -0.136156 -0.961146 -0.240124
55.4305 26.862 50.5378 -0.587827 -0.768051 -3.5 0 0.791938 -0.180032 0.583458
11.7625 40.5028 36.8628 -0.758894 -0.766409 -3.5 0 -0.742935 0.223231 0.631043
72.6245 60.747 22.41 -0.247843 0 1.8 0 0.491286 0.198865 -0.847992
58.4185 33.8805 35.649 0.310629 -0.450327 -3.60556 0 0.186131 0.423772 -0.886438
67.2405 50.078 18.473 -0.113485 0 1.8 0 -0.293053 0.516024 -0.804885
55.68 45.5353 33.3732 2.57169 0 -1.6 0 -0.0846827 0.98405 -0.156445
43.6403 44.687 19.6898 1.0152 0 -3.76263 0 0.145801 0.971398 0.187426
18.8 27.1085 45.0197 -0.0451462 -0.0919226 -3.75947 0 -0.386143 -0.879822 0.277141
55.4342 28.2603 20.5187 0.478294 0.230663 -3.5 0 -0.372766 0.120044 -0.920128
56.793 34.7723 28.9947 1.35754 0.932746 2.77663 0 -0.416251 0.257032 0.872164
54.399 64.227 22.281 -1.26431 -0.0236355 -3.5 0 -0.566955 0.759708 -0.318442
24.428 19.7812 42.9227 0.503662 0 -4.5 0 -0.617688 -0.202483 -0.759909
68.2702 60.5163 31.7763 -0.999774 0 1.9 0 -0.310713 0.347594 0.884667
48.0055 60.4198 30.1938 0.922567 0.68478 -4.5 0 -0.402959 0.556978 -0.726223
62.5785 63.958 38.571 6.64342 0 -0.8 0 0.722111 0.16457 0.671917
56.3363 38.095 53.5843 0.531664 0 -3.9 0 0.587169 0.0350967 0.808703
56.2825 54.838 22.293 -0.284237 0 1.8 0 -0.812012 -0.073499 -0.578994
43.993 41.605 20.122 0.246927 0 -3.9 0 0.879672 -0.473352 -0.045993
77.2363 41.454 32.7305 -0.203385 0 4.5 0 -0.200579 -0.867293 0.455599
58.16 66.5865 33.7525 0.672522 0 -4.5 0 -0.300812 0.945024 -0.128228
27.4675 57.8475 27.462 0.82218 0.546496 -0.8 0 -0.147222 0.883219 -0.445253
55.9692 25.4993 34.145 -0.294213 0 -3.65136 0 0.763279 -0.629792 -0.144105
29.5152 25.9895 38.5283 0.0373556 0 -1.6 0 -0.721475 -0.341607 -0.602311
53.3355 44.7765 37.1055 2.51104 0 3.8 0 0.130852 0.927923 -0.349052
47.8452 33.9577 54.4417 0.551468 0.135468 -3.5 0 0.598816 0.571942 0.560626
69.779 54.9425 33.6675 -0.529199 0 3.8 0 0.599879 -0.235212 0.764735
41.6855 51.9972 27.295 0.418986 0 -3.5 0 0.368328 0.392819 -0.842632
53.206 52.2088 44.169 4.01435 0.533448 -4.37017 0 -0.369412 -0.796607 -0.478489
54.4305 14.4085 43.6045 -1.1616 -0.250485 -3.5 0 0.0559855 -0.965879 0.252872
71.8747 56.6493 29.7313 -0.36421 0 1.9 0 0.542789 0.0675666 0.837147
72.8695 46.829 18.2425 -0.437314 0 1.8 0 0.0153363 0.688141 -0.725415
58.757 58.082 43.825 0.403592 0 3.8 0 -0.285974 0.262294 0.92164
39.8605 19.2725 33.5578 0.135303 0 -0.7 0 -0.120771 -0.460997 -0.879145
76.8098 39.2393 20.6777 0.948541 0 1.8 0 0.0195076 -0.434295 0.90056
81.976 51.643 30.824 -0.79037 0 -3.99872 0 0.883803 0.0142952 0.467642
57.713 39.714 52.772 0.603185 0.112391 -3.5 0 0.216799 -0.19573 0.956393
20.4993 44.353 45.5558 0.178363 0 3.8 0 -0.5742 0.752649 0.322201
52.4972 49.4972 37.0132 2.78477 0 1.8 0 0.473245 -0.535769 0.699278
42.509 48.665 45.729 4.58334 0 -3.5 0 0.0888596 -0.310982 -0.946253
22.272 59.708 45.1515 -1.08164 -0.565074 -0.7 0 -0.427579 0.612655 0.664703
53.521 16.996 34.385 1.44357 0 -3.9 0 -0.363316 -0.928731 -0.0738897
55.3045 37.4688 33.807 1.24855 0.182594 -0.996176 0 0.240313 0.0910712 -0.966414
24.2675 24.172 50.8255 2.92756 0 -3.9 0 -0.263674 -0.195123 0.944671
42.7747 62.8262 44.3078 0.635943 0.0917052 -4.5 0 -0.497766 0.620926 -0.605541
57.274 47.887 59.2355 -0.267465 0 -3.5 0 0.810487 0.517455 0.274501
34.3052 28.2025 18.9395 -1.88385 -0.478627 -3.5 0 -0.964177 -0.189235 -0.185884
54.3537 25.4482 49.9183 -0.770454 0 -3.5 0 -0.0339063 -0.895355 0.444061
68.36 39.6065 33.638 -1.44676 -0.00978056 -3.5 0 0.713757 0.542825 -0.442597
58.913 45.361 52.9395 -0.0930534 -0.100851 -1.6512 0 0.933374 -0.166067 -0.318174
56.62 28.62 42.637 -0.408576 0 -3.5 0 0.345901 -0.460645 0.81741
54.9805 33.2868 31.8815 1.37215 0 1.12041 0 -0.0878509 0.805601 -0.585909
21.8505 40.158 21.608 0.848882 0 -4.5 0 0.261908 0.84247 0.470796
48.806 15.501 51.93 0.3094 0 -4.5 0 0.906524 0.418244 -0.057332
46.0915 19.7305 27.925 -0.360527 0 -3.5 0 -0.841088 -0.533234 0.0907336
74.551 51.746 32.1605 -0.137157 0.0593997 0.724789 0 -0.693229 -0.338905 0.636063
19.536 46.8073 28.568 0.411059 0 -4.5 0 -0.199145 0.168036 -0.965456
43.0565 45.7062 17.3797 1.3451 0.709922 -3.9 0 -0.426631 0.894019 -0.136809
25.773 18.7045 47.8875 0.22837 0 -3.5 0 -0.43555 -0.719951 0.54034
68.2555 37.3452 33.956 -1.09502 -0.0709901 -3.5 0 0.45815 -0.874981 -0.15655
34.9895 35.4905 20.872 -0.602278 0 1.8 0 -0.845431 -0.485554 0.222449
84.3428 43.0205 29.1478 -0.210666 0 -0.4 0 0.88101 -0.149295 -0.448924
36.0085 50.455 46.6955 6.46474 0 -0.8 0 0.689262 0.0135846 -0.724385
52.1755 63.333 36.3047 0.223188 0 3.8 0 -0.770222 0.491574 0.406341
65.7708 39.267 19.57 0.725578 0.774176 -4.5 0 0.388346 -0.259904 -0.884102
22.158 27.058 42.9735 -0.126934 0 -3.9 0 0.181063 -0.684614 -0.70606
74.976 41.938 24.532 -0.559016 -0.2976 3.8 0 0.380475 -0.882989 -0.274897
29.1928 37.052 28.0053 -1.62311 -0.622978 1.8 0 -0.147432 -0.520863 -0.840812
37.313 15.7495 51.948 -0.890054 -0.0184646 -3.2 0 -0.209882 -0.55028 0.808172
79.0355 44.978 23.472 -0.297092 0 3.8 0 0.361597 -0.524155 -0.771044
29.258 56.4875 22.0665 -0.208336 0 -3.2 0 -0.323935 0.709441 -0.625907
35.6915 21.8622 27.3207 0.853069 0 -4.5 0 -0.0482731 -0.733255 -0.678238
25.683 27.314 43.182 -0.142013 0 4.2 0 -0.695628 -0.153349 -0.701844
44.3315 43.2163 62.6455 -0.721534 0 -4.5 0 -0.62715 -0.186039 0.756354
49.0153 59.9367 36.3517 1.14436 0 -4.5 0 0.971004 0.225302 0.0799427
62.5495 37.6365 29.4002 4.10008 0 -0.4 0 0.48698 -0.678325 -0.550206
55.862 62.2728 19.5403 -0.0788025 0 -3.5 0 -0.196 -0.135859 -0.971147
66.275 63.2108 19.1453 0.0182648 0 1.8 0 -0.321757 -0.0344835 -0.946194
16.814 34.3665 34.509 -1.74915 -0.43631 -3.5 0 -0.697802 -0.196833 0.688716
44.2147 64.6127 48.795 -1.15899 -0.293241 -4.5 0 -0.211795 0.789564 0.575961
48.89 23.6275 26.9985 -0.489751 -0.00869816 -0.823841 0 -0.472598 0.757656 -0.450121
25.397 47.8722 21.2073 0.515026 0 -4.5 0 -0.470559 -0.74703 -0.469596
40.9688 27.0382 58.1353 0.284507 0 -3.5 0 -0.679188 -0.486275 0.549764
26.579 31.966 20.2235 -0.0541029 0 4.2 0 0.267765 -0.953368 0.139252
43.0923 26.9865 57.8348 0.368892 0 -3.5 0 0.807151 -0.468143 0.359651
47.995 60.353 43.1825 0.330329 0.0259476 -4.5 0 0.631961 0.28085 0.722322
48.3375 24.487 46.2835 0.741081 0 3.8 0 0.743958 -0.223726 0.629662
61.5955 62.6505 20.8675 -0.39671 -0.461995 -2.4205 0 -0.00164499 0.291435 -0.956589
69.6693 64.336 30.6262 0.0986881 0.0232565 -3.5 0 0.435071 -0.298239 0.849568
25.631 33.466 27.5035 -0.859653 -0.329679 -4.5 0 0.134729 -0.98448 -0.112459
43.8503 61.3625 38.9622 0.871786 0 -4.5 0 -0.5964 0.5724 -0.562731
69.109 43.5735 36.1995 -0.17558 0 2.8 0 0.890114 -0.434389 -0.137856
42.532 50.0127 57.3717 0.278271 0 -4.5 0 -0.639367 0.284464 0.714346
57.9105 18.6607 46.781 -1.25396 -0.23888 -3.5 0 0.538106 -0.212223 0.815723
25.0775 30.0208 34.374 -1.46235 -0.283401 -3.5 0 -0.358579 -0.550483 -0.753916
47.501 19.534 49.2873 0.134779 0 -4.5 0 0.556646 0.301732 0.774017
24.6635 40.7265 20.029 -0.100028 0 -3.2 0 -0.391819 0.839145 -0.377245
17.9565 52.9663 46.647 -0.98255 -0.10379 4.2 0 -0.632029 -0.500791 0.591394
53.327 41.6535 60.299 -0.597268 -0.00176462 -0.4 0 0.180128 -0.730031 -0.659249
79.503 39.846 27.14 -0.149983 0 1.8 0 0.798809 -0.579318 0.162155
29.0575 55.7998 30.842 0.94824 0.859275 -0.8 0 -0.687768 0.644858 0.333367
61.9642 49.1102 18.7855 0.230682 0 1.8 0 -0.403766 -0.67109 -0.621781
19.0855 32.2472 19.8765 0.787601 0 -4.5 0 -0.566418 -0.0785576 -0.820366
24.468 58.9955 31.856 1.26361 0.723549 -3.9 0 0.227947 0.69731 -0.679558
44.818 27.0045 27.1665 -0.359797 0 -4.5 0 0.190271 -0.524024 -0.830178
44.5245 36.433 20.895 0.144214 0 3.8 0 0.737604 -0.45174 -0.501869
33.9458 36.047 58.686 -0.838995 -0.219833 3.8 0 0.692877 0.0227293 0.720698
27.3965 23.366 40.526 -0.406309 0 -4.5 0 -0.786994 -0.0559475 -0.614418
33.0535 53.9393 45.824 0.824148 -0.741858 -0.7 0 -0.348229 0.911785 0.21768
47.5635 24.4775 28.8925 -0.955176 -0.442145 -0.8 0 -0.211812 0.585178 -0.782753
58.453 21.0942 43.4335 -1.40523 -0.106507 -3.5 0 0.816397 0.51988 -0.251437
39.3755 33.4263 54.7573 -0.881359 -0.434651 0.959908 0 -0.669679 -0.191081 0.717648
46.561 24.4618 28.767 -0.487431 -0.313982 -2.14762 0 0.374438 0.431338 -0.820819
60.773 56.653 18.1925 0.0727925 0 -0.7 0 -0.366901 0.0431559 -0.929259
50.122 49.3265 37.3755 3.11694 0 2.70722 0 0.504649 -0.294698 0.81147
47.8037 13.8228 38.244 -0.0855162 -0.327871 -0.4 0 -0.280789 -0.894577 -0.347691
53.8625 62.6935 38.5005 -0.021392 0 3.8 0 -0.585213 0.22822 0.778101
61.317 49.878 20.7375 0.60893 0 1.8 0 -0.835105 -0.549564 -0.0240495
77.8717 37.8558 18.1273 -0.189881 -0.0204421 -0.873074 0 0.644065 -0.754243 0.127658
80.2083 52.9567 35.2267 0.105848 0.564533 -4.5 0 0.514205 0.554791 0.654065
70.4725 37.238 20.733 -1.35131 -0.132778 -3.5 0 -0.84648 -0.501337 -0.179259
57.0628 40.259 33.2438 1.40819 0 -1.6 0 -0.13124 -0.533158 -0.835774
27.217 17.577 43.682 0.78004 0.507972 -4.5 0 0.438865 -0.696813 -0.567317
24.8463 48.9095 20.807 0.418994 0 -4.5 0 -0.756538 -0.256763 -0.601434
78.6845 49.663 34.0025 -1.21688 -0.127088 -3.87059 0 -0.640212 -0.494993 0.587462
45.954 61.2533 36.0695 0.441504 0 -4.5 0 -0.964339 0.258527 -0.0566882
66.9437 37.882 42.222 -0.288008 0 -4.00828 0 -0.371231 -0.524792 0.766016
43.3633 50.232 32.9287 0.000779586 0 -3.5 0 -0.189031 0.821181 0.53845
56.2206 67.5328 39.2868 -0.69053 0 -4.5 0 -0.635446 0.656606 -0.406296
35.7528 27.7693 26.0015 0.366439 0.0858157 -4.19975 0 -0.0638925 0.333681 -0.940518
60.5725 38.7265 38.8815 0.261918 0 -3.31228 0 -0.594287 -0.273936 0.756163
16.6965 37.3965 38.3433 -1.27585 0 -0.7 0 -0.362235 -0.867197 -0.341695
49.5513 19.005 47.6415 -0.0604078 0 -4.5 0 0.53724 0.1255 0.83404
47.955 58.7363 55.983 -1.79815 -0.849029 -3.5 0 0.0548992 0.973076 0.223851
40.991 53.8128 58.078 -0.549985 -0.448533 -0.7 0 -0.0835249 -0.379453 0.921433
76.1783 38.6452 19.835 2.32922 0.424219 -0.885131 0 0.0678762 -0.880348 0.469447
49.0272 59.4378 48.3075 0.558022 0 -1.6 0 0.842562 -0.343563 -0.414794
57.1715 32.0892 32.5448 0.686831 0 2.37338 0 0.832813 0.529743 0.160607
44.5585 46.181 25.989 0.866709 0.0954836 -3.11768 0 0.000950172 0.82592 -0.563787
60.426 40.085 40.273 0.241947 0 1.8 0 -0.247053 -0.963614 0.102042
26.326 18.9085 48.9043 0.369501 0 -3.5 0 -0.37549 -0.810885 0.448857
58.302 45.539 63.2185 -0.944172 -0.0739284 -3.5 0 0.819125 0.036449 0.572456
50.4378 40.9955 45.2225 4.4884 0 1.8 0 0.0752333 -0.598775 0.797376
36.995 59.417 38.596 0.438798 0 -3.5 0 0.549115 -0.0274795 -0.835295
44.8932 13.5992 50.9338 0.260197 0 -4.5 0 0.524774 -0.84965 -0.0520385
56.6917 64.4573 41.9675 -2.87646 0 -4.5 0 -0.708434 -0.277036 0.649132
59.6145 30.203 27.9135 -0.937391 -0.105726 -4.5 0 0.689566 -0.652206 0.314843
43.2865 26.9575 27.233 -0.353822 0 -4.5 0 0.212046 -0.272807 -0.93841
63.344 57.8488 19.5562 0.14934 0 0.648805 0 0.478536 0.181093 -0.859191
58.1753 29.6593 26.0767 0.140131 0 -3.9941 0 0.671602 -0.739995 0.036865
61.1188 49.5547 19.1248 0.212923 0 1.8 0 -0.859092 -0.392747 -0.328193
61.815 64.027 42.8885 -0.037587 0.224197 -4.5 0 0.474109 0.736106 0.483083
19.288 29.358 52.943 1.49191 0.755808 -0.8 0 -0.297944 -0.753462 0.58611
52.4982 45.5723 38.483 2.75212 0 3.8 0 0.163296 0.970313 -0.178399
44.5353 55.0412 40.7938 1.39439 0 -1.4219 0 -0.243909 0.32348 -0.914259
50.2455 13.1025 42.8205 -0.186987 0 -0.4 0 -0.386819 -0.722678 0.572807
32.521 40.725 14.2645 0.434922 0 -3.5 0 -0.419633 -0.16791 -0.892028
67.645 55.2313 38.7513 -2.02783 -0.034224 -3.5 0 0.608398 0.0635721 0.791082
68.276 65.216 25.322 -0.0703468 0 -3.5 0 0.313576 0.861765 -0.398787
57.3223 27.7103 25.1173 -0.00298135 0 -3.5 0 0.822012 -0.235781 0.518366
43.2945 50.7938 26.536 -0.501912 -0.664547 -3.5 0 -0.153691 0.430243 -0.889534
32.88 61.0672 40.369 0.958367 0.0665786 -3.5 0 -0.447911 0.762004 0.467681
55.6855 24.4695 34.21 -0.639721 0 -3.5 0 0.990215 -0.138033 -0.0205317
59.5825 31.157 42.653 -1.39472 -0.315816 -3.5 0 0.819312 0.174162 0.546256
39.0845 28.732 20.0835 -0.716126 0 -3.5 0 0.33218 -0.818776 -0.468255
48.2132 13.9435 35.8478 -0.0881671 0 -0.4 0 0.306984 -0.951456 -0.0221761
31.8288 44.675 18.5875 -0.14844 -0.0847982 -3.5 0 -0.192137 0.550492 -0.812429
44.096 53.938 60.5233 -0.732118 -0.746645 -0.8 0 -0.8041 0.011645 0.59438
80.8197 41.253 17.6758 -0.215534 0 1.8 0 0.911608 0.40155 -0.0879092
79.0305 54.0617 22.2375 -1.85178 -0.10936 -3.5 0 0.44895 0.433813 -0.781185
84.3545 53.1177 29.6515 -1.91086 -0.128332 -3.5 0 0.505635 0.513159 0.693542
38.46 20.3145 40.314 -0.209327 0 4.5 0 -0.722621 -0.655637 -0.218997
30.925 20.2955 43.918 -0.151212 -0.110917 -0.853046 0 0.273299 -0.844147 -0.46122
24.4185 20.787 42.709 0.431408 0 -4.5 0 -0.6951 0.298255 -0.654126
15.695 38.7025 45.028 0.179722 0 -4.5 0 -0.986456 -0.139853 0.0857114
54.7702 27.594 21.3525 0.355735 0 -3.5 0 -0.747835 -0.523765 -0.407938
50.3647 49.514 66.0098 0.459686 0 -4.5 0 -0.748019 -0.16874 0.641868
52.7762 50.1102 65.8288 0.400699 0 -4.5 0 0.738087 0.526649 0.421744
71.3682 34.2405 40.356 0.163422 0 -4.5 0 0.82512 0.0361631 0.563799
59.958 49.631 45.809 -0.429361 -0.801685 -3.34691 0 0.458728 -0.094647 0.883522
51.2067 48.7202 66.394 0.428664 0 -4.5 0 -0.355486 -0.480132 0.801937
17.5007 37.896 17.9287 0.499674 0 -4.5 0 -0.640937 -0.760473 0.104313
46.254 16.5432 54.82 0.395698 0 -4.5 0 0.387475 0.42879 0.81609
78.63 54.7077 22.9695 -1.9968 -0.425169 -3.5 0 0.138973 0.967576 -0.210909
68.2128 32.281 41.88 0.292542 0 -4.5 0 -0.214718 -0.308762 0.926586
29.777 56.3365 52.5935 0.434195 0 1.8 0 0.317785 0.947643 0.0313982
73.0107 54.7555 31.067 -0.391373 0 1.8 0 0.0822928 0.705773 0.703643
12.3842 43.259 50.1792 0.342599 0 -4.5 0 -0.729296 0.465626 0.501318
38.9492 29.0667 23.6737 -0.0368715 -0.0723516 -3.23194 0 -0.954104 -0.296679 0.0408269
68.6913 31.492 39.566 0.317883 0 -4.5 0 -0.130704 -0.781567 -0.609976
15.805 49.7395 36.9605 -2.16106 -0.0232616 -3.5 0 -0.962748 0.117349 -0.243611
50.7985 42.148 23.0905 0.453925 0 -3.9 0 -0.532381 0.109667 -0.839371
35.2363 40.2685 26.0625 -0.787264 0 3.8 0 -0.636175 -0.633981 -0.439715
38.8095 50.1942 52.6295 1.12947 0 -0.4 0 -0.558456 0.320102 0.765285
64.5163 40.3185 25.6485 1.07869 0 -0.4 0 -0.428379 -0.811504 0.397434
16.0413 49.7015 39.0405 0.616013 0 -3.69999 0 -0.847358 0.521816 -0.0984503
54.273 29.0168 50.932 0.23945 0 -3.5 0 0.583278 0.769027 0.261502
77.904 50.3515 36.1748 0.225074 0.603083 -4.5 0 -0.272384 -0.798944 0.536186
26.3735 60.3865 46.585 0.202953 0 -0.7 0 -0.273249 0.0893813 0.957782
47.535 16.086 50.089 0.5174 0.547802 -4.5 0 0.885262 0.0228679 -0.464529
31.986 32.92 60.2402 -0.192246 -0.828482 -0.8 0 0.92426 0.298402 0.238115
61.605 30.85 35.656 0.186712 0 -4.5 0 0.913155 0.0939675 -0.396634
19.1615 43.6285 31.0195 -0.188713 0 -4.5 0 -0.750037 -0.298634 -0.590137
65.1285 50.1845 18.6805 -0.0914244 0 1.8 0 0.180033 0.135714 -0.974254
16.58 58.0395 45.6865 0.0300969 0 4.2 0 -0.780613 0.624354 -0.0287328
60.7595 64.687 43.131 -0.0908849 0 -4.5 0 0.22954 0.718404 0.656664
62.5187 33.4463 37.3457 -1.45158 -0.00165806 -3.5 0 0.805499 -0.455623 -0.378919
78.5495 45.417 35.6982 -0.421785 0 4.5 0 -0.112508 0.337354 0.934631
14.598 34.384 46.614 0.0887009 -0.134996 -4.32567 0 -0.900643 -0.166774 -0.401283
22.5585 39.7575 23.6087 0.611829 0.00558193 -3.84966 0 -0.00660583 0.984132 -0.177314
35.898 22.815 33.486 -1.16574 -0.423563 -4.5 0 -0.0236506 -0.915465 0.401701
37.0047 16.886 51.8688 -0.850037 -0.809136 -3.2 0 -0.349657 0.130411 0.927757
34.9683 25.2965 38.702 0.463285 0.519101 -0.8 0 -0.511601 -0.835715 0.199611
46.8228 33.729 25.8577 0.843085 0 -0.349011 0 0.841949 0.534947 0.0703806
28.941 57.2762 24.179 0.479234 0 -3.2 0 -0.415842 0.884885 0.209889
51.703 57.3385 24.071 0.0857428 0 -0.4 0 -0.849526 0.239662 -0.469966
39.825 46.7812 48.5168 4.97791 -0.957881 -0.7 0 -0.386943 0.390361 -0.8354
35.176 47.153 44.9725 6.29914 0.875384 -3.5 0 0.971989 0.172766 -0.159338
17.6005 30.5678 21.374 0.0272757 0 -4.5 0 -0.594785 -0.504142 -0.626156
53.8787 64.7663 35.4945 0.0694719 0 3.8 0 -0.40499 0.867661 -0.288354
78.1722 44.2168 35.6932 -0.328757 0 4.5 0 -0.274181 -0.303447 0.912548
18.781 42.314 31.1068 -0.470264 -0.22637 -3.5 0 -0.63346 0.457823 -0.6238
33.5825 39.468 58.813 -0.976312 0 -3.5 0 0.177678 -0.120055 0.976738
52.9777 29.7068 49.4222 0.208265 0 -3.5 0 0.810003 0.572138 0.12866
48.38 61.9342 51.538 0.206092 0 -1.6 0 0.48326 0.543473 0.686365
20.245 39.9815 16.3943 -0.0201655 0 -4.5 0 0.220427 0.845481 -0.486389
85.597 48.78 29.4635 -0.530506 0 -3.5 0 0.961912 0.261606 0.0792898
55.3003 41.0708 23.3055 1.6455 0 -3.9 0 0.744457 -0.655261 -0.128127
65.2015 58.2 40.1295 -0.375073 0 3.8 0 0.983113 0.121318 -0.137008
29.1345 21.223 51.0815 0.0184369 0.0691434 -3.5 0 0.444175 -0.702547 0.556
50.818 56.5595 47.225 0.628645 0 -0.746688 0 -0.392569 0.76542 0.509923
30.3447 60.5392 32.045 0.3703 0 -1.6 0 -0.32927 0.620375 -0.71184
47.7788 47.2653 42.3293 3.9317 0 -0.984405 0 -0.174717 0.495584 0.850806
81.0105 52.2352 34.3075 -0.440882 0 -4.00693 0 0.827877 0.433085 0.356451
64.3788 37.726 22.1957 0.24809 0 -4.5 0 -0.178405 -0.979104 -0.0976088
51.1177 60.5935 43.9463 -1.0898 0 -3.5 0 -0.393061 0.839324 0.37555
53.1945 53.2933 50.0975 1.40499 0.38889 -4.5 0 0.53525 0.815805 0.21902
57.8655 26.313 39.7705 0.0448915 0 -3.5 0 0.884698 -0.319207 0.339729
57.1862 68.6012 39.87 -0.887525 -0.104886 -4.5 0 -0.129929 0.93362 -0.333875
56.7427 35.4632 50.9738 1.98635 0.612256 -3.9 0 0.630047 -0.775237 -0.045266
39.0822 21.3265 37.9663 -0.340912 0 3.07422 0 -0.983677 -0.156935 -0.0880406
58.382 68.3067 40.473 -0.663715 0 -4.5 0 0.630964 0.770607 0.0897228
44.7212 60.415 51.5747 0.0760248 0.0768933 -3.69655 0 -0.0990917 0.768896 0.631649
43.378 29.4355 19.6495 -1.51809 0 -3.5 0 -0.118869 -0.962136 -0.245286
44.3317 22.1642 28.3635 -0.764339 0 -3.5 0 -0.153243 -0.987132 -0.0456772
47.1625 14.4622 40.269 -0.201223 -0.265568 1.03477 0 -0.730949 -0.571573 0.372851
80.423 42.7552 28.6485 -0.0154103 0 4.5 0 0.56368 -0.1512 -0.812036
34.8112 35.1245 57.7735 0.925738 0.865996 -3.9 0 0.711951 0.232991 0.662451
68.074 51.9403 37.312 -0.414994 0 3.8 0 0.900473 0.241364 0.361791
39.831 48.9847 26.3305 -0.742669 -0.0180893 -0.838645 0 0.60689 -0.314272 -0.730012
47.94 58.0705 29.493 0.832454 0.1839 -4.5 0 -0.884556 -0.119946 -0.450748
51.9567 56.7863 56.9492 -0.0271711 0 3.8 0 0.00778094 0.721293 0.692587
41.6823 36.979 58.001 0.149856 0 3.8 0 0.34586 0.0422257 0.937336
85.595 50.387 26.44 -0.501439 0 -3.5 0 0.918485 -0.0511515 -0.392134
61.4495 39.053 39.7915 0.0459872 0 -0.85709 0 -0.483399 -0.661708 0.573121
74.3477 36.463 22.993 -1.46891 -0.778871 -3.5 0 0.741922 -0.389284 0.545903
15.451 31.2253 48.5793 -1.51949 -0.0132718 -3.5 0 -0.589888 -0.406167 0.697897
43.087 63.4417 49.0283 -0.200885 0 -4.5 0 0.117369 0.306594 0.944577
51.0272 57.4085 34.8908 0.958323 0.0492244 -3.83456 0 0.593445 0.709027 0.380926
17.246 34.836 29.4565 -0.286849 -0.339665 -3.5 0 -0.571589 -0.767759 -0.289538
30.5138 29.6515 59.4403 -0.379126 0 -0.8 0 0.00637604 -0.999302 0.0368066
48.2713 61.3255 31.76 0.709807 0 -4.5 0 -0.0672729 0.923197 -0.378393
30.497 56.5365 25.8 0.338798 0.0577667 -2 0 0.302118 0.945486 -0.121576
57.902 38.8735 41.9885 0.412221 0 -0.9 0 0.681246 -0.712575 -0.16775
20.828 32.5778 18.9443 0.792488 0 -4.5 0 -0.0105609 0.23519 -0.971892
31.5165 21.542 50.5628 0.196028 0 1.8 0 0.0888126 -0.989906 0.110445
52.3143 13.0422 39.7262 -0.0227941 0 -0.4 0 0.533464 -0.685823 -0.495038
59.235 48.395 46.774 -1.02748 -0.0778615 -3.5 0 0.734281 -0.331472 0.592417
58.5488 44.3905 52.9323 -0.415261 -0.657808 -1.6 0 0.791727 -0.582506 -0.183998
60.964 31.406 34.6535 0.189183 0 -4.5 0 0.725554 0.302857 -0.61794
51.7415 52.125 60.3245 0.172327 0 -2.1612 0 0.302831 0.439531 0.845639
18.3795 51.7705 34.6055 -1.2447 -0.788611 -3.5 0 -0.431407 0.679673 -0.593239
39.276 18.476 37.473 -0.274336 0 -0.7 0 -0.642108 -0.691531 0.330881
54.707 49.3395 31.1735 2.48863 0 2.8 0 0.227024 -0.585244 0.778428
25.694 32.8945 18.214 0.13079 0 4.2 0 -0.119275 -0.609058 -0.784106
42.93 60.0415 52.697 0.589134 0.605137 -4.5 0 -0.435545 0.897122 0.0739754
46.4545 40.9235 64.6425 0.402357 0 1.8 0 -0.938835 0.00373272 0.344348
17.5028 28.0977 43.7505 -0.398815 0 -3.5 0 -0.61179 -0.764096 -0.20462
43.685 54.9173 58.0202 0.170405 -0.493794 -0.749825 0 -0.333349 0.799352 0.499915
52.8895 47.399 40.2845 3.00044 0 -0.7 0 -0.154628 0.750402 -0.642641
47.079 20.9517 24.5595 -1.43739 -0.00587877 -3.5 0 -0.731265 0.0893774 -0.676212
48.4085 40.8495 24.8455 0.636827 0 -3.9 0 -0.120295 -0.337886 -0.933468
51.614 61.247 40.5975 -0.138284 -0.368668 -0.8 0 -0.135142 0.989584 0.049599
73.2217 51.6365 23.386 -1.35564 0 -3.5 0 0.811962 -0.275054 -0.514844
26.7033 26.9825 53.1955 0.0895115 0 3.8 0 -0.928953 -0.358864 -0.0909035
37.3758 35.7643 14.3693 1.16667 0 -3.9 0 -0.813113 -0.570904 -0.113649
47.3385 29.894 54.463 -1.15157 0 -3.5 0 -0.291947 -0.95293 0.081795
60.871 63.635 20.7325 -1.3337 -0.0446621 -3.5 0 0.262436 0.129358 -0.956239
42.5275 29.454 21.922 -0.360123 -0.202594 -3.5 0 0.490859 -0.805023 -0.33316
53.247 16.716 36.446 0.177912 0 -3.9 0 -0.152315 -0.938517 -0.309817
48.304 38.8765 43.05 5.23138 0.0949405 -0.766998 0 -0.156812 0.156176 0.975202
21.8447 33.4045 58.7215 -0.415414 0 -3.5 0 -0.966115 0.257487 0.0179478
35.31 32.521 19.9335 -0.424034 0 -3.5 0 -0.911631 0.39834 -0.10126
25.6448 60.4383 41.498 0.311018 -0.252106 -0.7 0 0.392226 -0.136198 -0.90973
21.606 48.2603 48.422 0.0702309 0 3.8 0 -0.55189 0.788913 0.270248
32.2275 39.7393 14.7828 -0.262948 0 -3.5 0 -0.57746 -0.420125 -0.700025
29.476 27.7755 29.983 -0.139704 0 -0.4 0 -0.969096 -0.174917 0.173945
35.449 50.3192 44.2735 6.08867 0 2.8 0 0.921974 -0.202426 0.330132
62.5675 42.158 44.29 -0.380948 -0.0307618 1.8 0 0.376285 -0.31039 0.872965
67.1592 60.6452 20.2377 0.00520374 0 1.8 0 0.138499 -0.35396 -0.924949
70.091 32.4295 39.257 0.259698 0.0455317 -4.5 0 0.363584 -0.766789 -0.529001
51.8418 47.3625 40.7255 3.14828 0 -0.7 0 -0.0633979 0.600126 -0.797389
28.7157 25.837 39.759 -0.808278 -0.055184 -0.0957767 0 -0.672146 0.154494 -0.724121
26.4872 41.5592 19.77 -0.471258 0 -3.2 0 -0.19716 0.841175 -0.50354
31.131 21.027 48.551 0.425875 0 -3.5 0 0.691043 -0.659079 0.296773
70.9395 41.7935 30.582 -0.114545 0 1.8 0 0.540448 -0.517723 0.663234
25.043 32.0535 60.0175 -0.0639493 0 -3.5 0 0.148325 -0.61637 0.773361
38.1925 24.2835 27.8035 0.130214 0 -4.5 0 0.190679 -0.8004 -0.568332
24.5107 59.7417 35.9308 0.232384 0 -3.9 0 -0.478677 0.807098 0.345632
52.3055 47.698 65.5575 0.403858 0.0445088 -4.5 0 0.0128085 -0.622566 0.782463
84.775 51.818 29.5965 -1.28819 -0.357615 -3.5 0 0.639855 0.228287 0.733806
18.5537 43.1258 47.296 -0.0631854 0 -4.04246 0 0.07139 0.984401 -0.160803
31.8997 27.0282 55.3705 -0.278497 0 -3.5 0 -0.198971 -0.787132 0.583809
61.1398 31.869 23.0187 0.394777 0 -4.5 0 0.718088 -0.136916 -0.682351
25.5165 56.009 46.6195 -0.679789 0 -3.9 0 -0.566537 -0.425402 0.70574
45.2487 56.4835 56.8143 -0.415605 0 -3.5 0 -0.307367 0.674945 0.670802
48.6655 18.6965 24.7712 -1.4368 -0.0745381 -3.5 0 0.475441 -0.849026 -0.230457
48.0137 29.3732 51.512 -0.932451 -0.0315737 -3.5 0 -0.666473 -0.1803 0.723398
33.462 50.2238 53.5778 0.862085 0.00639829 -3.06965 0 -0.308857 0.950378 0.0372855
48.4305 38.2477 56.1628 0.420961 0 -1.6 0 0.214253 -0.674895 0.706124
26.37 34.2018 24.03 -0.619866 -0.0560674 3.64552 0 0.702774 -0.40375 0.585743
62.4198 58.686 45.4295 -1.29669 -0.170552 -0.4 0 0.471487 0.515298 0.715659
38.0865 64.598 38.1475 -1.25201 -0.883022 -3.5 0 0.778513 -0.126613 -0.614725
53.6432 39.373 30.0023 1.13621 0 1.9 0 0.982765 0.00734186 0.184711
48.4585 31.3175 22.4145 0.596239 0.219959 -4.5 0 0.475583 0.394316 -0.786343
37.509 53.953 26.069 0.934885 0 -4.5 0 -0.276069 0.59357 -0.75595
32.9545 36.987 26.234 -1.95292 0 -3.5 0 -0.295176 0.601043 -0.74271
56.551 19.644 37.464 0.0394523 0 -3.30721 0 0.965941 -0.190149 0.175501
77.818 38.9767 20.8727 0.0435442 0 1.8 0 0.0197421 -0.339188 0.940511
36.9755 20.321 52.0513 0.161411 0 -3.2 0 0.0986436 -0.199634 0.974893
50.0457 39.477 48.8112 3.53598 0 -2.55997 0 0.714677 -0.20299 -0.669352
33.5975 59.2215 48.05 0.894832 0.167138 -3.75218 0 0.405674 -0.814642 -0.414472
50.5235 39.1157 62.0122 -1.16529 -0.236117 1.8 0 0.366685 -0.917666 -0.153073
79.6858 45.8438 22.9438 -0.330862 0 3.8 0 0.494299 -0.377824 -0.782891
53.1763 41.084 49.1662 2.27371 0 -3.5 0 -0.290468 -0.499585 -0.816115
12.3275 43.393 48.4825 0.852956 0.0831747 -4.5 0 -0.940618 0.336905 0.041624
55.586 27.2485 20.741 0.623332 0.656237 -3.5 0 -0.20156 -0.650956 -0.731867
33.8645 29.571 19.9265 -1.67543 -0.542368 -3.5 0 -0.92969 -0.336718 -0.14932
35.61 58.5775 33.4855 0.438648 0 -3.2 0 0.238246 0.971205 0.000537235
58.8245 40.9415 22.6595 0.587017 0 -4.5 0 -0.877311 0.290257 -0.382199
15.058 42.9505 51.1865 0.532879 0.469817 -4.5 0 0.0139356 0.506378 0.862199
39.7982 25.1545 21.4937 1.74132 0.283553 -3.9 0 -0.365945 -0.253431 -0.895465
31.5292 31.8883 25.1507 -0.213768 0 -3.2 0 -0.672877 -0.302922 -0.674889
23.7645 48.4805 48.3177 0.326833 0 3.8 0 -0.434475 0.700655 0.565964
36.0843 57.313 36.8677 1.04473 0 -0.8 0 0.69907 0.691303 -0.182758
53.22 58.569 32.4115 0.602907 0 3.8 0 -0.0523528 0.998606 0.00671014
50.2072 50.5925 48.0875 2.64864 0 2.5925 0 0.260723 0.10351 -0.959849
28.5565 22.757 40.4385 -0.409046 -0.0996114 -4.5 0 -0.117691 -0.420668 -0.899548
26.278 26.769 41.948 -0.216673 0 4.2 0 -0.770464 -0.313585 -0.555023
78.0847 39.7972 29.1068 0.167041 0.361821 1.8 0 0.103922 -0.828401 0.550411
23.414 26.6933 43.4688 -0.0469505 0 -3.9 0 0.114272 -0.532136 -0.838912
42.977 54.7865 40.617 1.56295 0 -1.3 0 0.371029 0.29203 -0.881508
19.0537 36.73 21.9573 0.623452 0 -4.5 0 -0.945001 -0.297451 -0.135999
38.5875 48.4972 23.6495 -0.379576 0 -4.5 0 0.925063 0.327719 -0.191984
62.8937 55.542 46.016 -0.0580496 0 -0.4 0 0.628267 0.167927 0.759658
47.7168 39.1415 64.008 0.283829 0 1.8 0 -0.282997 -0.949532 -0.135284
35.4965 25.3865 39.7702 0.119332 -0.496465 -0.8 0 -0.495789 -0.687023 0.531217
36.814 42.6852 15.2397 0.55163 0 -3.5 0 0.595685 0.587494 -0.547732
35.015 44.6473 42.117 5.94216 0.121325 -3.5 0 0.881767 0.380221 0.279139
46.641 53.5832 34.9608 0.755121 0 -0.148221 0 -0.757865 0.652061 -0.0213983
77.0605 36.2178 15.2552 -1.49745 -0.0392182 -3.5 0 0.184343 -0.948271 -0.258456
29.4932 45.502 21.5713 0.319555 0.1224 -3.89838 0 -0.986596 0.162479 -0.0151443
66.8465 64.9053 22.1537 0.0483997 0 1.8 0 0.00870062 0.982256 0.187346
55.488 61.1215 20.402 -0.379739 0 -3.5 0 -0.344925 -0.340269 -0.874782
26.9412 36.6302 26.6787 -0.708155 0 -3.36889 0 0.880871 -0.275919 -0.384624
30.2025 28.4805 32.325 0.424619 0 3.20888 0 -0.959357 -0.268794 0.0859281
41.2685 56.485 55.8815 0.319155 0 -0.7 0 -0.0542918 0.976411 0.208984
44.8452 38.7067 24.1353 -0.111947 0 -1.3 0 0.629592 0.338184 -0.699461
36.682 42.6017 22.7553 -0.125563 0 -3.5 0 -0.690001 0.377221 0.61774
39.09 48.342 17.7175 -0.852032 -0.0382195 1.8 0 0.870535 0.315058 -0.378031
26.7633 16.3353 45.1283 0.669836 0.908684 -4.5 0 0.632937 -0.773547 0.0318866
68.706 42.795 43.641 -0.520106 -0.0403679 -3.5 0 0.783595 0.371517 0.49795
22.5718 49.375 30.956 0.0365874 0 4.2 0 -0.73308 0.639016 -0.23292
38.3415 49.3745 21.447 0.252117 -0.178972 -0.57957 0 0.966125 0.0667103 0.249303
20.997 52.8255 40.8213 -0.914417 -0.0135423 -3.5 0 -0.443464 0.811741 -0.380023
12.5028 42.4967 46.9282 0.894107 0.521042 -4.5 0 -0.797529 -0.421987 -0.431132
46.6483 36.2905 27.775 -0.194016 -0.279056 2.90629 0 0.661191 -0.651601 -0.371809
59.257 28.8813 41.156 -0.368949 0 -3.5 0 0.843077 -0.488134 0.225711
75.155 44.957 31.8415 -0.415928 0 4.18721 0 -0.594601 0.142562 0.791281
32.481 27.3862 56.2933 -0.650989 0 -3.5 0 -0.210409 -0.84877 0.485096
43.4183 16.26 42.2093 -0.0128987 0 -0.396874 0 -0.204215 -0.978051 0.0413803
24.357 40.8865 21.173 0.358913 0 -3.2 0 -0.446988 0.894405 0.0155573
25.404 38.9465 53.6 -0.48852 0 -0.666814 0 0.549425 0.560361 0.619781
57.484 41.2933 29.3225 0.859513 -0.15896 -1.6 0 -0.665688 -0.654406 0.358626
68.1913 32.6393 38.9835 -0.194473 0 -4.5 0 -0.47282 -0.35739 -0.805427
57.721 50.2233 22.6661 0.292256 0 3.72057 0 0.137893 -0.484879 -0.863642
25.263 23.842 50.841 1.34722 0.225693 -3.9 0 -0.18274 -0.106279 0.9774
42.1717 32.3965 17.596 -1.37818 -0.0891861 -3.5 0 -0.166037 -0.0918894 -0.981829
44.027 60.2 52.496 1.07371 0.631573 -4.5 0 0.0466311 0.952228 0.301805
25.008 53.6768 46.918 2.06424 0 -3.9 0 -0.442949 0.704154 0.554944
28.6973 32.285 31.7518 -0.40216 0 1.8 0 -0.488124 -0.50582 -0.711253
29.0917 57.8315 41.8937 0.435182 -0.19926 -3.5 0 -0.221486 0.969075 -0.108798
37.7132 35.2043 13.3855 0.472816 0 -3.9 0 -0.567401 -0.758006 -0.321688
55.857 27.3967 27.9155 -0.150948 0 -3.5 0 0.675363 -0.690389 0.259323
39.9015 51.1 24.687 0.536522 0 -4.5 0 0.832295 -0.156786 -0.531699
51.6575 42.5045 48.0127 2.79844 0 -2.09274 0 0.274527 -0.825775 -0.492677
56.3705 17.5535 45.5395 -0.779057 -0.197438 -3.5 0 -0.0893203 -0.671808 0.73532
25.8482 43.2725 53.4403 0.146272 -0.593254 -3.08864 0 0.0936473 -0.67661 0.730362
40.627 48.196 48.203 5.75436 0.00835527 -3.5 0 -0.827821 -0.165178 -0.536124
22.3528 33.8592 61.4985 -0.971509 -0.379904 -3.5 0 -0.577974 0.435221 0.69031
67.8515 46.3843 43.5445 -1.33847 -0.0950154 -3.5 0 0.701924 0.437471 0.562069
45.0807 37.6522 22.162 0.212986 0 3.8 0 0.990143 0.131577 0.047996
28.9562 57.0975 23.0755 0.367508 0 -3.2 0 -0.354557 0.875666 -0.32787
53.6123 61.0535 42.2062 -1.46431 -0.031213 -3.5 0 0.460088 0.875504 -0.147689
60.8097 39.58 20.907 0.841411 0 -4.5 0 -0.588779 -0.528749 -0.611362
43.059 23.514 53.304 -0.0108281 0 -4.5 0 0.412743 -0.651331 0.636719
43.2798 42.2738 15.9965 1.24879 0 -3.9 0 -0.00494976 -0.342451 -0.939523
55.0812 65.3503 27.3125 -0.735272 -0.00503903 -0.4 0 -0.370554 0.844694 0.38624
70.395 63.652 27.8135 -0.14289 0 -3.5 0 0.957708 0.260475 -0.12226
13.2317 45.123 45.7308 0.480966 0 -4.5 0 -0.676372 0.621706 -0.394971
35.7407 64.604 42.0995 -1.17147 -0.633649 -3.5 0 -0.546001 0.120828 0.829025
17.156 54.0607 46.4108 -0.202818 0 4.2 0 -0.779489 -0.536672 0.323078
14.7288 37.7775 43.008 -0.644491 -0.353833 -0.7 0 -0.701503 -0.00423272 0.712654
39.632 26.32 21.8022 2.20879 0.00729448 -3.9 0 -0.578668 0.0569179 -0.813574
37.747 17.8937 51.9787 0.167862 -0.297032 -3.2 0 -0.311146 -0.0439351 0.949346
48.0397 13.9941 41.1077 -0.527736 0 -0.4 0 -0.66527 -0.410422 0.623675
70.8047 51.7282 32.758 -0.361184 0 3.8 0 0.432733 0.30195 0.849452
29.1305 39.684 58.3885 -0.876078 -0.340895 -1.82927 0 -0.0953337 0.962472 0.254084
28.678 19.1145 48.942 0.261014 0 -3.5 0 0.470752 -0.784276 0.404108
21.2068 32.4038 56.545 -1.59738 -0.565466 -3.5 0 -0.767895 -0.419813 0.483834
45.4728 21.1318 50.7002 -0.826438 -0.030072 -3.5 0 0.790509 0.116273 0.601312
68.6797 51.464 33.9055 -0.430497 0 3.8 0 0.852202 0.427951 0.301013
58.0687 48.0485 23.8633 0.341342 0 4.15033 0 -0.168376 -0.668127 -0.724745
23.9945 29.076 51.7975 0.450879 0 -0.800424 0 -0.096567 -0.944927 0.312711
23.6565 30.2647 55.5033 0.0504345 0 -3.5 0 -0.853758 -0.510955 0.100114
46.9818 19.5352 24.5198 -1.60352 -0.022234 -3.5 0 -0.71584 -0.208144 -0.66652
50.0308 25.3143 51.4505 -1.59478 -0.485225 -3.5 0 -0.0845286 -0.898036 0.431725
38.776 51.3575 46.576 6.33396 0.281211 -3.49202 0 -0.280321 -0.488991 -0.826019
53.3195 56.4198 53.5057 0.0792986 0 3.8 0 0.568089 0.786431 -0.242489
68.015 39.0715 44.0635 -1.26401 0 -3.5 0 0.399942 -0.817844 0.413736
57.944 25.5847 37.7412 -0.298904 0 -4.00937 0 0.928803 0.0221025 0.369913
60.488 64.553 27.0255 0.092926 -0.830877 -0.8 0 -0.510444 0.847843 0.143558
75.1996 40.6707 29.9889 -1.33423 -0.193193 1.8 0 -0.317533 -0.560792 0.764647
33.6875 25.0368 30.7525 0.488106 0.0135151 -4.5 0 -0.768912 -0.398344 0.500096
69.185 46.6495 30.567 -0.680584 0 3.8 0 0.380067 -0.432882 0.817412
59.8812 65.0577 42.6725 -0.113012 0 -4.5 0 0.220264 0.646497 0.730428
61.2425 60.154 20.0975 0.0218047 0 4.2 0 -0.471835 0.377824 -0.796631
85.0755 52.791 28.918 -1.9199 -0.0123794 -3.5 0 0.89253 0.294217 0.3418
79.9573 40.697 30.6737 -0.776531 -0.921835 -0.168697 0 -0.0792501 -0.930935 0.356483
80.397 46.247 23.6702 -0.351647 0 3.8 0 0.737075 -0.0970166 -0.668811
54.7445 48.5295 42.797 2.3829 -0.211208 -2.08997 0 -0.410398 0.803651 -0.43095
30.0585 30.573 30.6025 -1.4128 -0.0973809 3.8 0 -0.943811 0.175027 -0.280332
18.9247 37.5895 18.8943 0.392624 0 -4.5 0 -0.403023 -0.914979 0.0196475
61.4123 64.694 21.284 -0.684283 -0.177767 -0.658122 0 0.382514 0.213349 -0.89898
48.3175 12.5118 40.6167 -1.21608 -0.490405 -0.4 0 -0.560377 -0.728171 0.394645
15.957 56.1855 46.7918 0.0288803 0 4.2 0 -0.86703 -0.103079 0.487476
48.2632 37.6797 44.6717 5.34719 0 4.2 0 -0.107004 0.987092 0.11916
25.4527 30.4915 59.5107 -0.872915 0 -3.5 0 -0.0188505 0.192929 0.981032
45.7115 54.274 37.399 1.32043 0 -3.2 0 -0.71982 0.410738 -0.559601
65.83 42.5975 21.4375 0.357056 0 -1.6 0 -0.136986 0.0465461 -0.989479
15.9097 30.062 43.843 -0.324529 0 -3.5 0 -0.873564 -0.170311 -0.455939
57.326 63.6937 42.6865 -0.317834 0 -4.5 0 -0.648808 -0.0892367 0.755702
70.1103 62.984 26.2635 -0.149982 0 -3.5 0 0.937679 0.327266 0.116854
62.241 39.927 43.396 0.158414 0 1.8 0 0.171164 -0.801284 0.573278
33.7127 40.6255 58.651 -0.821985 -0.569606 -3.5 0 -0.172261 0.533179 0.828279
15.8027 40.831 49.925 -0.20771 0 1.8 0 -0.704149 -0.705121 -0.0835318
15.9625 33.016 42.493 -0.198408 0 3.8 0 -0.908044 -0.172519 -0.381698
62.406 62.0445 20.3555 0.0770664 0 4.2 0 -0.0987919 0.510404 -0.854241
42.605 55.2783 57.476 0.409813 -0.202431 -0.7 0 0.106929 0.757786 0.643682
34.8195 57.6312 26.853 0.373543 0 4.2 0 0.258036 0.552466 -0.79259
36.8675 51.1935 46.994 6.52899 0.473932 -3.5 0 0.024155 -0.235208 -0.971645
73.9703 54.9688 29.9305 -0.211439 0 1.8 0 0.151082 0.787073 0.598073
81.32 51.19 35.667 -1.29361 -0 -3.5 0 0.411007 0.363699 0.83594
78.8867 53.692 28.4433 -0.501092 0 -4.39064 0 0.615486 0.747331 -0.250348
56.887 49.006 48.684 0.542703 0 -1.6 0 0.661443 0.740626 -0.118176
82.021 40.761 29.407 -1.08198 -0.253876 -0.4 0 0.306936 -0.749603 -0.586417
39.5233 43.9393 41.7702 5.85013 0 -1.9291 0 -0.0221601 0.62441 0.780782
23.6575 53.5735 36.8235 -1.49231 0 -2.59172 0 -0.519141 0.831133 0.199276
75.3155 41.9875 23.4093 -0.164266 -0.0425902 1.98852 0 0.301279 -0.887842 0.347803
73.7195 58.396 28.892 -0.670047 0 1.9 0 0.0983832 -0.175977 0.979466
69.1895 37.8255 27.4705 0.779363 0.105676 -0.7 0 -0.620502 -0.784194 0.00412301
56.6905 24.094 45.3825 -0.121394 0 3.8 0 0.833367 0.314071 0.454818
38.2868 30.119 17.9137 -0.25531 0 -3.5 0 0.708758 -0.139536 -0.691514
49.8293 37.4647 26.156 -0.00258278 -0.16933 -2.68971 0 0.141734 -0.832473 -0.53563
26.4102 35.2583 18.2815 0.131996 0 4.2 0 0.370358 0.123872 -0.920593
65.186 57.9825 33.2615 -0.628651 0 -3.5 0 0.786924 0.57482 -0.224349
63.8568 43.6937 20.8875 0.338565 0 3.8 0 -0.0288315 -0.374596 -0.92674
53.613 63.335 22.0535 -1.25785 -0.01427 -3.5 0 -0.79276 0.536791 -0.288767
36.5202 61.3275 46.4772 0.250718 -0.429189 -1.41185 0 -0.784078 0.616352 0.0730168
34.302 53.519 51.05 0.840789 0 -3.5 0 -0.0520235 0.536727 0.842151
61.4427 66.598 33.4315 0.352523 0 -4.5 0 0.7549 0.453079 0.474178
31.7682 34.8517 60.5537 0.863939 0 -0.8 0 0.696424 -0.0971438 0.711025
26.233 38.8275 55.798 -1.27436 -0.00373173 -3.5 0 -0.171109 0.87328 -0.456183
60.0575 32.3467 34.3908 0.999502 0.0146491 -4.5 0 0.298889 0.567788 -0.766996
43.437 28.528 26.623 0.158163 0 -4.5 0 0.135209 -0.648525 -0.749089
55.9707 25.3902 33.1075 -0.397729 0 1.54523 0 0.929607 -0.363444 -0.0611467
28.2645 54.604 24.0597 -0.747374 0 -3.2 0 -0.95391 0.175664 0.243306
60.9945 31.8745 27.1922 0.23062 0 -4.5 0 0.770417 -0.359823 0.526293
23.8202 49.4823 47.5042 1.06284 0.156842 -3.18247 0 -0.511472 0.342577 0.788059
30.005 21.7175 51.707 -0.692012 -0.0283593 1.8 0 -0.0324028 -0.767782 0.639892
46.1177 61.9507 33.7513 0.951946 0 -4.5 0 -0.837158 0.498677 -0.224696
56.715 26.165 31.759 -0.13445 0 2.8 0 0.471341 -0.781203 -0.409341
59.535 32.2137 41.8963 -0.309233 0 -3.75302 0 0.912925 -0.0496384 0.405097
36.2035 34.026 55.1483 1.04672 -0.673406 -1.34267 0 0.714198 0.0752675 0.695885
64.2105 66.714 24.091 -1.19738 -0.021213 1.8 0 0.725407 0.655095 0.211273
39.4305 12.1625 50.5695 -1.09106 0 -4.5 0 -0.291132 -0.796211 0.530367
52.6647 61.134 41.592 -0.403858 -0.623059 -3.15412 0 0.17835 0.981208 -0.0736327
35.0865 28.9452 17.967 -1.43871 0 -3.5 0 -0.443075 -0.00200108 -0.896482
41 38.5443 18.9298 -0.191313 0 -3.13437 0 0.821242 -0.285728 -0.493884
53.1283 57.4548 36.3005 0.586294 0 1.79411 0 -0.577576 0.60261 -0.550697
54.4302 53.0822 60.3802 0.0342971 0 1.8 0 0.102293 0.248352 0.963254
79.3027 51.3855 22.5093 -1.70995 -0.0296704 -3.5 0 0.386673 -0.253274 -0.886756
26.301 18.319 42.9002 0.714794 0 -4.5 0 0.0598493 -0.625912 -0.777594
48.9832 17.0378 47.567 0.767512 0.877606 -4.5 0 0.609177 -0.648818 0.456003
51.804 52.799 41.5555 3.01567 0 1.8 0 -0.1275 -0.98194 0.139779
48.114 16.2903 52.671 -0.118937 0 -4.5 0 0.708583 0.66249 0.242936
52.5595 58.658 24.2292 -0.256767 -0.747069 1.5307 0 -0.88704 0.325772 -0.327159
18.4112 34.2135 55.2378 0.374739 0 -3.9 0 -0.314737 0.153059 0.936757
56.288 68.382 40.2912 -1.4955 -0.286081 -4.5 0 -0.606639 0.755924 -0.246105
56.914 58.48 43.974 0.220593 0 3.8 0 0.255146 0.586179 0.768957
30.907 42.1925 15.6855 0.329063 0 -3.5 0 -0.699051 0.372612 -0.610318
17.2765 33.1195 23.1905 0.662427 0.224422 -4.5 0 -0.780769 0.497568 0.377923
66.6075 51.061 19.105 -0.179206 0 -4.5 0 -0.187013 0.323542 -0.927549
46.0445 29.6765 50.9482 -0.0410205 0 -0.7 0 0.327835 -0.360924 0.873074
32.9995 40.4333 54.7095 0.829312 0 2.77435 0 -0.395555 0.9018 0.174051
47.9012 55.8742 46.6562 1.11535 0 4.2 0 0.273192 0.911955 -0.30611
40.6198 35.0725 15.9958 0.182382 0 -3.9 0 0.559227 -0.798959 -0.221202
67.5143 43.103 34.487 -0.841518 0 2.8 0 0.686613 -0.301881 -0.661386
46.5345 57.418 46.491 1.58721 0.766562 -2.90856 0 0.867771 0.251576 -0.428583
39.1582 24.0798 24.8135 0.163169 0 -3.9 0 -0.539201 -0.741505 -0.399291
32.2067 50.2238 54.61 1.00023 0.65454 -4.5 0 -0.214178 0.976728 0.0113964
43.5575 53.6815 40.2207 1.92842 0.0810092 -1.75247 0 0.0386563 0.820858 -0.569823
42.9652 56.2038 29.6795 -1.23031 -0.257816 -3.5 0 0.519499 0.845846 -0.121099
75.28 43.962 32.641 -0.342076 0 4.5 0 -0.835996 0.231452 0.497535
48.917 37.528 54.786 0.223147 -0.851492 -3.9 0 0.109742 -0.784209 0.610716
39.8775 22.8627 54.2173 0.458195 0 -4.5 0 -0.150178 -0.914487 0.375712
42.898 33.219 17.825 -1.17655 -0.0261529 -3.5 0 0.450994 0.634467 -0.627739
47.9395 13.7983 53.7988 0.746957 0.685977 -4.5 0 0.419402 -0.708565 0.567483
27.0845 38.4255 54.462 -0.425576 0 -3.5 0 -0.405496 0.91348 0.033569
65.8603 55.3645 20.7265 0.0664021 0 -4.23347 0 0.126933 0.438302 -0.88982
18.104 33.7765 34.832 -2.0736 -0.669598 -3.5 0 -0.0955495 -0.604035 0.79121
25.6905 27.3225 58.858 -1.41858 -0.0301236 -3.5 0 -0.29721 -0.929445 0.218627
45.168 44.2178 43.1958 5.00568 0 -1.3 0 -0.468155 -0.0589488 0.881678
51.9183 53.0387 21.9695 0.128921 0 3.8 0 0.450342 0.0447468 -0.891734
62.9435 57.5998 45.5805 -1.33222 -0.576533 -0.4 0 0.765996 0.111782 0.633052
25.478 28.8465 40.1045 -1.56592 -0.0472226 4.5 0 -0.28948 -0.955515 -0.0565108
53.6445 39.411 28.0965 0.224155 -0.535854 -2.43786 0 0.875797 0.446152 -0.184193
48.0428 51.878 44.3198 3.71886 0 4.2 0 0.44163 -0.629698 -0.639096
26.4185 57.4775 27.6663 0.735664 0.572892 -0.8 0 -0.79475 0.54686 -0.263281
69.8785 63.4665 25.1095 -0.147257 0 -3.5 0 0.716731 0.609982 -0.337962
55.449 46.7245 29.7975 1.60729 0 3.8 0 0.188943 0.258893 0.947246
78.0765 38.6305 14.473 -1.47263 -0.00597679 -3.5 0 0.706543 0.291992 -0.644622
35.979 19.4445 51.2805 0.457068 0.0399328 -3.2 0 -0.669271 -0.398139 0.627345
28.381 47.077 21.4 0.917035 0.3177 -4.5 0 -0.327943 -0.881204 -0.34049
83.063 43.6705 33.8565 -1.53087 -0.136399 -3.5 0 0.104572 -0.515865 0.850263
56.031 52.505 41.606 3.29016 0 0.590509 0 -0.358927 -0.914365 -0.18737
55.892 66.888 36.298 -1.08155 -0.773713 -4.5 0 -0.805557 0.591851 -0.0281089
40.6862 13.3158 53.5552 -0.420399 0 -4.5 0 -0.49546 -0.407534 0.767096
48.6167 59.7378 29.6203 1.21241 0.224595 -4.5 0 -0.125534 0.57362 -0.809445
68.3597 38.7095 43.0993 -2.02654 -0.586555 -3.5 0 0.596694 -0.738154 0.314778
45.134 18.9478 51.84 0.300561 0 -4.5 0 0.466473 0.768689 0.437629
54.3312 41.3587 26.0047 1.00703 0 -3.9 0 0.737897 -0.646803 0.192753
51.2882 54.5218 59.616 -0.958376 -0.410686 1.8 0 -0.440724 0.779577 0.444998
68.767 38.473 26.781 0.517037 0 -0.7 0 -0.698816 -0.707923 -0.102479
50.879 55.579 48.1195 0.437524 0 -1.6 0 0.195482 0.695303 0.691621
45.74 55.3175 40.0477 1.46195 0 -3.5 0 -0.785045 0.223433 -0.577739
68.0975 44.6567 30.9075 -0.661361 0 -0.590475 0 0.504448 0.116878 0.855495
19.2498 30.7668 26.367 0.942347 0.348312 -4.5 0 -0.235326 -0.970557 0.051381
57.379 21.2495 37.3725 0.0297884 0 1.8 0 0.822855 -0.360696 -0.4391
47.752 41.9315 24.116 -0.570823 0 -3.5 0 0.149927 -0.250829 -0.956351
81.936 42.9575 32.49 -0.396075 -0.490508 -3.5 0 0.106765 -0.643904 0.75762
31.9217 30.7087 62.5215 0.766107 0.577387 -0.8 0 0.413161 -0.182523 0.892179
58.8895 23.6152 39.3807 0.033488 0 1.8 0 0.837744 0.26107 0.479612
19.2415 36.4645 54.8655 0.198258 0 -3.9 0 -0.421267 0.165676 0.891676
63.1045 35.959 39.4025 0.0990295 0 -3.5 0 0.196723 -0.378497 0.904455
44.6748 24.8078 52.9383 -0.0658553 0 -4.5 0 0.812481 -0.349188 0.466843
15.8848 40.46 42.095 0.239547 0 -2.48483 0 -0.892795 0.448582 -0.0411228
18.5045 46.5925 28.655 0.424172 0 -4.5 0 -0.420712 -0.0755198 -0.904046
19.593 28.3965 50.8438 -0.567165 -0.942815 -0.8 0 -0.438383 -0.889357 -0.129864
37.1835 49.1735 17.5725 0.0921577 -0.502227 1.8 0 -0.0674024 0.312512 -0.94752
38.9292 32.9588 18.6017 -0.323862 -0.616649 -3.75579 0 0.25213 -0.358 -0.899036
38.799 18.8752 33.8107 -0.0699174 0 -0.7 0 -0.371019 -0.464099 -0.804337
55.2007 36.8208 45.6652 -0.40599 -0.759374 -0.8 0 0.717661 -0.31452 0.621321
14.0057 42.769 51.4818 1.0426 0.708763 -4.5 0 -0.175198 0.342199 0.92315
40.4765 33.8288 18.2577 -0.656684 -0.329985 -3.9 0 -0.0899232 -0.644006 -0.759717
51.544 20.3813 47.2842 -0.272715 0 -3.5 0 -0.057567 0.0820128 0.994967
39.025 46.8115 17.7997 -0.343147 -0.856662 1.8 0 0.852255 -0.168114 -0.495377
15.051 41.0583 52.2952 0.303041 0 1.8 0 -0.954772 0.0309144 0.295729
36.2055 29.216 17.7536 -0.967263 0 -3.5 0 -0.17439 -0.30543 -0.936109
31.0545 29.8245 56.5293 -0.883665 -0.0207357 -2.34125 0 -0.80193 -0.449245 0.393812
42.5445 54.4115 32.9803 -0.247965 0 -3.2 0 0.773835 0.362179 0.519621
35.3758 29.7892 21.7833 -1.2461 0 -3.5 0 -0.300979 -0.453998 0.838628
53.439 45.1085 38.137 2.32985 0 3.8 0 0.0842428 0.899916 -0.427849
30.383 59.8565 38.9755 -0.423772 0 -3.5 0 -0.676195 0.631725 0.379056
16.731 28.566 43.2695 -1.20503 -0.883035 -3.5 0 -0.685223 -0.719855 -0.110813
47.6055 35.0675 29.2205 -0.0228523 0 1.21074 0 0.428461 -0.173949 -0.886658
53.216 51.914 38.4855 2.80861 0 1.8 0 0.262114 -0.943573 0.202404
57.7323 29.31 27.0147 0.496403 0.201735 -3.57849 0 0.723381 -0.690184 0.0191135
44.495 41.766 61.5525 0.285857 0 -1.6 0 -0.755516 -0.424573 0.498932
15.8805 35.8503 52.2482 0.547942 0.0413226 -4.5 0 -0.0823862 0.51011 0.856154
49.862 20.641 25.861 -0.41483 0 -3.5 0 0.93742 -0.192628 -0.290064
66.7893 44.1755 44.2055 -0.187333 0 -3.5 0 0.174122 0.169446 0.970036
21.801 38.025 54.887 0.212842 0.839527 -3.9 0 0.0563863 0.219103 0.974071
41.4347 43.5975 61.048 0.70093 0.0971626 -1.81349 0 -0.223457 -0.00704131 0.974688
62.914 64.7315 32.3355 -0.838351 -0.113824 -3.5 0 0.64007 0.680831 0.356059
17.226 40.3162 25.2985 -1.00207 -0.133717 -0.4 0 -0.51882 0.620834 -0.587699
60.5428 50.18 55.4265 -1.77151 -0.200601 -3.5 0 0.832957 0.491739 -0.253723
56.0035 41.896 47.0525 2.13566 0 -1.30762 0 -0.828804 -0.513476 -0.222319
84.8675 53.336 28.0763 -1.48269 -0.179524 -3.5 0 0.749932 0.657349 0.0741225
35.505 43.7655 42.104 6.14797 0.578051 -3.5 0 0.696358 0.691359 0.192637
48.0957 16.8032 48.0648 0.389222 0.265906 -4.5 0 0.4183 -0.892085 0.170908
38.0495 63.3778 38.414 0.0115044 -0.171922 -3.5 0 0.777169 -0.182803 -0.602155
25.1957 55.0443 46.0662 -0.345915 -0.278914 -2.96153 0 -0.340306 0.0823568 0.936701
35.3639 39.2134 26.8599 -0.848512 0 3.8 0 -0.779912 -0.0965361 -0.618399
67.367 41.5259 29.6262 0.0178908 0 1.8 0 -0.152421 -0.713423 0.683956
20.7369 28.405 52.0604 0.136234 0 -0.8 0 -0.178145 -0.867995 0.463519
47.6985 36.922 26.4655 0.223652 -0.144304 -1.3 0 0.71292 -0.602136 -0.359413
56.4378 59.8148 33.029 0.416155 0 1.8 0 -0.807853 0.500545 -0.311172
17.3901 58.1909 46.3512 0.0619606 0 4.2 0 -0.429772 0.733842 0.526091
38.8143 25.8945 23.7113 1.62887 0 -3.9 0 -0.919643 -0.288582 -0.266415
64.456 58.6883 39.5358 -0.334524 0 3.8 0 0.707579 0.534842 -0.461817
62.898 68.483 30.2558 0.0807077 0 -4.5 0 0.700188 0.695156 0.162772
56.4658 50.7733 39.5933 2.92026 0 3.8 0 -0.818985 -0.271145 0.505712
53.7239 36.6385 32.7911 1.15783 -0.0481296 -0.171543 0 0.771067 -0.235459 -0.59162
16.566 44.816 45.037 0.497737 0 -4.5 0 0.217821 0.974315 -0.057134
49.5076 41.0074 46.9027 4.02113 0 -0.504748 0 0.724548 -0.601438 -0.336604
42.7608 44.2493 16.2746 2.02213 0 -3.9 0 -0.360549 0.570899 -0.737617
28.9495 55.673 50.778 0.470357 0 1.8 0 0.0367592 0.692611 -0.720374
60.4369 59.4301 20.337 -0.00773624 0 4.2 0 -0.439467 0.222794 -0.870191
19.3141 34.7345 20.9475 0.864213 0.109882 -4.5 0 -0.406287 0.606172 -0.68373
31.2557 20.6804 42.9174 -0.158278 0 -0.4 0 0.116023 -0.94635 -0.301596
19.4166 30.9476 20.0291 0.692593 0 -4.5 0 -0.444208 -0.482523 -0.754884
55.0244 45.1775 32.2999 2.37162 0 -1.6 0 -0.0377727 0.993551 -0.106908
49.745 57.1359 53.7235 -0.367982 0 3.8 0 0.493134 0.866787 0.0741588
58.002 38.7004 49.3801 0.297935 -0.040372 -3.5 0 0.630839 -0.681272 -0.371362
66.6025 57.4575 20.7955 0.0382916 0 1.8 0 -0.295012 -0.0689436 -0.953003
69.108 39.479 42.564 -1.84339 -0.704118 -3.5 0 0.914162 -0.403855 -0.0347657
61.4305 53.3645 45.439 0.216006 0 -0.4 0 0.26405 -0.440392 0.858098
54.8626 35.6205 52.6519 2.48714 0 -3.9 0 0.498988 -0.781482 0.374562
25.0925 38.8095 55.165 -0.371678 -0.0518185 -1.49384 0 -0.351423 0.705312 0.61566
46.9808 58.2885 55.0143 -1.74936 -0.265859 -3.5 0 -0.150946 0.987563 -0.0439931
44.676 29.8515 52.7315 0.134149 0 -0.7 0 0.465745 -0.61173 0.639428
37.0275 25.245 53.2034 0.257584 0 -4.5 0 -0.348526 -0.236252 0.907036
43.6406 29.5389 55.8261 0.274026 0 -3.5 0 0.962591 -0.245861 0.113888
26.1791 45.7933 55.0126 0.301961 0 -0.8 0 0.515705 -0.041017 0.855784
45.5331 45.9729 25.826 0.998737 0.183305 -0.594217 0 -0.125062 0.835579 -0.534946
36.4798 22.3209 42.4863 -0.277933 0 3.46668 0 -0.602277 -0.435639 -0.668941
30.424 59.0755 44.2435 0.643555 0 -3.9 0 0.185696 0.843647 -0.503762
55.8 63.938 21.026 -0.547302 0 -3.5 0 -0.464161 0.693341 -0.55121
58.5376 65.1031 21.6864 0.557391 0 -2.63585 0 -0.100336 0.839557 -0.533925
38.819 26.908 23.083 0.821416 0 -3.9 0 -0.915851 -0.0168133 -0.401166
48.016 37.7505 55.379 0.448795 0 -1.6 0 0.190199 -0.84817 0.4944
54.6661 19.8132 32.3154 2.21462 0 -3.9 0 -0.14914 0.261339 -0.953656
29.9025 42.1765 53.4735 0.17366 0 -3.5 0 -0.18964 0.0343728 0.981252
46.6761 55.7043 57.4012 -0.405932 0 -3.33896 0 0.107255 0.503791 0.857141
42.9058 46.8334 60.8838 0.442241 0 -4.5 0 -0.765436 0.190974 0.614521
22.7113 31.9775 36.4813 -0.411122 0.753179 -4.077 0 -0.799419 -0.586982 -0.127989
22.827 54.158 35.802 -2.5129 -0.681301 -3.5 0 -0.13823 0.767923 0.625449
72.575 39.0055 17.976 0.454947 0 -3.5 0 -0.892798 -0.446573 -0.0590226
39.3785 42.223 44.019 8.13971 0 -3.9 0 0.762936 0.429043 0.483581
57.558 38.616 25.77 1.1657 0 1.8 0 -0.574238 0.133143 -0.807789
50.6425 38.907 24.4375 0.500173 0 -3.9 0 -0.118698 -0.588272 -0.799905
27.087 37.218 25.842 -0.23411 0 -3.2 0 0.897699 -0.406557 0.169848
66.768 52.9995 41.1334 -0.328119 -0.0656446 -0.7 0 0.896811 0.20515 0.391974
16.148 38.5802 52.9519 0.363188 0 1.8 0 -0.47711 -0.783006 0.399083
20.1674 36.0293 55.0132 -0.0222026 0 -3.9 0 -0.223545 0.194796 0.95503
55.6094 42.1089 53.4717 0.864321 0 -3.5 0 0.441553 -0.841929 0.310141
18.4709 40.0552 20.9786 0.856833 0 -4.5 0 -0.852729 0.43602 0.287644
62.005 66.531 32.2925 0.426006 0 -4.5 0 0.738029 0.343526 0.580778
39.5195 60.44 42.4168 0.452356 0.012289 -4.5 0 0.287093 0.94519 -0.155543
40.53 58.2034 52.3384 1.24355 0 -4.5 0 -0.627818 0.722852 0.288669
41.0775 18.9074 33.9847 -0.135347 0 -0.7 0 0.248741 -0.643353 -0.724033
62.5211 47.7245 45.416 0.221475 0 -1.6 0 -0.375666 -0.146978 0.915026
51.958 58.2515 25.021 -0.124361 -0.0751418 -0.4 0 -0.760937 0.476532 -0.440332
60.3898 33.4478 22.9212 1.18546 0 -4.5 0 0.652681 0.426907 -0.625906
21.1721 31.4855 53.759 0.871557 0 -3.5 0 0.119716 -0.822779 0.55561
19.9306 32.9241 33.7225 -0.372244 -0.0364225 -3.77255 0 -0.307147 -0.923458 0.229971
30.5397 26.5443 30.5742 0.287846 0 -0.4 0 -0.633501 -0.69568 0.338681
52.6234 37.6478 54.3517 0.444505 0 -3.9 0 -0.270439 -0.112324 0.956162
53.7907 57.2894 46.5374 0.510355 0 -1.6 0 0.409343 0.344357 0.8449
35.6741 32.7419 56.6584 3.74933 0.00879311 -3.9 0 0.960998 -0.113979 0.251976
25.6092 18.9994 42.5369 0.569964 0 -4.5 0 -0.288968 -0.498818 -0.817116
53.012 59.3655 22.9608 -1.09687 -0.0315277 1.8 0 -0.884556 0.063766 -0.462055
45.5724 47.5694 61.0467 0.581152 0 -4.5 0 0.533449 0.522867 0.664862
42.6048 22.7875 52.6418 -0.215694 0 -4.5 0 0.385548 -0.581945 0.716026
28.4605 31.6235 33.073 -0.332497 0 1.8 0 -0.480504 -0.818773 -0.314208
50.9593 40.1315 44.84 4.24309 0 1.8 0 -0.205888 -0.225991 0.952123
53.6724 39.3074 26.9024 -0.763082 -0.0112746 -3.9 0 0.976997 0.0251866 -0.211762
50.8215 47.7719 34.9064 2.53658 0 2.64526 0 0.729884 -0.681165 0.0573018
56.8056 45.6066 35.0376 2.97495 0 -1.6 0 -0.095823 0.991073 -0.092696
23.6186 32.4584 24.1174 0.323178 -0.136119 -4.5 0 0.259215 -0.787137 0.559664
35.5105 64.6003 38.5785 -0.19619 0 -3.5 0 -0.549834 0.418668 -0.722772
20.2962 33.9963 20.2115 1.30184 0 -4.5 0 -0.0513827 0.592192 -0.804157
58.1077 64.8932 27.081 0.271239 0 3.8 0 0.42227 0.900681 0.102284
62.7021 37.0682 31.7488 2.30633 0.835037 -3.5 0 0.00274422 -0.980084 -0.198566
58.3797 40.4625 29.7402 1.33343 0 -1.6 0 -0.617232 -0.76811 0.170386
48.9645 47.083 43.502 4.11558 0 -0.7 0 -0.917077 0.165246 0.362855
58.2815 45.2285 60.4005 0.000116927 0 -3.5 0 0.999156 0.0343692 -0.0224769
40.057 47.5021 57.1543 0.435797 -0.41255 4.2 0 0.00936426 0.985842 0.167418
68.754 54.6707 33.8957 -0.789774 0 3.8 0 0.477993 -0.453901 0.751995
38.4595 40.507 57.4495 -1.89864 -0.558072 -3.5 0 0.0213988 -0.393505 0.919073
79.6702 40.9469 19.6546 -0.380714 0 1.8 0 0.721453 0.21099 0.659537
52.3008 53.875 50.0713 1.79046 0.862871 -4.5 0 0.51682 0.850816 0.0949187
26.985 26.9136 52.2355 0.155608 0 3.8 0 -0.921725 -0.330379 0.203157
57.2734 46.5229 47.93 0.112165 0 2.8 0 0.967896 -0.00703562 0.251251
53.7649 52.5626 42.1864 3.68358 0.400703 -0.856919 0 -0.207237 -0.969506 0.130805
48.719 15.2966 43.1055 -0.721303 0 -3.5 0 -0.663671 -0.661819 0.348621
77.272 54.278 32.216 1.50569 0.343558 -4.5 0 -0.458943 0.874521 -0.156795
43.4686 47.8273 42.1351 4.98204 0 -1.3 0 -0.359004 0.541313 0.760326
55.3991 36.8747 53.8951 1.06788 0 -3.9 0 0.586924 -0.203372 0.783683
27.2003 58.0844 41.1809 0.607497 0 -3.5 0 0.0819728 0.952172 -0.294363
59.6584 66.9848 34.9359 0.0563741 0 -4.5 0 0.346617 0.933314 0.0937061
37.3903 34.2789 54.6615 -0.272581 -0.834245 -0.7 0 0.137999 -0.109851 0.984322
62.601 39.462 28.994 8.29183 0 -0.4 0 0.388588 0.115104 -0.914194
38.7869 53.9912 57.1739 0.303276 -0.149497 -0.7 0 -0.639911 -0.335765 0.691213
55.863 42.237 23.8722 1.94457 0 -3.9 0 0.909602 -0.259037 -0.324846
16.0965 43.0018 42.9846 -0.134266 0 -4.5 0 -0.739523 0.36664 -0.564518
65.4017 46.2085 19.9491 0.299252 0 3.8 0 -0.126561 -0.214723 -0.96844
36.9725 51.5595 21.1575 0.2328 0 1.28364 0 0.480444 0.876465 0.0313392
37.3725 43.618 24.1458 0.257152 0 -4.5 0 -0.979926 -0.197559 0.0267503
51.2634 51.3721 61.037 0.445594 0 -4.5 0 0.479873 0.567429 0.669139
35.0052 58.3426 35.7431 -0.462721 0 -0.8 0 0.579604 0.809421 -0.0943208
15.253 37.6806 33.6066 -0.0318573 0 -3.5 0 -0.41942 -0.730785 -0.538555
48.4512 34.5935 29.6238 0.370129 0 -0.4 0 0.274397 -0.220158 -0.936075
46.9414 45.9429 42.4375 3.8178 0 -1.3 0 0.0688813 0.321341 0.944455
26.1768 17.7673 46.6343 0.0925225 0 -4.5 0 0.287676 -0.562428 0.775188
27.2525 30.5742 34.7767 -1.30659 0 -3.5 0 0.248222 -0.659592 -0.709454
52.3507 56.4855 23.3975 0.10408 0 -0.4 0 -0.41189 -0.107646 -0.904853
63.3774 56.86 19.029 0.774196 0.251745 -0.7 0 0.45475 0.305622 -0.836539
45.5518 43.5207 16.838 2.77623 0.0916045 -3.9 0 0.882843 -0.382047 -0.273183
27.8106 25.9019 55.6818 -0.103683 0 3.8 0 -0.413779 -0.554148 0.722293
46.6032 47.1855 42.5035 4.02462 0 -1.3 0 0.216626 0.277802 0.935895
22.8775 55.3665 33.0926 0.583139 0.26203 -3.9 0 -0.623207 -0.625767 -0.469072
47.0894 57.4245 34.5975 1.79973 0.518469 -4.5 0 -0.697606 -0.371324 -0.612752
34.2873 58.8275 35.1595 0.390359 0 -1.2033 0 0.705937 0.704634 0.0717229
26.819 33.5815 28.9053 -1.41235 -0.45857 -4.5 0 0.221807 -0.950492 0.217638
44.8689 45.2544 22.1285 -1.03009 0 -3.5 0 0.372217 0.609037 -0.700378
34.1825 36.945 21.5345 -0.496302 0 1.8 0 -0.808108 -0.0207307 0.588669
23.5175 44.321 25.3935 0.173839 0 -1.6 0 -0.684617 0.421138 -0.594931
71.0805 39.073 20.1259 -0.797923 -0.375883 -3.5 0 -0.590944 -0.172458 -0.788063
35.6256 45.1819 44.221 6.14356 0.366109 -3.5 0 0.795708 0.311935 -0.519177
56.2839 64.7116 24.9725 -0.0203126 -0.00125458 -1.63147 0 -0.0433905 0.988879 -0.14225
42.832 58.2895 40.252 1.37969 0 -4.5 0 0.0073749 -0.299778 -0.95398
46.1056 22.6545 26.1222 -0.629048 -0.0293394 -3.5 0 -0.0922174 0.687881 -0.719941
29.3498 40.103 23.9435 -1.62811 -0.109809 -1.6 0 0.536993 -0.839076 -0.0871186
36.4204 17.375 49.5691 0.550587 0 -3.2 0 -0.939594 -0.257151 -0.225912
48.0233 32.0751 56.1156 -0.974521 -0.122449 -3.5 0 0.320682 0.191976 0.927528
57.7939 21.3556 38.3408 0.144957 0 1.8 0 0.674156 -0.714354 -0.187649
27.0737 25.7358 42.1323 -0.115106 0 4.2 0 -0.823877 -0.301677 -0.47981
50.0737 34.9795 28.6623 0.774352 0 -0.4 0 -0.364271 -0.530226 -0.765615
39.3255 23.6455 29.9715 -0.0522757 0 -4.44894 0 0.34659 -0.937537 -0.0299879
57.7351 37.5231 25.6511 0.938094 0 1.8 0 -0.2748 0.0243072 -0.961194
58.8185 31.6101 22.3576 1.44356 0 -4.5 0 0.279573 -0.646936 -0.709446
57.8255 27.3729 41.0916 -0.1004 0 -3.5 0 0.56579 -0.693866 0.445456
58.9388 52.0302 46.3349 0.350412 0 -3.5 0 0.320575 0.0567162 0.945524
51.4403 18.4604 31.5984 -0.0136331 0 1.9 0 0.349368 -0.600404 -0.719344
47.888 58.3975 31.077 0.822163 0 -4.5 0 -0.928127 -0.369578 -0.044635
72.309 50.3828 30.9688 -0.239807 0 3.8 0 0.46409 -0.313338 0.828517
46.4024 43.5715 44.8066 5.15719 -0.993803 -0.7 0 -0.941126 -0.221585 0.255306
19.0286 49.6838 44.2625 0.375818 0.416803 0.0499373 0 -0.557733 -0.291578 0.77712
18.392 53.232 37.614 -0.523429 0 -3.5 0 0.0199084 0.999308 0.0314258
17.1925 36.422 39.947 -0.218354 0 -0.7 0 -0.342709 -0.77 -0.538191
36.3704 46.8935 17.8067 0.639614 0 1.8 0 -0.353348 -0.406616 -0.842501
23.952 48.3122 51.7125 0.261081 -0.0224624 -0.8 0 -0.706711 0.658536 -0.258629
19.594 44.4166 53.2245 -0.129955 0 -3.5 0 -0.157842 0.0459496 0.986395
46.4164 35.3106 23.932 0.349903 0 3.8 0 0.775583 0.273312 -0.569009
28.327 20.4925 51.567 0.406751 0.730944 -3.5 0 0.4967 -0.558493 0.66436
45.8191 39.134 43.0141 5.58842 0 3.8 0 -0.210522 0.490009 0.845915
39.1432 40.41 16.3713 0.608853 0 -3.9 0 0.353371 0.377992 -0.855716
37.0768 29.7022 17.3107 -0.27201 0 -3.5 0 0.163877 -0.44737 -0.879207
38.4677 62.5726 46.4553 -0.0210966 0 -1.6 0 -0.515885 0.568199 -0.641102
43.5062 40.9033 42.1485 5.28381 0 1.8 0 0.333457 0.396814 0.855187
81.5448 41.8495 31.9166 -0.363683 0 -0.4 0 0.175956 -0.575402 0.798719
18.0666 31.2506 24.6845 0.274911 0 -4.5 0 -0.721915 -0.308501 0.619408
83.6217 47.3703 34.2463 -0.529007 0 -3.5 0 0.637079 -0.173536 0.751009
25.379 53.3081 33.8191 0.163377 0 1.56489 0 -0.336052 0.522024 -0.783939
27.961 53.236 29.245 0.231985 0 -0.785004 0 -0.993538 0.102745 -0.0482268
40.046 47.444 20.628 0.409048 0 -4.5 0 0.639868 0.76794 -0.0289304
32.3412 21.5201 51.4446 0.317899 0 1.8 0 -0.0468704 -0.998057 0.0410537
28.1324 48.5 24.8536 -0.284241 0 -3.5 0 -0.73898 -0.628841 -0.241801
45.9287 21.5461 33.2375 -1.05672 0 1.9 0 -0.772087 -0.503268 -0.388076
49.3516 45.8853 44.9465 4.20144 0 0.00929735 0 -0.870083 0.491521 0.0369126
44.6955 51.4134 58.5495 0.407102 0.233935 -2.06961 0 -0.864529 -0.262887 0.428345
75.8664 39.0583 21.0911 0.222902 0 0.505134 0 0.650276 -0.545845 0.528388
34.1525 54.1929 46.2991 1.48098 0 -0.4 0 -0.655922 0.705138 0.269345
52.8515 37.694 27.164 -0.6534 -0.00823803 -3.9 0 0.201662 -0.912003 -0.357189
54.9205 32.455 46.327 0.67934 0 -0.8 0 0.484983 0.293407 0.823835
68.1766 34.8896 38.4798 0.455181 0 -4.5 0 -0.178751 -0.283973 -0.942023
56.177 48.4949 40.6884 3.24874 0 1.9 0 -0.576576 0.762661 0.293103
67.838 49.4596 17.4754 0.283083 0 1.8 0 -0.257275 0.677874 -0.688692
53.2648 62.1232 29.6222 -0.695399 -0.159436 3.8 0 -0.364938 0.434221 0.823573
78.8938 42.4227 18.4932 -0.160833 0 1.8 0 0.271576 0.953987 0.127103
36.4729 41.8611 23.8866 0.0368873 0 -3.5 0 -0.677269 0.728382 0.103764
31.5925 59.8877 49.9265 2.6363 0 -3.9 0 0.0216784 -0.199967 0.979563
50.7976 16.9366 35.9193 -0.341681 -0.338669 2.36517 0 0.490557 -0.822448 -0.287983
49.5746 46.4566 37.8061 2.80816 0 3.54769 0 0.793145 0.336927 0.507346
46.9776 37.7293 44.9371 5.83803 0.826892 4.2 0 0.0603754 0.986509 -0.152168
56.2829 55.507 46.6983 0.381439 0 -4.5 0 0.188479 0.774594 0.603722
48.7176 51.173 24.0513 0.142378 0 3.17433 0 -0.832428 0.175697 -0.525541
75.8014 46.0091 32.2835 -0.569297 0 3.79177 0 -0.692017 0.0491976 0.720203
53.718 40.536 26.5648 0.742395 0 -3.9 0 0.955454 -0.284901 0.0770602
77.3365 52.2327 22.533 -2.37376 -0.209279 -3.5 0 -0.466757 -0.139172 -0.873367
64.1695 45.83 44.756 -0.0463023 0 -1.6 0 0.288266 -0.24699 0.925148
34.9813 33.6122 23.2506 -0.408989 0 -0.7 0 -0.638655 -0.0433275 -0.768272
53.5132 22.0521 29.7079 -0.256779 0 -0.8 0 0.675629 -0.726074 -0.12784
28.4702 19.2173 42.2938 0.249164 0 -4.5 0 0.543014 -0.790201 -0.284109
13.8038 34.9315 47.2933 0.247612 0 -4.5 0 -0.93914 -0.247126 -0.238632
72.5052 38.1324 16.6502 -0.0388848 0 -3.5 0 -0.903034 -0.423815 -0.0700705
26.3925 23.168 41.9795 0.188769 0 -4.5 0 -0.889737 0.359101 -0.281805
31.6777 46.8223 55.3809 0.68591 0 -4.5 0 -0.783362 -0.184348 0.593599
55.189 40.6116 48.2251 2.21378 0 -3.5 0 -0.808348 -0.0709447 -0.584414
33.561 60.01 35.219 0.860123 0 -1.6 0 0.814941 0.550731 0.18046
37.6355 13.6705 47.567 0.447034 0 -4.5 0 -0.640265 -0.759847 0.112661
55.7726 41.6035 52.5806 0.528042 0 -3.5 0 0.166142 -0.626698 0.761345
53.4888 55.9374 56.5684 0.109886 0 3.8 0 0.594331 0.710481 0.376813
34.1936 27.153 42.131 0.00570207 -0.104897 4.46209 0 0.297358 -0.944617 0.138843
42.6942 25.9165 26.9657 -0.522654 0 -3.93917 0 0.656744 0.261714 -0.707243
36.8262 49.871 47.0779 6.20036 0.122116 -2.44454 0 0.39521 -0.258371 -0.881506
78.9345 40.1468 25.4929 -0.14597 0 1.8 0 0.588671 -0.168747 -0.790564
21.1771 51.413 45.7514 0.960295 0.0940494 1.8 0 0.321779 0.512279 0.796259
26.931 54.073 32.396 0.00663042 -0.777581 -1.6 0 -0.77881 0.356806 -0.515891
45.4026 27.6912 26.6631 -0.115437 0 -4.5 0 0.0494452 -0.735585 -0.675626
53.1951 59.6644 36.3708 0.560765 0 3.8 0 -0.930536 -0.27093 -0.246372
30.1679 30.0276 33.184 -0.218049 0 3.8 0 -0.982124 -0.18724 -0.0193551
71.2298 48.2402 18.8974 0.630034 0 1.8 0 0.407497 0.566175 -0.716514
62.2305 40.7337 28.869 2.38352 0 -3.56469 0 0.348471 -0.506875 -0.788445
20.5275 45.9485 49.1846 -1.1654 0 -1.58613 0 -0.719354 0.250726 -0.647816
68.3402 43.3204 18.4159 0.303856 0 1.8 0 -0.880618 -0.0138136 -0.473626
56.3078 42.797 25.0946 0.825918 -0.150638 0.569123 0 0.692101 -0.0174599 -0.72159
23.9062 61.056 42.9945 -0.227201 -0.496533 -0.7 0 -0.852792 0.371645 -0.366914
44.8045 26.5349 51.991 0.230942 0 -4.5 0 0.928347 0.10836 0.35557
46.7933 50.3299 46.0401 4.23492 0 4.2 0 -0.278159 -0.390207 -0.877705
18.2633 53.483 41.0595 -0.302884 0 -3.5 0 -0.0562388 0.79675 -0.601686
33.499 60.947 49.3535 2.34935 0.203927 -3.9 0 0.709378 0.593782 0.379743
54.135 17.522 31.543 2.53229 0 -3.9 0 -0.285489 -0.624103 -0.727318
49.5952 60.5093 41.046 0.279616 -0.343918 -1.92073 0 0.298448 0.924186 0.238346
78.6383 47.0821 34.4318 -1.24369 0 2.93759 0 -0.666032 0.327952 0.669962
57.3075 67.9197 38.7212 -0.327884 0 -4.5 0 -0.130634 0.768653 -0.626185
23.2022 28.7246 39.3294 0.074783 -0.0268217 -0.4 0 0.275993 -0.875969 -0.395609
42.18 52.8963 27.6528 0.211271 0 -3.5 0 0.237933 0.337483 -0.910765
58.5617 50.024 50.3496 0.218529 0 -1.6 0 0.547627 0.558853 -0.622726
31.1938 31.6033 28.666 -0.961739 0 -3.2 0 -0.983259 -0.132176 0.125427
52.742 42.9325 63.776 0.641847 0 -0.4 0 0.26358 0.376264 0.888229
36.9426 44.6787 18.1553 1.38434 0 -4.5 0 -0.132551 0.189126 -0.972965
52.419 35.444 29.987 1.33722 0 -0.4 0 0.896074 -0.125162 -0.425895
29.2301 42.2077 19.6941 0.0449878 0 -3.42809 0 -0.512095 0.0728229 -0.855836
18.377 46.961 44.213 0.318443 0 1.8 0 -0.3985 0.180772 0.899177
26.4587 59.9736 36.3346 0.223281 0 -3.9 0 -0.0694169 0.933394 0.352076
49.2056 47.7021 61.373 0.860839 0 -4.5 0 -0.735077 -0.187591 0.651514
18.8447 50.5855 44.7205 0.464957 0 -1.87409 0 -0.473581 -0.58314 0.660052
29.072 58.1107 32.3285 0.504004 0 -1.6 0 -0.452841 -0.147324 -0.879335
40.6717 38.4222 46.9383 2.90839 0 -0.499246 0 0.425534 0.87332 -0.237135
58.8935 53.0375 46.2347 0.123378 0 -3.5 0 0.308972 -0.128494 0.942351
60.6781 47.5046 43.1416 -0.18772 0 -1.6 0 -0.615974 -0.524166 0.58807
75.8585 60.8802 27.9263 -2.05001 -0.235033 -3.5 0 -0.0484996 0.918993 0.391279
23.6085 42.8245 24.9655 0.370041 0 -1.6 0 -0.684825 0.0225728 -0.728357
61.7277 41.4419 44.7094 -0.00929485 0 0.303439 0 0.735305 -0.249119 0.63029
32.211 38.441 26.849 -0.496336 0 1.8 0 0.22129 -0.17963 -0.958522
28.5404 36.7741 61.5969 0.323802 0 -0.7 0 -0.482154 -0.173304 0.858774
45.2552 29.5508 51.8317 -0.0830347 0 -0.7 0 0.717164 -0.44368 0.537423
70.681 37.6432 25.3803 0.0218308 0 -0.7 0 -0.282408 -0.853664 -0.437611
35.673 33.419 20.321 -0.566441 0 -3.5 0 -0.993993 -0.0851396 0.068771
26.8813 60.7236 42.8509 0.378673 0 -0.7 0 0.66687 0.0997602 -0.738466
16.5185 50.8576 39.3807 -0.397513 0 -3.5 0 -0.854538 0.48022 -0.197871
47.9683 53.1335 63.2385 0.916819 0.504112 -0.8 0 0.673894 0.492092 0.551101
70 62.0475 29.252 -0.322165 0 -0.518528 0 0.938792 0.336576 0.0733946
29.5858 56.8092 25.1213 0.386431 0 -3.2 0 -0.157257 0.973057 0.168615
25.011 52.343 49.1415 2.81013 0.0197616 -3.9 0 -0.658607 0.246394 0.711004
46.3891 51.9041 26.9759 -0.376789 0 -0.8 0 -0.592044 0.757406 -0.275355
32.1985 25.1641 42.8794 0.0826748 0 4.2 0 0.870585 -0.345223 -0.350575
80.0269 50.8705 35.9075 -0.690139 -0.89907 -3.55991 0 0.324753 -0.124107 0.937621
49.8529 50.159 37.9478 3.15173 0 -1.90336 0 0.430067 -0.607652 0.667684
55.7706 25.5296 43.734 -0.0382695 0 3.8 0 0.923464 0.363626 0.122434
42.7904 51.5499 42.111 3.99379 0 -1.90101 0 0.241754 -0.967754 0.0707693
35.486 24.196 25.736 0.604251 0.058419 -4.5 0 0.0572323 -0.370787 -0.926953
18.7155 34.7936 23.9134 0.697539 0 -4.5 0 -0.82519 0.548206 -0.136133
49.4391 25.4025 27.8585 -0.429499 0 -3.5 0 -0.862866 0.15 -0.482662
18.9881 30.1574 39.7783 -0.915266 0 3.8 0 -0.6611 -0.557753 -0.501855
46.6576 44.9794 61.421 -0.0235519 0 -4.1275 0 0.527894 0.377546 0.760781
35.4 31.5986 20.974 -1.32583 -0.514351 -3.5 0 -0.704094 0.591026 0.393625
28.5683 60.744 44.4963 0.473309 0 -0.7 0 0.627249 0.597985 -0.498971
56.007 64.189 31.0685 0.178509 0 3.8 0 -0.83481 0.295241 0.464677
26.768 56.175 47.4095 -0.605408 -0.90727 -3.9 0 0.046792 -0.438782 0.897374
21.281 32.9175 29.7195 0.482437 0 -4.5 0 0.0298145 -0.831716 0.5544
18.795 45.9012 51.9655 -1.15843 0 -3.5 0 -0.785178 0.353771 0.508274
54.952 21.8576 45.7009 -0.194923 0.0814939 3.057 0 0.310554 -0.0191574 0.950363
27.9634 57.4775 33.1553 0.360829 0 -3.9 0 -0.235275 -0.0143373 -0.971823
36.1805 30.594 22.611 -0.271367 0 -3.5 0 -0.452155 -0.615065 0.64595
17.673 42.2794 52.6944 0.550078 0 1.8 0 0.0525252 0.801765 0.595327
54.617 59.925 42.0708 -0.321694 -0.639977 -3.12784 0 0.474 0.862538 -0.177068
50.7881 29.2206 26.0191 0.404681 0.588324 -3.5 0 0.136717 0.373405 -0.917539
64.0622 61.9422 36.542 -0.267968 0 -0.8 0 0.839468 -0.230008 0.49233
61.4105 67.4515 28.5605 0.0406175 0 -4.5 0 -0.63688 0.394572 -0.662343
56.9211 50.8039 22.1737 0.269743 0 2.2728 0 -0.173024 -0.573713 -0.800573
41.1115 52.702 35.6145 0.899611 0 -3.77747 0 0.988716 -0.0820442 -0.125339
36.2313 66.3522 41.1628 -1.28153 -0.755532 -3.5 0 0.0780353 0.992265 0.0965451
43.3527 43.541 41.8036 5.13892 0 -1.3 0 -0.406933 -0.224225 0.885511
36.0832 57.6114 35.6432 0.672109 0 -0.8 0 0.557013 0.803954 0.208313
26.3784 42.3481 22.7604 0.452695 0 -1.82745 0 -0.325559 0.622381 -0.711796
16.0436 34.8247 52.6001 0.525715 0.0702903 -4.44752 0 -0.317993 0.0750692 0.945117
18.7251 29.8888 21.599 0.781847 0 -4.5 0 -0.273232 -0.849764 -0.450827
52.7409 31.1734 28.182 0.150793 -0.289428 2.8 0 -0.392701 0.657607 -0.642914
65.5167 57.0916 38.329 -0.698298 0 1.85939 0 0.653069 0.625468 0.426954
28.4821 31.0557 60.8651 0.00626198 0 -0.8 0 -0.680525 -0.372771 0.630815
50.9086 35.2065 48.8561 1.57009 -0.318382 -0.4 0 0.859473 0.472203 -0.195784
48.4279 61.317 42.0539 0.379456 0.433156 -4.5 0 0.765623 0.504646 0.39894
21.3775 41.1963 19.591 1.07729 0 -4.5 0 0.429752 0.852141 -0.298611
49.856 39.6138 64.178 0.320278 0 1.8 0 0.612773 -0.744085 0.26617
52.145 45.9815 32.2523 2.12154 -0.198547 1.30776 0 0.743054 0.421855 0.519527
68.7261 65.0274 26.2162 0.0206527 0 -3.5 0 0.474548 0.852557 -0.218976
17.1885 57.2767 47.523 0.0578164 0 4.2 0 -0.212025 0.542232 0.813037
27.5941 33.6455 20.0185 -0.08959 0 4.2 0 0.926494 -0.361652 -0.104001
60.0685 38.2612 23.2068 0.626074 0 -4.5 0 -0.502204 -0.801905 -0.323635
53.3329 47.0695 65.1306 0.71458 0.67192 -4.5 0 0.39123 -0.38395 0.836374
74.5719 58.9342 29.2419 -1.66586 -0.0802262 -3.5 0 -0.104127 -0.154149 0.982546
77.9244 42.0252 21.1723 -0.0325935 0 1.8 0 0.717364 0.124577 0.68547
43.0079 14.8792 53.5409 0.471339 0 -4.5 0 0.0142048 -0.0327969 0.999361
40.5275 36.7972 58.3532 0.103167 0 3.8 0 -0.0241361 0.313167 0.949391
44.187 61.198 49.7118 -0.371327 -0.247391 -3.04045 0 -0.603758 0.376191 0.702821
65.501 40.686 20.013 0.919971 0 -4.5 0 0.0458871 0.588365 -0.807293
13.5539 38.0965 33.6157 0.111493 0 -3.5 0 -0.464058 -0.488922 -0.738651
58.496 50.633 55.722 -1.12997 -0.679409 -3.5 0 -0.273503 0.960099 0.0583662
16.1131 35.0756 31.4145 -0.238414 0 -3.5 0 -0.968074 -0.246903 -0.0432556
49.6646 52.1558 46.2474 3.69784 0 -0.412646 0 0.29897 -0.946234 -0.123526
61.3288 68.1393 25.2257 0.100282 0 1.8 0 0.41578 0.647222 0.638929
50.794 46.092 24.315 0.518719 0 -0.4 0 -0.798703 -0.288073 -0.528288
72.8972 41.0187 16.8037 -0.344191 0 -3.5 0 -0.527018 0.439396 -0.72745
56.6931 62.503 39.0791 0.135709 0 2.48953 0 -0.539515 -0.21711 0.813503
26.2097 23.6546 51.134 0.265787 0.453566 -1.53677 0 -0.517105 0.0646223 0.853479
53.9733 46.2878 23.2153 0.477452 0 -0.4 0 0.150037 0.2342 -0.960541
43.7669 16.476 44.31 0.264951 0 2.55478 0 -0.129729 -0.977731 0.164962
33.3655 41.1245 53.8245 1.1011 0 1.8 0 -0.498711 0.539258 0.678593
18.2792 38.1558 21.437 0.560588 0 -4.5 0 -0.964438 -0.22016 0.146252
74.5385 54.284 21.3785 -0.984182 0 -3.5 0 0.616247 -0.407798 -0.673751
20.966 33.486 37.165 -0.309935 0 3.8 0 -0.335537 -0.861352 -0.381428
37.7508 48.563 55.7965 0.549503 0 4.2 0 0.118738 0.973726 0.194315
57.9652 42.8582 46.8865 -0.0413326 0 -0.9 0 0.562387 0.645138 0.517222
34.9654 37.899 57.4678 0.549804 -0.235467 1.16316 0 0.296334 -0.279486 0.913276
34.4656 41.9444 13.6034 0.326528 0 -3.5 0 0.11347 0.153085 -0.981677
36.5336 19.0959 47.2176 0.376622 0 -3.2 0 -0.642178 -0.753767 -0.139437
34.235 44.346 55.805 0.724604 0.389475 -4.5 0 -0.663054 -0.428 0.614146
64.1336 37.1519 32.3939 1.27372 0.0540586 -3.5 0 0.310586 -0.818317 -0.483625
50.9565 57.3465 54.892 -0.108409 0 3.8 0 -0.0552915 0.953274 -0.297004
22.1728 47.046 50.3807 -1.59407 -0.309891 0.144802 0 0.0548535 0.9797 0.192819
18.9435 33.1427 55.171 1.19983 0.440873 -3.9 0 -0.215006 -0.0171368 0.976462
34.1475 32.0426 24.535 -0.199509 0 -1.09418 0 -0.248604 -0.479545 -0.841566
18.6435 38.9567 22.641 0.41029 0 -4.5 0 -0.95079 0.187511 0.246655
26.0795 58.4991 32.8445 0.795973 0 -3.9 0 0.373052 0.341798 -0.862558
26.6525 59.4022 33.5386 0.398705 0 -3.9 0 0.188534 0.7615 -0.620139
72.0645 61.968 24.241 -0.209672 0 1.8 0 0.245906 0.96909 0.0198577
50.3929 27.9419 51.7501 -1.95909 -0.263477 -3.5 0 0.306218 0.281313 0.909447
53.2704 41.9781 55.0504 -0.294777 0 -3.5 0 0.194662 -0.781692 0.592507
22.557 50.0505 31.979 0.0692237 0 -3.5 0 -0.447786 0.603402 -0.659844
81.3988 48.087 25.66 -0.209541 0 3.8 0 0.595095 0.295297 -0.747436
39.894 57.973 34.2905 0.310692 0.0375966 -3.2 0 0.399446 0.500062 0.768363
57.4215 24.5763 36.7629 -0.215163 0 -0.590425 0 0.387842 -0.29414 -0.873533
40.5995 37.6444 57.7369 0.112216 0 3.8 0 -0.173899 0.396427 0.901446
40.6774 38.921 45.1635 4.59466 -0.000450386 3.25236 0 0.350498 0.846899 0.399892
55.9816 36.647 44.5718 0.370874 -0.990576 -0.8 0 0.577693 -0.180896 0.795957
26.7044 42.7612 53.1275 -0.464144 -0.760135 -4.5 0 -0.0151561 -0.247578 0.968749
66.4349 43.4509 21.1467 0.281234 0 2.20542 0 -0.455176 -0.363259 -0.812932
79.726 53.902 29.3988 -0.426867 0 -4.5 0 0.461904 0.793041 -0.397153
53.3534 54.312 47.9186 1.19107 0 -2.89965 0 0.247184 0.611196 0.751891
34.8491 19.6674 45.7444 0.52049 0 -1.3 0 -0.533977 -0.823301 0.192471
52.767 31.284 50.605 0.0131565 0 -4.5 0 0.87736 -0.443751 0.182552
59.05 36.3291 35.6179 0.437532 0 -1.86632 0 0.0853598 -0.381745 -0.920318
47.2185 60.885 31.9784 1.06128 0.107039 -4.5 0 -0.621377 0.514298 -0.591091
21.7276 37.9282 17.7983 0.943927 0 -4.5 0 0.822482 -0.568146 0.027074
43.07 60.53 49.5806 -0.461226 -0.0321713 -1.6 0 -0.139886 0.51153 0.847802
56.6051 53.6926 21.4155 0.273255 0 1.8 0 -0.729449 0.163114 -0.664303
26.3465 23.3797 43.845 0.194124 0 -4.5 0 -0.872846 0.333784 -0.355988
53.5202 44.6253 21.823 2.99087 0.0947096 -3.9 0 -0.262694 0.549368 -0.793213
31.2145 40.5719 55.155 0.246802 0 3.8 0 -0.0961391 0.889491 0.446724
47.8506 41.1779 66.6224 0.162771 0 1.8 0 -0.300953 0.193824 0.933734
54.2504 59.0336 22.0195 -0.0713457 0 1.8 0 -0.720493 -0.178913 -0.669985
33.0093 61.7303 39.203 0.526005 0.0293941 -3.5 0 -0.486891 0.872707 0.036328
21.635 48.0809 28.8286 0.359611 0 -4.5 0 -0.192574 0.798457 -0.570422
49.3681 21.5271 46.7775 0.133078 0.0512294 -4.17358 0 0.450243 0.382978 0.806604
76.7849 53.8829 31.2754 0.178431 0.647938 -4.5 0 -0.198021 0.980018 0.0187806
36.3629 18.5413 48.1792 0.615726 0 -3.2 0 -0.682218 -0.582804 -0.441495
50.0796 58.9481 29.0163 0.904682 0 -4.5 0 -0.129785 0.866434 -0.482128
37.0855 45.9272 58.8435 0.316459 0 4.2 0 -0.204881 0.290203 0.934776
57.5843 62.3045 40.7785 -0.28652 0 -4.5 0 -0.943691 -0.216716 0.249963
72.7783 59.6519 28.3494 -0.226663 0 1.9 0 0.294246 0.927378 -0.231063
51.25 43.93 63.761 0.470366 0.470142 -0.4 0 -0.110961 0.891429 0.439366
84.516 43.9405 31.056 -0.376051 0 -3.44389 0 0.998248 -0.0481869 -0.0343403
14.1763 37.63 35.8555 0.00695903 0 -3.5 0 -0.134817 -0.905166 0.403111
65.931 39.59 26.7295 0.900326 0 -0.4 0 -0.333688 -0.933243 0.133076
66.537 38.9255 32.0418 -0.130557 -0.0481812 -3.5 0 0.598827 -0.363971 -0.713394
24.2264 40.4269 22.4084 0.445104 0 -3.2 0 -0.643937 0.764651 -0.0255474
46.3993 57.3899 45.3976 0.931712 0.263709 -3.87909 0 0.926885 0.348979 0.138191
66.2866 37.3503 33.9071 -0.546802 0 -3.5 0 0.181339 -0.963324 -0.197793
14.803 37.5885 48.317 0.830912 0 -4.5 0 -0.617249 0.784618 -0.0581311
35.7467 37.583 24.258 -0.972391 -0.48778 -2.1152 0 -0.989773 0.08295 -0.116053
13.9 41.0445 36.6986 -0.214012 0 -3.5 0 -0.0910436 0.885293 0.456034
23.6515 30.1791 57.0202 -0.579211 -0.189181 -3.5 0 -0.914861 -0.367282 -0.167732
56.941 49.3081 42.2105 2.94002 0 -3.5 0 -0.763605 0.371281 -0.52826
25.9405 41.1968 53.0445 0.209992 0 -1.95058 0 0.141595 0.0331081 0.989371
47.147 39.3225 43.2376 5.70835 0.254985 0.769765 0 -0.0753459 0.186362 0.979588
15.2227 48.22 32.921 0.665701 0.696289 -4.5 0 -0.959155 0.21534 0.183439
65.4445 45.125 20.082 0.233499 0 3.8 0 -0.115029 -0.362724 -0.92477
30.952 28.347 35.1664 -0.0122066 0 3.8 0 -0.851859 -0.52204 -0.0425509
74.9733 51.6992 33.226 0.0944002 0.291869 -4.5 0 -0.954365 -0.276468 0.112925
55.0902 15.9795 37.1582 0.0994764 0 -3.9 0 0.137737 -0.921295 -0.363653
42.8055 49.808 26.583 0.115011 -0.0693059 -3.5 0 -0.305229 0.0431453 -0.951301
41.573 21.8943 27.5759 -1.59979 0 -3.5 0 -0.280739 -0.945534 0.164777
41.7386 47.5029 27.461 0.701601 0.525591 2.1073 0 -0.0634665 0.0978129 -0.993179
27.9355 45.7113 25.5732 -0.0431949 -0.00761977 2.6191 0 -0.515546 0.358494 -0.778264
43.553 41.9311 60.4577 0.180207 0 -2.10052 0 -0.353974 -0.682615 0.639327
66.6515 61.8335 19.9042 0.118249 0 1.8 0 -0.0747455 -0.343963 -0.936003
56.7692 65.1435 30.8883 0.216512 0 3.8 0 -0.666785 0.708869 0.230005
25.473 38.773 57.756 -0.988842 -0.365809 -3.5 0 -0.745511 0.396647 0.535617
35.0994 48.3536 44.7284 6.04062 0 0.76478 0 0.998207 -0.0562707 0.0203925
69.2975 37.1917 39.0621 0.779764 0 -4.5 0 0.753837 0.593332 -0.282287
83.755 48.4699 26.6426 -0.412248 0 -3.5 0 0.226082 -0.41392 -0.881792
22.4975 53.3789 36.5799 -1.86757 0 -3.5 0 -0.185542 0.843856 0.503469
42.6821 24.0387 24.965 -0.565252 -0.323267 -3.5 0 0.611518 -0.224431 -0.758734
36.3592 47.9523 17.4585 0.383383 -0.0405094 1.8 0 -0.284572 -0.0871294 -0.954687
73.709 47.1265 30.2915 -0.460636 0 3.8 0 -0.537466 0.0176032 0.843102
44.4291 22.2016 31.2944 -0.552366 -0.494879 -3.5 0 -0.26397 -0.958813 0.104872
55.366 26.8205 46.5295 0.000300122 0 -3.5 0 0.999408 -0.011551 0.0323965
47.355 49.275 41.294 3.04954 -0.289383 -1.3 0 0.626421 0.452695 0.634558
47.114 60.8302 44.3102 0.701218 0 -4.5 0 0.910182 -0.10732 0.400063
50.9723 50.4516 37.7471 2.96647 0 -0.722836 0 0.314204 -0.554108 0.77087
27.4748 26.7604 41.2084 -0.337326 0 4.2 0 -0.625993 -0.0963337 -0.773856
30.1127 55.4897 51.1862 0.940904 0 1.8 0 0.420725 0.832258 -0.361022
76.5236 53.8824 33.6614 0.505286 0 -4.5 0 -0.504605 0.848614 0.158834
72.0345 46.1145 40.5822 -0.50646 0.2169 -3.2 0 0.911598 0.408494 0.046068
43.7904 15.0066 48.823 0.337854 0 -4.5 0 0.401195 -0.391388 -0.828166
37.2323 29.8554 25.7717 0.082974 0.799385 -3.53367 0 -0.452517 -0.271628 -0.84938
50.2906 15.1193 38.2324 -0.0173483 0 1.24183 0 0.579102 -0.538287 -0.612281
36.7668 54.7033 49.7223 0.836838 0.132995 -3.5 0 -0.15044 0.161404 0.975355
80.9301 52.3409 27.7711 -0.927472 0 -4.5 0 0.116664 0.99158 -0.0562042
15.7905 35.2342 43.104 -0.313181 -0.188366 2.83267 0 -0.952717 -0.2975 -0.0618345
30.7733 58.036 49.287 0.670449 0 -3.9 0 0.269286 -0.712269 0.648196
51.7509 19.4269 31.3361 0.107384 0 1.9 0 0.47103 -0.312734 -0.82482
53.546 33.685 53.6935 0.510177 0.28201 -4.5 0 0.617695 0.0883688 0.781437
48.0006 15.9712 51.0076 0.572833 0 -4.5 0 0.788617 0.491191 -0.369884
57.6485 37.4888 38.3162 0.640517 0 4.2 0 0.671463 0.437009 0.598465
57.0574 32.657 22.165 0.767259 0 -4.5 0 -0.335141 0.181599 -0.924501
38.788 47.6141 21.8768 0.816433 -0.285033 -4.5 0 0.631202 0.775232 0.0244765
67.766 39.3185 26.9946 0.633343 0.328346 -0.443312 0 -0.456262 -0.878833 0.139559
44.888 56.092 40.821 1.06104 0 -2.4 0 -0.339272 -0.0966367 -0.935711
40.3158 15.2312 52.2766 0.659271 0 -4.5 0 -0.643883 0.32919 0.690687
17.5176 52.6599 40.5456 -0.597809 0 -3.5 0 -0.498263 0.657532 -0.565143
30.8236 52.8379 44.9059 1.64194 0 2.8 0 -0.250588 0.932558 0.259886
55.1596 41.9608 25.9874 1.05185 0 -0.570671 0 0.302774 -0.933236 0.193386
25.8498 52.1685 49.9422 0.613311 -0.481915 0.0375833 0 -0.821856 0.424662 0.379757
35.869 54.2943 49.9715 0.522735 0.0473167 -3.5 0 0.166248 0.490933 0.855188
70.16 38.3065 28.8368 0.555037 0.0741686 -0.7 0 0.0751749 -0.366239 0.927479
22.6548 41.0625 25.5495 0.298815 0 3.8 0 -0.192148 0.305574 -0.932579
59.4186 48.8368 50.9696 0.123641 0 -1.6 0 0.948246 0.269308 -0.168236
35.829 52.7665 23.3535 0.617671 0 -4.5 0 0.376968 0.868818 -0.321015
27.2755 45.2015 54.174 0.485396 0 -4.42726 0 0.476413 -0.0894964 0.874655
49.3094 58.5335 43.6909 0.276151 -0.397276 -3.5 0 -0.355606 0.282012 0.891074
55.549 42.776 63.07 0.0517854 0 -3.5 0 0.373781 -0.869267 0.323516
47.4421 36.1362 28.5182 -0.0762819 -0.384956 2.8 0 0.322518 -0.645808 -0.692036
23.542 17.7577 44.639 0.217948 0 -4.5 0 -0.812359 -0.521619 -0.260743
46.4279 54.7116 36.7945 1.0243 0 -4.5 0 -0.846574 -0.00455392 -0.532252
38.5482 61.9545 45.6731 0.229208 0 -3.38328 0 -0.350268 0.770368 -0.532772
18.187 34.6872 28.706 -0.724614 -0.837903 -3.61549 0 -0.382115 -0.923905 0.0196964
25.538 32.908 33.3644 -0.517468 0.00229497 0.599848 0 -0.114957 -0.726797 -0.677164
65.0645 36.4207 38.2665 0.665109 0.118261 -4.5 0 -0.109436 -0.871227 -0.478526
64.539 38.2995 31.8409 0.967198 0 -3.5 0 0.430445 -0.4974 -0.7532
46.3036 55.8765 37.7363 1.40306 0 -4.5 0 -0.978502 0.156714 0.13407
80.3421 53.5308 25.3617 -0.72373 0 -3.5 0 0.512828 0.857191 0.0472377
41.3045 36.0935 17.554 0.269688 0 -3.9 0 0.999267 0.0332036 0.0190622
32.572 32.226 60.7448 -0.662858 -0.904739 -0.8 0 0.872155 0.441219 0.211359
16.006 45.5514 36.3249 0.106106 0 -3.9 0 -0.677163 0.238619 -0.696068
38.5988 13.1055 50.2225 -0.335761 -0.0292929 -4.5 0 -0.70468 -0.517034 0.485903
58.9685 67.8635 31.675 0.40587 0.32667 -4.5 0 -0.711711 0.696104 0.0943723
62.091 67.171 24.977 0.393961 0 1.8 0 0.559178 0.621911 0.548221
34.7999 36.4519 25.2034 -1.65177 -0.732386 -1.69145 0 -0.567651 0.613093 -0.549444
45.792 48.5454 47.3046 4.88516 0 4.2 0 -0.0721992 -0.482096 -0.873138
24.689 56.5998 46.5648 -0.329796 -0.29109 -3.9 0 -0.433274 -0.17603 0.883904
83.242 44.0725 27.997 -0.473947 0 -0.4 0 0.352274 -0.480694 -0.803017
22.4207 57.6001 35.1575 0.896821 0 -3.9 0 -0.857652 -0.114763 0.501261
28.516 39.7853 22.769 -0.0931432 0 -3.2 0 0.803335 -0.595222 -0.0190592
73.8923 58.0897 24.302 -1.18176 0 -1.93849 0 0.713438 0.233063 -0.660824
73.3145 40.2707 25.1012 -0.78564 0 3.57362 0 0.762605 -0.646406 0.0243603
52.7216 31.0985 49.0446 -0.823983 -0.314072 -3.5 0 0.992741 -0.0499281 0.109416
56.1668 45.9259 36.9222 2.42509 0 -0.962819 0 -0.377494 0.871066 -0.314232
39.9559 31.961 55.9869 0.276296 0 -3.5 0 -0.540399 0.420075 0.729044
41.358 58.269 53.258 0.663626 0 -4.5 0 -0.559943 0.624499 0.544486
16.6345 49.2713 43.15 -1.757 -0.614458 -3.5 0 -0.566232 -0.549137 0.614679
27.953 19.709 50.7105 0.301121 0.393546 -3.5 0 0.147356 -0.841659 0.519515
76.8486 54.1834 22.6208 -0.980937 -0.0866862 -3.5 0 0.0302027 0.673061 -0.73897
60.013 33.5947 28.1275 0.283169 -0.363765 -2.03834 0 0.649426 -0.262331 0.713742
19.5233 41.7603 26.1785 0.096221 0 3.8 0 -0.471258 0.671095 -0.572318
57.9116 57.5199 43.8573 0.0682017 -0.0384902 3.8 0 0.169454 0.440448 0.881641
32.4836 48.8729 56.7344 0.566479 0 -4.5 0 -0.503478 0.26509 0.822336
55.1714 26.7682 44.6255 0.141079 0 3.8 0 0.953669 0.232381 0.191087
27.9387 57.6824 47.7364 0.246857 -0.0209723 -3.9 0 -0.36359 -0.162467 0.917282
52.485 56.082 52.2369 0.183186 0 3.8 0 0.13391 0.793565 -0.593567
68.1484 63.6808 19.638 -0.0309806 0 1.8 0 0.511739 0.367542 -0.776554
46.9924 33.3461 23.3369 0.709923 0 -4.5 0 0.484688 0.755465 -0.440852
16.9643 46.1549 34.7185 -1.52326 -0.00558519 -3.5 0 -0.768299 0.521074 0.371752
41.457 59.4455 50.856 0.479134 0.920278 -4.5 0 -0.534028 0.774528 0.339
69.795 57.1614 21.0701 -0.397267 0 1.8 0 0.477752 0.871902 -0.107423
40.9084 23.3372 25.365 -1.09195 -0.126436 -3.76098 0 -0.18096 -0.757289 -0.627509
40.83 61.106 50.0475 0.268962 0 -1.6 0 0.261361 -0.220339 0.939756
26.6291 35.2224 26.5056 -0.600445 0 -4.5 0 0.847336 -0.182873 -0.498577
16.6938 49.7033 34.2783 -0.0742648 -0.937577 -3.5 0 -0.940805 0.337306 -0.0333365
29.4935 51.6758 54.0185 1.00298 0.374717 0.763171 0 0.375221 -0.0598876 0.924999
18.1974 34.7168 40.5895 -0.16414 0 3.8 0 -0.698566 -0.334247 -0.63268
34.2365 24.405 33.9359 -0.20534 -0.196651 2.21016 0 -0.70571 -0.701162 0.101709
38.1102 54.8377 26.182 1.04638 0 -4.5 0 -0.404973 0.50197 -0.764214
68.3976 46.079 17.1817 0.154119 0 1.8 0 -0.382614 -0.611065 -0.692969
42.6531 51.1881 36.4904 1.02396 0.988521 -3.9 0 0.174392 0.686286 -0.706115
19.9896 34.2158 35.5405 -0.353001 0.086995 0.731637 0 -0.446575 -0.861733 0.240806
52.3812 56.8015 34.8395 1.02909 0 3.8 0 0.0244601 0.962311 0.270851
36.266 65.6395 42.161 -0.893498 -0.270682 -3.5 0 -0.0769771 0.451456 0.888967
45.9031 33.4294 23.1318 0.597058 0 -0.315165 0 0.187211 0.501455 -0.844686
84.6855 50.2715 25.7215 -0.592397 0 -3.5 0 0.404631 -0.189461 -0.894638
69.2569 42.5576 40.407 0.022342 0 -3.2 0 0.191466 -0.82346 -0.534093
67.2584 64.1917 23.1994 0.542222 0 0.407968 0 0.309278 0.935619 0.170187
57.9865 47.8527 32.2082 2.21173 0 3.8 0 -0.886593 -0.189042 0.422157
58.0173 32.7759 34.487 0.766974 0.0134691 -4.5 0 0.514065 0.382898 -0.767546
69.691 57.9785 21.8485 0.386914 0 1.8 0 0.587622 0.57103 -0.573258
56.7342 22.3932 36.7108 0.0521222 0 1.8 0 0.540949 0.0158192 -0.840907
73.6728 56.414 21.8697 -1.78145 0 -3.5 0 0.488988 0.672552 -0.555486
55.4185 51.4291 50.5358 0.631221 0 -2.51816 0 0.614627 0.781098 0.110094
26.8255 49.869 19.6005 0.0828424 0 -4.5 0 -0.294574 -0.131082 -0.946596
69.491 44.671 42.448 -0.433263 0 -3.2 0 0.347742 0.155272 0.924644
40.1846 23.6628 30.7694 0.207964 0 -4.11814 0 0.0718832 -0.970988 -0.228069
68.2982 47.5541 32.1064 -0.39408 0 3.74203 0 0.700327 -0.648582 0.298133
20.8139 52.5163 45.3526 0.525369 0 3.14208 0 0.675353 0.148038 0.722484
25.6325 20.9445 50.4435 0.00791291 0 -3.5 0 -0.789491 -0.415818 0.451442
57.6775 51.1377 52.1382 0.245868 0 -1.6 0 0.124712 0.955769 0.266369
19.3931 52.907 37.3479 -1.05213 0 -3.5 0 0.100938 0.942734 0.317905
20.8946 45.0619 48.4152 -0.42647 0 -1.2689 0 -0.764532 0.325454 -0.55639
40.278 43.1317 60.6818 0.296721 0 -0.8 0 -0.549215 0.0322447 0.835059
62.9053 50.8467 45.1032 -0.151088 -0.0284787 -1.6 0 0.382439 0.230851 0.894678
20.4005 55.409 42.3665 0.826117 0.304154 4.2 0 -0.131538 0.217823 -0.967084
59.2109 48.9986 57.3075 -0.944622 0 -3.5 0 0.343376 0.543194 0.766181
50.3115 55.4555 50.1813 0.247609 0 2.8 0 0.774534 0.525699 -0.351762
37.0177 24.6705 42.3068 -0.737635 0 1.08564 0 -0.922427 0.109564 -0.370302
82.0383 44.6386 27.2844 -1.25852 -0.857493 3.8 0 0.0540398 -0.727501 -0.683975
46.5555 38.539 43.4632 5.48478 0 3.8 0 -0.0165949 0.608015 0.793752
56.547 45.37 32.765 2.34019 0 -1.6 0 0.0478374 0.960704 -0.273422
37.8054 51.7562 46.5094 6.57441 0.595711 -3.5 0 -0.211992 -0.589835 -0.779201
33.9024 25.7598 38.3167 0.249099 0.44071 -1.10184 0 -0.143345 -0.97691 0.158429
35.8747 43.9287 43.8745 6.0746 0 -3.5 0 0.562696 0.634511 -0.529877
47.6862 50.8167 45.4276 3.94152 0 4.2 0 0.169643 -0.660566 -0.731351
23.0177 43.6154 25.9271 0.164924 0 -0.72805 0 -0.647497 0.417883 -0.637277
30.2835 28.3253 55.631 -0.471474 0 3.8 0 -0.119794 -0.160524 0.979735
58.669 50.5966 52.359 0.0455397 0 -1.6 0 0.712266 0.663531 0.228921
71.1055 61.8371 23.6842 -0.219832 0 1.8 0 0.157561 0.914447 -0.372775
48.566 58.913 52.82 0.104943 0 2.8 0 0.373902 0.668496 0.642893
69.7231 52.6022 32.5609 -0.469703 0 3.8 0 0.322958 0.189193 0.92731
37.3753 21.859 52.2533 -0.0881471 0 -3.2 0 0.32584 -0.249153 0.912004
52.2687 41.5034 48.9871 1.36125 0 -3.5 0 0.0574922 -0.579206 -0.813151
39.8647 16.001 51.6387 0.488986 -0.134606 -3.8085 0 -0.332642 -0.0658754 0.940749
64.3016 41.7304 31.0364 -1.98101 -0.107035 -0.944918 0 0.439981 -0.792116 -0.423047
55.9868 42.9248 61.303 0.182791 0 -3.5 0 0.386364 -0.922346 -0.00039436
56.3495 67.4688 35.497 -1.13934 -0.264826 -4.5 0 -0.470869 0.869871 -0.146992
54.6702 64.7545 23.3323 -1.47724 -0.0836176 -3.5 0 -0.457218 0.886372 -0.0727783
25.9439 34.3579 30.0837 -0.553876 0 -2.15333 0 -0.222974 -0.967135 0.122195
67.2525 60.6077 31.533 -0.46761 0 1.9 0 -0.0433366 0.10602 0.993419
20.8476 37.451 17.8876 0.532474 0 -4.5 0 0.256106 -0.957726 0.131035
32.1035 24.053 43.029 0.59578 0 -0.4 0 0.730681 0.234316 -0.64125
76.1825 38.6195 13.9045 -1.0842 -0.711855 -3.5 0 0.111855 0.148499 -0.982566
64.429 46.94 19.828 0.209811 0 3.8 0 -0.259829 -0.226992 -0.938597
54.3004 55.3008 56.4731 0.213903 0 1.8 0 0.501509 0.800678 -0.327726
20.3994 52.422 39.9785 -0.657714 0 -3.5 0 -0.210464 0.964646 -0.158628
18.817 47.9636 44.1791 0.975747 0.631639 1.8 0 -0.334761 -0.12472 0.934013
58.5211 25.9557 35.426 0.206849 0 -4.5 0 0.305098 -0.95099 0.0503293
51.0843 19.847 30.5756 0.297575 0 1.9 0 0.542549 -0.472807 -0.69433
34.9729 24.197 52.5981 -0.22297 0 -3.0121 0 0.406315 -0.176539 0.896517
31.7337 30.7673 25.9805 -0.631591 0 -3.2 0 -0.646713 -0.459813 -0.608551
32.1037 41.7925 14.8862 0.476596 0 -3.5 0 -0.587054 0.259482 -0.766836
31.504 38.988 60.759 0.0563652 0 -0.7 0 0.796769 0.566439 0.210491
80.0404 41.7279 16.6354 -0.199957 0 1.8 0 0.622671 0.441199 -0.646238
59.5849 39.0634 22.5553 0.804814 0 -4.5 0 -0.61808 -0.558647 -0.553074
50.313 56.2832 46.2482 1.10993 0 -1.6 0 -0.519802 0.849241 0.0927149
52.9647 28.0679 51.6736 0.23301 0 -3.5 0 -0.165234 0.189467 0.967884
58.092 46.812 49.969 0.822375 0 -1.6 0 0.626136 -0.534164 -0.567999
41.081 28.0691 58.595 0.261407 0 -3.5 0 -0.632886 0.0685764 0.771202
74.9015 38.1955 20.4329 0.700196 0.750578 -3.5 0 0.594751 -0.800938 0.0690574
39.0334 45.7186 47.8269 5.41416 -0.496088 -2.08611 0 0.111356 0.717235 -0.687876
45.432 14.8532 50.1216 0.707529 0 -4.5 0 0.33627 -0.658818 -0.672965
63.789 64.4805 34.2996 -1.38426 -0.854799 -0.8 0 0.78967 0.527623 -0.313106
54.224 27.2642 23.9675 0.183179 0 -3.5 0 -0.669447 -0.578156 -0.466451
56.4953 65.0335 21.5195 -0.10349 0 -3.5 0 -0.400288 0.865228 -0.30191
55.5205 54.9389 23.0327 -1.15935 0 1.8 0 -0.62767 -0.105688 -0.771272
55.6185 37.0148 25.8107 0.782636 0 1.8 0 -0.629376 0.255373 -0.733942
38.5885 53.597 24.9428 1.15048 0.184706 -4.5 0 0.0120388 0.56638 -0.824057
51.0868 23.1036 26.5965 -0.0164977 0 -0.8 0 0.388467 -0.246608 -0.88785
41.7122 33.667 17.9671 -0.369975 -0.732995 -3.5 0 0.12088 0.329013 -0.936557
18.4526 39.5687 54.1791 1.04417 0.621869 1.8 0 0.224979 0.0476129 0.9732
68.7114 44.0315 17.7609 0.155641 0 1.8 0 -0.635469 0.000767906 -0.772126
39.6328 58.114 50.481 0.728214 0 -4.5 0 -0.455081 0.695683 0.555812
59.9473 38.4284 38.0604 0.343317 0 -2.08178 0 -0.643633 -0.249331 0.723581
46.0675 31.6811 21.9815 0.124553 0.255734 -4.5 0 0.103278 -0.166265 -0.980658
15.7741 45.1427 48.324 0.613178 0 -4.5 0 0.0323703 0.957867 0.285381
40.1785 47.2125 21.6895 0.724787 0 -4.5 0 0.452797 0.880551 -0.140019
68.0888 43.513 44.241 -0.356645 0 -3.5 0 0.510166 0.277209 0.814178
56.4333 45.0718 25.0675 0.934393 0.590299 3.8 0 0.743069 0.0945427 -0.662503
54.237 45.1893 33.5785 2.50911 0 -1.6 0 -0.316769 0.946386 0.0633369
42.8541 57.1724 40.5887 1.12361 0 -3.26555 0 0.217086 -0.243563 -0.945278
38.0745 63.7915 50.0145 0.358674 0 -1.6 0 -0.757614 0.353554 0.548654
24.1289 28.4581 56.0669 -0.158822 0 -3.5 0 -0.653806 -0.726962 -0.209913
24.7805 34.5213 30.2915 -0.23118 0 -3.43919 0 0.17954 -0.975449 0.127532
46.912 28.4184 50.9164 -0.399584 0 -3.29641 0 -0.171022 0.00850808 0.985231
56.9927 37.5985 44.3008 0.529879 0.23235 -2.17127 0 0.776717 -0.240182 0.582257
45.2155 41.1357 48.0592 5.69227 0 0.211185 0 -0.341429 0.145934 -0.928509
61.6598 55.2808 18.8507 0.131111 0 -0.7 0 -0.0500652 -0.636741 -0.769451
27.2236 25.8231 52.4996 0.179547 -0.339209 3.8 0 -0.955317 -0.292931 0.0395003
28.692 57.7287 28.6392 0.40954 0 -0.8 0 -0.0806861 0.952129 0.294857
58.098 46.9005 60.03 -0.174564 0 -3.5 0 0.845341 0.499573 0.189276
57.181 43.9586 50.3218 0.0246259 -0.571195 -2.30333 0 0.833504 0.167615 -0.526475
78.4898 49.371 23.0333 -1.06542 -0.375905 -2.37035 0 0.0516732 -0.294949 -0.954115
38.885 64.3857 50.4152 0.249727 0 -1.6 0 -0.313757 0.659717 0.682884
26.5586 45.0698 25.4661 0.44191 0 -1.6 0 -0.0568748 0.777386 -0.626447
64.6549 37.0871 35.5831 0.926497 0 -3.5 0 0.53482 -0.844271 0.0342762
16.1445 31.5697 43.729 -0.368364 0 0.148569 0 -0.873951 -0.130256 -0.468233
38.719 23.058 30.8008 0.196197 0 -4.5 0 0.620497 -0.766734 -0.164626
23.7055 52.432 47.6565 2.75724 0.16076 -3.9 0 -0.821793 0.36676 0.436054
33.227 24.2076 53.7747 0.0708444 0 1.8 0 -0.00936605 0.0165842 0.999819
33.0944 43.5306 53.7077 0.97839 0 -4.5 0 -0.388314 -0.595473 0.703295
55.4329 64.4736 28.2066 -0.307543 0 1.11566 0 -0.718924 0.457796 0.52304
27.7245 37.918 24.9433 -0.562188 0 -3.2 0 0.915102 -0.225432 0.33432
47.565 24.988 49.0845 -0.104295 0 -3.5 0 -0.188073 -0.705632 0.683164
44.1514 56.4378 56.0317 0.139729 0.324876 -2.23145 0 -0.349206 0.685864 0.638472
25.1133 61.7681 45.7239 0.113372 0 -0.7 0 -0.51866 0.640095 0.566807
61.0908 66.0115 28.4897 0.652759 -0.286407 -2.62551 0 -0.886533 0.265984 -0.378566
28.2243 39.8805 57.456 -1.38245 -0.552388 -3.5 0 -0.215094 0.967646 0.131891
45.4195 15.438 40.7262 0.34121 0 2.8 0 -0.214555 -0.970135 0.113156
56.6849 23.5179 40.9844 0.277346 0 1.91894 0 0.755956 0.17573 0.630595
37.6968 28.5446 20.4434 -0.629923 -0.350013 -3.5 0 -0.0157201 -0.993519 0.112573
58.476 61.3133 21.0479 -0.00358041 0 0.708366 0 0.136661 -0.296357 -0.945249
32.5265 34.0973 58.7183 0.764282 0 -0.75402 0 0.572391 -0.150001 0.806144
54.256 40.5055 22.6028 0.851034 0 -3.9 0 0.352168 -0.803723 -0.479591
42.2286 40.1895 48.4543 4.76171 0 3.8 0 -0.124029 0.218256 -0.967978
39.0025 48.9289 25.251 0.325477 0 -4.5 0 0.87311 -0.171701 -0.456287
66.9596 50.2738 40.9195 -0.256904 -0.0932671 -0.7 0 0.888354 -0.305258 0.342994
53.0225 60.3083 35.359 0.556579 0 3.8 0 -0.913592 -0.370826 0.166847
49.1582 61.1809 32.5579 1.1967 0.00865857 -4.5 0 0.576375 0.817159 -0.0065773
16.3204 46.7519 36.6631 1.00605 0 -3.9 0 -0.472554 0.217785 -0.853969
50.4678 54.9673 24.13 0.144753 0 3.8 0 -0.465302 0.883377 0.0560358
76.8151 49.8447 23.4754 -1.10669 0 -3.5 0 -0.404641 -0.0678428 -0.911956
24.614 29.495 59.8315 -2.0333 -0.406845 -3.5 0 -0.279464 -0.118744 0.952785
24.0711 57.6276 46.1211 0.327573 0 -0.7 0 -0.345229 0.10699 0.9324
70.8066 62.2142 24.9281 -0.252442 0 -0.826397 0 0.577662 0.814163 0.058697
45.9432 37.8571 24.54 0.288191 0 -1.3 0 0.610845 0.0472071 -0.790342
55.9658 54.7808 56.7928 0.0917427 0 1.8 0 0.595193 0.621129 -0.509848
18.3155 32.8473 26.5917 0.143619 0 -4.5 0 -0.87833 -0.322185 0.353176
36.8336 61.7052 48.266 0.740492 0 -1.6 0 -0.899269 0.369612 0.233884
40.6359 50.9886 42.9815 6.01396 0 -2.26031 0 0.216321 -0.85766 0.466503
59.4261 30.1647 33.4067 0.98034 0.613883 -4.5 0 0.5333 0.272632 -0.800789
52.7719 60.8554 40.1463 -1.13906 -0.870797 -0.8 0 0.426041 0.904241 0.028953
34.8956 54.0838 50.4543 0.0489402 -0.0591984 -3.5 0 0.137014 0.641094 0.755133
77.3607 43.6883 34.9692 -0.30292 0 4.5 0 -0.484872 -0.528376 0.696935
20.391 28.606 49.762 -0.348961 -0.456929 -0.8 0 -0.485458 -0.861552 -0.14852
45.8843 36.2467 24.1268 0.233735 0 3.8 0 0.80728 0.290811 -0.513544
65.4134 55.4561 40.279 -0.533663 0 -0.7 0 0.659942 0.648547 0.379293
26.835 55.7395 29.2495 -0.413074 -0.967962 -0.8 0 -0.656575 -0.302527 0.690932
76.4455 39.697 28.5265 -0.351076 0 1.8 0 -0.238239 -0.910254 0.338643
48.8753 28.4524 25.8102 0.125955 0.221663 -3.90635 0 -0.386283 -0.901748 -0.194002
78.6146 41.389 32.0534 -0.176214 0 4.5 0 0.0634318 -0.920636 0.385235
44.0556 44.1456 15.8162 2.21429 0.150691 -3.9 0 -0.023319 0.212106 -0.976968
60.745 27.482 36.884 1.07607 0.097157 -4.5 0 0.532428 -0.762328 0.367937
29.7248 30.9823 33.308 -0.372429 0 1.8 0 -0.719563 -0.677053 -0.154365
58.3166 48.7155 47.6932 -0.0674109 -0.0153308 -1.99346 0 0.727569 0.202258 0.655542
27.4818 54.0928 31.2086 0.326827 0 3.17027 0 -0.783022 0.529526 -0.32631
70.8087 48.649 31.7549 -0.353624 0 3.8 0 0.44973 -0.74912 0.486377
16.6928 45.8591 41.6355 0.57444 0 -0.866513 0 -0.854455 0.0541388 0.516697
44.0067 41.587 21.7136 -1.0307 0 -3.5 0 0.8784 -0.427242 -0.214191
31.9259 53.389 21.1361 0.482811 0 -3.2 0 0.256367 -0.0514237 -0.965211
74.017 59.807 29.1855 -0.699906 0 -3.5 0 -0.187983 0.878158 0.439888
26.5607 50.9588 54.246 0.444455 0 -0.4 0 -0.302155 0.353254 0.885389
39.2492 44.815 41 5.93775 0 1.8 0 -0.324774 0.538661 0.77741
50.1287 46.4421 25.3153 0.311213 0 -0.4 0 -0.503712 -0.391452 -0.770091
41.4665 51.4355 35.9885 1.66708 1.38043e-06 -3.9 0 0.708175 0.58224 -0.399356
58.4954 47.2924 24.4069 0.346628 0 4.5 0 -0.417919 -0.750936 -0.511311
39.6927 47.8192 26.5012 -0.0684677 -0.0483919 -0.4 0 0.777694 0.0365287 -0.627581
53.2658 48.5423 65.4737 0.504781 0.0776487 -4.5 0 0.8229 0.00477398 0.568166
49.7105 59.808 30.0715 0.716318 0 -4.5 0 0.169688 0.759046 -0.628534
21.933 43.6193 26.6982 0.0392606 0 3.8 0 -0.437566 0.643742 -0.6278
72.788 51.6855 21.3337 -1.1205 0 -2.54709 0 0.898806 -0.0140373 -0.438121
55.1475 27.9905 51.2115 0.726037 0.391421 -3.5 0 0.832088 0.390009 0.394363
18.4507 44.8651 30.1298 0.712485 0 -4.5 0 -0.581552 -0.664191 -0.469731
78.8309 48.6041 34.3035 -1.69819 -0.294469 -3.5 0 -0.869851 0.0428227 0.491452
36.2912 25.6935 42.9561 -1.58087 -0.17465 -0.4 0 -0.798848 -0.282196 -0.531232
63.103 39.4762 19.7506 0.985842 0 -4.5 0 -0.336768 -0.365907 -0.867583
54.5493 45.0935 34.7901 2.78915 0 -1.6 0 -0.49905 0.862567 0.0832358
57.405 37.652 29.076 1.23742 0 1.8 0 0.030491 0.208771 0.977489
63.776 40.8684 26.2549 1.06945 0 -0.4 0 -0.15472 -0.850658 0.502436
45.001 42.0829 22.8064 -1.39167 -0.342343 -3.5 0 0.594931 -0.69775 -0.399001
18.3317 50.5866 32.7817 -0.268898 0 -4.5 0 -0.170439 0.861992 -0.477411
49.7605 24.041 26.1663 -0.342034 -0.703432 -3.5 0 -0.522183 0.394351 -0.756182
19.9212 56.5975 47.1227 0.0507959 0 4.2 0 0.348015 0.207804 0.914168
45.1792 21.883 27.1246 -0.753872 0 -3.5 0 -0.591689 -0.781009 -0.199825
52.3986 38.6441 45.7415 3.04978 0 -0.383116 0 -0.190457 0.5305 0.826012
82.6742 50.4007 34.4403 -1.87403 -0.258641 -3.5 0 0.770482 0.569354 0.286693
26.8681 29.7845 35.6162 -1.80323 -0.338677 -3.5 0 0.365035 -0.772562 -0.519516
45.6329 24.383 48.699 -0.302812 0 -3.5 0 0.502998 -0.255759 0.825579
16.489 48.6945 36.241 -2.18621 -0.940877 -3.5 0 -0.776729 -0.335022 -0.53334
63.588 65.9118 25.373 -0.543881 0 -0.8 0 0.476652 0.773975 0.416852
52.534 17.3167 46.844 0.0146657 0 -3.5 0 0.236113 -0.512813 0.825393
57.022 22.911 44.397 -0.408366 0 3.8 0 0.952156 0.295854 0.0766093
48.7897 23.2738 25.9322 -1.578 -0.71698 -3.5 0 -0.0358564 0.895277 -0.444065
36.363 60.2472 38.2669 0.359257 0 -3.5 0 0.230346 0.109944 -0.966878
27.9836 61.778 44.9494 0.358474 0 -0.7 0 0.800385 0.593785 0.0824825
45.6338 37.5349 55.8794 -0.433614 -0.549874 -1.6 0 0.0303917 -0.566154 0.823739
85.7234 47.7878 28.9349 -0.936303 -0.470787 -3.5 0 0.923416 0.0538529 -0.380005
58.8614 59.5391 21.024 -0.000599017 0 2.84195 0 -0.04861 0.168089 -0.984573
69.4259 31.9627 41.5397 0.672967 0 -4.5 0 0.45266 -0.458079 0.765025
78.8754 54.3216 24.3551 -1.8791 -0.518222 -3.5 0 0.392591 0.909625 0.135851
65.6485 53.1155 19.7325 0.830588 0 -4.5 0 -0.263723 0.134745 -0.955141
46.808 24.52 48.562 -0.0697142 0 -3.5 0 -0.0415234 -0.487914 0.871904
42.4261 12.2736 51.2494 -0.0442919 0 -4.5 0 0.327306 -0.944806 -0.0145599
39.1834 57.1011 27.5602 0.657927 0 -4.5 0 0.323894 0.926531 -0.191396
37.378 52.459 45.4669 6.7245 0.326363 1.39196 0 0.0410028 -0.998067 -0.0467028
33.486 40.6787 25.8027 -2.47562 -0.101501 3.8 0 0.233999 -0.806982 -0.54224
74.4561 60.5827 25.7831 -0.994024 0 -3.5 0 -0.38128 0.916105 0.124002
34.779 25.128 25.47 0.478664 0 -4.5 0 -0.044397 -0.321493 -0.945871
26.989 47.641 21.316 0.679954 0 -4.5 0 -0.196667 -0.866625 -0.458566
64.0616 63.3041 34.6245 -1.42621 -0.0491451 -0.8 0 0.98682 0.101039 -0.126406
65.8712 52.6974 42.2388 -0.65478 -0.201538 -0.7 0 0.64027 0.201929 0.741133
62.64 54.3903 46.0233 -0.0769736 0 -0.4 0 0.600219 -0.403629 0.690523
13.9041 41.8156 33.931 -0.0761351 0 -3.5 0 -0.0320732 0.904296 -0.4257
37.3059 43.4772 42.4398 7.3516 0.278191 -3.9 0 -0.254892 0.964398 0.0704678
64.0456 48.2396 19.5819 0.130446 0 3.19387 0 -0.230579 -0.572297 -0.786962
15.3507 42.1418 43.6186 0.102196 0 -4.5 0 -0.72977 0.0113118 -0.683599
81.717 43.6606 33.4017 -0.868347 0 -2.61034 0 0.0677984 -0.604183 0.793956
59.9284 34.9406 25.0609 0.76027 0 -4.5 0 0.456973 0.578129 -0.675975
59.0332 33.5434 43.0532 1.51205 0.0976913 -3.9 0 0.594581 -0.447155 0.668226
33.6671 22.723 29.4165 0.695868 0 -4.5 0 -0.733125 -0.631817 0.251665
16.4201 48.7964 41.6645 -0.436845 -0.780166 -3.5 0 -0.827686 -0.394426 0.399203
47.6291 13.4729 52.8167 0.402956 0 -4.5 0 0.100828 -0.990809 0.090173
48.1016 58.1213 43.7355 0.552928 0 -3.5 0 0.0934751 0.393742 0.914456
46.3721 45.2425 22.8013 0.196645 0 -3.5 0 0.53207 0.703211 -0.471588
53.8568 38.6808 32.4108 0.86589 -0.337679 -0.370211 0 0.937948 -0.129119 -0.321842
81.7655 51.3821 31.881 -0.898359 0 -4.38437 0 0.953456 0.266183 0.141661
26.2421 53.7496 33.3265 0.266169 -0.0933151 2.66206 0 -0.719798 0.386907 -0.576362
23.453 39.453 19.0565 0.469322 0 -3.2 0 0.190549 0.316613 -0.929219
16.0947 42.5908 34.5185 -1.29609 -0.160863 -3.5 0 -0.772411 0.341284 0.535637
67.5667 40.285 39.216 0.309491 0 -4.5 0 0.921762 0.331811 -0.200641
38.6044 28.2841 21.1502 -1.7374 -0.598656 -3.5 0 -0.313823 -0.928158 -0.200097
54.4205 34.6391 24.8814 1.07446 0.840472 -4.5 0 -0.842887 0.538085 -0.00237126
16.5851 30.635 22.5556 0.417772 0 -4.5 0 -0.904284 -0.36051 -0.228697
38.075 39.004 12.5655 3.04066 0 -3.9 0 0.0830787 0.754105 -0.651478
33.514 44.672 24.123 -0.222324 0 3.8 0 0.576273 -0.816389 0.0376556
79.4575 52.4333 36.2274 0.0345163 0 -4.5 0 0.439331 0.332277 0.834614
72.0179 43.0666 30.4522 -0.163277 0 3.09267 0 0.259852 -0.42773 0.865751
14.1525 36.9297 49.2075 0.709882 0.287591 -4.5 0 -0.88455 0.460573 -0.0737818
43.7205 24.3722 53.5047 -0.0923833 0 -4.5 0 0.565666 -0.429867 0.70373
66.7346 47.2905 18.4169 0.853374 0 1.8 0 -0.809755 -0.423867 -0.405751
58.5636 46.6978 36.3756 1.94664 0 2.58948 0 -0.686298 0.549208 -0.476828
68.1484 39.0418 25.9325 0.745629 0.457464 -0.552739 0 -0.58283 -0.809078 0.0755116
19.6955 28.5135 51.8428 0.35438 -0.434662 -0.8 0 -0.389948 -0.825345 0.408347
31.8088 24.8161 41.9135 0.155214 0 4.2 0 0.805067 -0.25589 -0.535152
20.399 47.365 28.332 0.2391 0 -4.5 0 -0.320154 0.437598 -0.840244
56.735 32.7547 44.2967 1.11833 0.165995 -2.78712 0 0.796965 -0.316352 0.514556
50.4403 15.9501 36.6899 -1.45914 -0.16254 2.8 0 0.644538 -0.658005 -0.389358
61.9296 57.758 46.0271 -1.50211 -0.633703 -0.4 0 0.0840635 0.267229 0.959959
27.8277 37.6183 21.892 -0.667274 0 4.2 0 0.934762 0.141864 -0.325723
52.0602 52.4152 40.1353 3.90424 0 1.8 0 -0.0588309 -0.921453 0.38401
39.7777 59.1077 40.3085 0.640511 0.558488 -4.38659 0 0.0135009 0.561074 -0.827656
48.3014 57.0588 29.7061 1.18961 0 -4.5 0 -0.952703 -0.140475 -0.26949
58.9134 33.8884 28.9958 0.784043 -0.124701 2.18226 0 0.367344 0.00427471 0.930075
38.5731 43.0255 44.1871 8.0694 0 -3.9 0 0.708479 0.654758 0.263341
40.1665 51.9608 56.3428 0.761706 0.166971 -0.476075 0 -0.574978 -0.507199 0.641989
26.441 49.769 23.8309 -0.606069 0 -3.6786 0 -0.752913 -0.301086 0.585209
70.4743 64.6955 29.916 0.0903721 0.786684 -3.5 0 0.945712 0.0682171 0.317765
56.792 48.9411 59.9549 -1.78736 -0.283922 -3.5 0 0.811058 0.391027 0.435066
46.8675 46.098 24.78 0.491861 0 -3.00074 0 0.0127813 0.767549 -0.640863
53.9345 32.5915 51.8335 0.511379 0.359885 -4.5 0 0.858801 -0.496135 0.127716
48.9033 52.3249 61.1214 0.541546 0 -2.66551 0 0.73325 0.512053 0.447377
68.7606 47.7751 35.6226 -0.21913 0 2.8 0 0.819949 0.570367 0.0486287
31.321 28.3407 56.2793 -0.808121 -0.516614 -3.5 0 -0.589975 -0.435817 0.679701
64.7916 40.9169 44.0225 -0.1339 0 -3.5 0 -0.493843 -0.485966 0.72108
60.3255 42.9818 25.7369 0.643469 0 -4.5 0 0.00736116 0.918837 -0.394568
39.9378 22.894 53.0448 0.746318 0.242648 -4.5 0 -0.138285 -0.971325 0.193405
40.964 32.8434 56.2014 0.0889954 0 -2.15026 0 -0.324811 -0.0377102 0.945027
56.5768 15.969 43.5093 -0.557396 0 -3.5 0 0.644993 -0.74262 0.180276
75.2442 45.7192 16.5771 -0.171449 0 1.8 0 0.591158 0.602338 -0.536397
76.6683 43.582 34.153 -0.303412 0 4.5 0 -0.576521 -0.494688 0.650313
80.7972 52.7915 24.5693 -0.698234 0 -3.5 0 0.794118 0.244257 -0.556521
57.3331 64.884 20.845 0.00288795 0 -3.5 0 -0.116528 0.831174 -0.543664
54.2858 33.6715 23.9147 0.852683 0.00615104 -4.5 0 -0.727705 0.499491 -0.470058
41.73 12.207 49.8368 -0.203616 -0.397736 -4.5 0 0.321952 -0.884028 -0.338881
44.966 25.9993 27.8365 -0.585688 0 -4.00006 0 0.524034 -0.0441649 -0.850551
58.8875 57.1114 20.1844 -0.0924668 0 -0.7 0 -0.655875 0.0338007 -0.754113
67.0304 49.9219 39.7631 -0.203844 0 -1.77972 0 0.984652 0.00305786 0.174504
62.0067 34.7018 35.4449 0.154227 0 -3.5 0 0.218023 -0.500792 -0.837659
48.1104 14.1811 34.6749 -0.0258058 0 -0.4 0 0.202511 -0.765482 -0.610759
58.077 42.215 48.298 0.0585628 0 -2.06286 0 0.481615 0.835584 0.264286
63.49 39.9035 30.7051 3.98129 0 -0.4 0 0.896244 0.127574 -0.424819
20.081 41.5531 19.7256 1.18931 0 -4.5 0 -0.117409 0.981703 -0.149916
21.8533 45.7251 45.7948 0.165111 0 3.8 0 -0.975934 0.217543 -0.0150819
48.343 62.352 34.895 0.603191 0 -4.5 0 0.745833 0.657702 -0.105643
32.8125 55.6912 24.4925 0.781404 0.200003 -3.2 0 0.663788 0.734011 -0.143576
54.253 62.7279 29.1647 -0.719478 -0.0887614 3.8 0 -0.378014 0.7025 0.602991
37.1034 22.1334 28.597 0.278351 0 -4.5 0 0.531124 -0.814388 -0.233836
36.0139 46.0199 40.2747 5.50277 -0.839042 -0.8 0 0.604333 -0.059046 0.794541
57.9911 31.3619 31.9076 0.589027 0 2.8 0 0.937675 0.336587 0.0864556
40.3573 49.2985 55.3045 -0.485989 -0.416242 -0.4 0 -0.450906 0.19251 0.871564
36.9839 21.709 30.6286 0.00353272 0 -4.5 0 0.0593496 -0.989197 0.134043
13.3287 43.3527 50.976 0.373317 0 -4.5 0 -0.417036 0.487264 0.767239
80.0479 42.1992 17.7041 -0.209032 0 1.8 0 0.601051 0.798121 0.04171
68.7254 40.4716 41.7549 -1.43447 0 -3.5 0 0.816749 -0.0881512 -0.57022
31.6607 43.4094 53.5516 0.716772 0.00552702 -4.29369 0 0.00320855 -0.539218 0.84216
17.1714 50.2743 33.1166 0.435511 0.0437053 -4.5 0 -0.586875 0.703842 -0.400229
40.9 23.5783 54.8232 0.652568 0 -4.5 0 0.323189 -0.53461 0.780859
30.967 27.79 33.5418 0.42127 0 3.8 0 -0.766032 -0.610274 0.201892
44.6447 43.1201 47.0235 5.26455 0 -0.8 0 -0.496134 -0.363206 -0.788627
33.0445 38.1584 16.6456 -1.02148 -0.274697 -3.5 0 -0.359178 -0.913209 -0.192458
54.408 25.7365 30.6186 -0.716576 -0.582948 -3.5 0 0.83177 -0.300865 -0.466518
33.149 34.893 25.001 -1.90652 -0.179109 -2.20794 0 -0.669696 0.236463 -0.703983
39.988 13.8145 52.6315 0.333577 0 -4.5 0 -0.876354 -0.0433698 0.479711
53.7482 42.2254 63.7899 0.168235 0 -0.4 0 0.386317 -0.0421792 0.921401
44.8274 49.8195 46.3283 4.82312 0 -3.5 0 0.254162 -0.454555 -0.853687
29.8489 28.1754 37.5185 -0.56302 -0.221143 -2.22221 0 -0.662931 -0.448788 -0.599259
46.8667 60.0371 46.1847 0.845958 0 -1.6 0 0.804856 -0.26248 -0.532269
29.7995 23.7835 52.597 0.182869 0 1.8 0 -0.099792 -0.371589 0.923019
28.0373 53.3078 49.437 -0.21278 -0.768186 1.8 0 -0.299368 0.903422 -0.306932
19.069 45.7901 28.8903 0.813987 0 -4.5 0 -0.286083 -0.314012 -0.905292
57.6395 29.1875 28.397 0.581373 0.0154467 2.56232 0 0.720323 -0.688333 0.0856293
55.885 38.5645 27.944 0.94277 0 1.8 0 -0.408318 0.911118 0.0560398
76.457 54.5662 23.8445 -0.972682 0 -3.5 0 0.426841 0.851954 -0.303285
57.7106 55.1206 46.5909 -0.116524 -0.417035 -3.5 0 0.251429 0.573885 0.779384
55.6815 48.834 38.9705 2.8241 0 1.9 0 -0.75521 0.597382 -0.269801
52.1656 54.1908 48.7755 1.04273 0.374568 -3.61409 0 0.463981 0.773245 0.43222
46.1403 58.031 35.712 1.66368 0 -4.5 0 -0.939019 -0.155786 -0.306551
28.781 54.7819 47.0389 0.47936 0 -0.7 0 -0.523592 0.361158 0.771632
57.5773 38.0675 42.8372 0.469606 0 -0.9 0 0.912912 -0.40163 -0.0726969
38.1234 56.5469 26.5177 0.731571 0.0429376 -4.5 0 -0.371528 0.633224 -0.678966
84.9705 45.5755 30.526 -0.480112 0 -3.30233 0 0.686725 -0.72202 -0.0842352
58.2134 44.2059 61.4287 0.181188 0 -3.5 0 0.888425 -0.403566 0.218712
54.8446 40.645 52.6665 0.331674 0 -3.78189 0 0.433971 -0.260335 0.862493
32.7639 25.6601 53.7673 -0.225657 0 1.10551 0 -0.106808 -0.401832 0.909463
45.9244 46.4771 61.8003 0.274718 0 -4.5 0 0.468165 0.350707 0.811065
17.4998 32.4669 24.3844 0.400068 0.455515 -4.5 0 -0.911075 0.0733467 0.405664
77.9758 40.9585 30.558 0.213048 0.0319168 2.42443 0 -0.122798 -0.889002 0.441131
15.3066 50.0226 41.3371 -1.62704 -0.529549 -3.5 0 -0.895743 -0.420836 -0.143321
15.0737 46.917 37.1355 0.864258 0 -3.9 0 -0.647822 0.122804 -0.751828
32.4815 60.6784 46.5911 1.9686 0.342334 -3.9 0 0.629866 0.320848 -0.707337
55.4972 46.2433 38.2433 2.59194 0 1.47154 0 -0.637547 0.475 -0.606555
58.713 31.091 43.2675 -1.47254 -0.866088 -3.5 0 0.410887 0.0471673 0.910465
52.7836 58.0255 37.0563 0.513256 0 -0.8 0 -0.456268 0.512053 -0.727751
45.0643 14.7134 54.4048 0.484757 0 -4.5 0 -0.333803 -0.753899 0.565872
25.4153 55.9346 33.2229 0.753844 0 -1.6 0 0.0767207 -0.647725 -0.758002
41.9236 51.2713 43.4868 5.12438 0 -1.3 0 0.100963 -0.98789 -0.117814
63.3784 59.1865 37.4326 -0.441958 0 0.54803 0 0.711041 0.560696 0.424312
43.4241 19.3486 35.0584 0.375868 0 -0.648192 0 0.0107431 -0.343129 -0.939227
65.4068 39.7771 25.807 1.04475 0.303086 -2.49863 0 -0.501468 -0.807637 0.310245
39.5585 47.076 25.5025 0.668674 0 -4.5 0 0.805288 0.565591 -0.177815
79.5905 54.5085 31.017 -0.0172986 0 -4.5 0 0.313608 0.845647 -0.431893
34.207 26.784 54.994 -0.106015 0 -3.5 0 0.189879 -0.688282 0.700152
37.0569 14.6496 49.943 -0.0865542 0 -4.5 0 -0.815325 -0.535454 0.220306
35.1838 38.618 15.1858 0.159712 0.244033 -3.82981 0 -0.404807 -0.68013 -0.611191
78.9069 40.0079 28.3185 0.359169 0 1.8 0 0.600108 -0.720543 0.347403
44.1269 60.1372 38.5006 1.27167 0 -4.5 0 -0.524832 -0.254819 -0.812169
15.6719 32.5457 44.1939 -0.763582 -0.395384 0.117887 0 -0.850542 -0.023877 -0.525365
44.5816 37.1715 55.8841 0.323291 -0.520271 0.261426 0 0.481982 -0.158154 0.861789
41.894 50.3949 33.5689 0.82569 0.380526 -3.35718 0 0.56485 0.812127 0.146269
31.1844 46.2119 54.6451 1.11626 0 -4.5 0 -0.506609 -0.0221204 0.861892
64.1756 39.7371 24.8666 1.24763 0.414311 -4.5 0 -0.127094 -0.607472 0.784108
57.1263 62.79 32.2637 0.34846 0 -0.35023 0 -0.986475 0.0352137 0.160082
22.063 31.4412 59.7542 0.0549249 -0.169699 -3.5 0 -0.639012 -0.709636 0.296783
44.5274 50.9 34.7476 0.290636 0 4.2 0 -0.803909 0.584202 -0.111532
68.3175 49.5735 35.5845 -0.294819 0 3.8 0 0.945064 -0.316331 0.0823993
52.242 23.9255 45.796 0.0650289 0.0868622 0.166713 0 -0.273586 -0.20265 0.940257
49.546 19.3535 27.439 -0.12957 0 -3.5 0 0.669742 -0.742302 0.0208
22.416 32.2964 37.7607 -0.503957 0 1.68322 0 -0.7757 -0.29104 -0.559986
24.8579 48.7696 49.0724 0.473148 0 3.8 0 -0.771059 0.527908 0.356063
52.4831 50.1796 60.7154 -0.0529304 0 -2.32713 0 0.524552 0.519252 0.674702
71.2728 47.2155 39.9064 -0.0263314 0 -3.2 0 0.809389 0.582929 -0.0712908
39.049 22.5206 51.4712 -0.403634 0.501433 -3.91243 0 0.0795055 -0.744226 0.663179
25.9562 52.4132 52.26 0.168843 -0.0531067 1.01773 0 -0.758577 0.616032 0.212287
60.7201 46.5127 42.9466 0.239945 0 1.9 0 -0.522306 -0.00154852 0.852757
31.7274 60.9215 36.6512 0.204164 0 -1.6 0 0.0498042 0.998582 -0.0188275
14.5351 41.3298 50.7682 0.473304 0.090993 -3.71191 0 -0.565813 -0.80658 0.171127
28.2045 53.0158 53.9039 0.721334 0 0.830546 0 -0.429383 0.11194 0.896158
57.736 65.051 25.0856 0.588274 0.295178 3.06225 0 -0.414284 0.908289 0.0581355
55.1738 57.4525 20.934 0.153429 0 1.8 0 -0.616726 -0.517013 -0.593588
41.0503 52.8848 27.2388 0.638216 0 -3.5 0 0.608145 0.293206 -0.737692
54.9429 55.6074 46.7891 0.294354 0 -2.83546 0 0.302805 0.606638 0.73505
47.5085 50.5805 25.0015 0.161062 0 -0.8 0 -0.525646 0.396943 -0.752418
37.9963 55.6351 50.255 0.699632 0 -4.0627 0 -0.490458 -0.0418017 0.870461
36.1603 45.2054 58.6825 0.285385 0 4.2 0 -0.467021 -0.163965 0.868911
63.1651 39.3065 41.0105 -0.0806629 0 0.702958 0 -0.142293 -0.833139 0.534445
60.8874 34.3305 27.269 0.155695 -0.222074 -1.19054 0 0.921022 0.0415877 0.387285
55.861 51.607 42.935 3.40229 0 -4 0 -0.413991 -0.577137 -0.703935
64.316 38.6905 40.9674 0.0542496 0 -4.5 0 -0.392333 -0.593657 0.7026
43.9725 55.667 57.148 0.550576 0 -3.29283 0 -0.278896 0.815743 0.506734
29.2645 58.7674 48.6171 1.27644 0 -3.9 0 -0.698024 -0.287878 0.655659
57.5259 59.0551 43.3309 -0.124824 -0.184521 3.8 0 -0.115499 0.497172 0.85993
67.3367 63.0074 19.2935 0.0298521 0 1.8 0 0.213141 -0.166159 -0.962789
41.098 31.3745 19.4711 -1.07417 0 -3.5 0 -0.516778 -0.470271 -0.715392
58.5621 27.3458 33.4675 0.419482 0 -4.5 0 0.561921 -0.430425 -0.706385
51.7555 34.4065 48.953 1.57668 0.602818 -4.5 0 0.584616 0.804789 -0.102655
84.1226 42.1246 29.7794 -0.127346 0 -0.4 0 0.659544 -0.669163 -0.342379
19.64 39.9475 23.5305 0.685101 0 -0.59035 0 -0.291282 0.955754 -0.0410857
28.5336 52.3544 20.291 0.532152 0.336917 -4.5 0 0.102747 0.564595 -0.818948
30.5951 24.8622 40.1268 -0.207634 0 -4.00636 0 0.634007 -0.634419 -0.442208
70.5533 35.9222 38.6445 0.495282 0.713674 -4.5 0 0.579841 0.609846 -0.540251
56.159 50.6381 49.9179 0.747711 0 -1.6 0 0.719795 0.636247 -0.277641
19.2773 50.2033 32.212 0.488717 0 -4.5 0 0.0638242 0.746019 -0.662859
39.4272 31.0163 56.5308 0.207726 0 -3.5 0 -0.613692 0.388712 0.68723
28.4055 60.9859 45.715 0.456784 0 -2.92332 0 0.543628 0.830397 0.122099
70.7416 47.3531 17.4452 -0.173982 0 1.8 0 0.567702 0.0734969 -0.819946
67.9164 40.7629 40.9221 -0.757853 0 -4.5 0 0.863321 0.189175 -0.467856
56.7644 43.9496 47.9625 0.00514522 0 0.582904 0 0.920075 0.14552 0.363711
72.0581 60.739 28.9578 0.116276 0 1.9 0 0.602938 0.780268 -0.166274
54.3416 51.7346 39.8726 3.05189 0 1.8 0 -0.0513926 -0.996697 0.062884
56.0694 44.5191 23.6968 1.34085 0.702457 -3.15052 0 0.931018 0.194101 -0.309079
41.327 52.6255 57.743 0.209975 0 -0.7 0 -0.176721 -0.419677 0.890304
20.9897 54.4915 42.194 -0.106964 0.297635 -2.15 0 -0.349313 0.282364 -0.893449
45.5366 64.4749 48.7298 -1.27248 -0.328453 -4.5 0 0.371475 0.914574 0.15988
44.267 13.9377 49.6878 0.36249 0 -4.5 0 0.482946 -0.542596 -0.687279
38.527 52.496 52.2875 0.0743991 -0.351979 -3.5 0 -0.891857 0.157796 0.423901
55.425 43.788 21.4645 3.04608 0.0486582 -3.9 0 0.529821 0.383746 -0.756326
12.5725 39.2365 33.9115 0.282482 0 -3.5 0 -0.513697 -0.396472 -0.760872
60.1862 66.4102 25.9825 0.307119 0 1.8 0 -0.479768 0.22988 0.846745
62.1389 38.3585 24.3284 0.58763 -0.125465 -4.5 0 0.384933 -0.922839 -0.0139311
34.3911 38.2469 16.6544 -0.281179 -0.0494715 -1.82692 0 -0.0946788 -0.856287 -0.507749
62.4085 66.0584 26.1405 -0.196554 -0.175278 1.27017 0 0.508911 0.833132 0.216567
47.5846 32.6816 25.5872 1.11026 0 -4.5 0 0.775547 0.625571 0.0847815
46.5005 62.5667 36.6104 0.840513 0 -4.5 0 -0.717038 0.672333 0.183916
50.898 55.4165 57.4195 -0.0242356 0 3.8 0 -0.380296 0.627274 0.679634
42.1273 20.4568 52.431 0.0660226 0 -3.5 0 -0.147141 -0.0497939 0.987861
31.9445 45.7788 19.1213 0.0157295 -0.895842 -4.02158 0 -0.377047 0.318217 -0.869813
39.6095 58.7475 32.38 -0.649431 0 -3.2 0 0.164065 0.949549 -0.267283
41.003 60.276 42.185 0.50402 0 -4.5 0 -0.18336 0.96499 -0.187543
21.193 53.996 36.277 -2.14284 -0.353558 -3.5 0 0.0204333 0.749566 0.661614
39.2544 60.2379 40.8934 -0.0511062 -0.241223 -3.87184 0 0.600677 0.580043 -0.550215
18.8205 33.873 40.1427 -0.176254 0 3.8 0 -0.908566 -0.174362 -0.379613
36.9253 37.545 12.2353 1.88011 0.436261 -3.9 0 -0.618959 -0.216049 -0.755124
28.7878 33.8486 30.8113 0.0867613 0 1.8 0 0.0278442 -0.736514 -0.675849
66.8255 39.8574 20.3993 0.4587 0.454566 -3.90914 0 0.2544 -0.505487 -0.824478
56.6935 52.3935 21.0758 0.213865 0 1.8 0 -0.614652 -0.276512 -0.738745
24.2829 57.915 42.515 0.329056 0 -0.8 0 -0.291325 0.201305 -0.935204
60.7446 30.6057 39.3594 0.272569 0.463081 -4.5 0 0.585398 -0.172091 0.792272
16.6472 40.807 28.6895 -0.0169646 0 -0.4 0 -0.366179 0.92968 -0.0400941
15.8717 42.2725 36.9941 -0.209917 0 -3.9 0 -0.923814 0.237458 -0.300303
47.3431 52.7354 41.148 3.47924 0 -3.2 0 -0.138821 -0.727984 0.671392
72.9122 49.0723 30.6819 -0.31401 0 3.09947 0 0.0527793 -0.0787177 0.995499
16.446 36.2731 29.211 -0.489515 0 -3.5 0 -0.948965 -0.314513 -0.0233838
39.297 59.1838 49.7567 0.543093 0 -3.5 0 -0.0793476 0.22471 0.97119
48.167 58.461 55.008 -1.20181 -0.285408 -3.5 0 0.201831 0.942609 -0.265994
64.6472 42.7596 21.2297 0.381683 0 3.8 0 0.203102 0.0156475 -0.979033
19.882 47.7603 29.239 0.907166 0 -4.5 0 -0.173117 0.788185 -0.590588
25.4025 33.0199 22.7926 -0.00164127 0 -2.80403 0 0.282093 -0.957282 0.0635249
58.926 41.192 23.867 0.685432 0 -4.5 0 -0.728173 0.663799 -0.170687
14.9893 41.969 51.8075 0.367859 0.471933 -1.35016 0 -0.469899 0.268358 0.840939
53.8245 59.0605 46.1673 0.0486192 0 -3.5 0 0.347777 0.275193 0.896281
62.5397 51.8693 45.1987 -1.29566 -0.0666377 -1.6 0 0.297855 0.0818526 0.951096
58.8405 30.8603 23.2817 1.71692 0 -4.5 0 0.391318 -0.71288 -0.581955
14.989 30.7803 47.6857 -0.629224 0 -3.5 0 -0.849787 -0.317493 0.420785
46.0406 53.9222 62.5635 0.0908986 0 -0.8 0 -0.462375 0.561164 0.686516
36.7313 34.709 18.483 -0.260058 0 -3.9 0 -0.571679 -0.383468 -0.725352
48.0274 15.086 50.5405 0.706072 0.753569 -4.5 0 0.527809 -0.201328 -0.825157
52.2539 44.3011 34.6165 1.96486 0 2.9176 0 0.275482 0.940889 0.197073
60.9521 57.3485 45.8967 -0.365624 0 -0.4 0 -0.314059 0.390433 0.865407
77.936 46.291 34.648 -0.601509 0 4.5 0 -0.511773 0.540502 0.667792
43.832 33.9803 22.487 -0.0803326 0 3.8 0 0.790393 0.0805191 -0.607285
51.1012 40.5575 56.0897 0.118276 0 -1.6 0 0.578902 -0.5188 0.629062
59.4033 40.1906 48.3551 0.233801 0 -0.9 0 0.719162 -0.512131 0.469603
25.134 50.075 51.6545 0.287179 -0.16898 -0.4 0 -0.935285 0.249252 -0.251226
70.2937 42.6317 40.3956 -0.0658865 0 -3.2 0 0.545274 -0.803251 -0.239716
36.7345 17.633 48.531 0.984002 0 -3.2 0 -0.898453 -0.309482 -0.311453
72.3225 45.9753 17.002 0.0397129 0 1.8 0 -0.353637 0.565751 -0.744894
26.9685 33.4212 27.808 -1.26041 -0.174973 -4.5 0 0.447162 -0.864404 -0.229896
59.7508 34.1749 35.5774 -1.23951 -0.835797 -3.5 0 -0.00185129 0.199267 -0.979944
41.8175 30.795 18.957 -1.15255 0 -3.5 0 -0.482357 -0.644998 -0.592714
57.4865 38.4393 45.6 0.306872 0 -0.9 0 0.410854 -0.886788 0.211674
47.1039 58.0503 53.895 -1.14314 0 -0.460117 0 -0.00188427 0.990375 0.138399
25.419 38.9904 18.7787 0.0196624 0.0774166 -3.2 0 -0.358565 -0.214135 -0.908613
63.4372 43.2682 44.8317 -1.17067 -0.0288891 1.8 0 0.0910965 -0.130661 0.987233
60.591 69.5766 30.8363 0.38081 0 -4.5 0 -0.209637 0.953928 0.214649
19.9935 33.6941 30.3962 -0.169971 0 -4.5 0 -0.428876 -0.889449 -0.15794
48.9997 51.0612 39.7345 3.60385 0 -3.2 0 0.4823 -0.688814 0.541223
22.2711 33.7055 31.2449 0.272104 0 -4.5 0 0.170106 -0.975874 -0.136873
71.8177 39.9103 19.0635 -0.352055 0 -3.5 0 -0.704063 -0.540497 -0.460606
52.629 14.043 42.368 0.180093 0 -0.4 0 0.606929 -0.726029 0.323293
24.8115 62.0451 42.3348 0.882505 0.452627 -0.7 0 -0.395843 0.806137 -0.439831
73.3282 35.7394 21.3405 -1.91429 -0.438149 -3.5 0 0.0712961 -0.921017 -0.382942
55.8018 48.8218 42.7835 2.98412 0.118209 -3.5 0 -0.428198 0.661497 -0.615685
73.3926 60.6935 23.1168 -0.295118 0 1.8 0 0.775241 0.305607 -0.552816
70.6387 58.0835 22.2992 -0.183769 0 1.8 0 0.13337 0.391049 -0.910655
69.1188 62.4268 21.576 -0.00236264 0 1.8 0 0.902543 0.229848 -0.364124
58.2051 38.2211 37.7228 1.19231 0 -1.6 0 0.315108 0.0690614 0.94654
49.0785 49.5305 62.404 1.18386 0 -4.5 0 -0.74726 -0.412015 0.521388
82.4987 41.2764 31.3295 -0.906172 -0.100952 -0.4 0 0.231832 -0.682265 0.693375
15.282 52.3324 42.4625 -1.43114 -0.713323 -3.5 0 -0.881034 0.431503 0.193868
38.6585 54.9043 51.0983 0.765324 0 -4.5 0 -0.788726 0.115811 0.603738
62.4251 58.0771 19.1057 0.0382228 0 1.59285 0 0.238886 0.354588 -0.903992
46.0281 55.7547 36.7014 1.03723 0 -4.5 0 -0.974491 -0.0817843 -0.208995
56.2933 53.7475 56.6625 0.141895 0 1.8 0 0.713786 0.00163201 -0.700362
46.167 51.9362 63.1855 0.496213 -0.440728 -0.8 0 -0.666275 -0.338116 0.664646
47.4205 16.8775 52.0655 0.195039 0 -4.5 0 0.647675 0.761584 0.0224993
28.311 43.612 20.6545 0.659773 0.411027 -3.5 0 -0.760712 0.537929 -0.36325
58.1416 33.3381 21.8916 1.08717 0 -4.5 0 -0.246266 0.484852 -0.839209
29.3818 29.8472 59.154 -0.440852 0 -0.8 0 0.0508414 -0.941066 -0.33438
35.3073 26.976 41.3817 1.05482 0 0.0146345 0 -0.20639 -0.930037 0.304031
84.5515 53.7152 26.8927 -1.98399 -0.538789 -3.5 0 0.593662 0.803879 0.0366594
57.334 18.2521 35.5047 0.237881 0 -3.9 0 0.988348 -0.122479 0.090372
46.9764 34.7449 54.602 1.57756 0.262863 -3.5 0 0.491388 0.462207 0.738175
21.3009 39.1121 15.668 0.590601 0 -4.5 0 0.51048 0.5385 -0.670394
43.3097 38.9297 45.859 5.40062 0 1.90026 0 -0.0921154 0.992281 0.0830246
33.4235 25.5689 36.9126 0.136987 0 2.99979 0 -0.213944 -0.965336 -0.14951
75.9625 36.0489 16.2689 -1.33135 0 -3.5 0 -0.199622 -0.97475 0.100067
55.332 22.3265 31.0445 -1.71695 -0.328047 -3.5 0 0.292309 -0.30515 -0.906332
27.517 24.9296 41.2173 -0.997208 0 -4.5 0 -0.971238 0.107146 -0.212642
72.5009 37.6227 19.4101 -0.986844 0 -3.5 0 -0.112941 -0.700885 -0.704276
33.9805 41.578 57.4048 -0.3975 0 -3.5 0 -0.508657 0.753161 0.417153
43.6619 54.5793 59.0083 -0.948364 -0.73284 -0.8 0 -0.721873 0.574486 0.385832
64.0973 60.8205 34.6285 -0.662696 0 -3.5 0 0.935411 0.291438 0.200176
26.3169 27.5658 51.502 0.235224 0 2.78315 0 -0.690963 -0.583811 0.426303
57.2779 41.2589 31.0907 1.31678 0 -1.6 0 -0.57129 -0.802663 -0.171346
55.2755 64.7935 24.5425 -0.688281 -0.237683 -3.28836 0 -0.0661867 0.978282 -0.196425
69.4994 46.2557 35.0921 -0.250197 0 2.8 0 0.951665 -0.0286551 -0.305799
51.3677 58.6968 34.1473 0.857316 0.352416 -4.5 0 0.385914 0.261201 0.884785
25.289 58.044 32.1068 2.03372 0.254695 -3.9 0 0.582377 0.175612 -0.793723
51.8312 55.8095 57.7235 -0.0489176 0 3.8 0 -0.0191789 0.737502 0.675072
29.904 54.891 20.782 -0.248335 0 -3.2 0 -0.0514485 0.359485 -0.931732
49.2352 48.8451 23.2311 -0.409515 -0.356125 2.00414 0 -0.327331 -0.377627 -0.866171
23.0643 31.248 55.8265 -0.608199 -0.0591297 -3.5 0 -0.585713 -0.808475 0.057515
26.076 51.8851 26.6515 -1.07618 0 -3.5 0 -0.833713 0.549956 0.0497146
56.3496 25.7248 40.9269 -0.48192 0 -3.5 0 0.826834 -0.191883 0.528703
48.3935 25.1055 47.3325 0.253009 0 -3.02029 0 0.727338 -0.655341 0.203731
44.4888 40.9386 41.8693 5.39367 0 1.8 0 -0.184259 0.00777201 0.982847
44.851 61.2205 50.5055 -0.209319 -0.469489 -1.6 0 -0.596231 0.573206 0.562089
57.7494 43.2896 51.0643 -0.0606883 -0.151425 -2.43421 0 0.990725 -0.0137087 -0.135186
31.3009 60.4819 39.6209 0.295268 0 -3.5 0 -0.650711 0.715547 0.254102
50.1581 60.2972 43.1101 -0.975165 -0.207034 -3.5 0 -0.361513 0.906952 0.216208
42.0206 27.86 22.8044 0.430156 0.032235 -3.67024 0 0.959284 -0.0496906 -0.278039
35.4495 22.6894 42.7438 -0.0907812 0 -1.3 0 -0.370189 -0.135888 -0.918964
56.9027 47.669 60.6425 -0.238889 -0.0719077 -3.5 0 0.618927 0.64337 0.450559
39.7226 45.2388 47.2204 5.33283 -0.0398439 -2.57612 0 0.165402 0.564122 -0.808955
68.2294 54.8836 36.5768 -2.24356 -0.414873 -3.5 0 0.938331 -0.329455 -0.104855
44.9337 42.6411 21.8713 -1.02984 0 -3.5 0 0.579994 -0.550444 -0.600515
53.7959 45.3128 63.1567 -0.0664877 0 -0.174745 0 -0.49641 -0.324101 0.805317
56.2533 60.7091 33.9276 0.247096 0 2.8018 0 -0.519202 0.154192 -0.840627
54.7918 61.2057 34.1632 0.327218 0 3.8 0 -0.00428903 -0.0180114 -0.999829
24.7965 48.3704 22.2089 0.638027 0 -4.5 0 -0.874867 -0.455058 0.165922
54.6952 36.7099 33.4356 1.59522 0.0898509 3.28588 0 0.41394 0.0956948 -0.90526
48.2879 41.399 44.7482 5.53483 0.0609735 -0.752063 0 -0.447503 -0.820213 0.35636
71.2225 61.122 30.3517 -0.737882 0 1.9 0 0.623595 0.729386 0.281293
38.6384 62.9304 50.5189 0.533267 0 -1.6 0 -0.32795 -0.0660198 0.942386
55.8375 25.6015 42.545 -0.197196 0 3.28103 0 0.965316 0.117607 0.233095
20.0215 33.1069 19.6014 0.914432 0.337839 -4.5 0 -0.232258 0.489281 -0.840631
52.958 31.935 51.8645 0.218884 0 -4.5 0 0.65036 -0.755424 0.0797901
34.5351 21.4179 52.1361 0.2779 0.324682 -1.07047 0 -0.202836 -0.601108 0.772999
32.8022 25.043 30.0723 0.511247 0.00295015 -4.5 0 -0.511767 -0.557376 0.653779
25.857 50.024 20.1885 0.123962 0 -4.5 0 -0.63187 0.143367 -0.7617
40.8875 48.189 46.4645 5.87041 0.540929 -3.5 0 -0.773638 -0.334145 -0.538359
31.842 26.061 30.947 0.502281 0.349778 -0.4 0 -0.334837 -0.881459 0.333038
73.9359 59.6561 28.0746 -1.23401 0 -3.5 0 -0.34151 0.938284 -0.0547082
27.3853 33.1436 61.0952 0.394611 0.00919225 -2.8953 0 0.0586467 -0.376058 0.924738
54.0118 25.2979 48.9663 -0.346869 -0.0285178 -3.5 0 0.0473183 -0.998874 -0.00328288
34.1045 51.6219 20.9399 -0.721157 -0.908753 -3.2 0 -0.134678 0.527285 -0.838947
35.1141 47.3343 56.9869 0.968865 0.666552 -2.94624 0 -0.0265855 0.617631 0.786019
46.2513 47.8115 60.0435 0.991411 0 -4.5 0 0.444316 0.45889 0.769418
18.726 44.17 52.7598 -0.0196432 0 -3.5 0 -0.613477 0.096915 0.783744
63.4813 62.1544 41.704 -0.069698 0 -4.5 0 0.69951 0.371032 -0.610754
41.829 45.674 21.552 0.576959 -0.721147 -3.5 0 0.355348 0.753807 -0.552723
59.665 34.84 42.1222 1.00925 0 -3.9 0 0.78326 0.540159 0.307786
75.9619 59.4854 25.2055 -1.90545 -0.487802 -3.5 0 0.207984 0.167106 -0.963752
36.0215 60.3727 46.2168 0.147388 -0.0414076 -0.462042 0 -0.922792 0.239378 0.301914
61.0614 32.8271 35.8254 -0.0463328 0.00512613 -3.89839 0 0.768217 0.159263 -0.620062
48.6418 24.7575 28.2339 -1.09073 0 -0.8 0 -0.578518 0.430754 -0.692653
70.3788 56.1087 31.5002 -0.443776 0 3.8 0 0.890185 0.332439 0.311537
51.834 42.3787 59.7147 -0.0547423 0 -0.14607 0 -0.0529202 -0.772712 -0.632547
27.0985 34.1328 27.0863 -1.40671 -0.0576366 -4.5 0 0.626782 -0.446836 -0.638343
26.345 33.2585 23.3845 -0.341911 0 4.2 0 0.582353 -0.771927 0.254938
55.5592 48.403 29.9185 1.86749 0 3.25409 0 0.151503 -0.346173 0.925857
67.4904 45.5815 33.3018 -0.971094 0 2.8 0 0.825718 -0.342515 -0.448188
50.4888 42.0163 60.6457 0.636238 0 3.5189 0 0.0336905 -0.69323 -0.719928
61.1995 31.3673 24.6195 0.392529 0 -4.5 0 0.704631 -0.709393 0.0160261
33.0018 30.151 58.346 -1.29502 -0.899732 -3.5 0 0.662383 -0.200663 0.721792
25.7475 28.3815 43.096 -0.161849 0 4.2 0 -0.488284 -0.45838 -0.742608
52.7465 54.9793 51.7407 0.321313 0 3.8 0 0.409054 0.391435 -0.82429
76.797 45.791 33.6015 -0.49944 0 4.5 0 -0.781074 0.400512 0.479075
50.962 45.346 39.048 3.17684 0 3.8 0 0.0556279 0.973911 -0.220006
24.3785 52.0584 33.0052 -0.206262 0 0.097444 0 -0.259452 0.653919 -0.710686
61.059 40.508 45.057 -0.0185621 0 -0.9 0 0.583341 -0.731212 0.353613
71.5393 46.5485 17.517 -1.15348 0 1.8 0 0.184308 0.456379 -0.870488
70.7239 33.7166 38.3605 0.224159 0 -4.5 0 0.45559 -0.259683 -0.851471
21.2599 44.9027 46.353 0.0892958 0 3.8 0 -0.907985 0.414724 -0.0597268
43.7944 25.4081 27.1868 -0.671851 0 -4.06766 0 0.425921 0.487308 -0.762314
61.2194 26.8507 35.0018 0.439787 0 -4.5 0 0.69094 -0.694118 -0.201995
43.9241 36.9258 20.2547 0.146323 0 3.8 0 0.391387 -0.218089 -0.89401
58.8345 67.08 41.508 -0.59348 0 -4.5 0 0.670811 0.603049 0.431677
11.5055 40.2116 33.7874 -0.0709183 0 -3.5 0 -0.633731 -0.247588 -0.732861
65.9 48.3242 42.689 -0.287151 0 -2.39971 0 0.765339 0.48385 0.424436
56.4622 42.127 55.531 -1.1069 -0.784881 -3.5 0 0.0904135 -0.953875 0.286266
52.9705 57.044 56.275 0.00612691 0 3.8 0 0.618915 0.676488 0.399135
49.6765 12.5055 41.476 -0.06906 0 -0.4 0 -0.268375 -0.883757 0.38334
42.297 46.205 60.1725 0.505461 0 -4.5 0 -0.652886 0.275073 0.705744
53.0762 37.372 29.6303 0.459408 0 1.9 0 0.572802 -0.719744 -0.392259
62.7238 34.0397 39.1328 -1.55497 -0.678522 -3.5 0 0.74814 -0.190531 0.635598
46.1095 49.7589 46.5561 4.48687 0 0.235453 0 -0.261638 -0.484578 -0.834703
21.7838 42.2815 53.2378 0.0609566 0 -0.4 0 -0.372409 0.286856 0.882624
51.3102 57.3905 55.9487 -0.0830024 0 3.8 0 -0.0988276 0.930128 0.353689
28.7231 24.3034 53.6975 0.0643105 0 3.8 0 0.0497675 -0.883628 0.465537
53.4175 49.6421 31.6841 2.73318 0 2.8 0 0.504256 -0.713673 0.486207
39.6565 45.572 59.8315 -0.215048 0 -0.8 0 -0.438827 0.276905 0.854842
16.515 50.5817 38.4055 -1.15357 0 -3.5 0 -0.899048 0.423347 0.111755
43.2725 36.464 57.137 0.218923 0 3.8 0 0.535413 -0.0643641 0.842134
35.6795 36.7075 23.5793 -1.49509 -0.728801 -0.650468 0 -0.931357 0.363178 0.0259939
52.1325 26.3507 50.8872 -0.467955 0 -3.5 0 0.312352 -0.779407 0.543103
67.0326 64.316 24.199 0.513989 0.0232841 -3.5 0 0.0488197 0.914443 -0.401759
40.7192 22.193 32.556 -0.168136 0 1.75097 0 -0.0421589 -0.53437 -0.844198
18.3761 37.7245 53.8633 0.6049 0 -3.47408 0 -0.560478 0.00533785 0.828152
55.799 67.9985 41.256 -1.57485 -0.0393627 -4.5 0 -0.808984 0.437985 0.392064
41.834 56.8335 54.7871 0.447433 0 -2.49737 0 -0.174675 0.797253 0.577821
15.5505 37.9954 43.9787 -0.0417893 -0.737349 -0.7 0 -0.937076 -0.0753767 0.340892
43.8195 54.733 29.5425 -1.02753 0 -3.5 0 0.795965 0.38858 -0.464161
46.6474 37.0811 55.198 -0.143186 0 -1.6 0 0.329435 -0.679429 0.655628
48.95 26.0462 28.5629 -0.703121 0 -2.33495 0 -0.62306 -0.0810629 -0.777962
40.3853 13.3679 47.8107 0.291965 0 -4.5 0 0.604945 -0.589264 -0.535546
16.4799 47.0525 41.5136 0.782934 0.417983 -2.28588 0 -0.766859 -0.106831 0.632862
19.641 37.9675 54.482 0.419296 0 -3.9 0 -0.329501 0.20231 0.922225
29.763 50.606 53.852 0.959556 0.669919 -0.4 0 0.230339 -0.364553 0.902245
35.8162 23.6621 42.6717 -0.16703 0 -1.3 0 -0.621488 0.390464 -0.679184
34.5705 44.3208 17.88 0.869651 0.38594 -3.5 0 -0.000772457 0.743717 -0.668494
64.9485 56.5275 20.4735 -0.0739098 0 -0.7 0 0.666319 0.167475 -0.726616
60.3296 48.2031 43.9284 -0.00365601 0 -1.6 0 -0.201747 -0.954085 0.221403
41.9875 51.1323 56.8792 0.454805 0 -2.54089 0 -0.361452 -0.268278 0.892961
72.877 41.022 28.628 0.196138 0.100576 1.68503 0 -0.0528921 -0.373171 0.926254
39.3893 36.4282 58.1201 0.0707238 0 3.8 0 -0.384912 0.18657 0.9039
77.355 40.0687 16.1386 -0.0595074 0 1.8 0 0.128788 0.535803 -0.834463
35.5428 36.0353 18.2593 0.560281 0 1.8 0 -0.321494 -0.538287 -0.779031
35.517 39.7134 23.0654 -0.155942 0 -3.5 0 -0.996049 -0.0885894 0.00613608
20.866 40.1705 17.251 0.427655 0 -4.5 0 0.28352 0.86481 -0.414391
50.0636 38.3339 49.0721 2.90275 0 -3.07368 0 0.746495 -0.00919263 -0.665328
52.8345 31.5725 53.1535 0.302809 0.00649092 -4.5 0 0.413005 -0.870755 0.266857
35.2535 44.2444 25.7659 -0.256912 0 3.8 0 0.089798 -0.639319 -0.763681
74.5427 37.389 21.5555 -1.09759 0 -3.5 0 0.850233 -0.509734 -0.131438
52.7935 15.6725 38.5103 -0.193909 -0.0615495 -3.9 0 -0.10545 -0.744226 -0.659551
63.99 62.0547 34.8145 -0.547754 0 -2.14935 0 0.995285 -0.0792421 0.0559394
20.1373 32.5959 55.5371 0.0289604 0.322664 -3.69158 0 -0.370096 -0.173886 0.912575
14.8918 33.2108 50.7412 -0.1049 0 -4.5 0 -0.80438 -0.574262 0.152303
48.612 21.8167 47.37 0.701751 0 -4.5 0 0.729609 0.238467 0.64094
60.1623 49.5054 54.6082 -1.87722 0 -3.5 0 0.761392 0.198993 -0.616996
39.1842 52.3416 54.0537 0.70484 0 -0.567363 0 -0.934673 -0.355261 0.0132681
22.0175 59.6661 43.9618 -1.39821 -0.207633 -0.7 0 -0.560718 0.714294 -0.418784
35.3322 65.9212 40.638 -1.39332 -0.027086 -3.5 0 -0.751736 0.615697 0.236241
55.0714 29.318 21.0444 0.622574 0 -3.5 0 -0.216592 0.472336 -0.854393
31.4809 47.0224 19.673 0.333491 0 -4.5 0 -0.296514 -0.0413114 -0.954135
48.8298 60.4048 37.4045 1.01114 0 -4.5 0 0.931202 0.361572 0.0461377
16.437 36.53 27.9425 -0.58554 -0.146695 -1.72653 0 -0.828143 -0.3924 -0.400253
30.21 57.1665 23.6915 0.391842 0 -3.2 0 0.18455 0.982821 0.00192866
48.6855 57.4334 48.8228 0.250001 -0.104357 2.94011 0 0.796251 0.443528 -0.411421
33.484 26.4574 42.8853 -0.788644 -0.137959 4.2 0 0.726686 -0.645662 -0.234624
50.6959 56.8254 53.937 -0.0945245 0 3.8 0 0.130671 0.947424 -0.292085
29.6135 53.014 44.6608 0.556888 0 -3.9 0 0.675512 0.710135 0.198473
29.5767 23.3665 40.1235 -0.568779 -0.0231145 -4.5 0 0.413242 -0.463265 -0.783975
39.2393 54.3647 52.1353 0.839415 0 -2.56473 0 -0.951348 0.247805 0.18311
45.481 16.416 34.7035 -0.464866 0 -0.586272 0 -0.450885 -0.131291 -0.882873
17.8398 35.7627 26.6704 0.0653096 -0.10367 -3.98413 0 -0.928733 0.0941175 -0.358603
62.5455 45.824 45.1577 -0.134644 0 -1.6 0 -0.329908 -0.357323 0.873774
35.9207 33.0074 55.6743 2.36181 0.616802 -3.9 0 0.89784 -0.1081 0.426847
43.681 21.361 34.4313 0.428068 0.943392 -0.7 0 0.160271 -0.560107 -0.812769
49.0279 60.451 42.2223 0.246034 -0.637526 -3.65587 0 0.397481 0.836967 0.376157
35.359 51.2721 45.5784 6.38918 0.722924 -0.8 0 0.957473 -0.272331 -0.0952983
43.5486 63.5245 45.0438 0.948913 0.577775 -4.5 0 -0.142192 0.906715 -0.39705
52.1686 21.3471 47.3338 0.0592886 0 -3.5 0 0.103178 0.248813 0.96304
79.2061 51.4367 36.4974 0.0084908 0 -4.5 0 0.407528 0.00978031 0.913141
23.1455 31.3485 60.1975 -0.563487 -0.387163 -3.5 0 -0.141156 -0.906177 0.398646
69.215 57.7361 17.861 0.356654 0 -4.5 0 -0.258644 0.911041 -0.321103
72.523 56.791 19.428 0.279306 0.82136 -4.5 0 0.617883 0.744265 -0.253555
19.7666 34.0667 29.2496 0.659146 0 -4.5 0 -0.59734 -0.788712 0.145322
53.318 32.978 30.2709 3.33376 0.027923 -2.322 0 0.471097 0.779763 -0.412356
53.4798 52.7757 23.4375 0.150914 0 3.8 0 0.353819 0.0915085 -0.930827
72.7115 49.508 19.569 -0.170427 0 1.8 0 0.268627 0.445721 -0.853916
35.6398 34.9557 55.347 1.80283 0.0829548 -3.9 0 0.759499 -0.024773 0.650037
37.0095 16.307 43.615 0.373669 0 -4.5 0 -0.714834 -0.0616879 -0.696568
22.1471 58.2445 45.6051 -0.783519 0 -0.7 0 -0.027425 0.383912 0.922962
40.536 14.2683 44.112 1.01727 0.879737 -4.5 0 0.764653 -0.636541 -0.100605
20.2084 28.2749 41.7616 0.204156 0 -2.14131 0 -0.439618 -0.745 -0.501708
77.3469 41.2705 31.513 -0.144534 0 4.5 0 -0.162511 -0.969281 0.18462
25.4424 51.1766 27.5519 -0.225053 0 0.0690368 0 -0.553426 0.710664 -0.434368
56.1387 33.7907 29.051 1.98103 0.566326 2.8 0 -0.637607 0.651834 0.410572
67.4791 59.288 20.8241 -0.0498026 0 1.8 0 0.0730614 0.104219 -0.991867
70.665 55.5277 17.2262 -0.225203 0 -4.5 0 0.45481 -0.143775 -0.878907
59.5244 32.3664 28.4676 0.736338 0 -4.5 0 0.731828 -0.044755 0.680018
58.8235 40.74 51.503 0.511572 0.0365619 -3.5 0 0.838612 0.518732 0.166275
74.9245 42.686 30.883 -0.364484 0 4.17893 0 -0.549128 -0.603815 0.577811
59.448 67.454 30.6311 0.619223 0 -4.5 0 -0.748591 0.312518 -0.584761
50.9888 41.1795 60.9594 0.0583889 -0.278512 1.11382 0 0.0870842 -0.393075 -0.915373
25.8171 57.9501 41.6893 0.48273 -0.562383 -1.49044 0 -0.469086 0.374524 -0.799806
53.4082 24.7984 46.0925 0.0307161 0 -2.04268 0 0.214277 -0.602296 0.768977
13.6718 34.8924 51.108 0.148099 0 -4.5 0 -0.950333 -0.25151 0.18333
35.1097 48.6657 55.4287 0.572847 0 2.27275 0 0.411669 0.798438 0.439346
54.7055 55.3613 59.312 0.00610868 0 1.8 0 -0.0828435 0.775379 0.626039
69.6003 59.4422 32.2168 -1.31885 0 1.9 0 -0.0165913 -0.185011 0.982596
67.0689 38.7508 43.324 -1.35886 0 -3.5 0 -0.257117 -0.805329 0.534168
34.5117 59.484 37.3117 0.941077 0 -3.5 0 0.538094 0.572989 -0.618174
58.8932 36.1619 40.645 0.548478 0 -3.9 0 0.481702 0.874837 0.0512198
43.1105 17.312 35.4734 -0.598986 0 -3.5 0 -0.191967 0.0312896 -0.980903
73.9498 59.3517 24.4167 -0.521933 0 1.8 0 0.7394 -0.0424267 -0.671928
17.7529 41.2211 30.7162 -0.544149 -0.261266 -3.5 0 -0.481079 0.732374 -0.481863
65.181 63.886 31.524 -1.91331 -0.810096 -3.5 0 0.496284 0.735876 0.46064
68.6301 47.8667 40.2236 -0.00648168 0 -3.2 0 0.282037 0.899622 0.333369
32.3753 50.464 51.2781 1.37474 0 -0.91404 0 0.112755 0.3361 0.935053
70.258 47.8278 16.6933 -0.0772524 0 1.8 0 0.646791 0.111492 -0.754474
60.0467 31.4291 33.9026 0.730773 0 -4.5 0 0.361424 0.290199 -0.886091
23.4425 48.0825 28.0125 0.0493121 0 -0.582288 0 -0.637026 0.433796 -0.637196
37.9325 48.7277 39.746 7.13967 0.121319 -1.50388 0 0.23099 -0.558679 0.796568
59.2301 37.223 29.1138 1.00802 0 1.8 0 -0.212231 -0.0168381 0.977074
59.518 38.987 32.762 1.24512 0 -0.4 0 -0.500757 -0.731543 -0.462695
53.2016 60.2573 45.7121 -0.0801084 0 -3.5 0 -0.057658 0.727657 0.683513
42.5821 42.9971 48.4651 4.81076 0 -0.7 0 0.0503707 -0.598214 -0.799752
15.6652 36.4291 44.6904 0.2557 -0.554082 -1.799 0 -0.988391 -0.0337216 -0.148143
33.1074 31.8787 58.6581 0.141451 0.264316 -3.9 0 0.683124 -0.0594696 0.727877
46.5305 59.129 52.4451 0.201464 0 2.8 0 0.13877 0.587314 0.797374
56.1642 15.8725 40.3218 -0.122791 0 -3.66519 0 0.705287 -0.648895 -0.285491
71.5764 61.1227 22.1978 -0.220501 0 1.8 0 0.0860573 0.411888 -0.907162
55.562 64.919 40.961 -3.57583 0 -4.5 0 -0.715702 -0.206142 0.667291
30.4781 26.2425 54.6632 -0.160916 0 3.8 0 0.494011 -0.526469 0.691942
38.2298 23.0662 33.0185 0.744163 0.812517 -4.5 0 -0.419389 -0.76956 0.481549
24.9727 33.675 18.2132 0.261052 0 4.2 0 -0.53977 -0.0922162 -0.836747
48.1398 17.0602 45.1753 0.118984 0 -0.434336 0 0.00418484 -0.903429 0.428718
47.4681 15.0211 41.3529 -0.184596 -0.0281529 1.71969 0 -0.398167 -0.821142 0.408888
45.4219 51.5104 27.0416 -0.386562 0 -0.8 0 -0.0394823 0.86479 -0.500579
39.1456 27.4807 22.2681 0.260963 0 -3.84703 0 -0.862784 -0.34195 -0.372388
26.1495 55.226 46.9155 0.121302 -0.180798 -3.9 0 -0.22538 -0.206403 0.952156
50.4315 56.5044 56.5373 -0.203013 0 3.8 0 -0.207839 0.60504 0.768589
38.6539 22.8111 38.0976 -0.206705 0 4.5 0 -0.865845 -0.162157 -0.473304
50.7809 52.7118 21.723 0.150202 0 3.8 0 -0.0493278 -0.0941688 -0.994333
33.7627 55.1011 25.1975 0.370383 0 -1.40868 0 0.521551 0.735063 -0.433206
67.939 49.122 34.682 -0.227721 0 3.3 0 0.988711 -0.0916746 0.118517
54.6217 19.9724 45.8746 -0.125282 0.512107 -3.5 0 0.187529 -0.0830873 0.978739
18.4338 32.6569 40.6603 -0.0581014 0 3.8 0 -0.792856 0.179955 -0.582233
22.3857 44.6755 27.3924 -0.368211 -0.950549 -4.5 0 -0.640485 0.32664 -0.695043
51.4915 50.0085 66.4984 0.510385 0 -4.5 0 -0.0515887 0.317195 0.946956
53.6997 64.4102 36.5137 0.0976122 0 3.8 0 -0.654531 0.693591 0.300867
68.3723 31.3291 40.9738 0.375461 0 -4.5 0 -0.227455 -0.927357 0.297109
20.2795 42.8843 26.3883 0.0987857 0 3.8 0 -0.58642 0.65397 -0.477948
36.5143 51.1975 52.6819 -0.0820287 -0.0350442 -1.6 0 0.475458 0.3768 0.79496
29.3621 58.6461 38.6917 0.217216 0 -3.26382 0 -0.55339 0.747058 0.368327
40.854 51.2145 26.354 0.601374 0 -3.94857 0 0.618493 0.0653831 -0.783066
66.549 45.9164 19.771 0.448277 0 3.8 0 -0.418053 -0.324306 -0.848562
21.8045 27.048 48.1185 0.410364 0 -3.9 0 -0.842756 -0.384849 0.37637
44.0191 51.1138 44.8854 4.5939 0 -2.11677 0 0.293535 -0.870269 -0.395561
26.7384 22.5928 40.8169 -0.0213456 0 -4.5 0 -0.59211 0.0463036 -0.804525
38.244 29.8825 24.711 -0.128815 -0.185872 -2.33132 0 -0.813627 -0.426803 -0.394778
71.095 35.354 40.1685 0.244547 0 -4.5 0 0.750146 0.473772 0.461326
43.3088 16.4074 43.3763 0.173867 0 2.8 0 -0.142943 -0.979614 0.141152
20.5278 47.675 44.7231 0.483406 0 1.8 0 -0.44022 -0.480888 0.758257
34.1635 24.356 25.9655 0.31727 0 -4.5 0 -0.296676 -0.572845 -0.764089
47.781 30.4228 56.2082 -1.37821 -0.894722 -3.5 0 -0.141999 -0.539931 0.829645
58.3305 53.044 20.2165 0.1592 0 1.8 0 0.0353904 0.0788632 -0.996257
72.4906 46.804 29.9435 -0.392927 0 3.8 0 -0.30821 0.150913 0.939272
48.2501 54.818 29.451 0.534983 0 -4.5 0 -0.843591 0.184348 -0.504351
57.8237 65.5407 29.0397 0.224788 0 3.8 0 0.171955 0.932182 -0.318541
33.8503 59.1111 42.45 1.07611 0.382726 -0.4 0 -0.55805 0.225431 0.7986
49.6012 34.5667 29.456 0.781793 -0.111577 -0.4 0 -0.301041 -0.430478 -0.850919
50.7393 51.0465 63.8088 0.685911 0.149201 -4.5 0 0.171961 0.976704 0.128372
16.4159 35.5395 30.2025 -0.00798195 0 -3.5 0 -0.948423 -0.121125 -0.292956
62.5864 53.1927 44.987 -0.119908 -0.080822 -1.01522 0 0.561899 -0.125972 0.817558
47.1884 22.6688 25.385 -1.93124 -0.00275223 -3.5 0 -0.541966 0.704129 -0.458776
54.9515 44.4089 64.3461 0.537668 0.731333 -3.5 0 -0.264943 -0.148173 0.952812
27.418 61.9473 45.879 0.290914 0 -0.7 0 0.453438 0.726331 0.516563
14.12 34.7189 49.5692 0.317135 0 -4.5 0 -0.920705 -0.335306 -0.199682
42.5493 43.0051 15.9594 1.66992 0 -3.9 0 -0.307491 0.00854551 -0.951513
41.7497 51.1371 42.3235 5.10828 0 -2.46186 0 0.42013 -0.852953 0.309778
73.3361 43.7429 15.9679 0.0456566 0 1.8 0 -0.311298 -0.288671 -0.905407
24.9485 51.2217 52.2438 0.205619 0 -0.4 0 -0.92904 0.3441 -0.13594
65.0975 38.2256 21.1124 0.275048 0 -4.5 0 0.138848 -0.887529 -0.439334
70.3852 55.7176 32.8721 -0.463701 0 3.8 0 0.814189 0.357632 0.45738
20.1817 31.024 27.6919 0.314373 0.0045063 -4.5 0 -0.0603228 -0.860724 0.505485
61.6749 33.0908 26.1956 0.405967 0 -4.5 0 0.982035 -0.00394313 0.188656
46.8833 14.4653 38.9681 0.149844 0.0983593 1.00339 0 -0.634422 -0.760265 0.139663
43.7389 29.6318 53.0935 0.394421 0 -0.7 0 0.685576 -0.441392 0.578929
32.7427 20.225 45.0918 0.0674713 0 -0.4 0 0.0665128 -0.982387 0.174618
56.276 16.92 38.031 0.193089 0 -3.9 0 0.909104 -0.368404 0.194445
15.2388 40.2481 39.716 0.077572 0 -2.10485 0 -0.8194 0.539665 0.193248
61.9855 35.3216 39.2751 -1.18716 0 -3.5 0 0.337839 -0.0967693 0.936216
48.3425 55.0925 31.3959 0.878933 0 -4.5 0 -0.923853 0.270038 0.271247
39.4611 45.9936 18.8125 0.487941 0 -4.5 0 0.73119 0.141856 -0.667262
50.5335 30.3359 27.3671 -0.343807 0.0296916 -3.5 0 0.226761 0.745206 -0.627094
22.3612 34.6191 60.2649 0.16058 -0.0444625 -3.5 0 -0.84998 0.512889 0.120324
81.905 48.9184 26.0786 -0.423626 0 -3.5 0 0.274324 -0.0654037 -0.959411
43.8107 38.964 57.191 0.237572 0 -0.285502 0 0.396307 -0.741661 0.541184
44.1766 27.8476 26.749 -0.103025 0 -4.5 0 -0.175883 -0.519924 -0.835909
52.2756 30.349 27.2345 0.909473 0.158967 -3.5 0 -0.274755 0.832049 -0.481875
69.1414 63.2236 20.6809 -0.0861196 0 1.8 0 0.957895 0.0990388 -0.269498
37.9309 24.3265 35.0591 -0.0935351 0 4.2 0 -0.047254 -0.89849 0.436443
15.4104 38.4665 28.7183 0.0111754 0 -0.4 0 -0.978608 -0.160966 0.128129
47.929 56.2995 57.0595 -1.04848 0 -3.5 0 0.25579 0.267728 0.92892
75.7186 44.4406 18.8845 0.293071 0 1.8 0 0.762671 0.64583 0.0351713
25.2705 20.9744 48.5095 0.270568 0 -3.5 0 -0.956928 -0.268222 0.11111
33.293 24.975 25.8573 -0.107057 0 -4.5 0 -0.484204 -0.35664 -0.798971
50.4985 48.2887 65.1188 0.0324347 0 -4.5 0 -0.747803 -0.516436 0.417234
18.0465 49.9165 31.7292 -0.147515 0 -4.5 0 -0.17836 0.79527 -0.579425
34.8545 25.784 54.178 -0.029645 0 -3.5 0 0.261563 -0.657204 0.706872
52.21 46.6265 64.5615 0.372259 0 -4.5 0 -0.307136 -0.769892 0.559404
24.5133 58.9695 46.6751 0.141764 0 -0.7 0 -0.428374 0.158053 0.889671
69.1495 33.4755 41.7733 -0.161494 0 -4.5 0 0.215347 0.0742401 0.973712
55.7961 48.1184 23.3224 0.293541 0 3.8 0 0.139104 -0.518049 -0.843964
59.5725 48.2388 22.6645 0.269059 0 4.5 0 -0.312457 -0.180398 -0.932645
35.444 46.297 43.6123 6.21089 0.106823 -3.5 0 0.987976 0.0323662 -0.151179
52.8507 57.757 46.5207 0.67137 0 -1.6 0 0.0782578 0.403957 0.911424
65.4488 64.3378 23.949 0.212864 0.959366 -3.5 0 0.421265 0.905583 -0.0495567
26.2243 48.6725 20.2402 -0.086738 0 -4.5 0 -0.277329 -0.49103 -0.82582
67.6908 54.3185 34.2132 -1.42088 0 3.8 0 0.781227 -0.408664 0.471889
45.8465 60.916 34.5433 0.242227 0 -4.5 0 -0.992588 0.0166905 -0.120377
73.5145 48.7113 19.6908 -0.248422 0 1.8 0 0.635941 0.360807 -0.682201
52.7277 50.2637 64.3163 -0.114048 0 -4.5 0 0.637088 0.76479 -0.0959939
55.4454 53.0845 23.2313 0.107163 0 1.8 0 -0.640825 0.0521465 -0.765914
71.817 37.8251 24.4753 -0.18976 0 -0.7 0 -0.448373 -0.887223 -0.108611
52.897 55.2955 23.7056 0.18184 0 1.81323 0 0.0219673 0.0276083 -0.999377
49.4458 13.9373 42.813 -0.61773 -0.411544 -1.85547 0 -0.750244 -0.510244 0.420458
20.1182 40.7533 18.3253 0.741124 0 -4.5 0 0.0905209 0.887201 -0.452416
16.7556 53.9489 43.4241 -0.0980015 0 -3.5 0 -0.839916 0.530775 0.113219
35.8625 51.861 20.9557 -0.113816 -0.0304258 1.29392 0 -0.0479973 0.940427 -0.33659
16.7962 28.325 45.3801 -0.033369 0 -3.5 0 -0.519427 -0.850659 -0.0810837
35.979 24.5812 39.2534 0.247556 -0.0267985 -0.8 0 -0.595465 -0.786381 0.164396
62.2374 39.1631 20.6106 0.681382 0 -4.5 0 -0.344148 -0.77244 -0.533759
33.9787 58.1384 31.1484 -0.232035 -0.911972 -2.8105 0 0.22858 0.967709 0.106253
41.067 42.707 48.1905 4.93889 0 -2.83715 0 0.457566 -0.349656 -0.817542
35.23 63.543 38.2098 0.105682 0 -3.5 0 -0.686483 0.272046 -0.674338
44.2245 47.0156 47.5495 5.11259 0.635781 -3.5 0 0.359546 -0.270254 -0.893135
30.8978 25.5209 53.6856 0.0424018 0 3.8 0 0.301846 -0.611459 0.731441
85.3577 50.9929 28.8818 -0.762137 -0.0314125 -3.5 0 0.955102 0.182302 0.233552
60.2668 62.323 21.0268 -0.550421 -0.877236 -3.5 0 0.0465252 0.00318317 -0.998912
27.2399 34.5331 18.8177 0.0289154 0 4.2 0 0.787257 -0.0110456 -0.616527
57.0555 41.0764 26.8995 -0.0407435 -0.12772 -1.6 0 -0.904723 -0.338088 -0.259176
57.9202 37.048 34.3807 1.25449 0 -1.6 0 0.496331 -0.533891 -0.684555
61.6598 67.4391 22.4474 0.0813728 0 1.8 0 0.427892 0.563909 -0.706339
57.3467 43.9565 46.8242 0.00867266 0 2.8 0 0.880953 0.0775838 0.466801
20.9778 42.8165 52.9081 0.0926395 0 -1.90595 0 -0.0977396 0.0535153 0.993772
47.5135 45.5505 60.829 0.256326 0 3.8 0 0.155357 0.236102 0.959229
60.5911 69.2473 29.6075 0.518532 0 -4.5 0 -0.587092 0.588583 -0.555781
56.0132 49.6791 30.7188 2.07723 0 2.8 0 0.0739952 -0.599021 0.797307
20.7738 43.855 47.464 -0.283701 0 -3.5 0 -0.706951 0.704923 -0.0574752
82.773 53.338 29.159 -1.81456 -0.018617 -3.5 0 -0.458489 0.883137 0.0992762
24.294 26.5375 49.7682 2.01619 0 -3.9 0 -0.322483 0.101807 0.941085
66.143 54.2143 19.5944 0.25547 0 -4.5 0 -0.310252 0.358543 -0.880449
44.282 54.8505 60.1003 -1.00317 -0.0842816 -0.8 0 -0.534248 0.723241 0.437608
65.9095 47.639 43.6437 -0.360654 -0.0331994 -2.53503 0 0.618788 0.513683 0.594332
28.7612 44.0762 53.7267 0.432246 0 -4.5 0 -0.0901924 -0.285495 0.954127
19.0225 58.9893 43.7595 0.0107706 0 4.2 0 -0.101448 0.538225 -0.836673
25.161 51.921 30.8248 0.0462686 0 4.2 0 -0.389771 0.920659 0.0215647
45.16 34.4 55.6855 0.760631 0 3.33069 0 0.300162 0.272895 0.914019
39.0365 25.5535 22.168 1.7384 0.527757 -3.9 0 -0.883918 -0.235505 -0.404013
27.5772 54.6973 29.2536 -0.132333 -0.524174 -0.8 0 -0.936871 -0.130752 0.324309
46.3586 48.6286 42.1325 3.34851 -0.0169361 -1.3 0 0.282934 0.430639 0.857028
39.7557 60.8126 49.6317 0.487736 0 -1.73867 0 -0.0274942 -0.251114 0.967567
67.5277 39.1784 24.7738 0.82789 0.61336 -0.586462 0 -0.268727 -0.922167 0.278198
22.7799 58.7817 35.3701 0.360771 0 -3.9 0 -0.674895 0.449307 0.585355
55.2115 39.6172 52.571 1.57878 0 -3.9 0 0.512239 0.361592 0.779014
52.4762 48.7837 35.9533 2.64153 0 1.8 0 0.687698 -0.705698 0.170474
66.339 34.4468 41.2147 0.838044 0.711784 -4.5 0 -0.708572 -0.374451 0.598091
49.0412 44.5412 61.3307 0.14994 -0.0761653 1.12406 0 -0.178403 0.670132 0.720483
63.121 55.7325 18.8015 0.697267 0.302362 -0.7 0 0.316268 -0.337708 -0.886526
80.6316 40.3891 17.0699 -0.210765 0 1.8 0 0.831901 -0.163034 -0.530434
75.977 39.9365 14.292 -0.297396 0 -3.5 0 0.403835 0.636681 -0.656928
61.3895 65.7708 34.7503 0.274936 -0.066307 -1.84003 0 0.511995 0.857706 -0.0469228
18.4627 33.252 20.0625 0.53702 0 -4.5 0 -0.435377 0.275623 -0.857017
70.7656 34.8496 38.3625 0.323445 0 -4.5 0 0.397776 0.0960883 -0.912437
38.2791 26.7903 24.3315 0.55929 0 -3.9 0 -0.883682 -0.005485 -0.468056
74.1349 60.682 24.3855 -0.43012 0 1.8 0 0.578948 0.775031 -0.253269
66.7972 46.5558 44.1353 -1.50633 -0.172198 -3.5 0 0.246669 0.229405 0.941556
49.7277 48.0756 62.8145 0.84296 0 -4.5 0 -0.793128 -0.465578 0.392665
62.1102 61.1087 40.4567 -0.0911227 0 3.8 0 0.587782 0.616814 -0.523501
65.0209 42.2021 44.5747 -0.194914 0 -3.5 0 -0.279312 -0.0556951 0.958584
46.8602 19.112 27.558 -0.368165 0 -3.5 0 -0.550945 -0.832115 0.0635977
37.8978 14.1121 43.6465 0.992639 0 -4.5 0 -0.302239 -0.502067 -0.810297
43.9704 43.89 42.52 5.33048 0 -1.3 0 -0.531758 -0.248116 0.809736
40.3649 17.695 37.3532 -0.2038 0 -1.74384 0 -0.772083 -0.634793 -0.0304164
27.3046 35.5936 27.2348 -0.823049 0 -4.5 0 0.780242 -0.0667439 -0.621906
27.5093 48.1382 20.4163 0.512699 0 -4.5 0 -0.251683 -0.648632 -0.718284
27.8738 55.687 51.0545 0.305207 0 1.8 0 -0.614859 0.611421 -0.49811
51.6255 60.022 38.759 -0.706754 -0.38495 -0.8 0 -0.509554 0.443932 -0.737074
85.0855 49.4673 30.2812 -0.401097 0 -3.5 0 0.694469 0.325829 0.641521
29.4036 39.648 55.7225 -0.456941 0 -1.53913 0 -0.277862 0.95863 0.0618176
58.8575 68.308 23.1706 0.0430062 0 1.8 0 -0.714621 0.564865 -0.412606
52.8503 54.0475 23.2385 0.124219 0 3.8 0 0.312485 0.271753 -0.910222
20.3425 40.1701 53.3694 0.679394 0 1.17973 0 -0.102401 0.448196 0.888051
66.3735 58.8052 31.1 -0.561059 0 3.30595 0 0.107889 -0.0883213 0.990232
37.802 34.5761 15.7949 0.109192 0 -3.9 0 -0.508445 -0.83118 -0.224998
48.0877 62.1125 40.1111 0.846486 0 -4.5 0 0.546625 0.780738 -0.302737
43.5615 47.909 46.4105 5.12178 0 -3.5 0 0.415938 -0.433321 -0.799518
61.5609 52.0024 19.8183 0.178689 0 1.8 0 -0.755913 0.289424 -0.587221
17.606 46.334 43.8083 0.252987 0 1.8 0 -0.539892 0.387732 0.747115
28.7586 19.1605 44.2039 0.330812 0.0858989 -3.94687 0 0.527632 -0.799643 -0.286664
25.803 29.3681 35.2777 -1.90131 -0.746725 -3.5 0 0.0886918 -0.947085 -0.308487
52.9328 43.0477 58.1955 -0.992593 0 -3.09818 0 0.153869 -0.981866 -0.11074
76.0967 44.7972 17.011 -0.230515 0 1.8 0 0.874035 0.216685 -0.434868
45.0245 50.7444 45.9611 4.52476 0 2.58869 0 0.17892 -0.639491 -0.747689
47.5801 53.0855 29.902 0.46308 0 -0.436962 0 -0.69489 0.496459 -0.520245
31.698 28.3595 57.4225 -2.19805 -0.836288 -3.5 0 -0.629441 -0.630368 0.454356
85.4775 46.7822 28.794 -1.0975 -0.365611 -3.5 0 0.707906 -0.537318 -0.458431
23.2319 56.8651 46.3483 -0.699258 -0.0557964 -0.8 0 0.0654075 0.381711 0.921964
50.8636 41.5369 48.6393 2.99323 0 -1.72822 0 0.509853 -0.510566 -0.692367
27.807 20.7733 41.1027 0.250084 0 -4.5 0 -0.126171 -0.275191 -0.953074
38.3128 43.8314 17.8795 0.997844 0.657673 -4.00695 0 0.0167936 0.341711 -0.939655
50.9139 56.5742 52.8778 0.146896 0 2.90885 0 0.484369 0.871934 -0.0715394
83.3262 45.1533 33.987 -1.09818 -0.860361 -3.5 0 0.357479 -0.168463 0.918602
68.8763 50.855 35.3047 -0.362808 0 3.8 0 0.984867 -0.10926 0.134531
61.7615 29.669 36.245 0.334525 0 -4.5 0 0.978373 -0.00479219 -0.206795
44.5073 20.711 51.4757 -0.635601 0 -3.5 0 0.555567 0.0336438 0.830791
42.9855 56.8703 54.8677 0.272108 0 -4.5 0 -0.272743 0.632743 0.724739
32.5575 29.833 26.1681 -0.720377 -0.163483 -2.50057 0 -0.257622 -0.32025 -0.911631
27.5749 47.2376 22.2695 0.770743 0.755574 -4.5 0 -0.272213 -0.90601 0.324107
30.2553 52.369 53.8145 0.757197 0 1.8 0 0.510328 -0.0337401 0.859318
36.3 27.8295 18.1257 -1.40339 -0.881677 -3.5 0 0.398508 -0.564564 -0.722814
39.091 64.6973 46.814 0.28782 0 -1.6 0 -0.57417 0.560046 -0.597224
55.6058 66.5648 38.4787 -0.773672 0 1.82216 0 -0.545421 0.797372 -0.25829
79.0764 50.3895 36.158 -0.268008 0.0647248 -4.5 0 0.297358 -0.581628 0.757157
51.523 46.367 40.291 3.17188 0 -0.7 0 0.118694 0.601808 -0.789771
56.197 52.1922 40.258 3.03388 0 2.72587 0 -0.24464 -0.876712 0.414158
47.8708 61.7388 48.2337 0.36768 0 -1.6 0 0.697078 0.400559 -0.594672
75.4616 53.1753 34.7887 -0.09249 0 -4.5 0 -0.59937 0.662375 0.449461
52.3709 59.0902 46.2569 0.12397 0 -3.5 0 -0.183087 0.377746 0.907627
35.9123 33.3935 19.2855 -0.402407 0 -3.5 0 -0.797526 0.0915262 -0.596302
53.237 34.9685 47.1745 0.960717 -0.321057 -1.95327 0 0.40652 0.2178 0.887302
25.5445 50.627 50.7374 0.793298 0 -0.4 0 -0.964266 0.247686 -0.0940402
33.743 49.3402 56.9475 1.03152 0.818024 -4.5 0 0.273398 0.554922 0.785694
50.583 59.5336 38.7361 0.325945 -0.374761 -0.8 0 -0.0228118 0.733318 -0.679503
63.1558 38.19 22.7305 0.718765 0 -4.5 0 -0.206267 -0.978208 0.0237495
54.446 41.6481 54.6833 0.0444632 -0.0294779 -3.5 0 0.232092 -0.842814 0.48559
29.6257 54.1661 49.2557 0.774409 0 0.519535 0 -0.593336 0.793699 -0.134143
43.9025 29.4105 23.3745 -1.28036 -0.0467499 -3.5 0 0.473949 -0.85015 -0.229385
55.7899 23.8351 35.5853 0.0352886 0 -3.5 0 0.914467 -0.276753 -0.295224
37.9771 29.0374 18.256 -0.385207 0 -3.5 0 0.50175 -0.682751 -0.531129
15.6488 41.035 53.6274 0.273323 0 1.8 0 -0.724173 0.338242 0.600971
42.765 29.0007 24.3025 -0.54688 -0.033537 -1.66211 0 0.602647 -0.797988 0.00561766
36.424 43.2977 42.9258 6.44426 0 -3.9 0 0.163414 0.97942 -0.11846
21.628 47.0505 44.8831 0.306305 0 2.76689 0 -0.896272 -0.312008 0.315195
28.3409 35.6618 61.2174 0.664756 0 -0.7 0 -0.307126 -0.221338 0.925572
36.8061 43.7985 22.5268 -0.144417 0 -3.93545 0 -0.591574 -0.18775 0.784086
52.2026 60.4129 26.9669 0.689319 0 3.8 0 -0.951561 0.277543 -0.132297
55.4598 14.7355 43.9176 -1.38488 -0.339477 -3.5 0 0.448678 -0.737823 0.504287
61.6608 47.5744 22.2626 0.197445 0 4.22023 0 -0.680674 -0.0556254 -0.730471
34.33 46.7856 57.3685 0.915191 0.637232 -3.63971 0 -0.36372 0.0851055 0.927612
28.6028 57.5747 27.118 0.292256 0 -0.8 0 -0.0330212 0.946799 -0.320127
53.7923 32.414 53.3218 0.746362 0.734752 -4.5 0 0.858873 -0.419356 0.294071
74.219 48.9299 21.0879 -0.463133 0 1.8 0 0.944656 0.268803 -0.188068
52.5075 50.5392 46.2998 3.67522 0 -4.5 0 -0.546076 -0.376204 -0.748513
41.4388 45.722 59.9723 0.455072 0 -2.16111 0 -0.256219 0.4973 0.828881
48.889 41.9999 24.3258 0.181663 0 -3.9 0 -0.23712 0.103551 -0.965946
57.8387 32.7395 30.4725 0.892194 0 2.8 0 0.692699 0.597041 0.404611
57.2875 36.5225 50.925 1.35326 0.485242 -3.9 0 0.821648 -0.45101 -0.348547
71.3029 40.5747 18.3814 -0.5965 0 -2.1511 0 -0.374479 -0.886979 -0.270248
22.3202 51.0192 46.1857 0.52173 0 1.8 0 -0.277114 0.691058 0.667568
27.8855 39.4795 53.6545 -0.248013 0 -2.58455 0 -0.48428 0.63611 0.600697
40.841 12.4205 52.422 -1.85371 0 -4.5 0 -0.610349 -0.740372 0.281644
44.3216 17.3116 53.7228 0.667333 0.848595 -4.5 0 -0.347255 0.69165 0.633273
68.229 41.9449 40.9284 -0.339948 0 -3.2 0 0.578969 -0.536061 -0.614357
70.2678 61.7853 30.2314 -0.899822 0 1.9 0 0.585894 0.777995 0.226829
28.3225 19.7245 41.3322 0.104623 0 -4.5 0 0.248218 -0.636252 -0.730459
26.6 16.8978 44.173 0.553211 0.253251 -4.5 0 0.307751 -0.742849 -0.594529
57.0115 20.677 36.458 -0.0141718 0 -0.720684 0 0.94059 0.185041 -0.284692
62.6073 65.665 22.255 -0.0610731 -0.158979 1.8 0 0.387797 0.155419 -0.908547
20.6661 44.5615 53.0175 -0.526664 -0.0723162 -3.5 0 0.110098 0.00388861 0.993913
44.9658 35.8061 22.713 0.150623 0 3.8 0 0.825078 -0.0877195 -0.558168
72.8665 50.966 22.6026 -1.16692 0 -1.90201 0 0.943949 0.29134 -0.155182
40.1172 58.2368 39.7785 0.824881 0.191853 -3.96046 0 0.180941 0.58813 -0.788266
54.3288 47.4647 23.3918 0.394704 0 -0.4 0 0.304263 -0.121898 -0.944757
43.702 51.857 32.157 0.0180403 0 4.2 0 -0.203812 -0.058961 0.977233
48.7065 14.5312 41.8639 0.0786317 -0.0116356 -0.558445 0 -0.625069 -0.547672 0.556187
66.295 42.8592 33.4411 -1.28004 -0.478595 -1.95759 0 0.865853 -0.230671 -0.443948
68.382 43.7875 34.676 -0.621947 0 2.8 0 0.727161 -0.400587 -0.557465
22.5853 36.8558 55.0466 -0.422581 -0.473343 -3.59984 0 0.274005 0.716478 0.641545
71.0817 45.6805 39.0195 -0.826527 0 -3.2 0 0.69066 0.0060358 -0.723155
35.554 52.2093 52.3838 0.226774 -0.914856 -1.70616 0 0.0489268 0.644377 0.763141
55.7734 60.8553 30.4977 0.249726 0 3.8 0 -0.499116 0.319414 0.805517
46.4025 52.4634 40.7352 3.2709 0 -3.2 0 0.140058 -0.541814 0.828747
46.1531 40.178 42.9309 6.22626 0 0.318529 0 -0.479143 -0.057416 0.875857
40.5171 29.3983 57.2989 0.29923 0 -3.5 0 -0.627442 0.120493 0.769284
50.9111 58.0701 44.9599 0.339824 -0.788131 -3.5 0 -0.721597 0.242685 0.648384
76.7485 57.733 29.2755 -0.697598 0 -3.5 0 0.252865 -0.0280622 0.967095
44.8667 32.1719 56.1129 0.261587 0 -3.5 0 -0.2547 0.00615917 0.967
31.2733 42.2228 53.4235 0.932426 0.318421 -3.5 0 0.0717713 0.125062 0.98955
81.3655 47.265 24.9275 -0.299744 0 3.8 0 0.753964 0.292538 -0.588184
45.172 40.105 24.662 0.246333 0 -1.3 0 0.353813 -0.0137523 -0.935215
67.6226 56.9588 37.3834 -1.31523 0 -3.5 0 0.514675 0.695791 0.500983
31.6079 37.2812 61.3756 0.0983749 0 -0.7 0 0.809362 0.00164415 0.587307
51.861 47.8052 46.9342 3.23866 0 4.2 0 0.46558 0.53655 -0.70381
65.6592 41.4235 20.976 0.353786 0 -3.02995 0 -0.0555789 0.577894 -0.814217
53.9516 42.9541 59.0443 -0.559065 -0.175278 -2.06277 0 0.150545 -0.876073 -0.458074
19.4077 55.1744 47.2422 0.0188507 -0.137266 4.2 0 0.272121 -0.139739 0.952063
43.3628 21.9998 33.477 -0.643425 0.427515 -2.04166 0 0.360258 -0.798076 -0.483
57.7379 43.1838 60.2401 0.0188265 0 -3.5 0 0.600276 -0.79575 -0.0803153
41.7298 37.6432 19.9035 0.243005 0 3.8 0 0.453127 -0.117859 -0.883621
68.0635 42.378 44.481 -0.982371 -0.675378 -3.5 0 0.191344 0.423305 0.885551
57.551 34.622 44.704 3.04206 0 -3.9 0 0.254736 0.102352 0.961579
78.4069 54.4041 34.1351 0.270095 0 -4.5 0 -0.110533 0.820015 0.561567
59.8065 39.3075 31.3935 1.7724 0 -0.4 0 -0.87409 -0.467438 -0.132168
37.6871 51.0584 22.0116 0.178473 0 -0.903024 0 0.729719 0.661269 -0.173881
59.858 51.4084 21.4116 -0.348484 0 1.8 0 -0.396322 -0.788922 -0.469607
37.7812 56.2405 35.763 1.39109 0 -3.2 0 0.281283 0.811761 0.511785
48.0255 62.4598 41.1194 0.74034 0.00124338 -4.5 0 0.660977 0.750259 -0.0148821
41.3115 48.5202 27.2668 -0.100039 -0.0992494 -0.4 0 0.295675 -0.255546 -0.920474
54.1485 40.6895 48.6145 2.44491 0 -3.5 0 -0.395216 -0.44495 -0.803631
53.8553 35.647 33.18 1.67706 0 -0.4 0 0.417506 0.0537011 -0.907086
21.104 59.016 45.3877 -0.255852 0 1.65118 0 0.0576279 0.872668 0.484902
54.4948 39.2745 33.086 0.428932 -0.105923 -1.6 0 0.477678 -0.281637 -0.832169
27.0974 57.7766 28.5114 1.28017 0.673662 -0.8 0 -0.165462 0.919662 0.356152
29.4013 28.8925 29.3778 -0.308648 0 -0.4 0 -0.922365 0.331295 -0.198711
50.0778 37.5448 47.0223 3.33639 0 -0.4 0 0.64244 0.729524 0.234659
18.7425 41.612 30.1397 -1.65816 -0.79046 -3.5 0 -0.599404 0.679159 -0.423625
48.918 56.0137 47.012 0.172049 -0.312606 4.2 0 -0.0430228 0.945116 -0.323889
47.5902 52.4054 28.7425 0.679842 -0.386237 -2.29561 0 -0.636443 0.758512 -0.139997
41.9974 41.0304 42.4821 5.30305 0 1.8 0 0.169022 0.541697 0.823405
32.4154 25.3189 38.6075 0.0748609 0 -1.6 0 0.0936322 -0.978727 0.182558
69.9976 41.852 31.1036 -0.198197 0 1.8 0 0.0826589 -0.43942 0.89447
21.7324 57.9851 43.0863 -0.188688 -0.189288 -0.771653 0 -0.345578 0.554206 -0.757252
57.0141 46.3008 29.7651 1.46583 -0.707346 2.31334 0 -0.388774 0.222996 0.893939
52.626 16.1704 37.4815 -0.00113544 0 -3.9 0 -0.137582 -0.862306 -0.487339
53.6135 39.0706 31.1712 0.376132 -0.845924 1.9 0 0.99901 -0.00168646 -0.044459
46.1726 38.7598 59.1896 0.30155 0 -1.6 0 -0.14307 -0.989525 0.0192794
54.3672 32.7757 30.6496 1.52448 0 2.8 0 -0.00538956 0.965891 -0.258892
41.9555 53.1109 33.5624 0.775118 0 -3.2 0 0.819059 -0.342113 0.460544
26.3091 30.3129 34.2961 -1.98072 0 -3.5 0 0.250273 -0.552558 -0.795012
46.8128 39.5294 61.637 0.845743 0 0.253841 0 -0.0690887 -0.969259 0.236145
53.7875 50.831 60.062 -0.614071 -0.121801 -0.4 0 0.153503 0.0722351 0.985504
38.6338 61.3947 40.6089 0.358105 -0.109663 -3.5 0 0.93321 0.142424 -0.329901
22.1087 32.3071 35.6424 0.0939649 0.203192 -4.5 0 -0.534372 -0.799465 0.274412
73.9859 40.8374 29.15 -1.0735 -0.851225 1.8 0 -0.501911 -0.405996 0.76371
28.706 38.272 27.2173 -1.18407 -0.387387 1.8 0 0.164869 -0.506405 -0.846388
44.432 17.31 47.565 0.452697 0 1.25556 0 0.291903 -0.902109 -0.317793
78.6194 38.999 27.3189 -0.100575 0 1.8 0 0.492902 -0.853743 0.167843
28.656 39.678 21.595 -0.297045 0 -3.2 0 0.8458 -0.532102 0.0386065
63.5522 62.2826 20.7068 0.274107 0 3.69844 0 0.00936072 0.527957 -0.84922
35.4308 34.436 19.6905 -1.07996 0 1.8 0 -0.832857 -0.487784 -0.261564
52.8652 42.8355 22.0855 2.46509 0 -3.9 0 -0.569281 0.0264533 -0.821717
39.2557 20.3892 33.7492 0.407565 0 -0.7 0 -0.688093 0.0957271 -0.719281
65.1885 52.9895 43.1203 -0.278664 0 -0.7 0 0.648144 0.302217 0.69898
64.8217 65.0424 27.5063 -0.593512 -0.271021 -2.28326 0 0.108413 0.944866 -0.308991
48.5385 50.6015 62.9411 0.416511 -0.0835887 -2.64392 0 -0.371445 -0.652744 0.660268
60.0709 46.8039 57.5834 -0.212835 0 -3.5 0 0.724157 -0.286261 0.627416
54.3452 65.2995 36.4615 0.0086246 0 3.8 0 -0.673558 0.719835 -0.167798
56.8507 27.8555 27.381 0.464435 0.376177 -3.5 0 0.764076 -0.618261 0.18423
37.741 50.247 46.846 6.33903 0.893228 -3.5 0 -0.0728104 -0.375393 -0.924002
47.7858 21.9816 24.308 -1.79341 -0.598694 -3.5 0 -0.386431 0.339929 -0.857391
52.1533 17.9916 32.3359 -0.0683902 0.140878 0.766931 0 0.00791799 -0.734608 -0.678445
56.1143 33.6959 32.1009 1.10474 0 -0.4 0 0.362574 0.676754 -0.640737
41.321 23.0551 53.5865 0.477317 0 -4.5 0 0.208616 -0.842759 0.496223
38.8164 12.6916 47.0101 0.139655 0 -4.5 0 -0.0140804 -0.969148 -0.246076
72.1148 38.7905 19.2528 -0.474668 -0.248269 -3.5 0 -0.721723 -0.292875 -0.627168
26.849 17.3621 45.9394 0.481901 0.0687523 -4.5 0 0.685232 -0.517156 0.512842
15.694 38.7659 46.1044 0.583574 0 -4.5 0 -0.974413 0.035573 0.221932
42.4655 45.5635 25.5298 0.771332 0 4.2 0 -0.0385114 0.959016 -0.280721
41.6386 15.9019 52.8699 0.764553 0 -4.5 0 -0.417956 0.293809 0.859645
65.6281 37.3549 34.8846 -0.148036 0 -3.5 0 0.281561 -0.941334 0.186048
83.3063 53.0911 25.3161 -1.8947 -0.291189 -3.5 0 -0.106186 0.263679 -0.958748
21.0424 32.3213 34.3133 0.279702 0 -4.5 0 -0.453011 -0.889354 0.0618829
59.4217 66.7049 40.2648 -0.0880237 0 -4.5 0 0.669897 0.736773 0.0916664
56.9515 18.255 46.529 -1.22522 -0.872292 -3.5 0 -0.287438 -0.517568 0.805917
47.8864 49.6265 45.797 4.03733 0 4.2 0 0.110944 0.0181973 -0.99366
51.6177 33.9626 29.3596 2.52573 0.0555873 -2.00749 0 0.484297 -0.229722 -0.844206
26.3053 61.7988 42.461 0.875441 0.102634 -0.7 0 0.532394 0.477659 -0.698855
59.7204 30.4891 40.3983 -0.405199 -0.12427 -4.1101 0 0.960038 -0.0408391 0.276875
57.6829 40.4496 25.9425 0.640654 0.102405 -2.7544 0 -0.822289 -0.227457 -0.521636
41.6951 28.595 21.8974 -0.0117956 0 -3.5 0 0.661373 -0.440896 -0.606792
27.3769 36.8054 24.8034 -0.545653 -0.235122 0.968608 0 0.730233 -0.240687 0.639398
29.826 29.9664 34.5392 -0.27869 0 3.8 0 -0.859231 -0.466389 -0.210244
70.513 44.8675 42.1485 -0.693799 0 -3.2 0 0.361794 0.104359 0.926398
67.369 39.8848 37.1155 -0.472306 -0.223137 -1.25059 0 0.979995 0.197732 -0.0226331
33.6323 59.2045 28.969 0.31503 0 4.2 0 -0.202121 0.978636 -0.037669
35.6763 57.1527 47.295 0.632541 -0.0419755 -1.91989 0 -0.981419 0.00254803 -0.191861
43.9274 15.4221 39.9923 -0.00422355 0 -3.5 0 -0.200892 -0.893567 0.401473
48.7955 48.182 45.54 4.07623 0 4.2 0 -0.341799 0.160415 -0.925981
54.2897 33.06 50.8 1.17326 0.7576 -4.5 0 0.911634 -0.320839 -0.256877
39.7424 23.6854 54.9857 0.84421 0 -4.5 0 -0.341649 -0.575209 0.743243
26.5373 59.7632 42.4165 0.207743 -0.19414 -0.7 0 0.598221 0.187705 -0.779037
47.0036 23.606 48.0817 0.0701348 0 -4.00859 0 0.254822 -0.238557 0.9371
28.825 56.2976 51.8891 0.407014 0 1.8 0 -0.115791 0.971717 -0.205811
60.3001 33.7449 41.6166 0.17833 0 -3.9 0 0.922573 -0.128628 0.363749
51.3792 55.9145 51.7928 0.372063 0 3.77245 0 0.412033 0.735476 -0.53787
25.0495 29.7325 38.005 -0.76155 0 -1.96074 0 -0.167991 -0.948621 -0.268137
43.54 39.259 46.946 5.34013 0 -0.4 0 -0.28587 0.837091 -0.466431
67.74 39.7327 44.904 -1.11091 -0.00809348 -3.5 0 -0.176113 -0.538891 0.82376
62.6295 34.1829 36.4688 -0.312886 0 -3.5 0 0.63815 -0.646286 -0.418424
33.5429 39.8894 14.5281 -0.165637 0 -3.5 0 -0.00353449 -0.495559 -0.868567
21.4492 29.9842 21.4963 1.19235 0.0610373 -4.5 0 0.512296 -0.858334 0.0285436
69.2305 37.991 23.7665 0.359022 0 -1.6 0 -0.0148995 -0.99979 -0.0140329
64.0062 56.49 41.8773 -0.394276 0 3.8 0 0.785858 -0.0945212 0.61114
24.094 61.3315 45.4824 0.0486744 0 -0.7 0 -0.548347 0.546454 0.633011
41.023 14.447 47.886 0.749066 0 -4.5 0 0.71269 -0.467221 -0.523238
60.8327 60.7352 44.6418 -0.187672 0 -4.5 0 -0.13006 0.245259 0.960694
66.6127 43.884 32.59 -1.40232 -0.127128 0.333335 0 0.909467 -0.387386 0.151001
56.9739 17.1971 35.1549 0.152906 0 -3.9 0 0.676735 -0.728119 -0.108959
69.6815 51.327 33.2873 -0.411034 0 3.8 0 0.403602 0.335885 0.85105
43.86 40.905 22.8645 -0.673364 -0.338344 0.340876 0 0.886708 -0.39414 -0.241666
48.4972 46.6353 60.6859 0.326912 0 3.15181 0 -0.336921 0.066555 0.939178
24.4147 19.5785 46.5197 0.146006 0 -4.5 0 -0.530843 0.142943 0.835328
40.922 46.3332 21.276 0.802602 0 -4.5 0 0.737321 0.589558 -0.329817
50.6126 31.0037 51.3429 -0.202159 0 -4.5 0 0.223733 -0.655734 0.721079
48.9261 47.5348 39.4126 3.26529 0 -1.3 0 0.777244 0.627681 -0.0436863
22.4877 42.6538 25.5068 0.238143 0 2.76168 0 -0.227884 0.292492 -0.928718
46.4085 16.3425 33.881 -0.0176796 0 -0.4 0 -0.618457 -0.208506 -0.757651
35.195 20.2892 51.5095 0.864332 0.617455 -3.2 0 -0.614476 -0.63336 0.470398
35.872 33.9743 21.5898 -0.230387 0 1.8 0 -0.94744 -0.319662 -0.0132061
54.9611 52.3339 42.186 3.86145 0.564434 -4.5 0 -0.134744 -0.964345 -0.22778
42.7028 33.7067 19.578 -1.01443 -0.480917 -3.5 0 0.482131 0.805827 -0.343792
72.2093 53.249 20.3465 -1.30484 -0.0373486 -3.90152 0 0.708563 -0.338045 -0.619406
28.1956 55.2136 30.4673 1.54794 0.4872 -0.8 0 -0.838663 0.496966 0.222867
53.2878 14.4563 41.6895 0.731298 -0.0841422 -0.881866 0 0.445904 -0.89185 0.0759838
38.0584 51.0902 18.2656 0.239601 0 1.8 0 0.366825 0.60026 -0.710724
32.736 24.394 26.724 -0.0294781 0 -4.5 0 -0.587209 -0.518381 -0.621665
16.6833 35.8218 34.2469 -0.649567 -0.297734 -3.5 0 -0.820798 -0.374014 0.431745
38.0877 19.2679 34.507 -0.078956 0 -0.7 0 -0.887832 -0.182175 -0.422572
18.9795 40.8375 18.7116 0.577055 0 -4.5 0 -0.283217 0.915514 -0.285696
79.7968 40.5195 26.4555 -0.213147 0 1.8 0 0.944527 -0.0384043 -0.32618
44.8489 28.6623 52.1123 -0.014753 0 -0.7 0 0.681421 -0.144107 0.717564
37.8322 38.2082 11.9325 1.91761 0.589842 -3.9 0 -0.0288841 0.353337 -0.93505
32.3293 38.7506 15.2611 -1.22561 -0.0320526 -3.5 0 -0.38795 -0.710157 -0.587514
26.757 29.026 60.454 -1.36013 -0.127509 -3.5 0 0.0404678 0.170386 0.984546
43.1685 16.0846 35.2881 -1.76564 -0.0974538 -3.5 0 -0.289302 -0.0799947 -0.953889
26.7924 33.0882 18.508 0.0350866 0 4.2 0 0.655329 -0.439443 -0.614356
39.2374 47.772 23.1086 0.743911 0 -4.5 0 0.472667 0.880163 -0.0435888
43.734 13.889 52.6499 0.603912 0 -4.5 0 0.432867 -0.678364 0.593674
54.4734 22.7725 30.4982 -0.586212 -0.138713 -2.11789 0 0.821142 -0.275563 -0.499791
46.0221 25.7549 28.763 -0.92219 -0.481087 -4.05717 0 0.512551 -0.0727237 -0.855571
83.8678 53.764 28.6476 -2.75768 -0.900748 -3.5 0 0.111047 0.962543 0.247346
60.3539 64.7626 28.4487 0.94703 -0.998031 -0.8 0 -0.497835 0.722719 -0.479413
59.1311 49.8431 51.3998 0.140602 0 -1.6 0 0.906572 0.388305 -0.165366
46.1496 63.3936 46.4684 0.381323 0 -4.5 0 0.738449 0.674093 -0.0170792
31.943 24.5665 27.5465 0.0446008 0 -4.5 0 -0.781411 -0.429401 -0.452782
60.4894 68.8431 24.6642 0.0694646 0 1.8 0 -0.0680087 0.938709 0.337934
31.4925 39.717 15.7365 -0.190882 -0.174482 -3.5 0 -0.718419 -0.547644 -0.428906
25.9205 38.2723 54.5005 -0.457142 -0.15246 -2.49417 0 0.162439 0.986423 0.0241518
46.7151 44.3343 22.387 0.211675 0 -3.5 0 0.69893 0.279181 -0.658449
67.1385 38.1587 22.0998 0.796794 0.290837 -2.96661 0 0.4186 -0.898685 -0.130919
15.227 45.6582 47.2682 0.68038 0 -4.5 0 -0.0643653 0.939965 0.335145
41.3114 27.4695 21.7025 0.743985 0.708728 -3.88192 0 0.483675 0.163459 -0.859848
39.7221 41.3021 59.8182 0.00354751 0 -0.8 0 -0.53925 -0.673867 0.505086
36.8519 22.839 32.6524 -0.424812 -0.353006 -4.5 0 0.112244 -0.875521 0.469962
37.347 65.6868 41.447 -1.3907 -0.409631 -3.5 0 0.622952 0.523201 0.581543
60.195 33.1725 40.4412 -0.0542239 0 -3.9 0 0.781783 -0.446795 0.43496
55.197 52.423 60.1995 -0.0427564 0 1.8 0 0.439228 0.00705998 0.898348
60.6963 47.4157 55.5021 -0.363177 0 -3.5 0 0.996902 0.0108549 -0.0779038
40.4314 64.634 49.5625 0.334875 0 -1.6 0 0.161097 0.768785 0.618884
59.8828 48.2016 54.5506 -0.816276 0 -3.5 0 0.806362 0.00762964 -0.591373
16.7407 31.5136 52.7988 1.53505 0.290105 -3.9 0 -0.882574 -0.445159 -0.151317
83.6451 42.7574 28.3894 -0.226261 0 -0.4 0 0.437211 -0.377635 -0.816235
25.9522 32.1766 19.2284 0.0801514 0 4.2 0 0.0391777 -0.899911 -0.43431
33.925 43.1285 14.558 0.465699 0 -3.5 0 -0.0217774 0.817189 -0.575959
57.2215 37.8783 41.8331 0.863307 0.367074 -2.2565 0 0.98529 -0.0728426 -0.154588
12.6295 41.174 36.581 -0.544092 -0.175322 -3.5 0 -0.140383 0.744876 0.652267
42.3851 14.9589 38.1242 -1.58426 -0.163104 -3.5 0 -0.339677 -0.814124 0.470979
67.5397 53.0275 34.429 -0.602072 0 3.8 0 0.913205 0.325222 0.245536
25.8748 16.3559 46.1284 0.66086 0 -4.5 0 0.231136 -0.799719 0.554099
21.3725 50.033 32.4045 0.321365 0 -3.5 0 -0.13922 0.437576 -0.888338
38.0906 20.2949 36.4523 -0.145499 0 -0.7 0 -0.872531 0.263476 0.411425
17.5777 46.7895 35.1903 -0.665748 -0.285165 -3.5514 0 -0.954401 0.298491 0.00462086
80.1801 44.3551 34.7721 -0.434197 0 4.5 0 0.689351 -0.311524 0.654024
60.5349 31.0858 25.9527 0.130397 0 -4.5 0 0.642241 -0.757793 0.115218
49.009 38.8975 64.7302 0.118064 0 1.8 0 0.309437 -0.937414 0.159703
79.8967 53.5129 23.949 -1.75198 0 -3.5 0 0.773976 0.596503 -0.212473
45.5275 43.0425 46.467 5.30625 0 -0.8 0 -0.438129 -0.461755 -0.771249
36.6833 51.6393 18.8209 0.263808 0 1.8 0 -0.0841912 0.816028 -0.571848
71.8439 61.5476 25.3899 -0.226228 0 1.8 0 0.402126 0.731261 0.550956
53.5768 58.9062 35.1457 0.662579 0 3.8 0 -0.923645 -0.205941 0.323215
31.7729 21.8275 48.0391 0.441598 0 -3.5 0 0.410149 -0.888113 0.207445
32.5661 31.6556 59.9085 -0.703644 -0.962826 -0.8 0 0.991377 0.111976 0.0680702
53.3517 30.9905 27.0163 0.0967536 -0.96019 2.8 0 -0.748156 0.566504 -0.34545
30.8709 44.312 18.415 -1.02449 -0.478495 -3.5 0 -0.223599 0.426064 -0.876626
38.083 60.0552 39.5325 0.398891 -0.351577 -3.5 0 0.763231 0.0367103 -0.645082
19.4176 53.881 35.3774 -2.28455 -0.385437 -3.5 0 -0.777559 0.612288 -0.1432
36.259 36.369 56.165 0.237974 -0 -1.6 0 0.319421 -0.585715 0.744921
27.9325 56.819 26.6395 0.0210706 -0.02721 -0.8 0 -0.463013 0.458666 -0.758449
17.1911 31.7838 51.8013 1.72018 0 -4.19079 0 -0.601809 -0.749747 -0.275145
25.835 43.784 54.4885 0.0623153 0 -0.8 0 -0.0458845 -0.738939 0.672208
42.5665 39.7365 44.5689 5.29103 0 4.2 0 0.170987 0.902564 0.395147
63.1058 50.3669 17.9519 0.158937 0 1.8 0 -0.123048 0.136361 -0.982988
72.9932 38.3177 28.1065 -0.0974608 0 -0.7 0 0.754266 -0.455447 0.472918
80.0429 54.7774 33.7783 0.515902 0 -4.5 0 0.322949 0.789165 0.52242
47.503 29.337 22.5825 0.129079 0 -4.5 0 -0.392907 -0.634497 -0.665611
35.6727 46.1819 58.2994 0.385015 0 4.2 0 -0.460338 0.306615 0.833112
65.9266 56.079 38.7944 -0.980529 -0.504819 -2.80075 0 0.478592 0.555842 0.679698
45.85 27.2116 27.9111 -0.595629 -0.301535 -4.5 0 0.448451 -0.677921 -0.582507
84.1748 49.947 30.4055 -0.358525 0 -3.5 0 0.423401 0.547214 0.722003
21.2792 32.4781 38.3649 -0.416672 0 2.9585 0 -0.26393 -0.551814 -0.791102
43.4676 41.3467 16.6025 0.634193 0 -3.9 0 0.364026 -0.782436 -0.505252
39.6084 49.8739 25.2741 0.417233 0 -4.5 0 0.731178 -0.42711 -0.531936
61.7878 61.1646 38.6935 0.519469 0 2.77908 0 0.86725 0.475402 0.147885
55.099 38.377 28.569 0.924557 0 1.8 0 0.349377 0.797476 0.491903
33.6562 22.1507 28.1775 0.385757 0 -4.5 0 -0.661982 -0.731116 -0.165075
28.0191 38.058 23.968 -0.741613 0 -3.2 0 0.981368 0.110647 0.157079
53.9485 55.4521 53.1483 0.104606 0 3.8 0 0.969755 0.191354 -0.15152
16.202 57.2649 46.8679 0.040161 0 4.2 0 -0.712042 0.476055 0.516108
23.5985 31.4635 23.0715 0.100456 0 -4.5 0 0.582548 -0.795259 0.167932
69.1386 50.4084 33.9804 -0.357951 0 3.8 0 0.770392 -0.138703 0.622301
48.0778 23.9618 27.9282 -0.600895 -0.025042 -0.8 0 -0.251774 0.782255 -0.569813
27.8962 44.7741 24.4053 0.411687 0 0.950609 0 -0.405517 0.710817 -0.574714
54.576 38.8469 46.0116 2.91735 0.722559 -0.9 0 -0.516543 0.386089 0.764276
26.3645 48.4987 54.4015 0.500186 0 -0.686051 0 0.448414 0.0704192 0.891048
24.0155 25.1502 50.7125 2.13942 0.0151435 -3.9 0 -0.341884 0.349574 0.872304
67.9285 46.781 42.5 -0.918212 -0.597249 -3.5 0 0.612808 0.658478 0.436891
19.2155 52.7704 47.1755 -1.17228 -0.0687191 4.2 0 0.0159137 -0.46726 0.883977
31.6968 40.9854 18.6663 -0.058015 0 -3.5 0 -0.497191 -0.756601 0.424683
26.0465 43.951 23.4755 0.432718 0 -1.6 0 -0.163539 0.539403 -0.826014
38.4086 58.5385 34.1876 0.642817 0 -3.2 0 0.0325547 0.779773 0.625216
14.694 32.9295 45.124 -1.15961 -0.482101 -3.5 0 -0.749902 0.23754 -0.617431
61.6317 36.8527 34.96 1.14606 0 -3.5 0 -0.282568 -0.472174 -0.834989
17.5107 27.6019 44.7518 -0.0495071 0 -3.5 0 -0.506005 -0.853772 0.122606
37.5822 24.497 26.3779 0.291347 0.275317 -4.16186 0 0.018144 -0.878989 -0.476497
29.3101 33.3626 61.2966 0.678386 0.206844 -1.81024 0 -0.248864 0.207429 0.946066
43.3506 16.1761 41.0554 -0.424515 0 -3.5 0 -0.147881 -0.966313 0.210642
55.1361 51.0796 43.68 3.57094 0.0137858 -4.48053 0 -0.533868 -0.459459 -0.709847
41.0527 35.5975 18.6413 0.513175 0 -3.9 0 0.973635 0.0869322 -0.210899
79.0837 42.648 17.0093 -0.224811 0 1.8 0 0.0886418 0.847048 -0.524074
29.548 45.3973 22.6497 0.345742 0 3.21774 0 -0.971027 0.045661 -0.234566
37.7111 18.7909 42.8509 0.693176 0.021724 -3.4292 0 -0.522922 0.0150144 -0.852248
29.867 57.0715 30.672 0.478998 0 -0.8 0 -0.635419 0.737626 0.228365
56.4118 44.4663 49.0498 0.0743987 0 -2.98426 0 0.999292 -0.0239666 -0.0290131
57.9793 51.1846 34.3161 2.12581 0 3.8 0 -0.785047 -0.618366 0.0363991
70.4843 32.4019 40.4939 0.328879 0.138307 -4.5 0 0.772061 -0.50214 0.389586
47.865 40.7245 46.6755 5.26594 0 -0.646272 0 -0.219938 -0.318025 -0.922219
77.8696 37.4089 16.6424 -2.10476 -0.495415 -3.5 0 0.846661 -0.486296 0.216059
51.8996 35.5537 28.9275 1.00571 0 -0.4 0 0.744722 -0.235108 -0.624591
53.7335 52.948 55.3607 0.627814 0.148059 3.8 0 0.803686 -0.216208 -0.554385
39.2249 48.867 40.465 7.5873 0 -2.28587 0 -0.453079 -0.71684 0.529962
51.6567 56.2357 24.4942 0.166921 0 1.72619 0 -0.935797 0.0866664 -0.34172
11.6365 41.7257 34.053 0.277101 0 -3.5 0 -0.612574 0.611667 -0.500616
38.842 41.9136 45.0505 6.85507 0 -3.59136 0 0.929326 0.302947 0.211132
59.3568 39.9775 32.106 1.3875 0 -0.479899 0 -0.641125 -0.680666 -0.354476
49.3722 32.062 55.141 -0.506532 0 -3.5 0 0.578059 0.386294 0.718766
41.1495 45.0267 46.7286 5.37002 0 -0.7 0 -0.134567 0.184359 -0.973603
15.3579 42.0324 38.4585 0.0673336 0 -3.9 0 -0.998177 -0.0191302 -0.0572422
37.3241 47.1279 17.0329 -0.760702 0 1.8 0 -0.350668 -0.223276 -0.909494
27.2429 35.9801 61.0024 0.834759 0.140008 -2.26905 0 -0.255579 0.108506 0.96068
51.6811 31.7286 54.0508 0.514212 0.00494051 -4.5 0 0.207096 -0.835718 0.508613
51.2935 46.8895 23.1874 0.303277 -0.0274097 0.108965 0 -0.68447 -0.285124 -0.670973
54.2998 48.9346 60.7798 -0.298316 0 -3.5 0 0.165486 0.683671 0.71078
33.4335 43.7825 17.2225 0.494608 0 -3.5 0 -0.178522 0.86254 -0.47345
24.4025 60.6468 41.6881 0.147458 -0.561141 -0.7 0 -0.557239 0.0538215 -0.828606
77.821 41.0515 20.8857 0.00572339 0 1.8 0 0.444111 -0.264386 0.856076
57.5202 58.59 20.298 0.0390612 0 1.8 0 0.204287 0.0940067 -0.974387
60.8685 29.2025 33.9765 0.824249 0 -4.5 0 0.693324 0.176577 -0.698658
17.7959 35.0075 54.392 0.455126 0 -3.9 0 -0.637739 0.439641 0.632459
45.2361 15.8763 55.0651 0.571713 0 -4.5 0 -0.278168 -0.0135588 0.960437
59.9432 51.1423 46.0658 0.0609281 0 -3.5 0 0.410586 -0.0165681 0.911671
31.2951 25.2162 40.8609 0.0475392 0 1.41743 0 0.635164 -0.696499 -0.333851
26.6915 33.6874 31.7048 -0.442247 -0.0244937 -1.6 0 -0.327293 -0.839171 -0.434363
44.9557 51.468 60.2775 0.23658 0 -0.8 0 -0.871357 -0.321728 0.370443
39.0629 22.4241 33.3086 0.0666024 0.950289 -4.5 0 -0.832158 -0.502613 0.234294
60.3365 40.0908 47.2048 0.103518 0 -0.9 0 0.818863 -0.507493 0.268169
76.3439 50.925 23.8675 -1.29874 0 -3.5 0 -0.684893 -0.0962224 -0.722262
25.1121 59.7492 36.8076 0.142732 0 -3.9 0 -0.42255 0.734911 0.530431
58.1709 45.8807 33.0316 2.45314 0 -1.32594 0 -0.759292 0.650495 -0.0182212
46.0295 15.1407 39.0083 0.392464 0.186556 1.66128 0 -0.290987 -0.916926 0.273081
81.8323 44.9342 33.9601 -0.716922 -0.134933 -3.5 0 0.212898 -0.471295 0.855895
28.511 35.7525 23.934 -1.28924 0 4.2 0 0.715969 -0.353599 0.601961
36.7519 21.385 42.858 -0.560486 -0.385223 1.46359 0 -0.472385 -0.404303 -0.783194
68.4376 55.2194 37.583 -2.44258 -0.917259 -3.5 0 0.953384 -0.0567583 0.296373
38.212 57.859 50.0725 0.661872 0 -3.5553 0 -0.139483 0.213287 0.966981
58.2889 51.1761 51.205 0.101668 0 -1.6 0 0.495257 0.840902 -0.218183
42.2445 46.525 41.8473 5.21066 0 -0.4 0 -0.272483 0.208962 0.939195
28.3037 34.7084 28.6667 -0.711235 -0.288779 -2.82855 0 0.522863 -0.670259 -0.526656
57.1727 29.8946 22.3201 0.591768 0.3872 -3.94643 0 0.729155 0.11841 -0.674026
77.953 54.0964 22.2135 -2.05391 -0.65029 -3.5 0 -0.232656 0.437797 -0.868449
41.2769 30.2003 19.9015 -0.52743 0 -3.5 0 -0.161463 -0.552268 -0.817881
34.1339 60.5615 37.7879 1.04231 0 -3.5 0 0.348468 0.530001 -0.773091
82.1539 48.6304 35.5166 -1.15565 0 -3.5 0 0.379178 -0.174535 0.908714
61.6484 32.0576 23.9905 0.356882 0 -4.5 0 0.946484 -0.211439 -0.243848
68.1165 38.2184 32.9705 -1.91738 -0.852277 -3.5 0 0.554277 -0.211244 -0.80508
51.823 50.629 63.78 0.426562 0 -4.5 0 0.379399 0.924636 -0.0332441
57.3946 38.6001 40.2192 0.672211 0 1.80023 0 0.900126 -0.41876 -0.120053
48.1945 28.515 23.4722 0.197643 0 -4.5 0 -0.285321 -0.902354 -0.323032
52.3995 56.811 35.9463 0.757187 0 2.36684 0 -0.23623 0.929902 -0.281918
39.2446 43.244 42.8501 7.49287 0.0161289 -3.9 0 0.529753 0.726698 0.437347
50.9958 13.633 43.3823 -0.584705 0 -1.79013 0 0.307236 -0.697659 0.647207
55.2305 45.2405 36.8595 2.5647 0 -0.426941 0 -0.587358 0.804871 -0.084813
28.619 42.904 53.279 0.107915 0.4997 -3.5 0 -0.0695008 -0.273471 0.959366
38.2513 24.8635 35.9385 -0.238133 0 4.2 0 -0.240729 -0.939711 0.242882
55.0143 50.8088 59.9926 -0.272889 -0.0559892 -0.805211 0 0.396997 0.0307312 0.917305
17.7706 57.9458 43.8787 0.048705 0 4.2 0 -0.586279 0.303921 -0.750939
15.6132 43.2995 41.0194 0.167757 0 -3.9 0 -0.896674 -0.0359788 0.441226
48.9263 13.3142 41.4922 -0.629912 0 -0.4 0 -0.631864 -0.443651 0.635548
68.0423 61.4897 20.4077 0.0611584 0 1.8 0 0.591506 -0.382507 -0.709795
59.5508 32.0887 40.8923 -0.374925 0 -3.84194 0 0.975411 -0.164346 0.146849
27.3295 52.7235 22.865 -1.27558 -0.502139 -3.5 0 -0.840868 0.539937 0.0375339
55.4972 41.3915 24.4062 1.46908 0 -3.9 0 0.574683 -0.816347 0.0575949
38.4258 22.8958 52.3913 -0.0185148 0 -3.73649 0 0.0363402 -0.792001 0.609437
55.9712 45.5675 63.7695 0.157806 -0.392745 -3.5 0 0.188072 0.444824 0.875649
36.687 43.0117 16.502 0.971744 0 -3.65291 0 0.511557 0.81001 -0.286694
20.1063 52.0247 46.1876 0.159154 0.173976 3.37425 0 0.412177 -0.19054 0.890957
18.682 29.759 40.711 0.0828313 0 3.8 0 -0.642264 -0.614345 -0.458343
30.5224 60.7109 49.8044 2.26129 0 -3.9 0 -0.367657 0.308779 0.877202
67.4504 40.9315 36.6258 -0.105096 0 2.8 0 0.98629 -0.094324 0.135407
35.384 33.919 57.926 2.48494 0.131423 -3.9 0 0.83114 0.0821834 0.549956
38.5555 49.7352 18.1322 0.166659 0 1.8 0 0.634934 0.400565 -0.660611
53.6815 37.681 32.5785 0.77372 -0.0118832 4.09715 0 0.874846 -0.0973781 -0.474512
19.0225 49.473 31.434 0.354297 0 -4.5 0 0.170632 0.739864 -0.650758
52.171 41.7779 55.542 -0.087393 0 -3.10827 0 0.499116 -0.644518 0.579205
43.7314 44.9554 42.9272 5.36755 0 -1.3 0 -0.448034 -0.0800126 0.890429
32.46 45.2873 55.1975 1.0911 0 -4.5 0 -0.55714 -0.368688 0.744086
63.221 34.9748 36.0185 0.299955 0 -3.5 0 0.731897 -0.587541 -0.34514
36.2634 15.5037 44.0454 0.394114 0 -4.5 0 -0.814847 -0.0585672 -0.57671
31.378 52.2209 21.1751 0.522832 0 -3.2 0 0.341571 -0.0469762 -0.938681
36.1765 63.0655 37.7465 0.164695 0 -3.5 0 -0.227192 0.0917955 -0.969514
60.0124 45.4205 42.9715 -0.400869 -0.226945 2.47348 0 -0.0175741 0.332251 0.943027
21.1373 48.5835 30.7955 0.765657 0.482617 -4.5 0 -0.267713 0.861233 -0.431982
40.9901 57.4994 30.9511 0.518092 0 -3.2 0 0.61698 0.709907 -0.339658
42.512 50.274 34.771 1.38424 0.00964949 -3.89063 0 0.329598 0.904285 -0.271355
20.9884 48.0218 46.0779 0.255886 0 1.8 0 -0.849311 -0.330511 0.411622
24.0076 29.4035 41.7574 -0.298466 0 4.2 0 0.339912 -0.932023 -0.12567
47.7183 49.0715 23.4295 -0.855819 -0.0813982 -0.8 0 -0.500177 -0.222798 -0.83677
49.735 55.3848 56.8768 -0.137376 0 3.8 0 -0.116949 0.47648 0.871372
43.1323 25.4408 54.0655 0.561449 0 -4.5 0 0.520754 -0.197452 0.830559
64.621 39.421 31.6268 0.548425 0 -2.01404 0 0.398482 -0.0790438 -0.913764
40.6126 40.5905 16.957 0.580625 0 -3.9 0 0.412376 -0.105354 -0.904901
19.5031 52.762 34.4246 -1.74431 -0.608002 -3.5 0 -0.685193 0.486434 -0.542118
57.1632 45.0609 32.0112 2.33967 0 -1.6 0 -0.364947 0.930858 0.0177831
44.7646 14.2992 52.7174 0.247787 0 -4.5 0 -0.0101408 -0.929592 0.368451
49.937 30.0578 51.149 -0.385149 -0.196325 -3.5 0 0.510927 -0.0425492 0.85857
55.338 59.4608 31.1197 0.358855 0 3.8 0 -0.325067 0.739955 0.588895
61.2424 67.5229 32.8559 0.363338 0 -4.5 0 0.416782 0.599527 0.683272
39.6007 34.1704 56.0392 0.0337123 0 3.8 0 -0.611421 -0.578014 0.54043
43.158 53.337 32.8085 -0.689967 -0.368048 -3.5 0 0.369936 -0.0872956 0.924947
28.8159 30.1014 56.335 -0.55611 0 -2.78329 0 0.625529 -0.597139 0.502134
19.0139 51.2072 33.8247 -0.498476 -0.0630122 -3.5 0 -0.354544 0.686269 -0.635085
30.572 44.185 54.139 0.614998 0 -4.5 0 -0.221651 -0.40311 0.887904
23.425 54.8526 40.4329 -1.62886 -0.725878 -3.05287 0 -0.252016 0.786598 -0.563695
51.424 46.3307 62.2495 0.156908 -0.4753 0.563278 0 -0.602957 -0.418371 0.679271
56.1831 23.3011 42.1379 -0.0753441 0 3.8 0 0.989267 0.0690595 0.128771
22.365 34.592 58.256 -0.431519 -0.14526 -3.5 0 -0.826507 0.502752 0.253233
57.5583 24.1349 40.3289 0.040022 0 1.8 0 0.557337 0.28856 0.77853
51.3561 57.0366 25.4546 -0.496125 -0.670452 -0.4 0 -0.956386 -0.000407471 -0.292104
58.6174 50.1176 53.8469 -0.848208 -0.220558 -2.5762 0 0.229105 0.933636 -0.275381
56.7016 31.1976 44.1823 -0.256744 0 -0.8 0 0.798318 -0.246948 0.549277
45.0351 25.5485 52.1444 0.295928 0 -4.5 0 0.981446 -0.0371989 0.188094
26.3253 56.2889 27.4319 0.1688 -0.530988 -0.8 0 -0.775724 -0.150791 -0.612792
38.0059 20.502 35.257 -0.110319 0 -0.7 0 -0.925446 0.331941 -0.182659
43.4902 49.0747 26.3752 -0.0420051 0 -3.5 0 -0.207955 -0.314349 -0.92625
54.2179 51.5799 23.4049 0.166071 0 3.8 0 0.0655417 0.125896 -0.989876
27.6642 57.8973 39.9808 0.50687 0 -3.5 0 -0.253535 0.961967 0.10168
38.8555 35.5761 12.582 1.07065 0 -3.9 0 0.0594601 -0.771475 -0.633475
58.8463 38.2856 33.7684 1.47823 0 -1.6 0 0.16837 -0.678461 -0.715082
16.8143 51.3423 44.162 -0.430087 0 -3.5 0 -0.574828 -0.173735 0.799618
36.5399 41.6479 14.6669 0.615325 0 -3.5 0 0.585834 0.263242 -0.766487
37.1912 21.8988 41.6626 -0.168609 0 4.5 0 -0.837581 -0.495802 -0.229429
75.6036 38.055 18.7615 0.59435 0.34019 -3.5 0 0.166644 -0.84984 0.500001
32.06 62.5137 49.116 2.59795 0.171124 -3.9 0 0.102322 0.91705 0.385421
55.6698 26.7987 43.0288 0.070995 0 0.150043 0 0.908524 0.110666 0.40291
69.0535 51.0117 18.321 0.118081 0 -4.5 0 0.17639 0.131086 -0.975553
46.6675 34.765 28.4713 -0.44109 0 2.8 0 0.752909 -0.055526 -0.655778
42.7365 21.882 27.946 -0.917944 0 -3.5 0 0.0681527 -0.991767 0.108413
34.3979 35.5225 24.6245 -1.51695 -0.538928 -2.27428 0 -0.642856 0.532756 -0.55037
21.2393 28.1168 48.7352 0.0394628 0 -0.8 0 -0.655315 -0.741693 0.143014
23.5513 36.2298 56.0411 -1.38714 -0.785189 -3.5 0 0.0194211 0.99224 0.122811
16.359 39.5816 30.8784 -0.224975 -0.128047 -3.161 0 -0.937848 0.311852 -0.152281
55.8553 61.7578 33.945 0.207517 0 3.8 0 -0.290256 -0.0673316 -0.954577
64.6127 65.4067 23.356 -0.774722 -0.389839 1.8 0 0.781825 0.512841 -0.354604
18.7463 33.1569 33.9621 -1.87852 -0.534344 -3.5 0 0.0212999 -0.908097 0.418217
31.9469 60.4824 40.7719 0.593996 0 -3.5 0 -0.41934 0.769383 0.481875
65.054 36.22 39.994 0.464333 0 -4.5 0 -0.749686 -0.463681 0.472197
52.9427 53.6816 51.2707 0.48374 0.184354 -0.076951 0 0.705779 0.577268 -0.410656
77.0475 60.5109 25.547 -2.45619 -0.501377 -3.5 0 0.544345 0.428733 -0.721025
26.0527 51.7103 24.913 -1.57894 -0.45219 -3.5 0 -0.984206 0.140153 -0.108143
56.2477 52.0902 58.3428 0.0974109 0 1.8 0 0.908082 -0.356115 0.220386
25.2051 26.3924 50.2798 0.83674 0.293658 -3.9 0 -0.400849 0.310927 0.861768
16.297 31.8666 49.9559 0.292542 0 -4.40578 0 -0.460203 -0.83356 0.3056
30.0189 29.7329 55.6828 -0.549179 0 3.8 0 -0.131621 -0.31542 0.93978
37.0622 40.0504 14.3156 1.32832 0 -3.57386 0 0.259005 0.609047 -0.749652
56.047 24.9695 35.3727 -0.349583 0 -4.04657 0 0.836987 -0.403582 -0.369559
30.7735 19.1532 45.1353 -0.98467 -0.0175907 -3.5 0 0.45231 -0.881576 -0.135056
47.5399 37.9637 43.7812 5.30526 0.297833 3.20282 0 -0.0221461 0.784394 0.619868
31.4013 49.0015 53.9575 1.16389 0.389707 -4.5 0 -0.845802 0.174878 0.50402
47.8396 27.1975 28.6006 -1.16563 -0.0442235 -3.84297 0 -0.222768 -0.613833 -0.757353
32.854 36.0606 25.2892 -2.26085 -0.217564 -3.5 0 -0.423837 0.486328 -0.764099
72.338 57.1367 21.6362 -1.38681 -0.529512 -2.5977 0 0.451269 0.708191 -0.542974
21.1197 55.9394 46.9306 -0.110919 -0.45646 1.53672 0 0.208569 0.0987175 0.973013
42.9567 64.2978 48.2584 0.0932643 -0.325782 -2.90662 0 0.0984973 0.981355 0.165047
35.71 61.6592 44.335 -1.11905 -0.199671 -0.4 0 -0.61646 0.775962 0.133644
67.4235 53.97 38.1963 -1.4817 0 -3.07431 0 0.807411 -0.258498 0.530346
14.7603 45.0715 48.0703 0.707032 0 -4.5 0 -0.21747 0.91841 0.3305
31.6031 42.0005 23.2506 -0.394393 0 0.00454805 0 0.660502 -0.736799 -0.144448
47.8568 63.122 48.7469 0.258999 0 -1.6 0 0.55129 0.594131 -0.585737
26.3134 34.008 61.686 0.206305 0 -3.5 0 0.21125 0.11371 0.970795
55.074 32.726 22.5718 0.241033 0 -4.5 0 -0.37044 0.373068 -0.850644
27.8459 37.0576 27.7463 -1.00764 -0.0142506 -4.16425 0 0.543823 -0.353558 -0.761087
24.4163 42.3866 24.0976 0.474361 0 -1.6 0 -0.795947 0.00213842 -0.605362
53.6432 16.8554 45.1234 -0.0886919 0 -3.5 0 0.414886 -0.399001 0.817721
42.1738 44.618 17.6336 2.33807 0 -3.9 0 -0.598421 0.752352 -0.275423
69.8111 63.613 29.934 0.078472 0.164058 -3.5 0 0.737221 -0.181381 0.650851
21.0609 47.4782 50.6912 -1.8508 -0.72761 -3.5 0 0.308663 0.950524 -0.0350782
45.0728 17.9718 53.0435 0.422267 0.0515306 -4.5 0 0.162869 0.785904 0.596514
34.5695 58.9381 43.4941 1.22187 0 -0.4 0 -0.852366 0.249029 0.459843
54.6815 37.9455 46.566 1.57241 0.112512 -0.812248 0 0.213044 -0.168449 0.962412
68.3275 56.9873 17.3199 0.515558 0.616533 -4.5 0 -0.776428 0.459261 -0.431554
54.5573 27.355 51.851 0.555882 0.646696 -3.5 0 0.344135 -0.283204 0.895191
69.2822 35.9757 38.1484 0.358508 0.13581 -4.5 0 0.3278 0.240907 -0.913516
51.853 22.581 46.5715 0.474894 0.662929 -3.5 0 -0.063327 0.485504 0.871938
58.074 66.5488 42.0301 -1.2414 0 -4.5 0 0.0628193 0.241404 0.968389
63.2542 35.2501 38.6341 -0.111714 -0.32648 -3.5 0 0.718357 -0.537752 0.441345
36.7803 42.0271 58.0376 -0.289261 0 -3.5 0 0.0475209 0.0597735 0.99708
24.643 49.66 48.342 1.58495 0.804387 -3.9 0 -0.781822 0.0894804 0.617048
47.2523 44.151 61.7702 -0.678595 0 -1.6 0 0.223724 0.758447 0.612133
47.3435 54.5509 57.9611 0.100317 0 -1.97863 0 0.411315 0.713445 0.567288
60.4905 59.1636 44.7269 -0.216075 -0.0833334 -2.17033 0 -0.424195 0.210585 0.880745
27.713 32.0838 60.4948 0.346663 0 -3.5 0 -0.45584 -0.5021 0.734918
47.9869 39.3206 25.2989 1.40224 0 -3.9 0 0.151638 -0.209402 -0.966
59.2113 42.4092 47.3763 0.0103985 0 -0.9 0 0.267132 0.794238 0.545735
59.4268 60.9613 20.9548 0.00324282 0 4.2 0 -0.226964 -0.023972 -0.973608
44.9514 50.489 59.5359 0.285762 0 -0.8 0 -0.89687 0.0250526 0.441584
81.625 45.7875 25.1847 -0.304174 0 3.8 0 0.810825 -0.279626 -0.514172
55.8278 21.2593 45.5158 -0.774068 -0.0549849 0.0107639 0 0.134584 0.239376 0.961554
38.9184 20.4419 37.266 -0.271801 0 -0.7 0 -0.891187 0.202163 0.406099
69.225 47.9098 38.9557 -0.0646202 0 -3.2 0 0.276863 0.917185 -0.286563
57.328 68.8031 41.1515 -1.56133 -0.840229 -4.5 0 0.0300156 0.972392 0.231414
48.967 61.056 30.9905 0.560682 0 -4.5 0 0.184104 0.861758 -0.472735
53.5691 52.8015 35.961 2.46138 0 3.48763 0 0.797702 -0.592899 -0.11019
48.9276 53.3698 43.4224 3.66646 0 -1.6 0 0.090655 -0.978178 -0.186948
54.2464 24.2606 30.4466 -0.494336 -0.360743 -2.36802 0 0.884104 0.0385142 -0.4657
13.5016 36.8236 41.4038 -0.12122 0 -0.7 0 -0.812789 -0.55956 0.162071
53.1878 49.358 60.738 -0.0704179 0 -4.5 0 0.459472 0.575066 0.676893
19.0373 32.9997 39.3278 -0.780195 0 3.8 0 -0.902887 0.0257928 -0.429104
49.8 38.023 55.4 0.322592 0 -1.6 0 0.418626 -0.688071 0.592715
34.5083 48.628 18.0495 0.0525396 0 1.03465 0 -0.395438 0.273885 -0.876708
73.6155 50.2181 23.7086 -0.850245 0 4.5 0 0.62063 0.39366 -0.678123
58.0306 67.9212 41.7738 -1.66697 0 -4.5 0 0.492044 0.422968 0.760915
52.135 47.3338 22.3885 -0.453807 -0.395212 3.8 0 -0.256985 -0.337601 -0.90553
47.2718 16.5872 33.0537 -1.22776 -0.112115 -0.4 0 -0.320685 -0.375259 -0.869679
41.345 49.2142 45.9738 5.11312 -0.33575 -3.5 0 -0.408004 -0.3048 -0.860599
44.6145 42.9816 16.1219 2.13564 0.319185 -3.9 0 0.492758 -0.443771 -0.748503
54.6205 16.7418 34.8397 1.22697 0.685115 -3.9 0 0.078823 -0.995742 -0.0478055
22.3657 31.261 23.464 0.44356 0 -4.5 0 0.284258 -0.854648 0.434482
56.7907 36 51.9243 2.15931 0.569977 -3.9 0 0.686134 -0.573067 0.448123
37.6191 46.2706 47.7541 5.63573 -0.0502926 -2.59301 0 0.312064 0.686952 -0.656287
51.382 42.0783 56.613 -0.0873461 0 1.43114 0 0.50608 -0.670543 0.542452
52.5466 47.5015 44.5675 2.42878 -0.787011 -0.7 0 0.200435 0.848656 0.489498
34.9427 64.4213 39.3966 -0.148287 0 -3.5 0 -0.918186 0.32823 -0.22181
74.687 48.1483 23.0278 -0.543466 0 3.56297 0 0.750199 0.175767 -0.637423
41.7842 53.6792 37.9243 1.25383 0.433643 -3.5 0 0.756584 0.579513 -0.302894
40.704 59.205 49.731 0.428168 0 -3.5 0 -0.422298 0.476943 0.770837
77.4242 54.5345 23.5788 -1.4903 0 -3.5 0 -0.0314877 0.979464 -0.199143
25.7146 46.8301 55.4346 0.249819 0 -0.8 0 0.37601 0.0865766 0.922562
47.7305 39.7405 58.049 0.409559 0 -1.6 0 0.630654 -0.775496 -0.0296872
15.7835 44.8317 49.7702 0.134203 0 -4.5 0 -0.074442 0.906076 0.416515
59.7513 45.6357 55.072 -0.118956 0 -3.5 0 0.824781 -0.553887 -0.113774
21.0284 56.8316 42.4846 0.523856 0.134634 0.274869 0 -0.324277 0.359187 -0.875117
12.8794 43.5801 46.0589 1.22768 0.0603677 -4.5 0 -0.90281 -0.00120063 -0.430038
35.878 58.7272 46.5344 0.594257 0 -1.4396 0 -0.984656 0.112699 -0.133231
16.1402 45.7697 33.8025 -2.1363 -0.0904393 -3.5 0 -0.940236 0.21201 0.266475
50.1221 20.7366 27.0408 0.361862 0.575581 -3.5 0 0.849448 -0.487423 -0.202132
62.9924 60.2741 37.2371 -0.908327 0 -3.5 0 0.77201 0.329987 0.543239
21.9988 36.2747 56.4795 -1.81972 0 -3.5 0 -0.175372 0.854123 0.489611
13.3655 41.6598 35.7755 -0.203032 0 -3.5 0 0.260353 0.903297 0.340986
38.8694 18.1354 34.9611 -0.128334 0 -0.7 0 -0.469233 -0.827038 -0.309563
58.829 55.102 46.6582 -1.44895 -0.334352 -3.5 0 -0.119679 0.470991 0.873982
39.4545 47.541 24.078 1.01839 0 -4.5 0 0.578472 0.790279 0.202062
40.4723 50.2713 26.3025 0.0139308 -0.124562 -3.96592 0 0.659311 -0.301948 -0.688575
52.812 52.089 39.541 3.4609 0 1.8 0 -0.0448326 -0.963214 0.264971
41.8609 52.0059 36.886 1.13999 0 -3.9 0 0.493282 0.181704 -0.85068
57.6709 39.3716 39.515 0.700214 0 1.08164 0 0.543662 -0.838813 -0.0287244
49.7586 54.1982 22.6614 0.145498 0 3.8 0 -0.618173 0.53484 -0.576028
15.1235 37.327 39.1471 -0.325149 0 -0.7 0 -0.287471 -0.755004 -0.589347
16.2626 44.4354 41.4396 0.275227 0 -3.9 0 -0.769437 0.118214 0.627689
63.734 42.063 43.977 -0.175268 0 1.34466 0 -0.0593725 -0.422612 0.904364
29.8705 55.865 46.3055 0.721619 0 -3.48615 0 0.867044 -0.477101 -0.143558
29.7782 34.4665 28.625 -0.806911 -0.0140849 -1.86002 0 -0.569968 -0.574635 -0.587308
17.1443 35.586 40.9157 -0.216692 0 0.467774 0 -0.428729 -0.536009 -0.727245
35.5915 51.429 19.4215 0.251467 0 1.8 0 -0.551177 0.768057 -0.326025
25.1332 27.4517 50.1594 0.79562 0 1.8 0 -0.418999 -0.308243 0.854064
75.3431 51.0337 24.3695 -0.882025 0 4.5 0 -0.144136 -0.0218243 -0.989317
52.147 52.9123 42.499 3.43729 0 0.336656 0 -0.137256 -0.990496 0.0088017
55.1058 42.6925 60.261 -0.78054 0 -3.5 0 0.313132 -0.883588 -0.348169
24.621 48.887 51.098 -0.730653 -0 -0.4 0 -0.847245 0.501548 -0.175003
22.7755 36.3076 20.2673 1.0229 0 2.13912 0 -0.405287 -0.273115 -0.872439
42.3397 42.1558 60.6386 0.2865 0 -0.8 0 0.0880879 -0.582456 0.808075
53.0233 40.3512 23.0958 0.772203 0 -3.9 0 -0.0541669 -0.711628 -0.700465
61.6413 32.2126 36.7715 0.0477304 0 -3.86041 0 0.929478 -0.107797 -0.352776
31.21 39.535 16.721 0.213042 -0.0561402 -3.5 0 -0.752279 -0.642903 0.144059
71.5259 45.568 41.6948 -0.715887 0.0311636 -3.2 0 0.567669 0.28256 0.773248
25.121 59.8778 34.1157 0.477466 0 -3.9 0 -0.099692 0.98075 -0.167904
20.0211 37.467 18.8843 0.650976 0 -4.5 0 0.0320101 -0.989787 -0.138911
63.4468 55.377 45.1545 -0.139168 0 -0.4 0 0.961568 0.0971367 0.256809
28.4485 56.6195 47.2918 0.404009 -0.0745082 -3.9 0 -0.131918 -0.430809 0.892749
63.3119 54.4221 19.5964 0.148008 0 -0.7 0 0.217694 -0.12276 -0.968266
65.9105 62.4645 31.88 -2.38632 -0.10795 -3.5 0 0.770061 0.109135 0.628566
42.1292 51.1753 26.799 0.287316 0 -3.5 0 0.031246 0.290814 -0.956269
43.2569 40.9361 48.4599 5.04857 0 3.8 0 -0.178455 0.305158 -0.935432
43.5124 47.9305 61.1599 0.387548 0 -4.5 0 -0.461335 0.487432 0.741337
31.85 49.029 18.9085 0.347207 0 -4.5 0 -0.245321 0.241141 -0.938972
32.9165 59.355 49.0925 2.49263 0.432566 -3.9 0 0.359481 -0.796851 0.485594
46.5508 58.2352 34.3162 1.767 0.448193 -4.5 0 -0.810663 -0.37478 -0.44985
41.3571 55.928 35.5998 0.422084 0.412194 -3.2 0 0.640614 0.747957 0.173707
42.559 52.5018 57.5591 0.0116723 -0.0639235 -3.38465 0 -0.266389 -0.354079 0.896473
64.9948 49.9 43.2443 0.253044 0 -1.6 0 0.840497 0.303745 0.448669
56.0674 43.2814 23.9059 1.92782 0.154983 -3.9 0 0.960465 -0.184467 -0.208516
13.2583 39.8768 33.1883 0.339645 0 -3.5 0 -0.497038 -0.254424 -0.829591
29.6145 19.8145 48.7715 0.281619 0 -3.5 0 0.521687 -0.727999 0.444815
77.4781 38.8013 28.0249 -0.124391 0 1.8 0 0.00157517 -0.943966 0.33004
18.2722 29.1496 23.0796 0.917017 0.677511 -4.5 0 -0.118774 -0.987802 0.100697
49.4356 58.9715 36.5845 1.39856 0 -4.5 0 0.825671 0.548635 -0.131406
53.6445 33.172 46.7935 0.475592 0.487583 -1.35428 0 0.746396 0.182946 0.639862
84.1284 41.9904 31.2442 -0.251111 0 -0.4 0 0.663111 -0.660862 0.35149
19.53 53.3635 41.696 -0.289115 0.0415115 -3.5 0 0.247713 0.746302 -0.617795
27.118 44.3935 23.8264 0.372078 0 -1.6 0 -0.0589447 0.770716 -0.634446
43.735 55.1237 30.5203 -1.18992 -0.262074 -3.5 0 0.822685 0.568315 -0.014415
54.3925 15.5375 44.633 -1.24576 -0.455796 -3.5 0 0.145786 -0.489093 0.859962
47.0397 54.5405 34.7048 0.789074 0 -4.5 0 -0.862545 0.364091 -0.35136
13.8094 40.0489 37.9777 -0.552968 0 -3.5 0 -0.448292 0.52726 0.721825
52.2632 42.659 56.3535 -0.469343 -0.214676 -2.91138 0 0.347525 -0.836974 0.42273
29.973 40.3802 25.5818 -0.583245 -0.0374438 -0.164419 0 0.183687 -0.927218 -0.326383
75.7375 37.3884 14.0453 -1.19973 -0.218253 -3.5 0 -0.0854766 -0.448417 -0.889728
41.6021 29.0855 21.0224 -0.222026 0 -3.5 0 0.354854 -0.724379 -0.591061
52.0381 45.9665 22.7966 0.444855 0 -0.4 0 -0.206892 -0.215885 -0.954248
64.7984 37.5435 40.2941 0.3462 0 -4.5 0 -0.660414 -0.372631 0.65192
26.5245 39.4562 57.6997 -1.72423 -0.813549 -3.5 0 -0.223173 0.784332 0.578806
39.4333 39.077 14.5037 1.5772 0.314519 -3.9 0 0.538706 0.804987 -0.24858
61.4544 66.1359 21.3775 -0.00626139 0 1.8 0 0.341104 0.263316 -0.902393
42.1754 44.309 46.9844 5.21669 0 -0.7 0 0.222349 -0.417076 -0.881254
63.8504 46.0125 20.0923 0.239759 0 3.8 0 -0.188331 -0.0822826 -0.978653
70.9259 44.0365 39.5319 -0.934883 0 -3.2 0 0.630411 -0.528674 -0.568406
36.7113 47.2874 39.9371 5.40035 0 -0.739398 0 0.580912 -0.221379 0.783283
58.0233 51.0296 32.1483 1.94717 0 3.8 0 -0.743578 -0.481585 0.463861
65.7405 41.1585 45.018 -0.229836 0 -3.5 0 -0.284635 -0.156485 0.945778
32.5957 61.774 49.7767 2.73736 0.121246 -3.9 0 0.548103 0.545192 0.634309
25.6558 27.4704 57.502 -0.66289 0 -3.5 0 -0.289046 -0.931543 -0.220636
48.9765 27.6236 27.1051 -0.329768 0 -3.5 0 -0.553468 -0.63247 -0.5419
50.555 46.964 35.8765 2.46686 0 3.48244 0 0.973191 -0.228937 0.0220662
28.135 39.1415 24.2712 -0.664034 -0.00121407 -2.75592 0 0.891728 -0.449402 0.0534602
15.8284 37.8189 27.5821 0.0725325 0 -0.4 0 -0.790088 -0.40975 -0.455923
30.122 55.6457 44.0944 1.09808 0 -3.9 0 0.312557 -0.603154 0.733834
40.624 15.159 42.9571 0.545619 0.127179 -4.5 0 0.373001 -0.773903 -0.511805
55.4463 65.6718 35.5187 -0.272467 -0.335783 -4.5 0 -0.741662 0.524991 -0.417519
38.0653 50.3291 22.6356 -0.308184 -0.769325 -3.29281 0 0.974664 0.20693 -0.0849145
15.4952 34.5935 45.9276 0.0137523 -0.00114176 -4.44628 0 -0.791523 0.199735 -0.577579
59.5858 41.6799 22.7676 0.684886 0 -4.5 0 -0.530383 0.736161 -0.420429
20.596 34.8905 20.741 1.2247 0 -4.5 0 -0.215702 0.405254 -0.888393
20.4196 30.9147 26.6676 0.398858 0 -4.5 0 0.417649 -0.901634 -0.112363
54.3986 32.7016 27.186 -0.255727 -0.0912894 2.8 0 -0.699883 0.711681 0.0606172
54.3775 47.8717 41.6367 2.35533 -0.828683 -0.7 0 -0.148238 0.921987 -0.357722
25.387 37.3317 55.1063 -0.516382 0 -3.5 0 -0.881085 0.267351 0.390144
55.2125 26.4325 27.6155 -0.631077 -0.116081 -3.5 0 0.510185 -0.858916 0.0444423
50.9702 12.5155 42.3418 -0.0671997 0 -0.4 0 0.180801 -0.840882 0.510125
27.9853 56.287 32.8647 -0.451393 -0.752671 -1.6 0 -0.31344 0.384481 -0.868292
61.9196 48.8838 20.0678 0.379099 0 1.8 0 -0.672094 -0.737662 -0.0643764
51.306 44.9165 34.601 2.24125 0 2.85 0 0.676015 0.727791 0.115431
30.217 29.88 29.8615 -0.926197 -0.0612384 -0.142336 0 -0.836388 0.470969 -0.280434
44.716 55.25 58.834 -0.702784 -0.524682 -0.8 0 -0.194955 0.913173 0.357922
57.6984 49.1377 37.6165 1.8252 0 2.75367 0 -0.589532 -0.0580209 -0.805659
79.3655 39.0075 18.3652 -0.578451 0 1.8 0 0.665403 -0.745649 -0.0353001
46.8633 61.7911 32.775 0.82336 0 -4.5 0 -0.435296 0.453125 -0.777943
57.8035 29.2315 29.6885 0.220738 0 2.8 0 0.805911 -0.501693 -0.314343
53.7909 33.7126 52.3305 0.730873 0.110382 -4.45586 0 0.94758 -0.0994232 0.303656
25.1295 32.7696 21.2253 0.389826 0 4.2 0 0.206467 -0.962383 0.176608
52.5268 61.1007 25.543 0.256149 0 -0.4 0 -0.969588 -0.118535 -0.214123
21.6917 53.3042 33.3133 -0.881488 0 -3.5 0 -0.0580703 0.392867 -0.91776
25.2201 49.0611 23.004 0.0174499 0 -4.5 0 -0.643996 -0.160759 0.747948
67.2533 46.3695 18.898 0.770612 0 2.87307 0 -0.684228 -0.55237 -0.476152
49.1389 61.3801 50.6608 0.231819 0 -1.6 0 0.904526 0.39832 0.15223
24.1805 23.0724 47.7926 1.81589 0 -3.9 0 -0.472242 -0.877381 -0.0847947
58.7601 50.4661 46.3434 -0.180938 -0.086593 -3.5 0 0.326132 0.0953725 0.940501
52.8026 25.0194 27.7031 -0.200268 0 -2.47091 0 0.735706 -0.222961 -0.63955
22.315 29.4296 38.0643 -0.955046 -0.781021 -0.4 0 -0.263981 -0.507707 -0.82009
23.1607 60.7965 44.7446 -0.155802 0 -0.7 0 -0.68667 0.694261 0.215606
39.5578 49.9347 42.9005 7.71867 0.595155 -3.9 0 0.159337 -0.597305 0.786027
38.3349 58.8611 33.0545 0.290447 0 -3.2 0 -0.13756 0.987093 -0.0819988
80.541 51.9195 35.5863 -0.148126 0.630465 -4.5 0 0.567723 0.449523 0.689652
34.6965 40.6808 21.501 -1.04323 -0.857033 -3.5 0 -0.651984 -0.358185 0.668296
20.1723 52.4041 33.4202 -0.604375 -0.0966771 -3.5 0 -0.496682 0.389782 -0.775485
30.0771 43.2474 53.5454 0.603282 0 -3.5 0 -0.0566951 -0.271026 0.960901
32.7941 31.6364 24.7316 -0.0717754 0 -3.2 0 -0.229016 -0.493109 -0.839283
31.8675 57.7588 46.1735 0.687469 0 -3.9 0 0.770828 -0.636803 -0.0174932
71.5902 33.3195 39.712 0.927779 0.764891 -4.5 0 0.908165 -0.411533 -0.0766639
30.7985 33.6912 29.1781 -0.946022 -0.377773 -3.36327 0 -0.857202 -0.509064 0.0778304
48.3047 14.1692 37.3855 0.167841 0 -0.4 0 0.23051 -0.967587 -0.103157
52.5042 61.987 28.5825 -1.29535 -0.0657436 3.8 0 -0.832978 0.351719 0.427132
54.459 26.322 50.7505 -0.314128 -0.174272 -3.5 0 0.243491 -0.680951 0.690665
64.1319 61.0734 43.513 -0.158812 0.811803 -4.5 0 0.878881 0.0770339 0.470781
64.0697 65.3163 36.7848 0.764051 0 -0.8 0 0.694382 0.659876 0.28705
39.1934 52.0199 55.2986 0.926137 0.0660097 -0.4 0 -0.795286 -0.591496 0.132864
66.702 33.435 40.1828 0.667633 0.0832905 -4.5 0 -0.879603 -0.475708 0.000615608
30.448 54.8095 48.814 0.594901 0 -0.146821 0 -0.174865 0.983751 -0.0406854
56.042 26.6612 22.2862 -0.356746 -0.0101054 -3.5 0 -0.285243 -0.893362 -0.34719
24.6133 20.7048 46.0283 0.284448 0 -4.5 0 -0.636 0.329374 0.697866
69.5378 43.6668 39.0583 -0.430161 0 -3.2 0 0.486516 -0.653151 -0.580255
23.6565 40.2875 24.6521 0.382155 0 -3.2 0 -0.496073 0.719104 -0.486623
52.1147 47.3955 32.3262 2.45313 -0.607885 -0.7 0 0.90049 -0.0821107 0.427054
63.2346 48.2957 45.9564 0.00594772 0 -1.6 0 -0.156271 -0.147716 0.976606
43.3659 30.3221 18.6266 -1.53519 -0.324868 -3.5 0 0.131875 -0.549799 -0.824821
61.9204 50.3234 18.3477 0.204259 0 1.8 0 -0.470475 -0.0452008 -0.881255
49.1155 41.1987 60.3904 -0.0524083 0 0.664403 0 0.474765 -0.397292 -0.785339
79.3767 43.5475 24.4245 -0.245871 0 3.8 0 0.601452 -0.612554 -0.512868
67.4834 56.6164 33.463 -1.4151 -0.210439 1.72158 0 0.316151 0.940216 -0.126659
17.9655 33.739 41.116 -0.0760995 0 3.8 0 -0.570312 -0.108548 -0.814224
47.6068 52.8815 27.1585 -0.590452 -0.921737 -0.8 0 -0.465175 0.878989 -0.104833
44.2993 37.9552 20.3065 0.204885 0 3.8 0 0.498575 0.0926674 -0.861879
38.21 14.6115 50.8042 0.0400226 -0.375434 -3.78231 0 -0.45617 -0.524748 0.718713
36.0075 26.6874 42.305 -0.0825293 -0.455243 0.301004 0 -0.648611 -0.737262 -0.189071
31.8385 56.6659 24.2264 1.00468 0.241246 -3.2 0 0.54034 0.830208 -0.137067
46.6665 59.2585 33.7205 1.4615 0.2256 -4.5 0 -0.861172 -0.339198 -0.378586
46.2876 60.6889 32.9494 1.0888 0.0136352 -4.5 0 -0.874719 -0.0443544 -0.482596
79.641 43.582 25.8115 -0.352383 0 3.8 0 0.817999 -0.575141 -0.00946782
15.3229 49.9611 42.4992 -1.834 -0.756159 -3.5 0 -0.772238 -0.558902 0.30212
24.3617 30.8557 34.7485 -1.38242 -0.910307 -3.5 0 -0.740974 -0.482984 -0.466566
25.2798 24.1698 45.1592 0.213145 0 -3.9 0 -0.404947 -0.362975 -0.839206
26.3195 51.6016 23.3946 -2.06008 -0.632843 -3.5 0 -0.843746 0.534481 -0.0492232
34.7793 45.4709 18.3 0.912505 0.179243 -4.04975 0 0.0336794 0.113767 -0.992936
15.9489 52.0376 43.3527 -1.28677 -0.00460987 -3.5 0 -0.684792 0.22853 0.691978
32.349 58.441 47.463 0.92963 0 -3.9 0 0.588789 -0.793712 0.152804
35.1819 22.595 52.5672 0.190551 0 -2.28856 0 0.232047 -0.258371 0.937763
29.7628 30.5522 58.4067 -0.532045 0 -0.8 0 -0.0673639 -0.883523 -0.463518
29.7461 56.4871 31.6446 0.522335 0.205158 -1.29257 0 -0.816206 0.529316 -0.231588
23.3815 44.8545 26.3472 -0.352251 -0.425612 -4.19441 0 -0.68301 0.354318 -0.638714
45.6021 58.826 37.7665 1.26891 0 -4.5 0 -0.93324 -0.328594 -0.145223
65.3613 63.3237 32.5607 -1.77024 -0.604286 -3.5 0 0.680517 0.521968 0.514243
56.088 36.1025 49.818 3.41131 0 -3.9 0 0.392456 -0.476843 -0.78651
21.6395 31.5176 19.1357 1.06131 0 -4.5 0 0.346531 -0.194934 -0.91756
30.1475 28.782 33.4767 -0.0297226 0 3.8 0 -0.916998 -0.387408 0.0950241
68.314 39.621 39.8285 -0.28557 0 -4.5 0 0.893026 0.4055 -0.195126
43.8392 29.4198 24.9325 -0.433817 -0.405298 -3.98415 0 0.308032 -0.914616 -0.261904
28.0931 48.3143 23.57 0.293832 0 -4.5 0 -0.653323 -0.65395 0.381469
70.6844 47.4082 38.8402 -0.0186085 0 -3.2 0 0.608146 0.46712 -0.641839
18.7361 36.7506 25.2878 -0.285722 0.284852 1.33445 0 -0.929915 0.133915 -0.342526
28.8113 49.2634 52.6651 1.41294 0 -0.4 0 0.197619 -0.313862 0.928675
72.5435 39.786 15.9705 -0.0123376 0 -3.5 0 -0.755106 0.327563 -0.567906
44.5756 39.0052 42.935 5.31359 0 4.2 0 0.230763 0.703474 0.672215
42.2409 54.3474 33.9736 0.971171 0 -3.2 0 0.917806 0.0436867 0.394619
42.5655 44.5861 20.1915 0.399551 0 -3.9 0 0.0505183 0.968336 -0.244485
20.1061 39.0855 15.2937 0.495372 0 -4.5 0 -0.0148629 0.489757 -0.871732
51.5724 37.6143 46.3049 2.98524 0 -0.8 0 -0.0503909 0.660004 0.749571
36.007 43.4455 25.9795 -0.202347 0 3.8 0 -0.268851 -0.219955 -0.937731
50.004 59.622 44.1465 -0.775341 -0.19747 -3.5 0 -0.590818 0.374995 0.714362
56.584 29.1406 21.2086 0.16841 0 -3.5 0 0.525812 0.385475 -0.758242
26.5847 58.6544 41.8299 0.510658 -0.65864 -1.17619 0 0.148927 0.630584 -0.761698
82.0007 51.27 34.8618 -1.88319 -0.682929 -3.5 0 0.743517 0.583479 0.326702
26.539 40.0275 52.908 -0.105829 0 -3.5 0 0.231365 0.0842733 0.96921
30.4281 27.2275 55.4123 -0.313125 0 1.03443 0 0.11171 -0.429818 0.895979
50.3835 59.4613 34.0865 0.917516 0.67222 -4.5 0 0.423115 0.657949 0.622959
48.7088 24.9755 50.0161 -0.312159 0 -3.5 0 -0.0894479 -0.922337 0.375891
26.7055 53.4991 50.0929 -0.631968 -0.303629 1.8 0 -0.515391 0.848008 -0.123507
47.9265 32.8408 23.5942 0.271521 0 -4.5 0 0.701441 0.69966 -0.135858
58.2919 66.816 37.8055 -0.167649 0 -4.06174 0 0.278754 0.919755 -0.276311
38.1287 13.079 44.6953 0.517352 0 -4.5 0 -0.178301 -0.933579 -0.310867
34.5211 55.2656 48.7146 -0.377599 -0.325207 -3.5 0 -0.548507 0.835788 -0.0244755
49.3075 51.0025 63.678 0.450233 0.594855 -3.76 0 -0.497586 0.371483 0.783842
33.5635 33.0355 58.3512 2.91043 0 -3.9 0 0.247328 0.00455993 0.968921
43.4655 16.2673 48.1919 0.267801 0 -2.62079 0 0.413582 -0.654276 -0.633145
38.2896 13.0579 48.9092 -0.0456549 -0.500004 -4.5 0 -0.69754 -0.716019 0.0274636
32.895 21.922 41.6484 -1.30138 -0.223047 -0.4 0 0.66913 -0.0275899 -0.742633
19.7334 28.5316 47.0166 0.272902 0 -3.5 0 -0.325709 -0.798279 0.506621
57.1198 49.732 49.7125 0.550166 0 -1.6 0 0.395373 0.679074 -0.618497
27.5998 17.8951 44.6665 0.742201 0.56267 -4.5 0 0.786219 -0.616403 -0.0436758
16.587 30.8913 48.9767 -1.67858 -0.326382 -3.5 0 -0.360897 -0.658256 0.660645
45.3659 23.6574 27.0201 -1.11698 -0.461385 -3.5 0 0.394621 0.602608 -0.693641
31.581 61.1425 38.6125 0.0971029 0 -3.5 0 -0.404235 0.906195 0.124117
44.5592 48.3703 47.045 5.18263 0.446064 -3.5 0 0.434841 -0.446126 -0.782231
16.32 39.2707 54.5035 0.230667 0 1.8 0 -0.394685 -0.489742 0.777417
15.4916 39.6063 53.5392 0.287222 0 1.8 0 -0.876407 -0.31204 0.3668
42.0793 15.0564 35.5373 -1.58651 -0.903059 -3.5 0 -0.53418 -0.420541 -0.733346
38.704 29.1115 18.948 -0.303508 0 -3.5 0 0.669122 -0.555769 -0.493352
40.7067 16.7405 38.544 -0.231643 0 -3.5 0 -0.897796 -0.434925 0.0693073
61.6613 63.6813 39.5721 4.035 0 -2.49883 0 0.930072 -0.00856487 0.367278
42.4967 54.2715 39.895 1.75511 0.55203 -3.5 0 0.757691 0.480593 -0.441515
57.2246 47.0645 24.6409 0.457306 0 3.8 0 0.349037 -0.661247 -0.664022
14.9144 45.7574 46.2064 1.00414 0 -4.5 0 0.012633 0.978022 -0.20812
54.8083 35.9132 53.9767 0.474652 0 -3.9 0 0.538735 -0.599706 0.591707
67.169 57.6942 36.2205 -1.6279 0 -3.5 0 0.540339 0.808386 0.23355
80.5645 48.362 35.9533 -1.70332 -0.0419211 -3.5 0 -0.00415888 -0.243902 0.969791
25.5976 56.8787 32.6841 1.26367 0 -3.9 0 0.422968 -0.361612 -0.830864
17.717 54.923 43.1524 0.166425 0 1.20176 0 -0.694645 0.499856 -0.517312
58.7735 66.1677 30.4032 0.624655 0 -4.2 0 -0.390696 0.734833 -0.554415
60.9396 33.2323 27.3206 0.418626 0 -4.5 0 0.784592 -0.0197647 0.619697
22.2145 38.4865 16.379 1.25826 0.757344 -4.5 0 0.955881 -0.0889226 -0.279973
18.2987 30.086 53.1758 3.27434 0.0379881 -3.76529 0 -0.585032 -0.803045 0.113381
32.039 20.4305 45.9992 0.126715 0 -3.3383 0 0.47645 -0.837783 0.266673
61.0886 56.319 46.4902 0.00852097 0 -0.4 0 0.0610074 0.431617 0.899992
42.6695 48.3375 58.6055 0.693928 0 -4.5 0 -0.610712 0.726235 0.315617
63.0503 34.7183 37.4976 -0.687653 0 -3.5 0 0.916431 -0.399358 -0.0258438
72.0319 47.8756 30.2374 -0.377187 0 3.8 0 0.0137278 -0.437694 0.899019
76.9875 54.2882 29.8705 -0.870866 0 -3.5 0 0.0627503 0.850708 0.521879
46.1405 57.7285 56.559 -1.2477 -0.0463556 -3.5 0 -0.363021 0.47318 0.802694
46.338 58.604 46.301 1.35021 0.574555 -3.97202 0 0.890404 -0.13228 -0.435526
54.9459 43.2279 63.7407 0.293741 0 -3.5 0 0.0604747 -0.541491 0.838529
22.7151 46.0363 53.5256 -0.67846 0 -1.1776 0 -0.781 0.173265 0.600015
58.161 66.7826 32.4381 0.566441 0 -4.5 0 -0.639087 0.765781 -0.0717407
18.7414 37.6123 16.001 0.88908 0.460992 -4.5 0 -0.564555 -0.720825 -0.402106
22.377 18.9235 45.3979 0.868638 0.785993 -4.5 0 -0.970055 -0.219649 0.103676
53.4217 18.0977 46.2035 0.100053 0 -3.5 0 0.618264 -0.228789 0.751934
39.2598 54.6668 53.2038 0.832285 0 -0.7 0 -0.881848 0.315065 -0.350826
55.4963 16.0175 38.0773 0.157205 0 -3.9 0 0.642946 -0.755616 -0.125163
68.5703 50.1264 17.8484 0.104897 0 1.8 0 0.0289439 0.590439 -0.806563
81.4857 51.7685 33.315 -0.915784 -0.080612 -4.21724 0 0.91778 0.364422 0.157725
36.7453 46.0656 47.1685 5.55327 -0.0722869 -1.28303 0 0.493678 0.647797 -0.580208
51.1758 23.1973 45.7798 0.116121 0.182265 2.09874 0 -0.167212 0.362542 0.916844
77.349 38.298 20.129 3.9226 0 1.8 0 -0.0827292 -0.818763 0.568141
19.3325 29.4018 22.8035 0.705945 0.335376 -4.5 0 0.160812 -0.944348 0.28696
54.3825 66.1387 39.4933 -1.46134 -0.0157271 3.8 0 -0.67282 0.703077 0.23021
68.2015 53.1903 18.0335 1.13488 0.173281 -4.5 0 -0.491611 -0.303038 -0.816386
56.068 44.9552 31.4836 2.30808 0 -0.492251 0 0.0490636 0.998495 0.0244979
23.3101 51.0451 32.0902 -0.0758429 0 -3.5 0 -0.47572 0.710687 -0.51828
55.639 47.6847 38.2173 2.68599 0 1.9 0 -0.597427 0.266268 -0.756427
55.8711 51.6034 22.3849 0.168166 0 1.9151 0 -0.679345 -0.114421 -0.724844
55.9487 17.977 31.7362 1.78872 0.570219 -3.9 0 0.652223 -0.185776 -0.734909
47.2884 16.345 48.8988 0.993939 0.956524 -4.5 0 0.776725 -0.628357 -0.043204
33.9754 24.8668 53.5325 -0.00657181 0 0.483327 0 0.29976 -0.370558 0.879108
44.793 51.787 33.9779 0.533539 0 4.2 0 -0.900671 0.362846 0.23903
85.2432 51.9517 26.6514 -1.33886 0 -3.5 0 0.91239 0.166833 -0.37378
80.7462 45.38 34.5895 -0.54836 0 0.501422 0 0.439114 -0.33075 0.835334
43.7486 29.823 21.9802 -0.876686 -0.874379 -3.5 0 0.426231 -0.904069 -0.0314136
19.1103 29.3331 50.0529 -0.521994 -0.854446 -0.8 0 -0.700146 -0.665668 -0.258228
33.1973 23.7003 30.047 0.604928 0.787726 -4.5 0 -0.768448 -0.39382 0.504375
16.568 37.083 39.2853 -0.559503 0 -0.7 0 -0.260988 -0.833907 -0.486297
64.3654 44.8877 20.1833 0.253835 0 3.8 0 -0.00793247 -0.342139 -0.939616
23.0047 35.8216 60.0817 0.0539098 0 -3.5 0 -0.576797 0.783705 0.230461
40.484 22.376 26.4645 -1.45171 -0.25045 -3.5 0 -0.67534 -0.707578 -0.207963
45.023 17.6432 34.9005 -0.386306 0 -1.93248 0 -0.467388 -0.0976976 -0.878637
22.437 52.9258 44.2957 0.333149 0 1.24566 0 -0.0431878 -0.120858 0.99173
39.0915 41.7113 46.1549 5.7235 0 -3.5 0 0.904616 0.166982 -0.392156
16.0966 41.311 41.1926 0.45318 0 -2.81689 0 -0.962866 0.186602 0.195113
50.7513 52.2249 45.1382 3.76807 0 -1.6 0 -0.0455772 -0.970861 -0.235269
21.4269 53.2293 44.7504 0.495806 0 0.573867 0 0.547057 -0.253645 0.797742
15.615 28.5905 46.2747 -0.073353 0 -3.5 0 -0.598889 -0.78743 0.145899
74.4335 37.4341 13.9451 -0.242776 0 -3.5 0 -0.315287 -0.350476 -0.881907
49.1559 39.9776 43.5677 5.47701 0.933746 1.8 0 -0.462989 -0.398734 0.791614
59.2244 49.3934 46.6393 -1.49943 -0.199774 -3.5 0 0.615034 0.275791 0.738697
28.2728 28.884 38.0382 -1.21836 -0.540931 -3.5 0 -0.366144 -0.878136 -0.307921
52.735 63.0597 27.6217 -0.0247473 0 -0.4 0 -0.620926 0.56239 0.546048
18.9791 41.5349 27.256 -0.0174872 0 3.65211 0 -0.633253 0.773888 -0.00937894
52.7325 57.8158 23.3288 -0.0298068 -0.0803893 0.723815 0 -0.624686 0.0097919 -0.780815
34.2905 29.7355 18.8725 -1.22604 0 -3.5 0 -0.911723 0.0105415 -0.410671
71.2489 50.221 32.8708 -0.314363 0 3.8 0 0.596819 0.0163551 0.802209
40.3519 23.5579 28.8154 -0.493152 0 -3.56886 0 -0.324652 -0.920923 0.215641
57.4895 50.1335 53.8475 -0.829183 -0.66773 -3.44737 0 0.115772 0.95208 0.283092
35.0488 27.7232 20.1628 -1.41695 -0.557746 -3.5 0 -0.501304 -0.612959 0.610718
37.0755 18.0174 47.5091 0.608319 0 -3.2 0 -0.96279 -0.239555 -0.125096
32.711 60.573 49.9173 3.49042 0 -3.9 0 0.327944 -0.155735 0.931772
54.2805 47.2443 39.8736 2.92482 0 0.572075 0 -0.479406 0.714397 -0.509713
57.5116 43.0008 52.195 -0.0448272 -0.150007 -2.98926 0 0.950831 -0.269325 0.152922
23.75 43.6281 53.8491 -1.43622 -0.819571 -0.8 0 -0.239455 -0.259499 0.935586
21.6467 31.515 27.6355 0.357405 0.619818 -4.5 0 0.537721 -0.840146 0.0707835
52.253 52.3215 45.1065 4.08036 0.108006 -3.05 0 -0.315067 -0.851971 -0.418185
72.144 39.2279 28.7302 0.00194354 0 -0.7 0 0.180259 -0.161615 0.970251
62.9011 61.3688 41.0561 -0.0977961 0 -1.5925 0 0.527844 0.455455 -0.716897
30.6459 46.2374 19.6626 -0.231459 -0.00330691 -3.58114 0 -0.423165 0.321298 -0.847171
41.1815 47.1566 22.8032 0.626161 0 -4.5 0 0.537589 0.837601 -0.0970731
49.5588 12.3142 40.3605 -0.714462 -0.618881 -0.4 0 -0.0028247 -0.998883 -0.0471704
26.2819 34.056 17.7551 0.0957966 0 4.2 0 0.179748 0.00702999 -0.983688
71.922 51.0189 31.87 -0.276489 0 3.8 0 0.678084 -0.128177 0.723722
28.1963 35.548 21.5075 -0.596966 -0.655745 4.2 0 0.971094 -0.140589 -0.192904
42.003 47.6045 46.183 5.73529 0.0458495 -3.5 0 -0.19982 -0.505316 -0.839481
77.4887 50.7651 22.3277 -2.13906 -0.678652 -3.5 0 -0.37415 -0.23157 -0.89799
21.6418 33.3131 60.4743 -0.786519 0 -3.5 0 -0.933555 0.0581051 0.353693
42.3425 16.375 46.7155 -0.0968877 -0.606278 1.8 0 0.359956 -0.894992 -0.26348
51.572 40.1888 61.3866 -0.251535 0 -0.4 0 0.339066 -0.722663 -0.602322
30.6721 41.4216 23.1921 -0.433736 0.249559 1.49073 0 0.487855 -0.855515 -0.173468
35.6414 38.6398 22.783 -0.229522 0 -3.09786 0 -0.96334 0.0549291 0.262601
35.5124 24.9084 37.7505 0.704768 0.732807 -0.8 0 -0.348871 -0.933648 0.0811765
50.7933 32.5365 54.7016 0.57606 0.87568 -4.5 0 0.137801 -0.0351665 0.989835
58.7911 47.226 33.2188 2.33894 0 3.73251 0 -0.939494 0.186872 0.287105
39.3569 40.8307 57.8804 -0.208163 0 -2.18882 0 -0.301863 -0.676353 0.671882
27.8415 28.909 40.443 -0.553415 -0.426188 4.42727 0 -0.291747 -0.766349 -0.572357
50.5544 35.9644 28.0636 0.715422 0 -0.4 0 0.130771 -0.425157 -0.895623
50.0493 49.9372 22.6763 0.226274 0 3.8 0 -0.308198 -0.0391977 -0.950514
58.0175 26.8372 24.2611 -0.964427 -0.63637 -3.5 0 0.845928 -0.303172 0.43874
41.668 24.07 24.0295 0.638308 0.661139 -3.9 0 0.389722 -0.863054 -0.321333
62.7804 39.4729 42.0396 0.185776 0 1.8 0 0.114732 -0.968919 0.219164
38.0272 55.6862 55.9263 0.415742 0 -0.7 0 -0.696165 0.717342 0.027838
34.026 54.8566 22.8135 0.635944 0 -3.2 0 0.748052 0.62769 -0.215461
32.982 41.1465 57.6955 -1.05558 -0.162602 -3.5 0 -0.558366 0.776087 0.293114
35.3898 21.5284 28.2509 0.884286 0 -4.5 0 -0.021614 -0.997222 -0.0712858
44.2671 44.502 47.1608 4.95026 0 -0.8 0 -0.405116 0.16325 -0.899572
28.3231 18.8079 45.2352 0.301406 0.0637636 -3.77784 0 0.521616 -0.8529 0.0218484
50.3861 46.082 35.2516 2.31927 0 3.1712 0 0.897421 0.441144 0.00519545
25.4155 52.7274 32.7882 0.0577028 0 3.8 0 -0.475572 0.69992 -0.532863
36.0946 14.9691 47.196 0.227862 0 -4.5 0 -0.961575 -0.180899 0.206517
61.5107 34.1895 25.958 0.432721 0 -4.5 0 0.935494 0.305241 0.177988
44.3175 50.4217 25.9565 -1.25596 -0.42059 -3.5 0 -0.196188 0.364431 -0.91033
26.0179 50.9161 26.0895 -1.04906 0 -3.5 0 -0.940773 -0.0488637 -0.335498
26.8134 19.4041 42.0103 0.894299 0 -4.5 0 -0.107551 -0.565177 -0.817929
41.4485 17.4697 52.6459 -0.738999 -0.390804 -3.5 0 -0.24931 0.0804267 0.965078
38.3997 60.898 49.986 0.665232 0 -1.6 0 -0.256268 -0.186217 0.948499
42.2495 24.8988 24.2665 0.69825 0.331939 -3.9 0 0.983245 -0.0966135 -0.154579
45.9069 14.6255 37.9847 0.395277 0.919289 -0.4 0 -0.202079 -0.942359 0.266691
17.3179 56.166 47.9027 0.0478056 0 4.2 0 -0.379192 -0.0598976 0.923377
23.2838 34.9663 20.0426 1.49777 0 1.67011 0 -0.407499 0.211133 -0.888463
57.0376 67.2505 36.9604 -0.674149 0 -4.5 0 -0.179998 0.965746 0.186912
43.1963 22.0103 26.332 -1.93947 -0.235313 -3.5 0 0.119854 -0.902315 -0.414081
62.0805 69.6862 29.9824 0.855826 0.810409 -4.5 0 0.269721 0.956595 -0.110345
82.215 43.6641 28.3236 -0.0885662 -0.13104 0.256431 0 -0.144126 -0.53511 -0.832397
44.2713 45.5392 18.3035 3.02371 0.162996 -3.9 0 0.238317 0.889306 0.390307
41.6025 21.9889 26.1772 -2.06258 -0.481899 -3.5 0 -0.135564 -0.811173 -0.568877
40.106 12.898 51.4793 -0.0457695 0 -4.5 0 -0.546084 -0.612408 0.571619
49.6914 56.3486 47.6092 -0.0101495 -0.0027429 4.2 0 0.112647 0.991722 -0.0616356
39.2245 42.9959 17.1361 0.84796 0 -3.9 0 -0.103168 0.578791 -0.808923
54.8451 26.5339 29.9551 -0.734437 -0.0671798 -3.5 0 0.713376 -0.657921 -0.241319
56.1447 43.3512 63.7535 0.12779 0 -3.5 0 0.337814 -0.629611 0.699622
63.4614 67.5249 30.4645 -0.369508 0 -4.5 0 0.877513 0.28596 0.384966
69.4833 66.0447 29.1147 -0.303189 0 -3.5 0 0.603188 0.75655 -0.252579
77.2122 60.9497 26.9726 -1.95792 -0.0938133 -3.5 0 0.700153 0.698936 0.145854
34.9545 45.6755 41.7687 5.768 -0.614732 -1.66318 0 0.988028 -0.119725 0.0972995
50.2205 42.387 23.9422 0.437767 0 -3.9 0 -0.54719 0.525186 -0.651739
72.4658 42.3008 17.201 -0.39974 0 -0.564768 0 -0.366629 0.0512396 -0.928955
56.3885 25.9893 23.169 -0.847029 -0.157432 -3.5 0 -0.187268 -0.96499 -0.183642
17.4996 35.9512 34.9836 -0.943424 0 0.689588 0 -0.669042 -0.365497 0.647143
45.7401 46.7386 47.7666 5.18362 -0.963931 -0.8 0 -0.233393 0.152943 -0.960279
68.3893 50.3635 36.7233 -0.305263 0 3.8 0 0.869149 -0.171215 0.463967
68.019 46.796 33.2798 -0.520801 0 2.8 0 0.883075 -0.317161 -0.345813
21.8794 57.8296 33.7291 1.41478 0.046362 -3.9 0 -0.969388 0.032411 0.243385
64.9966 48.7952 44.8652 0.0709932 0 -1.6 0 0.841881 0.2973 0.450388
77.7373 54.7262 24.7534 -1.09464 -0.228294 -3.5 0 0.345437 0.845205 -0.407802
23.091 31.235 21.8585 0.39953 0 -4.5 0 0.599513 -0.799591 -0.0351867
52.472 16.5788 45.9473 0.0218877 0 -3.5 0 0.120337 -0.68668 0.71693
63.1605 56.433 44.674 -0.0405711 0 -0.4 0 0.982809 0.0129009 0.184174
58.637 29.7488 27.8433 -0.592038 -0.83603 -4.5 0 0.477332 -0.877963 0.0365513
37.4531 61.831 45.7149 0.020314 -0.81169 -0.697269 0 -0.231118 0.955561 -0.182994
18.862 47.4745 50.638 -1.49669 -0.341347 -3.5 0 -0.81676 0.549111 -0.177144
47.3651 52.5863 43.6111 3.63782 0 4.2 0 0.285857 -0.761339 -0.581935
32.5809 26.0471 32.3317 0.61303 0.556589 1.35037 0 -0.581034 -0.813448 0.0265032
40.195 56.2588 58.1678 0.636225 0.0189235 -0.7 0 -0.0202716 0.850072 0.526276
59.2716 50.117 56.8859 -1.79825 0 -3.5 0 0.148213 0.541166 0.827751
36.9775 50.3681 17.9632 0.370292 0 1.8 0 -0.00356343 0.431083 -0.902305
48.1693 20.2717 23.9888 -1.87483 -0.868402 -3.5 0 0.0336594 0.0466715 -0.998343
46.3275 62.6772 40.1185 0.113774 0 -4.5 0 0.0751755 0.945803 -0.315918
22.463 24.674 49.0563 1.79326 0.103238 -3.9 0 -0.963658 -0.178707 0.198564
24.0905 38.7057 19.55 0.640293 0 -3.2 0 -0.115546 -0.178825 -0.977072
18.45 30.097 24.3013 0.37513 0.148839 -4.5 0 -0.0421749 -0.673166 0.738288
47.0965 27.2406 50.7359 -0.461738 0 -3.5 0 -0.157005 -0.42844 0.889825
59.0491 64.3189 20.7935 0.23004 0 -3.5 0 0.154798 0.623742 -0.766148
57.5262 16.5567 42.8571 -0.169408 0 -3.5 0 0.772812 -0.634367 -0.0184404
79.3605 47.2626 22.7407 -0.44639 0 3.8 0 0.471942 0.270739 -0.83903
46.3368 19.7305 49.7197 -0.0467393 0 -4.5 0 0.631611 0.243254 0.736135
75.8114 47.8327 23.554 -0.584598 0 4.46785 0 0.13868 0.166901 -0.976172
23.3377 18.3617 46.1735 0.58825 0.240532 -4.5 0 -0.643018 -0.190673 0.741736
44.552 14.919 35.3732 -1.77109 -0.51833 -3.5 0 -0.0976644 -0.633082 -0.767899
52.4092 60.6875 44.662 -0.393828 0 -3.5 0 -0.184757 0.911417 0.367675
63.9065 64.4688 31.7995 -1.64523 -0.534823 -3.5 0 0.480489 0.766915 0.425408
26.5301 57.4561 39.4246 0.320094 0 -3.5 0 -0.542712 0.838005 -0.0566629
28.592 60.5196 33.7858 0.518131 0 -1.6 0 -0.528449 0.73895 -0.417965
39.2842 11.7826 49.457 -1.27954 -0.519155 -4.5 0 -0.484072 -0.875022 -0.00332909
74.7295 39.6077 14.0002 -0.218405 0 -3.5 0 -0.193294 0.475267 -0.858347
36.1193 52.972 24.4955 0.750838 0 -4.5 0 0.338214 0.898784 -0.278925
61.2829 53.0373 20.2407 -0.466067 0 1.0375 0 -0.559976 0.0304973 -0.827947
16.838 48.993 31.1882 -0.23702 0 -4.5 0 -0.439327 0.58737 -0.679697
21.6311 37.3823 16.8143 0.831426 0.0943171 -4.5 0 0.598157 -0.80058 -0.0357762
34.4875 30.9813 21.1445 -1.39259 -0.614799 -3.5 0 -0.76469 0.579627 0.28157
64.4396 64.4615 35.8164 -0.0515072 0 -0.8 0 0.946392 0.317563 -0.0591349
57.6165 45.7837 36.0713 2.33368 0 -1.34895 0 -0.38036 0.848864 -0.367092
27.1187 20.6645 51.7337 0.729233 0.023381 -3.5 0 -0.221297 -0.512951 0.829403
36.4716 16.9629 44.8699 0.518532 0.649343 -4.5 0 -0.988236 0.0935063 -0.121018
15.132 43.4879 33.0444 -2.23287 -0.44528 -3.5 0 -0.972687 0.231954 0.00883929
45.3381 21.868 28.1531 -0.73357 0 -3.5 0 -0.68212 -0.723155 -0.108438
68.4989 45.5304 42.5516 -0.680893 0 -3.46898 0 0.633912 0.297897 0.713732
18.6024 56.4904 47.7901 0.0557901 0 4.2 0 0.231236 0.103096 0.96742
47.2323 58.5441 47.5718 1.96658 0 -3.26722 0 0.768661 -0.0833876 -0.634197
52.0039 57.7126 33.968 0.845481 0 -3.40442 0 0.192018 0.372125 0.908104
22.2761 24.5561 46.1889 0.384272 0 -3.9 0 -0.747465 -0.659537 -0.0794171
30.0858 60.8488 36.8047 -0.948909 -0.220044 -1.6 0 -0.374209 0.922011 -0.0993171
37.156 23.412 52.74 0.105827 0 -3.8319 0 -0.113555 -0.354383 0.92818
17.7297 45.9255 29.4985 0.817507 0 -4.5 0 -0.603931 -0.472954 -0.641547
21.7796 52.9096 37.8208 -1.22394 -0.446726 -3.5 0 -0.430999 0.901025 -0.0489397
56.226 22.8978 31.538 -1.87965 -0.861552 -3.5 0 0.718344 0.0638702 -0.69275
55.8116 48.4857 61.0019 -0.577351 -0.77848 -3.5 0 0.336438 0.574594 0.746091
64.7269 55.4675 41.3715 -0.448689 0 -0.287186 0 0.588947 0.485654 0.645973
20.7405 40.4035 23.6515 0.681191 0.86346 -4.5 0 -0.0137174 0.959543 -0.281227
27.0459 48.2523 53.6591 1.04149 0.286973 -0.612676 0 0.587003 0.0557006 0.807666
19.6895 29.3857 21.6273 1.17668 0.145811 -4.5 0 -0.0772103 -0.958238 -0.275353
34.284 55.0368 49.724 -0.247696 -0.028932 -3.5 0 -0.147337 0.834322 0.531224
43.5999 44.9641 16.4597 3.62868 0 -3.9 0 -0.286288 0.651501 -0.702556
19.7376 47.0659 52.366 -1.45166 0 -3.5 0 -0.310446 0.569265 0.761289
46.1544 45.9063 24.0576 0.419955 0 -3.5 0 0.3425 0.890529 -0.299419
14.433 38.1162 36.8327 -0.315423 0 -3.5 0 -0.27181 -0.8967 0.349355
63.9655 36.5246 34.403 0.71531 0.0761808 -3.5 0 0.125569 -0.976854 -0.173175
44.2762 44.6245 62.5425 -0.410508 -0.646515 -4.5 0 -0.428563 0.10647 0.897217
22.4028 26.9303 49.4686 0.428083 0 -2.48835 0 -0.54218 -0.512627 0.665774
41.0825 50.2137 41.8133 6.39949 0 -3.9 0 0.529905 -0.510808 0.676961
31.6812 60.7801 32.2259 0.305172 0 -1.6 0 0.260332 0.787597 -0.558497
39.7803 56.0425 37.149 0.779411 0.140355 -3.38082 0 0.171479 0.938805 -0.29873
54.6961 54.1705 23.6156 -0.0425011 0 2.88819 0 -0.155398 0.0444399 -0.986852
40.6493 38.2245 17.738 0.2598 0 -3.9 0 0.985555 0.0776145 -0.150522
39.3035 24.7908 23.8 1.64137 0.0163199 -3.9 0 -0.728443 -0.627126 -0.275834
79.9745 45.5531 35.2241 -0.54258 0 4.5 0 0.420358 0.0122565 0.907275
36.9044 62.3662 37.8148 0.282541 0 -3.5 0 0.284422 -0.273708 -0.918797
43.7236 16.6833 46.7449 0.335116 0 1.8 0 0.350233 -0.93118 0.101191
48.5484 30.0628 53.9869 -2.05398 -0.404868 -3.5 0 0.221871 -0.969694 -0.102307
84.2623 44.065 33.3867 -1.32669 -0.0136032 -3.5 0 0.748601 -0.368884 0.550928
51.1497 48.8148 22.3148 -0.395343 -0.0136146 3.8 0 -0.359187 -0.154737 -0.920348
40.5324 22.9345 27.8564 -1.56521 -0.787266 -3.5 0 -0.662331 -0.726585 0.182733
41.4173 47.2146 59.379 -0.00260085 -0.0180076 1.13062 0 -0.303622 0.664469 0.682858
35.0511 19.3662 44.3716 0.421526 0 -1.3 0 -0.545212 -0.766876 -0.338592
37.8187 42.233 16.5282 1.17621 0 -3.9 0 0.471986 0.498952 -0.726826
25.748 17.545 43.568 0.34317 0 -4.5 0 -0.0278956 -0.642165 -0.766059
17.4025 33.397 25.198 0.52007 0.399849 -4.5 0 -0.988636 -0.082249 0.125833
19.1262 32.9453 32.2101 -1.7347 0 -3.5 0 -0.0161222 -0.977829 -0.208784
57.2163 62.3466 19.8628 -0.0866094 0 -3.5 0 0.150133 -0.215179 -0.964965
56.1012 58.0392 20.1963 0.0910894 0 1.8 0 -0.168529 -0.19737 -0.965734
53.4222 49.8395 34.1874 2.43383 0 1.8 0 0.850878 -0.515048 0.103592
21.2353 47.5988 47.591 0.0826887 0 3.8 0 -0.966155 0.254075 -0.0446138
54.3223 44.7306 36.4865 2.52803 0 -1.6 0 -0.374014 0.923762 -0.0823289
14.4712 46.4997 38.2744 1.34071 0 -3.9 0 -0.973778 -0.0946567 -0.206871
45.1096 39.1278 56.9955 0.1379 0 -1.6 0 -0.0958548 -0.85359 0.51205
36.1429 57.1239 27.2106 0.483292 0 4.2 0 0.311735 0.639571 -0.702688
45.565 22.6642 48.8348 -0.345112 -0.647147 -3.5963 0 0.67024 0.237321 0.703177
23.5928 50.5204 47.2641 1.77333 0 -0.388141 0 -0.633963 0.0316101 0.772717
57.91 51.4818 20.9685 0.220118 0 1.8 0 -0.165706 -0.721034 -0.672794
63.3005 45.0515 44.699 -0.606868 -0.430476 1.8 0 0.0608857 -0.14749 0.987188
31.6912 54.679 50.7275 1.30526 0.297745 1.8 0 0.391426 0.837525 0.381231
58.0501 42.1898 25.3687 0.224435 0 -2.507 0 -0.0696671 0.293399 -0.953448
75.4697 51.9745 35.8134 0.423992 0.0191081 -4.5 0 -0.651657 0.177593 0.737431
26.7174 27.813 41.3269 -0.350911 0 4.2 0 -0.53073 -0.335247 -0.778419
26.5802 46.1457 26.1217 -0.591792 -0.00347655 4.2 0 -0.1904 0.352691 -0.916164
46.8884 33.7259 28.1586 0.425266 -0.0788021 0.372163 0 0.815904 0.377124 -0.438266
73.3682 53.0805 21.206 -1.69386 -0.00782843 -3.5 0 0.673258 -0.416343 -0.61105
27.4417 31.3062 59.6055 -0.383705 0 -3.5 0 -0.299544 -0.248883 0.921049
54.6247 50.3473 23.1261 0.229563 0 3.8 0 -0.215527 0.173298 -0.960997
47.801 30.4745 51.8705 -0.471893 0 -3.5 0 -0.452099 -0.807696 0.378463
28 53.4434 24.8384 -1.10512 -0.0301915 -3.36732 0 -0.790019 0.611921 -0.0377238
83.7954 49.422 34.1317 -0.572098 0 -3.5 0 0.804509 0.544305 0.237693
37.623 54.6924 55.1679 0.439317 0 -0.7 0 -0.978379 0.0441515 -0.202051
52.2119 40.978 54.7152 -0.0140306 0 -1.6 0 0.540709 -0.449606 0.710977
42.8387 12.8455 49.7215 0.121339 0 -4.5 0 0.466239 -0.708988 -0.529109
57.5998 17.855 45.7895 -1.40808 -0.414764 -3.5 0 0.454481 -0.715794 0.530175
28.3054 38.7984 61.7188 0.0581794 0 -0.7 0 -0.607855 0.509329 0.609176
13.7179 38.3201 39.6409 -0.127448 0 -0.7 0 -0.93095 0.0016434 -0.365143
65.9699 41.4538 32.7841 -1.56925 -0.157926 -3.5 0 0.931994 0.117659 -0.342846
39.1437 20.2475 39.1731 -0.755307 -0.779387 -0.482658 0 -0.867408 -0.428162 -0.253537
52.8597 42.635 59.5195 -0.406944 0 3.8 0 0.0907859 -0.88108 -0.464173
38.7725 59.1017 40.0725 -0.19132 -0.443269 -3.5 0 0.440117 0.422089 -0.792551
38.702 48.1691 55.8298 0.58809 0 4.2 0 0.0905469 0.906285 0.412855
33.5096 60.4461 34.2186 0.487469 0 -1.6 0 0.689866 0.687278 -0.227453
81.8159 52.5752 32.2255 -0.404122 0 -4.5 0 0.935918 0.172954 0.306831
78.9505 42.2805 19.5903 -0.217717 0 1.8 0 0.646498 0.677615 0.35054
32.9385 23.3241 28.1092 0.375425 0 -4.5 0 -0.70615 -0.66572 -0.241183
61.0245 47.6255 44.8 -0.0933627 0 -1.6 0 -0.438954 -0.538402 0.719335
15.7241 44.2471 34.2178 -1.22153 0 -3.5 0 -0.948594 0.191316 0.252126
28.4941 55.388 31.7323 0.551395 0.492084 -1.10274 0 -0.61567 0.688713 -0.382916
24.2208 55.7404 36.0174 -0.127688 0 -2.89357 0 -0.694359 -0.0546964 0.717547
80.1537 51.9545 23.672 -1.19441 0 -3.5 0 0.859821 -0.198895 -0.470264
32.8102 57.2993 43.1675 0.339775 0 -3.5 0 0.140848 0.731126 0.667546
42.161 50.9545 32.3185 0.38225 0.696109 -3.2 0 0.416561 0.406056 0.813385
51.583 47.4679 45.7519 3.06486 -0.358028 2.40608 0 0.475032 0.879933 0.00791666
58.66 19.2383 45.681 -2.0747 -0.0314057 -3.5 0 0.93123 -0.105637 0.348786
15.9327 50.3775 43.515 -1.18295 -0.0369393 -3.5 0 -0.693635 -0.156631 0.703091
66.9045 35.371 38.7185 1.00152 0 -4.5 0 -0.3149 -0.433055 -0.844571
25.7515 44.7035 55.1478 0.141722 0 -0.8 0 0.202299 -0.358778 0.911237
33.0444 60.3039 41.5834 0.703249 0 -3.5 0 -0.440417 0.598111 0.669549
67.4092 46.3171 32.0619 -0.445233 0 2.50349 0 0.913681 -0.394286 0.0986155
57.5554 47.6558 47.8358 0.138773 -0.0807049 -1.31241 0 0.857837 -0.439717 0.266016
36.0445 48.6113 41.7643 5.81059 0 1.42551 0 0.697948 -0.446425 0.559976
20.4555 53.635 41.9865 -0.140062 0.165638 -3.5 0 -0.11798 0.571564 -0.812032
40.0283 23.4032 26.2253 -0.765257 -0.101228 -3.5 0 -0.707096 -0.703176 -0.0745562
47.399 62.715 42.097 0.78363 0.393769 -4.5 0 0.583134 0.802978 0.123214
27.0995 52.9991 48.465 1.67454 0.0689458 -3.9 0 0.00886926 0.987523 0.157223
73.7414 57.114 28.8535 -0.63719 0 -2.40133 0 0.0477239 0.102743 0.993562
42.6525 22.3101 31.5609 -1.97069 0 -3.5 0 -0.223641 -0.930567 -0.289879
80.0824 55.0429 32.2605 0.0911274 0 -4.5 0 0.509044 0.845631 -0.160569
58.4805 29.4835 30.969 0.463753 0 2.8 0 0.973106 -0.0600451 -0.222396
43.1857 44.721 61.8645 0.520496 0.0954849 -4.5 0 -0.518885 0.0064839 0.854819
37.2551 61.8835 44.4437 -1.00964 -0.123233 -0.4 0 -0.0134309 0.997747 0.0657353
58.0493 26.7606 37.9751 0.17092 0 -4.13319 0 0.93486 -0.230768 0.269784
34.3709 22.2752 27.2318 0.777566 0 -4.5 0 -0.380449 -0.709984 -0.592606
39.6263 12.3145 48.2012 -0.426776 -0.373869 -4.5 0 -0.00256074 -0.875909 -0.482469
74.233 51.5558 24.1248 -1.05375 0 -2.62352 0 0.388276 -0.191274 -0.901475
19.7826 43.3825 46.5985 -0.402565 0 -3.5 0 -0.431894 0.885806 0.169751
63.331 54.1374 44.4776 -0.177757 0 -0.423954 0 0.876896 -0.104699 0.469139
54.5024 59.736 45.5546 -0.0636228 0 -3.5 0 0.648106 0.539631 0.537362
52.1468 50.233 62.712 0.384034 0 -4.5 0 0.66522 0.717026 -0.208221
25.6815 29.7348 36.906 -1.25858 -0.480781 -3.5 0 -0.254167 -0.96537 -0.0588228
26.4893 28.734 40.6227 -1.10569 -0.309721 4.48679 0 -0.246836 -0.910062 -0.332955
52.434 62.2821 37.0686 0.236878 0 3.8 0 -0.891183 0.0889124 0.444846
55.6958 21.1269 34.9 0.214363 0 -3.74197 0 0.882638 0.469519 -0.0224068
54.9863 15.144 41.2959 -0.180691 -0.529927 -3.71524 0 0.419293 -0.901322 -0.108685
63.2805 46.9814 45.5734 0.0124933 0 -1.6 0 0.0230017 -0.269219 0.962804
52.2466 35.1675 50.3986 1.7265 0 -4.2668 0 0.311867 0.544224 -0.778819
83.4423 47.252 26.8487 -0.358745 0 -3.5 0 0.448576 -0.147878 -0.881426
51.5561 30.7649 28.102 -0.312419 0 -3.5 0 0.0597629 0.732878 -0.67773
42.3886 48.1833 41.2596 5.01544 0 -0.4 0 -0.124667 0.369988 0.920634
31.6625 26.418 54.2697 -0.249276 0 3.8 0 0.0368691 -0.693699 0.719321
24.604 32.5411 23.7197 -0.195128 0 -4.5 0 0.402988 -0.904034 0.142561
63.757 60.8703 41.508 -0.142978 0 3.14768 0 0.82915 0.447258 -0.335368
47.7293 42.1295 65.7807 0.220292 0 1.8 0 -0.28486 0.735281 0.614993
41.6538 38.1707 46.4743 4.3353 0 4.2 0 -0.00970807 0.984906 0.172818
57.7765 57.2315 20.726 -0.090609 0 1.78442 0 -0.10619 -0.145579 -0.983631
52.4276 17.4188 35.11 0.443913 0 -3.9 0 -0.161562 -0.969176 -0.185998
34.334 43.3332 55.657 0.405218 0.357612 -4.05972 0 -0.851191 -0.152498 0.502214
53.4077 63.0145 23.474 -1.07665 -0.0302442 -2.56863 0 -0.784899 0.601264 -0.149718
80.7795 41.4136 28.944 -0.571689 0 -0.4 0 0.239421 -0.462988 -0.853417
31.089 29.788 58.2451 -0.727458 0 -2.96619 0 -0.582696 -0.802536 -0.128068
64.6831 38.8261 19.654 0.598434 0 -4.5 0 0.0323393 -0.694589 -0.71868
19.9211 53.6143 36.5224 -1.57157 0 -3.5 0 -0.312705 0.767435 0.559696
16.8685 40.5145 30.4261 -0.104166 0 -0.842983 0 -0.646195 0.758719 -0.0823289
31.8598 40.9325 53.8735 0.582183 0.174424 1.24622 0 0.0635902 0.750437 0.657875
84.2473 53.7134 25.8752 -1.96711 -0.460841 -3.5 0 0.326193 0.770595 -0.547522
77.1547 43.5537 19.8547 -0.222222 0 1.8 0 0.635915 0.721513 -0.273918
47.738 37.1581 54.3844 0.673745 -0.502934 -2.86423 0 0.272283 -0.672248 0.688436
68.2868 42.6321 36.0474 -0.258129 0 2.8 0 0.843208 -0.516387 -0.149485
18.0308 39.3983 20.1057 1.13947 0.745764 -4.5 0 -0.930056 0.157854 0.33178
48.1964 61.5905 39.1524 1.10877 0.53097 -4.5 0 0.702083 0.711783 0.0210844
48.7158 24.7157 48.6296 -0.0557456 0 -3.5 0 0.373854 -0.927467 0.00621407
31.7668 54.5158 21.1454 0.174375 0 -3.2 0 0.288336 0.468191 -0.83526
42.5348 53.1572 36.9702 1.08595 0 -3.25682 0 0.297081 0.611461 -0.733388
62.1535 44.564 44.4214 -0.893725 -0.239057 1.8 0 -0.413785 0.0418874 0.90941
66.4584 39.6491 27.6146 0.751978 0 -0.4 0 -0.154881 -0.892353 0.423933
76.0127 61.4837 26.4231 -2.17111 -0.796546 -3.5 0 -0.0231314 0.994648 -0.1007
60.9081 35.2368 28.6546 -1.17179 -0.0235174 1.8 0 0.881754 -0.277619 0.381363
54.807 60.2277 21.2083 -0.504746 -0.457989 -0.900586 0 -0.594708 -0.184753 -0.782425
53.9079 32.3215 25.4439 0.833903 0.167806 -4.5 0 -0.95851 0.22481 0.175271
66.6641 64.1298 19.5986 0.0262915 0 1.8 0 -0.188881 0.719566 -0.668243
33.6533 21.709 52.7643 0.198922 0 1.8 0 0.21241 -0.865916 0.452848
16.081 36.2163 40.2785 -0.269565 0 -0.7 0 -0.126317 -0.803351 -0.581954
78.9101 38.2456 19.3665 -0.539547 0 1.8 0 0.495063 -0.856884 0.143743
47.2334 13.8933 35.0959 -0.0554112 0 -0.4 0 -0.0753694 -0.933132 -0.351547
26.5505 57.413 47.804 -0.952034 -0.023702 -3.9 0 -0.134842 0.0462011 0.989789
42.1989 29.1213 58.7539 0.695042 0.896284 -3.5 0 0.232426 0.308626 0.922349
70.5038 60.014 22.4081 -0.0170489 0 1.8 0 0.0702098 -0.0529856 -0.996124
60.7801 65.5325 26.4188 0.277593 -0.724497 -0.0995108 0 -0.699533 0.371045 0.61072
32.6497 30.8346 61.3025 0.374963 -0.265331 -0.8 0 0.929418 -0.26882 0.252822
26.702 29.0244 37.7601 -0.422467 0 -3.5 0 -0.179934 -0.976054 -0.122242
44.764 19.2715 34.404 0.0473658 0 -0.4 0 -0.540065 -0.0962157 -0.836105
25.343 21.3685 42.0245 0.52095 0 -4.5 0 -0.578972 0.502819 -0.641844
33.6273 48.0655 57.042 0.863577 0.265783 -4.5 0 -0.036435 0.128832 0.990997
56.6045 35.8929 44.3204 2.53254 0 -3.9 0 0.288571 0.226009 0.930401
57.6862 26.7913 32.588 0.12265 0 2.8 0 0.692215 -0.609693 -0.386153
68.5768 39.2907 41.1847 -1.42503 -0.0676049 -4.25044 0 0.995208 0.0174601 -0.0962129
78.8231 40.175 20.6462 -0.652992 0 1.8 0 0.402211 0.0311386 0.915017
61.235 65.3753 38.2755 3.5669 -0.374408 -0.8 0 0.521707 0.671924 0.525681
45.2186 59.8843 37.8175 1.28226 0.333433 -4.5 0 -0.842341 -0.147363 -0.518407
38.6354 65.6819 38.6645 -1.31728 -0.0826381 -3.5 0 0.897349 0.303667 -0.320236
52.7118 49.429 47.1475 3.38977 0 -4.5 0 -0.0731344 -0.339703 -0.937685
75.238 38.3558 22.2558 -0.134745 0 -3.5 0 0.87933 -0.372889 0.296196
13.8982 42.1128 44.5662 0.293087 0 -4.5 0 -0.799348 -0.374684 -0.469739
59.3971 44.818 53.9178 -0.0598198 0 -3.5 0 0.903977 -0.340459 -0.258677
55.8649 44.4931 22.5145 2.47064 0.371601 -3.9 0 0.707567 0.519279 -0.479268
70.6674 53.1317 32.1145 -0.395431 0 3.8 0 0.452287 0.116552 0.884224
54.3042 20.982 32.3985 -1.01525 -0.313514 -3.5 0 -0.171227 -0.477537 -0.861765
65.6379 64.5329 22.6949 0.21552 0 1.8 0 -0.0340364 0.995704 -0.0861107
54.5434 50.4101 31.9006 2.46884 0 2.8 0 0.400963 -0.547043 0.734828
19.631 32.4745 38.446 -0.781845 0 3.8 0 -0.46245 -0.292109 -0.837145
30.0578 45.5187 54.3978 0.812386 0 -4.5 0 -0.267357 -0.00899712 0.963556
39.9144 40.4656 47.3845 4.52212 -0.147824 -2.73099 0 0.780845 0.136991 -0.60952
80.5827 46.6348 34.9893 -1.2688 -0.134898 -3.5 0 0.192486 -0.264175 0.945072
39.6543 63.6464 50.6835 0.318325 0 -1.6 0 0.206195 0.333615 0.919883
68.9925 38.1973 25.0193 0.385559 0 -0.7 0 -0.415652 -0.908381 0.0455735
16.9718 48.3927 42.662 -0.835214 0 1.8 0 -0.812659 -0.173276 0.556382
36.617 24.9007 25.8318 0.677402 0.464562 -4.19698 0 0.161704 -0.454252 -0.876075
73.2195 37.3935 16.924 -0.145388 0 -3.5 0 -0.502033 -0.864589 0.0211855
46.1976 15.2814 42.2535 -0.222334 0 2.8 0 -0.0973035 -0.983985 0.149353
28.9469 60.7215 48.6509 0.608021 0 -3.9 0 -0.749119 0.524694 0.404373
36.0798 20.9452 52.4005 0.856752 0.261176 -3.2 0 -0.0752658 -0.295311 0.952432
49.8564 56.5423 50.3411 0.093535 0 2.8 0 0.80751 0.415948 -0.418228
68.3079 55.7539 17.2165 0.467577 0.590761 -4.5 0 -0.658451 0.00103169 -0.752623
60.4738 30.8605 23.8825 0.518078 0 -4.5 0 0.477351 -0.826286 -0.298978
61.9818 56.3395 18.0829 0.117355 0 -0.7 0 0.130543 -0.190689 -0.972932
48.4945 43.0573 24.6176 -0.0774752 0 -2.65077 0 0.359303 0.131483 -0.923912
41.8338 50.7038 44.9793 5.18071 0 -1.40791 0 -0.096259 -0.801766 -0.589835
37.6782 43.6789 44.1619 6.34314 0.515306 -3.86681 0 0.24201 0.930472 -0.275052
54.905 63.4496 20.8622 -0.653212 0 -3.5 0 -0.455119 0.585757 -0.670638
50.1675 31.191 27.7665 -0.774809 0 -3.5 0 0.384446 0.686798 -0.616855
60.1576 38.6656 33.4629 1.23598 0 -1.6 0 -0.225494 -0.933968 -0.277229
49.9487 60.5563 31.3333 0.216922 0 -4.5 0 0.55392 0.825496 -0.108303
56.161 38.158 33.803 0.980558 -0.318402 -1.6 0 0.0107477 -0.24496 -0.969474
53.3725 60.3675 40.979 -0.667509 -0.432053 -3.5 0 0.561447 0.815046 -0.143101
31.4245 29.7576 26.6551 -1.21633 -0.137172 -0.4 0 -0.700986 0.0911994 -0.70732
57.2687 45.4996 33.7243 2.47737 0 -1.41195 0 -0.22369 0.962878 -0.151092
57.9566 29.5721 23.6259 0.73112 0 -3.91501 0 0.854708 -0.360456 -0.373557
60.949 50.704 45.3592 -0.135762 -0.202233 -2.89072 0 0.289159 0.00821071 0.957246
32.24 20.9435 41.6495 -1.01533 -0.0522054 -0.4 0 0.224445 -0.741892 -0.631839
70.8288 61.0358 31.4145 -1.11163 0 1.9 0 0.565517 0.608341 0.556878
31.0735 22.9077 52.7625 0.544306 0 1.8 0 -0.303921 -0.34034 0.889832
48.8273 45.4775 60.8418 0.270022 0 3.8 0 -0.272168 0.145402 0.951201
35.916 63.3994 42.185 0.0509462 0 -3.5 0 -0.506997 0.349052 0.78811
53.594 53.5075 52.5625 -0.0259218 0 3.8 0 0.987074 0.0835537 -0.136761
27.6956 61.9311 43.7595 0.332396 0 -0.7 0 0.767235 0.408125 -0.494756
39.2625 13.828 43.8343 0.759579 0.0901497 -4.5 0 0.216066 -0.813239 -0.540332
17.5385 41.0452 26.4495 -1.47211 0 -0.4 0 -0.344524 0.933426 -0.100096
51.3965 29.4405 50.5662 -0.249871 0.875039 -3.5 0 0.0647928 0.0210694 0.997676
41.206 14.857 53.6345 0.609025 0 -4.5 0 -0.302365 0.381922 0.873333
27.0594 39.6181 56.642 -1.48751 -0.0486245 -3.5 0 -0.126098 0.98383 -0.127195
46.6784 19.6656 25.6381 -1.72709 -0.0114287 -3.5 0 -0.890192 -0.420886 -0.174394
22.0391 31.963 34.1886 -0.131015 0 -4.5 0 -0.161562 -0.956634 -0.242381
44.5679 23.9336 51.7254 0.43109 0.154709 -4.5 0 0.85926 -0.430214 0.276747
16.0987 36.2562 32.1978 -0.220289 0 -3.5 0 -0.996484 0.0645273 -0.0534473
35.1265 61.329 42.4232 0.703767 0 -0.924917 0 -0.730781 0.487374 0.477939
61.525 38.3638 23.5095 0.67435 0 -4.5 0 0.0038157 -0.968649 -0.248405
23.5781 50.3913 27.7377 -0.00761311 0 4.2 0 -0.681708 0.350737 -0.642074
27.0995 33.3629 22.1289 -0.17391 0 4.2 0 0.628893 -0.754314 0.188423
17.1213 37.1787 27.2967 -0.183947 -0.0588734 -0.593847 0 -0.614455 -0.328156 -0.717467
52.9825 62.189 23.0895 -0.991303 -0.406711 -1.83158 0 -0.968677 0.125397 -0.214338
23.3659 31.633 34.7734 -0.284263 0.408763 -4.38049 0 -0.347251 -0.865105 -0.361953
25.3039 25.0449 50.9598 0.981949 0.530925 -2.23075 0 -0.279961 0.134423 0.950554
44.5295 24.0655 25.9107 -1.77432 -0.0433998 -3.5 0 0.634798 0.457619 -0.622589
68.3106 43.1344 38.0588 -0.249209 0 2.8 0 0.823767 -0.559959 -0.0886216
40.8187 18.5082 52.648 -1.14137 -0.0211713 -3.5 0 -0.0664169 0.258256 0.963791
69.1124 55.7649 34.1082 -0.875769 -0.0326792 3.43398 0 0.659175 0.41774 0.625286
54.5869 63.4734 27.9982 0.111369 -0.0597275 -0.100763 0 -0.497833 0.597588 0.628531
39.5368 14.7529 51.6582 0.329327 0 -4.5 0 -0.669431 -0.168676 0.723471
58.7332 55.5334 20.623 0.0984327 0 0.985862 0 -0.370111 -0.119674 -0.921247
58.2212 22.8145 40.2539 0.0167339 0 1.8 0 0.644608 0.0643393 0.761801
65.734 64.7015 25.357 0.00574783 0 -3.34388 0 0.160746 0.921121 -0.354536
65.1795 38.2332 24.568 1.27339 0.800898 -4.5 0 0.0671431 -0.728688 0.681546
38.5415 14.8985 42.9985 0.420258 0 -4.5 0 -0.182624 -0.476096 -0.860222
68.1525 41.1306 45.2629 -2.44483 -0.540029 -3.5 0 -0.0141408 0.12293 0.992315
19.2868 34.2967 36.8611 -0.308279 0 3.8 0 -0.646808 -0.739681 -0.185771
58.1138 19.0527 42.6003 -0.741057 0 -3.5 0 0.942886 0.0504535 -0.329271
57.7375 64.645 42.536 -0.693171 0 -4.5 0 -0.347896 0.251666 0.903124
45.9507 20.2541 33.5223 -0.183166 0 -0.4 0 -0.726466 -0.125232 -0.675695
25.8245 51.8946 20.4231 1.14315 0.864617 -4.5 0 -0.667527 0.66814 -0.328629
26.2068 26.7006 50.803 -0.0319263 -0.0471954 3.07873 0 -0.67348 -0.124283 0.728682
47.696 57.4564 48.0321 1.31394 0.951458 4.2 0 0.728239 0.169186 -0.664112
55.4665 41.9951 22.5921 2.63685 0 -3.9 0 0.787255 -0.468451 -0.400977
62.5229 63.5255 41.9076 0.647801 0.934955 -4.5 0 0.659043 0.671669 -0.338412
47.7206 59.2171 30.1291 0.828652 0.0347149 -4.5 0 -0.840986 0.0585546 -0.537879
36.789 22.6772 40.6652 -0.164806 0 4.5 0 -0.929143 -0.350862 -0.116571
34.6323 31.474 20.2157 -1.0449 -0.13838 -3.5 0 -0.82948 0.545465 0.120128
58.7048 30.1285 28.912 0.078059 -0.202933 0.851745 0 0.722659 -0.524841 0.449783
54.2295 49.919 60.119 -0.856467 -3.10901e-05 -0.434292 0 0.109497 0.365954 0.924169
35.4841 26.7519 43.213 -0.305236 -0.0144656 1.11079 0 -0.415656 -0.776345 -0.473833
58.739 19.9587 44.4811 -1.30516 -0.0237694 -3.5 0 0.965012 0.24694 0.0881641
22.9702 34.8804 61.091 -0.0679635 -0.201693 -3.5 0 -0.477459 0.520716 0.707734
49.8999 42.476 59.9769 0.164984 0 3.8 0 0.371088 -0.858481 -0.353982
58.025 48.3626 48.7547 0.225328 0 -1.6 0 0.877658 0.214206 -0.428756
34.646 35.5868 18.5985 -0.037032 0 1.8 0 -0.36518 -0.706447 -0.606281
26.1489 62.6353 45.4842 0.189872 0 -0.7 0 -0.137737 0.846026 0.515042
38.5176 27.5075 54.1776 0.0855786 0 -4.5 0 -0.334997 -0.231856 0.913247
41.7365 55.2033 34.1135 0.603784 0 -3.2 0 0.884372 0.440781 0.153617
64.7895 65.127 24.5928 -0.115418 -0.801377 1.32826 0 0.715738 0.69836 0.00361329
47.233 39.989 66.0086 0.18891 0 1.8 0 -0.513013 -0.452424 0.729472
43.0913 50.497 45.3075 5.02618 0 -3.5 0 0.260634 -0.575998 -0.774788
51.3706 55.8442 26.3665 0.060002 -0.0957235 3.15696 0 -0.984046 0.106775 -0.142309
33.3167 45.7137 18.327 0.18748 -0.384055 -3.994 0 -0.360571 0.10197 -0.927141
15.3254 44.344 37.3711 0.154851 0 -3.9 0 -0.875238 -0.188499 -0.445451
22.4487 27.9037 39.979 -0.0265191 0 -0.4 0 0.346443 -0.870522 -0.349527
11.8589 42.679 49.4555 1.00353 0.657446 -4.5 0 -0.993097 -0.0506407 0.105802
69.5235 56.7505 16.8207 0.235518 0.00286216 -4.5 0 -0.0493315 0.196954 -0.979171
64.6019 59.8751 40.5779 -0.238034 0 3.8 0 0.740575 0.587976 -0.32532
25.8403 53.0863 49.1955 1.23321 0.806667 -3.9 0 -0.34258 0.795353 0.500053
30.0417 41.4875 19.1828 0.0568444 0 -3.28845 0 -0.492307 -0.680672 -0.542511
23.1879 51.556 46.7303 1.22573 0.610922 -2.85341 0 -0.825277 0.408006 0.390447
43.832 23.1262 25.3005 -1.87361 -0.843122 -3.5 0 0.298463 -0.185334 -0.936254
28.9324 56.9105 32.7645 0.394727 -0.260922 -1.6 0 -0.528384 0.208758 -0.82294
54.3614 54.3585 55.579 0.244092 0 3.21407 0 0.77498 0.120987 -0.620296
67.5055 31.7682 40.0096 0.579003 0 -4.5 0 -0.591711 -0.697327 -0.404492
57.4362 43.3725 53.1657 0.0489528 -0.469435 -2.53444 0 0.889902 -0.456055 0.00936588
24.7782 53.148 48.543 2.60758 0.412383 -3.9 0 -0.539891 0.689924 0.482206
53.5093 25.872 50.355 -0.117844 0 -3.5 0 -0.0527979 -0.819083 0.571241
52.6328 52.9385 22.8892 0.140662 0 3.8 0 0.629595 0.228149 -0.742669
66.696 54.3645 40.254 -0.484408 0 -0.7 0 0.903891 0.397902 0.157019
34.8792 22.698 31.597 -0.0111249 0 -4.5 0 -0.425753 -0.834988 0.348609
24.4711 17.4885 43.7293 0.00375899 0 -4.5 0 -0.324576 -0.60276 -0.728924
32.995 36.4565 59.3855 -0.481342 -0.297192 2.81888 0 0.724379 0.00289267 0.689396
55.3419 54.2573 59.719 0.0542379 0 1.8 0 0.292031 0.300293 0.908043
47.367 16.892 47.349 0.447071 0 -4.5 0 0.203444 -0.935377 -0.289275
33.101 49.7234 52.1304 1.30059 0 -1.6 0 -0.605356 0.728535 0.320595
22.7145 53.3379 37.7093 -1.40256 0 -3.5 0 -0.332677 0.911313 -0.242559
38.0062 22.8113 39.1795 -0.211396 0 4.5 0 -0.70611 -0.382219 -0.596086
39.9529 53.0501 57.0941 0.232253 -0.0308338 -0.7 0 -0.439315 -0.539181 0.71853
14.7045 41.3255 48.4515 0.332539 0 -4.5 0 -0.370133 -0.927361 -0.0548061
57.0294 65.5295 29.7011 0.186784 0 3.8 0 -0.372229 0.92718 0.0422245
64.9918 61.4181 32.672 -1.64155 -0.118406 -3.5 0 0.801511 -0.145267 0.580066
49.8655 57.359 55.3985 -0.727762 -0.21849 0.827641 0 0.385297 0.912542 0.137163
58.3764 50.4557 33.0524 2.13669 0 3.8 0 -0.883592 -0.421469 0.204031
66.7393 57.6059 31.0408 -0.540451 0 3.8 0 0.194755 0.430848 0.881158
15.2933 48.3335 37.3568 0.927361 0.190877 -3.7919 0 -0.697163 0.172788 -0.695778
54.3901 65.5806 37.7825 -0.663266 -0.617455 3.8 0 -0.77554 0.61141 -0.15721
76.9137 51.1674 36.4345 0.0154659 0.369576 -4.5 0 -0.410489 -0.295055 0.86281
47.861 50.3535 61.819 -0.0818331 0 -4.5 0 -0.532401 -0.742582 0.406351
47.1526 19.1286 32.6014 -0.272203 0 1.53522 0 -0.618677 -0.255997 -0.742768
40.9777 39.2874 17.7915 0.289446 0 -3.9 0 0.683802 -0.501342 -0.530161
39.8003 13.2094 46.8389 0.304222 0 -4.5 0 0.630559 -0.709547 -0.314545
59.0285 39.5385 38.1965 0.346532 0 -1.6 0 -0.0989627 -0.68269 0.723976
23.8428 55.8978 46.4076 -0.941015 -0.795048 -0.8 0 0.138773 0.0494142 0.989091
29.2847 57.1081 26.0841 0.240045 0 -0.8 0 -0.0222242 0.908901 -0.416419
16.0562 50.612 36.4487 -1.05327 0 -3.5 0 -0.964824 0.231778 -0.124074
71.3942 37.6064 22.8976 -0.907407 0 -3.5 0 -0.621496 -0.708478 0.334367
38.1717 55.3316 54.5694 0.470143 0 -0.7 0 -0.704938 0.474502 -0.527172
68.2367 39.4492 28.375 0.604055 0 -0.7 0 -0.678885 -0.472746 0.561807
54.6855 52.1509 40.8789 3.25645 0 1.8 0 0.0619414 -0.961333 0.268332
35.2819 29.9905 57.0646 -2.21626 -0.108732 -3.5 0 0.725405 -0.0654653 0.685202
73.1755 45.9261 15.9334 -0.0993962 0 1.8 0 -0.353198 0.555786 -0.752564
61.1217 40.8797 20.668 1.15515 0 -4.5 0 -0.534415 0.414204 -0.736774
54.0304 64.0038 24.3514 -0.998974 -0.980077 -3.5 0 -0.626992 0.728369 -0.276334
42.1154 27.404 26.2429 0.175039 0 -4.00165 0 0.841243 -0.248948 -0.479932
49.0677 59.4265 52.0905 0.110358 0 2.60712 0 0.71737 0.445794 0.535395
70.2288 64.1332 28.7323 0.113269 0.352014 -3.5 0 0.994875 0.096691 -0.029567
48.4972 57.4453 33.0807 0.946608 0 -4.5 0 -0.859108 -0.389407 -0.332109
71.8945 44.9636 39.8401 -0.599752 0.06513 -3.2 0 0.849625 -0.199535 -0.488184
38.0875 45.437 46.2915 4.77233 -0.928656 -3.5 0 0.358689 0.707295 -0.60916
50.4326 41.9885 47.363 3.47635 0 -0.592854 0 0.633045 -0.759093 -0.151761
47.2407 57.1782 57.1917 -0.569899 0 -3.5 0 0.0539811 0.225109 0.972837
55.5355 25.5181 49.7455 -1.36973 -0.161549 -3.5 0 0.427299 -0.788291 0.442734
44.4195 29.7061 19.3605 -1.70678 -0.515498 -3.5 0 0.553339 -0.683317 -0.476334
55.4135 27.8612 49.5962 -0.590939 -0.0662942 -3.5 0 0.887513 0.458067 -0.0499447
71.611 36.5696 27.1877 -0.00636697 0 -0.7 0 0.332791 -0.939588 0.0801571
46.316 15.866 44.2868 -0.0779115 0 2.8 0 0.0686928 -0.876181 0.477062
59.4963 66.2596 42.1922 -0.190773 0 -4.5 0 0.472246 0.625257 0.621319
51.3065 47.4323 64.7272 0.071528 0 -4.5 0 -0.515258 -0.74966 0.415354
50.109 55.384 49.1475 -0.275519 0 2.8 0 0.700245 0.710999 0.0643323
37.252 49.71 52.529 1.17922 0 -1.6 0 0.22264 0.499299 0.837336
37.7122 48.4874 17.0165 -1.11275 -0.728445 1.8 0 0.0250741 0.432059 -0.901497
65.6615 49.522 42.2569 -0.364154 -0.238391 -1.78448 0 0.767321 -0.0263826 0.64072
35.44 35.4865 56.483 0.71094 0.0804693 -3.17218 0 0.840343 -0.146156 0.521978
27.3361 58.382 33.143 0.487811 0 -2.66277 0 -0.18238 0.236032 -0.954477
58.5026 33.9922 44.0896 2.96678 0.0962154 -3.9 0 0.588809 -0.300155 0.750473
61.9619 62.7481 40.7501 0.705963 0 -4.5 0 0.738881 0.282699 -0.611667
49.0675 60.0006 38.8414 0.59416 0.56168 -4.5 0 0.557148 0.756983 -0.341413
39.5795 29.4934 56.7719 0.138494 0 -3.5 0 -0.682168 -0.166052 0.712091
18.5487 48.5149 30.2425 0.552781 0 -4.5 0 -0.119239 0.741787 -0.65995
64.8357 36.6323 33.6922 0.341961 0 -3.5 0 0.357064 -0.912324 -0.200426
48.8825 30.8013 56.1833 -1.63261 -0.215144 -3.5 0 0.509029 -0.139211 0.849417
44.4426 42.7995 20.1397 0.329859 0 -3.9 0 0.934039 -0.3571 0.00706738
73.275 35.6188 22.9415 -1.96063 -0.322082 -3.5 0 0.0886237 -0.92537 0.36856
22.4805 30.5504 20.4305 0.503974 0 -4.5 0 0.627161 -0.738304 -0.248146
48.1805 54.456 61.0525 0.106079 0 -0.8 0 0.563301 0.820242 0.0994711
55.2658 31.205 46.3447 -0.341401 -0.632638 -0.8 0 0.656621 -0.113366 0.745652
44.4292 42.1398 42.2443 5.47998 0 -1.3 0 -0.47858 -0.300121 0.82516
57.8386 42.5164 55.6061 -1.50516 -0.20504 -3.5 0 0.619726 -0.738337 0.266078
47.8703 45.6701 25.2094 0.613491 0 -0.4 0 0.374742 0.218766 -0.90095
24.19 41.4132 24.704 0.461995 0 -1.6 0 -0.779261 0.188848 -0.597569
19.7785 47.547 50.038 -1.56123 -0.227424 -3.5 0 -0.287353 0.700479 -0.653267
53.667 25.5403 47.0834 0.116398 0 -3.5 0 0.264021 -0.941391 0.209941
25.6874 41.0626 19.2599 -0.528512 0.000890456 -3.2 0 -0.401649 0.748672 -0.527417
77.1059 37.8317 18.781 0.745789 0 0.0358052 0 0.0139302 -0.84071 0.541307
86.2609 47.4378 29.9737 -1.7443 -0.49022 -3.5 0 0.995207 0.0788145 0.0578911
80.1622 39.4165 17.4924 -0.250064 0 1.8 0 0.668561 -0.715163 -0.203884
34.1635 21.788 43.0475 -0.287206 -0.0223062 -1.3 0 0.239269 -0.277803 -0.930363
58.4328 60.122 43.3465 -1.16354 -0.0605074 3.8 0 -0.535833 0.250949 0.806168
47.4736 62.9215 34.33 0.632111 0.719685 -4.5 0 -0.0365194 0.990724 -0.13089
20.6612 50.4626 46.1274 0.932397 0.631847 1.8 0 -0.327283 0.0206194 0.944701
44.6102 33.6056 23.0044 0.169834 0 3.8 0 0.492745 0.0727663 -0.867126
39.1113 18.5935 52.3343 0.00238921 -0.123096 -3.2592 0 -0.128923 0.0547821 0.99014
77.8802 59.1447 26.3325 -0.854638 0 -3.5 0 0.93659 0.249358 -0.24621
46.6121 34.2935 23.8905 0.552213 0 3.8 0 0.826806 0.338518 -0.44922
35.9622 23.2022 26.437 1.19845 0 -4.5 0 0.173429 -0.521818 -0.835242
56.8685 56.3345 45.23 -0.189783 0.527618 -4.06566 0 0.315877 0.699727 0.640783
72.1765 50.4679 20.0452 -0.283107 0 1.8 0 0.327063 0.454511 -0.828523
52.4659 49.2928 32.6582 2.07871 0.227727 0.975868 0 0.74938 -0.638299 0.176081
73.4151 37.4806 15.8327 -0.210819 0 -3.5 0 -0.656851 -0.729763 -0.189716
56.3857 38.0397 28.9594 1.06985 0 1.8 0 -0.203407 0.383198 0.900991
38.3423 36.6193 57.3078 0.000946014 -0.0372314 2.14938 0 -0.637342 -0.125993 0.760211
13.6309 36.1043 50.0952 1.04267 0.284017 -4.5 0 -0.984795 0.171903 -0.0250533
25.6161 62.3929 43.2219 0.38781 0 -0.7 0 -0.24045 0.896914 -0.371118
30.1496 25.1211 39.1138 -0.130344 0 -1.6 0 0.0179417 -0.656856 -0.753803
79.379 44.1686 35.7419 -0.342532 0 4.5 0 0.39218 -0.239844 0.888071
46.684 51.441 25.6335 -0.0753037 0 -0.8 0 -0.480013 0.5408 -0.690741
34.6782 28.9697 57.2695 -1.19458 0 -3.5 0 0.569403 -0.325832 0.754728
28.1651 48.3396 52.8392 1.54672 0.115478 -3.12415 0 0.402417 0.133587 0.905657
49.615 53.6204 58.7324 0.330116 0.372946 1.03011 0 -0.203867 0.898638 0.388444
14.1692 39.188 32.9352 0.0110232 0 -3.5 0 -0.328063 0.0139481 -0.944553
38.9432 23.4034 53.6322 0.947231 0 -4.5 0 -0.463208 -0.801307 0.378611
54.3473 64.6807 39.8963 -1.40446 -0.0253532 3.8 0 -0.731555 -0.237381 0.639123
55.0283 43.2984 58.5061 -0.570859 0 -3.5 0 0.143505 -0.988206 -0.0534273
56.1956 15.5026 42.216 -0.210187 0 -3.5 0 0.548618 -0.831188 -0.090248
54.2009 28.444 51.8644 0.655853 0.49021 -3.5 0 0.280576 0.473126 0.835122
25.6595 47.4141 22.3197 0.948404 0.762335 -4.5 0 -0.429254 -0.864506 0.261476
25.8405 61.5635 46.4437 0.173737 0 -0.7 0 -0.252879 0.434795 0.864295
46.267 21.5989 25.8768 -0.779257 0 -3.5 0 -0.739907 -0.0543764 -0.670508
32.6927 43.0359 15.2551 0.574994 0 -3.5 0 -0.384145 0.766472 -0.514737
75.4486 50.7881 35.3271 0.523648 0.236738 -4.5 0 -0.677131 -0.671263 0.301494
58.5986 18.5851 44.0414 -0.760915 0 -3.5 0 0.974985 -0.181239 -0.128672
76.256 43.03 17.1791 -0.885054 0 1.8 0 0.504881 0.370392 -0.779683
47.8717 55.8013 30.203 0.558081 0 -4.5 0 -0.986815 0.112932 -0.115943
19.1523 44.6758 29.2218 0.283593 0 -4.5 0 -0.627629 -0.421307 -0.654662
15.7686 37.9275 49.2496 0.486968 0 -4.5 0 -0.703219 0.710352 0.029716
27.1976 37.5262 20.6755 -0.236821 0 3.93615 0 0.900146 -0.00517498 -0.435557
41.4442 59.2858 39.9065 1.48419 0.272119 -4.5 0 -0.168729 0.492618 -0.853732
54.2267 52.122 43.333 3.99262 0.813391 -4.5 0 -0.483954 -0.759062 -0.435446
42.9528 40.7801 17.7761 0.621253 0 -3.9 0 0.53187 -0.704482 -0.469914
15.744 40.0425 46.8387 0.829813 0 -4.5 0 -0.860856 -0.368725 0.350668
13.8733 37.2259 34.3209 -0.0664155 0 -3.5 0 -0.268774 -0.928961 -0.254544
46.8483 30.9438 56.1385 -0.738491 -0.570608 -3.5 0 -0.166682 -0.526477 0.83369
19.5536 41.1724 20.8915 1.0533 0 -4.5 0 -0.331313 0.847514 0.41467
41.558 38.5655 57.829 0.13708 0 3.8 0 -0.129166 0.0413623 0.99076
33.001 44.6615 18.046 0.391629 0 -3.5 0 -0.197335 0.490447 -0.848835
29.1935 43.5705 19.702 -0.103574 -0.172489 -3.5 0 -0.720243 0.206661 -0.662224
61.6006 27.9726 35.0938 0.88497 0 -4.5 0 0.967403 -0.222544 -0.120854
39.1404 35.3994 57.7365 0.127833 0 3.8 0 -0.619569 -0.456178 0.638777
39.819 34.5187 57.3491 0.13878 0 3.8 0 -0.41999 -0.760003 0.495988
59.8455 27.6908 37.5103 0.732616 0.113677 -4.5 0 0.290095 -0.695292 0.657582
55.4613 59.4997 33.6899 0.413038 0 2.18749 0 -0.271192 0.654296 -0.70594
15.4781 37.6937 45.6413 0.342206 0 -4.5 0 -0.972769 0.193912 -0.126956
41.0016 51.9058 57.0594 0.456467 0 -0.7 0 -0.438188 -0.485656 0.756392
70.254 41.1053 17.5072 -0.0218809 0 1.8 0 -0.2191 -0.573896 -0.789075
28.6305 39.6325 20.1589 0.0300785 0 -3.2 0 0.76223 -0.553547 -0.335546
59.8525 39.7405 30.302 2.16568 0 -0.4 0 -0.795248 -0.575547 0.190594
44.8117 48.4659 61.0358 0.379656 0 -4.5 0 0.10108 0.614126 0.782708
28.659 39.9059 25.2344 -0.787154 0 -1.6 0 0.591951 -0.804449 -0.0495543
68.966 39.8054 44.8041 -1.60309 -0.436074 -3.5 0 0.537076 -0.459826 0.707184
35.6678 18.3345 50.446 0.227625 0 -3.2 0 -0.920337 -0.382602 0.0812133
47.558 23.078 26.5065 -1.27169 0 -3.5 0 -0.207967 0.906825 -0.366632
63.8018 51.7412 44.1937 -0.3837 -0.0542416 -1.6 0 0.645419 0.210948 0.734122
48.3635 48.3389 60.2935 0.708542 0 -4.5 0 -0.640051 0.000706544 0.768332
75.4369 60.5508 28.8305 -1.96996 -0.940069 -3.5 0 -0.0891831 0.866278 0.491538
23.2965 46.0298 55.0029 -0.110845 0 -0.8 0 -0.683822 -0.173259 0.70878
65.6643 59.6704 31.411 -0.755562 0 -3.11774 0 0.434502 -0.025845 0.9003
40.9738 41.0589 60.1931 -0.101399 0 -0.8 0 -0.00414462 -0.824407 0.565982
33.594 35.8442 18.8438 -0.182221 0 1.8 0 -0.701223 -0.694582 -0.160753
43.0518 50.331 40.3595 3.45182 -0.198506 -1.59191 0 0.1544 -0.26288 0.952394
77.6996 53.9378 30.6179 -0.0897573 0.105074 -4.5 0 -0.254007 0.966026 0.0476848
20.3159 54.6661 35.0346 -2.07129 -0.706963 -3.5 0 -0.406783 0.909671 0.0838203
61.152 45.768 43.579 -0.140125 0 -1.6 0 -0.671359 0.0387064 0.740121
55.2864 50.8851 53.2431 0.250195 0 -1.6 0 0.338577 0.849418 0.404789
28.5305 59.3447 48.1027 0.614397 0 -3.9 0 -0.696482 -0.00858103 0.717523
24.0905 35.5224 61.1445 0.0937192 0 -3.5 0 -0.146866 0.66019 0.7366
10.9496 40.7933 34.5726 0.171464 0 -3.5 0 -0.957395 -0.162549 -0.238692
54.61 27.466 22.7607 -0.0503786 0 -3.5 0 -0.811883 -0.54228 -0.216282
82.4695 52.0054 25.6935 -1.50411 -0.1379 -3.5 0 0.0151094 -0.239895 -0.970681
66.8606 54.7909 39.1935 -1.41351 -0.439661 -2.62697 0 0.759836 0.226982 0.609203
49.1954 60.5305 34.1701 0.882424 0.901455 -4.5 0 0.837337 0.511711 0.192401
59.6225 68.8132 30.9135 0.620145 0.164298 -4.5 0 -0.783243 0.618771 -0.0604384
54.5098 54.8629 47.4497 0.664286 0 -4.29392 0 0.143775 0.55983 0.816039
28.8277 23.5502 52.4347 0.0604959 -0.122372 3.09761 0 -0.0922329 -0.55604 0.826022
52.746 45.2393 22.7432 1.26381 0.885246 -3.9 0 -0.40414 0.270761 -0.873704
70.5066 61.4776 26.3167 -0.89178 0 1.49579 0 0.761945 0.596774 0.251598
31.3429 61.4253 46.4201 0.847401 0.293867 -3.9 0 0.0102088 0.816784 -0.576853
16.527 31.5335 23.6637 1.06116 0.80494 -4.5 0 -0.889827 -0.0169747 0.455983
17.3062 58.9268 44.8434 0.0261791 0 4.2 0 -0.691934 0.697083 -0.187888
24.9277 34.2733 31.648 -0.275706 -0.0221826 -1.6 0 -0.0187311 -0.917363 -0.39761
44.1673 32.8325 20.0222 -0.711879 0 -3.5 0 0.786667 0.59194 -0.175391
55.0185 45.3413 22.938 1.31322 -0.0149852 -0.4 0 0.45941 0.432806 -0.775642
66.145 65.8485 28.0625 -1.29097 0 -3.5 0 -0.0997641 0.961355 -0.256602
20.5614 35.1229 55.3493 -0.679113 0 -3.66726 0 -0.554375 0.26147 0.790128
53.3262 37.8796 28.6567 0.607268 -0.44711 -1.05253 0 0.279316 -0.946404 -0.162182
56.0247 65.3073 28.181 -0.00440805 0 3.8 0 -0.298233 0.948555 0.106302
38.2944 48.6637 22.1954 -0.259368 -0.190512 -4.5 0 0.974285 0.224549 -0.0186053
51.4771 24.7377 45.608 0.0717835 0 3.8 0 -0.158609 -0.298774 0.941051
53.7494 48.2389 42.6214 2.91335 -0.716297 -0.7 0 -0.0186905 0.940051 -0.340521
28.5276 23.8822 39.5684 -2.18014 -0.529284 -4.5 0 -0.252167 -0.410738 -0.876189
34.412 20.3295 47.356 0.245562 0 -1.3 0 -0.613038 -0.742536 0.269861
41.0378 44.8387 60.7224 0.510097 0 -2.69618 0 -0.346208 0.431132 0.833226
25.3265 55.3705 37.846 -1.02271 -0.646091 -3.48622 0 -0.774957 0.575795 0.260579
34.3507 59.3505 33.752 0.382425 0 -1.6 0 0.616009 0.781108 -0.101994
14.4843 32.2598 47.1423 -1.53771 -0.389607 -3.5 0 -0.935299 -0.0378813 0.351824
66.938 44.843 20.018 -0.26638 0 2.00845 0 -0.446818 -0.309255 -0.839473
41.1804 35.4757 14.6944 0.212765 0 -3.9 0 0.820371 -0.537479 -0.195211
49.7243 25.6175 26.8477 -1.36472 0 -3.5 0 -0.859952 -0.0662751 -0.506054
57.9104 36.4325 39.5525 0.444859 0 -2.33144 0 0.582017 0.797966 0.156545
62.0926 38.5376 28.6119 4.04366 0 -0.4 0 0.636786 -0.193796 -0.746289
59.4593 43.1167 25.2485 0.295469 -0.0554906 -3.68775 0 -0.155703 0.618255 -0.770401
29.448 45.094 19.4965 -1.06281 -0.790471 -3.5 0 -0.83653 0.320792 -0.444196
37.773 13.1099 45.8358 0.486273 0 -4.5 0 -0.332633 -0.941925 -0.0461785
35.5849 40.9466 14.1589 0.482014 0 -3.5 0 0.230273 -0.0227453 -0.97286
32.4834 46.998 19.1021 -0.0174193 -0.700132 -4.5 0 -0.475557 0.0354931 -0.878969
55.398 45.7255 35.7347 2.56901 0 -1.6 0 -0.383919 0.923016 0.0254594
50.3392 50.8742 64.7864 0.786746 0.690956 -4.5 0 -0.337488 0.901421 0.271187
31.7143 34.851 26.777 -1.5513 -0.360227 -3.46421 0 -0.752531 0.18277 -0.632687
57.2907 19.4877 35.5882 0.208233 0 -3.9 0 0.992157 0.0600849 0.109613
48.5177 62.1865 37.1986 0.622654 0 -4.5 0 0.726342 0.639539 0.251826
27.7996 54.2725 54.0757 0.371541 0 1.8 0 -0.532153 0.105155 0.840093
30.0885 34.7827 61.4567 0.499597 0.435608 -0.8 0 0.0911782 -0.0680444 0.993507
18.0807 31.2283 40.4398 -0.176954 -0.213997 3.8 0 -0.80111 -0.14269 -0.581259
50.97 52.1845 46.9531 3.72586 0 -1.6 0 -0.272929 -0.932353 -0.237123
47.4152 60.6711 31.0063 1.04138 0.602328 -4.5 0 -0.68134 0.570688 -0.458358
69.6257 31.2436 40.1325 1.08969 0.794953 -4.5 0 0.41415 -0.878656 -0.237578
33.8345 56.5532 26.2755 0.40475 0 4.2 0 0.146537 0.552553 -0.820495
43.2598 22.459 30.3515 -0.468126 0 -3.5 0 -0.32182 -0.944468 0.0664247
57.9997 44.9082 58.5477 -0.108136 0 -3.5 0 0.903559 -0.413529 0.112139
17.783 31.259 54.9315 2.97268 0 -3.9 0 -0.473603 -0.329381 0.816828
31.0359 26.5931 36.6831 0.151628 0 -1.6 0 -0.62746 -0.457316 -0.630204
52.6623 59.8831 25.489 0.829589 0 -0.4 0 -0.939421 0.21103 -0.270102
49.3335 39.113 63.121 -0.387345 -0.226299 1.8 0 0.113347 -0.992284 0.0502471
39.8717 44.4885 60.5611 0.208323 0 -0.8 0 -0.505105 0.156599 0.848732
54.6439 16.3635 33.2029 2.73865 0.345383 -3.9 0 -0.104517 -0.984558 -0.140433
36.4521 15.621 50.4276 -1.08605 -0.215647 -3.2 0 -0.863789 -0.495696 0.0902997
49.752 38.1216 25.3135 0.409749 0 -3.9 0 -0.0369385 -0.689924 -0.722939
54.934 65.5048 25.62 -1.34471 -0.0236381 -0.4 0 -0.202693 0.937176 -0.283932
18.8902 32.8115 27.7865 -0.14963 0 -4.5 0 -0.716904 -0.279446 0.638717
44.9695 21.5912 29.769 -1.17304 -0.0141735 -3.5 0 -0.505554 -0.862192 0.0322427
49.824 52.195 47.314 3.7199 0 -1.6 0 0.294811 -0.744554 -0.598937
40.392 28.1125 57.2663 -0.282002 0 -3.5 0 -0.8666 -0.221907 0.446946
63.6915 66.6302 22.7211 -1.36461 -0.825818 1.8 0 0.54644 0.517916 -0.658154
49.2935 14.7615 34.7565 -0.0824348 0 -0.4 0 0.694965 -0.625157 -0.355249
68.3935 64.321 20.8474 0.00350469 0 1.8 0 0.60179 0.776519 -0.186725
58.9655 64.345 26.734 0.555109 0 3.8 0 0.127699 0.858272 0.497053
60.5558 46.3785 55.2045 -0.160105 0 -3.5 0 0.851686 -0.313124 -0.420219
13.7564 44.3968 49.7617 -0.0367474 0 -4.5 0 -0.325215 0.84639 0.421733
57.9375 18.787 41.488 -0.233406 0 -3.5 0 0.889549 0.00371805 -0.456825
45.2616 34.5895 23.0684 0.226287 0 3.8 0 0.50589 -0.0064707 -0.862574
30.5625 51.506 53.252 0.892301 0.0212752 1.53141 0 0.802863 -0.0142132 0.595994
26.8263 46.6162 54.2995 0.878644 0 -0.8 0 0.547468 0.168562 0.819674
75.382 60.7675 25.2485 -0.901854 -0.0161319 -3.5 0 0.219595 0.512098 -0.830382
72.7355 38.6898 15.3241 -0.0726918 0 -3.5 0 -0.830202 -0.080829 -0.551571
38.8442 36.8408 12.0341 1.39331 0 -3.9 0 -0.0867745 -0.178365 -0.980131
36.8475 14.09 44.1675 0.990573 0 -4.5 0 -0.639544 -0.649455 -0.411329
69.9354 62.3949 23.9097 -0.310055 0 -3.5 0 0.524231 0.749507 -0.404252
73.3084 43.5355 30.9823 -0.291138 0 3.8 0 -0.22347 -0.487413 0.844091
50.6305 25.761 25.513 -1.36121 -0.0248134 -3.5 0 -0.240328 -0.246996 -0.938741
42.1497 14.2239 36.8978 -1.99855 0 -3.5 0 -0.442012 -0.895941 -0.0437703
35.431 39.4372 24.5805 -0.475286 0 -3.5 0 -0.996657 -0.0599041 0.0555516
68.8835 46.0285 34.1835 -0.518296 0 2.8 0 0.716819 -0.119864 -0.686879
24.606 39.68 19.043 0.255018 0 -3.2 0 -0.371463 0.177223 -0.911377
28.474 28.0031 40.6651 -0.375885 0 3.69359 0 -0.711901 -0.304882 -0.632649
58.3774 38.9178 25.113 1.20552 0 -4.5 0 -0.706372 -0.139818 -0.693895
79.5007 52.7876 22.4788 -1.76519 -0.0280093 -3.5 0 0.767897 0.0918049 -0.633961
38.3945 15.739 51.6424 -0.48347 0 -3.2 0 0.0188333 -0.211959 0.977097
70.9822 55.3125 30.5765 -0.476097 0 3.50012 0 0.657034 0.418781 0.62684
56.2848 38.3981 46.2404 1.18643 0.0288587 -0.9 0 0.238208 -0.866365 0.43894
51.6769 36.7874 54.0621 0.323705 0 -3.9 0 -0.154924 -0.220818 0.962932
19.2805 31.1335 38.6105 -2.07767 -0.152477 3.8 0 -0.531155 -0.215104 -0.819515
32.502 33.631 24.9928 -0.536559 0 -3.00163 0 -0.563461 0.447938 -0.694164
19.4702 30.9999 24.6607 0.339333 0.399841 -4.5 0 0.241434 -0.950909 0.193601
70.9584 43.483 41.4412 -0.12639 0 -3.2 0 0.730693 -0.567821 0.379034
47.2928 33.3397 24.5928 0.865565 0 -0.108043 0 0.80679 0.590169 0.0281215
19.5505 42.7956 30.0985 -0.257125 -0.0154793 -4.33983 0 -0.902059 0.0925375 -0.421577
45.0264 53.9259 61.6394 -0.00171163 0 -0.8 0 -0.703284 0.390707 0.593919
28.9945 32.0246 61.951 0.10745 0 -0.8 0 -0.428904 0.11222 0.896352
45.9625 59.6011 35.1452 0.87245 0 -4.5 0 -0.945368 -0.182165 -0.270362
22.8671 55.9116 32.0285 2.10948 0.339858 -3.9 0 -0.412041 -0.742637 -0.527933
29.3048 57.738 27.8438 0.351385 0 -0.8 0 0.129944 0.989086 -0.0694462
70.5732 46.8134 41.4025 -0.586404 0 -3.2 0 0.373945 0.603812 0.703971
80.1411 41.6616 18.7712 -0.223227 0 1.8 0 0.668435 0.622878 0.406469
30.1444 57.9174 31.8078 0.422189 0 -1.6 0 -0.572312 0.292586 -0.766063
61.8182 39.9907 20.136 0.588097 0.0694521 -4.5 0 -0.46437 -0.136865 -0.875002
16.5071 45.695 31.3865 -0.0998993 0.491764 -4.5 0 -0.738003 -0.397417 -0.545354
42.4569 58.345 54.1729 0.269955 0 -4.5 0 -0.39992 0.511581 0.760493
57.808 42.632 49.994 0.218811 0 -3.5 0 0.868442 0.491155 -0.067648
43.3898 29.603 54.5049 0.0792817 0 -3.5 0 0.850269 -0.525057 0.0368539
60.5221 55.5095 46.8124 -0.086934 0 -0.4 0 -0.0993707 0.196025 0.975551
26.4541 55.4149 33.0829 -0.525901 0 -1.6 0 -0.456517 -0.0478023 -0.88843
48.7935 49.3368 38.3955 3.35625 0 -3.2 0 0.708012 -0.186815 0.681043
38.0047 24.8318 37.5843 -0.348661 -0.140452 3.02182 0 -0.434936 -0.840392 -0.323377
85.2057 49.1401 26.7965 -0.411606 0 -3.5 0 0.838678 -0.325022 -0.437013
64.207 38.364 24.3295 0.842288 0.29863 -4.5 0 -0.245177 -0.809767 0.533072
51.014 43.6459 24.4325 0.739296 0 -3.9 0 -0.686338 0.299144 -0.662912
40.8838 41.2041 42.6229 5.77031 0.294612 0.398706 0 0.3817 0.535053 0.753673
73.4013 57.402 22.9494 -0.793166 0 -2.91708 0 0.643364 0.51942 -0.562392
23.0147 33.2799 62.0561 -1.46522 -0.812605 -3.5 0 -0.207828 -0.0121947 0.978089
25.0316 59.3735 32.874 0.735917 0 -3.9 0 0.153876 0.829761 -0.536488
69.338 44.9259 17.3972 0.0522757 0 1.8 0 -0.187817 -0.13265 -0.973206
49.1123 19.224 26.0527 -1.36211 -0.0489681 -3.5 0 0.679207 -0.731973 -0.0537927
59.613 56.0345 45.872 -0.352487 -0.423502 -1.96814 0 -0.477786 0.598277 0.643261
58.007 39.3829 33.3036 1.2774 0 -1.6 0 -0.256284 -0.42309 -0.869088
67.2371 43.4276 31.4834 -0.857487 0 1.8 0 0.597141 -0.424434 0.680645
21.1529 33.6203 31.2076 0.00744459 -0.299946 -3.79396 0 0.0208678 -0.995871 0.0883442
84.1999 43.101 31.9309 -0.496475 -0.322431 -3.03838 0 0.840536 -0.284787 0.460864
12.4443 39.9779 37.8709 -1.47492 -0.556547 -3.5 0 -0.357502 0.409483 0.839355
39.1554 44.1744 59.6086 0.214514 0 -0.8 0 -0.722597 -0.0471235 0.689662
67.6189 48.6296 39.6871 0.000796543 0 -3.2 0 0.756232 0.588333 0.286316
72.4522 59.5 26.852 0.052553 0 1.9 0 0.394739 0.900049 0.184642
32.339 32.6623 24.4398 -0.111433 0 -3.2 0 -0.390456 0.0226361 -0.920343
27.5574 55.5966 52.6196 0.314103 0 1.8 0 -0.800721 0.571323 0.1801
56.5908 50.1408 54.5045 -0.461394 -0.885069 -3.5 0 0.135687 0.985074 -0.105915
34.0723 43.6945 16.3315 0.579101 0.0802301 -3.5 0 -0.10966 0.944432 -0.309876
49.6828 36.5452 27.5128 -0.0676266 -0.141146 -1.3 0 0.177156 -0.782885 -0.596412
41.412 63.2127 45.1032 0.643247 0.0162438 -1.96387 0 -0.183948 0.559047 -0.808474
44.7861 47.1043 61.9469 0.301859 0 -4.5 0 0.185094 0.498509 0.846894
39.2621 24.3876 26.9945 -0.0734065 0 -3.9 0 -0.424055 -0.888317 -0.176264
22.5426 55.6406 46.9315 -1.6462 -0.360127 -0.8 0 0.055983 -0.0902895 0.994341
40.8765 57.0645 38.7175 1.26152 0.517955 -3.5 0 0.306938 0.675329 -0.670612
18.1825 36.9552 26.3344 0.0648738 -0.0318375 -0.561762 0 -0.79728 -0.117239 -0.592114
31.3224 32.5789 29.5045 -0.683496 0 -3.2 0 -0.997797 -0.0142101 -0.0648047
35.3947 39.1362 21.7383 0.154815 0 1.8 0 -0.889489 0.00873915 0.456873
41.134 34.6426 17.2659 0.00263164 0 -3.9 0 0.838651 -0.337384 -0.427595
31.944 58.8887 49.4545 1.40854 0 -3.9 0 0.359461 -0.57001 0.738835
71.313 57.6247 18.4625 0.144567 0.673347 -4.5 0 0.528549 0.832412 -0.166511
57.2439 21.662 43.0187 -1.41189 -0.168369 -3.5 0 0.620581 0.69699 -0.359282
25.2394 47.8022 55.2815 0.181859 0 -0.8 0 0.107442 0.556373 0.823957
44.7043 64.58 47.734 -1.07196 -0.403942 -4.5 0 0.120008 0.964726 -0.234313
52.5635 46.462 31.1751 1.87454 -0.712917 0.532173 0 0.799802 0.371972 0.47112
14.354 37.0156 50.6244 1.22951 0.365515 -4.5 0 -0.637017 0.724404 0.26353
69.324 60.681 32.2555 -1.09774 0 1.9 0 0.112531 0.299204 0.947531
22.1436 33.052 37.0409 -0.296939 0 3.8 0 -0.644152 -0.756494 -0.11307
62.5864 64.4974 22.3289 0.233837 0 1.8 0 0.400071 0.146099 -0.904764
64.8866 44.701 44.588 -0.222537 0 -3.5 0 0.154465 0.0301095 0.987539
23.349 39.1795 54.7603 -0.0454949 0 -0.4 0 0.105253 -0.102177 0.989182
56.8786 25.0051 40.4098 -0.179829 0 1.8 0 0.708857 0.031096 0.704667
40.9145 12.2165 50.6815 -0.526555 -0.85529 -4.5 0 -0.151904 -0.978867 0.136908
46.4921 23.8621 27.9259 -0.566045 0 -3.5 0 0.251957 0.743808 -0.619087
74.3094 44.6521 15.6089 -0.0655042 0 1.8 0 0.211979 0.0588676 -0.9755
84.894 46.7976 32.964 -0.348687 0 -3.5 0 0.83716 0.0166256 0.546706
39.3655 54.3408 25.1912 1.08938 0.825722 -4.5 0 0.22861 0.444702 -0.866013
34.4269 63.2217 39.5612 0.325162 0 -3.5 0 -0.850569 0.495083 -0.177273
49.0981 56.52 56.5811 -1.18639 -0.809166 -3.5 0 0.306587 0.315869 0.897904
51.022 41.9183 64.95 0.547713 0 -0.4 0 0.42431 0.192134 0.884898
68.8054 40.4842 29.1624 0.384939 0 1.42696 0 -0.296387 -0.482692 0.824114
39.0865 24.073 35.7001 -0.219996 0 4.2 0 -0.715158 -0.660242 0.229413
19.54 35.9115 21.358 0.676936 0.0229564 -4.5 0 -0.662865 -0.128352 -0.737656
53.2237 49.7536 35.8026 2.58407 0 1.8 0 0.889036 -0.438039 0.133179
50.7938 56.3607 27.5165 0.223923 0 -3.6944 0 -0.765202 -0.145207 -0.6272
33.8997 20.1698 44.641 -0.0391369 0 -0.853768 0 -0.351903 -0.928609 -0.11768
24.6045 16.632 46.519 0.987483 0.107743 -4.5 0 -0.172437 -0.577797 0.797757
23.6226 17.1465 46.2235 1.0255 0.856479 -4.5 0 -0.763088 -0.410474 0.499207
55.5879 59.5141 41.5051 0.444739 0 3.8 0 0.0319733 0.99887 0.0351537
73.7676 50.695 31.0487 -0.157072 0 1.8 0 -0.331413 -0.403339 0.852926
70.1455 36.4341 39.5901 0.617182 0.134742 -4.5 0 0.658188 0.747408 -0.0903857
15.7505 50.7581 40.5361 -1.12961 -0.00486311 -3.5 0 -0.789536 0.314184 -0.527182
15.5615 40.708 48.0706 0.361453 0 -4.5 0 -0.689519 -0.703201 0.173413
60.56 61.2588 20.6849 -0.02811 0 4.2 0 -0.196947 0.196725 -0.960474
31.3329 30.9923 27.4604 -1.56736 0 -3.2 0 -0.979444 -0.12325 -0.159684
51.9796 51.0988 37.8145 2.79574 0 -0.0927815 0 0.340905 -0.815824 0.467136
59.3229 40.2824 22.0093 0.706376 0 -4.5 0 -0.696555 0.0778159 -0.713271
42.3515 31.3123 17.9936 -2.06648 -0.242154 -3.5 0 -0.339485 -0.479065 -0.809473
43.571 28.55 56.0725 0.429849 0 -3.5 0 0.992552 -0.117829 0.0309486
50.4785 26.371 52.3613 -2.32301 -0.514966 -3.5 0 0.0563601 -0.357612 0.932168
55.5303 66.2075 36.947 -0.282544 -0.903381 -4.00569 0 -0.636031 0.768889 -0.0653739
36.2379 14.5999 45.1934 1.03561 0 -4.5 0 -0.919571 -0.385741 -0.0747878
67.0836 65.0673 25.2652 0.0158625 0 -3.5 0 -0.183148 0.912345 -0.366173
49.812 16.2638 44.9098 -0.0675353 -0.458729 -3.5 0 -0.302553 -0.608272 0.733803
42.7626 38.6278 57.6258 0.160215 0 3.54886 0 0.294572 -0.38691 0.873801
36.7074 28.0539 19.9619 -1.69134 0 -3.5 0 0.424242 -0.862239 0.2767
59.5196 34.4842 43.1059 1.62562 0.747672 -3.9 0 0.864969 0.156549 0.476782
53.5817 40.9701 27.8381 0.883576 0 2.16448 0 0.943499 -0.320507 -0.0841752
48.1512 39.6403 62.244 -0.00197899 -0.808583 1.8 0 -0.237674 -0.964928 -0.111469
77.2682 45.0889 35.1981 -0.379457 0 4.5 0 -0.594396 0.27658 0.755114
42.447 29.7075 20.2565 -0.99131 -0.0221865 -3.5 0 -0.0219418 -0.941251 -0.336994
51.0626 48.0889 41.292 3.2852 0 -0.7 0 0.0394358 0.890958 -0.45237
55.6026 39.926 46.7865 2.33611 0 -0.9 0 -0.905703 0.268843 0.327758
37.2794 62.8629 49.0913 0.784343 0 -1.6 0 -0.905534 0.304518 0.295426
27.7092 28.5467 58.1592 -1.85869 -0.0607832 -3.5 0 0.849384 -0.526948 0.0295329
41.4692 43.9002 16.5713 0.850802 0 -3.9 0 -0.453131 0.582541 -0.674773
57.1017 35.3587 34.4286 1.17984 0 -0.798921 0 0.810609 -0.00930316 -0.585513
60.4393 47.6447 56.9715 -0.410477 0 -3.5 0 0.904022 0.118735 0.410665
17.166 34.6286 53.2185 0.816726 0 -3.9 0 -0.656781 0.340908 0.672622
21.3276 29.374 52.979 0.326039 0 -0.8 0 -0.0708248 -0.518228 0.852305
24.6764 29.3779 39.2697 -0.891151 0 4.5 0 0.0421149 -0.979118 -0.198882
75.8255 40.2681 26.3556 0.227855 0 1.8 0 -0.555158 -0.760464 -0.336888
53.233 21.568 32.1493 -1.28292 0 -3.5 0 0.26949 -0.627139 -0.730802
35.4306 23.6305 34.3208 -1.07805 -0.432658 -4.5 0 -0.333355 -0.875342 0.350216
53.1 25.164 48.363 0.0264295 0 -3.5 0 0.00668748 -0.993873 0.110327
62.5228 68.746 28.9466 0.471837 0.535702 -4.5 0 0.280853 0.821656 -0.495987
67.3432 51.388 41.3192 -0.138601 -0.321919 -0.7 0 0.923451 -0.0180405 0.383292
77.0117 53.8936 34.5351 -0.0453747 0 -4.5 0 -0.381181 0.839753 0.386672
48.4987 36.0565 53.6149 0.199177 -0.0895135 -3.9 0 0.221873 -0.424225 0.877955
50.1286 41.4961 56.9564 0.266176 0 -1.16046 0 0.485359 -0.552258 0.677818
32.178 21.7171 53.2537 0.110482 0 1.8 0 -0.266171 -0.785433 0.558792
15.2004 49.1802 38.1227 0.664846 0.361762 -3.75369 0 -0.842419 0.516818 -0.152412
43.8522 63.9818 46.5588 0.457648 0.0877479 -4.5 0 -0.0627774 0.958176 -0.279209
17.4665 29.6173 22.5015 0.339025 0 -4.5 0 -0.535917 -0.785617 -0.309191
59.6372 29.5651 39.7169 -0.0271713 0 -3.5 0 0.856264 -0.407013 0.318045
32.0897 27.7865 26.408 -0.443089 0.775144 -3.7839 0 -0.46734 -0.091858 -0.879292
38.1031 18.9622 36.1184 -0.125592 0 -0.7 0 -0.91137 -0.363465 0.193128
58.3081 39.3219 48.5163 0.16447 0 -0.9 0 0.702569 -0.705272 -0.0948052
71.4015 36.7886 19.9966 -1.83728 -0.407703 -3.5 0 -0.412196 -0.554561 -0.722881
50.0457 14.1336 44.2239 -1.65902 0 -3.5 0 -0.363934 -0.655369 0.661848
26.5 52.0742 21.7987 -0.0435419 0.0111147 -4.5 0 -0.719836 0.679115 0.143664
41.0666 34.1626 56.9154 0.179005 0 3.8 0 -0.0167337 -0.631301 0.775357
47.7402 15.0855 54.232 0.574541 0.254799 -4.5 0 0.57471 0.165731 0.8014
42.1976 28.1138 24.4224 0.144388 0 -2.79263 0 0.942746 -0.321098 -0.0901511
17.4935 45.196 30.686 0.0937042 0 -4.5 0 -0.632009 -0.574896 -0.519673
18.7943 38.8293 15.635 0.573876 0.281226 -4.5 0 -0.534708 0.3079 -0.786946
49.1618 27.1186 52.2043 -1.51244 -0.0428751 -3.5 0 -0.161366 0.0173923 0.986741
40.1183 47.689 41.002 6.00066 0 -0.4 0 -0.588171 -0.163219 0.792095
14.8783 45.6216 37.1302 0.326318 0 -3.9 0 -0.805551 -0.0873751 -0.586048
72.6892 48.1599 19.0629 -0.178996 0 1.8 0 0.213586 0.518377 -0.82805
25.0596 45.4007 25.5163 0.158692 0 -1.6 0 -0.177868 0.671737 -0.719119
32.9632 21.3899 46.9619 0.172246 0 -2.95935 0 -0.00633547 -0.859944 0.510349
70.0469 61.8833 23.0217 -0.920969 0 1.8 0 0.582738 0.71941 -0.377976
28.435 37.0243 23.8498 -1.24617 -0.709998 3.39844 0 0.947526 0.176695 0.266409
48.7265 29.6912 55.211 -1.94404 -0.16735 -3.5 0 0.39189 -0.901422 0.184015
17.3025 34.1125 22.2022 1.09164 0.409711 -4.5 0 -0.742515 0.66738 0.0572338
68.6351 51.638 35.9365 -0.422124 0 3.8 0 0.922706 0.33672 0.187708
18.5276 30.5245 49.4441 0.10301 -0.854194 -1.12124 0 -0.709387 -0.646072 0.281712
41.679 53.7975 36.2448 0.895436 0 -3.2 0 0.987608 0.0272414 -0.154559
16.7734 40.4967 27.4772 -0.150384 -0.302435 -0.4 0 -0.652237 0.756292 -0.0510774
54.5643 46.8421 63.1239 -0.0125613 -0.0357859 -4.23624 0 0.691522 0.533795 0.486683
44.7895 63.8438 49.8783 -0.625991 -0.387726 -3.88699 0 -0.316857 0.721098 0.616132
25.3273 62.6323 44.4038 0.170984 0 -0.7 0 -0.49198 0.866456 0.0849094
58.2096 30.3711 30.2623 0.440305 0 2.8 0 0.982135 -0.182048 0.047636
37.7984 57.555 30.7747 0.161623 0 -3.2 0 -0.156888 0.887969 -0.432316
31.605 61.3979 50.1118 3.03461 0.319069 -3.9 0 -0.128757 0.341709 0.930944
36.5875 23.9875 39.926 -0.283193 0 4.43373 0 -0.828577 -0.484665 -0.280286
62.745 65.7065 36.9103 0.411228 0 -0.8 0 0.46067 0.816769 0.347377
53.2829 61.9635 21.3783 -1.99904 0 -3.5 0 -0.769065 0.00117535 -0.63917
46.1615 38.2734 45.7998 5.77933 0 -0.4 0 0.138521 0.804351 -0.577781
58.876 67.439 39.049 -0.196579 0 -4.5 0 0.666767 0.692897 -0.274435
42.1625 35.669 57.421 0.233578 0 3.8 0 0.400428 -0.249429 0.881727
67.4311 51.1764 39.8489 0.286856 0.620102 -0.7 0 0.993717 -0.109992 0.0207152
66.409 62.946 30.4155 -1.01942 0 -3.5 0 0.436194 0.188991 0.879782
38.9253 47.9535 24.9335 0.456128 0 -4.5 0 0.882099 0.447634 -0.146718
41.1043 16.002 37.1493 -1.16724 -0.35122 -3.5 0 -0.931063 -0.32531 -0.165214
82.752 40.947 30.3265 -0.949944 -0.74067 -0.4 0 0.557989 -0.825118 -0.0884774
61.551 45.0125 21.9552 0.354692 0 3.8 0 -0.874347 -0.214443 -0.435352
57.8121 43.7876 56.8792 -0.54218 -0.1288 -3.5 0 0.680814 -0.60656 0.410581
19.3135 26.6975 43.1548 -1.51784 -0.353505 -3.9 0 -0.504201 -0.712438 -0.488071
18.645 57.8391 47.1431 0.0676868 0 4.2 0 0.0737468 0.482407 0.872837
27.1007 50.101 54.4753 0.559568 0 -0.4 0 0.0223616 -0.0483357 0.998581
26.9625 27.8498 60.259 -1.73268 -0.341331 -3.5 0 0.27037 -0.508106 0.817758
23.497 51.759 45.38 1.02177 0.710454 -3.9 0 -0.689985 0.569635 0.446584
17.8214 32.9109 33.0662 -1.66054 0 -3.5 0 -0.418393 -0.907573 -0.0354733
22.605 31.47 57.1875 -0.109737 0.0045025 -3.5 0 -0.718751 -0.667825 -0.193406
26.2987 52.718 31.6537 0.152567 0 3.8 0 -0.650795 0.67711 -0.343494
41.2379 52.2156 34.3456 1.2904 0 -3.28015 0 0.962549 -0.168709 0.212218
42.173 44.1476 61.5356 1.28067 0.801028 -4.5 0 -0.382915 -0.0545435 0.922172
33.7692 20.5193 45.9782 0.00319482 0 -1.07241 0 -0.413745 -0.86928 0.270496
80.4305 41.4185 31.743 -0.71445 -0.245102 -0.4 0 0.0837295 -0.700977 0.708252
48.8192 59.5134 43.1468 0.262174 -0.044727 -3.5 0 -0.109095 0.489733 0.86502
51.5529 50.9145 65.7369 0.831216 0.0586858 -4.5 0 0.201848 0.932003 0.301043
29.8983 44.5179 18.6203 -0.999145 0 -3.5 0 -0.478306 0.316409 -0.819212
48.2835 12.6101 39.2508 -1.414 -0.125996 -0.4 0 -0.318634 -0.844604 -0.430251
53.4837 56.3527 47.3853 0.639375 0 -1.6 0 0.308983 0.4549 0.835222
14.8806 40.9784 44.5122 0.317086 0 -4.5 0 -0.885623 -0.352074 -0.302846
43.9665 14.484 37.5332 -0.636607 0 -3.5 0 0.0143245 -0.982127 0.187675
58.8431 38.3783 50.3271 0.749557 0.192359 -3.5 0 0.836618 -0.472167 -0.27772
58.0395 46.9832 25.315 0.435333 0 3.8 0 -0.212578 -0.694392 -0.687481
30.691 25.9067 29.5772 0.256155 0 -0.4 0 -0.588671 -0.794109 0.151185
38.5131 34.9241 14.1608 0.569792 0 -3.9 0 -0.133332 -0.963438 -0.232399
68.8549 47.0788 16.3425 0.0706404 0 1.8 0 0.0361791 -0.41801 -0.907722
53.4441 57.0062 55.0254 0.0310117 0 3.8 0 0.645225 0.752767 -0.130488
55.7869 64.6776 22.3051 -0.892522 0 -3.5 0 -0.345578 0.910375 -0.227581
36.6715 26.098 41.59 -0.271692 -0.894891 -0.707369 0 -0.805435 -0.577931 0.131414
80.8702 40.6403 18.575 -0.229682 0 1.8 0 0.932225 -0.184686 0.311204
18.7682 29.0763 51.2617 0.394796 -0.225931 -0.8 0 -0.841761 -0.533087 -0.0851916
47.9043 17.7008 32.5595 -1.24834 -0.0467432 -0.199922 0 -0.227062 -0.361273 -0.904392
57.4705 46.9707 61.6948 -1.08788 -0.354305 -3.5 0 0.525797 0.768198 0.365252
40.4888 47.214 23.7934 1.19162 0 -4.5 0 0.473182 0.820829 0.319903
18.6739 40.9351 20.2121 0.688723 0 -4.5 0 -0.648274 0.736626 0.192671
36.8261 58.484 33.6587 0.63245 0 -3.2 0 -0.110944 0.980997 0.159177
64.155 42.0055 29.637 -0.491227 0 -0.4 0 0.299625 -0.878715 0.371598
41.8063 16.0322 42.0947 0.095976 0.0131051 -3.75794 0 0.0401894 -0.994443 -0.0973018
42.6037 55.6431 28.7307 -1.39341 -0.533735 -3.5 0 0.449355 0.591888 -0.66914
78.4735 39.3688 15.8103 -0.377369 0 1.73267 0 0.670751 0.0710732 -0.738269
31.6874 54.1295 47.8651 0.472859 -0.198966 -0.7 0 0.268472 0.931261 -0.246323
27.4956 55.1109 32.2456 -0.319358 -0.154214 -0.992965 0 -0.581682 0.482826 -0.654618
35.7765 53.6035 25.679 0.0844345 0 -4.25942 0 0.286729 0.70484 -0.648835
46.2718 20.4888 26.6052 -0.716423 0 -3.5 0 -0.871111 -0.411034 -0.268732
39.6743 46.9183 59.6763 -0.900024 -0.0433068 4.2 0 -0.239876 0.428407 0.871164
65.7172 37.0539 41.632 0.111436 0 -4.5 0 -0.480669 -0.260667 0.837264
32.4786 61.1172 33.8171 0.417945 0 -1.6 0 0.391189 0.871925 -0.29448
37.4835 48.8796 54.4236 0.64149 0 4.2 0 -0.00846936 0.935244 0.353902
15.322 46.4849 40.643 1.58253 0.540151 -3.9 0 -0.749675 -0.0222473 0.661433
61.1227 32.4113 39.1054 -0.270912 -0.550363 -3.74205 0 0.559968 -0.218278 0.799244
57.7303 38.4409 43.9738 -0.120519 0 -0.9 0 0.673505 -0.723284 0.152487
29.8316 47.6404 53.0549 1.40671 0 -4.5 0 -0.316958 0.482624 0.816463
50.5671 24.8059 26.2061 -1.38885 -0.733855 -3.26577 0 -0.106376 -0.152495 -0.982563
55.959 25 44.6715 -0.0601857 0 3.8 0 0.836287 0.501526 0.221576
68.054 58.1479 31.2323 -0.591256 0 3.44877 0 -0.326707 0.218433 0.919538
39.3722 23.4425 28.2323 -0.154123 -0.842378 -3.6532 0 -0.0740568 -0.952428 -0.295628
78.8645 50.4431 22.7094 -2.82377 -0.0110643 -3.5 0 0.616904 -0.365847 -0.696839
26.1689 36.5645 18.0196 0.134897 0 4.2 0 0.198564 0.122079 -0.972455
24.9778 51.7345 31.927 -0.00875331 0 3.87053 0 -0.513955 0.822324 -0.2442
77.9325 42.9987 20.6518 -0.15608 0 1.8 0 0.874588 0.481952 0.0530895
66.659 47.507 42.8025 -0.942342 -0.721406 -3.5 0 0.573507 0.697992 0.428832
43.3244 14.7785 38.5836 -0.448868 0 -3.5 0 -0.161243 -0.91126 0.378954
68.1768 53.0127 33.5566 -0.482312 0 3.8 0 0.785893 0.206033 0.583029
27.6009 37.3404 61.0269 0.453474 0.43139 -0.7 0 -0.719027 0.264284 0.642771
35.7365 65.8485 39.5827 -0.946793 0 -3.5 0 -0.558097 0.817373 -0.142934
41.5075 51.0578 34.8175 1.38132 0 -3.9 0 0.889326 0.456545 -0.0258091
57.642 33.7195 34.9738 1.18335 0 -0.4 0 0.676686 0.426306 -0.600299
14.136 34.104 50.386 0.0270527 0 -4.5 0 -0.846052 -0.528938 0.0664927
57.4394 44.6484 63.3381 -0.451512 -0.0833519 -3.5 0 0.645756 -0.312387 0.696716
24.7585 50.0542 27.3267 -0.0827813 0 4.2 0 -0.427795 0.221773 -0.876247
28.5909 53.9396 50.0491 0.230602 -0.104352 1.8 0 -0.4425 0.648572 -0.619312
61.3166 52.3501 45.2395 -0.258751 -0.177529 -2.0548 0 0.308219 -0.0255914 0.950971
34.2192 59.5331 49.1599 0.539486 0.770759 -3.82276 0 0.196559 -0.468876 0.861115
39.3215 40.392 46.4695 4.31662 -0.0264633 -3.39504 0 0.846408 0.246552 -0.472022
59.6819 29.9661 42.109 -2.43573 -0.65957 -3.5 0 0.880696 -0.297154 0.368882
56.76 51.746 42.148 3.20539 0 -3.5 0 -0.75935 -0.44699 -0.47285
49.818 29.4638 25.6612 0.454468 0.256808 -4.06699 0 0.715903 0.473383 -0.513217
49.025 52.1916 41.2767 3.59625 0 -3.2 0 0.173753 -0.695513 0.697188
65.3831 41.968 30.0069 -0.669381 0 -0.754888 0 0.0460885 -0.992405 0.114054
56.3742 49.6847 57.7771 -0.287617 -0.321549 -1.96077 0 0.760145 0.489059 0.427786
24.7423 56.1729 32.4606 2.12093 0 -3.9 0 0.470185 -0.690679 -0.549445
18.8592 36.1554 23.9925 0.480114 0.10349 -4.5 0 -0.975868 0.0968494 -0.195707
62.078 61.8745 44.341 -0.144611 0 -4.5 0 0.0310162 0.392453 0.919249
45.5692 36.2081 55.0228 0.584488 0.916866 3.8 0 0.468733 -0.208462 0.858389
55.5446 47.0866 23.818 0.166491 -0.0950307 -0.145962 0 0.40299 -0.138727 -0.904629
39.3179 55.4712 25.8983 1.13218 0.387529 -4.5 0 0.271728 0.309835 -0.911135
51.879 38.72 25.2335 0.512604 -0.086136 -3.9 0 0.163637 -0.85351 -0.494716
70.0176 49.624 33.183 -0.337863 0 3.8 0 0.34284 -0.351067 0.871328
43.504 53.585 59.6145 -0.959711 0 -0.8 0 -0.900511 -0.182629 0.394623
84.2469 48.1904 33.2241 -0.482293 0 -3.5 0 0.904563 0.32424 0.276829
22.0699 40.8994 20.7389 0.516803 0 -4.5 0 0.43139 0.866103 0.252525
53.3898 37.9902 46.4021 2.29097 0 -0.8 0 -0.125355 0.485985 0.86493
39.5955 47.7175 58.771 -0.508623 -0.758191 4.2 0 -0.150605 0.941288 0.302152
69.3525 45.7771 37.2259 -0.316962 0 1.77905 0 0.984101 -0.141612 -0.107199
50.4824 38.9711 54.9027 0.469211 0 -1.6 0 0.662936 -0.424091 0.616979
46.1535 63.1613 42.0074 0.657234 0 -4.5 0 0.039834 0.967215 -0.250815
72.2905 43.3095 17.2227 0.535113 0 1.8 0 -0.437275 -0.202538 -0.876224
20.0695 30.0315 38.9147 -0.673463 0 -0.4 0 -0.515206 -0.410283 -0.752483
45.0778 30.3752 20.1133 -1.83117 -0.0558753 -3.5 0 0.932985 -0.356999 -0.0457245
17.6497 34.096 26.2725 -0.0252977 0 -4.5 0 -0.989945 -0.0510405 0.131925
44.9345 52.4652 29.3159 0.145469 0 -1.96534 0 0.449673 0.808789 -0.379019
53.6657 57.6885 35.229 0.743869 0 3.8 0 -0.868724 0.49528 0.00403202
45.0335 17.2052 46.5939 0.374765 0 1.85942 0 0.0600256 -0.989704 0.129931
53.9813 35.0915 46.512 0.930888 0 -0.8 0 0.746834 -0.0528506 0.662907
45.4331 39.7801 47.3926 5.81074 0.351158 -0.4 0 -0.189436 0.611467 -0.768259
58.7011 35.7798 42.1343 2.39124 0 -3.9 0 0.632442 0.751026 0.189673
23.3131 48.227 53.254 -1.11342 -0.940719 -0.8 0 -0.745544 0.636306 0.198187
85.5254 47.2427 31.6424 -0.903841 -0.111281 -3.5 0 0.874491 0.194709 0.444245
64.7475 39.4837 41.6963 -0.0692919 0 -4.5 0 -0.331863 -0.658691 0.675272
37.9094 54.4491 50.1836 0.814139 0 -4.43805 0 -0.551244 0.249422 0.79619
73.5622 37.5122 14.7764 -0.190523 0 -3.5 0 -0.693757 -0.577176 -0.430777
22.2261 57.1796 46.0179 -0.687006 0 -0.8 0 -0.00171444 0.391762 0.920065
83.254 48.4749 35.029 -0.640969 0 -3.5 0 0.667315 -0.0113581 0.744689
59.105 32.8916 21.5834 0.66487 0 -4.5 0 0.214247 -0.0201496 -0.976572
35.511 59.1626 49.6141 -1.10043 -0.0299851 -3.5 0 -0.538923 0.252502 0.80362
26.6675 31.5688 33.92 -1.08585 0 -3.5 0 -0.0340155 -0.581138 -0.813094
62.3988 56.6325 45.8945 -0.409142 0 -0.4 0 0.541729 0.200938 0.816182
71.771 54.951 18.176 -0.386838 0 -4.5 0 0.591023 -0.305595 -0.746528
37.5595 56.9904 28.7122 0.768659 0.0440021 2.80471 0 0.0544173 0.997003 -0.0549802
20.9215 52.9025 37.064 -1.19774 0 -3.5 0 -0.0326777 0.822853 0.567314
18.1462 37.954 20.1135 0.500561 0 -4.5 0 -0.859471 -0.501912 0.0969239
26.0326 24.7407 44.2337 0.0405839 0 -4.0541 0 -0.583624 -0.32985 -0.742012
58.6801 67.1276 34.6789 0.0994701 0 -4.5 0 0.0224932 0.989576 -0.142241
32.3415 25.605 26.8433 0.315097 0 -4.5 0 -0.769349 -0.183916 -0.611782
53.5532 38.4686 54.6613 0.247294 0 -3.9 0 0.110797 0.178899 0.977609
59.6121 47.938 57.8727 -0.319008 0 -3.5 0 0.516491 0.326433 0.791631
28.8853 37.5781 62.0983 0.109719 0 -0.7 0 -0.466612 -0.107348 0.877923
68.462 56.7456 34.85 -2.28164 -0.252996 -3.5 0 0.804979 0.588444 -0.075779
20.224 26.194 43.2287 -1.54888 -0.226103 -3.9 0 -0.208748 -0.902436 -0.376873
29.6462 52.8289 20.5766 0.39752 0 -3.2 0 -0.164351 0.255661 -0.952694
36.5521 31.2635 24.0198 -0.386449 0 -0.7 0 -0.520602 -0.848352 0.096297
49.192 60.4995 48.063 0.35121 0 -1.6 0 0.841148 0.144692 -0.521089
50.1155 57.3894 27.5872 0.240334 -0.0586454 -2.13133 0 -0.578748 -0.0866425 -0.810891
76.946 36.5906 17.7881 -1.84222 -0.430744 -3.5 0 0.343484 -0.781816 0.520368
20.3034 37.024 16.3037 0.31403 0 -4.5 0 0.0395789 -0.986494 -0.158943
59.3872 46.9588 54.1468 -0.254849 0 -3.5 0 0.821828 -0.0710762 -0.565285
22.87 56.4755 35.3645 0.271657 0 -3.9 0 -0.707621 -0.078018 0.702272
54.5749 45.1301 38.092 2.23686 0 2.93683 0 -0.383864 0.803796 -0.454489
31.5801 22.3358 41.1609 -0.97779 -0.791823 -0.4 0 0.328086 -0.0114605 -0.944578
12.329 38.576 37.4202 -1.19446 -0.106599 -3.5 0 -0.702798 -0.517526 0.488101
57.0218 19.6261 46.938 -1.71929 -0.0686656 -3.5 0 -0.156784 0.237993 0.958529
78.447 38.103 15.395 -1.4676 -0.241848 -3.5 0 0.956824 -0.19338 -0.217007
47.818 13.8582 51.164 0.456702 0.144079 -4.5 0 0.186989 -0.817981 -0.544005
15.781 56.599 45.7215 0.0182649 0 4.2 0 -0.974904 0.0522691 -0.216403
75.573 50.818 33.6315 -0.100308 0 -4.5 0 -0.663943 -0.697103 0.270605
30.9496 21.1982 41.6849 -0.588701 -0.414413 -0.4 0 0.0957439 -0.748785 -0.655861
33.53 43.9009 54.8246 0.593829 0.170524 -4.414 0 -0.502218 -0.62665 0.595892
45.451 15.2545 34.888 -0.657485 0 -0.4 0 -0.515138 -0.443669 -0.733342
57.2965 27.4599 30.7899 -0.122587 0 2.8 0 0.6632 -0.569997 -0.485047
26.2269 28.3482 42.1273 -0.311018 0 4.2 0 -0.863393 -0.299826 -0.405779
63.6404 49.2912 18.2979 0.154121 0 1.8 0 0.0471445 -0.507366 -0.86044
74.2558 41.0276 23.3821 -0.435936 0 3.01149 0 0.763138 -0.414517 0.495778
38.3465 20.3185 41.4255 -0.640702 0 4.5 0 -0.800276 -0.522459 -0.29427
56.2412 49.8918 48.7845 0.56184 0 -3.16411 0 0.899995 0.434237 0.0380514
25.1408 50.7711 21.4827 0.586235 0.39591 -4.5 0 -0.860535 0.46989 -0.196683
46.445 63.4033 43.0329 0.540554 0 -4.5 0 0.445896 0.88931 0.101505
76.7979 60.2598 28.5025 -2.08707 -0.100349 -3.5 0 0.647488 0.5019 0.573459
56.248 24.567 41.5704 -0.274266 0 3.8 0 0.94856 0.148084 0.279829
33.427 25.4295 43.6253 -0.235581 0 4.2 0 0.504995 -0.201475 -0.839278
38.016 66.3891 39.5225 -1.59671 -0.875146 -3.5 0 0.331042 0.907305 0.259247
51.4352 39.6488 23.9013 0.541954 0 -3.9 0 -0.182893 -0.569437 -0.801431
52.479 35.8625 31.6305 1.16844 0 -0.4 0 0.896656 -0.30058 -0.325052
55.9683 64.1083 40.323 -0.927234 0 -4.5 0 -0.558539 -0.638685 0.52926
30.2826 60.6608 35.7832 -0.0733568 -0.30422 -1.6 0 -0.254094 0.961316 0.106336
53.8633 33.3058 24.7952 0.926696 0.655099 -4.5 0 -0.925444 0.334847 0.177288
56.7082 38.4105 48.3751 -0.385888 -0.666121 -3.5 0 -0.0464738 -0.913589 -0.403975
38.2885 51.1968 42.7864 9.9576 0 -3.9 0 -0.230501 -0.448216 0.863697
26.5947 57.0246 29.019 0.529795 0 -0.8 0 -0.668091 0.358758 0.65188
45.8571 59.25 36.4238 1.424 0 -4.5 0 -0.976398 -0.0829749 -0.199404
51.863 15.8155 45.0565 0.190302 0 -3.5 0 -0.102994 -0.617772 0.779583
46.5742 48.4716 26.1648 0.329037 0 -0.168209 0 -0.646552 -0.225736 -0.728707
23.5177 24.0665 45.49 0.359686 0 -3.9 0 -0.328971 -0.565531 -0.756275
34.3141 49.4745 55.3724 0.532221 0 -4.5 0 0.61076 0.719818 0.329901
30.2603 32.2074 62.0243 0.021964 0 -0.8 0 -0.0520716 0.112642 0.99227
38.4675 19.4585 41.949 -0.971533 -0.64839 4.5 0 -0.686805 -0.444891 -0.574779
53.8898 16.1224 37.3176 0.257193 0 -3.9 0 -0.140598 -0.873827 -0.465467
50.139 54.5887 28.2931 0.94228 0 -4.5 0 -0.522844 0.27067 -0.808314
63.4347 65.4717 26.6713 -0.574779 -0.0667677 -0.8 0 0.404888 0.913631 0.0366698
14.7516 45.5075 38.9131 1.31496 0 -3.9 0 -0.976205 -0.190968 0.10274
69.3668 53.1488 17.7716 0.626779 0 -4.5 0 0.062452 -0.333273 -0.94076
42.5199 44.8874 18.5535 1.73334 0 -3.9 0 -0.384174 0.895292 0.225527
49.9603 25.2306 48.9227 -0.347273 0 -3.5 0 0.3636 -0.928955 -0.0695502
34.6471 58.1562 44.3882 0.709716 0 -0.4 0 -0.821964 0.259251 0.507114
35.3209 26.8434 54.6091 -0.0117152 0 -3.5 0 0.379923 -0.556545 0.738862
32.7672 60.1538 32.8349 0.372995 0 -1.6 0 0.627059 0.5158 -0.583736
45.1432 52.1572 61.1613 -0.052145 0 -0.8 0 -0.852792 -0.299135 0.428093
34.8582 38.063 21.6915 -0.486321 0 1.8 0 -0.73922 0.262924 0.62002
54.4403 37.7272 29.3768 0.950534 0 1.885 0 0.43014 -0.61775 0.658305
16.1716 48.8746 33.6821 -0.00911712 0.41228 -4.5 0 -0.866294 0.381967 0.321926
61.5447 61.2684 20.4931 0.0585543 0 4.2 0 -0.305193 0.322304 -0.89609
59.0872 45.1195 56.488 -0.12913 0 -3.5 0 0.726255 -0.630753 0.273322
59.62 65.6905 21.847 0.104727 0 1.8 0 -0.325715 0.521422 -0.788688
56.4793 17.0074 40.1219 -0.018914 0 -3.60275 0 0.847016 -0.195674 -0.494242
24.209 57.9082 31.1671 3.03567 0.215179 -3.9 0 0.367598 0.0758206 -0.926889
16.3854 45.1455 35.3681 -0.670631 0 -3.5 0 -0.959177 0.268456 -0.0889416
58.6661 65.2791 42.5467 -0.384098 0 -4.5 0 -0.126835 0.356685 0.925575
42.1214 26.7635 23.5251 1.93891 0 -3.9 0 0.997942 0.0617344 0.0173528
61.319 39.559 41.3055 0.286709 0 1.8 0 -0.0856592 -0.995215 0.0470058
31.1874 55.2393 43.7651 1.32856 0.955733 -3.5 0 -0.0967917 -0.441411 0.89207
35.975 60.335 47.508 0.288129 0 -3.5 0 -0.870853 0.491515 -0.00531839
51.8848 40.7436 23.1771 0.760377 0 -3.9 0 -0.252415 -0.476504 -0.842158
58.7254 47.8091 43.8823 0.0387122 0 0.0733514 0 0.571417 -0.781574 0.250251
83.9605 44.1336 28.9125 0.0127324 0 -0.4 0 0.906954 -0.0576602 -0.417266
49.9888 32.1134 29.1061 0.119745 -0.725566 -3.5 0 0.0812433 0.6375 -0.766155
35.9062 47.232 41.1123 4.98721 -0.225237 -0.8 0 0.793567 -0.347601 0.499424
26.9967 47.4372 25.9207 -1.32363 -0.777419 4.2 0 -0.445459 0.0244852 -0.894967
61.1119 48.8741 22.2684 0.325727 0 4.5 0 -0.430484 -0.208611 -0.87816
44.0346 32.839 21.219 -0.366892 0 -3.5 0 0.79407 0.5574 -0.242402
43.4473 48.9265 58.8919 0.891007 0 -4.5 0 -0.607508 0.635905 0.475982
43.0731 40.2021 42.7274 5.21473 0 2.6859 0 0.34454 0.568604 0.746981
51.8091 43.0822 64.2761 0.955695 0.231205 -0.4 0 0.414606 0.42996 0.80202
22.4309 38.118 18.7056 1.03187 0.371841 -4.5 0 0.569839 -0.623136 -0.535709
74.845 39.239 22.984 -0.115722 0 -3.5 0 0.736625 -0.0459505 0.674739
31.4858 36.1389 61.1673 0.244177 0 -0.7 0 0.500425 -0.254283 0.827596
63.1966 60.4147 39.8459 -0.175028 0 3.8 0 0.471206 0.732125 -0.491892
75.133 45.548 19.752 -0.258788 0 1.8 0 0.812251 0.583281 -0.00572005
52.4044 37.0904 50.4734 2.35087 0 -3.9 0 -0.0233512 -0.135361 -0.990521
73.4055 39.9081 15.407 -0.0334776 0 -3.5 0 -0.529574 0.491493 -0.691365
61.2564 68.3895 29.0007 0.179843 0 -4.5 0 -0.33421 0.280951 -0.89965
65.0222 37.5715 32.7695 0.298095 0 -3.5 0 0.422554 -0.669071 -0.611386
57.4776 27.8594 41.9256 -0.269857 0 -3.5 0 0.496012 -0.497135 0.711919
51.0991 59.7583 44.7894 -1.17729 -0.0890099 -3.5 0 -0.572888 0.490359 0.656771
60.7409 37.8478 34.5085 0.979866 0 -1.6 0 -0.173205 -0.712353 -0.680113
50.73 54.3244 25.6409 0.203102 0 3.8 0 -0.794242 0.571438 0.20649
60.9157 58.5846 19.6166 -0.0206552 0 -0.7 0 -0.42038 0.335996 -0.842844
85.3873 48.6579 28.3069 -0.31858 0 -3.5 0 0.973508 -0.0309436 -0.226549
66.6721 41.2472 34.1019 -1.08794 0 -3.5 0 0.759488 0.234815 -0.606664
42.8011 39.3806 48.0289 4.94472 0 2.69252 0 -0.336968 0.539399 -0.771687
47.1971 57.7761 44.1527 0.279689 0 -3.5 0 0.577918 0.454621 0.677739
75.5019 55.4521 23.9858 -0.0919413 0 -3.5 0 0.765237 0.537149 -0.3548
40.3745 37.9168 13.6498 1.31597 0 -3.9 0 0.754502 0.549194 -0.359324
27.0536 38.7052 58.4211 -1.69521 -0.560029 -3.5 0 -0.370382 0.678315 0.634592
35.1935 59.3068 45.0775 1.06163 0 -0.4 0 -0.90243 0.128221 0.411313
44.089 52.8127 32.8252 0.438085 0 -1.8975 0 -0.455795 0.250737 0.854038
39.2846 55.6532 54.006 0.689294 0 -0.7 0 -0.591677 0.770752 -0.236346
53.4309 32.0024 50.8952 0.465002 0 -4.5 0 0.717069 -0.697001 0.00115586
41.0199 21.6756 51.5704 0.318297 0.0735534 -4.02738 0 -0.606766 -0.284468 0.742235
31.8449 58.4469 48.3529 1.49444 0 -3.9 0 0.507537 -0.815128 0.279236
15.2764 37.6334 47.2382 1.20637 0 -4.5 0 -0.820496 0.556533 -0.130607
39.355 49.388 48.0718 6.12276 0 -3.5 0 -0.171223 -0.701871 -0.691418
62.2976 60.8754 19.8914 0.0841959 0 4.2 0 -0.159618 0.463454 -0.871626
80.7469 53.0211 29.4204 -0.492731 0 -4.5 0 0.392545 0.827151 -0.402156
71.5027 60.4156 27.6354 0.260737 0 1.9 0 0.67863 0.71787 -0.15532
58.5121 43.4076 45.7366 -0.12855 0 -0.281322 0 0.47491 0.763916 0.436913
45.5879 50.5386 60.5485 0.100069 -0.216953 -0.8 0 -0.577867 -0.428241 0.694751
62.5036 38.6156 21.9277 0.93883 0 -4.5 0 -0.2621 -0.927188 -0.26763
43.2938 55.9818 40.8494 1.41483 0 -1.3 0 0.170945 -0.0119634 -0.985208
59.0902 41.8811 24.6871 0.565 0 -4.5 0 -0.62635 0.511114 -0.588598
61.7693 49.1782 21.4486 0.671244 0 1.8 0 -0.801457 -0.48251 -0.353343
35.1685 44.6685 43.299 5.8659 0 -3.5 0 0.933677 0.209479 -0.290457
39.3913 65.0125 48.696 0.35969 0 -1.6 0 -0.264703 0.917096 0.298106
30.9918 50.0723 53.6535 0.990598 0.792877 -3.71347 0 0.0248649 0.793129 0.608546
81.0606 44.8607 26.9453 -0.347727 -0.385966 3.8 0 0.359638 -0.813975 -0.456186
61.6079 28.3775 36.1202 0.805013 0 -4.5 0 0.903375 -0.413113 0.115116
69.5781 46.4364 17.1505 0.0563598 0 1.8 0 0.316557 -0.370204 -0.87335
39.0353 56.7261 38.272 1.05894 0 -3.5 0 0.107684 0.687124 -0.718516
52.2332 56.5078 53.4139 0.0833855 0 3.8 0 0.109551 0.913741 -0.391249
14.8065 31.2428 45.2655 -1.42701 -0.185234 -3.5 0 -0.829224 -0.163581 -0.534442
57.419 38.5263 38.4523 0.945335 0 4.2 0 0.896622 -0.202586 0.393736
39.0689 33.8911 17.972 -0.0317935 0 -3.9 0 0.140822 -0.72679 -0.672269
53.7514 56.9431 23.0709 0.0977457 0 0.11942 0 -0.295212 -0.325944 -0.898115
38.5807 21.8364 38.8955 -0.224537 0 4.5 0 -0.832452 -0.319173 -0.452937
54.1841 21.0777 46.1217 0.418307 0.779326 -3.5 0 0.476389 0.0896133 0.874656
80.7616 50.3175 25.8463 -1.7538 0 -3.5 0 0.550664 -0.183294 -0.814354
31.3551 53.139 52.219 0.612242 0 1.40274 0 0.782037 0.201432 0.589782
53.6735 36.3833 50.2779 4.46319 0 -3.9 0 -0.409719 -0.124865 -0.903625
24.4393 32.6268 22.618 0.495866 0 -2.4311 0 0.543996 -0.836676 -0.0635822
34.3446 33.9603 58.4058 3.09844 0 -3.9 0 0.234945 0.123233 0.964165
50.5003 48.3563 45.75 3.63823 0 4.2 0 0.276436 0.827814 -0.488168
75.7162 41.4701 22.5851 0.366472 0 1.8 0 0.352595 -0.674715 0.648411
38.1696 23.639 38.5744 -0.25385 0 4.5 0 -0.642803 -0.401301 -0.652504
67.3702 38.4438 23.4702 0.597736 0 -2.15037 0 0.110007 -0.964168 0.241409
26.1292 58.8855 37.5255 0.142797 0 -3.9 0 -0.210765 0.54559 0.811116
35.4844 43.6329 57.1168 -0.140888 0 4.2 0 -0.782839 0.136964 0.606963
20.2012 31.1148 19.2491 0.887343 0 -4.5 0 -0.317873 -0.454239 -0.832241
19.0561 35.4914 22.4923 0.671995 0 -4.5 0 -0.92961 0.260442 -0.260757
44.233 28.7315 25.9705 0.0531389 0 -4.5 0 -0.0813556 -0.7454 -0.661635
17.1758 36.798 35.6097 -0.209891 0 3.8 0 -0.52846 -0.719576 0.45049
42.9926 17.955 52.3369 0.539865 -0.11044 -4.38555 0 -0.0749214 0.442123 0.89382
34.7881 62.4021 38.4606 0.359919 0 -3.5 0 -0.440225 0.0867901 -0.893683
49.2801 42.2806 65.5665 0.397129 0 1.8 0 0.273874 0.5851 0.763316
67.5441 41.5016 38.1775 -0.219592 0 -0.180429 0 0.964645 -0.263537 0.00280807
80.7317 54.1069 31.6358 0.202623 0 -4.5 0 0.649516 0.749172 -0.129885
39.7278 41.5827 16.6548 0.686228 0 -3.9 0 0.0974263 0.0974158 -0.990464
66.0823 65.6366 29.383 -1.59593 -0.894223 -3.5 0 -0.226034 0.830128 0.509702
71.3777 41.2219 29.135 0.352799 0.479013 0.424869 0 0.379143 -0.423295 0.822844
70.4833 40.301 19.7985 -0.0692644 0 1.8 0 -0.30112 -0.767495 -0.565931
56.8309 45.8345 48.8093 0.163729 0 2.8 0 0.917979 -0.381214 0.109499
68.8751 64.3491 25.2728 0.0391757 0 -3.5 0 0.640272 0.643117 -0.420062
39.2455 30.9277 19.5497 0.21686 0 -3.5 0 0.632749 -0.159149 -0.757826
27.9159 49.6693 53.7282 1.17041 0 -0.4 0 0.496843 -0.434002 0.751525
51.9865 36.2676 46.9776 1.90428 0 -0.497465 0 0.243049 0.434104 0.867457
21.0941 47.2926 51.7 -1.84006 -0.291095 -3.5 0 0.163575 0.919898 0.356414
83.2237 49.825 31.1992 -0.688258 0 -3.5 0 0.600798 0.774478 0.198053
65.7911 56.8679 20.9351 -0.0632435 0 1.8 0 0.146478 0.0656871 -0.987031
36.1356 50.4847 43.0882 6.47751 0 2.8 0 0.772032 -0.329474 0.54352
21.6787 32.1152 26.5901 0.306504 0 -4.5 0 0.655276 -0.74126 -0.145422
72.9075 60.0835 29.65 -0.403777 0 1.9 0 0.660266 0.381013 0.647207
54.7057 61.7342 29.694 -0.527158 -0.0118103 3.8 0 -0.24512 0.303734 0.920686
53.1912 14.1508 40.4647 0.263438 0 -3.02889 0 0.584066 -0.811634 0.0108169
61.5679 38.1533 32.2451 3.19705 0 -3.5 0 -0.512379 -0.848325 0.133461
27.3099 54.5973 27.7789 -0.934368 -0.42284 -0.8 0 -0.971657 -0.218701 -0.0897404
41.0908 47.976 41.4556 5.55653 0 -0.4 0 -0.0701804 0.0681293 0.995205
58.6669 37.1512 25.5714 0.86028 0 -3.38541 0 -0.11083 -0.3777 -0.919271
54.7145 55.7598 23.5004 0.484966 0 0.681722 0 -0.336928 -0.306834 -0.89013
14.1029 41.8201 45.9814 0.660344 0 -4.5 0 -0.772715 -0.626975 -0.099062
37.3929 63.4514 47.8645 0.434567 0 -1.6 0 -0.695491 0.63179 -0.342246
58.8872 47.9269 36.5149 1.80589 0 3.8 0 -0.799211 0.122354 -0.588465
58.4702 66.3592 24.2304 0.700214 0.404104 1.8 0 -0.822656 0.492542 0.28397
54.2619 58.9591 32.9226 0.490769 0 3.8 0 -0.308327 0.924558 -0.223892
29.7817 61.1107 47.4348 1.52644 0 -3.9 0 -0.37644 0.915453 -0.142262
53.8993 55.4652 57.5234 0.189272 0 1.8 0 0.06484 0.966025 0.250185
40.0944 39.2056 46.3116 3.37646 -0.234221 -0.7 0 0.767253 0.60754 -0.205468
53.654 37.3713 31.6215 0.0533916 -0.146514 1.9 0 0.94948 -0.305076 -0.0735989
45.9707 54.5934 60.4539 -0.201884 0 -0.8 0 0.0419454 0.968191 0.24667
46.9566 31.1202 22.2243 0.519788 0.114351 -4.5 0 -0.135296 -0.276478 -0.951449
36.7379 60.5128 48.8003 0.391089 -0.671246 -3.1229 0 -0.568917 0.455757 0.684558
75.052 53.0764 33.2245 -0.00884953 0.926874 -4.5 0 -0.796809 0.55223 0.245229
56.845 43.8278 58.2683 -0.270566 0 -3.5 0 0.531465 -0.842287 -0.0899867
40.29 54.717 27.039 0.596689 0 -4.5 0 0.827052 0.225413 -0.51495
21.039 31.9377 28.5316 0.557221 0.773618 -4.5 0 0.00948088 -0.715138 0.698919
49.8108 40.0447 24.3278 0.527336 0 -3.9 0 -0.423162 -0.332444 -0.842861
82.7325 48.4122 26.5693 -0.248536 0 -1.81754 0 0.344328 -0.180974 -0.921242
30.3428 47.2345 54.0653 1.04238 0 -4.5 0 -0.463135 0.400465 0.790654
72.9262 54.562 20.0707 -0.988191 0 -3.5 0 0.711618 -0.315249 -0.627868
53.5014 60.9243 33.9432 0.442131 0 3.8 0 -0.130786 -0.0724034 -0.988763
79.8291 40.9445 28.087 -0.191933 0 1.8 0 0.910593 -0.366065 -0.191876
46.8706 14.4419 50.8269 0.518786 0 -4.5 0 0.0380592 -0.708692 -0.70449
60.7575 51.0995 20.2425 0.138998 0 1.8 0 -0.786238 -0.203957 -0.583293
27.8181 43.1584 22.3967 0.442206 0.631683 -3.5 0 -0.649191 0.710994 -0.270257
55.9718 61.9471 30.1393 0.192745 0 3.8 0 -0.754948 0.15659 0.636815
71.7008 57.953 30.1635 -0.0845139 0 1.9 0 0.57714 -0.188959 0.794484
24.7267 33.8865 28.7088 -0.334558 0 -4.5 0 0.0301339 -0.937119 0.347708
63.9649 66.8805 28.7623 0.0412711 0 -4.5 0 0.891135 0.369145 -0.263837
76.6958 49.0356 33.2767 -0.598878 0 2.5 0 -0.113297 -0.0678773 0.99124
63.5211 40.9703 43.4874 0.243839 0 1.8 0 0.19807 -0.510658 0.836658
45.0981 25.2281 51.0271 0.237651 0.678746 -4.5 0 0.946633 -0.225881 0.229921
54.837 53.4645 35.8115 2.3264 0 3.8 0 0.133311 -0.980428 -0.144878
29.8123 37.86 27.036 -2.1381 0 1.8 0 -0.247198 -0.431174 -0.867745
24.9734 35.087 18.5289 0.472422 0 4.2 0 -0.380641 0.065185 -0.922422
31.2687 47.9135 54.4022 1.41979 0 -4.5 0 -0.813042 0.148206 0.563026
29.6309 55.009 50.3976 0.893679 0.0485298 1.8 0 -0.28266 0.770916 -0.570782
30.7218 27.5889 32.3584 0.712154 0 -0.4 0 -0.777723 -0.549322 0.305602
28.6916 47.5662 24.3049 0.0878224 0 3.8 0 -0.949003 -0.289359 -0.125158
62.3383 43.8418 25.2381 0.480404 0 1.8 0 -0.873982 0.454272 -0.172603
68.2409 56.935 32.6044 -0.700124 0 3.8 0 -0.120864 0.852897 0.507896
21.8754 30.771 53.1894 0.290909 0 -2.04575 0 -0.114038 -0.45759 0.88182
40.9821 56.316 56.8996 -0.171491 -0.587278 -0.7 0 0.261551 0.924006 0.278935
57.3026 43.3914 25.421 -0.0936783 -0.334103 3.8 0 0.215601 0.00054725 -0.976481
17.8166 48.6071 43.5879 -0.314388 0.00690737 -3.00507 0 -0.529758 -0.124369 0.838981
67.0492 54.8872 19.9936 0.323352 0 -4.5 0 -0.57531 0.592831 -0.563533
28.3681 28.9755 39.1855 -1.05562 0 -3.5 0 -0.555014 -0.829996 -0.0553693
44.4779 42.0765 17.2124 1.68469 0 -3.9 0 0.712178 -0.677597 -0.183477
44.9943 54.3332 39.9632 1.53379 0.114329 -3.2 0 -0.601506 0.683049 -0.414288
18.4974 40.7895 28.8479 0.0493499 -0.0209226 -0.579817 0 -0.361918 0.929554 -0.0703172
57.1138 26.6741 40.9104 0.0644653 0 -3.5 0 0.640633 -0.522493 0.562663
32.4291 41.9723 24.6611 -0.693929 -0.545585 3.8 0 0.58759 -0.285679 -0.75705
56.4659 36.0785 25.1138 1.21029 0 -0.832977 0 -0.187446 0.620759 -0.761264
67.0859 44.9426 32.1689 -0.85399 0 -3.5 0 0.935112 -0.228615 0.270741
15.6977 33.8438 44.7536 -0.565661 0 3.15575 0 -0.926778 0.221389 -0.303429
35.6019 42.4221 14.4375 0.483674 0 -3.5 0 0.372608 0.530295 -0.761545
68.7182 38.1012 39.5014 0.613931 0 -4.5 0 0.888047 0.419251 -0.188685
62.2195 49.9738 45.2551 0.673041 0 -1.6 0 0.0266759 0.103939 0.994226
46.8668 46.9263 60.6771 0.391718 0 -4.5 0 0.207867 0.48379 0.85014
48.109 23.0225 47.5625 0.25179 0 -4.5 0 0.768288 0.068247 0.636456
40.9989 15.9594 44.668 0.524491 0 -4.5 0 0.76574 -0.642385 0.0313736
14.7504 39.0819 42.632 -0.00771892 0 -0.7 0 -0.778071 0.529313 0.338279
22.3266 55.3375 41.5415 -0.438116 0 -0.8 0 -0.552365 0.303233 -0.776494
16.9936 57.5076 44.6051 0.0485382 0 4.2 0 -0.769161 0.271254 -0.57863
49.967 17.6024 33.1722 -0.169702 0 1.9 0 0.277495 -0.853473 -0.441113
49.9856 60.2891 33.1259 0.868581 0.0323644 -4.5 0 0.612589 0.749936 0.249662
43.481 40.5945 20.365 0.208469 0 -0.50201 0 0.922796 -0.269109 -0.275732
38.371 25.0614 54.2924 0.773303 0 -4.5 0 -0.658391 0.04177 0.751517
15.013 42.4182 33.7471 -0.506212 0 -3.5 0 -0.80399 0.587637 -0.0910105
29.5422 60.5869 32.9811 0.749832 0 -1.6 0 -0.425641 0.806449 -0.410452
28.208 46.9249 25.4294 -0.4493 -0.0386685 3.99574 0 -0.78673 -0.0569944 -0.61466
36.4655 29.1765 21.3162 -0.775503 0 -3.5 0 -0.112164 -0.780896 0.614509
50.2793 18.3711 47.0303 -0.0597952 0 -4.02332 0 0.454859 -0.388417 0.801396
65.8415 37.6623 36.7365 0.0845319 0.475359 -4.17724 0 0.21912 -0.941729 -0.255213
48.2872 46.4313 42.6239 4.13556 0 -0.822358 0 -0.471067 0.281006 0.836141
24.7208 36.7139 18.4737 0.421522 0 4.2 0 -0.365544 0.209405 -0.906933
45.0119 62.9144 41.9176 0.762936 0 -4.5 0 -0.385277 0.86967 -0.308604
64.5098 60.3018 33.5734 -0.678075 0 -3.5 0 0.955154 0.132446 0.264836
38.4633 58.2047 31.464 -0.145425 0 -3.2 0 -0.166335 0.87449 -0.455631
25.2485 41.3509 22.1001 0.0464074 0 -3.2 0 -0.55036 0.803763 -0.225982
52.0057 45.5207 37.3908 2.68412 0 3.8 0 0.381051 0.858228 -0.343868
34.8145 28.7805 20.9692 -1.58406 -0.369231 -3.5 0 -0.381575 -0.759877 0.526296
50.529 33.7847 29.4903 1.80275 0 -2.28818 0 -0.200009 -0.25222 -0.946774
66.5228 48.735 17.8988 0.261859 0 1.8 0 -0.643285 0.139893 -0.752738
39.3568 60.5213 43.7347 0.0634027 0 -4.25264 0 0.344312 0.917227 -0.200359
55.1575 47.9038 40.6896 3.05009 0 1.9 0 -0.53382 0.837045 0.119969
54.7748 49.93 44.2458 3.60554 0.277042 -3.95734 0 -0.811672 0.0816624 -0.578377
57.113 65.6554 31.9142 0.281143 0 -4.5 0 -0.847935 0.475465 -0.23439
19.2278 28.3096 42.3129 -0.171654 -0.196705 -3.82288 0 -0.280141 -0.611517 -0.739978
57.0722 33.4687 30.0187 1.46395 0.0910375 2.8 0 0.121462 0.702791 0.700951
24.3653 43.7431 24.2209 0.374139 0 -1.6 0 -0.611159 0.368787 -0.700343
74.2256 40.1849 27.5627 -0.152513 0 1.8 0 0.292299 -0.889712 -0.350675
56.7239 51.0244 52.5241 0.613153 0 -1.6 0 0.09255 0.959109 0.267477
52.0375 32.9367 29.3078 4.15725 0 -3.9 0 0.193426 0.394339 -0.898378
28.4508 56.3262 25.548 0.0393011 0 -3.2 0 -0.853327 0.37892 -0.358124
40.2911 49.0163 47.6557 5.68812 0 -3.5 0 -0.659359 -0.580605 -0.477644
17.6168 44.4076 31.5007 -0.895909 0 -3.68625 0 -0.452595 -0.433563 -0.779218
50.1055 40.1945 56.1894 0.62481 0 -1.6 0 0.482357 -0.418469 0.769556
43.9688 39.7241 23.7881 -0.0170384 0 1.3054 0 0.876767 0.135335 -0.46148
26.9342 35.8009 24.7571 -0.24672 0 2.24133 0 0.700946 -0.481179 0.526443
72.1451 44.4896 16.9496 0.732833 0 1.8 0 -0.636237 -0.0798693 -0.767348
38.8901 52.3779 45.416 6.7343 0.191815 -0.518569 0 -0.359703 -0.897699 -0.254462
56.0248 17.2348 38.9958 0.797119 0 -3.59651 0 0.945178 -0.313445 -0.0916024
50.1058 39.6118 61.0817 -1.20633 -0.251784 1.8 0 0.232561 -0.566265 -0.790734
60.6872 30.1551 34.3176 0.893356 0 -4.5 0 0.746137 0.104114 -0.657601
52.3255 25.1135 47.4995 0.0127882 0 -3.5 0 -0.0676243 -0.940384 0.333324
19.9005 45.3416 52.9961 -0.465627 0 -3.5 0 -0.323189 0.291116 0.900444
40.1954 18.5059 34.2837 -0.121532 0 -0.7 0 0.0413826 -0.795144 -0.605008
44.6934 47.3356 26.7786 0.92609 0 2.39671 0 -0.163518 0.311974 -0.935913
69.1556 44.3358 37.7619 -0.301417 0 2.8 0 0.901426 -0.415154 -0.122794
58.6464 29.6143 32.5135 0.447166 0.161066 1.58121 0 0.886097 0.0229137 -0.462934
38.0804 61.4365 39.606 0.458748 0 -3.5 0 0.844072 0.0101862 -0.536133
53.1235 52.0998 40.994 3.39219 0 1.8 0 -0.199121 -0.949125 0.24395
43.6128 50.5975 57.595 0.756924 0 -3.5 0 -0.527775 0.176619 0.830818
74.7752 60.3214 27.9389 -1.80074 -0.0902695 -3.5 0 -0.557946 0.817943 0.140232
25.7595 51.6276 28.8456 -0.0757449 0 4.2 0 -0.160778 0.941238 -0.297022
56.9123 63.6745 41.1985 -0.504903 0 -4.5 0 -0.809353 -0.532306 0.24819
21.9704 51.5788 45.0909 0.52127 0 1.8 0 0.216452 0.620498 0.753745
67.0686 44.3599 33.6022 -1.22561 0 2.8 0 0.748642 -0.390659 -0.535649
33.9814 38.0433 20.808 -0.350793 0 1.8 0 -0.739501 0.237234 0.629967
40.8166 40.5811 58.4256 -0.366657 0 -0.8 0 -0.234583 -0.855069 0.462415
33.7834 59.3198 35.9367 1.20821 0 -3.5 0 0.757984 0.638702 -0.132364
27.6916 55.6128 26.6889 -0.770001 -0.675174 -0.8 0 -0.698191 -0.200309 -0.687318
68.654 36.0203 41.4893 0.535931 0 -4.5 0 0.311913 0.055604 0.948482
46.0334 58.3238 54.5304 -0.949677 0.395393 -3.97952 0 0.132314 0.959735 0.247793
32.7104 39.6556 26.8361 -0.78423 -0.0742834 2.17987 0 0.225943 -0.519855 -0.823833
39.7998 38.2057 57.3198 -0.0143904 0 3.8 0 -0.328974 0.234953 0.914644
58.424 27.4562 39.9538 0.0365986 0 -3.5 0 0.739278 -0.643143 0.199585
23.8022 51.156 31.1554 -0.0507584 0 3.15898 0 -0.614233 0.788917 0.0180922
47.1358 53.5894 30.9903 0.588747 0 4.2 0 -0.515215 0.812836 -0.271754
27.161 53.0687 25.8785 -2.69747 0 -3.5 0 -0.663332 0.732351 -0.153796
46.285 14.1725 53.504 0.121564 0 -4.5 0 -0.262864 -0.912717 0.31281
51.1608 28.4257 51.1219 -0.573513 0.36667 -3.5 0 0.235078 0.406312 0.882977
17.0795 31.848 21.625 0.401756 0 -4.5 0 -0.886425 -0.11032 -0.449533
68.0495 39.9845 34.7045 -1.48031 0 -3.5 0 0.909993 0.414623 -0.000880124
74.5771 53.5461 22.2311 -1.20015 0 -3.5 0 0.410078 -0.667928 -0.621054
71.5815 56.164 18.0985 -0.290725 0 -4.5 0 0.694508 0.184843 -0.695335
24.1528 35.3399 19.138 0.708168 0 4.2 0 -0.661235 -0.0522445 -0.748358
57.1819 46.1074 25.5809 0.928703 -0.0571682 3.8 0 0.365432 -0.324235 -0.872543
46.6768 46.1592 47.0438 4.80783 -0.862249 -0.8 0 -0.444399 0.332938 -0.831662
51.4473 17.456 34.0223 -0.273158 0 1.9 0 0.205753 -0.928941 -0.307788
37.682 31.523 54.4043 0.0855246 0 -3.15333 0 -0.0954719 0.223583 0.969998
49.9422 49.3575 64.449 0.5633 0 -4.5 0 -0.930145 -0.147966 0.33606
40.5622 24.1583 24.1162 1.36041 0 -3.9 0 -0.236008 -0.93061 -0.279758
46.6374 42.8124 46.0443 4.99314 -0.307036 -0.762633 0 -0.730872 -0.558731 -0.391976
27.9531 54.191 23.1419 -0.7624 0 -3.2 0 -0.967811 0.176113 0.179792
59.7041 47.4821 51.1659 0.0272688 0 -1.6 0 0.975777 -0.200416 -0.0877118
61.2169 46.5332 22.4168 0.285293 0 4.22658 0 -0.675093 -0.146345 -0.723071
53.0518 31.9579 49.7616 0.0656703 -0.537879 -3.88483 0 0.880232 -0.433894 -0.192164
29.257 59.3149 32.3058 0.80447 0 -1.6 0 -0.514709 0.299115 -0.803496
45.8189 41.4655 42.8216 5.91857 0 -1.3 0 -0.585463 -0.330288 0.740367
21.512 42.8444 25.7719 0.183656 0 3.8 0 -0.249853 0.663035 -0.705661
48.123 34.9103 53.6 0.854259 0.287821 -4.16385 0 0.469986 0.150971 0.869667
42.7879 52.1136 27.4204 0.254378 0 -3.5 0 0.0951043 0.48895 -0.867112
47.0088 19.9265 29.0895 -0.0390882 0 -3.5 0 -0.369714 -0.83254 0.41254
22.9643 39.646 22.6385 0.757857 0 -3.82853 0 -0.14137 0.98878 0.0482474
55.1439 27.8716 48.0845 0.0427267 0 -3.5 0 0.961793 0.272229 0.0290705
66.0042 57.568 37.2866 -0.992234 0 -3.5 0 0.356617 0.718916 0.596644
57.7824 49.896 31.5982 2.05459 0 3.8 0 -0.649677 -0.206078 0.731746
55.0299 42.112 30.5349 1.23647 0 1.8019 0 0.385836 -0.900067 -0.202511
59.2332 34.2897 22.5569 1.43076 0 -4.5 0 0.26281 0.75562 -0.599975
27.4166 59.6 37.0778 0.224558 0 -3.9 0 -0.0786636 0.828245 0.554817
51.2789 42.645 58.8354 -0.10033 0 3.8 0 0.204977 -0.97622 -0.0705658
27.171 37.6456 59.5616 0.428653 0 -0.7 0 -0.647981 0.655895 0.387197
27.9895 33.0855 31.6835 -0.45013 0 1.8 0 -0.2603 -0.672127 -0.693173
54.1642 30.7815 23.1378 1.23562 0.00868449 -4.5 0 -0.940188 -0.0244441 -0.339777
23.8969 54.456 36.1092 -0.929873 0 -1.6 0 -0.666237 0.5252 0.529427
70.7975 54.693 32.2072 -0.40868 0 3.8 0 0.818579 0.126935 0.560192
54.3574 61.8704 38.7973 -0.10332 0 3.8 0 -0.20062 0.136388 0.970129
67.6569 52.7989 35.9938 -0.745366 0 3.8 0 0.86276 0.50536 0.0160032
33.2316 39.7384 19.4409 -0.362444 0 1.8 0 -0.816726 -0.190735 0.54459
56.6173 18.2635 33.1807 1.59663 0 -3.9 0 0.840343 -0.361459 -0.403944
34.2347 26.0685 43.9681 -0.286225 0 -0.121157 0 0.195 -0.338103 -0.920685
70.1657 50.7369 19.3656 -0.0272798 0 -4.5 0 0.620176 -0.100657 -0.777978
58.3666 28.3844 32.6263 0.262749 0 2.8 0 0.783019 -0.331443 -0.526334
81.9109 52.5556 27.8674 -1.70972 0 -3.5 0 -0.441705 0.897117 0.00878932
22.3314 25.005 48.0461 1.36964 0 -3.9 0 -0.939505 -0.306598 0.152736
73.1013 39.5626 26.2384 -0.207924 0 1.77658 0 0.866835 -0.453868 -0.206399
43.3126 35.3904 20.6629 0.0217712 0 3.8 0 0.595798 -0.344543 -0.725476
68.4386 63.529 22.41 0.646918 0 1.43979 0 0.734452 0.656954 0.17027
38.0624 41.0317 16.3795 0.894279 0 -3.9 0 0.387804 0.400922 -0.829982
34.4637 23.1789 26.6466 0.558984 0 -4.5 0 -0.410031 -0.497165 -0.764658
49.5033 49.9198 47.3429 3.57263 0 4.2 0 0.499099 0.576148 -0.647266
32.4922 56.4468 44.657 0.64887 -0.0164122 -3.28232 0 0.180309 0.398199 0.899403
50.9908 31.9381 29.0962 1.06368 0 -3.9 0 -0.0149916 0.567369 -0.823327
42.8807 20.4903 34.4507 0.323556 0.273328 -0.7 0 0.450928 -0.39319 -0.80129
45.5245 52.6445 62.4277 -0.111807 0 -0.8 0 -0.814022 -0.0841248 0.57471
33.4565 23.0972 43.1193 -0.178541 -0.0949191 -0.490979 0 0.325416 0.38719 -0.862664
45.9094 20.9271 27.6026 -0.512569 0 -3.5 0 -0.909331 -0.414535 -0.035745
48.4126 53.2895 61.8558 0.00735486 0 -0.8 0 0.859832 0.369966 0.351872
67.3008 52.9104 18.8136 0.646548 0 -4.5 0 -0.448164 -0.010847 -0.893886
17.0694 51.7791 39.9419 -0.64274 0 -3.5 0 -0.690888 0.643864 -0.328805
36.8615 40.8894 57.8649 -0.718323 -0.065368 -3.5 0 0.166564 -0.189896 0.967572
36.0936 25.7732 53.3116 0.0521059 0 -3.93265 0 0.149096 -0.568667 0.808942
58.6729 31.8027 34.194 0.892358 0 -4.5 0 0.238114 0.57285 -0.784312
58.9854 39.2085 51.6891 0.347834 0 -3.5 0 0.848172 -0.278237 0.450763
42.2702 55.9001 40.3514 1.24362 0 -1.53231 0 0.690576 0.136947 -0.710176
36.7485 36.7191 15.0891 1.57884 0.408164 -3.9 0 -0.862156 -0.503797 -0.0536296
59.3826 67.2433 33.3553 0.893558 0 -4.5 0 -0.26459 0.906177 0.329903
53.4434 60.7231 29.739 -0.312353 -0.83488 3.8 0 -0.439126 0.247752 0.86359
27.9722 38.4848 22.8428 -0.601202 0 -3.2 0 0.987858 -0.151804 -0.0330363
51.0265 15.3225 44.7173 -0.505036 -0.166996 -3.5 0 -0.00161709 -0.560862 0.827908
34.0172 24.9486 35.7402 0.0789979 0 4.2 0 -0.692549 -0.69447 0.195162
48.3349 41.347 45.8512 5.09148 0 -0.7 0 -0.482031 -0.779035 -0.400937
29.1847 54.5574 45.75 0.683959 0 -3.38488 0 0.971286 -0.0487445 -0.232867
80.7272 43.6629 33.8522 -0.420395 0 4.5 0 0.535784 -0.483844 0.691976
35.4374 27.6082 55.3444 -0.120422 0 -3.5 0 0.477101 -0.598336 0.643715
32.3245 26.381 33.5327 0.892591 0.0375843 3.60381 0 -0.698493 -0.6986 0.155129
26.6369 41.929 21.6114 0.0440037 0 -3.2 0 -0.47767 0.841092 -0.253762
23.1875 24.3277 50.4588 2.69269 0.0815477 -3.9 0 -0.633454 -0.174208 0.753914
46.0953 21.6353 32.0307 -0.252288 -0.180595 0.910907 0 -0.718149 -0.678176 0.156013
64.3975 52.6953 19.6618 0.228106 0 -4.5 0 0.217215 0.28872 -0.932448
63.3786 47.1309 20.3121 0.196787 0 3.8 0 -0.455252 -0.0921461 -0.885582
42.8731 24.8489 25.8974 -1.07069 0 -3.61423 0 0.616932 0.530761 -0.58111
66.8631 40.8501 19.8892 0.279963 0.211659 -2.31782 0 -0.202135 0.279795 -0.938539
49.9966 31.3488 54.072 -0.369729 -0.249558 -4.12685 0 0.687378 -0.710228 0.151944
55.4381 22.6417 35.6674 0.271916 0 -1.0962 0 0.955829 -0.0587201 -0.287997
61.7375 37.972 39.5027 0.318024 0 -3.5 0 -0.316543 -0.178177 0.931694
19.8102 41.8208 28.971 -0.433526 0 3.8 0 -0.8264 0.543163 -0.148448
42.3657 41.9771 48.9017 4.58659 0 3.13557 0 -0.0272644 -0.0946649 -0.995136
31.7453 57.3722 43.9217 0.712 0 -3.71377 0 0.605038 0.737819 0.299252
27.1546 40.8431 53.2456 -0.0401591 0 -3.5 0 -0.203236 0.0503561 0.977834
62.6579 53.3462 19.3072 0.0944381 0 1.8 0 -0.127796 0.254799 -0.958512
43.0205 13.4998 53.3058 -0.0293378 0 -4.5 0 0.608987 -0.299528 0.73445
57.7612 42.0006 51.5799 0.288541 0 -3.5 0 0.963391 0.138328 0.229657
46.9567 39.6565 46.6517 5.70802 0.706762 -0.4 0 -0.0572441 0.300535 -0.952051
32.9276 57.3622 26.89 0.440499 0 4.2 0 -0.296913 0.587109 -0.753091
50.4766 37.0108 49.2178 2.08649 -0.664764 -0.927482 0 0.840091 0.33562 -0.426154
33.96 60.379 48.297 1.70602 0.261573 -3.9 0 0.695136 0.374124 -0.613855
63.0624 65.6206 31.2999 -0.220577 -0.448825 -3.86466 0 0.741124 0.353298 0.57089
42.6501 15.6192 39.4146 -0.14803 0 -3.5 0 -0.38435 -0.835165 0.393414
46.3149 34.9336 25.9254 0.413191 0 3.8 0 0.965428 0.243724 0.0924463
25.3126 59.3903 41.8316 -0.77822 -0.838938 -0.7 0 -0.0942977 -0.100349 -0.990474
37.0676 50.8531 42.5653 7.41338 0 2.8 0 0.254159 -0.463287 0.848981
27.4008 48.561 25.6761 -0.469125 -0.0109364 -3.29656 0 -0.683892 -0.331194 -0.650078
67.7519 38.832 36.429 -1.39456 -0.808152 -3.5 0 0.997556 0.0253756 0.0651024
56.2523 30.6838 22.2312 0.848881 0.106628 -4.0458 0 0.104186 0.316745 -0.942771
44.1264 41.4445 48.4539 5.27534 0 3.8 0 -0.282044 0.0435937 -0.958411
57.8514 62.1724 42.1332 -0.278489 0.00656924 -4.5 0 -0.881547 -0.185026 0.434328
69.5508 49.19 17.3373 0.0414577 0 1.8 0 0.46384 0.640542 -0.612012
27.0215 38.3307 19.6777 -0.643183 0 -2.60236 0 0.819009 -0.427424 -0.382797
32.2801 33.0766 58.9585 0.444797 0 -0.8 0 0.812994 0.139693 0.565267
69.4273 40.5036 19.5515 0.18169 0 1.8 0 -0.217407 -0.810073 -0.544532
83.4062 49.8172 32.923 -0.776641 0 -3.5 0 0.773682 0.631723 -0.0483948
50.3438 46.6522 34.0962 2.27431 0 2.8 0 0.947753 -0.110978 0.29908
57.2766 25.8941 35.3526 -0.208841 0 -4.5 0 0.284562 -0.911653 -0.296503
23.9406 40.3474 23.5074 0.718306 0 -3.2 0 -0.652325 0.733307 -0.191658
61.7209 30.0115 37.555 0.44094 0 -4.5 0 0.962274 -0.19091 0.193863
34.7329 24.4483 43.7768 -0.260101 0 -1.3 0 -0.172327 0.315441 -0.933167
26.301 32.4596 60.5081 0.0705307 0 -3.5 0 0.000725489 -0.690034 0.723777
27.409 32.4919 32.6001 -0.350783 0 1.8 0 -0.370294 -0.723539 -0.582558
32.5939 53.9708 50.6094 0.683571 -0.0644122 -2.61706 0 0.251607 0.652641 0.71467
48.9148 55.9532 28.9128 1.03773 0 -4.5 0 -0.722348 0.0194641 -0.691255
55.0302 58.6871 45.1183 -0.149053 0 -3.5 0 0.761859 0.437374 0.477781
43.0064 40.9134 59.2491 -0.107509 -0.412427 -1.26179 0 -0.251518 -0.656779 0.710901
15.0345 44.0418 50.4655 0.316321 0 -4.5 0 -0.0968059 0.67254 0.733702
16.0587 38.0269 51.7004 0.366428 0 1.8 0 -0.82526 -0.285604 0.487212
30.8361 50.4171 52.3335 1.02388 -0.0410219 -0.7 0 0.814351 0.36512 0.451132
26.347 48.1113 23.2155 0.52925 0.216006 -4.5 0 -0.296084 -0.530217 0.794483
35.2125 36.3927 22.6358 -0.807696 0 1.8 0 -0.954668 0.0217706 0.296875
30.8731 59.7404 45.088 0.699481 0 -3.9 0 0.373872 0.560663 -0.738835
39.4437 23.5473 37.0802 -0.236894 0 4.34861 0 -0.908625 -0.228824 -0.349343
67.832 59.544 31.49 -0.540708 0 1.9 0 -0.27123 -0.198329 0.94186
28.2336 21.8447 40.8143 0.127716 0 -4.5 0 -0.0905685 -0.324689 -0.941475
28.5538 55.1952 24.8968 -0.210891 0 -3.2 0 -0.991552 0.0938608 0.0895203
43.4565 59.2961 39.5929 0.996256 0.39988 -4.5 0 -0.374189 -0.438107 -0.81734
60.7161 66.7286 34.2067 0.140201 0 -4.5 0 0.476139 0.786267 0.393796
55.5837 40.4272 32.9526 1.86628 0 -1.6 0 0.148591 -0.595911 -0.789183
60.004 48.008 45.21 -0.363034 -0 -3.5 0 0.539141 -0.783282 0.30951
74.0261 40.8819 24.4543 -1.24407 0 -0.281659 0 0.715745 -0.694101 -0.0770212
44.6937 15.7974 41.5204 0.054464 0 2.8 0 -0.284689 -0.952306 0.109839
54.1081 59.7988 33.9379 0.485137 0 3.8 0 -0.181187 0.31178 -0.932719
68.8314 42.0653 30.8203 -0.191958 0 1.8 0 -0.245577 -0.474596 0.845252
73.1561 45.3406 31.233 -0.375046 0 3.8 0 -0.40425 0.180111 0.896739
31.7579 25.1952 29.4182 0.647658 0 -4.5 0 -0.621868 -0.709376 0.331762
58.2071 48.8843 23.2454 0.289388 0 3.94506 0 -0.138599 -0.397145 -0.90723
49.4072 53.0189 41.8667 3.42216 0 -2.22037 0 0.000936074 -0.915427 0.402483
49.9253 40.1661 44.5326 5.1397 0.275107 1.8 0 -0.416851 -0.439839 0.795473
30.9085 48.2171 19.4638 0.600495 0 -4.5 0 -0.243782 -0.145036 -0.958924
47.797 51.6071 25.5171 -0.694299 0 -0.8 0 -0.563905 0.462208 -0.684379
51.4655 16.0832 38.0006 -0.316527 -0.0803624 -1.39854 0 0.283688 -0.819745 -0.497533
30.9721 27.6542 36.0939 -0.0248662 0 -1.6 0 -0.787663 -0.449391 -0.421468
38.0754 62.1797 50.045 0.939108 0 -1.6 0 -0.566924 -0.0857299 0.819297
56.9065 43.263 62.555 -0.0751183 0 -3.5 0 0.615102 -0.730632 0.296355
33.3895 50.4975 20.692 0.499247 -0.353263 -3.97284 0 -0.152286 0.610065 -0.777579
67.0906 57.5376 34.8403 -1.80029 -0.606272 -3.5 0 0.574418 0.760442 -0.30294
63.1996 49.4422 45.6047 0.258671 0 -1.6 0 -0.0086631 0.372127 0.928141
15.9826 35.1611 41.949 -0.443752 0 2.82371 0 -0.717272 -0.605642 -0.344555
54.039 39.683 53.9245 0.08647 0 -3.9 0 0.475367 0.362803 0.801498
53.0751 26.1908 27.0425 -0.146608 0 -3.5 0 0.580884 -0.677545 -0.451118
31.8944 34.0704 26.1276 -1.2298 -0.152387 -3.29533 0 -0.706277 0.425238 -0.565991
42.013 55.0995 39.054 1.59159 0.148073 -3.5 0 0.875706 0.326813 -0.355432
53.3983 33.144 49.6164 1.04883 0 -4.5 0 0.888838 -0.0530421 -0.455142
25.184 31.9737 34.0452 -1.30555 -0.0870432 -3.68023 0 -0.209906 -0.392925 -0.895293
37.1971 42.5911 23.977 0.286103 0 -4.32781 0 -0.871241 0.490223 -0.0249149
42.7586 28.8563 25.5037 -0.139774 0 -1.76676 0 0.647223 -0.706482 -0.286332
45.7951 26.1772 50.3376 -0.163057 0 -3.5 0 0.471997 -0.655066 0.590006
24.1523 51.7551 29.1579 0.0162346 0 4.2 0 -0.399759 0.897087 -0.18822
60.7295 38.3445 31.7081 2.54739 0 -0.4 0 -0.543589 -0.832548 0.106651
56.7737 63.9344 32.0074 0.341269 0 2.51824 0 -0.934861 -0.0163124 0.354638
68.924 38.519 34.63 -1.21471 -0.731333 -3.5 0 0.982825 -0.0584255 0.175045
18.8194 37.6264 22.718 0.516491 0 -4.5 0 -0.977336 -0.166447 0.130802
55.56 35.3205 51.8405 3.70159 0 -3.9 0 0.370156 -0.786821 0.49386
15.2717 37.5499 36.1313 -0.085584 0 -3.5 0 -0.196838 -0.925085 0.324765
21.8414 25.7147 47.2706 0.732353 0 -3.9 0 -0.875129 -0.371974 0.309492
57.6814 22.5026 37.0438 0.0531119 0 1.8 0 0.459977 -0.296814 -0.836853
65.6628 41.7707 31.6165 -1.7385 0 -2.68041 0 0.692662 -0.634473 -0.343023
41.6774 42.7351 41.6444 5.09783 -0.0648223 1.8 0 0.100444 0.142678 0.984659
14.0285 35.2506 48.7109 0.928334 0 -4.5 0 -0.986297 -0.158824 -0.0446444
16.6721 40.3223 54.5154 0.252334 0 1.8 0 -0.167073 0.135461 0.976595
77.7647 42.4485 17.292 -0.188718 0 1.8 0 0.200565 0.870751 -0.448962
25.1635 36.9266 56.3484 -0.693034 -0.41303 -3.5 0 -0.766141 0.641827 0.0329623
20.62 49.3429 31.9486 0.817541 0.100284 -3.88606 0 0.0464828 0.703375 -0.709298
16.7432 31.3603 42.5023 -0.357141 -0.0362759 2.62367 0 -0.864335 -0.100224 -0.492828
36.8388 16.2607 48.6849 0.341621 0 -3.26646 0 -0.99171 -0.123601 -0.0351391
45.5456 31.0155 22.9066 -0.15437 0 -4.5 0 0.0681317 -0.802233 -0.593111
25.4578 22.6558 50.7296 0.373712 0.000243386 -3.5 0 -0.554067 -0.131396 0.822037
69.7325 59.0802 22.2227 0.546273 0 1.8 0 0.403737 0.120911 -0.90685
58.6277 41.3203 49.0498 0.207088 0 -0.9 0 0.815389 0.4351 0.381875
41.6237 49.563 26.8931 0.0209991 -0.564433 -1.36319 0 0.0453084 -0.21381 -0.975824
25.5184 20.0998 49.1735 0.47559 0 -3.5 0 -0.825046 -0.423972 0.37356
70.1397 62.1499 27.7606 -0.233015 0 0.944039 0 0.975257 0.219302 0.0279535
53.8913 52.6157 50.7785 0.351631 -0.129415 -4.5 0 0.721797 0.681611 0.120069
26.9296 49.4285 25.9885 -0.70858 0 2.21589 0 -0.825658 -0.402457 -0.395371
54.1719 47.3386 29.9488 2.00732 0 3.8 0 0.247238 0.0507197 0.967627
56 51.2562 48.6436 0.605307 0 -4.5 0 0.868947 0.295026 0.397354
17.3441 29.9336 23.7531 0.655398 0 -4.5 0 -0.6266 -0.629557 0.459381
54.7059 45.3234 31.2681 2.24936 0 2.5959 0 0.176228 0.883102 0.434827
33.8078 30.8158 57.8464 -0.921787 0.256047 -3.73364 0 0.499098 -0.216528 0.839057
39.2439 43.0571 59.6728 0.257011 0 -0.8 0 -0.768427 -0.0212164 0.639586
51.8802 27.2188 51.6082 -0.409225 -0.0800696 -3.5 0 0.164482 -0.0359494 0.985725
25.7418 56.521 39.5547 -0.277079 0 -3.5 0 -0.880516 0.467245 -0.0798397
44.9276 37.8187 23.5226 0.0731179 0 3.8 0 0.87814 0.331167 -0.345251
42.0014 27.2676 58.7311 0.327543 0 -3.5 0 0.0848762 -0.353088 0.931732
47.2084 62.4844 51.5411 0.617794 0 -1.6 0 0.133453 0.540184 0.830898
58.1545 45.8573 59.5734 -0.075752 0 -3.5 0 0.999419 0.0226214 -0.0254756
45.0742 61.4772 38.3667 0.958542 0 -4.5 0 -0.515332 0.526846 -0.675918
49.3695 47.6795 44.4745 3.99811 0 -0.7 0 -0.759297 0.650566 0.0152563
33.6027 41.2118 56.1678 0.402532 0 -3.5 0 -0.657493 0.745477 -0.109393
43.3066 44.0181 47.4567 5.09095 0 -0.7 0 -0.134707 -0.269 -0.953673
46.937 26.1035 49.8647 -0.147581 0 -3.5 0 -0.171685 -0.696341 0.696875
73.0833 37.8815 18.3402 -0.000683525 0 -3.5 0 -0.617924 -0.780293 0.0965043
49.5616 41.1475 45.7579 4.45013 0 0.158673 0 0.260243 -0.946611 0.190266
70.8355 44.3155 17.466 -0.00350559 0 1.8 0 -0.163832 0.00654694 -0.986467
83.8816 51.3511 29.8848 -1.81536 -0.0411007 -3.5 0 0.318899 0.227188 0.920157
68.8729 43.6921 31.0501 -0.324495 0 1.8 0 0.074162 0.0275672 0.996865
31.661 53.7313 46.418 0.365982 -0.966176 -0.7 0 0.0680602 0.934122 -0.350404
55.7197 26.5357 24.5112 -0.13798 -0.0107184 -3.5 0 -0.318598 -0.94699 -0.0412967
38.3876 34.5963 54.9631 0.0823698 -0.465995 -0.134324 0 -0.386543 -0.426411 0.817776
56.2002 34.8424 44.6979 1.73083 0.309562 -3.9 0 0.356496 0.175515 0.917663
49.552 47.9222 41.1446 3.43658 0 -0.7 0 0.103904 0.9702 -0.218898
48.5942 54.1475 57.6514 0.128628 0 -3.5 0 0.0974946 0.651151 0.75266
22.7045 33.185 26.2175 0.387955 0 -4.5 0 0.437986 -0.897611 -0.0496156
37.9813 23.3256 28.4051 0.0912435 0 -4.5 0 0.410304 -0.64852 -0.641149
77.863 56.498 26.3515 -0.560699 0 -3.5 0 0.976358 -0.133817 -0.169758
35.8618 33.2957 22.5304 0.284261 0 -2.38906 0 -0.867051 -0.09735 -0.488616
73.5604 52.8439 22.3133 -2.43858 -0.227222 -3.5 0 0.652815 -0.610627 -0.448294
45.2653 57.0858 40.2018 -0.0873211 0 -3.5 0 -0.522793 -0.384457 -0.760842
34.3727 40.4234 14.2249 0.402432 0 -3.5 0 -0.0567843 -0.413859 -0.908568
62.6246 63.4074 21.7844 0.14217 -0.213669 -2.12946 0 0.277918 0.527335 -0.80292
65.1409 60.5949 31.9166 -1.23953 0 -3.5 0 0.799441 -0.157395 0.579759
58.8336 37.2574 34.904 1.50734 0 -1.6 0 0.249356 -0.627186 -0.737875
16.7337 49.4341 32.2547 -0.189869 0 -4.5 0 -0.632181 0.748731 -0.199371
48.92 28.4916 52.0499 -1.86597 -0.481284 -3.5 0 -0.0979138 -0.0793624 0.992025
62.6956 62.8244 37.9222 1.43824 0 -0.8 0 0.698639 -0.324431 0.637689
30.2409 41.0476 53.8944 0.197539 0 2.90154 0 -0.325058 0.633546 0.702109
34.0888 36.3013 20.6464 -0.259171 0 1.8 0 -0.741803 -0.565183 0.360966
32.2611 40.3045 55.7175 0.298584 0 0.405145 0 -0.215086 0.961414 0.171524
81.9603 47.2088 25.9485 0.25398 0 3.8 0 0.731817 0.0898764 -0.675549
62.2583 65.5559 35.7361 0.42145 0 -0.8 0 0.386953 0.896054 -0.217612
28.7648 45.5126 24.0424 0.291216 0 3.8 0 -0.855276 0.176368 -0.487234
49.4123 25.6244 47.2452 0.0823127 0 -1.48428 0 0.464072 -0.880259 0.0988997
29.964 54.7 46.771 0.687732 0 -0.7 0 0.687636 0.382462 -0.617154
58.6265 21.8218 39.6711 -0.061434 0 1.8 0 0.808072 -0.489327 0.327993
31.3959 24.4309 53.1014 0.679509 0 1.8 0 -0.202179 -0.280677 0.938267
46.0765 41.0667 24.6182 0.0537612 0 -3.5 0 0.151801 -0.34677 -0.925584
47.9386 47.0527 46.6699 4.71959 0 4.2 0 -0.485965 -0.0651005 -0.87155
12.5723 38.2291 34.7663 0.241607 0 -3.5 0 -0.732124 -0.630532 -0.257729
38.5074 32.6258 54.3519 0.04447 -0.200209 -0.7 0 -0.217261 -0.013976 0.976013
69.5487 37.6672 26.4414 0.233594 0 -0.7 0 -0.603911 -0.768835 -0.210202
59.3131 64.1993 43.1339 -0.175493 0 -4.5 0 -0.198427 0.366578 0.908982
46.3596 40.4751 47.4323 5.7942 0.881551 -0.4 0 -0.493749 0.166189 -0.853577
28.6127 59.3724 43.6842 0.658212 0.0165324 -3.45093 0 0.287291 0.578642 -0.763307
52.528 39.3271 23.9396 0.544761 0 -3.9 0 0.250309 -0.775498 -0.579611
66.2532 61.6533 31.3568 -1.13703 -0.0739936 -1.43856 0 0.638216 0.0555834 0.767848
34.7464 53.5115 23.7138 1.30745 0 -4.46135 0 0.713212 0.686016 -0.14391
79.1878 43.275 26.8465 -0.672071 0 3.8 0 0.926496 -0.345056 -0.150136
17.7156 34.5789 25.1605 0.644584 0 -4.5 0 -0.902252 0.348535 -0.253897
73.9198 46.6389 17.7281 -0.118113 0 1.8 0 0.171888 0.873031 -0.456368
74.7289 50.0837 31.6509 0.0728872 0 2.5 0 -0.794434 0.0075919 0.607303
39.9654 24.4086 22.1653 3.0745 0.153086 -3.9 0 -0.257059 -0.804224 -0.535858
16.7149 49.0717 35.0546 -0.640407 -0.460868 -3.5 0 -0.988342 -0.152251 -0.000290193
61.579 38.3785 27.0741 -0.268386 -0.01088 -4.5 0 0.976527 -0.184731 0.110764
48.1444 58.1862 53.9467 -0.658193 0 -0.628578 0 0.360248 0.894508 0.26472
55.8095 45.6165 34.4145 2.97496 0 -1.6 0 -0.147537 0.987684 -0.0520836
77.4876 42.9324 33.9696 -0.28378 0 4.5 0 -0.441006 -0.636673 0.632583
53.7081 47.4839 44.2117 2.97904 -0.285482 -0.7 0 -0.324163 0.766095 0.554993
63.8396 62.3864 42.7635 -0.0860639 0 -4.5 0 0.884593 0.463176 -0.0544299
57.681 53.3315 46.6536 0.111813 0 -4.39854 0 0.377459 -0.0530685 0.924504
52.2626 61.3628 34.3853 0.483729 0 3.8 0 -0.891948 -0.276086 -0.358057
57.3838 36.4632 43.9325 3.03632 0.253931 -3.9 0 0.484847 0.274517 0.8304
27.0523 24.7838 42.9604 0.243098 0 -0.505948 0 -0.895759 -0.0830993 -0.436704
30.6716 42.4422 18.0563 0.27838 0 -3.5 0 -0.80306 0.218438 -0.554419
21.8862 44.4119 52.8905 -1.34208 -0.0852115 -1.33666 0 -0.304842 0.0188284 0.952217
32.5658 51.2223 21.2725 0.416638 0 -3.2 0 0.0436972 0.238014 -0.970278
37.0358 36.1499 16.0038 0.635961 0 -3.9 0 -0.877654 -0.462162 -0.127003
43.3102 33.7332 56.1909 0.196195 0 -0.385704 0 0.363221 -0.0718313 0.92893
43.4977 48.7395 40.9492 4.16848 0 -0.818924 0 -0.113924 0.634522 0.764462
70.1164 38.0938 21.8905 -0.338316 0 -3.21646 0 -0.609609 -0.792477 0.018888
26.6791 18.5191 47.2043 0.290708 0 -3.7249 0 0.173974 -0.929915 0.324024
52.1787 40.4123 49.5918 2.79864 0 -3.89662 0 0.158986 -0.361233 -0.918822
47.4808 33.22 29.1733 0.513556 0 -2.89218 0 0.657014 0.449911 -0.604907
46.9933 36.0455 54.2104 0.664296 0.341274 -3.5 0 0.468419 -0.149636 0.870742
20.9574 31.8388 55.1616 -0.466762 -0.121156 -3.5 0 -0.0528658 -0.876826 0.477894
38.7644 56.8967 35.0037 0.625484 0 -3.2 0 0.1765 0.594316 0.784625
16.1012 37.3466 29.0627 -0.0667512 0 -0.4 0 -0.930623 -0.341471 0.131672
57.6712 28.6558 25.1232 0.443483 0 -3.5 0 0.889255 -0.415707 0.190824
40.3791 39.9511 57.5192 0.177815 0 3.8 0 -0.306639 -0.339041 0.889395
17.7627 37.1186 52.4427 0.635351 0 -3.10106 0 -0.728939 -0.191277 0.657313
17.1941 47.1494 43.2075 0.190796 0 1.8 0 -0.777219 0.133958 0.614805
59.7287 43.3195 44.5688 -0.256372 0 -0.9 0 0.299225 0.858675 0.416102
69.5855 53.7977 33.0021 -0.469312 0 3.8 0 0.515776 -0.32349 0.793303
35.4385 31.322 22.1765 -0.383613 -0.328745 -3.5 0 -0.861336 0.0826786 0.501263
46.4499 63.3778 47.9346 -0.12955 0 -3.84858 0 0.575572 0.775268 -0.260146
22.9468 27.6765 42.7435 -0.150423 0 -3.9 0 0.43331 -0.567086 -0.700468
53.7076 35.0876 53.6203 0.448658 0 -3.9 0 0.49752 -0.46393 0.732969
35.001 58.6482 36.9596 0.528187 0 -1.35841 0 0.658226 0.655337 -0.370502
39.1579 34.6861 15.5621 0.318885 0 -3.9 0 0.17291 -0.959951 -0.220444
35.2646 47.4324 42.6621 6.02854 0 2.32477 0 0.967411 -0.192315 0.164717
36.6099 25.1352 40.5556 -0.845124 -0.942443 -0.8 0 -0.871362 -0.305013 0.384311
18.025 34.0501 23.4785 0.539863 0 -4.5 0 -0.87376 0.470251 0.124126
52.2139 55.4538 47.9665 0.957699 0 -1.6 0 0.258297 0.439691 0.860206
48.5536 52.6211 25.6817 -0.10002 -0.991651 -0.8 0 -0.544207 0.783823 -0.2991
24.8336 60.6288 46.0541 0.0991066 0 -0.7 0 -0.390724 0.269921 0.880044
72.0349 42.3038 29.6292 0.0369366 0 1.99943 0 0.248804 -0.665749 0.703473
16.1377 36.9975 32.9231 -0.323909 0 -3.5 0 -0.931345 -0.325236 -0.163763
22.1826 28.3381 52.3123 0.127621 0 -0.8 0 0.0961298 -0.871195 0.481434
60.5173 40.0949 43.264 0.259085 0 0.482275 0 -0.00746107 -0.978843 0.204476
36.3321 24.3025 52.5466 -0.176948 0 -3.28679 0 -0.197177 -0.275745 0.94079
44.3055 45.7351 17.3148 2.30158 0.17673 -3.9 0 0.305913 0.914985 -0.263096
77.8057 44.6879 22.2644 -0.241798 0 2.04383 0 0.858118 0.209667 -0.468693
33.7004 38.5007 15.4028 -1.15466 -0.34806 -3.5 0 0.00810385 -0.780634 -0.624936
62.4971 37.1955 33.9709 1.1046 0 -3.5 0 -0.483305 -0.761302 -0.432244
34.6715 62.6209 40.6936 0.771989 0.0664129 -3.5 0 -0.749622 0.472334 0.463646
58.783 35.568 43.783 2.89623 0.0349752 -3.9 0 0.700135 0.450487 0.55396
62.3231 39.2084 40.3912 -0.635761 0 -3.5 0 -0.218306 -0.818695 0.531112
36.1325 48.3851 47.2404 5.17037 -0.808607 -0.8 0 0.781983 -0.141269 -0.607079
67.7162 53.5096 36.8764 -0.927145 0 2.74695 0 0.991843 -0.103864 0.0738858
65.9912 43.3166 44.5692 -0.197048 0 -3.5 0 0.10223 0.102928 0.989421
53.6196 59.4518 30.3128 0.449218 0 3.8 0 -0.333754 0.659297 0.673748
35.958 39.7912 58.0659 0.0493758 0 -3.5 0 0.267062 -0.22757 0.936424
74.561 40.6772 26.3353 0.209252 0 3.8 0 0.210446 -0.922733 -0.322918
77.168 36.1965 16.7208 -1.88217 -0.563595 -3.5 0 0.506272 -0.839343 0.197972
45.0749 21.5448 34.3527 0.396614 0 2.58865 0 -0.456583 -0.471847 -0.75425
16.3748 38.3626 30.6531 0.152654 -0.0286889 -0.943215 0 -0.989129 -0.11283 0.0943071
31.6855 38.944 59.3452 0.111091 -0.259079 -1.7775 0 0.515902 0.792689 0.324792
61.9003 48.6651 45.3859 0.459331 0 -1.6 0 -0.252999 -0.0544842 0.965931
20.4181 33.9482 55.508 -0.753682 0 -3.60689 0 -0.595803 0.105247 0.796204
48.5315 55.131 32.986 -0.247126 0 -4.5 0 -0.85233 0.472211 -0.224834
70.2845 47.526 30.7405 -0.39668 0 3.8 0 0.415624 -0.639096 0.647157
64.5713 58.0475 38.4676 -0.414401 0 3.8 0 0.712001 0.699469 -0.0616344
53.8801 52.3916 52.7915 -0.772041 -0.0661356 -4.5 0 0.849669 0.476555 0.225738
26.5012 19.9904 50.1631 0.378031 0 -3.5 0 -0.493246 -0.658139 0.568825
43.7257 40.0665 22.2441 0.0355944 0 3.8 0 0.9878 0.118606 -0.10092
41.2574 40.9383 48.5634 4.1126 0 0.156601 0 0.390847 0.0458801 -0.919311
49.7914 51.226 62.4777 0.690936 0.663849 -4.5 0 0.388461 0.897014 0.210865
71.068 39.1134 28.6682 0.0299286 0 -0.7 0 0.167319 -0.155328 0.97359
66.8464 48.9194 40.7891 -0.299169 0 -3.2 0 0.838035 0.299563 0.456026
43.5207 52.0874 36.8187 1.03296 0 -3.2 0 -0.220659 0.389988 -0.89399
53.59 31.6911 47.3834 0.661263 -0.310486 -1.19507 0 0.689042 0.122423 0.714306
38.6409 62.3709 41.2607 0.279187 0 -3.5 0 0.902039 0.365926 0.228962
32.4249 42.527 22.5511 -0.326614 0 0.73144 0 0.558645 -0.647295 0.518579
62.7861 59.7378 38.5342 -0.18455 0 0.449433 0 0.80364 0.595099 0.00436958
50.0103 46.8184 61.7957 0.547127 0 0.156679 0 -0.577907 -0.365678 0.729591
56.04 40.9164 46.2427 1.95773 0 -0.9 0 -0.952334 0.0683151 0.297311
44.5441 59.2503 54.3004 0.647516 0.0406633 -4.5 0 0.186644 0.724183 0.66387
76.7081 50.0536 33.6658 -0.429372 0 -4.5 0 -0.378696 -0.486939 0.78707
35.1091 57.8682 30.8446 0.456003 0 2.80888 0 0.406487 0.891969 0.197888
75.1517 56.7222 24.2376 -0.356371 0 -3.5 0 0.593753 0.395777 -0.700584
65.7659 52.0496 19.5659 0.816788 0 1.66575 0 -0.197418 0.185315 -0.962645
35.258 42.8634 22.3673 -0.296056 0 -3.5 0 -0.229179 -0.13301 0.964254
31.765 54.1809 43.9575 0.953857 0.554389 -2.33105 0 -0.49324 0.333713 0.803336
17.9641 52.2607 35.7936 -1.8704 -0.185658 -3.5 0 -0.478581 0.75189 -0.453456
51.2976 41.8826 45.6702 3.69693 0 0.846127 0 0.167968 -0.645593 0.744981
29.7545 27.4454 28.8979 0.0485495 0 -0.4 0 -0.825511 -0.242659 -0.509557
45.0681 36.8911 23.1443 0.150628 0 3.8 0 0.96714 0.0836555 -0.240089
16.9161 51.7251 38.9493 -0.523959 0 -3.5 0 -0.861458 0.45675 0.221967
53.5646 63.5919 37.3394 0.109681 -0.049084 3.8 0 -0.774321 0.450047 0.444843
53.4779 22.2868 46.1587 0.136936 0 2.57511 0 0.317925 0.258272 0.91226
74.6173 54.4791 30.6043 -0.229956 0 1.8 0 0.215505 0.799283 0.560986
14.8241 33.4644 47.5716 -0.304891 -0.820713 -3.5 0 -0.963633 -0.048475 0.262796
75.9333 55.8507 29.2358 0.0730431 0 -3.39007 0 0.0758862 0.166086 0.983187
57.3968 46.8994 49.0005 0.440001 0 1.05052 0 0.918317 -0.336741 -0.208083
58.0112 56.3141 44.6799 -0.238227 0 0.262142 0 0.16605 0.704014 0.690501
63.228 38.624 24.3223 1.51419 0.507678 -4.5 0 0.205067 -0.75767 0.619584
33.8945 57.4969 43.3671 0.640887 0 -1.54458 0 -0.623053 0.496762 0.604179
57.1335 51.512 40.4775 2.96997 0 3.8 0 -0.823532 -0.499383 0.269092
34.2774 49.9027 54.3351 0.541937 0 -4.5 0 0.276885 0.801496 0.530036
59.1921 49.0277 53.7 -0.893527 0 -3.37014 0 0.912283 0.12043 -0.391455
55.8129 57.7318 44.9094 -0.151954 -0.0223416 3.18915 0 0.513377 0.510463 0.689834
41.7146 44.4464 18.9521 1.2304 0 -3.9 0 -0.241338 0.934628 -0.261203
24.018 32.4087 21.4193 0.612779 0 1.00972 0 0.505812 -0.859845 -0.0694353
30.709 41.4954 20.0486 0.238373 0 -3.5 0 -0.0108144 -0.998006 -0.0621849
19.1497 29.3636 48.5772 -0.228497 0 -2.42451 0 -0.471122 -0.800986 0.369413
78.5259 38.5788 16.9199 -0.338666 0 1.8 0 0.784979 -0.614681 -0.077299
36.7463 56.7381 36.2194 1.50797 0 -0.8 0 0.575532 0.798416 0.1769
60.4808 48.5965 56.1808 -1.43354 -0.118007 -3.5 0 0.972385 0.086573 0.216733
60.9804 33.4014 23.7493 0.799889 0 -4.5 0 0.731519 0.503499 -0.45975
36.0729 48.5744 54.9449 0.746972 0 4.2 0 0.0714727 0.907904 0.41304
45.8716 63.2707 51.2409 0.216408 0 -1.6 0 -0.305812 0.521616 0.79649
37.9134 48.7754 48.2721 5.83296 0 -2.53022 0 0.3286 -0.451866 -0.82936
80.3341 49.3035 25.4578 -0.914827 0 -3.5 0 0.598355 0.170413 -0.782899
38.7712 61.3919 44.7644 0.00796981 0 -3.5 0 0.0459093 0.877147 -0.478023
33.8646 62.0308 40.6381 1.13314 0.844813 -3.5 0 -0.591176 0.628299 0.505719
59.5402 47.525 42.9515 0.28305 0 1.9 0 0.168244 -0.388481 0.905967
49.4054 57.8437 52.9463 -0.0937178 0 2.8 0 0.685441 0.611523 0.395236
43.2978 42.1328 41.9162 5.22782 0 1.8 0 0.0443789 0.178996 0.982848
43.1431 29.1926 57.2129 0.318379 0 -3.5 0 0.895639 0.135403 0.423672
48.823 57.3511 28.7353 1.25299 0 -4.5 0 -0.701782 -0.113294 -0.703325
43.1391 35.2294 56.7386 0.326092 0 3.8 0 0.50195 -0.295702 0.812777
55.4464 56.3184 45.9637 0.0900946 0 -3.65695 0 0.440605 0.515828 0.734703
54.2582 42.1818 47.8887 2.52701 0 -2.32139 0 -0.331575 -0.793375 -0.510504
65.0666 51.1301 19.2717 0.660605 0 -0.917718 0 0.245766 0.448296 -0.859436
21.501 35.4115 56.9577 -1.49151 -0.544451 -3.5 0 -0.698998 0.382677 0.604119
55.3647 51.6952 39.0285 2.82655 0 2.83867 0 -0.410562 -0.893507 0.18189
38.1626 22.5166 31.6737 0.173349 0 -4.5 0 0.24692 -0.96776 0.0497145
41.2836 56.8144 31.8851 0.517382 0 -3.2 0 0.907902 0.353367 0.22549
24.9862 18.1453 46.7779 0.0881018 0 -4.5 0 -0.417314 -0.235869 0.877619
16.7859 28.5774 46.8671 -0.0569583 0 -3.5 0 -0.189549 -0.831788 0.521728
43.4231 59.8144 53.6375 0.662792 0.00821607 -4.5 0 -0.303962 0.77746 0.550603
22.8892 28.4545 51.2373 0.264134 0 -0.8 0 0.23267 -0.871618 0.431447
53.7181 34.822 50.3034 1.99903 0.392593 -4.05228 0 0.316344 0.0279732 -0.948232
51.2648 48.1973 36.1504 2.70775 0 1.8 0 0.550545 -0.674349 0.492092
56.8145 39.1043 33.5205 1.18278 0 -1.6 0 -0.0161562 -0.214977 -0.976486
43.2931 53.1874 58.346 0.0933112 -0.0412331 -1.39451 0 -0.729513 -0.292324 0.618351
61.7325 31.321 38.611 0.42806 0.0268392 -4.5 0 0.905957 -0.0974643 0.411998
30.9251 42.698 16.5636 0.855322 0.100148 -3.5 0 -0.813111 0.558149 -0.16529
19.2386 40.2501 24.9061 0.314738 0 3.8 0 -0.2826 0.787172 -0.548177
55.8175 15.9331 44.4761 -0.84954 -0.0166597 -3.5 0 0.202766 -0.540469 0.816565
48.0132 26.0187 50.5986 -0.678957 0 -3.5 0 -0.530575 -0.549264 0.645599
67.8721 41.8298 36.7822 -0.137292 0 2.8 0 0.896729 -0.442429 0.0115625
54.7319 18.4899 31.3451 2.1501 0.269947 -3.9 0 -0.00586294 0.117227 -0.993088
37.219 55.5561 26.675 0.482646 0 2.52044 0 -0.159989 0.336522 -0.927985
51.3689 27.2761 25.9192 -0.510055 -0.816539 -3.5 0 0.0309488 0.143983 -0.989096
56.5811 22.8316 43.1755 -0.438842 0 3.8 0 0.871603 0.293535 -0.392613
31.6085 25.5555 39.359 0.173312 0 -1.6 0 0.23139 -0.971991 -0.0411383
76.7686 41.9058 23.3959 -0.0549222 0 1.8 0 0.280716 -0.956538 -0.0789529
56.7014 20.2384 34.5835 0.655028 0 -3.9 0 0.896082 0.432863 -0.0983202
43.2286 32.1095 55.9209 -0.458769 0 -3.5 0 0.299314 0.0518267 0.952746
45.4543 19.1242 50.7711 0.237487 0 -3.63009 0 0.657543 0.494045 0.56882
21.2634 37.6569 19.1407 0.968976 0 -4.5 0 0.151583 -0.924017 -0.351019
41.8895 38.5565 45.483 5.23388 0 4.2 0 -0.175575 0.833151 0.524436
56.9625 33.0672 32.1695 0.855774 0 1.1936 0 0.844129 0.526004 -0.103756
65.0606 63.7014 21.158 0.810622 0.184073 1.8 0 -0.51529 0.685092 -0.514902
53.804 51.1485 44.6668 3.95598 0.875014 -4.5 0 -0.634411 -0.576728 -0.514692
35.5401 48.8717 43.6933 6.16679 0 2.8 0 0.939773 -0.189222 0.284643
34.0577 41.6278 21.6154 -0.514115 -0.249419 -3.5 0 -0.235583 -0.491989 0.838121
25.4395 39.086 56.4055 -0.801439 -0.0227769 -3.5 0 -0.726347 0.678607 -0.10914
65.9991 37.9971 32.7358 -0.251543 0 -3.5 0 0.28908 -0.66886 -0.684879
36.1231 48.0928 56.3422 0.639748 0 4.2 0 -0.0613523 0.884247 0.462973
13.1477 44.3587 48.6123 0.42325 0 -4.5 0 -0.573629 0.790043 0.216292
45.7056 61.5455 51.4939 0.320115 0 -1.6 0 -0.489734 0.34647 0.800074
23.3736 47.3646 54.4603 -0.590744 0 -0.8 0 -0.651529 0.536466 0.53639
68.2641 38.8807 38.4194 -0.0402425 0 -4.5 0 0.894848 0.342425 -0.286342
32.4975 39.5387 58.6994 -0.449727 -0.552536 -3.5 0 -0.12241 0.498881 0.857982
14.8116 35.7159 46.2159 0.675085 0 -4.5 0 -0.794111 -0.0512291 -0.60561
73.6852 42.1247 29.645 -0.313368 -0.054025 3.63448 0 -0.356002 -0.538971 0.763396
63.8101 63.9458 33.3026 -1.05374 -0.908655 -0.917876 0 0.73257 0.660428 0.164855
72.2302 58.0659 22.2543 -0.528503 0 1.8 0 0.352224 0.387209 -0.852061
31.3387 51.0744 20.9731 0.623422 0 -4.5 0 0.226251 0.553071 -0.801824
46.8365 43.2409 63.3246 -0.058899 -0.266246 -1.62896 0 -0.164196 0.608097 0.776697
75.4701 50.3227 32.7402 -0.05205 0 2.5 0 -0.752186 -0.244498 0.611913
71.3296 49.4341 19.6715 0.603197 0 1.8 0 0.234496 0.360894 -0.902645
23.1985 39.8986 21.6659 0.779631 0 -3.68342 0 -0.252095 0.899671 0.356427
57.224 39.2031 28.3417 1.30085 -0.0170329 0.150367 0 -0.428381 0.376364 0.821486
56.9548 55.5439 21.1184 0.085946 0 1.8 0 -0.545028 -0.129962 -0.828284
40.461 17.8765 38.8585 -0.719526 -0.088865 -3.24712 0 -0.834493 -0.502131 0.226905
41.0418 36.8834 19.0662 0.623722 0 -3.9 0 0.943186 0.123441 -0.308484
78.9326 54.1838 25.9954 -0.732305 0 -3.5 0 0.639798 0.76196 0.100377
36.6092 37.262 13.2106 3.09048 0 -3.9 0 -0.887321 -0.377264 -0.265204
17.2244 38.6506 53.8472 0.466104 0 1.8 0 -0.21178 -0.563537 0.798483
26.5551 27.3371 55.1272 -0.0601239 0 3.27613 0 -0.812431 -0.578355 0.073898
41.1761 32.3439 18.516 -1.28693 -0.373834 -3.5 0 -0.520642 -0.372496 -0.768231
72.921 36.81 23.905 -0.471736 -0 -3.5 0 0.171231 -0.633959 0.754173
58.6763 64.4299 27.9107 0.385931 0 3.8 0 0.240847 0.939468 -0.243704
35.8247 31.8054 18.6553 -0.451016 0 -3.5 0 -0.656278 0.432011 -0.6186
41.1561 46.1505 41.6065 5.06159 0 -0.4 0 -0.390433 0.183545 0.902149
55.8363 66.747 41.1965 -4.21753 -0.205611 -4.5 0 -0.839634 0.0789657 0.537381
41.5702 16.4532 36.0153 -1.36186 0 -3.5 0 -0.69003 -0.264676 -0.673651
49.5478 17.1733 46.2116 0.19597 0.319941 -4.4574 0 0.0881369 -0.938601 0.333556
44.674 50.3895 58.5643 0.862388 0.411157 -4.5 0 -0.778438 0.365817 0.510109
58.3767 44.3081 59.7369 -0.0549843 0 -3.5 0 0.946051 -0.249094 -0.207218
81.4481 52.6491 26.5383 -1.00435 0 -3.5 0 -0.0699619 0.972332 0.222879
50.726 59.862 31.264 0.453903 0 -4.5 0 0.629648 0.768599 0.113132
52.7533 49.1878 62.1995 0.511062 0 -4.5 0 0.739869 0.67236 0.0229378
58.2729 41.1781 50.6406 0.442431 0 -3.5 0 0.843045 0.512483 0.163205
47.0511 49.46 24.7429 -0.362433 -0.545239 -0.8 0 -0.777343 0.0971911 -0.621523
24.2003 30.9183 59.6869 -0.543867 0 -3.5 0 -0.00606093 -0.511321 0.859369
74.7011 43.7795 31.5585 -0.375952 0 4.14135 0 -0.68413 -0.25334 0.683948
38.0866 20.8545 51.4677 -0.421072 0 -3.2 0 0.491601 0.084989 0.866664
51.6279 20.9198 29.7562 0.135836 0 -0.8 0 0.402765 -0.872821 -0.275614
26.1586 34.9876 25.3006 0.368417 0.287428 -4.5 0 0.862015 -0.506171 0.0268615
63.5342 41.4336 27.2462 0.92461 0.270547 -2.23993 0 -0.318118 -0.948022 0.00750532
42.7779 56.1808 56.0109 0.798999 0.943635 -0.7 0 -0.0169402 0.854179 0.519703
61.2459 33.9536 35.7391 -0.873669 0 -3.5 0 0.422984 -0.246828 -0.871872
35.6229 34.057 56.6871 3.56863 0 -3.9 0 0.944293 0.175062 0.278684
38.5216 25.5265 24.7431 0.713445 0 -3.9 0 -0.66682 -0.388691 -0.635823
47.9006 45.0873 43.1566 4.45063 0 -0.7 0 -0.425328 0.73854 0.523121
55.9714 64.8975 29.7714 0.106753 0 3.8 0 -0.768772 0.599222 0.223433
34.3341 60.0742 42.8906 1.76645 0.290712 -0.4 0 -0.713689 0.389562 0.582142
46.3535 52.2298 29.7206 0.23171 0 4.2 0 -0.136577 0.853202 -0.503381
42.7222 22.2734 29.0763 -0.6706 0 -3.5 0 -0.161531 -0.954684 0.249971
29.4732 30.8211 61.8311 0.0226255 0 -0.8 0 -0.354458 -0.35017 0.867029
24.2325 16.3499 45.0146 0.433776 0.0240972 -4.5 0 -0.508492 -0.853434 -0.114399
47.1813 54.4499 59.883 0.252153 0 -0.8 0 0.317796 0.948013 -0.0166583
66.4428 56.808 32.2103 -0.717173 0 3.8 0 0.406398 0.880018 0.245784
31.0175 50.0484 19.8435 0.908023 0 -4.5 0 0.153836 0.548599 -0.821811
36.9864 17.1532 46.5674 0.720567 0 -4.5 0 -0.980605 0.0758673 0.180714
47.1935 44.6307 24.1556 0.876131 0 -1.33095 0 0.695696 0.406379 -0.592337
43.7298 48.0076 26.9512 0.576944 -0.0179674 -3.5 0 -0.193528 -0.0377854 -0.980367
48.8833 41.7724 59.3143 0.0206334 0 -1.13091 0 0.826893 -0.552983 -0.102264
49.0375 53.4835 60.3275 0.40001 0.0571066 -0.8 0 0.537483 0.745234 0.394637
57.7924 60.6381 42.1582 -0.547272 -0.334789 3.8 0 -0.722225 0.453497 0.522236
53.607 60.6481 39.2451 -0.2854 0 -0.8 0 0.263211 0.797362 0.543078
24.0146 44.6591 54.303 -0.241639 -0.514455 -0.8 0 -0.35761 -0.492532 0.793428
53.7523 43.6833 63.3671 0.264924 0 -3.5 0 -0.227277 0.175675 0.957853
53.851 51.2555 33.707 2.28565 0 1.8 0 0.89746 -0.275253 0.344677
22.7572 20.2394 44.5387 0.731159 0 -4.5 0 -0.901249 0.415263 -0.123722
37.5599 36.2718 55.8611 -0.798914 -0.225402 -1.6 0 -0.382539 -0.681387 0.624
82.2585 46.1774 34.7699 -0.533318 0 -3.5 0 0.301597 -0.308236 0.902236
56.1596 21.233 33.4011 -0.344138 -0.412595 -3.67297 0 0.949167 0.308352 0.0632484
42.3019 25.9473 22.778 2.8909 0 -3.9 0 0.987615 -0.00798343 -0.156693
41.762 39.8165 57.9649 0.161349 -0.5892 1.06255 0 -0.185491 -0.53696 0.822963
49.3196 29.5125 51.7549 -1.10498 -0.865314 -3.5 0 0.643196 0.117136 0.756689
70.7988 61.371 28.3121 -0.0574178 0 1.9 0 0.679812 0.728399 -0.0853801
50.1665 43.1436 64.643 0.993858 0.482302 -0.4 0 0.0872896 0.729883 0.677976
48.0551 37.828 25.7978 0.559587 0 -1.3 0 0.280465 -0.591922 -0.755624
22.7191 31.1505 37.3146 -1.1734 0 -0.4 0 -0.645944 -0.333963 -0.686458
72.8777 37.3385 26.7778 -0.119609 0 -0.7 0 0.850082 -0.509072 0.134934
67.9016 48.6259 38.5611 -0.160808 0 -3.2 0 0.665191 0.74425 -0.060114
24.0958 30.3148 36.7656 -1.04043 -0.013272 -1.65 0 -0.552439 -0.746398 -0.37108
43.5389 30.4463 56.4207 0.140857 0 -3.5 0 0.751828 0.156812 0.640441
52.4165 39.5633 54.414 0.0409694 0 -3.78284 0 0.136297 -0.0434611 0.989714
58.4286 39.7692 28.8517 1.06284 0 -1.6 0 -0.526086 -0.346774 0.776519
40.0059 56.7244 34.7789 0.254408 0 -3.2 0 0.437958 0.646036 0.625164
64.1226 64.1461 22.3463 0.342266 0.245729 1.8 0 0.0566072 0.560977 -0.825894
73.9439 49.4144 22.6741 -0.644408 0 3.48592 0 0.826888 0.474546 -0.301764
47.2215 54.0205 33.3198 0.634345 0 4.2 0 -0.571258 0.781067 -0.252188
44.7348 16.5702 45.2136 0.287408 0 1.8 0 0.0272159 -0.924976 0.37905
36.5415 48.0025 40.9195 5.7219 0 -0.8 0 0.651072 -0.529163 0.544143
42.2985 56.1102 30.863 -0.45966 -0.384762 -3.334 0 0.61528 0.731126 0.294764
55.3135 38.3488 48.8488 1.39658 0 -3.5 0 -0.638323 -0.428393 -0.639549
49.5528 58.4036 51.4526 0.234565 0 2.8 0 0.921947 0.38667 -0.0223595
51.6527 26.0045 49.9547 -0.541477 -0.127789 -3.5 0 0.113556 -0.978198 0.173878
52.5093 63.9299 35.1508 0.1912 0 3.8 0 -0.704341 0.662844 -0.254051
53.7188 59.0628 31.4804 0.478283 0 3.8 0 -0.230527 0.930904 0.283327
42.1608 24.5915 22.7546 2.34392 0.262943 -3.9 0 0.729099 -0.506677 -0.460101
69.2841 65.8128 30.6378 0.120172 0 -3.5 0 0.528453 0.53538 0.658867
41.9745 24.1278 54.2996 0.391176 0 -4.5 0 0.417289 -0.432143 0.799451
55.2853 28.0628 43.2716 0.273473 0.00329014 -3.5 0 0.758945 -0.146775 0.634397
27.6506 52.855 21.1227 -0.00600004 0.064778 -4.07656 0 -0.464002 0.750933 -0.469896
68.6548 58.5301 20.7849 -0.0238763 0 1.8 0 0.448951 0.525336 -0.722817
73.7851 59.5904 26.6313 -0.945811 0 -1.51805 0 -0.304328 0.895859 0.323762
47.8381 38.0411 45.9376 5.77452 0 4.2 0 0.126233 0.822464 -0.554633
64.8343 56.4408 40.2761 -0.457642 0 3.8 0 0.907976 0.113004 0.403497
61.0591 37.5681 24.8288 -0.742752 -0.0436727 -4.5 0 0.178683 -0.822229 -0.540381
44.9941 33.4041 55.9211 0.838162 0 -3.5 0 -0.0412886 0.155741 0.986935
44.6592 53.8097 38.637 1.67198 0 -3.2 0 -0.419493 0.896574 -0.142055
13.6029 38.6541 41.9152 0.00527487 0 -0.7 0 -0.82225 0.47878 0.307692
23.971 51.223 48.1045 3.39101 0 -3.9 0 -0.801381 -0.0758371 0.593328
58.2784 35.9857 29.0721 1.30125 0 1.8 0 -0.0592295 0.0247477 0.997938
23.067 59.0185 32.3215 2.51045 0 -3.9 0 -0.258704 0.925784 -0.275676
42.8273 45.6598 61.1668 0.588804 0 -4.5 0 -0.615992 0.393468 0.682449
45.652 44.3205 17.4705 2.94853 0 -3.9 0 0.919281 0.393059 0.0206701
17.0456 46.4202 36.0316 -0.198412 0 -3.9 0 -0.734016 0.430296 -0.52542
44.9818 23.7234 49.5628 -0.652562 -0.610954 -3.5 0 0.926881 -0.0458624 0.372542
17.1789 29.3969 47.6699 -0.285847 0 -3.5 0 -0.239732 -0.635498 0.733942
51.8089 50.0986 22.5451 -0.0609021 -0.675226 3.8 0 0.0100437 0.156345 -0.987651
23.3085 35.8376 57.3144 -1.04498 -0.034354 -3.5 0 -0.350659 0.856575 0.378574
45.1476 38.0855 43.9787 5.59274 0.824683 -0.4 0 0.267596 0.924119 0.272757
14.1491 39.3925 40.4173 0.0322554 0 -0.7 0 -0.739011 0.673311 0.0227048
47.3657 28.489 26.2402 0.178294 0 -4.5 0 0.162327 -0.912488 -0.375519
47.2492 38.2799 25.0604 0.691373 0 -1.3 0 0.461146 -0.22343 -0.858734
64.4262 56.3311 19.4514 1.08202 0.200817 -0.7 0 0.65574 0.140177 -0.74186
18.832 57.2804 43.2999 0.206408 0 4.2 0 -0.16417 0.385953 -0.907793
58.2934 17.8056 44.6914 -0.553508 0 -3.5 0 0.860893 -0.471352 0.191548
29.8645 60.9917 34.3985 0.470611 0 -1.6 0 -0.220203 0.975234 0.0206984
82.099 50.6769 33.3106 -2.16999 -0.54826 -3.5 0 0.716558 0.6946 -0.0638459
79.0658 53.6999 34.8939 0.216401 0 -4.5 0 0.154543 0.706785 0.690342
38.3995 63.739 47.4103 0.561682 0 -1.6 0 -0.716059 0.506264 -0.48058
30.7439 53.483 20.4177 0.549787 0 -3.2 0 0.255463 0.021676 -0.966576
35.3851 20.2361 48.5259 0.239608 0 -1.3 0 -0.882804 -0.377642 0.279362
71.6416 53.7434 19.1063 -0.176292 0 -4.5 0 0.706266 -0.436271 -0.557545
40.1834 56.2675 27.0217 0.916191 0 -4.5 0 0.817048 0.395585 -0.419459
20.987 43.7921 27.6855 0.0151142 0 3.8 0 -0.534214 0.62564 -0.568498
19.836 29.245 40.074 -0.139649 0 -0.4 0 -0.59242 -0.711972 -0.377008
64.532 65.4305 25.757 -0.177005 0 -0.8 0 0.310818 0.950409 -0.0107366
36.3185 43.9813 58.1208 0.160627 0 4.2 0 -0.501174 -0.245178 0.829887
73.0061 51.4481 31.577 -0.201394 0 1.8 0 0.041158 -0.436812 0.898611
69.9524 43.2456 17.4109 0.167231 0 1.8 0 -0.129598 0.0769766 -0.988574
56.9121 28.4891 29.0604 0.190677 0.143832 -3.5 0 0.671539 -0.736001 0.0856629
55.7503 21.7498 36.0326 -0.0654151 0 0.737208 0 0.723291 0.224557 -0.653012
43.1176 51.2125 43.8869 4.69685 0 -1.3 0 0.0821603 -0.966486 -0.243217
35.4366 19.5735 50.1169 0.245408 0 -3.2 0 -0.978055 -0.187558 0.0907277
27.8159 54.0189 21.4443 -0.0985209 0.311422 -3.2 0 -0.780801 0.207683 -0.589251
36.1264 37.8598 14.2784 2.71565 0.0828332 -3.9 0 -0.884426 -0.356491 -0.301173
50.6466 45.247 24.8867 0.555785 0 -0.4 0 -0.628541 0.0120672 -0.777683
65.886 41.4331 29.2568 0.353631 0 -0.4 0 -0.0958009 -0.724221 0.682881
35.1135 42.2745 25.9902 -0.761179 0 3.8 0 -0.185777 0.432338 -0.882367
67.6299 61.3791 30.9379 -0.310827 0 1.9 0 0.11372 0.55023 0.827233
21.519 40.5923 18.7355 1.45705 0 -4.5 0 0.477445 0.768836 -0.425368
48.0504 28.0976 27.2305 -0.244519 0 -3.5 0 -0.252545 -0.804629 -0.537395
39.7092 13.8976 45.476 0.824667 0 -4.5 0 0.540968 -0.812654 -0.216671
56.0482 37.6471 45.4131 1.06071 -0.873728 -0.807349 0 0.554927 -0.61749 0.55746
42.3572 54.4262 58.1177 -0.0141863 -0.670686 -0.7 0 -0.124446 0.098239 0.987351
54.3466 33.6233 46.0346 0.947797 0 -0.8 0 0.614539 0.183639 0.767215
43.7875 50.219 34.336 0.319158 0 -3.5 0 -0.42754 0.903867 0.0153261
54.118 38.8995 28.8665 0.886418 -0.266618 0.248465 0 0.920259 0.319868 0.225406
50.3791 56.9627 45.1418 1.00544 0.530378 -2.82999 0 -0.638931 0.573149 0.513096
53.45 58.5984 36.4227 0.646053 0 3.8 0 -0.912468 0.0346077 -0.407682
37.4465 36.296 12.8988 1.82873 0 -3.9 0 -0.638775 -0.500985 -0.583935
48.5976 57.0106 44.2181 1.51801 0 -3.5 0 -0.126139 0.552448 0.823948
17.6805 31.872 20.6325 0.144925 0 -4.5 0 -0.608829 -0.224157 -0.760974
46.1572 35.1896 27.4867 0.000753323 -0.00572239 3.68142 0 0.987926 0.0569643 -0.144073
15.036 43.106 43.81 0.404059 0 -4.5 0 -0.522117 0.247527 -0.816164
17.1241 54.274 44.7941 0.149921 0 4.2 0 -0.987306 -0.154127 -0.0383568
24.4078 36.1784 59.8639 0.102106 0 -3.5 0 -0.251853 0.951623 0.176024
43.0484 28.2977 54.584 -0.416706 0 -3.5 0 0.985672 -0.168028 -0.0147132
45.9911 55.087 58.3835 -0.137326 -0.017254 -0.8 0 0.323799 0.840701 0.434022
36.2715 19.0798 46.0141 0.494197 0.813936 -1.3 0 -0.77148 -0.561896 0.29848
20.3372 48.2425 30.1437 1.5607 0 -4.5 0 -0.0393362 0.88033 -0.472727
24.949 28.2749 50.9206 0.769795 0 1.8 0 -0.333698 -0.735748 0.589339
17.8846 33.6591 31.0418 -0.538616 0 -3.5 0 -0.179967 -0.868627 -0.461627
19.92 33.1865 37.7617 -0.367705 0 3.8 0 -0.375226 -0.683002 -0.626669
53.798 42.5639 46.5641 2.80734 0 2.8 0 -0.208354 -0.942679 0.260663
51.8288 55.1718 23.6562 0.135389 0 -0.4 0 -0.270376 0.628768 -0.729073
61.5871 57.5584 18.4436 0.0585875 0 -0.7 0 -0.0747504 0.549057 -0.832436
66.1739 39.371 42.544 -1.93754 -0.219402 -3.5 0 -0.560966 -0.671902 0.483597
47.5145 46.9875 24.9705 0.32549 -0.204807 -0.650002 0 -0.240891 -0.165769 -0.956291
52.701 48.6805 43.437 3.39299 0 -0.7 0 -0.077781 0.946225 0.31402
41.6509 22.4006 28.9129 -0.602669 -0.0189924 -3.5 0 -0.469541 -0.820065 0.327147
16.8662 52.7984 43.8737 -0.360477 0 -3.5 0 -0.810871 0.11553 0.573708
59.7482 66.433 38.6199 -0.168674 -0.0390207 -1.52697 0 0.525478 0.843635 0.110241
28.9424 34.4659 30 -0.204939 0 1.59604 0 -0.0234122 -0.929294 -0.368597
62.9879 66.6484 25.0134 -0.40759 0 1.8 0 0.415036 0.709035 0.5701
23.4213 49.3045 28.1444 0.0654052 0 4.2 0 -0.77443 0.057944 -0.630001
56.5698 41.7373 24.9805 0.669894 0 -3.9 0 -0.138548 -0.837119 -0.529184
26.2463 56.0099 28.4498 -0.484127 -0.352509 -0.8 0 -0.961333 -0.207518 0.181041
18.5822 34.5698 35.4161 -0.87608 -0.189789 -0.200815 0 -0.470493 -0.638173 0.609402
49.7925 45.7635 38.8573 3.02415 0 3.8 0 0.59919 0.766411 -0.231486
78.1574 52.6856 36.315 -0.483707 0 -4.5 0 0.0202625 0.545355 0.83796
15.5074 37.946 38.0615 -0.651219 0 -2.48027 0 -0.325968 -0.942438 -0.0745301
47.2278 17.0668 50.3984 1.02841 0 -4.5 0 0.892459 0.43811 0.107598
32.958 61.7281 47.2803 2.2183 0.505423 -3.9 0 0.652696 0.599722 -0.462948
70.941 45.4204 29.8513 -0.37808 0 3.8 0 -0.019718 0.361406 0.9322
62.0812 51.7598 18.9307 0.24779 0 1.8 0 -0.508466 0.359321 -0.782529
33.239 26.3665 54.5515 -0.126988 0 -3.5 0 -0.0677268 -0.753464 0.653991
44.6161 62.1527 39.8959 0.164995 0 -4.5 0 -0.392341 0.867103 -0.306921
48.6183 52.1712 62.3959 -0.109526 -0.851784 -0.8 0 0.744575 0.582398 0.326222
67.6748 47.9903 40.8039 0.0563293 0 -3.2 0 0.532951 0.711223 0.458394
57.1495 61.228 20.455 -0.167453 0 -3.5 0 0.272188 -0.403327 -0.873637
73.3458 59.0196 23.2097 -0.368064 0 1.8 0 0.739061 0.0172114 -0.673419
54.4215 40.9762 31.8685 1.47948 0 -1.6 0 0.494511 -0.725517 -0.478627
56.1148 32.7561 45.6303 0.447624 0 -0.8 0 0.704307 0.0672036 0.706708
58.2573 35.9569 25.4292 2.0296 0 -4.5 0 0.120188 0.418661 -0.900154
54.8009 52.6137 56.1104 0.656776 0 1.8 0 0.49853 -0.0871234 -0.862483
59.5869 44.0873 43.6406 -0.806509 0 2.8 0 0.403959 0.539304 0.738896
22.9082 30.0194 53.4218 -0.533047 0 -3.18632 0 -0.595363 -0.476111 0.647195
18.6854 54.4588 42.2551 0.520382 0.264602 -3.5 0 -0.0923853 0.571022 -0.81572
30.7003 36.8668 61.8273 0.12907 0 -0.7 0 0.413338 -0.23392 0.880019
56.5274 53.2651 47.6348 1.14091 0.0908571 -4.5 0 0.677155 0.0651229 0.732953
21.9751 39.3516 17.3731 0.892646 0.100894 -4.5 0 0.810971 0.421972 -0.405297
67.5151 54.7474 18.7971 1.01469 0.163634 -4.5 0 -0.799338 0.239488 -0.551093
16.5112 51.6935 37.4922 -0.742826 0 -3.5 0 -0.918226 0.394989 0.0290572
18.6007 30.8769 51.0486 0.99252 -0.35321 -0.8 0 -0.859713 -0.486262 -0.15634
21.1225 27.3145 42.2979 -0.608785 -0.418763 -3.9 0 -0.0356731 -0.733421 -0.678838
50.908 12.5866 39.8721 0.132641 0 -0.4 0 0.21005 -0.884692 -0.416171
55.183 42.5285 21.4252 2.62917 0.31498 -3.9 0 0.549789 -0.403317 -0.731483
54.3102 15.6076 38.198 -0.198996 -0.240863 -3.9 0 0.085428 -0.878289 -0.470437
55.597 29.9654 44.5402 0.166404 0 -0.8 0 0.736133 -0.524989 0.427193
50.9174 21.2321 28.1652 0.31839 0.00871641 -1.31006 0 0.509693 -0.805586 -0.302067
79.935 53.1157 28.7955 -0.33322 0 -4.5 0 0.465328 0.825207 -0.320162
45.6386 59.7712 52.4294 0.152811 0 -3.10494 0 0.158151 0.598294 0.785515
53.0967 46.97 30.2475 1.97441 -0.0909063 3.31023 0 0.471486 0.193375 0.860411
57.1596 49.3976 30.9412 2.06179 0 3.7509 0 -0.602501 -0.458318 0.653405
59.1114 31.3773 28.8166 -0.171674 0 -4.5 0 0.757138 -0.152823 0.635128
50.3899 53.4554 27.2137 -0.14326 0 -2.92062 0 -0.612846 0.733052 -0.295049
35.2376 49.6903 45.1999 6.50793 0.116447 -0.650704 0 0.993202 -0.0626161 -0.0981302
42.5031 59.6006 39.8839 0.901597 0.134599 -4.5 0 -0.380452 0.175793 -0.907939
84.7497 47.9745 31.6618 -0.743846 0 -3.5 0 0.706629 0.549193 0.446164
78.8999 42.6859 25.6521 -0.197723 0 2.60805 0 0.709742 -0.553857 -0.435326
28.5351 40.2909 53.4361 -0.0837982 0 2.04341 0 -0.286399 0.441703 0.85022
49.454 15.119 44.466 -0.745789 -0.719334 -3.5 0 -0.480766 -0.495078 0.723714
20.8429 40.2323 22.3207 0.893489 0.541764 -4.5 0 0.150686 0.937513 0.313629
43.1461 14.4572 36.0265 -1.55136 -0.287678 -3.5 0 -0.0508106 -0.812029 -0.581401
57.9133 54.0611 20.6723 0.234529 0 1.8 0 -0.260916 0.175892 -0.949202
33.0072 21.7744 49.4576 0.218533 0 1.8 0 -0.00739863 -0.991586 -0.12924
49.7188 25.015 45.9625 0.364084 0 3.8 0 0.420536 -0.542307 0.72736
43.3929 45.1169 21.1283 -1.13895 -0.0442808 -3.5 0 0.259892 0.822238 -0.506341
40.5107 52.3399 26.2294 1.38746 0 -4.5 0 0.820594 0.178541 -0.542907
63.2626 62.2774 43.8729 -0.116117 0 -4.5 0 0.474913 0.445921 0.758691
18.5912 47.782 29.0204 0.391589 0 -4.5 0 -0.25702 0.628967 -0.733718
48.4984 39.8476 56.9966 0.633167 0 -1.6 0 0.487317 -0.552798 0.67597
40.4519 60.0319 41.0238 0.655018 0.254434 -4.5 0 -0.105569 0.885898 -0.451708
53.1866 18.843 31.9105 1.70037 0.0831717 -2.01504 0 0.034734 0.112515 -0.993043
45.696 60.813 37.1691 0.910522 0.666451 -4.5 0 -0.898126 0.334969 -0.284896
28.8806 22.2725 51.8171 -0.477089 -0.354664 1.8 0 0.0830087 -0.365099 0.927261
38.5491 24.5125 25.5005 0.169812 0 -3.9 0 -0.604804 -0.76691 -0.214621
52.7873 46.0721 39.6532 2.84021 -0.00582557 -0.295551 0 -0.208265 0.684033 -0.699088
22.1396 56.6311 32.8721 2.85234 0 -3.9 0 -0.892163 -0.451634 -0.00848655
39.6479 57.458 52.2808 1.19093 0 -4.5 0 -0.692082 0.584878 0.423013
63.7938 38.1215 31.1551 3.83566 0 -3.5 0 0.790786 -0.385105 -0.475763
59.4953 28.7296 33.3379 0.826152 0 -4.5 0 0.475171 -0.17058 -0.863201
28.2221 38.8583 58.9207 -1.38104 -0.446092 -3.5 0 -0.553397 0.770498 0.316361
77.7962 58.0502 25.4651 -0.619923 0 -3.5 0 0.822198 0.0512515 -0.566889
62.6245 36.1954 34.8949 1.29381 0 -3.5 0 -0.018512 -0.588417 -0.808346
66.9871 48.3239 16.606 0.115154 0 1.8 0 -0.723787 0.133594 -0.676968
15.879 46.4186 32.4696 -0.187591 -0.260355 -4.23846 0 -0.975698 -0.219096 -0.00333443
42.9967 28.1754 58.4474 0.338986 0.0114123 -3.5 0 0.794545 0.0477497 0.605325
25.3571 44.719 24.5008 0.325776 0 -1.6 0 -0.205635 0.753161 -0.62487
57.8332 31.4614 22.1509 1.62207 0 -4.5 0 0.168624 -0.345973 -0.922967
58.742 39.5973 49.4816 0.136972 0 -3.5 0 0.925148 -0.339572 -0.169682
75.3094 36.8861 17.6882 -0.891901 -0.70875 -3.5 0 -0.180886 -0.858341 0.480137
30.1567 61.6043 48.6033 2.02032 0 -3.9 0 -0.568113 0.757801 0.320912
35.8358 57.5854 28.0623 0.571181 0 4.2 0 0.467249 0.850439 -0.241728
21.1296 37.8976 15.4136 0.771644 0 -4.5 0 0.472963 -0.362746 -0.802946
60.309 66.0163 40.8504 1.01756 0 -4.5 0 0.759352 0.639066 0.122389
66.5489 37.6681 35.8579 -1.44406 -0.0236366 -3.5 0 0.129523 -0.987713 0.0874502
57.8991 25.0589 39.3352 0.0590017 0 1.42245 0 0.90216 0.286108 0.322878
68.4887 54.2154 17.3886 1.20789 0.338617 -4.5 0 -0.405021 -0.25386 -0.878358
60.2315 40.3391 21.3823 1.30443 0 -4.5 0 -0.674558 -0.0780084 -0.734089
32.0994 40.1826 57.2836 -0.755778 -0.498809 -3.5 0 -0.511502 0.846018 0.150396
51.5669 45.0874 23.6543 0.735344 0 -0.4 0 -0.755775 -0.136331 -0.640483
28.0145 58.5454 38.1774 0.209857 0 -3.9 0 -0.280077 0.836698 0.470631
53.5221 20.1704 32.5757 0.392353 0 0.167322 0 0.205747 0.056491 -0.976973
39.5243 57.585 30.097 0.515674 0 -3.2 0 0.0838779 0.808818 -0.582047
67.4761 36.0389 41.5257 0.977989 0 -4.5 0 -0.0587104 -0.110591 0.99213
60.0323 32.0695 22.4745 0.943074 0 -4.5 0 0.410221 -0.452981 -0.791534
70.5064 45.7042 17.5739 -0.621739 0 1.8 0 0.122759 -0.050129 -0.99117
53.1356 42.8564 56.8749 -1.5815 -0.428012 -3.5 0 0.0666436 -0.962198 0.264073
36.2955 17.3921 50.8289 -0.227257 -0.537247 -3.2 0 -0.861884 -0.0988896 0.49737
68.5481 39.8153 20.4492 0.317556 0 -1.6 0 -0.0812463 -0.59431 -0.800122
76.7789 48.2065 23.5798 -0.706634 0 4.47689 0 -0.202433 0.149875 -0.967759
74.7524 58.8091 24.9107 -0.894876 0 -2.33402 0 0.308555 0.183721 -0.933295
35.4742 20.7217 49.7253 -0.0964769 0 -3.2 0 -0.892542 -0.44071 -0.0956197
58.2149 17.8411 43.1559 -0.425114 0 -3.5 0 0.931811 -0.319302 -0.172552
56.0102 19.8974 46.0944 -1.64375 0 -3.5 0 -0.339667 0.181582 0.922851
21.244 28.2106 39.2668 -0.0944415 0 -0.4 0 -0.32458 -0.857076 -0.400086
31.2322 25.9887 28.0896 0.619888 0.77419 -4.5 0 -0.811152 -0.425371 -0.401363
46.1333 21.1439 49.1981 0.0906548 -0.287541 -4.19775 0 0.654407 0.355593 0.667311
18.5888 35.2793 38.6535 -0.195969 0 3.8 0 -0.913328 -0.399138 -0.0807553
52.7646 36.3585 30.4996 0.71036 -0.500813 1.62241 0 0.869261 -0.414856 -0.268847
52.961 15.3909 44.9435 -0.0615173 0 -3.5 0 0.128017 -0.617623 0.775985
81.7939 50.3921 26.0395 -1.1973 0 -3.5 0 0.060809 -0.0744623 -0.995368
53.5747 39.8354 49.7347 2.43668 0 -3.66957 0 -0.202003 -0.347847 -0.915531
76.5189 43.6364 18.1889 -1.09379 0 1.8 0 0.761924 0.634802 -0.128444
45.931 45.68 42.989 4.30206 0 -1.3 0 0.201862 0.475164 0.856429
37.0293 24.8492 36.9871 0.0777949 -0.094472 3.32996 0 0.147739 -0.979927 0.133852
44.1133 16.099 34.8683 -1.84396 -0.554655 -3.5 0 -0.262634 -0.1421 -0.954375
74.8958 40.577 14.9862 -0.169715 0 -3.5 0 -0.160563 0.729441 -0.664932
56.541 42.898 59.952 -0.0216931 0 -3.5 0 0.206074 -0.968438 -0.140219
25.2915 57.9883 47.0008 -0.645346 -0.848869 -3.9 0 -0.477106 0.152442 0.865524
39.3419 63.4394 46.2547 0.646527 0 -1.6 0 -0.574549 0.400324 -0.713886
32.1586 58.4391 28.4811 0.38736 0 4.2 0 -0.604521 0.763212 -0.228172
33.114 49.9445 55.9745 1.01126 0 -4.5 0 0.0111249 0.91505 0.403186
52.4905 60.3749 34.2686 0.548696 0 3.8 0 -0.802423 -0.0545171 -0.59426
59.3124 39.1787 46.7248 0.0633887 0 -0.9 0 0.450101 -0.88448 0.122896
41.2511 55.4782 37.2864 0.9179 0.687138 -3.2 0 0.819266 0.569444 -0.0673575
46.1043 43.5348 21.9361 0.0780848 0 -3.5 0 0.566342 -0.323367 -0.758084
49.5011 40.0014 47.7151 3.88926 0 -0.4 0 0.753689 -0.297204 -0.586194
22.5112 40.1748 24.9055 0.506432 0 3.8 0 0.092327 0.83079 -0.548874
40.8691 47.1829 47.4136 5.70432 0.794158 -3.5 0 -0.688677 -0.215871 -0.692188
66.5218 51.6395 42.156 -1.20443 -0.942961 -0.7 0 0.629766 0.0591346 0.774531
25.3891 28.673 52.363 -0.0173368 0 1.8 0 -0.511015 -0.809958 0.287806
47.9849 33.2419 55.6092 -0.103645 0 -3.5 0 0.585347 0.613533 0.530044
56.8565 66.7704 42.1009 -4.78746 -0.835205 -4.5 0 -0.272991 -0.0247555 0.961698
41.9996 21.7114 32.6511 -0.48169 -0.0604273 -2.28631 0 0.230981 -0.682484 -0.693443
40.0124 27.6076 21.4845 0.0606898 -0.281836 -3.6856 0 -0.0155932 -0.348524 -0.93717
27.9907 51.155 54.409 0.715306 0.139871 -0.4 0 0.0346289 0.0589362 0.997661
43.5532 46.3932 26.4457 0.837821 0 4.2 0 -0.164658 0.71741 -0.676913
22.6119 59.0202 33.9854 0.94856 0 -3.9 0 -0.575077 0.808344 0.125964
20.8333 25.7978 44.9753 0.176509 0 -3.9 0 -0.506412 -0.852375 -0.1304
33.254 54.8766 44.853 0.346482 0 -0.4 0 -0.552778 0.422645 0.718198
46.1878 44.3106 46.1372 4.68215 -0.247858 -0.784325 0 -0.710565 0.276837 -0.646884
83.4082 49.7837 25.7545 -0.651262 0 -3.5 0 0.00753774 -0.311537 -0.950204
81.1813 43.7832 28.4918 -0.149088 0 1.26065 0 0.105181 -0.54804 -0.829813
30.6127 55.274 50.3293 1.11325 0.835423 1.8 0 0.334917 0.940566 -0.0562641
56.9308 43.1418 56.9841 -1.15327 0 -3.5 0 0.287091 -0.828861 0.480175
47.2502 42.2786 45.2512 5.71146 -0.308193 -0.7 0 -0.70323 -0.686745 0.18398
48.7946 31.5777 27.1968 0.21571 0 -3.6846 0 0.522698 0.77527 -0.354603
61.4282 46.778 44.0843 0.101149 0 -1.6 0 -0.809828 -0.334718 0.481812
55.8549 23.3601 45.8894 -0.158509 0 3.8 0 0.272708 -0.0759808 0.959092
14.6106 45.2253 45.0569 0.745986 0 -4.5 0 -0.108561 0.733207 -0.671283
59.9292 31.7085 39.7497 -0.075048 0 -3.94536 0 0.764236 -0.103935 0.636507
26.0494 35.0566 61.386 0.314478 0 -3.5 0 0.0343227 0.415417 0.908983
60.187 26.7938 36.1589 1.00665 0 -4.5 0 0.536041 -0.790735 0.295633
36.658 19.0721 43.6535 0.272347 0 -2.99537 0 -0.617765 -0.291424 -0.730369
54.5272 46.3237 39.1566 2.53271 -0.222934 3.04546 0 -0.532209 0.446528 -0.719281
56.041 61.3134 38.9454 -0.0337892 0 3.8 0 -0.452821 0.181569 0.872918
59.6024 55.3554 20.0147 0.194456 0 -0.7 0 -0.703379 -0.249661 -0.665528
14.2783 36.4159 39.9953 -0.191766 0 -0.7 0 -0.498012 -0.709443 -0.498673
53.937 39.861 45.1507 2.99999 0 0.182321 0 -0.244362 0.313406 0.91764
44.5855 39.8366 60.0047 0.379189 0 -1.6 0 -0.668715 -0.596727 0.44355
19.0031 29.1811 41.5471 0.0993058 0 -1.33541 0 -0.427059 -0.702273 -0.56959
48.0518 18.9051 27.8205 -0.322306 0 -3.5 0 0.0603695 -0.973511 0.220527
57.9109 36.6449 43.0606 3.06491 0.279749 -3.9 0 0.873904 0.475136 0.102656
69.6387 52.0119 18.1499 0.404217 0 -4.5 0 0.18047 -0.362534 -0.91433
25.9051 57.4077 38.0332 -0.414808 0 -3.71729 0 -0.695348 0.406726 0.592508
38.81 17.3301 51.8899 0.347094 -0.0261151 -3.2 0 -0.106696 -0.25342 0.961454
68.422 42.8769 39.4571 -0.128107 0 -2.61886 0 0.618591 -0.729365 -0.292184
55.944 52.8445 36.4723 2.31875 0 3.8 0 -0.41439 -0.785858 -0.45903
58.0443 37.6066 51.1551 1.05136 0.633783 -3.5 0 0.750844 -0.66013 -0.0215019
55.8466 36.4589 53.0469 2.04918 0 -3.9 0 0.607959 -0.557657 0.56516
19.227 36.7557 20.8983 0.606105 0 -4.5 0 -0.587666 -0.75288 -0.296346
55.1662 64.5183 34.9234 0.15064 0 3.0823 0 -0.44878 0.559783 -0.696592
27.1176 34.0278 30.0819 -0.167615 0 -0.826874 0 0.0142002 -0.990438 -0.137227
21.7126 47.1151 27.9381 0.16788 -0.0109276 -4.5 0 -0.329052 0.388518 -0.860685
43.2112 59.6451 50.8601 -0.0762254 -0.0451508 -1.6 0 -0.399494 0.877497 0.265337
37.2907 33.2076 18.3881 -0.119632 0 -3.66917 0 -0.333658 0.0301954 -0.94221
77.63 41.483 16.69 0.220958 0 1.8 0 0.063005 0.449649 -0.89098
19.9757 43.9966 28.88 0.075267 0 -4.5 0 -0.67326 0.0383258 -0.738412
45.6442 43.4719 43.7569 5.32195 0 -1.3 0 -0.651743 0.0682358 0.755364
21.5111 31.0893 38.3794 -0.539548 -0.0356738 -0.281424 0 -0.354814 -0.0554208 -0.933293
49.4609 58.9757 35.138 1.04754 0.652145 -4.5 0 0.774986 0.550335 0.310691
56.3711 63.4305 20.0623 -0.150666 0 -3.5 0 -0.323679 0.462221 -0.825581
42.2115 25.7791 54.9909 0.689748 0.0186707 -4.5 0 0.578193 -0.575656 0.578198
62.6587 60.8664 44.3326 -0.178228 0 -4.5 0 0.388808 0.0637905 0.919108
24.4511 22.4437 48.894 1.24675 0 -3.54413 0 -0.716861 -0.695059 -0.054802
72.0689 54.1806 31.3041 -0.401407 0 1.8 0 0.175829 0.497894 0.849227
15.0874 36.0143 41.5271 -0.555904 0 -0.7 0 -0.467515 -0.88259 -0.0496468
53.3601 39.6164 25.3092 0.646013 0 -3.9 0 0.849914 -0.510297 -0.131314
32.0209 36.1717 26.4844 -1.90538 -0.0271632 -3.5 0 -0.700138 0.0853027 -0.708894
31.3171 45.0489 54.5428 1.00515 0 -4.5 0 -0.339348 -0.119427 0.933049
70.3519 36.8411 26.9174 0.125453 0 -0.7 0 -0.446721 -0.870327 -0.207294
44.7421 53.4799 30.8841 -0.256233 0 1.37769 0 0.409867 0.887667 -0.209897
79.7431 50.4589 24.4709 -1.02083 0 -3.5 0 0.829161 -0.237383 -0.506104
18.5305 37.9621 25.3129 0.262771 0 3.8 0 -0.746866 -0.401791 -0.529864
16.3958 54.8659 45.5801 0.00682669 0 4.2 0 -0.861863 -0.463371 -0.206107
16.1775 47.2036 33.6724 -0.33818 0.0172629 -4.5 0 -0.743711 -0.111084 0.659207
54.8954 28.0839 45.5682 0.570521 0.238272 -3.5 0 0.991446 0.130334 0.00687729
47.4451 48.4489 45.9475 4.30067 0 4.2 0 -0.459182 -0.288767 -0.840099
14.0791 36.1174 51.6975 0.893029 0 -4.5 0 -0.631252 0.4788 0.610141
14.998 40.9006 38.0563 -0.0978196 0 -3.9 0 -0.784201 0.567103 0.251838
48.6165 29.7292 52.961 -0.495993 -0.650455 -3.5 0 0.216743 -0.890988 0.398953
73.9464 48.7158 31.2294 -0.313118 0 2.5 0 -0.676325 0.0384543 0.735599
36.6165 58.904 49.9403 -0.41193 0 -3.5 0 -0.245089 0.215346 0.945282
53.4052 51.4897 55.1537 0.450286 0.863118 3.60804 0 0.806538 0.278001 -0.52174
59.5164 58.171 20.5145 -0.193628 0 -0.7 0 -0.407925 0.383416 -0.828607
52.5104 49.1576 34.3889 2.60121 0 1.8 0 0.722322 -0.684776 -0.0966091
17.0938 41.5382 31.4774 -0.321438 0 -3.5 0 -0.596097 0.376631 -0.709096
34.9992 58.814 47.9796 -0.516934 0 -3.5 0 -0.883322 -0.399238 -0.245666
53.055 34.007 47.741 0.0309079 -0.996837 -3.5 0 0.781793 0.247639 0.572254
57.3188 33.5624 44.4015 2.70301 0 -3.9 0 0.498336 -0.431359 0.752057
56.6616 52.7641 34.4985 2.09912 0 3.8 0 -0.550758 -0.832164 0.0645633
69.3585 48.5255 32.109 -0.340798 0 3.8 0 0.321213 -0.71347 0.622723
36.6735 56.1628 50.0198 1.25903 0.131978 -3.5 0 -0.334758 0.032614 0.94174
57.9187 27.8953 31.5001 0.13307 0 2.8 0 0.872281 -0.401673 -0.278898
37.861 24.0672 53.6575 0.296992 0 -4.5 0 -0.56441 -0.395576 0.724542
17.1562 32.6625 41.4798 -0.166724 0 3.8 0 -0.65747 -0.0478036 -0.751963
17.5019 52.8339 44.8396 -0.218216 0 -3.5 0 -0.85175 -0.214343 0.4781
38.0455 46.3934 39.4564 6.06886 0 0.561915 0 0.0562739 0.181969 0.981693
67.4303 41.5914 39.9885 -0.427239 0 -4.5 0 0.93908 -0.252907 -0.232739
12.9691 44.6286 46.9272 1.03266 0 -4.5 0 -0.819948 0.569919 0.0536433
45.4989 49.2465 60.2522 0.311808 0 -3.75429 0 0.0176829 0.289161 0.957117
74.714 36.7651 15.8825 -0.745175 0 -3.5 0 -0.442072 -0.89691 -0.0111654
78.0557 36.7676 14.9429 -2.00924 -0.818582 -3.5 0 0.783695 -0.60081 -0.157634
76.4614 40.53 29.7149 -0.670446 -0.297717 1.8 0 -0.0528175 -0.787359 0.614228
44.8921 30.7814 53.8531 0.0282579 0 -0.852065 0 0.300878 -0.918012 0.258316
76.9207 46.7854 33.3377 -0.737112 0 4.29264 0 -0.503337 0.116605 0.856186
29.0754 44.561 20.9529 0.337672 -0.152919 -3.5 0 -0.858478 0.502255 -0.103709
37.2422 62.3133 47.0173 0.4149 0 -1.6 0 -0.691723 0.640077 -0.334397
16.1354 41.7704 35.3575 -0.265306 0 -3.5 0 -0.79832 0.59412 0.0985234
79.8821 52.8462 26.9522 0.0628718 0 -4.21488 0 0.463663 0.855308 0.231223
34.6515 53.3413 22.3575 0.827786 0 -3.2 0 0.619154 0.640673 -0.454077
52.9513 40.787 61.2557 0.184413 -0.0339954 -0.4 0 0.323796 -0.769855 -0.549981
37.2692 41.0625 15.6399 1.10905 0 -3.5 0 0.727889 0.351946 -0.588483
70.4315 49.1935 18.949 0.248848 0 1.8 0 0.632113 0.435097 -0.641189
63.8865 37.9367 39.8414 0.326517 0 -4.5 0 -0.328606 -0.539792 0.775012
32.3203 49.5882 53.5405 1.2324 0.63705 -4.5 0 -0.146938 0.929699 -0.337741
20.5322 37.2417 54.8075 0.306572 0.020653 -3.9 0 -0.233533 0.265263 0.935467
58.6136 46.1959 51.1867 0.628948 -0.0590566 -1.6 0 0.803333 -0.406592 -0.435131
29.2833 36.0337 28.498 -0.813687 0 -1.6 0 0.0430904 -0.305835 -0.951109
36.3895 36.8123 17.1703 0.420726 0 -3.9 0 -0.588625 -0.590387 -0.552235
38.6519 29.7093 55.6887 0.101528 0 -3.5 0 -0.621331 -0.0232534 0.783203
48.3064 53.5695 58.9615 0.549323 0.136886 -0.8 0 0.372972 0.924886 0.0740085
26.3685 52.7417 25.2905 -2.01945 -0.91698 -3.5 0 -0.752757 0.657398 -0.0344138
32.281 62.2933 47.7964 3.39335 0.0582625 -3.9 0 0.366463 0.912085 -0.183862
44.8936 20.4166 34.5686 0.253716 0.0392234 1.64314 0 -0.318967 -0.0694158 -0.94522
46.1516 53.2805 33.2584 0.668749 0 4.2 0 -0.417115 0.907369 0.051924
51.6076 50.5088 61.7549 1.08251 0 -4.5 0 0.561145 0.804598 0.194263
77.0806 36.995 13.8378 -1.80639 -0.0906376 -3.5 0 0.299464 -0.426787 -0.853331
14.353 47.5255 38.4275 2.35163 0.179872 -3.9 0 -0.970913 0.122996 -0.205427
63.8988 38.2697 20.7528 0.10593 0 -4.5 0 -0.259187 -0.883511 -0.390167
34.3744 40.0974 26.9276 -0.978978 0 3.50615 0 -0.0772377 -0.630515 -0.772325
81.6807 52.6848 25.4403 -0.74964 0 -3.5 0 0.335727 0.43145 -0.83734
29.2656 47.0399 20.7753 0.606916 0 -4.5 0 -0.717096 -0.49239 -0.493281
29.7273 29.6804 60.6561 -0.204708 0 -0.8 0 -0.137404 -0.941276 0.308416
48.9276 47.8351 42.6596 3.88734 0 -0.7 0 -0.500518 0.756876 0.420263
45.9165 51.2664 61.6838 -0.480009 -0.604733 -0.8 0 -0.641432 -0.642887 0.418642
40.9165 58.208 33.0923 0.249088 0.638475 -3.2 0 0.777757 0.607395 0.161755
25.4175 33.264 61.7723 -0.00241217 0 -3.5 0 0.0116495 -0.434041 0.900818
54.9595 60.671 38.8676 -0.0648971 0 3.8 0 -0.117527 0.560371 0.819861
64.2476 36.2305 39.1852 0.35618 0 -3.96019 0 -0.0473249 -0.843423 0.535161
76.5117 57.839 24.8272 -0.693729 0 -3.5 0 0.345111 0.11583 -0.931387
62.2102 43.6473 21.7822 0.457304 0 -2.83757 0 -0.720388 -0.195575 -0.665425
33.9526 29.595 26.0408 0.0126427 0 -3.2 0 -0.0604844 -0.422017 -0.904568
56.6145 23.7234 36.6351 0.390652 0 1.8 0 0.581243 -0.181531 -0.793223
38.987 49.1855 54.814 0.444517 0.070916 1.18685 0 -0.463893 0.623231 0.629592
76.203 52.4571 23.6937 -1.83833 0 -3.5 0 -0.498294 -0.332224 -0.800831
15.386 41.432 36.6021 -0.154557 0 -3.53139 0 -0.514275 0.857331 0.0224737
49.2416 45.7959 25.556 0.0610592 0 -0.4 0 0.00258937 -0.0395339 -0.999215
31.3792 27.2061 27.6356 0.0835744 -0.0629453 -0.4 0 -0.711685 -0.305795 -0.632451
30.9955 32.3 30.967 -0.920322 -0.568364 3.25239 0 -0.792405 -0.121675 -0.597737
77.5469 55.181 28.9982 -0.856485 0 -3.84374 0 0.565241 0.495026 0.659888
16.508 42.5621 51.3916 0.524214 0.178161 0.542041 0 -0.235018 0.723338 0.649268
42.369 44.7082 42.1555 5.11637 -0.4112 1.44277 0 -0.297516 -0.13098 0.945689
46.9427 22.0918 48.4547 0.637033 0 -4.5 0 0.435314 0.246313 0.865928
71.34 52.7692 19.0798 0.10508 0 -4.5 0 0.703327 -0.342922 -0.622685
21.0447 46.1956 47.7682 -0.0782393 0 3.8 0 -0.966579 0.0693806 -0.246803
30.0324 24.7973 53.3747 0.13047 0 3.36775 0 0.241491 -0.706648 0.665079
47.1149 50.5611 40.5352 3.55764 -0.108069 -2.25729 0 0.31241 0.113784 0.943108
30.0101 21.8489 40.7236 -0.0193761 0 -4.5 0 0.217664 -0.430935 -0.875738
46.6372 15.747 49.4147 1.12568 0.705632 -4.5 0 0.270718 -0.757261 -0.594364
75.3596 45.7155 22.2673 -0.544648 0 1.8 0 0.575099 0.711578 -0.403632
25.2604 19.7877 47.6609 0.280482 0 -3.5 0 -0.916864 -0.021413 0.398625
51.7415 44.343 62.942 0.337685 -0.67051 3.8 0 -0.0115395 0.62929 0.777085
53.1777 32.2352 28.6716 0.509332 0.152897 1.04419 0 -0.282872 0.809277 -0.514835
60.053 42.9123 46.3686 -0.0489843 0 -0.9 0 0.329616 0.802671 0.497063
13.1727 41.9177 50.876 0.860547 0.00197009 -4.5 0 -0.59538 -0.391525 0.701592
43.9458 39.4191 58.4907 0.197428 0 -1.6 0 -0.1908 -0.895432 0.40224
67.678 45.0692 43.8563 -0.852368 -0.26833 -3.5 0 0.613533 0.172415 0.770617
58.3677 29.8615 43.2056 -1.63698 -0.0195456 -3.5 0 0.321451 -0.381487 0.866682
84.6417 45.1685 32.512 -0.0788142 0 -3.5 0 0.896744 -0.309786 0.316043
49.1489 19.3279 30.9543 0.551151 0 1.9 0 -0.480589 -0.818369 -0.315129
56.6755 18.7342 40.2154 0.2831 0 -2.95049 0 0.861191 -0.114984 -0.495106
61.7569 43.0436 44.978 -0.236638 -0.242806 0.402416 0 0.243658 0.35351 0.90314
25.5376 51.4421 53.3429 0.250723 0 -0.4 0 -0.676694 0.469742 0.566946
71.7551 49.5806 31.7026 -0.306929 0 3.8 0 0.732486 -0.380758 0.564348
35.9544 44.343 18.0121 1.1448 0.315051 -3.5 0 0.198637 0.58836 -0.783822
60.2081 66.2509 29.4608 0.616772 0 -4.5 0 -0.607127 0.3442 -0.716187
53.8544 33.7244 32.463 2.02307 0 -0.4 0 0.144316 0.568169 -0.810158
44.9093 63.3084 43.5067 1.15987 0 -4.5 0 -0.087588 0.96999 -0.226819
36.6966 43.3671 17.4399 1.35991 0.414644 -3.83398 0 0.238344 0.673486 -0.699721
19.316 40.267 22.3855 0.502017 0 -4.5 0 -0.470184 0.827351 0.307273
49.4701 20.119 25.0296 -1.31163 -0.0448134 -3.5 0 0.817832 -0.234163 -0.525661
47.8004 18.845 26.2609 -1.82844 -0.763139 -3.5 0 -0.125833 -0.986765 0.102278
56.8954 20.4495 38.1693 -0.0615741 0 1.8 0 0.873708 -0.482467 -0.0621226
70.3708 38.2889 24.2083 0.243899 0 -1.34271 0 -0.16486 -0.985015 -0.0506649
51.6714 51.9346 45.9901 3.84434 0 -4.01603 0 -0.48686 -0.748862 -0.449636
59.0168 36.3989 38.7113 0.284739 0 -3.61251 0 -0.017506 0.738073 0.674494
57.1534 18.1821 34.3088 0.576439 0 -3.9 0 0.943563 -0.220029 -0.247541
31.183 23.826 41.497 0.426721 -0.0115346 -4.35051 0 0.637507 -0.082651 -0.765999
54.8844 32.7891 28.7726 0.414917 -0.476637 2.8 0 -0.4614 0.884094 0.074078
19.6059 43.5173 48.1917 -0.100294 0 -3.5 0 -0.380013 0.799663 -0.464897
83.2026 53.8223 26.669 -2.38468 -0.611179 -3.5 0 -0.330734 0.939501 -0.0891753
39.2272 39.6097 45.4497 4.14721 -0.682192 -0.7 0 0.808328 0.58678 0.0479142
33.054 30.588 25.416 -0.227128 0 -3.2 0 -0.178075 -0.555699 -0.812089
36.1258 31.7999 54.8157 0.219825 0 -0.7 0 0.663717 0.0256867 0.747543
56.6176 37.9965 26.0354 0.936398 0 1.8 0 -0.463908 0.512989 -0.72224
43.4735 46.1888 22.642 -1.14506 -0.849171 -3.5 0 0.149153 0.953449 -0.262085
38.2869 49.1455 53.2972 0.867943 0 0.270866 0 -0.328302 0.84941 0.413183
24.0607 59.1685 42.4296 -0.448548 -0.835691 -0.7 0 -0.581043 -0.0116761 -0.813789
19.6822 59.0381 46.5211 0.0314764 0 4.2 0 0.22837 0.687653 0.689188
39.231 51.8197 43.6228 6.7747 0 -1.3 0 -0.34003 -0.694581 0.633985
68.1369 47.6974 36.9919 -0.222416 0 2.24457 0 0.785521 0.610204 0.102994
76.7473 40.486 20.9744 0.336932 0.545746 1.8 0 0.406865 -0.386654 0.827623
56.4808 48.5384 41.7096 2.73834 0 1.9 0 -0.63032 0.769824 -0.10034
59.4796 38.2201 24.4096 0.785618 0 -4.5 0 -0.418281 -0.64937 -0.635106
76.0676 41.7811 32.2966 -0.230928 0 4.5 0 -0.566751 -0.692396 0.446522
43.2639 45.9044 42.3435 5.21497 0 -1.3 0 -0.44058 0.160335 0.883279
46.1981 34.1572 55.7794 0.43892 0 -3.5 0 0.193807 0.611904 0.76682
27.6906 38.2841 26.2981 -0.949668 -0.153319 -1.63681 0 0.853967 -0.476974 -0.207931
48.833 45.8894 45.9291 4.51019 -0.0391391 3.9547 0 -0.571625 0.482325 -0.663783
58.6343 66.4282 22.8873 0.340789 0 1.8 0 -0.782129 0.394255 -0.482532
50.2249 31.6675 52.9988 0.131953 -0.0482685 -4.44206 0 0.193594 -0.968126 0.158911
41.0417 55.3659 28.4077 0.0113253 -0.452294 -3.91934 0 0.555162 0.577981 -0.598108
16.7558 43.984 42.7207 0.091411 0 -4.5 0 -0.910593 0.409004 -0.0594607
35.8828 46.2229 46.1351 5.92876 0.398512 -3.5 0 0.83115 0.406675 -0.379216
53.0389 60.8801 24.0785 -0.611186 -0.16059 1.65185 0 -0.969431 0.00569007 -0.245297
31.4252 27.4352 34.8215 0.58707 0.4415 3.8 0 -0.727877 -0.68567 -0.00713358
42.0148 33.3363 56.5062 0.151964 0 3.8 0 0.122311 -0.23865 0.963372
34.689 48.219 56.5633 0.818911 0.21478 -4.5 0 0.439069 0.572202 0.692678
28.8274 35.8203 22.6224 -1.85841 -0.692134 4.2 0 0.979458 -0.165582 -0.115088
52.3137 51.2603 22.5936 0.184871 0 3.8 0 0.368258 -0.00627593 -0.929703
79.0801 41.3791 25.9334 -0.155376 0 1.8 0 0.762651 0.167676 -0.624699
21.6815 45.5658 28.1595 0.182732 -0.151345 -4.5 0 -0.541431 0.074342 -0.837452
53.0321 32.0835 48.4164 -1.69503 -0.673498 -3.5 0 0.98214 -0.0246508 0.186528
46.1235 39.1721 24.5702 0.50775 0 -1.3 0 0.27059 0.0274891 -0.962302
56.9017 26.3813 24.7822 -0.507685 -0.275497 -3.5 0 0.273328 -0.903766 0.329391
15.0487 33.7878 52.0472 0.587291 0.166626 -4.5 0 -0.672037 -0.392041 0.628228
56.3131 56.7494 20.9246 0.141972 0 1.8 0 -0.416316 -0.562363 -0.714443
50.3508 37.5493 54.353 0.0209497 0 -3.9 0 0.315038 -0.512356 0.798901
64.3599 58.5259 37.1156 -0.284946 0 -3.5 0 0.551034 0.683189 0.47918
68.2002 56.2479 18.9172 0.322066 0 -4.5 0 -0.926347 0.298126 -0.230223
82.0102 45.7645 26.1345 -0.235547 0 3.8 0 0.559134 -0.518525 -0.646917
46.5286 61.8505 37.8434 0.897493 0 -4.5 0 -0.441525 0.895416 -0.0573234
74.1151 37.7779 19.2936 0.064899 0.0363869 -3.5 0 0.316618 -0.948213 -0.0254218
35.9881 41.6702 24.8761 -0.213634 0 -2.28684 0 -0.542413 0.71537 -0.440493
30.3855 60.917 37.9045 -1.08824 -0.318608 -1.6 0 -0.500748 0.812522 0.298427
51.5874 33.7316 54.2355 0.56921 0 -4.5 0 -0.0404812 0.460451 0.886761
26.8188 25.9172 54.2723 0.0415969 0 3.8 0 -0.889565 -0.435218 0.138781
15.9889 35.3766 44.6803 0.20994 0 3.38895 0 -0.983702 -0.138912 -0.114167
49.3804 30.4583 22.7808 0.873706 0.0507759 -4.5 0 0.804267 0.14279 -0.576859
40.1826 42.7288 42.2484 6.27802 0 -3.9 0 0.522107 0.385924 0.76057
27.1124 35.8444 18.9411 0.0687978 0 4.2 0 0.793108 0.237774 -0.560752
49.3154 60.3289 49.6975 0.32972 0 -1.6 0 0.999515 0.0167423 0.0262628
59.2808 28.4455 38.8033 0.223741 0.10354 -4.48378 0 0.63667 -0.709535 0.302012
55.7532 16.9219 33.6051 2.47638 0.0814955 -3.9 0 0.583668 -0.790076 -0.187378
43.2547 61.0405 40.3687 1.06944 0.346208 -4.5 0 -0.717126 0.64998 -0.251507
35.3088 57.5414 48.9543 -0.343509 -0.679517 -3.5 0 -0.922975 -0.0746869 0.377543
56.2982 33.1986 30.8827 1.25446 0 2.8 0 0.0830325 0.995814 0.0382151
43.8701 39.2402 20.7894 0.203514 0 3.8 0 0.76228 0.454013 -0.461305
21.6964 30.7568 22.6022 0.869376 0 -4.5 0 0.464665 -0.779341 0.420374
47.0999 15.2449 33.9234 0.0141087 0 -0.4 0 -0.222291 -0.507597 -0.832425
37.2052 20.4096 43.0204 -0.468813 -0.0782589 2.05986 0 -0.584272 -0.272906 -0.764296
58.0708 28.0861 23.4881 -0.270388 0 -3.5 0 0.998961 0.0187686 -0.0415201
60.0986 52.6367 45.7659 0.662991 0 -3.5 0 0.372176 -0.0962555 0.923158
35.4992 56.1574 49.1634 0.802073 0.155916 -3.5 0 -0.79235 0.266555 0.548752
46.9571 28.9572 25.2008 0.520524 0 -4.5 0 -0.246695 -0.909067 -0.335767
23.2068 58.4534 42.7146 -0.305239 0 -0.7 0 -0.271156 0.411064 -0.870345
44.5104 26.1125 53.4961 0.473626 0.0965069 -4.5 0 0.754246 0.124412 0.644697
60.9895 41.593 46.5961 0.0372703 0 -0.9 0 0.863655 -0.128051 0.487548
39.607 50.204 54.939 0.615777 0.36545 -0.4 0 -0.818971 -0.102376 0.564629
55.6907 63.0139 34.1471 0.293758 0 -0.72158 0 -0.323475 0.187908 -0.927391
24.4066 32.8908 19.1752 0.363078 0 4.2 0 -0.482056 -0.521769 -0.703831
51.7631 16.9466 36.6437 -0.0884543 0 -3.19385 0 0.0453779 -0.905187 -0.422585
21.2417 52.7938 39.2662 -1.5313 -0.884999 -3.5 0 -0.616852 0.777245 -0.124035
35.2348 63.9289 41.1994 -0.968541 -0.128669 -3.5 0 -0.911642 0.0708832 0.404826
73.495 50.1201 20.6265 -0.49202 0 1.8 0 0.766152 0.522586 -0.374052
30.2542 36.205 28.0702 -1.11673 -0.315387 -1.7093 0 -0.492655 -0.294613 -0.818837
36.9678 19.0252 51.5197 0.303816 0 -3.2 0 -0.416676 -0.278769 0.865257
30.1731 59.1588 49.7807 1.30007 0 -3.9 0 -0.317416 -0.27373 0.90792
54.8741 52.0638 32.1872 2.02476 0 2.8 0 0.532812 -0.516161 0.670589
15.6438 47.4719 31.4609 0.367566 0 -4.5 0 -0.823403 -0.00699146 -0.567414
53.1177 30.0699 48.0701 0.210253 0 -3.5 0 0.826153 0.300254 0.476779
34.9277 44.3875 22.6608 -0.598139 -0.0240509 2.82229 0 0.105103 -0.635994 0.764503
58.2865 46.2723 43.5261 -0.220765 -0.651066 2.5431 0 0.737843 0.0902007 0.668918
76.1742 44.1217 19.8328 0.395698 0 1.8 0 0.609527 0.707294 -0.358068
77.7346 54.6994 33.0628 0.422616 0 -4.5 0 -0.411876 0.905128 0.105363
14.5239 47.9224 39.6621 2.7051 0 -3.9 0 -0.916219 0.15785 0.368274
57.1149 62.9981 39.9989 -0.246065 0 -4.5 0 -0.772855 -0.358354 0.523716
42.1504 64.1168 46.5023 1.15511 0.0331523 -4.5 0 0.157952 0.90601 -0.392679
66.0943 57.0698 33.4478 -1.11134 0 -3.5 0 0.584713 0.798976 -0.140525
51.796 41.3431 64.4337 0.138872 0 -0.4 0 0.438083 -0.164817 0.883696
63.8909 60.501 36.4325 -1.23802 0 -3.5 0 0.818536 0.224916 0.528594
27.541 59.7365 43.298 0.864085 0.0374336 -0.7 0 0.597367 0.294289 -0.746021
39.469 50.782 53.795 1.1452 0 -0.4 0 -0.924102 0.155241 0.349194
39.4934 41.0649 44.2084 7.25489 0.409323 -3.9 0 0.801628 0.222856 0.554732
37.9567 34.2142 17.243 0.0217416 0 -3.9 0 -0.325144 -0.754106 -0.570618
22.4815 56.2719 33.9693 1.54244 0 -3.9 0 -0.979258 -0.201663 0.0196618
40.6624 50.6309 45.5429 4.76598 -0.134273 -3.5 0 -0.465458 -0.584313 -0.664776
28.8111 30.9916 34.6007 -0.388836 0 -3.5 0 -0.244938 -0.833614 -0.49507
23.4792 27.4601 49.9006 0.538161 0 -3.54742 0 -0.0522785 -0.625557 0.778425
36.0137 28.755 55.6051 -0.191475 0 -3.5 0 0.642436 -0.35776 0.677704
57.7719 40.7478 32.2737 1.2885 0 -1.6 0 -0.38915 -0.815406 -0.428573
56.6862 51.7912 31.9583 1.80731 0 2.8 0 -0.244039 -0.629971 0.73728
44.8501 42.6126 43.0371 5.53452 0 -1.3 0 -0.615683 -0.335973 0.712781
20.2164 52.3109 38.5465 -0.706361 0 -3.5 0 -0.0575858 0.993473 0.0984598
69.2975 33.2515 38.5902 -0.0943908 0 -4.5 0 -0.0523224 -0.339467 -0.939162
48.8823 56.0388 32.3911 0.846364 0 -4.5 0 -0.998703 0.0472542 0.018955
69.2787 45.2427 30.3898 -0.938667 0 1.8 0 0.314081 0.161706 0.935523
61.0754 38.7329 22.1421 1.14579 0 -4.5 0 -0.30138 -0.838124 -0.454663
33.9935 58.5041 32.7385 0.161978 -0.350594 -2.634 0 0.398011 0.771116 -0.496959
38.308 44.0321 41.602 6.23217 0 1.8 0 -0.117979 0.819265 0.561147
49.9576 22.3616 26.1031 -0.245863 0.0359039 -3.5 0 0.597002 0.00126966 -0.802239
53.1531 29.9829 25.8286 0.649342 0 -3.5 0 -0.694396 0.472253 -0.542948
52.478 54.3913 60.1469 -1.28499 -0.733062 1.8 0 -0.00172115 0.596653 0.802497
71.3652 42.4263 17.521 0.203928 0 1.33318 0 -0.0410809 0.0156941 -0.999033
45.3433 52.7642 34.0787 0.637061 0 4.2 0 -0.588835 0.779227 0.21466
58.0144 44.6951 44.7055 0.0623781 -0.117889 2.8 0 0.887529 0.358385 0.289572
56.123 50.076 43.067 3.38703 0.0588355 -3.5 0 -0.685102 -0.00917994 -0.72839
22.2971 54.4449 40.4729 -1.67932 -0.448131 -2.67195 0 -0.649774 0.665709 -0.366914
70.1618 33.8857 41.1903 -0.16593 0 -4.5 0 0.557821 0.0673779 0.827222
49.8861 43.2933 24.8257 0.42048 0 -0.4 0 -0.168934 0.346138 -0.922849
38.7535 61.1175 41.788 0.242389 0.283291 -4.02926 0 0.812719 0.574812 0.0952805
47.8775 56.516 47.458 1.07937 -0.797524 4.2 0 0.518457 0.614287 -0.594856
29.0161 28.118 38.7074 -0.801007 0 -2.65483 0 -0.826383 -0.471363 -0.308072
53.018 41.33 45.3685 2.91082 0 1.8 0 0.0157431 -0.408557 0.912597
23.5353 56.4932 41.6585 -0.324482 0 -0.8 0 -0.171731 0.540042 -0.823932
40.5722 26.0721 55.7709 0.117403 0 -4.17995 0 -0.485729 -0.538909 0.688218
22.0147 33.5933 30.2838 0.64751 0 -4.5 0 0.284215 -0.894974 0.343865
75.9894 41.4653 30.6884 -0.436148 -0.0820383 2.53337 0 -0.35199 -0.762759 0.542495
25.4394 28.4526 54.8971 0.024761 0 -3.5 0 -0.52447 -0.787373 -0.323998
56.9282 62.165 33.0649 0.253596 0 0.00638308 0 -0.946431 0.114868 -0.301783
18.7581 52.8851 35.9844 -1.30957 -0.328631 -3.5 0 -0.502429 0.84991 -0.158804
15.7422 47.7223 41.0456 1.79431 0.747651 -3.9 0 -0.738759 0.02622 0.67346
17.0806 53.8512 41.8514 -0.233409 0 -3.5 0 -0.451315 0.731268 -0.511431
58.3683 43.7308 54.4038 0.0290355 0 -3.5 0 0.707835 -0.695062 -0.125929
31.9096 43.5716 17.5747 0.39631 0.559295 -3.5 0 -0.384532 0.757695 -0.527288
47.061 41.5196 44.0646 6.49722 0.486713 -0.7 0 -0.471326 -0.545732 0.69284
57.3994 37.0132 40.5942 0.558546 0.051658 -2.62687 0 0.843005 0.533348 0.0698699
62.9931 59.5369 19.1799 0.0503719 0 4.2 0 0.175377 0.0859101 -0.980746
67.2927 51.6997 38.2196 -0.308631 0.357927 1.85617 0 0.939206 0.0315651 0.3419
44.1426 57.7418 54.9249 0.114945 -0.310082 -3.55978 0 -0.306807 0.628841 0.714443
37.6266 37.3814 56.894 -1.10476 -0.407741 0.52375 0 -0.111007 -0.281404 0.953147
25.3867 16.0956 44.9089 0.555936 0.00976232 -4.5 0 -0.0119663 -0.937655 -0.34736
38.6015 50.385 20.6495 0.354149 0 1.8 0 0.88425 0.428596 0.185492
20.1791 33.0762 29.0265 0.44508 0 -4.5 0 -0.573672 -0.575733 0.582608
34.2506 26.5406 25.0211 0.831985 0.105088 -4.5 0 -0.0361167 0.112601 -0.992984
60.6428 35.5857 26.0588 0.519312 -0.206535 -3.08353 0 0.948338 0.200048 -0.246242
16.823 42.9128 31.7882 -1.71715 0 -3.5 0 -0.278559 -0.0178891 -0.960253
48.2855 31.85 26.0105 0.935003 0 -4.5 0 0.775717 0.630612 -0.0243137
41.0361 31.5702 56.7474 0.20537 0 -3.5 0 -0.221748 0.514182 0.82852
41.5418 16.4956 40.1366 -0.544095 -0.0959062 -3.5 0 -0.675026 -0.735097 0.0630249
72.5693 36.3335 20.5247 -1.29131 -0.128514 -3.5 0 -0.0170157 -0.856405 -0.516025
48.3255 48.4779 39.138 3.41355 0 -2.08468 0 0.859353 0.312459 0.404822
60.6105 50.1465 22.14 0.240552 0 1.86075 0 -0.650699 -0.529282 -0.544473
17.7561 36.5594 38.75 -0.30243 0 3.54901 0 -0.67117 -0.709526 -0.214718
38.277 26.3131 54.097 0.403618 0 -4.5 0 -0.487287 -0.0350804 0.872537
46.6239 20.4463 32.3839 -0.155044 0 1.9 0 -0.760873 -0.545772 -0.351006
60.0789 68.5882 22.9386 0.0540415 0 1.8 0 -0.151455 0.881098 -0.448027
28.9862 20.355 49.7659 0.30733 0 -3.5 0 0.568271 -0.662946 0.487413
58.5146 32.1496 42.8108 -0.686905 -0.863496 -3.5 0 0.444366 0.145815 0.883899
24.6042 38.0588 54.1655 -0.483064 0 -0.4 0 -0.333915 -0.0498927 0.941282
30.6777 55.6165 53.0018 0.481396 0 1.8 0 0.730648 0.561582 0.388302
58.5138 28.4017 41.8139 -0.486391 0 -3.5 0 0.556412 -0.637457 0.532967
49.1085 33.0846 29.8072 0.815696 -0.0117794 -1.29569 0 0.0601069 0.266033 -0.962088
57.2029 17.9485 40.8036 -0.0560017 0 -3.5 0 0.778084 -0.17481 -0.603346
43.9877 45.7177 47.6522 4.99033 0 -0.8 0 -0.0292276 0.138394 -0.989946
46.3664 62.1229 34.9385 0.49942 0 -4.5 0 -0.804145 0.593011 -0.041094
48.6801 14.1675 52.1474 0.543821 0 -4.5 0 0.827183 -0.561924 -0.0031798
38.936 45.9405 39.9785 6.40563 0 -0.218613 0 -0.393451 0.444967 0.804488
16.3867 43.851 35.6748 -0.483614 0 -3.5 0 -0.993221 0.0742905 0.0894057
21.7005 46.9208 46.2215 0.212152 0 3.51498 0 -0.960851 -0.15188 -0.231728
45.0154 49.8604 40.5876 3.59594 -0.902907 -1.3 0 -0.47759 -0.00625413 0.87856
48.377 51.691 63.612 0.409475 0 -0.8 0 0.328038 0.163804 0.930354
43.9121 49.2352 46.2776 5.13397 0 -3.5 0 0.434444 -0.338203 -0.834792
76.5889 39.2298 26.3254 -0.0654708 0 1.8 0 -0.559588 -0.810457 -0.173266
43.6157 54.4753 32.0255 -1.58281 -0.790702 -3.5 0 0.546975 0.634122 0.546542
55.3553 35.5335 33.0967 1.76035 0 -0.4 0 0.0758244 0.416907 -0.905781
37.5677 30.4897 23.3924 -0.502578 -0.367773 -2.26278 0 -0.599244 -0.759236 0.253904
23.9825 33.1756 27.1051 -0.0197183 0 -4.5 0 0.275554 -0.956716 0.0936209
59.1092 49.8475 34.9665 2.00947 0 3.8 0 -0.93076 -0.360102 -0.0633468
54.151 52.6302 34.1652 2.57767 0 3.8 0 0.623914 -0.693394 0.360466
35.2509 61.3479 38.3833 0.534812 0 -3.5 0 0.0659846 0.119079 -0.99069
63.0544 37.3776 39.5019 0.615085 0 -3.5 0 -7.42916e-05 -0.169591 0.985515
80.1959 44.5179 26.466 -0.456636 0 3.8 0 0.699996 -0.696475 -0.157885
27.0148 52.3106 53.4999 0.307201 0 -0.4 0 -0.462639 0.500045 0.732066
32.5462 36.2764 60.3964 0.0975703 0 -0.7 0 0.826687 -0.0607434 0.559373
67.4159 33.8375 39.0185 0.431872 0 -4.5 0 -0.491124 -0.354567 -0.795663
64.2887 36.6937 37.4328 0.933336 0.187891 -4.5 0 0.471893 -0.848503 -0.239499
16.4499 34.2753 41.6304 -0.187273 0 3.8 0 -0.722128 -0.187319 -0.665915
76.352 40.1956 15.7796 -0.304555 0 -3.5 0 0.448408 0.633625 -0.630437
61.9406 55.2098 46.6315 -0.0138182 0 -0.4 0 0.267607 -0.17435 0.947623
24.5691 27.7596 58.6681 -1.99964 -0.0769523 -3.5 0 -0.494279 -0.839639 0.225155
68.6544 62.2399 30.4054 -0.509014 0 1.9 0 0.0465356 0.523899 0.850508
33.8368 33.3854 24.2057 -0.602294 0 -0.7 0 -0.545888 0.0243621 -0.837504
53.336 49.2378 63.9967 -0.0442185 0 -4.5 0 0.852372 0.520903 -0.0460692
52.7164 34.5815 32.3464 1.98668 0.0116601 -2.69136 0 0.766442 0.294789 -0.570672
47.1356 59.387 43.5094 -0.00392472 -0.0289456 -3.57799 0 0.560088 0.0450558 0.827207
45.7645 51.7122 44.2158 4.03728 0 -0.966926 0 0.232835 -0.929302 -0.28668
54.3372 18.3284 45.4823 -0.120228 0 -3.5 0 0.356367 -0.28171 0.890866
36.5358 44.9425 23.3606 -0.0603593 0.189544 -2.4275 0 -0.36919 -0.786206 0.495559
55.4734 18.2601 45.5252 -0.655184 -0.0434533 -3.5 0 -0.198087 -0.359545 0.91186
56.4475 49.6154 22.5103 0.256678 0 3.8 0 -0.0471454 -0.260523 -0.964316
23.038 35.4661 58.9124 0.045841 0 -3.5 0 -0.608807 0.790598 -0.065647
55.8373 50.6759 58.8795 -0.198868 -0.373404 -0.31998 0 0.936958 0.130214 0.324275
22.79 32.5621 33.0077 -0.337609 0 -4.5 0 -0.00414292 -0.870666 -0.491858
50.5642 48.1277 43.3195 3.50194 0 -0.7 0 -0.155995 0.98544 0.0676274
48.6867 33.3703 53.8929 -0.123798 0 -3.57285 0 0.463117 0.606775 0.646024
29.9749 26.7482 37.77 0.361845 0 -1.6 0 -0.763446 -0.286843 -0.57868
18.4232 31.5462 25.6423 0.483797 0.775753 -4.5 0 -0.762162 -0.540172 0.356823
51.5721 57.4419 36.6572 0.26788 0 -0.8 0 0.255155 0.852337 -0.456528
35.1927 53.1777 51.4183 0.858017 0 -3.5 0 -0.0536075 0.679379 0.731827
20.4543 53.757 33.8201 -1.62116 0 -3.5 0 -0.47373 0.480457 -0.738066
67.9235 41.4759 19.2345 0.279918 0 1.8 0 -0.667578 -0.340336 -0.662201
73.3826 60.4712 25.4714 -0.319229 0 1.8 0 0.20671 0.813734 0.543238
55.9789 45.9141 24.0785 -0.388899 -0.488858 -0.4 0 0.714698 -0.110052 -0.690721
42.3854 38.3173 47.2089 4.59539 0 2.25307 0 -0.280574 0.876123 -0.392029
25.1026 50.9931 49.3341 2.35911 0.110379 -3.9 0 -0.880825 0.0849143 0.465765
29.6359 40.9523 22.3853 -0.205741 0.487443 -3.35824 0 0.538844 -0.833692 -0.120847
60.1442 35.1698 35.633 -0.55825 0 -3.5 0 -0.120648 -0.153571 -0.980745
28.1172 35.0813 20.1038 -0.170786 0 4.2 0 0.966285 -0.0194215 -0.256743
69.5622 54.7871 17.334 0.278895 0 -4.5 0 0.158016 -0.294042 -0.94264
51.4385 51.131 47.7435 3.49583 0 -4.5 0 -0.56672 -0.326754 -0.756347
37.0062 43.1904 25.292 0.196917 0 -1.0794 0 -0.775451 0.128429 -0.618209
26.2831 26.0514 43.2765 -0.0171196 0 4.2 0 -0.668888 -0.444177 -0.596067
75.2503 57.9211 29.0869 -1.58357 0 -3.5 0 -0.120742 -0.0572841 0.99103
44.8594 53.5026 32.1669 0.169812 0 4.2 0 0.125425 0.925342 0.357785
32.6005 25.7919 41.9808 -0.707694 0 4.2 0 0.591937 -0.781001 -0.199119
29.5898 32.8671 31.463 -0.455455 0 1.8 0 -0.249732 -0.327659 -0.911194
31.7764 49.3901 55.655 1.06689 0 -4.5 0 -0.809651 0.341759 0.477143
29.1873 25.2948 55.2639 -0.0712979 0 3.8 0 0.325628 -0.686914 0.649705
24.0834 29.2456 54.6624 0.0324378 0 -3.5 0 -0.707951 -0.70617 -0.011423
74.2357 47.6978 22.0136 -0.507319 0 1.8 0 0.93841 0.244807 -0.243835
45.5671 58.3282 39.1604 0.668949 -0.0424074 -4.45317 0 -0.649428 -0.494448 -0.577724
37.3775 26.2114 53.4799 0.687095 0 -4.48202 0 -0.210536 -0.285018 0.935115
28.886 39.3228 54.92 -0.40199 0 3.8 0 -0.457687 0.845697 0.274443
34.3175 26.4325 41.0467 0.324775 0 -1.6 0 0.324481 -0.86459 0.383662
59.192 51.8859 20.635 0.114189 0 1.8 0 -0.0269033 -0.606942 -0.794291
40.3361 22.5499 51.9481 0.852008 0.818821 -4.5 0 -0.229792 -0.810354 0.539002
21.2878 45.176 44.838 0.201262 0 3.8 0 -0.67509 0.551088 0.490464
19.0457 40.0368 16.7397 0.0990706 0 -4.5 0 -0.164345 0.8567 -0.488933
38.2764 29.3073 22.598 -0.898493 -0.0196246 -3.5 0 -0.653669 -0.63607 0.410039
30.01 51.5389 20.4911 0.59195 0.0264689 -3.25476 0 0.322903 0.261138 -0.909693
69.5659 58.1294 31.6658 -0.884676 0 2.16643 0 0.256163 0.0667538 0.964326
30.715 40.6741 24.8859 -0.477206 -0.0373864 3.45805 0 0.272273 -0.852573 -0.446079
35.9629 45.8696 18.4221 1.37319 0.0314603 1.45003 0 -0.0614555 -0.122263 -0.990593
38.1024 28.8824 25.2891 0.06746 0 -3.9 0 -0.634504 0.0533798 -0.771074
37.0881 35.5139 17.3431 0.226112 0 -3.9 0 -0.769597 -0.502768 -0.393632
71.3838 34.9841 39.1974 0.316861 0 -4.5 0 0.921873 0.30634 -0.237288
68.4668 56.7948 36.0348 -2.12508 -0.45475 -3.5 0 0.898042 0.432021 0.082932
65.7453 58.5216 20.9552 -0.2097 0 4.2 0 0.0884442 -0.0503042 -0.99481
35.6134 30.7197 18.0547 -0.567485 0 -3.5 0 -0.608071 0.286092 -0.740541
38.8304 38.952 56.8486 -0.306217 0 3.8 0 -0.124899 -0.172274 0.977099
25.6356 54.8963 34.0741 0.793811 0 -1.6 0 -0.331272 -0.292128 -0.897174
47.1734 63.7402 50.0788 0.595823 0 -1.6 0 0.218045 0.953559 0.2078
31.4014 56.4356 27.0251 0.741382 0 4.2 0 -0.0796084 0.907623 -0.412169
17.1174 30.2569 48.2314 -1.3823 -0.247369 -3.5 0 -0.27981 -0.683263 0.674432
48.8304 61.007 40.4338 0.483347 0 -4.5 0 0.692912 0.720167 -0.0351222
16.8729 41.7118 53.7739 0.283334 0 1.8 0 -0.178545 0.751532 0.635076
33.1811 53.8831 47.3905 0.206607 -0.821197 -1.54444 0 -0.253097 0.937233 -0.239866
33.6441 21.9466 48.1617 0.109349 0 -0.352645 0 -0.363612 -0.872214 0.327152
67.6572 41.9523 34.8364 -0.427103 0 2.8 0 0.877959 -0.150201 -0.454563
77.4669 57.7696 28.3603 -0.772316 0 -3.5 0 0.858743 0.167251 0.484342
58.7373 39.4308 40.4323 0.405401 0 -0.9 0 0.310901 -0.947185 -0.0786202
77.4827 53.408 35.6157 -0.320986 0 -4.5 0 -0.152992 0.751296 0.641987
39.0014 43.2746 46.5213 5.43399 -0.0316345 -3.5 0 0.672868 0.00175628 -0.739761
63.3208 59.522 43.6766 -0.236895 0.230385 -1.137 0 0.793891 0.0113883 0.607953
62.4108 45.2248 24.219 0.339462 0 3.8 0 -0.927009 -0.189772 0.323483
53.1859 19.8954 46.7504 0.361398 0 -3.5 0 0.461408 -0.14502 0.875256
40.3422 53.5875 26.1308 1.3832 0 -4.5 0 0.839377 0.259503 -0.477603
35.8571 39.5718 14.4109 0.711228 0 -3.5 0 -0.430126 -0.151833 -0.889909
47.0416 47.7471 46.8739 4.77118 0 4.2 0 -0.514214 -0.253214 -0.819431
40.4861 40.2657 43.6407 5.52141 0.794504 -3.2068 0 0.274365 0.693811 0.665846
17.3304 38.4009 16.7171 1.08881 0.890629 -4.5 0 -0.765234 -0.34162 -0.54563
45.409 48.914 26.436 -0.508475 -0.636572 -1.84313 0 -0.196388 -0.242148 -0.950156
21.3396 36.5467 55.2832 -0.405619 0.362117 -3.85719 0 -0.377991 0.486056 0.787955
22.9931 32.0764 61.791 -1.93775 -0.0697252 -3.5 0 -0.163803 -0.585133 0.794222
48.0149 54.2169 32.362 0.740954 0 -0.440452 0 -0.714606 0.678429 -0.170507
17.0347 33.3601 53.3384 1.65171 0 -3.9 0 -0.707088 -0.0163002 0.706938
46.8181 54.6268 61.6895 0.032001 0 -0.8 0 -0.0266542 0.944632 0.327047
33.9267 41.3447 54.8065 0.836571 0 -3.5 0 -0.855061 0.453868 0.250746
64.3838 40.2841 19.3733 0.631406 0 -4.5 0 0.0204059 0.356015 -0.934257
22.3622 54.0942 38.906 -1.72076 -0.145821 -3.5 0 -0.397339 0.833808 -0.383258
33.5948 61.4219 38.4048 0.658904 0 -3.5 0 -0.0837079 0.681841 -0.726696
60.9811 43.6461 43.7069 -0.356955 -0.775105 1.56271 0 -0.269879 0.519538 0.810707
44.9388 22.2295 51.1068 -1.19646 -0.0977316 -3.5 0 0.75228 0.216658 0.622202
43.4281 12.9159 51.4353 0.292749 0 -4.5 0 0.559496 -0.817361 0.137422
36.5467 51.9844 22.2365 0.139542 -0.0606451 -4.32077 0 0.459868 0.823205 -0.332949
17.3762 30.3913 53.5355 3.17344 0.300231 -3.9 0 -0.416569 -0.870268 0.262874
52.9879 42.5929 48.074 2.6659 0 -2.49828 0 -0.145569 -0.846432 -0.512214
57.7062 45.301 47.0635 0.0913351 0 2.8 0 0.918949 -0.185197 0.348189
30.0981 21.089 49.7383 0.183648 -0.188802 -2.34595 0 0.424746 -0.808646 0.407042
39.4473 47.9462 49.0838 5.67409 -0.809487 -0.910517 0 -0.179462 -0.2415 -0.953662
43.9507 52.2407 58.2147 -0.0720135 0 -1.95942 0 -0.608356 -0.39098 0.690679
49.0499 14.5264 36.3184 -0.15228 0 1.32359 0 0.644922 -0.753791 -0.125992
37.0304 45.2394 45.6628 5.91964 0.136683 -3.5 0 0.462884 0.696407 -0.548413
26.04 34.0382 26.204 -0.55889 -0.0951266 -4.5 0 0.621399 -0.692689 -0.366121
79.6519 43.4116 27.7699 -0.726327 0 4.31439 0 0.674577 -0.490539 -0.55165
51.7263 43.6204 23.0747 0.990915 0 -3.9 0 -0.659673 0.280051 -0.697426
76.8135 41.2535 24.483 -0.0723735 0 1.8 0 0.375819 -0.3301 -0.865907
48.7706 14.8369 53.2243 0.96446 0.0243035 -4.5 0 0.887422 0.138238 0.439741
27.147 54.1802 46.5525 0.556697 0 -3.9 0 0.0236191 0.483776 0.874873
22.7214 58.3974 31.5347 2.67089 0 -3.9 0 -0.385823 0.435647 -0.813236
58.9248 46.587 52.9439 0.256063 0 -3.262 0 0.982323 -0.111295 -0.150516
52.2567 61.9625 27.0303 0.0392525 0 -0.4 0 -0.999522 -0.024224 0.0192092
44.8705 62.3231 50.4165 0.0814396 0 -1.6 0 -0.724621 0.110127 0.680291
28.8475 29.0439 55.9794 -0.479513 0 3.8 0 0.602771 -0.183963 0.776418
26.0048 36.7052 58.8692 0.0602213 0 -3.31027 0 -0.578779 0.701881 0.415184
55.3507 17.0621 31.9905 3.2107 0.130069 -3.9 0 0.44295 -0.673911 -0.591303
57.0728 19.6924 33.35 0.526021 0 -3.9 0 0.947462 0.119726 -0.296615
65.504 38.4533 41.4035 -0.0703123 0 -4.5 0 -0.54381 -0.356657 0.759649
61.194 44.9058 26.751 0.0474087 0 1.8 0 -0.0782933 -0.439615 -0.894768
16.79 33.9026 32.3602 -1.30962 0 -3.5 0 -0.734143 -0.678985 0.00377981
11.9019 42.1763 35.4034 0.508381 0.0663573 -3.5 0 -0.200906 0.946398 0.25292
40.1147 38.9753 16.0582 0.537831 0 -3.9 0 0.777113 0.489257 -0.395881
24.3671 61.9492 44.0536 0.0818065 0 -0.7 0 -0.639644 0.768583 -0.0116493
32.1191 26.6168 35.9344 0.28782 0.484667 1.26686 0 -0.473854 -0.746906 -0.466469
46.3532 44.6022 43.8325 4.79542 -0.679994 -0.883575 0 -0.43225 0.597305 0.675564
35.6167 24.1933 36.3064 -0.0194174 0 4.2 0 -0.154455 -0.894698 0.419116
46.4576 51.812 28.5055 0.123309 0 -0.8 0 -0.261034 0.95961 -0.104924
49.19 54.1366 23.8143 0.164001 0 3.8 0 -0.756081 0.653554 0.0347733
64.7412 55.0765 19.7804 0.180635 0 -0.7 0 0.43329 -0.00194495 -0.901252
56.6589 39.3274 52.5962 0.45771 0 -3.62439 0 0.131843 0.20831 0.969136
71.9479 36.2291 22.4551 -1.67461 -0.272139 -3.5 0 -0.539605 -0.806133 0.24285
60.4444 36.8131 25.6065 0.139954 -0.7426 -4.5 0 0.509301 -0.371492 -0.776277
66.9029 65.2565 26.705 -0.342664 0 -3.5 0 0.00787057 0.974393 -0.224713
85.5173 50.8905 27.5321 -0.770651 0 -3.5 0 0.998243 0.0396111 0.044076
31.8116 21.7367 49.2236 0.265425 0 1.8 0 0.261537 -0.964699 -0.0308764
37.9709 59.7028 49.6423 0.603796 0 -3.01139 0 -0.17799 0.170996 0.969061
75.8929 59.4012 29.6791 -2.71368 -0.133143 -3.5 0 0.246833 0.235189 0.940085
26.1339 48.6838 26.6862 -0.307543 -0.339518 4.2 0 -0.505619 -0.00811269 -0.862719
82.3251 47.4301 34.9326 -0.989387 0 -3.5 0 0.3113 -0.32797 0.891924
30.4193 19.9595 48.1478 0.419465 0 -3.5 0 0.531591 -0.758961 0.376019
46.2744 60.0279 45.0587 0.772656 0 -3.66604 0 0.925459 -0.37793 0.0263422
49.7338 59.2023 37.6591 0.86204 0 -1.85119 0 0.563057 0.731502 -0.384541
81.6601 52.6705 28.8708 -1.27115 0 -4.5 0 -0.049418 0.971992 -0.22976
29.59 36.0558 62.0571 0.190577 0 -0.7 0 -0.0662999 -0.286536 0.955773
51.1198 37.8997 26.5858 0.572095 -0.130339 -3.68071 0 0.253341 -0.851982 -0.458198
48.6107 57.8096 56.7883 -1.90325 0 -3.5 0 0.43555 0.440664 0.784927
43.5139 39.4142 43.6374 5.36737 0 4.2 0 0.481701 0.812976 0.32716
57.2434 43.3192 61.5631 0.382283 0 -3.5 0 0.433619 -0.88364 0.176508
56.7089 36.6776 34.0573 1.28678 0.238722 -1.24852 0 0.322528 -0.0482235 -0.945331
40.9016 15.5409 46.1004 0.403513 0 -4.5 0 0.783668 -0.583931 -0.21187
37.5389 51.6734 52.0223 -0.396215 -0.47929 -3.5 0 -0.0738752 0.458058 0.885847
81.5056 49.9616 35.9254 -1.86029 0 -3.5 0 0.281162 0.0875421 0.955659
59.3296 50.4284 22.6713 0.220069 0 1.9299 0 -0.176739 -0.493909 -0.851362
44.3206 27.5697 52.6109 0.189712 0.518815 -4.16631 0 0.699847 0.0863871 0.709049
16.7977 46.7022 30.2755 0.7317 0.0896422 -4.5 0 -0.736049 -0.0663507 -0.673669
31.1344 51.4489 51.9049 0.654557 -0.0335731 -0.7 0 0.710753 -0.0753054 0.699399
19.7794 39.0634 54.0901 0.9277 0.614964 1.8 0 -0.0901155 0.285901 0.954013
60.576 37.7075 39.1177 0.283647 0 -3.5 0 -0.48426 0.348041 0.80272
45.8932 57.8284 37.0452 1.75566 0 -4.5 0 -0.994044 -0.107316 0.0189707
79.2209 42.8748 34.6241 -0.298012 0 4.5 0 0.234218 -0.651809 0.72131
52.1797 20.7377 31.6432 -0.211724 0 1.9 0 0.701884 -0.314552 -0.639074
54.6418 16.5684 36.1725 0.368408 0 -3.9 0 -0.0152684 -0.955164 -0.295682
57.8395 21.5255 44.4221 -2.16416 -0.887134 -3.5 0 0.778409 0.59999 0.184637
37.0247 33.1224 54.5433 -0.239654 -0.597481 -0.7 0 0.297147 -0.110392 0.948429
46.858 55.71 35.3913 1.05198 0 -4.5 0 -0.802855 -0.18378 -0.56714
27.1686 43.7747 53.8584 -0.41353 -0.128254 -4.5 0 0.214679 -0.459705 0.861733
40.839 16.7666 41.2125 -0.390235 -0.378225 -3.7424 0 -0.492154 -0.588149 -0.641767
49.4825 40.0091 66.1401 0.183324 0 1.8 0 0.461766 -0.579054 0.671914
39.7374 56.239 55.7551 0.485489 0 -0.7 0 -0.300207 0.95265 -0.0482973
36.0415 27.2021 19.181 -2.33615 -0.0619051 -3.5 0 0.230307 -0.972959 -0.0176064
41.0674 55.2155 58.4911 -0.947287 -0.716164 -0.7 0 0.340737 0.405109 0.848402
57.0452 26.2511 33.6893 -0.125191 0 -2.83075 0 0.382207 -0.905213 -0.185761
74.8971 56.1292 22.6912 -0.675567 0 -3.5 0 0.684228 0.632428 -0.363133
41.2396 63.5255 49.7686 0.37237 0 -1.6 0 0.551014 0.241676 0.798734
31.024 57.2743 29.793 0.680516 0 2.95982 0 -0.312784 0.948919 -0.0414618
65.7432 58.7438 36.5561 -0.492269 0 -3.5 0 0.539491 0.776771 0.324925
20.8603 29.1253 38.4388 -0.271473 0 -0.4 0 -0.280188 -0.519757 -0.807061
43.2219 28.4933 52.9902 0.312946 0 -0.7 0 0.807577 0.121022 0.577212
25.2116 55.1162 39.2967 -0.983722 -0.70221 -3.5 0 -0.664229 0.737671 -0.121
48.8106 20.5142 47.303 0.713286 0 -4.5 0 0.446056 0.259459 0.856572
44.8031 52.2007 35.8974 0.557726 0 0.600954 0 -0.717374 0.569848 -0.400809
49.1256 14.1158 38.2179 -0.00665222 -7.94656e-05 2.79796 0 0.317305 -0.739505 -0.593675
10.9219 41.2595 35.7113 0.763566 0.788412 -3.5 0 -0.837571 0.418466 0.351229
24.6556 32.8314 61.27 -0.192548 0 -3.5 0 0.290429 -0.555092 0.779438
67.316 50.6266 37.9544 -0.251204 0 3.8 0 0.920014 0.0486703 0.388852
67.2835 39.5918 32.9987 -1.59201 -0.199635 -3.5 0 0.668799 0.36025 -0.650329
52.2486 18.6119 46.9602 0.293754 0 -3.5 0 0.193404 -0.174051 0.965557
41.7306 40.093 43.5476 5.18057 0 4.2 0 0.149245 0.793416 0.5901
41.4952 65.1006 48.1878 0.325699 0 -1.6 0 0.29685 0.953215 0.0570997
56.8774 60.6594 32.0724 0.315661 0 3.69125 0 -0.94285 0.22375 0.246919
28.7476 40.9955 19.5499 0.226564 0 -3.2 0 0.272649 -0.00324591 -0.962108
79.0206 49.6504 35.2902 -1.14841 -0.533452 -3.88429 0 -0.470281 -0.528018 0.70713
66.383 64.012 30.8997 -0.59395 -0.119717 -3.5 0 0.267102 0.304675 0.914237
44.5456 52.7092 60.3089 -0.399269 -0.164345 -0.8 0 -0.820723 -0.358991 0.444454
30.3451 28.709 28.1325 -0.373998 -0.596473 -0.4 0 -0.861433 0.119686 -0.493567
51.8777 56.5558 47.4725 1.08235 0 -1.6 0 0.00245664 0.556458 0.830872
54.7634 58.736 20.8264 0.00729092 0 1.8 0 -0.721767 -0.0499745 -0.69033
23.4546 29.1546 53.1101 -0.436624 0 -3.5 0 -0.0762206 -0.897076 0.435252
22.885 40.9519 54.7559 0.0902871 0 -0.4 0 -0.107229 0.333068 0.936786
19.8836 46.2882 44.1662 0.314723 0 1.8 0 -0.12321 0.063155 0.990369
41.0067 56.7137 54.1976 0.826599 0 -0.7 0 -0.534931 0.742836 0.402546
50.5653 45.3457 61.6113 0.403403 0 3.8 0 -0.44831 0.236537 0.862014
57.3995 48.4324 58.186 -0.346145 0 -3.5 0 0.591701 0.610382 0.526616
54.806 62.1137 20.5717 -0.920277 0 -3.5 0 -0.57102 0.018454 -0.820729
38.1011 31.6625 18.0942 -0.16379 0 -3.5 0 0.544808 0.162702 -0.822625
56.1801 26.5391 26.3323 -0.0406665 0 -3.5 0 0.580473 -0.767865 0.270988
41.7842 26.1173 56.5033 0.161488 0.0418364 -3.5 0 0.0886803 -0.960768 0.262793
61.5158 31.9601 25.7829 0.318315 0 -4.5 0 0.920348 -0.34553 0.183216
59.963 58.1545 44.3647 -0.0302187 0 -0.4 0 -0.585022 0.27168 0.764159
39.5827 44.3006 18.1888 0.643876 0 -4.25761 0 0.313424 0.535745 -0.784055
15.5335 29.6721 47.3162 -0.367413 0 -3.5 0 -0.570005 -0.601846 0.559353
29.9028 28.8855 30.7665 -0.413028 0 -0.4 0 -0.980384 0.00800407 0.196933
73.1914 61.5062 24.1262 -0.282614 0 1.8 0 0.551286 0.831149 0.0726343
14.4964 41.3177 35.0714 -0.120654 0 -3.5 0 -0.08174 0.936398 0.341288
58.4668 46.8167 58.5626 -0.197297 0 -3.5 0 0.804254 0.092343 0.587067
15.5153 44.4379 44.3345 0.644827 0 -4.5 0 -0.396746 0.690026 -0.605356
55.6598 42.0415 54.8997 -0.216151 -0.196666 -3.5 0 0.188066 -0.957252 0.21977
18.3584 34.4244 21.4034 0.644806 0 -4.5 0 -0.531642 0.743755 -0.405198
56.0271 19.2276 32.0966 1.29696 0 -3.9 0 0.543059 0.0739363 -0.836433
34.6176 59.0489 29.35 0.31838 0 4.2 0 0.335276 0.911587 0.237906
47.6126 61.0078 47.1361 0.672966 0 -1.6 0 0.751814 0.330588 -0.570515
54.3766 49.2136 22.9078 0.0744651 0 3.8 0 0.158088 -0.0232418 -0.987152
55.9683 45.4114 30.2599 2.06302 0 3.8 0 0.0322307 0.783294 0.620816
57.6278 16.7518 44.5305 -0.290602 0 -3.5 0 0.587735 -0.729923 0.348969
68.1475 37.6086 41.7981 -0.231529 -0.0191269 -4.3352 0 0.381645 -0.399805 0.833369
59.4529 30.3193 26.2295 -0.667008 -0.151404 -4.5 0 0.52601 -0.849477 -0.0412614
56.8038 39.2724 27.3569 1.35255 0.617494 1.8 0 -0.959288 0.282425 0.00131763
20.0883 48.8671 45.2161 0.503622 0 1.8 0 -0.660528 -0.219683 0.717943
36.8835 31.7782 17.8759 -0.191257 0 -3.5 0 -0.269175 0.511995 -0.815725
64.3057 59.6927 42.5238 -0.202818 0.231589 0.795134 0 0.9058 0.165481 0.390055
74.8522 52.0814 34.4048 0.141314 0 -4.5 0 -0.97906 0.058321 0.195036
65.0527 48.9311 18.8644 -0.414804 0 1.8 0 -0.2449 -0.336916 -0.909127
27.7881 31.7151 33.8226 -0.538285 0 0.365809 0 -0.156886 -0.808914 -0.566608
67.4481 53.8916 35.7411 -1.5486 0 -2.82936 0 0.966704 -0.238257 -0.093366
55.169 50.2463 54.5016 0.109 0 -1.6 0 0.389569 0.919221 -0.0571727
29.4107 39.6554 26.5511 -0.737745 -0.599692 1.45541 0 0.0627088 -0.671708 -0.738157
19.4692 42.9879 52.9133 0.255555 0.0535526 -3.5 0 -0.18605 -0.026321 0.982188
16.7903 44.9601 48.2962 0.968219 0.45492 -4.5 0 0.510731 0.859409 -0.0238752
17.0943 52.8391 37.4226 -0.409684 0 -3.5 0 -0.526472 0.832798 -0.171101
49.88 15.9888 35.4561 -0.291714 -0.256814 0.647592 0 0.756781 -0.568426 -0.322762
50.2641 21.869 46.3861 0.16621 0.383644 -3.5 0 -0.0615915 0.411119 0.909498
54.094 64.0815 38.3469 -0.232465 -0.562121 3.8 0 -0.893834 -0.124534 0.430758
25.4993 20.0717 41.7994 0.568873 0 -4.5 0 -0.450498 -0.255504 -0.855435
24.7799 45.9267 55.4548 0.0744457 0 -0.8 0 -0.0658537 -0.25673 0.964237
49.1494 52.3713 44.8971 3.72093 0 1.20234 0 0.29126 -0.808157 -0.511908
48.9832 30.7646 52.2082 -0.671632 -0.785419 -3.5 0 0.763134 -0.516184 0.388819
29.1719 54.9844 54.1971 0.424763 0 1.8 0 0.220201 0.220985 0.950093
35.1861 56.1091 26.3909 0.447765 0 4.2 0 0.347119 0.368946 -0.862199
17.4224 38.6781 18.9379 0.89606 0.0220747 -4.5 0 -0.919535 -0.179137 0.349809
68.2907 41.6743 30.0553 0.0684506 0 1.8 0 -0.267155 -0.709606 0.651987
57.5453 32.4567 43.2069 0.550652 -0.263398 -3.75242 0 0.588721 -0.227286 0.775725
69.7712 64.2504 26.3825 -0.0865448 0 -3.5 0 0.833465 0.494027 -0.247535
54.5137 52.8061 49.7719 0.596628 0 -4.5 0 0.588859 0.68234 0.433194
49.2756 47.8709 38.1109 3.1297 0 2.8 0 0.786023 0.144123 0.601163
50.1956 19.6684 47.2023 -0.597072 -0.0122639 -3.5 0 0.159227 0.0924893 0.9829
64.843 58.9713 32.2954 -0.688936 0 -2.93317 0 0.886443 0.333493 0.320937
43.9871 15.1208 53.8281 0.315042 0 -4.5 0 -0.39112 -0.462595 0.795633
56.0611 32.3005 22.3861 0.685355 0 -4.5 0 -0.152334 0.244565 -0.957592
33.7378 51.6839 51.6369 1.0671 -0.134004 -1.25433 0 -0.434951 0.364465 0.823397
16.0576 44.5014 32.2384 -1.87312 -0.546738 -3.5 0 -0.821515 0.17736 -0.541901
80.1236 39.8353 19.2115 -0.408247 0 1.8 0 0.852471 -0.326213 0.408507
36.3042 58.0955 32.5207 0.754057 0 -3.2 0 -0.119977 0.921395 -0.369645
21.5322 35.5532 20.6248 1.08334 0 -4.5 0 -0.271447 0.00488934 -0.962441
62.7163 67.637 23.8135 -0.238311 -0.293609 1.8 0 0.544395 0.835217 0.0777648
45.4098 44.3944 63.0725 -1.62729 -0.520332 -4.5 0 0.0707234 0.482579 0.872992
19.959 30.5984 23.4286 0.478427 0 -4.5 0 0.402371 -0.721625 0.563343
61.3122 68.9291 23.801 0.0180841 0 1.8 0 0.500419 0.865191 -0.0320204
72.1449 44.8354 41.149 -0.483531 0.71742 -3.2 0 0.888434 -0.315925 0.332982
32.6079 20.7922 43.2088 -0.448398 -0.0737995 -0.4 0 0.205291 -0.889108 -0.409076
65.9849 39.1354 24.9457 0.958491 0.535846 -4.05288 0 -0.0951871 -0.824821 0.557323
41.5267 25.7361 21.4795 2.4789 0.160832 -3.9 0 0.354974 -0.183917 -0.916607
56.5863 54.8069 47.5467 0.950366 0.529742 -4.5 0 0.328812 0.532045 0.780263
19.7534 44.3973 44.8061 0.242507 0 3.8 0 -0.431364 0.584988 0.686814
51.6762 15.1949 39.0887 0.345945 0 -0.92687 0 0.207535 -0.475191 -0.855057
23.941 56.3322 31.4347 2.41677 0.224889 -3.9 0 0.124454 -0.524194 -0.842456
53.8975 53.554 48.9113 0.716579 0 -4.5 0 0.287136 0.792616 0.537878
13.1471 38.1114 36.2289 -0.521053 0 -3.5 0 -0.338991 -0.886666 0.314498
58.3112 24.7072 37.3688 -0.0173188 0 1.8 0 0.944057 0.242855 -0.223109
48.5425 39.7029 60.7969 0.0602473 -0.347098 1.10784 0 0.472089 -0.831243 -0.293542
55.5491 25.7586 31.5574 -0.726073 -0.450814 -1.73273 0 0.638734 -0.586538 -0.497988
35.0228 25.2395 53.1353 -0.34845 0 -4.41173 0 0.288295 -0.611471 0.736878
41.9543 40.9748 59.4847 -0.898656 -0.57831 -0.8 0 0.0767047 -0.817051 0.57144
16.1514 42.5457 41.9456 -0.0258362 0 -3.99428 0 -0.987167 0.130044 0.092678
68.2349 57.6211 20.0432 0.0167477 0 1.16144 0 -0.46342 0.412185 -0.78444
48.8826 22.6357 46.1935 0.432782 0 2.62786 0 0.561924 0.37854 0.735492
65.9755 54.6442 41.79 -0.339612 0 -0.7 0 0.516679 0.602172 0.608632
40.7045 51.1405 44.654 5.65855 0 -2.38857 0 -0.335843 -0.927175 -0.165999
13.0838 41.3066 49.6079 0.451625 0 -4.5 0 -0.381007 -0.923762 0.0386846
16.4176 55.1215 46.7986 0.0100563 0 4.2 0 -0.754261 -0.480058 0.447923
60.6651 28.0646 33.7557 0.99342 0 -4.5 0 0.548018 -0.234343 -0.802969
49.5728 39.0059 56.3202 0.429027 0 -1.6 0 0.543674 -0.380371 0.748155
72.3375 55.4815 29.9775 -0.696507 0 1.82102 0 0.238968 0.612033 0.753864
71.8826 52.3612 31.8974 -0.313877 0 3.70051 0 0.249456 0.106217 0.962543
29.1976 53.2537 54.007 0.769536 0 1.8 0 0.143898 0.0344483 0.988993
23.8178 36.4076 54.538 -0.527067 -0.447866 -3.56689 0 -0.0127316 0.730028 0.683298
65.5926 37.5143 22.7577 0.262028 0 -4.5 0 0.0786581 -0.995746 0.0479884
28.2157 42.0034 53.0999 -0.0376514 0 -3.5 0 -0.0900655 0.0166085 0.995797
71.8192 37.6513 28.5839 -0.0124304 0 -0.7 0 0.305343 -0.444566 0.842097
75.1476 48.6554 33.0223 -0.607491 0 2.5 0 -0.632439 0.0518522 0.772872
54.4075 41.7489 61.03 -1.05978 -0.404597 -0.4 0 0.53993 -0.823325 -0.174961
42.3489 12.4686 52.8709 -10.6344 0 -4.5 0 0.223226 -0.869759 0.440103
46.1429 30.5422 54.7891 -0.570821 0 -3.5 0 -0.242159 -0.938311 0.246843
26.6763 21.6991 51.8778 0.244468 0 -3.5 0 -0.480105 -0.26982 0.834683
57.1705 26.9482 22.0212 -0.67423 -0.299588 -3.5 0 0.59973 -0.498099 -0.626276
40.0346 65.2984 47.2962 0.328391 0 -1.6 0 -0.131978 0.958321 -0.253383
58.1693 35.0195 35.763 0.387198 -0.108608 -1.92074 0 0.366122 -0.0303901 -0.930071
43.661 62.5966 42.9823 0.931111 0 -4.5 0 -0.439387 0.795276 -0.417703
15.033 45.0288 40.2165 0.440694 0 -3.9 0 -0.924687 -0.0808725 0.372041
67.1631 52.3944 39.8203 0.356089 0.500313 -0.7 0 0.96535 0.259686 0.0257466
75.9854 53.6381 32.3916 0.415552 0.915952 -4.5 0 -0.375354 0.917142 0.134014
53.92 23.506 45.8355 -0.00601675 0 3.8 0 0.0513973 0.0649617 0.996563
40.8611 37.7879 16.2738 0.455498 0 -3.9 0 0.913953 0.400811 0.063565
69.1621 40.8703 18.271 0.11606 0 1.8 0 -0.341362 -0.847242 -0.407005
53.5162 60.6286 22.1196 -1.49968 -0.245188 -3.5 0 -0.843785 -0.211108 -0.493417
37.0545 39.8457 57.6258 -0.379425 0 -3.5 0 0.295201 -0.313007 0.902709
50.0293 25.3509 50.3376 -1.42281 -0.431988 -3.5 0 0.231554 -0.969375 0.0818188
60.9336 29.166 38.3078 0.775014 0.388195 -4.5 0 0.526857 -0.529411 0.66494
24.155 53.3334 33.894 -0.942075 -0.271416 -2.73902 0 0.0296835 0.486307 -0.873284
29.4366 29.9763 35.7162 -0.374115 0 -2.05703 0 -0.558817 -0.746628 -0.360931
84.346 46.0243 28.698 -0.157398 -0.47396 0.151525 0 0.774859 -0.483497 -0.407215
18.4228 55.8804 43.0275 0.229824 0 4.2 0 -0.392192 0.232142 -0.89011
47.4658 20.0015 30.6747 -0.0837888 0 -2.27721 0 -0.399977 -0.914865 0.055147
69.8274 45.1689 38.462 -0.54461 0 -3.2 0 0.700335 -0.224701 -0.677526
59.012 47.9974 49.8416 0.220941 0 -1.6 0 0.813514 -0.0326244 -0.58063
50.5451 47.9437 23.3516 0.695217 0 3.8 0 -0.545474 -0.504839 -0.669026
12.7376 41.2006 33.1312 0.861007 0.798726 -3.5 0 -0.216457 0.251935 -0.943226
38.2465 47.3219 48.6475 5.87723 0 -1.6 0 0.324157 0.287325 -0.901314
52.9303 51.9354 60.0553 -0.0230112 0 1.49002 0 -0.00963549 0.166769 0.985949
44.2396 51.9233 27.4137 -0.0443093 -0.259865 -3.5 0 0.170205 0.705541 -0.687925
61.2246 66.7384 36.8138 -1.32542 -0.0126995 -0.8 0 0.453144 0.890962 -0.0291146
32.3591 23.2624 42.1635 -0.823343 0 -0.4 0 0.726719 0.359773 -0.585186
26.0538 50.5814 23.3892 -0.537412 0 -4.43174 0 -0.888066 0.289419 0.357177
16.1746 32.4646 52.2456 1.14139 0.298976 -4.5 0 -0.625717 -0.712175 0.318253
64.4274 54.2334 42.319 -0.472144 -0.216082 -0.7 0 0.542162 0.534492 0.648366
34.5841 54.7942 47.4704 0.493394 0 -2.1621 0 -0.666332 0.714998 -0.211611
36.7664 35.7226 54.9593 0.998399 -0.3649 -1.32406 0 0.217638 -0.570122 0.792209
34.061 22.8334 53.484 0.130965 0 1.8 0 0.43403 -0.185821 0.881526
33.4179 34.4805 58.4292 0.771414 0.107688 -3.9 0 0.395451 -0.159115 0.9046
42.5311 45.9381 23.4684 -0.0900588 -0.00499824 -3.5 0 0.185256 0.940245 0.285691
77.1894 56.0612 25.4374 -0.609921 0 -3.5 0 0.728219 0.151981 -0.668281
26.9372 57.0682 33.0648 0.332866 0 -3.9 0 0.196033 0.0120535 -0.980523
77.9019 48.1562 33.3511 -0.92238 0 -1.71864 0 -0.466116 0.00265238 0.88472
26.1136 36.3906 60.2727 0.352831 0 -3.5 0 -0.380807 0.720668 0.57933
83.3224 45.3116 26.9756 -1.57061 -0.0310452 3.8 0 0.616404 -0.415027 -0.669178
53.9397 22.7762 28.8707 -0.165954 0 -0.8 0 0.810934 -0.331735 -0.482014
31.8076 24.3589 28.6103 0.407513 0 -4.5 0 -0.807775 -0.541047 0.234025
19.3563 59.5704 44.792 0.00989383 0 4.2 0 -0.00695589 0.993345 -0.11497
18.2974 54.2604 47.3032 -0.443992 -0.593806 4.2 0 -0.129732 -0.297583 0.94584
28.8555 39.4258 60.9266 -0.0150165 0 -0.7 0 -0.501263 0.858127 0.111142
27.7215 59.6135 33.8685 0.556568 0 -1.6 0 -0.375586 0.746905 -0.548696
25.3582 48.9403 54.0643 0.230498 0 -0.605284 0 -0.404815 0.526347 0.747719
45.3657 16.5636 48.7026 0.717544 0 -4.5 0 -0.0485883 -0.82776 -0.558975
55.4485 38.6377 47.1582 1.74161 -0.210031 -2.95771 0 -0.509358 -0.773079 0.378025
71.1317 57.1465 19.8618 -0.0677877 0.0118542 -4.5 0 0.255844 0.940711 0.222726
29.9077 38.3178 62.3499 0.0799953 0 -0.7 0 0.0229892 0.144203 0.989281
44.936 45.9725 23.3694 -0.015899 0 -3.5 0 0.133653 0.978501 -0.157077
12.6465 42.1043 48.2254 0.819732 0.0772911 -4.5 0 -0.709306 -0.675339 -0.201995
16.2192 52.0284 41.0161 -1.67671 -0.142633 -3.5 0 -0.587984 0.558208 -0.585387
35.8281 61.6955 43.239 0.0582443 -0.861682 -0.627557 0 -0.518972 0.786768 0.334161
17.0099 37.9209 52.3122 0.37471 0 1.8 0 -0.505827 -0.587863 0.631313
25.592 22.7397 44.7671 0.226707 0 -4.5 0 -0.732173 0.370163 -0.571754
47.1915 32.6904 22.3214 0.877537 0.583961 -4.5 0 0.342216 0.543612 -0.766403
34.0919 58.7919 27.3703 0.32167 0 4.2 0 0.2735 0.795 -0.541454
37.0513 57.7134 35.0151 0.888994 0 -3.2 0 0.20404 0.763447 0.612793
36.6835 23.8655 34.345 -0.775765 0 3.73906 0 0.225601 -0.87169 0.435041
66.1436 64.6209 21.2162 0.199758 0 1.8 0 -0.37294 0.897255 -0.236323
41.7492 22.1986 52.5399 0.172022 0 -4.5 0 -0.120353 -0.527847 0.840769
22.3587 56.9507 41.782 -0.11871 0 -0.8 0 -0.256007 0.426682 -0.867412
54.6799 26.162 28.7213 -1.84581 -0.0903939 -3.5 0 0.674353 -0.727319 0.127497
69.2964 41.8159 41.7303 -0.370699 0 -3.23633 0 0.817145 -0.472106 -0.330742
47.3615 63.2234 35.8889 1.7118 0.804456 -4.5 0 0.138309 0.987173 0.0797504
56.5464 65.3361 33.718 0.401131 0 -4.5 0 -0.848597 0.305871 -0.431655
35.5878 58.0414 29.1895 0.474702 0 4.2 0 0.622003 0.782491 -0.0286366
47.0094 42.1729 64.3967 0.18739 0 1.8 0 -0.693919 0.573422 0.435503
35.5932 49.3849 17.4765 0.277903 0 1.8 0 -0.315901 0.329507 -0.889737
57.1893 46.1585 63.5979 -1.44189 -0.850951 -3.5 0 0.345517 0.598568 0.722727
42.1017 16.2834 43.4964 0.439191 0.333182 -4.5 0 0.311854 -0.939545 0.141429
56.1647 27.7981 29.5647 -0.269207 -0.165045 -2.44766 0 0.608263 -0.735133 -0.299325
56.8387 66.683 34.299 -0.451568 -0.21519 -4.5 0 -0.512461 0.701902 -0.494689
58.5578 27.8535 38.0775 0.395197 0 -4.5 0 0.689153 -0.638361 0.342876
31.5602 33.551 61.2835 0.420832 0.274014 -0.8 0 0.686582 0.243277 0.685143
42.5723 51.0223 40.9682 3.74422 0 -3.9 0 0.429404 -0.664324 0.611788
20.8685 41.3545 53.0445 0.392889 0.212019 -1.08689 0 -0.254529 0.250724 0.933998
41.5741 55.6159 32.1973 0.226021 0 -3.2 0 0.739098 0.580484 0.34172
27.4612 18.7479 49.1446 0.295367 0 -3.5 0 0.115454 -0.90877 0.401009
34.9129 41.1777 58.3489 -0.0943364 0 -3.5 0 0.0736073 0.182207 0.980501
33.0853 46.1355 56.6598 0.279675 0 -4.5 0 -0.59615 -0.351751 0.721718
45.7303 14.0458 51.5529 0.286147 0 -4.5 0 -0.0240099 -0.976104 -0.215975
48.9554 25.9112 51.4855 -1.35003 0 -3.5 0 -0.441487 -0.639765 0.629118
51.6572 39.0665 49.7892 2.91967 0 -3.9 0 0.327924 -0.226849 -0.917064
47.5272 61.6849 42.9411 1.17886 0 -4.5 0 0.815427 0.396821 0.42144
53.8203 37.4238 30.3983 0.614206 0 1.9 0 0.913404 -0.407043 0.00312962
45.094 64.0355 46.2504 0.273373 0 -4.5 0 0.165046 0.968371 -0.187128
37.7157 56.8677 27.4851 0.524315 0 -4.5 0 -0.0663631 0.912038 -0.404701
38.6641 56.9634 50.6162 0.656142 0 -4.5 0 -0.647193 0.255044 0.718396
45.3392 51.4357 45.1888 4.22613 0 4.2 0 -0.02012 -0.834428 -0.55075
38.76 53.4484 51.4581 0.369834 -0.0205922 -3.74784 0 -0.711999 0.395416 0.580262
52.4446 34.2835 30.4451 4.02474 0.0526818 -3.15398 0 0.915456 0.149861 -0.373474
25.9503 22.3338 42.9061 1.03326 0 -4.5 0 -0.749534 0.560192 -0.352682
36.0861 58.0065 37.7378 0.31536 0 -3.5 0 0.625043 0.335808 -0.704666
68.237 45.1773 18.4131 0.0133615 0 1.8 0 -0.758388 -0.248521 -0.602566
45.8973 56.7301 35.9199 0.972371 0 -4.5 0 -0.898764 -0.130284 -0.418627
44.564 41.3031 23.8676 -0.155403 -0.470057 -2.44682 0 0.569778 -0.535281 -0.623561
32.3964 61.3292 35.1505 0.40036 0 -1.6 0 0.304646 0.94529 0.116692
24.5775 21.4514 43.9335 1.1146 0 -4.5 0 -0.57833 0.73431 -0.355421
47.7682 58.4275 32.7492 0.88458 0 -4.5 0 -0.794181 -0.5333 -0.291321
37.1011 30.2033 54.7793 -0.427451 0 -3.5 0 0.107804 0.207577 0.97226
13.7969 38.7093 38.2266 -0.508251 -0.722015 -2.94785 0 -0.651613 -0.629612 0.423071
26.4395 52.0933 30.1139 0.0705755 0 4.12755 0 -0.420339 0.877671 -0.230235
20.9069 58.8463 43.9424 -0.280649 -0.114033 3.23129 0 -0.13653 0.706466 -0.694453
43.3095 26.9667 54.0983 0.307389 0.602941 -4.5 0 0.843988 -0.003665 0.53635
46.3359 53.4843 36.1559 0.742352 0 -1.2555 0 -0.707291 0.599631 -0.374408
63.5134 35.6837 37.3256 0.327519 0 -3.5 0 0.83849 -0.544564 -0.0196212
47.8541 30.1824 22.0054 0.509507 0.44721 -4.5 0 -0.0630492 -0.189761 -0.979804
45.652 20.6875 30.054 -1.54247 -0.0318014 -3.5 0 -0.693892 -0.71372 0.095484
57.9362 46.9184 44.9385 -0.133198 -0.044724 -0.569097 0 0.908488 -0.415198 -0.047547
56.6382 50.9663 50.8508 0.770965 0 -1.6 0 0.206591 0.917465 -0.339967
78.4493 54.3689 30.0049 -0.38979 0 -4.10362 0 0.219831 0.975453 -0.0128631
25.2789 46.7698 26.6882 -0.25766 -0.388599 2.17945 0 -0.21572 0.360717 -0.907385
24.4865 32.677 33.5505 0.34588 0 -4.5 0 0.0673783 -0.821913 -0.565614
15.8085 37.9958 50.4013 0.386693 0 1.8 0 -0.839806 0.54098 0.045472
18.595 44.7579 44.1251 0.254709 0 1.8 0 -0.0843163 0.340037 0.936625
17.4694 31.7276 50.0952 0.812022 0.656524 -4.5 0 -0.439444 -0.845284 0.303948
45.9405 55.0977 38.6973 1.62088 0.922189 -3.2 0 -0.835394 0.534264 -0.129146
53.6769 40.3191 30.9369 1.57085 0 1.9 0 0.924022 -0.330055 -0.192994
43.4695 50.5908 35.9539 0.61671 0.700687 -3.9 0 -0.323089 0.760651 -0.563048
43.1034 21.8001 52.0061 -0.197339 0 -3.76617 0 0.395617 -0.0692837 0.915799
69.3764 44.9715 36.1034 -0.32543 0 2.8 0 0.97659 -0.180968 -0.116284
17.3041 30.6478 41.4159 -0.397654 -0.657978 -1.33127 0 -0.728667 -0.274448 -0.627473
23.6015 28.943 57.427 -1.18897 -0.39481 -3.5 0 -0.854662 -0.493072 -0.16258
53.5718 45.1105 31.6496 2.49885 0 1.9 0 0.307931 0.781151 0.543123
56.0412 49.9 60.167 -1.65721 -0.228629 -3.5 0 0.619402 0.572633 0.537059
54.2323 28.9907 21.8023 1.13589 0.154361 -3.5 0 -0.913842 0.0177691 -0.40568
51.4588 60.7918 41.9424 0.166225 0 -2.01364 0 -0.36704 0.925281 0.0955868
30.6164 33.3966 61.6291 0.801686 0.74223 -0.8 0 -0.0045284 0.315069 0.949058
60.0935 46.0995 56.4528 -0.227509 0 -3.5 0 0.812397 -0.524444 0.254891
53.9686 47.9455 64.3236 0.661441 0.0947759 -4.5 0 0.909164 0.242605 0.338471
18.1987 59.1574 46.1356 0.0495086 0 4.2 0 -0.333007 0.795934 0.505564
44.9196 15.1975 39.2145 0.00567002 0 -3.5 0 -0.00751605 -0.948142 0.317759
25.661 28.846 60.29 -1.48302 -0.705451 -3.5 0 -0.364255 -0.175462 0.914621
21.1075 47.379 49.4641 -0.652864 -0.0435694 2.52957 0 -0.52515 0.850133 -0.0386075
41.6883 13.2378 49.0965 -0.0456607 -0.0111607 -4.5 0 0.46045 -0.476062 -0.749234
41.7725 34.3031 19.6169 -0.663671 0 -0.406054 0 0.773652 0.352102 -0.526771
53.2339 41.0277 63.9231 0.102695 0 -0.4 0 0.527997 -0.582929 0.617587
49.6881 29.3574 24.159 1.20816 0.0962843 -4.5 0 0.959445 -0.0756023 -0.27157
28.5949 55.507 21.2728 -0.46085 0 -3.2 0 -0.318927 0.540436 -0.778598
54.5337 51.4707 55.9178 0.722921 0.0137029 1.8 0 0.487076 0.495856 -0.718947
64.8286 61.2202 20.3636 0.309273 0 3.72874 0 0.0272539 0.087359 -0.995804
74.6454 55.6709 29.1383 0.138925 0 0.196681 0 0.0491851 0.475549 0.878313
58.6077 30.0179 24.5548 0.434774 0 -4.45221 0 0.605848 -0.775481 -0.177699
67.4894 42.6562 30.8296 -0.56237 0 1.8 0 -0.00350531 -0.563553 0.826072
14.0866 36.4979 47.6036 1.13588 0 -4.5 0 -0.890994 0.376845 -0.253214
77.1446 41.7421 22.0921 0.111686 0 1.8 0 0.728842 -0.482743 0.48554
43.3316 43.0418 61.3924 0.676109 0.0140211 -4.5 0 -0.470936 -0.408472 0.781901
23.6973 52.3155 46.2347 1.76567 0.863818 -3.9 0 -0.98132 0.178202 0.0724876
56.204 26.5349 49.3952 -1.62669 -0.23258 -3.5 0 0.99855 0.00335673 0.0537264
59.7221 35.1823 29.4527 -0.691813 -0.014281 1.8 0 0.177547 -0.218809 0.959479
22.6821 32.5691 28.5794 0.69246 0 -4.5 0 0.443679 -0.830492 0.336798
67.8964 66.2589 30.6667 0.519587 0.881101 -3.5 0 -0.22273 0.750002 0.622807
53.0485 62.6468 33.6759 0.290603 0 3.8 0 -0.358289 0.131733 -0.92427
49.7607 55.9743 28.3278 1.0216 0 -4.5 0 -0.569697 -0.114104 -0.813896
63.8853 41.9271 20.8826 0.43053 0 -0.0660552 0 -0.0199567 0.399058 -0.916708
46.4644 39.0831 57.9642 0.296306 -0.495689 -1.6 0 0.0976799 -0.995141 0.0123381
46.9395 52.9557 63.6861 1.35057 0.651788 -0.8 0 -0.180006 0.346537 0.920603
52.2453 46.2912 63.545 0.232188 -0.0605085 -3.17558 0 -0.515725 -0.723404 0.459037
39.3302 47.4635 19.2516 0.244151 -0.0361858 -1.11569 0 0.874214 0.41266 -0.255855
41.4835 30.2099 57.8257 0.289822 0.0781235 -3.5 0 -0.336392 0.4828 0.808545
39.8532 32.3661 19.172 -0.64524 -0.289041 -3.6005 0 0.101156 -0.473194 -0.875131
40.9219 20.067 32.8589 1.03118 0.384766 -0.7 0 0.0215853 -0.414416 -0.909832
60.2261 55.9544 18.8143 0.0947288 0 -0.7 0 -0.527778 -0.426192 -0.734718
57.448 50.414 56.3635 -0.503459 -0.0870729 -3.5 0 0.166491 0.915405 0.366489
25.5014 27.9616 56.2331 -0.335283 0 -3.5 0 -0.401658 -0.901943 -0.15865
64.6018 59.7059 35.6345 -0.29225 0 -3.5 0 0.73266 0.624536 0.270489
46.9642 14.0542 36.722 0.525196 0 -0.4 0 -0.22201 -0.973321 0.0579504
34.6736 39.2594 58.2127 -0.112564 -0.0214521 -3.5 0 0.34481 -0.273316 0.898
20.7635 29.7857 20.7393 1.15478 0 -4.5 0 0.00217736 -0.883922 -0.467629
16.2336 45.3236 46.5565 0.730726 0 -4.5 0 0.539392 0.829564 -0.144498
51.3845 39.8517 62.9128 -0.451499 0 -0.4 0 0.387652 -0.860382 0.330861
62.6161 33.0877 38.5276 -1.50823 -0.0453225 -3.5 0 0.836453 -0.440729 0.325735
38.1504 22.6729 29.4731 0.0799315 0 -4.5 0 0.543355 -0.79747 -0.26231
52.6134 48.9956 66.5401 1.34477 0.863022 -4.5 0 0.430139 -0.15275 0.889746
52.4805 61.157 38.239 0.189486 -0.193315 2.63711 0 -0.736001 0.662978 0.136976
27.45 39.331 19.189 -0.372886 0 -3.2 0 0.665651 -0.441388 -0.601736
52.9188 38.4723 26.1126 -0.63351 -0.836213 -3.9 0 0.440259 -0.702672 -0.558949
49.4618 55.9155 45.6276 1.15822 -0.000693124 -1.037 0 -0.320213 0.914742 0.246397
31.3182 37.2332 26.9816 -1.10913 -0.162255 1.8 0 -0.211173 -0.0918166 -0.973127
23.9684 28.5355 43.1092 -0.43185 -0.0905837 2.32656 0 0.275777 -0.64417 -0.713437
74.7087 43.1815 16.3466 -0.0446932 0 1.8 0 0.44499 -0.130244 -0.886014
35.7436 57.4083 45.6668 0.965837 0 -0.4 0 -0.871656 0.250488 0.421273
79.1851 40.4056 29.6502 0.487132 0.635659 1.8 0 0.227237 -0.965722 0.125478
24.7927 32.3674 20.0969 0.291613 0 4.2 0 -0.0677418 -0.996767 0.0432051
59.8014 39.7969 39.358 0.238171 0 -0.970171 0 -0.132127 -0.955203 0.264821
51.5715 57.9668 46.3636 0.40745 0 -1.71188 0 -0.546891 0.460032 0.699486
41.277 60.0575 49.9 0.28129 0.359587 -2.98343 0 -0.155964 0.363838 0.918312
68.6447 41.9228 17.7672 0.163752 0 1.8 0 -0.623013 -0.18858 -0.759139
58.5213 61.5802 42.8973 -0.276802 0.4272 -2.21896 0 -0.634232 0.0817576 0.768808
54.2658 43.6061 20.9992 2.75626 0.342163 -3.9 0 -0.147121 0.0174854 -0.988964
45.1237 32.5085 22.4463 0.154935 0 -3.69954 0 0.369679 0.533658 -0.760623
36.2111 44.9528 24.6283 -0.0323439 0.394728 -0.926876 0 -0.451887 -0.769688 -0.450975
44.3103 42.4119 48.1339 5.30189 0 -0.8 0 -0.410828 -0.461489 -0.786288
60.421 54.2197 46.3145 -0.175469 0 -3.25237 0 0.184922 -0.361178 0.913977
39.7876 54.8618 58.5784 0.0906091 -0.64855 -0.7 0 -0.37477 -0.235928 0.896597
58.3719 40.524 24.4453 0.725228 0 -4.5 0 -0.840281 0.00308674 -0.542142
39.8754 52.4128 24.9802 0.808395 0 -4.5 0 0.687738 0.331 -0.646108
62.2468 46.8158 21.0122 0.233184 0 3.8 0 -0.745219 0.0433846 -0.665406
54.2672 41.9513 62.5864 -0.143896 -0.317758 -0.4 0 0.651425 -0.709451 0.268934
14.5564 30.9622 46.362 -0.942997 0 -3.5 0 -0.930015 -0.363743 0.0525625
33.6646 25.6552 34.8843 0.341377 0 4.2 0 -0.768139 -0.618267 0.166457
55.7889 59.1089 32.1023 0.383359 0 2.38425 0 -0.477733 0.874119 0.0876701
18.0049 44.8181 51.7096 -0.0257751 0 -3.5 0 -0.705383 0.368697 0.605391
36.3099 54.5481 26.5045 0.472135 0 -3.08568 0 0.151742 0.35965 -0.920666
35.2127 59.9165 48.1195 0.156955 -0.103261 -3.5 0 -0.281367 0.900909 -0.330447
49.2774 41.227 66.6276 0.16646 0 1.8 0 0.316752 0.179401 0.931388
30.0265 29.3095 36.5719 -0.629773 -0.209401 0.171755 0 -0.596341 -0.686877 -0.415425
66.2664 42.2114 30.5221 -0.90589 0 -0.0663383 0 0.138514 -0.856556 0.497117
28.8506 59.7844 37.0017 -0.343398 -0.694835 -1.6 0 -0.417891 0.829154 0.371309
34.0129 42.6553 25.8028 -0.992212 -0.535541 3.8 0 0.393418 -0.0209062 -0.919122
30.2851 58.4912 41.6091 -0.275964 -0.01095 -3.5 0 -0.518324 0.821687 0.237005
56.6017 41.3621 28.2099 0.521815 -0.719414 -1.6 0 -0.74845 -0.600337 0.281813
65.185 62.6482 20.3193 0.351913 0 1.8 0 -0.512272 0.27816 -0.81253
54.785 31.328 22.4865 0.882 0 -4.5 0 -0.457176 0.24219 -0.855765
56.8685 54.1618 57.7086 0.0140457 0 1.8 0 0.865919 0.459754 -0.197005
33.0827 41.9693 13.9382 0.380098 0 -3.5 0 -0.424098 0.235028 -0.874587
66.4835 40.575 28.7323 0.728222 0 0.666393 0 -0.134157 -0.665145 0.734564
44.041 23.0149 51.7159 -0.412432 0 -3.5 0 0.702914 -0.345948 0.621475
58.7322 22.3509 38.0107 0.0417187 0 1.8 0 0.776658 -0.457452 -0.433059
70.0557 61.271 22.1493 -0.863496 0 1.8 0 0.44637 0.236628 -0.862996
49.2117 58.5065 28.567 0.976689 0.159092 -4.5 0 -0.4566 0.466357 -0.757646
36.2247 18.392 45.0013 0.626367 0.585759 -2.75705 0 -0.871224 -0.490886 0.000293776
24.9711 22.694 47.1451 0.23117 -0.619197 -3.5 0 -0.775366 -0.623408 -0.100848
68.4615 48.3018 16.2272 0.0784962 0 1.8 0 -0.0319164 0.271951 -0.961782
68.5419 64.892 31.0614 -0.201113 0 -3.5 0 0.0209497 -0.0251358 0.999465
53.7176 32.5237 23.411 1.03869 0.0680478 -4.5 0 -0.904142 0.155132 -0.398071
27.8016 42.324 20.3751 0.337843 0 -3.24335 0 -0.556797 0.535401 -0.635077
55.8589 34.9281 27.606 1.35069 0 1.8 0 -0.916396 -0.0229149 0.399617
48.3273 51.2767 40.753 3.57124 0 -3.2 0 0.15385 -0.514206 0.843755
25.1285 43.1056 23.3899 0.393611 0 -1.6 0 -0.537914 0.380741 -0.75212
37.7431 23.8281 33.82 0.0281091 0 0.910583 0 -0.16692 -0.854475 0.491945
53.8493 64.9401 26.1701 -1.15874 -0.874697 -0.4 0 -0.631737 0.774707 0.0271573
54.6475 35.7894 49.8175 4.14125 0 -3.9 0 -0.0884517 -0.465247 -0.880751
55.7259 21.1052 31.9199 -0.797057 -0.395032 -3.5 0 0.45504 -0.228566 -0.860637
41.7286 15.7941 38.6071 -0.623698 -0.343619 -3.5 0 -0.641158 -0.660699 0.390377
36.9075 64.0995 37.9588 -0.502509 -0.407724 -3.5 0 -0.00436126 0.105735 -0.994385
60.9985 36.9827 27.0114 0.217739 -0.567301 -3.53152 0 0.9165 -0.399106 -0.0272582
76.8019 52.4953 35.9895 -0.319877 0 -4.5 0 -0.324372 0.528426 0.784569
44.6021 15.6394 49.2284 0.659783 0 -4.5 0 0.43572 -0.482539 -0.759806
27.7116 55.4604 46.5921 0.258827 -0.621655 -3.9 0 -0.104482 -0.288499 0.951762
39.8607 27.4435 54.8361 -0.0702502 0 -4.35652 0 -0.629065 0.0147814 0.777212
54.1229 29.1282 48.2876 0.306692 0 -3.5 0 0.675664 0.714478 0.181657
40.6759 35.5439 58.3503 0.127957 0 3.8 0 0.0849221 -0.359164 0.929403
15.4017 39.9489 41.1714 0.458415 0 -0.7 0 -0.73627 0.626636 0.25541
50.3672 18.5721 30.9886 0.412736 0 1.9 0 0.152059 -0.706117 -0.691576
33.2697 48.6162 18.7467 0.248138 0 -4.5 0 -0.292178 0.399158 -0.869083
34.5288 56.0941 45.5765 0.018129 -0.538397 -0.4 0 -0.718898 0.456336 0.52435
29.117 26.7488 56.1114 -0.265442 0 3.8 0 0.340109 -0.327601 0.881478
15.1952 39.5411 44.207 0.159441 0 -4.5 0 -0.980935 -0.105415 0.163264
62.2584 68.9786 31.1754 0.02452 0 -4.5 0 0.628236 0.611611 0.480886
24.3176 54.675 39.9114 -1.65009 -0.211139 -3.5 0 -0.321376 0.790032 -0.52208
53.2183 51.813 54.0457 0.123899 0.0433388 -0.345902 0 0.832126 0.4575 0.313466
58.1101 51.0352 35.7206 2.0646 0 3.8 0 -0.699478 -0.583556 -0.412543
29.8027 58.8426 39.9313 0.351564 0 -3.5 0 -0.544983 0.81315 0.204402
77.894 55.0877 27.556 -0.769852 0 -3.5 0 0.917326 0.396859 0.0318789
58.7218 26.2167 36.8632 0.163791 0 -4.5 0 0.682892 -0.656619 0.320172
30.8596 19.8793 46.9697 0.466634 0 -3.5 0 0.587056 -0.734145 0.34117
30.3136 39.3381 61.6539 0.0596297 0 -0.7 0 0.100404 0.881286 0.461794
48.3246 43.4074 64.2391 0.258997 0 1.8 0 -0.160843 0.902989 0.398421
69.8061 36.3239 40.7069 0.251435 0 -4.5 0 0.702558 0.473538 0.531201
27.817 38.6161 20.9938 -0.660983 0 -3.2 0 0.832693 -0.484408 -0.268274
69.0465 37.7318 40.9926 0.0291097 0 -4.5 0 0.885497 0.259994 0.385095
38.1466 52.9055 55.9255 0.451625 0 -0.7 0 -0.790366 -0.564072 0.239048
47.3489 38.7692 59.6273 0.235468 0 -1.6 0 0.243515 -0.969023 0.0411641
21.6128 27.8439 50.5808 0.119759 0 -0.8 0 -0.189742 -0.955656 0.225208
59.8806 67.9504 25.5172 0.165095 0 1.8 0 -0.476182 0.479166 0.737327
55.6302 50.874 31.5168 1.80041 0 2.8 0 0.0846553 -0.463814 0.881879
54.148 46.0277 64.1965 0.156628 0.0336748 -3.59411 0 0.212524 -0.181047 0.960237
39.6052 28.6234 55.3064 0.130641 0 -3.5 0 -0.654825 -0.499983 0.566764
18.581 39.5205 24.1677 0.229004 -0.141791 -2.05095 0 -0.867116 0.296675 -0.400117
43.8172 53.0694 28.1191 0.105077 0 -3.5 0 0.547492 0.584908 -0.598443
55.9854 46.7959 62.4683 -0.417564 -0.00434941 -3.5 0 0.241988 0.745696 0.620789
21.6704 31.8894 58.0056 0.121232 0.0560468 -3.5 0 -0.894675 -0.445034 -0.0387345
56.8395 53.7575 58.9956 -0.0384213 0 1.8 0 0.807215 0.0158761 0.590043
60.8311 68.95 31.9971 1.06009 0.114791 -4.5 0 -0.180506 0.753934 0.631665
41.5784 52.0376 32.9144 0.809132 0.654738 -3.2 0 0.806155 -0.137027 0.57562
23.8614 24.7479 44.8137 0.270451 0 -3.9 0 -0.170517 -0.632778 -0.755325
59.7744 46.7098 23.1389 0.324511 0 4.5 0 -0.533797 -0.55485 -0.638124
77.9622 58.1381 27.2291 -0.745103 0 -3.5 0 0.975891 0.0479597 0.212925
26.5426 51.8447 27.9956 -0.450746 0 4.2 0 -0.578882 0.813475 0.0561614
74.5012 55.3539 21.4009 -1.11896 0 -3.5 0 0.659944 0.460161 -0.593908
39.7837 62.6135 45.2656 0.352804 0 -1.6 0 -0.355434 0.550962 -0.755055
36.146 49.484 42.4725 6.09599 0 2.37094 0 0.650999 -0.460083 0.603758
49.2666 43.5426 62.5223 0.271886 -0.605114 -0.323974 0 -0.138226 0.88764 0.439305
15.0601 36.7681 46.0151 0.565559 0 -4.5 0 -0.876507 0.299805 -0.376633
39.9126 29.8501 20.008 -0.413359 0 -3.5 0 0.410022 -0.324695 -0.852323
44.4482 53.3916 37.2324 1.52075 0 -3.2 0 -0.353376 0.75921 -0.546558
49.4595 46.8198 45.4622 4.12991 0 4.2 0 -0.879933 -0.0591717 -0.471398
34.4186 39.3966 20.651 -0.510219 0 -0.783821 0 -0.714815 -0.0381197 0.698274
58.2406 47.2399 46.3101 -0.328593 -0.633571 -2.80149 0 0.804561 -0.493628 0.330172
47.1199 61.3291 51.9784 0.368906 0 -1.6 0 0.0132373 0.318108 0.947962
32.636 49.714 19.461 0.556068 0 -4.5 0 0.0323407 0.698477 -0.714901
22.9571 23.2095 49.4446 2.20419 0.594493 -3.9 0 -0.709931 -0.646761 0.278744
46.8959 59.645 32.5122 1.10053 0.901512 -4.5 0 -0.896755 -0.299461 -0.325813
48.9914 54.4588 28.6612 0.629202 0 -4.5 0 -0.603285 0.328339 -0.726801
76.2625 45.0552 21.0558 0.0329529 0 1.8 0 0.499785 0.727201 -0.470524
64.5456 63.3148 36.2801 0.0493731 0 -0.8 0 0.989432 -0.0707257 0.126576
22.2241 48.9094 47.2742 0.277435 0 2.93684 0 -0.472656 0.523042 0.709241
74.2432 35.9936 21.9416 -1.92691 0 -3.5 0 0.815645 -0.560723 -0.142521
36.9411 23.7089 26.8794 0.664719 0.0806411 -4.5 0 0.608574 -0.513266 -0.605141
46.6309 53.0814 42.0341 3.12335 -0.819256 -1.3 0 0.310926 -0.949362 -0.0451309
48.8447 40.825 57.7067 0.223248 0 -1.6 0 0.763091 -0.575913 0.293286
47.4926 13.4235 39.7982 -1.28784 -0.647616 -0.4 0 -0.833287 -0.54424 0.0971344
42.3307 15.3272 48.3947 0.251677 -0.08171 -1.04096 0 0.470384 -0.582732 -0.662693
43.4033 62.1912 49.061 0.121867 0 -4.5 0 -0.306759 0.192915 0.932031
41.9237 48.6562 57.2856 0.434152 0 -4.5 0 -0.681175 0.516315 0.519056
16.4076 39.3332 48.4897 0.328442 0 -4.21086 0 -0.995617 -0.0613679 0.0705812
60.4924 63.2591 43.7054 -0.134872 0 -4.5 0 -0.0801834 0.304251 0.949211
47.6096 25.9474 29.1432 -0.96197 -0.0625161 -1.1839 0 -0.0902156 -0.0455707 -0.994879
25.1973 42.3642 53.1355 0.682112 0 -0.4 0 0.206978 -0.177994 0.962018
46.9664 50.9987 63.0314 -0.168007 -0.618219 -0.8 0 -0.335877 -0.667932 0.664118
35.4666 19.4904 47.7723 0.365088 0 -1.42776 0 -0.734964 -0.659768 -0.156635
41.1514 39.5052 48.4071 4.1692 0 3.12665 0 0.101245 0.499855 -0.860171
40.7087 36.2585 13.5505 1.01749 0 -3.9 0 0.799354 -0.417774 -0.431855
58.9088 45.6414 57.4985 -0.167394 0 -3.5 0 0.687866 -0.534422 0.491156
52.4487 28.3018 25.8277 0.54221 0 -3.5 0 -0.331112 0.164765 -0.929095
52.0952 55.148 58.4557 -0.5579 -0.0117166 1.8 0 -0.193298 0.856625 0.478362
48.4544 55.9323 33.7472 0.938318 0 -4.5 0 -0.78901 0.270356 -0.551698
29.7984 60.8379 45.8639 0.626684 0 -3.9 0 0.0916608 0.903576 -0.418508
79.2637 48.9248 23.7986 -0.693359 0 2.88213 0 0.714256 0.0709418 -0.69628
28.1514 56.2837 23.4004 0.258392 0 -3.2 0 -0.896068 0.438603 0.0684741
57.5876 20.6759 45.8129 -1.91458 -0.759311 -3.5 0 0.428895 0.560542 0.708408
51.5509 35.0929 47.7661 1.14672 -0.00837244 -3.08796 0 0.579812 0.576145 0.576086
47.7443 40.1192 43.4214 6.21741 0.886227 -1.3 0 -0.159884 -0.323592 0.93259
36.2456 15.9773 45.9284 0.676968 0 -4.5 0 -0.965154 0.258638 0.0398106
45.452 43.2084 17.8779 2.76811 0.0355572 -3.9 0 0.893122 -0.406873 0.1918
45.4165 58.0373 55.7028 -1.72561 -0.785367 -3.5 0 -0.36866 0.812194 0.452141
77.9876 46.0336 22.5544 -0.38817 0 3.8 0 0.173507 0.0578973 -0.983129
28.6554 55.9657 53.5395 0.350632 0 1.8 0 -0.178608 0.78987 0.58669
50.9214 36.4432 47.8622 1.52994 0 -0.4 0 0.79244 0.505949 0.340667
75.482 39.919 27.8145 -0.522988 0 1.8 0 -0.278934 -0.911456 -0.302397
77.5963 38.8906 26.2293 -0.10001 0 1.8 0 -0.00470309 -0.918349 -0.395744
47.9367 49.933 39.805 3.62142 0 -3.2 0 0.747254 -0.272676 0.606019
32.0715 37.6775 59.7855 0.0155043 0 1.70562 0 0.771318 0.349745 0.53174
83.1551 42.8915 32.6481 -1.13163 -0.91944 -3.5 0 0.330202 -0.722005 0.608009
54.003 24.3425 29.341 -0.258344 0 -0.8 0 0.951875 -0.0984715 -0.290237
68.4076 55.2634 35.1795 -2.03638 -0.446438 -3.5 0 0.899393 -0.371686 0.230091
36.4874 38.1963 57.2999 -0.0330227 -0.355589 -2.76913 0 0.2677 -0.310655 0.912047
27.8184 39.1315 55.4388 -0.74108 0 -3.5 0 -0.282543 0.931612 -0.228622
49.5156 53.6476 27.9674 0.708165 0 -4.5 0 -0.278326 0.721241 -0.634307
51.3501 47.9523 33.6113 2.5797 -0.700104 -0.7 0 0.798345 -0.508932 0.321921
45.8927 29.4618 24.9862 0.231686 0 -4.5 0 -0.209931 -0.771395 -0.600732
28.0721 58.1408 42.6159 0.962786 0.362186 -1.825 0 0.323351 0.763924 -0.558448
78.3457 41.9216 33.5942 -0.234341 0 4.5 0 -0.117492 -0.874404 0.470758
53.2736 21.9861 30.9332 -0.618287 0 -0.975369 0 0.404646 -0.882903 -0.238209
34.2539 56.8363 44.6561 -0.208467 -0.745034 -0.4 0 -0.584694 0.540907 0.60461
57.6766 45.6934 30.5182 2.05334 0 -1.6 0 -0.594659 0.634225 0.494105
56.5802 36.0648 29.0706 1.26389 0 1.8 0 -0.330892 -0.128166 0.934924
69.1608 38.3745 22.4217 0.563061 0 -1.6 0 -0.15975 -0.955 -0.249909
46.7469 41.325 65.8463 0.175224 0 1.8 0 -0.794049 0.310079 0.522817
75.8388 54.5965 29.8988 -0.214193 0 -3.5 0 0.189128 0.672624 0.715407
18.5737 51.665 45.6517 -0.0395881 -0.377643 -0.104324 0 -0.474307 -0.526499 0.705572
83.8213 51.4476 25.6082 -2.11143 -0.595447 -3.5 0 0.0806361 -0.158527 -0.984056
46.4639 30.0851 23.3816 -0.285413 0 -4.5 0 -0.504452 -0.67729 -0.535543
55.0445 35.4943 45.2105 0.326949 0 -0.8 0 0.700618 -0.094053 0.70731
42.419 31.6825 56.6393 0.104669 0 -3.5 0 0.244638 0.368374 0.896913
47.2108 43.099 23.2521 0.323945 0 -3.5 0 0.749507 -0.255753 -0.610598
66.8661 32.3016 40.7933 0.705293 0.79056 -4.5 0 -0.897247 -0.438684 0.0500388
34.7752 45.044 23.8045 -0.261011 -0.137702 3.8 0 0.156875 -0.987089 -0.0323251
55.016 14.9754 39.8146 -1.7318 -0.121533 -3.9 0 0.507348 -0.844713 -0.170464
49.1958 22.0144 24.647 -2.50909 -0.356374 -3.5 0 0.629569 0.311092 -0.711944
16.2701 39.6637 50.2281 -0.0182124 0 1.8 0 -0.962575 -0.0966471 -0.253199
26.783 52.603 26.734 -1.86242 -0.0594211 -3.5 0 -0.813156 0.562823 0.148352
26.3151 40.0568 18.3227 -0.0836637 0.810534 -3.2 0 0.0260185 0.190686 -0.981306
82.3189 50.6319 30.8542 -1.16906 0 -3.5 0 0.646089 0.471914 0.599889
24.6156 57.9809 37.1968 0.027275 0 -3.9 0 -0.658851 0.0750277 0.748523
56.2342 16.7055 36.5484 0.114927 0 -3.9 0 0.649154 -0.759948 -0.0328516
27.2069 24.0643 41.9053 0.29904 0 -4.5 0 -0.865812 0.403164 -0.296358
39.044 23.3613 34.2728 0.0147696 0.0362243 2.98836 0 -0.797071 -0.492745 0.349114
36.6801 47.4853 57.6656 0.476191 0 4.2 0 -0.329846 0.684344 0.650289
50.265 35.9618 53.1567 0.190158 -0.157625 -3.9 0 -0.00875983 -0.298031 0.954516
62.6139 48.1541 20.4859 0.252922 0 2.35363 0 -0.689805 -0.485821 -0.536793
33.1739 28.2801 57.9458 -2.47551 0 -3.5 0 0.250934 -0.630536 0.734477
36.1538 51.4603 43.7977 6.47522 0.00780085 2.8 0 0.605121 -0.647261 0.463553
40.6542 11.9143 49.2821 -1.41506 -0.268441 -4.5 0 0.267282 -0.946189 -0.182449
38.6375 55.5575 57.1882 1.66984 0.521863 -0.7 0 -0.795608 0.48856 0.358215
53.3376 33.2915 31.6089 3.49415 0 -3.9 0 0.468374 0.798198 -0.37882
24.4149 49.7557 21.8729 1.28216 0.580365 -4.5 0 -0.970947 0.233066 0.0542431
67.941 63.3325 30.1546 -0.429572 0 -3.5 0 0.150973 -0.285698 0.946353
37.3507 61.5238 38.6365 0.38686 0 -3.5 0 0.525327 -0.0528342 -0.849258
34.7976 20.3913 43.5515 -1.08731 -0.141322 -1.3 0 -0.213983 -0.477196 -0.852347
21.7757 57.4339 32.0566 2.70623 0.517897 -3.9 0 -0.857671 -0.172083 -0.484549
31.2105 30.0586 62.0344 1.19609 0.678582 -0.8 0 0.0422089 -0.747896 0.662473
56.3435 65.8915 41.806 -15.7204 0 -4.5 0 -0.458836 0.0492803 0.887153
52.2767 57.4866 55.1874 -0.00292458 0 3.8 0 0.148315 0.988853 -0.0131464
48.8529 29.142 22.7095 0.639019 0 -4.5 0 0.441481 -0.635712 -0.633218
48.6234 15.869 33.7366 -0.737418 -0.170354 -0.4 0 0.387689 -0.490963 -0.780162
40.4461 62.8901 50.6521 0.326453 0 -1.6 0 0.250749 -0.0529683 0.966602
20.0879 50.6761 32.6165 0.345165 0 -3.5 0 -0.139166 0.492121 -0.859331
41.2007 23.2923 30.7633 -0.144336 0 -1.42548 0 -0.338811 -0.931694 -0.130975
38.1077 51.8814 23.3435 0.366559 0 -4.5 0 0.499817 0.577567 -0.645445
66.8681 52.9994 38.7115 -0.451555 0 -0.7 0 0.95975 0.0800581 0.269204
45.8366 31.6849 56.5446 -0.00968593 0 -3.5 0 -0.190476 -0.175483 0.96588
43.6107 19.2606 51.9842 0.107393 0 -3.98602 0 0.237197 0.291715 0.926628
38.893 21.591 50.842 -0.597781 0 -3.2 0 0.348505 -0.301646 0.887442
67.5458 64.8449 21.3153 0.0372196 0 1.8 0 0.328022 0.944645 0.00688833
55.4222 52.6241 48.8558 1.2234 0 -4.5 0 0.589462 0.39726 0.703362
40.3633 18.3423 40.7349 -0.169044 -0.804914 -1.04628 0 -0.825677 -0.506995 -0.247415
51.8845 36.9808 28.2048 0.78226 0 -3.30059 0 0.495751 -0.674447 -0.547131
45.3298 40.0127 42.2575 5.92499 0 -1.3 0 -0.205972 0.348168 0.914524
33.879 47.1792 17.7791 -1.61647 -0.0638216 -4.5 0 -0.26356 -0.010568 -0.964585
25.6794 37.7446 58.0192 -1.8015 0 -3.5 0 -0.77412 0.288567 0.563442
53.9627 54.4082 54.2155 0.152825 0 3.8 0 0.976655 -0.144963 -0.158524
53.9977 45.3434 22.6 2.23653 0.079231 -3.9 0 0.120217 0.659196 -0.742299
66.1531 36.5514 38.1135 0.678102 0.0726886 -4.5 0 -0.04713 -0.723272 -0.688953
31.2867 25.5843 37.5804 0.142076 0 -1.6 0 -0.337913 -0.822867 -0.456841
14.6751 35.0583 52.5631 0.921551 0.81601 -4.5 0 -0.50611 -0.130525 0.852535
56.6309 22.1777 45.1538 -0.669499 0 3.8 0 0.540136 0.159763 0.826274
45.9821 58.4787 44.9736 0.555802 -0.10516 -3.9128 0 0.939831 0.158802 0.302487
58.5859 63.0549 43.2351 -0.216867 0 -4.5 0 -0.446207 -0.0557256 0.893193
67.3327 46.8202 17.1008 0.23196 0 1.8 0 -0.599424 -0.514317 -0.613326
26.5705 32.7767 21.2686 -0.0502269 0 4.2 0 0.470703 -0.816379 0.334609
45.5093 14.6182 36.4338 -0.537776 0.249883 -0.4 0 -0.174898 -0.975268 -0.135141
28.2849 57.7808 41.1105 0.769934 0 -3.5 0 -0.0886866 0.992112 0.08859
16.8172 28.9505 42.1644 -2.10631 -0.168018 -3.5 0 -0.592395 -0.47818 -0.648392
70.6306 57.4019 17.3328 0.630764 0.0620905 -4.5 0 0.402754 0.638724 -0.655607
64.2341 53.0466 43.6296 -0.213502 0 -0.7 0 0.644593 0.233368 0.728038
16.4886 34.8261 33.284 -1.58878 -0.715482 -3.5 0 -0.94285 -0.294382 0.156117
33.2357 38.2591 27.2243 -0.671785 0 1.8 0 0.099187 0.133764 -0.986037
48.665 49.7912 23.3172 -0.434583 -0.133399 1.3471 0 -0.579829 0.240581 -0.778408
35.4296 55.9279 47.4331 0.865552 0 -1.07533 0 -0.906645 0.420169 0.0381135
56.3234 18.8184 38.957 0.118597 0 -0.646639 0 0.97843 -0.199011 -0.0553973
58.8356 65.3608 25.8273 0.397955 0.0489506 1.93578 0 -0.279799 0.719259 0.635908
71.3331 57.0585 21.2503 -0.52895 0 -1.7887 0 0.171532 0.885768 -0.431268
23.4302 29.5476 59.1204 -1.60687 -0.294043 -3.5 0 -0.885307 -0.329031 0.328588
62.1834 59.6116 44.7113 -0.260127 0.0812807 -4.5 0 0.21023 0.38686 0.897854
70.8229 46.5861 29.7197 -0.450994 0 3.8 0 0.216872 -0.241886 0.945758
44.3511 38.3174 44.949 6.02031 0.0388874 2.24517 0 0.426816 0.903398 0.0412387
67.1448 41.0284 44.9154 -1.62238 -0.170674 -3.5 0 -0.120798 0.0157925 0.992551
17.0578 35.8423 52.1693 0.55002 0 -3.90693 0 -0.436486 0.462975 0.77145
22.7559 31.2629 54.4593 -0.347913 0 -3.5 0 -0.553653 -0.756494 0.348116
46.1756 17.9125 33.8721 -0.499738 -0.0106118 -0.4 0 -0.641159 -0.165051 -0.749448
48.1517 55.8291 45.3569 1.26519 0 4.2 0 0.211582 0.947625 0.239248
36.7295 23.5416 41.4676 -0.246763 0 4.5 0 -0.939375 -0.0479363 -0.339525
52.4875 21.5816 28.3725 0.00787566 0 -0.8 0 0.502688 -0.693189 -0.51652
48.2363 62.0832 33.1271 0.971659 0 -4.5 0 0.441489 0.79061 -0.424291
41.3633 36.9642 14.9099 0.532382 0 -3.9 0 0.964938 0.20899 -0.1588
27.8508 24.8643 54.673 0.0239988 0 3.8 0 -0.373098 -0.786211 0.492616
64.1019 50.2178 44.4923 0.675747 0 -1.6 0 0.646116 0.417722 0.638782
31.5691 31.9735 62.0896 0.0132998 -0.811312 -0.8 0 0.326201 0.318335 0.890088
59.2923 63.2093 20.3924 -0.00922384 -0.0631432 -3.5 0 0.345463 0.0416102 -0.937509
39.6193 19.4904 40.8215 -0.23717 -0.130731 0.0482324 0 -0.742206 -0.595712 -0.307015
74.1029 52.7114 32.2115 -0.161272 0 1.8 0 -0.348119 0.266745 0.898699
24.2779 48.0069 50.4859 0.190465 0 3.13605 0 -0.718179 0.69301 -0.0628893
67.2899 42.0071 20.4212 0.308141 0 -0.425518 0 -0.647675 0.241536 -0.722618
32.1777 23.4022 53.687 0.209337 0 1.8 0 -0.336482 -0.130023 0.93267
39.0125 16.0811 42.3417 0.106107 0 -4.5 0 -0.377301 -0.306977 -0.873733
38.4832 39.4666 13.489 3.38186 0.154913 -3.9 0 0.327799 0.854806 -0.402311
67.6208 43.4431 19.7879 0.166843 0 1.8 0 -0.777653 -0.168088 -0.605807
30.0209 33.8997 30.7641 -0.629623 0.1349 -2.06434 0 -0.391329 -0.741514 -0.544994
51.138 54.5856 27.265 0.36353 0 0.870782 0 -0.887327 0.191137 -0.419663
34.5778 42.6958 56.5692 0.0691717 0 -3.5 0 -0.866714 0.417941 0.272272
55.4401 52.6906 32.9164 2.11034 0 3.8 0 -0.0671699 -0.91383 0.400504
32.8421 54.6647 49.0583 0.0709548 -0.854804 -3.32521 0 -0.0726548 0.995549 -0.0600303
40.0742 43.5891 47.1406 5.59079 -0.065583 -1.05081 0 0.349489 -0.255114 -0.90154
15.0731 36.5404 43.1813 -1.04203 -0.958418 -0.7 0 -0.811168 -0.426272 0.400372
33.5346 38.27 58.3408 -0.0940622 0 3.55177 0 0.529699 -0.0371684 0.847371
69.5239 56.7812 32.7014 -0.564359 0 3.8 0 0.561694 0.581133 0.588883
44.7496 31.3537 19.2876 -2.0315 -0.264963 -3.5 0 0.897808 0.131112 -0.420418
39.4927 25.2136 55.4391 0.493618 0 -4.5 0 -0.351709 -0.0499373 0.934777
37.3516 28.81 54.82 -0.573568 0 -3.5 0 0.0912762 -0.367978 0.925344
38.6465 35.4724 56.102 0.188193 0 3.8 0 -0.707665 -0.587414 0.392627
44.7822 22.7059 26.1239 -2.27065 -0.0847209 -3.5 0 0.323802 -0.288741 -0.900989
41.7806 45.5826 24.4931 0.95409 0 -2.21205 0 0.326309 0.902885 0.27986
17.6421 34.8844 27.5219 -0.261315 -0.597597 -3.5 0 -0.869733 -0.491982 -0.038956
43.7647 46.891 42.5463 5.07062 0 -1.3 0 -0.331783 0.289145 0.897951
29.2065 39.476 59.7127 -0.195917 0 -0.7 0 -0.172715 0.984396 0.0336792
30.4062 41.0517 17.7671 0.237845 0.171746 -3.5 0 -0.913604 -0.357121 0.194403
34.2269 24.2593 32.5666 -0.318842 -0.238079 -2.8788 0 -0.776733 -0.629715 0.0120461
59.2383 66.8486 36.4593 -0.410879 -0.95196 -0.8 0 0.141683 0.985244 0.0960174
16.6485 44.2118 50.7537 0.368252 0.455565 -4.5 0 -0.37876 0.635244 0.673057
62.742 40.9319 20.0696 0.876161 0.90728 -4.5 0 -0.233355 0.43235 -0.870988
22.8633 23.8241 47.5616 1.02004 0 -3.9 0 -0.739272 -0.669356 -0.0737536
79.2777 47.6889 35.3234 -2.09311 -0.217972 -3.5 0 -0.50442 -0.0750589 0.86019
38.5364 51.0702 19.2584 0.297243 0 1.8 0 0.789332 0.600719 -0.126852
38.7009 53.5019 53.5814 0.56608 0 -0.7 0 -0.951671 -0.061541 -0.300891
68.8678 46.8442 41.5785 -0.545144 0 -3.2 0 0.298912 0.644576 0.703686
28.9049 46.5483 22.9988 0.431069 0.741984 -3.88945 0 -0.844226 -0.522846 -0.117959
57.3691 47.3679 29.9555 1.47875 -0.389747 3.8 0 -0.477661 -0.132681 0.868467
24.2063 48.0007 27.0075 -0.124789 0 4.2 0 -0.446953 0.255642 -0.857251
58.8749 39.5579 42.0855 0.370119 0 -0.9 0 0.522705 -0.852348 -0.0168093
51.8208 22.541 27.2967 0.177836 0 -0.8 0 0.560566 -0.45551 -0.691575
50.86 53.8784 22.0569 0.130541 0 3.8 0 0.089182 0.546757 -0.832528
17.2568 33.4543 20.9683 1.06214 0.0356705 -4.5 0 -0.767071 0.313516 -0.559741
36.818 52.011 19.7882 0.257223 0 1.8 0 0.188943 0.981959 -0.00756307
64.0526 60.0958 19.5973 0.0865705 0 4.2 0 0.30348 0.204684 -0.930594
67.6164 38.7165 21.0982 0.328174 0 -1.6 0 0.191978 -0.793037 -0.578132
26.6976 27.4286 57.4926 -0.669254 -0.0501334 -3.5 0 0.238137 -0.971222 0.00422954
48.0924 39.1205 65.5922 0.162106 0 1.8 0 -0.244035 -0.877349 0.413165
21.4393 46.0859 52.8147 -2.29985 -0.0101816 -3.5 0 -0.129936 0.361499 0.923274
39.2569 50.1612 46.9798 5.95754 -0.0639072 -3.5 0 -0.274113 -0.655166 -0.704002
48.6971 44.3611 24.9212 0.334884 0 -0.4 0 0.299094 0.297284 -0.906733
24.8626 36.1791 57.8654 -0.247365 0 -3.5 0 -0.544146 0.815922 0.195386
59.9129 33.1188 35.1164 0.877033 0.165122 -4.00068 0 0.275645 0.502819 -0.819263
61.3994 33.7332 24.8621 0.508175 0 -4.5 0 0.835969 0.424689 -0.347557
27.5888 52.6696 28.4877 -0.334217 0 3.681 0 -0.823062 0.563264 0.0728162
52.7122 36.0919 53.9776 0.482029 0 -3.9 0 -0.121069 -0.273937 0.954097
53.2178 46.7971 46.0717 2.98973 -0.0708738 2.54784 0 -0.0768577 0.978897 -0.189348
65.7815 35.2733 39.3894 0.480736 0 -4.5 0 -0.658206 -0.676068 -0.331207
54.1881 38.8777 49.8242 2.51699 0 -3.9 0 -0.525817 -0.129976 -0.840609
35.4564 42.5105 57.9178 -0.0509019 0 -3.5 0 -0.501795 0.392323 0.770898
53.0868 63.9963 26.9217 0.0206251 -0.143822 -0.4 0 -0.520263 0.632566 0.573748
72.8949 38.1354 25.2239 -0.218228 0 -0.7 0 0.987765 -0.125385 0.0927253
32.8727 26.5081 35.0712 0.849282 0.443298 3.8 0 -0.663806 -0.747768 0.0142974
32.1599 47.543 56.2035 0.32269 0 -4.5 0 -0.705501 -0.0869621 0.703353
55.6922 41.8671 27.3346 0.867507 0 3.8 0 -0.171541 -0.982606 -0.071133
43.5674 45.6407 24.5114 0.548511 0.706176 -3.5 0 -0.119867 0.992776 0.00526243
61.0355 33.9836 39.9332 -0.737977 -0.012124 -3.5 0 0.614001 -0.105579 0.782212
37.2176 14.1526 48.3847 0.265754 0 -4.5 0 -0.799587 -0.572903 0.180122
22.9529 50.557 29.5161 0.0880316 0 4.2 0 -0.887667 0.447081 -0.110298
85.0364 47.5129 27.4423 -0.327507 0 -3.5 0 0.699193 -0.30144 -0.648277
79.0097 40.9077 16.0725 -0.155995 0 1.8 0 0.160343 0.245531 -0.956036
23.3267 29.4667 37.8125 -1.67614 -0.446915 -0.4 0 -0.0212578 -0.799074 -0.600857
17.497 40.0096 17.7036 0.333254 0 -4.5 0 -0.673647 0.676511 -0.297545
49.7863 34.224 53.0516 0.549405 0 -4.5 0 -0.0100604 0.371279 0.928467
35.278 43.2728 15.6822 0.740962 0 -3.5 0 0.214941 0.88616 -0.410513
39.8483 56.1668 35.8505 0.0433308 0 -3.2 0 0.137574 0.93179 0.335918
34.0606 49.5524 19.3267 0.842016 0 -4.5 0 -0.404647 0.65314 -0.640054
46.0583 30.5696 53.0151 -0.267257 0 -2.35746 0 -0.0265129 -0.998878 0.0392363
41.3455 47.7617 57.9072 0.184403 -0.0161293 -2.65693 0 -0.35904 0.883228 0.301658
59.0648 56.5561 44.5214 0.123327 -0.00847438 -1.7067 0 -0.340773 0.590064 0.731914
67.6898 33.7912 41.5905 0.494516 0 -4.5 0 -0.325464 -0.0251112 0.945221
23.004 46.3543 26.6615 -1.11489 -0.0497731 -4.5 0 -0.503368 0.270414 -0.820668
80.3645 42.2262 32.4839 -0.330477 -0.0305948 3.596 0 0.274863 -0.771653 0.573588
53.9399 25.593 28.3488 -0.612284 -0.00506672 -3.5 0 0.642213 -0.638489 -0.42414
58.7007 49.3868 36.7923 1.84099 0 3.8 0 -0.75202 -0.338824 -0.565389
22.5942 39.382 18.4695 1.24768 0.816442 -4.5 0 0.651952 0.447571 -0.612077
27.8571 60.2347 35.1974 0.264958 0 -3.9 0 -0.254017 0.963251 0.0873079
14.664 51.071 41.608 -2.06069 -0.223252 -3.5 0 -0.983149 0.0587541 -0.173105
75.5001 49.3592 23.6546 -0.678694 0 4.5 0 0.194135 0.276963 -0.941065
53.8632 48.5404 47.3222 3.19778 0 -3.54805 0 -0.556879 0.0536334 -0.82886
62.1361 65.3909 33.4736 0.151782 -0.764076 -1.43789 0 0.7266 0.672999 0.138292
73.8317 39.2395 14.5159 -0.169357 0 -3.5 0 -0.628695 0.276318 -0.726905
39.49 22.5446 35.6674 -0.208523 0 3.7628 0 -0.981365 0.192019 -0.00718395
23.5828 28.8306 40.6073 0.163346 -0.0223184 -0.15957 0 0.460842 -0.88227 0.0960432
42.3103 60.4587 40.9428 0.732827 0 -4.5 0 -0.398132 0.770122 -0.4984
31.053 62.2966 48.8795 2.5704 0.197038 -3.9 0 -0.472361 0.870749 0.136641
57.8056 26.2038 23.2071 -1.67727 -0.418084 -3.5 0 0.745145 -0.630327 -0.217824
55.5288 63.3332 29.6985 0.110334 0 3.8 0 -0.798366 0.192833 0.570463
42.107 26.1204 57.7906 0.822816 0.835929 -3.5 0 0.0658305 -0.935253 0.347805
36.7325 38.6704 12.8311 3.25026 0.281744 -3.9 0 -0.627431 0.471171 -0.619942
51.0619 25.6144 46.3618 0.0229919 0 3.58609 0 -0.275794 -0.865562 0.418019
52.2438 42.8828 46.9485 2.94594 0 -0.0174675 0 0.159258 -0.978629 0.130084
55.0699 28.7803 44.1736 0.619657 0.840462 -3.5 0 0.913494 -0.225442 0.33868
40.3443 47.1594 27.1281 0.174902 0 3.14399 0 0.550969 0.332245 -0.765537
16.5925 34.2085 30.7675 -0.177455 0 -3.5 0 -0.605204 -0.692898 -0.391944
51.9766 24.4526 26.4096 -0.357095 -0.530709 -3.31115 0 0.53865 -0.376762 -0.753596
23.2328 42.5631 53.7018 -0.0385113 -0.229308 -0.589232 0 -0.02369 0.237885 0.971004
52.6712 61.0843 43.2635 -1.68205 0 -3.5 0 -0.040304 0.987442 0.152756
27.2004 54.1691 51.1527 -0.255174 0 1.8 0 -0.746133 0.595187 -0.298393
41.765 54.9723 35.993 0.606646 0.538262 -3.2 0 0.980446 0.156225 0.119662
35.808 59.346 37.865 -0.141997 0 -3.5 0 0.425688 0.30446 -0.852111
24.7855 25.9243 43.8558 0.00228717 0 -3.9 0 -0.192028 -0.400067 -0.896143
49.363 52.943 26.287 0.0264084 -0.0378992 3.60721 0 -0.389869 0.917441 -0.0793928
46.5336 14.7916 54.8408 0.696708 0.747126 -4.5 0 0.221166 -0.325818 0.9192
71.4778 51.5668 20.1642 -0.428563 0 -3.2808 0 0.605347 -0.0691742 -0.79295
57.8291 44.5908 45.8551 -0.000591123 0 2.8 0 0.928551 0.0931619 0.359324
43.7918 51.7151 41.7866 3.56424 0 -1.3 0 -0.036423 -0.978453 0.203231
81.3551 40.1977 30.7355 -2.02273 -0.148474 -0.4 0 0.115546 -0.954853 0.273687
32.255 58.426 30.144 0.231501 0 4.2 0 -0.237595 0.970097 -0.0496101
33.851 42.9523 22.1164 -0.25184 0 -3.5 0 0.139482 -0.390043 0.910171
21.6215 27.7962 41.1781 0.0114518 0 -0.4 0 0.0337108 -0.968125 -0.248187
34.9419 50.9645 20.2546 0.098078 0 1.8 0 -0.525903 0.646545 -0.552636
15.5922 41.9486 32.8657 -0.748139 -0.636607 -3.5 0 -0.715084 -0.113313 -0.689793
44.1725 35.6353 55.9409 0.852664 0.0107331 3.8 0 0.575257 -0.0982749 0.812047
49.308 47.6659 24.2436 -0.0959376 -0.0014413 -0.8 0 -0.169386 -0.614834 -0.770252
15.4958 49.1 40.4555 1.04238 -0.264518 -3.62306 0 -0.944533 0.245068 0.218631
30.6693 49.3677 52.816 1.18762 0.759229 -3.78317 0 -0.459083 -0.234676 0.856837
37.6922 58.4329 39.0066 0.551095 0 -3.5 0 0.42826 0.375089 -0.822132
46.4245 18.1497 50.4255 1.10902 0 -4.5 0 0.664694 0.433581 0.608432
34.2726 23.9924 31.4053 0.258821 0 -4.5 0 -0.871385 -0.350226 0.343556
52.7236 32.485 54.2139 0.909756 0 -4.5 0 0.405992 -0.269192 0.873331
76.124 53.4757 22.8755 -1.03396 -0.00477036 -3.5 0 -0.13054 -0.447045 -0.884935
15.7634 39.7583 28.9813 0.073475 0 -0.4 0 -0.892013 0.451078 0.0290118
28.868 50.7863 19.4713 0.526701 0.303414 -4.5 0 0.144621 0.356195 -0.923152
60.8749 65.0967 39.4684 5.51061 0 -4.5 0 0.731805 0.605093 0.313565
46.4394 39.8402 63.6927 1.04171 0.831415 1.8 0 -0.652054 -0.724091 0.22476
61.8581 54.4689 19.6099 0.0350495 0 -0.7 0 -0.184811 -0.405324 -0.895297
43.4929 48.7678 60.3339 0.443236 0 -4.5 0 -0.472354 0.778574 0.413164
35.6423 61.2233 45.2422 -0.981785 0 -0.4 0 -0.714907 0.612125 0.337949
56.8619 51.3006 46.9431 0.539471 0 -4.38355 0 0.644409 0.0288767 0.764136
18.3299 43.6992 48.553 0.314497 0 -3.5 0 0.340705 0.836923 -0.428345
43.1599 37.555 56.8768 0.239503 0 3.8 0 0.547183 -0.124884 0.827644
27.4406 53.3071 30.2341 0.382767 0 3.8 0 -0.838582 0.473724 -0.26901
55.2402 55.6131 58.1991 0.0510086 0 1.8 0 0.289446 0.954983 -0.0650182
52.8477 14.5001 43.5006 0.16101 0 -3.5 0 0.199544 -0.898531 0.390928
40.4917 48.1278 55.9325 0.536933 0 3.71665 0 -0.324505 0.729971 0.601531
18.5081 45.9582 50.5317 -0.741604 -0.116753 -3.5 0 -0.760931 0.613976 -0.209802
18.8285 34.6722 37.7409 -0.226356 0 3.8 0 -0.876114 -0.431125 -0.215767
20.6502 57.794 46.3652 -0.0250678 0 4.2 0 0.36538 0.359276 0.858731
44.3817 30.7791 55.7314 -0.0840279 0 -3.5 0 0.391109 -0.610973 0.688292
50.8862 13.4041 39.0945 0.176578 0 -0.4 0 0.332523 -0.363514 -0.870222
17.0044 56.1016 44.1552 0.0805755 0 4.2 0 -0.794966 0.0219361 -0.606257
30.7062 39.7328 56.2691 0.00954956 0 3.8 0 -0.154251 0.959873 0.2342
48.9243 35.7709 28.8994 0.842138 0 -0.4 0 -0.163002 -0.654927 -0.737903
70.5433 43.1482 31.1056 -0.231851 0 1.8 0 0.19674 0.157006 0.967803
47.0144 33.2671 56.4098 0.0939648 0 -3.5 0 0.259495 0.264558 0.928801
61.9413 42.4664 21.601 0.923981 0 -4.5 0 -0.491346 0.537174 -0.685582
27.58 27.845 57.165 -0.572119 0 -3.5 0 0.648252 -0.465485 0.602572
80.2551 44.9432 24.5255 -0.305353 0 3.8 0 0.676491 -0.626491 -0.387128
24.8115 55.8915 36.839 -0.25698 0 -1.74914 0 -0.751295 0.359286 0.553597
58.1746 46.0982 35.1232 2.36192 0 -1.3 0 -0.591415 0.805533 -0.0366753
17.7889 41.2427 54.0899 0.313545 0 1.8 0 0.30973 0.523013 0.794056
41.0247 56.2284 33.9559 0.323101 0 -3.2 0 0.86424 0.440636 0.242752
16.7083 51.1742 35.0016 -2.28263 -0.00547081 -3.5 0 -0.748591 0.548402 -0.372649
16.0527 40.6924 32.6517 -0.351192 -0.0328662 -3.5 0 -0.649062 0.215949 -0.729441
77.9688 48.1183 23.0672 -0.654817 0 3.8 0 -0.023953 0.192935 -0.980919
26.3979 37.825 18.8599 -0.0233989 0 4.2 0 0.448369 0.00439511 -0.893838
36.8434 16.8836 47.7919 0.596975 0 -4.5 0 -0.971555 0.236705 -0.00722854
32.289 29.645 58.8708 -0.731573 -0.819474 -3.5 0 0.147194 -0.79678 0.586068
73.6082 40.8735 16.0226 0.0629617 0 -3.5 0 -0.473671 0.601422 -0.643371
56.2733 29.7778 43.4538 -0.959402 0 -3.5 0 0.509261 -0.447339 0.735215
51.8004 62.2001 35.8641 0.384016 0 3.8 0 -0.999903 -0.0138975 0.00104968
77.7325 56.635 27.524 -0.510775 0 -3.5 0 0.98435 0.0214423 0.174913
50.804 38.918 44.954 3.75639 0 1.8 0 -0.363013 0.39354 0.844599
36.0439 32.4454 21.6346 -0.185685 0 -3.5 0 -0.964308 0.217316 0.151275
27.3675 48.9095 24.0265 -0.24546 0 -4.00171 0 -0.567276 -0.745002 0.350955
76.4585 40.134 25.129 -0.101046 0 1.8 0 -0.388485 -0.664585 -0.638284
50.2459 47.6783 37.0919 2.93264 0 2.8 0 0.776857 -0.0320885 0.628859
47.2031 42.1384 46.7649 5.51488 -0.447804 -0.7 0 -0.575803 -0.473592 -0.666454
27.5007 33.9268 21.1814 -0.0935823 0 4.2 0 0.871349 -0.48094 0.0971989
37.2797 24.3979 38.4899 -0.460007 -0.0841014 -0.8 0 -0.32072 -0.822116 -0.470387
33.0692 43.8136 22.9828 -0.257726 0 3.8 0 0.64154 -0.610855 0.463986
15.4262 37.0197 51.4465 0.369877 0 -4.5 0 -0.383241 0.567447 0.728787
39.1072 47.7979 57.0369 0.506193 0 4.2 0 0.231768 0.932898 0.275655
35.6448 37.9366 25.4887 -0.796222 -0.0177984 -3.5 0 -0.937588 0.252753 -0.238839
48.69 40.0345 47.033 4.55888 0 -0.620797 0 0.335966 -0.46015 -0.82182
39.6205 21.602 32.779 0.0569207 0.0661278 -0.7 0 -0.592239 -0.597849 -0.540212
40.6366 17.5736 36.1261 -0.137465 0 -0.861135 0 -0.373548 -0.889709 -0.262451
28.4851 45.5918 53.8835 1.25222 0 -2.58563 0 0.0609525 -0.0149072 0.998029
67.2573 36.378 38.0697 0.858052 0 -4.5 0 -0.0829058 -0.521046 -0.849493
47.9844 36.6909 27.5438 -0.266515 -0.81751 -1.3 0 0.224208 -0.875512 -0.42803
47.7318 56.1318 34.4197 1.22598 0 -4.5 0 -0.717593 -0.0802654 -0.691822
20.3454 46.021 28.4457 0.431525 0 -4.5 0 -0.293804 -0.142537 -0.945179
44.9306 38.5798 46.1736 6.17805 0 -0.4 0 0.112442 0.898551 -0.424221
37.8719 21.7887 39.8893 -0.160462 0 4.5 0 -0.779291 -0.418516 -0.466423
28.968 26.9794 39.8467 -0.115652 0 -1.6 0 -0.82927 0.0568632 -0.555948
38.693 49.0423 19.1044 0.433161 0 1.8 0 0.973691 0.22542 0.0333497
52.56 60.446 29.256 0.198501 -0.196971 3.8 0 -0.74975 0.424557 0.50757
58.3535 31.145 32.92 0.61089 0.121727 -2.91365 0 0.707089 0.581739 -0.402
25.9489 59.8768 35.1897 0.366232 0 -3.9 0 -0.12103 0.98806 -0.0953331
36.1469 49.4181 53.728 0.724193 -0.332036 1.00344 0 0.361472 0.670185 0.648221
54.9404 29.868 45.6766 -0.039807 0 -0.958443 0 0.897178 -0.24848 0.365144
49.7959 38.4206 44.2732 3.60308 0 4.2 0 -0.550038 0.506398 0.664093
75.3126 45.787 17.9695 -0.179776 0 1.8 0 0.763984 0.645165 0.00945944
29.5038 20.3252 42.5607 0.164737 0 -4.5 0 0.491237 -0.787456 -0.372288
41.0865 36.4718 16.5563 0.373922 0 -3.9 0 0.99912 0.0417199 -0.00432467
64.4073 62.6042 33.4374 -1.47019 0 -3.5 0 0.867677 0.0899628 0.48892
28.5114 18.9677 47.7496 0.314563 0 -3.5 0 0.343588 -0.925028 0.16208
16.299 37.458 36.2453 -0.0477805 0 -3.5 0 -0.243063 -0.915844 0.31961
36.2762 47.3153 47.4412 5.66484 0 -0.949354 0 0.646462 0.177393 -0.742037
36.1106 21.9711 29.8822 0.551533 0 -4.5 0 -0.0579141 -0.977288 0.203849
21.9847 33.3353 19.6061 1.05367 0 -4.5 0 0.0106753 0.386175 -0.922364
52.8885 33.7967 48.8445 0.939977 -0.017895 -4.31737 0 0.75989 0.60563 -0.236176
19.4702 45.3401 49.7989 -1.05705 0 -3.5 0 -0.447631 0.365428 -0.816142
53.8566 42.3392 55.7989 -0.489462 0 -3.5 0 0.0841855 -0.866834 0.491438
43.2457 40.8516 18.9792 0.616094 0 -3.9 0 0.805385 -0.567545 -0.171019
55.4839 53.3232 35.0441 2.25028 0 3.8 0 -0.141642 -0.981385 0.129699
37.2498 52.9799 24.6006 0.710891 0 -4.5 0 -0.115291 0.846557 -0.519663
56.6899 49.348 39.941 2.88389 0 2.8111 0 -0.81232 0.478202 0.333855
17.5631 44.677 49.5401 0.21116 0 -4.5 0 0.0448101 0.949534 -0.310447
49.9109 51.7375 40.2169 3.64234 0 -3.2 0 0.31287 -0.765625 0.562077
56.0185 52.8513 59.3996 0.0112299 0 1.8 0 0.713931 -0.0782293 0.695832
46.8705 61.9327 38.8363 0.755873 0.0449431 -4.5 0 0.029193 0.982896 -0.181834
49.2426 39.0887 24.9608 0.473925 0 -3.9 0 -0.330967 -0.34358 -0.878871
50.7808 40.7074 23.634 0.572249 0 -3.9 0 -0.339584 -0.387955 -0.856839
62.5135 40.139 25.721 1.21941 0 -4.5 0 0.573156 -0.42709 0.699347
19.3125 37.3138 17.658 0.328668 0 -4.5 0 -0.211691 -0.976541 0.0394281
23.7475 21.239 45.1073 0.450041 0.0425844 -4.5 0 -0.732952 0.651459 0.195916
64.9427 51.2933 43.0788 -0.363986 0 -0.7 0 0.684726 0.0453732 0.727386
53.7575 28.5116 24.6215 0.563261 0 -3.5 0 -0.794449 0.0682404 -0.603485
57.4211 51.8755 33.0569 2.04253 0 3.8 0 -0.642376 -0.743489 0.185948
52.7788 29.8935 50.6514 0.0445108 0.0808425 -3.5 0 0.526927 0.603688 0.598255
59.85 60.793 44.0309 -0.215226 0 -4.5 0 -0.485084 0.240195 0.840833
50.3391 57.1654 51.8313 0.298734 0 2.8 0 0.785655 0.556854 -0.269556
24.9767 56.7651 41.5714 0.237559 0 -1.87905 0 -0.5774 0.584113 -0.570457
71.963 40.2655 17.2015 -0.120059 0 -3.5 0 -0.797946 -0.267015 -0.540356
49.8523 53.7608 25.0105 0.192388 0 3.8 0 -0.704118 0.636193 0.3154
18.1889 36.0048 53.647 0.58532 0 -3.9 0 -0.761698 0.289805 0.579508
66.8909 42.7171 44.5811 -0.433995 0 -3.5 0 0.0772671 0.2126 0.97408
30.8842 39.5518 26.5073 -0.673663 0 2.89544 0 0.00199426 -0.550572 -0.834785
44.9108 43.908 21.1117 -0.107568 0 -3.5 0 0.847568 0.200924 -0.49118
80.3471 51.1782 24.8679 -0.779386 0 -3.5 0 0.734591 -0.355295 -0.57805
17.355 45.2395 44.311 0.230813 0 -0.73903 0 -0.271983 0.596757 0.754922
54.5441 26.5508 25.0952 0.0607277 0 -3.5 0 -0.0887625 -0.981914 -0.167233
69.6996 57.7611 19.5349 -0.137266 0 -4.5 0 0.180877 0.980992 -0.0702749
76.1716 55.6666 24.9305 -0.576815 0 -3.5 0 0.506891 0.357132 -0.78455
64.3111 58.2518 20.2106 -0.034881 0 4.2 0 0.529186 0.0300713 -0.847973
44.5788 63.4899 44.4779 0.70625 0 -4.5 0 -0.205141 0.934211 -0.291833
58.2839 35.2379 24.373 1.5347 0 -4.5 0 0.255068 0.842313 -0.474815
42.6495 54.0764 28.3514 -0.624184 -0.0171147 -3.5 0 0.368441 0.405935 -0.836342
74.9675 41.7715 16.0688 -0.152301 0 -3.5 0 -0.0464726 0.343903 -0.937854
39.3933 38.2365 12.7707 2.05106 0 -3.9 0 0.440274 0.599056 -0.668798
47.5249 62.3829 37.576 0.836295 0 -4.5 0 -0.0480384 0.924735 0.377569
50.5358 51.2524 22.4576 0.209377 0 3.8 0 -0.0798103 -0.270004 -0.959546
26.5596 21.1548 41.3676 0.457182 0 -4.5 0 -0.486544 -0.047962 -0.872339
16.5677 37.2437 31.1402 0.20661 0 -3.5 0 -0.99267 -0.0779646 -0.092344
23.5322 33.4804 29.031 0.415506 0 -4.5 0 0.415193 -0.847699 0.330184
35.4875 48.5658 45.9342 5.81956 -0.40714 -0.8 0 0.879391 -0.0105582 -0.475984
27.7249 53.1127 23.8298 -1.07293 0 -3.5 0 -0.825417 0.562505 -0.0477038
50.7873 52.8913 43.7435 4.39254 0 -1.6 0 -0.10948 -0.97312 -0.202614
29.6489 19.0404 46.2183 -0.440795 -0.6687 -3.5 0 0.300488 -0.949857 0.0864739
56.4457 24.4092 43.7379 -0.119451 0 3.8 0 0.933354 0.348933 -0.0842416
58.3438 38.4337 28.7577 1.32742 0 1.8 0 -0.23285 0.0899673 0.968342
24.4074 39.8204 54.484 -0.225565 0 -0.4 0 0.372438 0.174748 0.911457
51.3464 16.8263 45.8967 0.128468 0 -3.5 0 -0.129223 -0.69034 0.711851
60.3506 41.5334 47.5303 0.215765 0 -0.9 0 0.684296 0.288655 0.66964
30.2044 53.0474 45.799 1.52731 0 -0.7 0 0.197153 0.829011 -0.523327
34.3044 25.9074 39.7749 0.369632 0 -1.6 0 -0.180847 -0.911991 0.368193
27.7222 34.7619 23.0539 -1.11795 0 4.2 0 0.726946 -0.611823 0.311802
54.6795 37.096 49.3126 4.18905 0.692175 -3.9 0 -0.281921 -0.200636 -0.938225
27.8316 29.7282 36.5026 -0.561991 0 -3.5 0 0.00669694 -0.893053 -0.449902
83.7865 46.3489 33.715 -0.391423 0 -3.5 0 0.626693 -0.213464 0.749459
48.1544 17.9316 48.8671 0.168737 0 -4.5 0 0.728631 -0.0582386 0.682426
61.4523 66.8195 26.9775 0.076122 -0.199824 1.198 0 -0.492207 0.857613 -0.149104
49.8956 46.9258 39.9606 3.15794 0 -0.7 0 0.357716 0.62648 -0.692504
39.653 34.3946 16.9606 0.108764 0 -3.9 0 0.140765 -0.919585 -0.36681
64.6641 47.2246 45.0226 -0.0185079 0 -1.6 0 0.561588 -0.235426 0.793217
69.1138 65.1931 27.4166 0.175875 0 -3.5 0 0.509903 0.806639 -0.298884
23.5508 34.0746 31.0237 0.111087 0 -4.5 0 0.254499 -0.920707 -0.295852
60.5368 45.9295 24.0123 0.304526 0 4.5 0 -0.54788 -0.830126 -0.103529
17.9383 28.3254 46.6423 0.0612543 0 -3.5 0 -0.181838 -0.849059 0.496018
37.4176 63.6566 41.6083 -0.446296 0 -3.5 0 0.607091 0.233439 0.75957
13.7118 41.8418 47.5834 0.563809 0 -4.5 0 -0.535373 -0.836125 -0.119457
18.0432 43.1458 51.93 0.448258 0 -3.5 0 -0.502856 0.288852 0.814678
44.839 22.3231 33.0267 -0.537096 -0.0473388 1.35459 0 -0.126051 -0.964214 -0.233244
31.8605 58.934 31.181 0.136044 0 -1.6 0 -0.0286069 0.454738 -0.890166
37.2412 27.6998 25.6326 0.390739 0 -3.9 0 -0.424736 0.131504 -0.895716
44.767 51.1105 42.8875 4.04712 0 -1.3 0 0.346305 -0.926878 -0.144808
54.1029 40.5387 24.3827 1.6512 0 -3.9 0 0.562519 -0.82485 0.0565276
42.5566 39.2634 19.8017 0.201795 0 3.44316 0 0.658849 -0.381428 -0.648406
15.3007 29.5478 45.1936 -0.296359 0 -3.5 0 -0.825487 -0.492654 -0.275433
28.3827 54.6451 26.4386 -0.527709 0 -0.8 0 -0.867805 0.249577 -0.429682
60.7481 41.8899 22.1858 1.29901 0 -4.5 0 -0.556124 0.623101 -0.549974
53.2643 45.0158 32.7425 2.61505 0 1.9 0 0.160807 0.939671 0.301926
36.9343 14.006 46.4956 0.769393 0 -4.5 0 -0.682059 -0.729703 0.0482592
66.091 39.927 31.7845 -0.111534 0 -3.5 0 0.485511 0.073128 -0.871167
40.5969 64.1998 46.0131 0.735469 0 -1.6 0 -0.0623244 0.702466 -0.708983
22.4909 48.8315 29.546 0.422681 0 4.2 0 -0.589819 0.654836 -0.47255
39.7257 35.0516 14.4011 0.760849 0 -3.9 0 0.300186 -0.892531 -0.336566
51.1474 59.5369 32.9833 0.726336 0 -4.5 0 0.463633 0.882947 0.0738173
47.8424 59.7927 47.1794 1.00591 0 -1.6 0 0.631627 -0.272429 -0.725831
71.8751 59.4286 22.346 -0.201587 0 1.8 0 0.169045 0.00523966 -0.985594
28.298 53.3619 48.0846 0.925653 0 -0.7 0 -0.482894 0.835531 0.262109
40.6956 20.1915 51.4058 0.589262 0 -3.5 0 -0.379964 0.31021 0.871434
18.9805 27.6523 45.8722 0.100359 0 -3.52853 0 -0.270618 -0.779886 0.564396
24.5208 33.0877 25.19 -1.6106 -0.682623 -4.5 0 0.385952 -0.872253 0.300359
35.454 57.798 31.9075 0.952839 0 -3.2 0 0.176513 0.932174 -0.31606
32.2193 56.4232 25.7563 0.413746 0.670926 -0.795435 0 0.215017 0.960424 -0.177067
41.374 49.351 55.976 0.952545 0 -4.5 0 -0.639877 -0.0266791 0.768014
40.3271 56.4076 29.309 0.593175 0 -3.42109 0 0.452114 0.801183 -0.392045
63.4504 63.7935 37.6479 4.03861 0 -0.8 0 0.714965 0.050668 0.697321
51.3872 49.8331 47.297 3.46669 0 2.66112 0 -0.163194 0.275077 -0.94747
42.0287 62.0643 49.3069 0.0899455 0 -1.6 0 0.326782 0.123725 0.936966
65.3352 64.5171 30.1211 -1.04527 -0.103432 -3.5 0 0.33236 0.721489 0.607446
30.28 53.7429 43.5617 0.175753 -0.708864 -3.9 0 0.1283 0.278398 0.951858
47.7944 32.6626 28.0073 0.585806 0 -4.5 0 0.707215 0.697161 -0.117534
74.4889 53.7112 31.4767 -0.125266 0 1.8 0 0.0137582 0.708309 0.705768
72.7405 56.9905 29.196 -0.701931 0 1.9 0 0.481625 -0.00296154 0.876372
26.8016 25.5719 51.468 -0.543796 -0.782451 3.8 0 -0.715155 -0.0517092 0.69705
57.197 64.8453 23.7957 0.319093 0.320886 1.8 0 -0.328738 0.94149 0.0743538
15.3849 42.7922 39.4963 0.225992 0 -3.9 0 -0.976827 -0.15376 0.148887
69.4516 43.2048 42.5614 -0.214673 0 -3.2 0 0.743642 -0.128063 0.656198
21.7616 33.9507 57.2286 -1.16543 -0.629995 -3.5 0 -0.901284 0.111419 0.418655
64.5884 40.4861 27.1919 0.925415 0 -0.4 0 -0.585754 -0.808639 0.054736
60.7871 67.2159 26.0865 0.156313 0 1.8 0 0.148789 0.652581 0.742967
59.4925 26.5791 34.2212 0.467807 0 -4.5 0 0.371383 -0.748349 -0.549589
39.8545 49.0152 41.7133 6.97287 0.22829 -3.9 0 -0.188219 -0.616425 0.764587
41.3243 46.2686 26.8407 0.740283 0 4.2 0 0.0508248 0.689421 -0.722576
23.7782 57.5844 36.0568 0.726682 0 -3.9 0 -0.629306 0.0877697 0.772186
46.7318 17.1614 46.4048 0.290006 0 -0.679641 0 0.0237659 -0.998373 0.051834
58.3517 31.8105 29.9793 0.593721 0 2.8 0 0.85621 0.0858105 0.509452
23.9508 54.0145 38.2604 -1.43607 0 -1.89814 0 -0.611696 0.780662 -0.128043
49.862 27.7048 25.5392 0.020255 0.393683 -4.17779 0 -0.254932 -0.450226 -0.855749
33.0745 40.7481 20.2169 -0.562112 0 -3.5 0 -0.484302 -0.733786 0.476454
57.4567 50.2699 41.3152 2.9576 0 -2.4856 0 -0.994478 0.099988 -0.0318757
57.1892 49.6958 46.8312 0.460698 -0.0262531 -3.5 0 0.51174 0.552788 0.657684
74.7748 52.8663 23.4923 -1.09703 0 -3.5 0 0.206181 -0.644567 -0.736222
78.3552 43.5074 24.0766 -0.172648 0 3.8 0 0.63969 -0.606268 -0.472479
24.129 55.5522 33.1367 0.836654 0.296061 -3.9 0 0.231901 -0.7322 -0.640395
47.7697 59.5494 52.2154 0.148018 0 2.07083 0 0.049939 0.551732 0.832525
45.5621 41.8228 62.7984 0.476454 -0.205726 -0.724506 0 -0.703828 -0.0917865 0.704415
47.1746 16.5968 53.5773 -0.119432 0 -4.5 0 0.563422 0.678264 0.471713
38.1366 50.2007 42.5265 8.66819 0 -3.9 0 -0.209524 -0.516091 0.830512
35.3066 45.2386 40.82 5.47619 -0.747383 -1.41798 0 0.71423 0.194802 0.672256
17.9634 36.4193 36.576 0.460163 0 3.8 0 -0.829428 -0.537245 0.153027
75.0171 40.1184 22.3955 0.300734 0 1.14384 0 0.727155 -0.208001 0.654202
52.264 44.7049 36.2323 2.42684 0 3.8 0 0.426221 0.851673 -0.30494
38.0827 55.9642 37.023 0.989024 0 -3.33696 0 0.209852 0.960912 -0.180584
52.66 26.5198 25.55 -0.0548974 0 -3.5 0 -0.0843846 -0.502645 -0.860365
46.1815 58.4424 53.3264 0.0358359 0.261326 -4.5 0 0.292364 0.826477 0.481102
34.0369 28.3067 26.2069 0.0512245 0 -3.69956 0 -0.0980328 0.189486 -0.976977
22.9162 54.1131 33.6054 -1.1625 0 -3.5 0 -0.0901658 0.00617536 -0.995908
24.584 54.4038 34.3145 -0.0137638 0 -1.6 0 0.129368 -0.105875 -0.985928
20.0404 42.9203 28.1647 -0.0682647 0 3.8 0 -0.891387 0.414939 -0.182358
55.2066 62.954 39.1091 0.0450895 0 3.8 0 -0.358197 -0.258509 0.897144
23.1929 19.1064 43.7449 -0.138603 0 -4.5 0 -0.693609 -0.215728 -0.68729
74.3165 46.4813 20.5729 -0.755677 0 1.8 0 0.869559 0.486595 -0.0842124
53.8793 60.502 44.4655 -0.363368 0 -3.5 0 0.519562 0.813742 0.260536
54.8702 34.6933 51.0665 2.51442 0.423149 -4.37355 0 0.628408 -0.759155 -0.169667
19.4562 34.7567 55.0708 0.299825 0 -3.9 0 -0.270769 0.254352 0.928434
29.314 54.8757 44.1861 0.772035 -0.428587 -3.9 0 0.864309 -0.279617 0.418073
32.8379 26.8665 25.7021 0.534487 0.0747601 -4.5 0 -0.560047 0.0822461 -0.824368
29.8337 48.286 19.6756 0.927278 0 -4.5 0 -0.263892 -0.307328 -0.914281
58.3701 44.6144 51.2464 -0.995143 -0.112873 -1.6 0 0.85956 -0.296435 -0.416273
42.3896 46.5513 47.0777 5.37092 0 -1.17268 0 0.094764 -0.20858 -0.973403
68.5875 36.96 37.869 0.0920976 0 -4.5 0 0.577938 0.0550493 -0.814222
61.673 45.8478 25.2538 0.221281 0 1.8 0 -0.570423 -0.745164 -0.345468
28.1738 56.5488 29.6173 0.168387 0 -0.8 0 -0.446648 0.468996 0.761937
37.3035 61.7702 42.9739 0.0916156 -0.0069191 -2.67407 0 0.443112 0.807877 0.388571
57.693 38.553 52.323 0.433407 0 -3.5 0 0.583327 -0.2912 0.758242
30.9133 61.1259 33.7189 0.469475 0 -1.6 0 -0.121724 0.986306 -0.111283
32.3329 34.8954 59.4086 0.643833 0 -0.71348 0 0.85053 -0.215471 0.479761
56.3683 59.6775 20.4918 -0.0289978 0 1.8 0 -0.0675081 0.05321 -0.996299
52.2734 39.8999 45.0942 3.36571 0 1.8 0 -0.128432 0.0338488 0.991141
57.3119 61.029 40.2717 -0.267226 0 3.8 0 -0.749323 0.405171 0.523785
38.2428 45.8942 17.6674 0.23379 -0.472293 -0.587508 0 0.182898 -0.254743 -0.949555
13.7101 43.7738 44.8659 0.803336 0 -4.5 0 -0.690423 0.0869439 -0.718162
41.2393 56.1691 38.024 1.41016 0.301706 -3.5 0 0.541056 0.641469 -0.543852
36.0177 30.2532 55.4909 -0.2779 -0.5564 -3.5 0 0.754476 0.112144 0.646676
60.0996 42.1061 23.5248 0.745285 0 -4.5 0 -0.592811 0.725974 -0.348621
55.0412 34.2435 23.55 0.588698 0 -4.5 0 -0.40462 0.619975 -0.672245
84.3789 45.0646 29.741 0.487021 0 -0.4 0 0.867543 -0.426657 -0.255604
53.1539 23.7076 27.9825 -0.122895 0 -0.8 0 0.718372 -0.162082 -0.676513
71.766 44.4439 30.7952 -0.3275 0 3.5636 0 -0.250934 0.141592 0.957593
54.315 52.285 37.4755 2.45423 0 2.86244 0 0.12849 -0.917286 -0.37693
56.656 18.4009 36.806 0.26375 0 -3.9 0 0.951808 -0.127479 0.278945
34.6963 21.6247 49.1773 0.180465 0 -1.3 0 -0.519017 -0.853827 0.0400081
52.1847 41.9138 22.4606 1.03647 0 -3.9 0 -0.392178 -0.224173 -0.892156
47.9095 20.9667 48.231 0.686505 0 -4.5 0 0.638576 0.223975 0.736244
21.0886 31.7332 25.2945 0.194371 0 -4.5 0 0.463865 -0.878745 0.112408
57.5747 17.2829 41.8352 -0.111446 0 -3.5 0 0.879703 -0.290338 -0.376598
53.8301 30.864 24.6298 0.677762 0 -4.5 0 -0.973528 0.0430565 -0.224477
45.7251 39.302 60.5159 0.585504 0 -1.6 0 -0.318526 -0.889079 0.328755
47.6087 47.9134 24.5041 -0.972039 -0.789914 -0.8 0 -0.686655 -0.334793 -0.645305
65.1354 59.0255 34.4893 0.0335167 0 -3.5 0 0.788799 0.594279 -0.156935
54.4909 37.9006 27.1827 0.644238 0 1.8 0 -0.311324 -0.118426 -0.942896
51.379 48.0205 44.0667 2.98197 0 -0.7 0 0.062877 0.957115 0.282804
35.4925 50.3678 18.3364 0.312966 0 1.8 0 -0.519597 0.58943 -0.61854
16.108 38.532 47.3642 0.997998 0 -4.5 0 -0.886483 0.434555 0.15909
32.5151 55.6014 22.9443 0.00560005 0 -3.2 0 0.487494 0.808136 -0.330553
57.2863 45.8467 50.1495 0.708657 -0.0918252 -1.6 0 0.759938 -0.338859 -0.55468
48.9953 31.966 28.5467 -0.361091 -0.703053 -3.5 0 0.361513 0.820959 -0.441966
56.4611 59.4618 42.8978 0.134893 0 1.33036 0 0.102397 0.8644 0.492268
45.0488 44.3635 19.203 1.88652 0.558749 -3.9 0 0.906003 0.206314 0.369586
46.7464 50.3797 60.543 -0.0830737 -0.123796 -4.5 0 -0.222823 -0.589569 0.776375
71.5446 60.1603 31.0196 -0.79472 0 1.9 0 0.64359 0.0140554 0.765241
73.5262 39.4478 23.8573 -0.428112 0 -3.5 0 0.798134 -0.22938 0.557105
41.4645 57.2664 39.7033 0.982103 0 -4.17665 0 0.557963 0.226712 -0.798297
71.7655 60.3641 26.2808 0.273929 0 1.8 0 0.455963 0.700942 0.548432
39.2512 19.4897 38.3086 -1.40726 -0.249317 -0.7 0 -0.913366 -0.251643 0.320059
52.992 17.3397 33.3472 2.2931 0.0306183 -2.85821 0 -0.356431 -0.904791 -0.233044
55.3246 35.6142 25.7393 1.14381 0.215405 -3.61804 0 -0.965668 0.257606 -0.0335198
23.5534 59.3497 45.795 -0.174575 0 -0.7 0 -0.444485 0.279666 0.851011
51.2733 51.6428 39.0128 3.1005 0 0.743353 0 0.265422 -0.810101 0.522769
29.3871 40.7142 20.7356 0.0850527 0 -3.2 0 0.61547 -0.773175 -0.152962
67.7526 37.6499 35.1159 -1.78056 -0.43646 -3.5 0 0.519656 -0.775466 0.358623
60.0575 67.2227 22.0886 0.0753133 0 1.8 0 -0.23503 0.417453 -0.877778
48.4104 56.8498 31.2705 1.00486 0 -4.5 0 -0.969032 -0.154493 0.192636
40.8084 44.7703 41.9155 3.95385 -0.0249238 1.8 0 -0.192031 0.205409 0.959652
53.986 40.664 53.726 -0.257098 0 -3.5 0 0.56924 -0.285258 0.771099
44.3543 38.8408 22.5036 0.129621 0 3.8 0 0.848125 0.528882 -0.0311136
59.1251 48.7366 52.584 0.0580184 0 -1.6 0 0.979838 0.134568 0.147678
15.5865 41.8051 40.1707 0.209914 0 -3.9 0 -0.961669 0.0479031 0.269997
32.4074 52.4389 51.3083 1.15712 0 -0.7 0 0.238928 0.13094 0.962169
54.0168 47.9852 62.1749 0.0310856 0 -4.33127 0 0.580403 0.727802 0.365288
56.5978 42.0686 30.0284 1.39146 0 -1.0849 0 -0.368204 -0.928837 0.0410834
57.7042 38.8273 47.4984 0.68774 0 -0.9 0 0.355514 -0.93351 -0.0465614
31.0922 55.6935 21.7867 -0.27508 0 -3.2 0 0.300021 0.649312 -0.698843
38.0305 41.842 58.237 -0.144688 0 -1.44326 0 -0.459922 -0.330749 0.824061
54.5091 49.5924 45.8766 3.34602 0 -4.28658 0 -0.719185 -0.474251 -0.507798
54.1092 36.5633 47.0308 1.22904 0 -0.8 0 0.467684 -0.0225716 0.883607
46.8284 62.3831 47.3935 0.402694 0 -3.92127 0 0.81603 0.463644 -0.345151
81.2188 53.1189 33.1046 0.215264 0 -4.5 0 0.910422 0.366301 0.192239
30.8718 57.3409 28.0066 0.746883 0 2.6464 0 -0.00196334 0.919928 -0.392083
54.2323 37.0857 54.6693 0.527431 0 -3.9 0 0.14393 -0.193947 0.970396
30.6495 53.7085 53.3497 0.623278 0 1.8 0 0.735754 0.061327 0.674467
40.6806 60.6624 43.7818 0.0457185 -0.0785601 -4.03891 0 -0.134822 0.835603 -0.532532
32.7324 42.3711 53.1654 1.00531 0.374748 -0.341647 0 -0.312687 0.0508189 0.948496
48.9173 31.5748 24.1205 0.275974 0 -4.5 0 0.828414 0.557113 -0.0579312
50.0847 51.8922 60.7709 0.676439 0.0291015 -3.7863 0 0.339329 0.683403 0.646387
33.5406 53.9109 21.3261 0.413893 0 -3.2 0 0.477404 0.224471 -0.849528
54.7988 29.043 47.057 0.354634 0 -3.5 0 0.91641 0.322871 0.236533
44.9002 31.0541 21.7004 -0.315899 -0.374208 -3.68647 0 0.9047 -0.378005 -0.196547
24.6588 49.2205 52.6493 0.0253089 -0.989456 -0.8 0 -0.832384 0.528565 0.166602
70.6089 57.0095 30.8656 -0.404106 0 1.9 0 0.729005 0.0406054 0.683303
38.9266 18.3514 42.2506 -0.0220356 -0.0516249 -2.85378 0 -0.579193 -0.224872 -0.783561
56.7093 37.4206 49.8479 1.93157 -0.239118 -3.77382 0 0.405932 -0.610433 -0.68014
68.4404 47.4958 34.2796 -0.356289 0 2.8 0 0.926182 0.263407 -0.269821
74.0072 47.4076 19.5126 -0.350023 0 1.8 0 0.836501 0.489998 -0.245293
56.3906 50.2077 38.2918 2.55006 0 3.8 0 -0.855595 -0.348389 -0.38286
59.4022 45.6825 25.2202 0.251466 0 4.43705 0 -0.22964 -0.710689 -0.664971
37.7735 49.3547 41.1769 8.19109 0.048757 -1.65974 0 0.201985 -0.830024 0.519868
50.3375 53.512 59.755 0.162233 -0.433359 1.8 0 -0.123211 0.575831 0.808231
78.4825 54.826 31.7062 0.185764 0 -4.5 0 -0.275344 0.931416 -0.238014
59.0747 65.1383 29.1597 0.525555 0 3.8 0 -0.0333629 0.762304 -0.646359
85.5498 49.7531 28.4341 -0.466803 0 -3.5 0 0.999068 0.0188588 0.0388284
54.7391 57.3426 22.3334 0.846486 0 1.8 0 -0.63806 -0.492409 -0.591957
67.6139 49.2259 37.26 -0.210402 0 -1.21039 0 0.954349 0.129726 0.269053
68.9088 48.8505 33.0195 -0.351953 0 3.71492 0 0.762608 -0.484427 0.428673
15.3657 32.687 48.9915 -0.140152 -0.435364 -3.73311 0 -0.855252 -0.441479 0.271368
60.855 42.982 24.3267 0.497523 0 -4.5 0 -0.532036 0.842823 -0.0811592
80.1961 47.6845 24.3266 -0.475712 0 3.8 0 0.664228 0.398035 -0.632748
65.5167 47.5975 19.4188 0.159541 0 2.00565 0 -0.41115 -0.423142 -0.807407
32.9963 43.58 24.6852 -0.429643 0 3.8 0 0.815363 -0.456697 -0.355825
30.9387 30.1284 28.8715 -0.658282 0 -0.4 0 -0.883231 0.366324 -0.292761
24.4182 22.972 50.0894 2.22966 0 -3.9 0 -0.596483 -0.580852 0.553912
52.7855 60.9621 36.5444 0.432906 0 3.8 0 -0.945312 -0.324825 -0.0295695
63.0991 55.2806 43.6726 -0.014007 0 -0.4 0 0.963413 0.229007 0.139252
42.9582 16.6992 53.3102 0.574547 0 -4.5 0 -0.4058 0.289055 0.867049
64.289 40.2673 42.6851 0.0631749 0 0.511307 0 -0.155596 -0.844605 0.512281
22.6546 25.2501 44.7092 0.22271 0 -3.9 0 -0.236565 -0.696021 -0.677932
32.9103 38.7906 18.1019 -0.322607 -0.0310615 1.06102 0 -0.791597 -0.534889 0.295413
37.4093 56.9464 38.2509 1.2482 0 -1.35076 0 0.447469 0.67369 -0.588143
57.267 21.543 40.879 -0.157796 0 1.8 0 0.914179 -0.0986793 0.393115
20.7634 32.9346 32.6901 -0.468324 -0.629677 -3.5 0 -0.00566178 -0.937069 -0.3491
20.5333 27.2181 46.1862 1.05453 0 -3.9 0 -0.65407 -0.555591 0.513333
19.1222 31.1793 55.2067 2.74057 0.36027 -3.9 0 -0.0653057 -0.489598 0.869499
38.4388 64.3059 48.931 0.456207 0 -1.6 0 -0.616118 0.779481 0.113177
53.9156 63.9846 34.3159 0.164811 0 3.8 0 -0.0708228 0.582503 -0.809738
59.8168 35.7111 40.1849 0.199969 0 -3.9 0 0.520343 0.697676 0.492433
35.2855 50.4972 53.8097 -0.431247 -0.78428 -1.6 0 0.147697 0.564551 0.812076
58.6923 44.347 55.7333 -0.170704 0 -3.5 0 0.802261 -0.579904 0.141732
49.0214 58.3595 50.1362 0.239778 0 2.3977 0 0.945957 0.0839593 -0.313236
27.8923 18.7524 43.109 1.0483 0.0921542 -4.5 0 0.467779 -0.782594 -0.410767
42.6999 14.0759 49.1117 0.334746 0 -4.5 0 0.330932 -0.458731 -0.824651
52.7155 48.8507 21.857 -1.46994 -0.468496 3.8 0 0.227613 0.0142374 -0.973648
47.7826 15.8173 43.1945 -0.328618 0 -1.29389 0 -0.172214 -0.852711 0.49318
63.249 65.2818 35.1057 -0.695475 -0.195639 -0.8 0 0.42038 0.882345 -0.211538
23.1604 32.3761 19.8744 0.761747 0 4.2 0 0.366497 -0.551815 -0.74912
82.6018 52.8882 30.362 -0.656338 -0.00187205 -3.5 0 0.395611 0.735098 0.550566
52.3237 48.056 41.5433 3.23444 0 -0.7 0 0.00522052 0.925445 -0.378846
57.1328 42.4355 53.8843 0.00230153 0 -3.5 0 0.519946 -0.849715 0.0874138
44.1764 41.8486 18.4964 1.35391 0 -3.9 0 0.785418 -0.61535 0.0668032
38.7026 50.017 24.0667 0.319817 -0.0212027 -4.5 0 0.83622 -0.143636 -0.529249
35.2522 31.6513 57.0465 1.11354 -0.477138 -3.58129 0 0.868765 -0.156496 0.469847
22.5206 32.6596 24.8209 0.365033 0 -4.5 0 0.428552 -0.819707 0.380031
51.3941 54.5332 50.5598 0.707681 0.0687612 1.49114 0 0.606717 0.729401 -0.316021
57.3278 65.1853 22.4829 0.150357 0 -3.5 0 -0.386532 0.90479 -0.17874
49.7598 42.3849 58.5046 0.0943061 0 3.8 0 0.470597 -0.832555 0.292216
69.8894 39.0318 20.9082 -0.0773979 -0.0325699 -1.88213 0 -0.425476 -0.553661 -0.715842
55.0967 38.4137 53.9891 0.771193 0 -3.9 0 0.42508 0.370243 0.82597
64.1823 40.8139 31.521 -0.54901 0 -0.423809 0 0.516707 -0.168645 -0.839389
60.9508 36.8416 29.2042 1.2235 0 -0.4 0 0.614331 -0.702627 0.359043
42.8923 26.9591 55.6044 -0.681338 -0.223784 -3.5 0 0.853933 -0.518371 0.0457131
49.0484 61.5088 35.7378 0.206471 0 -4.5 0 0.92409 0.378433 0.0533406
73.9085 39.6395 28.47 -0.194156 -0.0897809 1.8 0 0.123589 -0.873175 0.471477
25.904 54.084 47.2955 0.584892 0.0478075 -3.9 0 -0.139211 0.748661 0.648172
61.5913 40.0912 28.0656 2.48548 0 -4.5 0 0.929407 -0.191784 -0.315312
39.5731 56.1308 52.8204 1.54689 0 -4.5 0 -0.929787 0.259611 0.260957
42.7593 61.162 42.4679 0.9508 0.798128 -4.5 0 -0.553343 0.771181 -0.314788
51.336 45.8565 33.4033 2.31732 0 1.9 0 0.706035 0.425013 0.566462
59.3015 47.341 34.9844 2.08835 0 3.4207 0 -0.944014 0.329095 -0.0231073
62.9703 66.2307 27.6578 -0.0151994 -0.832358 -1.34435 0 0.550945 0.600076 -0.579972
49.853 49.1503 46.5627 3.71413 0 4.2 0 0.322588 0.602769 -0.729799
59.1074 49.1152 33.4964 2.08375 0 3.8 0 -0.917572 -0.0944806 0.386181
35.0591 44.9429 57.2347 0.491062 0 4.2 0 -0.657792 -0.343318 0.670404
52.116 31.001 51.331 -0.0796224 0 -4.5 0 0.382758 -0.720347 0.578443
27.2188 51.6357 19.5978 0.352738 0 -4.5 0 -0.283785 0.299314 -0.910976
70.2131 48.0881 39.9559 0.203051 0 -3.2 0 0.269435 0.941237 0.203659
26.7199 58.9388 46.969 0.0502596 0 -2.07681 0 -0.286541 0.302067 0.909203
63.7168 39.7645 29.0732 2.32176 0 -0.4 0 0.779188 -0.118204 -0.615544
65.2817 58.9765 41.3247 -0.278643 0 3.8 0 0.948496 -0.00193074 0.316783
60.1736 38.2323 29.708 3.26135 0 -0.4 0 -0.681659 -0.436356 0.58731
35.8602 26.7992 25.4548 0.567976 0.740646 -4.5 0 -0.00350196 0.139055 -0.990279
54.97 25.8295 47.46 -0.295801 -0.941231 -3.5 0 0.748729 -0.65468 -0.103917
35.4551 41.4397 22.7083 -0.333225 0 -3.5 0 -0.820614 0.145823 0.552565
54.6981 41.1084 45.0893 2.54549 0 -0.0378677 0 -0.378154 0.0137106 0.925641
53.3376 51.6514 35.3158 2.55 0 1.8 0 0.966387 -0.186828 0.176611
50.5591 60.5813 39.8562 -0.0801262 -0.974952 -0.8 0 -0.240573 0.933682 -0.265259
62.3394 41.2522 27.0936 2.34969 0.418501 -4.5 0 0.370574 -0.918544 0.137666
30.34 40.9317 16.3068 0.493549 0.0385945 -3.5 0 -0.877793 -0.1416 -0.457635
42.0759 16.6506 45.4028 0.488437 0 1.8 0 0.257156 -0.964728 -0.0563153
34.7823 34.8488 23.3956 -0.736342 0 -0.7 0 -0.82967 0.0144488 -0.558066
52.7165 40.0164 62.4115 0.0273803 0 -0.4 0 0.487871 -0.870109 -0.0699477
33.4138 52.5531 21.4356 0.476196 -0.441093 -3.2 0 0.0947178 0.25962 -0.961055
22.6261 25.6641 49.4335 1.3812 0 -3.9 0 -0.815631 0.0343787 0.57755
23.6203 53.7666 46.4487 0.303422 0.331248 -3.9 0 -0.482493 -0.0643537 0.873533
43.2805 34.439 21.2413 -0.0969317 0 -3.5 0 0.841631 0.0918735 -0.532181
47.513 45.198 45.7627 4.40686 -0.964736 -0.7 0 -0.498104 0.743074 -0.446915
40.5671 46.004 25.8123 0.789147 0 4.2 0 0.523576 0.849959 -0.0586445
53.3641 51.2006 36.904 2.56214 0 1.8 0 0.79647 -0.517227 0.313228
42.0621 18.2108 34.9492 -0.169827 0 -0.7 0 0.170985 -0.53223 -0.829153
41.7681 61.4873 44.5046 0.514895 0 -4.26139 0 -0.403799 0.539957 -0.738507
31.487 57.7958 45.0581 0.697089 0 -3.9 0 0.970787 0.151562 -0.186015
69.5546 46.8589 37.7598 -0.254806 0 -3.2 0 0.778271 0.468957 -0.417581
24.1029 59.4579 34.3139 1.07816 0 -3.9 0 -0.334775 0.942159 -0.0161754
40.5233 45.9511 47.6482 5.24482 0 -0.7 0 -0.34774 0.429152 -0.83361
28.759 46.9664 53.5893 1.11515 0 -4.5 0 0.0416275 0.447168 0.893481
48.7329 38.7909 47.0071 4.71649 0 -0.4 0 0.577471 0.462906 -0.672492
62.7402 44.619 20.342 0.298455 0 3.8 0 -0.454802 -0.23818 -0.858152
56.7085 64.41 33.197 0.559887 0 -4.5 0 -0.9091 0.020861 -0.416056
54.1712 26.6231 26.5505 0.0151022 0 -3.5 0 0.10518 -0.971717 -0.211431
54.5617 48.8337 44.2503 3.50277 0.0534402 -3.5 0 -0.893378 0.42474 0.146529
48.7653 52.1328 23.6885 0.155355 0 3.8 0 -0.929516 0.212399 -0.301475
15.0855 44.0396 38.8394 0.401296 0 -3.9 0 -0.987083 -0.158501 -0.0233447
19.0314 37.9508 24.1206 0.392146 0 -2.93615 0 -0.987999 -0.100102 -0.117632
34.9856 21.9106 29.8776 0.492933 0 -4.5 0 -0.328661 -0.897709 0.293428
54.857 48.0151 46.0646 3.22237 0.537581 -3.5 0 -0.91195 0.358682 -0.199234
54.0903 41.2713 28.9713 1.00182 0 3.8 0 0.735956 -0.674293 0.0608041
58.5896 44.564 25.8105 -1.50514 -0.399169 3.8 0 0.341998 0.0798443 -0.936303
35.3993 40.9582 24.0134 -0.360104 0 -3.5 0 -0.975408 0.170184 -0.14006
54.6137 59.6092 40.3384 -0.00409934 0 2.86995 0 0.0933423 0.942724 0.320246
33.8621 21.5453 50.9602 0.283755 0 -0.798314 0 -0.299619 -0.951868 -0.064625
51.3296 58.3019 37.6717 0.733405 0 -0.8 0 0.0125487 0.673926 -0.738692
28.1108 60.8177 46.952 0.320606 0 -3.36335 0 -0.205607 0.751091 0.627366
56.8236 65.1979 26.4531 -0.0923514 0 3.8 0 0.0944542 0.990126 -0.103581
20.7432 41.1392 25.3067 0.421141 0.0143265 1.99817 0 -0.128934 0.563349 -0.816097
22.1018 26.3143 43.8699 0.194894 0 -3.9 0 0.0520723 -0.782795 -0.620097
51.2093 34.7479 53.2701 0.32418 0 -4.14377 0 -0.26044 0.0840928 0.961821
48.8733 61.6758 49.3323 0.315372 0 -1.6 0 0.846475 0.446644 -0.289808
80.7853 53.509 30.5005 -0.266544 0 -4.5 0 0.365158 0.859362 -0.357991
33.9645 51.09 52.534 -0.151036 -0.0419178 -1.6 0 -0.509097 0.665574 0.54574
52.116 45.289 62.725 -0.192605 0 -4.5 0 -0.444385 0.0459284 0.894658
51.0067 58.5228 27.0417 -1.01381 -0.513006 -0.4 0 -0.788001 0.504031 -0.353565
15.6912 40.0116 51.3287 0.50234 0 1.8 0 -0.894614 -0.393182 -0.212307
18.9553 43.397 45.0258 0.379792 0 3.8 0 -0.194573 0.812604 0.549378
31.0531 57.4467 47.0426 0.846892 0 -3.9 0 0.662051 -0.651977 0.369615
52.4714 48.3804 31.2315 2.80609 -0.146263 -0.7 0 0.787638 -0.313943 0.530157
41.9826 59.1071 52.6889 1.01245 0 -4.5 0 -0.547324 0.767733 0.333201
76.4736 46.4894 22.9506 -0.498755 0 3.8 0 -0.0448307 0.518396 -0.853965
14.8859 40.6923 46.3003 0.509677 0 -4.5 0 -0.834413 -0.53628 0.12712
35.3262 29.4355 26.1374 0.187259 0.096206 -3.27136 0 -0.0577936 -0.148063 -0.987288
46.8332 38.3669 56.7811 -0.655399 -0.810838 -1.6 0 0.12093 -0.751522 0.64853
20.3139 53.83 46.7453 -0.471192 -0.191341 4.2 0 0.5305 -0.279995 0.800108
55.5965 51.7719 37.3386 2.47114 0 3.8 0 -0.577321 -0.605686 -0.54758
54.0958 48.6443 30.4441 2.4542 0 2.8 0 0.246299 -0.533381 0.809223
24.4006 34.2247 61.5304 0.0405175 0 -3.5 0 -0.0623725 0.253758 0.965255
63.5791 58.8802 38.7067 -0.27844 0 3.8 0 0.668694 0.692439 -0.27088
18.9548 41.0981 53.2489 0.672442 0.124438 0.194033 0 0.181686 0.429125 0.884784
34.6813 53.8499 24.9291 0.389156 0 2.22393 0 0.65125 0.648317 -0.39441
15.4833 38.8735 32.3882 -0.812613 -0.334543 -3.5 0 -0.740148 -0.20701 -0.639788
46.2842 17.6665 51.8582 0.688178 0 -4.5 0 0.643928 0.712731 0.278158
55.077 25.1345 46.0662 -0.062784 0 3.8 0 0.6271 -0.201815 0.75234
16.4578 38.9827 26.5812 -0.594212 -0.364614 -0.4 0 -0.875209 -0.0241339 -0.483142
48.7585 48.866 61.4761 1.04417 0 -4.5 0 -0.774369 -0.416318 0.476479
56.1366 41.7686 31.5544 1.46925 0 -1.6 0 -0.121017 -0.876202 -0.466503
55.5916 36.5114 28.6668 1.11585 0 1.8 0 -0.686582 -0.358109 0.632743
29.4595 57.0107 48.3305 0.48137 0 -3.9 0 -0.143721 -0.50381 0.851774
69.6366 40.6809 43.8013 -2.63845 -0.541488 -3.5 0 0.991887 -0.122802 0.0328725
25.2748 29.4111 41.8853 -0.563765 -0.380619 4.32533 0 -0.283671 -0.948519 -0.140862
46.6707 46.8132 26.1331 0.625944 0.663094 -0.157329 0 -0.567234 0.254874 -0.783125
36.1334 37.7734 16.3327 0.146313 0.605571 -2.59755 0 -0.647675 -0.678165 -0.347289
19.282 44.1856 49.1999 0.0748927 0 -3.5 0 -0.24917 0.650328 -0.717626
82.7001 41.9452 29.005 0.0260386 0 -0.4 0 0.200668 -0.547986 -0.812061
58.4009 46.7082 31.4807 2.26532 0 1.27851 0 -0.93127 0.106741 0.348342
47.9211 48.1405 41.4936 3.49116 -0.225446 -1.3 0 0.366276 0.77578 0.513816
38.7615 48.4431 20.4191 0.610614 0 -0.801405 0 0.907152 0.391576 0.154089
71.9951 58.9581 30.2663 0.0256086 0 1.9 0 0.601418 -0.218137 0.768578
30.465 58.6945 43.244 0.525141 0 -3.9 0 0.183881 0.928237 -0.323362
35.421 31.938 23.046 -0.278296 0 -0.7 0 -0.80687 -0.339975 -0.483093
33.9704 37.0669 17.6416 -0.0254427 0 1.8 0 -0.447357 -0.618029 -0.646461
74.3376 46.7601 31.3324 -0.529859 0 2.92607 0 -0.671988 -0.0876963 0.735351
43.699 32.4105 18.0777 -2.481 -0.557751 -3.5 0 0.586695 0.04467 -0.808575
32.9726 37.5793 19.364 -0.224551 0 1.8 0 -0.97081 -0.159492 0.179137
46.6839 62.6245 44.9054 0.776926 0 -4.5 0 0.855421 0.517177 0.0279811
57.216 33.797 33.6027 1.04069 0 -0.4 0 0.861007 0.248083 -0.443984
53.7566 55.6402 54.9851 0.103158 0 3.8 0 0.923722 0.382234 -0.0251732
33.2427 60.2326 36.7386 1.00089 0 -3.5 0 0.576535 0.77529 -0.25794
48.8543 16.8533 33.0482 -1.47722 -0.619929 -0.4 0 0.252249 -0.625834 -0.738039
14.6552 34.159 48.4002 0.685362 0 -4.5 0 -0.875798 -0.479786 -0.0527616
75.094 41.0835 25.31 -0.143655 0 3.8 0 -0.141307 -0.805868 -0.574986
57.7544 34.5818 23.1439 1.48073 0 -4.5 0 -0.173222 0.640979 -0.747757
30.9928 41.2634 21.4721 0.265406 0.379194 -3.5 0 0.266808 -0.943669 0.195711
51.8272 12.5673 41.1238 0.0132908 0 -0.4 0 0.447461 -0.885224 0.127109
44.6483 15.5461 43.2056 0.41972 0 2.8 0 -0.320005 -0.929219 0.184795
45.0637 40.2998 62.1012 0.50853 0 -1.6 0 -0.691232 -0.563761 0.452076
34.817 37.6952 26.5823 -1.84761 0 -3.5 0 -0.415617 0.599243 -0.684229
54.9703 42.3277 45.9155 2.55352 0 2.8 0 -0.334135 -0.81409 0.474986
28.2462 29.4319 59.8078 -0.647918 0 -0.8 0 0.475541 -0.680453 0.557535
70.1766 40.3696 29.3788 -0.0254535 -0.125004 1.48128 0 0.217096 -0.536797 0.815303
38.3707 46.7221 58.766 -0.204174 -0.0337249 4.2 0 -0.328981 0.47944 0.813577
25.7174 28.7946 53.5993 -0.0177658 0 -3.5 0 -0.558568 -0.829454 0.00264553
19.906 30.324 53.7472 3.16492 0.262514 -3.9 0 0.167696 -0.678599 0.715109
30.3732 33.5137 27.633 -0.826537 0.880179 -3.2 0 -0.953785 -0.00763396 -0.300393
38.2805 62.7644 39.7047 0.130792 0 -3.5 0 0.96623 -0.0270472 -0.256258
39.0776 19.821 51.489 0.16457 0 -3.24788 0 0.113077 0.466589 0.877216
28.5111 49.2429 19.6703 0.616055 0 -4.5 0 -0.154633 -0.254797 -0.954551
45.5328 27.697 51.2643 -0.147764 0 -0.7 0 0.617945 -0.140217 0.773617
67.2617 66.084 28.9333 -0.76513 -0.0306313 -3.5 0 -0.146516 0.978269 -0.146706
57.1689 52.2654 35.8515 2.12043 0 3.8 0 -0.696544 -0.633357 -0.337174
52.3775 62.8383 25.0821 0.0257407 0 -0.4 0 -0.912216 0.240947 -0.331372
49.4691 26.7371 27.3932 -0.308686 0 -3.5 0 -0.765848 -0.385131 -0.514929
34.1473 27.6923 56.2173 -0.676446 0 -3.5 0 0.345417 -0.736417 0.581701
38.3172 65.0312 40.4491 -1.15871 0 -3.5 0 0.917514 0.316013 0.24146
54.2772 28.827 23.7092 0.879292 0 -3.5 0 -0.963619 -0.0777181 -0.25573
39.0418 31.6399 55.0192 0.825968 0 -3.5 0 -0.661437 0.342489 0.667235
67.4176 56.2809 20.5976 0.123094 0 1.8 0 -0.51045 0.22565 -0.829773
38.4039 39.8459 15.3379 0.903403 0.683587 -3.9 0 0.487889 0.757308 -0.434106
20.7639 36.9888 20.1184 0.848457 0 -4.5 0 -0.108796 -0.694768 -0.710957
72.5525 37.0845 25.2577 -0.158454 0 -0.7 0 0.199356 -0.951431 -0.234596
55.4694 43.0011 56.7664 -0.955709 -0.347298 -3.5 0 0.00851351 -0.920132 0.391515
30.5617 39.2869 58.474 0.108205 -0.0159529 -1.12031 0 0.0503564 0.984075 0.170473
52.4486 59.3838 37.8265 0.403212 0 2.85579 0 -0.703238 0.213725 -0.67807
50.3494 40.7091 65.2939 0.352744 0 1.47772 0 0.690281 -0.268614 0.671832
39.0161 47.5034 39.549 6.76344 0 -0.4 0 -0.578138 -0.141214 0.803626
45.0965 51.291 40.9535 3.45354 -0.522122 -1.3 0 0.152038 -0.432777 0.888588
52.2505 58.7786 30.9463 0.794536 0 3.8 0 0.182254 0.970621 0.157092
63.4393 51.8399 18.702 0.198151 0 1.8 0 0.180853 0.461093 -0.868726
60.7856 35.8511 39.5434 -0.337934 0 -3.5 0 0.172293 0.0802425 0.981772
38.1094 44.9406 58.9907 0.313523 0 4.2 0 -0.346684 -0.108877 0.931641
27.4979 34.671 61.0068 1.0515 0.210211 -3.5 0 0.0437228 0.0511178 0.997735
36.8908 44.0206 40.9436 5.73781 0 1.8 0 0.228413 0.619007 0.751437
43.9337 46.2671 62.3209 0.215487 0 -4.5 0 -0.336042 0.260417 0.905129
26.5205 30.8943 59.5416 -0.884787 0 -3.5 0 -0.077908 -0.0586304 0.995235
27.2303 53.5942 52.9055 0.621063 0 1.8 0 -0.867939 0.314585 0.38434
45.8101 50.2209 25.7831 -0.0916567 0 -0.8 0 -0.421243 0.131497 -0.897364
49.0184 30.7592 26.3721 0.713183 -0.116764 -3.5 0 0.756365 0.588438 -0.285749
34.4749 36.8189 57.5056 -0.0650733 -0.539538 3.8 0 0.634403 -0.0339413 0.772257
28.5034 30.0006 57.8826 -1.25277 0 -3.12888 0 0.732921 -0.680263 -0.00826813
57.4528 41.3022 52.6045 0.140678 0.391005 -3.5 0 0.603866 0.1467 0.783469
21.9207 54.3372 45.8959 -0.60609 -0.170832 -0.8 0 0.0544812 -0.703098 0.709003
55.99 24.0694 32.2916 -1.52436 -0.00908817 -3.5 0 0.89674 0.173951 -0.406939
27.947 24.11 52.6395 0.139046 0 3.8 0 -0.611094 -0.433308 0.662426
36.7178 57.3351 30.2959 0.681586 0 0.918406 0 0.197695 0.966686 -0.16259
57.3623 21.119 42.0223 -0.511339 -0.861438 -3.5 0 0.839198 0.458255 -0.292829
46.4279 57.002 38.7383 1.27663 0 -4.5 0 -0.966288 -0.144627 -0.213005
63.241 57.5247 43.2539 -0.430841 0 0.0767641 0 0.909149 -0.14703 0.389655
22.9334 47.8451 49.3968 -0.0944561 0 3.8 0 -0.254896 0.859076 0.443864
48.7477 51.1266 46.4508 3.74305 0 4.2 0 0.769913 -0.302865 -0.5617
36.9962 53.3135 50.608 0.889412 0 -3.5 0 -0.0517119 0.633014 0.772411
61.7896 43.852 23.319 0.400728 0 3.8 0 -0.95234 0.234802 -0.194722
61.9408 37.9395 33.4121 1.25647 0 -3.5 0 -0.579853 -0.791263 -0.194096
34.2547 41.2535 25.1716 -0.877247 -0.053642 3.8 0 -0.0433224 -0.222523 -0.973964
40.6855 45.2515 19.7145 0.688815 0 -4.5 0 0.542769 0.576458 -0.610817
30.7127 56.3915 45.4818 0.806143 0 -3.9 0 0.637403 -0.718876 0.27737
41.4097 41.7024 16.8552 1.00701 0 -3.9 0 -0.0320017 -0.349495 -0.936392
56.2948 51.515 56.9147 0.75939 0.628122 1.8 0 0.830701 0.437288 -0.34455
64.7595 66.086 28.844 -0.216891 -0.460238 -3.5 0 0.434193 0.898311 -0.0671835
23.2814 37.456 19.3286 0.65951 0.220152 -0.14332 0 -0.0439117 -0.274428 -0.960604
42.0518 36.1828 20.1929 0.104706 0 3.8 0 0.558262 -0.000169902 -0.829665
57.006 46.9118 37.2853 1.60539 0 1.9 0 -0.485 0.392666 -0.781402
32.5967 59.0135 46.147 0.71171 0 -3.9 0 0.809335 -0.161507 -0.564705
67.5182 37.6502 36.9448 -0.132969 -0.30055 -4.07561 0 0.47559 -0.728554 -0.492974
31.9587 30.1321 60.1302 -0.369089 -0.504139 -0.8 0 0.635949 -0.7303 0.24946
42.1269 26.3185 24.9608 0.72976 0 -3.9 0 0.983959 0.0851678 -0.156754
50.0495 37.8991 45.7079 3.73493 0 -0.4 0 -0.0532543 0.981399 0.184443
62.4068 61.4251 37.4578 0.493654 0 -0.499334 0 0.741858 -0.0421734 0.66923
58.3862 45.4733 61.835 -1.05451 -0.470175 -3.5 0 0.981671 0.0681007 0.178003
59.6738 53.5297 20.721 0.44509 0 1.00653 0 -0.225842 -0.108474 -0.968106
37.1405 45.8058 39.9201 5.14369 0 1.8 0 0.124288 0.427575 0.895395
17.6558 32.5154 54.6206 2.90823 0 -3.9 0 -0.673908 0.106778 0.731058
18.2871 52.6891 39.5422 -0.410928 0 -3.5 0 -0.13018 0.991082 -0.0284432
21.685 39.6465 54.311 0.886576 0 -2.51145 0 -0.3186 0.317535 0.893121
22.135 55.019 34.391 -0.907287 -0.28501 -3.61441 0 -0.641133 0.764165 0.0707178
51.0271 25.806 47.9606 -0.160621 0 -3.5 0 0.0100624 -0.996942 0.077494
32.7844 25.8906 39.8177 0.13517 0 -1.6 0 0.227497 -0.961735 0.152676
50.6889 46.043 37.2121 2.69368 0 3.8 0 0.637194 0.756705 0.146221
37.8588 52.092 43.5532 6.97673 0.732678 2.8 0 0.0606282 -0.866227 0.495959
31.224 58.879 42.2365 0.46247 0 -3.5 0 -0.113553 0.715297 0.689533
77.2571 50.493 34.8673 -0.42458 0 -4.5 0 -0.363912 -0.895911 0.254779
16.9511 44.0125 46.2501 0.866267 0 -4.5 0 0.69728 0.716796 0.00216412
51.3892 37.8184 50.0229 2.39188 0 -3.9 0 0.402599 -0.140825 -0.904479
21.782 51.4507 32.6976 -0.197196 0 -3.5 0 -0.139574 0.388883 -0.910653
22.5198 47.1374 52.458 -0.916225 -0.767179 -1.3966 0 -0.594651 0.781178 0.190134
51.845 59.4308 29.611 0.38212 -0.0492852 -0.369328 0 -0.033267 0.997612 0.0605273
46.539 36.1245 25.7095 0.313392 0 0.819659 0 0.895181 -0.322468 -0.307678
45.7206 49.5599 41.5482 3.15646 -0.695624 -1.3 0 -0.182656 0.594268 0.783251
49.7417 23.8731 45.6285 0.269698 0 3.8 0 0.292279 -0.126853 0.947882
55.6501 22.9438 34.2001 -0.875586 0 -3.5 0 0.98566 0.00961176 0.168472
38.1249 44.0881 45.5471 5.32279 -0.100829 -3.5 0 0.705728 0.456904 -0.541468
64.1348 40.5857 28.6099 0.327312 0 -0.4 0 -0.0337363 -0.971886 0.233023
24.2664 22.65 45.7405 0.243813 0 -3.9 0 -0.904363 -0.378156 -0.197802
42.7014 53.6883 38.7844 1.59848 0.874203 -3.5 0 0.338895 0.891771 -0.299823
52.1425 59.4163 33.9865 0.638258 0.0810346 -4.5 0 -0.0359791 0.799121 0.600092
59.4212 39.6115 45.3848 -0.271213 0 -0.9 0 0.527686 -0.848889 -0.0305779
29.9403 55.4728 47.7925 0.539618 0 -1.79572 0 0.235285 0.130123 0.963177
54.047 41.7034 21.8322 1.91457 0 -3.9 0 -0.0813394 -0.488424 -0.868807
68.4597 63.8092 24.1065 0.0369584 0 -3.5 0 0.566368 0.740146 -0.362508
60.8191 64.821 41.1099 5.37489 0 -4.5 0 0.770107 0.631887 0.0874899
46.201 42.1704 23.7354 0.107391 0 -3.5 0 0.367009 -0.619715 -0.693728
40.414 30.6293 57.1522 0.241789 0 -3.5 0 -0.431579 0.263544 0.862719
66.4794 37.9849 23.1586 0.964141 0 -4.5 0 0.359374 -0.893449 0.269442
44.335 48.4385 41.9953 4.5364 0 -1.3 0 -0.294811 0.576682 0.761921
28.3795 59.4982 33.0477 0.86106 0 -1.6 0 -0.558169 0.525288 -0.642277
35.4458 37.6715 22.5847 -0.727869 0 1.8 0 -0.87064 0.130879 0.474191
34.8944 61.9879 41.5411 0.803885 0 -3.5 0 -0.685042 0.460407 0.564573
44.546 58.847 39.505 0.0901652 -0.0220693 -4.45411 0 -0.381344 -0.484463 -0.78732
15.5351 31.457 44.5159 -0.751331 0 -3.5 0 -0.747301 -0.0203616 -0.664174
59.6247 39.9847 42.7303 0.275883 0 -0.9 0 0.252865 -0.963742 0.0852111
21.501 24.965 45.681 0.169279 0 -3.9 0 -0.622334 -0.782074 -0.0325651
48.3745 19.0723 31.772 0.197034 0 1.9 0 -0.417346 -0.491931 -0.764085
25.5451 41.2868 20.599 -0.43626 0 -3.2 0 -0.428778 0.88954 -0.157697
72.8379 56.6717 20.8871 -2.66913 -0.783772 -3.5 0 0.494085 0.853371 -0.166245
51.583 59.281 45.623 -0.011375 0 -3.5 0 -0.51914 0.518694 0.679301
32.8525 58.8185 32.16 -0.562137 0 -3.1532 0 0.517638 0.675933 -0.524562
77.8435 42.0525 25.3275 0.204072 0 2.17634 0 0.583645 -0.344633 -0.735246
29.2555 39.874 57.222 -1.15974 -0.0515755 -3.5 0 0.101168 0.993521 0.0517778
67.8205 56.1685 38.215 -2.10071 -0.0264483 -3.5 0 0.588591 0.497904 0.636908
18.3378 35.5236 37.4336 -0.0663079 0 3.8 0 -0.885137 -0.463309 -0.0433161
58.058 46.066 46.521 -0.0127611 0 2.8 0 0.972329 -0.121458 0.199561
49.2095 50.477 38.8045 3.39849 0 -3.2 0 0.521476 -0.625422 0.58044
21.0935 32.9314 35.2318 0.138204 0 -4.5 0 -0.566859 -0.664551 0.48687
57.1778 28.3316 26.436 0.466265 0.0380973 -3.5 0 0.842594 -0.523302 0.127243
49.0906 59.7628 50.9054 0.233158 0 -1.6 0 0.993013 0.115183 0.0256497
38.2239 63.9518 39.3283 -1.47024 0 -3.5 0 0.991047 -0.00875929 -0.133229
30.7219 32.3632 27.6873 -1.90444 0 -3.2 0 -0.940604 -0.328096 0.087275
25.0216 40.58 53.7583 -0.155291 0 -1.13336 0 0.460763 0.308771 0.832081
25.701 33.0405 24.431 -1.10018 -0.077951 -4.5 0 0.577513 -0.646395 0.498649
83.8614 48.8349 31.722 -0.440566 0 -3.5 0 0.745063 0.611256 0.266922
69.2145 34.748 41.5265 0.0915435 0 -4.5 0 0.290515 0.179404 0.939902
46.759 16.588 45.215 0.247925 0 2.8 0 0.180708 -0.850591 0.493801
21.2547 33.4409 36.0918 -0.253393 0 -4.5 0 -0.568331 -0.765116 0.30265
41.906 20.2464 33.6039 -0.273076 -0.748617 -0.7 0 0.566794 -0.418707 -0.709527
35.2301 31.1388 24.917 0.080652 0.676714 -2.84744 0 -0.091924 -0.75679 -0.647162
49.3374 19.5062 28.9153 0.0732481 0 -3.5 0 0.470017 -0.878952 -0.0807922
3 3109 6258 882
3 882 6258 181
3 72 6352 5208
3 5208 2385 1790
3 2385 5208 2557
3 2557 5208 4259
3 5208 181 4259
3 692 6289 2191
3 3806 4899 2207
3 4390 6483 3465
3 3465 6483 487
3 487 6483 3879
3 487 3879 5511
3 4390 4665 6483
3 4665 6352 6483
3 1856 6352 72
3 1856 5134 3827
3 1856 571 5134
3 1856 4224 571
3 7032 571 347
3 571 4224 1592
3 571 1592 347
3 4224 1790 1592
3 1790 3453 4203
3 3453 1790 2385
3 2385 6401 3453
3 3453 6401 4203
3 692 2191 6401
3 6946 4899 3806
3 6946 6031 5780
3 4927 6031 6335
3 4927 6335 4368
3 4368 4493 4927
3 4368 6335 5648
3 5648 6335 3406
3 696 4086 424
3 2207 6053 3890
3 4497 4086 4704
3 7378 4704 4086
3 7378 696 3190
3 3190 7246 7144
3 7246 5773 2742
3 5499 4892 6626
3 5511 867 5499
3 3377 5731 5760
3 4803 347 3070
3 958 3070 6800
3 6800 5266 4037
3 6800 4037 1792
3 7079 4037 5266
3 5266 7414 7079
3 5285 7414 3313
3 2754 5285 6956
3 3313 6956 5285
3 3313 3946 6956
3 5780 2666 3946
3 2666 5780 1101
3 2666 1101 2969
3 842 6031 4927
3 6230 4493 4368
3 6230 5964 450
3 6230 450 5632
3 5648 3406 5769
3 1966 5769 3406
3 4720 3406 3890
3 3890 3406 6335
3 4497 2307 2108
3 3855 5822 2307
3 4118 2307 5822
3 4574 3420 2136
3 5250 2136 7066
3 3420 6383 3239
3 3239 6383 7144
3 3239 7246 6358
3 6626 4892 1446
3 648 4892 6631
3 648 6631 4545
3 264 4892 5499
3 264 6838 1292
3 6838 2580 1292
3 2580 6838 2678
3 4235 2580 2678
3 2678 6667 4235
3 5932 6838 1903
3 5932 1903 426
3 426 1903 6072
3 426 1336 4885
3 4885 1336 2325
3 4885 2325 3164
3 5760 3965 5118
3 3965 3419 3668
3 3668 3419 1011
3 1011 3419 5582
3 5681 6038 7168
3 756 4803 7168
3 1410 5579 958
3 7168 5579 4058
3 726 1410 3316
3 3316 1546 726
3 1546 476 726
3 6195 1792 6928
3 1792 4037 2724
3 2724 4037 7079
3 2724 7079 2410
3 2410 7079 5246
3 5246 5285 2754
3 2754 6956 248
3 6956 7417 248
3 6956 4508 7417
3 7417 4508 632
3 4508 6956 2406
3 4508 2406 4880
3 4880 2406 788
3 5751 4358 4217
3 7016 5751 4217
3 7177 5751 5525
3 7016 4217 2288
3 2288 4217 3815
3 4217 2151 3815
3 1447 936 2288
3 936 7016 2288
3 7016 936 2223
3 936 5632 2414
3 936 2414 2223
3 2223 2414 1846
3 5561 2414 5632
3 5561 5632 4162
3 4162 5632 450
3 3799 450 5964
3 4714 1972 5193
3 2274 5193 1972
3 2108 2307 136
3 136 2307 4118
3 136 4118 2167
3 4118 4480 2167
3 2167 4480 1070
3 1070 4480 2571
3 4480 5970 6949
3 3855 4704 5822
3 5970 6016 6949
3 4875 1716 2035
3 5723 6552 1494
3 1494 7066 6291
3 7200 5555 2194
3 352 7200 3986
3 3404 352 1255
3 352 3986 4831
3 1255 352 7106
3 4831 7106 352
3 4831 3986 4545
3 6631 1054 7404
3 3010 7404 1054
3 3010 1054 4235
3 4235 4764 3010
3 7404 3010 4223
3 6527 4764 6667
3 5396 6527 6667
3 3491 3164 212
3 3491 212 1088
3 5396 1088 1676
3 212 5321 1088
3 1676 1088 7443
3 5321 7443 1088
3 3164 7561 4783
3 2085 2325 1336
3 5144 5789 6504
3 4305 5789 2698
3 4305 2698 838
3 838 2698 3379
3 3550 6072 1974
3 2399 1974 5681
3 7168 7572 5681
3 6971 4058 5564
3 1546 3849 7298
3 6195 6928 5563
3 5563 6928 293
3 1930 1139 211
3 1139 6928 2724
3 211 1139 2410
3 2724 2410 1139
3 1930 211 6847
3 1930 6847 316
3 316 6847 4321
3 6847 2624 4625
3 4042 6847 2615
3 2615 3486 4042
3 2410 5246 2615
3 5246 3486 2615
3 3486 7417 4042
3 248 7417 3486
3 6652 7379 5767
3 5874 1816 6652
3 5368 1475 745
3 745 1958 5368
3 745 4030 3684
3 745 3684 1958
3 4030 4880 3684
3 1958 2703 7390
3 2703 4982 7390
3 2148 5525 2699
3 5916 7016 5747
3 5747 6905 5916
3 1846 5561 7121
3 276 2274 6987
3 2274 1972 6987
3 3274 1151 5313
3 3274 5313 6015
3 6015 3129 3274
3 5313 179 6314
3 4128 6987 5222
3 6314 179 5604
3 2571 4128 1070
3 4128 5222 1070
3 1070 5222 2167
3 1733 5022 5317
3 5604 5317 772
3 5022 1733 4440
3 6433 5022 4440
3 6433 2457 365
3 2457 3564 365
3 365 3564 5572
3 3559 2199 1954
3 3559 1954 3898
3 3898 1954 3301
3 4875 3301 1954
3 445 538 1719
3 1629 4875 6303
3 6303 4875 2035
3 1629 6303 75
3 2714 3267 6303
3 6275 2714 2035
3 2035 1716 6275
3 6275 6497 6348
3 3338 3094 5391
3 5391 3094 5793
3 5793 1289 3404
3 1289 7200 3404
3 1215 5391 5793
3 5391 1215 4088
3 1215 733 6432
3 1215 6432 4088
3 733 1255 6432
3 1255 7106 6432
3 7404 4441 7106
3 7106 4441 4112
3 6432 7106 4112
3 6432 4112 6363
3 4441 7404 4223
3 4414 1862 2216
3 4414 2216 4195
3 6527 1862 4764
3 6527 5139 2216
3 2216 5139 4195
3 2729 5139 7443
3 7283 2421 1136
3 2421 6286 1136
3 6582 6286 2421
3 6582 7114 6286
3 7114 1330 250
3 250 1330 1464
3 1464 1330 6797
3 6797 1330 5144
3 1464 6797 742
3 6797 4919 742
3 742 4919 4528
3 4919 6797 5734
3 5734 6797 6504
3 5734 6504 3249
3 3249 6504 4305
3 3249 1747 5526
3 5526 1747 4623
3 5526 4623 6252
3 4305 838 1747
3 1747 4353 4623
3 4353 5753 4623
3 4353 3993 5753
3 3993 4353 3379
3 5564 3993 6971
3 3379 6971 3993
3 6971 3379 2399
3 2399 5681 6971
3 7575 3015 2986
3 2986 3015 4035
3 4388 7298 2443
3 383 2443 7298
3 2443 6028 4388
3 1753 4388 6028
3 7298 2445 7102
3 4846 1753 6028
3 6028 857 4846
3 857 6028 4321
3 2116 6847 4625
3 5218 3579 4607
3 3579 2624 4404
3 5767 4404 4042
3 4607 7379 5132
3 1816 28 1802
3 1537 5874 4226
3 4226 4560 1537
3 4226 5874 5624
3 5624 5874 2365
3 3820 5624 2365
3 2365 5368 3820
3 7390 3820 5368
3 4616 5624 932
3 4986 1089 5077
3 3059 7390 4982
3 66 3059 1725
3 1725 3059 2014
3 1725 2014 1608
3 4982 2148 3059
3 3059 2148 2014
3 6612 4921 5650
3 4731 3866 6494
3 298 4499 1608
3 298 1608 3569
3 3569 6905 298
3 6905 3569 2699
3 6905 6862 6494
3 5576 4040 4595
3 4595 6862 5576
3 4595 68 2646
3 3734 2646 2491
3 3264 7121 5561
3 5143 3264 5561
3 6771 5143 2370
3 6771 2370 3283
3 2159 3283 2370
3 3283 3525 6771
3 3512 7536 6095
3 7536 3525 6095
3 3525 3274 6095
3 4254 7527 6095
3 4254 2397 7527
3 5980 7527 4662
3 2397 3945 4645
3 4645 3945 1999
3 6015 3945 3129
3 1999 3945 6015
3 6015 1630 1999
3 6015 6314 1630
3 7525 1914 1702
3 1914 6017 1702
3 2780 3626 6017
3 6975 6396 3626
3 3564 3301 5572
3 5790 3301 445
3 3301 538 445
3 5790 5572 3301
3 5768 5556 1291
3 5790 445 6734
3 6734 977 5790
3 4183 6734 75
3 1719 75 6734
3 6734 3248 3160
3 4183 1689 3248
3 1689 4183 2912
3 2912 4183 279
3 279 4183 176
3 75 6303 4183
3 176 4183 6303
3 3267 6680 176
3 6680 3267 3853
3 1174 6680 3853
3 3267 6054 3853
3 3853 6054 5849
3 6054 2552 5849
3 917 6348 3919
3 6552 6313 7534
3 3094 6313 6552
3 3094 2064 6313
3 4330 3401 3338
3 3401 4330 5086
3 5859 6363 2344
3 6744 1335 6689
3 7398 6744 6496
3 7398 5087 3614
3 5087 6496 7006
3 6496 4414 7006
3 7006 4414 5772
3 4414 4195 5772
3 5772 1469 7006
3 1769 6789 5920
3 4593 5920 6789
3 3201 4467 7524
3 7524 3104 554
3 3104 6408 3132
3 6408 3324 6498
3 7283 3609 3324
3 7283 1136 3609
3 3324 3609 6498
3 3666 4556 4506
3 6139 6286 5507
3 5507 6286 5359
3 5359 7104 5507
3 3678 2782 5359
3 7104 5359 2782
3 2782 3166 7104
3 7114 2782 3678
3 7299 7128 466
3 888 466 7128
3 888 3166 83
3 888 83 466
3 466 83 4528
3 4654 5712 466
3 5712 4654 7391
3 7391 7294 5712
3 5606 945 7391
3 5606 4919 2644
3 5606 2644 6944
3 6944 2644 5526
3 6944 5678 4087
3 1708 6252 3519
3 1708 3519 6895
3 3519 6252 5753
3 5753 5468 3519
3 3923 5471 251
3 5468 5471 6895
3 251 5471 3560
3 6088 7102 130
3 3696 6533 4846
3 6533 3696 5183
3 4822 5183 3696
3 4822 3494 7213
3 7319 7213 3389
3 3389 7213 173
3 7213 3494 13
3 3494 2736 1437
3 2736 685 1437
3 4625 3848 2116
3 2116 3848 6092
3 3848 5218 5261
3 1391 5261 829
3 2304 1391 4270
3 829 4270 1391
3 4270 829 4964
3 4964 6866 5553
3 1232 4801 4607
3 5744 1232 1802
3 5132 1802 1232
3 1537 3952 1802
3 3952 4560 95
3 4560 3072 95
3 95 3072 6896
3 6896 3072 6123
3 3072 2779 6123
3 6123 2779 2598
3 2779 1776 5541
3 1776 2260 195
3 195 5624 4616
3 1776 6909 5541
3 976 814 1261
3 814 4616 5404
3 814 5404 1261
3 1725 4921 3344
3 4921 6612 3344
3 6612 3162 1768
3 3162 3461 695
3 2464 4855 5800
3 830 3155 5201
3 4731 6213 5065
3 6494 6862 6213
3 6213 6862 4595
3 4595 336 6213
3 336 3734 6213
3 5154 6213 3734
3 6999 5154 52
3 3734 52 5154
3 3734 3321 52
3 3321 5816 7082
3 7082 3562 3321
3 5816 4961 3872
3 6745 2491 6662
3 6662 6484 6878
3 6484 6662 4946
3 100 4946 5128
3 100 2809 6484
3 6966 6484 4535
3 2548 3656 7536
3 2548 7536 590
3 590 7536 3512
3 4362 1602 5640
3 6764 4362 5640
3 5711 5502 384
3 5711 384 3764
3 5640 5980 3764
3 1946 4662 2816
3 1946 5980 4662
3 7152 4662 3892
3 7152 3892 6748
3 6748 3892 6983
3 2397 1527 7527
3 6165 6633 7155
3 4285 6254 5162
3 6633 3285 6009
3 6009 6002 4893
3 6002 6165 5957
3 649 2034 5988
3 649 7525 3460
3 3460 7525 1702
3 3460 1702 5599
3 3905 3460 5599
3 5599 6396 2003
3 62 3238 5515
3 62 6975 3238
3 3238 6975 4894
3 3238 4894 4271
3 1488 1780 4529
3 1488 4529 6513
3 6364 1291 6423
3 6423 1291 977
3 6423 2949 3809
3 2949 6423 7407
3 2912 6680 4093
3 4093 6680 3859
3 4093 3859 5500
3 7501 6680 1174
3 279 176 6680
3 7501 1174 6516
3 6516 4174 3348
3 1174 3853 6516
3 6516 3853 5849
3 6516 5849 1696
3 1696 4174 6516
3 1696 7037 4174
3 5884 3919 1191
3 6313 2064 7043
3 2064 3401 7043
3 7043 3401 6853
3 7043 6853 6970
3 6970 6853 6585
3 1220 6853 5086
3 1220 1453 2417
3 703 2417 1457
3 1453 5859 2417
3 2417 5859 2344
3 2417 2344 1457
3 1457 2344 7398
3 6141 5140 6985
3 6985 5140 2059
3 5140 2893 3614
3 5140 5411 2059
3 2059 5411 6232
3 1534 6435 5411
3 7061 3201 7183
3 7183 1443 7061
3 1387 1814 7183
3 1814 1387 7524
3 6171 3104 3630
3 3630 3104 25
3 3630 25 613
3 1448 1485 2221
3 1448 6647 1485
3 3666 2123 1448
3 6647 1448 2123
3 768 2123 5334
3 5334 7104 3606
3 3606 768 5334
3 466 5712 7299
3 5135 7299 3812
3 7563 7294 3812
3 7391 1230 7294
3 7294 1230 6935
3 479 5255 6944
3 6917 479 6944
3 7423 6917 4469
3 7423 4469 1415
3 4087 1708 6917
3 6917 1708 4469
3 7423 1415 3924
3 4675 3924 3865
3 3973 749 3039
3 3973 7094 3682
3 7094 322 3682
3 7094 3973 3923
3 2165 7094 2853
3 3923 2853 7094
3 3039 3923 3973
3 2982 1596 2165
3 7094 2165 5982
3 1596 5982 2165
3 2982 5124 4641
3 130 6495 6088
3 1931 130 572
3 572 5081 1931
3 572 7102 4272
3 2072 7080 4858
3 7080 6533 6062
3 7080 6062 4858
3 6533 5183 6062
3 7129 5183 7319
3 5943 173 6341
3 13 1437 4355
3 1437 6092 4355
3 4355 6092 3782
3 4270 5157 3782
3 1098 1770 4482
3 1770 689 3822
3 689 5553 1501
3 1501 5553 982
3 1501 982 4800
3 4800 982 570
3 5553 2825 982
3 2825 6866 6293
3 3438 5744 1322
3 1322 5744 4646
3 4646 6324 1322
3 1802 3952 4646
3 3952 6324 4646
3 1061 6324 438
3 6324 6896 438
3 6896 6123 4494
3 1105 2598 5602
3 5541 2598 2779
3 5602 2598 5541
3 6909 4737 5602
3 5602 4737 1837
3 5602 1837 3629
3 3629 1837 3800
3 4910 5039 7565
3 1261 5404 4910
3 4910 5404 1859
3 1859 861 4910
3 861 6612 4910
3 861 3344 6612
3 5039 1183 7565
3 4176 1183 6746
3 6266 6746 1183
3 6746 6266 6558
3 6643 5071 6558
3 5071 6643 4219
3 6990 5071 4219
3 6101 7238 7446
3 4229 6609 2464
3 6609 5039 4855
3 6609 4855 2464
3 4229 2464 5800
3 4229 5800 4294
3 5201 4901 6860
3 6860 4901 4869
3 6860 4869 3577
3 6860 3577 2871
3 6999 5089 2871
3 5089 4209 2871
3 4209 2187 2871
3 6999 52 2234
3 5089 2234 3513
3 52 3321 2234
3 2234 3321 6407
3 2234 6407 3513
3 6407 3321 3562
3 6760 6407 4680
3 3243 4489 3562
3 6703 746 1366
3 4976 1366 746
3 746 6703 950
3 746 950 6521
3 950 7251 6521
3 670 2616 3555
3 3555 2616 7131
3 5095 4925 6703
3 4953 3294 3131
3 7191 2126 2812
3 2812 3066 7191
3 2126 4827 2812
3 4535 1690 2134
3 4567 2134 1690
3 4567 1690 4373
3 3730 4535 4584
3 6393 3730 2548
3 7162 7175 1602
3 7162 1602 4362
3 3625 4606 6350
3 3625 6350 4719
3 4362 6764 6350
3 4719 6350 6185
3 3625 2486 6416
3 2486 983 4382
3 2486 4382 1817
3 983 5502 4382
3 7369 5502 5711
3 3437 4382 7369
3 2816 273 7369
3 273 1188 7369
3 273 2816 7152
3 1188 273 7152
3 4798 6748 5738
3 6748 6983 5738
3 5738 6983 4285
3 5162 5738 4285
3 5162 6254 7058
3 6009 7058 6633
3 6443 6009 4893
3 5515 819 3403
3 6485 819 5515
3 5893 2964 6422
3 6485 6422 2964
3 2964 2610 6485
3 2964 920 2610
3 1780 3809 4529
3 2161 3809 2949
3 3334 6972 2161
3 4529 2161 6972
3 3334 7407 7494
3 3334 7494 4402
3 3334 2860 4637
3 7236 4637 2112
3 2860 2112 4637
3 2860 4402 4126
3 5692 1944 377
3 377 1944 1194
3 4099 7330 1269
3 4126 4402 7360
3 4402 7494 7360
3 2087 7360 6530
3 3430 725 6826
3 1813 7501 6516
3 3825 6872 4818
3 1754 6970 6585
3 1758 6985 7412
3 1758 7412 7107
3 7107 7412 6312
3 2527 7107 6312
3 6985 2059 7412
3 7412 6232 2845
3 7526 6232 5810
3 2586 6232 2577
3 5810 1443 1535
3 5810 1535 6158
3 3409 6158 5354
3 7183 1814 5288
3 7300 2605 7524
3 5244 1299 2605
3 2605 7300 5244
3 6171 7456 7300
3 6171 3630 7456
3 7456 3630 1032
3 1032 3630 613
3 4468 1032 2221
3 4468 2221 1485
3 7456 4468 4872
3 5267 6273 4468
3 5598 4468 6273
3 5267 6647 5361
3 5361 6647 5983
3 5983 6647 3830
3 5983 3830 2803
3 2803 3830 7359
3 6647 3311 3830
3 2708 561 7299
3 5007 7359 5135
3 5135 7359 2708
3 5040 7359 3780
3 5007 3780 7359
3 3780 6855 6675
3 6855 7545 3516
3 4697 7294 6659
3 6659 6935 4647
3 2476 1618 485
3 1894 485 1618
3 485 7019 1182
3 3682 6007 4877
3 6007 3682 2284
3 2284 6091 6007
3 3682 322 2284
3 4313 2284 5112
3 875 3025 3574
3 4641 6308 1596
3 1555 6308 5081
3 6308 4641 5081
3 1555 5081 1270
3 4995 5081 3205
3 5746 3205 2027
3 1605 5746 4
3 2027 4 5746
3 1605 556 3220
3 556 2837 3220
3 3220 2837 230
3 5432 6179 7129
3 2537 969 6179
3 773 969 6062
3 969 4858 6062
3 773 6062 7129
3 5432 7129 1200
3 4930 1200 7092
3 1200 2538 7092
3 3934 2538 7581
3 3934 2415 2538
3 7129 1560 3934
3 3152 3934 1560
3 3934 3152 4792
3 3152 3767 5332
3 3767 3389 5943
3 3767 5943 4167
3 4167 5943 3044
3 3044 6551 4167
3 6551 1501 4800
3 3573 1144 7035
3 2514 7035 1144
3 1562 7035 2514
3 570 982 2514
3 241 2514 2825
3 982 2825 2514
3 1499 1562 241
3 1499 3493 1562
3 4431 7472 6338
3 4431 6338 3493
3 3493 6338 258
3 4968 3431 7512
3 7472 3438 5381
3 2029 5381 3438
3 2029 7050 4660
3 7050 6156 3642
3 3642 6156 4494
3 3642 4660 7050
3 3585 4494 6123
3 2029 3800 1837
3 258 3741 7035
3 7512 4906 4968
3 3781 4345 2440
3 2440 6746 6990
3 4906 6990 4583
3 6746 6558 6990
3 6103 5935 602
3 4219 602 5935
3 5935 6103 2792
3 2792 6103 1781
3 6103 7003 1781
3 1781 7003 6794
3 7003 6103 3705
3 7092 3705 5913
3 6103 602 3705
3 5913 3705 2227
3 602 2227 3705
3 7092 3214 4930
3 3024 3214 4502
3 3024 4502 2091
3 2091 4502 3149
3 4502 2227 5031
3 1614 1947 6101
3 6266 6609 1715
3 1715 327 4092
3 327 4542 5233
3 4229 4294 327
3 327 4294 4542
3 5233 3127 6019
3 6019 5367 5233
3 1046 3700 2394
3 7186 3700 5826
3 3700 4294 605
3 3700 605 5826
3 1423 2187 2838
3 2770 2838 2187
3 1003 2508 6760
3 2508 3513 6760
3 2518 4680 7341
3 7341 4680 4062
3 4062 4680 4489
3 7341 4062 5491
3 4062 4489 5491
3 7341 5491 2366
3 6521 7251 2488
3 2488 5521 4655
3 3955 7264 2138
3 7264 3955 27
3 7223 27 3955
3 7223 3555 2263
3 7223 2263 2695
3 2263 3555 7131
3 7257 1142 4127
3 5057 7257 5694
3 3131 901 2903
3 3131 4127 4925
3 4925 4127 1736
3 4925 1736 6703
3 6703 1736 1094
3 2966 2903 901
3 2966 2078 2903
3 7191 2078 2966
3 287 6250 4363
3 4363 6250 7257
3 6250 5694 7257
3 6250 6942 5694
3 980 7191 3066
3 3891 980 3066
3 3500 3891 4567
3 4567 4373 3500
3 6416 3500 4373
3 4373 3625 6416
3 1720 4157 4980
3 1817 1818 4157
3 4157 1818 6425
3 3437 7023 1818
3 7023 3437 7369
3 7023 7369 1188
3 7023 3210 1717
3 3210 4798 1717
3 4992 5664 6591
3 3813 6591 5929
3 6636 5664 3298
3 4798 5738 5664
3 5738 3793 5664
3 3298 5664 3793
3 1580 3298 3793
3 1580 3793 224
3 224 3793 7058
3 7058 3793 5162
3 224 7058 2655
3 6009 6443 5950
3 5950 6443 2975
3 2975 2610 5950
3 5892 5950 106
3 2610 106 5950
3 106 1699 5892
3 106 2610 3520
3 106 3520 6198
3 920 3520 2610
3 3520 920 7236
3 3520 7236 3047
3 2763 7236 2112
3 5264 7343 1078
3 4210 5264 1078
3 2763 5692 7343
3 7343 5692 3968
3 7343 3968 1962
3 7388 7343 4257
3 1962 4257 7343
3 1962 3968 3440
3 1752 3440 3968
3 7421 1962 7549
3 1962 3440 7549
3 7126 459 2296
3 7330 4091 3908
3 3908 4091 3596
3 4099 1737 4091
3 3596 4091 1917
3 185 2733 2341
3 2341 314 185
3 1917 185 314
3 2341 5867 6068
3 6068 7488 2341
3 5867 2733 7267
3 2733 2884 2431
3 2431 2884 3430
3 7267 3430 1633
3 4632 462 7267
3 6426 462 5393
3 4632 5393 462
3 6872 7537 4818
3 2922 4937 1634
3 1754 6585 4937
3 4937 2527 1634
3 2922 6312 2797
3 2566 6274 6930
3 5234 6930 3695
3 7526 1472 4419
3 1472 331 4419
3 331 1472 2931
3 3312 2931 3409
3 2931 1472 6158
3 6158 3409 2931
3 6784 5388 5142
3 5509 5354 3288
3 6086 5509 3288
3 5354 7146 3288
3 2747 3288 1171
3 5354 5288 7146
3 7146 1299 6655
3 1171 7146 6655
3 1299 2490 6655
3 6655 2490 4534
3 1865 1304 6114
3 1304 6813 5598
3 6273 6114 5598
3 7455 6114 6273
3 1303 5704 7455
3 7359 3158 2803
3 3158 5040 923
3 923 5040 7289
3 6675 5758 7289
3 5758 21 7289
3 5758 2757 21
3 6675 6855 5758
3 5758 6855 3516
3 5758 3516 6605
3 5758 6605 647
3 7051 5458 576
3 7179 4104 1927
3 7179 385 892
3 892 385 1053
3 892 1053 6318
3 1053 385 6480
3 385 7051 6480
3 6480 6436 6474
3 1840 6750 1678
3 1618 5232 6107
3 6480 6474 3975
3 493 987 2476
3 6750 2476 987
3 987 2710 6750
3 4282 987 493
3 987 4282 1227
3 1227 2710 987
3 1227 5094 2710
3 1227 4282 2621
3 2621 5852 1227
3 2621 4282 4197
3 4282 71 4197
3 4197 71 1182
3 4197 1182 903
3 71 485 1182
3 903 1182 7019
3 4197 5376 2367
3 4197 6788 5376
3 2973 5376 6788
3 903 6788 4197
3 903 6091 6788
3 903 7019 6091
3 6199 4313 5112
3 6199 5112 5910
3 6886 6199 5910
3 2276 1871 875
3 1693 1245 3574
3 1693 520 253
3 175 1270 798
3 1270 6111 798
3 1321 798 397
3 6111 1270 4995
3 4995 2401 6111
3 1270 5081 4995
3 5574 3220 3423
3 7579 1711 3530
3 4405 3530 1711
3 43 7457 799
3 799 7457 5121
3 5121 7457 873
3 4300 873 5762
3 5762 873 5960
3 5960 947 4864
3 1244 2837 1971
3 1244 1971 325
3 3485 2091 3149
3 3485 1614 4241
3 4241 1614 3467
3 3467 1614 6127
3 1614 6101 6127
3 6127 6101 3711
3 6127 3711 234
3 234 817 6127
3 7287 5302 7005
3 5302 5387 6943
3 7446 7157 5387
3 3524 5387 7157
3 4950 5001 7437
3 7157 5333 3161
3 223 3435 7295
3 7295 3435 411
3 3435 3090 411
3 7354 6850 5367
3 7354 1390 2040
3 1390 7354 5367
3 2040 506 4212
3 4212 506 357
3 6019 357 506
3 357 3196 4397
3 4085 6783 3563
3 6128 6783 419
3 419 1632 6128
3 419 1887 1632
3 419 6783 3381
3 419 3381 1887
3 1887 3381 6450
3 6628 3381 6783
3 4297 3446 6628
3 4297 5109 3446
3 6628 3446 6674
3 6674 6900 6628
3 6674 3446 5447
3 5447 3446 5109
3 5447 5109 578
3 578 5109 7186
3 2838 7460 7186
3 5521 6125 4655
3 5447 6957 6125
3 6125 6957 2366
3 6125 2366 4655
3 7358 7264 5804
3 2524 7358 425
3 5804 425 7358
3 7131 5057 4309
3 1339 4309 5057
3 6323 1339 3857
3 1339 5655 3857
3 6448 6438 6295
3 3028 6942 6295
3 859 4980 1111
3 1111 4980 4900
3 5517 7194 4900
3 1111 4900 7194
3 7194 5517 4689
3 5517 3794 6910
3 6910 3794 6425
3 6910 4992 6591
3 4689 3813 2343
3 2343 6479 4689
3 5929 3611 2343
3 413 2343 3611
3 2497 1463 6636
3 6796 3298 1580
3 5976 6725 3034
3 224 3590 1580
3 224 2655 3590
3 3034 3590 5063
3 3034 1173 3020
3 1699 6198 2448
3 4511 6198 2094
3 3047 2094 6198
3 2094 3047 5264
3 2094 5264 4210
3 4836 7388 4003
3 4257 231 4003
3 4257 7421 2358
3 231 2358 5962
3 5962 7421 1904
3 2839 1497 4596
3 3596 6932 2287
3 4596 2287 6932
3 6932 2839 4596
3 2839 6932 31
3 31 6932 7488
3 6932 314 7488
3 7488 314 2341
3 2140 5867 154
3 5709 2140 4530
3 5709 4530 4816
3 4530 3157 4816
3 3821 4816 3157
3 4334 3157 4411
3 154 6426 4530
3 3157 4530 6426
3 4411 3157 6426
3 1514 6319 3900
3 5455 3900 6319
3 5455 4248 432
3 3695 5455 432
3 5393 3640 4248
3 7537 6872 3640
3 5455 3695 216
3 3900 5455 3133
3 216 3133 5455
3 7580 6930 6274
3 7087 6274 4419
3 1362 4033 6721
3 4033 3472 4757
3 4757 2096 4033
3 4757 5644 2096
3 4757 6784 6190
3 6190 4994 4757
3 5557 6875 6086
3 5557 6086 3670
3 3670 2747 4074
3 2747 3708 1279
3 178 1171 6655
3 6655 2331 178
3 178 2331 409
3 2331 2633 409
3 2331 557 5428
3 5428 557 6807
3 557 6655 382
3 557 382 6807
3 6807 382 1865
3 2071 6505 1865
3 6505 2071 545
3 545 6075 6505
3 6075 545 3482
3 6547 2071 6013
3 6013 7455 558
3 5704 2481 521
3 2481 5562 4063
3 4045 3323 3158
3 7142 4045 1798
3 1798 1266 5147
3 735 1798 5147
3 735 6378 7496
3 6378 5147 1997
3 5151 2757 5855
3 1020 5240 6460
3 5240 938 1595
3 1595 938 5358
3 938 5855 5358
3 5358 3789 4436
3 3789 3643 1927
3 3789 1927 4436
3 4436 1927 5444
3 1927 4104 5444
3 4104 3847 2919
3 3847 1551 1382
3 1551 7179 892
3 1551 892 6318
3 3735 6318 7078
3 3735 7078 2862
3 7078 6318 3975
3 7078 3975 6474
3 2710 7078 1678
3 6474 1678 7078
3 7078 5094 2862
3 2862 510 2918
3 4671 7028 5852
3 510 5852 7028
3 7028 2918 510
3 4671 5852 4664
3 5882 5852 2621
3 4664 5882 6406
3 2973 57 2473
3 57 6788 2473
3 6583 6886 364
3 5038 364 6886
3 5910 790 5038
3 3774 790 4868
3 4868 122 1547
3 122 6287 1176
3 4868 1245 6287
3 6287 1321 3503
3 2967 3503 7288
3 397 7288 3503
3 397 4405 7288
3 4405 1711 7288
3 478 4443 4018
3 4443 2039 4018
3 4018 2039 2870
3 2039 5887 2870
3 4018 2870 4484
3 799 5121 4354
3 5121 4300 2280
3 5121 2280 4354
3 3332 3310 2280
3 6077 2280 7356
3 3310 7356 2280
3 3332 342 1942
3 2573 1942 1863
3 6801 1206 6561
3 5762 6561 1206
3 6561 1727 6801
3 6561 5762 5960
3 4864 6561 5960
3 7063 358 4956
3 4956 1727 7063
3 358 817 2184
3 7384 7506 5928
3 6592 4882 7287
3 1248 5311 7349
3 1248 7349 1662
3 5311 6943 5387
3 5311 5387 7349
3 7349 7384 1662
3 7384 5928 1662
3 5539 3587 6106
3 6083 6741 5966
3 7349 2597 7384
3 3524 7157 6671
3 7295 2278 7434
3 7437 7295 7434
3 2278 5272 2388
3 2278 2388 7434
3 5272 3043 12
3 3076 411 1175
3 1175 411 3090
3 5189 3043 1036
3 5189 1036 6598
3 2040 6598 1036
3 3107 4886 1808
3 4397 2589 6898
3 5869 3247 6898
3 6128 150 1713
3 1632 3191 150
3 1632 1887 3191
3 1887 6450 1449
3 1887 1449 3191
3 3191 1449 4154
3 3777 6450 7221
3 7221 6450 6900
3 6900 6450 3381
3 3381 6628 6900
3 5115 6674 5400
3 5115 5400 5235
3 425 2781 2524
3 6945 2524 2781
3 2781 3425 6945
3 2781 6867 3425
3 2781 1588 6867
3 6170 5804 1922
3 4568 7413 6323
3 4568 6323 6586
3 5373 2298 4611
3 5373 3857 6469
3 5373 6469 2298
3 5655 6448 7497
3 6448 6295 5308
3 4513 7497 6337
3 4710 7109 3832
3 3832 4572 4710
3 4572 3832 7194
3 4572 6479 3885
3 3885 6479 1681
3 7441 6479 2343
3 7441 2343 413
3 7441 413 6166
3 4805 6166 4426
3 184 1041 1845
3 1041 5344 1845
3 2497 3317 184
3 527 6636 6593
3 5213 5976 1750
3 4028 5976 1732
3 3020 2448 4196
3 4511 4196 6198
3 2728 2372 2173
3 5091 1517 332
3 2308 378 4269
3 3250 6919 5654
3 3250 4514 6919
3 398 231 5962
3 1663 4514 3250
3 1663 4408 3692
3 3692 4408 3447
3 3565 4763 7400
3 7421 7400 4763
3 4763 1904 7421
3 765 5717 3862
3 3862 6836 765
3 6836 5082 3823
3 4790 5717 835
3 835 5717 1895
3 835 1895 6045
3 1895 5717 4867
3 1895 4867 1497
3 1497 3036 1895
3 1895 3036 1065
3 6369 4303 2345
3 6369 2345 5709
3 2345 4303 7488
3 2345 7488 6068
3 2345 6068 5709
3 5709 1973 6369
3 6369 1973 2872
3 3330 4849 4866
3 3994 2328 4849
3 4866 4849 2328
3 2328 1679 4866
3 4334 7371 3821
3 7371 4334 7012
3 3399 1514 4334
3 7012 1923 6241
3 3133 1277 6241
3 1277 1829 6241
3 1277 3133 216
3 1277 216 6692
3 1867 3592 5052
3 6721 4033 2096
3 2842 6976 1842
3 6976 7475 5662
3 7475 7570 1297
3 1297 6849 7475
3 5644 6849 1297
3 560 2041 5286
3 4652 6219 6430
3 6430 6219 5600
3 4994 4589 304
3 6424 304 3878
3 304 4589 3878
3 3878 4589 4652
3 1728 3192 2897
3 1728 2897 6219
3 3192 4589 6418
3 3192 6418 5725
3 6418 5557 418
3 5557 4258 418
3 418 4258 7410
3 418 7410 5725
3 7410 4258 4074
3 4381 7410 1279
3 4074 1279 7410
3 2747 1279 4074
3 7410 4381 6259
3 6259 5831 7410
3 6159 6259 4381
3 775 6259 6159
3 5428 6807 2111
3 6515 2111 6075
3 6075 1411 6515
3 1411 6870 722
3 3482 6547 6870
3 6981 4463 6870
3 4463 836 6870
3 6981 6870 690
3 6981 690 6630
3 6630 690 1600
3 6870 6547 690
3 690 6547 5412
3 5412 1600 690
3 5412 5931 1600
3 5931 1164 2077
3 5931 2077 7496
3 7496 4266 2568
3 7496 2568 6820
3 2286 4266 4024
3 4266 1369 4024
3 4024 1369 522
3 4024 522 6828
3 6828 522 4479
3 4479 522 1648
3 1369 6174 1145
3 1369 1109 6174
3 6042 1109 1636
3 1109 1369 5637
3 5637 1636 1109
3 5637 3804 1636
3 1955 6460 6042
3 5293 6460 1955
3 1595 3112 3009
3 7031 681 7084
3 3009 1250 3608
3 1250 2919 3608
3 3608 2919 1002
3 7307 2852 3608
3 3728 3608 2852
3 7084 3728 129
3 2852 129 3728
3 1675 7307 2918
3 7307 1002 1382
3 1382 1551 3735
3 2740 6344 4434
3 3605 4180 6344
3 6344 4180 6763
3 4180 3605 5018
3 4180 5018 2500
3 6406 5018 3605
3 2500 5018 5079
3 3204 6110 2222
3 6119 6110 7529
3 7529 7091 6119
3 6110 3204 7529
3 6110 6119 2618
3 6119 7091 736
3 736 7091 1236
3 736 1236 5260
3 1236 7091 1092
3 4515 2783 7004
3 7004 3713 5688
3 5688 3713 6201
3 6201 3713 851
3 6201 851 5033
3 6201 676 4472
3 4472 676 1975
3 1975 676 5033
3 1975 5033 6583
3 4472 1975 6851
3 364 3774 6851
3 416 1547 2520
3 4549 2520 1547
3 5315 5842 5679
3 38 6270 478
3 5842 701 4484
3 4484 7174 7185
3 7174 4484 2870
3 5836 7587 7405
3 7587 1815 7433
3 6077 7433 1815
3 6077 1815 4394
3 4394 1815 3527
3 6077 4394 4354
3 7356 3310 5090
3 7450 1206 6801
3 1863 2597 3712
3 7558 4712 5090
3 4406 6671 4712
3 4712 6671 4950
3 5197 5090 1607
3 5197 1607 7437
3 1607 4950 7437
3 5197 4251 542
3 940 542 2993
3 4251 4077 542
3 542 4077 2993
3 6130 5813 5236
3 5028 7425 5536
3 5236 5028 1165
3 5028 5410 1165
3 1165 5410 5551
3 5410 5536 6923
3 6153 5189 4296
3 1808 4296 5189
3 4296 1808 4886
3 1237 3846 5806
3 5011 5806 3846
3 3846 1237 3247
3 3846 3247 5873
3 3750 5873 2863
3 7199 2745 6285
3 7507 6285 2745
3 2745 7199 1456
3 713 6541 1647
3 1249 3253 7020
3 4154 3253 1249
3 3253 4154 1449
3 1449 3777 3253
3 7020 6857 6027
3 6857 3068 3121
3 3121 3068 3777
3 7020 6027 7430
3 6027 1588 2957
3 2957 1588 6170
3 2957 6170 6773
3 4568 1205 7041
3 2056 7041 1976
3 1205 1976 7041
3 4425 6579 2056
3 6773 2056 6579
3 6152 6579 4425
3 6152 4425 4611
3 4425 1976 4611
3 7073 5906 4564
3 5906 2182 7133
3 7133 634 821
3 7133 821 5666
3 6469 4644 634
3 7497 4644 5655
3 4513 6337 4909
3 1218 6337 7130
3 1218 4561 6337
3 423 1218 4286
3 1218 7130 4286
3 4286 1681 1604
3 4952 1681 7441
3 2662 7441 3224
3 2662 3224 6934
3 3224 7441 6166
3 3394 1561 2787
3 3394 4426 5958
3 270 3394 5958
3 5344 5274 1845
3 4426 1845 5274
3 5274 5344 7559
3 4038 24 5440
3 3901 5344 1041
3 1041 3317 3901
3 7532 2721 3901
3 2721 5440 3901
3 7432 1517 5091
3 7515 378 2308
3 3305 5817 6919
3 4836 5654 6919
3 5817 3305 3481
3 1703 3481 3692
3 4514 3692 3481
3 5059 5584 1703
3 5059 1703 6587
3 6587 1703 4598
3 6587 4598 4640
3 4598 3447 1211
3 4640 4598 5781
3 2532 4725 1358
3 1358 6962 2532
3 4725 2117 1358
3 5801 1358 2117
3 6587 4640 4842
3 4842 4640 5776
3 4842 5776 6211
3 422 4842 3737
3 6211 3737 4842
3 5940 820 5776
3 5786 820 5948
3 820 5940 5948
3 3029 5940 5781
3 6803 3029 6564
3 6564 3405 4758
3 3405 5781 6587
3 4758 3405 2532
3 4708 6564 4758
3 4758 2532 6962
3 189 6962 3336
3 189 3336 6434
3 5440 189 4038
3 6434 4038 189
3 4038 6434 4026
3 3914 6434 3336
3 3914 7192 6434
3 4026 6434 7192
3 5343 3914 3771
3 3771 1929 5343
3 3914 6962 3771
3 3771 6962 1358
3 4832 5520 1640
3 2874 5520 360
3 7301 4832 4462
3 4462 2070 7301
3 4462 2117 422
3 2070 4462 5113
3 2070 5113 2512
3 3737 232 5113
3 2512 5113 232
3 232 3737 2814
3 232 2814 1970
3 2411 3737 6211
3 3217 6211 5776
3 3217 820 5786
3 5786 5948 825
3 2121 825 3823
3 825 5948 3600
3 825 3600 3823
3 3823 1359 2121
3 6094 2121 1359
3 6334 6094 1359
3 6334 1359 7247
3 7247 1359 5082
3 4790 7259 4333
3 4790 4333 6231
3 7247 4790 6231
3 5809 1400 1198
3 1400 5695 1198
3 1198 5695 5328
3 1198 5328 7395
3 7395 5328 7304
3 5695 4698 5328
3 6887 6112 4866
3 6462 1679 3258
3 5763 2328 3994
3 1923 7012 4334
3 7012 6241 2807
3 7012 2807 3994
3 6241 3235 2807
3 6372 3235 1829
3 1829 5052 6372
3 6372 5052 5622
3 5196 5622 6118
3 50 5196 1523
3 5196 6118 2842
3 5196 1842 3947
3 5196 3947 2941
3 5198 5662 5169
3 5169 3725 2478
3 2478 6834 5169
3 3725 1334 2478
3 2478 1334 6461
3 2478 6461 6883
3 6550 6461 1102
3 6716 2041 2945
3 2945 6069 6716
3 6069 2945 4739
3 6456 4304 6510
3 6510 4304 3168
3 3341 7484 5725
3 7484 3341 2522
3 3341 5831 2522
3 4360 235 1773
3 6259 775 5428
3 6515 3077 7487
3 1773 7452 5827
3 5827 7452 2466
3 7452 836 4463
3 4463 6981 7492
3 6189 500 2015
3 6630 6113 2684
3 5850 2789 6113
3 6113 2789 2684
3 6113 2568 5850
3 4479 1648 3964
3 5522 6143 4283
3 1184 6210 6174
3 6215 1184 6174
3 6215 6639 1184
3 3454 6042 1298
3 6639 3328 3631
3 3631 3328 81
3 3631 81 2740
3 129 1052 3328
3 6344 1052 1500
3 96 129 2852
3 96 2852 7028
3 7028 2852 7307
3 4538 2740 4434
3 4538 4434 1833
3 1833 4434 3845
3 4434 6763 3845
3 6763 5945 5727
3 239 5727 848
3 3215 1516 3303
3 1516 2500 6816
3 1516 6816 3303
3 2500 2588 6816
3 2588 5079 767
3 6110 2618 4684
3 5260 2783 4515
3 6816 5260 4068
3 4515 4068 5260
3 4515 4110 7018
3 4787 4110 2693
3 4787 2693 1120
3 1120 2693 531
3 1120 531 3370
3 3370 531 491
3 3114 3370 491
3 2693 4796 5092
3 5688 6440 2753
3 3236 2753 4430
3 6440 6201 4472
3 4430 6613 6751
3 6613 6440 3097
3 3097 2685 6613
3 1090 61 3097
3 5356 3097 2269
3 61 2269 3097
3 263 4103 1090
3 6851 6953 263
3 4103 263 6953
3 7380 7034 4103
3 278 2198 7380
3 2198 278 3667
3 278 6953 3667
3 2198 3667 3888
3 3888 3148 2198
3 6421 2517 5105
3 5105 4549 5679
3 5105 5679 6421
3 3088 5679 4649
3 6029 2186 2758
3 282 1744 2186
3 282 4000 1744
3 5437 7347 7110
3 7347 6029 1009
3 7110 7405 6129
3 6061 218 4656
3 1757 4902 6124
3 6124 4902 353
3 4902 1757 1461
3 1461 1757 5253
3 1217 3686 4912
3 3686 3690 4912
3 3686 926 3690
3 1217 687 3686
3 5416 687 4069
3 4069 1172 5416
3 3801 1749 4069
3 1172 4069 6998
3 1749 6998 4069
3 1749 3801 5253
3 1749 5253 6998
3 5186 1673 7356
3 7356 3062 5186
3 7356 39 3062
3 1731 3062 940
3 39 940 3062
3 6998 1731 1172
3 1731 2993 2882
3 1172 1731 2882
3 2423 2993 4077
3 5979 2423 6130
3 6130 2847 5979
3 5258 7099 2847
3 4550 7122 5258
3 5258 2847 4550
3 2847 1165 4550
3 4550 1165 1272
3 2400 5551 5410
3 3075 4337 2400
3 5551 2400 4337
3 4337 3075 7075
3 4337 7075 717
3 3075 2212 7075
3 6923 6830 2212
3 6830 4756 7075
3 7471 6830 3326
3 7471 3326 5806
3 5806 3326 3302
3 1638 5011 4809
3 5011 3846 4809
3 4809 3846 3750
3 7509 668 4464
3 668 3750 249
3 668 249 4464
3 1496 4464 3346
3 1496 3346 3824
3 3824 3346 937
3 937 3346 4706
3 3346 4464 5331
3 7507 2745 713
3 5331 7507 3584
3 5629 2529 5890
3 1647 2065 3056
3 2065 3701 3056
3 3701 2065 3080
3 1253 7430 6027
3 6027 3490 1253
3 3490 4279 1253
3 4845 252 6152
3 2348 6152 252
3 1709 2348 7073
3 252 7073 2348
3 7073 2581 575
3 575 6653 7073
3 6059 3462 5481
3 1402 514 5481
3 5357 5481 3265
3 514 3265 5481
3 4564 514 1402
3 514 7133 3265
3 3265 5830 5357
3 5830 3265 762
3 5830 762 2395
3 762 4909 2395
3 4909 3522 2395
3 496 3522 3163
3 496 3163 1824
3 5245 1824 3163
3 5245 2959 6899
3 6899 2959 7171
3 5336 6439 1767
3 1767 1591 5257
3 6475 5257 6934
3 6934 3224 6065
3 3838 6065 4805
3 6618 3262 1561
3 841 4590 489
3 1765 4590 2611
3 3394 270 4590
3 2611 4590 270
3 4590 1765 7467
3 3098 7467 1765
3 7467 4685 4590
3 489 4590 4685
3 7105 7467 3098
3 1290 4026 7105
3 7192 7105 4026
3 4026 1290 5958
3 5958 5274 4026
3 7105 7192 5301
3 7105 5301 7458
3 7105 7458 7467
3 7467 7458 7578
3 2985 5301 6005
3 1539 4915 7260
3 709 7260 6664
3 5343 6664 7260
3 5343 1929 6664
3 5693 2874 7120
3 4776 360 7301
3 3102 4776 7301
3 3102 6249 710
3 1970 7136 6249
3 340 5641 1540
3 340 1540 1967
3 7332 5641 6470
3 5786 6470 3217
3 2933 6226 6094
3 7503 6094 6226
3 6472 7503 6226
3 2933 6094 7395
3 2704 7304 7024
3 2658 4698 5912
3 2658 5912 5390
3 5339 2658 5390
3 5912 3976 2525
3 2525 3976 2902
3 2525 2902 3139
3 2902 6462 7339
3 2902 7339 3139
3 6462 2902 6887
3 1810 7339 288
3 288 6462 3258
3 3258 4672 288
3 288 4672 1810
3 3284 2807 3526
3 6883 6834 2478
3 6883 5528 4799
3 7339 4799 5528
3 6883 3358 5528
3 7252 5023 1570
3 5023 6461 5281
3 1807 5281 6550
3 1807 6720 5281
3 6550 6839 1807
3 1807 6839 7491
3 6839 6716 4105
3 4105 6716 6069
3 6839 4105 986
3 4105 6069 7195
3 986 4105 6413
3 7195 6413 4105
3 7195 6069 1361
3 6069 4739 1361
3 6456 6822 1080
3 1937 1080 6822
3 6510 6822 6456
3 4699 6510 4360
3 3168 4360 6510
3 2522 235 7484
3 3168 7484 235
3 235 4360 3168
3 6822 4699 5443
3 6822 5443 6765
3 5827 6765 5443
3 7517 6765 5827
3 6992 1140 3943
3 6992 3943 2858
3 1140 2466 3943
3 1459 2241 2858
3 6992 2543 7517
3 6755 4200 2543
3 5159 2543 4200
3 4200 6755 7466
3 7466 6755 1259
3 6755 2858 1259
3 2320 7466 5587
3 5587 1192 3933
3 2088 5205 6828
3 2088 6412 3661
3 3661 6356 2761
3 4004 2516 3061
3 3964 7386 2516
3 2516 4004 439
3 2516 439 3566
3 2516 3566 3964
3 439 4004 2020
3 3061 5961 1209
3 1209 5961 729
3 1422 3061 5534
3 1422 5534 4243
3 7210 6143 5522
3 4283 1833 1809
3 5560 1809 1833
3 3805 6604 239
3 2641 848 6829
3 848 7269 6829
3 4700 7269 5945
3 3174 5945 7269
3 6824 4700 4678
3 6824 4678 1051
3 4700 5945 4678
3 7018 4678 4068
3 3303 4068 4678
3 6824 1051 3881
3 3881 7233 6824
3 7018 3881 1051
3 505 491 6916
3 2995 505 499
3 2685 5356 7010
3 6555 2269 2265
3 2265 2269 7034
3 2265 7034 3726
3 3726 7034 7380
3 3916 3148 5012
3 5012 3148 3888
3 5012 3888 2715
3 2715 3888 3069
3 3088 4649 3069
3 4188 2715 1744
3 6682 4000 3167
3 5437 7110 2827
3 5437 2827 1489
3 7110 6129 2827
3 2827 6129 541
3 2209 2690 6124
3 622 6124 2690
3 2690 1520 622
3 2690 2209 5708
3 404 5708 2209
3 1044 6668 404
3 3469 404 3223
3 6668 3223 404
3 1044 3616 6668
3 1044 2209 2099
3 2099 3616 1044
3 2099 2209 353
3 2099 353 4902
3 4454 2099 4902
3 4454 4912 3690
3 4454 2873 324
3 324 2892 4454
3 3616 4454 2892
3 324 2873 1458
3 2892 324 1639
3 1458 1639 324
3 1458 2873 1377
3 1458 455 1639
3 1377 926 3686
3 455 1458 6134
3 6134 3686 5416
3 5416 5749 6304
3 4785 1450 5979
3 5749 5979 1450
3 1450 6280 5749
3 4785 5979 7099
3 5413 2058 1267
3 1267 2058 1406
3 1406 2058 3064
3 7029 4407 1396
3 7029 1396 4289
3 4289 1396 7122
3 7122 6696 4289
3 3299 4337 388
3 6696 589 4756
3 7029 6387 3835
3 6387 724 6197
3 3273 6197 1638
3 7509 3144 4222
3 7509 4222 399
3 3144 7316 4222
3 4878 3144 3387
3 4878 3387 1599
3 3144 1286 3387
3 1286 7509 2730
3 2730 2130 1286
3 3387 1286 2130
3 1496 2130 2730
3 2130 3824 707
3 5270 707 3824
3 3746 4706 887
3 3584 4706 5331
3 7064 5629 1606
3 5890 6431 5629
3 1606 5629 6431
3 6414 6431 5890
3 6414 5890 720
3 6414 720 3701
3 3701 4559 6846
3 7317 1233 4279
3 3414 1274 2706
3 3414 2706 5150
3 5150 2706 3443
3 6579 5630 1274
3 2706 1274 5630
3 2706 5630 907
3 907 3443 2706
3 1709 7073 4984
3 4984 7073 6653
3 1040 6404 3733
3 6404 6653 4626
3 6404 4626 2689
3 2689 4626 6202
3 6202 1738 2689
3 132 6653 575
3 132 575 2581
3 2581 3462 132
3 132 3462 5765
3 5441 5765 4960
3 3281 4759 6059
3 6109 6059 4759
3 2981 3281 1460
3 2981 1460 3583
3 3281 6059 1460
3 3583 1460 4080
3 5830 747 6986
3 1824 5475 747
3 6986 747 5475
3 5475 3449 6986
3 6899 3449 5475
3 4781 7296 6951
3 1224 7296 5336
3 5336 1767 1224
3 1023 6475 6934
3 1023 6934 2172
3 3128 6951 1023
3 3883 3128 2398
3 3883 2398 2229
3 2229 2398 5634
3 2229 5634 4220
3 2229 4220 2925
3 5619 345 5096
3 5619 4220 6918
3 5619 6918 5939
3 345 5619 5939
3 2396 5634 1539
3 2396 7333 5634
3 6382 7071 5872
3 924 4399 2630
3 924 7366 4399
3 4399 7366 709
3 7120 5972 4399
3 6264 5972 7120
3 6264 3335 5972
3 4412 3335 959
3 6264 710 3335
3 3335 710 1137
3 3335 1137 959
3 959 1137 6687
3 5254 6468 4412
3 5254 3087 6468
3 5254 2381 628
3 3340 5254 6137
3 628 6137 5254
3 628 2381 4510
3 6137 628 4510
3 6137 4510 5340
3 6687 6188 4510
3 5340 4510 6188
3 6687 1788 6188
3 7136 6569 1838
3 1788 1838 5748
3 7402 1953 4369
3 5641 1953 1540
3 6244 3723 6758
3 6244 6758 9
3 1584 552 6645
3 6226 2383 6472
3 4573 3884 5838
3 3884 1805 7007
3 7007 1805 0
3 5339 1805 4573
3 0 1805 5390
3 0 5390 6752
3 7007 511 7454
3 7007 7454 4618
3 7454 6752 1851
3 7454 1851 7483
3 7483 2570 7454
3 5160 754 7252
3 3716 3096 7252
3 7252 1570 3716
3 6025 6720 3130
3 7491 986 1127
3 1127 986 6413
3 1127 6413 4793
3 1127 5436 4156
3 4793 458 3252
3 458 4793 3602
3 3602 2679 182
3 3252 458 7318
3 7318 5159 4133
3 1550 7318 2626
3 7202 4133 5984
3 5159 4200 4133
3 5984 4200 7466
3 7466 5037 5984
3 5269 3566 3814
3 3814 2020 3245
3 3245 5788 3814
3 2020 6777 3245
3 1405 4204 2244
3 6777 2020 5430
3 5430 1209 7459
3 7459 1209 729
3 7127 7459 467
3 4185 4048 7459
3 467 7459 4048
3 4048 4185 42
3 5739 42 4185
3 5739 1294 4349
3 4349 1294 1091
3 5671 1422 4243
3 5671 4243 1615
3 1615 4318 5671
3 373 2433 4243
3 5534 5522 373
3 6694 373 5522
3 373 6694 1849
3 6694 1809 1849
3 5448 6707 6991
3 6707 5448 3805
3 6707 3805 3260
3 3805 2641 3260
3 4450 3731 6707
3 4338 3260 2834
3 134 3260 2641
3 134 2641 6829
3 6829 6242 3488
3 5407 7233 1152
3 3411 7011 469
3 3411 4485 3071
3 3295 2995 3071
3 3071 2995 1451
3 7010 6544 2995
3 2995 6544 913
3 2995 913 1451
3 1541 6544 7586
3 6544 2576 5707
3 2576 153 6772
3 1994 5356 2086
3 6682 5184 2265
3 6555 2265 5184
3 1399 3906 5638
3 4974 1969 1399
3 3906 1399 1969
3 3671 3906 1969
3 3836 4974 1399
3 5437 3836 1399
3 5221 3836 2811
3 1489 3836 5437
3 1520 2811 1489
3 4974 5221 488
3 1221 6346 5221
3 6346 1221 1293
3 6346 1293 5708
3 5487 6346 5462
3 5462 472 2499
3 3469 3223 4459
3 3223 2437 4459
3 3616 187 4815
3 187 6280 4815
3 1352 2892 1639
3 4815 6280 6543
3 6543 1454 5413
3 2437 4446 3545
3 3545 4446 7436
3 7436 6841 3545
3 6841 7436 4273
3 5408 7029 3835
3 186 4123 399
3 186 7039 7113
3 7039 898 4897
3 898 4165 2137
3 7316 7227 4165
3 4878 6708 7316
3 6708 1599 5504
3 707 5270 5504
3 3746 7227 5504
3 5699 7064 1606
3 5699 1606 3092
3 3092 1606 2202
3 2202 5449 3092
3 5449 2202 3826
3 6874 5449 4172
3 3826 6431 519
3 3011 7363 7151
3 1129 3145 3414
3 3414 5150 1129
3 5150 3443 1874
3 1874 3443 1040
3 5710 5450 4939
3 7489 6157 3296
3 7489 3733 2689
3 7489 2689 1738
3 4199 2350 7489
3 5427 7489 2350
3 2350 6802 5427
3 5110 4199 546
3 4199 1738 546
3 546 1738 3551
3 6202 3551 1738
3 2719 160 4216
3 5819 5478 402
3 5819 5765 6109
3 6109 5999 5819
3 6109 4759 5999
3 6487 5999 6256
3 6487 6256 6669
3 3662 6256 5999
3 6256 5299 6669
3 2981 436 4536
3 3266 4591 2143
3 4080 6933 436
3 6933 4080 3449
3 3449 5698 6933
3 6899 5698 3449
3 7201 5698 3833
3 4403 7231 7201
3 5096 2324 7560
3 970 5939 5588
3 5634 7333 6918
3 4907 7333 6382
3 4907 4621 3779
3 3779 4621 3907
3 4621 4681 3907
3 3907 4681 6466
3 4681 7438 6466
3 7438 4681 5872
3 7438 5872 214
3 214 5872 7071
3 3087 7438 214
3 3087 5254 7255
3 5254 3340 7255
3 2879 3340 7393
3 447 3515 7393
3 447 1104 3515
3 1104 447 5165
3 5165 6137 5340
3 5392 6673 5165
3 2495 5748 1268
3 1268 5748 1155
3 1268 5360 5306
3 5360 7402 4369
3 4369 2869 6024
3 2869 4369 2579
3 1246 2579 6276
3 4873 6244 9
3 6645 4111 1584
3 4111 6577 1584
3 2233 6645 3536
3 3536 5953 2233
3 2233 7132 4236
3 7007 1568 6969
3 6902 1568 4618
3 6688 6902 3633
3 3633 3844 532
3 532 3844 2562
3 2907 4570 2570
3 2907 2570 4284
3 4284 2570 4316
3 5503 4284 4537
3 4284 1473 4537
3 1473 4316 2001
3 4391 2001 4316
3 4391 5160 2001
3 3096 4250 381
3 4250 4951 6357
3 2594 4957 4194
3 5459 6844 4194
3 4194 6025 5459
3 5436 2626 1373
3 1373 2626 6239
3 6239 1582 1373
3 4972 7469 5209
3 7469 4972 5814
3 2371 4161 7554
3 7554 4161 2937
3 7554 2937 6542
3 2937 4161 4324
3 5814 6651 4161
3 4324 4161 6651
3 6843 6651 5814
3 6843 5814 6482
3 5984 5037 355
3 2275 3006 5489
3 5489 3006 1285
3 2244 6121 3006
3 6442 3006 6121
3 6121 4762 6442
3 2393 6442 4762
3 2393 4762 7127
3 4048 591 467
3 7127 467 591
3 591 2393 7127
3 4804 4048 3736
3 3736 7292 4804
3 7292 3736 3012
3 42 806 3736
3 3012 806 1913
3 1913 4051 2281
3 3553 4318 2321
3 3553 2321 197
3 3731 5145 6991
3 3731 7118 6891
3 3731 4450 7118
3 4029 2834 4056
3 4029 2643 5543
3 4029 5543 3599
3 4891 6225 2643
3 5543 2643 6225
3 6225 543 5543
3 4891 2643 3488
3 4891 3488 6452
3 267 4563 6034
3 6242 6034 4563
3 4563 3169 1260
3 3169 267 5061
3 3030 3169 5061
3 3110 6617 105
3 6617 3617 4524
3 105 6617 4524
3 7011 2836 1152
3 3110 4587 5061
3 4587 3110 4546
3 4342 4546 3110
3 4546 4342 5625
3 3615 3078 5625
3 3078 5689 5625
3 3078 2664 5689
3 7365 7586 2316
3 7108 5707 3910
3 7108 3910 1889
3 4310 3910 6772
3 5442 4310 6772
3 4310 5442 310
3 3309 5442 1875
3 5571 1875 5442
3 1875 5571 3843
3 3747 3743 1875
3 3743 3747 19
3 3743 19 4094
3 3721 5487 3738
3 3721 3738 1886
3 4094 1886 5044
3 7518 3738 4722
3 5462 4722 3738
3 2894 4492 598
3 2890 3576 2894
3 3576 856 4802
3 3665 143 2890
3 2890 143 738
3 6724 738 6736
3 7266 3665 126
3 126 3665 1123
3 126 4624 7266
3 4624 6841 7266
3 6841 4273 577
3 5009 985 380
3 380 2923 4332
3 985 128 2923
3 1281 5316 128
3 2923 128 5316
3 5316 2124 2923
3 1281 7244 5163
3 5163 7244 1247
3 585 2555 3552
3 5942 5294 7244
3 3053 5294 2137
3 2158 3053 2137
3 7553 2158 5699
3 2504 5699 2158
3 7064 5699 2504
3 5206 7553 1439
3 1439 7553 4009
3 6739 4009 7553
3 6739 3092 5449
3 5449 6874 4009
3 7217 6948 5569
3 2489 6400 6948
3 3842 2489 3719
3 2489 6802 3719
3 6802 1668 356
3 1668 7377 356
3 2350 5110 1668
3 7077 3719 356
3 3551 312 6936
3 6722 6936 312
3 312 6677 6722
3 312 3551 2971
3 2971 6677 312
3 6677 4702 6722
3 6536 5083 5349
3 2230 5349 5083
3 5083 4216 2230
3 5349 2230 1130
3 4216 7241 2230
3 3464 7015 6700
3 7015 3464 6240
3 6477 6240 2460
3 6487 6669 1328
3 3619 5122 5027
3 3619 5027 1231
3 7560 2324 6116
3 6116 2324 3982
3 6116 3982 3570
3 2324 5167 3982
3 5167 5588 5926
3 2391 5926 7076
3 3779 2848 7046
3 2960 1775 6140
3 1775 3907 6466
3 7438 697 1892
3 7438 1892 6466
3 2285 697 6296
3 697 7255 6296
3 4657 6296 7393
3 4657 7124 6296
3 7393 3515 5936
3 7577 4138 5483
3 7163 4138 850
3 4138 7163 2018
3 850 6673 7163
3 6673 1104 5165
3 7163 5613 2680
3 7173 5613 5306
3 6024 6709 4955
3 6024 4955 5306
3 6709 244 1510
3 453 1195 2357
3 1195 6709 2093
3 6024 2869 5434
3 2357 1338 1158
3 1338 5434 172
3 172 6246 1338
3 172 4873 6246
3 5545 1014 2379
3 1014 6577 4111
3 1014 4111 2379
3 2379 4111 4236
3 5545 2379 3450
3 4236 2592 2379
3 972 2592 7132
3 972 7132 6688
3 4734 6688 3633
3 3633 532 6961
3 532 2562 1525
3 5503 4537 3913
3 5503 3913 7486
3 4537 6529 3913
3 6529 3829 3913
3 6529 953 3829
3 6529 4537 3432
3 3432 4537 1473
3 3432 1473 118
3 118 1473 2001
3 5733 5085 5860
3 4951 5463 6357
3 4453 4227 1132
3 4227 1826 1132
3 1132 1826 1787
3 4227 4957 1826
3 2594 6625 1787
3 6625 4232 4490
3 5179 6239 5209
3 7469 2371 1952
3 2940 6973 6775
3 5348 16 3969
3 5348 3969 5649
3 16 6542 3969
3 3969 6542 2047
3 5649 4447 5348
3 962 4324 328
3 6651 6623 6010
3 6010 6623 6842
3 6842 6623 308
3 308 4079 6039
3 6039 4898 308
3 6117 4898 6039
3 328 6010 6282
3 6842 5489 6010
3 5756 5489 3271
3 6600 1285 1554
3 1285 3006 1554
3 6502 1554 6442
3 6442 2393 6502
3 65 2868 6502
3 2393 6776 65
3 6776 1430 5380
3 2868 6776 5380
3 2868 5380 3787
3 2463 7415 7165
3 7415 3349 7165
3 2915 7292 579
3 579 7292 6332
3 6332 7292 1786
3 5054 1786 4032
3 1786 7292 3012
3 1786 3012 4032
3 1786 5054 3081
3 1786 3081 6332
3 6332 3081 3276
3 6332 3276 2312
3 3081 5054 6169
3 6376 2181 6169
3 2181 6376 4421
3 4421 2914 3748
3 4421 3748 6757
3 6757 3748 1375
3 2281 4051 2914
3 3748 2914 4051
3 4051 3553 3748
3 3553 197 1939
3 1939 197 3604
3 1682 4295 3007
3 3599 5543 4295
3 4295 5543 3007
3 3007 5543 4124
3 3604 1682 3007
3 3604 3007 3917
3 3917 3795 3604
3 4124 2584 3007
3 3917 3007 2584
3 2584 6757 3917
3 4124 3048 2584
3 2584 3048 6517
3 6517 3048 7308
3 6225 770 3048
3 6686 770 3709
3 414 7355 1800
3 1800 7448 5479
3 5101 3030 6514
3 6514 2097 5101
3 4587 4546 6514
3 4546 6795 3739
3 6795 5625 3790
3 3790 5625 5689
3 6795 3790 4673
3 6795 4673 631
3 5689 2623 3790
3 6814 3672 3974
3 4122 6814 4061
3 4061 6040 4122
3 2627 5818 5016
3 6490 6397 524
3 524 6397 6040
3 6490 559 6397
3 4985 6397 559
3 559 934 4985
3 559 5019 934
3 1124 4322 310
3 310 4322 4310
3 310 5442 1124
3 5442 3309 1124
3 3309 3743 18
3 18 6845 2162
3 4046 441 6845
3 3610 6845 441
3 3610 441 363
3 363 441 2253
3 2750 984 1027
3 984 3141 2253
3 3141 984 1691
3 2750 1691 984
3 6724 6736 5949
3 3138 6768 3230
3 7262 1204 6437
3 1204 6489 4841
3 1204 4841 6437
3 1965 6437 1982
3 1965 1982 4187
3 4187 1982 4332
3 4187 4332 1635
3 2124 2114 7539
3 2114 5513 7539
3 7539 5513 5467
3 5513 3364 5467
3 5918 5206 781
3 1439 781 5206
3 1161 1439 2908
3 4847 1161 2908
3 4847 2908 630
3 4009 2908 1439
3 630 2908 3757
3 7047 4847 1531
3 4686 7048 4726
3 630 1071 7048
3 7211 7048 1071
3 1071 630 3757
3 3757 6181 1071
3 6004 5841 5537
3 5663 5537 1795
3 5841 6874 4172
3 6400 3384 3194
3 6400 3842 3384
3 3842 3719 5508
3 7077 5508 3719
3 6865 477 5566
3 477 2109 5566
3 5566 3184 1597
3 7060 295 2109
3 7060 4749 295
3 4702 6536 6833
3 4433 6536 4658
3 4658 7397 4433
3 6603 4658 5349
3 6603 1850 7397
3 3373 1428 894
3 1428 4067 894
3 1626 1130 2230
3 6481 7241 4140
3 5990 2744 5289
3 1603 6240 6477
3 1603 6477 2295
3 2295 3448 1603
3 6477 6234 2295
3 1934 6234 2460
3 1934 2460 6499
3 6499 2460 1328
3 6234 1934 7499
3 5188 1435 1912
3 6499 5498 4879
3 4772 1034 1231
3 3982 4694 3570
3 4694 5636 1005
3 5636 5167 5926
3 5926 2391 5636
3 1005 2391 6050
3 7046 3953 7076
3 7076 3953 4302
3 4302 3953 2614
3 3953 2848 6140
3 7352 2840 2886
3 5454 6557 2120
3 4017 2120 1376
3 4017 1376 1283
3 2120 1162 1376
3 1162 7352 6509
3 6509 6931 1376
3 2498 1115 6509
3 3588 2938 4747
3 7567 4747 6568
3 2938 6568 4747
3 5549 597 5552
3 2201 1924 4540
3 6466 1892 965
3 3588 2498 4540
3 2285 7124 3638
3 3638 7124 3810
3 3638 3810 1398
3 4064 151 2617
3 4064 2617 6006
3 6006 2617 3749
3 7306 5936 7577
3 5483 5346 7057
3 5346 2018 5224
3 7173 5306 4955
3 4115 2412 463
3 1812 4115 2567
3 4115 463 6221
3 4115 6221 4427
3 4427 2692 4115
3 2692 2567 4115
3 6221 4144 4427
3 4427 4144 2755
3 4427 2755 5182
3 244 3637 4144
3 3637 244 6709
3 5559 1524 453
3 4144 3637 1524
3 1524 3637 1195
3 1524 1195 453
3 5559 453 3504
3 453 2357 3504
3 4840 2805 4359
3 2805 1047 4359
3 4359 1047 6269
3 4359 6269 4711
3 4614 6176 1652
3 7486 3445 1525
3 7486 4400 3445
3 3445 4400 4240
3 4400 7486 2303
3 272 7486 3829
3 3829 6340 272
3 272 6340 1748
3 1748 2303 272
3 1748 4889 2303
3 6340 303 5401
3 6641 5401 6449
3 303 7164 5401
3 953 1468 7164
3 1468 7449 7164
3 7164 7449 6959
3 7449 7216 2983
3 7449 2983 6959
3 7449 5733 7216
3 7216 5733 329
3 7216 329 2979
3 6965 2572 2326
3 2572 5350 6947
3 4520 5350 2572
3 6625 4490 4520
3 5350 4520 5911
3 4490 5911 4520
3 5497 5237 5379
3 5497 2940 6775
3 5497 5379 2940
3 2716 4225 1166
3 6377 1166 4225
3 5798 6377 6973
3 6377 6775 6973
3 4447 1513 5348
3 4447 5558 1513
3 1513 5558 4371
3 5558 7327 6486
3 6253 6486 5951
3 5756 6486 7327
3 6229 1700 7461
3 7461 3074 6229
3 1700 5951 3293
3 3293 5951 1445
3 1445 5951 2217
3 1445 2217 4036
3 6168 5506 6600
3 6600 5506 4036
3 4036 5506 4862
3 5506 6168 3858
3 5680 6168 1300
3 6168 6600 6502
3 5583 6952 7415
3 6952 5583 7096
3 5583 7415 2463
3 3081 1024 3276
3 3276 1024 6463
3 4962 3276 6463
3 1024 2382 2050
3 4853 2050 5853
3 6169 3876 433
3 6169 2181 3876
3 433 3876 7308
3 3876 2252 6517
3 6517 2252 6757
3 2252 2181 4421
3 2252 4421 6757
3 1898 7308 3603
3 3603 7308 6686
3 3839 3603 3709
3 3839 3709 414
3 3839 5479 4628
3 6427 4628 7153
3 7153 5479 233
3 1125 222 2738
3 1125 2738 6685
3 6549 2738 3739
3 6549 995 2738
3 2738 995 6685
3 995 4543 6685
3 3967 5944 2257
3 5944 4673 3060
3 5944 3060 3385
3 5944 3385 6769
3 4895 7442 148
3 148 7442 7564
3 4557 7564 7442
3 4557 3385 4122
3 7588 6397 4985
3 4985 2833 5735
3 5876 2833 4034
3 4569 4034 2833
3 4034 1160 1305
3 3778 1160 3003
3 1160 4211 3003
3 3003 4211 2726
3 3778 3003 6743
3 6743 1470 5875
3 1470 6743 5995
3 4244 2171 2726
3 3154 4244 584
3 960 3154 2534
3 2534 3154 989
3 3154 584 4422
3 3083 481 6691
3 989 6691 2534
3 15 481 3141
3 15 3141 5512
3 6520 7262 7490
3 7490 7262 6032
3 6032 7262 2390
3 6032 2390 7139
3 7262 3597 2390
3 4357 2390 3597
3 5062 4357 4187
3 4357 3597 1965
3 4357 1965 4187
3 568 5062 5554
3 4612 1353 4319
3 1353 5467 4319
3 3364 7047 5467
3 4319 5467 7047
3 4612 6559 6220
3 4612 1531 4686
3 4686 5214 4612
3 5214 5761 6559
3 5761 5214 7112
3 7112 5214 3433
3 7112 3433 2102
3 2102 3433 7550
3 7550 2994 6572
3 2994 7211 6181
3 6181 4267 2994
3 5663 1795 3194
3 1841 4267 6786
3 442 3470 3384
3 7309 442 3384
3 3384 3470 3194
3 6297 2926 7309
3 442 7309 2926
3 1799 442 2926
3 2765 6297 6085
3 107 7309 5508
3 107 5508 5914
3 7077 1413 5914
3 1413 4101 5914
3 2638 4101 2844
3 1413 6865 4101
3 4101 6865 2844
3 7280 4786 3685
3 3685 1386 1552
3 3685 1095 1386
3 1552 1386 386
3 1543 1095 3290
3 1543 3290 651
3 1095 3184 3290
3 295 4749 4084
3 4084 4433 3290
3 3511 4314 6187
3 203 7397 2899
3 7397 7021 2899
3 7123 5424 4015
3 4015 2147 3373
3 4307 1836 1141
3 1141 1836 6818
3 6818 1836 3507
3 4307 6676 1836
3 1836 6676 3557
3 6676 4067 1626
3 4361 3448 2295
3 6050 6446 4182
3 6446 2262 4182
3 7328 2614 954
3 954 2614 3457
3 3457 2614 6217
3 7387 6217 2886
3 1692 7476 7290
3 2886 7476 7387
3 2886 2840 7476
3 6535 370 2507
3 3314 370 5954
3 7302 5954 370
3 5318 943 3925
3 5318 3925 6557
3 5318 6557 996
3 6317 996 7178
3 4205 6317 4688
3 7178 4688 6317
3 1759 7181 7226
3 6931 3791 7181
3 7181 3791 2676
3 2881 2418 2676
3 6271 6568 1110
3 6568 5549 1110
3 1110 5549 2044
3 1110 2044 3749
3 3638 1398 1860
3 4005 4152 512
3 4152 3749 2617
3 7306 2617 151
3 5483 7057 7306
3 4005 7306 7057
3 2545 3038 1963
3 7057 2864 3038
3 1963 3038 4782
3 2864 4782 3038
3 1131 2692 2392
3 1684 2487 4837
3 4202 56 2392
3 6699 2392 56
3 56 1432 6699
3 5452 4202 5815
3 4202 2392 5182
3 5182 2392 3270
3 5182 2755 3361
3 5445 3361 5559
3 2422 6539 6162
3 1734 280 6539
3 6162 6539 280
3 5017 6539 2422
3 5017 2462 6539
3 3206 5829 4711
3 3206 4770 5829
3 3206 3367 4770
3 4770 3367 5794
3 5794 3367 659
3 659 6961 5794
3 4240 5794 6961
3 1652 3206 6269
3 4240 4400 1553
3 4889 2798 3054
3 6666 2820 534
3 6666 534 6641
3 639 6641 5466
3 4806 6641 3936
3 6641 6449 3936
3 3936 6449 6732
3 6449 7164 1156
3 6449 1156 6732
3 7164 6959 1156
3 1156 6959 4082
3 4082 6959 6871
3 6959 1235 6871
3 6959 4457 1235
3 4457 6959 2983
3 2983 6646 6354
3 880 6354 4934
3 6646 2979 6538
3 6538 2979 329
3 5860 3856 6538
3 6538 3856 7406
3 7406 3856 2174
3 7406 1521 1199
3 1199 1521 3380
3 2582 2174 4609
3 4609 2810 103
3 103 2810 5901
3 2810 5237 5497
3 2810 5497 5901
3 5497 6775 5901
3 5901 6775 6979
3 1616 6979 4225
3 4225 2716 1616
3 3188 876 5046
3 3188 5046 3714
3 3714 5046 3193
3 3840 1166 6901
3 5194 5774 1197
3 1729 1511 3074
3 3074 1511 2739
3 3074 2739 6229
3 1197 2073 748
3 3783 5127 5171
3 2180 2092 761
3 2092 5171 761
3 5680 975 7212
3 7212 7096 6255
3 7096 975 6952
3 1079 5583 1907
3 1907 2424 1079
3 5583 1079 3660
3 7096 5583 3660
3 4853 5853 2424
3 7096 1480 1383
3 3660 4107 1480
3 4107 5853 7153
3 7153 5853 6427
3 4107 7153 5420
3 5623 7310 1576
3 5623 5032 4452
3 4452 5032 7088
3 4695 5032 5683
3 4488 3233 5032
3 4488 1035 3233
3 1035 3499 3233
3 1035 4488 2778
3 2778 3240 1035
3 1576 2928 2778
3 3240 2778 2928
3 4002 2097 2688
3 1295 2688 1125
3 1295 1125 6685
3 2928 1295 3240
3 1324 2561 3240
3 2561 1324 3702
3 3702 7447 2561
3 574 5607 3702
3 7447 3702 5607
3 5607 574 6974
3 6974 574 6257
3 6257 4543 995
3 6257 995 3531
3 995 6549 3531
3 6177 3531 1045
3 1045 3531 6549
3 6315 2225 6177
3 471 6177 2225
3 4971 6315 7442
3 6315 1664 2225
3 4971 3004 7234
3 7234 3004 210
3 1625 3004 369
3 4971 369 3004
3 4971 4895 369
3 5864 7588 6627
3 2037 6627 1
3 7588 1 6627
3 144 7588 3407
3 5611 144 3407
3 4384 2335 5735
3 4384 5735 5876
3 5735 7588 4985
3 2833 5876 5735
3 5875 3778 6743
3 4384 1470 3407
3 3407 1470 5995
3 5431 5611 6817
3 5995 2057 6864
3 6864 7206 6817
3 6864 6929 7206
3 5120 3518 6929
3 6929 2057 4578
3 7375 7172 7067
3 6520 7156 509
3 7156 4290 7465
3 7156 7465 3483
3 1746 4290 2160
3 1746 2160 2534
3 2534 2160 960
3 6698 1760 737
3 6698 737 5996
3 737 2751 5996
3 3931 2751 2746
3 737 2746 2751
3 3931 4013 5015
3 4013 2746 7490
3 7139 7225 5720
3 5720 6032 7139
3 5720 7490 6032
3 1593 2722 6047
3 1593 1465 6977
3 1619 2722 6977
3 1619 46 4913
3 4913 46 3019
3 4913 3019 4924
3 46 3181 3019
3 3019 3181 6473
3 1655 6781 6220
3 7420 7219 209
3 1655 6559 7219
3 209 7219 2055
3 6559 1557 7219
3 2055 7219 5889
3 5889 7219 2290
3 7219 1557 1416
3 1670 1557 5761
3 6559 5761 1557
3 7550 5608 4065
3 465 5608 2384
3 465 2384 3988
3 6572 1841 2384
3 6572 2994 1841
3 1799 2926 4274
3 4274 4610 6098
3 2765 5106 1302
3 1302 5106 6660
3 6085 1763 1265
3 321 1265 1763
3 321 1763 3860
3 1763 3658 2403
3 3658 6085 3870
3 311 3658 2775
3 2638 2844 3834
3 4830 2777 1597
3 2054 4830 480
3 1844 6272 7280
3 2347 7280 6272
3 1844 3685 1552
3 6389 1552 5909
3 5909 4043 6389
3 4314 386 1386
3 4314 1386 1543
3 2899 3532 6187
3 6187 3532 3683
3 2264 3683 3532
3 2264 4824 6921
3 5030 2934 4824
3 5030 5280 2934
3 5280 5486 3278
3 1225 5486 7480
3 7123 7480 5424
3 5230 4851 5696
3 4015 2107 4896
3 2107 1141 6818
3 2262 7328 4263
3 2107 4263 4896
3 954 5754 4263
3 4263 5754 3594
3 4263 2107 6818
3 4851 2507 5102
3 2507 370 3314
3 2330 7374 5130
3 5745 1099 3000
3 1099 2701 3000
3 5745 3000 3489
3 3489 3000 4449
3 3489 4449 1426
3 4119 2875 4449
3 3653 475 2875
3 1707 2875 1008
3 475 1008 2875
3 475 502 1008
3 475 3653 320
3 502 475 320
3 502 320 5418
3 4205 2683 320
3 2683 4205 4688
3 7198 7385 257
3 5453 7226 2359
3 2359 4181 5453
3 3921 5084 7181
3 147 7181 5084
3 7226 147 5330
3 5084 5330 147
3 3921 2418 5084
3 5084 2418 169
3 5084 653 5330
3 169 1549 653
3 4544 1549 2768
3 5262 6271 1434
3 7320 350 4152
3 3319 7320 2545
3 3319 1572 7320
3 3319 1116 1572
3 2545 346 3319
3 6785 4027 3150
3 4027 346 3150
3 1963 4782 1308
3 6767 4552 4782
3 4782 4552 1308
3 4552 7440 1308
3 1308 7440 3150
3 716 2033 2115
3 4552 2560 7440
3 7440 2560 1684
3 7440 1684 2033
3 2115 2033 6967
3 474 4106 6656
3 4106 2659 501
3 4106 501 1380
3 501 2659 609
3 609 5997 501
3 4837 609 2659
3 5997 609 6699
3 5997 7276 113
3 113 7276 6403
3 113 6403 1380
3 1380 6403 831
3 7276 7263 1150
3 7263 1590 1150
3 7263 7276 5452
3 5452 5815 4168
3 5452 5020 2239
3 5589 5020 1734
3 280 1734 5020
3 5589 6056 5296
3 5296 6056 3601
3 3601 6056 2998
3 3601 2998 2455
3 5829 4121 6693
3 4121 727 7418
3 4121 7418 2455
3 2830 5304 266
3 2830 266 54
3 3054 2798 4025
3 6277 6666 238
3 1854 238 639
3 4428 5974 4736
3 5974 1712 4736
3 5466 4806 4428
3 7477 4428 4806
3 4428 7477 5974
3 7477 1777 6553
3 1777 6243 3118
3 6243 6871 3118
3 1777 3118 4315
3 6553 1777 4315
3 1235 4315 3118
3 6553 1212 3710
3 6553 3710 7357
3 1212 4934 3710
3 3547 4934 6354
3 5451 3547 6354
3 6646 3400 6354
3 6366 5633 1199
3 4620 4928 6366
3 4620 2429 4928
3 4620 734 2429
3 4620 3380 5922
3 5922 3380 1404
3 2470 4983 5243
3 5243 4983 4477
3 2470 5901 905
3 5705 905 5901
3 6979 1616 5705
3 3188 6090 5705
3 3188 698 6090
3 3188 3714 698
3 7392 6879 4352
3 5930 1906 680
3 6879 680 5256
3 6879 5256 7258
3 2515 2600 7340
3 5905 3057 7340
3 1820 5464 5194
3 5194 4495 1820
3 4495 5194 748
3 3595 6464 5370
3 748 3783 5370
3 5171 5370 3783
3 2092 3595 5370
3 6464 3595 6391
3 6391 1306 6464
3 4707 6391 3595
3 4707 3954 5202
3 7541 6316 3650
3 3355 3650 6316
3 2631 6316 1455
3 1455 6316 237
3 6330 237 6255
3 6255 1012 6330
3 6330 1012 4903
3 1012 7096 337
3 1383 4903 337
3 4903 1383 5420
3 4903 5420 783
3 6262 783 2169
3 2169 783 7088
3 7088 5420 4452
3 5683 3768 4695
3 3768 5683 3345
3 3345 2169 3768
3 3463 5683 6968
3 3463 6968 909
3 5683 5032 6968
3 2447 3233 142
3 142 3233 3499
3 2447 4825 3067
3 4825 1146 744
3 4825 744 718
3 1146 6974 744
3 718 744 2603
3 661 6974 1900
3 5111 1900 471
3 1900 6974 6257
3 471 1900 6257
3 471 6257 6177
3 5111 2225 5956
3 5956 2977 5111
3 3939 1664 4971
3 535 3939 921
3 2977 1169 4701
3 1873 6237 6749
3 6237 535 3388
3 5938 3388 4317
3 535 921 3388
3 3388 921 4317
3 3388 5938 3051
3 3051 5938 5881
3 4317 6191 5938
3 5635 5372 210
3 1704 210 5372
3 5665 5635 6236
3 5635 210 3004
3 5635 3004 1905
3 1905 3004 1625
3 6727 371 1674
3 371 6817 1674
3 1674 6817 6420
3 6727 1674 3082
3 3990 6727 2475
3 3082 2475 6727
3 1674 6420 3082
3 6420 6718 3082
3 6718 7206 6907
3 5178 7067 2052
3 2052 678 5178
3 2052 4260 678
3 2052 7053 7468
3 2052 7468 4260
3 4260 7468 6508
3 5996 33 7215
3 7215 33 3962
3 3495 671 3126
3 2210 757 7235
3 3495 5883 401
3 2637 5857 4924
3 4924 5857 5015
3 4924 6473 2637
3 4924 3019 6473
3 5682 6473 1714
3 7420 6730 4193
3 6730 2156 4193
3 7086 2156 5501
3 6730 5501 2156
3 7420 209 7235
3 209 2055 7235
3 7235 2055 4883
3 2210 7235 7204
3 1621 4883 5889
3 5889 1530 1621
3 1530 5889 159
3 5889 2290 6302
3 5889 6302 159
3 4193 5405 2290
3 6302 2290 5405
3 5405 274 6302
3 274 5405 5474
3 2674 5501 6532
3 4920 890 2647
3 6730 6610 890
3 890 6610 2647
3 4920 183 194
3 194 183 2231
3 194 2231 5501
3 5501 2231 6532
3 183 4920 2909
3 2909 4920 5941
3 4920 2647 5941
3 5941 2647 5883
3 5941 2980 931
3 5941 931 3005
3 3005 931 6060
3 6060 931 5871
3 6060 5871 2963
3 4839 5682 6467
3 6467 5682 2563
3 4839 2978 2203
3 2978 6467 1203
3 7420 3147 4713
3 4193 2290 3147
3 1203 7382 6500
3 6594 6888 2793
3 1670 5761 1431
3 1431 5761 7112
3 1431 7112 1916
3 1916 7112 3244
3 3244 1585 5577
3 3452 1585 4065
3 3452 4065 465
3 2378 3988 4274
3 2378 4274 6098
3 3620 6098 739
3 4610 739 6098
3 4548 3620 2144
3 372 2144 6660
3 4978 393 2901
3 393 2766 4732
3 4732 2766 6228
3 6120 6228 321
3 3860 2403 166
3 5921 480 7280
3 5921 7280 2347
3 5921 3938 5406
3 5591 7196 1243
3 6279 4517 4012
3 4517 1357 4012
3 3941 1357 4043
3 4043 7464 3941
3 3941 4136 2026
3 7464 6614 4136
3 6614 6884 306
3 4136 4320 2483
3 2026 4136 2483
3 7389 2483 4320
3 2026 2483 7143
3 7389 1287 4278
3 4278 1287 2090
3 1287 306 2090
3 4278 2090 5439
3 2720 5415 1563
3 5415 2720 7278
3 2720 4113 3627
3 3627 4113 868
3 868 138 3627
3 4113 5439 1880
3 1880 1751 5130
3 4918 1880 5130
3 5130 7374 4918
3 4918 813 3641
3 813 900 3641
3 6454 900 813
3 6454 813 6447
3 6447 3489 6454
3 6454 673 4648
3 673 6852 4648
3 3598 3742 606
3 3598 606 1707
3 3598 4519 5573
3 3598 5573 6852
3 6852 5573 102
3 102 5573 3981
3 3016 4519 2556
3 2556 4150 3016
3 3383 1121 3372
3 1121 1118 3372
3 2556 3383 3356
3 3356 4150 2556
3 5706 3356 3383
3 3356 4721 4150
3 6766 5706 5418
3 6766 5418 2683
3 6766 1025 4060
3 4060 1025 1331
3 1025 4947 1331
3 4060 5211 4721
3 5069 6571 6792
3 4181 6571 5453
3 6571 4181 7056
3 1389 2359 7226
3 2359 1389 1959
3 1959 912 2359
3 4181 2359 912
3 5324 1959 5330
3 5324 5330 4189
3 4189 2292 5324
3 5324 2292 3412
3 2292 4189 6347
3 6347 4189 1667
3 2292 6347 5229
3 3412 2292 5229
3 5601 6347 82
3 5601 82 6779
3 82 6347 4265
3 6351 6328 6779
3 2369 1991 6492
3 6492 1991 199
3 1991 6328 44
3 44 6328 5153
3 5292 44 5153
3 199 5292 4256
3 199 4256 4923
3 5292 6634 4256
3 3182 6785 4096
3 5596 4096 716
3 2461 612 5596
3 6522 5596 7510
3 612 7510 5596
3 3100 7045 1380
3 4106 1380 7045
3 6087 3237 6507
3 3100 831 3237
3 6507 3237 4071
3 2984 831 6403
3 3922 5820 35
3 5820 1590 7263
3 5820 7263 5296
3 35 5820 5296
3 35 2723 3228
3 3228 2723 4299
3 2723 3601 4299
3 1056 4973 2759
3 4973 4299 3601
3 4973 2830 54
3 266 6540 4151
3 1712 2282 5456
3 2282 3639 5456
3 2727 5456 3639
3 2282 6581 3639
3 3639 6581 1925
3 7477 6553 5974
3 3710 2654 5805
3 5805 978 6375
3 2536 2541 4993
3 6684 5633 4478
3 4478 5633 4928
3 4478 4928 2429
3 2429 3392 4478
3 7322 3392 4993
3 3466 3256 7038
3 2429 3875 3256
3 7038 1821 2888
3 5119 5473 4650
3 3875 734 5473
3 1548 4352 6879
3 1579 3622 5743
3 5743 3622 1508
3 3390 5743 5133
3 3509 2904 2238
3 3032 3509 2238
3 2600 2515 2904
3 2238 2904 2515
3 2515 4761 2238
3 7055 79 6624
3 6624 79 4147
3 79 1076 2150
3 1076 7055 4208
3 7055 2045 4208
3 291 3533 3353
3 291 5161 4100
3 2574 4100 5161
3 832 2574 5161
3 832 5161 4448
3 2045 5161 291
3 2045 208 5161
3 5161 208 4963
3 5161 4963 1820
3 6391 5484 832
3 2574 832 5484
3 4100 2574 5484
3 5484 4473 4100
3 4473 2523 4100
3 4175 615 4473
3 2523 4473 615
3 615 7348 2523
3 4788 1755 5319
3 5319 335 4788
3 6151 1455 6262
3 6262 1455 6330
3 6082 3345 6084
3 1276 3017 6084
3 5677 6084 3017
3 6084 289 5369
3 289 3463 5369
3 2900 2246 5369
3 6299 5369 2246
3 2246 3785 6299
3 2246 843 4207
3 843 116 3927
3 116 909 6968
3 116 6968 3067
3 6968 2447 3067
3 3927 6742 2681
3 4207 3927 2681
3 2681 6742 3646
3 3646 6742 5609
3 3646 5609 1873
3 4701 5609 2977
3 2603 2977 5609
3 1873 5609 4701
3 2741 4933 3646
3 2469 6749 3051
3 3051 6749 3388
3 5881 5002 6192
3 5002 6191 3659
3 5002 3659 6294
3 5372 6294 3659
3 6294 5372 1522
3 6616 6294 1522
3 6616 1522 3990
3 6616 115 6294
3 6616 247 5461
3 6616 5461 115
3 115 5461 6192
3 247 7542 5461
3 3817 2475 7495
3 1371 6355 390
3 3751 6444 6453
3 6453 390 3751
3 5531 1273 3001
3 1273 6444 3498
3 3498 6281 1273
3 7375 6281 3498
3 3498 6907 7375
3 5178 3759 5919
3 7067 5178 5919
3 7067 5919 6281
3 5919 3720 1039
3 1039 6281 5919
3 1039 5247 6281
3 1039 3720 5946
3 1039 5946 5247
3 5946 6920 878
3 6379 3539 259
3 6379 3759 3539
3 3539 3759 678
3 1055 6508 889
3 6508 2612 889
3 2612 3589 889
3 6379 3589 878
3 878 3589 3221
3 3589 5067 3221
3 3221 5067 5651
3 6596 6508 4996
3 3342 2251 7204
3 4996 7215 6608
3 2251 4690 2210
3 4829 5595 1621
3 4829 1621 5898
3 5898 1621 4347
3 1621 1530 4347
3 1530 159 3022
3 6302 2793 159
3 1916 3244 5577
3 6578 3022 5577
3 268 6578 1219
3 2416 1219 6578
3 4773 2416 6578
3 1219 2416 3492
3 7203 2416 4773
3 4293 3863 4874
3 3863 6578 5577
3 7203 4293 7284
3 4293 7383 2243
3 4293 2243 7284
3 7504 7103 4526
3 7103 6660 4978
3 7103 4978 4526
3 3476 5043 2032
3 112 6754 3501
3 5043 6580 6754
3 2032 2193 7286
3 4676 3546 3135
3 3546 368 5586
3 5586 368 2850
3 4854 997 6037
3 2717 7522 6120
3 7522 4854 6120
3 7522 3798 4854
3 5626 5406 4052
3 135 5778 3938
3 135 3938 3199
3 1498 2176 3366
3 797 3199 7196
3 797 7196 5591
3 3850 297 5591
3 297 3850 59
3 3850 5755 59
3 6279 4012 5755
3 4012 4553 1518
3 1518 4553 2053
3 1357 3941 891
3 2053 4553 7321
3 5904 7321 4834
3 4834 603 5904
3 7389 1563 6805
3 2386 415 6805
3 89 5870 2653
3 3627 138 2653
3 2653 138 1940
3 4264 2653 1940
3 5029 240 1940
3 4264 1940 6657
3 240 6657 1940
3 5029 4648 5097
3 1581 5097 4648
3 165 1581 6852
3 6405 165 6852
3 5200 6405 4516
3 5200 4516 7311
3 6405 3981 4516
3 811 3981 6958
3 6958 5573 5657
3 5657 4150 7552
3 7552 4150 1315
3 7552 1315 1085
3 4150 4721 1315
3 1085 1315 5211
3 4066 1031 669
3 1031 6690 855
3 1031 855 669
3 669 855 5631
3 855 6690 4608
3 6690 6792 6571
3 6690 7056 4608
3 7056 4181 6284
3 6284 912 6903
3 2426 406 6284
3 3632 2426 4385
3 4385 6284 6903
3 4385 6903 3412
3 3412 6903 5324
3 4385 3412 4372
3 4385 4372 3632
3 3412 6576 4372
3 6576 5229 1722
3 1624 1722 5229
3 3517 1624 6963
3 3681 3517 7159
3 4923 1998 6492
3 4256 3689 4923
3 4396 7510 6546
3 3776 1791 6546
3 3322 7510 612
3 3322 612 69
3 69 612 2461
3 6507 2236 6278
3 6546 217 2004
3 925 2236 2501
3 2079 925 2501
3 2236 3818 2501
3 3818 4071 3195
3 3378 2984 2338
3 2984 6403 2338
3 7248 5425 6078
3 6078 1057 2146
3 1060 4151 1189
3 6512 2146 1783
3 2146 6556 1189
3 2146 1189 1783
3 1783 1189 2762
3 6512 1783 6650
3 3246 6650 2727
3 1783 2762 6650
3 3246 620 4594
3 3246 4594 6451
3 4594 3752 5114
3 2024 5114 1925
3 1925 6375 2024
3 1925 6581 6375
3 978 2948 3429
3 4206 2948 2854
3 376 3882 4993
3 3429 4206 5691
3 5670 7038 7474
3 6292 7474 7038
3 7038 5670 3466
3 7474 6292 2559
3 7474 2559 5718
3 1536 6292 7
3 2888 7 6292
3 1536 7 2301
3 7493 6205 916
3 7324 896 6205
3 896 7193 6205
3 6205 7193 916
3 916 7193 5026
3 3390 7193 5743
3 5742 3390 2910
3 5742 2910 7270
3 7270 1504 5742
3 3572 7270 2910
3 5123 5362 3032
3 5362 7182 3032
3 7182 5362 6615
3 4979 5917 5123
3 4979 1950 5917
3 5917 1950 5965
3 440 6624 7265
3 5300 440 4169
3 440 7265 7025
3 4169 440 7025
3 4987 7265 6624
3 4147 2150 881
3 2150 3353 881
3 881 3353 3533
3 881 3533 4145
3 3533 4100 4145
3 4145 4100 927
3 4987 4147 7348
3 4987 7348 1890
3 1755 3369 6790
3 6790 3369 6704
3 6704 3369 5677
3 4788 6151 2697
3 3644 6151 6262
3 6704 4073 6238
3 3897 4073 6704
3 3877 5516 3897
3 5516 3877 6299
3 3877 3017 1276
3 6299 3877 1276
3 5676 4214 5516
3 5676 7214 4331
3 7214 3785 794
3 794 3785 4207
3 7214 4718 6048
3 4933 4718 2681
3 2741 6804 4933
3 7209 2469 4301
3 6192 5378 5881
3 2920 1207 4301
3 1207 2920 5877
3 5877 2920 1438
3 5378 2920 4301
3 1438 2920 1989
3 2920 5532 1989
3 2891 7542 3327
3 1042 3327 7542
3 1365 7495 6355
3 1365 6355 6247
3 6247 6355 1371
3 6247 3978 367
3 367 3978 2362
3 4674 6453 3508
3 5531 3508 6453
3 2289 3001 1467
3 3770 1029 6301
3 5946 3221 4020
3 4020 3221 5651
3 1622 5651 4639
3 1909 4639 5651
3 1909 2465 4639
3 6333 7445 1909
3 1909 7445 2465
3 1544 4991 366
3 6877 366 2196
3 4991 7072 366
3 366 7072 2196
3 5898 4347 215
3 5898 215 1782
3 1782 215 268
3 1284 5992 5661
3 2043 268 4445
3 3492 7116 4445
3 5661 4445 7116
3 7203 7284 7504
3 7373 3669 1356
3 6307 4676 1083
3 73 1083 4676
3 1083 8 6307
3 5353 1083 73
3 8 1083 1392
3 6204 3441 2821
3 5053 5586 3798
3 5053 3798 6960
3 3798 2850 4854
3 2076 6960 6545
3 7522 6545 6960
3 2459 5567 4750
3 4750 6022 2459
3 4750 525 6022
3 4442 1316 1498
3 525 1316 4766
3 4442 3366 656
3 6823 656 297
3 2791 6823 1167
3 1167 6823 431
3 3784 431 6823
3 431 3784 4717
3 3784 400 2250
3 3784 1519 4717
3 2250 1518 2053
3 2250 7321 1519
3 1519 7321 4717
3 4717 7321 5904
3 2795 26 6342
3 26 6041 6342
3 778 7336 7097
3 1941 1794 7148
3 6648 4834 415
3 4474 778 7097
3 3753 6632 41
3 6632 6657 3279
3 3279 6657 240
3 240 5029 3279
3 3279 1360 1538
3 3279 1538 6632
3 5200 2824 6405
3 3802 7134 6679
3 4516 811 7134
3 811 895 7134
3 5195 7134 895
3 5195 895 3618
3 895 6958 3618
3 4159 3618 7552
3 2528 4159 4066
3 4159 7552 4066
3 5228 669 5631
3 3699 2528 3935
3 3699 3935 4740
3 2528 5228 3935
3 3362 406 6808
3 1201 6808 406
3 6808 1201 6149
3 1201 313 6149
3 6149 313 7500
3 3769 313 1414
3 3769 1414 4642
3 4642 3439 3769
3 4642 1234 3439
3 4642 1414 2226
3 1234 4642 3632
3 4642 2226 2426
3 2426 3632 4642
3 6576 5947 1507
3 5947 6576 1722
3 5947 1722 1624
3 3517 3681 1059
3 1059 3203 3517
3 3681 5099 1059
3 5099 3889 1059
3 871 1059 3889
3 3889 5287 871
3 213 3889 5721
3 5099 6672 6491
3 6491 6672 7573
3 1147 3681 2133
3 6399 4076 808
3 3681 7159 2133
3 808 4076 3607
3 4076 6399 2046
3 1710 808 3607
3 3607 6492 1710
3 808 1710 6399
3 1921 6399 3086
3 1710 3086 6399
3 3086 7245 1921
3 7245 2016 5329
3 5329 2016 3291
3 5329 3291 2608
3 2608 3291 691
3 2016 3689 3291
3 3291 6546 1791
3 3291 1791 691
3 3103 2608 5337
3 5337 3101 3103
3 3101 5337 4466
3 3776 2004 5337
3 2004 4466 5337
3 2004 4651 4466
3 6697 2999 6290
3 2999 4651 6290
3 5166 6290 2079
3 2079 6290 925
3 5166 1567 5422
3 7521 5166 2079
3 2501 4558 2079
3 7521 2079 4558
3 1567 7521 2300
3 2300 6223 2951
3 2951 5691 4844
3 5422 2951 4844
3 4844 5718 4527
3 7305 4716 4527
3 4171 7315 7305
3 7305 7315 6018
3 7493 2651 5426
3 5426 5055 7493
3 5426 2651 123
3 2651 5026 123
3 5426 123 5149
3 5149 123 5652
3 5149 5652 2430
3 5149 2430 7089
3 1504 7270 7250
3 5482 4691 7270
3 7093 5482 7270
3 6882 7093 374
3 6882 374 5685
3 5685 374 7535
3 6615 4791 7093
3 3572 6615 7093
3 4791 6615 5362
3 6705 7036 5782
3 6705 2363 7036
3 1774 6705 6712
3 6705 5782 2883
3 7254 2883 4629
3 2883 5782 4629
3 1656 5300 4169
3 5594 839 3292
3 839 7025 5610
3 2310 708 5862
3 5610 6994 3292
3 708 3292 6994
3 5862 708 6994
3 5610 7025 6926
3 6926 7025 5770
3 5770 7265 4987
3 1890 862 5770
3 1961 5770 862
3 2170 6790 6238
3 4410 5375 6238
3 2170 6238 5375
3 5204 4053 7297
3 7498 4331 587
3 6048 5865 4331
3 587 4331 5865
3 7297 587 5865
3 6048 4718 5865
3 5865 4718 6804
3 6804 4718 4933
3 5865 6804 5877
3 1617 1438 5136
3 1438 1989 5136
3 5136 5837 1825
3 367 2036 5076
3 2362 5643 7149
3 5787 4941 5005
3 5005 4941 5643
3 2267 3912 4512
3 2267 4512 7154
3 4512 3912 3508
3 4070 4512 2289
3 3508 2289 4512
3 5787 4674 3508
3 4070 1026 5616
3 4070 2289 3770
3 1026 4070 3770
3 5616 792 763
3 763 792 1367
3 792 6301 3117
3 792 3117 1367
3 6301 4007 3117
3 3117 2542 6283
3 4007 5668 1193
3 5668 2420 1622
3 5668 1544 1193
3 1193 1544 5338
3 3226 6877 6283
3 6877 3226 5338
3 2354 3732 6030
3 2354 6030 3960
3 6030 6619 7326
3 7049 847 699
3 699 847 2387
3 699 2387 5325
3 847 5496 2387
3 4039 5496 5898
3 5898 1782 4039
3 2887 4039 4771
3 5992 4771 4039
3 5992 2784 4771
3 4771 2784 5823
3 5823 2784 2154
3 4367 2154 2784
3 2154 4367 6854
3 6164 6537 2947
3 1329 2413 40
3 782 40 1870
3 1870 1587 2707
3 2218 7286 4914
3 4914 5647 2218
3 6307 8 4914
3 8 885 4914
3 5021 1392 5310
3 5353 5042 5310
3 5042 5353 7481
3 7470 4820 1505
3 7070 5514 1598
3 7070 1598 1028
3 1028 6022 7070
3 5567 1598 4008
3 1598 2821 4008
3 4008 2821 2076
3 1337 4766 4715
3 2992 4766 1337
3 2992 6868 4766
3 594 6595 2992
3 5190 2992 1337
3 5190 1337 967
3 1323 5190 1167
3 967 1167 5190
3 4715 967 1337
3 1167 967 2791
3 1323 4417 5190
3 6595 594 5384
3 1323 431 860
3 1323 860 3474
3 860 431 4717
3 766 2921 4325
3 3474 2795 2921
3 2795 4325 2921
3 5527 2168 4703
3 4275 7511 4810
3 4859 818 3753
3 818 1491 3753
3 1491 4474 6632
3 6632 4474 3744
3 3744 4474 23
3 4474 4744 23
3 4859 392 7511
3 392 5060 7137
3 5060 1538 6914
3 6914 2051 5398
3 2188 5398 2051
3 7030 3571 5398
3 2188 2051 3802
3 3802 2051 7311
3 7134 5195 7520
3 4740 7411 5303
3 7411 4740 4090
3 7411 1490 5291
3 7500 3046 140
3 7500 3769 7291
3 7291 3769 3439
3 3920 2190 2725
3 4245 2725 2419
3 2190 1507 2725
3 2725 1507 4597
3 2725 4597 2419
3 3203 4021 4597
3 2419 4597 4021
3 2419 4888 2002
3 5117 5287 3544
3 1542 213 3928
3 3544 1542 3928
3 3861 2625 3957
3 4255 3957 2625
3 3263 2342 5345
3 3263 5345 152
3 5597 5967 6000
3 6939 6000 7573
3 5251 4769 5858
3 1574 5323 6173
3 5811 4977 6186
3 4329 3103 3101
3 4661 4329 3402
3 4661 3402 3987
3 3987 3402 7305
3 6511 3101 4466
3 6697 4716 6511
3 4661 3987 6186
3 6186 3987 929
3 929 3987 1148
3 929 1148 7187
3 3987 6018 1148
3 3694 5055 2496
3 2496 7187 3694
3 5055 4370 2496
3 4370 5426 5149
3 5149 3365 2258
3 5149 2258 4370
3 5858 7089 5952
3 3208 7548 5952
3 5697 2430 7250
3 5697 7250 7548
3 7548 7250 2438
3 4351 3351 5544
3 5544 3351 1452
3 6737 1452 7254
3 5180 5594 5783
3 1452 1828 5544
3 5231 3977 2954
3 5783 4158 2954
3 2310 1043 6043
3 6043 1043 1372
3 2197 1372 3037
3 1043 412 1372
3 1372 3242 3037
3 3037 3242 3099
3 4600 3021 412
3 4600 6046 1257
3 4746 6046 930
3 930 5490 4746
3 1742 3306 1961
3 5490 3306 583
3 4579 7085 1742
3 7085 4683 2513
3 4420 4683 2098
3 4420 2098 3289
3 4683 3287 2098
3 3289 2098 7297
3 7085 5375 3287
3 5659 604 6353
3 809 1825 6353
3 2554 5726 7149
3 2131 5726 4779
3 4230 4779 5726
3 4230 2867 4779
3 4230 3200 2867
3 2867 3200 4935
3 5643 2119 3200
3 4935 3200 2119
3 5025 2119 7022
3 693 5941 5383
3 5025 1987 6876
3 361 4465 2794
3 516 2794 6224
3 6060 2509 922
3 4016 5364 516
3 5364 2965 5098
3 1263 274 1565
3 5474 1565 274
3 1263 1565 7249
3 5129 2956 7346
3 7086 2674 7346
3 7326 2674 6532
3 7346 7326 540
3 6532 3960 7326
3 540 7326 846
3 846 7326 955
3 540 5129 7346
3 540 846 4826
3 4826 846 1564
3 846 17 1564
3 1564 17 5642
3 5642 7344 2259
3 5642 2259 3272
3 6 3272 7119
3 3272 2259 7325
3 2329 5325 4377
3 2329 4377 4055
3 2887 1114 4377
3 944 1789 5045
3 1977 6476 3514
3 6476 1977 4383
3 4383 2060 6476
3 1977 4780 4383
3 1659 3647 5070
3 3647 5807 5070
3 3647 3307 5807
3 5004 5807 3307
3 3307 5737 5004
3 3307 827 5737
3 827 3654 5737
3 4705 5737 3654
3 5660 4705 3654
3 6104 5660 4006
3 5660 5603 4006
3 4006 5603 5924
3 4876 5603 2804
3 3654 5021 5603
3 5021 2804 5603
3 5021 2179 2804
3 7470 6359 5924
3 5924 6359 864
3 864 6359 7068
3 5492 6359 2648
3 6359 6133 2648
3 553 6523 407
3 407 1879 1179
3 3963 5384 6441
3 1242 6441 3991
3 4081 1374 2168
3 4081 2168 5527
3 1374 5575 2168
3 4451 4054 6208
3 6208 2997 4275
3 7462 4810 793
3 7462 793 6534
3 7137 3792 2667
3 2667 3792 3571
3 6607 793 6268
3 2667 3442 6268
3 6607 6268 6761
3 5540 5215 2028
3 3442 4114 5215
3 7030 4908 4114
3 6679 1761 2604
3 7030 2604 2480
3 1761 7520 5975
3 4988 1772 2944
3 307 5495 1772
3 1772 5495 3140
3 307 1108 5495
3 879 5495 1108
3 5291 1490 307
3 1108 307 1490
3 1490 4090 1108
3 6409 10 7291
3 6799 2996 6409
3 6409 2996 2189
3 6409 2189 6361
3 6361 2189 870
3 2189 2996 7052
3 7052 5703 2189
3 6799 4245 7052
3 4245 6799 121
3 2002 6821 4245
3 2002 4888 5117
3 5117 6821 2002
3 7100 3928 1672
3 1672 2625 3861
3 3861 2441 163
3 4418 3861 163
3 163 2441 3421
3 163 3421 2832
3 2441 5866 3421
3 1178 3421 5866
3 1726 5866 292
3 3957 5866 2441
3 4861 1726 872
3 1726 2549 872
3 2549 7548 5268
3 2438 4576 7548
3 4576 2438 5544
3 4576 5544 2074
3 5275 2954 4158
3 5231 5275 5736
3 5736 5275 4631
3 5275 4455 4631
3 4631 4455 2530
3 2530 4455 3037
3 3037 4455 2197
3 7303 3037 6890
3 3037 3099 6890
3 2405 5366 4575
3 6890 4575 6554
3 4575 5366 6554
3 581 5078 5366
3 581 6392 5078
3 6392 196 5078
3 2405 6392 581
3 4958 5937 300
3 6392 5937 4233
3 1117 4958 4881
3 1623 4881 4958
3 1623 6046 4746
3 1081 3434 675
3 3434 2533 5435
3 1081 4935 1149
3 1149 1363 6876
3 2671 5025 1363
3 2533 6876 5435
3 5435 6876 2436
3 5435 2436 6102
3 3300 5192 2794
3 5129 2675 2956
3 5593 7419 5098
3 2482 5985 7419
3 5985 1565 3187
3 5129 4826 4014
3 3300 4014 4748
3 7505 174 5273
3 174 1811 3828
3 3828 1811 4163
3 1811 5642 1933
3 5389 1933 6
3 296 5389 3227
3 5389 1858 6261
3 5389 6261 3227
3 3227 6261 928
3 6261 7119 3880
3 3880 7119 5137
3 6599 5538 7544
3 6599 3958 582
3 582 3958 1911
3 582 1911 4131
3 3958 1857 1911
3 4055 4797 6345
3 1857 6345 2815
3 3998 4797 3045
3 7555 3093 4797
3 339 6869 2734
3 2734 3944 339
3 944 2402 339
3 339 2402 6869
3 2402 5672 6869
3 6731 6869 7323
3 6869 5672 7323
3 5239 7323 1000
3 1000 7323 305
3 5073 6388 4812
3 1609 4812 2446
3 1697 2060 6570
3 6570 2060 5530
3 5174 4383 5669
3 2550 2434 5174
3 4931 5174 2434
3 4931 2434 4134
3 2550 911 2434
3 2434 5219 4134
3 911 2550 4498
3 2550 5669 2373
3 2670 2373 4780
3 2670 5070 344
3 1694 344 5807
3 1694 5807 5403
3 1694 5403 4498
3 4498 5403 2639
3 5523 601 4643
3 601 6104 4643
3 4089 2634 6798
3 64 5492 2648
3 3241 64 1179
3 2648 1179 64
3 2752 3241 549
3 1179 1879 3241
3 2360 3241 1879
3 549 2360 1964
3 6778 1242 1985
3 1038 2575 4451
3 7551 4814 1419
3 6327 1779 7101
3 7101 1779 6208
3 7101 7462 3754
3 6534 764 7462
3 5488 6607 968
3 968 6761 3347
3 3347 6761 6076
3 5540 2028 893
3 5540 893 6076
3 2028 5093 893
3 5093 2028 2846
3 5446 149 6331
3 6331 4249 5191
3 7218 4908 2480
3 7218 2480 6548
3 6548 6251 7218
3 7218 338 5116
3 5116 338 6251
3 5116 6251 3623
3 3623 6251 4988
3 2944 6132 3623
3 6132 2944 3216
3 3216 2944 7571
3 6132 3216 2503
3 2503 6719 6132
3 2503 3216 5278
3 5000 5278 1128
3 3216 3337 5278
3 1037 4262 3337
3 4262 6774 3337
3 4262 4102 6774
3 4102 4262 2125
3 6384 1533 4475
3 1533 4102 870
3 4102 2125 6361
3 1533 870 2189
3 4475 1533 5703
3 2189 5703 1533
3 5590 5298 2558
3 299 5703 4155
3 4155 5703 7052
3 6821 3765 3451
3 2806 3765 7100
3 2806 7100 586
3 2829 2806 586
3 7100 1672 586
3 4418 5279 117
3 2066 1471 7062
3 163 2832 5279
3 7062 5279 2832
3 3480 6811 7062
3 6811 3480 286
3 6811 286 3041
3 70 3041 286
3 4576 2297 6863
3 840 4291 1908
3 7303 7482 6233
3 4631 7303 2663
3 7482 2743 1444
3 2743 2564 3357
3 2743 3357 1444
3 2564 3634 3357
3 3634 1086 3042
3 3634 3042 3259
3 3434 1086 6554
3 6554 5366 3434
3 1086 3434 5435
3 3259 3042 2256
3 5435 2256 3042
3 3259 751 6488
3 3259 22 751
3 22 3259 5646
3 22 5646 3828
3 3013 2084 3828
3 22 3828 2084
3 22 2084 751
3 4163 1861 3013
3 4163 4745 1861
3 7239 4965 5066
3 4965 928 6261
3 4752 6261 3880
3 3880 5137 205
3 1397 2929 4949
3 205 5137 4387
3 6590 4387 5137
3 6590 6526 4387
3 1484 4429 6325
3 4131 704 4429
3 4429 704 7453
3 4429 7453 6325
3 6325 7453 74
3 704 1919 7453
3 1919 569 741
3 569 1350 741
3 741 1350 5764
3 1350 317 5210
3 5210 317 1433
3 1911 2815 2220
3 3998 3045 5878
3 5878 1730 3998
3 5878 3045 420
3 420 3045 6731
3 4129 5239 1000
3 4129 408 6206
3 6035 6206 408
3 6206 6035 2449
3 6035 4487 2477
3 4487 3008 2477
3 1528 3008 7059
3 3008 305 1609
3 1528 7059 1677
3 7059 4237 5998
3 7059 5998 3758
3 4237 326 5998
3 5998 5530 5174
3 5998 5174 4622
3 53 7027 5219
3 2247 4423 807
3 2732 4931 636
3 2905 7272 2773
3 5219 4498 7272
3 2773 4498 2639
3 5959 2639 4190
3 5187 2149 3868
3 3065 6938 5848
3 5848 5523 3065
3 5523 449 4850
3 626 4850 449
3 2635 616 626
3 4850 626 616
3 616 2635 7566
3 2635 6429 6806
3 7068 6429 4409
3 2635 4409 6429
3 4409 2635 4967
3 1988 7068 5492
3 7125 3970 2682
3 6602 2682 3970
3 2682 6602 2017
3 4501 2017 6602
3 7551 4501 2453
3 4501 6602 2453
3 2453 6602 633
3 2752 5010 2453
3 1419 4339 7551
3 1419 2113 4339
3 4339 2113 2017
3 2113 1819 2017
3 1419 1332 2113
3 1819 2113 3122
3 1332 1419 6327
3 6327 1288 5152
3 4139 1288 7101
3 7101 3754 4139
3 5465 1735 2917
3 2917 3347 6076
3 563 2917 6076
3 2511 4023 7229
3 7229 6126 51
3 4857 51 7268
3 6840 6126 4871
3 2660 5093 6126
3 6331 5973 5446
3 6331 1355 5973
3 7218 5116 1355
3 1355 5116 5973
3 3549 4653 4049
3 3549 4049 4871
3 4871 4049 6840
3 4653 6719 4049
3 4049 6719 1569
3 4049 1569 906
3 6309 6719 2503
3 7281 2333 3762
3 2333 7281 155
3 4521 6023 6384
3 4521 2105 2255
3 2668 5590 6859
3 7342 2668 6859
3 4586 2806 3159
3 2558 3765 2806
3 1280 3808 3159
3 3159 3808 6859
3 3026 3808 1993
3 452 5861 2066
3 2829 1471 5861
3 1471 2066 5861
3 1251 7145 452
3 452 7145 1993
3 2066 2953 1251
3 7422 1251 650
3 2953 650 1251
3 7062 2953 2066
3 650 2953 4057
3 7145 515 6445
3 1506 7422 1309
3 4242 1309 7422
3 1309 1429 1506
3 4242 3041 1309
3 1309 2661 1429
3 5568 70 7293
3 7293 70 286
3 5808 5276 5048
3 4723 5268 759
3 4723 759 6146
3 6146 759 6863
3 5048 6066 5808
3 6066 1444 5833
3 3471 5833 3318
3 1444 3357 5833
3 3318 5833 6881
3 3318 6881 395
3 395 6881 2819
3 6881 6787 3899
3 6881 3899 6070
3 6787 7013 3899
3 4904 6787 6071
3 1932 6071 6787
3 1932 6881 5833
3 6488 5833 3357
3 7239 7516 5658
3 7189 7013 7516
3 7013 1657 3899
3 6070 1657 5989
3 7189 3354 1657
3 1657 3354 5989
3 5989 3354 2826
3 2826 3354 2368
3 3354 1883 4439
3 3354 4439 2368
3 5066 3027 5394
3 5371 3251 6144
3 6261 4752 4965
3 4752 6144 4965
3 3027 3251 4807
3 3951 6144 1397
3 1397 2930 3951
3 971 3951 2930
3 2930 1397 4949
3 4387 5176 1436
3 4387 1436 4884
3 6526 5103 5176
3 5176 5103 2974
3 6526 6325 5103
3 2974 1185 6978
3 1185 7453 4811
3 4811 3698 2593
3 3698 3136 7329
3 7329 3136 5008
3 5469 4148 7473
3 1730 5764 5210
3 5414 533 7230
3 7230 533 4738
3 5414 1135 533
3 4738 533 3985
3 1135 6681 533
3 533 6681 2602
3 533 2602 3985
3 6681 260 2602
3 260 6681 2449
3 260 2449 6035
3 260 5927 2602
3 2048 2602 5927
3 5172 753 5653
3 753 4001 5653
3 4001 5172 1677
3 4192 4336 4636
3 4636 4336 6915
3 6915 4336 4743
3 4743 3581 6993
3 3581 7059 1796
3 3758 1796 7059
3 6993 1796 7074
3 4622 2732 7074
3 2732 6563 7074
3 7074 5690 6993
3 5690 7074 6073
3 6073 2823 5690
3 4215 6563 2855
3 4215 2855 5686
3 7027 5686 2855
3 7027 4741 2756
3 7180 5854 4741
3 6678 4741 5854
3 6115 2905 5477
3 6115 5477 3395
3 3788 3395 6912
3 3395 5477 6912
3 7403 3788 5673
3 3707 2110 3209
3 3707 3209 255
3 3918 3427 6912
3 7160 3918 5187
3 5187 4966 7160
3 5523 4850 3065
3 4966 5187 1803
3 3333 1990 6663
3 1990 6248 6663
3 4380 3333 5399
3 5592 4380 5399
3 5399 7125 5592
3 883 769 2451
3 4768 5465 2376
3 4247 4945 2139
3 4857 7268 910
3 4049 906 2735
3 5252 1569 4588
3 4505 2866 1301
3 1301 2866 3153
3 1301 3153 3052
3 3153 4613 3052
3 2866 2696 3153
3 2484 4619 6503
3 4619 777 7368
3 3578 6398 7368
3 777 5895 7368
3 3578 7368 3371
3 4392 2668 5470
3 3371 5470 2668
3 2668 7342 3371
3 4364 2339 7342
3 6398 2932 3477
3 2339 1897 2932
3 4141 2932 1897
3 1897 2339 4364
3 1897 4364 3436
3 4356 6343 3026
3 3436 3026 6343
3 6343 4356 3477
3 6343 3477 4141
3 2272 6445 7422
3 1429 6300 3979
3 3979 6300 6644
3 6300 2661 1006
3 6300 1006 4571
3 2661 5568 1006
3 1006 5568 6193
3 1006 6193 4571
3 6193 4634 2356
3 7293 3722 2353
3 7293 2353 4634
3 2353 2356 4634
3 6193 2356 3471
3 6193 3471 4571
3 3471 3318 4571
3 4571 3318 315
3 395 2819 315
3 2819 5667 315
3 315 5667 4571
3 6904 2819 3537
3 6904 3537 6740
3 3537 6881 6070
3 1657 6070 3899
3 5989 2551 1180
3 2551 2826 6131
3 1058 6003 3178
3 6003 2712 6642
3 2712 4439 6642
3 1883 4887 6642
3 4807 277 3027
3 2208 4807 5792
3 5394 3575 4887
3 4887 3575 6644
3 4954 6300 5667
3 4571 5667 6300
3 4954 6904 7583
3 6904 1064 2764
3 4097 6740 1264
3 3178 4308 1180
3 3178 1180 3529
3 3529 1180 124
3 4308 5989 1180
3 6503 2930 2484
3 2484 2930 4344
3 2930 4949 4344
3 752 1314 5290
3 5991 6978 490
3 5585 490 6978
3 5585 6978 7207
3 7207 6978 2215
3 2215 4340 7207
3 1185 5265 2215
3 2215 5265 4340
3 4340 5265 5397
3 2652 6012 5899
3 6012 1312 5797
3 6012 2645 5899
3 7329 2127 5797
3 2127 7329 6713
3 3455 2127 6058
3 6713 6058 2127
3 6713 5282 4470
3 6058 4470 7000
3 5282 5008 1949
3 7169 3985 1653
3 3980 914 1208
3 1208 914 3651
3 2048 5927 3304
3 5653 4659 4177
3 4177 4659 998
3 4177 998 3966
3 4659 3180 998
3 3966 998 3506
3 5283 5796 3180
3 4667 3180 5796
3 5283 2474 1240
3 2474 5653 5795
3 5796 5283 1240
3 131 5821 1240
3 3468 5821 131
3 3679 3468 283
3 131 283 3468
3 283 131 5795
3 283 5795 4636
3 5795 4192 4636
3 3468 3679 2031
3 3468 2031 5821
3 5821 2031 858
3 2031 451 3796
3 2031 2823 824
3 2031 824 858
3 858 824 1421
3 5141 5750 4215
3 4215 5686 5141
3 5141 5686 403
3 3172 5141 1661
3 4741 5968 2756
3 6528 1785 4585
3 4585 1785 3887
3 3887 1785 158
3 6528 5271 7161
3 3548 7161 949
3 5854 7403 318
3 6710 318 7403
3 6989 6710 5673
3 7285 3786 6702
3 3786 6989 6702
3 2081 4582 6702
3 6989 2081 6702
3 4582 1381 3893
3 4348 1381 269
3 269 1381 1671
3 1671 3222 269
3 255 5839 1671
3 4966 486 6955
3 6955 486 1956
3 486 2291 1956
3 1956 3398 3222
3 4755 6248 5309
3 6248 4380 5309
3 5834 5309 5674
3 5834 5674 2531
3 4335 2828 2185
3 6288 6097 2828
3 2828 6097 2185
3 4335 2185 3959
3 3959 2185 852
3 2531 3320 11
3 2531 11 5834
3 5834 11 5645
3 11 3320 4186
3 5645 11 4186
3 4186 3755 705
3 3755 1724 4682
3 1724 852 4945
3 4945 4247 1724
3 4247 4682 1724
3 6212 2939 6145
3 1784 2939 6212
3 1784 6108 2939
3 6108 5322 2939
3 3909 7141 6367
3 6367 5320 1341
3 6367 1066 5320
3 4998 5252 3989
3 6368 3989 1296
3 1296 2019 3052
3 1296 3687 3704
3 3704 3687 5868
3 2135 5290 5868
3 5290 2135 752
3 5785 752 2135
3 5785 4613 7282
3 4344 3763 7271
3 4344 2540 3763
3 7207 5104 2718
3 5104 4340 5429
3 4340 2652 5429
3 5429 30 1403
3 5226 899 6726
3 2129 899 2645
3 2129 2305 513
3 6565 513 2305
3 1318 6565 652
3 6565 1229 2323
3 2323 1229 3455
3 2323 2990 979
3 2990 785 979
3 5377 6528 7161
3 3548 3558 5621
3 949 1213 6982
3 3368 1319 119
3 1319 7285 119
3 1823 2942 7285
3 5715 2748 5684
3 1823 7285 5342
3 5342 5766 4789
3 7065 3893 2249
3 3119 2249 3893
3 2249 3119 1935
3 3119 190 2178
3 2178 3398 3766
3 5834 5645 6415
3 6415 5645 5185
3 6415 5185 6637
3 6661 6996 5185
3 6661 4186 705
3 5844 6996 564
3 5844 564 5322
3 5322 6733 5844
3 6733 6524 5320
3 1848 473 6385
3 7140 6385 473
3 6385 1577 1848
3 6385 4843 1896
3 1872 4843 935
3 935 4843 6825
3 6825 5529 935
3 6368 3704 5529
3 5220 6374 5402
3 1872 4670 4213
3 6374 4860 5307
3 4213 4670 7533
3 4670 5307 7533
3 4860 91 5799
3 5799 2546 2427
3 91 7435 5799
3 3635 2409 5868
3 1258 5104 5429
3 1258 5429 1403
3 1403 110 2546
3 2546 110 387
3 110 2248 387
3 2122 6726 6235
3 6235 221 5036
3 6906 221 6726
3 6906 6726 2129
3 513 6906 2129
3 4539 513 1318
3 4539 1318 6941
3 1642 4539 2456
3 2456 4525 3459
3 3459 4525 2364
3 4525 1345 7427
3 2364 4525 7427
3 3073 4852 979
3 3073 5915 863
3 1126 863 6180
3 6419 1945 2007
3 3745 2007 1945
3 1945 3105 3745
3 6395 4728 6419
3 1945 6419 4728
3 3105 1945 4728
3 6395 6419 428
3 428 6419 3930
3 428 3930 6893
3 2007 5925 6419
3 5925 6982 3368
3 2942 5199 3368
3 5925 3368 5199
3 5199 3930 5925
3 6893 3930 1884
3 5715 5684 6735
3 6735 5684 4261
3 7065 2249 5825
3 6735 4261 3014
3 4261 5825 3014
3 2249 1935 5825
3 5825 1935 5423
3 3014 5825 5885
3 5825 5423 5885
3 1935 5803 5423
3 1343 6637 6493
3 5844 6493 6637
3 6493 1831 1343
3 6493 2319 7394
3 3911 2319 7277
3 2319 6493 7277
3 5844 3636 6493
3 3636 5844 6733
3 5969 7277 1577
3 1896 4476 5969
3 4476 6620 6147
3 3864 6306 4213
3 6620 4120 5581
3 4120 7533 1077
3 6856 6267 2152
3 7533 6267 1077
3 3624 6267 6856
3 1077 6267 2876
3 3624 3996 6214
3 6214 3996 5460
3 6856 3837 3996
3 6856 14 3837
3 14 1087 3837
3 14 6856 1706
3 1706 2427 14
3 1087 14 2427
3 3116 3664 3837
3 5460 3664 3213
3 4198 6235 3116
3 5036 3116 6235
3 1440 6906 1642
3 2456 6717 1440
3 6717 3459 4389
3 6717 4389 5863
3 4389 1855 5863
3 5863 1855 7205
3 1855 4728 7205
3 539 2299 2859
3 2299 7205 2859
3 2299 539 694
3 694 5863 2299
3 7205 2299 5863
3 694 4633 4424
3 4178 1106 5620
3 2841 5620 1106
3 1106 7279 2841
3 2175 1106 4178
3 2175 2859 6893
3 4376 7279 4751
3 4751 6893 4376
3 4376 6893 1884
3 4376 1884 1983
3 1983 1884 5715
3 3663 1983 6735
3 3663 1133 1983
3 204 2468 3663
3 3663 2468 1478
3 5885 3084 2468
3 5423 5006 5885
3 5006 2802 5885
3 3084 5885 2802
3 4819 290 5518
3 5518 3648 3591
3 3911 610 3137
3 4476 2955 5969
3 2955 4476 6147
3 2955 6147 5519
3 6620 5581 6147
3 5581 2214 999
3 2214 5581 2632
3 2632 2876 1740
3 1342 1740 6227
3 3225 566 6227
3 4638 566 3225
3 4638 3225 6214
3 6214 5460 1644
3 6214 1644 4638
3 2865 7095 5460
3 2865 5460 3213
3 3213 2195 2865
3 7095 2865 5863
3 5863 4424 7095
3 7095 4424 1644
3 1644 4424 4615
3 4424 5620 4615
3 5175 2841 434
3 5175 434 1190
3 1190 434 2790
3 2790 1317 1190
3 1317 2790 6209
3 1133 3663 6209
3 133 1478 1317
3 1478 2468 3084
3 2164 3873 5518
3 3873 2164 4638
3 566 4638 2164
3 3873 4615 5074
3 1740 1342 3523
3 1740 3523 2214
3 3591 3523 1342
3 789 1113 7256
3 789 5519 999
3 6717 1424 2195
3 5716 3745 7427
3 5716 3942 1126
3 158 1785 3198
3 6528 5377 4795
3 6528 4795 7169
3 3980 158 3198
3 3966 3506 6336
3 2271 4365 1048
3 1661 3887 4365
3 3887 1571 4365
3 4365 1571 4555
3 1571 158 3980
3 4565 4667 1421
3 4565 5335 4667
3 6863 1143 6146
3 6599 1484 5538
3 4604 5538 6590
3 2023 4604 5137
3 5646 6102 3165
3 6102 410 3165
3 4748 3165 410
3 4748 410 5192
3 2634 4089 3352
3 4881 4420 1117
3 5659 1117 4420
3 5659 4420 3289
3 5858 5866 5251
3 7089 5858 3365
3 2080 7187 2496
3 804 2080 4370
3 2496 4370 2080
3 1806 2258 3365
3 929 7187 5811
3 2354 3628 3732
3 3960 1957 2354
3 2354 1957 3628
3 1957 6532 2231
3 2231 2650 1957
3 7154 2231 183
3 2650 7154 5616
3 183 2909 7154
3 1617 5204 7297
3 1617 7297 5877
3 1680 5482 45
3 1680 45 2962
3 2962 45 5685
3 2968 6712 4817
3 2163 7197 6997
3 7197 5732 6008
3 5732 3156 4461
3 5352 2962 1214
3 2861 236 5700
3 236 6465 1210
3 236 1210 5700
3 776 2968 7372
3 5108 6997 1556
3 7197 1556 6997
3 80 6008 5565
3 2861 5700 4143
3 7372 5700 776
3 5173 7009 5034
3 2510 5108 5173
3 2510 5173 5034
3 1666 5494 1326
3 1868 6706 2936
3 2008 1868 1637
3 2936 1637 1868
3 2936 6020 4981
3 6020 5719 104
3 5987 104 5752
3 4518 7017 4630
3 3040 4630 7017
3 6810 7017 5510
3 2835 5987 5752
3 2835 5752 1412
3 1412 3257 2835
3 3257 1412 6200
3 3444 5068 2075
3 2075 229 3444
3 229 3040 4753
3 3444 229 4753
3 3444 4753 2103
3 5382 2472 3134
3 3040 7017 2472
3 3134 2472 6810
3 6222 4735 6263
3 4735 5347 2972
3 2972 5347 5138
3 2835 3257 5846
3 3257 5900 5846
3 427 5687 6848
3 5714 7362 6200
3 5438 7362 1651
3 5714 4970 7362
3 4970 5714 662
3 3727 2277 5170
3 2277 6575 5170
3 5170 6575 2677
3 3444 2103 5295
3 168 5295 3995
3 6263 1827 5382
3 2972 5138 4379
3 5978 4379 5934
3 7242 5138 5846
3 2141 7242 5417
3 4828 4496 5417
3 3932 3219 6848
3 6848 1578 3932
3 6457 3831 362
3 7540 530 2813
3 2813 530 1601
3 530 5687 1601
3 1112 7429 1601
3 5828 1112 4905
3 4905 1566 5828
3 1594 5438 4905
3 5438 1651 495
3 6670 3031 5168
3 4970 662 3761
3 3612 2849 6057
3 6049 3727 5170
3 7188 6049 5170
3 168 333 2786
3 2786 333 6837
3 3674 333 4599
3 3995 4599 333
3 5978 1529 3186
3 5934 3232 1529
3 2232 1529 3232
3 271 4011 2232
3 2232 4011 7543
3 271 2192 4011
3 1479 429 7485
3 271 5994 2192
3 2141 6052 5994
3 5994 6052 7523
3 6052 5417 4496
3 4496 7478 6052
3 4496 4828 7150
3 4496 7150 7478
3 7150 7166 7275
3 5480 7275 3904
3 7166 3521 5894
3 3521 7150 3831
3 4828 3932 758
3 3831 6457 2731
3 7111 5533 6940
3 5533 6081 2709
3 4083 2709 2856
3 6471 6081 446
3 446 6081 3773
3 2935 5851 6611
3 7540 1891 5851
3 1891 2813 7429
3 6089 7220 5570
3 4794 5168 3031
3 5771 3018 3031
3 3018 7337 3031
3 7337 3018 7502
3 7502 3018 2013
3 1417 2013 446
3 3018 5771 1701
3 3018 1701 2013
3 2013 1701 6471
3 5771 6154 2565
3 2856 2283 4083
3 919 3386 341
3 5981 3386 225
3 3386 2519 225
3 3706 7188 5702
3 5702 7188 7370
3 7188 3189 7370
3 7370 3189 2502
3 2502 774 4142
3 2502 3189 6837
3 2502 6837 774
3 774 6837 6148
3 4142 6178 3391
3 6402 3391 7033
3 4142 7543 6178
3 120 6178 1610
3 120 1610 1097
3 1097 1610 2767
3 6178 823 1610
3 4775 3756 2767
3 5259 2767 3756
3 4730 5259 3756
3 4730 3756 7167
3 7485 1238 1479
3 7167 2266 4730
3 5259 3904 6665
3 5386 246 5259
3 2767 5259 1097
3 246 1097 5259
3 1177 5386 4821
3 1177 4821 6756
3 6756 7531 2183
3 3002 1307 6873
3 5894 6362 4932
3 225 6873 5981
3 1340 3002 1687
3 7081 1687 5277
3 3002 6873 5341
3 7033 5341 6402
3 1096 2049 6402
3 3386 5981 341
3 4010 5533 4083
3 4083 341 4010
3 1417 7502 2013
3 7502 1417 6320
3 3676 6320 7083
3 7083 3375 2
3 4603 2408 6611
3 5107 4603 468
3 5107 468 437
3 437 468 1384
3 4374 7574 6715
3 4374 6715 6036
3 3058 6036 7429
3 7429 5181 3058
3 7098 3058 5181
3 7098 4460 1181
3 1159 1181 7314
3 7314 4460 6089
3 7314 6089 5570
3 4281 5570 7376
3 7220 3393 5570
3 4794 2946 3896
3 7220 3896 3393
3 2946 4794 7135
3 3984 7135 7253
3 7253 7135 2906
3 4794 7337 7135
3 1793 6320 3676
3 1793 3676 4306
3 4306 3676 5879
3 7083 2 437
3 437 2 5107
3 7044 7237 2228
3 4444 7237 1893
3 7364 4444 1893
3 7237 1741 1893
3 994 6329 7001
3 994 7001 5363
3 5363 430 994
3 7530 4911 7170
3 4298 3854 3234
3 4911 1033 1462
3 5639 1159 3693
3 1159 3496 3693
3 779 3693 4916
3 2450 3496 1320
3 1320 4917 2450
3 6001 4917 3170
3 3063 3170 4221
3 3170 4917 5385
3 3170 5385 4221
3 908 3697 3428
3 1575 4943 4132
3 1575 4132 3063
3 4221 1575 3063
3 4132 4943 2377
3 4943 3415 2377
3 3415 4943 2228
3 3415 1466 2377
3 1466 3415 4444
3 7364 4432 7351
3 7351 4432 3852
3 4432 918 2818
3 3852 4432 5779
3 5779 161 6723
3 161 5363 1558
3 7170 3729 7530
3 3484 5363 7001
3 3484 7001 7530
3 3729 7170 3502
3 2155 4298 5225
3 1559 4298 1951
3 4298 3234 1951
3 3657 5728 779
3 396 3657 2293
3 396 2293 7273
3 2293 7042 7273
3 7273 7042 1492
3 7042 4916 1658
3 4132 2377 5355
3 7273 1492 5355
3 7040 6064 6835
3 5457 3852 617
3 617 2569 3992
3 5614 4413 6506
3 1778 3543 7334
3 7117 1778 7334
3 7117 207 2068
3 2068 207 2155
3 2068 886 1502
3 4019 1559 6984
3 4019 6984 284
3 284 3211 4019
3 886 4019 2009
3 3211 284 3715
3 1986 3715 7338
3 284 6984 7335
3 3505 7514 396
3 6635 167 7273
3 3177 5784 7054
3 7054 4116 3177
3 6835 7054 5784
3 5784 7040 6835
3 3992 2569 7409
3 3992 1153 6649
3 6649 1153 2800
3 5614 417 5155
3 417 6506 5158
3 1502 2009 3655
3 1502 3655 5158
3 417 5158 1420
3 1986 5615 686
3 6861 2539 1420
3 2800 5615 6649
3 4116 4989 7338
3 7338 6063 4116
3 6063 7338 7335
3 6063 7335 4833
3 6063 6635 3177
3 330 5385 614
3 614 2906 330
3 4917 7376 7253
3 2906 614 7253
3 5533 2314 1743
3 674 3475 2677
3 2677 3475 5170
3 6575 3120 192
3 5212 7002 5056
3 5314 1556 7197
3 6697 4311 4527
3 5422 4311 5166
3 4090 6305 7345
3 4090 3935 6305
3 3534 6305 3935
3 3534 6149 6305
3 6149 5757 6808
3 896 1579 5743
3 896 7324 1579
3 5805 6375 6581
3 1563 7389 309
3 2720 1563 309
3 2720 309 4278
3 6191 4317 1704
3 5202 7528 4707
3 6753 4352 5922
3 2830 2455 7418
3 7440 6785 3150
3 5330 1389 7226
3 5069 4947 1852
3 5130 6921 771
3 6014 771 4856
3 6265 4856 2934
3 2507 4234 5102
3 2462 5017 5829
3 7320 4152 2005
3 7385 7198 5832
3 2106 5696 3123
3 2485 3594 866
3 3231 6093 1379
3 1692 7290 2106
3 1692 2106 3123
3 2772 3557 3556
3 7550 3433 7211
3 5864 6627 7564
3 7564 6627 148
3 933 1907 2463
3 6463 227 4962
3 6183 7165 4491
3 4962 1407 6937
3 1407 4491 6937
3 6937 4491 7165
3 5237 6947 5350
3 4361 2295 4694
3 1691 4802 180
3 6332 3202 579
3 3202 34 579
3 4490 3280 2245
3 2245 3280 624
3 624 1952 2245
3 6033 2245 1952
3 599 1612 5096
3 2143 1978 3266
3 4696 7217 7424
3 7424 6157 4696
3 177 5450 5710
3 177 58 5450
3 58 3296 5450
3 58 5150 3296
3 1129 2961 2145
3 7363 3413 2318
3 2555 2952 3552
3 7113 3552 2952
3 3545 1123 2437
3 4815 156 6668
3 488 5221 5487
3 6346 5487 5221
3 1541 7365 4938
3 913 1541 4938
3 3814 5788 5269
3 7071 2630 6468
3 4481 6468 2630
3 7201 4781 4403
3 4781 242 4403
3 2761 5587 3661
3 200 6762 4942
3 7458 6762 3838
3 2172 6762 200
3 1481 6618 1202
3 496 2395 3522
3 4283 4500 4538
3 4500 6639 3631
3 5051 7532 7432
3 4708 3350 5326
3 3350 4708 4758
3 7367 3528 7508
3 7549 7400 7421
3 7400 7549 7508
3 765 4566 3538
3 5177 4566 6142
3 3600 6410 6142
3 1654 6410 6803
3 6803 6629 1654
3 6142 988 5177
3 6728 5014 5713
3 5014 7508 4724
3 5203 7549 5177
3 5014 4724 5312
3 7508 3528 7400
3 1728 6219 4652
3 4652 4589 1728
3 5286 7475 560
3 6112 3330 4866
3 7532 3317 527
3 6026 3112 5444
3 5444 3112 4435
3 3975 1053 6480
3 537 3106 3079
3 1354 5935 2792
3 2792 3703 1354
3 5935 1354 4583
3 3703 4865 1354
3 1354 4865 4583
3 4968 2686 5955
3 5955 6566 7312
3 4167 3573 7312
3 3573 7035 7312
3 7312 7035 63
3 63 5955 7312
3 63 4968 5955
3 4099 2087 1737
3 920 2964 2642
3 2964 6972 2642
3 2964 5893 6972
3 1770 3822 3652
3 4482 1770 3456
3 3652 3456 1770
3 791 3652 3822
3 3652 791 6341
3 6341 3782 3652
3 6970 7037 7043
3 6422 2808 245
3 1488 4271 1084
3 1488 1084 3151
3 1084 4271 4894
3 1954 3999 4875
3 4875 3999 5250
3 1292 6631 4892
3 343 2194 6358
3 7414 4203 6988
3 181 6258 4259
3 2207 4899 6289
3 2207 6289 5802
3 5802 6289 5840
3 2191 6289 4899
3 5840 6289 1864
3 3190 696 2407
3 3190 2407 5773
3 5773 5840 1864
3 5840 5773 2407
3 3465 5773 1864
3 487 5773 3465
3 2742 5773 487
3 2742 487 5511
3 3419 5731 3879
3 3419 3879 6483
3 3419 6483 5582
3 5582 6483 3827
3 3827 6483 6352
3 1856 3827 6352
3 5134 571 7032
3 5266 347 1592
3 1592 1790 7414
3 7414 5266 1592
3 4899 6946 262
3 4899 262 2191
3 6401 2191 262
3 6401 262 4203
3 6946 6988 262
3 262 6988 4203
3 5780 6988 6946
3 424 6053 2407
3 2407 6053 5802
3 696 424 2407
3 5840 2407 5802
3 2207 5802 6053
3 1938 4720 4086
3 4720 3890 6053
3 1938 4086 4497
3 424 4086 4720
3 424 4720 6053
3 7144 7378 3190
3 7246 2742 6626
3 6626 2742 5511
3 6838 5118 1903
3 1903 5118 6072
3 5118 6838 5760
3 756 1011 5582
3 756 5582 7032
3 7032 5582 5134
3 3760 7168 4803
3 3760 3070 958
3 3070 3760 4803
3 5266 6800 3070
3 5266 3070 347
3 5285 7079 7414
3 5780 3313 6988
3 7414 6988 3313
3 5780 3946 3313
3 788 2406 3946
3 788 3946 2666
3 788 2666 2969
3 4358 2969 1101
3 4358 1101 1082
3 4358 1082 4217
3 1082 1101 842
3 842 1101 5780
3 4493 2151 4927
3 2151 1082 4927
3 1082 842 4927
3 1082 2151 4217
3 6031 842 5780
3 323 1966 3115
3 5505 3115 1966
3 5769 1966 323
3 4497 2108 1938
3 1938 2108 5505
3 1938 5505 4720
3 4720 5505 1966
3 4720 1966 3406
3 7378 6383 4704
3 5970 4704 4574
3 4704 6383 4574
3 2585 6016 4574
3 2585 4574 2136
3 2585 2136 5250
3 5907 7066 2136
3 3420 5907 2136
3 6291 7066 5907
3 1586 5555 6291
3 1586 6291 5907
3 1586 5907 6358
3 3239 6358 3420
3 5907 3420 6358
3 6383 7378 7144
3 1586 2194 5555
3 2194 1586 6358
3 1446 343 3675
3 3675 6358 7246
3 6358 3675 343
3 6626 1446 3675
3 6626 3675 7246
3 2194 343 648
3 2194 648 4545
3 648 343 1446
3 648 1446 4892
3 264 1292 4892
3 6631 1292 2580
3 4235 1054 2580
3 2580 1054 6631
3 5396 6667 2678
3 6838 5932 2678
3 2678 5932 5396
3 3424 6072 5118
3 1631 3424 3965
3 3965 3424 5118
3 3668 1631 3965
3 6038 1631 3668
3 6038 3668 1011
3 7168 6038 756
3 756 6038 1011
3 5579 3760 958
3 3760 5579 7168
3 726 1979 5579
3 1979 4058 5579
3 1979 726 476
3 1410 726 5579
3 5285 5246 7079
3 4880 788 2969
3 3684 4880 5049
3 3684 5049 7177
3 5049 4880 2969
3 7177 5049 4358
3 4358 5751 7177
3 2969 4358 5049
3 7016 5916 5751
3 5751 5916 5525
3 5561 1846 2414
3 3799 4162 450
3 5222 6987 1972
3 5222 1972 4714
3 732 3115 93
3 732 93 2167
3 93 3115 5505
3 323 732 5769
3 136 2167 93
3 136 93 5505
3 136 5505 2108
3 3115 732 323
3 4714 5769 5222
3 5222 5769 732
3 5222 732 2167
3 2571 4480 1075
3 2571 1075 1733
3 2306 4440 6949
3 6949 1075 4480
3 1075 6949 4440
3 1075 4440 1733
3 5970 5822 4704
3 2199 3559 2306
3 2199 6949 6016
3 6949 2199 2306
3 3999 1954 2199
3 5250 3999 2585
3 2585 3999 6016
3 2199 6016 3999
3 5723 1494 6291
3 3404 7200 352
3 7106 4831 7404
3 7404 4831 4545
3 7222 4223 3010
3 7222 3010 4764
3 3491 5396 5932
3 1088 5396 3491
3 3164 3491 4885
3 5932 4885 3491
3 7283 7443 5321
3 7283 5321 4287
3 7561 2325 2085
3 2325 7561 3164
3 1330 2085 5144
3 3550 2698 5789
3 2399 3550 1974
3 828 5681 1974
3 828 1974 3424
3 828 3424 1631
3 6072 3424 1974
3 828 6038 5681
3 6038 828 1631
3 6971 5681 7572
3 1804 5564 4058
3 7585 1979 476
3 1979 7585 1804
3 1979 1804 4058
3 3316 3849 1546
3 2636 6028 2443
3 2636 2443 784
3 784 2443 383
3 784 383 5563
3 2636 1930 316
3 1139 1930 293
3 1139 293 6928
3 4042 4404 2624
3 4042 2624 6847
3 2365 5874 6652
3 2365 6652 5368
3 5368 6652 1475
3 2699 3569 2148
3 2014 2148 3569
3 2014 3569 1608
3 5525 5916 2699
3 2672 6905 5747
3 2672 7121 5576
3 7121 5747 1846
3 5747 7121 2672
3 5143 3255 2370
3 2760 2370 3255
3 276 2159 2274
3 3283 276 1151
3 276 3283 2159
3 3283 1151 3274
3 3283 3274 3525
3 1733 5317 2571
3 5604 2571 5317
3 1914 5022 6433
3 538 3301 4875
3 1719 538 1629
3 4875 1629 538
3 1719 1629 75
3 448 2714 6275
3 2896 3267 2714
3 2896 2714 448
3 6122 448 6275
3 6122 6275 6348
3 6122 6348 917
3 7399 6348 6497
3 7399 6497 7066
3 621 7399 7066
3 621 7066 7534
3 7534 1494 6552
3 1494 7534 7066
3 619 6363 4112
3 619 4112 1335
3 1335 4112 4441
3 1335 4441 6689
3 4223 6689 4441
3 7222 6689 4223
3 1862 7222 4764
3 6689 7222 4218
3 4218 7222 1862
3 4218 6496 6689
3 6689 6496 6744
3 1862 4414 6496
3 1862 6496 4218
3 2729 4195 5139
3 5920 4593 2606
3 1157 3166 2782
3 1157 2782 250
3 1157 250 1464
3 250 2782 7114
3 83 3166 1157
3 83 1157 742
3 83 742 4528
3 742 1157 1464
3 2644 4919 5734
3 5526 5734 3249
3 6252 4623 5753
3 3143 3993 5564
3 3993 3143 5753
3 2399 3379 2698
3 2399 2698 3550
3 2336 3143 4416
3 7585 4416 1804
3 1804 4416 3143
3 1804 3143 5564
3 3143 2336 5753
3 5753 2336 5468
3 7575 2986 7585
3 6088 6495 4035
3 2445 7298 4388
3 2445 4388 6011
3 6011 4388 1753
3 316 4321 6028
3 316 6028 2636
3 1930 2636 293
3 293 2636 784
3 293 784 5563
3 1745 5261 5218
3 6293 4504 1745
3 6293 1745 4801
3 4607 4801 1745
3 4607 1745 5218
3 5261 1745 4504
3 5767 7379 3579
3 3579 7379 4607
3 5767 3579 4404
3 7379 6652 5132
3 5132 6652 1816
3 1802 5132 1816
3 932 5624 4986
3 1089 4986 5624
3 1089 5624 3820
3 3542 5077 1089
3 3542 1089 5701
3 5701 1089 3820
3 1920 5701 7390
3 1920 7390 3059
3 7390 5701 3820
3 5701 1920 3542
3 5077 3542 4173
3 4173 3542 1920
3 4173 1920 66
3 4173 66 1725
3 66 1920 3059
3 3866 2083 4499
3 5650 2083 3461
3 6905 6494 298
3 298 6494 4499
3 4499 6494 3866
3 2672 6862 6905
3 5576 6862 2672
3 3734 336 2646
3 2646 336 4595
3 5128 2646 68
3 6662 2491 2646
3 6662 2646 4946
3 4946 2646 5128
3 3656 4959 137
3 137 4959 6892
3 1822 7536 3656
3 1822 3656 137
3 3113 7536 1822
3 1252 1822 137
3 1252 137 6892
3 1822 1252 3264
3 3264 5143 1822
3 3113 1822 5143
3 7121 3264 1252
3 7121 1252 6892
3 3113 5143 6771
3 3113 6771 7536
3 7175 7527 5980
3 7175 5980 1602
3 1885 2397 4645
3 1885 4645 3816
3 4109 3816 6165
3 5957 6165 3816
3 5957 3816 5988
3 5988 3816 4645
3 5988 4645 1999
3 5313 6314 6015
3 5022 1914 7525
3 5022 7525 5317
3 772 5317 7525
3 6396 5599 3626
3 3626 5599 6017
3 5768 6975 5556
3 5556 6975 3626
3 5556 3626 2780
3 5556 2780 5572
3 1291 5556 5790
3 1291 5790 977
3 3248 6734 4183
3 1996 7407 3248
3 1996 3248 1689
3 1996 1689 4948
3 4948 1689 2912
3 2896 2261 6054
3 2261 2896 6122
3 6122 2896 448
3 2896 6054 3267
3 2552 6054 2261
3 2552 6122 917
3 2261 6122 2552
3 206 5849 2552
3 206 2552 2801
3 3919 2801 917
3 917 2801 2552
3 1191 3919 7399
3 1191 7399 193
3 1191 193 7534
3 7399 3919 6348
3 7534 193 621
3 621 193 7399
3 3338 2064 3094
3 6744 7398 1335
3 619 1335 2344
3 619 2344 6363
3 2344 1335 7398
3 3614 5087 1534
3 6435 1534 5087
3 6812 5249 87
3 5249 6435 87
3 1469 6812 87
3 1469 87 7006
3 7006 87 5087
3 5087 87 6435
3 7061 6812 4467
3 3201 7061 4467
3 1769 4467 1469
3 6789 1769 1469
3 1469 4467 6812
3 6161 4467 1769
3 7524 4467 6161
3 7524 6161 3104
3 3104 6161 6408
3 3132 6408 6498
3 4506 5605 6498
3 5605 4506 4556
3 4506 6498 3609
3 5334 4506 6139
3 3666 4506 5334
3 5334 6139 5507
3 3609 6139 4506
3 5255 945 5606
3 5255 5606 6944
3 5734 5526 2644
3 4469 1708 6895
3 749 1415 4469
3 749 4469 3039
3 3039 4469 6895
3 5471 3923 3039
3 5471 3039 6895
3 595 5471 5468
3 3560 595 4044
3 4044 595 2986
3 2986 595 1526
3 1526 595 5468
3 5471 595 3560
3 7585 2986 4416
3 2336 4416 1526
3 2336 1526 5468
3 2986 1526 4416
3 5124 3560 4044
3 5124 4044 6495
3 7102 6011 7080
3 7102 2445 6011
3 4822 7319 5183
3 7213 7319 4822
3 6092 2304 1643
3 1643 2304 4270
3 2304 6092 3848
3 2304 5261 1391
3 5261 2304 3848
3 4431 1232 5744
3 1232 4431 4801
3 4801 4431 1499
3 4801 1499 6293
3 4560 3952 1537
3 2206 6909 814
3 2206 814 976
3 814 6909 4616
3 932 5404 4616
3 932 4986 5404
3 1859 5404 4986
3 5077 1859 4986
3 861 1859 5077
3 3344 4173 1725
3 4173 3344 861
3 4173 861 5077
3 695 4855 1768
3 695 1768 3162
3 1768 4855 5039
3 454 5800 4855
3 454 4855 127
3 454 127 830
3 3155 830 127
3 3155 127 3461
3 695 3461 127
3 695 127 4855
3 4901 1877 4731
3 4731 1877 3866
3 3866 1877 2083
3 2083 1877 3155
3 2083 3155 3461
3 3155 1877 5201
3 5201 1877 4901
3 4869 4901 1649
3 1649 4901 5065
3 5065 4901 4731
3 6999 1649 5065
3 6999 5065 5154
3 6213 5154 5065
3 3872 7082 5816
3 1366 4976 7082
3 1366 7082 3872
3 7115 5095 3872
3 7115 3872 4961
3 3872 5095 1366
3 4827 4953 7115
3 4827 7115 565
3 565 7115 4961
3 4827 565 6745
3 6745 565 4961
3 6878 4827 6745
3 6878 6745 6662
3 2812 4827 1646
3 6878 1646 4827
3 6484 6966 6878
3 6878 6966 1646
3 6484 4946 100
3 4584 4535 2809
3 6484 2809 4535
3 2548 3730 4584
3 2548 4584 3656
3 4959 3656 4584
3 4959 4584 2809
3 6393 2548 590
3 6393 590 7175
3 3512 7175 590
3 7527 7175 3512
3 1602 5980 5640
3 7152 2816 4662
3 1527 4997 7527
3 7527 4997 3892
3 7527 3892 4662
3 3892 4997 6983
3 7155 4997 1347
3 7155 1347 4109
3 7155 4109 6165
3 4109 1347 1885
3 1885 1347 4997
3 1885 4997 1527
3 3816 4109 1885
3 2397 1885 1527
3 6983 4997 7155
3 4285 6983 6254
3 6254 7155 6633
3 7155 6254 6983
3 7058 6254 6633
3 6009 3285 6002
3 2380 4893 405
3 2380 405 3905
3 6002 405 4893
3 3905 405 1254
3 649 3460 3905
3 649 3905 1254
3 6002 1254 405
3 5957 2034 1254
3 5957 1254 6002
3 1254 2034 649
3 5957 5988 2034
3 508 4893 2380
3 508 2380 2003
3 2003 2380 3905
3 1488 3151 1780
3 3677 1996 4948
3 1996 3677 7407
3 7407 3677 7494
3 4532 6530 679
3 679 6530 7360
3 4532 679 3673
3 4948 4532 3673
3 3673 679 7494
3 3673 7494 3677
3 7360 7494 679
3 4093 6530 4532
3 4093 4532 2912
3 2912 4532 4948
3 3677 4948 3673
3 3359 5500 3859
3 3359 3859 1368
3 1368 6680 1223
3 1223 6680 7501
3 6680 1368 3859
3 2337 3359 1223
3 2337 1223 7501
3 1368 1223 3359
3 7037 1696 2000
3 7037 2000 7426
3 2000 1696 5849
3 2801 5884 206
3 206 2000 5849
3 2000 206 5884
3 2000 5884 7426
3 6964 7426 5884
3 1191 6964 5884
3 7534 6313 6964
3 7534 6964 1191
3 7426 6964 7043
3 7426 7043 7037
3 7043 6964 6313
3 7107 5845 1758
3 1758 5845 6141
3 6853 5845 7107
3 6853 7107 6585
3 703 6141 5845
3 2417 703 5845
3 6853 1220 5845
3 5845 1220 2417
3 2577 6232 5411
3 5249 2577 5411
3 6435 5249 5411
3 2577 5249 7061
3 7061 5249 6812
3 1535 1443 7183
3 5605 25 3132
3 5605 3132 6498
3 3104 3132 25
3 613 25 5605
3 613 5605 4556
3 3311 2123 768
3 3666 5334 2123
3 7128 3606 7104
3 5007 5135 3812
3 5007 3812 6855
3 7294 4697 3812
3 6107 6935 952
3 6107 952 1228
3 952 6935 188
3 188 1230 5255
3 1230 188 6935
3 4675 1228 952
3 4675 952 2544
3 6562 2544 188
3 6562 188 5255
3 188 2544 952
3 5255 479 6562
3 7423 3268 6917
3 3268 6562 479
3 6917 3268 479
3 6562 3268 7423
3 6562 7423 2544
3 2544 7423 4675
3 1228 4675 3865
3 3924 4675 7423
3 1894 4346 7019
3 4346 3865 3717
3 3717 3865 3924
3 3865 4346 1894
3 7019 4346 6007
3 6007 4346 4877
3 4877 4346 3717
3 5 4877 3717
3 5 3717 3924
3 3973 4877 5
3 3973 5 749
3 749 5 3924
3 3682 4877 3973
3 4641 1931 5081
3 6495 1931 5124
3 5124 1931 4641
3 1931 6495 130
3 3205 5081 572
3 3205 572 4272
3 2072 4272 7102
3 2072 7102 7080
3 2027 4272 2072
3 2027 2072 4858
3 2027 4858 4
3 7129 6062 5183
3 7129 7319 1560
3 173 5943 3389
3 4355 3782 6341
3 4355 7213 13
3 7213 4355 6341
3 7213 6341 173
3 1643 3782 6092
3 4270 3782 1643
3 5744 7472 4431
3 5744 3438 7472
3 7512 4737 6909
3 635 4906 7512
3 635 7512 3781
3 2206 3781 7512
3 2206 7512 6909
3 4345 3781 2206
3 976 4345 2206
3 4176 4345 976
3 5039 4910 1768
3 1768 4910 6612
3 2227 602 4219
3 2227 4219 6643
3 5031 2227 6643
3 5031 6643 2991
3 6101 1947 7238
3 2991 7238 1947
3 1715 6609 4229
3 605 1241 5826
3 1241 605 5800
3 4294 5800 605
3 3173 1241 454
3 6860 3173 5201
3 5201 3173 830
3 830 3173 454
3 5800 454 1241
3 1241 3173 5826
3 5826 3173 6860
3 5826 6860 1423
3 6860 2871 1423
3 3577 4869 1649
3 6999 3577 1649
3 3577 6999 2871
3 6999 2234 5089
3 6760 3513 6407
3 4489 4680 6407
3 4489 6407 3562
3 5491 3243 5535
3 5535 3243 4976
3 4489 3243 5491
3 7082 4976 3243
3 1142 7131 1736
3 2616 1736 7131
3 1142 1736 4127
3 1094 1736 2616
3 7115 4953 4925
3 7115 4925 5095
3 4925 4953 3131
3 2134 3066 6966
3 6966 3066 2812
3 1646 6966 2812
3 3891 3066 2134
3 3891 2134 4567
3 2205 4373 1690
3 4535 2205 1690
3 2205 4535 3730
3 6136 4373 2205
3 6136 2205 1645
3 6136 1645 7176
3 1645 2205 3730
3 6393 1645 3730
3 1645 6393 7176
3 7176 7175 7162
3 7176 6393 7175
3 2313 6136 7162
3 2313 7162 4606
3 7176 7162 6136
3 4373 6136 2313
3 4373 2313 3625
3 3625 2313 4606
3 1817 6416 2486
3 7369 4382 5502
3 5162 3793 5738
3 3403 6443 4893
3 3403 4893 508
3 3403 508 2003
3 2975 6443 3403
3 2975 3403 6485
3 6485 3403 819
3 2610 2975 6485
3 4529 5893 6513
3 3809 2161 4529
3 6972 3334 4637
3 6972 4637 2642
3 7236 2642 4637
3 5692 2763 2112
3 5692 2112 1944
3 1944 2112 4126
3 4126 2112 2860
3 1269 7330 1482
3 1269 1482 7360
3 7360 1482 4126
3 2691 1194 1482
3 2691 1482 7330
3 4126 1482 1944
3 1944 1482 1194
3 2087 4099 1269
3 2087 1269 7360
3 1737 1917 4091
3 1917 6100 185
3 185 6100 2884
3 2733 185 2884
3 6100 1917 1737
3 3430 2884 725
3 725 2884 6100
3 6826 2337 7501
3 3359 2337 6100
3 6100 2337 725
3 725 2337 6826
3 3430 6826 1633
3 7537 1633 6826
3 7537 6826 226
3 226 6826 7501
3 7537 226 4818
3 4818 226 1813
3 1813 226 7501
3 3348 1813 6516
3 1813 3348 4818
3 7107 2527 6585
3 6458 6312 7412
3 2845 6458 7412
3 7526 6458 2845
3 7526 2845 6232
3 6232 2586 5810
3 4276 5354 6158
3 4276 6158 1535
3 7183 4276 1535
3 5288 5354 4276
3 5288 4276 7183
3 2605 1814 7524
3 1814 2605 5288
3 7456 5244 7300
3 6813 5244 1545
3 6813 1545 4872
3 7456 1545 5244
3 7456 4872 1545
3 1032 4468 7456
3 4872 5598 6813
3 5598 4872 4468
3 1303 6273 5361
3 5361 6273 5267
3 3311 2708 3830
3 3830 2708 7359
3 561 2708 3311
3 561 3311 768
3 7299 3606 7128
3 3606 7299 561
3 3606 561 768
3 3780 5007 6855
3 3540 301 7545
3 301 6605 7545
3 3540 7545 7051
3 647 6605 301
3 647 301 3540
3 7545 6605 3516
3 7545 4697 3561
3 7545 3561 6436
3 3561 4697 6659
3 3561 4647 6436
3 4647 1840 6436
3 6474 6436 1840
3 4647 3561 6659
3 6107 5232 4647
3 6107 4647 6935
3 1840 4647 5232
3 1840 5232 6750
3 1618 2476 5232
3 5232 2476 6750
3 7019 485 1894
3 4313 6091 2284
3 5112 2284 6589
3 6589 2284 322
3 7094 6394 6589
3 7094 6589 322
3 875 6589 6394
3 875 6394 3025
3 1693 3574 3025
3 1693 3025 2132
3 2132 3025 5982
3 2132 5982 1555
3 1555 5982 6308
3 6394 5982 3025
3 5982 1596 6308
3 4272 2027 3205
3 5574 2401 5746
3 5574 5746 3220
3 3220 5746 1605
3 1971 2837 2537
3 5432 325 1971
3 5432 1971 6179
3 6179 1971 2537
3 969 773 6179
3 6179 773 7129
3 4930 5432 1200
3 4792 2415 3934
3 6794 3510 6566
3 5332 3510 4792
3 5332 4792 3152
3 2415 4792 3510
3 2415 3510 6794
3 6566 3510 5332
3 6566 5332 7312
3 4167 7312 3767
3 3767 7312 5332
3 1562 2514 241
3 4431 3493 1499
3 3741 258 6338
3 3741 3431 4968
3 7472 3431 6338
3 6338 3431 3741
3 5381 4737 7512
3 5381 7512 7472
3 7472 7512 3431
3 4737 5381 2029
3 1837 4737 2029
3 63 7035 3741
3 63 3741 4968
3 6990 4906 635
3 6990 635 2440
3 3781 2440 635
3 5071 6990 6558
3 7092 4041 7003
3 7092 7003 3705
3 325 5432 4930
3 1532 325 4930
3 1532 4930 3024
3 3024 4930 3214
3 1532 3024 2091
3 5031 3149 4502
3 2991 1947 5031
3 3485 3149 5031
3 3485 5031 1947
3 1614 3485 1947
3 3339 234 3711
3 3339 7446 5302
3 3711 7446 3339
3 5333 7446 7238
3 6850 3161 4092
3 4092 5333 7238
3 4092 7238 6266
3 5333 4092 3161
3 5233 6850 4092
3 1715 4092 6266
3 5367 6850 5233
3 5233 4092 327
3 3127 5233 4542
3 4228 6019 1046
3 3127 1046 6019
3 4228 2394 4085
3 4085 2394 4297
3 4085 4297 6783
3 4228 1046 2394
3 4297 2613 5109
3 2613 4297 3700
3 3700 4297 2394
3 5109 2613 7186
3 7186 2613 3700
3 2838 5826 1423
3 7341 1992 2518
3 2366 5491 4655
3 4655 5491 5535
3 4655 5535 2488
3 2488 5535 6521
3 2695 2263 7131
3 2695 7131 4309
3 6138 1142 7257
3 1142 6138 7131
3 5057 7131 6138
3 5057 6138 7257
3 802 6250 4366
3 6942 6250 802
3 6942 802 7109
3 7109 802 4366
3 3175 4366 6250
3 3175 6250 287
3 1720 4980 4366
3 859 4366 4980
3 3568 4366 3175
3 3175 287 7191
3 980 3568 3175
3 4095 1720 4366
3 4095 4366 3568
3 980 3175 7191
3 4095 3568 3891
3 3500 4095 3891
3 980 3891 3568
3 1756 1720 4095
3 1756 4095 3500
3 6416 1756 3500
3 1756 4157 1720
3 4157 1756 6416
3 4157 6416 1817
3 3794 7557 6425
3 6910 6425 7023
3 7023 6425 1818
3 2705 5929 6591
3 2705 6591 5664
3 6636 2705 5664
3 3590 2655 5063
3 5892 5063 2404
3 2404 5063 2655
3 2404 2655 7058
3 6009 2404 7058
3 5950 2404 6009
3 5892 2404 5950
3 6198 1699 106
3 3047 7236 5264
3 5264 7236 2763
3 7388 1078 7343
3 6622 3440 1752
3 6184 2296 6622
3 7126 2296 6184
3 2691 6184 6622
3 2691 6622 1752
3 6184 2691 7330
3 7126 6184 3908
3 3908 6184 7330
3 2287 7126 3908
3 2287 3908 3596
3 7267 2431 3430
3 2431 7267 2733
3 154 5867 7267
3 154 7267 6426
3 6426 7267 462
3 4632 3640 5393
3 3640 4632 7537
3 2922 5234 6872
3 6930 5234 2566
3 2797 5234 2922
3 5234 2797 2566
3 6458 2797 6312
3 2797 6458 2566
3 6370 3497 6044
3 3497 391 5142
3 391 3497 6370
3 6370 6044 331
3 4419 331 6044
3 3312 391 6370
3 3312 6370 2931
3 331 2931 6370
3 5810 6158 1472
3 5142 391 3312
3 6784 5142 6875
3 6086 6875 5509
3 3312 5509 5142
3 5142 5509 6875
3 2747 6086 3288
3 1171 3288 7146
3 382 6655 4534
3 382 4534 1865
3 1865 4534 1304
3 1304 4534 2490
3 1304 2490 6813
3 6813 2490 5244
3 6114 1304 5598
3 7455 6013 6114
3 5562 5704 1303
3 5562 1303 5361
3 2803 3426 5983
3 5983 3426 5562
3 5361 5983 5562
3 3323 3426 2803
3 3158 3323 2803
3 5040 3158 7359
3 7289 1997 5147
3 3055 5855 3540
3 647 3540 5855
3 647 2757 5758
3 2757 647 5855
3 7545 6436 6480
3 7545 6480 7051
3 1678 6474 1840
3 5852 5094 1227
3 2367 5882 2621
3 2367 2621 4197
3 2276 5910 1871
3 1871 5910 5112
3 875 1871 6589
3 6589 1871 5112
3 4868 2276 3574
3 1245 4868 3574
3 520 1693 2132
3 520 2132 175
3 175 2132 1555
3 1321 253 520
3 1321 520 798
3 798 520 175
3 6832 5843 6111
3 798 5843 397
3 6111 5843 798
3 6832 6111 2401
3 5746 4995 3205
3 6832 2401 5574
3 3530 6832 3423
3 3530 3423 7457
3 5574 3423 6832
3 873 4300 5121
3 5960 3423 5812
3 5812 3423 3220
3 7457 3423 873
3 873 3423 5960
3 947 5960 5812
3 947 5812 3343
3 3343 5812 230
3 3343 230 2837
3 5902 3343 1244
3 2988 4864 947
3 5902 2988 3343
3 1532 5902 1244
3 2837 1244 3343
3 3343 2988 947
3 325 1532 1244
3 1532 2091 5902
3 4241 6311 677
3 677 6311 2988
3 4241 677 5902
3 4241 5902 3485
3 6311 4864 2988
3 2091 3485 5902
3 5902 677 2988
3 7063 6311 3467
3 3467 6311 4241
3 6127 7063 3467
3 4882 817 234
3 3339 4882 234
3 7287 4882 3339
3 5302 7287 3339
3 7005 5302 6943
3 3524 7349 5387
3 6671 7157 5001
3 6671 5001 4950
3 7295 7437 5001
3 7295 5001 3161
3 7295 3161 223
3 6850 223 3161
3 7157 3161 5001
3 2040 1390 506
3 3196 6019 4228
3 6019 3196 357
3 2589 4397 3196
3 2589 3196 4228
3 3563 4228 4085
3 4228 3563 2589
3 5869 2589 3563
3 5869 3563 6128
3 6783 6128 3563
3 2838 7186 5826
3 5447 5400 6674
3 3261 5400 6125
3 3261 6125 5521
3 6125 5400 5447
3 5235 5400 3261
3 7358 5235 2138
3 7358 2138 7264
3 2138 3261 5521
3 3261 2138 5235
3 3797 5804 5216
3 6323 7413 2695
3 4309 6323 2695
3 1339 6323 4309
3 6591 3813 4689
3 5517 6910 4689
3 4689 6910 6591
3 2497 3611 1463
3 1463 3611 5929
3 6636 1463 2705
3 2705 1463 5929
3 6796 6636 3298
3 6593 6796 1271
3 6725 1271 6796
3 1580 6725 6796
3 3590 6725 1580
3 6725 3590 3034
3 5976 3034 1732
3 1732 3034 3020
3 4836 6701 7388
3 7388 2372 2728
3 2372 7388 6701
3 4257 4003 7388
3 2358 231 4257
3 7421 5962 2358
3 2889 4867 3538
3 2889 3538 459
3 459 3538 7549
3 5717 3538 4867
3 2296 459 7549
3 2296 7549 6622
3 6622 7549 3440
3 4867 4596 1497
3 4596 4867 2889
3 2287 4596 7126
3 2889 7126 4596
3 5709 6068 2140
3 7371 4577 4201
3 7371 4201 3821
3 3821 4201 4816
3 3821 3157 4334
3 5234 432 3640
3 5234 3640 6872
3 3640 432 4248
3 216 3695 6692
3 6692 3695 6930
3 6692 6930 7580
3 3592 7087 1262
3 1408 3091 1362
3 1408 1362 6721
3 1362 3091 5388
3 1509 5388 3091
3 1509 3091 1262
3 1509 1262 7087
3 1509 7087 6044
3 1509 6044 3497
3 1509 3497 5388
3 5388 3497 5142
3 6044 7087 4419
3 304 6424 5644
3 304 5644 4994
3 4757 4994 5644
3 4994 6190 6418
3 6875 5557 6190
3 6418 6190 5557
3 6875 6190 6784
3 2331 5428 2633
3 6547 3482 545
3 6547 545 2071
3 6013 5412 6547
3 558 5412 6013
3 1164 5412 558
3 1164 558 7455
3 1164 7455 521
3 521 7455 5704
3 2481 1573 521
3 521 1573 1164
3 7142 1573 4063
3 2481 4063 1573
3 4045 7142 4063
3 4045 4063 3323
3 3323 4063 3426
3 3426 4063 5562
3 1266 1798 4045
3 5147 1266 923
3 5147 923 7289
3 7496 1798 735
3 1798 7496 7142
3 4266 7496 5637
3 5637 7496 6378
3 5637 6378 3804
3 3789 5358 3055
3 3055 5358 5855
3 2919 3847 1002
3 1382 1002 3847
3 5094 510 2862
3 5852 510 5094
3 5882 4664 5852
3 6406 5882 2222
3 3204 2222 5882
3 5376 7529 3204
3 5376 3204 2367
3 2367 3204 5882
3 7529 5376 2973
3 2011 1092 7091
3 2011 7529 2973
3 7529 2011 7091
3 851 3713 2011
3 851 2011 2473
3 5033 851 2473
3 2473 2011 2973
3 1092 2011 3713
3 6199 6886 2473
3 6199 2473 6788
3 2473 6886 5033
3 5033 6886 6583
3 3774 364 5038
3 3774 5038 790
3 4868 790 2276
3 2276 790 5910
3 1547 416 4868
3 6287 253 1321
3 3530 4405 5843
3 3530 5843 6832
3 397 5843 4405
3 4443 7288 1711
3 6270 7288 478
3 478 7288 4443
3 1815 5887 3527
3 4354 2280 6077
3 2573 3310 1942
3 1942 3310 3332
3 4956 358 2184
3 5824 4956 2184
3 812 1483 1072
3 812 1072 7384
3 812 7384 4343
3 7384 1072 7506
3 7506 1072 5824
3 7506 5824 2184
3 5824 1072 1483
3 5928 7506 5539
3 5539 7506 6592
3 3587 5539 6592
3 3587 6592 2601
3 2601 536 6741
3 536 2601 6592
3 536 6592 7287
3 5966 2213 7005
3 5966 6741 2213
3 5311 5966 6943
3 6943 5966 7005
3 1589 6083 2898
3 5311 2898 6083
3 5311 6083 5966
3 5125 1589 1248
3 5125 1248 1662
3 5311 1248 2898
3 2898 1248 1589
3 6106 5928 5539
3 5928 6106 5125
3 5928 5125 1662
3 1589 5125 6106
3 6574 6106 3587
3 6574 3587 2601
3 6574 1589 6106
3 6574 2601 6741
3 6083 1589 6574
3 6083 6574 6741
3 7287 7005 2213
3 7287 2213 536
3 536 2213 6741
3 2597 4406 3712
3 2597 7349 4406
3 6671 4406 3524
3 3524 4406 7349
3 2322 7425 2388
3 2322 5536 7425
3 5272 2322 2388
3 7434 2388 7425
3 2322 6153 5536
3 6153 2322 12
3 12 2322 5272
3 6153 12 5189
3 5189 12 3043
3 5869 5873 3247
3 2863 5873 1713
3 2863 1713 7199
3 1713 5873 5869
3 1632 150 6128
3 6128 1713 5869
3 7199 1713 150
3 7199 150 3191
3 3777 1449 6450
3 6945 5115 2524
3 6674 5115 6900
3 5115 6945 6900
3 7358 2524 5115
3 7358 5115 5235
3 1588 2781 6170
3 425 6170 2781
3 5804 6170 425
3 3797 1922 5804
3 4568 7041 3797
3 4568 3797 7413
3 7413 3797 5216
3 1205 4568 6586
3 1976 1205 5373
3 5373 1205 6586
3 4611 1976 5373
3 5655 6469 3857
3 4644 6469 5655
3 5308 7497 6448
3 7130 6337 7497
3 7130 7497 5308
3 5993 7130 2785
3 2785 5308 6295
3 5308 2785 7130
3 4710 7568 7109
3 6942 5993 2785
3 6942 2785 6295
3 5993 7568 4710
3 7441 1681 6479
3 4426 6166 1845
3 3317 1041 184
3 6593 7532 527
3 6593 6636 6796
3 7432 7532 6593
3 5213 6725 5976
3 7432 1271 6725
3 1271 7432 6593
3 7432 6725 5213
3 5091 332 6701
3 5213 1750 332
3 6701 332 1750
3 6701 1750 2372
3 2372 1750 2173
3 6198 4196 2448
3 4836 6919 4269
3 6701 4836 4269
3 3692 4514 1663
3 4763 3447 4408
3 5082 6836 3862
3 1359 3823 5082
3 7247 5082 4790
3 4790 5082 3862
3 4333 2587 4777
3 2587 4333 1973
3 1973 4333 2872
3 3330 4777 6950
3 6950 4777 2587
3 3580 6950 2587
3 4849 3330 4577
3 4849 4577 7371
3 4577 6950 3580
3 3580 2587 4816
3 3330 6950 4577
3 4201 4577 3580
3 4201 3580 4816
3 1829 1277 6692
3 1829 1867 5052
3 1829 6692 1867
3 1867 6692 7580
3 6721 2913 1408
3 1408 2913 645
3 3091 1408 645
3 645 5052 3592
3 2913 5052 645
3 3091 645 1262
3 1262 645 3592
3 5622 5052 2913
3 5622 2913 6118
3 6721 6118 2913
3 2842 6118 6721
3 2842 6721 2096
3 7475 6976 7570
3 5395 5662 7475
3 5395 7475 5286
3 5644 6424 6849
3 1728 4589 3192
3 7484 2897 3192
3 7484 3192 5725
3 5428 775 2633
3 1327 5428 2111
3 1327 2111 6515
3 7142 2077 1573
3 1573 2077 1164
3 7496 2077 7142
3 5850 2568 4266
3 5850 4266 2286
3 1648 522 1145
3 1145 522 1369
3 6174 6210 1145
3 6042 3454 6174
3 6042 6174 1109
3 5240 681 7031
3 681 5240 1595
3 681 1595 3009
3 5240 7031 6460
3 3728 7084 681
3 681 3009 3728
3 3608 3728 3009
3 3735 2918 7307
3 3735 7307 1382
3 4022 1500 4671
3 4671 1500 7028
3 4434 6344 6763
3 20 6763 4180
3 20 4180 2500
3 5018 6406 2030
3 2030 6406 1739
3 6110 1739 2222
3 2222 1739 6406
3 1685 2618 6119
3 1685 6119 2467
3 736 4554 2467
3 2467 4554 3554
3 4554 2153 3554
3 5260 4554 736
3 6119 736 2467
3 1313 3667 6953
3 3667 1313 2517
3 1313 6953 49
3 49 6953 6851
3 2517 1313 805
3 2520 2517 805
3 2520 805 3774
3 3774 805 49
3 3774 49 6851
3 49 805 1313
3 5105 2517 2520
3 5105 2520 4549
3 4649 5679 5842
3 7185 4649 4484
3 4484 4649 5842
3 7174 2870 5836
3 5887 5836 2870
3 7405 7174 5836
3 218 1899 523
3 4656 218 7587
3 7587 218 523
3 7587 523 7405
3 7405 523 1899
3 6061 4656 1757
3 5253 1757 4656
3 5253 4656 7433
3 7433 4656 7587
3 6998 5253 7433
3 6998 7433 5186
3 5186 7433 1673
3 2573 5090 3310
3 3712 2573 1863
3 7450 7008 1942
3 7450 1942 342
3 1942 7008 1863
3 5824 1483 796
3 5824 796 6801
3 5824 6801 4956
3 6801 796 7450
3 7450 796 1483
3 1727 4956 6801
3 7008 812 4343
3 812 7008 1483
3 1483 7008 7450
3 4406 4712 3712
3 3712 4712 7558
3 940 39 5090
3 940 5090 5197
3 5090 39 7356
3 542 940 5197
3 7434 2596 4077
3 6130 2596 5813
3 5813 2596 7434
3 7425 5813 7434
3 5028 5236 7425
3 5813 7425 5236
3 6153 6923 5536
3 6830 6923 3326
3 3326 6923 6153
3 3326 6153 4296
3 3326 4296 3302
3 6285 3750 2863
3 6285 2863 7199
3 3750 6285 249
3 5331 4464 249
3 5331 249 548
3 6285 548 249
3 548 6285 7507
3 6541 713 2745
3 6541 2745 1456
3 6541 7020 7430
3 6541 7430 1647
3 3490 2957 6773
3 2056 6773 7041
3 5630 6579 6152
3 5524 4845 4611
3 4611 4845 6152
3 5906 4845 5524
3 514 4564 5906
3 514 5906 7133
3 4513 5666 821
3 7497 4513 821
3 7497 821 4644
3 634 4644 821
3 5666 4513 4909
3 1767 6439 423
3 1767 423 1591
3 423 6439 1218
3 1218 6439 4561
3 1604 1591 423
3 4286 1604 423
3 5993 4286 7130
3 5257 1591 1604
3 5257 1604 4952
3 5257 4952 2662
3 4952 1604 1681
3 7441 2662 4952
3 6065 3224 6166
3 6065 6166 4805
3 5274 5958 4426
3 4038 7559 24
3 24 7559 5344
3 3901 5440 24
3 5344 3901 24
3 2721 7532 822
3 5051 7432 7367
3 7367 7432 5091
3 7367 5091 7515
3 5781 4598 1211
3 7515 1211 3565
3 3565 1211 3447
3 4763 3565 3447
3 6587 5781 1211
3 6587 1211 5059
3 5059 1211 7515
3 6587 4725 3405
3 3405 4725 2532
3 3771 1358 5801
3 4842 2117 4725
3 4842 4725 6587
3 422 2117 4842
3 3029 6803 5940
3 5940 6803 5948
3 5781 3405 3029
3 3029 3405 6564
3 5440 3350 189
3 189 3350 4758
3 189 4758 6962
3 6005 5301 7192
3 6005 7192 4915
3 5343 4915 7192
3 5343 7192 3914
3 4832 1640 5801
3 5801 1640 1929
3 5801 1929 3771
3 1640 5520 5693
3 5693 5520 2874
3 360 5520 7301
3 4832 7301 5520
3 2814 3737 2411
3 2411 6211 3217
3 2411 3217 6470
3 2411 6470 2061
3 2061 6470 5641
3 7503 4635 1901
3 1901 4635 2351
3 1901 2351 5786
3 2351 4635 2458
3 1918 7503 1901
3 2121 6094 7503
3 2121 7503 1918
3 2121 1918 825
3 825 1918 1901
3 825 1901 5786
3 7395 6094 6334
3 6045 7259 835
3 835 7259 4790
3 5809 4777 1400
3 5088 4333 4777
3 4333 5088 6231
3 5809 4108 503
3 503 4108 2669
3 503 2669 5088
3 6334 2669 4108
3 6334 4108 7395
3 1198 7395 4108
3 1198 4108 5809
3 4777 5809 503
3 4777 503 5088
3 5088 2669 6231
3 3976 6887 2902
3 2328 3258 1679
3 3258 2328 5763
3 3526 2807 3235
3 1523 3235 6372
3 5196 50 5622
3 5622 50 6372
3 6372 50 1523
3 2941 1523 5196
3 7261 2941 3947
3 7261 3947 1801
3 5198 1394 3947
3 5198 3947 1842
3 3947 1394 1801
3 1801 1394 6163
3 5169 6834 6163
3 5169 6163 1394
3 5169 1394 5198
3 6976 5662 5198
3 6976 5198 1842
3 5281 6461 6550
3 6839 6550 1102
3 6716 5286 2041
3 1102 5395 6839
3 6839 5395 6716
3 5286 6716 5395
3 5600 4739 2945
3 4739 5600 6219
3 1361 4739 4304
3 1361 4304 6456
3 4304 4739 6219
3 3168 4304 7484
3 7484 4304 2897
3 3363 1773 235
3 3363 235 2522
3 3363 2522 5080
3 5080 2522 5831
3 1186 5080 6259
3 6259 5080 5831
3 7487 1186 5428
3 7487 5428 1327
3 5428 1186 6259
3 7487 1327 6515
3 3363 5080 3869
3 3869 5080 7487
3 3869 1773 3363
3 7452 1773 3869
3 7452 3869 3077
3 3077 3869 7487
3 2466 7452 7492
3 7492 7452 4463
3 6189 7492 6981
3 6630 500 6981
3 6189 6981 500
3 2241 2015 3593
3 3593 2015 500
3 3593 500 6630
3 1259 2858 2241
3 1259 2241 1192
3 1192 2241 3593
3 3933 1192 3593
3 3933 3593 2684
3 2684 3593 6630
3 2789 5850 5205
3 4024 6828 5205
3 4024 5205 2286
3 2286 5205 5850
3 2516 7386 3061
3 5675 3061 7386
3 7210 5675 7386
3 5627 7210 7386
3 6143 7210 5627
3 3124 6143 5627
3 3124 5627 6210
3 4500 6143 3124
3 4500 4283 6143
3 6639 4500 3124
3 1184 6639 3124
3 1184 3124 6210
3 1298 7031 3454
3 7031 6215 3454
3 6215 7031 7084
3 6639 6215 7084
3 1052 6344 81
3 2740 81 6344
3 1052 81 3328
3 7028 1500 1052
3 96 7028 1052
3 96 1052 129
3 3631 2740 4500
3 4500 2740 4538
3 1833 4283 4538
3 5727 3845 6763
3 3174 848 5727
3 3174 5727 5945
3 145 5945 3215
3 145 3215 3303
3 1516 3215 2500
3 2500 3215 20
3 20 3215 6763
3 2153 2006 767
3 767 2006 2588
3 2588 2006 6816
3 354 2153 767
3 5079 354 767
3 5003 5079 4684
3 5003 4684 2618
3 4684 5079 5018
3 4684 5018 2030
3 1739 4684 2030
3 6110 4684 1739
3 354 5079 5003
3 354 5003 4072
3 354 4072 2153
3 4072 5003 37
3 37 5003 2618
3 1685 4072 37
3 3554 2153 4072
3 3554 4072 2467
3 2467 4072 1685
3 2618 1685 37
3 4554 5260 2006
3 4554 2006 2153
3 2006 5260 6816
3 7018 4110 4787
3 4796 2693 4110
3 4796 4110 7004
3 7004 4110 4515
3 3881 7018 4787
3 1120 3881 4787
3 2693 5092 531
3 5092 6916 531
3 4430 6751 6916
3 4430 6916 5092
3 491 531 6916
3 4430 5092 4375
3 3236 4430 4375
3 2753 3236 5688
3 5688 3236 4375
3 4796 4375 5092
3 7004 5688 4375
3 7004 4375 4796
3 6440 6613 2753
3 2753 6613 4430
3 6751 6613 2685
3 5356 2685 3097
3 7034 2269 61
3 7034 61 4103
3 4103 61 1090
3 6029 7185 7174
3 2715 2758 2186
3 1744 2715 2186
3 4000 282 7347
3 4000 7347 5437
3 7405 7110 1009
3 1009 7110 7347
3 7405 1009 7174
3 7174 1009 6029
3 2711 218 6061
3 218 2711 1899
3 1899 2711 6129
3 1899 6129 7405
3 2711 1068 541
3 2711 541 6129
3 6124 1068 6061
3 6061 1068 2711
3 1757 6124 6061
3 4912 4902 1461
3 5416 3686 687
3 1731 6998 3062
3 5186 3062 6998
3 2423 5749 2882
3 5749 2423 5979
3 2423 2882 2993
3 6130 2423 2596
3 2847 7099 5979
3 6830 7075 2212
3 724 4756 3473
3 3473 4756 6830
3 6197 7471 1638
3 7471 6197 3473
3 3473 6197 724
3 5011 1638 7471
3 7471 5806 5011
3 7509 3273 4809
3 5331 548 7507
3 2529 3584 7507
3 5629 3584 2529
3 3056 2529 7507
3 720 5890 2529
3 720 2529 3701
3 3056 3701 2529
3 3080 2065 1910
3 3080 1910 1233
3 1233 1910 4279
3 1647 1910 2065
3 7430 1253 4279
3 7430 1910 1647
3 1910 7430 4279
3 7317 3490 6773
3 7317 6773 715
3 2957 3490 6027
3 6152 2348 5630
3 252 5906 7073
3 5906 252 4845
3 6459 6059 5481
3 6459 5481 5357
3 1460 6059 6459
3 1460 6459 4080
3 6986 4080 6459
3 6986 6459 5357
3 6986 5357 5830
3 5245 5475 1824
3 6899 5475 5245
3 7171 2959 5336
3 7171 5336 7296
3 5336 2959 6439
3 6439 2959 5245
3 1224 1767 5257
3 1224 5257 6475
3 2662 6934 5257
3 6762 2172 6065
3 6762 6065 3838
3 6065 2172 6934
3 4942 7458 2985
3 3128 4942 2985
3 3128 2985 2398
3 1539 5634 2398
3 1539 2398 6005
3 6005 2398 2985
3 1539 6005 4915
3 7333 7260 7366
3 709 7366 7260
3 1640 5693 6664
3 1640 6664 1929
3 1137 710 7136
3 6249 7136 710
3 6687 1137 7136
3 1970 6569 7136
3 340 1967 3397
3 2411 3397 2814
3 1970 2814 6569
3 6569 2814 3397
3 1967 6569 3397
3 5641 340 2061
3 2061 3397 2411
3 3397 2061 340
3 2351 2458 6470
3 2351 6470 5786
3 6470 265 7332
3 265 6470 2458
3 7332 2622 3645
3 2622 265 2458
3 265 2622 7332
3 2383 6858 2622
3 2383 2622 6472
3 2458 6472 2622
3 3645 2622 6858
3 4635 7503 6472
3 4635 6472 2458
3 2933 2704 6226
3 1073 6226 4153
3 1073 5977 254
3 1073 254 6226
3 5891 1073 4153
3 5891 4153 7024
3 7024 4153 2704
3 2704 4153 6226
3 5339 4573 7024
3 4698 2658 5328
3 7024 7304 5328
3 7024 5328 2658
3 7024 2658 5339
3 6752 5390 2525
3 5390 5912 2525
3 1810 4672 3940
3 7261 461 2089
3 6163 6834 461
3 6163 461 7261
3 2273 2089 4672
3 4672 2089 461
3 4672 461 3940
3 3940 461 6834
3 2941 7261 2273
3 2273 7261 2089
3 3526 2941 2273
3 3526 2273 3284
3 1523 2941 3526
3 6163 7261 1801
3 3940 7339 1810
3 4799 7339 3940
3 4799 3940 6834
3 4799 6834 6883
3 3358 7252 88
3 88 7252 5528
3 7483 5528 7252
3 7483 7252 754
3 5528 3358 88
3 5023 7252 3358
3 5023 5281 6390
3 2101 6413 7195
3 6456 7195 1361
3 1080 7195 6456
3 4699 6822 6510
3 1140 6992 7517
3 394 3943 3567
3 394 3567 55
3 55 3567 7492
3 2466 3567 3943
3 7492 3567 2466
3 3325 3282 6189
3 6189 3282 7492
3 3325 1459 492
3 1459 394 492
3 492 394 55
3 3943 394 1459
3 3943 1459 2858
3 2241 1459 3325
3 2241 3325 2015
3 2015 3325 6189
3 3282 3325 492
3 3282 492 55
3 3282 55 7492
3 2543 2679 7517
3 3125 7517 2679
3 182 2679 5159
3 5159 2679 2543
3 5037 7466 2320
3 5037 2320 4709
3 2302 3661 5587
3 3661 2302 2088
3 5205 2088 2302
3 5205 2302 3933
3 5205 3933 2789
3 5587 3933 2302
3 2038 6356 3661
3 2038 3661 6412
3 1422 5961 3061
3 5675 5534 3061
3 5675 7210 5522
3 6604 5448 5560
3 5448 3691 5560
3 5560 3691 1809
3 1849 1809 3691
3 3805 5448 6604
3 5727 239 6604
3 5727 6604 3845
3 6780 7269 6824
3 6780 6824 7233
3 4700 6824 7269
3 3303 4678 145
3 145 4678 5945
3 7233 3881 1120
3 7233 1120 3370
3 6916 6751 499
3 6916 499 505
3 499 6751 3207
3 3207 6751 2685
3 2995 499 7010
3 7010 499 3207
3 7010 3207 2685
3 2086 5356 526
3 6555 2086 526
3 5437 5638 3167
3 5437 3167 4000
3 622 541 1068
3 622 1068 6124
3 1520 2690 1293
3 1520 1293 2811
3 5708 1293 2690
3 3023 3095 5708
3 3023 5708 3469
3 404 3469 5708
3 4454 3616 2099
3 6134 1458 1377
3 6304 6134 5416
3 6280 6304 5749
3 1450 4785 6543
3 4785 1454 6543
3 4785 7099 1454
3 5413 1454 2058
3 2058 1454 4407
3 4407 1454 7099
3 6518 3064 2058
3 3171 6518 4407
3 3171 4407 1936
3 4407 6518 2058
3 5258 7122 1396
3 5258 1396 7099
3 3835 6387 6197
3 4123 3835 6197
3 3273 399 4123
3 3273 4123 6197
3 7509 399 3273
3 7039 4222 7316
3 1599 6708 4878
3 3824 2130 1496
3 7227 887 7064
3 7064 887 5629
3 887 7227 3746
3 3584 5629 887
3 3584 887 4706
3 6431 2202 1606
3 519 6431 6889
3 6889 6431 6414
3 6414 6846 6889
3 3701 6846 6414
3 4523 3413 3080
3 4523 3080 1233
3 3080 3413 4559
3 4523 1233 2104
3 2104 1233 7317
3 2104 7317 3145
3 3414 3145 1274
3 907 2348 1709
3 2348 907 5630
3 3443 907 4984
3 4984 907 1709
3 1040 3443 4984
3 1040 4984 6404
3 2689 3733 6404
3 5441 6202 4626
3 5765 5441 4626
3 5765 4626 132
3 132 4626 6653
3 6109 5765 6059
3 6059 5765 3462
3 3662 5999 4759
3 1007 484 2927
3 1007 2927 3895
3 484 4759 2927
3 5547 484 1007
3 3281 2927 4759
3 6658 2327 3895
3 6658 2927 3281
3 2927 6658 3895
3 3895 2327 1007
3 1007 2327 5547
3 4536 6658 2981
3 2981 6658 3281
3 3449 4080 6986
3 5698 6899 3833
3 3833 4781 7201
3 3833 7171 4781
3 7171 3833 6899
3 6951 7296 6475
3 7296 1224 6475
3 6951 6475 1023
3 3883 2925 6951
3 6951 3128 3883
3 2925 3883 2229
3 4403 242 2925
3 7231 4403 2925
3 7231 2925 4220
3 7231 4220 5619
3 4481 3335 4412
3 5972 3335 4481
3 6468 4481 4412
3 2495 6188 1788
3 7136 1838 6687
3 1788 6687 1838
3 5748 1838 6569
3 5748 6569 1967
3 5748 7402 1155
3 2579 4369 6276
3 6276 4369 1953
3 7332 6276 5641
3 5641 6276 1953
3 6244 6276 4760
3 4760 6276 7332
3 3536 6645 146
3 5977 5953 2609
3 2609 5953 3536
3 2609 3536 146
3 254 5977 2383
3 254 2383 6226
3 146 6858 2609
3 2609 6858 2383
3 2609 2383 5977
3 3645 4760 7332
3 5977 1073 5891
3 5838 5977 5891
3 5838 5891 4573
3 4573 5891 7024
3 5838 5953 5977
3 5953 5838 2268
3 6969 2268 5838
3 6969 5838 3884
3 6969 3884 7007
3 1568 7007 4618
3 2570 4391 4316
3 4391 2570 7483
3 754 5160 4391
3 754 4391 7483
3 4951 3716 5248
3 3716 4951 3096
3 6135 4957 5248
3 6135 5248 3716
3 6135 3716 1570
3 865 6135 6390
3 6390 6135 1570
3 5023 6390 1570
3 4957 6135 4194
3 4194 6135 6025
3 6720 6025 865
3 865 6025 6135
3 3130 6720 7491
3 3130 7491 4156
3 1807 7491 6720
3 1127 4156 7491
3 2640 4156 5436
3 3602 4793 6413
3 3602 6413 2101
3 3602 2101 5072
3 5072 2101 7195
3 1080 3125 5072
3 2679 3602 5072
3 2679 5072 3125
3 1937 3125 1080
3 7195 1080 5072
3 7202 5888 7318
3 7318 5888 2626
3 4972 5888 6482
3 5888 7202 6482
3 5814 4972 6482
3 6843 6482 7202
3 6843 7202 5984
3 4200 5984 4133
3 5024 4709 2761
3 6356 5024 2761
3 1512 5024 5269
3 1512 5269 5788
3 5269 5024 6356
3 3566 5269 2038
3 3566 2038 6412
3 2038 5269 6356
3 439 3814 3566
3 4204 5788 3245
3 6121 2244 3245
3 6121 3245 2340
3 2340 3245 6777
3 4204 3245 2244
3 6121 2340 6777
3 5671 1091 1294
3 5671 1294 5961
3 5671 5961 1422
3 5145 4318 1615
3 2433 1615 4243
3 5675 5522 5534
3 2433 1849 3691
3 2433 3691 6991
3 5448 6991 3691
3 134 2834 3260
3 4056 2834 134
3 4056 134 6829
3 3488 4056 6829
3 7233 5407 6780
3 6780 6242 7269
3 6242 6780 6034
3 6034 6780 5407
3 2836 3617 5407
3 2836 5407 1152
3 5419 7011 7365
3 7011 4938 7365
3 1541 913 6544
3 6772 285 2576
3 285 5707 2576
3 5707 285 3910
3 153 2576 7010
3 153 7010 5356
3 153 5356 1994
3 153 1994 6772
3 3688 5571 6772
3 3688 6772 1994
3 3688 1994 1620
3 3688 1620 4581
3 6555 1620 2086
3 2086 1620 1994
3 6555 4581 1620
3 1187 5184 6682
3 4401 1187 3167
3 4401 3167 5638
3 3167 1187 6682
3 4401 4581 1187
3 5184 1187 4581
3 4581 4401 3843
3 3843 4401 3906
3 5638 3906 4401
3 5221 4974 3836
3 1489 2811 3836
3 4492 2499 598
3 2499 4722 5462
3 1168 598 3023
3 1168 3023 3469
3 3095 3023 2499
3 3095 2499 472
3 2499 3023 598
3 3665 1168 4459
3 3665 4459 1123
3 3469 4459 1168
3 2437 1123 4459
3 2361 2437 3223
3 2361 3223 156
3 156 3223 6668
3 4815 6668 3616
3 156 4815 6543
3 156 6543 2361
3 2361 6543 5413
3 4446 2361 5413
3 1450 6543 6280
3 2437 2361 4446
3 7361 4273 3064
3 7513 5009 6518
3 6518 5009 7361
3 6518 7361 3064
3 7513 6518 3171
3 5408 7513 3171
3 5408 3171 1936
3 2555 7513 2952
3 2952 7513 5408
3 7113 1378 4123
3 7113 4123 186
3 4123 1378 3835
3 3835 1378 5408
3 5408 1378 2952
3 2952 1378 7113
3 5942 3552 7113
3 7113 7039 4897
3 7113 4897 5942
3 5294 5942 4897
3 898 2137 4897
3 4897 2137 5294
3 7064 2504 2137
3 7064 2137 4165
3 7064 4165 7227
3 4172 2237 5569
3 2237 5449 3826
3 5449 2237 4172
3 7424 5569 2237
3 1515 2237 519
3 519 2237 3826
3 2237 1515 7424
3 4939 6157 7424
3 4939 7424 1515
3 4939 1515 1018
3 1018 1515 519
3 5710 4939 1018
3 7151 177 5710
3 5710 3011 7151
3 3011 5710 6889
3 7363 3011 6846
3 6846 3011 6889
3 2318 3413 4523
3 2104 1129 2145
3 2104 2145 4523
3 2145 2318 4523
3 1129 2104 3145
3 6157 4939 5450
3 6157 5450 3296
3 4696 5427 7217
3 5427 4696 7489
3 7489 4696 6157
3 1668 5110 7377
3 5110 2350 4199
3 2971 3551 6202
3 2971 6202 5441
3 6677 2971 2857
3 5441 2857 2971
3 160 2719 4960
3 4960 2719 2857
3 4960 2857 5441
3 2857 2719 6677
3 2744 4216 160
3 2744 160 6160
3 6160 160 4960
3 6160 4960 5478
3 5478 4960 402
3 3464 5478 5819
3 1239 3464 5819
3 1239 5819 5999
3 6487 3464 1239
3 5999 6487 1239
3 6256 6501 5299
3 5299 6501 1978
3 1978 6501 3266
3 6501 6256 2332
3 3662 2332 6256
3 3266 6501 5547
3 5547 6501 2332
3 484 5547 3662
3 484 3662 4759
3 2332 3662 5547
3 4591 2327 6658
3 2327 4591 3266
3 2327 3266 5547
3 6658 4536 4591
3 2143 4591 1764
3 1764 4536 436
3 4536 1764 4591
3 4507 3416 1764
3 3416 3956 5299
3 3956 3416 4507
3 4507 1764 436
3 2143 1764 3416
3 6669 5299 3956
3 3396 3956 4507
3 7546 6669 3956
3 7546 3396 5122
3 5122 3396 5698
3 5698 3396 4507
3 5698 4507 6933
3 3956 3396 7546
3 7201 5122 5698
3 599 2069 1612
3 1612 2069 7231
3 5619 1612 7231
3 5096 1612 5619
3 7333 5588 5939
3 6918 7333 5939
3 4907 5588 7333
3 3340 2879 7255
3 6673 5392 5613
3 1122 5613 5392
3 5613 1122 1268
3 1268 1122 2495
3 5392 2495 1122
3 2495 5392 6188
3 5613 1268 5306
3 1246 5434 2579
3 2869 2579 5434
3 172 5434 4873
3 4873 5434 1246
3 1584 6577 6758
3 2233 4111 6645
3 4111 2233 4236
3 2592 4236 7132
3 2268 7132 5953
3 6969 7132 2268
3 6688 7132 6969
3 6969 1568 6902
3 6969 6902 6688
3 6902 3844 3633
3 2562 3844 2907
3 4570 2907 3844
3 2562 2907 5503
3 5503 2907 4284
3 5248 4227 5463
3 5248 5463 4951
3 4957 4227 5248
3 2594 1826 4957
3 5179 6411 1582
3 6411 5179 5459
3 5459 5179 6844
3 2640 1582 6411
3 1373 1582 2640
3 5436 1373 2640
3 4156 2640 6411
3 4156 6411 3130
3 3130 6411 5459
3 4972 6239 5888
3 5888 6239 2626
3 6542 2937 2047
3 6843 4079 6651
3 6651 4079 6623
3 810 6039 4079
3 810 4079 6843
3 810 6843 355
3 355 6843 5984
3 6117 6039 810
3 6117 810 355
3 4709 6117 355
3 5037 4709 355
3 5024 6117 4709
3 5788 4898 6117
3 5788 6117 1512
3 7459 7127 483
3 5430 7459 6777
3 6777 7459 483
3 6777 483 6121
3 6121 483 4762
3 7127 4762 483
3 4804 6776 591
3 4804 591 4048
3 591 6776 2393
3 806 3012 3736
3 2022 5739 4349
3 5739 2022 42
3 42 2022 806
3 806 2022 1913
3 1913 2022 4051
3 4051 2022 4349
3 3553 4051 4349
3 6891 2321 5145
3 6891 5145 3731
3 5145 2321 4318
3 6991 5145 2433
3 2433 5145 1615
3 1682 6891 7118
3 4029 3599 2834
3 543 4124 5543
3 6225 4891 7355
3 7355 4891 6452
3 1800 7355 6452
3 1800 6452 2713
3 1800 2713 7448
3 1260 7448 2713
3 6452 4563 2713
3 2713 4563 1260
3 5101 7448 1260
3 5101 1260 3169
3 5101 3169 3030
3 5061 6034 6617
3 6034 5061 267
3 3110 5061 6617
3 7011 5419 2836
3 2836 5419 3617
3 3617 5419 4524
3 2664 3078 5419
3 2664 5419 7365
3 5419 3078 3615
3 2316 3672 86
3 2316 86 7365
3 3974 3672 2316
3 2664 7365 86
3 2664 86 3672
3 2664 3672 5689
3 5016 5818 2316
3 5016 2316 7586
3 2316 5818 3974
3 5707 2950 5016
3 2627 5016 2950
3 2950 5707 7108
3 7108 5284 2627
3 5284 7108 1650
3 2950 7108 2627
3 1889 5041 7108
3 6490 5041 4322
3 4322 5041 1889
3 7108 5041 1650
3 4322 1889 4310
3 4310 1889 3910
3 285 6772 3910
3 3843 3688 4581
3 5184 4581 6555
3 5571 3688 3843
3 1886 4094 19
3 3721 1886 1969
3 1969 1886 19
3 1969 19 3747
3 4974 3721 1969
3 5044 1886 7518
3 7518 1886 3738
3 7518 4137 1686
3 1686 4137 1027
3 1027 1364 2750
3 4802 1364 5126
3 5126 1364 4137
3 2750 1364 4802
3 4492 5126 7518
3 7518 5126 4137
3 1027 4137 1364
3 4492 2894 5126
3 2894 3576 5126
3 5126 3576 4802
3 6724 4802 856
3 738 6724 856
3 738 856 2890
3 2890 856 3576
3 5146 6736 738
3 5146 738 143
3 3665 7266 143
3 143 7266 5146
3 4841 5146 2063
3 2063 5146 7266
3 6573 2063 7266
3 6573 7266 577
3 577 7266 6841
3 6573 6437 2063
3 4273 4733 577
3 577 4733 6573
3 7361 4733 4273
3 2428 4733 7361
3 4184 2428 7361
3 4184 7361 380
3 4184 380 4332
3 5009 380 7361
3 2923 380 985
3 5163 5316 1281
3 5918 2114 1247
3 1247 2114 5163
3 2943 5918 1247
3 2943 1247 4929
3 4929 1247 7244
3 4929 7244 5294
3 6478 2943 4929
3 6478 4929 3053
3 6478 3053 2158
3 5294 3053 4929
3 7553 6478 2158
3 6004 3757 2908
3 6004 4009 6874
3 4009 6004 2908
3 5841 4172 5569
3 6948 2142 5841
3 2142 6948 6400
3 5569 6948 5841
3 3842 6400 2489
3 356 3719 6802
3 2350 1668 6802
3 5110 5263 7377
3 7060 6203 7377
3 7060 7377 5263
3 6936 7060 5263
3 5617 6936 6722
3 6536 4702 6677
3 5083 6536 6677
3 5083 6677 2719
3 5289 2744 6160
3 6700 5289 6160
3 6700 6160 5478
3 6700 5478 3464
3 2460 6240 1928
3 6487 1328 1928
3 6487 1928 3464
3 3464 1928 6240
3 2460 1928 1328
3 6669 7546 5498
3 4879 5498 1401
3 1401 5498 7546
3 1231 1401 3619
3 1401 7546 3619
3 1034 4879 1401
3 1034 1401 1231
3 5122 3619 7546
3 4772 1231 5027
3 48 4772 2069
3 48 2069 599
3 2069 5027 7231
3 7231 5027 5122
3 4772 5027 2069
3 1912 4772 48
3 48 5188 1912
3 5188 48 599
3 7499 5188 6116
3 3570 6234 7499
3 3570 7499 6116
3 7046 5926 5588
3 6140 1705 7352
3 6140 2848 2960
3 85 1705 2628
3 6509 85 2498
3 2628 2498 85
3 2628 6140 1775
3 6140 2628 1705
3 7352 1705 85
3 7352 85 6509
3 2628 4540 2498
3 4540 2628 965
3 6466 965 1775
3 2628 1775 965
3 6216 1892 697
3 6216 697 2285
3 2879 7393 6296
3 6296 7255 2879
3 7306 7577 5483
3 7173 7163 2680
3 7173 2680 5613
3 4955 6709 1510
3 2357 2093 5434
3 2093 2357 1195
3 2093 6024 5434
3 6024 2093 6709
3 3504 1158 2479
3 2357 1158 3504
3 2479 1158 5545
3 5545 1338 6246
3 1338 5545 1158
3 5365 4614 2479
3 5365 5545 3450
3 5545 5365 2479
3 6176 5365 3450
3 4944 6176 2592
3 4944 2592 972
3 2592 3450 2379
3 3450 2592 6176
3 5503 7486 1525
3 5503 1525 2562
3 3829 7486 3913
3 1468 6529 1878
3 1878 6529 3432
3 5085 99 1878
3 5733 7449 1468
3 5733 1468 99
3 5733 99 5085
3 6357 5085 3432
3 3432 5085 1878
3 1878 99 1468
3 5860 5085 5463
3 5860 5463 4453
3 4453 5463 4227
3 6357 5463 5085
3 2749 5860 4453
3 6965 2749 4453
3 4520 2572 6965
3 4520 6965 1132
3 1132 6965 4453
3 3280 6844 5179
3 991 624 3280
3 1952 624 7469
3 7469 624 991
3 7469 991 5209
3 5209 991 5179
3 5179 991 3280
3 4972 5209 6239
3 6033 6738 2245
3 2245 6738 5911
3 6738 5379 5237
3 6738 5237 5911
3 2940 5379 6973
3 6973 5379 5472
3 6738 5472 5379
3 6010 328 4324
3 308 6623 4079
3 5756 6282 6010
3 5756 6010 5489
3 2217 5951 3271
3 4036 2217 6600
3 6502 6600 1554
3 65 6776 2868
3 7292 2915 4804
3 4804 2915 3349
3 1682 3604 6891
3 1682 7118 4295
3 6517 6757 2584
3 6686 7308 3048
3 6686 3048 770
3 7355 3709 6225
3 770 6225 3709
3 3709 7355 414
3 5479 7448 4149
3 2097 3212 222
3 222 3212 2738
3 6514 3212 2097
3 2738 3212 3739
3 3739 3212 6514
3 4546 3739 6514
3 2623 3060 4673
3 2623 4673 3790
3 3672 6814 2623
3 3060 2623 6814
3 3672 2623 5689
3 3385 3060 6814
3 4122 3385 6814
3 1650 6040 4061
3 5284 1650 4061
3 5284 4061 5818
3 5284 5818 2627
3 5041 6040 1650
3 6040 5041 524
3 524 5041 6490
3 5019 559 3807
3 3807 559 6490
3 3807 6490 4322
3 3807 4322 1124
3 2162 3807 1124
3 2162 1124 18
3 18 1124 3309
3 5019 3807 2162
3 4211 4569 2162
3 4211 2162 6845
3 5019 2162 4569
3 2726 4211 1613
3 1613 4211 6845
3 584 4244 1613
3 584 1613 3610
3 3610 1613 6845
3 2726 1613 4244
3 363 4422 3610
3 3610 4422 584
3 2553 2253 441
3 2253 2553 164
3 2253 164 984
3 2553 441 4046
3 5044 2553 4046
3 2553 5044 1686
3 2553 1686 164
3 1027 164 1686
3 164 1027 984
3 7518 1686 5044
3 3083 363 2253
3 3083 2253 3141
3 3083 3141 481
3 180 4802 6724
3 180 6724 5949
3 6489 3138 6736
3 4841 6489 6736
3 5146 4841 6736
3 1204 7262 5933
3 2428 4184 4733
3 4733 4184 6573
3 6573 1982 6437
3 1982 6573 4184
3 1982 4184 4332
3 5316 5163 2124
3 2124 5163 2114
3 1486 7539 5467
3 1486 5467 7014
3 3364 5513 5918
3 3364 5918 781
3 1161 7047 3364
3 1161 3364 781
3 1161 781 1439
3 6478 7553 5206
3 6478 5206 2943
3 2943 5206 5918
3 4847 7047 1161
3 7211 4726 7048
3 4378 6181 3757
3 4378 3757 6004
3 6181 4378 5663
3 5663 4378 5537
3 5537 4378 6004
3 6400 1795 2142
3 2142 1795 5537
3 2142 5537 5841
3 3194 1795 6400
3 5914 5508 7077
3 3184 5566 295
3 295 5566 2109
3 4749 7060 6936
3 6833 5617 4702
3 4749 5617 6833
3 5617 4749 6936
3 6722 4702 5617
3 4084 4749 6833
3 4084 6833 4433
3 6536 4433 6833
3 7397 4658 6603
3 3373 2147 1428
3 1626 4067 1130
3 1603 3448 6481
3 1603 6481 4140
3 1603 4140 7015
3 6700 7015 4140
3 6700 4140 5990
3 5990 4140 7241
3 6700 5990 5289
3 7015 6240 1603
3 7499 1934 6499
3 7499 6499 1435
3 7499 1435 5188
3 1912 1435 1034
3 1912 1034 4772
3 4879 1034 1435
3 4879 1435 6499
3 5636 4694 3982
3 7076 5926 7046
3 6140 7352 4160
3 6140 4160 3953
3 2614 3953 4160
3 2614 4160 6217
3 6217 4160 2886
3 2886 4160 7352
3 7476 2840 6557
3 3925 7290 6557
3 996 6557 4999
3 4999 6557 5454
3 4017 5454 2120
3 6568 2938 5549
3 597 5549 2938
3 597 2938 3588
3 5552 597 1924
3 5552 1924 2201
3 1924 597 3588
3 6080 4540 965
3 6080 965 1892
3 3588 4540 1924
3 2201 4540 6080
3 4754 2201 6080
3 4754 6080 6791
3 6080 6216 6791
3 3638 6216 2285
3 1892 6216 6080
3 6216 3638 6791
3 6006 1398 3810
3 6006 3810 4064
3 151 4064 3810
3 151 3810 7124
3 4115 1503 5224
3 4115 1812 2619
3 4115 5224 2412
3 1503 5346 5224
3 2619 1503 4115
3 7163 5224 2018
3 2439 2412 5224
3 2439 5224 7163
3 2439 7163 7173
3 1510 2412 2439
3 4955 1510 2439
3 4955 2439 7173
3 4427 3270 2692
3 2692 3270 2392
3 5182 3270 4427
3 3361 2755 1524
3 3361 1524 5559
3 3206 4711 6269
3 6176 4614 5365
3 5421 1652 4944
3 4944 1652 6176
3 4734 5421 4944
3 659 5421 4734
3 659 4734 6961
3 272 2303 7486
3 3360 1748 6340
3 534 5401 6641
3 5401 3360 6340
3 3360 5401 534
3 6449 5401 7164
3 6529 1468 953
3 555 2174 3856
3 555 3856 2749
3 2326 555 6965
3 2174 555 2326
3 2749 6965 555
3 2749 3856 5860
3 4609 2174 2326
3 4609 2326 6947
3 2572 6947 2326
3 2739 1511 5798
3 2739 5798 4371
3 4371 5798 6973
3 5472 1513 6973
3 4371 5558 2739
3 2739 5558 6253
3 5558 6486 6253
3 5756 7327 6282
3 6282 7327 6922
3 6486 5756 3271
3 6486 3271 5951
3 2166 518 5506
3 518 4862 5506
3 761 518 2166
3 761 2166 2180
3 3858 3035 2166
3 5847 3035 3858
3 5506 3858 2166
3 2180 2166 3035
3 5847 3858 5680
3 5680 3858 6168
3 975 5680 3787
3 6952 975 3787
3 6952 5380 7415
3 6952 3787 5380
3 1907 5583 2463
3 3276 4962 2312
3 4853 6463 2050
3 2050 6463 1024
3 6517 7308 3876
3 2050 2382 6621
3 6427 2050 6621
3 2050 6427 5853
3 3839 2989 3603
3 2989 6621 3603
3 4628 6427 2989
3 4628 2989 3839
3 3603 6621 1898
3 6427 6621 2989
3 7153 4628 5479
3 4149 233 5479
3 2688 2097 222
3 2688 222 1125
3 6315 4326 6769
3 6769 7442 6315
3 4971 7442 4895
3 4122 7564 4557
3 7588 5864 6397
3 2160 4578 5995
3 2057 5995 4578
3 2160 5995 2171
3 2171 5995 6743
3 4290 4578 2160
3 960 2160 2171
3 3154 960 4244
3 960 2171 4244
3 989 3154 4422
3 989 4422 992
3 992 4422 363
3 363 3083 992
3 992 3083 6691
3 992 6691 989
3 2583 2534 6691
3 2583 6691 3331
3 2583 3331 7465
3 3331 6691 481
3 5542 7465 3331
3 5542 3331 15
3 5542 15 5512
3 15 3331 481
3 3483 7465 5542
3 2128 5949 509
3 5949 2128 5512
3 5542 5512 2128
3 5542 2128 3483
3 5949 5512 180
3 7490 4602 6520
3 7490 2746 4602
3 2746 737 1760
3 4602 2746 1760
3 1093 7139 2390
3 1093 2390 4357
3 1093 4357 5062
3 568 7139 1093
3 568 1093 5062
3 5062 7539 5554
3 5554 7539 1256
3 1256 7539 7014
3 7014 7539 1486
3 3308 5554 1256
3 3308 1256 1926
3 1926 1256 7014
3 1465 3308 1926
3 1465 1926 6977
3 6977 7014 4398
3 7014 6977 1926
3 6977 3718 1619
3 3718 6977 4398
3 6781 3718 60
3 6781 60 6220
3 6220 60 4398
3 4398 60 3718
3 1353 4612 6220
3 6559 4612 5214
3 7048 4686 4847
3 1531 4847 4686
3 7211 3433 4726
3 7550 7211 2994
3 4267 5663 3470
3 5663 4267 6181
3 6786 4267 1799
3 1799 4267 3470
3 3470 442 1799
3 4610 2926 2765
3 2765 2926 6297
3 3870 6085 6297
3 3297 3870 107
3 3297 107 5914
3 107 6297 7309
3 6297 107 3870
3 2638 5914 4101
3 2777 2844 5566
3 2777 5566 1597
3 5566 2844 6865
3 1543 1386 1095
3 4084 3290 3184
3 4084 3184 295
3 4314 1543 203
3 203 1543 651
3 2899 6187 4314
3 2899 4314 203
3 7538 7021 7397
3 1850 7538 7397
3 5280 7538 7480
3 5280 7480 5486
3 7480 7538 5424
3 3557 3507 1836
3 3556 6676 6481
3 3556 6481 3448
3 4361 3556 3448
3 2772 3556 4361
3 3457 5754 954
3 866 3594 5754
3 866 5754 443
3 443 5754 3457
3 6217 443 3457
3 6093 443 6217
3 7387 6093 6217
3 6557 7290 7476
3 7290 5230 2106
3 2106 5230 5696
3 5745 7374 5954
3 5745 5954 7302
3 4119 3000 5318
3 4119 5318 6317
3 5318 3000 2701
3 6317 5318 996
3 5729 7178 4999
3 5832 7198 5729
3 7385 5832 5454
3 5454 5832 4999
3 4999 5832 5729
3 4017 7385 5454
3 257 7385 4437
3 257 4437 7226
3 1759 7385 4017
3 7385 1759 4437
3 4437 1759 7226
3 147 7226 7181
3 1549 169 2418
3 2768 1549 2418
3 2881 2768 2418
3 6568 2768 2881
3 1434 1110 3749
3 1434 3749 4152
3 1434 6271 1110
3 2970 3749 6560
3 6560 3749 2044
3 6560 2044 5549
3 6560 5549 5552
3 1395 2970 6815
3 6815 6560 5552
3 6560 6815 2970
3 261 6815 5552
3 261 5552 4754
3 2201 4754 5552
3 1860 6791 3638
3 6791 1860 4754
3 4754 1860 349
3 349 1860 1398
3 349 1398 6006
3 1395 6815 349
3 1395 349 6006
3 4754 349 6815
3 4754 6815 261
3 1395 6006 2970
3 350 5262 1434
3 350 1434 4152
3 4005 2005 4152
3 7306 4005 512
3 7306 512 2617
3 2617 512 4152
3 2005 4005 7057
3 7320 3038 2545
3 3038 7320 7057
3 7057 7320 2005
3 2619 4782 2864
3 1812 4782 2619
3 1503 2619 2864
3 1503 2864 5346
3 5346 2864 7057
3 609 4837 6699
3 6699 4837 2487
3 6699 2487 2392
3 7276 1432 56
3 4202 7276 56
3 5815 4202 5182
3 5815 5182 3361
3 5815 3361 5445
3 4168 5815 5445
3 5421 659 3367
3 1652 5421 3367
3 1652 3367 3206
3 7228 5829 4770
3 7228 4770 5794
3 198 7228 5794
3 198 5794 2526
3 2526 5794 1553
3 4240 1553 5794
3 727 7228 464
3 727 464 4246
3 727 4246 7418
3 464 198 4889
3 2526 4889 198
3 7228 198 464
3 3054 1718 4246
3 3054 4246 4889
3 464 4889 4246
3 7418 4246 1718
3 1748 853 2798
3 853 1748 3360
3 1748 2798 4889
3 2820 4025 853
3 2820 853 3360
3 853 4025 2798
3 6277 4025 2820
3 6666 6277 2820
3 238 6666 639
3 639 6666 6641
3 4806 5466 6641
3 4315 1235 4457
3 4315 4457 880
3 6354 880 4457
3 2983 6354 4457
3 6538 3400 6646
3 3400 6538 5633
3 1199 5633 7406
3 7406 5633 6538
3 3950 1521 2582
3 3950 2582 5243
3 5901 2470 103
3 2582 4609 5243
3 2470 5243 103
3 103 5243 4609
3 5905 3193 5046
3 5905 5046 6321
3 6321 5774 5464
3 5464 5774 5194
3 3840 5774 5046
3 5046 5774 6321
3 5774 3840 6901
3 1197 3871 795
3 3871 5774 6901
3 504 3871 6901
3 2073 795 1393
3 795 3871 1393
3 1393 3871 504
3 1393 504 1729
3 504 6901 1729
3 2073 1197 795
3 7461 2073 1393
3 7461 1393 1729
3 5774 3871 1197
3 1511 1729 6901
3 5798 1511 6901
3 5798 6901 6377
3 6253 6229 2739
3 3783 748 2073
3 3783 2073 7461
3 5127 7461 4862
3 4862 7461 1700
3 4862 1700 3293
3 7461 5127 3783
3 518 761 5127
3 518 5127 4862
3 5127 761 5171
3 498 3954 2092
3 498 2092 3035
3 2180 3035 2092
3 498 3035 4890
3 4890 3035 5847
3 4890 2493 498
3 2493 4890 966
3 7541 966 6360
3 6360 966 4890
3 3954 498 2493
3 1847 6316 6360
3 1847 6360 2607
3 2607 6360 4890
3 6360 6316 7541
3 6255 2607 7212
3 3660 1079 5853
3 5853 1079 2424
3 5420 2687 4452
3 5623 4452 7310
3 7310 4452 2687
3 7153 2687 5420
3 4695 7088 5032
3 2688 2928 7310
3 2688 7310 4002
3 7310 2928 1576
3 1295 2928 2688
3 3531 6177 6257
3 1664 6315 4971
3 7234 3939 4971
3 3939 7234 921
3 5611 5431 688
3 5611 688 7588
3 2037 688 5431
3 144 5611 7588
3 7588 688 1
3 1 688 2037
3 2335 4384 3407
3 6864 6817 5611
3 3518 7206 6929
3 5120 6929 7172
3 5120 7172 7375
3 6698 7053 7172
3 6698 7172 5374
3 1760 7156 4602
3 4602 7156 6520
3 5374 7156 1760
3 5374 1760 6698
3 2128 509 7156
3 2128 7156 3483
3 1746 7465 4290
3 7465 1746 2583
3 2583 1746 2534
3 7053 6698 5996
3 3126 5996 2751
3 1771 3126 2751
3 1771 2751 3931
3 5857 3126 1771
3 1771 5015 5857
3 5015 1771 3931
3 4729 5015 4013
3 4729 4924 5015
3 2722 1619 4913
3 2722 4913 6047
3 4729 6047 4913
3 6047 4729 7225
3 6047 7225 5242
3 7139 5242 7225
3 1593 6047 5242
3 1465 1593 3867
3 3308 1465 3867
3 7139 3867 5242
3 5242 3867 1593
3 5554 3308 3867
3 568 5554 3867
3 568 3867 7139
3 4924 4729 4913
3 1714 6473 3181
3 5682 3181 6781
3 5682 6781 2563
3 2563 6781 4277
3 4277 6781 1655
3 4713 7219 7420
3 7219 4713 4277
3 7219 4277 1655
3 2290 7219 3147
3 1416 5548 3147
3 1416 3147 7219
3 7382 5548 4456
3 7382 4456 750
3 7382 750 6888
3 1557 4456 1416
3 1416 4456 5548
3 1431 750 4456
3 1431 4456 1670
3 1670 4456 1557
3 465 4065 5608
3 1799 4274 6786
3 4610 4274 2926
3 739 4610 2765
3 3620 739 1302
3 3620 1302 2144
3 2144 1302 6660
3 2765 1302 739
3 2766 6660 5106
3 6228 2766 5106
3 321 6228 1265
3 6228 5106 1265
3 2403 3860 1763
3 567 3658 3870
3 567 3870 3297
3 2775 567 3297
3 2775 3658 567
3 3834 2775 3297
3 3834 3297 2638
3 5914 2638 3297
3 562 311 2775
3 562 2775 2054
3 2054 2775 3834
3 4830 2054 3834
3 2777 4830 3834
3 2777 3834 2844
3 7280 480 4830
3 7280 4830 4786
3 3961 6272 1844
3 3961 1844 6389
3 1552 6389 1844
3 4043 5909 7464
3 3511 7464 5909
3 3511 5909 4314
3 4314 5909 386
3 6884 4050 306
3 4050 6884 3683
3 4050 3683 2264
3 4050 2090 306
3 2090 4050 6921
3 2090 6921 5439
3 6921 4050 2264
3 4856 6921 4824
3 4856 4824 2934
3 7538 5280 7021
3 7021 5280 5030
3 6584 3278 5486
3 5102 4234 4835
3 4835 6584 5486
3 6584 4835 4234
3 6584 4234 1487
3 640 1225 7547
3 5102 640 5696
3 5696 640 7547
3 7123 7547 7480
3 7480 7547 1225
3 5486 1225 4835
3 4835 1225 640
3 4835 640 5102
3 4851 5102 5696
3 4015 4896 7123
3 3594 4896 4263
3 4234 2507 2506
3 4234 2506 1487
3 2506 2507 3314
3 6265 1487 6014
3 6014 2506 3314
3 2506 6014 1487
3 2330 6014 7374
3 7374 6014 5954
3 5954 6014 3314
3 771 6014 2330
3 771 2330 5130
3 6447 7374 5745
3 3489 6447 5745
3 1099 5745 7302
3 3000 4119 4449
3 3742 1426 4449
3 3742 4449 2875
3 3742 2875 606
3 606 2875 1707
3 320 2683 5418
3 5971 4947 4688
3 5971 4688 7178
3 1852 4947 5971
3 7178 1797 5971
3 5729 5971 1797
3 7198 1852 5971
3 7198 5971 5729
3 5729 1797 7178
3 1852 7198 5069
3 5069 7198 5453
3 5453 257 7226
3 257 5453 7198
3 6571 5069 5453
3 4189 5330 5351
3 5351 5330 653
3 1667 4189 5351
3 2349 1667 5351
3 2349 5351 1549
3 2349 1549 4544
3 1549 5351 653
3 6347 1667 2349
3 4265 2349 4544
3 2349 4265 6347
3 1832 6351 4265
3 1832 4265 5262
3 5262 4265 4544
3 7320 1572 2294
3 7320 2294 350
3 350 2294 5262
3 1116 3319 5153
3 1116 5153 6328
3 5292 5153 4027
3 4027 5153 3319
3 4027 3319 346
3 5292 4027 275
3 275 4027 6785
3 275 6785 3182
3 4096 2033 716
3 2033 4096 7440
3 6785 7440 4096
3 4837 6967 2033
3 4837 2033 1684
3 113 1380 501
3 113 501 5997
3 6403 1150 421
3 421 1150 1590
3 1150 6403 7276
3 4202 5452 7276
3 2239 7263 5452
3 2455 2998 4121
3 4121 2998 6693
3 727 4121 7228
3 7228 4121 5829
3 3286 6540 266
3 3286 266 5304
3 3286 5304 6277
3 3054 4025 5304
3 3054 5304 1718
3 7396 6540 3286
3 7396 3286 6277
3 238 7396 6277
3 5856 7396 238
3 5856 238 1854
3 5856 1854 4736
3 1712 5856 4736
3 2654 3710 4934
3 2541 2536 2654
3 4075 2541 3547
3 4075 3547 5451
3 4934 3547 2654
3 2654 3547 2541
3 6684 3400 5633
3 4928 5633 6366
3 544 5473 734
3 544 734 4620
3 5473 1548 4650
3 1548 5473 544
3 1548 544 4352
3 4352 544 5922
3 5922 544 4620
3 1521 3950 1404
3 1521 1404 3380
3 3950 5243 4477
3 1404 3950 4477
3 905 6090 4983
3 6090 905 5705
3 6897 4983 6090
3 6897 698 5930
3 698 6897 6090
3 4983 6753 4477
3 7392 6753 6897
3 4983 6897 6753
3 4352 6753 7392
3 7392 6897 5930
3 680 6879 7392
3 680 7392 5930
3 5256 680 1906
3 3277 3057 6321
3 5464 3277 6321
3 5905 6321 3057
3 4031 7340 3057
3 7055 7340 4031
3 208 7055 4031
3 208 4031 4963
3 4963 4031 3277
3 4963 3277 5464
3 3277 4031 3057
3 1820 4963 5464
3 2092 5370 5171
3 966 7541 2493
3 7541 5202 2493
3 2493 5202 3954
3 5628 5202 7541
3 6924 5628 4280
3 6924 2334 4936
3 2334 6924 4280
3 3650 4280 7541
3 7541 4280 5628
3 2334 3650 3355
3 3650 2334 4280
3 3355 6386 2334
3 6386 2656 2334
3 4175 4936 2656
3 5319 6386 3355
3 2334 2656 4936
3 6255 1847 2607
3 1847 6255 6316
3 6316 6255 237
3 4903 1012 337
3 4903 783 6262
3 7088 783 5420
3 7088 4695 3768
3 3644 2169 3345
3 3644 3345 6082
3 3345 289 6084
3 3463 3345 5683
3 3345 3463 289
3 7447 2447 142
3 3499 7447 142
3 6349 2603 744
3 6349 744 6974
3 5111 2977 2603
3 5111 2603 6349
3 661 6349 6974
3 1900 6349 661
3 6349 1900 5111
3 1664 5956 2225
3 1169 2977 5956
3 1169 5956 535
3 535 5956 3939
3 3939 5956 1664
3 6237 4701 1169
3 535 6237 1169
3 6749 6237 3388
3 1522 5372 5635
3 5665 1522 5635
3 6236 5635 1905
3 6236 1905 2037
3 6236 2037 5431
3 6727 6236 5431
3 6727 5431 371
3 5665 6236 4471
3 5665 4471 3990
3 3990 4471 6727
3 6236 6727 4471
3 7495 2475 3082
3 7495 3082 3376
3 3376 3082 6718
3 2279 7495 3376
3 2279 3376 6718
3 2279 6718 3751
3 3751 6718 6907
3 3751 6907 6444
3 3518 6907 7206
3 5120 6907 3518
3 7375 6907 5120
3 678 3759 5178
3 7468 7053 7215
3 5996 7215 7053
3 4996 7468 7215
3 3962 33 671
3 671 33 3126
3 3126 33 5996
3 4690 3962 757
3 4690 757 2210
3 757 3962 3495
3 3495 3962 671
3 401 6610 550
3 401 550 3495
3 7235 550 6610
3 3495 550 757
3 757 550 7235
3 6610 401 2647
3 2647 401 5883
3 2980 5883 5857
3 2980 5857 2637
3 2980 2637 6759
3 6759 2637 6473
3 6079 6473 4687
3 4687 6473 5682
3 6759 6473 6079
3 6759 6079 5871
3 6467 2563 4277
3 6467 4277 4713
3 6610 7420 7235
3 4883 7204 7235
3 5595 7072 4883
3 4883 1621 5595
3 5474 5405 7086
3 7086 5405 2156
3 4193 2156 5405
3 890 4920 194
3 6730 890 5501
3 5501 890 194
3 5383 5941 3005
3 5871 931 6759
3 2980 6759 931
3 5871 6079 2963
3 1493 2963 4687
3 1493 4687 4839
3 4839 4687 5682
3 6079 4687 2963
3 6060 2963 2509
3 1493 2509 2963
3 2509 1493 3254
3 1493 4839 3254
3 507 3254 2965
3 507 2965 4016
3 2965 3254 2203
3 2203 3254 4839
3 2965 2203 294
3 294 2203 6500
3 6500 2203 2978
3 1203 6500 2978
3 3147 5548 4713
3 4713 5548 6467
3 1203 6467 5548
3 4990 379 7382
3 4990 7382 7249
3 7382 379 6500
3 6888 7249 7382
3 47 2793 6888
3 1916 5577 6888
3 6888 5577 47
3 1431 1916 750
3 750 1916 6888
3 1698 1585 3452
3 1698 162 4874
3 162 1698 3452
3 2067 7383 162
3 2067 162 2378
3 2378 162 3452
3 4874 162 7383
3 6098 2067 2378
3 4274 3988 6786
3 4969 2067 6098
3 4969 6098 3620
3 7383 2067 4969
3 4548 7274 4969
3 4969 7274 7383
3 7274 4548 372
3 372 4548 2144
3 4548 4969 3620
3 4978 6660 393
3 2901 6580 4978
3 4774 6754 2901
3 3501 6754 4774
3 4732 4774 2901
3 4732 2901 393
3 2901 6754 6580
3 997 3501 4774
3 997 4774 6037
3 4732 6037 4774
3 2958 6037 6228
3 2958 6228 6120
3 6228 6037 4732
3 897 1839 562
3 897 562 2054
3 562 1839 311
3 5406 897 480
3 5406 480 5921
3 480 897 2054
3 3938 4052 5406
3 4052 2254 5730
3 2254 4052 3938
3 5778 2254 3938
3 6279 1243 3961
3 3961 7196 6272
3 7196 3961 1243
3 4136 3941 7464
3 1611 7143 2483
3 1611 2483 7389
3 7143 2346 4834
3 2346 7143 1611
3 7389 2346 1611
3 4278 309 7389
3 2653 5870 3627
3 3627 7278 2720
3 7278 3627 5870
3 3641 138 868
3 3641 868 4918
3 4918 868 1880
3 1880 868 4113
3 5029 3641 900
3 5029 900 4648
3 4648 900 6454
3 4519 3598 1707
3 3742 3598 6852
3 5657 5573 3016
3 3016 5573 4519
3 6766 4721 3356
3 6766 3356 5706
3 4721 6766 4060
3 5324 6903 1959
3 1959 6903 912
3 5229 5601 6963
3 6351 1116 6328
3 1116 6351 1572
3 2294 1572 6351
3 2294 6351 1832
3 2294 1832 5262
3 5156 6779 6328
3 5156 6328 1991
3 5156 1991 2369
3 199 1991 44
3 199 44 5292
3 6310 4256 6634
3 5777 6310 6634
3 826 6310 6522
3 6522 6310 5777
3 5596 6522 5777
3 3182 5777 275
3 5292 275 6634
3 6634 275 5777
3 5596 5777 3182
3 5596 3182 4096
3 6087 7045 3237
3 3237 7045 3100
3 4071 3237 2984
3 2984 3237 831
3 2338 6403 421
3 2338 421 1590
3 1590 5820 2338
3 7263 5589 5296
3 5020 5589 2239
3 2239 5589 7263
3 1189 4151 2762
3 6650 2762 6540
3 6650 6540 2505
3 6650 2505 2727
3 7396 2505 6540
3 5856 5456 7396
3 7396 5456 2505
3 2505 5456 2727
3 5456 5856 1712
3 3882 978 2536
3 4993 3882 2536
3 7322 4993 4075
3 4075 4993 2541
3 5451 7322 4075
3 4478 7322 6684
3 7322 5451 6684
3 3392 7322 4478
3 376 4993 3466
3 376 3466 5670
3 3256 3466 3392
3 3256 3392 2429
3 4993 3392 3466
3 1821 7038 3256
3 2888 1821 7243
3 7243 1821 3875
3 3875 1821 3256
3 5473 7243 3875
3 5119 7243 5473
3 7 2888 7243
3 2301 7 7243
3 2301 7243 2817
3 2817 7243 5119
3 7324 2817 5119
3 5133 5743 1508
3 319 5133 1508
3 3509 319 5256
3 3509 5256 1906
3 3509 1906 2904
3 3622 5256 1508
3 1508 5256 319
3 7182 5133 319
3 7182 319 3509
3 3032 7182 3509
3 7340 7055 1834
3 7340 1834 2515
3 2515 1834 4761
3 4979 4761 1834
3 1950 1834 7055
3 4979 1834 1950
3 1950 7055 1103
3 6624 5965 1103
3 6624 1103 7055
3 1103 5965 1950
3 2150 4147 79
3 7528 4473 5484
3 4707 7528 6391
3 6391 7528 5484
3 7348 615 4175
3 7416 7348 4175
3 5722 7416 6386
3 2656 7416 4175
3 6386 7416 2656
3 3785 2246 4207
3 3927 4207 843
3 4825 6742 3927
3 4825 3927 3067
3 116 3067 3927
3 6237 1873 4701
3 7209 6749 2469
3 6749 7209 2741
3 5881 5938 5002
3 6191 5002 5938
3 1522 5665 3990
3 5378 6192 5461
3 3926 5378 5461
3 3926 5461 7542
3 3751 6355 2279
3 2279 6355 7495
3 390 6355 3751
3 5531 6453 1273
3 1273 6453 6444
3 3001 1273 6281
3 7067 6281 7375
3 6379 878 6920
3 6333 5651 5067
3 6333 5067 6596
3 7468 4996 6508
3 3342 6333 6596
3 2210 7204 2251
3 3022 6578 4347
3 3022 4347 1530
3 47 5577 2793
3 2793 5577 3022
3 159 2793 3022
3 215 4347 6578
3 215 6578 268
3 3492 2416 7203
3 4293 7203 4773
3 4293 4773 3863
3 4874 3863 1698
3 1698 5577 1585
3 5577 1698 3863
3 551 4870 2243
3 2243 4870 7284
3 6194 551 646
3 551 2243 646
3 4870 551 7190
3 7190 551 6194
3 6194 646 7383
3 7383 646 2243
3 7274 7190 6194
3 7190 7274 7103
3 7383 7274 6194
3 7504 6150 7103
3 7103 6150 7190
3 5835 4526 7373
3 2193 2032 5043
3 2193 5043 6754
3 2193 6754 112
3 6307 2193 4676
3 4854 2850 368
3 2958 6120 4854
3 2958 4854 6037
3 3798 7522 6960
3 6545 7522 5730
3 4052 5730 7522
3 4052 7522 5626
3 2717 5626 7522
3 2176 5778 135
3 4750 5778 1498
3 1498 5778 2176
3 2176 135 3199
3 2100 2176 797
3 3366 2176 2100
3 2100 797 5591
3 3199 797 2176
3 656 3366 2100
3 656 2100 297
3 297 2100 5591
3 7321 7143 4834
3 7143 7321 4553
3 6805 415 4834
3 6805 2346 7389
3 2346 6805 4834
3 1311 3971 4328
3 4328 3971 6805
3 3971 2386 6805
3 3971 1311 220
3 1563 4328 6805
3 3085 1311 5415
3 7278 3085 5415
3 1563 5415 4328
3 4328 5415 1311
3 1311 3085 220
3 2095 220 3085
3 2095 3085 5870
3 7278 5870 3085
3 3971 220 2095
3 3971 2095 7097
3 3971 7097 2386
3 2386 7097 7148
3 7097 2095 1762
3 2824 5097 1581
3 2824 1581 165
3 2824 165 6405
3 811 4516 3981
3 6958 3981 5573
3 7552 3618 6958
3 5657 7552 6958
3 5211 1315 4721
3 4066 7552 1031
3 4608 5631 855
3 6284 406 3362
3 3517 6963 7159
3 1344 4076 7159
3 1344 7159 4679
3 2133 7159 4076
3 3607 4076 1344
3 3607 1344 4679
3 5156 4679 6963
3 6963 4679 7159
3 6492 3607 2369
3 4679 5156 2369
3 4679 2369 3607
3 3689 4396 6546
3 4256 4396 3689
3 826 4396 6310
3 7510 4396 826
3 7510 826 6522
3 4256 6310 4396
3 217 6546 4605
3 217 4605 6278
3 6278 4605 6507
3 6507 4605 6087
3 6087 4605 7510
3 7510 4605 6546
3 3322 6087 7510
3 7045 6087 3322
3 4651 2004 6278
3 2004 217 6278
3 6290 4651 6278
3 6290 6278 925
3 925 6278 2236
3 6654 4558 2501
3 6654 2501 3818
3 3195 7248 3818
3 3818 7248 6654
3 5425 7248 3378
3 7248 3195 3378
3 2338 5425 3378
3 2984 3378 4071
3 4071 3378 3195
3 5820 5425 2338
3 5425 5820 3922
3 2146 6512 6078
3 3246 6451 6654
3 6650 4509 6512
3 4509 6650 6654
3 6654 6650 3246
3 3752 4594 620
3 2024 6223 5114
3 5691 6223 2024
3 3429 5691 2024
3 2024 6375 3429
3 3429 2948 4206
3 2854 2948 3882
3 3882 2948 978
3 5670 2854 376
3 3882 376 2854
3 5718 4206 7474
3 5718 4844 4206
3 4844 5691 4206
3 7315 2559 6292
3 1536 7315 6292
3 7315 1536 1683
3 7315 1683 7493
3 2817 6205 2301
3 6205 7493 2301
3 2301 7493 1683
3 2301 1683 1536
3 7324 6205 2817
3 5742 7193 3390
3 5362 5123 7036
3 5917 5782 7036
3 5917 7036 5123
3 5300 5965 440
3 440 5965 6624
3 5965 5300 5917
3 7416 1890 7348
3 6704 6238 6790
3 4788 3369 1755
3 5677 3369 2697
3 2697 3369 4788
3 5677 2697 6084
3 6084 2697 6082
3 6082 6151 3644
3 6151 6082 2697
3 5676 3785 7214
3 4301 1207 7209
3 5047 5532 3926
3 5047 3926 7542
3 3926 5532 2920
3 3926 2920 5378
3 5837 1989 5532
3 5837 5532 5047
3 3327 902 5076
3 5076 902 6247
3 5076 6247 367
3 1365 902 1042
3 3327 1042 902
3 1365 1042 7495
3 902 1365 6247
3 2362 3978 5005
3 5005 3978 5787
3 3508 5531 2289
3 3770 2289 1467
3 1029 3770 1467
3 1029 1467 7576
3 1029 7576 5247
3 7576 1467 3001
3 6525 1029 5247
3 1029 6525 6301
3 5946 4020 5247
3 5247 4020 6525
3 2420 6525 4020
3 2420 4020 5651
3 5651 1622 2420
3 6877 5338 366
3 366 5338 1544
3 6030 2196 6207
3 6207 2196 5595
3 5595 2196 7072
3 5898 5496 4829
3 4829 5496 6207
3 4829 6207 5595
3 7203 7116 3492
3 6980 7116 7504
3 6980 7504 5835
3 5835 7504 4526
3 7203 7504 7116
3 6854 4135 6980
3 6537 5835 1356
3 1356 5835 7373
3 5835 6537 6980
3 6854 6980 6537
3 2413 6537 1356
3 40 2413 1356
3 40 1356 3669
3 40 3669 1870
3 1587 1870 3669
3 1587 3669 3476
3 1587 3476 2032
3 7286 1587 2032
3 2193 6307 7286
3 1392 5353 5310
3 5353 1392 1083
3 580 5042 3441
3 580 3441 6204
3 5053 3441 5042
3 5053 5042 7481
3 6960 2821 3441
3 6960 3441 5053
3 2850 3798 5586
3 4750 1316 525
3 1316 4750 1498
3 4715 4766 1316
3 4442 4715 1316
3 967 4715 2791
3 2791 4715 4442
3 6823 2791 656
3 656 2791 4442
3 7240 4717 5904
3 7097 7336 2389
3 7097 2389 7148
3 1941 7148 2389
3 1941 2389 5575
3 1762 4474 7097
3 4744 4474 1762
3 6632 3753 1491
3 1360 6914 1538
3 5200 7311 2824
3 5097 2824 6914
3 5097 6914 1360
3 6914 2824 7311
3 7520 800 3146
3 3146 800 281
3 4159 2831 281
3 4159 281 3618
3 3618 281 800
3 7520 3618 800
3 3618 7520 5195
3 3146 281 2831
3 3146 2831 141
3 141 2831 4740
3 3699 4740 2831
3 2528 3699 4159
3 4159 3699 2831
3 4090 4740 3935
3 7500 313 3769
3 4021 3203 1059
3 4021 1059 871
3 5721 3889 1723
3 1723 3889 2591
3 3889 5099 2591
3 5345 2591 4727
3 4727 2591 5099
3 2591 5345 1723
3 152 5345 5967
3 6491 5967 4727
3 6491 4727 5099
3 5345 4727 5967
3 6000 5967 76
3 6000 76 6491
3 6000 6491 7573
3 6491 76 5967
3 1574 6672 3903
3 5323 3903 4076
3 4076 3903 2133
3 1147 2133 3903
3 1147 3903 6672
3 1574 3903 5323
3 5323 4076 2046
3 6546 3291 3689
3 3103 5329 2608
3 4311 6697 6290
3 4311 6290 5166
3 7521 1567 5166
3 5422 4844 4311
3 4844 4527 4311
3 4098 6018 7315
3 4098 7315 7493
3 4098 7493 3694
3 3694 7493 5055
3 4486 2430 5652
3 7250 2430 4486
3 4486 5652 1504
3 1504 5652 4547
3 7250 4486 1504
3 4351 7250 6428
3 4691 6428 7250
3 6428 3351 4351
3 5482 6428 4691
3 4617 7254 3351
3 7093 6882 5482
3 4742 7535 374
3 4742 374 4791
3 4791 374 7093
3 3929 4742 5362
3 4791 5362 4742
3 7036 3929 5362
3 1774 2363 6705
3 6705 2883 4817
3 6705 4817 6712
3 4817 2883 7254
3 3458 5546 5782
3 5782 5546 4629
3 1656 5546 3458
3 5300 3458 5917
3 5917 3458 5782
3 5783 5594 2224
3 2224 5594 3292
3 6326 5783 2224
3 6043 6326 708
3 6043 708 2310
3 708 6326 3292
3 2224 3292 6326
3 6994 5610 6926
3 5770 7025 7265
3 6926 5770 1961
3 4579 862 7416
3 7416 862 1890
3 654 5375 4410
3 654 4410 7498
3 654 7498 7297
3 7297 7498 587
3 5676 4331 4059
3 5676 4059 4214
3 1207 5877 6804
3 1207 6804 7209
3 1438 1617 5877
3 1989 5837 5136
3 2891 5047 7542
3 5047 2891 5837
3 1825 5837 157
3 157 5837 3327
3 3327 5837 2891
3 157 3327 5076
3 2362 5005 5643
3 5643 4941 2119
3 7022 4941 2267
3 2267 4941 3912
3 4941 7022 2119
3 7154 4512 4070
3 5616 7154 4070
3 763 2650 5616
3 6283 2542 3226
3 6207 6619 6030
3 5223 7326 6619
3 955 7326 4292
3 4292 7326 5223
3 7331 5223 201
3 7331 1583 4292
3 4292 5223 7331
3 139 7331 201
3 139 201 7049
3 7049 201 5223
3 7049 699 5325
3 2887 5325 2387
3 4039 2887 2387
3 4039 2387 5496
3 6827 2947 1329
3 1329 2947 2413
3 2413 2947 6537
3 1830 6827 1329
3 1830 40 782
3 40 1830 1329
3 6096 6827 6831
3 6831 1830 782
3 1830 6831 6827
3 6831 782 4288
3 1870 4288 782
3 6476 2707 3514
3 2707 6476 4288
3 2707 4288 1870
3 3514 2707 7286
3 1587 7286 2707
3 1659 5647 4914
3 3647 1659 885
3 885 1659 4914
3 600 3647 885
3 600 885 1392
3 600 1392 5021
3 3307 3647 600
3 3307 600 827
3 827 600 5021
3 3654 827 5021
3 2179 5310 5042
3 2804 2179 580
3 2804 580 6204
3 2179 5042 580
3 4820 7470 1409
3 2590 4820 1409
3 4876 1409 7470
3 5514 2590 6204
3 6204 2590 1409
3 6204 1409 2804
3 2804 1409 4876
3 6133 7070 553
3 7070 2590 5514
3 4820 2590 7070
3 4820 7070 6133
3 4820 6133 1505
3 2459 6022 1028
3 1028 1598 2459
3 2459 1598 5567
3 6960 2076 2821
3 6595 6523 2992
3 2992 6523 6868
3 5190 594 2992
3 5476 5384 594
3 5476 594 5190
3 5476 5190 4417
3 3474 2921 4417
3 3474 4417 1323
3 6339 4325 2795
3 6339 2795 6342
3 5575 6339 1941
3 4703 2168 2389
3 4703 2389 7336
3 2389 2168 5575
3 7137 4810 7511
3 7137 7511 392
3 5398 1474 6914
3 6914 1474 5060
3 5060 1474 3792
3 3792 1474 5398
3 3571 3792 5398
3 7030 5398 2188
3 7520 3146 5303
3 5303 3146 141
3 5303 141 4740
3 2315 5975 3408
3 2315 3408 5303
3 2315 5303 7411
3 10 3046 7500
3 10 7500 7291
3 6409 7291 6799
3 3920 6799 7291
3 4245 121 2725
3 2725 121 3920
3 3920 121 6799
3 5947 4597 1507
3 4888 2419 4021
3 4888 4021 871
3 4888 5287 5117
3 1542 3544 5287
3 213 1542 3889
3 1542 5287 3889
3 6167 3957 4255
3 6167 4255 3263
3 6167 3263 5597
3 152 5967 3263
3 5721 2342 4255
3 4255 2342 3263
3 1723 5345 2342
3 5721 1723 2342
3 5251 6167 5597
3 5866 3957 6167
3 5866 6167 5251
3 4769 5251 6000
3 4769 6000 6939
3 6000 5251 5597
3 2796 6939 6173
3 4813 6173 5323
3 4813 5323 7224
3 2046 7224 5323
3 7224 5811 7187
3 5811 7224 2046
3 7245 6186 4977
3 4329 4661 3103
3 3103 4661 5329
3 5329 4661 6186
3 5329 6186 7245
3 4716 7305 3402
3 4716 3402 6511
3 4098 3694 1148
3 4098 1148 6018
3 4351 5544 2438
3 4351 2438 7250
3 7254 1452 3351
3 5594 5180 5546
3 5546 5180 6737
3 5546 6737 4629
3 4629 6737 7254
3 1452 6737 1828
3 1828 6737 5180
3 1828 5180 3977
3 4158 5783 2197
3 2197 5783 6326
3 2197 6326 6043
3 2197 6043 1372
3 3099 3242 5724
3 3242 1372 412
3 2405 5724 3021
3 3021 5724 3242
3 3021 3242 412
3 4483 2405 3021
3 300 4483 1257
3 1257 4483 4600
3 4600 4483 3021
3 6926 5490 6994
3 6994 5490 930
3 3306 5490 1961
3 1961 5490 6926
3 583 3306 2513
3 2513 1742 7085
3 2513 3306 1742
3 4683 2492 2513
3 2513 2492 583
3 583 2492 4881
3 4420 4881 2492
3 4683 4420 2492
3 7297 2098 3287
3 7297 3287 654
3 654 3287 5375
3 3915 1117 5659
3 3915 5659 1310
3 6638 3915 1310
3 6353 1310 5659
3 6353 6638 1310
3 5076 2036 6638
3 5076 6638 1825
3 5076 1825 157
3 6353 1825 6638
3 5025 7022 844
3 844 7022 1017
3 844 1017 5383
3 1987 5025 844
3 1987 844 7439
3 7439 844 5383
3 5383 1017 693
3 693 1017 2267
3 2267 1017 7022
3 3005 7439 5383
3 884 6876 4592
3 6876 884 2436
3 7439 4592 1987
3 1987 4592 6876
3 6381 2436 884
3 361 6381 4465
3 4465 6381 4592
3 4465 4592 7439
3 884 4592 6381
3 4465 6224 2794
3 6060 6224 389
3 389 6224 4465
3 4016 516 6224
3 922 4016 6224
3 922 6224 6060
3 507 4016 922
3 507 922 2509
3 507 2509 3254
3 5593 294 6500
3 2965 294 5098
3 5098 294 5593
3 7419 5593 4990
3 379 4990 6500
3 6500 4990 5593
3 7419 4990 7249
3 274 1263 6594
3 7249 6594 1263
3 6888 6594 7249
3 7086 7346 5474
3 7346 4239 5474
3 3187 1565 4239
3 3187 4239 2956
3 2956 4239 7346
3 5474 4239 1565
3 7326 7346 2674
3 4826 5129 540
3 1933 3272 6
3 3272 1933 5642
3 5433 7544 7353
3 7353 7544 1695
3 7331 7353 1695
3 7331 1695 1583
3 1583 1695 7344
3 7544 7344 1695
3 5433 7147 7544
3 139 7353 7331
3 5433 2157 7147
3 2157 5433 7353
3 2157 7353 7049
3 7049 7353 139
3 1074 7147 2157
3 1074 2157 2329
3 5325 2329 7049
3 7049 2329 2157
3 2317 7147 1074
3 2317 1074 2329
3 2317 2329 6345
3 6345 2329 4055
3 2887 4377 5325
3 5823 3944 2734
3 6827 6096 5045
3 2947 6827 5045
3 2947 5045 1789
3 5045 2402 944
3 5672 2402 6096
3 5045 6096 2402
3 5672 6096 5073
3 6476 2060 1697
3 6476 1697 6831
3 6476 6831 4288
3 2218 6793 3514
3 2218 3514 7286
3 5669 4383 4780
3 2373 5669 4780
3 5403 5807 5004
3 5004 5737 5848
3 7470 5924 4876
3 5603 4876 5924
3 407 1179 711
3 407 711 553
3 553 711 6133
3 6133 711 2648
3 2648 711 1179
3 6523 6595 1879
3 6523 1879 407
3 3991 6441 5384
3 3991 5384 5476
3 3991 5476 3315
3 3315 5476 766
3 2921 766 4417
3 4417 766 5476
3 1985 1242 3991
3 1985 3991 2769
3 1985 2769 2575
3 3315 2769 3991
3 2575 4054 4451
3 3315 4081 2769
3 2769 4081 4054
3 2769 4054 2575
3 5527 4054 4081
3 2997 6208 5527
3 4054 5527 6208
3 7511 4275 2997
3 7336 7511 2997
3 7336 2997 4703
3 4703 2997 5527
3 7511 7336 4859
3 6268 7137 2667
3 7137 6268 4810
3 4810 6268 793
3 6076 6761 4522
3 5540 6076 4522
3 5540 4522 5215
3 3442 5215 6268
3 6268 5215 4522
3 6268 4522 6761
3 4249 2028 5215
3 4249 5215 5191
3 5191 5215 4114
3 4114 4908 5191
3 2604 2188 6679
3 2188 2604 7030
3 2480 2604 5975
3 5975 2604 1761
3 7520 3408 5975
3 3408 7520 5303
3 6548 2480 5975
3 5291 5923 7411
3 7411 5923 2315
3 2315 5923 5975
3 6548 5975 5923
3 6548 5923 6251
3 6251 5923 4988
3 4988 5923 1772
3 1772 5923 5291
3 1772 5291 307
3 3140 2944 1772
3 4262 1037 3140
3 4262 3140 2125
3 2125 3140 5495
3 3819 6361 2125
3 3819 2125 5495
3 3819 5495 3046
3 3046 5495 140
3 140 5495 879
3 140 879 7345
3 6409 6361 3819
3 3819 10 6409
3 10 3819 3046
3 3861 4418 1672
3 2832 3421 2242
3 4861 2242 3421
3 4861 3421 1178
3 5866 1726 1178
3 1178 1726 4861
3 2549 1726 5952
3 5268 1333 872
3 5268 872 2549
3 2297 4576 2074
3 2297 2074 5736
3 5736 2074 5231
3 3977 5231 1828
3 5544 1828 2074
3 2074 1828 5231
3 4575 6890 3099
3 4575 3099 5724
3 4575 5724 2405
3 5937 4483 300
3 4483 5937 6392
3 4483 6392 2405
3 4233 6455 6638
3 4958 6455 5937
3 5937 6455 4233
3 6638 6455 3915
3 3915 6455 1117
3 1117 6455 4958
3 4746 4881 1623
3 5726 2131 4233
3 6638 5726 4233
3 2533 3434 1081
3 2533 1081 1149
3 6876 2533 1149
3 6381 1835 6102
3 1835 6381 361
3 6381 6102 2436
3 410 6102 1835
3 410 1835 5192
3 5192 1835 361
3 2794 5192 361
3 4014 2675 5129
3 2675 4014 3300
3 5985 3187 4386
3 4386 3187 2675
3 3300 4386 2675
3 3187 2956 2675
3 5364 1001 4386
3 4386 1001 5985
3 5098 5985 1001
3 5098 1001 5364
3 7249 2482 7419
3 4014 7505 4748
3 4826 7505 4014
3 5646 3165 5273
3 3828 5646 5273
3 174 3828 5273
3 4745 1933 5389
3 1933 4745 1811
3 6590 5137 4604
3 2023 5137 7325
3 3272 7325 7119
3 7119 7325 5137
3 4562 2023 170
3 170 2023 7325
3 5538 4604 4562
3 7544 4562 170
3 170 7325 2259
3 2023 4562 4604
3 7544 170 7344
3 7344 170 2259
3 4562 7544 5538
3 4429 6599 582
3 4429 582 4131
3 1911 317 4131
3 6345 1857 2317
3 7147 2317 1857
3 2815 4797 3998
3 4797 2815 6345
3 6731 3045 4797
3 6731 4797 6869
3 6869 4797 3093
3 7323 5239 6731
3 4812 7323 5073
3 305 7323 1609
3 1609 7323 4812
3 5672 5073 7323
3 7059 2446 2911
3 2911 2446 4812
3 2911 4812 6388
3 4237 2911 6388
3 5174 5530 4383
3 911 5219 2434
3 4498 5219 911
3 1694 2550 344
3 344 2550 2373
3 344 2373 2670
3 2550 1694 4498
3 5807 344 5070
3 4190 2639 5403
3 4190 5403 6938
3 6938 5004 5848
3 5004 6938 5403
3 7068 6359 5492
3 5148 1988 5492
3 5148 816 6602
3 5492 816 5148
3 633 6602 816
3 633 816 64
3 633 64 3241
3 64 816 5492
3 2453 633 3241
3 2453 3241 2752
3 1985 7551 5010
3 1985 5010 6778
3 7551 2575 1038
3 2575 7551 1985
3 1038 4814 7551
3 4814 1779 6327
3 6331 149 4249
3 4249 2846 2028
3 2846 4249 149
3 4908 7218 6331
3 4908 6331 5191
3 6309 2503 5278
3 6309 5278 5000
3 6023 3337 6774
3 6023 1128 5278
3 3337 6023 5278
3 2558 5298 4155
3 2558 4155 3451
3 4155 2105 299
3 2105 4155 5298
3 3451 4155 7052
3 6821 3451 7052
3 117 2829 586
3 117 586 4418
3 4418 586 1672
3 1471 2829 117
3 1471 117 5279
3 7062 1471 5279
3 7293 2242 4861
3 5268 833 1333
3 759 5268 7562
3 759 7562 6863
3 3108 1143 2297
3 3108 2297 5736
3 3108 98 6021
3 6146 1143 3229
3 3229 1143 3108
3 3229 3108 6021
3 2663 6021 4631
3 4631 6021 98
3 4631 98 5736
3 5736 98 3108
3 6021 840 3229
3 4291 840 6021
3 4291 6021 2663
3 1908 4291 5880
3 6233 5880 7303
3 7303 5880 4291
3 7303 4291 2663
3 2743 7482 6890
3 6890 7482 7303
3 3634 6488 3357
3 6488 3634 3259
3 6071 6488 751
3 5389 296 1861
3 5389 1861 4745
3 5066 7516 7239
3 2929 6144 4752
3 2929 4752 3880
3 2929 3880 205
3 1397 6144 2929
3 4949 2929 3050
3 4387 3050 205
3 205 3050 2929
3 1484 6325 6590
3 6590 6325 6526
3 5538 1484 6590
3 5297 7453 1919
3 5210 5764 1350
3 1911 2220 1433
3 1911 1433 317
3 3998 1433 2220
3 3998 2220 2815
3 5878 420 4129
3 5239 4129 420
3 5239 420 6731
3 5927 260 2477
3 5927 2477 5172
3 2477 260 6035
3 3008 1528 5172
3 3008 5172 2477
3 2446 7059 3008
3 1609 2446 3008
3 1677 5172 1528
3 7059 2911 4237
3 4622 3758 5998
3 326 5530 5998
3 4931 2732 4622
3 4931 4622 5174
3 6115 7180 7272
3 2905 6115 7272
3 3918 6912 3382
3 3382 6912 5477
3 1163 3918 3382
3 1163 3382 2924
3 5187 3918 1163
3 5477 2924 3382
3 5959 2924 5477
3 1163 2149 5187
3 2924 2149 1163
3 2149 2924 5959
3 3065 3868 6938
3 4190 6938 2149
3 4190 2149 5959
3 2149 6938 3868
3 3333 7566 6806
3 6806 7566 2635
3 2452 7125 5399
3 2452 5399 6806
3 3333 6806 5399
3 1968 6806 6429
3 6806 1968 1988
3 6806 1988 2452
3 7068 1988 1968
3 1968 6429 7068
3 5148 2452 1988
3 2452 5148 7125
3 3970 7125 5148
3 3970 5148 6602
3 2017 4501 4339
3 7551 4339 4501
3 4268 3122 2113
3 4268 2113 1332
3 1419 4814 6327
3 5152 5465 4268
3 7232 3122 4268
3 7232 4268 4768
3 4768 4268 5465
3 6327 5152 1332
3 1332 5152 4268
3 3347 1735 4139
3 1288 4139 5152
3 5152 4139 1735
3 5465 5152 1735
3 2917 1735 3347
3 4857 7431 51
3 51 7431 7229
3 7268 6126 6840
3 6126 7268 51
3 4580 4871 6126
3 4580 6126 5093
3 171 4117 5446
3 5446 4117 149
3 149 4117 2846
3 2846 4117 4580
3 2846 4580 5093
3 4580 4117 171
3 4580 171 4871
3 4871 171 5446
3 3549 4871 5446
3 3549 5446 5973
3 7218 1355 6331
3 3549 5973 5116
3 3549 5116 4653
3 5000 3111 6309
3 6309 3111 2771
3 6309 2771 6719
3 6719 2771 1569
3 1569 2771 4588
3 4588 2771 3111
3 4588 3111 5000
3 4588 5000 4505
3 2696 155 2240
3 5470 5895 7281
3 155 7281 5895
3 155 5895 2240
3 2255 4392 6260
3 4392 7281 6260
3 4521 2255 6023
3 6023 2255 6260
3 5470 7281 4392
3 6023 6774 6384
3 5590 4392 5298
3 2105 5298 2255
3 2255 5298 4392
3 6859 5590 3159
3 3159 5590 4586
3 2806 4586 2558
3 3026 6859 3808
3 1993 3808 452
3 5861 452 3808
3 7422 515 1251
3 1251 515 7145
3 6811 4057 2953
3 6811 2953 7062
3 6445 515 7422
3 2353 3722 5276
3 5276 3722 4723
3 5048 5276 1134
3 1134 5276 4723
3 6567 1134 1019
3 1134 4723 1019
3 1010 6233 5048
3 1010 5048 1134
3 1010 1134 6567
3 6146 6567 4723
3 4723 6567 1019
3 2062 1010 6567
3 2062 6567 4125
3 2062 6233 1010
3 3417 6567 6146
3 67 3417 4784
3 4125 67 2454
3 2454 67 4784
3 6567 3417 4125
3 4125 3417 67
3 840 1908 4784
3 3229 840 4784
3 3229 4784 3417
3 3229 3417 6146
3 2454 4784 1908
3 5880 482 2454
3 5880 2454 1908
3 2062 4125 482
3 2062 482 6233
3 6233 482 5880
3 2454 482 4125
3 3471 2356 5808
3 6066 5833 5808
3 5808 5833 3471
3 6071 1932 5833
3 6071 5833 6488
3 7516 4904 5658
3 4904 7516 6787
3 6787 7516 7013
3 3013 5658 2084
3 751 2084 6071
3 6071 2084 4904
3 4904 2084 5658
3 5066 5394 7516
3 7516 5394 7189
3 277 5394 3027
3 3251 3027 5066
3 4965 6144 3251
3 4965 3251 5066
3 5371 4807 3251
3 4047 4807 5371
3 4047 5371 3951
3 4387 4884 3050
3 3050 4884 4949
3 780 4884 1436
3 780 1436 5991
3 5991 5176 6978
3 5176 5991 1436
3 3698 4811 5297
3 5297 4811 7453
3 2593 7329 2987
3 3698 7329 2593
3 4922 6713 7329
3 5282 6713 4922
3 5008 5282 4922
3 5008 4922 7329
3 5414 2776 4129
3 4129 2776 5878
3 5878 2776 1730
3 1730 2776 7473
3 7473 2776 5414
3 6885 7473 5414
3 6885 5414 7230
3 2048 3985 2602
3 3304 5927 5653
3 5172 5653 5927
3 5795 5653 4001
3 4001 4192 5795
3 1796 6993 3581
3 7074 1796 3758
3 7074 3758 4622
3 4743 5690 6915
3 4743 6993 5690
3 6073 7074 5750
3 4215 5750 7074
3 4215 7074 6563
3 2756 3949 5686
3 3949 2756 5968
3 2756 5686 7027
3 3788 7403 592
3 7403 5854 592
3 592 5854 3395
3 3395 5854 6115
3 3788 592 3395
3 7180 6115 5854
3 5673 3788 6912
3 2110 3427 3209
3 6912 3427 2110
3 7160 3427 3918
3 5839 255 3209
3 5839 3427 7160
3 3209 3427 5839
3 3333 4380 1990
3 1948 5309 4380
3 5309 1948 5674
3 1948 4380 5592
3 5674 1948 2665
3 5592 2665 1948
3 4945 852 5493
3 5493 852 2185
3 5493 2185 6097
3 5493 6097 7232
3 4768 4393 7232
3 3122 7232 6097
3 1853 5493 4393
3 5493 2521 4945
3 2521 5493 1853
3 4768 1853 4393
3 2376 1853 4768
3 4945 2521 2139
3 2139 2521 1853
3 2139 1853 4823
3 4823 1853 2376
3 1349 1784 4823
3 1349 4823 7141
3 7141 4823 7431
3 2139 4823 1784
3 4857 7141 7431
3 7141 910 6367
3 7141 4857 910
3 5759 4350 4998
3 4998 4350 2535
3 2535 4350 7268
3 910 7268 4350
3 910 4350 6367
3 6367 4350 5759
3 6367 5759 1066
3 6840 2535 7268
3 593 5252 4588
3 1301 593 4588
3 3052 593 1301
3 4505 1301 4588
3 2019 5252 593
3 2019 593 3052
3 7271 7282 2696
3 2696 7282 3153
3 3153 7282 4613
3 7271 2696 2240
3 155 2696 2333
3 4940 6503 4619
3 6398 4619 7368
3 3371 7368 5470
3 5470 7368 5895
3 5590 2668 4392
3 4940 4619 6398
3 3026 4364 6859
3 6398 3541 4940
3 4047 3951 4940
3 5740 4047 3541
3 3541 4047 4940
3 5792 4807 5740
3 2208 5792 2374
3 2208 2374 3575
3 2374 5792 2916
3 1984 2916 5740
3 5740 2916 5792
3 3979 3575 2374
3 3979 2374 2272
3 2272 2374 2916
3 2272 2916 6445
3 6445 2916 1984
3 3979 6644 3575
3 4634 6193 5568
3 4634 5568 7293
3 5808 2356 2353
3 5808 2353 5276
3 395 315 3318
3 6070 6740 3537
3 1264 6740 6070
3 1883 6642 4439
3 7189 5394 4887
3 7189 4887 1883
3 2208 5394 277
3 2208 277 4807
3 3575 5394 2208
3 2540 4344 4949
3 2540 4949 4884
3 3902 3763 2540
3 3902 2540 4884
3 3902 4884 780
3 618 1995 3902
3 3763 3902 1995
3 752 1995 618
3 752 618 1314
3 1314 618 5991
3 5991 618 780
3 780 618 3902
3 5991 5585 6809
3 5991 6809 1314
3 1314 6809 5290
3 5991 490 5585
3 2215 6978 1185
3 2593 5397 5265
3 2593 5265 4811
3 2987 5397 2593
3 6012 2652 5397
3 6012 5397 1312
3 2645 6012 2305
3 2305 6012 5797
3 1229 5797 2127
3 1229 2127 3455
3 4470 6058 6713
3 7444 4470 5282
3 7000 4470 7444
3 7444 5282 5100
3 5100 1949 7230
3 1949 5100 5282
3 7230 460 6885
3 6885 460 5008
3 5008 460 1949
3 1949 460 7230
3 1653 5896 7169
3 5896 914 3980
3 1653 914 5896
3 1015 3651 914
3 1015 914 1653
3 1015 1653 2048
3 2048 1653 3985
3 4177 3304 5653
3 2048 3304 1015
3 1015 3304 4177
3 1015 4177 3651
3 5335 3506 998
3 5335 998 3180
3 4565 1421 824
3 4565 2595 6894
3 2595 4565 824
3 2595 824 6073
3 6073 824 2823
3 5750 6894 2595
3 2595 6073 5750
3 1661 5141 403
3 1661 403 3887
3 4585 3887 403
3 4585 403 3949
3 3949 403 5686
3 6678 5968 4741
3 1213 949 6710
3 6710 949 7161
3 6710 7161 5271
3 6710 5271 318
3 2110 3707 2081
3 2110 2081 5673
3 2110 5673 6912
3 2081 6989 5673
3 5766 6702 4582
3 3893 5766 4582
3 1956 3222 6955
3 6955 3222 1671
3 4966 6955 7160
3 5839 7160 6955
3 5839 6955 1671
3 1956 2291 3398
3 7069 5309 5834
3 5309 7069 4755
3 2531 5674 4335
3 4335 5674 2665
3 4335 2665 2828
3 6108 1784 3909
3 1784 1349 3909
3 7141 3909 1349
3 6524 6108 3909
3 6524 3909 6367
3 1341 6524 6367
3 5320 6524 1341
3 6368 5759 3989
3 4998 3989 5759
3 2019 1296 3989
3 2019 3989 5252
3 1627 5529 3704
3 5868 1627 3704
3 2409 1627 5868
3 5785 7282 1995
3 1995 752 5785
3 3763 1995 7282
3 3763 7282 7271
3 5585 2718 6809
3 6809 3635 5290
3 3635 6809 2718
3 2718 5585 7207
3 2129 6726 899
3 2305 2129 2645
3 1318 513 6565
3 3942 652 6565
3 3942 6565 4852
3 4852 6565 2323
3 4852 2323 979
3 7161 7569 837
3 7161 837 5377
3 5377 837 6182
3 6182 837 7569
3 5621 7569 7161
3 5621 7161 3548
3 4795 5377 1348
3 5377 7444 946
3 1348 5377 946
3 4677 4795 1348
3 4677 1348 946
3 4677 946 5100
3 5100 946 7444
3 7000 7444 6182
3 6182 7444 5377
3 5100 7230 4677
3 4677 7230 4738
3 4795 4677 7169
3 7169 4677 4738
3 5925 2007 4778
3 5925 4778 6982
3 6982 4778 6067
3 1319 3368 6982
3 1319 6982 1213
3 2942 119 7285
3 4848 5199 1823
3 4848 2748 5715
3 2748 4848 1823
3 2748 5342 5684
3 4789 5684 5342
3 5342 2748 1823
3 6702 5766 5342
3 6702 5342 7285
3 7065 4789 5766
3 3893 7065 5766
3 5409 3119 2178
3 5409 3766 6415
3 2178 3766 5409
3 7069 6415 3766
3 7069 3766 2291
3 7069 2291 4755
3 2291 3766 3398
3 6415 7069 5834
3 6637 5185 6996
3 6145 6996 6661
3 6637 6996 5844
3 6733 5322 6524
3 6524 5322 6108
3 6733 5320 473
3 3636 6733 473
3 3636 473 1848
3 4843 6385 6825
3 6825 6385 7140
3 5220 5402 4438
3 4438 5402 935
3 4438 935 5529
3 4670 1872 935
3 4670 935 5402
3 5775 5220 94
3 5775 94 2409
3 2409 94 4438
3 2409 4438 1627
3 1627 4438 5529
3 5220 4438 94
3 5307 4670 5402
3 5307 5402 6374
3 2152 1004 6417
3 6417 1004 5307
3 5307 1004 7533
3 6267 7533 1004
3 6267 1004 2152
3 4860 6417 5307
3 1706 6856 2152
3 1706 2152 6417
3 2427 1706 5799
3 5799 1706 6417
3 5799 6417 4860
3 2546 256 1403
3 1669 256 2546
3 1669 2546 5799
3 1669 5799 7435
3 1258 1669 7435
3 5104 1258 7435
3 256 1669 1258
3 256 1258 1403
3 1888 5775 3635
3 2718 5104 1888
3 7435 1888 5104
3 2718 1888 3635
3 2409 3635 5775
3 5775 1888 7435
3 6726 2122 5226
3 5226 2122 2248
3 6906 5036 221
3 4539 1642 6906
3 4539 6906 513
3 3459 6717 2456
3 1126 3942 4852
3 1126 4852 863
3 3073 863 4852
3 5217 5621 3558
3 5621 5217 5915
3 863 5915 5217
3 863 5217 6180
3 6067 5217 3558
3 3745 5716 2007
3 2007 5716 4778
3 7205 4728 6395
3 7205 6395 2859
3 2859 6395 428
3 2859 428 6893
3 5925 3930 6419
3 4848 3930 5199
3 1884 4848 5715
3 5825 4261 760
3 5825 760 7065
3 760 4261 5684
3 760 4789 7065
3 4789 760 5684
3 5006 5423 1902
3 1902 5423 5803
3 1343 5612 723
3 1343 723 6637
3 5409 723 5803
3 5803 723 5612
3 6637 723 5409
3 5612 1343 1831
3 1831 4767 5612
3 7394 4767 1831
3 3911 4808 2319
3 4808 7394 2319
3 7277 6493 4253
3 1577 7277 1848
3 1848 7277 4253
3 1848 4253 3636
3 3636 4253 6493
3 4843 4476 1896
3 6227 6267 3624
3 3664 5460 3996
3 3664 3996 3837
3 5036 3213 3664
3 5036 3664 3116
3 2195 3213 5036
3 2195 5036 6906
3 2195 6906 1440
3 2195 1440 6717
3 4424 5863 694
3 2841 3142 5620
3 7279 1106 4751
3 4751 1106 2175
3 6893 4751 2175
3 6209 7279 4376
3 4848 1884 3930
3 6218 2802 5006
3 5612 4767 6218
3 1902 5612 6218
3 1902 6218 5006
3 5803 5612 1902
3 7313 2802 6218
3 6218 7394 7313
3 4767 7394 6218
3 5175 7313 6747
3 6747 7313 915
3 915 7313 3886
3 290 6747 2204
3 4819 6747 290
3 3886 2204 915
3 915 2204 6747
3 3648 5518 2204
3 3648 2204 3886
3 2204 5518 290
3 7256 3648 3886
3 5519 6147 5581
3 999 5519 5581
3 1740 2214 2632
3 6267 6227 1740
3 6267 1740 2876
3 7095 1644 5460
3 7582 5074 4615
3 7582 4615 5620
3 4819 5074 7582
3 5175 3142 2841
3 6209 2790 7279
3 6747 3142 5175
3 4819 3142 6747
3 999 3523 1113
3 999 1113 789
3 1113 3523 3591
3 7256 1113 3648
3 3648 1113 3591
3 6180 4778 5716
3 6180 5716 1126
3 6067 4778 6180
3 6067 6180 5217
3 3198 1785 6528
3 5896 3980 3198
3 7169 5896 6528
3 3198 6528 5896
3 4555 1571 6336
3 6336 1571 3980
3 5335 4179 3506
3 3180 4667 5335
3 7232 4393 5493
3 5273 4748 7505
3 3165 4748 5273
3 1806 3365 4769
3 1806 4769 6939
3 1806 6939 2796
3 4769 3365 5858
3 97 2258 1806
3 97 1806 2375
3 1806 2796 2375
3 2258 97 4370
3 4370 97 804
3 804 97 2375
3 6173 2375 2796
3 7224 2080 3176
3 2080 804 3176
3 7187 2080 7224
3 7224 3176 4813
3 6173 4813 3176
3 6173 3176 2375
3 2375 3176 804
3 763 3628 1957
3 763 1957 2650
3 7154 2650 2231
3 6428 3156 3351
3 3351 3156 4617
3 4461 3156 6428
3 4461 6428 5482
3 4461 5482 1680
3 6882 5685 45
3 6882 45 5482
3 1214 2962 5685
3 1214 5685 5241
3 457 7535 4742
3 457 3929 1774
3 3929 2363 1774
3 7036 2363 3929
3 4742 3929 457
3 7535 457 1774
3 7535 1774 5058
3 6465 7535 2599
3 2599 7535 5058
3 2599 5058 845
3 845 5058 6712
3 2968 845 6712
3 3586 2968 4817
3 3586 6997 7519
3 2163 6997 3586
3 3586 7519 2968
3 3156 5732 4617
3 4617 5732 2163
3 2163 5732 7197
3 4461 7350 5732
3 5305 7350 4461
3 5305 4461 1680
3 5305 1477 7451
3 5352 1477 351
3 7451 1477 5352
3 5565 7451 5352
3 5352 351 2962
3 2962 351 1680
3 1680 351 1477
3 1680 1477 5305
3 6172 1214 2021
3 1214 6172 5352
3 5352 6172 5565
3 5241 2021 1214
3 2861 2021 5241
3 2861 5241 236
3 6465 236 5241
3 5700 1210 776
3 2968 776 845
3 845 776 2599
3 2599 776 1210
3 2599 1210 6465
3 7372 2968 7519
3 7026 7519 6997
3 7026 6997 5108
3 1022 5108 1556
3 5314 7197 6008
3 6925 5314 80
3 6925 80 5565
3 6008 80 5314
3 7451 5565 6008
3 7451 6008 7350
3 5732 7350 6008
3 7451 7350 5305
3 1275 6925 6172
3 1275 6172 2021
3 6172 6925 5565
3 4143 6925 1275
3 2021 2861 1275
3 1275 2861 4143
3 5314 4143 5173
3 1022 5314 5173
3 5173 4143 1495
3 1495 4143 5700
3 4143 5314 6925
3 5108 1022 5173
3 7009 5173 1495
3 7009 1495 5700
3 7009 5700 7372
3 5494 7372 7519
3 1326 5494 7519
3 1326 7519 7026
3 3329 1170 1868
3 1170 6706 1868
3 1170 3329 7026
3 1326 7026 3329
3 5108 3680 7026
3 1170 7026 3680
3 1170 3680 6706
3 6020 6706 3680
3 6020 3680 2510
3 5108 2510 3680
3 7009 7372 5056
3 7009 3179 5034
3 3179 7009 5056
3 5494 5056 7372
3 4518 5056 5494
3 4518 5494 1666
3 334 1666 3329
3 334 3329 2008
3 1868 2008 3329
3 3329 1666 1326
3 104 5987 4981
3 104 4981 6020
3 5752 104 1628
3 1628 104 5719
3 1628 5719 4975
3 7002 4975 5719
3 5034 7002 5719
3 7002 5034 3179
3 7002 3179 5056
3 6575 192 2075
3 229 4630 3040
3 5212 4630 2075
3 5212 2075 192
3 5510 334 2008
3 5510 2008 1637
3 1666 334 4518
3 7017 4518 5510
3 5510 4518 334
3 6222 6810 5510
3 6222 5510 3582
3 3582 5510 1637
3 2936 6782 1637
3 1637 6782 3582
3 4735 6782 1641
3 4735 6222 3582
3 2494 1641 6782
3 3582 6782 4735
3 4170 2494 4981
3 6782 4981 2494
3 4170 5347 2494
3 2494 5347 1641
3 4170 4981 5987
3 6200 1628 5714
3 1628 6200 5752
3 5752 6200 1412
3 5714 4975 3120
3 4975 5714 1628
3 2075 5068 6575
3 229 2075 4630
3 4753 3040 6099
3 5382 3937 2472
3 6099 2472 3937
3 2472 6099 3040
3 6810 2472 7017
3 1721 3937 1827
3 1721 1827 4838
3 1827 3937 5382
3 6263 4735 2972
3 2835 5846 1766
3 5347 1766 5138
3 5138 1766 5846
3 2835 1766 5987
3 4170 5987 1766
3 4170 1766 5347
3 5417 5846 5900
3 5417 5900 3219
3 6848 3219 5900
3 1594 1601 5687
3 5438 5687 6200
3 5438 6200 125
3 5438 125 7362
3 7362 125 6200
3 1651 5903 6670
3 7362 5903 1651
3 5903 5207 6670
3 5207 5903 7362
3 4970 5207 7362
3 3761 662 6049
3 3761 6049 2788
3 3727 6049 662
3 5050 2677 6575
3 5050 6575 5068
3 5050 5068 3444
3 2786 674 2677
3 168 2786 5295
3 2786 5050 5295
3 5295 5050 3444
3 2677 5050 2786
3 3995 5295 517
3 3995 517 4838
3 517 5295 6695
3 6695 5295 2103
3 517 6695 1721
3 6695 6099 1721
3 4838 517 1721
3 4753 6099 6695
3 4753 6695 2103
3 3937 1721 6099
3 4599 3995 4838
3 3186 3674 5886
3 3186 5886 5978
3 4599 5886 3674
3 1827 6155 5886
3 5886 6155 92
3 92 6155 5978
3 6263 6155 1827
3 1827 5886 4838
3 4838 5886 4599
3 5886 92 5978
3 6155 6263 4379
3 2972 4379 6263
3 6155 4379 5978
3 5934 5138 7242
3 4379 5138 5934
3 1346 3232 5934
3 1346 5934 7242
3 5994 271 3232
3 5994 3232 1346
3 5994 1346 2141
3 2141 1346 7242
3 758 3932 362
3 758 362 3831
3 5238 3932 1578
3 362 3932 5238
3 470 5238 7540
3 470 7540 6055
3 7429 1112 5828
3 4905 1112 1601
3 1594 4905 1601
3 495 1566 4905
3 495 4905 5438
3 5438 1594 5687
3 5168 1566 1651
3 5168 1651 6670
3 495 1651 1566
3 5771 3031 5207
3 5207 3031 6670
3 5771 5207 6154
3 6154 5207 4970
3 721 1943 6154
3 1943 721 3612
3 3612 721 2788
3 3612 2788 2849
3 2788 721 3761
3 4970 3761 6154
3 6154 3761 721
3 2565 6154 1943
3 2283 2565 1943
3 2283 1943 3612
3 2283 3612 6057
3 6049 7188 2788
3 2788 7188 2849
3 6837 674 2786
3 6837 333 6148
3 3674 6148 333
3 2232 7543 3186
3 2232 3186 1529
3 3186 7543 3674
3 3674 7543 6148
3 6178 7543 823
3 823 7543 4011
3 1610 2012 4775
3 2192 2895 4011
3 4011 2895 2012
3 4011 2012 823
3 823 2012 1610
3 2012 2895 1479
3 1238 4775 1479
3 429 1479 2895
3 429 2895 2192
3 2012 1479 4775
3 7485 429 5994
3 5994 429 2192
3 6052 7478 5791
3 3183 7478 7150
3 3183 7150 7275
3 3904 7275 6665
3 6665 7275 7166
3 4821 5386 6665
3 4821 6665 5064
3 5064 6665 7166
3 5064 7166 4692
3 5894 4692 7166
3 2118 5894 3521
3 4010 5981 6362
3 4010 6362 2314
3 2314 6362 2118
3 2118 6362 5894
3 2731 2314 2118
3 2731 2118 3831
3 3831 2118 3521
3 758 3831 7150
3 758 7150 4828
3 1743 2314 2731
3 1743 2731 6457
3 6940 1743 6457
3 4252 362 5238
3 362 4252 6457
3 470 6055 4252
3 6055 7479 4252
3 7479 6940 4252
3 7111 6940 7479
3 7479 6055 7540
3 5238 470 4252
3 6457 4252 6940
3 5533 2709 4083
3 6081 6471 2709
3 2709 6471 2856
3 3773 6081 6683
3 6683 6081 7111
3 702 6683 7111
3 7111 7479 702
3 5851 2935 7479
3 6683 702 2935
3 5851 7479 7540
3 702 7479 2935
3 2444 6611 6715
3 5851 6715 6611
3 6715 5851 1891
3 1891 6036 6715
3 1891 7429 6036
3 5828 5181 7429
3 7220 6089 5168
3 7220 5168 4794
3 2856 6471 2565
3 1701 2565 6471
3 2856 2565 2283
3 2565 1701 5771
3 2283 6057 4083
3 6873 225 4926
3 4926 225 2519
3 4765 6873 4926
3 4926 1278 6175
3 6175 1278 1096
3 1096 1278 5702
3 5702 1278 2519
3 2519 1278 4926
3 4926 6175 4765
3 7370 1096 5702
3 7370 2502 2049
3 2049 2502 4142
3 6402 2049 3391
3 4142 3391 2049
3 3649 3391 6178
3 3391 3649 7033
3 5908 7033 3649
3 5908 3649 6178
3 5277 7033 5908
3 7081 5277 5908
3 1097 7081 5908
3 1097 5908 120
3 120 5908 6178
3 4775 2767 1610
3 7167 3756 1238
3 7167 1238 7485
3 1238 3756 4775
3 2266 7167 7523
3 7485 7523 7167
3 4730 2266 3478
3 3478 2266 7523
3 5480 4730 3478
3 3478 7523 5791
3 6052 5791 7523
3 5480 3478 2673
3 2673 7478 3183
3 5791 7478 2673
3 5791 2673 3478
3 2673 3183 7275
3 2673 7275 5480
3 3904 5259 4730
3 3904 4730 5480
3 1882 1097 246
3 1097 1882 7081
3 1882 246 5386
3 5618 7081 1882
3 5618 1882 5386
3 1177 5618 5386
3 6756 2629 1177
3 1177 2629 5618
3 7531 5064 4692
3 5064 6756 4821
3 6756 5064 7531
3 627 2010 1340
3 2183 627 497
3 627 1340 435
3 435 1340 942
3 627 435 497
3 497 435 2629
3 435 942 2629
3 1687 942 1340
3 1340 2010 3002
3 2010 627 2183
3 6756 2183 497
3 6756 497 2629
3 5618 2629 942
3 4932 7531 5894
3 7531 4932 2183
3 5894 7531 4692
3 2010 2183 4932
3 2010 4932 1307
3 2010 1307 3002
3 1307 5981 6873
3 6362 5981 4932
3 4932 5981 1307
3 7081 5618 942
3 7081 942 1687
3 1687 5341 5277
3 7033 5277 5341
3 5341 1687 3002
3 4765 5341 6873
3 6402 6175 1096
3 6175 6402 5341
3 6175 5341 4765
3 4010 341 5981
3 7083 6320 3375
3 5107 3375 658
3 4603 5107 658
3 658 3375 3773
3 6320 3773 3375
3 3773 6320 1417
3 2 3375 5107
3 2408 4603 658
3 2408 658 6683
3 3773 6683 658
3 6611 2408 2935
3 2935 2408 6683
3 7044 468 4603
3 7574 2444 6715
3 4374 994 1741
3 994 4374 6329
3 1741 7574 4374
3 6329 4374 6036
3 6329 6036 3058
3 5580 1665 3058
3 1665 6329 3058
3 6329 1665 7001
3 7098 5580 3058
3 2877 2547 5580
3 7530 5580 2547
3 7098 2877 5580
3 7530 2547 1033
3 1033 2547 5639
3 1159 5639 1181
3 1181 5639 2877
3 1181 2877 7098
3 2877 5639 2547
3 4460 7314 1181
3 3496 7314 4281
3 1320 4281 7376
3 1320 7376 4917
3 359 7376 5227
3 5570 3393 5227
3 5570 5227 7376
3 4794 3896 7220
3 6880 3393 3896
3 682 6880 2946
3 2946 6880 3896
3 3984 682 2946
3 6913 6880 682
3 6913 682 3984
3 6913 3984 7253
3 7135 3984 2946
3 7502 5013 7337
3 6320 1793 7502
3 4306 6105 4323
3 4306 4323 1793
3 6105 1226 4323
3 4323 1226 7502
3 1226 5013 7502
3 6105 4306 5879
3 1793 4323 7502
3 2906 6105 5879
3 330 2906 5879
3 3697 330 5879
3 3697 5385 330
3 3697 5879 3676
3 908 5385 3697
3 7083 3697 3676
3 3428 1384 4943
3 1384 3428 7083
3 2228 4943 1384
3 2228 1384 468
3 2228 468 7044
3 3415 2228 7237
3 4444 3415 7237
3 1741 994 1893
3 1893 994 430
3 5580 7530 1665
3 1665 7530 7001
3 588 7170 904
3 588 904 3854
3 904 7170 4911
3 3234 3854 4663
3 4663 3854 1462
3 1462 3854 904
3 1462 904 4911
3 5728 4663 1462
3 5639 1462 1033
3 1462 5639 5728
3 5728 3693 779
3 5639 3693 5728
3 3496 4916 3693
3 1658 4916 5897
3 5897 4916 3496
3 5897 3496 2450
3 2450 6001 1866
3 2450 1866 5897
3 3170 2355 6001
3 2355 3170 3063
3 348 4221 908
3 348 908 3428
3 1575 4221 348
3 1575 348 3428
3 1575 3428 4943
3 1466 4444 7364
3 5355 2377 7208
3 5355 7208 7408
3 1466 7364 7208
3 1466 7208 2377
3 3374 7208 7364
3 3374 7364 7351
3 4191 3852 5779
3 4191 5779 6723
3 4191 6723 3543
3 5075 6723 1558
3 1558 6723 161
3 3729 5075 3484
3 3729 3484 7530
3 3484 1558 5363
3 1558 3484 5075
3 5075 3729 7334
3 7334 3729 3502
3 2425 7334 3502
3 3502 7170 2425
3 7117 7334 2425
3 7117 2425 207
3 588 207 2425
3 588 2425 7170
3 2155 3854 4298
3 3854 2155 588
3 207 588 2155
3 6984 3803 2219
3 2219 3803 7514
3 7514 3803 1951
3 1951 3803 1559
3 1559 3803 6984
3 3657 7514 2309
3 7514 1951 2309
3 2309 1951 3234
3 5728 3657 2309
3 5728 2309 4663
3 3234 4663 2309
3 3505 396 7273
3 396 7514 3657
3 5897 7158 7042
3 1492 7158 5327
3 6001 7158 1866
3 1866 7158 5897
3 1658 5897 7042
3 1492 7042 7158
3 5327 7158 4601
3 2878 5327 1425
3 1425 5327 4601
3 5355 1492 2878
3 5327 2878 1492
3 5355 2878 4132
3 4132 2878 3063
3 3063 2878 1425
3 6001 4601 7158
3 2355 3063 1425
3 2355 1425 4601
3 2355 4601 6001
3 7408 7273 5355
3 7463 5741 5784
3 5784 5741 7040
3 5741 7463 7408
3 4863 7040 5741
3 7408 7208 5741
3 5741 7208 4863
3 4863 7208 3374
3 7040 4863 6064
3 6064 4863 3374
3 6064 3374 7351
3 5457 6064 7351
3 6835 6064 5963
3 5963 5457 617
3 5963 617 3992
3 6064 5457 5963
3 2569 4191 7401
3 7401 4191 3543
3 3852 4191 617
3 617 4191 2569
3 7409 2569 7401
3 7401 3543 4413
3 5614 5155 7409
3 5614 7409 7401
3 4413 5614 7401
3 6506 4413 7117
3 7117 4413 1778
3 5075 7334 6723
3 5158 6506 7117
3 5158 7117 1502
3 1502 7117 2068
3 886 5225 4019
3 4019 5225 1559
3 2009 4019 3275
3 3275 4019 3211
3 7428 3211 3715
3 7428 3715 1986
3 7335 7338 3715
3 284 7335 3715
3 4833 2219 7514
3 6984 2219 7335
3 7335 2219 4833
3 6908 3505 167
3 3505 6908 4833
3 3505 4833 7514
3 7273 167 3505
3 3177 6635 7463
3 5784 3177 7463
3 4116 7054 3479
3 6649 4989 5986
3 7054 5986 3479
3 3479 5986 4989
3 5963 6649 5986
3 6835 5963 5986
3 7054 6835 5986
3 3992 6649 5963
3 6861 686 5615
3 6861 5615 714
3 6861 714 2539
3 2800 2539 714
3 2800 714 5615
3 1420 2539 5155
3 1420 5155 417
3 7409 5155 2539
3 5158 3655 6298
3 5158 6298 1420
3 6729 6298 3275
3 3655 3275 6298
3 3275 3655 2009
3 3211 7428 3275
3 6729 3275 7428
3 6729 7428 2976
3 2976 7428 6861
3 6861 7428 686
3 686 7428 1986
3 6729 2976 6298
3 6298 2976 1420
3 1420 2976 6861
3 6649 5615 4989
3 3479 4989 4116
3 6635 6908 167
3 6908 6635 6063
3 4833 6908 6063
3 7253 614 5385
3 7253 5385 4917
3 7253 7376 7381
3 359 7381 7376
3 3393 6880 5227
3 5227 6880 7381
3 5227 7381 359
3 7253 7381 6913
3 6880 6913 7381
3 7135 6105 2906
3 6105 7135 1226
3 1226 7135 5013
3 5013 7135 7337
3 7002 5212 192
3 4975 7002 3120
3 192 3120 7002
3 7248 6512 4509
3 7248 4509 6654
3 4870 6150 7284
3 7284 6150 7504
3 6150 4870 7190
3 5628 6924 5202
3 5202 6924 7528
3 4936 7528 6924
3 4856 771 6921
3 6584 1487 6265
3 6584 6265 547
3 6584 547 3278
3 2934 3278 547
3 2934 547 6265
3 202 3123 7547
3 202 7547 3811
3 4627 3123 202
3 1980 4627 202
3 1980 202 3811
3 3811 7547 2485
3 5696 7547 3123
3 1980 3811 1138
3 3231 4627 1980
3 6093 3231 1980
3 6093 1980 1138
3 1138 3811 2485
3 443 6093 1138
3 443 1138 866
3 866 1138 2485
3 4627 1379 5550
3 4627 5550 3123
3 3231 1379 4627
3 1692 3123 5550
3 2311 5550 1379
3 2311 1379 6093
3 7476 1692 5550
3 7387 7476 2311
3 7387 2311 6093
3 2311 7476 5550
3 4490 2245 5911
3 2143 3416 1978
3 5299 1978 3416
3 7424 7217 5569
3 2961 5150 1876
3 1876 5150 58
3 1876 58 177
3 6927 2961 1876
3 6927 1876 7151
3 7151 1876 177
3 6927 7363 2318
3 6927 2145 2961
3 2145 6927 2318
3 7363 6927 7151
3 7171 7296 4781
3 4942 6762 7458
3 7578 7458 1481
3 3346 5331 4706
3 6231 2669 7247
3 7247 2669 6334
3 5326 3350 2721
3 3894 5326 822
3 3894 822 7532
3 822 5326 2721
3 5440 2721 3350
3 5051 3894 7532
3 3 6728 5326
3 3 5326 3894
3 5326 6728 4708
3 5014 5051 7367
3 5051 5014 3894
3 3894 5014 3
3 3 5014 6728
3 3422 7508 7549
3 3422 7549 5203
3 3538 4566 7549
3 5177 7549 4566
3 6142 4566 6836
3 6142 6410 1654
3 5948 6803 3600
3 3600 6803 6410
3 6629 6564 6728
3 6728 6564 4708
3 6142 1654 988
3 988 1654 5713
3 5713 1654 6629
3 834 5177 988
3 834 5713 5312
3 5312 5713 5014
3 988 5713 834
3 5014 7367 7508
3 3487 4724 7508
3 5035 7508 3422
3 5035 3422 5203
3 7090 5203 5177
3 834 7090 5177
3 1915 7090 834
3 834 5312 1915
3 7138 1915 5312
3 4724 7138 5312
3 7184 7138 3487
3 7138 4724 3487
3 7508 7184 3487
3 7090 2620 5035
3 5203 7090 5035
3 7508 5035 7184
3 7184 5035 2620
3 7184 2620 7138
3 7138 2620 1915
3 7090 1915 2620
3 7221 6900 6945
3 3425 7221 6945
3 4041 6794 7003
3 5572 5790 5556
3 4896 3594 7123
3 7123 3594 7547
3 5719 6020 2510
3 5719 2510 5034
3 3528 7367 7515
3 765 3538 5717
3 436 6933 4507
3 7547 3594 2485
3 6258 3185 4259
3 6196 3185 6258
3 6258 3109 6196
3 3109 3410 6196
3 692 6196 3410
3 6196 692 3185
3 4259 3185 2557
3 692 3410 6289
3 3109 1864 3410
3 3410 1864 6289
3 4665 755 6352
3 4665 4390 882
3 4665 882 181
3 4665 181 755
3 882 4390 3109
3 1864 3109 4390
3 1864 4390 3465
3 5208 755 181
3 755 5208 6352
3 4224 1856 72
3 72 5208 4224
3 1790 4224 5208
3 1790 4203 7414
3 6401 2385 2557
3 6401 2557 3185
3 6401 3185 692
3 641 3806 6335
3 6335 6031 641
3 6946 641 6031
3 6946 3806 641
3 6335 3806 3890
3 3890 3806 2207
3 696 7378 4086
3 3190 5773 7246
3 3879 5731 867
3 3879 867 5511
3 6626 5511 5499
3 867 5731 3377
3 6838 3377 5760
3 5582 3827 5134
3 7032 347 4803
3 4493 6230 3815
3 2151 4493 3815
3 5648 5964 4368
3 4368 5964 6230
3 4704 3855 4497
3 3855 2307 4497
3 3420 4574 6383
3 3239 7144 7246
3 3377 264 5499
3 264 3377 6838
3 5499 867 3377
3 426 6072 1336
3 1336 6072 5789
3 5731 3419 3965
3 5760 5731 3965
3 7032 4803 756
3 3316 740 4533
3 740 958 6800
3 4533 740 6800
3 6800 6195 4533
3 740 3316 1410
3 740 1410 958
3 6800 1792 6195
3 3946 2406 6956
3 5632 936 1447
3 5632 1447 6230
3 6230 1447 3815
3 3815 1447 2288
3 5964 644 3799
3 3799 644 5193
3 1869 5964 5648
3 1869 5648 5769
3 5193 1869 4714
3 5193 644 1869
3 1869 644 5964
3 4714 1869 5769
3 5822 5970 4480
3 5822 4480 4118
3 6016 5970 4574
3 7066 2851 5250
3 1716 5250 2851
3 5250 1716 4875
3 7200 5723 5555
3 6291 5555 5723
3 2194 4545 3986
3 2194 3986 7200
3 4545 6631 7404
3 4235 6667 4764
3 426 4885 5932
3 660 212 3164
3 3164 4783 660
3 660 4783 6582
3 660 6582 4287
3 660 4287 212
3 5321 212 4287
3 5789 5144 1336
3 1336 5144 2085
3 5789 4305 6504
3 5789 6072 3550
3 1546 3015 476
3 3015 1546 7298
3 5563 4533 6195
3 4533 3849 3316
3 3849 4533 5563
3 3849 5563 383
3 6928 1792 2724
3 211 2615 6847
3 2410 2615 211
3 248 3486 2754
3 3486 5246 2754
3 4030 1475 632
3 1475 638 7417
3 632 1475 7417
3 632 4508 4030
3 4030 745 1475
3 1475 6652 638
3 6652 5767 638
3 638 5767 7417
3 4880 4030 4508
3 3684 7177 2703
3 3684 2703 1958
3 5525 2703 7177
3 2703 5525 4982
3 5525 2148 4982
3 5747 7016 2223
3 5747 2223 1846
3 4162 3255 5561
3 3799 5193 2760
3 2760 4162 3799
3 4162 2760 3255
3 1151 276 6987
3 1151 6987 5313
3 6987 179 5313
3 4128 2571 5604
3 6987 4128 5604
3 6987 5604 179
3 3898 2457 6911
3 3559 3898 6911
3 4440 2306 6911
3 6911 2306 3559
3 3898 3564 2457
3 6911 2457 6433
3 6433 4440 6911
3 2714 6303 2035
3 7066 1716 2851
3 7066 6275 1716
3 7066 6497 6275
3 6552 5723 3621
3 3094 3621 29
3 3094 29 5793
3 1289 5793 29
3 1289 29 3621
3 1289 3621 5723
3 5723 7200 1289
3 5793 1255 733
3 733 1215 5793
3 5793 3404 1255
3 6527 2216 1862
3 5396 1676 6527
3 1676 7443 5139
3 1676 5139 6527
3 7443 4593 2729
3 2606 4593 7283
3 7283 4593 7443
3 6582 2421 4287
3 4287 2421 7283
3 4783 7114 6582
3 4783 1330 7114
3 6797 5144 6504
3 4305 1747 3249
3 838 4353 1747
3 838 3379 4353
3 7298 6088 3015
3 4035 3015 6088
3 383 7298 3849
3 4321 6847 2116
3 2624 3579 5218
3 2624 5218 4625
3 4042 7417 5767
3 1537 1816 5874
3 28 1816 1537
3 1958 7390 5368
3 4499 4921 1608
3 5650 4921 4499
3 5650 4499 2083
3 2699 5916 6905
3 4040 6892 5128
3 4040 5128 68
3 4595 4040 68
3 4040 5576 6892
3 7121 6892 5576
3 5128 6892 4959
3 5561 3255 5143
3 2274 2159 2760
3 2274 2760 5193
3 2370 2760 2159
3 3525 7536 6771
3 3945 4254 3129
3 3129 4254 6095
3 3945 2397 4254
3 6095 3274 3129
3 6314 5604 772
3 772 7525 6314
3 1630 6314 7525
3 6017 1914 6433
3 6017 5599 1702
3 5572 2780 365
3 365 6017 6433
3 2780 6017 365
3 3898 3301 3564
3 1719 6734 445
3 176 6303 3267
3 3621 3094 6552
3 5391 4330 3338
3 4088 6432 6363
3 6363 5859 4088
3 4088 5859 1067
3 4088 1067 5391
3 1067 5859 2270
3 4330 1067 2270
3 1067 4330 5391
3 4330 2270 5086
3 6496 5087 7398
3 4593 2657 2729
3 2729 2657 4195
3 4195 2657 5772
3 6789 2657 4593
3 6789 1469 5772
3 5772 2657 6789
3 5920 877 6408
3 5920 6408 6161
3 5920 6161 1769
3 3324 877 7283
3 7283 877 2606
3 2606 877 5920
3 3324 6408 877
3 6139 3609 6286
3 6286 3609 1136
3 5359 6286 3678
3 3678 6286 7114
3 7104 3166 7128
3 888 7128 3166
3 4654 4528 5606
3 4919 5606 4528
3 4654 5606 7391
3 4654 466 4528
3 5678 6252 4087
3 5678 6944 5526
3 4087 6252 1708
3 5678 5526 6252
3 3519 5468 6895
3 4035 6495 4044
3 4044 2986 4035
3 7298 7102 6088
3 6011 1753 6533
3 4846 6533 1753
3 6011 6533 7080
3 3696 2736 3494
3 3696 4846 2736
3 4846 857 2736
3 3696 3494 4822
3 4321 2116 685
3 857 4321 685
3 857 685 2736
3 5218 3848 4625
3 4504 6866 829
3 5261 4504 829
3 4504 6293 6866
3 829 6866 4964
3 4607 5132 1232
3 28 1537 1802
3 2779 3072 2260
3 4560 2260 3072
3 2260 4560 4226
3 5624 195 4226
3 4226 195 2260
3 2260 1776 2779
3 4616 6909 1776
3 4616 1776 195
3 4921 1725 1608
3 3162 6612 5650
3 5650 3461 3162
3 4731 6494 6213
3 5816 3321 3734
3 5816 3734 2491
3 6745 5816 2491
3 6745 4961 5816
3 4959 2809 5128
3 5128 2809 100
3 6095 7527 3512
3 384 6185 6764
3 5640 3764 6764
3 6764 3764 384
3 384 5502 6185
3 5980 1946 3764
3 6633 6165 3285
3 3285 6165 6002
3 7525 1999 1630
3 1999 7525 5988
3 7525 649 5988
3 3905 5599 2003
3 62 6396 6975
3 6396 62 5515
3 6364 1325 4669
3 6364 4669 5768
3 5768 4669 6975
3 3151 1325 3740
3 3151 3740 1780
3 3740 1325 6364
3 3740 6364 6423
3 6364 5768 1291
3 3160 977 6734
3 3160 3248 7407
3 6423 3160 7407
3 3160 6423 977
3 2912 279 6680
3 3919 5884 2801
3 3338 3401 2064
3 5086 6853 3401
3 5859 1453 2270
3 2270 1453 5086
3 5086 1453 1220
3 1457 7398 787
3 1457 787 2893
3 1457 2893 703
3 3614 787 7398
3 787 3614 2893
3 703 2893 6141
3 6141 2893 5140
3 1534 3613 3614
3 1534 5411 3613
3 3613 5411 5140
3 3613 5140 3614
3 1387 3201 7524
3 1387 7183 3201
3 6171 554 3104
3 6171 4312 554
3 7524 554 4312
3 1448 4556 3666
3 4556 1448 2221
3 5334 5507 7104
3 7294 7563 5712
3 945 5255 1230
3 945 1230 7391
3 6917 6944 4087
3 749 3924 1415
3 2982 2853 974
3 2853 251 974
3 974 5124 2982
3 2982 2165 2853
3 2853 3923 251
3 3560 974 251
3 5124 974 3560
3 7102 572 130
3 7319 3389 1560
3 2116 6092 685
3 685 6092 1437
3 3494 1437 13
3 2211 4270 4964
3 2211 5157 4270
3 5553 1098 4964
3 1098 5553 689
3 1098 689 1770
3 2825 5553 6866
3 1802 4646 5744
3 95 6896 6324
3 95 6324 3952
3 1322 6324 1061
3 1322 1061 7050
3 6123 2598 1105
3 6909 5602 5541
3 4910 976 1261
3 6609 1183 5039
3 1183 6609 6266
3 6266 4238 6558
3 6558 4238 6643
3 2991 6643 4238
3 7238 2991 4238
3 4209 2508 961
3 4209 961 2187
3 5089 3513 4209
3 4209 3513 2508
3 3243 3562 7082
3 1366 5095 6703
3 6703 1282 950
3 950 114 7251
3 114 670 7251
3 114 2616 670
3 2616 114 1282
3 1282 114 950
3 4953 4827 3294
3 5578 3294 4827
3 5578 2126 4693
3 7191 4693 2126
3 4827 2126 5578
3 6966 4535 2134
3 6350 4606 7162
3 7162 4362 6350
3 6764 6185 6350
3 4719 983 2486
3 4719 6185 983
3 983 6185 5502
3 3625 4719 2486
3 7369 5711 2816
3 2816 5711 3764
3 2816 3764 1946
3 6396 5515 3403
3 6396 3403 2003
3 6422 6485 2808
3 2808 6485 5515
3 6513 5893 6422
3 245 2808 3238
3 5515 3238 2808
3 6513 4271 1488
3 4271 6513 6422
3 4271 6422 245
3 245 3238 4271
3 4669 1325 3151
3 3151 1084 4669
3 4669 1084 4894
3 4669 4894 6975
3 3740 6423 3809
3 3740 3809 1780
3 2949 3334 2161
3 3334 2949 7407
3 3334 4402 2860
3 4093 5500 2087
3 4093 2087 6530
3 5500 3359 6100
3 3825 664 3772
3 664 4174 3772
3 6970 1754 3772
3 3772 1754 3825
3 664 3825 4818
3 664 4818 3348
3 664 3348 4174
3 7037 3772 4174
3 3772 7037 6970
3 6985 1758 6141
3 2059 6232 7412
3 2577 7061 1443
3 2577 1443 5810
3 2577 5810 2586
3 7524 4312 7300
3 4312 6171 7300
3 613 4556 2221
3 1032 613 2221
3 5267 4468 1485
3 5267 1485 6647
3 2123 3311 6647
3 3812 4697 7545
3 3812 7545 6855
3 6935 6659 7294
3 6107 1228 1618
3 1618 1228 1894
3 3865 1894 1228
3 6394 7094 5982
3 2982 4641 1596
3 2537 556 2435
3 2435 556 1605
3 2435 1605 969
3 2435 969 2537
3 969 1605 4858
3 4858 1605 4
3 556 2537 2837
3 3934 7581 7129
3 1560 3389 3152
3 3767 3152 3389
3 5943 6341 791
3 5943 791 3044
3 3044 791 3822
3 3044 3822 6551
3 3456 3652 3782
3 3456 3782 5157
3 3456 5157 4482
3 2211 4964 1098
3 2211 4482 5157
3 4482 2211 1098
3 689 1501 6551
3 3822 689 6551
3 1144 4800 570
3 1144 570 2514
3 1144 3573 4800
3 6293 1499 241
3 6293 241 2825
3 1322 7050 3438
3 3438 7050 2029
3 6156 438 6896
3 6156 6896 4494
3 6156 7050 1061
3 6156 1061 438
3 3585 815 4494
3 3585 5656 815
3 815 5656 4660
3 815 4660 3642
3 815 3642 4494
3 3800 2029 4660
3 5656 3585 2471
3 2471 3585 1105
3 2471 1105 5602
3 1105 3585 6123
3 3629 3800 5656
3 3629 5656 2471
3 3800 4660 5656
3 2471 5602 3629
3 4968 4906 4865
3 6746 2440 4345
3 6746 4345 4176
3 1183 4176 7565
3 4219 5935 6990
3 5913 4502 3214
3 5913 3214 7092
3 5913 2227 4502
3 6101 7446 3711
3 4238 6266 7238
3 4229 327 1715
3 4542 4294 3700
3 4542 3700 1046
3 1046 3127 4542
3 1423 2871 2187
3 2770 2518 1992
3 2838 2770 7460
3 7460 2770 1992
3 2508 1003 961
3 961 1003 2770
3 961 2770 2187
3 2770 1003 2518
3 1003 6760 2518
3 4680 2518 6760
3 746 6521 5535
3 5535 4976 746
3 7251 3955 2488
3 5521 2488 3955
3 5521 3955 2138
3 7223 3955 7251
3 3555 7223 670
3 670 7223 7251
3 4127 3131 2903
3 4127 2903 4363
3 4363 7257 4127
3 1282 6703 1094
3 1282 1094 2616
3 2966 901 1418
3 1418 3294 5578
3 1418 5578 4693
3 1418 4693 2966
3 7191 2966 4693
3 901 3131 1418
3 1418 3131 3294
3 7191 287 2078
3 4363 2078 287
3 4382 1818 1817
3 1818 4382 3437
3 3210 7023 1188
3 3210 1188 7152
3 3210 7152 6748
3 3210 6748 4798
3 4798 5664 4992
3 2642 7236 920
3 5893 4529 6972
3 2763 7343 5264
3 3968 377 1752
3 1194 2691 377
3 377 2691 1752
3 3968 5692 377
3 4091 7330 4099
3 2087 5500 1737
3 6100 1737 5500
3 5867 2341 2733
3 7267 1633 4632
3 7537 4632 1633
3 1754 4937 3825
3 6872 3825 4937
3 6872 4937 2922
3 6585 2527 4937
3 2527 6312 1634
3 1634 6312 2922
3 6458 7526 6274
3 6458 6274 2566
3 5810 1472 7526
3 5509 3409 5354
3 3409 5509 3312
3 5288 2605 1299
3 5288 1299 7146
3 1299 5244 2490
3 6273 1303 7455
3 2708 7299 5135
3 6675 7289 5040
3 5040 3780 6675
3 7051 576 3540
3 3540 576 3055
3 7051 385 5458
3 5458 385 7179
3 71 4282 493
3 71 493 485
3 485 493 2476
3 7019 6007 6091
3 875 3574 2276
3 1270 175 1555
3 5746 2401 4995
3 7457 7579 3530
3 230 5812 3220
3 2415 6794 4041
3 2415 4041 2538
3 2538 4041 7092
3 963 3106 537
3 537 1781 6794
3 537 6794 963
3 963 6794 6566
3 963 6566 3106
3 5955 3106 6566
3 3079 1781 537
3 2792 1781 3079
3 3079 3106 1154
3 5955 2686 1154
3 2686 4968 4865
3 3106 5955 1154
3 4167 6551 728
3 4167 728 3573
3 6551 4800 728
3 728 4800 3573
3 3493 7035 1562
3 3493 258 7035
3 2792 3079 3703
3 3703 3079 1154
3 3703 1154 2686
3 2686 4865 3703
3 4906 4583 4865
3 6990 5935 4583
3 7446 5387 5302
3 5333 7157 7446
3 3090 3435 7354
3 7354 3435 6850
3 3435 223 6850
3 1390 5367 506
3 6019 506 5367
3 6783 4297 6628
3 7460 6957 578
3 578 7186 7460
3 578 6957 5447
3 1992 7341 7460
3 7460 7341 6957
3 6957 7341 2366
3 7264 27 3724
3 7264 3724 5804
3 7223 3724 27
3 3724 5216 5804
3 2695 7413 3724
3 2695 3724 7223
3 3724 7413 5216
3 6438 5655 1339
3 1339 5057 6438
3 6438 5057 611
3 5694 6942 3028
3 611 5694 3028
3 5694 611 5057
3 611 3028 6438
3 6438 3028 6295
3 6438 6448 5655
3 2078 4363 2903
3 4366 859 7109
3 7557 3794 4980
3 4900 4980 3794
3 4900 3794 5517
3 1717 6910 7023
3 1717 4992 6910
3 4798 4992 1717
3 3813 5929 2343
3 3197 1173 5063
3 3034 5063 1173
3 1699 3197 5892
3 5892 3197 5063
3 3047 6198 3520
3 1078 7388 4210
3 4210 7388 2728
3 4210 2728 4078
3 4210 4078 2094
3 1962 7421 4257
3 459 7126 2889
3 1917 314 3596
3 3596 314 6932
3 5867 2140 6068
3 154 4530 2140
3 6319 3399 786
3 786 3399 4411
3 786 4411 5393
3 5393 4411 6426
3 1514 3399 6319
3 4248 5455 6319
3 6319 786 4248
3 4248 786 5393
3 5234 3695 432
3 7526 4419 6274
3 6274 7087 7580
3 3472 4033 5388
3 3472 5388 1881
3 4757 3472 6784
3 1881 6784 3472
3 5388 6784 1881
3 1362 5388 4033
3 6086 2747 3670
3 1171 178 3708
3 1171 3708 2747
3 6655 557 2331
3 6114 2071 1865
3 6013 2071 6114
3 5562 2481 5704
3 4045 923 1266
3 923 4045 3158
3 5147 6378 735
3 1997 5293 6378
3 3804 6378 5293
3 2757 1997 21
3 21 1997 7289
3 2757 5151 1997
3 1997 5151 5293
3 938 5151 5855
3 938 1020 5151
3 1020 938 5240
3 3789 576 3643
3 3789 3055 576
3 3643 576 5458
3 3643 5458 7179
3 3643 7179 1927
3 7179 1551 4104
3 4104 1551 3847
3 1053 3975 6318
3 2710 1678 6750
3 7078 2710 5094
3 6788 57 2973
3 4313 6788 6091
3 6788 4313 6199
3 6886 5910 5038
3 4868 6287 122
3 1245 1693 253
3 1245 253 6287
3 1321 397 3503
3 7579 4443 1711
3 799 1222 43
3 4443 43 2039
3 3527 2039 1222
3 3527 5887 2039
3 43 1222 2039
3 4300 5762 2280
3 5762 3332 2280
3 342 3332 1206
3 5762 1206 3332
3 6561 4864 7063
3 4864 6311 7063
3 6127 817 358
3 6127 358 7063
3 817 4882 7506
3 7506 2184 817
3 7506 4882 6592
3 3076 1175 3043
3 3076 3043 5272
3 5272 2278 3076
3 2278 411 3076
3 7295 411 2278
3 7354 2040 1036
3 7354 1036 1175
3 7354 1175 3090
3 1175 1036 3043
3 2040 4212 6598
3 6598 4212 3107
3 4886 3107 6898
3 357 4397 4212
3 6898 3107 4397
3 4397 3107 4212
3 2589 5869 6898
3 6586 6323 5373
3 5373 6323 3857
3 3832 1111 7194
3 3832 7109 1111
3 1111 7109 859
3 6479 4572 7194
3 4689 6479 7194
3 2497 184 3611
3 3611 184 1845
3 413 3611 1845
3 6166 413 1845
3 527 2497 6636
3 5976 4028 1750
3 1750 4028 2173
3 642 3197 2448
3 2448 3020 642
3 642 3020 1173
3 642 1173 3197
3 1699 2448 3197
3 4511 672 4196
3 4511 4078 672
3 672 4078 655
3 672 655 4028
3 672 4028 3020
3 672 3020 4196
3 2728 2173 655
3 2728 655 4078
3 4511 2094 4078
3 655 2173 4028
3 3020 4028 1732
3 5091 6701 378
3 378 6701 4269
3 398 5654 4003
3 398 3250 5654
3 4003 231 398
3 4836 4003 5654
3 5962 3250 398
3 1663 3250 5962
3 4408 5962 1904
3 1663 5962 4408
3 4408 1904 4763
3 3862 5717 4790
3 2839 3036 1497
3 3036 2839 4395
3 4395 2839 31
3 7488 4395 31
3 4395 6711 3036
3 3036 6711 1065
3 7259 6322 6369
3 6322 4303 6369
3 6322 6711 4303
3 4303 6711 4395
3 4303 4395 7488
3 2587 5709 4816
3 1973 5709 2587
3 7012 3994 7371
3 4849 7371 3994
3 4334 4411 3399
3 1514 3900 1923
3 1923 3900 6241
3 6241 3900 3133
3 2096 5644 1297
3 2096 1297 7570
3 6849 6424 6640
3 6849 6640 560
3 560 6640 2041
3 6418 4589 4994
3 6418 418 5725
3 4258 5557 3670
3 4258 3670 4074
3 4381 1279 3708
3 6159 4381 3708
3 409 6159 3708
3 409 3708 178
3 6159 409 2633
3 6159 2633 775
3 637 6807 6505
3 637 6505 6075
3 6807 637 2111
3 637 6075 2111
3 6505 6807 1865
3 3482 1411 6075
3 1411 3482 6870
3 5931 5412 1164
3 4266 5637 1369
3 1636 3804 1955
3 6042 1636 1955
3 3804 5293 1955
3 5293 5151 1020
3 5293 1020 6460
3 5444 4104 6026
3 4435 3112 1595
3 4435 1595 5358
3 6026 4104 2919
3 5444 4435 4436
3 4436 4435 5358
3 1250 6026 2919
3 3009 3112 1250
3 1250 3112 6026
3 1002 7307 3608
3 6318 3735 1551
3 1675 2918 7028
3 2918 3735 2862
3 3605 4022 4664
3 3605 4664 6406
3 6344 4022 3605
3 6344 1500 4022
3 4022 4671 4664
3 2783 1092 3713
3 1092 2783 1236
3 7004 2783 3713
3 676 6201 5033
3 6583 364 1975
3 1975 364 6851
3 4868 416 3774
3 3774 416 2520
3 122 1176 706
3 122 706 1547
3 706 1176 5315
3 6270 5842 5315
3 2967 5315 1176
3 2967 1176 6287
3 2967 6287 3503
3 7288 6270 2967
3 2967 6270 5315
3 4018 4484 701
3 4018 701 38
3 4018 38 478
3 6270 38 701
3 6270 701 5842
3 7587 5836 5887
3 4354 4394 799
3 4394 3527 1222
3 4394 1222 799
3 1206 7450 342
3 6561 7063 1727
3 2597 4343 7384
3 4343 2597 1863
3 4343 1863 7008
3 4950 1607 4712
3 5090 4712 1607
3 4251 7434 4077
3 4251 5197 7437
3 4251 7437 7434
3 5028 5536 5410
3 1808 5189 6598
3 1808 6598 3107
3 1237 5806 3302
3 3302 4886 1237
3 1237 4886 6898
3 6898 3247 1237
3 5873 3750 3846
3 1249 1456 803
3 803 3191 4154
3 803 4154 1249
3 1249 6541 1456
3 803 1456 7199
3 803 7199 3191
3 1249 7020 6541
3 6857 7020 3253
3 6857 3253 3068
3 3068 3253 3777
3 6867 6857 3121
3 3121 3777 7221
3 6027 6857 6867
3 6027 6867 1588
3 3425 3121 7221
3 6867 3121 3425
3 6773 6170 1922
3 6773 1922 7041
3 1922 3797 7041
3 4425 2056 1976
3 743 2182 5524
3 5524 4611 743
3 743 4611 2298
3 743 2298 2182
3 6469 2182 2298
3 5524 2182 5906
3 6469 634 2182
3 2182 634 7133
3 3885 1681 4286
3 3885 4286 5993
3 3885 5993 4710
3 3885 4710 4572
3 4426 2787 4805
3 4426 3394 2787
3 7532 3901 3317
3 527 3317 2497
3 332 7432 5213
3 1517 7432 332
3 378 7515 5091
3 6919 5817 4269
3 4269 5817 5584
3 4269 5584 2308
3 5059 2308 5584
3 2308 5059 7515
3 3481 3305 4514
3 4514 3305 6919
3 4598 3692 3447
3 3692 4598 1703
3 7515 3565 3528
3 3528 3565 7400
3 6836 4566 765
3 6836 3823 3600
3 6836 3600 6142
3 6045 1065 6711
3 6045 6711 6322
3 6045 6322 7259
3 1065 6045 1895
3 6369 2872 7259
3 4333 7259 2872
3 6112 4777 3330
3 1400 4777 6112
3 5695 1400 6112
3 6887 3976 1960
3 6112 6887 1960
3 6112 1960 5695
3 1679 6462 6887
3 4866 1679 6887
3 1514 1923 4334
3 1829 3235 6241
3 2842 1842 5196
3 5395 3725 5662
3 5662 3725 5169
3 6461 1334 1102
3 5395 1102 1334
3 5395 1334 3725
3 7475 6849 560
3 643 2945 2041
3 643 2041 6640
3 643 6640 6430
3 643 6430 5600
3 643 5600 2945
3 4304 6219 2897
3 4652 6430 3878
3 3878 6430 6640
3 3878 6640 6424
3 3341 5725 7410
3 3341 7410 5831
3 836 4531 722
3 722 6870 836
3 836 7452 4531
3 3077 4531 7452
3 3077 6515 4531
3 4531 6515 722
3 722 6515 1411
3 6630 1600 6113
3 5931 7496 6820
3 5931 6820 1600
3 1600 6820 6113
3 6820 2568 6113
3 4479 3964 719
3 4479 719 6828
3 7386 6210 5627
3 1145 6210 1648
3 1648 6210 7386
3 6174 3454 6215
3 6460 7031 1298
3 6460 1298 6042
3 6639 7084 3328
3 3328 7084 129
3 7307 1675 7028
3 5945 6763 3215
3 5079 2588 2500
3 1236 2783 5260
3 7018 4068 4515
3 6201 6440 5688
3 6851 263 4472
3 4472 263 1090
3 4472 1090 6440
3 6440 1090 3097
3 4103 278 7380
3 4103 6953 278
3 6421 3667 2517
3 3667 6421 3888
3 5315 5679 706
3 706 4549 1547
3 4549 706 5679
3 5679 3088 6421
3 282 2186 6029
3 6029 7347 282
3 4912 1461 528
3 4069 687 3801
3 3801 687 528
3 528 687 1217
3 1217 4912 528
3 1461 5253 528
3 528 5253 3801
3 6077 1673 7433
3 7356 1673 6077
3 940 2993 1731
3 2596 2423 4077
3 1165 2847 5236
3 5236 2847 6130
3 3299 4550 1272
3 4550 3299 7122
3 1272 5551 3299
3 5551 1272 1165
3 3075 2400 6923
3 6923 2212 3075
3 2400 5410 6923
3 6830 7471 3473
3 4296 4886 3302
3 3750 668 4809
3 4809 668 7509
3 4464 2730 7509
3 2730 4464 1496
3 3056 713 1647
3 3056 7507 713
3 6579 1274 715
3 715 1274 7317
3 715 6773 6579
3 3462 2581 4564
3 3462 4564 1402
3 1402 5481 3462
3 7073 4564 2581
3 4909 762 5666
3 7133 5666 3265
3 3265 5666 762
3 4561 3522 6337
3 6337 3522 4909
3 3163 3522 4561
3 4561 6439 3163
3 3163 6439 5245
3 1561 3262 2787
3 2787 3262 4805
3 4805 3262 3838
3 4590 1561 3394
3 1561 841 6618
3 4590 841 1561
3 3098 1765 1981
3 1765 2611 1981
3 1290 1981 2611
3 1290 2611 270
3 270 5958 1290
3 1981 1290 7105
3 7105 3098 1981
3 5584 5817 1703
3 3481 1703 5817
3 5781 5940 4640
3 5776 4640 5940
3 3914 3336 6962
3 4832 5801 4462
3 2117 4462 5801
3 5113 4462 422
3 3737 5113 422
3 5776 820 3217
3 6564 6629 6803
3 7458 5301 2985
3 5343 7260 4915
3 2874 360 6380
3 6380 360 4776
3 2874 6380 7120
3 3997 2082 2512
3 2512 2082 2070
3 2082 3997 3102
3 2082 3102 7301
3 2082 7301 2070
3 2512 232 6770
3 2512 6770 3997
3 3997 6770 6249
3 3102 3997 6249
3 1970 6770 232
3 6249 6770 1970
3 7304 2704 2933
3 2933 7395 7304
3 2885 1960 3976
3 2885 3976 5912
3 4698 2885 5912
3 2885 4698 5695
3 2885 5695 1960
3 7339 6462 288
3 3284 3258 5763
3 3258 3284 4672
3 4672 3284 2273
3 3994 2807 3284
3 3994 3284 5763
3 3526 3235 1523
3 6883 6461 3358
3 6461 5023 3358
3 4360 5443 4699
3 1773 5443 4360
3 5080 1186 7487
3 5827 5443 1773
3 2466 1140 5827
3 7517 5827 1140
3 6755 6992 2858
3 6992 6755 2543
3 1259 1192 5587
3 1259 5587 7466
3 2684 2789 3933
3 2088 6828 6412
3 719 6412 6828
3 6412 719 3964
3 7386 3964 1648
3 1209 4004 3061
3 6604 1833 3845
3 6604 5560 1833
3 7269 848 3174
3 239 848 2641
3 4068 3303 6816
3 7018 1051 4678
3 491 505 3295
3 3295 3114 491
3 2269 526 5356
3 6555 526 2269
3 3916 5012 951
3 3916 951 3726
3 951 5012 4188
3 3148 3916 3726
3 3148 3726 7380
3 7380 2198 3148
3 6421 3088 3888
3 3888 3088 3069
3 2758 2715 3069
3 2758 3069 4649
3 7185 6029 2758
3 7185 2758 4649
3 4188 1744 4000
3 4188 4000 6682
3 2209 6124 353
3 2209 1044 404
3 4912 4454 4902
3 2873 6245 683
3 6245 3690 109
3 6245 109 683
3 683 109 926
3 683 926 1377
3 683 1377 2873
3 4454 6245 2873
3 6245 4454 3690
3 3690 926 109
3 1377 3686 6134
3 1172 2882 5416
3 5416 2882 5749
3 7099 1396 4407
3 4407 7029 1936
3 4289 6696 6819
3 6819 7029 4289
3 5551 4337 3299
3 3299 388 6696
3 7122 3299 6696
3 589 388 717
3 589 717 7075
3 717 388 4337
3 7075 4756 589
3 589 6696 388
3 4756 724 6819
3 6819 724 6387
3 1638 4809 3273
3 3144 4878 7316
3 1286 3144 7509
3 3746 5270 937
3 937 4706 3746
3 5270 3824 937
3 3701 3080 4559
3 3490 7317 4279
3 1274 3145 7317
3 6404 4984 6653
3 496 1824 5830
3 1824 747 5830
3 5830 2395 496
3 2172 200 1023
3 1023 200 3128
3 4942 3128 200
3 3838 6618 1481
3 3838 3262 6618
3 3838 1481 7458
3 7467 3983 4685
3 3983 1202 666
3 3983 666 4685
3 4685 666 489
3 3983 7467 1202
3 666 1202 6618
3 666 6618 841
3 666 841 489
3 6918 4220 5634
3 1539 7260 2396
3 7260 7333 2396
3 7366 924 7333
3 6382 7333 924
3 6382 2630 7071
3 2630 6382 924
3 709 6664 4399
3 6664 7120 4399
3 6664 5693 7120
3 3102 6264 4776
3 6264 6380 4776
3 6380 6264 7120
3 710 6264 3102
3 2381 959 4510
3 2381 4412 959
3 2381 5254 4412
3 4510 959 6687
3 1967 7402 5748
3 1540 7402 1967
3 1540 1953 7402
3 3723 4130 3874
3 3874 552 3723
3 3723 552 6758
3 3723 6244 4760
3 4760 4130 3723
3 3645 4130 4760
3 4130 3645 6858
3 4130 6858 3874
3 3874 6645 552
3 6758 552 1584
3 6645 3874 6858
3 6645 6858 146
3 4573 1805 3884
3 5339 5390 1805
3 6752 511 0
3 0 511 7007
3 511 6752 7454
3 7339 2352 3139
3 3139 6752 2525
3 7339 5528 2352
3 2352 1851 3139
3 6752 3139 1851
3 7483 2352 5528
3 2352 7483 1851
3 5160 7252 3096
3 865 6390 6720
3 6390 5281 6720
3 6839 986 7491
3 4793 3252 1127
3 1127 3252 5436
3 1937 3972 3125
3 3125 3972 7517
3 6822 3972 1937
3 3972 1441 6765
3 6765 7517 3972
3 1441 3972 6822
3 6822 6765 1441
3 7318 458 5159
3 458 182 5159
3 458 3602 182
3 7318 4133 7202
3 4709 2320 2761
3 2320 5587 2761
3 3964 3566 6412
3 2020 3814 439
3 1209 5430 2020
3 1209 2020 4004
3 729 5961 1294
3 729 1294 4185
3 4185 7459 729
3 5739 4185 1294
3 4243 5534 373
3 4283 1809 6694
3 4283 6694 5522
3 239 2641 3805
3 3260 4338 4450
3 4450 6707 3260
3 6829 7269 6242
3 505 2995 3295
3 3295 3071 4485
3 3295 4485 3114
3 3114 4485 7233
3 3114 7233 3370
3 4485 3411 469
3 7011 3411 4938
3 6544 7010 2576
3 951 4188 494
3 951 494 3726
3 3726 494 2265
3 494 6682 2265
3 6682 494 4188
3 2715 4188 5012
3 5638 5437 1399
3 2827 1520 1489
3 541 622 2827
3 1520 2827 622
3 1221 5221 2811
3 2811 1293 1221
3 3095 472 6346
3 3095 6346 5708
3 5462 6346 472
3 3616 2892 1352
3 3616 1352 187
3 187 1352 6280
3 874 1639 455
3 874 455 6304
3 874 6304 6280
3 874 6280 1352
3 874 1352 1639
3 455 6134 6304
3 7436 4446 1267
3 7436 1267 1406
3 3064 4273 1406
3 4273 7436 1406
3 4446 5413 1267
3 5408 1936 7029
3 7029 6819 6387
3 6696 4756 6819
3 399 4222 186
3 186 4222 7039
3 898 7039 7316
3 898 7316 4165
3 1599 3387 849
3 707 849 2130
3 5504 849 707
3 849 5504 1599
3 849 3387 2130
3 3746 5504 5270
3 6708 5504 7227
3 7316 6708 7227
3 3826 2202 6431
3 6889 5710 519
3 519 5710 1018
3 4559 3413 7363
3 4559 7363 6846
3 1040 3733 1874
3 1874 3733 3296
3 7489 3296 3733
3 1738 4199 7489
3 4960 5765 402
3 402 5765 5819
3 3583 4080 436
3 2981 3583 436
3 6951 242 4781
3 6951 2925 242
3 970 345 5939
3 345 970 2324
3 5096 345 2324
3 5872 4907 6382
3 5872 4621 4907
3 5872 4681 4621
3 6468 214 7071
3 3087 214 6468
3 4399 5972 2630
3 4481 2630 5972
3 6137 447 111
3 447 7393 111
3 111 7393 3340
3 3340 6137 111
3 6137 5165 447
3 5392 5165 5340
3 6188 5392 5340
3 1788 5748 2495
3 1268 1155 5360
3 5360 1155 7402
3 6276 6244 1246
3 1246 6244 4873
3 3775 6758 608
3 6577 608 6758
3 608 6577 3775
3 3775 4873 9
3 3775 9 6758
3 2233 5953 7132
3 4570 3844 4618
3 4570 4618 7454
3 7454 2570 4570
3 6902 4618 3844
3 4284 4316 1473
3 3096 4951 4250
3 3096 381 5160
3 5160 381 2001
3 4194 6844 4231
3 2594 4194 4231
3 6025 3130 5459
3 5436 1550 2626
3 5436 3252 1550
3 7318 1550 3252
3 5814 4161 2371
3 5814 2371 7469
3 5024 1512 6117
3 3006 1405 2244
3 1405 3006 2275
3 1405 2275 3033
3 3033 4204 1405
3 3736 4048 42
3 948 1091 529
3 4318 948 529
3 4318 3553 948
3 948 3553 4349
3 948 4349 1091
3 1091 5671 529
3 529 5671 4318
3 373 1849 2433
3 3731 6991 6707
3 4450 4338 7118
3 3488 2643 4029
3 3488 4029 4056
3 3488 6242 4563
3 3488 4563 6452
3 267 3169 4563
3 5407 3617 6034
3 6034 3617 6617
3 4485 469 1152
3 4485 1152 7233
3 1152 469 7011
3 3615 4342 4524
3 4524 5419 3615
3 4342 3615 5625
3 4342 3110 105
3 105 4524 4342
3 7586 7365 1541
3 1451 3411 3071
3 1451 913 4938
3 1451 4938 3411
3 6772 5571 5442
3 3747 1875 3671
3 3671 1969 3747
3 3671 1875 3843
3 3906 3671 3843
3 5487 3721 488
3 4974 488 3721
3 3738 5487 5462
3 2499 4492 4722
3 4722 4492 7518
3 598 1168 2890
3 598 2890 2894
3 3665 2890 1168
3 4624 4146 6841
3 4146 1123 3545
3 3545 6841 4146
3 4146 4624 126
3 4146 126 1123
3 5009 2555 985
3 2555 5009 7513
3 2555 585 985
3 985 585 128
3 128 585 1281
3 3552 456 585
3 585 456 1281
3 1281 456 7244
3 5942 7244 456
3 3552 5942 456
3 2158 2137 2504
3 3092 6739 5699
3 7553 5699 6739
3 5449 4009 6739
3 3269 6802 2489
3 7217 3269 6948
3 2489 6948 3269
3 3269 7217 5427
3 6802 3269 5427
3 1129 5150 2961
3 3296 5150 1874
3 356 7377 730
3 356 730 7077
3 3551 5263 546
3 546 5263 5110
3 3551 6936 5263
3 5083 2719 4216
3 7241 4216 2744
3 7231 5122 7201
3 599 6116 5188
3 970 5588 5167
3 970 5167 2324
3 5588 3779 7046
3 3779 5588 4907
3 2960 2848 3779
3 2960 3779 3907
3 2960 3907 1775
3 7438 3087 7255
3 697 7438 7255
3 4657 7393 5936
3 4657 5936 1016
3 4657 1016 7124
3 3515 1104 850
3 3515 850 5936
3 850 1104 6673
3 6673 5613 7163
3 4369 6024 5306
3 4369 5306 5360
3 1195 3637 6709
3 5434 1338 2357
3 6246 6577 1014
3 1014 5545 6246
3 6577 6246 3775
3 3775 6246 4873
3 972 6688 4734
3 972 4734 4944
3 381 4250 118
3 2001 381 118
3 3432 118 4250
3 3432 4250 6357
3 4231 6844 4232
3 2594 4231 6625
3 1826 2594 1787
3 4232 6625 4231
3 1582 6239 5179
3 2371 6033 1952
3 6033 6542 6738
3 6542 16 6738
3 6738 16 5472
3 5472 16 5348
3 3969 2047 5164
3 3969 5164 5649
3 4324 2047 2937
3 2047 4324 962
3 2047 962 5164
3 5649 5164 964
3 4447 5649 964
3 4447 964 7327
3 6010 4324 6651
3 4898 6842 308
3 2275 5489 6842
3 2275 6842 3033
3 4204 3033 5788
3 4898 5788 6842
3 3033 6842 5788
3 1285 2217 5489
3 5489 2217 3271
3 2217 1285 6600
3 3006 6442 1554
3 2393 65 6502
3 4804 3349 6776
3 6776 3349 1430
3 1430 7415 5380
3 7415 1430 3349
3 700 4032 1427
3 6376 700 1427
3 6376 1427 2914
3 1427 2281 2914
3 2914 4421 6376
3 6169 5054 6376
3 700 6376 5054
3 4032 700 5054
3 1913 4032 3012
3 1913 2281 4032
3 4032 2281 1427
3 3553 1939 3748
3 197 2321 3604
3 6891 3604 2321
3 3599 4338 2834
3 3599 4295 7118
3 3599 7118 4338
3 543 3048 4124
3 3048 543 6225
3 4587 3030 5061
3 6514 3030 4587
3 5625 6795 4546
3 3974 5818 4061
3 3974 4061 6814
3 3743 3309 1875
3 4094 5044 4046
3 3743 4094 6845
3 3743 6845 18
3 4094 4046 6845
3 5933 6768 6489
3 5933 6489 1204
3 3138 6489 6768
3 6437 1965 3597
3 6437 3597 7262
3 4841 2063 6437
3 1635 2923 2124
3 2923 1635 4332
3 7539 1635 2124
3 5918 5513 2114
3 4847 630 7048
3 6874 5841 6004
3 7377 6203 3418
3 7377 3418 730
3 730 3418 6865
3 730 6865 2694
3 730 2694 7077
3 6865 3418 477
3 7060 2109 6203
3 6203 2109 477
3 6203 477 3418
3 4658 6536 5349
3 6603 1130 4067
3 6603 4067 1428
3 6603 5349 1130
3 2147 1850 6603
3 2147 6603 1428
3 7241 1626 2230
3 7241 6481 1626
3 2744 5990 7241
3 6234 6477 2460
3 5498 6499 6669
3 1328 6669 6499
3 6234 3570 4694
3 5167 5636 3982
3 1005 5636 2391
3 2848 3953 7046
3 7352 1162 6557
3 7352 6557 2840
3 6557 1162 2120
3 1162 6509 1376
3 3588 1115 2498
3 1115 3588 4747
3 6296 7124 2285
3 5936 7306 1016
3 151 1016 7306
3 1016 151 7124
3 5346 4138 2018
3 4138 5346 5483
3 463 1013 6221
3 6221 1013 244
3 244 4144 6221
3 463 2412 1013
3 1013 2412 1510
3 1013 1510 244
3 4144 1524 2755
3 4614 2805 2479
3 2805 3504 2479
3 4840 3504 2805
3 4840 5559 3504
3 6269 1047 4614
3 4614 1047 2805
3 3445 532 1525
3 532 3445 6961
3 3633 6961 4734
3 303 6340 953
3 303 953 7164
3 953 6340 3829
3 5860 329 5733
3 1132 6625 4520
3 6625 1132 1787
3 5911 5237 5350
3 6844 3280 4232
3 4490 4232 3280
3 4225 6775 6377
3 1513 5472 5348
3 7327 5558 4447
3 6922 964 5164
3 6922 5164 962
3 6922 962 328
3 6922 328 6282
3 964 6922 7327
3 6229 6253 5951
3 6229 5951 1700
3 6502 2868 6168
3 6168 2868 1300
3 3787 1300 2868
3 1300 3787 5680
3 2463 7165 1385
3 3202 1062 34
3 34 1062 7165
3 34 7165 3349
3 3202 6332 2312
3 579 34 2915
3 2915 34 3349
3 6169 1024 3081
3 2382 1024 433
3 433 1024 6169
3 2252 3876 2181
3 3795 3917 6757
3 6757 1375 3795
3 1375 3748 1939
3 3604 3795 1939
3 1375 1939 3795
3 2382 7308 1898
3 2382 1898 6621
3 3603 6686 3709
3 5479 414 1800
3 5479 3839 414
3 4002 7448 5101
3 7448 4002 4149
3 4149 4002 7310
3 3739 6795 6549
3 3967 631 5944
3 631 3967 6549
3 631 6549 6795
3 631 4673 5944
3 7442 3385 4557
3 7442 6769 3385
3 6040 6397 5864
3 934 2833 4985
3 934 4569 2833
3 4569 934 5019
3 4034 4211 1160
3 4569 4211 4034
3 6743 3003 228
3 228 3003 2726
3 2726 2171 228
3 228 2171 6743
3 1691 180 3141
3 3141 180 5512
3 2750 4802 1691
3 5933 6520 6768
3 3230 6736 3138
3 6736 3230 5949
3 6520 5933 7262
3 4187 1635 7539
3 4187 7539 5062
3 1353 7014 5467
3 7014 1353 4398
3 4398 1353 6220
3 7047 1531 4319
3 4319 1531 4612
3 4686 4726 5214
3 5214 4726 3433
3 7211 1071 6181
3 3194 3470 5663
3 3842 5508 7309
3 3384 3842 7309
3 1413 2694 6865
3 2694 1413 7077
3 1597 3184 1095
3 4786 1597 3685
3 3685 1597 1095
3 203 651 7397
3 4433 7397 3290
3 3290 7397 651
3 2147 7538 1850
3 5424 7538 4015
3 4015 7538 2147
3 4307 894 4067
3 4067 6676 4307
3 894 4307 3373
3 3373 4307 1141
3 1626 6481 6676
3 6234 4694 2295
3 4694 1005 2772
3 4694 2772 4361
3 6050 2772 1005
3 2391 7076 6446
3 6446 7076 4302
3 6446 4302 7328
3 2391 6446 6050
3 7328 2262 6446
3 2614 7328 4302
3 3925 6995 7290
3 3925 943 6995
3 996 4999 7178
3 1376 6931 1283
3 4017 1283 1759
3 1759 1283 7181
3 7181 1283 6931
3 1115 4747 3791
3 1115 3791 6509
3 6931 6509 3791
3 4747 2676 3791
3 6568 2881 7567
3 6568 6271 2768
3 6006 3749 2970
3 1131 1684 2560
3 1131 2560 6767
3 1131 6767 2567
3 2692 1131 2567
3 2567 6767 1812
3 1812 6767 4782
3 2392 2487 1131
3 1131 2487 1684
3 5559 4840 5445
3 4840 6162 5445
3 2422 4359 5017
3 4359 2422 6162
3 4359 4711 5017
3 4359 6162 4840
3 4614 1652 6269
3 4240 6961 3445
3 4400 2303 1553
3 1553 2303 4889
3 1553 4889 2526
3 534 2820 3360
3 6646 2983 7216
3 6646 7216 2979
3 5860 6538 329
3 2582 7406 2174
3 1521 7406 2582
3 6947 2810 4609
3 6947 5237 2810
3 6775 4225 6979
3 876 4164 4503
3 4164 2716 4503
3 4503 3840 5046
3 4503 5046 876
3 4164 876 3188
3 4164 3188 1616
3 4164 1616 2716
3 4503 2716 1166
3 4503 1166 3840
3 1166 6377 6901
3 1513 4371 6973
3 3074 7461 1729
3 4036 4862 3293
3 4036 3293 1445
3 2607 4890 7212
3 5847 7212 4890
3 5680 7212 5847
3 7212 975 7096
3 101 6051 4668
3 101 4668 2424
3 1907 101 2424
3 101 1907 933
3 101 933 6051
3 2424 4668 4853
3 2200 4962 227
3 227 4668 2200
3 2200 4668 6051
3 6183 6051 933
3 1385 6183 933
3 6183 1385 7165
3 1385 933 2463
3 4853 4668 6463
3 227 6463 4668
3 6183 4491 1407
3 1407 2200 6051
3 1407 6051 6183
3 2200 1407 4962
3 6937 3202 2312
3 6937 7165 1062
3 6937 1062 3202
3 2312 4962 6937
3 433 7308 2382
3 5853 4107 3660
3 7096 3660 1480
3 233 7584 7153
3 233 4149 7584
3 7584 4149 7310
3 4488 5032 5623
3 5623 1576 4488
3 4488 1576 2778
3 5101 2097 4002
3 574 3702 4543
3 4543 1324 6685
3 4543 6257 574
3 3702 1324 4543
3 1324 3240 1295
3 1324 1295 6685
3 5944 6769 2257
3 2257 1045 3967
3 3967 1045 6549
3 4326 6315 6177
3 6177 1045 4326
3 4326 1045 2257
3 4326 2257 6769
3 148 6627 369
3 148 369 4895
3 369 6627 1625
3 7588 2335 3407
3 5875 4384 1196
3 5875 1196 663
3 5875 663 3778
3 1196 623 663
3 663 623 1305
3 3778 663 1305
3 623 4034 1305
3 1305 1160 3778
3 4384 5876 1196
3 1196 5876 623
3 5876 4034 623
3 1470 4384 5875
3 5995 6864 3407
3 3407 6864 5611
3 2057 6929 6864
3 4578 4290 4341
3 7156 4341 4290
3 4341 6929 4578
3 4341 7172 6929
3 4341 5374 7172
3 5374 4341 7156
3 3230 6768 509
3 6520 509 6768
3 509 5949 3230
3 3931 2746 4013
3 7490 5720 4013
3 5720 4729 4013
3 7225 4729 5720
3 6977 2722 1593
3 1619 3718 46
3 6781 3181 3718
3 46 3718 3181
3 6220 6559 1655
3 2102 7550 4065
3 2102 4065 1107
3 2102 1107 7112
3 6572 2384 5608
3 7550 6572 5608
3 4267 1841 2994
3 2765 6085 5106
3 1265 5106 6085
3 6085 3658 1763
3 4786 4830 1597
3 1844 7280 3685
3 1552 386 5909
3 2899 7021 3532
3 1660 2264 3532
3 7021 5030 3532
3 1660 3532 5030
3 4824 1660 5030
3 4824 2264 1660
3 3373 1141 2107
3 3373 2107 4015
3 4182 731 1370
3 1370 731 3507
3 1370 6050 4182
3 4182 6818 731
3 731 6818 3507
3 6818 4182 2262
3 3557 2772 1370
3 3557 1370 3507
3 1370 2772 6050
3 6676 3556 3557
3 954 4263 7328
3 5485 6995 943
3 5485 6535 6995
3 6995 5230 7290
3 6535 5485 7302
3 6535 7302 370
3 943 2701 5485
3 2701 943 5318
3 4851 6535 2507
3 5230 6995 6535
3 4851 5230 6535
3 1099 7302 5485
3 1099 5485 2701
3 4205 3653 657
3 3653 4119 657
3 657 6317 4205
3 4205 320 3653
3 3653 2875 4119
3 657 4119 6317
3 3921 7181 2676
3 3921 2676 2418
3 169 653 5084
3 4544 2768 6271
3 4544 6271 5262
3 4552 6767 2560
3 474 6967 2659
3 4837 2659 6967
3 2659 4106 474
3 5997 6699 1432
3 7276 5997 1432
3 6162 280 4168
3 5445 6162 4168
3 5020 5452 4168
3 280 5020 4168
3 6056 6539 6693
3 6056 6693 2998
3 5589 1734 6056
3 6539 6056 1734
3 6539 2462 6693
3 2462 5829 6693
3 5017 4711 5829
3 5304 2830 7418
3 5304 7418 1718
3 6277 5304 4025
3 5466 1854 639
3 1854 5466 4736
3 4428 4736 5466
3 6588 6243 7477
3 7477 4806 6588
3 4082 6871 6243
3 4082 6243 6588
3 4082 6588 1843
3 1843 6588 3936
3 4806 3936 6588
3 6243 1777 7477
3 6732 4082 1843
3 6732 1843 3936
3 6732 1156 4082
3 3118 6871 1235
3 880 4934 1212
3 4315 880 1212
3 1212 6553 4315
3 6366 1199 3380
3 4620 6366 3380
3 2470 905 4983
3 5705 5901 6979
3 1616 3188 5705
3 6954 5930 3714
3 6954 3714 3193
3 698 3714 5930
3 7340 2600 5905
3 3193 5905 2600
3 3193 2600 6954
3 6954 1906 5930
3 5194 1197 748
3 748 5370 6464
3 748 6464 4495
3 3954 4707 3595
3 3954 3595 2092
3 3355 6316 2631
3 3355 2631 5319
3 7096 1012 6255
3 1480 4107 5420
3 1480 5420 1383
3 337 7096 1383
3 3233 2447 6968
3 5032 3233 6968
3 1035 3240 2561
3 3499 1035 2561
3 7447 3499 2561
3 7447 4825 2447
3 1146 5607 6974
3 1146 7447 5607
3 7447 1146 4825
3 471 2225 5111
3 4317 921 7234
3 1625 6627 1905
3 1905 6627 2037
3 371 5431 6817
3 7206 6420 6817
3 6420 7206 6718
3 7053 2052 7172
3 7067 7172 2052
3 3126 5857 3495
3 5857 5883 3495
3 1714 3181 5682
3 2055 5889 4883
3 7420 4193 3147
3 1203 5548 7382
3 1107 4065 1585
3 1107 1585 3244
3 7112 1107 3244
3 3988 2378 465
3 3452 465 2378
3 1841 6786 2384
3 3988 2384 6786
3 2766 393 6660
3 321 3860 6120
3 166 2403 1839
3 5626 166 1839
3 3658 311 2403
3 2403 311 1839
3 2347 3851 5921
3 5921 3851 3938
3 3938 3851 3199
3 3199 3851 7196
3 2347 6272 3851
3 3851 6272 7196
3 4043 4517 6389
3 4043 1357 4517
3 3961 4517 6279
3 3961 6389 4517
3 6187 7464 3511
3 375 6187 3683
3 375 3683 6884
3 6614 375 6884
3 375 6614 7464
3 375 7464 6187
3 1287 4320 6614
3 306 1287 6614
3 4320 1287 7389
3 6614 4320 4136
3 6921 5130 1751
3 6921 1751 5439
3 1880 5439 1751
3 4856 6265 6014
3 5280 3278 2934
3 2262 4263 6818
3 7374 6447 4918
3 6447 813 4918
3 2025 1426 3742
3 2025 3742 673
3 673 3742 6852
3 673 6454 2025
3 2025 6454 1426
3 3489 1426 6454
3 4519 108 1121
3 108 1707 1118
3 108 1118 1121
3 4519 1707 108
3 1388 1118 1008
3 1707 1008 1118
3 502 1388 1008
3 4519 1121 2556
3 3383 2556 1121
3 3383 3372 665
3 3372 1388 2578
3 665 3372 2578
3 665 2578 5706
3 5706 2578 5418
3 665 5706 3383
3 3372 1118 1388
3 2578 1388 502
3 502 5418 2578
3 4688 4947 1025
3 4688 1025 2683
3 1025 6766 2683
3 5069 1331 4947
3 4060 1331 5211
3 5211 1331 6792
3 6792 1331 5069
3 5330 1959 1389
3 6347 5601 5229
3 4265 6351 82
3 6779 82 6351
3 3150 84 1308
3 3150 346 84
3 84 346 2545
3 84 2545 1963
3 84 1963 1308
3 2461 716 2115
3 5596 716 2461
3 4106 7045 6656
3 474 6656 6597
3 474 6597 6967
3 6967 6597 2115
3 2115 6597 2461
3 3100 1380 831
3 2723 35 5296
3 2723 5296 3601
3 607 1056 2700
3 607 2700 4541
3 4541 4299 607
3 607 4299 4973
3 607 4973 1056
3 3228 4299 4541
3 3601 2455 4973
3 2455 2830 4973
3 4151 2759 54
3 4151 54 266
3 4973 54 2759
3 4151 6540 2762
3 6519 2282 5974
3 1712 5974 2282
3 2282 6519 6581
3 3710 5805 7357
3 2654 2536 5805
3 5805 2536 978
3 6354 3400 6684
3 6354 6684 5451
3 3875 2429 734
3 4650 7258 7324
3 4650 7324 5119
3 4650 1548 7258
3 4477 5922 1404
3 4477 6753 5922
3 3622 7258 5256
3 7258 3622 1579
3 2904 6954 2600
3 2904 1906 6954
3 7055 1076 79
3 291 4100 3533
3 7055 208 2045
3 832 4448 1306
3 1306 6391 832
3 4448 5161 4495
3 1820 4495 5161
3 4448 4495 6464
3 6464 1306 4448
3 4473 7528 4936
3 4473 4936 4175
3 5319 5722 6386
3 5722 5319 1755
3 1455 6151 2631
3 2631 335 5319
3 6151 335 2631
3 1455 237 6330
3 6262 6330 4903
3 2169 3644 6262
3 2169 7088 3768
3 6084 5369 1276
3 2900 909 843
3 843 909 116
3 843 2246 2900
3 2900 5369 3463
3 2900 3463 909
3 718 2603 5609
3 4825 718 6742
3 718 5609 6742
3 1873 6749 3646
3 3646 6749 2741
3 5881 2469 3051
3 3659 6191 5372
3 6191 1704 5372
3 210 1704 7234
3 4317 7234 1704
3 247 3817 7495
3 7542 247 7495
3 3817 247 6616
3 3817 6616 2475
3 3990 2475 6616
3 6907 3498 6444
3 6920 5946 3720
3 6920 3759 6379
3 6920 3720 5919
3 6920 5919 3759
3 678 4260 3539
3 2612 5067 3589
3 6508 1055 4260
3 4260 1055 3539
3 2612 6596 5067
3 6596 2612 6508
3 6608 2251 3342
3 6608 3342 6596
3 6608 6596 4996
3 3962 6608 7215
3 6608 3962 4690
3 4690 2251 6608
3 6730 7420 6610
3 5941 5883 2980
3 4839 6467 2978
3 7086 5501 2674
3 7445 7204 36
3 36 7204 4883
3 7072 36 4883
3 7445 36 7072
3 274 6594 6302
3 6302 6594 2793
3 3960 6532 1957
3 7326 3960 6030
3 5941 693 2909
3 7154 2909 2267
3 693 2267 2909
3 3005 6060 389
3 7439 3005 389
3 4465 7439 389
3 2965 5364 4016
3 6578 3863 4773
3 4874 7383 4293
3 372 6660 7274
3 7103 7274 6660
3 6580 5043 7373
3 4526 4978 6580
3 7373 4526 6580
3 7373 5043 3476
3 3501 981 112
3 112 4676 2193
3 4676 112 981
3 4676 981 3546
3 3135 3546 5586
3 7481 3135 5586
3 3546 1030 368
3 3546 981 1030
3 4854 368 1030
3 4854 1030 997
3 997 1030 3501
3 3501 1030 981
3 2717 6120 166
3 2717 166 5626
3 6120 3860 166
3 1839 897 5406
3 5626 1839 5406
3 2254 5778 32
3 2254 32 6545
3 6545 5730 2254
3 956 5755 3850
3 956 3850 5591
3 956 5591 1243
3 1243 6279 956
3 956 6279 5755
3 1357 891 4012
3 4553 4012 891
3 2026 891 3941
3 2026 4553 891
3 4553 2026 7143
3 4113 2720 4278
3 4113 4278 5439
3 5870 89 2095
3 2095 89 1762
3 1762 89 4744
3 138 3641 1940
3 1940 3641 5029
3 4648 6852 1581
3 102 6405 6852
3 102 3981 6405
3 3016 4150 5657
3 5211 6690 1085
3 7552 1085 1031
3 1031 1085 6690
3 6792 6690 5211
3 6571 7056 6690
3 7056 6284 3362
3 4181 912 6284
3 6284 4385 2426
3 5229 6576 3412
3 5229 6963 1624
3 5601 6779 5156
3 5601 5156 6963
3 199 4923 6492
3 6656 69 6597
3 6656 7045 3322
3 6656 3322 69
3 6597 69 2461
3 2236 6507 3818
3 4071 3818 6507
3 35 3228 3922
3 2774 6078 3922
3 2774 3922 3228
3 3922 6078 5425
3 2759 4151 1060
3 1056 2759 1060
3 1056 1060 2700
3 2700 1057 4541
3 4541 1057 2774
3 4541 2774 3228
3 2774 1057 6078
3 6556 2146 1057
3 6556 1057 2700
3 6556 2700 1060
3 6556 1060 1189
3 3752 620 2727
3 2727 3639 3752
3 2727 620 3246
3 5114 3752 1925
3 1925 3752 3639
3 978 3429 6375
3 6519 5974 6553
3 6519 6553 7357
3 6519 7357 6581
3 6581 7357 5805
3 2854 5670 4206
3 7474 4206 5670
3 6292 7038 2888
3 7193 896 5743
3 1548 6879 7258
3 7324 7258 1579
3 1119 2910 3390
3 3390 5133 1119
3 1119 5133 7182
3 7182 3572 1119
3 1119 3572 2910
3 4761 3032 2238
3 5123 3032 4979
3 4761 4979 3032
3 6624 4147 4987
3 2150 4208 3353
3 2150 1076 4208
3 4208 2045 3353
3 3353 2045 291
3 2523 927 4100
3 4145 7348 6531
3 6531 7348 4147
3 6531 4147 881
3 881 4145 6531
3 4145 927 2523
3 2523 7348 4145
3 1755 6790 5722
3 6151 4788 335
3 3897 6704 973
3 973 6704 4666
3 973 4666 3017
3 5677 3017 4666
3 3017 3877 973
3 973 3877 3897
3 5677 4666 6704
3 5369 6299 1276
3 3785 5676 6299
3 5516 6299 5676
3 794 2681 4718
3 794 4718 7214
3 4207 2681 794
3 4933 2681 3646
3 7209 6804 2741
3 5378 2469 5881
3 2469 5378 4301
3 6192 5002 6294
3 6192 6294 115
3 7495 1042 7542
3 4674 5787 3978
3 1371 4674 3978
3 1371 3978 6247
3 4674 1371 6453
3 390 6453 1371
3 3001 2289 5531
3 878 3221 5946
3 302 259 1216
3 302 1216 889
3 889 3589 302
3 6379 302 3589
3 6379 259 302
3 1216 259 3539
3 1216 3539 1055
3 1216 1055 889
3 5651 6333 1909
3 3342 7204 6333
3 6333 7204 7445
3 7445 4991 2465
3 4991 7445 7072
3 4445 5661 2043
3 2043 1782 268
3 5992 2043 5661
3 3492 4445 1219
3 4445 268 1219
3 7373 3476 3669
3 7481 73 3135
3 4676 3135 73
3 5353 73 7481
3 7481 5586 5053
3 32 5778 5567
3 32 5567 993
3 32 993 6545
3 4750 5567 5778
3 4442 1498 3366
3 6823 59 400
3 6823 400 3784
3 6823 297 59
3 59 5755 400
3 5755 1518 2250
3 5755 2250 400
3 2250 1519 3784
3 4012 1518 5755
3 7321 2250 2053
3 2843 603 573
3 2843 573 6041
3 2843 6041 7240
3 2843 7240 5904
3 603 2843 5904
3 6648 1794 3089
3 573 6648 3089
3 6648 573 603
3 6648 603 4834
3 573 3089 6041
3 6041 3089 6342
3 26 7240 6041
3 2795 7240 26
3 415 2386 6648
3 6648 7148 1794
3 7148 6648 2386
3 2653 4264 2799
3 2653 2799 89
3 89 2799 4744
3 2799 4264 2442
3 2442 6657 6632
3 2442 4264 6657
3 5097 1360 3279
3 5029 5097 3279
3 3535 4516 7134
3 7134 3802 3535
3 3535 3802 7311
3 7311 4516 3535
3 811 6958 895
3 5228 2528 4066
3 5228 4066 669
3 4608 5757 5631
3 7056 3049 4608
3 4608 3049 5757
3 3362 6808 3049
3 7056 3362 3049
3 3049 6808 5757
3 1414 1201 2226
3 1201 406 2226
3 2226 406 2426
3 1201 1414 313
3 3632 4372 6074
3 6074 4372 6576
3 3517 3203 1624
3 3203 5947 1624
3 1147 5099 3681
3 5099 1147 6672
3 2016 3218 1998
3 3218 2016 3086
3 3086 1710 3218
3 6492 3218 1710
3 3218 6492 1998
3 4923 3689 1998
3 1998 3689 2016
3 3086 2016 7245
3 684 1476 667
3 684 667 3776
3 1476 691 667
3 667 1791 3776
3 3776 5337 684
3 684 5337 1476
3 1476 5337 2608
3 1476 2608 691
3 691 1791 667
3 6546 2004 3776
3 4651 2999 4466
3 1021 7521 6451
3 7521 4558 6451
3 1021 6451 4594
3 1021 4594 7521
3 4558 6654 6451
3 7248 6078 6512
3 2300 5114 6223
3 2300 7521 5114
3 4594 5114 7521
3 2951 6223 5691
3 4171 7305 4527
3 4171 4527 5718
3 4171 5718 2559
3 4171 2559 7315
3 219 5026 2651
3 7493 219 2651
3 219 7493 916
3 219 916 5026
3 4547 5652 123
3 4547 123 5026
3 4547 5026 5742
3 5742 1504 4547
3 7193 5742 5026
3 7270 4691 7250
3 7270 3572 7093
3 7182 6615 3572
3 5300 1656 3458
3 5594 4169 839
3 839 4169 7025
3 4169 5594 1656
3 5610 3292 839
3 5770 4987 1890
3 1351 5722 6790
3 1351 6790 2170
3 1351 4579 7416
3 1351 7416 5722
3 7085 4579 1351
3 7085 1351 2170
3 6238 4073 990
3 990 4073 4059
3 7498 990 4059
3 990 7498 4410
3 4410 6238 990
3 3897 4214 4073
3 4214 3897 5516
3 4073 4214 4059
3 4059 4331 7498
3 6048 4331 7214
3 2362 7149 367
3 2036 367 7149
3 5787 3508 3912
3 5787 3912 4941
3 6301 1026 3770
3 792 5616 1026
3 792 1026 6301
3 6525 2420 4007
3 4007 6301 6525
3 2420 5668 4007
3 4007 2542 3117
3 4991 1544 4639
3 4639 1544 5668
3 5668 1622 4639
3 4639 2465 4991
3 3226 1193 5338
3 3226 2542 4007
3 3226 4007 1193
3 6877 3732 2737
3 2196 6030 6877
3 6030 3732 6877
3 6619 6207 847
3 5496 847 6207
3 847 5223 6619
3 7049 5223 847
3 2043 5992 1782
3 4039 1782 5992
3 1284 5661 4367
3 1284 2784 5992
3 2784 1284 4367
3 4367 4135 6854
3 5661 4135 4367
3 4135 7116 6980
3 5661 7116 4135
3 6164 2154 6854
3 6164 6854 6537
3 6307 4914 7286
3 1392 885 8
3 1598 5514 2821
3 2821 5514 6204
3 4008 993 5567
3 4008 6545 993
3 6545 4008 2076
3 6022 525 4766
3 1323 1167 431
3 2795 3474 7240
3 3474 860 7240
3 7240 860 4717
3 1794 1941 6342
3 1794 6342 3089
3 6339 6342 1941
3 778 4474 818
3 818 4474 1491
3 818 4859 778
3 778 4859 7336
3 3744 23 2799
3 3744 2799 2442
3 3744 2442 6632
3 2799 23 4744
3 4859 3753 392
3 392 3753 5060
3 6632 1538 41
3 3753 41 5060
3 1538 5060 41
3 6914 7311 2051
3 2188 3802 6679
3 7411 4090 1490
3 7500 7345 6305
3 7345 7500 140
3 3534 5228 5631
3 3534 5631 5757
3 6149 3534 5757
3 5228 3534 3935
3 7500 6305 6149
3 7291 3439 3920
3 3439 1234 2190
3 3439 2190 3920
3 6074 6576 1507
3 6074 1507 2190
3 6074 2190 1234
3 6074 1234 3632
3 5947 3203 4597
3 4888 871 5287
3 3928 213 2625
3 213 5721 2625
3 4255 2625 5721
3 5967 5597 3263
3 7573 6173 6939
3 2046 6399 5811
3 4977 1921 7245
3 5811 6399 4977
3 4977 6399 1921
3 3101 6511 4329
3 4329 6511 3402
3 2999 6697 6511
3 2999 6511 4466
3 4527 4716 6697
3 5422 1567 2300
3 5422 2300 2951
3 6018 3987 7305
3 5426 4370 5055
3 7089 3365 5149
3 3208 7089 2430
3 2430 5697 3208
3 3208 5952 7089
3 7548 3208 5697
3 7254 4617 4817
3 7535 6465 5685
3 5685 6465 5241
3 1774 6712 5058
3 5546 1656 5594
3 5783 2954 5180
3 5180 2954 3977
3 4600 1043 2310
3 4600 2310 5862
3 4600 5862 6046
3 4600 412 1043
3 6994 930 5862
3 6046 5862 930
3 1742 1961 4579
3 4579 1961 862
3 7085 3287 4683
3 2170 5375 7085
3 1617 5136 6601
3 191 6601 604
3 604 1442 191
3 4053 1442 3289
3 4053 3289 7297
3 3289 1442 5659
3 5659 1442 604
3 5204 6601 191
3 191 1442 5204
3 5204 1442 4053
3 5204 1617 6601
3 7297 5865 5877
3 5136 809 6601
3 6601 809 604
3 6353 604 809
3 1825 809 5136
3 5726 2036 7149
3 2554 6365 4230
3 4230 5726 2554
3 2554 7149 6365
3 7149 5643 6365
3 6365 3200 4230
3 5643 3200 6365
3 2119 5025 2671
3 2119 2671 4935
3 1367 3117 6283
3 763 1367 3628
3 3628 1367 6283
3 3628 6283 2737
3 6877 2737 6283
3 2737 3732 3628
3 7344 17 955
3 1583 7344 4292
3 4292 7344 955
3 5642 17 7344
3 955 17 846
3 5823 2734 1114
3 5823 1114 2887
3 5823 2887 4771
3 6164 2947 1789
3 6164 3944 2154
3 2154 3944 5823
3 6388 6096 6570
3 6570 6096 1697
3 1697 6096 6831
3 3514 6793 1977
3 1659 5070 6606
3 6793 6606 4551
3 6793 4551 1977
3 1977 4551 4780
3 5647 1659 6606
3 5647 6606 6793
3 5647 6793 2218
3 5660 3654 5603
3 5310 2179 5021
3 7470 1505 6359
3 1505 6133 6359
3 7070 6868 553
3 553 6868 6523
3 6868 6022 4766
3 6022 6868 7070
3 3963 957 6595
3 3963 6595 5384
3 957 3963 2360
3 957 2360 1879
3 957 1879 6595
3 4325 6339 1374
3 1374 6339 5575
3 1374 4081 3315
3 3315 4325 1374
3 766 4325 3315
3 4810 7462 4275
3 5060 3792 7137
3 3571 3442 2667
3 3442 3571 7030
3 4114 3442 7030
3 7134 7520 1761
3 7134 1761 6679
3 879 1108 7345
3 7345 1108 4090
3 7052 2996 6799
3 2002 4245 2419
3 90 5117 3544
3 7100 3544 3928
3 7100 90 3544
3 90 7100 3765
3 90 3765 6821
3 90 6821 5117
3 3928 2625 1672
3 3861 3957 2441
3 5858 292 5866
3 5858 5952 292
3 1726 292 5952
3 7187 1148 3694
3 6186 929 5811
3 7548 2549 5952
3 5275 5231 2954
3 4455 5275 4158
3 4455 4158 2197
3 2530 3037 7303
3 581 5366 2405
3 1257 6046 300
3 4958 300 6046
3 4958 6046 1623
3 4746 5490 583
3 4746 583 4881
3 2036 5726 6638
3 4779 5078 196
3 4779 196 2131
3 196 4233 2131
3 196 6392 4233
3 5078 4779 2867
3 1081 2867 4935
3 2867 1081 675
3 2867 675 5078
3 1363 1149 2671
3 2671 1149 4935
3 6876 1363 5025
3 3300 2794 516
3 4386 3300 516
3 4386 516 5364
3 1565 2482 7249
3 1565 5985 2482
3 5642 1811 1564
3 174 4826 1564
3 4826 174 7505
3 174 1564 1811
3 7119 1858 6
3 6 1858 5389
3 1858 7119 6261
3 7544 7147 1857
3 7544 1857 3958
3 6599 7544 3958
3 6371 4055 4377
3 1114 2734 6371
3 1114 6371 4377
3 2734 6869 3093
3 2734 3093 6371
3 6371 3093 7555
3 944 3944 6164
3 6164 1789 944
3 3944 944 339
3 6096 6388 5073
3 2060 4383 5530
3 5669 2550 5174
3 2670 4551 6606
3 2670 6606 5070
3 4551 2670 4780
3 4705 601 5737
3 5737 601 5848
3 5848 601 5523
3 5660 6104 4705
3 4705 6104 601
3 2649 4967 4643
3 2649 4643 6104
3 2634 864 7068
3 4089 6798 2649
3 4089 2649 6104
3 2649 6798 4967
3 4089 4006 3352
3 3352 4006 5924
3 3352 5924 864
3 3352 864 2634
3 6104 4006 4089
3 3963 6441 6778
3 3963 1964 2360
3 3241 2360 549
3 1964 3963 4327
3 4327 3963 6778
3 4327 6778 5010
3 6441 1242 6778
3 4814 1038 1779
3 1779 1038 6208
3 4451 6208 1038
3 4275 7462 6208
3 6208 7462 7101
3 6534 6607 5488
3 5488 764 6534
3 6534 793 6607
3 6607 6761 968
3 764 5488 3754
3 764 3754 7462
3 7030 2480 4908
3 6251 338 7218
3 4988 2944 3623
3 3216 7571 1037
3 3216 1037 3337
3 4102 1533 6384
3 870 4102 6361
3 4475 5703 299
3 4475 299 2105
3 4245 6821 7052
3 5279 4418 163
3 2832 2242 3480
3 2832 3480 7062
3 286 3480 2242
3 4861 872 1333
3 7548 4576 6863
3 4631 2530 7303
3 6890 6554 2564
3 6554 1086 3634
3 6554 3634 2564
3 6890 2564 2743
3 675 3434 5366
3 5366 5078 675
3 5435 3042 1086
3 5646 2256 6102
3 6102 2256 5435
3 5192 3300 4748
3 5098 7419 5985
3 5646 3259 2256
3 1811 4745 4163
3 3013 3828 4163
3 5131 939 3227
3 5131 3227 928
3 928 4965 5131
3 5131 4965 7239
3 939 5131 7239
3 939 7239 1861
3 939 1861 296
3 939 296 3227
3 1484 6599 4429
3 704 569 1919
3 569 704 317
3 704 4131 317
3 569 317 1350
3 1857 2815 1911
3 4487 408 1000
3 4487 1000 305
3 408 4487 6035
3 408 4129 1000
3 4487 305 3008
3 326 4237 6570
3 326 6570 5530
3 6570 4237 6388
3 5219 7027 807
3 807 7027 2247
3 4423 2247 801
3 636 4423 2732
3 2732 4423 6563
3 801 6563 4423
3 807 4134 5219
3 4134 807 4423
3 4134 4423 636
3 636 4931 4134
3 5219 7272 53
3 7027 53 4741
3 4741 53 7272
3 4741 7272 7180
3 4498 2773 7272
3 2639 5959 2773
3 2905 5959 5477
3 5959 2905 2773
3 626 449 4643
3 626 4643 4967
3 4643 449 5523
3 4967 2635 626
3 6798 2634 7068
3 6798 7068 4409
3 4409 4967 6798
3 2752 549 1964
3 2752 1964 4327
3 2752 4327 5010
3 5010 7551 2453
3 7101 1288 6327
3 968 3347 2235
3 2235 3347 4139
3 2235 4139 3754
3 2235 3754 5488
3 2235 5488 968
3 7229 4023 4415
3 7229 4415 2660
3 4023 563 4415
3 2660 6126 7229
3 4023 2511 2917
3 563 4023 2917
3 563 6076 893
3 563 893 4415
3 4415 893 2660
3 5093 2660 893
3 3623 6132 5116
3 5116 6132 4653
3 6132 6719 4653
3 3762 2866 4505
3 2333 2866 3762
3 1128 4505 5000
3 4505 1128 3762
3 3762 6260 7281
3 6260 3762 6023
3 6023 3762 1128
3 4102 6384 6774
3 2105 4521 4475
3 4475 4521 6384
3 2558 4586 5590
3 3765 2558 3451
3 1280 2829 5861
3 1280 5861 3808
3 2806 1280 3159
3 1280 2806 2829
3 1251 452 2066
3 7422 650 4242
3 4242 650 4057
3 4242 4057 3041
3 4057 6811 3041
3 5568 2661 70
3 3041 70 2661
3 3041 2661 1309
3 2242 7293 286
3 1333 833 3722
3 1333 3722 7293
3 1333 7293 4861
3 3722 833 4723
3 4723 833 5268
3 2297 1143 6863
3 7482 5048 6233
3 7482 1444 6066
3 5048 7482 6066
3 6881 1932 6787
3 5658 3013 7239
3 1861 7239 3013
3 7189 1883 3354
3 7013 7189 1657
3 6144 3951 5371
3 6526 5176 4387
3 74 7453 2974
3 2974 7453 1185
3 2974 5103 6325
3 2974 6325 74
3 3136 3698 6373
3 6373 3698 5297
3 1730 7473 5764
3 5764 7473 4148
3 4148 5469 6373
3 3136 6373 5469
3 1919 6373 5297
3 3136 5469 5008
3 77 5764 4148
3 77 4148 6373
3 77 6373 741
3 77 741 5764
3 741 6373 1919
3 5210 1433 3998
3 5210 3998 1730
3 4129 6206 5414
3 6681 1135 4166
3 6681 4166 2449
3 2449 4166 6206
3 1135 5414 4166
3 4166 5414 6206
3 4001 753 5172
3 1677 4192 4001
3 7059 3581 1677
3 1677 3581 4336
3 4192 1677 4336
3 4743 4336 3581
3 7027 2855 2247
3 2247 2855 801
3 801 2855 6563
3 6663 1803 4850
3 4850 1803 3868
3 4850 3868 3065
3 3868 1803 5187
3 616 6663 4850
3 883 2682 769
3 2682 883 7125
3 769 2682 2017
3 3122 6097 6288
3 3122 6288 1819
3 2017 1819 769
3 6288 769 1819
3 769 6288 2451
3 883 2451 5592
3 7125 883 5592
3 5465 2917 2376
3 2376 2917 2511
3 7229 7431 4823
3 2511 7229 4823
3 2376 2511 4823
3 6840 2735 2535
3 2735 6840 4049
3 906 1569 5252
3 2333 2696 2866
3 777 2484 7271
3 777 7271 2240
3 5895 777 2240
3 777 4619 2484
3 6859 4364 7342
3 2339 2932 3578
3 6398 3578 2932
3 7145 3026 1993
3 7145 4356 3026
3 3477 4356 2432
3 6398 3477 3541
3 2432 1984 3541
3 5740 3541 1984
3 3477 2432 3541
3 6445 2432 7145
3 7145 2432 4356
3 2432 6445 1984
3 1506 2272 7422
3 2661 6300 1429
3 1429 3979 1506
3 2272 1506 3979
3 6881 3537 2819
3 5667 2819 6904
3 6070 5989 1264
3 2712 1058 6131
3 2826 2551 5989
3 1058 2712 6003
3 6131 2368 4439
3 6131 4439 2712
3 6131 2826 2368
3 4807 4047 5740
3 3951 971 4940
3 4940 971 6503
3 971 2930 6503
3 1185 4811 5265
3 5176 2974 6978
3 2987 7329 1312
3 5397 2987 1312
3 1312 7329 5797
3 5469 6885 5008
3 6885 5469 7473
3 4738 3985 7169
3 5283 4659 2474
3 3180 4659 5283
3 2474 4659 5653
3 1240 2474 131
3 5795 131 2474
3 3679 4636 6915
3 3679 6915 451
3 3679 283 4636
3 6915 3796 451
3 451 2031 3679
3 5690 2823 3796
3 6915 5690 3796
3 2031 3796 2823
3 5968 712 3949
3 3949 712 4585
3 5271 712 6678
3 6678 712 5968
3 712 5271 4585
3 4585 5271 6528
3 5854 318 6678
3 6678 318 5271
3 7403 5673 6710
3 6710 6989 3786
3 4582 3707 1381
3 4582 2081 3707
3 1671 1381 3707
3 255 1671 3707
3 4966 1803 486
3 486 1803 6663
3 486 6663 6248
3 486 6248 2291
3 2291 6248 4755
3 1990 4380 6248
3 6288 2828 2451
3 2451 2828 2665
3 2451 2665 5592
3 3755 3320 3959
3 3959 852 1724
3 3959 1724 3755
3 3755 4186 3320
3 3320 2531 4335
3 3320 4335 3959
3 6212 4682 4247
3 6212 6145 4682
3 1784 6212 2139
3 4247 2139 6212
3 5320 1066 7140
3 7140 1066 5759
3 2735 4998 2535
3 906 4998 2735
3 906 5252 4998
3 3052 4613 3687
3 3052 3687 1296
3 3687 4613 444
3 444 5868 3687
3 5868 444 2135
3 2135 444 5785
3 4613 5785 444
3 7271 2484 4344
3 2339 3578 7342
3 7342 3578 3371
3 4141 3477 2932
3 1897 6343 4141
3 1897 3436 6343
3 3026 3436 4364
3 4954 6644 6300
3 6644 4954 6642
3 6642 4887 6644
3 6904 4954 5667
3 6904 2764 7583
3 2764 6003 7583
3 6740 4097 2702
3 6740 2702 1064
3 6740 1064 6904
3 2177 6003 2764
3 1064 2177 2764
3 2177 1064 2702
3 2702 4097 1069
3 1069 4097 1264
3 1069 1264 5989
3 4308 1069 5989
3 3178 2177 4308
3 4308 2177 2702
3 4308 2702 1069
3 2177 3178 6003
3 3529 124 2551
3 3529 2551 6131
3 3529 6131 1058
3 3178 3529 1058
3 2551 124 1180
3 7207 4340 5104
3 4340 5397 2652
3 5899 5226 2248
3 5899 2248 30
3 5899 30 5429
3 5899 5429 2652
3 2645 899 5899
3 5226 5899 899
3 2305 1229 6565
3 2305 5797 1229
3 3455 6714 2990
3 2990 2323 3455
3 3455 6058 6714
3 785 2990 6714
3 785 6714 596
3 785 596 1688
3 1688 596 6182
3 1688 6182 5915
3 6058 7000 6714
3 596 6714 7000
3 596 7000 6182
3 625 3980 1208
3 625 1208 3651
3 3966 625 3651
3 3651 4177 3966
3 3966 6336 625
3 625 6336 3980
3 4179 5335 4565
3 4179 4565 629
3 629 4565 6894
3 4667 5796 5821
3 4667 5821 1421
3 1421 5821 858
3 5796 1240 5821
3 2822 6894 2042
3 2822 629 6894
3 629 2822 4179
3 2822 2042 1048
3 1048 2042 2271
3 1661 4365 2271
3 3172 1661 2271
3 3172 2271 2042
3 2042 6894 3172
3 3172 6894 5750
3 3172 5750 5141
3 3887 158 1571
3 949 6982 3548
3 6982 3558 3548
3 3558 6982 6067
3 6710 3786 1213
3 1319 1213 3786
3 3786 7285 1319
3 2942 1823 5199
3 4348 3119 3893
3 1381 4348 3893
3 190 1049 1063
3 1063 1049 3222
3 3398 1063 3222
3 2178 1063 3398
3 1063 2178 190
3 3119 4348 190
3 4348 1049 190
3 1049 4348 269
3 1049 269 3222
3 5645 4186 6661
3 6661 5185 5645
3 4682 6145 6661
3 4682 6661 705
3 4682 705 3755
3 2939 5322 564
3 564 6145 2939
3 6996 6145 564
3 7140 473 5320
3 4843 6306 2880
3 4843 1872 6306
3 6368 6825 5759
3 7140 5759 6825
3 1296 3704 6368
3 5529 6825 6368
3 6374 7435 91
3 91 4860 6374
3 6374 5775 7435
3 5775 6374 5220
3 5290 3635 5868
3 30 2248 110
3 30 110 1403
3 2248 2122 387
3 2546 387 4458
3 2122 4458 387
3 221 6235 6726
3 6941 652 1345
3 6941 1345 4525
3 6941 4525 2456
3 2456 4539 6941
3 6941 1318 652
3 7427 1345 3942
3 652 3942 1345
3 3073 1688 5915
3 979 785 3073
3 3073 785 1688
3 3368 119 2942
3 5409 1935 3119
3 1935 5409 5803
3 6637 5409 6415
3 7394 1831 6493
3 6385 5969 1577
3 1896 5969 6385
3 1872 4213 6306
3 6306 3864 2880
3 2880 4476 4843
3 4476 2880 6620
3 6620 2880 3864
3 7533 4120 4213
3 4213 4120 3864
3 6620 3864 4120
3 3996 3624 6856
3 6235 1100 2122
3 2122 1100 4458
3 4458 1100 1087
3 4458 2427 2546
3 4458 1087 2427
3 3116 3837 4198
3 3837 1087 4198
3 4198 1087 1100
3 4198 1100 6235
3 2456 1440 1642
3 3459 2364 243
3 243 1855 4389
3 243 4389 3459
3 941 4728 243
3 941 243 2364
3 243 4728 1855
3 941 2364 3105
3 3105 2364 7427
3 3105 7427 3745
3 941 3105 4728
3 7427 3942 5716
3 4178 539 2859
3 4178 2859 2175
3 5620 4633 4178
3 4178 4633 694
3 4178 694 539
3 6735 1983 5715
3 204 854 3948
3 3948 854 3014
3 3948 3014 5885
3 2468 3948 5885
3 2468 204 3948
3 204 3663 854
3 3663 6735 854
3 854 6735 3014
3 7394 4808 7313
3 7313 4808 3886
3 7256 3886 4808
3 7277 5969 610
3 7277 610 3911
3 2632 78 2876
3 78 2632 5581
3 5581 4120 78
3 78 4120 1077
3 78 1077 2876
3 6214 3225 3624
3 6227 3624 3225
3 3841 1424 6717
3 6717 5863 3841
3 3841 5863 2865
3 3841 2865 1424
3 2865 2195 1424
3 5620 4424 4633
3 7279 434 2841
3 2790 434 7279
3 1133 4376 1983
3 1133 6209 4376
3 133 3663 1478
3 6209 3663 133
3 6209 133 1317
3 1050 1478 3084
3 7313 3084 2802
3 3084 7313 1050
3 5175 1050 7313
3 1050 5175 1190
3 1050 1190 1317
3 1050 1317 1478
3 4819 5518 5074
3 5518 3591 2164
3 6227 566 3591
3 2164 3591 566
3 1342 6227 3591
3 869 3137 789
3 869 789 7256
3 3137 5519 789
3 5969 2955 610
3 610 2955 3137
3 3137 869 3911
3 869 7256 3911
3 4808 3911 7256
3 3137 2955 5519
3 3523 999 2214
3 3873 4638 4615
3 4638 1644 4615
3 3873 5074 5518
3 4555 2822 1048
3 1048 4365 4555
3 4555 6336 3506
3 4555 3506 4179
3 4555 4179 2822
3 4817 4617 3586
3 3586 4617 2163
3 1556 5314 1022
3 2936 6706 6020
3 5056 4518 4630
3 5056 4630 5212
3 4981 6782 2936
3 3120 6575 2277
3 6810 6222 3134
3 1641 5347 4735
3 5687 427 6200
3 6200 427 3257
3 3257 427 6848
3 3257 6848 5900
3 2277 3727 3120
3 3120 3727 5714
3 5714 3727 662
3 6222 6263 3134
3 3134 6263 5382
3 5846 5417 7242
3 3932 4828 3219
3 4828 5417 3219
3 7556 1578 6848
3 5687 530 6848
3 6848 530 7556
3 7556 530 7540
3 7429 2813 1601
3 7188 5170 3475
3 7188 3475 3189
3 3995 333 168
3 1529 5978 5934
3 271 2232 3232
3 5417 6052 2141
3 3521 7166 7150
3 7111 6081 5533
3 2813 1891 7540
3 1566 5168 5828
3 6089 5828 5168
3 2849 7188 3706
3 2849 3706 919
3 2849 919 6057
3 919 3706 3386
3 3386 3706 2519
3 5702 2519 3706
3 674 6837 3475
3 3475 6837 3189
3 6148 7543 774
3 4142 774 7543
3 5994 7523 7485
3 6665 5386 5259
3 4010 2314 5533
3 1743 6940 5533
3 4083 6057 919
3 4083 919 341
3 446 2013 6471
3 3773 1417 446
3 2444 7044 4603
3 2444 4603 6611
3 5181 4460 7098
3 4460 5181 6089
3 5828 6089 5181
3 4281 7314 5570
3 3031 7337 4794
3 7370 2049 1096
3 1384 7083 437
3 7044 1741 7237
3 7530 1033 4911
3 1159 7314 3496
3 1320 3496 4281
3 4917 6001 2450
3 5385 908 4221
3 7083 3428 3697
3 7364 918 4432
3 918 7364 1893
3 5363 918 430
3 430 918 1893
3 918 5363 2818
3 4432 2818 5779
3 161 2818 5363
3 2818 161 5779
3 4298 1559 5225
3 4916 2293 779
3 3657 779 2293
3 4916 7042 2293
3 7351 3852 5457
3 6723 7334 3543
3 3543 1778 4413
3 5225 886 2068
3 5225 2068 2155
3 7408 6635 7273
3 6635 7408 7463
3 1153 3992 7409
3 1153 7409 2539
3 1153 2539 2800
3 5614 6506 417
3 1502 886 2009
3 5615 1986 4989
3 4989 1986 7338
3 6063 3177 4116
3 6728 5713 6629
3 6033 2371 7554
3 6033 7554 6542
3 5238 1578 7556
3 5238 7556 7540
3 5707 5016 7586
3 5707 7586 6544
3 4055 6371 7555
3 4055 7555 4797
3 4157 6425 7557
3 4157 7557 4980
3 599 5096 7560
3 599 7560 6116
3 2573 3712 7558
3 2573 7558 5090
3 4026 5274 7559
3 4026 7559 4038
3 1330 4783 7561
3 1330 7561 2085
3 976 4910 7565
3 976 7565 4176
3 5915 6182 7569
3 5915 7569 5621
3 6040 5864 7564
3 6040 7564 4122
3 6942 7109 7568
3 6942 7568 5993
3 7548 6863 7562
3 7548 7562 5268
3 1815 7587 5887
3 7299 5712 7563
3 7299 7563 3812
3 2842 2096 7570
3 2842 7570 6976
3 2687 7153 7584
3 2687 7584 7310
3 6281 5247 7576
3 6281 7576 3001
3 850 4138 7577
3 850 7577 5936
3 4058 6971 7572
3 4058 7572 7168
3 6663 616 7566
3 6663 7566 3333
3 3140 1037 7571
3 3140 7571 2944
3 2676 4747 7567
3 2676 7567 2881
3 1202 7467 7578
3 1202 7578 1481
3 43 4443 7579
3 43 7579 7457
3 7044 2444 7574
3 7044 7574 1741
3 1574 6173 7573
3 1574 7573 6672
3 476 3015 7575
3 476 7575 7585
3 1200 7129 7581
3 1200 7581 2538
3 6642 4954 7583
3 6642 7583 6003
3 3592 1867 7580
3 3592 7580 7087
3 3142 4819 7582
3 3142 7582 5620
3 5735 2335 7588
