ply
format ascii 1.0
comment Generated by PyMesh
element vertex 3293
property float x
property float y
property float z
property float charge
property float hbond
property float hphob
property float iface
property float nx
property float ny
property float nz
element face 6586
property list uchar int vertex_indices
end_header
-17.259 17.091 -20.489 0.402461 0 -0.9 0 -0.428129 -0.871684 -0.23848
-4.79 31.795 -25.411 0.178813 0 3.8 0 0.508877 -0.0553657 -0.859057
-11.053 37.816 -7.896 -0.0837594 0 -0.9 0 -0.405567 0.914063 -0.00223863
-7.5645 27.2675 17.644 -1.17946 -0.16364 -3.5 0 -0.478018 0.517001 0.710077
0.2615 16.8635 6.9585 -0.210989 0 2.40086 0 -0.619259 -0.776443 -0.116858
5.44 10.672 -3.694 -0.821165 -0.272054 -3.5 0 -0.277872 -0.585669 -0.761432
-16.059 29.68 2.953 0.627099 0 -3.9 0 -0.0200543 -0.198214 0.979954
-15.4405 14.1205 -12.8775 2.53973 0.0480271 -3.9 0 -0.817093 -0.564435 -0.117352
11.279 21.325 11.5675 -0.769764 -0.208414 4.5 0 0.403572 -0.715592 0.570138
-12.024 21.9255 -1.0585 -0.737667 -0.661981 -0.8 0 -0.478759 -0.567256 0.670082
19.234 26.147 -1.223 -0.0836058 -0.523998 -0.7 0 0.860474 0.284068 -0.422954
-8.6875 25.3355 17.322 -1.19744 -0.0159637 -3.5 0 -0.71036 -0.116708 0.694095
-5.53 40.336 7.526 0.635431 0 -3.5 0 -0.780132 0.5286 -0.334629
-5.926 32.899 11.87 0.478858 0 -1.6 0 -0.964061 -0.260432 -0.0525419
-3.875 23.228 -24.116 0.904026 0.45395 -4.5 0 0.649585 0.665832 -0.367025
16.0985 33.8385 -2.9225 3.71257 0.0292132 -3.9 0 0.978666 -0.198534 -0.0528836
8.1205 24.341 -21.0355 0.408136 0 -3.5 0 0.542515 -0.468513 -0.697261
-4.4175 42.6765 -7.168 0.883925 0 -3.9 0 -0.110858 0.638024 0.761995
14.601 23.791 15.806 0.138487 0 4.5 0 0.299756 0.123319 0.946012
-4.774 15.398 -12.599 -1.19386 -0.663325 -3.5 0 -0.00273481 -0.643614 -0.765345
-3.1055 28.299 -21.7035 0.385134 0 -0.8 0 0.544078 -0.59397 -0.592604
-1.184 33.614 -25.043 0.750783 0 -3.9 0 -0.0990861 -0.637116 -0.764372
-6.1005 27.1525 -21.6165 -0.0559563 -0.826385 -0.174238 0 -0.0395977 -0.975759 -0.215235
6.6385 22.4305 -19.4875 0.440851 0 -3.5 0 0.556579 -0.829431 -0.0475856
8.298 26.84 -19.983 0.933921 0 -3.5 0 0.91382 0.330977 -0.235344
-12.6635 31.9 2.2365 -0.0332247 -0.621271 -3.55814 0 -0.00857425 0.00781254 0.999933
3.43 13.1655 -4.43 1.34905 0 -3.5 0 0.0598836 -0.814943 -0.576439
2.324 23.116 -14.039 0.310149 0 -1.28253 0 0.0703343 -0.994724 0.0746757
-1.483 39.7705 -16.643 0.0619836 0 -1.3 0 -0.154155 0.909005 -0.387229
5.088 38.059 -12.072 0.445749 0 -0.4 0 0.140065 0.988885 -0.0498863
-16.277 16.699 -25.328 0.63782 0 -0.9 0 -0.356749 -0.716873 -0.599019
12.445 17.8645 4.173 1.35748 0.83268 -3.9 0 0.0811869 -0.752001 -0.654144
6.514 39.969 14.1935 1.32044 0 -3.9 0 -0.534173 -0.845029 0.0241977
-5.295 21.725 5.544 -0.332898 -0.857608 -3.5 0 -0.209569 -0.857692 0.469515
4.816 39.865 -16.582 0.548988 0 -3.5 0 0.533829 -0.147679 -0.832597
-17.41 32.0255 -4.708 0.831339 0.227105 -3.5 0 -0.928766 0.189522 -0.318552
13.755 17.7875 9.313 1.55439 0.0194854 -3.9 0 0.318643 0.00333996 0.947869
-6.0565 20.335 -25.1065 0.496347 0 -4.5 0 0.00262438 -0.482344 -0.875978
-20.6045 18.468 -19.2175 0.0715093 0 -0.9 0 -0.675848 -0.092432 -0.731222
22.006 20.907 10.679 -0.0239736 0 -1.3 0 0.979243 -0.180163 0.0928693
-20.5595 20.8855 -19.1165 0.0245853 0 -0.9 0 -0.674389 0.183818 -0.71513
-0.6115 22.779 14.0135 2.38393 0.0106025 -3.31177 0 -0.349266 0.657619 0.667496
0.543 14.8505 -13.9145 0.874853 0.0443227 -4.5 0 0.499534 -0.602904 -0.622071
-2.6995 42.792 16.701 0.244106 -0.328605 0.5745 0 0.302932 -0.544384 0.782226
-6.476 39.22 15.092 0.627426 0.120222 -4.5 0 -0.714579 0.449544 0.535992
-7.052 37.822 14.289 0.646294 0.275751 -4.5 0 -0.749975 -0.352286 0.55985
3.7025 29.822 13.9355 0.536303 0 -1.3 0 0.560631 -0.290183 0.775555
-18.5025 20.0655 -20.8635 0.0135419 0 -0.9 0 -0.72103 -0.0288772 -0.692302
12.2175 33.342 -9.501 0.834743 0.654223 -3.2 0 0.974192 -0.0375833 0.222571
16.329 20.263 11.508 -0.696298 -0.376267 4.5 0 -0.189892 -0.973052 -0.130812
7.7385 14.7915 8.1705 -0.869313 -0.0724115 3.8 0 0.355201 -0.933036 0.0572362
8.139 34.5945 -14.864 -1.04025 -0.276697 -3.9 0 0.928237 0.0765098 -0.364035
2.396 18.195 15.055 -1.04795 -0.388733 -3.5 0 0.719866 -0.65822 -0.220317
0.721 34.3335 17.0975 3.18369 0.390491 -3.9 0 0.272144 0.561633 0.781349
-2.253 19.809 15.54 0.795202 0 -3.5 0 -0.603535 -0.2403 0.760264
-2.064 31.9053 -22.6483 0.508757 0 -3.9 0 0.277522 -0.64792 -0.709353
-8.489 13.3525 -13.4108 0.374628 0 -1.3 0 0.565911 -0.796616 0.212481
-16.1394 34.0206 -4.59412 0.749497 0 -3.5 0 -0.716136 0.68808 -0.117024
-8.96725 21.3787 -22.5627 -0.143887 0 -4.49157 0 -0.80944 0.55735 -0.184844
-16.6003 22.312 -7.11125 2.53764 0 -3.9 0 -0.306048 -0.0220676 0.95176
-10.004 21.2305 -2.3635 -0.0154511 -0.644393 1.8 0 -0.23122 -0.936483 0.263698
2.847 42.775 -9.714 0.131222 0 -0.7 0 0.832563 0.278994 0.47854
0.386 15.687 -14.489 0.295044 0 -4.5 0 0.513207 -0.21467 -0.830984
12.2587 34.5315 5.27125 0.18087 -0.339765 -0.593071 0 0.701868 0.668784 0.245172
-10.0988 24.2873 3.28425 0.318837 0 -0.9 0 -0.63784 -0.162004 0.752937
-16.1305 32.5465 -5.9605 0.637922 0 -3.5 0 -0.892161 -0.0021144 -0.451712
-0.30175 41.622 -8.829 -1.4425 0 -3.5 0 -0.0372183 0.759275 0.649705
1.2355 42.7485 -5.01975 0.122895 0 -3.5 0 -0.27839 0.424197 -0.861717
3.0265 41.7385 -5.8595 -0.303475 -0.78167 -0.905628 0 0.47808 0.847711 -0.229837
-5.7925 34.0513 8.648 -0.268968 0 -1.6 0 -0.90357 -0.0525435 0.425207
-4.26425 19.3285 1.7725 -1.13672 -0.96453 -0.7 0 -0.251726 -0.615093 0.747191
-11.1482 34.1722 1.981 -0.162281 -0.904231 -3.5 0 0.0680879 0.018132 0.997515
-10.8092 15.8802 -11.3167 0.479619 0 -3.9 0 0.103906 -0.843181 0.527494
7.42425 14.977 9.1235 -0.561221 -0.372012 3.8 0 0.0489633 -0.724668 0.687356
-7.07525 25.3053 13.6433 0.125025 0 -3.5 0 -0.888122 0.324455 -0.325527
9.88425 39.8177 12.3188 1.20745 0.0361774 -1.73874 0 0.865825 0.314523 0.38913
12.1477 26.9185 -6.377 -1.15562 0 -3.5 0 0.683158 0.0896576 -0.724746
-17.398 18.59 -23.901 0.244632 0 -0.9 0 -0.910235 -0.410636 0.0533813
-2.3925 42.478 5.7185 0.493273 0.0663757 4.5 0 -0.0506685 0.985867 0.159685
12.524 19.635 -10.457 0.373742 0 -3.5 0 0.174817 -0.361362 -0.915891
-7.8835 25.6545 17.831 -0.743111 0 -3.5 0 -0.375756 0.0110867 0.926652
-1.446 34.104 15.6655 2.29947 0.335827 -3.9 0 -0.80906 0.47002 0.352849
0.888 19.2183 -14.4298 1.19684 0 -4.5 0 0.76877 -0.117141 -0.628706
-16.4883 22.8915 -19.5553 0.700738 0 -0.9 0 0.396145 0.906182 0.147999
-5.2815 29.4905 -25.886 0.457812 0 3.8 0 0.601001 -0.0984116 -0.793167
13.6646 34.453 10.9319 1.15271 0 -1.6 0 0.727286 0.0289314 0.685725
11.077 39.0585 10.309 0.808394 0 -1.67718 0 0.706796 0.519468 0.4802
11.1187 17.708 -1.68875 0.620572 0 -3.9 0 0.185109 0.0325422 0.982179
13.6803 35.5429 8.79975 0.836557 0 -1.6 0 0.829512 0.472344 -0.297994
-12.1165 31.126 -10.9685 0.0244483 -0.244761 -3.5 0 -0.285959 -0.894962 -0.342448
-5.87 27.6068 -24.4333 0.508745 0 3.8 0 0.816325 -0.561177 -0.136723
-5.258 32.1125 11.1725 0.479537 0 -1.6 0 -0.832603 -0.485375 -0.266803
-11.1245 34.0122 -18.4875 0.799744 0 -3.5 0 -0.727519 -0.614127 -0.305882
17.4575 31.1847 10.9675 2.45304 0.0734935 -3.9 0 0.629731 0.357714 0.68955
13.1265 35.5737 7.88475 0.455802 0 -1.6 0 0.715863 0.502895 -0.484393
7.44825 14.9082 -0.3495 -1.26628 -0.4929 -3.5 0 0.919756 -0.349148 0.179289
-10.09 26.136 -23.307 0.478019 0 3.8 0 -0.528561 -0.848893 0.00174279
-4.21025 19.2125 10.6938 0.325372 0 -0.4 0 -0.165653 -0.956698 -0.239348
14.734 16.7798 -5.421 1.54424 0.704791 -3.9 0 -6.04441e-05 -0.595961 -0.803013
-15.0758 21.6225 -10.123 2.09681 0.0159524 -3.9 0 0.034464 -0.376407 -0.925813
-10.2393 37.9762 -5.06225 0.275889 -0.0507893 -1.6046 0 -0.777416 0.616347 -0.125461
10.0895 41.2225 11.757 1.87895 0.908115 -3.9 0 0.995181 0.0898425 0.0392777
13.1755 24.983 -12.1115 -1.00923 0 -3.5 0 0.848918 -0.441285 -0.290871
12.349 23.741 14.7565 0.159444 0 4.5 0 -0.692879 -0.011933 0.720955
2.7365 17.5585 11.6495 0.468145 0.771468 -4.5 0 0.252023 -0.188831 0.949119
-14.1392 28.1343 1.62975 0.50082 0 -3.9 0 0.029654 -0.816483 0.576607
22.6935 29.639 3.40275 2.29954 0 -0.4 0 0.147813 -0.189518 -0.970688
20.558 20.019 8.088 -0.0042612 -0.686525 -1.3 0 0.232694 -0.842405 -0.486012
-18.594 31.045 1.396 1.33347 0.203127 -3.9 0 -0.701793 0.497671 0.509716
-2.853 43.814 1.738 0.296901 0 4.5 0 -0.0396894 0.967026 -0.251565
4.28775 13.3573 -5.102 0.797879 0 -3.5 0 -0.0535649 -0.731817 -0.679393
-3.713 18.002 -6.386 0.485387 0 -1.6 0 -0.43388 -0.703903 0.562378
-2.7995 23.3665 15.7915 0.673221 0 -3.5 0 0.895839 0.20844 0.392461
-7.947 18.5103 -22.1835 -0.114739 0.456059 -3.8565 0 0.29696 -0.811568 -0.503162
5.5855 44.6027 14.085 1.3149 0 -3.9 0 0.669576 0.518191 -0.532115
-0.89425 37.5202 -19.8438 0.435197 0.660594 -1.64192 0 0.688181 0.447759 -0.570894
-15.5735 23.089 -21.806 0.607346 0 -0.9 0 -0.119071 0.930409 0.346643
4.03275 22.4505 -11.2917 1.33186 0 -4.5 0 -0.0951003 -0.703636 -0.704168
0.252 24.1239 -21.8619 -0.165512 -0.0150458 -0.4 0 0.121008 0.572295 -0.811071
-4.6365 25.6385 -20.0462 0.515618 -0.910273 -0.808766 0 0.0788161 -0.217923 -0.972778
-7.9045 19.316 13.1425 0.170517 0 4.2 0 -0.69812 -0.525256 -0.486554
1.82975 31.7965 17.3417 0.622109 0 -3.9 0 0.760643 -0.302395 0.574439
7.394 26.9905 14.3638 -0.163997 0 4.5 0 -0.101245 0.361016 0.927048
-3.93 17.843 12.885 0.2093 0 4.2 0 0.20373 -0.940364 -0.272415
4.503 10.501 1.89 2.67859 0 -3.9 0 0.0995809 -0.197793 0.975173
-13.7421 34.4204 -11.1699 0.714486 0.434095 -3.5 0 -0.628336 0.755844 -0.184104
4.20025 8.72775 -0.5085 1.35682 0 -3.9 0 0.22125 -0.970072 0.100041
-10.4 16.755 -23.161 -0.0177533 -0.545473 -0.9 0 0.596966 -0.319269 -0.736002
-10.108 29.176 -12.565 0.186975 -0.255947 -2.06033 0 -0.956305 0.10857 0.271464
-3.8525 31.003 9.7855 0.578948 0 -2.28969 0 -0.997569 -0.0415846 0.0559194
11.6045 36.467 4.7075 0.743311 -0.227316 2.01943 0 0.95326 -0.0108402 0.301956
9.6005 14.9745 -6.479 -0.618782 -0.0217043 -0.4 0 0.0653989 -0.893054 -0.445172
-4.713 23.5515 -23.4105 0.697587 0 -4.5 0 0.20444 0.938874 0.276982
-4.04 42.278 5.526 -0.183272 -0 -3.5 0 -0.642205 0.735378 0.216315
2.046 23.5675 -21.865 0.943566 0 -0.4 0 0.0609847 0.509125 -0.858529
-6.99675 20.6782 11.7621 0.205166 0 4.2 0 -0.843402 -0.130179 -0.521274
-11.0828 24.4993 -17.0133 0.728119 0 -3.9 0 -0.207945 0.31615 -0.925639
-9.13338 16.5961 -6.865 0.532696 0 2.8 0 0.0291706 -0.875325 0.482655
-9.695 37.1375 4.7185 2.58648 0.0623647 -3.9 0 -0.48291 0.133454 0.865441
-0.801125 14.1685 -12.7773 0.919592 0.0666293 -4.5 0 0.100971 -0.887816 0.448986
13.585 26.2245 -11.654 -1.04101 -0.00639671 -3.5 0 0.985632 0.038536 -0.164455
-14.47 33.638 -11.766 0.897706 0.795986 -3.5 0 -0.841774 0.346008 -0.414361
17.435 31.5427 9.11975 3.70629 0.00591757 -3.9 0 0.589703 0.784021 -0.193809
-15.495 22.4825 -6.8805 1.41149 0.0476494 -3.9 0 -0.180336 -0.25161 0.950879
-9.44 39.232 -6.559 1.25855 0 -0.7 0 -0.900034 0.434253 -0.036937
17.6949 22.6833 16.647 -7.1714 0 -1.3 0 -0.564093 0.0697735 0.822758
-3.8175 26.786 -19.375 0.665474 0 -0.897714 0 0.809428 0.154877 -0.566426
-7.75925 16.3665 -8.099 -0.0314089 0 2.8 0 0.132381 -0.712188 0.689394
-8.247 36.527 -22.205 -0.905419 -0.522922 -0.8 0 -0.144878 0.981212 0.12741
13.2965 21.7202 3.8725 3.02805 0 -3.44975 0 0.946176 0.169298 -0.275843
13.258 32.68 -0.70175 1.38994 0 1.8 0 0.905584 0.325471 0.272005
1.2575 42.9103 -15.023 -0.181488 0 -0.7 0 0.259895 0.825049 -0.501746
-7.514 23.8592 -18.708 0.545007 0.00865104 -0.9 0 -0.61145 0.285457 -0.738
3.74575 40.468 0.7665 0.852242 0 2.8 0 0.464913 0.88524 0.0143507
-10.646 21.3435 -3.55625 0.303521 0 -0.8 0 -0.0481314 -0.987114 0.152605
11.8555 30.8923 -13.1147 0.540944 0 -3.2 0 0.801758 0.200064 -0.563169
3.758 14.3165 -8.207 0.560918 0 -3.5 0 0.868886 -0.431423 -0.242719
-6.0325 46.577 15.7045 -0.313684 0 1.9 0 -0.771834 0.453023 -0.446142
-9.252 25.7945 16.398 -0.892039 -0.664518 -3.5 0 -0.917252 0.333019 0.218511
-18.9485 22.952 -8.718 0.88811 0 -3.9 0 -0.970107 0.225022 0.0908736
-2.915 32.43 15.12 0.517084 0 -3.9 0 -0.657073 0.368278 0.657743
-6.84288 36.2951 8.8115 -1.35296 -0.830903 -3.5 0 -0.763935 -0.454151 0.458422
-2.501 40.5537 -18.6367 -0.849032 -0.122494 -3.5 0 -0.277312 0.876932 0.39254
-13.7257 15.6862 -24.7523 0.433574 0 -0.9 0 0.377667 -0.836996 -0.395986
3.793 21.4955 -10.7775 1.29672 0 -4.5 0 -0.123267 -0.293703 -0.947915
-8.48975 30.58 1.51 -0.274561 0 2.75047 0 -0.757203 -0.0689581 0.64953
5.91563 18.848 -9.55713 1.19911 0 -4.5 0 0.372678 -0.73232 -0.569928
8.412 15.218 1.732 0.283565 0 3.8 0 0.905777 0.0329764 -0.42247
2.8035 46.9674 17.1038 0.268664 0 -0.8 0 -0.16099 0.267242 0.950086
-7.336 24.391 13.111 -0.450271 -0.120992 -1.51387 0 -0.956556 0.271772 -0.105548
4.0875 43.346 -3.8755 0.229881 0 -3.5 0 0.908332 0.274625 -0.315459
13.2828 18.2323 4.61975 2.21171 0.084198 -3.9 0 0.562348 -0.627455 -0.538577
5.9995 26.939 14.0585 -0.728728 -0.0990253 3.51063 0 -0.326516 0.626232 0.707969
0.282 25.23 -20.977 -0.619931 -0.03846 -0.4 0 -0.00176365 0.838734 -0.544538
-7.41075 43.3945 -4.7975 0.383092 0 -0.7 0 0.231237 0.885006 -0.404096
-7.79375 21.6978 15.537 0.163505 0 4.2 0 -0.721352 0.24527 0.647684
3.3675 25.479 -20.057 0.801763 0.00409991 -3.47076 0 -0.434348 0.678932 -0.59194
0.446625 46.786 15.247 0.0931029 0 -0.8 0 -0.688002 0.492008 0.533461
13.1377 21.563 12.6505 0.187219 0 4.5 0 -0.28937 -0.913565 0.285768
-7.03425 44.865 12.2373 0.330192 0 4.2 0 -0.654268 0.578264 0.487386
-5.73 29.6045 13.9435 -0.802036 -0.0267058 -0.9 0 -0.297816 0.5127 0.80526
-3.793 44.137 -10.694 0.677559 0 -3.9 0 0.554744 0.691214 -0.463122
15.4808 29.1283 12.4202 0.91707 0 -3.9 0 0.15719 -0.255119 0.954047
-7.7915 23.7938 16.328 -1.00217 -0.38248 -3.5 0 -0.629398 -0.68892 0.359511
-4.582 41.505 6.5455 -1.05216 -0.820479 -3.5 0 -0.859049 0.496709 -0.123752
-14.535 36.5925 1.2015 0.518196 -0.110147 -3.5 0 -0.0917746 0.964971 0.24578
-6.23 17.671 13.428 0.180522 0 4.2 0 -0.606756 -0.77371 -0.182263
-2.307 17.7105 11.6725 -0.729559 -0.127198 -3.5 0 -0.411323 -0.898357 -0.154169
9.7065 36.876 -12.735 0.811853 0.814498 -3.2 0 0.835047 0.166809 -0.524282
-3.66925 26.8787 15.3065 0.272942 0 -3.5 0 0.603289 0.697673 0.386386
-5.60038 33.8343 12.42 0.781362 0 -1.6 0 -0.932769 0.0300053 0.359224
-6.877 41.508 11.507 0.245005 0 4.2 0 -0.912465 -0.402178 -0.0752374
-13.5813 22.314 -20.4105 0.785067 0 -0.8 0 -0.0325245 0.992397 0.118703
-8.7295 39.773 -14.3145 0.662558 0 -3.5 0 -0.655759 0.681677 -0.324495
-2.65325 35.3128 -22.1057 0.899084 0 -3.9 0 -0.881113 0.284559 -0.377711
-6.2355 28.7155 5.3165 1.11498 0.548317 -3.36783 0 -0.992528 0.112436 -0.0474032
-16.7463 31.5455 -5.29325 0.874263 0.0885337 -3.5 0 -0.720919 0.14503 -0.677674
-2.4775 29.5842 -21.7615 -0.0486375 -0.524526 -3.9 0 0.265409 -0.399866 -0.877306
-7.3665 36.241 7.893 -0.816063 -0.541282 -3.5 0 -0.883724 -0.398042 0.246161
2.75625 11.5291 1.004 2.49125 0.131062 -3.9 0 -0.630236 -0.0608976 0.774011
14.8175 18.962 -8.869 0.396827 0 -3.5 0 0.603251 -0.594803 -0.531317
-5.0135 44.9173 12.497 0.712529 0 4.2 0 0.0967154 0.981901 0.162836
13.5665 18.1635 -7.264 0.228307 0 -3.54277 0 0.698788 -0.707689 -0.10427
4.082 29.147 12.9905 0.295637 0 -1.3 0 0.343855 -0.434642 0.832376
12.7113 38.022 -4.0685 0.694267 0 -3.9 0 0.492454 0.784662 -0.376557
6.88925 16.9538 10.0485 0.333394 0 -3.9 0 -0.200891 -0.502528 0.840897
7.41525 10.3582 -2.50875 -1.31383 -0.369796 -3.5 0 0.336726 -0.924274 0.179812
-18.2205 23.3018 -7.95925 1.16711 0 -3.9 0 -0.672083 0.311501 0.671768
8.039 16.6075 2.037 0.445262 0 0.218077 0 0.979355 0.123571 -0.159981
-3.159 15.5115 -14.2685 0.860273 0.877798 -4.5 0 -0.759932 -0.452981 -0.466167
-6.927 40.634 -0.656 0.603826 0 -3.9 0 -0.321936 0.895519 0.307251
-3.863 19.954 3.755 -1.7871 -0.212153 -3.5 0 -0.550342 -0.831904 0.0711274
-9.492 21.373 -4.318 0.652315 0 -0.57561 0 -0.0869271 -0.936577 0.33951
13.98 34.4515 3.99775 0.407212 0 -0.7 0 0.653077 0.741751 0.152628
-7.135 36.3255 -25.982 0.26406 0 -0.8 0 0.396368 0.866682 -0.302911
19.7705 30.1205 0.3425 0.919972 0 -0.8 0 0.805706 -0.587981 -0.0715223
4.807 15.252 8.6 0.327383 0 -4.5 0 0.272471 -0.90555 0.325176
13.468 18.792 3.702 3.32558 0 -3.9 0 0.682293 -0.537339 -0.495725
24.713 28.783 5.817 3.07413 0 -0.4 0 0.91263 -0.361082 0.19164
17.638 15.96 -3.774 2.66217 0 -3.9 0 0.490623 -0.85179 0.183695
-8.8525 39.592 -1.5045 0.530787 -0.0598803 -3.9 0 -0.747011 0.489814 0.449508
-3.508 27.8035 -20.822 0.243495 0 -0.8 0 0.465529 -0.845211 -0.26249
6.412 26.625 -21.8965 -0.191859 -0.683782 -3.5 0 0.224361 -0.160487 -0.9612
4.896 39.8597 12.5822 1.18478 -0.439755 -4.17046 0 0.326017 -0.700501 0.634831
-12.7893 34.8685 -11.8495 0.32316 -0.00570246 -3.5 0 -0.771342 0.629606 -0.0928864
6.2675 41.3172 -8.64875 0.345237 0 4.2 0 0.166313 0.984565 -0.0545071
9.8705 38.598 -9.971 -0.6476 -0.0238989 -3.2 0 0.901406 0.432112 -0.0273112
8.287 25.0075 -16.1215 -0.951211 -0.13988 -3.5 0 0.699934 -0.708613 -0.0892121
4.548 34.24 -19.4255 0.932815 0 -3.9 0 -0.803949 -0.0851426 -0.588572
8.32 15.916 -0.984 0.0665302 -0.926353 -3.9 0 0.650424 -0.42168 0.631771
1.47975 34.567 -23.1173 2.33835 0.00125194 -3.9 0 0.9742 -0.157595 0.161549
-5.66825 45.1695 -9.0735 2.03459 0.413385 -3.9 0 0.255225 0.92144 0.29293
4.465 19.8765 11.6665 0.439734 -0.363634 -3.40045 0 0.302537 -0.730873 0.611797
-5.7925 39.9123 14.8202 0.278161 0 -4.5 0 -0.543233 0.396467 0.740076
-0.3365 16.714 7.963 0.0884316 0 2.8 0 -0.568982 -0.821483 -0.037745
2.86825 43.5703 3.11875 1.06009 0 -3.9 0 -0.0527897 0.809313 -0.585
5.66775 43.8927 8.58775 0.882063 0 3.8 0 0.819342 0.567174 -0.0836232
-8.5505 35.4595 -26.813 0.420802 0.00673278 -0.8 0 -0.364674 0.745105 -0.558419
14.3518 39.6113 6.34475 -0.701412 -0.807572 -3.5 0 0.977318 -0.0952968 -0.189125
-5.765 21.708 -20.408 -0.381418 0 -3.98643 0 -0.104485 0.897908 -0.427602
-8.1635 44.319 11.0343 0.310764 0 4.2 0 -0.937802 0.306426 0.163189
-14.617 17.412 -13.9207 0.887071 0 -3.9 0 -0.844795 0.230496 -0.482901
8.76975 12.1407 -3.74125 -1.18062 0 -3.5 0 0.761914 -0.289339 -0.579457
22.0445 20.81 9.6145 0.07855 0 -1.3 0 0.9835 -0.103813 -0.14816
-1.42425 42.4518 -12.8982 0.612691 0.030952 -0.999629 0 -0.478522 0.840415 0.254399
10.2145 16.765 -9.163 0.272725 0 -0.4 0 -0.0571454 -0.646606 -0.76068
-13.5095 25.1143 -11.2317 0.810519 -0.359515 -3.9 0 -0.627336 -0.0579532 -0.776589
7.5275 39.863 7.49275 1.02254 0.466579 -3.5 0 -0.137556 0.753956 -0.642362
-4.36625 16.227 0.321 0.0534908 0 -0.7 0 -0.393082 -0.833847 0.387539
-6.9855 20.598 -0.1125 0.338325 -0.00325249 -0.0676461 0 -0.562388 -0.777903 0.280332
-9.252 24.8835 15.872 -0.848296 -0.099086 -3.5 0 -0.957279 -0.219907 -0.187772
4.08 43.2835 -12.178 -0.443321 -0.891314 -0.7 0 0.935621 0.269074 0.228501
-6.2605 45.2327 19.738 0.736244 0 1.9 0 -0.599062 -0.175747 0.781177
-6.7855 45.5238 18.7725 0.654864 0 1.9 0 -0.986569 -0.0728593 0.146195
-14.662 15.14 -14.16 2.14619 0.244595 -3.9 0 -0.613593 0.0791665 -0.785644
1.56525 9.71275 -0.67825 0.655168 0 -3.9 0 -0.808851 -0.535795 0.242247
-12.9347 14.06 -15.7685 -0.540727 -0.546402 -1.3 0 -0.847746 -0.19651 -0.492656
7.7025 16.103 9.64 -0.448754 -0.193948 -2.29191 0 -0.0421781 -0.537442 0.842246
-14.014 15.4085 -19.533 0.0388144 -0.0306768 -0.9 0 0.0145743 -0.871027 0.491018
0.7455 17.7935 1.51075 -0.395783 0 -3.5 0 -0.849306 -0.274665 0.45082
4.0055 26.5448 12.8977 0.181746 -0.0853644 -2.63793 0 -0.0891768 0.758256 0.64583
-6.47625 37.4588 5.727 0.193731 -0.730479 -3.60216 0 -0.757254 0.629868 0.172722
-7.168 24.4112 8.5595 0.0909163 0 -0.9 0 -0.963349 -0.264847 0.0426007
0.133 21.1905 18.4963 0.678056 0.744439 -3.5 0 -0.461663 0.538938 0.704566
-14.163 16.6145 -25.5312 0.281346 0 -0.9 0 0.233938 -0.439912 -0.867035
-6.401 19.261 -0.318 0.258158 0 -0.7 0 -0.825164 -0.406255 0.392508
2.31 24.611 -21.544 0.963112 0.590637 -0.4 0 -0.150953 0.583782 -0.797754
-8.9725 20.2843 -1.529 -0.744057 -0.269764 1.8 0 -0.420425 -0.905057 0.0641455
1.42188 36.186 -24.8405 4.35707 0 -3.9 0 0.67933 0.525735 -0.51197
10.408 26.7388 15.1508 0.190109 0 4.5 0 0.195805 -0.199536 0.960128
7.136 42.458 17.336 0.432467 0 -3.9 0 0.322017 0.259295 0.910533
1.419 35.266 -25.4237 3.02709 0.0785038 -3.9 0 0.595875 -0.0772561 -0.799353
-7.088 15.3433 -18.9287 -0.69982 -0.469728 -0.4 0 0.617028 -0.713839 -0.331227
4.2675 43.456 4.627 2.10185 0 -3.9 0 0.511099 0.859008 -0.029712
1.326 21.6208 -16.9865 0.0626846 -0.214209 2.58661 0 0.534776 -0.808366 0.246088
11.3822 26.6127 -14.2008 -0.197217 0 -3.5 0 0.518919 -0.323678 -0.791174
-8.36975 27.4778 -26.8005 0.392171 0 3.8 0 -0.232315 -0.222386 -0.946876
-6.852 36.615 -20.5775 0.834975 0.159143 -3.11664 0 -0.205766 0.839871 -0.502272
-8.864 24.4555 16.7025 -0.812743 -0.171914 -3.5 0 -0.637574 -0.689656 0.343327
-3.97575 32.2817 -24.9077 -0.690543 0 3.8 0 0.56479 0.0730007 -0.821999
-1.589 42.6635 9.008 0.632062 0.48755 0.0945384 0 0.357281 0.792295 -0.49459
3.456 28.1798 12.384 0.47356 0 -1.3 0 0.0910582 -0.269637 0.958647
6.539 39.0425 -13.2235 0.682845 0 -0.4 0 0.23811 0.836675 0.493234
-17.4212 34.283 0.22325 1.13495 0.149473 -3.5 0 -0.913021 0.395504 -0.0998436
-7.409 23.6145 13.8785 -0.316212 -0.0929149 3.47778 0 -0.992782 0.0981482 -0.0689321
-4.023 16.7695 -2.26525 0.126493 0 -0.7 0 -0.308731 -0.659586 -0.685297
12.0157 41.402 9.0445 0.613601 0 -3.5 0 0.556242 0.490402 0.670895
1.94625 29.3832 13.381 0.433699 0 -1.3 0 -0.0873116 -0.682424 0.725723
-11.8872 26.4468 0.2535 -0.00706791 -0.0501482 -2.00115 0 -0.788729 -0.368992 0.491682
-13.331 35.209 2.162 0.249421 0 -3.5 0 0.378575 0.118445 0.917961
5.018 41.395 -16.6068 0.646946 0 -3.5 0 0.509981 0.266749 -0.81778
-4.9035 40.411 6.399 0.0554322 0 -3.5 0 -0.842755 0.523275 -0.126283
12.3295 18.6365 -10.022 -0.00116334 -0.0236024 -3.5 0 0.111223 -0.334756 -0.935718
13.4587 37.1725 -4.8985 0.900916 0 -3.9 0 0.468427 0.606834 -0.642128
-18.781 27.147 0.655 1.9773 0.743984 -3.9 0 -0.196303 -0.980058 -0.0308633
-11.908 12.225 -14.946 1.02932 0.602836 -1.3 0 -0.108508 -0.975963 -0.189001
8.15 32.259 -18.759 0.921252 0 -3.9 0 0.259126 -0.929643 0.261949
-3.106 41.0865 -21.305 -0.893514 -0.699267 -3.5 0 0.0121951 0.938521 -0.345006
-15.014 35.8325 3.167 -0.902898 -0.304354 -3.5 0 -0.0623258 0.385071 0.92078
-6.62 28.2755 16.964 -1.16422 -0.23735 -3.5 0 0.0353386 0.948395 0.315115
-5.3905 30.8285 12.1975 -0.105356 -0.136659 -0.997415 0 -0.900665 0.384963 -0.20151
13.0673 33.7018 11.213 0.981404 0 -1.6 0 0.394291 -0.224167 0.891226
-4.784 43.844 3.227 0.334873 0 4.5 0 -0.405934 0.879683 0.247742
-7.486 43.655 -3.788 0.355578 0 -0.7 0 0.164698 0.963045 0.213118
8.4515 43.8177 11.964 1.58084 0.768694 -3.9 0 0.258163 0.965318 0.0389072
-4.767 47.8855 16.583 -0.482531 0 1.9 0 0.0550814 0.994232 -0.0920226
7.7935 12.6287 -5.2065 0.138388 0 -3.5 0 0.203198 -0.44454 -0.872408
19.0833 29.9745 7.647 0.859261 0 2.5 0 0.642398 0.148333 0.751879
11.0218 17.9797 5.562 1.37595 0 -3.9 0 -0.133089 -0.69875 -0.702877
-8.8785 13.1062 -14.5317 0.339558 0 -1.3 0 0.509484 -0.771657 -0.38075
16.433 32.255 6.06825 0.710192 0 2.26365 0 0.488542 0.866573 0.101876
-2.66075 42.4948 -15.2408 0.234415 -0.404668 -1.3 0 -0.21951 0.641289 -0.735231
4.96625 40.7225 -3.0495 -0.0359798 -0.502754 -3.5 0 0.495602 0.821506 -0.28197
15.2115 16.0035 -3.8995 1.94058 0 -3.9 0 -0.124281 -0.974335 0.187683
16.6935 32.402 10.2832 2.87664 0.152603 -3.9 0 0.497725 0.849594 0.174526
-9.136 14.2087 -20.1562 0.2751 0 -0.4 0 0.369804 -0.769367 -0.520884
-16.2115 35.688 -0.0305 0.379925 0 -3.5 0 -0.714935 0.646525 -0.26622
8.82775 35.2723 -22.0723 2.63263 0.0628429 -3.9 0 0.359385 0.579523 -0.731434
-8.1605 29.6645 -25.891 0.483424 0 3.8 0 -0.274333 0.435639 -0.857298
-17.4965 23.0972 -23.5785 0.540033 0 -0.9 0 -0.697566 0.707197 -0.115209
1.5605 38.3565 13.0725 0.569603 -0.15581 -4.5 0 0.223638 -0.397073 0.890123
-12.0232 37.4248 -16.327 0.459349 0 -3.5 0 -0.946488 0.320605 0.0370593
-6.25975 41.419 1.57475 0.439907 0 4.5 0 -0.722285 0.644761 -0.250177
2.008 27.6605 -18.847 0.887619 0 -3.5 0 0.179544 0.378 -0.908229
-7.76775 23.4177 15.395 -0.176258 -0.16575 2.74522 0 -0.932661 -0.357884 -0.0454124
-7.65925 32.5677 5.06625 0.530565 0 -3.2 0 -0.99995 0.00920591 0.00379038
19.6385 24.448 -0.37 0.854296 0.0322878 -0.7 0 0.833667 -0.535651 -0.134451
5.577 33.3105 -20.742 0.870249 0 -3.9 0 -0.41681 -0.556706 -0.718574
-13.2945 15.9607 -19.0047 0.891559 0.84906 -0.412818 0 -0.281519 -0.788549 0.546751
16.3905 21.9618 14.5022 -0.186646 0 3.91642 0 -0.454195 -0.727608 0.514095
11.675 15.437 8.5475 0.372395 0 -3.9 0 0.00410522 -0.999371 0.0352162
-11.1765 26.731 2.181 0.497528 0 -0.9 0 -0.84746 0.284538 0.448162
-14.52 22.6265 -21.1295 0.789559 0 -0.9 0 0.203261 0.884844 0.419209
-17.687 27.9765 -0.732 2.40942 0.00586778 -3.9 0 -0.0157145 -0.905306 -0.424469
13.924 22.2305 -9.1665 0.463872 0 -3.5 0 0.552098 0.743468 -0.377416
10.936 20.651 -11.2837 -0.879107 -0.432076 -3.5 0 -0.00612586 -0.546415 -0.837492
-10.603 35.596 -0.412 0.476837 0 -3.5 0 -0.294205 0.908764 -0.295958
-7.386 42.4577 -16.0072 0.579192 0.788074 -3.5 0 -0.351259 0.660063 -0.664029
0.7185 44.4038 -13.521 0.283104 0 -0.7 0 -0.304302 0.796873 -0.521914
1.094 21.6505 -15.944 -0.152174 0 -3.5 0 0.780622 -0.617587 0.096001
18.06 29.75 8.516 1.12172 0 1.97909 0 0.750977 -0.0807682 0.655371
-17.7545 30.7153 -4.8645 1.10581 0.911835 -3.5 0 -0.864223 0.230812 -0.447039
8.55275 40.4325 7.53675 0.672175 -0.154293 -3.5 0 -0.481538 0.633148 -0.606007
-1.87575 24.0575 -22.3125 0.385091 0 -4.5 0 -0.0347998 0.875949 -0.481146
-10.9668 12.4688 -14.2405 0.648662 0.406312 -1.3 0 -0.064133 -0.940128 0.334733
10.8097 37.4015 13.607 0.633949 0 -1.6 0 0.39515 0.0528027 0.917098
-9.561 39.009 -17.524 0.228698 0 -3.5 0 0.0671886 0.878617 -0.472777
0.9585 37.3392 12.6675 0.877559 0 -4.5 0 0.463674 -0.328957 0.822675
19.9732 31.9785 -0.76525 0.656517 -0.428408 -0.8 0 0.574921 0.426149 -0.698472
20.4685 31.0993 -0.10025 1.07069 -0.191305 -0.8 0 0.938799 -0.218103 -0.266624
0.634 41.3703 -8.255 -0.357554 0 -1.94969 0 -0.323647 0.872806 0.365325
-6.4815 44.4445 19.0995 0.400926 0 1.9 0 -0.773121 -0.595263 0.218965
-10.4525 22.2395 2.7775 0.442174 0 -0.9 0 -0.741745 -0.584032 0.329727
-6.2015 44.8255 -10.953 2.67296 0.0623207 -3.9 0 0.0973361 0.812988 -0.574088
-5.74625 24.0107 18.176 0.0774675 0 -3.5 0 -0.185005 -0.443059 0.877195
2.7745 20.9428 16.2593 0.0936135 0 -3.5 0 0.919512 -0.343056 0.191861
-6.5255 40.1043 -16.6525 -1.06602 -0.821926 -3.5 0 -0.190824 0.411048 -0.891418
-0.73125 14.2747 0.17575 -0.693185 -0.246093 -3.9 0 -0.537379 -0.601113 0.591512
11.2675 28.729 -15.0465 0.374094 0 -3.5 0 0.687124 0.15901 -0.708926
-11.9003 37.2002 -13.732 0.383243 0 -3.5 0 -0.888334 0.446497 0.107255
17.415 25.3466 -4.22813 0.803523 0 -1.6 0 0.801488 -0.433174 -0.412282
2.87 43.09 17.748 -0.92337 0 -3.9 0 0.171795 -0.103336 0.979698
0.466 33.874 -24.635 2.27441 0.124141 -3.9 0 0.17158 -0.785102 -0.595126
-0.585 17.7595 5.3015 -0.291642 0 1.78362 0 -0.641603 -0.658081 -0.394048
12.1505 29.1283 -14.1628 -0.0100147 0 -3.5 0 0.735994 0.158407 -0.658194
-10.8075 30.2265 -10.495 -0.0293024 -0.559329 -3.5 0 -0.702971 -0.320161 -0.635082
24.4355 29.305 6.7495 1.57505 0 -0.4 0 0.757824 0.0562211 0.650032
3.81925 47.6592 13.0478 0.310383 -0.959012 -0.8 0 -0.11173 0.446721 -0.88767
4.82425 13.0437 5.39 0.264457 0 3.8 0 -0.193264 -0.881337 0.431155
10.0015 37.621 -10.5885 0.359042 0 -3.2 0 0.859015 0.499526 -0.112101
-8.223 41.6355 -15.2978 0.530193 0.0338686 -3.5 0 -0.893294 0.324314 -0.3112
15.8285 32.3988 -1.68625 0.795799 0.336599 -2.21521 0 -0.592773 0.567244 0.571712
16.9215 29.268 -2.9035 0.168289 -0.438139 -1.09299 0 0.622228 0.494905 -0.60655
-16.2687 33.9357 -6.98525 -0.9349 -0.00100494 -3.5 0 -0.952713 0.211144 -0.218533
4.6125 47.422 16.9195 0.33604 0 -0.8 0 0.616462 0.253696 0.745394
-5.3735 47.4805 15.8918 -0.344362 0 1.9 0 -0.377815 0.767237 -0.51827
-4.5105 21.1488 -24.9355 0.891569 0 -4.5 0 0.298845 -0.0455316 -0.953215
-4.50425 14.803 -8.19775 -0.284629 -0.038388 -0.300699 0 -0.268779 -0.833294 0.483093
-1.3885 42.5747 -15.135 0.522108 0.0788066 -0.986064 0 -0.0593765 0.692111 -0.719344
15.5968 23.6075 -3.46475 0.1735 -0.324218 -1.6 0 0.712569 -0.69857 0.0651624
7.54575 40.42 -2.70375 -0.132161 -0.101799 -3.69999 0 0.204803 0.952194 -0.226676
2.484 37.4885 12.513 0.110901 -0.0691295 -4.5 0 0.30131 -0.581589 0.755623
12.4373 38.287 4.59425 0.479919 -0.00862028 2.50699 0 0.862531 -0.49203 0.118094
15.7607 32.417 3.5985 0.157058 -0.0692984 2.29579 0 0.230886 0.949568 -0.212162
4.8515 10.1477 -2.83875 0.255993 -0.0994087 -3.68801 0 -0.0747024 -0.807821 -0.584675
-12.946 26.502 -2.16025 0.649713 0 -2.05688 0 -0.673102 -0.521469 0.524408
-6.2085 44.6077 16.4303 0.177972 0 1.9 0 -0.973098 -0.128796 0.19103
-1.3295 40.6533 -19.047 -0.970404 -0.855119 -3.5 0 0.398038 0.9151 0.0644751
-0.496 20.8447 -22.7792 0.936764 0.010641 -4.5 0 0.518332 -0.263545 -0.813558
-8.3025 28.4198 -21.3755 0.455635 0 3.8 0 -0.385563 -0.177321 0.905482
4.3345 32.999 -18.7295 0.823918 0 -3.9 0 -0.577449 -0.52419 -0.625921
11.3195 32.5455 -13.4827 0.0918234 0 -3.2 0 0.491258 0.245925 -0.835575
16.324 26.3678 -6.30525 0.386262 0 -1.6 0 0.31313 0.136612 -0.939833
16.079 29.9928 12.5153 0.694184 0 -3.9 0 0.276929 0.22745 0.933583
-7.52825 26.674 15.1755 -1.1488 -0.00182097 -3.5 0 -0.545325 0.580282 -0.604891
-15.2455 36.4625 -0.007 0.837099 0 -3.5 0 -0.531011 0.81607 -0.228161
-18.5357 23.174 -9.656 1.3302 0 -3.9 0 -0.813783 0.335043 -0.474872
-4.05 26.6485 16.4023 0.131337 0 -3.5 0 0.559399 0.633125 0.535
-0.32675 17.8302 10.0895 0.0251341 0 0.368719 0 -0.375747 -0.925761 -0.0421917
0.233 25.0425 13.579 1.00665 0.526147 -3.5 0 -0.226946 0.415863 0.880655
4.1025 40.819 -10.2455 0.682437 0 4.2 0 0.619452 0.695763 -0.363582
-2.21125 19.476 -17.8655 0.510106 0 4.2 0 0.30944 -0.898446 -0.311515
2.484 15.2292 4.715 -0.991853 0 -3.02621 0 -0.472137 -0.80969 -0.348554
13.7607 33.5312 -5.5475 1.41279 0.154112 0.340666 0 0.595879 -0.140179 -0.790745
7.83 33.224 11.57 -0.578696 -0.73668 -1.6 0 -0.629462 0.147208 0.762959
15.704 27.2815 -5.656 0.547418 0 -1.6 0 0.176225 0.504259 -0.84538
2.699 18.7563 17.6842 0.40957 0.607011 -3.5 0 0.744363 -0.664207 0.0689431
0.0395 44.4225 -5.2595 -1.13321 -0.041813 -3.5 0 -0.134328 -0.0206484 -0.990722
-15.6053 30.5187 -9.3265 1.14537 0.377647 -3.5 0 -0.649089 0.260835 -0.714597
-13.188 27.276 -16.361 3.42081 0 -3.9 0 -0.289032 0.0611254 -0.955366
1.2605 43.369 0.138 0.270916 -0.577715 4.26697 0 0.501742 0.684797 0.528496
-13.9075 28.1005 -14.171 3.27365 0 -3.9 0 -0.858014 0.503506 0.101461
6.82625 13.6707 5.43425 0.285209 0 3.8 0 0.125533 -0.837458 0.531888
-5.00025 19.191 -21.0535 0.0511188 0 -4.0137 0 0.490987 -0.762199 0.421882
6.23975 10.0037 -2.948 -1.28786 -0.562042 -3.5 0 0.099263 -0.963942 -0.246907
-2.69875 42.81 -14.2565 0.417354 -0.285099 -1.3 0 -0.268056 0.962858 -0.0324175
18.3405 21.1838 16.3062 -0.994474 0 -1.3 0 -0.431734 -0.733601 0.524819
-10.744 18.501 -7.90125 0.163065 0 2.8 0 -0.983395 -0.0566731 0.1724
-7.70375 44.7588 9.54475 0.334124 0 4.2 0 -0.757706 0.354337 -0.548021
-1.12525 29.1695 14.8425 0.374553 0 -3.9 0 -0.184213 -0.76358 0.618878
10.1503 19.718 -9.8525 0.285878 -0.0751607 -3.5 0 -0.341312 -0.575667 -0.743044
-15.4215 15.1683 -20.215 -0.949085 -0.300906 -0.9 0 -0.406985 -0.90376 0.132595
20.822 22.0525 16.0295 -1.30417 -0.0437308 -1.3 0 0.895336 0.0158969 0.445108
-13.2825 26.053 -11.931 0.851181 -0.135453 -3.9 0 -0.809231 -0.403506 -0.426999
-11.558 31.221 -12.2065 0.446065 -0.744094 -1.24453 0 -0.523874 -0.816416 -0.242942
9.31425 39.0165 -7.167 1.04367 0.294861 -0.989995 0 0.810259 0.48871 -0.323486
15.638 25.015 2.6855 0.206709 0 2.26644 0 0.364675 -0.911427 -0.190558
14.5565 24.7808 15.3903 0.234252 0 4.5 0 0.217506 0.486767 0.846019
5.2425 40.492 14.731 1.03198 0 -3.9 0 -0.312573 -0.926693 0.208658
15.396 16.1787 7.26475 2.70468 0.0979705 -3.9 0 0.609794 -0.767783 -0.196621
21.2192 27.23 5.891 -0.23923 -0.372296 -0.4 0 0.0477489 -0.802209 0.59513
-6.61875 33.1333 -27.1555 -0.465037 -0.956134 -0.8 0 0.728696 -0.434668 -0.529213
5.033 37.6457 10.3665 0.535392 0 -1.67707 0 0.174772 -0.518553 0.836993
-7.3795 22.0085 11.944 -0.401727 -0.369634 4.2 0 -0.869157 -0.191054 -0.45614
-7.67525 24.5063 14.3593 -0.265841 -0.0921321 -3.5 0 -0.857996 -0.0596619 -0.51018
-6.5665 16.265 -19.004 -0.74371 -0.0346238 -0.4 0 0.915817 -0.316128 -0.247674
5.7265 10.9925 1.0285 3.54911 0 -3.9 0 0.690327 -0.0264228 0.723015
13.734 39.1058 8.0715 -0.752964 -0.778616 -3.5 0 0.620762 -0.344852 0.704082
10.806 33.786 11.4853 0.324227 -0.28118 -1.6 0 0.215366 -0.387583 0.896324
-8.1495 14.8495 -19.5255 0.209609 0 -0.4 0 0.592558 -0.763877 -0.255671
-5.092 16.738 -0.167 0.10486 0 -0.7 0 -0.777871 -0.628056 -0.0214825
11.264 15.821 -5.6655 0.036708 0 -2.15075 0 0.654615 -0.692946 -0.302167
13.1665 24.5093 15.1545 0.207891 0 4.5 0 -0.419986 0.486274 0.766257
4.84275 47.5132 13.0793 0.686863 -0.196401 -0.8 0 0.459369 0.138178 -0.877432
6.6615 41.3155 17.0955 0.545219 0 -3.9 0 -0.130302 -0.520035 0.844147
21.5713 19.9955 9.02025 0.377115 0 -1.3 0 0.701826 -0.611989 -0.364568
2.13075 21.6185 -17.5907 0.225547 -0.142608 -3.5 0 0.0501711 -0.869241 0.491837
-7.6075 27.104 4.44 0.860919 0.0399084 -4.5 0 -0.611043 0.678662 0.407485
3.6125 22.4785 -16.283 0.339113 -0.0212352 -1.22683 0 0.04037 -0.918058 0.394384
6.003 27.6098 -21.974 -0.686876 -0.0822672 -3.5 0 0.067858 0.37188 -0.925797
-0.334 14.0468 -14.2188 0.727059 0.563528 -4.5 0 0.370007 -0.77016 -0.519565
0.8095 13.2715 -9.6275 0.845112 0.283448 -3.5 0 -0.495398 -0.746224 -0.44467
18.8285 31.9207 4.37075 1.32114 0.31282 2.5 0 0.0231097 0.999733 0.000596634
-10.978 37.8055 -9.78625 0.178874 0 -0.9 0 -0.548831 0.811066 -0.202377
16.0653 35.1147 -2.428 2.42197 0.308866 -3.9 0 0.93109 0.177354 0.318774
-2.8885 26.4245 14.114 -0.03649 0 -3.5 0 0.768935 0.332502 0.54606
-9.737 36.3727 -2.28575 0.436318 -0.0177544 -3.9 0 -0.752114 0.475529 0.456286
-2.70675 25.338 -18.9447 0.130636 -0.00483509 -2.55945 0 0.35883 0.66045 -0.659581
0.658 42.485 -15.822 -0.574888 -0.308335 -0.7 0 -0.106966 0.616492 -0.780062
-4.82825 43.5802 -7.604 0.912737 0 -3.9 0 -0.0664172 0.616212 0.784775
2.849 37.145 11.634 0.587441 0.38557 -4.5 0 0.584204 -0.621772 0.521638
21.4718 21.6147 13.1853 0.10375 0 -1.3 0 0.89292 -0.346612 0.287322
4.4065 42.9468 3.46675 2.3939 0 -3.9 0 0.570764 0.557127 -0.603189
7.7785 28.0938 -19.8158 0.371336 0 -3.5 0 0.724429 0.574242 -0.381377
1.53475 18.293 17.0417 -0.256688 -0.0104972 -3.5 0 0.247872 -0.919864 0.30399
-6.571 40.4588 13.9843 -0.22315 -0.0234119 1.9 0 -0.870013 -0.0286577 0.492195
6.5365 39.7535 15.308 0.662055 0 -3.9 0 -0.307247 -0.927019 0.215024
4.1375 31.0305 -17.4398 1.86993 0.77466 -4.5 0 0.130464 -0.014111 -0.991353
-11.3925 26.0805 1.1455 0.34124 0 -0.881293 0 -0.976385 -0.00803123 0.21589
-1.109 42.704 5.7075 1.17383 0.0683814 -3.14412 0 -0.0965047 0.971194 0.217874
9.62375 34.4837 -19.2405 2.04297 0 -3.9 0 0.89019 0.328346 0.315834
7.997 34.537 11.392 -0.126595 -0 -1.6 0 -0.706231 -0.142372 0.693519
11.6348 42.018 4.842 0.687758 0 -3.5 0 -0.0650887 0.918369 -0.390335
-5.7545 23.8965 -23.4995 0.521318 0 -4.5 0 0.0469892 0.780371 0.623549
9.82638 32.8485 -13.924 -1.09281 0 -3.2 0 0.323788 0.297028 -0.898296
2.02725 13.7677 -10.4895 0.737495 0 -3.5 0 -0.00466471 -0.709036 -0.705156
21.6805 22.164 8.2515 -0.0125504 0 -1.3 0 0.970203 0.156504 -0.184968
-5.518 18.2068 15.515 0.219491 0 4.2 0 -0.150642 -0.650685 0.744255
10.4615 39.012 12.6433 0.819043 0 -1.6 0 0.63109 0.634201 0.44667
-8.5805 25.3503 14.9353 -1.60861 -0.0403021 -3.5 0 -0.664154 0.00650527 -0.747568
-1.40725 32.9567 -23.6935 0.807436 0 -3.9 0 0.0461939 -0.808314 -0.586936
13.519 18.772 9.073 1.04059 0.110861 -3.9 0 0.303827 0.251146 0.919029
18.7275 27.4592 3.665 0.806939 0 2.5 0 0.51887 -0.813178 -0.263657
18.416 30.3135 -1.7375 -0.056275 0.407383 -0.8 0 0.60475 -0.0294038 -0.795872
9.9665 20.6785 -0.367 -0.173766 0 3.8 0 0.32281 -0.607528 0.725743
18.2095 25.7372 -3.30775 0.603474 0 -1.6 0 0.837202 -0.126989 -0.531946
-7.12625 20.9587 -25.4198 0.0958446 0 -4.5 0 -0.0858622 -0.327757 -0.940852
4.276 41.3055 -3.5725 -0.424918 0 -3.5 0 0.807982 0.562309 -0.175992
12.254 28.5397 -11.2598 -0.176942 -0.389106 -3.5 0 0.848396 0.516908 0.114147
1.0365 34.813 13.326 1.10609 0.225658 -3.9 0 0.541932 0.775898 0.322944
2.17625 42.7275 -14.5527 0.815737 0.48861 -0.7 0 0.15613 0.812828 -0.561189
2.2785 48.2675 16.2083 0.253163 0 -0.8 0 -0.502729 0.665456 0.551754
2.7845 19.3888 18.5015 0.492854 0.759288 -3.5 0 0.68216 -0.220044 0.697308
16.1875 37.666 -0.7905 0.545378 0 2.8 0 0.976647 0.179375 0.118262
-7.10775 27.0515 9.99125 0.386659 0 -0.9 0 -0.960339 0.243888 -0.135155
5.36625 26.7458 -21.8005 -0.631574 -0.689647 -3.5 0 -0.592551 0.00307503 -0.805527
-21.6115 20.3358 -18.1885 0.100535 0 -0.9 0 -0.792163 0.164193 -0.587808
15.1877 20.6348 -3.1905 1.05942 0.410325 -3.69945 0 0.580277 0.499602 0.643176
7.84425 24.1987 -18.2588 0.457696 0 -3.5 0 0.768146 -0.578547 0.27429
-2.856 19.2922 -15.6663 0.578189 0.020478 3.09855 0 -0.0186261 -0.98587 -0.166473
5.2755 17.939 10.894 0.709738 0 -4.5 0 0.25109 -0.3815 0.889613
-2.66425 42.1712 -11.3005 0.489713 0 -1.24247 0 0.173947 0.911097 -0.373692
19.0723 33.05 0.139 -0.406178 -0.401788 -0.8 0 0.406474 0.859657 -0.309465
2.6935 14.111 9.058 0.55242 0.167905 -4.5 0 0.270636 -0.911815 0.308786
9.407 23.6232 -11.445 -0.0185265 0 -3.5 0 -0.478587 -0.47909 -0.735817
13.9958 23.8948 3.7695 0.966604 0 3.22779 0 0.48731 -0.846104 -0.215957
19.1395 24.934 13.0105 0.410345 0 -1.3 0 0.0235944 0.988272 0.150871
-6.859 21.8985 -20.652 -1.3016 0 -3.5 0 0.21743 0.928802 -0.300084
9.827 15.9593 -1.132 -1.10916 -0.214866 -3.9 0 -0.00709348 -0.395124 0.9186
0.887 43.527 -14.199 -0.00500084 0 -0.7 0 0.0384342 0.77781 -0.627324
6.9145 14.3182 -5.46375 0.312594 0 -3.5 0 0.0420637 -0.328122 -0.943698
-14.9373 16.3487 -10.9805 1.64946 0.371448 -3.9 0 -0.74747 0.185292 0.637931
-6.429 20.586 10.7907 -0.0914276 -0.49102 1.81552 0 -0.853577 -0.297039 -0.427989
-14.4052 18.2103 -13.0763 1.22531 0 -3.9 0 -0.961719 0.255537 -0.0989851
2.404 43.6738 -5.31225 0.0666405 0 -3.5 0 0.289249 0.514583 -0.80718
10.117 35.9615 -8.55375 1.01273 0 -3.2 0 0.820814 0.565024 0.0837426
15.187 20.433 -8.99975 0.568629 0 -3.5 0 0.82758 -0.028503 -0.560624
1.2815 21.2798 -22.1402 0.993809 0 -0.4 0 0.255623 -0.507743 -0.822711
-8.2125 37.9125 -19.152 -0.822074 -0.615995 -3.5 0 0.164706 0.830412 -0.532248
-6.47675 19.0515 15.857 0.216836 0 4.2 0 -0.0845471 -0.474639 0.87611
16.398 31.6735 -1.58475 0.345843 -0.459258 -0.8 0 0.476749 0.288519 -0.830342
0.7025 42.4388 7.2 1.00726 0 -3.9 0 -0.341462 0.892578 0.294462
2.3585 18.2495 16.2485 -0.5848 -0.809125 -3.5 0 0.562732 -0.756222 0.333858
15.3765 16.535 -2.8925 1.85362 0.0335029 -3.9 0 -0.100724 -0.787096 0.608551
-1.712 40.235 14.0153 1.25695 0 -4.5 0 0.298146 -0.365855 0.881623
-12.566 21.92 -6.86575 1.11494 0.346599 2.19694 0 -0.435766 -0.897087 0.0731008
2.3975 14.8638 11.1735 0.839553 0.253597 -4.5 0 -0.155545 -0.585076 0.795922
-16.31 21.135 -6.95175 3.6174 0.0482647 -3.9 0 -0.017586 -0.21318 0.976855
2.98925 21.017 -18.5688 -0.507601 -0.333905 -1.80659 0 0.122873 -0.956597 0.264243
-4.0795 39.28 -21.7925 -0.940778 -0.898066 -3.5 0 -0.727065 -0.120299 -0.675947
-11.042 16.7442 -24.0775 0.356555 0 -0.9 0 0.577466 -0.418101 -0.701231
-1.052 14.2265 -1.585 -0.061303 -0.629374 -3.9 0 -0.939113 -0.336762 0.0682558
-10.2102 29.9425 -11.6385 0.128003 -0.52395 -0.8 0 -0.927996 -0.357848 -0.10377
7.769 35.223 -22.3167 1.89826 0.778696 -3.9 0 -0.0997293 0.49637 -0.862364
6.88 23.102 -14.833 0.364535 0 1.8 0 0.580942 -0.789821 0.196695
5.69575 22.2278 -19.9018 0.497906 0 -3.5 0 0.181269 -0.909618 -0.373813
18.0492 24.386 14.6025 0.15716 0.0170328 -1.3 0 -0.0403741 0.857378 0.513102
-7.972 36.3805 -24.846 0.0767417 0 -0.8 0 -0.111336 0.99331 -0.0306468
-16.373 21.007 -10.5495 1.84086 0.203345 -3.9 0 0.0805094 -0.394588 -0.915324
6.2055 22.433 -17.1847 0.93179 0.906578 -3.5 0 0.54696 -0.821733 0.15997
-5.49475 39.2593 -17.325 -0.535347 -0.0955417 -3.5 0 -0.171086 0.801236 -0.573368
6.576 14.6403 8.1535 -0.803495 -0.887908 3.8 0 -0.21234 -0.950015 0.228872
4.165 40.637 -0.392 0.682502 0.0647791 -0.267445 0 0.315488 0.777464 0.544074
1.0815 45.0902 -5.0715 -1.5386 -0.845075 -3.5 0 0.412788 0.320789 -0.852467
-4.746 42.8607 -11.3897 1.7163 0 -3.9 0 0.297969 0.580729 -0.757607
13.4762 20.9975 9.408 0.247778 0.795808 4.5 0 0.0208744 -0.858639 0.512156
-6.461 39.2948 3.86225 0.582827 0 0.238309 0 -0.663902 0.368934 0.650478
16.9475 21.9482 15.4602 -0.644393 0 -1.3 0 -0.618495 -0.549921 0.561294
-1.6045 28.4037 13.7745 0.370153 0 -3.9 0 0.302994 -0.658446 0.688944
24.1295 30.226 6.355 2.09042 0 -0.4 0 0.585127 0.622467 0.51977
-7.8195 31.9545 7.839 0.618887 0 -3.2 0 -0.689796 -0.0528742 0.72207
6.2495 34.1485 9.9455 0.496406 0 -1.3 0 -0.219842 -0.153027 0.963459
-17.6108 16.983 -19.548 0.409805 0 -0.9 0 -0.182189 -0.910764 -0.370562
6.08825 28.3465 -21.2612 -0.52724 -0.52338 -3.5 0 0.0243845 0.885505 -0.46399
7.76575 37.0648 13.7025 0.640358 0 -1.6 0 -0.686558 -0.235633 0.687833
-6.713 27.3645 11.6115 0.709544 0.173301 -0.9 0 -0.947915 0.283412 0.145376
8.3115 23.774 -10.8018 0.19621 0 -3.5 0 -0.0837367 -0.588167 -0.804393
9.859 41.6225 14.6112 0.733534 0 -3.9 0 0.941683 -0.137911 0.306943
-19.7022 22.756 -17.9715 0.58851 0 -0.9 0 -0.343902 0.929871 0.130656
19.8565 21.352 6.22875 0.52756 -0.0520703 -1.3 0 0.221779 -0.349731 -0.910221
16.0228 22.8633 15.3612 -0.272663 0 4.5 0 -0.294897 -0.365798 0.882739
22.28 27.1812 5.5645 1.31779 0 -0.4 0 0.168054 -0.958997 0.228217
4.801 44.4497 10.3348 0.860251 0 3.8 0 0.50305 0.784719 0.362155
-3.965 18.631 -23.7925 1.22053 0 -4.5 0 0.30325 -0.848889 -0.432928
8.858 39.5225 5.0045 0.793087 -0.0761465 -0.504515 0 -0.471234 0.882003 -0.00292682
16.9615 20.2717 12.6608 -1.24895 -0.565261 4.5 0 -0.0263409 -0.969831 0.242352
-14.3453 17.269 -10.5165 0.886017 0.00249771 -3.9 0 -0.458099 0.118435 0.880976
0.4305 47.4103 13.0625 -0.741794 -0.276563 -0.8 0 -0.448848 0.753196 -0.480865
-18.1642 17.6435 -20.5788 0.339567 0 -0.9 0 -0.524423 -0.63261 -0.569899
-9.3325 28.0343 -26.2173 0.397171 0 3.8 0 -0.701033 0.128255 -0.7015
-20.8655 19.577 -15.2758 0.623177 0 -0.9 0 -0.0484505 -0.102601 0.993542
-4.1605 47.3625 15.7928 -0.357738 0 1.9 0 0.417584 0.699576 -0.579842
-1.32825 17.4745 11.3995 -1.20662 -0.325504 -3.5 0 -0.0748117 -0.995202 -0.063054
1.52975 14.808 -13.2555 1.08248 0.828112 -4.5 0 0.539118 -0.805263 -0.246786
-18.682 27.611 -0.244 2.2094 0.559281 -3.9 0 -0.435584 -0.73647 -0.517569
8.56525 40.338 -2.42075 -0.564353 -0.711247 -3.85013 0 0.130873 0.991244 0.017546
6.7605 37.3848 11.1085 1.28651 0 -1.6 0 -0.705466 -0.321903 0.631423
-0.221 43.6 2.075 -0.648006 -0.760873 4.5 0 0.172663 0.967819 0.183066
-8.0465 17.6763 -21.1028 -0.429153 -0.329317 -2.3325 0 0.429863 -0.738303 -0.519737
13.9815 18.3825 -8.3695 0.0591315 0 -3.5 0 0.558694 -0.754579 -0.344197
-5.73675 21.4778 4.65925 -0.139595 -0.231471 -3.79184 0 -0.212746 -0.971596 0.103633
-11.4325 33.913 -14.119 0.0943925 -0.0602714 -3.27393 0 -0.823971 -0.19939 -0.530393
12.4365 30.219 -12.192 0.593332 0.327732 -3.34084 0 0.980116 0.10831 0.166256
-19.9058 17.2267 -16.2197 0.572801 0 -0.9 0 0.275795 -0.607795 0.744662
-13.451 34.17 -12.2235 0.709839 0.174414 -3.5 0 -0.677915 0.413031 -0.608142
-12.551 25.414 -16.1335 1.86971 0.257522 -3.9 0 -0.601111 -0.238181 -0.762847
-14.063 23.2358 -23.316 0.582433 0 -0.9 0 0.526416 0.72247 -0.448244
-11.597 21.2545 -6.081 1.25166 0 -0.8 0 -0.553209 -0.830366 0.0667215
8.3785 25.2705 -13.767 -0.169483 -0.0288706 -3.11632 0 0.478668 -0.866429 -0.142047
6.476 42.4707 8.00825 1.03182 0 3.8 0 0.706728 0.417568 -0.571115
15.9685 38.48 -1.486 0.610465 0 2.8 0 0.863337 0.464967 -0.196099
4.7665 21.2265 -18.4147 -0.700013 -0.0790442 -3.5 0 0.478059 -0.877853 0.0288811
-7.244 37.6973 4.54375 1.17345 0 -3.9 0 -0.380573 0.677723 0.629171
-9.517 17.298 -5.827 0.508581 0 2.8 0 -0.151794 -0.44905 0.880519
12.3328 21.5923 11.6882 0.0062939 0 4.5 0 -0.0309053 -0.923939 0.381288
15.4285 19.63 -8.3925 0.53469 0 -3.5 0 0.926722 -0.302063 -0.223482
0.05925 36.283 -21.8482 1.03953 0 -3.9 0 0.406813 0.892294 0.195743
-1.3015 43.6787 2.10525 0.178728 -0.323414 4.5 0 0.108114 0.994124 0.00532239
-13.497 21.162 -11.184 0.825477 0 -3.9 0 -0.655841 -0.594798 0.464853
6.3525 15.2563 -5.89925 0.507137 0 -3.5 0 0.180265 -0.351649 -0.918612
2.0825 10.4995 -3.071 0.568452 0 -3.9 0 -0.432346 -0.731253 -0.527585
-10.8525 33.8727 -15.222 0.606676 0.131422 -1.48097 0 -0.90193 -0.338032 -0.268805
-4.153 41.7845 -14.987 -0.394003 -0.0890971 -1.3 0 -0.217275 0.833719 -0.507645
7.93475 13.5725 4.69025 0.300209 0 3.8 0 0.632376 -0.651031 0.419832
-2.7205 14.471 -7.3235 0.268152 0 2.8 0 -0.117758 -0.814121 0.56863
-4.1085 43.9605 -8.3225 1.03461 0 -3.9 0 0.47145 0.794494 0.382773
11.3955 19.964 -10.477 0.00701276 -0.0643543 -3.5 0 -0.130243 -0.560261 -0.818013
-0.3455 46.219 -2.9425 -0.713344 0 -3.5 0 -0.49108 0.871063 -0.00949738
-8.5395 16.5815 -20.6345 -0.046959 -0.0149399 -0.409453 0 0.726506 -0.390807 -0.565206
10.778 16.2645 -1.4205 -0.497122 -0.366122 -3.9 0 0.488205 -0.344676 0.801782
1.2695 18.3965 13.962 -0.624608 -0.840454 -3.5 0 0.279757 -0.895431 -0.346322
10.497 39.174 -4.1415 0.146399 0 -3.9 0 0.526123 0.820244 -0.224488
13.6897 39.562 1.5885 0.11441 0 2.8 0 0.60724 0.654231 0.450822
-0.9495 42.4077 -9.6815 -0.1271 -0.0493179 -1.10698 0 -0.171928 0.73311 0.65802
-8.12175 29.7703 2.2155 0.370683 0 4.5 0 -0.824177 0.210818 0.525631
20.377 24.664 13.8877 0.291739 0 -1.3 0 0.300937 0.876753 0.375154
6.12075 29.13 -19.2017 1.00041 0.496954 -3.5 0 -0.327975 0.819121 -0.47061
3.25525 32.7885 -17.2865 0.899109 0 -4.03425 0 -0.417776 -0.43974 -0.795042
-6.551 42.8685 -13.8903 0.965783 0.0578629 -3.5 0 0.0997618 0.994644 -0.0270526
-9.49875 40.3587 -9.93875 -0.763043 -0.0361819 -0.9 0 -0.82473 0.565526 0.000824135
-7.5805 19.102 15.453 0.200247 0 4.2 0 -0.516599 -0.758007 0.398184
22.284 31.431 6.59375 0.93381 0 -0.4 0 0.145382 0.686995 0.711971
19.0282 24.6835 7.04975 0.656297 0 0.575369 0 0.817682 0.273477 -0.506564
9.26975 32.5127 12.0317 -0.177765 -0.0839751 -1.6 0 0.0652639 0.16436 0.984239
-14.8915 14.129 -13.8868 1.73479 0.925007 -3.9 0 -0.526966 -0.565068 -0.634827
-11.8837 21.529 -3.542 -0.181089 -0.592267 -0.8 0 -0.492985 -0.864639 0.0967735
13.411 27.1033 -9.8355 -1.05178 -0.0787737 -3.5 0 0.827653 0.383038 0.41021
-20.2132 17.4932 -19.182 0.237267 0 -0.9 0 -0.551549 -0.472121 -0.687673
-1.2755 18.1705 13.3545 -0.0893526 0 -3.5 0 0.0278057 -0.980501 0.194537
5.9575 39.777 12.5125 1.69777 0 -3.9 0 -0.344671 -0.712336 0.611375
-12.4003 15.124 -16.1658 -0.0673028 -0.756603 -1.3 0 -0.872667 -0.144124 -0.466563
-11.2177 22.8988 -18.943 0.616305 0 -0.8 0 0.0958771 0.913541 -0.395284
-8.1325 27.463 -21.8225 0.467876 -0.0434423 3.59893 0 -0.0997597 -0.654702 0.749276
9.90475 26.9242 -16.272 0.277257 0 -3.5 0 0.729114 -0.324959 -0.602324
-5.524 37.652 -20.145 0.365315 0 -3.5 0 -0.611668 0.620397 -0.490886
-15.824 29.478 -9.5095 0.721429 0.00502055 1.40681 0 -0.478257 0.25845 -0.839329
15.7432 32.108 -2.22775 0.752567 0.928985 -3.9 0 0.885487 0.0816098 -0.457442
-0.8445 42.0037 16.3857 -0.668649 -0.06355 -0.8 0 0.158043 -0.594973 0.788054
-13.9983 15.1868 -20.6105 -0.408487 -0.389343 -0.9 0 -0.0253659 -0.999625 0.0103081
2.14212 34.2174 13.1885 0.613748 -0.283568 -1.98721 0 0.547348 0.810247 0.209547
-7.183 27.0457 -22.2418 0.427057 0 3.8 0 0.0405017 -0.941236 0.335314
-11.2395 17.877 -24.266 0.536492 0 -0.9 0 0.499317 0.122618 -0.857699
15.345 34.2705 -5.313 2.40298 0.674434 -3.9 0 0.518739 -0.142755 -0.84293
11.651 27.599 -7.189 -0.199681 0 -3.5 0 0.87819 0.0763864 -0.472172
3.3285 21.7283 15.945 -0.00965908 0 -3.5 0 0.530401 -0.750641 0.39397
-14.871 25.1905 -10.7495 0.402574 0 -3.9 0 -0.441077 -0.0511408 -0.896011
-3.261 14.1675 -10.5072 0.078101 0 2.8 0 0.0366722 -0.988615 -0.145929
-10.2043 34.126 -19.896 0.481064 0.032543 -1.03853 0 -0.788052 -0.143841 -0.598568
9.1515 38.4125 -11.2865 0.0246798 -0.894092 -3.2 0 0.566715 0.674392 -0.473319
18.7847 20.7335 15.3088 -0.941182 -0.0100282 -1.3 0 -0.103309 -0.980511 0.167109
6.7605 40.838 -9.393 0.388858 0 4.2 0 0.544899 0.723086 -0.424536
-8.976 40.131 -13.2245 0.819552 0.0649271 -3.5 0 -0.630136 0.769881 -0.101054
-6.091 38.3597 -17.7615 -0.414797 0 -3.5 0 -0.457219 0.748514 -0.48029
3.5615 40.743 15.9485 0.43199 0 -3.9 0 -0.216601 -0.893097 0.394286
12.6178 29.4867 -13.219 0.683326 0 -3.5 0 0.903721 0.280065 -0.32381
-3.96775 15.0483 -7.17075 0.217268 0 2.8 0 -0.45257 -0.644097 0.6167
4.39625 38.337 11.469 0.102464 -0.0734041 -4.5 0 0.528357 -0.635064 0.5635
10.591 21.775 -11.619 -0.577155 -0 -3.5 0 -0.0735682 -0.262781 -0.962047
13.5655 20.558 -10.2035 0.392266 0 -3.5 0 0.536538 -0.13332 -0.833278
-0.8755 20.3167 -19.1857 1.67309 0.89345 4.2 0 0.319641 -0.943234 0.0902211
13.6865 40.422 0.526 0.305936 0 2.8 0 0.332278 0.921513 0.201012
-5.124 46.4548 15.0597 -0.308194 0 1.9 0 -0.112259 0.526396 -0.842796
-5.62075 14.9323 -8.1375 -1.56455 -0.228652 -3.5 0 -0.176743 -0.620906 0.7637
12.5995 15.7148 -4.08975 0.39039 0 -3.9 0 0.207296 -0.974386 0.0871803
-1.53975 43.4135 0.7105 0.133912 0 4.5 0 -0.0404977 0.998543 0.0356636
-10.8532 20.4548 -7.342 0.926619 0.068456 2.8 0 -0.786954 -0.5854 0.194963
-8.39725 32.839 -27.7118 0.549537 -0.207125 -0.8 0 -0.371819 -0.681942 -0.629845
8.8845 25.723 -16.742 -0.855424 -0.146293 -3.5 0 0.747718 -0.648355 -0.143366
-2.4765 22.9215 14.6027 1.26071 0 -3.05584 0 0.756348 0.544731 0.362224
7.7775 35.8985 -21.355 1.7445 0.516736 -3.9 0 0.186655 0.918539 -0.348491
8.425 39.366 2.033 0.629857 -0.920461 2.8 0 -0.328291 0.94354 -0.0442397
17.9925 33.2015 2.3195 0.529118 0 -0.8 0 0.189743 0.827965 0.527705
-17.143 32.951 -5.035 0.640857 0 -3.5 0 -0.794729 0.248976 -0.553549
5.6535 15.1473 7.95375 -0.228612 -0.679595 3.8 0 -0.22972 -0.945974 0.228826
-7.7865 42.404 -13.5785 0.911679 0.107117 -3.5 0 -0.76805 0.622215 0.151482
14.5013 40.0947 -1.96525 0.593266 0 2.8 0 0.470085 0.717558 -0.513937
-5.7575 18.445 -6.43225 0.798782 0 -1.6 0 -0.198395 -0.792735 0.576378
15.506 22.339 -6.757 1.24154 0.243974 -3.5 0 0.510933 0.798572 -0.318169
-12.7802 15.1978 -10.8745 2.0818 0.054403 -3.9 0 0.19519 -0.559884 0.805252
-1.4085 19.904 -16.6005 0.214214 -0.407507 4.2 0 0.406885 -0.877323 -0.254456
-6.7275 39.1698 13.9853 0.344965 0 -4.5 0 -0.860551 0.348931 0.371079
15.1595 15.8885 -4.8935 1.2591 0.642114 -3.9 0 -0.0578671 -0.834164 -0.548473
8.34475 36.1535 13.3853 0.605541 0 -1.6 0 -0.314892 -0.620658 0.718071
7.037 23.3962 -17.7665 0.687645 0.227889 -3.5 0 0.735948 -0.664546 0.129459
12.621 16.6945 5.2725 0.934718 0 -3.9 0 0.0450444 -0.700043 -0.712678
20.368 29.553 6.83425 1.32516 0 -0.4 0 0.307867 0.00585812 0.951411
-15.563 36.352 0.97225 0.338642 0 -3.5 0 -0.518594 0.85497 0.00930882
-4.42475 28.1173 -22.2612 1.06194 0.029337 0.821549 0 0.505722 -0.779796 -0.369003
12.707 22.9659 -7.513 1.47442 0.380469 -3.5 0 0.786744 0.59881 0.149867
10.0181 19.9254 -1.156 0.146624 -0.216949 4.14631 0 0.291846 -0.626661 0.72258
-1.78688 43.626 -0.737 -0.133128 0 0.862499 0 -0.699106 0.714997 -0.0054337
-15.5135 20.691 -17.2645 0.631837 -0.63059 -3.03975 0 -0.54787 0.141688 0.824477
-11.3376 36.968 -12.767 0.193316 0 -3.5 0 -0.745176 0.519468 0.41817
9.45438 16.4363 6.427 0.64873 0 -3.9 0 0.535722 -0.793678 -0.28823
2.59188 10.1886 0.649562 2.15958 0 -3.9 0 -0.646811 -0.336126 0.684584
-16.2889 19.1906 -25.4875 0.0671624 0 -0.9 0 -0.117421 0.168202 -0.978734
-10.679 36.903 2.59 3.03301 0.0139477 -3.9 0 -0.841977 0.539421 0.00996962
17.6197 16.4398 -5.41575 3.00948 0.0596006 -3.9 0 0.507469 -0.554133 -0.659858
-1.604 24.1325 13.479 1.8963 0 -0.8 0 0.408717 0.0805154 0.909103
18.6441 32.4367 -0.784375 0.331303 -0.233297 -0.8 0 0.255312 0.496151 -0.829849
-3.1305 34.6285 -23.821 0.557793 0 -3.9 0 -0.649961 0.567224 -0.505775
-1.13363 39.0607 13.8328 1.52578 0 -4.5 0 0.226804 0.0599747 0.972092
5.53613 22.7064 -15.0991 0.649719 0 1.8 0 0.317039 -0.943517 0.0962366
21.6852 22.3014 9.52675 -0.0392867 0 -1.3 0 0.965367 0.24147 -0.0987843
2.16363 9.89363 -2.05225 1.3611 0 -3.9 0 -0.539534 -0.741508 -0.398834
4.79488 41.1486 -5.70038 0.0166446 0 4.2 0 0.247212 0.968932 0.00758467
7.31525 13.283 1.78525 0.230733 0 3.8 0 0.476175 -0.766967 -0.430139
-16.9114 28.8489 -5.13938 0.928537 0 -0.764847 0 -0.797143 -0.570436 0.197902
13.2151 33.4726 0.446 1.05644 0 1.8 0 0.999738 0.0227889 0.00208608
11.3427 30.7796 -9.61812 0.264667 0 3.8 0 0.987218 0.0907147 0.13104
1.31244 12.5791 -3.95281 0.844198 0 -3.9 0 -0.285147 -0.471825 -0.83431
-0.95 28.0163 -18.8608 0.24004 -0.0927607 -3.85688 0 -0.0211895 -0.564776 -0.824972
1.82263 15.2078 5.87075 -0.675279 -0.236367 -4.18259 0 -0.510788 -0.827897 -0.231696
-8.84375 26.7016 3.90475 0.259989 0 -0.9 0 -0.467104 0.571422 0.674753
-5.17462 19.8819 -24.8272 0.795906 0 -4.5 0 -0.00186816 -0.499168 -0.866503
-2.879 16.397 -1.47425 -0.00501938 0 -0.7 0 -0.0701536 -0.948305 -0.309508
18.4342 28.647 -1.193 0.173899 0 -0.706204 0 0.904525 0.0367065 -0.424838
12.4755 37.4775 -5.08475 0.827929 0 -3.9 0 0.469564 0.580713 -0.665043
21.4384 22.9587 10.409 -0.436326 0 -1.3 0 0.95753 0.283744 0.0512384
-2.95837 15.0056 -12.8223 0.316081 0 -4.5 0 -0.456968 -0.871211 -0.179365
-0.86 36.358 -21.291 0.874917 0 -3.9 0 0.462477 0.885015 -0.0535034
7.61275 43.753 15.3515 0.874671 0 -3.9 0 0.458153 0.825898 0.328617
19.6006 31.7411 3.58975 1.32576 0.113456 2.5 0 0.286914 0.939218 -0.188549
16.3055 32.5174 0.5105 0.669239 0 -0.8 0 -0.86784 0.495764 0.0327489
3.533 44.6849 10.3721 0.82284 0 3.8 0 0.0543021 0.939513 0.338181
-4.92987 36.0351 13.1753 0.601558 0 -3.89229 0 -0.251559 -0.392227 0.884803
-7.42588 19.0012 -6.23625 0.352841 0 2.8 0 0.124909 -0.500661 0.856584
0.996312 30.9131 16.7986 1.20398 0 -3.9 0 0.34307 -0.709581 0.615465
3.2515 26.3641 13.8993 0.2985 0 -3.5 0 -0.246139 0.897615 0.365655
6.8635 36.5892 -19.0975 0.997349 0 -3.9 0 0.378255 0.916787 -0.128157
-11.621 29.5245 1.522 0.752139 0 -3.9 0 0.371274 -0.0454197 0.927412
18.204 26.262 4.319 1.03968 0 2.5 0 0.699281 -0.482265 -0.527661
19.1432 31.2533 6.179 1.60216 0 2.5 0 0.323058 0.725212 0.608031
8.80125 14.2849 -4.68087 -0.0475631 -0.0967679 -2.98186 0 0.784179 -0.554858 -0.277842
-10.0579 25.7926 -16.613 0.976883 0 -3.9 0 0.144597 0.257425 -0.955418
-9.68075 18.4816 -5.92562 0.441517 0 2.8 0 -0.636342 0.0533237 0.769562
4.11888 18.7786 11.2211 1.2542 0 -4.37132 0 0.325815 -0.338612 0.882716
-1.42675 34.887 -25.1752 1.69901 0 -3.9 0 -0.47929 -0.0584926 -0.875705
-2.4405 14.6299 -13.6484 0.85144 0 -4.5 0 -0.580842 -0.797683 -0.162249
-0.1375 43.5423 -13.4038 0.259251 0 -0.7 0 -0.558327 0.783898 -0.271614
18.5163 20.2515 8.0155 0.0201185 -0.428662 -2.57371 0 0.127453 -0.990422 0.0531129
18.545 26.5555 6.878 0.685838 0 2.5 0 0.912338 -0.0576383 0.405361
13.2358 23.0011 3.7415 1.35402 0 3.8 0 0.921845 -0.37983 -0.0770157
1.584 19.3386 -11.834 1.03432 0.130156 -4.5 0 0.970604 0.043968 -0.236634
3.2335 44.3991 -4.21688 0.0444175 0 -3.5 0 0.630481 0.501356 -0.592567
5.61375 40.4766 13.5416 2.52575 0 -3.9 0 -0.257508 -0.941855 0.215866
8.59638 16.0104 3.12575 0.401892 0 3.8 0 0.973587 0.0766347 -0.215071
7.19775 19.7297 13.1095 0.351378 0 4.5 0 0.0672791 -0.918472 0.389722
4.62475 41.0612 -6.71125 -0.0505543 0 4.2 0 0.0806132 0.995158 -0.0562393
10.6211 39.3553 -2.52737 0.214557 0 -3.9 0 0.421533 0.864494 -0.273788
13.8027 30.7759 -6.05125 0.610068 0 2.8 0 0.538638 0.0959144 -0.83706
17.7922 26.2795 -4.27175 1.00722 0 -1.6 0 0.84923 -0.0176211 -0.527729
-5.46413 16.1165 -12.9882 0.0670274 -0.105706 -1.72183 0 0.208065 -0.608235 -0.766002
-4.292 19.924 -20.4246 0.325755 0 -0.50936 0 0.218111 -0.945265 0.242698
-1.9495 23.196 -23.1362 0.51461 0 -4.5 0 0.0251291 0.608169 -0.79341
-15.4291 28.3398 -1.839 0.948524 0.0766354 -3.54513 0 -0.1744 -0.981467 0.0794199
-16.3465 30.58 -7.207 0.81242 0 1.8 0 -0.715104 0.650459 -0.255989
14.0645 21.2291 -9.63444 0.515709 0 -3.5 0 0.599712 0.197586 -0.775439
6.8325 41.4529 8.10375 1.01509 0 2.38377 0 0.581478 0.306528 -0.753607
12.5632 22.1992 1.79075 0.927162 0.0860846 3.0953 0 0.76307 -0.620258 -0.181671
3.34325 48.2265 13.8127 0.464774 -0.362456 -0.8 0 -0.198467 0.824214 -0.53036
-2.43812 40.5104 -15.9508 -0.00578777 -0.114848 -1.3 0 -0.0926582 0.654512 -0.750352
-0.6435 12.8245 -1.79994 0.385015 0 -3.9 0 -0.928014 -0.353519 0.117535
-15.8325 32.6765 -7.2605 0.224009 0 -3.5 0 -0.95179 -0.119145 -0.282665
19.8333 24.995 9.3975 0.42123 0 -1.3 0 0.364407 0.901456 -0.233632
23.9615 28.2862 6.524 2.83775 0 -0.4 0 0.279863 -0.548516 0.787913
-8.31675 23.3657 -24.0802 0.96128 0.599662 -4.5 0 -0.600926 0.612688 0.513324
-9.475 27.798 -16.0049 0.513455 0 -3.9 0 -0.218796 -0.0552832 -0.974203
9.01775 21.4328 2.28063 0.762001 0 3.8 0 0.507118 -0.821749 -0.259924
20.275 28.814 3.217 1.09599 0 -0.4 0 0.586789 -0.320678 -0.743534
-8.717 41.7285 -6.388 0.635621 0 -0.7 0 -0.703378 0.480738 -0.523593
-9.79838 38.5734 -5.75112 0.499622 0 -0.7 0 -0.888399 0.453978 -0.0681966
16.531 25.1376 13.2139 0.873066 0.253461 -1.3 0 0.22114 0.95858 0.179504
8.3195 38.2915 14.1935 0.567396 0 -1.6 0 -0.0789001 -0.144298 0.986384
6.56519 26.5637 14.9018 -0.60997 -0.858456 -3.5 0 0.104031 0.87848 0.466315
6.10475 42.2104 17.3162 0.511726 0 -3.9 0 -0.107731 -0.260458 0.959456
12.4938 25.1407 -8.56837 0.0157405 0 -3.5 0 0.937567 0.185364 0.294294
-16.061 19.7327 -9.08237 3.62032 0 -3.9 0 0.129055 -0.991551 0.0130712
-1.03825 15.7301 -5.72925 0.136962 0 2.8 0 -0.60012 -0.685256 0.41265
13.1715 20.1542 8.878 0.242415 0 -3.9 0 0.332545 -0.228337 0.915028
-7.7225 42.679 -8.72425 2.18997 0.75054 -3.9 0 -0.901633 0.253148 0.350676
17.3207 24.8983 14.0667 0.79939 0.512691 -1.3 0 0.12804 0.88527 0.447106
18.8305 29.5645 -0.8665 0.475059 0.517636 -0.8 0 0.748245 -0.420707 -0.512966
11.1123 16.5731 9.72838 0.520034 0 -3.9 0 0.144018 -0.684476 0.714669
-7.41275 25.4115 8.10388 0.197273 0 -0.9 0 -0.955925 0.184028 0.228781
-16.2139 34.2064 -2.28012 1.45382 0.154565 -3.5 0 -0.868919 0.480026 -0.120644
-15.1012 28.6127 1.9095 0.742349 0 -3.9 0 0.0335899 -0.729478 0.683179
-5.6555 39.6305 6.317 0.325245 0 -3.5 0 -0.835562 0.525209 -0.16122
-6.93787 41.637 12.5234 -0.503106 -0.678227 2.14457 0 -0.986295 -0.152645 0.0626308
-9.49413 22.026 0.586 0.0486002 0 -0.877348 0 -0.555787 -0.83092 0.0259377
7.90887 24.4193 14.5422 -0.13108 0 4.5 0 0.543518 0.0908103 0.834471
5.35 42.6077 5.6335 3.90306 0 -3.9 0 0.842751 0.536461 0.0445143
3.668 14.779 9.157 0.189707 0 -4.5 0 0.561493 -0.771029 0.3004
3.097 29.1095 13.466 0.433424 0 -1.3 0 0.0740137 -0.674109 0.734914
15.7566 24.8284 1.34537 0.34068 0 -0.7 0 0.332501 -0.919338 0.210381
18.2812 16.595 -4.30325 2.51356 0.0991781 -3.9 0 0.877207 -0.479115 -0.0309292
-12.803 27.3525 0.09475 -1.0376 -0.178274 -3.9 0 -0.643161 -0.738755 0.201457
-4.2255 43.05 -0.314 0.247464 0 4.5 0 -0.476104 0.827415 -0.297843
-14.702 29.462 2.279 0.738181 0 -3.9 0 0.266639 -0.305625 0.914055
13.7265 25.0697 -5.6145 0.400119 0 -1.6 0 0.190174 -0.308842 -0.931907
13.523 22.9276 1.92912 0.760414 0 3.8 0 0.749137 -0.662334 -0.010399
17.4446 23.7083 5.54287 1.30757 0.487055 -1.37658 0 0.475271 -0.404017 -0.781593
6.45675 39.3252 3.27325 0.961695 0 2.8 0 0.346341 0.840633 -0.416393
-1.99275 45.264 12.6235 0.824941 0.0489114 -0.185838 0 -0.267956 0.920092 -0.285711
-13.7397 32.528 1.99787 0.336682 -0.0242595 -3.61486 0 -0.0140572 0.0296122 0.999463
1.376 19.1255 -13.26 1.71278 0 -4.5 0 0.921614 0.211514 -0.325408
11.6406 38.4017 11.089 1.02255 0 -1.6 0 0.722964 0.647954 0.23975
2.42738 15.6369 1.27213 0.238432 0 -3.5 0 -0.393643 -0.65606 0.643918
-6.364 22.34 8.441 0.665429 0.875097 -0.9 0 -0.708384 -0.680395 -0.18776
-15.1392 14.8195 -10.9675 2.76053 0.153905 -3.9 0 -0.521857 -0.356926 0.77477
-10.551 27.8275 -16.0895 1.34585 0 -3.9 0 0.0533369 0.304013 -0.951173
-13.765 15.743 -23.1945 0.297455 0 -0.9 0 0.105854 -0.986663 -0.123657
17.2682 24.4746 4.65538 1.10828 0 2.5 0 0.533076 -0.631298 -0.563288
8.9605 39.4725 -10.2024 -0.796317 -0.18102 -3.2 0 0.364873 0.879015 -0.306922
14.6292 23.7267 -0.45925 -0.188938 0 2.09052 0 0.488546 -0.783406 0.384185
5.82825 13.1285 3.5475 0.335172 0 3.8 0 -0.195594 -0.977463 0.0794331
1.13375 45.3438 -1.18925 -1.11269 0 -3.5 0 0.155293 0.744735 0.649041
5.96375 37.1123 10.3806 0.823341 0 -1.3 0 -0.317692 -0.15154 0.936006
-8.941 34.4599 3.0485 1.56481 0.140917 -1.32235 0 -0.606022 -0.52916 0.593908
13.6779 16.823 -5.40438 0.74811 0 -3.9 0 0.0651739 -0.707498 -0.703704
-1.1455 44.6875 -3.2425 -1.9369 -0.167153 -3.5 0 -0.933504 0.301179 -0.19458
3.22362 22.9235 -13.4329 0.324881 0 1.8 0 -0.196814 -0.976453 0.0883392
16.6605 28.427 10.7765 1.58979 0 -3.9 0 0.711618 -0.580213 0.396172
-2.62575 36.4243 13.1927 0.928295 0 -2.1141 0 -0.0894057 -0.299341 0.949948
5.86675 20.6235 -11.2541 1.06514 0 -4.5 0 0.301795 -0.281048 -0.911006
18.0243 33.545 0.973 0.377788 0 -0.8 0 0.287551 0.957583 -0.0186764
8.578 31.6579 -14.8475 0.417462 0.0728029 -3.43556 0 0.433177 0.33402 -0.837131
3.5825 41.2759 -8.02225 -0.925954 0 1.56036 0 0.343964 0.938648 -0.0250955
19.7307 28.723 6.68412 0.675705 0 0.215056 0 0.352604 -0.435454 0.828281
-14.9479 15.9043 -22.9667 0.203457 0 -0.9 0 -0.449176 -0.885944 0.11552
16.4503 20.4965 -4.95363 1.03657 0 -3.74188 0 0.831176 0.552957 -0.0581778
-9.60375 39.777 -12.367 0.957063 0.464314 -3.5 0 -0.683308 0.70823 0.177481
15.1967 16.4993 8.51925 2.84092 0.0869096 -3.9 0 0.622658 -0.553662 0.552952
3.326 14.0415 8.08675 0.37647 0.00371332 -4.5 0 0.431185 -0.891765 0.137241
14.1353 24.2143 -5.1975 0.536575 0 -1.6 0 0.0533718 -0.13337 -0.989628
-11.9709 28.0821 -13.4001 2.59582 0 -3.9 0 -0.259374 0.765955 0.58825
-6.50425 35.9005 -22.5071 0.210885 0 -0.8 0 0.337632 0.913947 -0.225179
-7.716 19.0689 -23.1092 0.407268 0.580586 -4.5 0 -0.10896 -0.81114 -0.574612
4.237 37.8029 -16.7875 1.35256 0.0764982 -2.88903 0 0.443225 0.46916 -0.763833
8.52025 36.2345 -13.9167 0.826506 0 -1.54356 0 0.872705 -0.114588 -0.47461
-8.583 21.2935 2.7885 0.292978 0 -0.9 0 -0.368514 -0.808273 0.45923
19.187 26.288 5.599 0.65736 0 2.5 0 0.845467 -0.534028 0.000658313
11.133 15.3492 -4.716 0.137995 0 -3.9 0 0.401558 -0.890506 -0.213893
-2.62525 42.8669 -3.51038 0.043615 0 -0.8 0 -0.289158 0.928174 -0.234268
-8.9935 38.7395 2.848 1.7125 0 -3.9 0 -0.522234 0.807041 0.275603
-12.372 24.119 -1.488 0.31651 0 -0.8 0 -0.890944 0.15026 0.428533
-1.52363 16.849 -14.9156 0.714155 0 -4.5 0 -0.228788 0.0677997 -0.971112
-1.482 42.4977 -4.82625 -0.225127 -0.0496966 -3.9 0 -0.44346 0.680168 -0.583708
-8.30725 43.276 10.859 0.306359 0 4.2 0 -0.948989 -0.313731 0.0314966
15.9478 17.3738 6.91 2.65601 0.0772461 -3.9 0 0.932442 -0.358522 0.0448665
15.925 21.357 -4.78 1.14762 0 -3.5 0 0.889355 0.36721 0.272407
-6.91119 26.5301 12.6876 1.40853 0.819429 -0.9 0 -0.9723 0.214903 0.0919163
10.4805 15.2675 -6.018 -0.834165 -0.0588078 -0.580312 0 0.50635 -0.7974 -0.328274
-7.7295 43.8195 11.9038 0.291248 0 4.2 0 -0.790845 0.0804064 0.606712
-14.2345 26.988 -13.802 3.25447 0.197682 -3.9 0 -0.979511 -0.128849 0.154779
23.5315 27.444 5.71 2.62597 0 -0.4 0 0.438834 -0.868736 0.229616
-16.4508 28.0327 -0.47625 1.62282 0 -3.9 0 0.139782 -0.980177 -0.140408
-6.43225 22.564 9.919 0.300971 0.325506 -0.9 0 -0.888369 -0.439852 -0.131647
-8.3125 21.6397 -25.4387 0.502931 0 -4.5 0 -0.416522 -0.024284 -0.908801
-6.008 21.746 9.2465 0.0279059 -0.000909256 -0.431724 0 -0.860483 -0.35659 -0.363885
15.6905 32.8268 10.0857 1.84967 0.800877 -3.9 0 0.426783 0.862613 0.271579
0.94775 46.3885 16.1213 0.717271 0 -0.8 0 -0.658189 0.407768 0.63286
-8.75575 20.9976 1.58575 0.301155 0 -0.9 0 -0.476845 -0.878081 -0.0398968
4.87862 31.7996 11.0946 0.393165 0 4.5 0 0.395787 0.5848 0.708069
14.3132 38.6893 1.52262 -0.0941447 0 2.8 0 0.703827 0.477273 0.526153
6.55075 36.0371 10.6845 0.621462 0 -1.51176 0 -0.457863 -0.205353 0.864981
10.124 24.281 -12.575 -0.196364 0 -3.5 0 -0.191956 -0.592907 -0.782058
-17.3097 29.9525 2.395 2.15799 0 -3.9 0 -0.273873 0.0987924 0.956679
-8.09175 40.7407 -8.3665 0.989539 -0.12452 -0.831428 0 -0.855702 0.517448 -0.00453876
7.95813 40.1425 -3.8685 -0.501824 0 -3.9 0 0.0609015 0.98227 -0.177304
8.798 27.3565 14.6391 0.154076 0 4.5 0 -0.203132 0.063719 0.977076
-11.012 21.3565 -2.33825 -0.0842507 0 -0.8 0 -0.10472 -0.984205 0.142741
20.2225 23.3166 7.36825 0.486868 0 -1.3 0 0.503151 0.537619 -0.676613
1.7435 36.4995 -23.5923 2.59366 0.219743 -3.9 0 0.8365 0.53682 0.109965
0.059 28.627 12.287 -0.0171293 0 -2.15135 0 0.308133 -0.28225 0.908509
4.608 26.209 15.1461 -0.864563 -0.101686 -3.5 0 -0.198594 0.975664 0.0929552
1.80225 47.0581 16.4237 0.37615 0 -0.8 0 -0.59349 0.435045 0.67713
3.50775 33.554 -18.2055 0.835569 0 -3.9 0 -0.527994 -0.440332 -0.726175
15.2431 30.9981 -4.69175 0.579144 0 2.8 0 0.789631 0.403685 -0.462084
15.212 17.877 -5.8275 1.61505 0.0232376 -3.9 0 0.0818379 -0.426775 -0.900647
2.91975 20.2105 17.475 0.152717 0 -3.5 0 0.993859 0.0514873 0.0979469
-14.578 26.9489 -5.56687 1.22433 0.1778 1.2824 0 -0.672671 -0.60141 0.431068
-4.4795 22.732 -25.182 0.778123 0 -4.5 0 0.552138 0.22267 -0.803469
-8.54313 31.6217 2.205 0.351122 0 4.5 0 -0.680435 -0.392774 0.618658
-12.1632 37.063 -10.0837 0.909769 0.059427 -0.9 0 -0.624778 0.66755 -0.405006
2.1155 16.5287 -12.1458 0.94108 0 -4.5 0 0.991053 0.0624332 0.117967
-4.4215 41.6577 15.7948 0.552915 0 1.9 0 -0.232695 -0.571734 0.786749
1.75863 17.892 -11.5654 0.840072 0.652704 -4.5 0 0.99687 0.0719605 0.0327306
20.9735 30.8875 2.917 0.832378 0 -0.200474 0 0.390385 0.545948 -0.74131
12.7929 15.9452 7.0755 1.74765 0 -3.9 0 -0.0694575 -0.957732 -0.27915
-3.85975 20.23 8.78675 -0.608619 -0.42741 -0.4 0 -0.247763 -0.609981 -0.752687
18.5391 24.031 6.29375 0.858851 0.145858 1.348 0 0.767977 -0.0657692 -0.637091
3.9875 35.1135 10.3069 0.47861 0 -1.3 0 0.176738 -0.00157925 0.984257
-0.764625 14.4391 -8.38625 0.198103 0 1.27716 0 -0.119589 -0.992102 0.0378495
-9.5155 37.222 -1.7085 0.51118 0 -3.9 0 -0.920909 -0.0312203 0.388525
-9.46712 25.5834 4.09713 0.315873 0 -2.86512 0 -0.712085 0.0479315 0.700455
-10.019 39.6725 -13.5535 1.19778 0.576248 -3.5 0 -0.568187 0.794111 -0.215758
-8.6925 22.3298 -23.245 0.557001 0 -4.5 0 -0.82063 0.520568 0.235742
14.0068 23.2952 0.20825 0.475436 0 3.8 0 0.659872 -0.711629 0.241148
-9.38025 30.039 -23.1817 0.508339 0 3.8 0 -0.566585 0.75739 0.324564
-3.97012 42.127 -13.8689 -0.129226 -0.0899761 -1.3 0 -0.322166 0.944026 0.0708859
-17.3885 31.6928 -3.61125 1.31865 0.0104562 -3.5 0 -0.957646 0.278282 0.0739743
-14.1178 21.9265 -19.5201 1.21522 0 -0.8 0 -0.247196 0.963318 0.104465
-12.962 27.4272 -1.4585 0.506613 0 -3.65634 0 -0.725683 -0.575712 0.376749
15.4998 28.6162 -5.1545 0.464049 0 2.35131 0 0.348884 0.244914 -0.904598
9.62725 36.3429 13.5936 0.622821 0 -1.6 0 0.0483109 -0.476083 0.878072
-6.558 44 15.3585 0.382836 0 1.9 0 -0.993699 0.0449755 0.102661
-9.16988 21.6566 -24.4244 0.620334 0 -4.5 0 -0.937597 0.0800973 -0.338374
6.2915 10.9432 -4.1605 -1.23982 -0.103648 -3.5 0 -0.135867 -0.548853 -0.824803
-7.45 42.4432 11.4888 0.277074 0 4.2 0 -0.871763 -0.454421 0.183115
-6.26762 26.7755 -25.528 0.455536 0 3.8 0 0.781475 -0.544426 -0.304791
4.2015 12.959 2.39412 0.463124 0.331262 -0.301249 0 -0.486222 -0.635711 0.599549
-5.9015 21.7755 -25.5795 0.261947 0 -4.5 0 0.124948 -0.125495 -0.984195
4.0045 41.0737 -9.10112 0.215429 0 4.2 0 0.287201 0.950092 -0.121825
5.6435 41.4711 6.34987 3.80654 0 -0.422812 0 0.980488 0.140373 -0.13762
2.574 40.0844 -17.6926 0.808 0 -3.5 0 0.117801 0.212318 -0.970074
0.09775 19.8975 2.47475 -0.318465 0 -3.5 0 -0.800547 -0.473448 -0.367385
11.8006 39.2692 -2.09437 0.434218 0 2.8 0 -0.140677 0.82102 -0.553296
9.98175 31.023 -14.8038 -0.707007 -0.0923176 -3.5 0 0.343224 0.445804 -0.826714
12.8503 17.3554 -7.44938 -0.340444 0 -3.5 0 0.508276 -0.861179 0.00504825
-11.4695 35.3158 -15.1987 0.437636 0 -3.5 0 -0.957287 -0.264605 -0.116559
-4.73212 19.2794 -17.6817 0.308777 0 4.2 0 0.279628 -0.956561 -0.0824603
-8.26213 28.7951 2.783 0.484427 0 2.23694 0 -0.511083 0.473312 0.717475
8.57475 35.3854 12.4491 0.482514 0 -1.6 0 -0.370282 -0.575804 0.728931
14.1147 19.7522 -9.56519 0.534811 0 -3.5 0 0.507889 -0.273761 -0.816764
9.058 13.163 -3.01 -1.08186 0 -3.5 0 0.978736 0.0235866 -0.203765
-6.951 42.3377 13.2915 -1.14493 0 1.9 0 -0.975199 0.167607 0.144549
17.13 21.3229 14.1707 -0.582218 -0.127192 0.951621 0 -0.381412 -0.789866 0.480246
-5.62937 36.8527 -20.8344 0.4206 0 -3.5 0 -0.461008 0.691272 -0.556431
17.9245 27.7817 -2.63025 0.643606 0 -0.7 0 0.836246 0.381105 -0.394274
-15.6779 22.3776 -10.6939 1.5374 0 -3.9 0 0.191766 -0.275618 -0.941945
7.4125 18.2253 10.9386 0.576983 0 -2.31955 0 -0.253098 -0.5692 0.782274
-11.315 31.2612 1.16175 0.444122 -0.303776 -3.69985 0 0.607909 -0.31917 0.727033
-8.02862 43.8983 9.99675 0.342041 0 4.2 0 -0.869009 0.00756493 -0.494739
7.486 23.222 15.291 -0.166768 0 4.5 0 0.591972 0.138873 0.793904
6.6025 12.683 -0.632 -0.142527 0.382837 -3.70906 0 0.81639 -0.232287 0.528725
2.762 12.6362 0.942 0.882149 0.241265 -3.9 0 -0.528549 0.0965449 0.843395
13.5085 32.6695 10.8982 0.94307 0 -3.00171 0 0.225486 0.146717 0.963136
-6.926 15.702 -8.25138 -0.895426 -0.483557 -3.5 0 -0.321355 -0.453465 0.831324
-7.4295 17.4159 -20.2027 -0.381603 -0.0194963 -1.93821 0 0.548266 -0.621654 -0.55942
10.832 21.143 0.181 -0.301127 -0.814251 3.8 0 -0.0521936 -0.812838 0.580147
-4.76875 23.6801 -24.5039 1.01527 0 -4.5 0 0.497025 0.837856 -0.22575
7.6445 39.274 6.3415 1.31974 0.923205 -3.5 0 -0.323214 0.88806 -0.326927
0.959 29.298 -18.0289 0.860814 0.932537 -3.68133 0 0.533464 0.271183 -0.801172
-8.6495 26.4195 15.6015 -1.00275 -0.725027 -3.5 0 -0.698376 0.555427 -0.451411
14.7762 26.8058 -5.89275 0.427559 0 -1.6 0 -0.0213972 0.257018 -0.96617
-10.5693 33.622 -16.217 0.693141 0.062849 -3.28252 0 -0.853331 -0.517149 -0.0662076
18.5602 26.4802 -2.2695 0.478655 0 -0.976981 0 0.853366 0.305963 -0.422082
17.302 31.952 6.623 0.898261 0 2.5 0 0.307758 0.916377 0.256003
2.4315 15.95 3.81975 -1.06949 -0.00231258 -3.5 0 -0.488887 -0.758646 -0.430633
19.5515 25.12 -1.15838 0.542265 -0.110363 -0.7 0 0.91462 -0.0554413 -0.400495
-9.19188 32.017 -18.6963 0.633365 0 0.566458 0 -0.813506 -0.467729 -0.345597
11.2458 28.6898 -8.02325 0.129519 0 0.039327 0 0.990232 0.126795 0.0580027
11.6209 30.7706 -10.7118 0.389345 0 -1.80092 0 0.902095 -0.0944836 0.421067
-2.19325 19.9116 8.04425 -0.412148 0 1.32962 0 -0.861529 -0.34724 -0.370395
0.39075 37.0375 -25.259 2.7772 0.133445 -3.9 0 0.046606 0.827424 -0.559641
-12.9409 17.0047 -9.95662 0.824729 0 -3.9 0 -0.272109 -0.0416135 0.961366
-6.83175 27.6912 4.95937 1.058 0.816098 -4.5 0 -0.761875 0.643458 0.0742109
-6.93188 23.4947 8.20837 0.592888 0 -0.9 0 -0.902682 -0.399475 0.159955
-8.2415 26.6544 -22.9019 0.472996 0 3.8 0 0.169518 -0.846283 0.505044
11.0608 20.0519 -1.05225 -0.563568 -0.395115 3.8 0 0.139555 -0.638583 0.756793
5.16512 33.7639 9.76287 0.570758 0 4.5 0 0.151904 0.0407731 0.987554
4.19012 14.1617 6.15637 0.369143 0 3.8 0 -0.206843 -0.844017 0.494825
16.1036 23.7089 -4.32375 0.500341 0 -1.6 0 0.776319 -0.612784 -0.147728
7.902 17.808 2.3045 0.622648 0 -3.5 0 0.955463 0.252245 -0.153179
6.22025 13.4663 -5.19575 0.355425 0 -3.5 0 -0.0959935 -0.412513 -0.90588
0.299 45.7536 -5.09625 -1.3124 -0.112394 -3.5 0 -0.162846 0.571783 -0.804081
-6.73438 31.5362 -25.7704 1.05482 -0.237192 2.55237 0 0.0694338 -0.229686 -0.970785
-4.28375 31.7178 13.4583 0.470218 0 -3.9 0 -0.590177 0.0399727 0.806284
10.7537 35.3219 -9.06637 0.866862 0 -3.2 0 0.766141 0.54384 0.342442
-13.3376 22.6771 -13.3392 1.62581 0.503516 -3.9 0 -0.95805 0.286338 0.0122496
-20.742 16.6847 -16.722 0.573782 0 -0.9 0 -0.319095 -0.872828 0.369256
8.718 25.7528 -20.007 0.583013 0 -3.5 0 0.977108 0.159068 -0.141272
-1.232 16.7625 -3.355 -0.547934 -0.2439 1.34578 0 -0.771381 -0.626909 -0.109349
9.10475 32.8363 -21.7852 2.98551 0.134034 -3.9 0 0.4444 -0.601656 -0.663716
-7.963 41.9232 -2.2565 0.474835 0 -0.7 0 -0.178592 0.535712 0.825299
1.30275 44.4548 -0.6495 -0.312557 0 -3.5 0 0.155394 0.523704 0.837608
8.7525 20.823 13.9095 0.258836 0 4.5 0 0.641596 -0.573191 0.509713
-6.232 18.633 -23.4932 1.46526 0.027014 -4.5 0 -0.157713 -0.896974 -0.412995
3.28787 13.4249 -5.59075 0.840197 0 -3.5 0 0.326277 -0.908593 -0.260771
-3.7895 19.4311 -21.2992 0.935958 0 -4.5 0 -0.0619397 -0.845103 0.531003
-9.38488 29.406 -25.1443 0.441262 0 3.8 0 -0.707082 0.352205 -0.613178
2.14906 37.904 -17.7104 1.47737 0.437377 -1.57121 0 0.311582 0.336166 -0.888768
5.65938 13.9295 6.0145 0.284087 0 3.8 0 0.0864385 -0.746259 0.660019
5.42963 45.6808 14.4054 0.832655 -0.456801 -2.45922 0 0.983798 0.172663 -0.0482514
2.68088 20.2366 15.3112 0.0495858 0 -3.5 0 0.911451 -0.381262 0.154583
5.41538 41.886 -15.6333 0.742533 0 -3.5 0 0.698723 0.703501 -0.129896
15.8556 24.3878 0.226 0.290684 0 -0.7 0 0.021688 -0.897826 0.439817
-6.51188 42.8151 -3.90637 0.372761 0 -0.7 0 0.586895 0.797808 0.138043
5.901 25.7345 -21.626 0.0455183 -0.734567 -3.5 0 -0.031932 -0.143468 -0.98914
-19.3466 16.7526 -17.4039 0.411909 0 -0.9 0 0.194209 -0.935106 0.296411
3.03113 41.6572 -9.55475 0.318433 0 1.31577 0 0.757701 0.630053 0.170062
6.37962 32.4986 -17.5632 0.863652 0 -3.9 0 0.21752 -0.955755 -0.198032
12.479 32.1937 10.9878 0.979645 0 -2.86347 0 0.0755981 0.276413 0.958061
-2.50038 24.3552 14.2498 0.835926 0.551881 -0.976729 0 0.863078 0.0898659 0.497011
14.8767 32.1652 -4.38287 1.08216 0.0220213 -0.12065 0 0.831286 -0.074181 -0.550872
-2.2285 42.7905 -10.3725 0.343357 0 -2.36599 0 0.0672312 0.994471 -0.0806632
-16.2435 27.2765 -5.8485 0.904083 0 1.8 0 -0.432502 -0.670978 0.602271
7.25612 43.432 12.8103 2.48785 0 -3.9 0 0.0811532 0.989445 -0.120053
7.447 25.7651 14.9786 -0.581484 -0.139089 -1.41472 0 0.519985 0.238567 0.820184
-6.36513 22.6136 7.20962 0.149029 0.0675732 -2.96685 0 -0.400258 -0.860958 0.313919
-6.5095 38.6455 7.5115 -0.463747 -0.0751658 -3.5 0 -0.859506 0.383515 -0.337883
-16.9468 20.3275 -9.99675 2.99504 0.0378605 -3.9 0 -0.323752 -0.707722 -0.627945
-13.0587 22.5877 -18.4439 0.812515 0 -0.8 0 -0.355447 0.934154 -0.0318469
-7.9485 25.9466 -24.4002 0.477078 0 3.8 0 -0.185213 -0.800014 0.570679
-13.0165 15.1383 -21.5278 0.35525 0 -0.9 0 -0.0155876 -0.985108 -0.171227
-15.1281 16.1844 -25.1611 0.304022 0 -0.9 0 -0.241047 -0.70913 -0.662594
20.5634 22.9875 15.1899 -0.982981 0 -1.3 0 0.802464 0.392057 0.449825
4.88325 45.9977 13.5085 0.419738 0.0235854 -0.8 0 0.636861 0.0726468 -0.767549
17.8265 21.1597 15.3769 -0.679252 0 -1.3 0 -0.502306 -0.829047 0.245702
-2.41363 41.5574 -15.6084 -0.401174 -0.621724 -1.3 0 -0.00970464 0.318655 -0.947821
-6.22775 45.0107 15.4862 0.216707 0 1.9 0 -0.963154 0.241213 -0.118955
-8.38525 32.432 6.855 0.596346 0 -3.2 0 -0.989712 0.114132 0.0862812
-3.7575 42.694 -2.9665 0.114601 0 -0.8 0 -0.266226 0.962676 -0.0487737
-0.4015 19.1421 -15.0466 1.27906 0 -2.88262 0 0.264032 -0.483779 -0.834413
-5.7615 28.1632 7.756 0.871558 0.469765 -2.93469 0 -0.976657 0.183696 0.111344
9.33775 36.9832 -7.874 1.03531 0 -3.2 0 0.933277 0.316446 -0.169874
10.7583 35.9575 13.2824 0.610471 0 -1.6 0 0.240401 -0.378807 0.893707
-3.1765 33.0749 -24.2686 0.111231 0 -1.83879 0 0.448936 -0.184264 -0.874359
-10.2984 27.0994 -24.2938 0.442582 0 3.8 0 -0.679585 -0.536013 -0.500854
11.1117 24.6777 -12.8132 -1.43988 -0.679318 -3.5 0 -0.0218517 -0.624117 -0.781025
4.43325 31.9699 -17.631 0.967194 0.606983 -4.30508 0 -0.0214372 -0.562488 -0.826527
-4.588 32.322 10.134 0.429919 0 -1.6 0 -0.831978 -0.554776 0.00596092
-5.20762 19.4499 -19.5471 -0.568169 0 -0.236634 0 0.560994 -0.827646 -0.0169742
-10.163 28.5395 2.383 0.5437 0 -0.9 0 -0.424968 0.618667 0.660797
-7.70587 22.5175 14.5356 0.0882701 0 4.2 0 -0.970639 0.207177 0.122221
-8.668 20.6705 -4.9865 0.470737 0 2.8 0 -0.00277049 -0.737659 0.675168
12.788 33.6895 -7.1565 0.684374 0 4.5 0 0.833609 0.186036 -0.520083
-12.5575 27.5545 1.07825 -0.740332 -0.744051 -3.9 0 -0.484728 -0.614697 0.622243
-0.509875 24.1182 13.5016 1.28421 0.452123 -3.22423 0 -0.312424 0.299336 0.901548
12.5995 28.4131 -12.2744 0.290908 0 -3.5 0 0.965915 0.231126 0.116571
8.57588 35.0067 -13.7529 0.365393 0 -2.68991 0 0.836144 0.0523155 -0.546009
9.7505 41.5321 8.6895 0.212682 0 -3.5 0 -0.0687852 0.996441 0.0487134
-13.6695 22.4644 -5.46313 0.75001 0 -0.8 0 -0.695319 -0.670718 0.258205
-7.61013 29.649 3.37112 0.545562 0 4.5 0 -0.824135 -0.0535883 0.563852
-2.6255 21.2344 6.71225 -0.361463 0 0.17383 0 -0.594707 -0.789239 0.153052
-7.92175 22.2485 -20.4789 -1.29166 -0.45803 -3.5 0 -0.225404 0.95902 -0.171677
-14.9835 35.9319 -0.93275 1.13091 0 -3.5 0 -0.541264 0.669148 -0.509189
5.533 19.3195 11.2247 0.760046 0 2.41164 0 -0.0814538 -0.673186 0.734974
-14.278 23.6712 -22.3435 0.70503 0 -0.9 0 0.23864 0.952749 0.187936
8.319 43.999 13.8763 0.824349 0 -3.9 0 0.35002 0.904024 -0.245411
12.6069 26.3107 -9.00875 -0.900733 -0.686584 -3.5 0 0.816446 0.0786028 0.572047
-7.28075 30.6111 -19.7456 -0.0857651 -0.141248 -0.8 0 -0.848144 -0.523851 -0.0789445
1.13238 14.2767 -10.3884 0.582589 0 -3.5 0 -0.368387 -0.720815 -0.587125
-1.86188 45.0776 16.1925 0.469004 0 1.9 0 0.607064 0.574924 0.548577
-8.19613 19.4667 14.4845 0.196413 0 4.2 0 -0.831891 -0.531172 0.160666
1.258 44.009 -5.017 -0.598651 0 -3.5 0 -0.00827843 0.145218 -0.989365
-7.51675 25.632 14.5245 -0.738151 0 -3.5 0 -0.625418 0.34953 -0.697626
0.876375 24.3295 14.4045 1.51123 0.748266 -3.5 0 -0.498627 0.546272 0.673022
-6.5125 18.604 14.9318 0.253503 0 4.2 0 -0.487161 -0.819882 0.300778
21.8078 20.6952 11.798 0.166262 0 -1.3 0 0.887536 -0.340767 0.310095
-11.7321 36.6009 -17.3211 0.658072 0 -3.5 0 -0.976341 0.044365 -0.211637
-3.79475 18.4788 -3.40475 -0.0698453 -0.468103 1.76578 0 -0.497059 -0.764167 -0.411073
-17.8752 22.8724 -10.5769 1.33833 0 -3.9 0 -0.586608 0.257212 -0.767941
3.76513 13.662 4.90387 0.219836 0 3.8 0 -0.71301 -0.680225 0.17003
7.87663 34.4598 -17.1731 0.928215 0 -3.9 0 0.897946 -0.0655301 0.4352
1.10575 45.2119 -10.0212 0.206334 0 -0.7 0 -0.0536778 0.803385 0.593035
-6.05075 30.0333 13.0675 -0.871845 -0.120232 -0.9 0 -0.8755 0.467456 0.122415
-11.5619 28.753 -14.1047 1.71073 0 -3.9 0 -0.389289 0.915005 0.105924
1.69825 13.2649 0.33325 0.566447 0 -3.9 0 -0.358241 0.0508136 0.932245
9.718 18.8726 -1.6265 0.611154 0 -2.04168 0 0.469286 -0.149799 0.870248
-3.04087 27.3319 -18.0415 0.53973 0 1.12071 0 0.579077 -0.0838297 -0.810951
-8.42375 27.5863 -16.3662 0.416122 0 -3.5 0 -0.532979 -0.227117 -0.815077
-12.7478 36.8517 -0.205375 0.637592 0 -3.5 0 0.431141 0.896582 -0.101283
16.6488 17.353 -5.84075 2.77254 0 -3.9 0 0.17008 -0.0596222 -0.983625
-5.18925 39.1726 15.5782 0.586083 0 -4.5 0 -0.142891 0.301607 0.942664
-2.093 15.9471 -1.02762 -0.272299 0 -3.9 0 -0.737529 -0.658347 -0.150431
-7.06475 39.6587 3.10475 0.673311 0 -0.236876 0 -0.679261 0.548889 0.48716
12.459 19.681 2.552 3.54258 0 -3.9 0 0.0303953 -0.304686 -0.951968
-15.4525 15.0103 -13.3643 3.36197 0.035031 -3.9 0 -0.87777 0.0237777 -0.478491
-11.7224 32.095 -13.1716 0.581024 0.692529 -2.82291 0 -0.721447 -0.407553 -0.559836
17.498 31.7685 10.131 3.24708 0.047123 -3.9 0 0.618584 0.770823 0.152268
-10.737 24.005 2.359 0.43477 0 -0.9 0 -0.8562 -0.396742 0.330933
-0.66625 14.5015 -3.8935 0.137306 -0.0497614 -3.64229 0 -0.90662 -0.18924 -0.377131
2.246 44.8532 -4.36137 -0.559778 0 -3.5 0 0.346277 0.604827 -0.71713
12.569 23.9921 -8.27775 0.514662 0 -3.5 0 0.949744 0.230049 0.212281
-7.3515 25.0888 -18.9395 0.771266 0 -0.9 0 -0.789355 0.0870981 -0.607727
-8.13713 31.1857 -19.1558 0.581566 0 -0.0670485 0 -0.62848 -0.598258 -0.497092
-9.426 35.9803 4.6105 2.9593 0.0625009 -3.9 0 -0.493846 -0.367765 0.78795
-5.80638 21.6866 3.45963 -0.111136 0 -3.5 0 -0.270663 -0.962668 0.00333908
-13.9853 36.1045 -1.71738 0.862844 0 -3.5 0 -0.366318 0.728076 -0.57941
-6.5855 42.2332 -6.64425 0.861052 0 -0.7 0 -0.000166644 0.999392 -0.0348749
10.688 19.0569 -1.89038 0.772629 -0.503706 0.330162 0 0.0909835 -0.165733 0.981965
-14.7341 23.2652 -6.3125 0.962992 0 -2.7794 0 -0.60465 -0.296765 0.739141
4.933 20.9615 14.594 0.0775221 0 3.87304 0 -0.125853 -0.884498 0.449249
-16.85 17.7559 -23.0436 0.0875116 0 -0.9 0 -0.867821 -0.483497 0.114533
8.8235 15.6255 5.046 0.421689 0 3.8 0 0.938735 -0.343734 0.0249529
-12.9246 35.0197 -10.6079 0.583633 0.161073 -2.63102 0 -0.687889 0.645662 -0.331556
0.17175 37.1359 -19.5589 1.33713 0.884515 -0.7 0 0.42937 0.635108 -0.642089
-13.3193 24.1278 -11.801 0.894007 0 -3.9 0 -0.867225 0.166874 -0.46912
-4.825 27.6562 -21.4487 0.0283205 -0.661319 -0.8 0 0.399667 -0.819619 -0.410478
13.0577 17.0221 -8.604 -0.897741 -0.21364 -3.5 0 0.495799 -0.853841 -0.158551
-5.87787 35.4389 9.02837 -0.497978 -0.230798 -2.5856 0 -0.857645 -0.365247 0.361995
-5.49475 42.1348 -12.0676 1.04442 0.291071 -3.61346 0 0.297203 0.740961 -0.602202
-12.7191 16.6227 -15.9228 0.732282 0 -1.3 0 -0.911035 -0.289968 -0.293146
4.46238 36.0462 -19.2173 0.866357 0 -3.9 0 -0.560747 0.507768 -0.654014
-4.6915 30.4365 8.7385 0.564762 0 -3.2 0 -0.664502 0.2826 0.691791
1.42412 19.6104 18.916 0.314543 0 -3.5 0 -0.0508789 -0.252524 0.966252
10.439 15.2362 -2.51625 -1.12778 -0.69694 -3.9 0 0.506191 -0.822205 0.260288
15.303 31.425 -3.3785 0.485387 0 2.8 0 0.929415 0.163166 -0.331006
-5.0845 44.3908 -8.55075 1.92139 0 -3.9 0 0.144973 0.74295 0.653459
7.47225 38.7184 -14.2753 0.642844 0 -0.4 0 0.658885 0.735999 -0.155483
1.31025 14.768 -11.4759 0.595897 0.162493 -3.97964 0 0.0205023 -0.969905 -0.24262
-3.67613 46.8247 18.6949 0.42303 0 1.9 0 0.787374 0.522776 0.326723
7.49263 24.69 -13.4379 0.105592 -0.0273516 3.8 0 0.446429 -0.894817 -0.00204667
-2.44625 44.0173 2.63275 0.347437 0 4.5 0 0.0869479 0.980869 0.174175
-12.389 12.969 -15.796 0.625134 -0.0177033 -1.3 0 -0.556231 -0.630052 -0.541886
-3.6665 41.9663 -4.916 0.632167 0 -0.8 0 -0.0944048 0.974282 -0.204604
-4.70888 23.9775 17.9328 0.218522 0 -3.5 0 0.419078 -0.563368 0.712032
14.169 35.2134 -5.4285 2.11955 0.398146 -3.9 0 0.44916 0.26518 -0.853191
18.9411 28.0745 -0.131125 0.316922 -0.374953 -0.755677 0 0.892902 0.329147 -0.307225
7.43062 38.8839 1.94638 0.68155 -0.275834 0.484701 0 -0.11685 0.992972 0.0187929
9.8465 41.4938 10.3325 1.13735 0 -3.9 0 0.762804 0.644945 0.0466521
15.6383 31.6311 0.1335 0.890148 0 1.86414 0 -0.576654 0.799915 0.166148
5.5015 40.1945 15.7195 0.570994 0 -3.9 0 -0.470697 -0.862539 0.185663
-11.5454 15.1 -11.8736 0.997854 0 -3.9 0 0.349616 -0.669725 0.655162
-14.5186 32.1061 -10.2437 0.809928 0.171905 -3.5 0 -0.840968 -0.269419 -0.46924
2.41712 35.2757 -19.1068 0.174572 -0.936667 -0.7 0 0.42577 -0.0976147 -0.89955
-18.1497 20.1397 -23.4562 0.375931 0 -0.9 0 -0.965023 -0.219053 0.144038
-6.3115 27.3281 14.63 -0.0647929 0 -3.5 0 -0.807726 0.556423 -0.194867
5.54012 9.8765 -2.07288 0.137426 -0.395107 -3.7053 0 0.421027 -0.886666 -0.191203
17.2304 26.0184 -5.29637 0.661444 0 -1.6 0 0.831176 -0.0818821 -0.549948
1.4185 34.1295 -21.85 0.977391 0 -3.9 0 0.98559 -0.144019 0.0887131
-9.1955 20.9198 -2.9355 -0.363864 -0.00514054 1.8 0 -0.31081 -0.940443 -0.137712
0.779375 31.8284 17.6432 1.37675 0 -3.9 0 0.0792192 -0.283226 0.955776
16.8751 22.1069 5.85225 0.69659 0.0268831 -3.5 0 0.235053 -0.0750434 -0.969081
-5.2455 22.2934 6.4575 -0.0197336 0 -1.82096 0 -0.251746 -0.921471 0.295831
5.9175 41.0911 -14.265 1.21418 0.772369 -3.5 0 0.858735 0.417918 0.29651
3.4725 43.2533 -4.73025 0.158002 0 -3.5 0 0.653354 0.317172 -0.687408
5.99312 11.8605 0.5555 1.58169 0.282187 -3.9 0 0.802398 -0.192402 0.564923
-0.7325 45.934 -3.872 -1.42589 -0.614669 -3.5 0 -0.677576 0.6875 -0.261219
0.1575 21.6705 17.6019 0.672203 0.33002 -3.5 0 -0.297345 0.838089 0.457376
0.144 19.7978 1.4695 -0.759866 0 -3.5 0 -0.854645 -0.341266 0.391306
-7.02187 42.8921 -8.01875 2.47021 0.0109611 -3.9 0 -0.554625 0.437731 0.70766
7.25763 13.7655 -0.7835 -0.327411 0 -3.5 0 0.777912 -0.130545 0.614664
-20.0006 20.0616 -19.5285 -0.104545 0 -0.9 0 -0.677167 0.00658152 -0.7358
3.19875 44.9646 -1.54212 0.221434 0 -3.5 0 0.821765 0.414925 0.390564
2.0125 42.8273 2.486 0.59926 -0.0174984 0.39264 0 0.341895 0.786345 -0.514558
-2.8995 24.4422 16.2025 0.518668 0 -3.5 0 0.881232 -0.0037856 0.472669
-0.65775 18.2048 15.4558 0.102036 -0.0151136 -3.5 0 -0.25835 -0.920696 0.292532
2.899 13.5366 -7.89062 0.681976 0 -3.5 0 0.517867 -0.853125 -0.0631816
-8.32312 21.3559 14.7145 0.177682 0 4.2 0 -0.95153 0.246037 0.184543
6.82675 32.571 -18.7755 1.12288 0 -3.9 0 -0.166625 -0.986018 -0.00207374
15.1818 39.5368 -0.58675 0.246539 0 2.8 0 0.742468 0.656645 0.132508
-13.3514 28.725 -15.0441 2.29479 0.189989 -3.9 0 -0.288735 0.956981 -0.0286221
14.5802 20.4317 4.437 1.43987 0.842285 -3.9 0 0.751541 0.0983973 -0.652307
0.441 16.5811 5.96387 -1.22105 0 -3.5 0 -0.73 -0.674082 -0.112752
-2.10675 27.2482 13.1997 0.249405 -0.14821 -3.63507 0 0.479584 -0.0767127 0.874136
6.79875 28.4498 -20.1863 0.291652 -0.0102289 -3.5 0 0.0645062 0.904109 -0.422406
7.7665 34.3628 -15.8981 -0.284646 0 -3.9 0 0.9738 -0.0413766 -0.223612
7.53387 41.8875 8.96062 0.959635 -0.116486 0.0885856 0 0.587506 0.607512 -0.534571
9.11088 20.0665 -0.204125 0.48274 0 4.5 0 0.607985 -0.428276 0.668531
4.4685 11.0041 -3.43925 0.00615936 -0.290137 -3.71961 0 -0.0682977 -0.455534 -0.887595
5.34275 34.6926 -20.8969 1.00035 0 -3.9 0 -0.698946 0.0270556 -0.714663
-6.2905 21.8721 -21.5806 -0.438219 -0.0275766 -3.57263 0 -0.153326 0.932417 0.327246
-13.1657 24.9934 -15.2296 1.98008 0.751361 -3.9 0 -0.842007 -0.392863 -0.369707
-16.301 33.584 -5.5925 0.247778 0 -3.5 0 -0.846933 0.482365 -0.223671
-9.46 16.6308 -22.6155 -0.917416 -0.114687 -0.9 0 0.564831 -0.532748 -0.630194
-7.16375 41.178 -16.2981 0.624827 0.380683 -3.5 0 -0.13518 0.272268 -0.952679
3.465 19.1893 12.014 -0.255616 -0.18227 -3.5 0 0.480674 -0.677213 0.557078
0.99575 45.283 11.707 0.399209 0 -0.8 0 0.218663 0.786298 -0.577861
-8.10213 25.6335 7.16512 0.549062 0 -4.5 0 -0.716437 0.154675 0.680289
-6.94075 26.8854 -20.0434 0.792479 -0.725622 -0.8 0 -0.921685 -0.344288 -0.178779
17.9534 24.8555 1.51188 0.505139 0 -0.7 0 0.177255 -0.600182 0.779976
12.8638 16.2847 -4.97325 0.486086 0 -3.9 0 0.184138 -0.769809 -0.611137
8.4695 16.6414 10.1594 0.33892 0 -3.9 0 -0.152685 -0.58798 0.794334
-6.63775 29.9398 5.04238 0.864007 0 0.704614 0 -0.904455 -0.409846 0.11827
3.73175 37.3018 10.9035 0.502271 -0.0875242 -3.7247 0 0.52662 -0.574947 0.626185
-4.24587 43.7551 18.3795 0.530388 0 1.9 0 0.137528 -0.799341 0.584928
0.68475 38.0246 13.5069 0.680583 0 -4.5 0 0.43153 -0.308928 0.847552
19.0317 29.1204 0.106125 1.04125 -0.251257 -0.770476 0 0.898908 -0.312062 -0.30754
12.1069 25.871 -7.24487 -1.12636 -0.819314 -3.5 0 0.945409 0.219536 -0.240844
-3.82725 15.6748 -12.9867 0.227092 -0.231825 -4.00926 0 -0.452285 -0.581553 -0.676192
5.4145 32.0679 -17.2076 0.960648 0 -3.9 0 0.34376 -0.801359 -0.489544
-5.39575 26.7124 17.4136 -1.30435 -0.412995 -3.5 0 0.454996 0.489222 0.74407
-9.0915 29.3941 1.46938 0.306407 0 -2.27439 0 -0.411702 0.538826 0.734961
5.44694 18.0104 -8.84675 0.746755 0 -4.5 0 0.374321 -0.719246 -0.585294
-7.34487 34.5783 -27.7498 0.606527 -0.397777 -0.8 0 0.465555 0.422638 -0.777583
18.6775 22.0145 16.9686 -1.91744 -0.406752 -1.3 0 -0.357918 -0.211951 0.90938
3.87562 12.1911 -3.85625 0.670115 0 -3.7272 0 -0.0516865 -0.453733 -0.889638
-0.35575 36.7926 -22.687 1.65352 0.00363947 -3.9 0 0.269152 0.916003 0.297482
13.156 18.4634 -1.6645 0.622777 0 -3.9 0 -0.00383497 0.0418085 0.999118
-6.555 30.8937 8.1635 0.260156 0 -3.2 0 -0.483337 -0.226931 0.84551
-2.253 19.2656 -16.5546 0.496667 0 4.2 0 0.310541 -0.944997 -0.102689
2.29912 34.0229 -17.92 0.796113 0 -0.950336 0 0.0770986 -0.673101 -0.73552
3.58737 44.8401 12.8062 1.20299 -0.538441 1.19643 0 0.275259 0.64127 -0.716244
-6.841 14.985 -10.7996 -0.448206 0 -3.5 0 -0.489595 -0.871838 0.0139597
19.5685 20.0475 8.47663 -0.0478704 -0.0884613 -1.3 0 -0.279239 -0.917073 -0.28461
17.7029 32.9571 -0.730375 0.500715 0 -0.8 0 0.289818 0.802858 -0.520985
-6.0865 37.0003 13.9338 0.331409 0 -4.5 0 -0.393068 -0.775614 0.493883
15.799 35.1698 -4.5665 3.40439 0 -3.9 0 0.71567 0.379621 -0.586263
-10.4449 19.1071 -6.75275 0.334594 0 2.8 0 -0.868669 -0.139505 0.475345
-10.6704 26.9674 -23.2132 0.476681 0 3.8 0 -0.883954 -0.400827 0.240753
8.107 18.7885 0.3705 0.638271 0.250417 0.5 0 0.884465 -0.0843789 0.458913
7.4365 36.4917 12.8486 0.694615 0 -1.6 0 -0.788492 -0.44146 0.428245
-1.6795 18.2068 14.9978 0.215976 0 -3.5 0 -0.209629 -0.907766 0.36334
-4.4545 31.4065 8.92725 0.425465 0 -3.2 0 -0.679313 -0.175046 0.712665
4.65212 22.5741 17.0446 -1.33566 0 -3.5 0 0.342206 -0.806827 0.481586
1.95563 33.0076 -17.0954 0.806313 0 -0.7 0 0.234275 -0.354657 -0.90517
4.833 26.066 -21.1178 0.106546 -0.302524 -3.5 0 -0.520103 0.283618 -0.805639
0.253625 23.1114 14.6204 1.12872 0.222686 -3.5 0 -0.530361 0.688832 0.494195
6.18813 14.7146 6.86325 0.301326 -0.403143 3.8 0 -0.0464644 -0.936064 0.348749
-0.16475 12.1667 -0.30775 0.243514 0 -3.9 0 -0.68963 -0.396549 0.605936
7.96537 39.8999 -5.99263 0.677657 0 0.408247 0 0.407552 0.911492 -0.0555278
-6.77825 15.619 -13.6555 0.265053 0 -1.3 0 0.634928 -0.616593 -0.465488
9.5135 20.5785 3.688 1.32134 0 -3.9 0 0.00990774 -0.440592 -0.897653
16.9995 20.1644 -3.784 1.22605 0 -3.9 0 0.522861 0.836069 0.166148
-10.9668 30.862 -11.3539 -0.0785639 -0.884965 -2.1269 0 -0.576187 -0.793319 -0.196603
12.5381 28.1295 -13.575 0.402752 0 -3.5 0 0.894236 0.0302017 -0.446576
-8.87125 35.8143 -24.4755 -0.516646 0 -0.8 0 -0.713104 0.69205 -0.112023
5.128 38.9888 11.7128 0.734045 -0.361491 -3.44697 0 0.145362 -0.695744 0.703427
8.35125 43.471 10.9423 2.47314 0.508861 -3.9 0 0.253935 0.814449 -0.521718
-13.062 28.5451 -16.0868 2.0552 0.891944 -3.9 0 -0.239561 0.684681 -0.688348
12.4445 37.827 6.4175 0.1069 -0.0341606 -0.500267 0 0.775525 -0.590706 -0.222772
-15.1163 17.978 -17.4342 0.465005 -0.0569478 -0.834952 0 -0.302484 -0.302873 0.903754
1.1885 40.5941 14.0675 -0.330598 -0.0646884 3.8 0 -0.055261 -0.57337 0.817431
-3.82413 28.3291 13.8481 0.407191 0 -0.9 0 0.156637 0.139715 0.977724
13.203 22.2149 3.00288 1.57388 0.0339993 2.50526 0 0.929979 -0.216153 -0.29735
-0.00275 40.1012 -16.8625 0.334502 0 -3.5 0 -0.0714188 0.836713 -0.542964
-10.2159 23.092 3.27763 0.619455 0 -0.9 0 -0.813096 -0.153865 0.561427
-6.01175 22.4032 16.2903 0.299394 0 -3.5 0 0.057351 -0.498017 0.865269
10.9972 39.5773 -1.44263 0.470806 0 2.8 0 0.0383135 0.916911 -0.397248
-4.5725 34.2747 -21.7642 0.599397 0 -2.3504 0 0.337497 0.700783 -0.62849
1.99994 43.5539 4.104 1.33728 0 -3.9 0 -0.246236 0.963763 -0.102612
-6.59487 46.7509 19.1593 0.501203 0 1.9 0 -0.899011 0.336963 0.279707
9.61963 21.8423 0.69975 0.597545 -0.27187 3.8 0 0.229399 -0.802113 0.551354
-9.5475 38.2821 4.19413 2.01032 0.873846 -3.9 0 -0.325604 0.739297 0.589425
-9.91737 27.3783 -21.8853 0.519213 0 3.8 0 -0.486404 -0.402738 0.775379
10.102 17.2229 5.8505 0.671743 0 -3.9 0 0.351951 -0.652164 -0.671426
-5.1385 18.6672 -23.7323 1.34034 0 -4.5 0 -0.107848 -0.891224 -0.440554
12.3877 34.9302 -6.46875 0.864731 0 1.30589 0 0.487458 0.43509 -0.757021
-13.5651 22.2432 -15.7335 0.135458 0 -2.38492 0 -0.49411 0.860463 -0.124333
3.419 44.1595 6.39025 0.968534 0 3.8 0 -0.0650463 0.851964 -0.519544
2.0935 34.7725 12.0865 0.631378 -0.9166 -1.3 0 0.646154 0.504881 0.572346
0.01425 29.1064 -18.8131 0.617574 0.431743 -3.70969 0 0.652778 -0.0984352 -0.751126
13.5634 34.4873 7.08038 0.488936 0 -1.6 0 0.606601 0.737208 -0.29759
10.7519 25.8205 -13.846 -0.52361 -0.317887 -3.5 0 0.204581 -0.726538 -0.655965
11.523 28.735 -6.94525 0.130197 0 -3.5 0 0.884631 0.0555575 -0.46297
15.1255 16.7518 6.12375 2.88326 0.0788328 -3.9 0 0.463916 -0.592453 -0.658621
8.805 34.1635 12.0399 -0.284755 -0.428134 -1.6 0 -0.281916 -0.135769 0.949784
-3.1895 42.6554 -7.0245 0.421423 0 -3.9 0 0.2998 0.783393 0.544441
11.6692 16.7812 -8.28075 -0.366334 -0.933293 -3.5 0 0.284035 -0.943028 -0.173269
6.59662 24.2409 -12.9684 0.270056 0 2.40263 0 0.706824 -0.706379 0.0378089
-10.019 16.476 -7.852 0.364723 0 2.8 0 -0.587671 -0.709049 0.389734
5.10663 44.7655 7.94338 0.732919 0 3.8 0 0.742913 0.522329 -0.418631
13.6495 19.9626 -2.09387 0.705693 0 -3.9 0 0.194429 0.165683 0.966823
14.928 31.841 11.1005 2.17997 0.224578 -3.9 0 0.0787263 0.565502 0.820981
7.12475 38.8237 4.88037 1.01525 -0.618095 1.78438 0 0.146947 0.946474 0.28739
14.6419 33.442 -5.06575 2.44912 0.158212 -3.9 0 0.499576 -0.273064 -0.822107
0.68275 29.4834 13.0199 0.38686 0 -3.31981 0 0.127381 -0.812229 0.569262
-16.0716 34.8905 2.61225 -0.873643 -0.900809 -3.5 0 -0.674802 0.0159019 0.737827
-0.698 24.785 -21.005 -0.749162 -0.697294 -0.4 0 -0.287676 0.821035 -0.493097
0.132125 44.4062 -9.5995 0.179761 0 -0.7 0 -0.557078 0.510027 0.65539
-14.069 21.4435 -10.3985 0.874903 -0.0875429 -2.44966 0 -0.459014 -0.795656 -0.395269
13.4456 40.5583 -1.15075 0.480124 0 2.8 0 0.215079 0.974075 -0.0701348
-5.744 28.511 14.554 0.0237665 -0.0183875 -2.74694 0 -0.64615 0.506872 0.570588
-17.2054 22.8551 -20.3601 0.59346 0 -0.9 0 -0.0728239 0.911921 -0.403852
21.529 19.7696 10.3025 0.286256 0 -1.3 0 0.741253 -0.667675 0.0689556
-7.6795 20.721 12.632 0.198876 0 4.2 0 -0.769498 -0.0450725 -0.637057
-0.7985 14.8282 -11.8484 0.477163 0 -1.13115 0 0.191735 -0.955396 0.224626
8.50875 24.6774 -18.9755 0.474011 0 -3.5 0 0.889533 -0.418456 0.183373
-18.0401 20.1635 -8.13387 2.22353 0.823778 -3.9 0 -0.813381 -0.456629 0.360418
8.66413 15.7744 6.18375 0.638985 0 3.8 0 0.822347 -0.564289 0.0729634
-3.43325 39.4417 -18.227 -0.995522 0 -3.5 0 -0.470093 0.831745 0.29532
-2.59594 44.5847 17.2562 0.887647 0 1.9 0 0.777524 0.0920532 0.622079
0.525375 31.7004 -18.7505 1.52959 0.147539 -3.9 0 0.964972 -0.229395 -0.127309
7.60725 22.6321 -10.4391 0.382707 0 -4.32514 0 0.300215 -0.287201 -0.909608
7.20587 30.5394 12.2784 1.47463 0.289003 4.5 0 -0.210988 0.540093 0.814729
-6.23325 33.035 8.4415 -0.600545 0 -3.2 0 -0.60408 0.103033 0.790235
18.7601 25.6146 6.46863 0.95097 0 2.5 0 0.99189 -0.0520473 -0.115956
-9.78875 36.0308 -0.982375 0.280466 0 -3.9 0 -0.799649 0.599565 -0.0329145
-2.72475 33.5132 14.147 0.736139 0 -2.33551 0 -0.422175 0.534749 0.731992
-16.4414 28.172 -8.88638 0.627797 0 1.8 0 -0.765636 0.128043 -0.630402
-4.59475 41.1674 5.40263 -0.171971 0 -3.5 0 -0.835171 0.430074 0.342819
-0.77475 23.825 -22.2943 0.31193 -0.0617412 -1.81659 0 0.135694 0.707786 -0.693272
-8.46325 24.361 15.5138 -1.90257 -0.41279 -3.5 0 -0.706247 -0.63224 -0.31857
-5.04375 21.6135 8.40825 -0.258038 -0.149667 -0.547445 0 -0.474995 -0.604226 -0.639758
-2.87675 17.3102 0.92825 -0.204261 0 -0.7 0 0.285932 -0.332911 0.898562
11.6226 36.8887 12.9917 0.699219 0 -1.6 0 0.790599 0.0290911 0.611643
-13.5696 31.2751 -10.4558 0.64645 0 -3.5 0 -0.469798 -0.696226 -0.542733
-12.3208 19.6215 -23.7735 0.409955 0 -0.9 0 0.563873 0.508819 -0.650501
-3.15037 19.5627 2.412 -0.516964 -0.386706 -2.34874 0 0.192198 -0.946683 0.258558
12.286 34.742 6.625 0.284499 0 -1.6 0 0.606954 0.708296 -0.360449
-1.556 43.7923 -2.32525 -1.08632 -0.16766 -3.5 0 -0.923716 0.356021 -0.141414
-0.333 16.325 -15.0405 0.467985 0 -4.5 0 0.204184 0.0250487 -0.978612
-9.2015 24.3018 3.86675 0.190517 0 -0.9 0 -0.749587 -0.126927 0.649622
11.2312 40.6245 9.62075 0.746965 0 -3.5 0 0.565901 0.264078 0.781037
-13.5203 33.9215 2.19462 0.401594 0 -3.5 0 0.139961 -0.101703 0.98492
10.5785 28.1971 -15.7389 0.600937 0 -3.5 0 0.575882 0.109434 -0.810175
-8.58113 15.3291 -16.6098 0.164001 0 -0.4 0 0.494965 -0.856113 0.148597
7.16325 32.628 11.117 0.275389 -0.428563 1.35549 0 -0.568232 0.291072 0.769668
-2.25837 19.1375 5.3945 -0.519243 -0.151847 -0.254972 0 -0.735697 -0.664585 0.130677
12.8351 24.2999 -5.57113 0.440533 0 -1.88654 0 0.580741 0.0919924 -0.808874
-7.59125 15.7404 -10.5845 -0.0577085 0 -1.07285 0 -0.403801 -0.871004 0.279817
0.537875 17.9226 16.1704 -0.592111 0 -3.5 0 -0.265991 -0.914265 0.305561
-3.94275 44.895 12.3757 1.03132 0.589324 2.14461 0 -0.00582391 0.993858 0.110512
7.46037 29.0165 -18.8484 1.01977 0.0743769 -3.5 0 0.480663 0.858237 -0.179978
14.526 39.84 0.206 0.157416 0 2.8 0 0.664729 0.656108 0.357293
-8.08125 43.117 -9.92575 2.97607 0.354543 -3.9 0 -0.960124 0.157789 -0.230793
13.4032 25.8937 -12.6555 -1.41349 -0.0878993 -3.5 0 0.92853 -0.00269048 -0.371247
3.37087 43.898 -11.6276 -0.33129 -0.531214 -0.7 0 0.810856 0.572313 0.122355
2.83538 45.4129 8.03725 0.587482 0 3.8 0 -0.263479 0.865846 -0.42531
-7.7695 31.0718 7.03125 0.681643 0 -3.2 0 -0.831297 -0.490314 0.261798
11.5527 38.5093 12.7004 0.616438 0 -1.6 0 0.662009 0.564858 0.492624
-10.9038 38.3833 -15.471 0.54099 0 -3.5 0 -0.672694 0.736958 0.0661474
-1.41975 17.968 10.4181 -0.676928 -0.379781 -3.5 0 -0.36174 -0.853675 -0.374676
10.019 36.5806 -7.05463 0.794889 0 -3.9 0 0.707865 0.417737 -0.569581
-11.2749 16.0618 -22.9023 0.579764 -0.0228496 -0.9 0 0.351145 -0.823203 -0.446132
-13.192 37.1705 -6.534 0.471541 0 -0.9 0 -0.523449 0.84838 0.0790722
-14 37.0868 -0.727125 0.577729 0 -3.5 0 -0.252548 0.889618 -0.380524
-13.9102 27.606 -13.0478 1.73169 0.909961 -3.9 0 -0.64315 0.593254 0.484157
3.85594 22.4686 -21.0445 0.477901 0 -1.68686 0 0.556888 -0.489547 -0.670985
-19.7165 19.0165 -19.9205 0.0311568 0 -0.9 0 -0.59781 -0.0699122 -0.798583
14.438 38.5745 -2.551 0.564821 0 2.8 0 0.437403 0.49368 -0.751637
13.458 18.9855 -9.5245 0.216759 -0.298169 -3.5 0 0.556596 -0.362256 -0.747644
7.9945 35.825 -14.942 0.0289818 0 -0.4 0 0.898289 -0.0247349 -0.438708
4.60325 22.1173 -20.1467 0.474367 0 -3.5 0 0.402912 -0.768572 -0.49695
-13.7451 21.0807 -12.5977 1.41089 0.105197 -3.9 0 -0.983775 0.129492 0.124168
-10.396 31.712 0.74525 0.33116 -0.0311414 -3.5 0 0.164983 -0.347485 0.923057
11.0391 18.6845 10.2949 0.37285 0 -3.9 0 0.443402 -0.0550193 0.894633
2.50763 22.3377 -16.8261 0.251644 0 -3.5 0 0.124932 -0.898852 0.420067
-2.53163 19.9688 -18.9128 0.715166 0 1.37222 0 0.204904 -0.968127 -0.14403
12.056 16.01 9.40825 0.481407 0 -3.9 0 0.119566 -0.728136 0.674923
11.4226 31.8814 -10.0275 0.39256 0 0.622037 0 0.920659 -0.272243 0.279768
-16.4136 30.7768 -6.11013 0.811309 0 -0.968444 0 -0.768554 0.491932 -0.409056
-12.4578 27.3445 -12.158 0.873448 -0.294727 -0.0990033 0 -0.159582 0.985649 0.055041
13.9618 40.403 7.74975 -0.378284 0 -3.5 0 0.825472 0.282637 0.488582
-3.17812 22.9573 -23.2844 0.670807 0.464555 -4.5 0 0.260388 0.813053 -0.520714
1.9525 10.7655 0.11825 1.27687 0 -3.9 0 -0.663778 -0.2249 0.713316
0.98275 18.3752 12.9438 0.145561 0 -3.5 0 0.270237 -0.955831 0.11558
7.26175 22.1583 15.7569 -0.0248252 0 4.5 0 0.325082 -0.060169 0.94377
0.023 30.7652 -19.8522 0.794253 -0.284031 -3.9 0 0.876245 -0.448873 -0.175234
19.8964 32.0334 5.25037 1.10722 0.6141 2.5 0 0.090437 0.95984 0.26557
9.27825 38.0054 -7.83537 0.727421 0 -3.72969 0 0.987352 0.122667 -0.100448
-14.956 21.5194 -7.23838 2.03061 0.864555 -3.9 0 0.33056 -0.640991 0.69272
-9.22688 34.1678 -21.903 0.151796 0 -0.8 0 -0.989344 -0.0389928 -0.140278
5.343 22.2649 15.965 -0.55806 0 0.454551 0 0.175145 -0.587452 0.790078
2.00338 35.3652 -24.4872 2.90541 0.185322 -3.9 0 0.995992 0.0345128 -0.0825164
13.6561 26.4963 -10.636 -1.87355 -0.034444 -3.5 0 0.980923 0.0239065 0.192922
19.3845 28.046 1.35775 0.82915 -0.148229 -0.750987 0 0.983861 0.130783 -0.122118
12.9809 22.2922 13.7061 0.216031 0 4.5 0 -0.434893 -0.803184 0.407141
19.1782 26.8554 4.76775 0.492412 -0.426969 1.01546 0 0.486296 -0.755632 -0.43879
8.01575 13.9558 -5.48325 0.160764 0 -3.5 0 0.292048 -0.353227 -0.888785
-6.87012 38.899 -16.8839 -1.21145 -0.282934 -3.5 0 -0.267003 0.516262 -0.813746
8.8525 15.495 9.04525 0.128045 0 -3.9 0 0.234324 -0.889342 0.392635
3.5605 43.9739 3.7375 0.852898 0 -3.9 0 0.25881 0.910219 -0.323295
-2.823 24.2515 -21.347 -0.103361 -0.429255 -4.5 0 -0.295783 0.786613 -0.541989
-8.34338 41.1399 -7.1805 0.8336 0 -0.7 0 -0.695051 0.538415 -0.47646
-10.7587 30.3878 0.88275 0.769199 0 -3.9 0 0.347796 0.193073 0.917475
-4.09412 22.4995 15.4602 1.46147 0 -0.0247477 0 0.134246 -0.440083 0.887865
-7.38675 27.5699 -21.1346 0.240853 -0.997462 -0.8 0 -0.565917 -0.698172 0.438514
10.0693 37.9526 -6.635 1.19358 0.015589 -3.9 0 0.715943 0.249764 -0.651954
-7.09725 20.5935 1.232 0.181885 0 -0.9 0 -0.171148 -0.979499 0.106252
-10.6849 14.3129 -18.3409 0.467815 0 -0.4 0 -0.304581 -0.948071 -0.0916041
-11.727 20.2407 -22.9266 0.621767 0 -0.9 0 0.314157 0.672227 -0.670385
-2.29187 15.3638 -15.0041 0.926999 0.142015 -4.5 0 -0.45814 -0.240792 -0.855644
-9.5295 29.6495 -17.1815 0.909453 0 1.9 0 -0.679819 -0.514507 -0.522617
-4.32737 40.4159 15.2449 0.513482 0 -0.0866505 0 -0.018349 -0.0667779 0.997599
8.9825 43.0762 12.9447 2.71401 0 -3.9 0 0.666653 0.745348 0.00540742
-7.96575 37.6781 13.1655 1.40075 0.823746 -4.5 0 -0.967498 -0.0647774 0.244443
11.2125 16.955 6.0985 1.02504 0 -3.9 0 -0.367715 -0.694366 -0.61858
14.7198 20.0275 -2.04725 0.736446 0 -3.9 0 0.259459 0.545221 0.797129
-16.467 35.332 1.2235 0.178383 -0.173013 -3.5 0 -0.838634 0.534 0.107407
0.614 42.414 16.1895 0.148409 -0.464017 -2.35 0 -0.166907 -0.631258 0.7574
-7.17287 22.588 15.91 0.0888995 0 1.24128 0 -0.694636 -0.296788 0.655285
23.4653 29.4198 7.04625 2.60495 0 -0.4 0 0.0988861 0.0752119 0.992252
8.25975 39.5731 4.18587 -0.609496 -0.331464 2.8 0 -0.250477 0.934819 0.251742
16.3923 16.0665 -5.5095 2.90901 0.269442 -3.9 0 -0.0304289 -0.746539 -0.664645
-10.7371 36.3428 1.048 1.14719 0.554708 -3.72817 0 -0.283399 0.906357 -0.313373
1.45475 46.9683 12.6135 -0.752291 0 -0.8 0 0.130693 0.346586 -0.928869
9.392 19.374 -9.11725 0.877111 0 -0.4 0 -0.248957 -0.444087 -0.860702
0.974125 39.7449 13.5776 0.544981 0 -3.54967 0 0.201822 -0.267734 0.942118
5.83162 41.236 -5.84075 0.244162 0 4.2 0 0.0874688 0.959837 0.266574
12.182 41.8254 7.56975 0.87551 0 -3.5 0 0.382286 0.920555 0.0802243
-12.4156 36.9524 -4.33525 0.486407 0 -0.9 0 -0.513439 0.794025 0.325429
-0.5625 19.3843 17.2055 0.645256 0 -3.5 0 -0.619336 -0.601104 0.505071
20.4551 26.2659 0.421 0.405743 -0.450903 -0.7 0 0.966765 0.195742 -0.164471
3.33 47.9881 16.8466 0.268738 0 -0.8 0 0.0278469 0.548909 0.835418
4.186 25.9947 16.258 -0.617212 0 -3.5 0 -0.352596 0.833888 0.424626
1.15963 25.6939 13.2332 1.05735 0 -1.52629 0 -0.149955 0.664527 0.732064
12.9248 30.805 11.9222 0.819406 0 -3.9 0 0.0463156 0.616805 0.785752
21.1798 23.9398 13.616 0.3287 0 -1.3 0 0.821106 0.504204 0.267512
1.23775 33.1284 17.4024 1.41081 0 -3.9 0 0.456197 0.309122 0.834463
13.438 25.1553 -11.0262 -0.453414 0 -3.5 0 0.960301 -0.273436 0.0552739
-0.04925 41.7892 15.3574 -0.52982 -0.538701 -0.8 0 0.228116 -0.845996 0.481927
15.5498 20.1628 -7.49087 0.912873 0 -3.5 0 0.929307 -0.173338 -0.326102
19.0537 24.5694 14.0656 0.308235 0 -1.3 0 0.0665121 0.919938 0.386382
-7.29338 14.8516 -11.7151 0.122323 0 -1.3 0 -0.137174 -0.856916 0.496869
19.7792 30.2388 1.38475 0.851331 -0.766134 -0.8 0 0.890751 -0.427563 -0.154116
-8.1505 40.108 -15.8415 0.164487 -0.122666 -3.5 0 -0.75113 0.456348 -0.477022
9.009 41.379 7.921 0.416206 0 -3.5 0 -0.476557 0.782496 -0.400741
16.6639 23.8423 15.1243 -0.781358 0 -1.3 0 -0.0385914 0.541083 0.840083
3.0945 15.09 3.814 -0.174022 0 3.8 0 -0.80047 -0.569667 -0.186354
2.30375 41.4922 -17.0868 0.512774 0 -3.5 0 -0.020085 0.611375 -0.791086
23.5535 28.5928 3.6345 3.24653 0 -0.4 0 0.216469 -0.337082 -0.916252
18.606 28.329 7.412 0.513759 0 2.5 0 0.698787 -0.253159 0.669034
-7.18937 36.7804 11.9124 0.441397 0 -4.5 0 -0.726321 -0.659027 -0.195298
2.126 32.745 16.76 1.04896 0 -3.9 0 0.882715 0.235128 0.406853
7.8135 11.8025 -4.4995 -0.330909 0 -3.5 0 0.376793 -0.548693 -0.7463
7.923 41.5682 17.2563 0.444186 0 -3.9 0 0.429069 -0.183794 0.884375
-7.829 33.1642 4.05675 0.559807 0 4.5 0 -0.916579 -0.147867 0.371509
-6.59487 38.0891 15.346 1.0473 0.900707 -4.5 0 -0.521077 -0.356929 0.775293
-15.4838 34.9933 -6.80775 -0.827741 -0.265656 -3.5 0 -0.58076 0.767679 -0.2709
1.60275 18.673 18.36 0.50206 0.0650547 -3.5 0 0.0339412 -0.804175 0.593423
-1.717 42.095 -11.9555 0.487043 0 -0.701665 0 -0.273421 0.956788 -0.098988
-7.58638 45.3691 10.8387 0.322426 0 4.2 0 -0.761656 0.62302 0.178118
-3.235 25.7728 16.2633 0.335359 0 -3.5 0 0.800709 0.386853 0.457396
3.44837 41.698 -16.784 1.08238 0.256264 -3.5 0 0.0277716 0.665952 -0.745477
-7.026 38.328 8.38575 -0.60894 0 -3.5 0 -0.897862 0.429642 -0.0961907
-1.12287 43.2873 3.15 0.489425 -0.0609464 4.5 0 0.163214 0.936366 0.310772
7.2875 10.5376 -3.681 -1.07939 -0.0354091 -3.5 0 0.258275 -0.820397 -0.510139
-1.662 22.88 13.813 1.56748 0 -0.8 0 0.304753 0.484268 0.820128
-19.211 17.1655 -19.609 0.489319 0 -0.9 0 -0.369016 -0.644136 -0.670012
10.4157 17.9823 -9.42188 0.214539 0 -0.4 0 -0.257835 -0.154393 -0.953773
-8.71212 32.5872 -25.6329 0.482848 -0.32824 -0.8 0 -0.772981 -0.482415 -0.412039
-0.67075 39.8936 -18.671 -0.939525 -0.0840357 -3.5 0 0.775855 0.609891 -0.161501
-10.518 38.3764 -2.67525 -0.755245 -0.58475 -3.9 0 -0.876832 0.0618802 0.476798
0.66875 31.5795 -20.2307 0.757688 0 -3.9 0 0.869282 -0.484437 -0.0983312
19.8713 24.3836 7.71338 0.719162 0 -1.3 0 0.584462 0.585716 -0.561552
-3.54612 20.5829 -24.8529 0.798076 0 -4.5 0 0.506984 -0.0396195 -0.861045
5.38825 40.1707 0.403 0.679158 0 -0.0556839 0 0.250126 0.827499 0.502675
-12.6018 23.1798 -15.4924 1.08706 0 -3.9 0 -0.779521 0.50737 -0.367317
2.6605 11.0655 -3.813 0.52633 0 -3.9 0 -0.0871852 -0.436748 -0.895349
11.401 40.6159 -0.051 0.686092 0 2.8 0 -0.301544 0.923509 -0.23707
3.82962 44.2274 -3.00137 0.219048 0 -3.5 0 0.908346 0.414958 0.0521324
4.85475 16.342 -7.156 0.611516 0 -4.5 0 0.615863 -0.532912 -0.580274
17.676 30.088 10.797 2.0034 0.325276 -3.9 0 0.826027 -0.217453 0.519993
-10.6166 29.2761 -23.3094 0.454031 0 3.8 0 -0.739474 0.659964 0.132761
1.27025 47.301 15.5225 0.107522 0 -0.8 0 -0.649437 0.597869 0.469877
-5.5805 34.9445 12.5355 0.530964 0 -1.6 0 -0.839828 -0.211679 0.499882
-2.95575 32.1585 -23.2847 0.288233 -0.359209 -0.103442 0 0.28805 -0.665599 -0.68848
4.4325 41.057 -13.6602 0.416124 0 -3.5 0 0.589284 0.0578947 0.805849
2.03137 13.782 8.11425 0.948668 0.826899 -4.5 0 -0.363635 -0.931242 -0.0236389
-12.844 16.316 -24.271 0.327961 0 -0.9 0 0.428908 -0.70948 -0.559175
-9.66825 38.0368 1.972 2.62122 0 -3.9 0 -0.850148 0.518968 -0.0889997
8.1005 13.0965 2.74537 0.268508 0 3.8 0 0.588241 -0.74465 -0.315386
-16.4531 28.6355 2.26912 1.64646 0.569858 -3.9 0 0.188883 -0.707306 0.681206
-5.522 18.804 -16.5025 0.603882 0.0128962 -1.11721 0 0.65315 -0.739175 -0.164361
-2.38987 28.4788 -20.8709 -0.143516 -0.945621 -3.86584 0 0.48705 -0.80394 -0.341266
-7.94088 41.1941 -12.8267 0.816989 0.0163544 -3.5 0 -0.805722 0.572973 0.150047
-18.0325 20.5958 -9.05275 3.28429 0.0224566 -3.9 0 -0.769208 -0.525135 -0.364079
-10.5933 23.8269 1.10625 0.124842 0 -0.855577 0 -0.925476 -0.307006 0.221906
-21.6928 18.1275 -16.858 0.39574 0 -0.9 0 -0.805256 -0.553598 0.212347
4.70913 15.8736 9.64 0.302652 0 -3.28916 0 0.441041 -0.652873 0.615824
-4.47675 39.0462 -20.7175 -1.02331 -0.330234 -3.5 0 -0.899936 0.218044 -0.377586
2.5615 21.4165 -22.2642 0.49922 0 -0.4 0 0.32184 -0.429608 -0.843716
-4.03113 19.4675 -24.7566 0.965356 0 -4.5 0 0.222768 -0.480696 -0.848119
-11.6426 25.4269 -16.872 0.945489 0 -3.9 0 -0.301907 0.0716598 -0.95064
7.2805 40.3742 -7.3555 0.48133 0 4.2 0 0.5892 0.807955 0.00719983
-3.5665 45.6431 10.5631 0.561573 0 4.2 0 0.335683 0.931875 0.137573
12.5271 18.598 3.12287 3.03938 0.303417 -3.9 0 0.123084 -0.674841 -0.727626
-7.73537 38.0956 12.0627 0.570861 0 -4.5 0 -0.947922 0.155555 -0.277934
11.5594 32.5996 -8.91362 0.571802 0.0161596 -0.682688 0 0.892688 -0.41343 -0.179396
1.9565 45.1237 8.80125 0.579527 0 3.8 0 -0.723338 0.689693 -0.0332476
-11.8237 37.6253 -9.20175 0.37966 0 -0.9 0 -0.479759 0.872209 -0.0953028
-22.3351 19.5429 -16.6103 0.641821 0 -0.9 0 -0.998264 -0.00512996 0.0586734
-6.25225 29.2132 12.3345 -0.806817 -0.360798 -0.9 0 -0.950564 0.310526 0.000874895
-0.898 14.4075 -9.946 0.202603 0 2.8 0 0.125366 -0.985985 -0.110078
16.3444 19.9019 -5.95975 0.773062 0 -3.536 0 0.833521 -0.0783639 -0.546902
14.9377 22.6546 15.5086 0.0779588 0 4.5 0 0.185677 -0.322152 0.928301
-11.575 27.6265 -11.5325 -0.376729 -0.391927 1.8 0 -0.476685 0.825739 -0.301541
9.147 35.2745 -18.2674 0.734165 0 -3.9 0 0.78358 0.433149 0.445403
1.70425 18.7739 -10.7226 0.781231 0 2.8 0 0.910914 -0.179854 -0.371334
-1.50425 14.9263 -0.65725 -1.14275 -0.697974 -3.9 0 -0.885477 -0.431531 0.172368
-17.23 19.691 -8.5685 2.8901 0.0754324 -3.9 0 -0.312675 -0.94717 -0.0714356
6.4925 22.9585 -15.9145 0.65202 0 1.8 0 0.578494 -0.815578 0.0133115
4.48838 20.672 13.6545 0.0637174 -0.14459 0.674535 0 0.265569 -0.862125 0.431525
13.0226 39.1829 4.50875 0.681612 -0.00366131 -2.18596 0 0.967487 -0.17634 -0.181308
-10.8491 37.6541 -3.93875 0.294119 0 -2.45449 0 -0.806751 0.573778 0.14118
8.22637 17.5164 0.900875 1.04249 0.843431 -3.5 0 0.990669 0.0477211 0.127662
13.9964 19.1574 4.4715 3.21513 0.0141116 -3.9 0 0.704304 -0.430365 -0.564573
-5.47988 17.459 14.3223 0.204072 0 4.2 0 -0.369251 -0.887043 0.277141
-0.508 13.5507 -0.5995 -0.00580382 0 -3.9 0 -0.630632 -0.329255 0.702776
-8.76562 43.2113 -4.12687 0.402698 0 -0.7 0 -0.5343 0.84448 -0.0371028
-11.481 32.597 2.27012 -0.83799 -0.404488 -3.5 0 0.23889 -0.155216 0.958561
10.5309 40.1205 10.3476 0.791554 0 -3.5 0 0.716219 0.399104 0.572491
2.2195 17.1165 -13.1853 0.950505 0.0346898 -4.5 0 0.937759 0.153683 -0.311431
5.13475 15.6272 -6.432 0.989336 0 -3.5 0 0.552639 -0.367193 -0.748171
5.25525 40.7721 -4.85238 -0.00588932 0 4.2 0 0.392061 0.89363 0.218433
-11.3837 20.8655 -4.49 0.474419 0 -0.8 0 -0.301758 -0.926186 0.2261
0.69725 32.3506 -17.8005 1.00831 0 -2.62804 0 0.773317 -0.1938 -0.603674
-15.634 36.3773 2.17438 -0.51641 0 -3.5 0 -0.448477 0.830882 0.329398
9.75725 17.9357 5.232 0.450343 -0.267822 0.79316 0 0.391468 -0.685392 -0.613996
5.84975 41.1613 5.12425 4.32519 0 -3.9 0 0.965187 0.122823 0.230928
-0.945375 43.9106 -0.269875 -0.206765 -0.275933 -3.5 0 -0.268638 0.782192 0.562148
10.218 30.6189 13.8409 0.382669 0 4.5 0 -0.0727246 0.765355 0.639487
-16.5446 22.9489 -24.4079 0.532001 0 -0.9 0 -0.135296 0.789865 -0.598171
1.21775 12.9729 -8.17087 0.829248 0.567383 -3.5 0 -0.244436 -0.969659 -0.00352505
-3.9575 19.3336 9.68338 -0.149983 0 -0.4 0 -0.218357 -0.871725 -0.438652
-1.80288 18.7041 8.0485 -0.301165 0 2.8 0 -0.860139 -0.504794 -0.0731054
-0.617 17.3559 8.889 0.152322 0 2.8 0 -0.639813 -0.703537 0.309313
-1.85625 38.4372 14.384 1.18317 0 -4.5 0 0.410858 -0.0510559 0.910269
-4.85375 22.195 7.49675 0.065112 0 -0.9 0 -0.388489 -0.886718 -0.250613
-5.37813 33.2434 9.42962 0.292206 0 -1.6 0 -0.90178 -0.250378 0.352283
12.8547 15.7045 8.06225 1.0359 0.0351541 -3.9 0 0.108757 -0.991261 0.0746521
9.62775 16.2355 10.1757 0.324804 0 -3.9 0 0.102324 -0.714677 0.691929
-5.57163 41.2902 4.372 0.354131 0 4.5 0 -0.676483 0.376441 0.632979
-8.101 41.4958 -9.71825 0.89361 0.464651 -2.52094 0 -0.86819 0.493193 0.0548395
-17.5505 32.9905 0.1845 1.11348 0.368343 -3.5 0 -0.946723 0.321012 -0.0258123
9.51888 40.8656 13.6994 1.22251 0 -3.9 0 0.811105 -0.530207 0.24696
13.8925 21.4662 4.8985 1.54844 0.136353 -3.9 0 0.673856 0.421769 -0.606654
16.2798 26.5187 9.88225 0.113393 -0.0132162 -3.5 0 0.72725 0.275721 0.628558
-2.17138 21.024 16.1835 0.582806 0 -3.5 0 -0.707153 -0.0883979 0.701513
-11.4015 36.3635 1.8895 0.697003 0.34056 -3.69999 0 -0.6095 0.397148 0.686136
4.81675 22.053 -17.244 -0.109711 -0.10125 -3.5 0 0.314942 -0.851866 0.418493
8.6215 15.471 -6.673 -0.504913 -0.889137 -0.4 0 -0.430861 -0.690182 -0.581385
14.0623 15.8321 -4.23488 0.555654 0 -3.9 0 0.00247925 -0.99759 -0.0693364
3.63475 42.6136 -15.0381 0.628383 0.0410976 -3.38802 0 0.140668 0.943397 -0.300356
-18.0885 27.4683 1.5305 3.27092 0 -3.9 0 -0.0609764 -0.820618 0.568215
5.29675 38.6034 -13.0898 0.441457 -0.247063 -1.23309 0 0.0221826 0.758688 0.651077
-18.591 21.9225 -8.24525 1.35742 0 -3.9 0 -0.896432 -0.207828 0.391429
-6.41825 28.745 11.0033 0.542372 0 -0.9 0 -0.822606 0.56861 0.00129426
2.13675 44.0547 17.4399 -0.357753 -0.529893 -3.9 0 -0.354251 0.115514 0.927988
-16.8735 25.9439 -7.89362 0.749855 0 -1.07955 0 -0.983132 -0.0313608 0.180187
-7.48313 24.398 7.28687 0.269414 0 -4.5 0 -0.84659 -0.212652 0.487919
-13.83 13.7083 -13.6128 2.08534 0.124621 -3.9 0 -0.239453 -0.908389 -0.34277
17.196 18.681 6.59825 -1.25345 0 -3.5 0 0.659448 -0.734807 0.158705
-5.42513 41.8507 -15.1601 -0.0373614 0 -3.5 0 0.394967 0.685196 -0.611971
1.01919 35.5184 -21.5991 1.14528 0 -3.9 0 0.864743 0.499605 0.0511325
5.224 9.76875 1.387 3.00322 0.281732 -3.9 0 0.632794 -0.543098 0.551921
14.8865 19.4158 5.13088 0.0579306 0.426694 -3.83924 0 0.376389 -0.298034 -0.877215
-6.98962 16.7551 -15.3794 0.773031 0 -1.3 0 0.685136 -0.679723 -0.261851
7.752 32.4282 -20.005 1.9707 0 -3.9 0 -0.142842 -0.984799 -0.0988302
0.452125 20.6549 -17.4888 -0.274316 -0.0245713 4.2 0 0.542201 -0.837239 -0.0710561
11.546 16.5672 -1.9885 -0.0115653 0 -3.9 0 0.420937 -0.539353 0.729321
0.710375 20.7446 -14.8671 0.459577 -0.0892013 -3.30924 0 0.98162 -0.106261 -0.158524
-3.09363 38.5783 -21.8552 -0.965008 -0.406611 -3.5 0 -0.09959 -0.0464439 -0.993944
0.664 20.932 -13.4815 1.29812 0 -4.5 0 0.958068 -0.0515439 -0.281867
16.1812 19.8947 -2.52975 1.16814 0 -3.9 0 0.357321 0.677747 0.642635
-17.2384 17.4209 -25.2206 0.948278 0.918284 -0.9 0 -0.766544 -0.3522 -0.536997
-2.609 20.6825 -24.1005 0.834954 0 -4.5 0 0.453542 -0.130161 -0.881679
10.138 27.7708 14.8837 0.233371 0 4.5 0 0.0987181 0.132901 0.986201
-2.51 42.1865 -4.7685 -0.107411 0 -0.8 0 -0.198309 0.932733 -0.301137
-2.5375 44.9531 11.7039 0.961845 0 1.96538 0 0.159116 0.978914 -0.128097
12.198 31.8232 -12.852 0.615938 0 -3.2 0 0.781004 0.00980063 -0.624449
11.3892 26.3365 14.245 0.224899 0 4.5 0 0.351997 -0.0969433 0.930967
13.0323 34.4565 4.6145 0.221426 -0.407493 -0.7 0 0.414922 0.823181 0.387573
6.1935 13.0848 4.62975 0.288795 0 3.8 0 0.0785249 -0.943641 0.321521
-18.953 30.1647 -1.54025 0.973005 0 -3.9 0 -0.807188 0.239573 -0.539493
-1.24425 13.8245 -13.7327 0.991922 0.362319 -4.5 0 -0.140471 -0.989929 0.017592
-6.68038 17.4209 -19.2759 -0.269923 -0.277626 -0.710695 0 0.803852 -0.427731 -0.413363
-14.0161 18.1728 -14.3674 0.82652 0 -3.9 0 -0.925762 -0.0512701 -0.374616
-2.1885 42.9069 -2.40625 -0.241811 0 -2.17978 0 -0.541535 0.840155 -0.0296531
-8.34663 36.1808 -21.2537 -0.104481 -0.735368 -1.98895 0 -0.44902 0.887846 -0.100551
4.40175 29.8656 -17.5161 1.20524 0.480467 -4.5 0 0.117045 0.321566 -0.939625
1.90425 42.6203 17.443 -0.73982 -0.147874 -3.9 0 -0.462475 -0.408668 0.786834
-11.9111 15.1716 -17.6507 0.505159 -0.175409 -0.900974 0 -0.796789 -0.570684 -0.198615
2.61262 45.9842 -2.24587 0.0585431 0 -3.5 0 0.364621 0.869915 0.332114
4.53775 36.8773 -18.414 0.904251 0 -3.9 0 -0.137795 0.84494 -0.516806
21.058 22.9255 7.828 -0.0282977 0 -1.3 0 0.795109 0.466405 -0.387643
7.66925 15.5835 -5.91 -0.0591652 -0.114534 -1.83186 0 -0.14218 -0.483337 -0.863811
14.386 22.4089 -7.488 0.694062 0 -3.5 0 0.271438 0.932422 -0.23856
18.179 20.3316 9.13037 -0.00948809 0 -2.29427 0 0.0126327 -0.986196 0.165101
-12.6685 22.0589 -21.0434 0.718059 0 -0.833168 0 0.328827 0.904839 -0.270441
5.92438 10.2913 0.206 3.05795 0.0718963 -3.9 0 0.866494 -0.456679 0.201576
-8.9835 24.6559 4.91075 0.488409 0.0162028 -4.5 0 -0.97785 -0.0877047 0.190043
-10.8232 17.631 -8.6525 0.277405 0 2.8 0 -0.945601 -0.137517 0.294834
16.67 20.2605 5.005 -0.824512 -0.0916432 -3.5 0 0.315998 0.0574438 -0.947019
18.4116 20.969 6.218 0.253601 -0.221691 -2.31142 0 0.29915 -0.2951 -0.907428
10.7832 42.0725 7.796 0.79002 0 -3.5 0 -0.0710507 0.992399 0.100479
-8.65687 26.6636 -26.1544 0.416649 0 3.8 0 -0.449671 -0.566428 -0.69062
1.06662 15.7898 6.2565 -0.943628 -0.192233 -3.69828 0 -0.763493 -0.643291 -0.0570476
-18.5854 22.2887 -20.3495 0.0501447 0 -0.9 0 -0.584265 0.497953 -0.640841
-3.01837 31.1446 14.7165 0.402722 0 -3.9 0 -0.701608 -0.214098 0.679638
1.68763 43.117 7.67275 1.12335 0 1.38882 0 -0.799473 0.600462 -0.0169625
-14.894 34.048 -9.5035 0.602703 0 -3.5 0 -0.797311 0.457767 -0.393375
-6.89237 18.3231 -6.91437 0.158032 0 -0.414746 0 0.0519576 -0.706266 0.706037
-9.0885 33.1811 -26.7841 0.260759 -0.520026 -0.8 0 -0.798906 -0.555572 -0.230412
-7.8985 29.2533 -17.8475 0.740144 0 1.9 0 -0.541485 -0.494888 -0.679618
16.147 20.0575 9.635 0.144067 0 -3.5 0 0.00124334 -0.831495 0.555531
-4.4125 26.8803 -20.3295 0.171514 -0.781055 -0.8 0 0.561209 -0.42444 -0.71056
-17.759 21.366 -7.409 2.49098 0 -3.9 0 -0.564334 -0.0202601 0.825298
-8.30087 36.2244 -25.8894 0.195786 0 -0.8 0 -0.388248 0.856281 -0.340656
-19.4029 30.2992 1.14825 2.30303 0.44163 -3.9 0 -0.849017 0.410119 0.333127
-4.43625 47.5588 18.1085 -0.162799 0 1.9 0 0.254048 0.944746 0.207158
-9.83725 40.2874 -4.37712 0.268404 0 -0.7 0 -0.972751 0.159748 -0.168036
9.81987 41.7091 12.8881 2.20659 0.24841 -3.9 0 0.989966 0.0671868 0.124315
-1.608 34.2935 14.4218 1.60992 0.937688 -3.9 0 -0.649839 0.538157 0.536746
9.50775 12.3322 -1.69625 -1.49381 -0.621877 -3.5 0 0.918832 0.146038 0.366634
-16.1178 23.5117 -10.7685 1.23003 0 -3.9 0 -0.145189 0.215967 -0.965546
7.7845 37.6652 -15.2931 0.585024 0 -0.4 0 0.509599 0.542943 -0.667474
-12.2688 21.3735 -2.15175 -0.810981 -0.034383 -0.8 0 -0.39806 -0.896727 0.193466
-7.82575 15.6944 -9.13787 -0.0935648 0 -0.00883763 0 -0.313558 -0.927168 0.205039
-11.9305 16.071 -23.7145 0.440322 0 -0.9 0 0.257639 -0.783445 -0.565541
-9.98975 41.7949 -3.94963 0.394363 0 -0.7 0 -0.957964 0.286798 0.00717836
9.624 34.61 -21.906 2.91085 0 -3.9 0 0.64515 0.181248 -0.742247
-3.35162 17.5513 -2.79288 -0.189388 0 -0.7 0 -0.342304 -0.712679 -0.612304
5.74062 10.2334 -0.935875 1.96431 0.091502 -3.9 0 0.706593 -0.707541 -0.0105945
-21.8755 19.2735 -18.0235 0.175183 0 -0.9 0 -0.846469 -0.0988724 -0.523177
-13.26 20.746 -24.376 0.163666 0 -0.9 0 0.586064 0.310097 -0.748578
-4.14325 44.3564 -9.62275 1.52412 0 -3.9 0 0.573176 0.80878 0.131699
-0.00425 43.035 -15.2125 -0.893413 -0.532685 -0.7 0 -0.158578 0.789571 -0.592816
19.1185 25.36 -2.436 0.462785 0 -0.7 0 0.820521 0.0537266 -0.569085
8.476 14.8333 4.37775 0.375167 0 3.8 0 0.954707 -0.26649 0.132355
-0.318125 45.7011 -0.94875 -1.14339 -0.0121627 -3.5 0 -0.183198 0.689094 0.701133
7.444 24.6136 -12.2121 -0.553224 -0.00631006 3.8 0 0.291311 -0.906089 -0.306824
14.3667 29.9316 12.2928 1.1227 0 -3.9 0 0.0407684 0.277685 0.959807
-8.338 26.3335 17.2248 -1.29763 -0.120204 -3.5 0 -0.656935 0.496801 0.567121
-7.4985 37.2554 8.304 -1.67182 -0.138063 -3.5 0 -0.987545 0.126495 0.0935609
0.27575 18.738 17.5993 0.124821 0 -3.5 0 -0.481067 -0.653488 0.584403
-3.75237 41.9835 -6.00037 0.822009 0 -3.58038 0 0.0153646 0.954654 0.297321
-11.4487 25.4231 2.74575 0.924753 0.904907 -0.9 0 -0.946319 -0.0924813 0.309722
8.41625 25.464 -21.0588 0.459411 0 -3.5 0 0.672295 0.0314717 -0.739614
10.367 38.6566 -5.98275 1.19972 0.0908476 -3.9 0 0.557401 0.695409 -0.453552
-3.89575 23.7406 16.7572 0.425125 0 -3.5 0 0.510351 -0.45145 0.731939
4.106 43.2168 -2.44675 0.364165 0 -3.5 0 0.908066 0.301415 0.290801
-11.2627 32.8005 -14.2898 0.495259 0 -0.8 0 -0.814681 -0.195759 -0.54587
-13.971 28.001 -15.5197 3.35601 0.114717 -3.9 0 -0.849145 0.354002 -0.391964
0.2 39.077 13.823 0.686968 0 -4.5 0 0.198381 -0.0664684 0.977868
15.0034 21.6551 -9.0295 0.457947 0 -3.5 0 0.622808 0.329937 -0.709403
-0.21075 18.0378 12.241 -0.352686 -0.303467 -3.5 0 0.185084 -0.939457 0.288384
14.869 32.889 9.0285 1.87908 0.0183063 -1.7637 0 0.782347 0.608549 -0.132669
-0.776125 15.6845 -3.50062 -0.65308 -0.464107 -3.56341 0 -0.961485 -0.196248 -0.192441
-15.4794 34.7301 -5.06262 0.384565 0 -3.5 0 -0.668356 0.742995 0.0354898
-6.3735 27.1915 -23.0481 0.453963 0 3.8 0 0.402686 -0.901089 0.160882
15.836 18.916 5.4615 -0.573505 -0.792201 -3.5 0 0.0310064 -0.379748 -0.92457
-2.1815 37.2945 14.05 0.900391 0 -4.5 0 0.0949873 -0.473849 0.875468
-1.26825 32.582 17.4195 0.695734 0 -3.9 0 -0.671755 0.176959 0.719326
7.57662 38.1716 13.4792 0.964692 0 -1.6 0 -0.810118 -0.193762 0.553322
-7.05062 42.663 -5.48544 0.226974 0 -0.7 0 0.303695 0.89833 -0.317447
-10.7475 19.1375 -9.47637 0.105352 0 1.06354 0 -0.909605 -0.0503599 0.412411
-15.0309 17.6152 -25.7243 -0.117129 0 -0.9 0 0.121867 -0.0760803 -0.989626
3.187 34.5151 10.6694 0.716163 0 -1.3 0 0.647515 0.27312 0.711428
-5.73513 28.369 -25.9466 0.442206 0 3.8 0 0.71114 -0.278786 -0.645413
-3.3885 47.1678 17.2635 -0.318462 0 1.9 0 0.746394 0.659231 0.0911631
3.592 24.9175 -21.3137 0.793745 0.589564 -0.871765 0 -0.147233 0.621645 -0.769338
11.1345 36.1603 -11.2778 0.562233 0 -3.2 0 0.796504 0.394044 -0.458596
-15.3559 33.2849 2.14125 0.391955 -0.107749 -3.67524 0 -0.219151 -0.179569 0.959024
18.1248 30.8286 10.0914 1.86471 0.890475 -3.9 0 0.974877 0.175883 0.136674
-17.3459 24.9042 -8.548 0.927076 0 -3.9 0 -0.900089 0.433372 -0.0450465
-1.5395 24.2533 -21.304 0.172475 -0.197612 -3.43213 0 -0.0493821 0.918312 -0.392764
15.9204 27.4212 10.4331 0.834066 0 -3.9 0 0.809672 -0.273274 0.519377
17.6192 16.5324 -2.93213 2.78778 0.32487 -3.9 0 0.58255 -0.52225 0.622808
16.4704 20.578 10.53 -0.219399 -0.0900932 -0.016082 0 -0.120074 -0.983689 0.133933
-18.1424 32.2152 0.967375 0.737351 0 -3.9 0 -0.768579 0.582743 0.264002
1.75075 16.8864 -10.9295 0.717671 -0.0732719 -3.40384 0 0.962568 0.24842 -0.1084
2.45587 44.917 -0.845 0.206586 0 -3.5 0 0.361225 0.433181 0.825755
-18.8365 23.5347 -18.3542 1.0492 0.692579 -0.9 0 -0.310215 0.932115 0.186892
-11.7035 21.033 -7.889 1.01818 0.723225 2.8 0 -0.573889 -0.780956 0.246494
-13.9808 36.9899 0.2845 0.750365 0 -3.5 0 -0.0999239 0.971521 0.214853
-15.719 28.3444 -9.85238 0.374794 0 1.8 0 -0.707991 0.221369 -0.67063
20.4548 20.5263 6.8555 -0.462124 -0.904463 -1.3 0 0.392557 -0.6955 -0.601812
20.1735 25.211 10.3477 0.475375 0 -1.3 0 0.513128 0.855322 -0.0715891
4.92263 33.4054 -19.9147 0.816603 0 -3.9 0 -0.637215 -0.627202 -0.447855
13.383 22.5499 15.1202 0.151431 0 4.5 0 -0.46605 -0.650486 0.599722
-12.9065 36.0239 -9.92587 1.03639 0.951774 -0.9 0 -0.790411 0.453079 -0.412273
12.9613 31.4 -6.641 0.674257 0 3.7414 0 0.753149 -0.0989481 -0.650366
-9.584 28.5623 -21.334 0.504509 0 3.8 0 -0.260905 0.00419008 0.965355
-11.5015 35.952 0.203 0.700944 0 -3.5 0 0.272195 0.930977 -0.243294
4.91675 22.5364 -13.4886 0.477059 0 1.8 0 0.173289 -0.972722 0.154215
9.5915 18.6917 11.0565 0.717695 0 -3.9 0 0.431617 -0.309445 0.847319
-3.02638 27.7206 13.8634 0.325839 -0.0105087 -3.00868 0 0.398445 0.129953 0.907939
16.3097 35.1085 -3.5295 3.29435 0.123258 -3.9 0 0.988926 0.0808103 -0.124476
1.32575 44.5877 10.9775 0.635231 0 -0.8 0 -0.0434851 0.858426 -0.511091
-1.21725 41.3353 -7.28625 -0.167503 -0.843341 -3.9 0 0.30502 0.922818 -0.235307
16.406 15.8558 -3.07775 2.23054 0.424313 -3.9 0 -0.0362223 -0.81473 0.578709
3.0595 38.5045 -17.4419 1.07627 0 -3.5 0 0.342326 0.0609517 -0.937602
-11.0103 31.5435 -13.937 0.823454 0 -0.8 0 -0.885927 -0.235386 -0.399659
20.5519 20.5109 13.1093 0.139856 0 -1.3 0 0.364517 -0.81436 0.451602
-20.397 22.6772 -16.8283 0.762374 0 -0.9 0 -0.257011 0.861369 0.438166
20.7005 22.181 6.46125 0.203361 -0.441003 -1.3 0 0.508065 0.349691 -0.787138
9.79025 33.8615 11.9043 -0.417039 -0.717052 -1.6 0 0.277538 -0.240439 0.930141
2.06588 25.4035 14.1551 0.546575 0 -3.5 0 -0.512372 0.711845 0.480366
1.401 10.5596 -1.93113 0.80871 0 -3.9 0 -0.682897 -0.700086 -0.208641
-7.16625 15.2505 -17.718 -0.674881 -0.567762 -0.4 0 0.618894 -0.741214 0.259946
12.5767 25.2316 -6.30244 -1.21756 0 -3.5 0 0.75506 -0.141972 -0.6401
18.988 24.288 -2.16125 0.464902 0 -0.7 0 0.497111 -0.623343 -0.603593
-7.89262 20.5005 -2.791 -0.164285 -0.213732 1.8 0 -0.288919 -0.903276 -0.317204
18.304 31.8557 5.80525 1.10562 0 2.5 0 0.094773 0.968662 0.22959
-6.2675 39.6515 8.41775 0.817169 0.23202 -3.5 0 -0.90153 0.382749 -0.201859
8.29412 17.8517 -8.48425 0.593109 0 -0.4 0 -0.50293 -0.595573 -0.626381
13.0414 41.1164 7.7185 0.459656 -0.0132044 -3.5 0 0.634263 0.658886 0.404449
-17.693 31.605 -1.124 1.57356 0 -3.9 0 -0.763452 0.545104 -0.346413
-12.664 34.9552 -13.2605 -0.82203 -0.160427 -3.5 0 -0.875882 0.049043 -0.480027
6.75675 43.1565 9.28075 0.963068 0 3.8 0 0.666719 0.690057 -0.281615
8.48525 37.047 -14.9058 0.539095 0 -0.4 0 0.863103 0.119363 -0.49072
4.5775 24.1693 -21.606 0.707673 0 -3.5 0 0.0881846 -0.107047 -0.990336
16.7922 24.8417 3.67875 0.612638 0 2.5 0 0.520599 -0.752365 -0.403638
6.01638 36.7011 -19.6539 0.797022 0 -3.9 0 -0.0904986 0.919214 -0.383217
5.3125 35.3755 10.4135 0.484871 0 -1.3 0 -0.0280159 -0.157244 0.987162
-6.31 38.102 6.639 -0.498685 -0.631051 -3.5 0 -0.884592 0.407589 -0.226646
21.9105 21.8395 11.0735 -0.089775 0 -1.3 0 0.977261 0.201651 0.0655619
-2.09875 31.954 16.0413 0.722163 0 -3.9 0 -0.747135 -0.0909599 0.658419
-2.22438 17.3428 -3.36812 -1.32523 0 4.5 0 -0.512741 -0.841581 -0.169818
9.66075 41.7593 6.86575 0.81887 0 -3.5 0 -0.494523 0.846119 -0.198819
-5.57513 45.2002 8.64675 0.376748 0 4.2 0 -0.288267 0.610145 -0.737987
3.05962 14.1007 -10.2992 0.9818 0.110879 -3.5 0 0.687926 -0.472779 -0.55067
11.5219 17.4536 -9.49938 -0.402547 -0.106639 -3.5 0 -0.012845 -0.569842 -0.821654
9.08838 16.6319 5.16512 0.38945 -0.0558775 3.8 0 0.8586 -0.382009 -0.341869
-1.08288 42.208 -5.7215 -1.08937 -0.438932 -3.9 0 -0.0258419 0.888957 -0.457261
1.13563 43.1141 3.15412 0.269457 -0.0359526 3.12191 0 -0.0430348 0.997017 -0.0640699
8.1075 40.224 14.8092 1.30412 0 -3.9 0 0.596879 -0.6223 0.506436
-3.1555 37.898 14.6855 1.17843 0 -4.5 0 0.305987 -0.526037 0.79351
2.66812 35.7588 10.691 0.846677 0.115016 -4.05822 0 0.665971 -0.0369356 0.745063
19.6701 20.934 14.323 -0.728949 -0.680128 -1.3 0 0.185577 -0.965599 0.182152
-6.4165 45.639 11.542 0.373439 0 4.2 0 -0.0868123 0.946913 0.309547
7.74975 14.678 -1.451 -0.142415 -0.23574 -3.5 0 0.717591 -0.156227 0.678716
10.4406 29.7354 -15.2735 -0.00732689 0 -3.5 0 0.436025 0.381893 -0.814886
8.57725 24.4816 -20.063 0.436156 0 -3.5 0 0.896494 -0.424256 -0.127691
11.2445 19.0238 -9.93662 0.777251 0 -3.5 0 -0.274423 -0.370255 -0.88747
-6.45762 17.3119 -8.0205 -0.201318 -0.835474 -2.99343 0 0.0927311 -0.547313 0.831775
-8.31738 21.0986 0.29475 0.107217 0 -0.510251 0 -0.425781 -0.89852 0.106642
1.291 16.0351 1.44488 -0.0299035 0 -3.5 0 -0.385138 -0.616931 0.686341
-0.181375 29.6052 16.1071 0.451476 0 -3.9 0 -0.0357966 -0.816791 0.575822
13.018 40.1716 -2.11875 0.662993 0 2.8 0 -0.199206 0.768038 -0.608634
-4.784 37.801 -21.354 0.137822 0 -3.5 0 -0.624224 0.404354 -0.668463
-10.6012 21.753 -1.2385 0.229519 -0.0890397 -0.567866 0 -0.179785 -0.911659 0.369535
8.79813 42.0057 16.0928 0.639949 0 -3.9 0 0.772745 0.222709 0.594362
17.479 29.454 9.382 2.42365 0 -3.57505 0 0.91188 -0.288126 0.292332
21.322 21.5664 7.05425 -0.595069 0 -1.3 0 0.808806 -0.0910487 -0.580984
0.0055 16.5392 0.539 -0.574336 0 -3.5 0 -0.516937 -0.134427 0.845403
7.28125 23.4289 -18.9163 0.615715 0 -3.5 0 0.70883 -0.684591 0.169987
-15.7557 31.4434 -6.79112 0.836607 0 -3.5 0 -0.897355 0.253728 -0.361075
2.34 21.816 -11.484 0.795623 -0.143892 -4.5 0 0.540881 -0.43983 -0.716936
-0.734875 20.278 -20.2129 0.963258 0.0341342 -3.76062 0 0.325602 -0.924453 0.198418
1.2735 41.7552 -16.4018 0.23324 0 -3.5 0 -0.227262 0.624345 -0.747359
2.27475 47.577 13.4888 -0.411242 -0.644317 -0.8 0 -0.0847076 0.715261 -0.693705
-9.91862 38.3745 -7.68638 0.541079 0.35365 -0.9 0 -0.654279 0.754467 0.0519476
-5.16175 28.472 -24.8178 0.585758 0 3.8 0 0.734431 -0.555288 -0.390213
5.62475 22.1684 -18.6371 0.342438 -0.248993 -3.5 0 0.51965 -0.852541 0.056013
-4.6405 21.6401 15.5604 0.877729 0 4.2 0 0.311002 -0.177237 0.933737
-5.74137 45.6823 14.7335 0.26006 0 1.9 0 -0.528126 0.62408 -0.575854
-3.34575 16.4061 0.3985 -0.0435038 0 -0.7 0 0.129405 -0.892796 0.431473
1.397 15.0841 8.818 0.443553 0.00855296 -4.5 0 -0.888877 -0.442708 0.117933
-11.6039 37.66 -6.69338 0.191806 0 -0.9 0 -0.332259 0.941418 0.0577655
7.138 26.2051 -21.3409 0.258212 0 -3.5 0 0.404619 0.0114952 -0.914413
6.3875 22.9182 -20.9015 0.484554 0 -3.5 0 0.309128 -0.659469 -0.68523
10.2522 34.3851 -20.3043 2.18371 0.753904 -3.9 0 0.971976 -0.015885 0.234544
-9.7395 38.9136 -14.9312 0.517754 0 -3.5 0 -0.519967 0.842286 -0.14209
-7.94238 14.1117 -14.4368 0.0781957 0 -1.3 0 0.768138 -0.533533 -0.353986
-15.8337 17.2555 -17.8888 0.506915 0 -0.9 0 -0.151477 -0.586012 0.796018
5.2555 41.3372 -0.97075 -0.352868 -0.235939 -3.5 0 0.137828 0.83951 0.525572
-1.3745 17.675 12.4537 -1.04072 -0.777598 -3.5 0 0.00680047 -0.94605 0.323949
-8.196 37.322 4.74275 2.15004 0 -3.9 0 -0.186302 0.402213 0.896391
-4.255 44.5411 7.99412 0.432631 0 4.2 0 0.000338816 0.386115 -0.922451
-2.71638 42.1711 -13.0806 0.101631 -0.601041 -1.3 0 -0.122723 0.964982 0.231839
15.5984 32.6102 -3.23863 1.82453 0.784578 -3.9 0 0.921366 -0.285672 -0.263582
-8.312 21.1758 -3.8095 0.436112 -0.0121487 1.8 0 -0.331297 -0.942811 0.0367395
1.443 15.5463 10.7277 0.862666 0.0830536 -4.5 0 -0.820274 -0.249895 0.514494
0.017625 19.9654 -15.7579 -0.00353684 -0.00288057 3.28366 0 0.56419 -0.692714 -0.449262
-7.50462 33.119 7.4835 0.321114 0 -3.2 0 -0.721989 0.493115 0.485356
0.46925 14.5809 -12.6512 0.768537 0.153641 -4.5 0 0.22029 -0.95566 0.195414
3.19237 20.284 -10.587 0.70236 -0.492054 0.0707146 0 0.185851 -0.350541 -0.917922
3.58275 13.2177 1.42225 0.532547 0.233105 0.582086 0 -0.793915 -0.090533 0.601251
-9.4345 19.0123 -22.6982 0.264878 0.413577 -2.98379 0 0.173804 -0.506253 -0.84469
-12.0645 15.9175 -10.1935 0.668246 0 -3.9 0 0.0813699 -0.684949 0.724033
12.6523 27.9465 -9.97363 -1.04671 -0.400471 -3.5 0 0.800228 0.557972 0.219777
-1.67737 27.1577 -17.9562 -0.13987 -0.66064 -2.60437 0 -0.214725 -0.0427449 -0.975739
6.39575 18.7355 10.8215 0.698718 0 -4.00168 0 -0.0875095 -0.558423 0.824928
-8.18038 35.821 4.73275 1.91517 0.382813 -3.9 0 -0.517106 -0.22898 0.824724
1.33238 31.5068 -17.2466 0.965892 0.121957 -4.32986 0 0.364818 0.00256792 -0.931075
3.432 42.6415 2.688 1.91547 0 -3.9 0 0.395483 0.474796 -0.786233
-12.9082 23.8965 -2.89825 0.24098 0 -0.8 0 -0.91411 0.147059 0.377858
-6.56588 25.3673 -19.7475 0.571635 0.00151378 -0.890121 0 -0.62767 -0.237414 -0.741394
6.19075 24.5185 17.0115 -1.61942 -0.590253 -3.5 0 0.681839 -0.0396942 0.730424
-1.68438 14.5389 -14.6781 0.689355 0 -4.5 0 -0.264615 -0.681479 -0.682323
12.2981 16.8501 -5.69275 0.458903 0 -1.74203 0 0.406629 -0.792043 -0.455325
-8.649 36.5429 -23.2495 -1.11943 -0.176771 -0.8 0 -0.343114 0.936126 -0.07708
7.17675 34.3172 10.3771 0.245672 0 -1.46142 0 -0.651077 -0.0113029 0.758927
8.5825 13.0695 -4.587 -0.0595275 0 -3.5 0 0.803075 -0.274417 -0.528929
-14.5487 33.467 -10.5653 0.845566 0.141416 -3.5 0 -0.933617 0.255329 -0.251331
12.9823 17.7266 -9.61137 -1.06032 -0.412174 -3.5 0 0.574477 -0.532118 -0.621954
10.0868 33.6507 -21.2908 2.93346 0.37989 -3.9 0 0.947179 -0.181811 -0.264191
-9.109 33.9652 -23.8285 0.411417 0 -0.8 0 -0.930464 -0.284105 0.231346
13.3186 38.9451 5.74087 -0.566893 -0.479589 -3.5 0 0.739934 -0.568358 -0.359814
-0.866 22.2792 15.925 0.836307 0 -3.5 0 -0.152297 0.931408 0.330584
13.9137 37.5774 2.82725 0.358488 0 2.8 0 0.583221 0.187775 0.790312
10.5185 41.468 4.417 1.11772 0.5798 -3.5 0 -0.53567 0.758055 -0.372035
-10.3465 20.2658 -21.997 0.613836 0.0283345 -1.4024 0 -0.245195 0.821773 -0.514362
16.4614 23.2005 5.33975 1.5587 0 0.795667 0 0.134704 -0.56872 -0.811426
-7.58162 25.2999 9.61112 0.428 0 -0.9 0 -0.994269 0.072621 -0.0784521
-9.16413 25.452 6.06875 1.42068 0.574844 -4.5 0 -0.949455 0.180644 0.256717
8.13825 40.2925 -1.44125 0.215256 -0.00217819 -3.5 0 0.322122 0.931673 0.167994
-0.65875 30.4417 -21.3123 -0.140773 -0.0984053 -3.9 0 0.684593 -0.442178 -0.579492
-15.7191 20.3734 -25.465 0.020858 0 -0.9 0 0.0868862 0.159073 -0.983436
-4.79475 39.1351 -18.2786 -0.199626 0 -3.5 0 -0.318878 0.947571 -0.020636
15.8766 37.7314 -2.24487 0.964056 0 2.8 0 0.83172 0.231635 -0.504567
-2.74375 18.1318 12.7214 -0.106244 0 -1.7691 0 -0.118111 -0.990229 0.0741327
-14.3495 20.769 -13.6307 0.246792 -0.15656 -3.9 0 -0.895667 0.295482 0.332373
-9.88625 38.8055 -11.482 0.62443 -0.0120362 -3.29684 0 -0.867007 0.492468 0.0759913
-5.5725 16.873 -13.9725 0.358087 0 -1.3 0 0.510809 -0.639992 -0.574007
-11.7677 23.9352 -16.4928 0.866416 0 -3.9 0 -0.774482 0.107992 -0.623309
12.1637 19.313 -1.77087 0.544731 -0.130405 0.531538 0 0.132728 -0.167768 0.976851
0.339 17.2458 4.68962 -1.46178 -0.413421 -3.5 0 -0.741281 -0.556737 -0.374894
-17.018 17.0111 -24.1112 0.948935 0.099493 -0.9 0 -0.838104 -0.529568 0.130918
-6.4 16.9825 -18.05 -0.720039 -0.599433 -0.975682 0 0.946181 -0.32349 -0.00976509
-6.15975 36.1705 11.2858 0.339404 0.00842734 -1.93596 0 -0.84152 -0.516624 -0.157938
17.0793 23.146 15.8381 -6.30751 0 -1.3 0 -0.595101 0.23723 0.767839
-10.7455 22.3404 -0.1085 0.29847 0 -0.8 0 -0.548328 -0.667742 0.503445
-13.5387 22.074 -23.9179 0.228078 0 -0.9 0 0.519786 0.529598 -0.670334
-13.7778 27.9316 0.396125 0.176882 -0.476334 -3.9 0 -0.283326 -0.920819 0.267991
-15.8495 16.9072 -22.249 -0.00866788 0 -0.9 0 -0.674893 -0.737801 0.0129856
-4.34338 39.5434 -19.4135 -0.528246 0 -3.5 0 -0.690462 0.704336 0.164841
-5.73212 23.4993 -25.4429 1.32038 0.100382 -4.5 0 0.133147 0.406268 -0.904001
-0.231937 12.0431 -2.63381 0.400126 0 -3.9 0 -0.763447 -0.549359 -0.339638
1.5995 16.5233 3.13475 -0.50031 -0.539515 -3.5 0 -0.593506 -0.734625 -0.32875
-1.14125 25.2183 13.2701 0.711105 -0.00814777 -3.01194 0 0.274076 0.234881 0.932584
-7.4575 33.4654 -28.0553 0.172163 -0.396089 -0.8 0 0.44112 -0.273225 -0.854846
-4.5135 17.7192 14.9644 0.220649 0 4.2 0 0.31049 -0.785762 0.534953
-14.4187 35.4282 -6.77375 0.295418 0 -0.9 0 -0.614446 0.78335 -0.0939082
11.5437 27.5837 -8.5785 -0.192933 -0.14864 -0.821124 0 0.885207 0.309448 0.347348
10.5059 32.4001 11.255 0.535927 0 -1.6 0 0.367547 0.114363 0.922947
-2.83987 42.6036 -1.18087 0.0268431 0 4.11274 0 -0.310509 0.930061 -0.196394
1.63225 34.3069 -24.7574 1.97625 0.880143 -3.9 0 0.653112 -0.611099 -0.447218
-1.346 45.9685 13.062 0.424561 0 -0.8 0 -0.398183 0.859118 -0.321507
21.8121 27.2369 4.64113 0.583977 -0.128506 -0.4 0 0.138254 -0.913536 -0.38254
-2.15663 41.8784 16.1665 -0.434295 -0.882834 -0.8 0 0.065006 -0.597495 0.799233
-6.95237 26.5469 -19.0631 1.55945 0.148672 -0.8 0 -0.967772 0.0323656 -0.249741
5.14587 35.9239 -20.0777 0.876736 0 -3.9 0 -0.689072 0.394773 -0.607729
3.36375 45.5397 9.29325 0.594897 0 3.8 0 -0.0584399 0.933073 0.354907
-1.0995 19.5357 0.281 -0.311305 0 -2.97121 0 -0.0789163 -0.369784 0.92576
0.123 15.1318 -11.5527 0.566125 0 -0.852377 0 -0.0694645 -0.994117 -0.083104
-17.1281 20.3255 -7.341 3.35714 0.116199 -3.9 0 -0.128804 -0.690449 0.711821
5.97875 39.2085 1.46662 0.966494 0 -0.903509 0 0.452395 0.881503 0.135244
6.28038 36.1206 -21.0644 0.830455 0 -3.9 0 -0.35596 0.607375 -0.710203
-13.7863 22.2437 -6.5035 0.850676 0 -0.8 0 -0.320166 -0.848929 0.420491
3.2795 13.6955 -9.1575 0.102382 0 -3.5 0 0.807126 -0.562898 -0.178027
-3.6675 42.3952 -11.9888 0.514538 0 -3.70817 0 0.0392521 0.919225 -0.391772
-13.0264 25.2036 -3.48325 0.559915 0 -0.8 0 -0.860672 -0.158434 0.483882
19.8053 20.9513 16.527 -2.15065 -0.169513 -1.3 0 0.318901 -0.742947 0.588499
19.9505 29.6264 2.23275 1.71275 0.624729 -0.8 0 0.853266 -0.27658 -0.442086
10.7004 23.3279 13.5141 0.208115 0 4.5 0 0.26392 -0.318512 0.910438
-9.922 38.8805 -4.603 -0.0747469 -0.464909 -2.39611 0 -0.89635 0.292057 -0.333556
14.9015 37.459 2.138 0.297499 0 2.8 0 0.726964 0.181144 0.662352
-15.772 16.1841 -23.8555 0.100787 0 -0.9 0 -0.539592 -0.840931 0.0409266
-7.18325 22.877 -19.806 0.256313 -0.018029 -1.45534 0 -0.273217 0.674402 -0.685955
8.75675 21.9702 14.6302 0.158836 0 4.5 0 0.701438 -0.0811833 0.708092
-17.3288 20.7138 -25.4215 0.482546 0 -0.9 0 -0.324611 0.16441 -0.931449
0.835125 20.4461 18.9382 0.818764 0.0411 -3.5 0 -0.23901 0.0253828 0.970685
13.2951 23.642 15.6604 0.16046 0 4.5 0 -0.365082 0.0113514 0.930906
12.3577 16.1706 6.13263 1.10603 0 -3.9 0 -0.179104 -0.888117 -0.423285
13.674 40.9118 6.37025 -0.0391076 -0.0655666 -3.5 0 0.766194 0.642594 0.0044438
-6.89962 44.5827 -8.49275 3.05755 0.376011 -3.9 0 -0.315339 0.582694 0.749019
-6.99687 19.7385 12.2659 0.195222 0 4.2 0 -0.630159 -0.479407 -0.610794
5.03525 20.3369 12.7566 0.211639 0 4.5 0 -0.0161406 -0.927969 0.372308
1.0925 34.053 -19.3515 0.392849 0 -3.9 0 0.848653 -0.417667 -0.324565
-1.66188 20.0479 -23.5263 0.593072 0 -4.5 0 0.491647 -0.457302 -0.741052
-4.47225 45.309 20.1159 0.762407 0 1.9 0 0.0963278 -0.15848 0.982652
-7.66125 23.4088 6.9065 0.470769 0.0331426 -4.5 0 -0.718269 -0.295944 0.629688
15.5525 21.623 13.787 -0.0586904 0 4.5 0 -0.162878 -0.784596 0.59823
20.6476 21.3542 15.0885 -0.995636 -0.45723 -1.3 0 0.779461 -0.562595 0.275549
-16.6268 28.3487 -1.7755 1.15466 0 -3.9 0 -0.235356 -0.923108 -0.304105
7.845 32.4995 -21.7113 2.1235 0.843168 -3.9 0 -0.16368 -0.887447 -0.430867
-18.5103 21.8974 -9.37537 1.8258 0 -3.9 0 -0.88337 -0.274068 -0.380189
6.394 43.693 13.6546 1.63684 0 -3.9 0 0.174091 0.840815 -0.512565
-3.1355 41.236 15.4525 0.468496 -0.0242954 1.78103 0 0.119904 -0.627413 0.769399
-7.79725 20.2563 -1.33712 -0.467846 -0.585092 1.8 0 -0.331551 -0.893847 0.301848
22.4475 31.6257 3.832 0.985565 0 -0.4 0 0.270454 0.83645 -0.476662
-6.25675 14.8514 -12.2856 -0.202073 0 -2.83162 0 0.177005 -0.90592 -0.38468
4.10025 24.2052 17.9496 -1.39575 -0.257668 -3.5 0 -0.25468 0.155956 0.954367
-7.548 24.6455 10.9642 0.159607 0 -0.9 0 -0.993229 0.114232 0.0211247
18.3127 24.0645 16.0033 -6.72122 0 -1.3 0 -0.146109 0.727018 0.670892
-8.84425 28.628 -16.7 0.56823 0 1.9 0 -0.56734 -0.391985 -0.724205
-1.34 18.2785 9.263 -0.147798 0 2.8 0 -0.585281 -0.807966 -0.0680883
11.8436 35.4434 5.52212 0.0904305 -0.748812 1.63309 0 0.970551 0.24067 -0.0104545
-4.356 17.2214 1.291 -0.0692658 0 -0.7 0 -0.190531 -0.369847 0.909347
9.67925 22.3835 -11.2657 -0.22096 -0.67484 -3.5 0 -0.514558 -0.208475 -0.831726
13.6605 40.571 5.01725 1.21957 0.221035 -3.5 0 0.879582 0.189916 -0.436197
-6.41888 41.0436 -1.70138 0.542515 -0.415374 -1.15199 0 -0.216434 0.848935 0.482147
20.3528 32.2718 0.244 -0.301577 -0.869066 -0.8 0 0.828273 0.557394 -0.0572349
-5.9165 40.9095 -16.0015 -0.380041 -0.0206837 -3.5 0 0.337903 0.512595 -0.789346
-3.106 39.9258 -22.274 -1.43034 -0.188063 -3.5 0 -0.139628 0.275177 -0.9512
-6.72675 19.525 -1.31425 0.453728 0.0807997 -0.288324 0 -0.681459 -0.729474 -0.0589954
-4.04 45.893 8.98525 0.407178 0 4.2 0 0.127336 0.893968 -0.429659
0.4625 20.5835 -22.276 1.15648 0.398212 -4.5 0 0.418085 -0.478623 -0.772091
2.526 44.468 -12.173 -0.306313 -0.0496129 -0.7 0 0.473094 0.810425 -0.345533
-11.9025 22.5142 -20.122 0.668028 0 -0.8 0 0.19361 0.833392 -0.517662
1.258 21.58 18.3293 0.770496 0.555654 -3.5 0 0.0782082 0.758685 0.646747
15.1418 20.7593 5.20925 -0.792397 -0.0282947 -3.5 0 0.313006 0.267586 -0.911277
21.5959 31.7821 5.69812 1.47427 0 -0.4 0 -0.0592558 0.926108 0.372576
-3.644 42.488 6.49175 -1.08977 -0.295947 -3.5 0 -0.343065 0.922257 -0.178179
-16.6256 22.3634 -11.09 1.02883 0 -3.9 0 -0.0633538 -0.112444 -0.991636
-18.7097 18.0217 -16.4834 0.280329 0 -0.9 0 0.450093 -0.226344 0.86382
-0.79175 36.161 -25.6116 1.99375 0.59411 -3.9 0 -0.448326 0.329308 -0.830999
-3.6025 32.909 14.2268 0.513501 0 -2.82163 0 -0.563387 0.201803 0.801168
12.5266 25.5753 -13.6555 -1.73484 -0.23479 -3.5 0 0.430177 -0.442026 -0.787122
12.5065 32.0218 -11.7945 0.842065 0 -3.2 0 0.998539 -0.0539619 0.0029796
-6.91237 25.2817 12.6049 0.302864 -0.21614 0.692892 0 -0.966108 0.254156 0.0451693
-11.2434 38.3921 -14.4465 0.540034 0 -3.5 0 -0.767987 0.632108 -0.103127
0.7875 33.2899 -23.429 1.13774 0 -3.9 0 0.605887 -0.729475 -0.31744
-0.1465 18.138 -14.7425 0.977688 0 -4.5 0 0.377012 -0.0518635 -0.924755
-16.7575 22.6855 -21.3193 0.552362 0 -0.9 0 -0.30755 0.946709 0.0956866
8.83088 40.9926 15.6441 0.714622 0 -3.9 0 0.661474 -0.602288 0.44688
-12.6881 15.3155 -20.1733 0.825194 0.00589178 -0.834734 0 -0.0730934 -0.983772 0.163859
-15.2349 27.7715 -10.7459 -0.790479 -0.655809 -3.55234 0 -0.567959 0.508525 -0.647167
-9.2535 42.2482 -5.1225 0.474415 0 -0.7 0 -0.739871 0.502998 -0.446749
-6.17137 37.8549 -18.9511 0.2919 0 -3.5 0 -0.418284 0.804828 -0.421059
18.3067 20.5557 10.367 -0.132133 0 -1.3 0 -0.307793 -0.938161 0.158483
11.9805 30.4419 -6.93337 0.39391 0 2.91135 0 0.619625 -0.239483 -0.747471
1.5325 21.1695 -12.3442 0.930756 0 -4.5 0 0.785314 -0.220955 -0.578326
-8.74575 22.8033 -24.87 1.26357 0.579703 -4.5 0 -0.740295 0.376436 -0.55701
3.9755 42.0552 -12.7746 0.903182 -0.692067 -0.7 0 0.961103 0.000259197 0.276189
16.7715 24.1278 -2.9325 0.348992 0 -1.35399 0 0.487011 -0.815912 -0.311621
7.04462 12.6815 3.33037 0.29922 0 3.8 0 0.0163422 -0.999513 -0.0265949
-15.0717 20.914 -14.6405 -0.4377 -0.398245 -3.9 0 -0.957591 -0.00220041 0.288124
23.2162 30.7635 6.354 1.99254 0 -0.4 0 0.378215 0.557067 0.739344
-1.778 33.0185 15.643 1.5927 0.106973 -3.9 0 -0.784267 0.419317 0.457272
-3.82675 17.1425 -7.0315 0.196834 0 2.8 0 -0.477226 -0.345126 0.808173
15.0224 17.7859 9.01237 3.01271 0.33776 -3.9 0 0.590496 -0.203625 0.78093
9.57825 40.2687 -3.81375 -0.870775 -0.583508 -3.9 0 0.325756 0.916421 -0.232499
4.92775 27.8368 -20.6168 -0.472744 -0.249436 -3.5 0 -0.71737 0.645333 -0.262536
3.23325 22.6117 -14.828 0.448454 0 1.8 0 -0.107504 -0.985738 0.129472
-17.141 20.7157 -17.4391 0.33187 0 -0.9 0 0.294093 0.258131 0.920259
-13.953 36.1299 2.2355 -0.398151 -0.538749 -3.5 0 0.282009 0.683369 0.673408
-5.42075 25.0076 18.4331 0.0753591 0 -3.5 0 0.288646 0.161219 0.943765
-1.19525 41.2984 -15.4707 0.0763683 -0.0190201 -1.23318 0 -0.10472 0.414782 -0.903875
10.0347 37.0079 -11.7172 0.886407 0 -3.2 0 0.782821 0.499931 -0.370487
-8.36975 22.2523 -21.6768 -1.07697 -0.363683 -3.60342 0 -0.296834 0.950095 0.0959688
-3.10363 40.1007 14.6329 0.891503 0.287231 -4.5 0 0.428092 -0.150424 0.891129
11.7465 26.5764 -8.0525 -0.305716 -0.911598 -3.5 0 0.928535 0.316398 0.194206
17.5609 19.4286 -2.8105 0.905532 0 -3.9 0 0.727946 0.440494 0.525413
-4.078 41.621 -12.807 0.257005 -0.252381 -1.3 0 -0.195986 0.9792 -0.0525024
-9.91413 29.775 -24.2065 0.45996 0 3.8 0 -0.762485 0.554092 -0.334065
0.728875 30.0556 16.0581 0.759089 0 -3.9 0 0.470591 -0.743461 0.475194
12.399 20.9789 -10.778 0.0867388 0 -3.5 0 0.435967 -0.156034 -0.886333
13.2379 22.7795 -8.4565 0.833614 0 -3.5 0 0.604819 0.795806 0.0297832
6.18025 36.951 -18.3277 0.830861 0 -3.9 0 0.261389 0.961583 -0.083871
1.94225 14.4648 9.94063 0.610448 0.79012 -4.5 0 -0.522739 -0.793561 0.311454
-11.1264 35.0807 -19.1672 0.440004 0 -3.5 0 -0.769902 0.0162547 -0.637956
-14.5565 21.9245 -14.9692 -0.481734 -0.0435522 -3.9 0 -0.727276 0.678177 0.105574
-10.3135 13.0471 -15.2738 0.534355 0 -1.3 0 0.411992 -0.800804 -0.434714
3.53675 26.1204 14.9655 0.000780683 0 -3.5 0 -0.338981 0.899942 0.274219
13.4902 35.5675 3.276 0.407318 0 2.47557 0 0.788012 0.252393 0.561547
14.0491 37.605 -3.55825 0.769118 0 -3.9 0 0.474059 0.645501 -0.598829
22.2369 30.5475 3.18675 1.52275 0 -0.4 0 0.286444 0.0743761 -0.955206
12.1823 33.5925 -8.01375 0.644749 0 4.5 0 0.861554 0.284764 -0.420278
4.13875 36.566 10.3195 0.403056 0 -1.3 0 0.170772 -0.144271 0.974691
5.93237 38.3036 11.0055 0.856235 0 -1.6 0 -0.387339 -0.594799 0.704402
8.24438 17.0975 -0.21675 0.52984 0.584349 -3.5 0 0.900755 -0.120177 0.417371
9.04263 11.2257 -1.35713 -1.12444 -0.588764 -3.5 0 0.617173 -0.526212 0.584978
0.442125 46.1149 -1.891 -1.21957 0 -3.5 0 0.0210952 0.954 0.299063
18.8464 25.4274 7.85337 0.492854 0 1.75892 0 0.787297 0.616239 0.0203154
-6.40788 27.4044 17.8011 -2.30027 -0.0505544 -3.5 0 0.135166 0.605065 0.784619
12.505 42.029 5.395 0.342213 0 -3.5 0 0.454266 0.888515 -0.0646894
-4.62625 21.0689 3.35819 -1.03723 0 -3.5 0 -0.651873 -0.752827 0.0911807
-11.745 36.9586 -15.4688 0.54352 0 -3.5 0 -0.997494 0.0567432 0.0422515
-1.47625 40.0713 -17.746 -0.478073 -0.00339586 -3.5 0 0.0763199 0.986309 0.146188
12.0305 40.3475 1.99825 0.659237 0 2.8 0 0.0698366 0.991048 0.113783
19.3094 20.3598 7.30425 -0.00614815 -0.165735 -1.3 0 0.101179 -0.904217 -0.414914
-1.375 22.2605 14.665 1.48913 0 -3.5 0 -0.00897467 0.954128 0.299263
2.70937 23.7969 16.2655 -0.585639 -0.463597 -3.5 0 -0.623008 0.368571 0.68994
18.3299 20.5513 13.623 -0.258272 0 -1.3 0 -0.102727 -0.976304 0.190465
-9.9975 38.9642 -9.915 -0.194078 0 -0.9 0 -0.872862 0.485269 -0.0512365
16.0185 20.4861 -3.79787 1.51262 0.0682051 -3.77031 0 0.619036 0.671447 0.407373
-0.49025 38.5008 -18.9266 -0.0232935 0.0181728 -3.2675 0 0.781612 0.26486 -0.56474
-11.8427 36.3172 -14.4978 0.250029 -0.485956 -3.5 0 -0.94157 0.0576194 -0.331851
-2.1965 42.0132 -6.75825 0.153311 -0.306393 -3.9 0 0.342874 0.939206 0.0181608
4.35638 45.5371 8.28512 0.617327 0 3.8 0 0.271733 0.92245 -0.274313
6.298 39.8265 -14.1545 0.622013 0.353633 -1.95 0 0.56182 0.591712 0.578131
17.1724 19.2089 5.285 -1.26183 -0.55729 -3.5 0 0.528304 -0.435424 -0.728903
-3.60838 43.6278 3.44313 0.398491 0 4.5 0 -0.0028082 0.8968 0.442427
1.57925 43.925 8.96025 0.836682 0 3.8 0 -0.886023 0.414131 -0.208468
-11.9346 35.0094 1.83475 0.376135 -0.140004 -3.5 0 -0.0355163 0.138282 0.989756
-8.7935 14.881 -15.6825 -0.0473748 0 -1.29124 0 0.625646 -0.60809 -0.488666
5.03475 23.3722 17.7304 -1.83106 -0.61756 -3.5 0 0.405686 -0.336283 0.849902
12.1131 32.1629 -10.7664 0.701637 0 -3.2 0 0.893966 -0.248224 0.373109
-6.2315 18.038 -17.29 0.788156 0.00810087 -3.47801 0 0.909692 -0.407833 -0.0783126
-10.9686 20.9403 -21.3074 1.16885 0.527269 -0.821416 0 0.257588 0.773964 -0.578471
-16.0151 25.7816 -10.1173 0.387961 0 -3.9 0 -0.765057 0.116628 -0.633313
16.478 15.6245 -4.201 2.96529 0 -3.9 0 0.172433 -0.984059 -0.0435365
8.5675 43.5192 15.0565 0.788934 0 -3.9 0 0.529332 0.747478 0.401353
4.4735 30.057 12.8147 0.339157 0 -1.3 0 0.618554 0.122812 0.776086
5.78088 24.429 -21.7909 0.464279 0 -3.5 0 -0.00386494 -0.166357 -0.986058
-6.91888 45.8089 9.8295 0.331183 0 4.2 0 -0.357719 0.853431 -0.379069
-9.22038 15.4885 -21.0165 0.0619137 0 -0.4 0 0.467662 -0.563808 -0.680744
6.71987 41.3229 -1.62413 -1.47179 -0.194483 -3.5 0 0.368215 0.929265 -0.0297542
13.4921 21.506 -2.06962 0.600756 0 1.80715 0 0.610242 -0.403584 0.681706
6.29663 40.6401 7.61888 1.18637 0 3.8 0 0.637806 0.363322 -0.679118
-0.334875 41.1143 -7.76175 -0.227343 -0.447712 -3.59682 0 0.0361365 0.9914 0.125776
-5.218 44.0062 -11.3146 1.88669 0.0303194 -3.9 0 0.34881 0.426352 -0.834599
13.6169 21.5335 11.179 0.45529 0.364006 4.5 0 -0.0793286 -0.984737 0.154921
11.8317 21.0053 1.33875 0.650784 0.645821 -2.66139 0 0.299721 -0.952865 0.0470751
14.4594 21.3206 12.6876 0.149336 -0.25299 4.5 0 -0.298105 -0.921066 0.250542
-3.484 45.3013 19.6702 0.411183 0 1.9 0 0.728468 -0.229898 0.645354
-6.47888 40.5794 0.346375 0.565537 0 -0.546796 0 -0.521252 0.853258 -0.0157213
-2.806 19.0445 -21.4635 0.577589 0 -4.5 0 0.206002 -0.936639 0.28332
-8.27875 14.9412 -18.1614 -0.192543 -0.575836 -0.4 0 0.386089 -0.908758 0.158409
7.58512 35.4764 -16.169 0.444917 0 -3.9 0 0.970067 0.211758 -0.118866
-16.903 28.53 -3.068 1.2534 0.407702 -3.5 0 -0.557082 -0.828024 -0.0635311
-0.136375 33.121 17.6295 1.64474 0 -3.9 0 -0.194437 0.262278 0.945201
-12.1735 33.4868 2.4115 -0.84519 -0.174956 -3.5 0 0.0342147 0.0926954 0.995106
-15.6947 31.652 -8.00537 1.10505 0 -3.5 0 -0.964656 0.173685 -0.198171
-17.7696 20.3316 -21.9499 0.205891 0 -0.9 0 -0.98295 -0.050427 -0.176822
5.85325 40.6869 -15.8731 0.733695 0 -3.5 0 0.846477 0.0791584 -0.526508
-5.788 47.5634 19.3396 0.371916 0 1.9 0 -0.274945 0.861924 0.426018
-1.95325 19.7078 -20.2675 0.632492 0.00460411 -3.08951 0 0.296032 -0.937308 0.183899
-0.773375 15.1894 0.5885 -1.49876 -0.0841819 -3.9 0 -0.433945 -0.175768 0.883627
5.69838 42.2902 7.00887 1.82277 0 3.8 0 0.82562 0.340543 -0.449869
6.61688 26.0785 16.1771 -1.96356 -0.279223 -3.5 0 0.583658 0.543578 0.603213
-6.07225 36.289 12.9113 0.200972 0 -4.5 0 -0.459399 -0.766484 0.448837
0.893 43.3249 9.74675 0.987419 0.299932 -0.8 0 -0.388229 0.700095 -0.599288
1.1745 17.0301 2.26125 -0.274316 0 -3.5 0 -0.74877 -0.612809 0.252604
-10.5232 39.1565 -3.31125 -1.07891 -0.116319 -3.9 0 -0.926204 0.377022 0.000760337
-0.6425 38.11 13.9075 0.814788 0 -4.5 0 0.296773 -0.0840174 0.951245
2.0685 48.4782 14.7832 0.195656 0 -0.8 0 -0.420545 0.898126 -0.128498
17.7699 27.4552 -4.04087 1.08942 0 -1.6 0 0.84159 0.31302 -0.440165
-0.803563 44.6382 -4.72494 -1.48496 -0.426095 -3.5 0 -0.747558 0.212145 -0.629406
17.913 26.7647 8.52 -0.0502256 0 2.5 0 0.778466 0.153559 0.608614
4.414 8.78837 -1.92513 0.513325 0 -3.9 0 0.408517 -0.864945 -0.291521
6.7295 41.2438 -6.481 0.338 0 4.2 0 0.337928 0.941037 -0.0159495
7.855 13.952 5.673 0.29662 0 3.8 0 0.694165 -0.638427 0.332483
-0.537125 40.5158 -16.0916 0.134249 0 -3.5 0 -0.339674 0.668457 -0.661654
10.8617 29.4465 14.6736 0.308855 0 4.5 0 0.299706 0.294717 0.907369
-5.36688 43.2471 2.57337 0.341714 0 4.5 0 -0.662675 0.693877 -0.281775
21.949 30.1269 6.8035 2.22235 0 -0.4 0 -0.09323 0.160017 0.982702
-6.338 42.5718 -15.4353 0.680035 0.0218552 -3.5 0 0.406168 0.763982 -0.501358
14.8735 20.7249 9.4815 0.317715 0.256016 2.77918 0 -0.274958 -0.703912 0.654909
-12.3811 26.1754 -0.836 0.492116 0 -0.8 0 -0.892454 -0.357162 0.275609
-16.1313 17.611 -25.8022 0.764126 0.0192303 -0.9 0 -0.245 -0.0932131 -0.965032
0.84075 22.6569 15.7941 0.677312 0 -3.5 0 -0.437326 0.653925 0.617355
-12.9502 25.1179 -12.6215 0.973753 0 -3.9 0 -0.988127 -0.105717 -0.111486
-2.59238 29.0816 14.155 0.29586 0 -3.32377 0 -0.229236 -0.342984 0.910941
18.607 23.1496 -0.06825 0.521824 0 -0.7 0 0.263871 -0.905345 0.332749
4.36075 21.9688 15.7225 -0.258115 -0.0424321 -3.5 0 0.0883934 -0.801058 0.592025
-15.7901 15.184 -11.8968 2.90172 0.401155 -3.9 0 -0.984167 -0.0455187 0.171297
-7.2585 15.9061 -16.9669 -0.443178 0 -0.4 0 0.747845 -0.606323 0.270372
-4.93075 15.661 -7.89 -0.32127 0 -2.20027 0 -0.44874 -0.208098 0.869096
-5.26888 27.4364 16.352 -1.15558 -0.349442 -3.5 0 0.531574 0.762623 0.368559
-13.739 36.4345 -7.2045 0.658624 0 -0.9 0 -0.777476 0.607084 -0.164254
-13.7439 24.2614 -4.22325 0.689761 0 -0.8 0 -0.888957 0.0544094 0.454748
1.29625 17.631 15.2506 -1.74778 -0.0284423 -3.5 0 0.12419 -0.983916 -0.128399
-16.3547 16.6052 -20.7765 -0.133216 -0.357686 -0.9 0 -0.641228 -0.752528 -0.150094
-16.342 19.5737 -17.8285 0.473411 0 -0.9 0 0.0321018 -0.0854116 0.995828
13.4555 35.589 11.0658 1.1708 0 -1.6 0 0.780316 0.363232 0.509087
5.6105 19.6493 -11.0404 0.961574 0 -4.5 0 0.1896 -0.602675 -0.775136
12.1862 22.6035 -11.3512 0.173708 0 -3.5 0 0.496951 -0.338629 -0.798981
-13.7843 34.6854 -9.71087 0.783186 0 -3.5 0 -0.672007 0.667341 -0.321033
-8.59925 22.6458 5.44825 1.26858 0.549176 -4.5 0 -0.805825 -0.501354 0.315102
3.56888 36.177 -18.4864 1.07869 0.0436137 -3.9 0 -0.21402 0.432173 -0.876026
2.113 26.1842 12.7498 0.660386 0 -1.55429 0 -0.256585 0.625741 0.736622
-3.92412 28.7706 -23.7256 1.60845 0.778791 3.8 0 0.797407 -0.471944 -0.376046
16.7474 32.6036 2.64263 0.472736 -0.0850269 0.214083 0 -0.135692 0.929043 0.34419
0.034875 30.1549 -18.9538 1.04896 0.706126 -3.9 0 0.86988 -0.137839 -0.473613
0.57325 45.1505 -10.9065 0.230758 0 -0.7 0 -0.486242 0.871114 -0.0687632
10.5334 34.7528 -12.5598 0.0456509 0 -3.2 0 0.654313 0.395415 -0.64461
13.4225 35.9972 -5.63125 1.08593 0 -3.9 0 0.477382 0.397352 -0.783721
7.352 28.1025 14.076 0.0242571 0 4.5 0 -0.426477 0.361212 0.829243
-9.10475 26.7615 -16.0833 0.617519 0 -3.68462 0 -0.0844793 0.211206 -0.973784
4.44187 43.39 5.93775 1.899 0 -2.20266 0 0.569654 0.759452 -0.314209
10.554 35.3369 -7.651 0.773785 0 3.41928 0 0.742774 0.644387 -0.181803
21.348 23.8266 9.82625 -0.025182 0 -1.3 0 0.919881 0.388475 -0.0538971
4.87738 26.3484 14.0343 -0.44329 -0.242335 -0.837811 0 -0.252338 0.914323 0.316763
10.7814 41.5956 9.27238 0.644649 0 -3.5 0 0.238981 0.820026 0.520044
9.3595 11.6143 -2.94975 -1.67521 -0.0141987 -3.5 0 0.89381 -0.3048 -0.328938
13.7704 34.8092 2.28113 0.535007 0 1.01071 0 0.891368 -0.441361 0.103263
-4.552 39.4694 -16.3831 -0.528714 0 -2.64968 0 0.137475 0.756761 -0.639073
-0.15975 42.8923 4.61075 0.92115 0.0247378 -2.78393 0 -0.103532 0.984033 0.144773
-1.807 16.8925 -4.8185 0.0294164 -0.0424168 2.9746 0 -0.657128 -0.697366 0.286117
1.4695 37.104 -18.7932 1.09095 0.0661307 -0.7 0 0.434528 0.641499 -0.63219
-21.3126 17.2764 -17.7568 0.585924 0 -0.9 0 -0.801691 -0.563258 -0.200079
-13.1222 22.5088 -3.487 -0.129922 -0.77193 -0.8 0 -0.881461 -0.37304 0.2896
6.07013 15.4105 9.1945 -0.456044 0 3.8 0 -0.135401 -0.770666 0.622688
5.5975 31.183 -16.2874 0.878839 0 -3.89768 0 0.549715 -0.211029 -0.808257
7.39025 29.2432 13.2828 0.446569 0 4.5 0 -0.465155 0.570073 0.677235
-12.0413 31.1091 2.054 0.337757 -0.0541996 -3.87828 0 0.451629 -0.0851776 0.888131
-12.7129 22.6763 -19.5226 0.728082 0 -0.8 0 -0.228801 0.959412 -0.164861
-16.8484 34.3433 1.5235 0.87137 0.0753212 -3.5 0 -0.809702 0.0603253 0.583732
-5.977 18.272 -0.87875 0.233054 0 -0.7 0 -0.835945 -0.528757 -0.147012
14.4566 33.5286 10.2309 0.925781 0 -1.6 0 0.736983 0.328373 0.590786
5.077 11.9835 -3.9645 -0.453536 -0.451794 -3.5 0 -0.269855 -0.440872 -0.856043
-14.2311 19.3415 -14.7133 0.214107 0 -3.9 0 -0.92586 -0.375451 0.0426672
-7.83787 27.7581 3.32638 0.543209 0 -0.9 0 -0.492037 0.42452 0.760054
5.58725 26.4644 15.8534 -2.18216 -0.0104167 -3.5 0 -0.0832926 0.948833 0.304595
-4.8605 22.2395 -20.6465 0.244871 0 -4.5 0 -0.600821 0.670138 -0.435809
-9.11875 39.996 -7.1625 1.32287 0.581504 -0.868853 0 -0.844692 0.474823 -0.247058
0.979 11.5316 -3.42512 0.474677 0 -3.9 0 -0.494453 -0.612198 -0.617033
8.521 17.4405 3.634 -0.278927 0 3.8 0 0.860478 0.0648119 -0.505349
-6.31337 39.2298 10.4129 0.356486 0.0488143 -4.18325 0 -0.974723 0.149968 -0.165604
17.2989 25.0916 12.5184 0.886824 0.302389 -1.3 0 0.122188 0.989463 0.0776713
14.3145 21.9469 14.4061 0.165296 0 4.5 0 -0.179474 -0.895543 0.407176
13.2626 39.0144 -2.80538 0.60848 0 2.8 0 0.156688 0.548383 -0.821416
13.392 17.0735 -2.005 0.547297 0 -3.9 0 0.00870824 -0.608903 0.793197
15.837 36.7845 1.05775 0.458697 0 2.8 0 0.881948 0.01195 0.471195
-7.39388 37.3365 -19.3542 -0.263923 0.628982 -3.5 0 0.0409943 0.837335 -0.545151
-11.4301 38.0078 -16.9809 0.535685 0 -3.5 0 -0.783174 0.550916 -0.288324
5.119 45.219 9.2045 0.65955 0 3.8 0 0.654162 0.737195 0.169162
-5.81262 46.3576 20.0476 0.763821 0 1.9 0 -0.305389 0.234025 0.923022
17.6639 19.3495 -4.14375 1.84628 0 -3.9 0 0.863289 0.485825 -0.136772
-5.83413 43.2265 16.8189 0.438111 0 1.9 0 -0.625313 -0.550324 0.553287
-7.916 43.0283 -2.95225 0.386514 0 -0.7 0 0.0149991 0.737334 0.675362
-10.473 22.5203 1.35925 0.336608 0 -0.9 0 -0.896136 -0.430755 0.106721
-4.8485 20.9955 4.736 -1.43724 -0.776815 -3.5 0 -0.557995 -0.801833 0.213786
12.8335 37.874 8.3955 0.355 -0.348071 -2.79566 0 0.972655 -0.127387 0.194205
-10.3427 28.8312 -22.0854 0.489667 0 3.8 0 -0.779561 0.330778 0.531857
-9.60325 23.3229 -17.7722 0.870816 0.869986 -0.9 0 -0.114653 0.673542 -0.730202
8.18825 10.6815 -3.124 -0.815247 -0.0224044 -3.5 0 0.506994 -0.824895 -0.250012
-1.52025 14.6248 -7.20375 0.0788908 0 2.8 0 -0.0782903 -0.892044 0.445115
2.37925 41.3672 15.3135 -0.14115 -0.20831 -3.09804 0 -0.373323 -0.828988 0.416424
-1.391 44.5429 -1.13338 -1.102 -0.236084 -3.5 0 -0.812017 0.439795 0.383678
0.1245 43.6934 0.308 -0.0730314 0 4.5 0 0.0934672 0.950896 0.295062
-13.0903 19.5063 -24.5912 0.110967 0 -0.9 0 0.439511 0.320566 -0.839088
-15.9845 21.8136 -25.084 0.113411 0 -0.9 0 0.143853 0.451385 -0.880657
-2.155 43.242 3.807 0.791793 0.306423 4.5 0 0.073924 0.912867 0.401509
-14.577 15.4201 -24.1594 0.345354 0 -0.9 0 -0.185262 -0.963241 -0.194537
-1.91437 16.8371 -2.06862 -0.10254 0 2.74232 0 -0.445067 -0.752149 -0.485991
-9.373 35.093 -26.0268 0.269522 0 -0.8 0 -0.866492 0.445319 -0.225571
-7.2355 26.1071 -25.8592 0.451182 0 3.8 0 0.480012 -0.546384 -0.686333
4.6575 42.3424 -16.1016 1.24668 0.345075 -3.5 0 0.307637 0.824176 -0.475492
-5.5065 18.5457 -21.659 0.0811407 -0.277051 -4.00924 0 0.160964 -0.985651 0.05083
-2.00463 40.0705 -21.5291 -2.00238 -0.210212 -3.5 0 0.654593 0.414598 -0.632152
13.2902 34.1826 -6.19175 0.888255 0 3.52421 0 0.680561 0.0215387 -0.732374
5.5925 47.4357 14.2884 1.18248 -0.0672663 -0.8 0 0.969935 0.219821 -0.104426
-6.1625 41.195 8.6485 0.959691 0.2469 -3.5 0 -0.90475 -0.0597119 -0.421737
-14.3149 21.9883 -16.8296 0.592082 0 -0.8 0 -0.561761 0.824283 0.0705842
12.0919 33.1691 -12.5494 0.384409 0 -3.2 0 0.757285 0.378778 -0.532022
0.846 30.529 -17.7116 0.972796 0.704934 -3.9 0 0.710814 0.11434 -0.694024
7.39325 27.5436 -21.0565 -0.221717 0 -3.5 0 0.638652 0.461172 -0.615991
13.6616 22.5414 -0.927125 0.662149 -0.312207 2.04324 0 0.618313 -0.662981 0.422074
-6.78325 41.5467 14.3053 -1.27165 -0.544546 1.9 0 -0.870353 -0.237443 0.431402
8.2165 13.0795 3.7765 0.293043 0 3.8 0 0.581119 -0.771519 0.258958
4.8035 15.029 7.22325 0.551495 -0.180435 -1.90773 0 0.193541 -0.916371 0.350438
18.9065 25.403 10.3792 0.405749 0 -1.3 0 0.156222 0.983222 0.0941741
-7.14475 36.7209 13.0394 0.87367 0.0534395 -4.5 0 -0.529465 -0.785772 0.319734
11.8407 16.898 -6.698 0.555136 -0.0602237 -0.81746 0 0.502983 -0.829916 -0.241345
3.75537 21.375 -17.596 -1.36069 -0.0657153 -3.5 0 0.0686815 -0.885652 0.459242
3.63375 42.3358 -1.636 0.956775 0.500837 -3.5 0 0.602591 0.519847 0.605511
-5.5715 40.0881 4.99587 0.36455 0 -2.4197 0 -0.843962 0.385048 0.373451
4.17588 44.6698 6.993 0.774442 0 3.8 0 0.363289 0.676384 -0.640723
6.18563 31.6092 11.0922 0.565306 0 4.5 0 -0.188213 0.547648 0.815265
8.523 39.565 -6.855 0.765952 0 4.2 0 0.511426 0.848362 -0.136843
-12.0345 28.1956 -15.9738 2.6803 0.162968 -3.9 0 0.0725955 0.650525 -0.756008
5.63875 43.338 17.4791 0.434347 0 -3.9 0 -0.00899456 0.261391 0.965191
-17.2698 18.9045 -25.0758 0.412693 0 -0.9 0 -0.690787 -0.115487 -0.713776
20.9297 28.6467 6.54362 0.788068 0 -0.4 0 0.0291848 -0.33971 0.940077
0.753375 47.7311 14.2331 -0.970745 -0.0192114 -0.8 0 -0.538767 0.837192 0.0940241
3.37263 24.6908 17.051 -1.27532 -0.00416704 -3.5 0 -0.657061 0.411376 0.631697
-9.92175 33.3042 -18.7166 0.348686 0.34986 -3.5 0 -0.789885 -0.592651 -0.157627
6.567 44.1027 16.6105 0.590817 0 -3.9 0 0.455093 0.729193 0.511045
11.6945 34.6842 -9.94825 0.998827 0.387446 -3.2 0 0.827455 0.512643 0.229161
-11.5972 14.1121 -16.8178 -0.228117 -0.122323 -1.26919 0 -0.423746 -0.603255 -0.675665
-2.82375 25.5042 14.7 0.242521 -0.0350675 -3.5 0 0.852446 0.150529 0.500677
-4.37213 46.8579 19.7564 0.771941 0 1.9 0 0.400433 0.55722 0.727434
1.07725 11.2086 -0.490625 0.596439 0 -3.9 0 -0.649256 -0.53907 0.536535
-0.092 36.99 13.359 0.694538 0 -4.5 0 0.530319 -0.228587 0.816401
8.6305 42.1702 10.164 3.02423 0 -3.84894 0 0.321147 0.802745 -0.502458
-4.45341 25.9636 17.2208 -0.0544841 0 -3.5 0 0.545797 0.48599 0.682582
-13.0875 28.395 -13.6685 3.0513 0.0667957 -3.9 0 -0.234356 0.831367 0.50389
-11.8549 23.2269 -0.784625 -0.0542919 -0.0424243 -0.8 0 -0.704439 -0.123157 0.698998
-7.285 15.948 -14.6765 0.0488524 0 -1.3 0 0.67943 -0.551541 -0.483918
-6.6155 30.4579 -25.74 0.87777 0 3.8 0 -0.0837073 0.140004 -0.986606
-5.83981 42.7066 -7.46037 1.54572 0 -3.9 0 -0.186663 0.722113 0.666115
3.739 31.3346 13.634 0.583317 -0.379163 -1.3 0 0.783119 0.130366 0.608054
-11.1764 23.5023 -0.036625 0.425555 0 -0.8 0 -0.80466 -0.286467 0.520057
9.9175 25.5676 14.3708 0.146759 0 4.5 0 0.23723 -0.42756 0.872304
-8.031 39.1965 2.66762 1.19657 0 -3.9 0 -0.396705 0.790003 0.467461
10.6329 39.0741 11.212 0.608989 0 -2.1029 0 0.724718 0.652474 0.221498
-7.26728 35.4216 -26.9036 0.0720295 0 -0.8 0 0.222686 0.695996 -0.682642
3.2935 15.1958 1.859 0.269993 0 -3.5 0 -0.831302 -0.414852 0.369911
9.27731 28.4216 14.5969 0.250719 0 4.5 0 -0.215479 0.147448 0.965312
7.6655 39.139 14.2222 0.64249 0 -1.6 0 -0.195396 -0.711327 0.675155
-6.72994 19.6149 -5.52531 0.696244 0 -1.6 0 -0.429535 -0.768085 0.474915
14.5542 32.6022 2.7295 -0.297147 -0.766442 -0.7 0 0.463591 0.707502 -0.533408
-0.638 43.0344 -12.2014 0.428438 0 -0.7 0 -0.705848 0.700485 -0.105356
-6.86756 21.7241 5.64331 0.351502 0 -4.5 0 -0.173427 -0.931144 0.320772
13.7759 33.8322 -1.54856 2.92209 0 -1.5484 0 0.522238 -0.346379 0.779287
-20.6998 19.6847 -18.8137 -0.342915 0 -0.9 0 -0.651289 0.0399663 -0.757776
16.2563 18.312 -5.80356 2.09654 0 -3.9 0 0.39099 -0.0997314 -0.914976
4.56119 28.6033 -17.8224 1.19073 0.272473 -4.5 0 -0.372952 0.551501 -0.746159
-4.28375 20.0035 15.3739 0.629179 0 4.2 0 0.278095 -0.063861 0.958428
11.597 23.5885 13.9205 0.171 0 4.5 0 -0.546906 -0.389792 0.740916
-4.85969 42.1941 -3.67656 1.5888 0 -0.8 0 -0.0224995 0.998777 -0.0440308
-0.253 33.31 -24.0034 1.63511 0 -3.9 0 0.200287 -0.819166 -0.53745
-7.67588 21.9408 13.0025 0.107821 -0.0918715 4.2 0 -0.945195 0.0786892 -0.316881
-7.39025 26.5937 -23.4426 0.466864 0 3.8 0 0.203995 -0.859959 0.46782
12.3505 36.824 11.2445 1.16229 0 -1.6 0 0.851082 0.397607 0.342883
1.88925 33.713 16.08 3.02952 0 -3.9 0 0.803084 0.420256 0.422423
-4.407 42.8176 7.66988 0.23038 -0.0266229 3.54635 0 -0.309448 0.380253 -0.871579
1.78575 43.5802 5.812 1.09986 0 -3.9 0 -0.40543 0.91337 0.0371825
-0.057875 44.4576 10.8439 0.6587 0 -0.8 0 -0.0460892 0.73211 -0.679625
7.6035 38.237 -12.7074 1.26387 0 -1.49954 0 0.38631 0.912347 0.135597
-3.9225 43.6965 2.1855 0.328614 0 4.5 0 -0.20259 0.96435 -0.170251
4.91969 18.9032 -10.1138 1.28584 0 -4.5 0 0.0363104 -0.652704 -0.756742
2.23794 44.0479 -13.3837 0.347338 0 -0.7 0 0.257848 0.765884 -0.589013
-12.2841 15.6348 -22.4769 0.669789 0 -0.9 0 0.122256 -0.91752 -0.378431
15.6277 25.5726 12.5609 0.524391 0 4.5 0 0.608403 0.750182 0.258983
20.9845 29.8267 3.23137 1.93914 0 -0.4 0 0.408774 -0.306069 -0.859782
-6.77362 43.2407 12.7569 0.163268 0 2.93722 0 -0.916868 0.0715439 0.392726
-14.071 27.2479 -11.8988 0.359835 -0.0231998 -3.9 0 -0.659443 0.555292 -0.506741
5.06044 21.8298 -11.6234 0.681367 0 -3.80231 0 -0.199136 -0.403868 -0.892881
-10.9174 26.8112 -16.4575 1.71749 0 -3.9 0 0.024913 0.313369 -0.949305
-1.1805 17.6755 7.67475 -0.03959 0 2.8 0 -0.737564 -0.675173 -0.0118559
11.6152 15.972 -2.95575 0.280739 0 -3.9 0 0.368961 -0.857292 0.359051
0.864375 33.5812 -20.8293 0.892786 0 -3.9 0 0.965969 -0.226498 0.124911
-12.4228 33.8092 -12.9661 0.339942 -0.40816 -3.5 0 -0.645538 -0.164468 -0.745809
9.92825 22.1106 1.8475 0.777734 0 3.8 0 0.262059 -0.949824 -0.170762
11.2175 21.8735 1.43163 0.718155 0 3.8 0 -0.502189 -0.864565 0.0182498
-8.78731 16.2054 -7.81275 0.245947 0 2.8 0 0.039095 -0.886244 0.461567
-5.227 33.1655 -25.3245 -0.0916523 0 -0.8 0 0.55221 0.156374 -0.818909
-13.6212 22.1394 -12.2609 1.13118 0.746603 -3.9 0 -0.956459 0.105799 -0.272017
-12.6353 30.1227 2.1975 0.564924 0 -3.9 0 0.209041 -0.237059 0.948739
-17.1076 33.3532 -3.46744 0.958957 0 -3.5 0 -0.855159 0.518358 0.00289105
2.193 24.3426 15.4383 0.316803 0 -3.5 0 -0.591656 0.521192 0.615062
7.779 36.11 -18.653 1.21691 0 -3.9 0 0.466196 0.884262 0.0272589
-4.551 23.1115 -22.176 0.559611 0 -4.5 0 -0.404066 0.908741 0.104503
-4.75825 17.9967 -6.5 0.46009 0 -1.6 0 -0.276733 -0.740323 0.61265
-17.6799 22.3615 -7.5755 2.45811 0 -3.9 0 -0.613479 0.00945628 0.789654
3.57075 21.2808 -19.8385 -0.222145 0 -0.607737 0 0.460726 -0.86348 -0.205265
3 26.9578 12.844 0.369222 0 -3.04326 0 -0.10062 0.379914 0.919533
0.466563 18.6202 2.25025 -0.453805 0 -3.5 0 -0.947413 -0.319625 -0.0157325
-12.7565 17.544 -24.8095 0.0746761 0 -0.9 0 0.385009 -0.112531 -0.916027
11.2242 35.1623 -11.3993 0.35148 0 -3.2 0 0.824325 0.452737 -0.339879
-4.56838 29.927 -24.892 0.594882 0 3.8 0 0.804027 -0.108561 -0.584599
11.3014 35.3647 -6.76137 0.747931 0 -1.25429 0 0.550412 0.531115 -0.644176
13.8934 34.7704 0.52975 0.748218 0 2.65711 0 0.692954 -0.704712 0.152302
4.40325 27.05 -19.0829 0.574148 0 -3.5 0 -0.584321 0.699409 -0.411576
0.35175 35.3335 15.074 2.79546 0 -3.9 0 0.214448 0.973476 0.0797252
-6.9365 25.935 -24.307 0.476342 0 3.8 0 0.558704 -0.676712 0.47949
10.6744 26.7688 -15.2171 0.333893 0 -3.5 0 0.672833 -0.470397 -0.570984
18.9408 23.53 -1.3395 0.48646 0 -0.7 0 0.694816 -0.679232 -0.236378
-7.935 15.792 -19.784 0.108995 0 -0.4 0 0.628428 -0.315694 -0.710926
-5.38837 29.472 10.9921 0.763594 0 -0.9 0 -0.713156 0.624734 -0.317988
17.5161 24.8561 -3.33612 0.580163 0 -1.09457 0 0.614389 -0.550871 -0.564861
-5.11556 30.7321 13.3335 -0.65615 -0.706962 -1.43584 0 -0.505336 0.417242 0.755345
-13.5039 27.7302 -10.6461 0.0231311 0 -3.9 0 0.0536787 0.834111 -0.548979
-6.72213 44.3599 8.90938 0.389437 0 4.2 0 -0.551802 0.142133 -0.821774
8.07575 20.6609 2.80975 0.767295 0 3.8 0 0.650123 -0.642807 -0.405141
4.84237 22.9491 -20.8011 1.02416 0 -3.5 0 0.167828 -0.620045 -0.766406
2.63363 41.9211 1.92113 0.849593 0 -0.841415 0 0.533656 0.63765 -0.55553
-3.86313 19.4584 -16.6067 0.420051 0 4.2 0 -0.0199702 -0.996192 -0.0848647
-11.4233 35.6911 -2.97412 0.464991 0 -2.28869 0 -0.133734 0.88356 0.448818
-1.71913 28.7237 -19.5702 -0.640878 -0.0545774 -3.9 0 0.158117 -0.93508 -0.317213
15.5172 23.7469 -5.3095 0.497055 0 -1.6 0 0.371009 -0.213206 -0.903823
1.68062 34.4934 14.534 3.75609 0.102406 -3.9 0 0.612609 0.789015 0.0465488
7.531 31.791 -15.613 0.757742 0 -3.5 0 0.540375 -0.101794 -0.835244
21.3627 20.8449 8.10388 -0.351007 -0.0112858 -1.3 0 0.871726 -0.337903 -0.354845
-3.86637 30.2766 -23.5631 0.588091 0 3.8 0 0.901667 -0.034976 -0.431014
-7.156 36.74 6.1475 0.310554 -0.872221 -3.5 0 -0.946792 0.249577 0.203217
-13.6862 29.3981 2.0145 0.637216 0 -3.9 0 0.144037 -0.326803 0.934052
-7.17481 42.6342 9.80684 0.438858 0 4.2 0 -0.773439 -0.420263 -0.474522
-12.4324 26.534 -16.3487 3.16266 0 -3.9 0 -0.246408 0.0369917 -0.96846
-6.8885 22.3295 -25.4005 0.469713 0 -4.5 0 -0.147284 0.151471 -0.977427
-6.7605 29.3026 -26.0171 0.502419 0 3.8 0 0.107938 0.273264 -0.955864
-9.93844 29.6276 -15.9731 0.55856 0 1.9 0 -0.887238 -0.0785245 -0.45458
15.6541 22.4564 5.69613 0.48467 0 -1.02577 0 0.139159 -0.0801709 -0.987019
1.02787 20.4471 -21.0626 1.27728 0.2983 -2.30128 0 0.286327 -0.947908 -0.139595
3.31044 28.3838 -17.6905 0.915852 0 -3.67912 0 0.00557858 0.405852 -0.913922
6.40831 38.3351 -12.0706 1.05552 0 -0.4 0 -0.0203883 0.999582 -0.0204971
-6.09288 28.6592 8.888 0.679829 0 -0.9 0 -0.880846 0.438497 -0.178412
-5.60884 44.0743 8.34097 0.443174 0 4.2 0 -0.34419 0.232718 -0.909602
-5.2705 29.4124 9.281 0.825698 0 -0.9 0 -0.646781 0.735136 0.203098
-14.2343 16.18 -14.2985 1.67587 0 -3.9 0 -0.628945 0.0346409 -0.776677
-4.62944 34.3354 13.3209 1.03696 0 -1.6 0 -0.504215 0.0715625 0.860608
6.84288 39.5988 0.25925 0.970189 0 -3.5 0 0.0853346 0.761781 0.642189
-3.91394 21.6469 7.4465 -0.0783522 0 -0.9 0 -0.397399 -0.871033 -0.288748
-9.3195 22 3.16563 0.340046 0 -0.9 0 -0.438454 -0.689938 0.575972
9.57025 15.0848 -1.91075 -0.959303 -0.0301207 -3.9 0 0.341353 -0.70152 0.625578
17.9433 30.7895 8.35994 1.94598 0 -1.13981 0 0.764646 0.529907 0.366763
1.25675 44.8797 -12.3294 0.190818 0 -0.7 0 -0.041194 0.930731 -0.363377
17.0732 31.4168 7.85813 2.51075 0.0211979 -0.101003 0 0.419183 0.904071 0.0833174
-1.98588 30.9112 -21.8005 0.529158 0 -3.9 0 0.330723 -0.37831 -0.864583
-4.147 34.3187 -24.1068 0.300133 0 -1.30899 0 0.431144 0.721471 -0.541843
8.5435 23.2905 14.6155 0.0763589 0 4.5 0 0.484008 0.0666997 0.872518
19.7697 19.3754 10.0623 0.260066 0 -1.3 0 -0.450344 -0.891949 0.0402122
-9.01819 26.4426 -25.0999 0.445963 0 3.8 0 -0.679887 -0.696336 -0.229935
9.43937 35.4659 -12.8997 0.678992 0 -3.2 0 0.65764 0.200409 -0.726186
14.3603 32.4996 -1.97238 1.64455 0.295209 -2.57885 0 0.272429 0.281342 0.920125
-4.3875 31.0082 -24.7853 0.146947 0 3.8 0 0.774377 -0.215251 -0.594984
-9.03425 31.0443 -24.4603 0.853944 0.094522 3.08649 0 -0.895915 0.430576 -0.109271
15.2456 30.9835 11.7942 2.06183 0 -3.9 0 0.0145558 0.572899 0.819497
-10.1085 16.9902 -6.7525 0.566571 0 2.8 0 -0.735916 -0.517786 0.436263
-5.18862 45.369 11.4725 0.516011 0 4.2 0 0.11049 0.936351 0.333223
15.3273 25.4728 13.5382 0.456488 0 4.5 0 0.524846 0.780002 0.340785
-1.92537 43.7951 16.6032 0.223635 0 -0.482862 0 0.448462 -0.0178024 0.893624
16.6474 25.1779 11.2955 0.138083 -0.595918 -0.403421 0 0.420547 0.870628 0.255238
-9.019 33.1829 2.47438 0.596221 0 4.5 0 -0.678071 -0.281539 0.678937
8.26513 28.514 -15.9325 0.765177 0 -3.5 0 0.31758 0.541563 -0.778365
-10.6034 38.8585 -17.0596 0.420947 0 -3.5 0 -0.495385 0.834182 -0.24235
1.0555 43.3955 5.0765 0.962839 0 -3.9 0 -0.35441 0.934834 0.0218945
9.07519 35.5576 -19.6213 1.85421 0 -3.9 0 0.634125 0.771583 0.050446
-9.76812 21.7765 1.84725 0.34004 0 -0.9 0 -0.574801 -0.817848 0.0269823
-7.39875 21.616 3.45906 0.12154 0 -0.9 0 -0.0545602 -0.954976 0.291622
-14.1734 22.6981 -11.089 0.897656 0.227423 -3.9 0 -0.47342 -0.230488 -0.850146
7.42812 18.8253 2.05675 0.723611 0 0.212294 0 0.980617 0.188255 -0.0543121
5.248 38.2116 -15.8713 0.980582 0.0556923 -0.779505 0 0.552843 0.182808 -0.812986
2.3255 14.3541 0.343375 0.723496 0 -3.9 0 -0.438266 -0.178204 0.881003
-2.50944 36.106 -22.8251 0.738331 0 -3.9 0 -0.758876 0.543679 -0.358497
11.9605 38.6659 -3.16525 0.507499 0 -0.247077 0 0.300364 0.87371 -0.382638
12.9323 27.6408 -11.4683 -0.886453 -0.812396 -3.5 0 0.870811 0.484768 -0.0817788
3.23612 14.5448 5.71856 0.359167 0.0851929 0.0333003 0 -0.512033 -0.848021 -0.136682
10.1584 16.3502 7.1735 0.664756 0 -3.9 0 0.0840277 -0.876148 -0.474662
11.3132 27.69 -14.6302 0.50905 0 -3.5 0 0.712659 -0.171859 -0.680134
-4.50637 19.1077 -4.37975 0.571815 0 -0.7 0 -0.33791 -0.941132 -0.00933279
3.28431 14.2137 6.88438 0.49257 0 -4.5 0 0.00930549 -0.984882 -0.172977
5.15719 47.1886 15.515 0.213969 -0.193536 -0.8 0 0.910228 0.120326 0.39624
-8.41456 22.0681 -19.5905 -0.380123 -0.361402 -3.5 0 -0.378129 0.88253 -0.279571
17.1577 19.088 -5.3735 1.68738 0 -3.9 0 0.680005 0.333076 -0.653187
-18.9777 20.8397 -20.3538 -0.129313 0 -0.9 0 -0.688655 0.142879 -0.710873
-18.7197 22.3086 -17.1582 0.464626 0 -0.9 0 0.274134 0.53811 0.79705
4.9635 40.1041 1.52963 0.906306 0 2.8 0 0.530101 0.847928 -0.00326951
-1.27775 45.6015 -2.10725 -1.46709 -0.689769 -3.5 0 -0.7784 0.624677 0.0622296
-2.62556 39.7826 -17.3811 -0.328478 0 -2.60875 0 -0.303911 0.948521 0.0891359
21.6175 22.2915 12.3155 -0.0444692 0 -1.3 0 0.982326 0.170566 0.0770953
16.1479 18.5079 7.59525 0.55486 0 -3.76075 0 0.748371 -0.492307 0.444493
-9.0935 26.0275 -23.5098 0.475288 0 3.8 0 -0.0455 -0.992101 0.116898
2.07147 36.2464 11.8254 1.21199 0.866445 -4.5 0 0.621557 -0.243798 0.744466
20.147 27.527 3.587 0.43071 -0 -0.4 0 0.404849 -0.724872 -0.557367
-5.95162 42.1746 3.33938 0.378495 0 4.5 0 -0.81235 0.544689 0.20833
11.208 30.2453 -14.076 -0.210771 0 -3.5 0 0.621917 0.449387 -0.641303
-9.42831 21.4508 -21.2843 -0.76754 0 -3.5 0 -0.400748 0.853273 -0.333656
1.20744 20.2127 -12.9035 1.41057 0 -4.5 0 0.921331 0.143278 -0.361414
3.477 22.291 17.151 -0.209816 -0.666249 -3.5 0 -0.0390704 -0.353695 0.934544
-10.4716 15.2375 -12.0249 0.337212 0 -1.3 0 -0.0406248 -0.569325 0.821108
7.52669 35.4963 11.4146 0.407461 0 -1.6 0 -0.734741 -0.42101 0.53189
0.179688 12.7133 -3.56994 0.440319 0 -3.9 0 -0.529649 -0.490746 -0.691838
4.28263 48.3101 16.038 0.438029 0 -0.8 0 0.540279 0.741493 0.397852
8.795 18.4325 -0.951875 0.527131 0 4.5 0 0.69955 -0.240284 0.672974
-7.56519 29.9657 -18.6928 0.514568 0 -0.119937 0 -0.711306 -0.440391 -0.547814
2.13294 45.4316 12.8078 0.618599 0 -0.8 0 0.271751 0.473861 -0.83762
13.8936 16.4359 8.84762 2.06269 0.0537096 -3.9 0 0.294435 -0.580245 0.759357
3.25738 48.7757 15.2451 0.333905 0 -0.8 0 -0.0623897 0.992571 0.10445
-17.1028 17.6327 -21.7858 0.354965 0 -0.9 0 -0.68663 -0.604247 -0.404258
19.5987 30.414 6.69362 1.22411 0 2.5 0 0.455252 0.538592 0.708988
17.1525 19.6423 7.82975 -1.38768 -0.00279777 -3.5 0 0.449293 -0.772346 0.449018
7.976 41.0881 8.28662 -0.134457 -0.41376 -3.5 0 0.0234596 0.658948 -0.751823
7.71012 19.1407 -8.80806 0.88975 0 -0.4 0 -0.208479 -0.522485 -0.826768
14.16 28.4364 -5.42 0.312122 0 2.64761 0 0.208238 -0.05218 -0.976685
22.0794 28.4896 3.9395 2.83191 0 -0.4 0 0.115147 -0.427 -0.89689
-20.5679 18.0123 -15.8857 0.410711 0 -0.9 0 -0.239962 -0.346699 0.906762
-9.59456 26.5396 -22.4132 0.498895 0 3.8 0 -0.139223 -0.761639 0.632869
19.4675 27.5575 2.7835 0.718715 -0.57234 -0.569746 0 0.769708 -0.636388 -0.0505949
7.60175 36.164 -19.7696 1.5653 0 -3.9 0 0.327499 0.935009 -0.136022
-15.1698 19.4853 -17.3754 0.78729 0 -0.853481 0 -0.591851 -0.175501 0.78671
-3.603 25.1502 -20.0667 -0.361513 -0.148546 -4.06643 0 0.160858 0.561635 -0.811598
3.55025 41.3816 -6.93125 -0.90754 -0.0364795 0.504355 0 0.408161 0.905319 -0.117482
7.49556 19.8551 1.381 0.62898 0 4.3763 0 0.958164 -0.262832 0.11332
3.0895 19.2755 -9.908 0.883957 0.601411 -4.38699 0 0.175875 -0.500796 -0.847509
-7.30162 37.7244 11.1225 1.08089 0.0749576 -4.5 0 -0.894791 -0.0593959 -0.442517
-4.78856 23.0389 16.2841 0.535346 0 -3.5 0 0.362201 -0.664007 0.654145
3.0015 25.2114 15.838 -0.237578 0 -3.5 0 -0.694375 0.545911 0.468855
1.83681 18.26 -12.7487 1.14867 0.799586 -4.5 0 0.961765 0.244954 -0.1225
-3.56163 39.2159 -17.1675 -0.226253 0 -2.234 0 -0.265365 0.925446 -0.270427
3.55719 43.2389 -13.8353 1.22946 0.0389259 -0.7 0 0.55826 0.766296 -0.31802
13.0386 24.18 -10.7183 -0.115578 0 -3.5 0 0.94429 -0.323251 -0.0618472
-1.88194 37.1099 -22.0682 0.489104 0 -3.59704 0 0.273987 0.75921 -0.590365
-16.8464 33.777 -1.01131 1.46097 0 -3.5 0 -0.869326 0.310526 -0.384507
1.77909 13.0104 -5.56391 0.655587 0 -3.58806 0 -0.212316 -0.975347 -0.0601638
-12.3986 37.2171 -7.95337 0.273747 0 -0.9 0 -0.49903 0.85991 -0.10735
-8.5705 20.5378 -24.8905 1.00721 0 -4.5 0 -0.461838 -0.451486 -0.763457
1.244 12.3725 0.066 0.589908 0 -3.9 0 -0.445752 -0.128116 0.885941
-7.56887 42.1414 -7.50863 0.909511 0 -0.7 0 -0.619199 0.777443 0.110342
12.383 40.7951 0.54225 0.72341 0 2.8 0 0.114361 0.983261 0.141845
-11.458 28.874 -10.042 -0.0352992 0 1.8 0 -0.548377 0.316629 -0.773969
6.11194 23.0368 16.1436 -0.813727 0 -3.14315 0 0.568929 -0.353276 0.742641
-12.5072 21.6879 -5.22656 0.681643 0 -0.8 0 -0.513233 -0.85823 0.00577183
-15.6967 34.5469 -3.52463 1.23301 0 -3.5 0 -0.633842 0.769314 -0.0799995
-15.256 22.268 -20.2442 0.860475 0 -0.9 0 0.166349 0.953966 0.249553
3.5575 41.5345 -11.0525 0.617441 -0.756513 -0.7 0 0.981375 0.162271 0.102821
16.9382 28.1507 9.38363 0.83979 0 -0.0701942 0 0.827524 -0.307201 0.469927
-10.0223 27.4374 3.08819 0.357479 0 -0.9 0 -0.452721 0.417199 0.788029
-0.0575625 44.1092 -12.0355 0.264891 0 -0.7 0 -0.715392 0.66173 -0.224338
-15.0574 27.5634 -4.623 0.983012 0 -0.823733 0 -0.568936 -0.782507 0.252972
-9.06825 39.4806 1.6845 0.649997 0 -3.9 0 -0.721757 0.680783 0.124903
20.6797 30.7249 6.34681 2.1189 0 0.720993 0 0.0285304 0.531671 0.84647
15.1784 39.2453 -1.68763 0.443458 0 2.8 0 0.61723 0.522719 -0.588041
-1.4365 43.4984 -3.28519 -0.320125 0 -3.5 0 -0.746535 0.609142 -0.267642
-11.4183 23.2807 -17.6029 0.709625 0 -0.8 0 -0.380483 0.801975 -0.460508
-8.54113 32.8749 -23.0496 0.814755 0 -0.8 0 -0.973654 -0.222575 -0.0495841
-3.2995 29.9373 -22.2926 0.732909 -0.0507371 2.86429 0 0.699597 -0.275634 -0.659235
0.360125 42.743 6.21812 1.08527 0 -3.9 0 -0.210367 0.945965 0.246771
17.9672 17.8362 -3.42712 2.59083 0 -3.9 0 0.877665 0.0826441 0.472095
-7.90088 15.7386 -15.5747 0.0201657 0 -1.3 0 0.691764 -0.719616 -0.060135
2.321 30.4815 14.51 0.729186 0 -1.3 0 0.388561 -0.430789 0.814519
-2.32037 33.7886 -24.4184 0.758436 0 -3.9 0 -0.339881 -0.284918 -0.896271
-13.3158 22.5867 -22.1952 0.703032 0 -0.9 0 0.67946 0.733294 0.0247729
8.63575 22.1206 -10.376 0.0250561 -0.408232 -3.5 0 -0.369783 -0.193695 -0.908704
-15.263 16.037 -13.0974 2.88486 0 -3.9 0 -0.871029 0.262148 -0.415437
4.49425 40.0045 -13.7072 0.244586 -0.151835 -3.5 0 0.463307 0.264798 0.845712
-9.15388 30.7244 -18.2959 1.21931 0 1.9 0 -0.636161 -0.371613 -0.676168
4.16906 32.1104 12.0488 0.0165858 0 -1.3 0 0.878806 0.341291 0.333497
6.99062 24.916 -21.4284 0.521985 0 -3.5 0 0.283169 -0.175114 -0.942948
-9.38838 33.4033 -25.6903 0.243985 0 -0.8 0 -0.905706 -0.372581 -0.202188
5.20744 9.42912 -0.26875 2.51586 0 -3.9 0 0.664386 -0.745672 0.050645
14.1244 16.3197 6.28725 2.77858 0 -3.9 0 0.185402 -0.792738 -0.580683
-7.615 24.4389 17.3175 -1.08205 -0.00946687 -3.5 0 -0.359308 -0.537549 0.762849
0.711125 13.8612 0.064 0.369287 0 -3.9 0 -0.291787 -0.164278 0.94227
-5.15594 38.5021 -19.6549 -0.0188253 0 -3.5 0 -0.703952 0.642592 -0.302536
4.03837 39.9871 13.2881 0.977735 -0.156499 -1.84133 0 0.25195 -0.776188 0.577973
11.8958 37.7796 11.8387 0.927922 0 -1.6 0 0.874811 0.444258 0.193235
2.13006 16.1742 11.3053 0.512656 0 -4.5 0 -0.442774 -0.217906 0.869751
3.55625 14.9172 10.5308 0.522255 0 -4.5 0 0.542 -0.72232 0.429523
0.462 13.6275 -6.548 0.589526 0 -3.5 0 -0.606044 -0.790258 0.0905672
-0.0444375 34.4684 -25.2978 2.72692 0 -3.9 0 0.0544133 -0.490933 -0.869496
-20.5395 21.4359 -15.8397 0.585212 0 -0.9 0 -0.196474 0.419206 0.886377
9.25988 14.7107 -3.34938 -0.264895 0 -3.5 0 0.727985 -0.683129 0.0580698
1.03081 43.7346 16.596 0.228663 0.199449 -0.91767 0 -0.481679 0.0251808 0.875986
-10.3249 37.5602 3.7205 2.90019 0.19103 -3.9 0 -0.906781 0.307863 0.288044
-12.9339 28.7971 -9.2815 0.877093 0 1.8 0 -0.0379717 0.318839 -0.947048
12.7634 39.4176 8.46975 -0.220408 -0.199772 -3.5 0 0.564788 0.0163453 0.825074
-5.75319 18.9839 -5.37187 0.775 0 -1.6 0 -0.269733 -0.862923 0.427327
-1.64637 16.3929 0.095125 -0.53132 -0.141379 -3.47232 0 -0.356975 -0.458201 0.814016
1.56197 22.6289 -22.3289 0.9335 0 -0.4 0 0.151132 0.198838 -0.968309
5.50156 14.2893 -5.70094 0.922052 0.278394 -3.5 0 0.269622 -0.541021 -0.796618
11.7529 29.4261 -10.8464 0.142984 0 3.22937 0 0.936305 0.279762 0.212286
-7.92263 22.3353 6.32656 1.1017 0.498438 -4.5 0 -0.528662 -0.696226 0.485578
-3.8905 21.563 6.11825 -0.592556 0 -0.9 0 -0.446202 -0.75317 0.483361
-9.37687 39.6678 -8.71787 0.104085 0.384095 -0.9 0 -0.789808 0.577942 0.205392
-7.59937 21.9574 4.45656 0.315385 0 -4.5 0 -0.446374 -0.867526 0.219428
15.847 20.5467 12.8786 -1.22221 0 4.5 0 -0.375828 -0.862081 0.339954
11.2886 37.4913 -6.05922 0.741104 0 -3.9 0 0.539198 0.354091 -0.764124
1.1715 34.802 -20.5745 0.801102 -0.060628 -3.698 0 0.99699 -0.0698745 0.0336054
11.3224 41.8861 6.43862 1.0613 0 -3.5 0 -0.0349288 0.994741 -0.0962788
-6.82769 36.1546 -21.5952 0.204219 0 -0.8 0 -0.00324518 0.962892 -0.269868
-8.556 31.4136 -23.0631 0.789013 0 1.31581 0 -0.979228 0.0322041 0.200187
2.20825 42.3358 -5.99363 -0.0454121 -0.381619 -1.98285 0 0.204613 0.741047 -0.639517
-12.0051 35.7441 -1.2195 0.689701 0 -3.5 0 0.466721 0.853226 -0.232759
-14.0133 32.8015 -12.0871 0.890505 0 -3.5 0 -0.733315 -0.282168 -0.618571
-10.2406 38.173 -8.68637 0.241838 0 -0.9 0 -0.675889 0.728485 0.111732
-10.9129 28.008 -12.598 0.735648 0 -3.9 0 -0.607993 0.747373 0.267914
3.61963 34.7835 -18.7355 0.868998 -0.257593 -3.07243 0 -0.472228 -0.154422 -0.867845
-4.48 14.4589 -9.8245 -0.795442 -0.388536 -2.54573 0 -0.101984 -0.97461 0.199336
-9.111 38.3033 -0.566625 0.865167 0 -3.9 0 -0.933771 0.35143 0.067598
-4.96925 41.4549 7.60563 0.207357 -0.513676 -3.5 0 -0.753226 0.311453 -0.579351
-6.63875 28.8464 3.97331 0.924431 0 4.5 0 -0.833935 0.139851 0.533848
-8.51656 20.3327 13.7432 0.185407 0 4.2 0 -0.98927 -0.035227 -0.141791
8.36319 26.7092 -18.3646 0.902763 0 -3.5 0 0.993257 0.107648 -0.0430456
-7.68975 24.7792 -24.8083 0.500671 0 3.8 0 -0.997066 -0.0472275 -0.0602447
8.74656 15.8749 7.57638 0.218935 0 -3.9 0 0.506537 -0.845898 -0.166961
6.26538 29.4556 12.4283 0.637269 0.473738 4.5 0 -0.181219 0.460114 0.869169
6.22075 32.9497 10.1261 0.484734 0 4.5 0 -0.223102 0.426781 0.876404
-8.94425 32.2043 -24.3986 1.37519 0.714549 -0.8 0 -0.975981 -0.215044 0.0348877
-3.41281 43.3293 17.6996 0.583966 0 1.9 0 0.471077 -0.51908 0.713192
-7.98313 13.9776 -12.7129 0.370261 0 -1.3 0 0.476549 -0.8101 0.341524
-0.657375 29.1694 -20.1144 -0.936403 -0.07362 -3.9 0 0.711969 -0.545449 -0.442251
-10.4011 20.6154 -5.56187 0.618502 0 -0.598736 0 -0.407386 -0.847042 0.341405
-11.2853 18.1206 -9.75669 0.41265 0 -0.0872768 0 -0.594812 0.0866791 0.799178
-1.48025 42.9151 -14.1525 0.52933 0.378059 -1.23184 0 -0.343438 0.938012 0.0467284
14.3798 36.2701 2.48587 0.693509 0 2.8 0 0.730302 -0.199523 0.653337
-14.4686 19.2652 -12.9197 0.81842 0 -3.9 0 -0.999947 -0.00122624 -0.0102299
1.91369 22.419 -15.6364 0.469203 0 -3.5 0 0.384786 -0.890721 0.241983
-0.6285 20.9322 1.6445 -0.25332 0 -3.5 0 -0.481182 -0.857089 0.184018
9.98862 40.3318 11.2544 1.25712 0.509189 -3.84946 0 0.938634 0.247284 0.240449
-3.32113 15.7576 -6.70725 0.325954 0 2.8 0 -0.378904 -0.285462 0.880309
-6.4235 39.9642 11.4036 0.446291 0 4.2 0 -0.971496 0.0703106 -0.226387
5.07725 22.6127 -15.9984 0.596551 0 0.222299 0 0.139307 -0.982664 0.12233
15.7415 33.6095 -4.36 3.54053 0 -3.9 0 0.831508 -0.326737 -0.449264
8.11213 19.641 3.38512 0.500149 -0.540965 3.8 0 0.720175 -0.169967 -0.672651
13.694 20.369 3.198 3.67209 0 -3.9 0 0.759002 0.0152758 -0.650909
7.41663 23.5079 -20.4853 0.48209 0 -3.5 0 0.629951 -0.711622 -0.311057
-6.863 28.107 9.766 0.55118 0 -0.9 0 -0.941758 0.317828 -0.109898
-6.00462 19.5781 -4.3195 0.608997 0 -1.6 0 -0.461657 -0.88304 0.0843368
-6.76169 42.8857 -12.3015 0.953882 0.826849 -3.69707 0 -0.410762 0.870134 -0.27229
-17.3762 19.0936 -22.4827 0.162543 0 -0.9 0 -0.92776 -0.35709 -0.108389
-4.97512 42.1049 -5.9465 0.713113 -0.956061 -0.7 0 0.146121 0.988538 0.037956
11.8251 37.3216 5.29862 0.32386 0 2.8 0 0.9446 -0.328098 -0.0091546
14.3877 16.7965 -2.563 0.870218 0 -3.9 0 0.0493419 -0.836106 0.546344
4.2415 15.0653 -7.28575 0.919557 0 -3.5 0 0.847586 -0.302644 -0.435895
9.83625 40.0103 -2.568 -0.5165 -0.138639 -3.9 0 0.454848 0.89053 -0.00830587
0.687063 45.3247 16.1934 0.778339 0 -0.8 0 -0.587094 0.261646 0.766069
-15.1004 23.3207 -23.4775 0.404523 0 -0.9 0 0.111294 0.847636 -0.518774
-6.4845 21.9264 10.8339 0.0307296 -0.216885 4.2 0 -0.873672 -0.208442 -0.439602
-6.39825 27.0124 8.815 0.145828 0 -0.9 0 -0.891164 0.356258 -0.280905
-13.9155 25.6457 -5.24456 1.87558 0.657584 -0.8 0 -0.919021 -0.153555 0.363073
9.8315 37.9401 13.6939 0.736284 0 -1.6 0 0.314906 0.170406 0.9337
-20.0244 16.7868 -18.3436 0.369729 0 -0.9 0 -0.291986 -0.912812 -0.285514
-8.78575 22.7922 4.23562 0.264499 0 -3.74901 0 -0.77234 -0.439087 0.459014
14.9645 35.4059 1.15831 0.770359 0 2.8 0 0.529521 -0.665287 0.526309
-7.54362 42.6519 -14.7354 0.795233 0.00134684 -3.5 0 -0.431927 0.896465 -0.0989432
4.22794 34.0498 10.2107 0.738468 0 -1.3 0 0.336977 -0.00216984 0.941511
-7.6095 27.6847 16.228 -1.50742 -0.809289 -3.5 0 -0.621199 0.782551 -0.0415499
-10.7814 28.7647 -15.653 0.950159 0 -3.9 0 -0.412569 0.442708 -0.796113
8.1685 29.162 14.3115 0.289052 0 4.5 0 -0.418199 0.464705 0.780486
-0.764875 28.3251 12.899 0.192335 0 -3.9 0 0.539796 -0.508837 0.6706
5.069 12.0638 1.52656 2.47969 0 -3.9 0 0.465629 -0.467692 0.751302
-11.1947 27.7246 1.73094 0.163031 0 -3.47171 0 -0.664561 0.030135 0.746626
-6.90938 18.591 -22.4328 0.407485 0.569226 -4.38387 0 -0.00927643 -0.933356 -0.358832
6.08881 39.1409 -15.1891 0.511778 0 -0.994652 0 0.688466 0.3738 -0.621521
-5.3985 40.9562 14.8419 -0.203891 -0.57192 1.9 0 -0.488176 -0.254431 0.834835
-3.02775 42.7313 4.705 0.59668 0.0658302 4.5 0 -0.113881 0.927325 0.35651
6.23425 40.3338 4.0975 1.55189 0 2.24317 0 0.846697 0.506014 -0.164481
-7.51275 20.6367 2.2985 0.237819 0 -0.9 0 -0.0192097 -0.9321 0.361691
6.20213 20.1632 13.504 0.254641 0 4.5 0 -0.210359 -0.881095 0.423581
7.18025 39.0546 13.1096 1.40589 0 -3.84969 0 -0.720894 -0.556295 0.413338
-0.892875 33.7452 16.6867 2.32086 0 -3.9 0 -0.657721 0.472644 0.586525
14.3111 27.0627 12.9513 0.457011 0 4.5 0 0.666408 0.483689 0.567402
16.575 33.416 -0.12375 0.711883 0 -0.8 0 -0.62302 0.768761 0.144409
0.15025 14.4482 -10.0119 0.366746 0 -0.0179476 0 -0.20959 -0.921225 -0.327745
13.3255 29.9145 -6.249 0.418522 0 2.8 0 0.316524 -0.259195 -0.912486
-9.45144 16.0518 -10.6612 0.33711 0 2.24677 0 -0.156974 -0.975372 0.154945
2.18431 20.3058 -11.2236 0.670979 0 -4.5 0 0.733504 -0.286044 -0.616563
9.69637 22.147 13.6624 0.227469 0 4.5 0 0.609187 -0.28449 0.740241
-5.38109 35.0483 -24.4993 0.437778 0 -0.8 0 0.524479 0.846547 -0.0909902
4.78081 42.036 -14.2086 0.592258 0 -3.5 0 0.69192 0.642604 0.3291
5.15494 25.2206 17.3468 -1.13432 -0.0759558 -3.5 0 0.0973164 0.550751 0.828977
-18.1234 19.9492 -24.8468 0.687402 0 -0.9 0 -0.919797 -0.0887256 -0.382233
-16.458 23.2376 -22.9229 0.669661 0 -0.9 0 -0.404805 0.898011 0.172362
-9.31431 35.5751 -22.4297 -0.896701 -0.131353 -0.8 0 -0.927998 0.336444 0.160076
-3.63613 30.1251 13.9452 0.0003681 -0.33834 -1.42292 0 -0.338481 -0.0560507 0.939303
7.9105 30.3008 -15.331 0.6953 -0.0105695 -3.5 0 0.288396 0.274461 -0.917333
-13.7308 17.1559 -17.6712 -0.529067 -0.698772 -0.800573 0 -0.363286 -0.66787 0.649594
13.3218 33.8234 -0.525875 1.46745 0 1.8 0 0.841426 -0.490647 0.226424
3.06253 27.1015 -18.6788 0.772035 0 -3.5 0 -0.0289238 0.587699 -0.808563
-13.4676 22.5866 -14.4496 0.870837 0.021244 -3.9 0 -0.808566 0.587515 -0.0323618
-9.55156 13.5451 -12.4751 0.561856 0 -1.3 0 0.0366236 -0.599552 0.799497
3.3285 10.2797 1.42013 3.31874 0 -3.9 0 -0.515113 -0.289798 0.806645
-14.4263 25.1355 -6.36237 1.58598 0.309051 -2.73085 0 -0.708483 -0.0327475 0.704968
-21.6291 18.7217 -15.9502 0.537334 0 -0.9 0 -0.46767 -0.373924 0.800915
22.8861 31.5959 5.07863 1.84926 0 -0.4 0 0.545086 0.835068 0.0744492
17.5044 23.0754 -0.85125 0.466956 0 -0.7 0 -0.0371574 -0.99192 -0.121302
19.5694 30.5119 -1.10694 1.43354 0.807257 -0.8 0 0.632329 -0.21464 -0.744372
-3.208 43.3997 -10.083 0.836282 0 -3.9 0 0.63379 0.673302 -0.380756
9.43338 42.7793 14.5492 0.922161 0 -3.9 0 0.833277 0.52846 0.162419
14.7785 23.6299 5.10112 1.26419 0 2.5 0 0.161289 -0.728872 -0.66538
-6.05581 20.1756 0.910875 0.109419 0 -0.7 0 -0.545719 -0.625255 0.557895
15.9412 24.6994 14.6812 0.341606 0 4.5 0 0.287139 0.7017 0.65205
14.982 19.01 -1.54075 0.815406 0 -3.9 0 0.149264 0.263658 0.952998
-17.0701 32.08 -2.05113 1.60819 0 -3.52114 0 -0.924369 0.366263 -0.106743
-6.6115 21.4062 16.0896 0.304727 0 4.2 0 -0.0732902 -0.0518038 0.995964
-2.1925 17.88 -14.8223 1.59339 0.206621 -4.5 0 -0.13488 -0.19762 -0.970955
-4.77362 28.5585 14.2025 -0.101468 0 -0.9 0 0.215878 0.345127 0.913391
9.429 24.4771 14.2399 0.117479 0 4.5 0 0.312244 -0.113595 0.943186
-7.4135 30.1074 -20.939 -0.344981 0 -0.8 0 -0.863369 -0.138741 0.485124
-17.5613 29.1937 -2.41394 1.29345 0 -3.69758 0 -0.782072 -0.472542 -0.406285
-13.8938 15.8433 -10.6835 2.45357 0 -3.9 0 -0.21018 -0.259613 0.942563
2.3475 12.4683 -4.172 0.924923 0.21909 -3.9 0 -0.0112571 -0.699147 -0.714889
-12.5422 36.0684 -3.4565 0.824274 0 -0.9 0 -0.391279 0.813341 0.430555
0.986938 43.2434 1.56994 -1.28102 -0.347807 4.5 0 0.453854 0.890308 0.0369862
18.4757 25.888 1.96763 0.196687 -0.546859 -0.7 0 0.401855 -0.584875 0.704581
20.7344 24.4867 8.72637 0.449793 0 -1.3 0 0.623635 0.672819 -0.397987
-1.18537 20.6087 2.85838 -0.6807 -0.168955 -3.5 0 -0.176771 -0.730985 -0.6591
-14.0867 34.9101 -8.17412 0.410335 0 -3.3205 0 -0.698389 0.634733 -0.330707
11.3658 18.4263 4.28081 2.31724 0.411714 -3.9 0 -0.344618 -0.738124 -0.58001
-5.64038 17.8295 -14.8825 0.47737 -0.275736 -1.3 0 0.614933 -0.647449 -0.450185
7.1525 40.2784 -5.08581 0.386287 0 4.2 0 0.381548 0.911564 0.153207
-3.491 19.2286 -17.5394 0.420224 0 4.2 0 0.0172253 -0.99138 -0.129878
7.1945 39.6343 3.8865 0.688721 -0.104119 2.8 0 0.0248865 0.997082 -0.0721726
18.065 25.078 4.976 1.26873 0 2.5 0 0.727647 -0.479602 -0.49042
14.2118 22.9767 -5.5655 0.500293 0 -3.45668 0 0.238674 0.653626 -0.718198
2.29769 20.453 18.5186 0.546873 0 -3.5 0 0.532072 0.315066 0.785896
13.9145 33.9164 5.85231 0.513408 0 -0.7 0 0.473572 0.87943 0.0482945
-4.33138 20.3266 2.37325 -0.302615 -0.673471 -0.91377 0 -0.576883 -0.621893 0.529581
-6.15081 42.1764 -3.11438 1.09765 -0.747417 -0.775712 0 0.190888 0.871958 0.450835
-0.013625 11.4793 -1.66475 0.41078 0 -3.9 0 -0.704221 -0.709979 -0.00149045
9.19 40.1755 6.243 1.40882 0.0180704 -3.5 0 -0.679967 0.636992 -0.363161
-5.15675 45.7641 9.97231 0.426381 0 4.2 0 -0.00903582 0.999878 0.0127052
-14.1632 18.8944 -16.4986 0.605871 0 -0.8 0 -0.737049 -0.50338 0.450963
16.6652 24.7898 -5.18416 0.562055 0 -1.6 0 0.644775 -0.540486 -0.540499
-5.92069 29.5672 8.28619 0.76567 0 -3.2 0 -0.820732 0.0140481 0.57114
12.212 21.331 -0.113 -0.414737 -0.464051 3.8 0 0.618982 -0.716668 0.321323
8.50556 24.538 -11.9809 -1.02326 -0.100348 2.81856 0 -0.0799388 -0.837077 -0.541213
13.1459 32.4436 -6.15481 0.749958 0 4.5 0 0.818651 0.00980213 -0.574208
-10.421 14.4887 -20.1528 0.278418 0 -0.4 0 -0.207566 -0.908434 -0.362855
-7.25787 31.3004 4.64006 0.569833 0 -1.21765 0 -0.964864 -0.247303 0.0887631
-2.95431 18.9805 14.91 0.584858 0 -3.5 0 -0.0848968 -0.401988 0.911701
6.58337 10.8918 -1.03988 -0.301181 -0.211134 -3.56361 0 0.514282 -0.785401 0.34447
3.60497 21.0672 14.8097 0.129857 0 -3.5 0 0.470045 -0.733126 0.491512
21.1754 23.8995 11.772 -0.0042195 0 -1.3 0 0.891883 0.451477 0.0267222
0.78475 46.2627 -3.8825 -1.09757 0 -3.5 0 0.201705 0.939439 -0.277072
-9.83687 33.3151 -20.864 0.330124 0 -0.8 0 -0.925541 -0.207973 -0.316419
-12.9826 31.7317 -12.2532 0.943487 0.000690269 -3.5 0 -0.444887 -0.659756 -0.605638
5.6105 43.8088 10.0162 0.957651 0 3.8 0 0.535579 0.842382 0.0595548
4.9345 44.0009 12.9643 1.23061 0.135937 1.53769 0 0.488793 0.787121 -0.376194
17.69 28.5721 8.55163 0.455908 0 2.5 0 0.78736 -0.126695 0.603335
4.53813 22.2594 -14.4853 0.479838 0 1.8 0 0.125776 -0.989799 0.066922
2.666 21.7366 17.3559 0.134854 -0.634124 -3.5 0 0.639418 0.419369 0.644417
11.4078 34.3609 -8.759 0.751077 0.0394061 2.92706 0 0.764424 0.644664 0.00796885
1.37994 22.6076 -13.1687 0.100057 -0.646022 -4.5 0 0.66041 -0.703485 -0.262615
3.72669 39.9008 -17.1244 1.1058 0 -3.5 0 0.421587 0.0668633 -0.904319
-4.238 40.3716 -20.7682 -1.58528 0 -3.5 0 -0.802843 0.572203 -0.167415
-8.767 24.055 5.89825 0.611067 0.27834 -4.5 0 -0.861073 -0.234328 0.451268
2.47209 28.3803 12.7533 0.478811 0 -1.3 0 -0.018502 -0.3878 0.921558
-3.41081 18.6222 -14.5648 0.599657 0.402645 -1.78564 0 -0.0714276 -0.6807 -0.729071
10.0099 39.7853 -0.341062 0.698418 0.0570847 -2.16931 0 -0.096088 0.995205 -0.0182706
-15.24 26.774 -11.3405 -0.599271 -0.245054 -3.9 0 -0.573546 -0.150317 -0.805264
-3.907 24.7856 17.3927 0.25429 0 -3.5 0 0.687557 0.0304654 0.725491
-8.827 39.375 -16.254 0.2122 0 -3.5 0 -0.236756 0.827098 -0.509759
2.6215 19.3542 16.3915 -0.121955 -0.0102417 -3.5 0 0.966147 -0.257783 -0.0103611
-3.78238 37.2586 -21.6209 0.128982 0 -3.5 0 -0.183729 -0.081153 -0.979621
-9.3585 40.3335 -2.658 -0.321747 0 -0.7 0 -0.752409 0.366919 0.547039
-6.76131 27.5573 -26.6115 0.411462 0 3.8 0 0.354099 -0.223093 -0.908209
-9.62537 14.1543 -18.4217 0.427879 0 -0.4 0 0.165479 -0.984524 0.0577026
-5.53406 31.2157 -25.7664 0.875198 0 3.8 0 0.340035 0.0214504 -0.940168
-13.2476 21.9117 -7.94413 0.829225 0.222091 -1.05083 0 -0.0742481 -0.943569 0.322746
-10.8646 30.3311 -13.0496 1.14899 0 -0.8 0 -0.910892 -0.408102 0.0610679
-14.7625 27.4441 -2.68438 1.15163 0.264306 -3.5 0 -0.542241 -0.742667 0.392963
-4.26487 18.8801 15.318 0.36863 0 4.2 0 0.286793 -0.172272 0.942376
5.823 12.9701 2.34419 0.46698 0 3.8 0 0.0972496 -0.977547 0.186936
-12.5714 22.6745 -16.8195 0.762261 0 -0.8 0 -0.523627 0.840537 -0.138972
15.3056 26.5853 11.5597 0.483366 0 4.5 0 0.823794 0.317319 0.469758
2.07638 12.9544 -9.41169 0.815376 0.0642542 -3.5 0 0.252233 -0.931288 -0.262832
10.4126 17.6176 10.7893 0.367321 0 -3.9 0 0.260745 -0.277294 0.924727
-17.5081 23.0289 -18.0266 0.989335 0.0556497 -0.9 0 0.457797 0.709474 0.535787
-2.74475 21.0157 8.07519 -0.137383 0 -0.671948 0 -0.58361 -0.63596 -0.50493
-5.994 38.5906 4.8075 0.455161 0 -3.85274 0 -0.768525 0.463921 0.44062
-4.85238 14.1112 -11.4484 -1.59764 -0.726498 -3.5 0 -0.0823449 -0.958796 -0.2719
18.0705 20.5876 11.6506 -0.467412 -0.162908 3.42275 0 -0.0336893 -0.999003 -0.0292754
-14.2774 35.289 -2.81988 1.16792 0 -3.5 0 -0.431119 0.870049 -0.239064
-0.0445 18.2428 14.197 0.0156918 -0.176215 -3.5 0 -0.0228172 -0.997875 -0.0610293
6.57944 23.8339 -11.7159 0.415006 -0.00105056 -3.57202 0 0.578877 -0.61792 -0.53205
7.83656 16.1567 0.784437 0.32575 0.036367 -3.5 0 0.975427 -0.214099 -0.0519904
-2.13438 30.0454 14.8475 0.458588 0 -3.9 0 -0.504273 -0.419748 0.754666
-1.2115 44.8211 11.5115 -0.210884 -0.612726 -0.8 0 -0.0622303 0.844243 -0.532335
-1.86494 41.8344 -8.86544 0.0256411 0 -3.66942 0 0.299283 0.870126 0.391549
-6.77219 37.7196 9.83006 -0.817558 0.711539 -4.36711 0 -0.991877 -0.0354377 0.122164
5.16975 41.0845 -8.037 0.227804 0 4.2 0 0.0768951 0.995163 -0.0611421
16.7358 17.0564 -2.37212 2.3074 0.28496 -3.9 0 0.325271 -0.325599 0.887797
-6.77581 26.5408 14.0528 0.140841 0.238338 -1.25048 0 -0.896786 0.387109 -0.214294
-6.1455 33.1911 -26.1086 -0.187627 -0.675922 -0.316571 0 0.585685 -0.23603 -0.775412
2.19662 25.6444 -19.5144 0.600521 0 -3.22732 0 -0.0858313 0.795635 -0.599665
10.6794 23.0602 -11.9072 0.0139112 0 -3.5 0 -0.162139 -0.396597 -0.90356
-6.2505 23.4518 -19.3146 0.24945 0 -0.9 0 -0.355212 0.241051 -0.903171
-1.756 42.4453 7.03025 0.462759 0 -3.9 0 0.0991344 0.994857 -0.0207591
-5.52763 33.3678 10.9716 0.605892 0 -1.6 0 -0.925049 -0.306712 -0.22408
-6.34212 42.5216 15.402 0.244967 0 1.9 0 -0.850453 -0.264047 0.454982
10.7222 40.166 1.35038 0.740645 0 2.8 0 -0.294684 0.955226 0.026555
-14.2124 28.1097 -1.57531 0.767939 0 -3.83277 0 -0.369439 -0.904553 0.212836
6.88525 44.3334 14.4082 0.839145 0 -3.9 0 0.352793 0.927603 -0.122841
12.7215 30.1024 12.8006 0.539723 0 4.5 0 0.39213 0.566025 0.725155
-1.02625 17.7839 0.222125 -0.113704 0 -1.62433 0 -0.0140177 -0.0996944 0.994919
7.12719 43.0627 10.4081 2.1378 0 -0.569068 0 0.384738 0.853307 -0.351914
-3.26962 20.9091 15.246 0.824209 0 2.82805 0 -0.205334 -0.120965 0.971188
-4.65887 27.3671 14.7943 0.208117 0 -3.5 0 0.396453 0.707365 0.585201
1.15006 27.5624 12.2043 0.583945 0 -1.28386 0 -0.149659 -0.109832 0.982619
14.1799 15.6424 7.52138 2.16743 0.522707 -3.9 0 0.168159 -0.9852 0.03322
9.80462 40.173 4.31862 0.851311 0.17312 -1.08482 0 -0.628257 0.742926 -0.230985
-10.6257 25.6465 3.471 0.972665 0.198241 -0.9 0 -0.606394 0.0563207 0.793168
-1.9325 41.1968 15.0126 0.0640303 -0.174317 -0.8 0 0.208944 -0.754242 0.622464
1.142 33.305 -17.907 0.740733 0 -0.7 0 0.697942 -0.546506 -0.462827
5.56875 43.2875 7.75525 1.13413 0 3.8 0 0.730251 0.467661 -0.498023
-8.27137 41.0588 -14.1551 0.0528501 0 -3.5 0 -0.943063 0.330743 -0.0352379
2.24825 33.1736 15.2661 2.52296 0.276939 -1.3 0 0.944734 0.193649 0.264532
4.46025 44.3898 11.5661 0.931371 0 3.8 0 0.355566 0.933581 0.0447161
15.8865 34.699 0.257 0.716128 0 2.8 0 0.787911 -0.554911 0.266966
-9.26175 21.2356 -0.684563 -0.549546 -0.32288 1.59221 0 -0.484164 -0.807993 0.335756
-6.059 44.9119 13.4649 0.40052 0 2.00304 0 -0.674542 0.704765 0.219772
-4.30037 16.2756 -1.10831 0.108795 0 -0.7 0 -0.338908 -0.911912 -0.231425
6.39913 43.3389 11.7388 1.56718 0 -3.9 0 0.150141 0.984602 -0.0895348
-0.108 18.579 0.8465 -1.06178 0 -3.5 0 -0.705262 -0.201611 0.679676
16.0152 36.6303 -0.468875 0.606985 0 2.8 0 0.984869 -0.157374 -0.0725732
1.18613 35.8369 -22.5411 2.41929 0 -3.9 0 0.729541 0.510543 0.455099
9.20288 14.8144 -5.55869 -0.659421 -0.472656 -0.4 0 0.193829 -0.937741 -0.288223
3.01437 33.2977 14.3413 1.47892 -0.00815236 -1.3 0 0.77761 0.311227 0.546315
5.98462 29.3164 -17.8848 0.963709 0.622155 -3.5 0 0.228207 0.935096 -0.271141
0.643938 16.3259 8.17594 0.0431738 0 2.8 0 -0.710557 -0.698778 0.0825695
-11.8197 34.9263 -17.6854 1.36715 0.14587 -3.5 0 -0.944908 -0.298399 -0.134558
4.22244 20.141 -10.8108 1.35551 0 -4.5 0 -0.277782 -0.355353 -0.892503
9.55625 39.7233 2.601 0.740814 -0.546215 2.8 0 -0.281622 0.954708 -0.0960264
-1.98594 19.61 3.48456 -1.55702 -0.384866 -3.5 0 -0.203492 -0.902083 -0.380576
-0.513 14.5985 -6.74813 0.266672 0 -3.5 0 -0.533774 -0.786519 0.310601
-12.0905 21.381 -22.2735 0.855325 0 -0.9 0 0.675264 0.598195 -0.431487
8.596 17.6685 10.7933 0.661881 0 -3.9 0 -0.0324332 -0.526799 0.849371
11.8514 38.4436 -4.92425 0.591481 0 -3.9 0 0.558154 0.679387 -0.476337
3.28925 45.1299 17.0726 0.187917 0 -1.50872 0 0.264768 0.18204 0.946974
0.468937 35.8682 -25.8472 3.164 0.0937999 -3.9 0 0.354576 0.233521 -0.905397
-12.6646 13.7745 -12.5535 1.74262 0.124681 -3.9 0 0.160467 -0.916529 0.366367
4.42675 26.6322 -20.0781 0.491719 0 -3.5 0 -0.718448 0.487502 -0.496159
-17.7472 21.6415 -10.2735 2.00857 0 -3.9 0 -0.570611 -0.377034 -0.729554
22.3727 28.9093 6.62044 3.02475 0 -0.4 0 -0.0962349 -0.318996 0.942858
15.2154 38.4339 0.617938 -0.0710647 0 2.8 0 0.766961 0.468556 0.438436
-4.55731 19.3285 -15.8605 0.196307 0 4.2 0 0.314987 -0.900178 -0.300771
10.7276 24.7104 13.6191 0.205122 0 4.5 0 0.0103256 -0.210965 0.977439
-5.39162 27.9046 -23.4839 0.743265 0 3.8 0 0.608441 -0.779348 -0.149725
-5.001 41.6766 0.026875 0.352421 0 4.5 0 -0.754952 0.614366 -0.22935
14.6046 36.2327 -4.30788 2.70009 0 -3.9 0 0.592433 0.545467 -0.592865
-17.3561 29.7559 -5.46619 0.929779 0.124822 -3.27854 0 -0.986131 -0.0469023 -0.159205
13.7679 17.7761 -6.20206 0.603666 0 -3.9 0 0.360727 -0.714143 -0.599897
17.5505 23.8327 0.564781 0.495091 0 -0.7 0 -0.156941 -0.785018 0.599264
-0.73525 45.134 15.5401 0.45593 0 0.675745 0 -0.0796264 0.635017 0.768383
20.3141 19.2108 9.17638 0.365293 0 -1.3 0 0.0688638 -0.971066 -0.228665
14.4208 23.9741 2.59275 0.664915 0 3.8 0 0.60434 -0.796721 0.00294482
-3.93944 18.7796 11.7448 0.309503 0 3.55819 0 -0.177338 -0.863055 -0.472956
-7.82525 31.5793 5.81625 0.769656 0 -3.2 0 -0.933319 -0.265752 -0.241438
17.7334 28.8264 -2.33594 -0.0285336 -0.828454 -0.796117 0 0.724896 0.299443 -0.62037
9.50944 25.2404 -13.1144 -0.766734 -0.279769 0.964817 0 0.0795851 -0.813204 -0.576511
8.76838 27.5959 -16.7054 0.182334 0 -3.5 0 0.613327 0.472734 -0.632734
-3.11512 16.601 -14.1103 0.626523 0.632801 -4.5 0 -0.578105 -0.0903241 -0.810947
14.4734 31.5552 -0.935063 0.811802 0 2.8 0 -0.0229395 0.919551 0.392302
16.9467 25.043 1.98812 0.365231 0 -0.7 0 0.204855 -0.891263 0.40458
1.15863 22.3643 -14.2784 0.681199 0 -3.5 0 0.81147 -0.574279 0.108261
0.758313 33.0326 -19.1535 0.798635 0 -3.9 0 0.975046 -0.219968 -0.0299808
-0.027625 25.5648 -19.5942 -0.194676 -0.160719 -0.466384 0 -0.145191 0.835942 -0.529264
-1.6345 25.1287 -19.0404 0.149479 -0.00198003 -3.53762 0 -0.172037 0.757085 -0.630259
3.06819 23.2699 -21.8592 0.635023 0 -0.4 0 0.255856 0.135226 -0.95721
10.683 15.4397 -3.76912 0.099132 0 -3.9 0 0.379441 -0.921825 0.0791372
16.8528 21.1326 5.503 -0.331044 0 -3.5 0 0.353451 0.182754 -0.917427
-3.0195 18.2078 14.0214 0.281663 0 4.2 0 0.131014 -0.965694 0.224212
-17.8873 24.0868 -8.83244 1.5282 0 -3.9 0 -0.710678 0.701811 -0.0489729
22.2795 27.9836 6.25375 2.83439 0 -0.4 0 0.0305661 -0.532477 0.845892
-15.4555 20.366 -7.65225 3.43808 0.144833 -3.9 0 0.467949 -0.726216 0.50362
-6.04588 47.2474 17.7697 -0.0819945 0 1.9 0 -0.651954 0.753187 -0.0875494
3.0665 33.9426 12.0189 0.215343 -0.64579 -1.3 0 0.699099 0.656002 0.284469
-3.55131 19.9132 -19.5115 0.44418 0 4.2 0 0.0192703 -0.999635 0.0189583
0.311437 42.3544 -9.23506 -0.363863 0 -1.95391 0 -0.272881 0.584021 0.764497
3.99125 40.8614 2.173 1.08026 0 2.23889 0 0.596015 0.647414 -0.474996
13.433 22.4399 -6.68738 0.924802 0.0912484 -3.5 0 0.448442 0.852305 -0.269216
-16.6975 18.484 -17.7078 0.45755 0 -0.9 0 0.132266 -0.115749 0.984433
3.23825 21.3608 -21.3399 0.435972 0 -0.4 0 0.64858 -0.632167 -0.42392
0.389937 13.7669 -8.26319 0.758304 0.26872 -3.5 0 -0.668898 -0.742602 -0.0334351
-8.13569 17.3164 -6.53744 0.329632 0 2.8 0 0.430778 -0.55982 0.707836
2.23325 20.6022 -19.8922 0.474035 0 -0.4 0 0.227426 -0.972718 0.0457843
-13.5132 18.1654 -15.8041 0.499654 0 -2.04817 0 -0.871884 -0.488568 -0.0334691
7.2195 28.7111 -16.7221 0.767308 0 -3.5 0 0.524171 0.734005 -0.431835
23.8365 30.1912 3.892 2.39524 0 -0.4 0 0.634966 0.342285 -0.692575
5.86637 16.8109 9.75513 0.520987 0 -2.37547 0 0.109338 -0.484661 0.867842
9.30363 35.4014 -21.016 3.45066 0 -3.9 0 0.658227 0.742615 -0.12353
-17.8465 28.3345 2.43 3.18829 0.179982 -3.9 0 -0.105382 -0.343453 0.933239
-10.7141 21.8052 -20.1731 1.65292 0.116197 -0.8 0 0.187214 0.793311 -0.579317
-19.3915 21.6663 -16.0107 0.52595 0 -0.9 0 0.361989 0.538374 0.760998
4.92656 41.7352 -2.09087 0.204475 -0.0877678 -3.5 0 0.648693 0.734439 -0.19949
-6.94112 29.8016 7.08063 1.49196 0.187271 -3.2 0 -0.916279 -0.377134 0.134914
-6.9165 18.6951 13.5007 0.239876 0 4.2 0 -0.599538 -0.767289 -0.227644
16.11 31.813 8.495 5.37009 0 -3.9 0 0.414856 0.869664 -0.267542
-2.57125 28.5135 -18.5774 0.0564027 0 2.5 0 0.187051 -0.83805 -0.512527
10.2001 20.4333 11.4528 0.196382 -0.487892 4.5 0 0.597052 -0.499881 0.627414
8.52275 30.6819 12.3354 0.708218 0 4.5 0 -0.318755 0.608936 0.726355
-7.06819 25.7839 11.3175 0.382344 0.10828 -0.9 0 -0.959749 0.221246 0.173008
15.9318 17.889 5.944 0.981162 0.1016 -3.68863 0 0.514283 -0.584222 -0.627852
-2.15388 20.3355 6.55575 -0.696221 0 2.8 0 -0.850516 -0.455013 0.263791
-12.514 36.355 1.633 0.528431 0 -3.5 0 0.171341 0.830533 0.52996
-11.5632 34.9087 -16.4524 1.05145 0.829733 -3.5 0 -0.942636 -0.31613 0.107232
-17.9671 21.5346 -23.5661 0.319845 0 -0.9 0 -0.956157 0.272499 0.107275
-11.1309 13.1237 -16.0357 0.44513 0 -1.3 0 0.173131 -0.724708 -0.666951
12.3838 36.581 7.554 -0.311513 -0.303899 0.983639 0 0.92397 0.0384978 -0.380522
12.5381 18.6392 9.82312 0.405978 0 -3.9 0 0.468405 0.0313981 0.882956
11.5549 30.0579 13.8174 0.397453 0 4.5 0 0.513079 0.510529 0.690007
-15.555 23.9049 -6.53556 1.01643 0 -3.9 0 -0.329271 -0.0103784 0.944178
-2.07356 45.5416 14.1732 0.868868 0 -0.74718 0 -0.15421 0.987939 0.0139662
-6.45412 17.059 -16.5674 0.781252 0.676897 -1.3 0 0.824269 -0.563007 0.0600321
-9.1275 42.3275 -3.00738 0.408153 0 -0.7 0 -0.589535 0.496565 0.63708
-1.08888 15.4096 -2.07562 -0.107159 -0.0287057 -3.9 0 -0.916042 -0.254715 -0.309819
-14.5589 34.6007 2.96863 -0.719369 0 -3.5 0 0.245203 -0.179551 0.9527
9.99225 31.2885 12.4258 0.446597 0 4.5 0 0.218878 0.732925 0.644137
-5.48962 22.716 -22.445 0.261921 0 -4.5 0 -0.233386 0.776897 0.584775
3.92887 38.6879 -12.6665 0.580674 -0.0014715 -3.5 0 0.658499 0.733265 0.169417
1.02213 15.832 4.62612 -2.10988 -0.839412 -3.5 0 -0.610276 -0.733939 -0.298155
10.543 21.4694 12.6164 0.19463 0 4.5 0 0.531879 -0.570498 0.625809
-5.24213 44.6939 -10.3147 2.64941 0 -3.9 0 0.3166 0.89586 -0.311767
-0.561125 22.5047 -22.7769 0.379507 0 -4.5 0 0.356059 0.198358 -0.913168
-5.40287 44.5264 19.7274 0.73502 0 1.9 0 -0.063751 -0.73314 0.677084
-16.116 28.1629 -4.80912 0.973744 0.0320658 0.590179 0 -0.559462 -0.793786 0.238549
14.3252 31.4464 0.311812 1.31443 0 2.8 0 0.432054 0.900307 -0.0526838
12.205 35.2262 12.1784 0.722359 0 -1.6 0 0.513472 -0.214704 0.830812
-9.55713 15.6705 -8.96387 0.606503 0 2.8 0 -0.240923 -0.95603 0.167221
7.7815 11.3515 -0.9395 -0.679873 -0.347377 -3.5 0 0.416353 -0.440572 0.795328
-18.4689 18.8391 -20.5981 0.125802 0 -0.9 0 -0.699491 -0.208832 -0.683449
1.5095 38.7853 -17.8055 1.09973 0.0335624 -3.35444 0 0.141573 0.1977 -0.969985
-14.425 28.8611 -10.0295 0.40707 0 1.8 0 0.0212357 0.460196 -0.887563
16.087 32.336 4.541 0.0207361 0 -0.7 0 0.443353 0.896339 -0.0037591
-18.4266 16.57 -18.525 0.66613 0 -0.9 0 0.0253658 -0.999165 -0.0320318
-8.01475 28.6587 -26.7356 0.397096 0 3.8 0 -0.0830831 0.364652 -0.92743
12.2501 34.2464 -10.93 1.19858 0.20711 -3.2 0 0.940537 0.33969 0.000577637
11.7677 22.5145 12.7738 0.14776 0 4.5 0 -0.110818 -0.757481 0.643383
-4.00406 18.3203 -22.4583 0.668835 0 -4.5 0 0.20513 -0.952543 0.224908
19.1481 24.3619 0.986375 1.13638 0.357578 -0.7 0 0.375159 -0.668849 0.641792
12.9254 22.7221 -10.2749 0.344477 0 -3.5 0 0.929098 0.135585 -0.344085
-2.778 20.0035 1.41675 -0.21943 -0.970293 -0.7 0 0.721882 -0.468514 0.509294
-16.369 29.877 -8.46744 0.89708 0 1.8 0 -0.83083 0.357172 -0.42679
-5.52075 36.152 -21.7332 0.367489 0 -3.18645 0 0.115132 0.559483 -0.820807
1.25238 35.9857 -20.1156 0.842114 -0.365681 -0.7 0 0.719287 0.39997 -0.568023
-8.64612 26.2224 4.871 0.517803 0 -4.5 0 -0.774376 0.597622 0.20782
20.3255 31.1115 2.088 0.690335 -0.863967 -0.8 0 0.978886 0.161843 -0.124859
-15.1654 26.2205 -6.73663 1.35789 0 -1.87019 0 -0.399871 -0.333823 0.853619
8.36712 25.4434 -17.7965 0.132791 -0.111527 -3.5 0 0.916359 -0.386494 -0.104441
-8.17881 38.6009 3.60494 1.83613 0 -3.9 0 -0.271034 0.733303 0.623544
3.63719 16.3132 11.4369 0.827843 0.0863083 -4.5 0 0.345273 -0.227232 0.910578
-17.6632 30.8128 -2.32794 1.07043 0 -3.9 0 -0.906988 0.343054 -0.244309
6.23637 12.891 0.980313 0.462134 0 3.8 0 0.722696 -0.667584 0.179004
12.6849 26.7239 13.7636 0.305947 0 4.5 0 0.169003 0.267991 0.948482
-17.6646 21.6929 -21.8009 0.295259 0 -0.9 0 -0.822244 0.454543 -0.3425
6.49669 30.1196 -15.6676 0.807779 0 -3.5 0 0.442485 0.267728 -0.855879
-1.24306 29.3084 -21.4242 -0.791004 -0.189771 -3.9 0 0.448433 -0.582766 -0.67771
19.8745 27.0456 5.72312 -0.39249 -0.393882 -0.4 0 0.449501 -0.79177 0.41358
19.616 26.85 2.018 0.510408 -0.988254 -0.7 0 0.738784 -0.160241 0.654616
2.39175 9.05612 -0.284938 1.06686 0 -3.9 0 -0.562706 -0.796474 0.221339
-10.9805 28.5629 -23.9896 0.434778 0 3.8 0 -0.957198 0.112184 -0.266809
-3.63444 27.7849 -19.505 0.216225 -0.025721 -1.02673 0 0.765095 -0.60216 -0.228108
-16.3115 16.687 -19.1597 0.384693 -0.305355 -0.9 0 -0.228595 -0.960838 0.156635
24.691 29.6935 5.30025 3.2809 0 -0.4 0 0.920396 0.389299 -0.0362964
-3.68337 35.85 -21.1299 0.354727 0 -3.70069 0 -0.253207 0.0929051 -0.962941
-8.139 22.9269 -18.5024 0.836959 0.504959 -0.9 0 -0.450401 0.598335 -0.662672
-2.16794 35.843 -24.1488 1.45947 0 -3.9 0 -0.689091 0.454784 -0.564204
6.27356 21.1889 15.4541 0.040352 0 4.5 0 -0.0977356 -0.691406 0.715825
7.10594 39.2703 -10.2273 0.120993 0 -3.2 0 0.157761 0.757104 -0.633959
-2.777 19.456 9.0245 0.0231278 0 -0.4 0 -0.52227 -0.657813 -0.542694
-0.637 40.8764 14.0962 0.455747 0 -3.93822 0 0.132133 -0.563877 0.81522
10.1765 34.9829 12.3778 0.49833 0 -1.6 0 0.0457237 -0.557212 0.82911
-19.3972 27.914 1.058 3.16579 0.153961 -3.9 0 -0.863107 -0.478275 0.162172
21.5501 22.5702 14.0081 0.125241 0 -1.3 0 0.942258 0.0276806 0.333742
-13.8694 26.3454 -3.54919 0.938037 0.656018 -3.5 0 -0.750421 -0.607109 0.26132
7.70162 21.0189 -10.1362 0.385283 -0.0338133 -4.34994 0 0.178196 -0.200656 -0.963319
-6.30225 43.553 14.0501 0.438657 0 1.9 0 -0.974453 0.220843 0.0408601
6.77069 17.8921 -7.90238 0.352451 0 -4.5 0 0.123095 -0.728913 -0.673449
1.28994 24.7361 -21.0916 -0.0386291 0.0195031 -0.4 0 0.0606924 0.698611 -0.712923
-6.78275 45.2874 -9.66 2.58017 0.392443 -3.9 0 -0.306765 0.94888 -0.0743057
-2.43725 26.1835 -18.3372 0.292027 0 -0.9 0 0.369257 0.437306 -0.820007
-2.97944 40.7766 -19.8852 -1.51107 -0.11081 -3.5 0 -0.113063 0.979218 0.168372
2.44956 42.1552 -15.6011 0.608696 0.022931 -3.5 0 0.0688975 0.866918 -0.493666
0.812813 20.9718 -19.1106 0.736401 0 -0.4 0 0.219552 -0.958513 0.181795
12.398 21.1001 10.3944 -0.389903 -0.229091 4.5 0 0.415107 -0.680137 0.604235
-5.31147 17.5771 0.431969 0.00313298 0 -0.7 0 -0.781067 -0.382872 0.493299
7.76988 20.3054 14.0043 0.269016 0 4.5 0 0.154623 -0.866652 0.474348
9.38013 38.627 -8.88256 -0.694156 -0.293483 -3.2 0 0.827497 0.540803 0.150933
-14.1189 19.7122 -11.4816 0.823844 0 -3.9 0 -0.739297 0.306684 0.599488
1.16094 25.918 -19.2912 0.458116 0 -3.5 0 -0.0190033 0.523744 -0.851664
7.188 40.2745 16.1679 0.670147 0 -3.9 0 0.157471 -0.769885 0.61845
-8.66512 32.2101 -21.6303 0.285242 0 -0.8 0 -0.8924 -0.411972 -0.184122
-9.736 38.6922 -1.68169 -0.587177 -0.863271 -3.9 0 -0.780862 0.256659 0.569544
9.85625 21.3394 3.0135 1.13616 0 0.21019 0 -0.00925997 -0.772349 -0.635131
-9.45319 37.9969 0.609375 1.20837 0 -3.9 0 -0.916569 0.365048 -0.163222
-12.6685 28.9756 1.62787 0.226273 -0.0418115 -3.9 0 0.0561862 -0.364089 0.929668
-0.50125 34.8947 16.1392 3.22354 0 -3.9 0 -0.367066 0.758252 0.53881
-9.0915 35.1625 -20.6707 -0.0706066 -0.640912 -1.08703 0 -0.843046 0.376752 -0.383838
-0.436687 42.1125 8.2775 0.86516 0 -3.9 0 0.100217 0.989274 -0.106274
8.77494 26.2416 14.6222 0.0684339 0 4.5 0 -0.0524865 -0.0314261 0.998127
-0.292 36.4593 -20.3679 0.836921 0.354862 -2.20853 0 0.41761 0.809709 -0.412278
19.666 32.5207 1.29575 -0.385757 -0.791794 -0.8 0 0.586896 0.736394 0.336567
-7.77537 38.0639 -17.5055 -0.426122 -0.526886 -3.5 0 0.0835733 0.88005 -0.467469
-6.426 43.0243 8.39587 0.432765 0 4.2 0 -0.663932 -0.0354564 -0.746952
-0.3385 46.4323 14.4467 -0.161107 -0.155885 -0.8 0 -0.639364 0.722693 0.262543
-7.017 28.8364 -19.2677 0.303153 0 -0.8 0 -0.987884 -0.152792 -0.0272042
-7.85025 31.2724 3.01662 0.486123 0 4.5 0 -0.871779 -0.196288 0.448856
1.88775 15.9004 -13.6672 1.00927 0 -4.5 0 0.76416 -0.199588 -0.613371
17.673 26.2014 3.39406 0.249961 0 -0.305622 0 0.766219 -0.642579 -0.000378287
12.6593 41.2924 4.13425 1.33768 0.123126 -3.5 0 0.537882 0.603672 -0.588441
8.39837 20.9347 1.004 0.627548 0 4.45982 0 0.701672 -0.634052 0.325016
-5.50456 42.1032 -13.5793 0.603981 0.00159492 -3.5 0 0.362126 0.931952 -0.01819
-2.67853 43.3884 0.287937 0.198415 0 4.5 0 -0.199695 0.962098 -0.185712
-5.78363 18.8019 -18.5378 0.00238647 0 -2.89044 0 0.780827 -0.621798 -0.0606364
11.2272 30.2027 -8.2625 0.3007 0 4.09067 0 0.994661 -0.00252902 -0.103161
6.48675 39.0672 6.2145 1.19457 0.750216 -3.5 0 0.332649 0.860193 -0.386539
-17.494 29.42 -7.16344 0.687207 0 1.8 0 -0.898861 0.354822 -0.257196
-10.5244 29.1231 1.44431 0.333186 0 -2.60064 0 -0.106145 0.413616 0.904243
13.8831 28.7555 12.2916 0.897384 0 -3.9 0 0.32822 0.123342 0.936514
14.3169 33.7624 8.04569 0.928252 0 -1.6 0 0.848226 0.513952 -0.127933
5.49956 30.0238 -16.7905 1.15998 0.353888 -4.5 0 0.5421 0.607806 -0.580258
-3.38706 38.8774 15.1788 1.40516 0.948654 -4.5 0 0.386288 0.0150179 0.922256
18.8859 22.3923 6.19037 1.1212 0.756529 -1.3 0 0.367646 0.168877 -0.914504
-3.35963 21.7713 -24.1008 1.10779 0.859004 -4.5 0 0.557982 0.297827 -0.774567
0.173875 31.8752 -21.7719 0.621067 0 -3.9 0 0.499479 -0.601626 -0.623351
11.5334 28.1604 13.985 0.305956 0 4.5 0 0.515016 0.0670547 0.854554
18.2159 17.7248 -5.162 2.40964 0.76251 -3.9 0 0.796076 0.158609 -0.584043
-8.16963 31.0633 -21.3643 -0.119634 0 0.186242 0 -0.897336 -0.359696 0.255749
-7.19462 28.5462 -20.4732 0.0803469 -0.683449 -0.8 0 -0.843646 -0.0696249 0.532366
1.99787 17.1591 -9.88381 0.609595 0 2.8 0 0.854138 0.109035 -0.508488
9.1655 33.7052 -18.6253 1.87948 0 -3.9 0 0.775166 -0.34258 0.530807
1.12888 41.8032 15.0872 -0.0379615 -0.550027 1.70965 0 -0.111173 -0.787572 0.606112
-10.3682 37.1953 -3.11212 0.278395 0 -2.57755 0 -0.715204 0.243367 0.655176
-18.6905 29.0514 -1.451 1.36882 0 -3.9 0 -0.575235 -0.52827 -0.624528
-3.41825 31.214 -22.6938 0.395566 -0.0807815 -2.50788 0 0.654645 -0.396215 -0.643781
1.00875 28.2645 -18.6079 0.858899 0.529715 -3.5 0 0.135525 0.265326 -0.954586
1.62363 18.1461 11.8043 0.20421 0.211905 -4.08627 0 0.0805395 -0.729701 0.679007
7.57375 36.1867 -17.5291 0.715656 0 -3.9 0 0.745013 0.640864 0.185065
-10.5651 37.7274 -6.01656 0.290505 0 -0.801715 0 -0.522786 0.845054 0.112153
2.59969 18.274 -9.58231 0.669326 0.909316 -3.92295 0 0.375228 -0.188259 -0.907614
13.2461 38.5014 3.16337 0.510042 0 2.8 0 0.852828 0.0497276 0.519819
-10.7458 29.5791 -14.5881 0.819685 0.604983 -1.76514 0 -0.927799 0.277609 -0.249244
-0.319313 26.6685 12.7374 0.354602 0 -0.8 0 0.183583 0.295583 0.937512
-4.9805 36.9691 14.5436 0.0264768 0 -4.5 0 -0.0538645 -0.790978 0.609468
3.11944 43.7526 5.137 1.62909 0 -3.9 0 0.0744132 0.995717 -0.0548639
-11.9034 36.1371 -11.2571 0.41628 0.0229766 -0.9 0 -0.771213 0.585741 -0.249276
0.8035 17.4457 10.801 0.170002 0 -4.42526 0 -0.36747 -0.830578 0.418457
-5.719 31.9947 8.63825 -0.118914 0 -3.2 0 -0.568251 -0.291266 0.769581
3.81125 39.7318 -10.844 1.22016 0 4.2 0 0.706375 0.420233 -0.569595
14.6595 30.0548 -5.69069 0.589893 0 2.8 0 0.533827 0.0954009 -0.840195
-16.6451 21.8885 -18.1873 0.223898 0 -0.9 0 0.447222 0.535182 0.71664
-6.73406 20.2722 -3.29275 1.17403 0.312209 0.720127 0 -0.506936 -0.856696 -0.0953271
-0.051 42.9618 -4.92981 -0.166086 0 -3.5 0 -0.133992 0.325569 -0.935976
13.0411 26.865 -5.89725 -0.183974 0 -1.6 0 0.37909 0.0128783 -0.92527
-5.80456 26.3839 -20.5683 0.519925 -0.637497 -0.8 0 -0.0272792 -0.541122 -0.840501
-8.83525 40.3568 -11.1423 -0.0265171 -0.188797 -2.79605 0 -0.690987 0.714507 -0.109624
15.0474 22.5807 -3.38387 0.476455 0 -1.6 0 0.93586 -0.0943869 0.339495
-6.63303 25.5527 18.1215 -0.584838 0 -3.5 0 -0.234041 0.0121202 0.972151
-1.98512 14.113 -9.57125 0.148207 0 2.8 0 0.0417951 -0.998831 0.02427
20.2069 24.9347 1.146 1.46749 0.716084 -0.7 0 0.770979 -0.494553 0.401258
-17.9683 30.1513 -3.94975 1.32927 0.171224 -3.5 0 -0.977274 -0.193514 -0.0865274
-16.2289 26.8176 -9.14544 0.536164 -0.0727808 -1.61808 0 -0.843002 0.154661 -0.515196
-6.0995 18.139 -20.574 -0.877755 -0.271636 -3.5 0 0.566359 -0.814571 -0.125346
4.50375 17.2353 10.7644 1.10881 0 -4.5 0 0.496565 -0.317328 0.807914
2.75075 16.1513 2.70094 -0.275308 0 -3.5 0 -0.700164 -0.711833 -0.0553494
12.372 24.2041 -12.4155 -0.644521 -0.317422 -3.5 0 0.462387 -0.563086 -0.684932
-5.30037 42.298 1.39525 0.369488 0 4.5 0 -0.74924 0.581281 -0.317415
3.90175 33.2726 12.8387 -0.454921 -0.00637966 -1.3 0 0.82363 0.509915 0.248235
18.2414 24.8895 11.5983 0.444809 0 -1.3 0 0.0345701 0.986503 0.16005
1.13787 15.294 0.6785 -0.0517054 0 -3.81027 0 -0.175948 -0.458662 0.871018
14.4417 21.4445 -2.69213 0.630256 -0.167816 -2.10983 0 0.661391 -0.0501134 0.748365
4.05688 44.3342 16.8523 0.648532 0 -3.9 0 0.394385 0.206392 0.895468
-5.80494 36.0114 10.2233 -0.578376 0 -1.6 0 -0.918804 -0.381168 0.102523
2.33463 12.9086 -6.81112 0.608165 0 -3.5 0 0.196064 -0.979261 -0.0510515
-15.4404 33.7859 -8.18625 -0.395816 -0.832944 -3.5 0 -0.850801 0.336511 -0.403606
-5.46588 19.0352 11.5128 0.107208 0 4.2 0 -0.387316 -0.792257 -0.471503
0.326187 39.5211 -17.7356 0.540092 0 -3.5 0 0.325245 0.62665 -0.708184
15.0264 33.0367 6.76613 0.796978 0 -0.7 0 0.665762 0.733397 0.137439
1.49619 46.1656 -2.84897 -0.542669 0 -3.5 0 0.216571 0.975315 -0.0431038
15.2642 19.3713 8.91069 0.379215 0.626323 -3.7735 0 0.205743 -0.289032 0.934949
0.8565 41.9973 8.71569 1.1592 0.415984 -1.42635 0 -0.44748 0.822767 -0.350452
11.4236 19.8787 10.2609 -0.0879392 -0.47099 2.51389 0 0.431268 -0.331427 0.839145
-0.9185 20.2971 -17.9239 0.562124 0.240588 4.2 0 0.400619 -0.90623 -0.135098
17.5499 25.9234 9.21919 -0.156545 -0.196248 -3.5 0 0.438233 0.752387 0.491798
-9.94462 36.4705 -19.5491 -0.298924 -0.0768988 -3.5 0 -0.504776 0.349075 -0.789524
-6.75819 41.0904 3.15481 0.444249 0 4.5 0 -0.849631 0.368254 0.377513
-9.39231 30.9357 0.803875 -0.343233 -0.0340099 3.01323 0 -0.395087 -0.0547562 0.91701
12.1869 17.1485 9.93575 0.558015 0 -3.9 0 0.326034 -0.24159 0.913967
17.6912 31.1283 -1.61531 -0.119754 -0.471693 -0.8 0 0.329475 0.355452 -0.8747
15.6404 23.9948 4.03988 0.740979 0 2.5 0 0.299027 -0.82915 -0.472327
2.31569 45.3121 -10.7674 0.236725 0 -0.7 0 0.386567 0.921882 -0.0264315
4.24431 32.8793 10.5218 0.42998 0 1.1964 0 0.6325 0.510437 0.582579
9.26975 39.6855 -4.786 0.00834852 -0.829482 -3.9 0 0.353122 0.890094 -0.288163
-8.95494 17.6501 -22.2878 -0.636418 -0.20818 -0.9 0 0.586251 -0.371499 -0.719929
4.49613 17.3252 -8.66969 0.725178 -0.233191 -3.78841 0 0.549653 -0.484092 -0.680835
-17.22 27.3258 -6.8445 0.719159 0 1.8 0 -0.860156 -0.364581 0.356668
9.62819 15.9663 -7.55237 -0.313708 -0.0640771 -0.4 0 -0.0174896 -0.82611 -0.563237
13.2308 36.5597 9.33988 0.669189 0 -1.6 0 0.874192 0.484361 -0.0343872
15.8416 36.2781 -2.88706 1.41732 0.873285 -3.9 0 0.874112 0.38263 -0.299203
-7.75325 44.0976 -9.16463 3.12636 0 -3.9 0 -0.866993 0.414151 0.277132
4.1825 9.00988 0.856125 2.79394 0.593193 -3.9 0 -0.0753832 -0.846513 0.527004
-13.7426 30.7693 2.2685 0.592517 0 -3.9 0 0.105987 -0.0289396 0.993946
7.82394 14.7119 6.73431 0.280416 0 3.8 0 0.471158 -0.823036 0.317208
-12.6792 19.9356 -11.14 0.737365 0 -3.9 0 -0.547163 0.0199952 0.836787
-5.32819 18.9715 -2.48237 0.690727 0 -0.7 0 -0.618836 -0.696624 -0.362984
-4.9875 18.5345 0.952 -0.665115 -0.0510794 -0.7 0 -0.507435 -0.325147 0.797991
5.37719 40.8254 -9.60725 0.471168 0 4.2 0 0.136629 0.778399 -0.612721
12.4666 20.3743 -1.38 0.0345357 0 3.8 0 0.445049 -0.466786 0.764227
13.1729 33.9475 2.0525 0.553088 0 1.8 0 0.942887 -0.194081 -0.270735
-9.36012 37.9854 -18.8771 -0.931539 -0.087922 -3.5 0 -0.214626 0.735813 -0.642273
3.27944 43.4164 -1.45744 0.545995 0.0807207 -3.5 0 0.760753 0.242129 0.602186
15.6716 22.6001 -5.13287 0.629375 0 -3.35508 0 0.978543 0.178822 -0.102358
12.0884 36.2848 -5.94163 0.883863 0 -3.9 0 0.42208 0.414509 -0.806245
-5.61775 43.9663 17.9971 0.460606 0 1.9 0 -0.638554 -0.728577 0.24784
4.22075 13.2426 3.85875 0.283432 0 3.8 0 -0.464226 -0.885202 0.0301948
-7.25787 40.1626 1.76269 0.619941 0 -1.28205 0 -0.653172 0.74826 0.116079
9.54562 29.5632 14.4081 0.314433 0 4.5 0 -0.239981 0.447236 0.86162
19.4151 20.3821 12.8146 -0.00350691 0 -1.3 0 -0.0882937 -0.949928 0.299735
10.9564 36.5431 -10.287 0.705393 0 -3.2 0 0.844107 0.51264 0.157112
-6.15125 28.065 12.9757 0.32232 -0.753976 -0.9 0 -0.941827 0.298915 0.153662
13.6926 38.4762 7.29347 -0.905424 0 -3.5 0 0.786587 -0.596973 0.157811
2.18325 43.1979 -0.420312 0.568959 0.0102374 -3.37461 0 0.475019 0.412799 0.777145
-8.01794 30.8361 -25.564 0.847511 0 3.8 0 -0.52432 -0.0304898 -0.850976
5.52419 38.9909 -10.6987 0.927003 0 4.2 0 0.219066 0.733212 -0.643747
-3.16775 45.0419 8.70794 0.509083 0 4.2 0 0.603896 0.620162 -0.500709
-9.80681 27.7583 -25.185 0.419017 0 3.8 0 -0.806503 -0.116042 -0.57973
9.12856 17.2921 -9.02588 0.405564 0 -0.4 0 -0.483848 -0.418686 -0.768501
15.0513 18.9999 -7.02913 0.747466 0 -3.54423 0 0.63856 -0.676755 -0.366393
20.2339 24.9696 12.4514 0.363984 0 -1.3 0 0.347349 0.930782 0.113988
-12.9185 36.1076 -2.05325 0.581124 0 -3.5 0 0.159552 0.950626 -0.266183
-12.9775 22.6746 -1.82212 -1.09161 -0.132111 -0.8 0 -0.915915 -0.200324 0.347806
-6.76106 39.8984 12.9994 0.152242 -0.0379592 -3.83796 0 -0.967001 0.247667 0.0597489
3.60325 38.2757 12.8997 -0.871495 -0.0182602 -4.5 0 0.435645 -0.567716 0.698507
6.26844 40.2407 -3.44544 -0.0398533 -0.127438 -3.5 0 0.193764 0.944472 -0.265383
-6.724 34.659 5.637 0.483677 0.0980445 -3.2 0 -0.885205 -0.0339948 0.463957
2.33919 44.1048 7.09788 0.866397 0 2.89994 0 -0.70499 0.612052 -0.358303
1.06656 16.416 9.60812 0.0654439 0 -4.5 0 -0.829447 -0.454554 0.324651
5.27588 28.0384 -19.0566 0.583314 0 -3.5 0 -0.641387 0.651911 -0.404517
5.6005 32.95 -18.992 1.05796 0 -3.9 0 -0.0929545 -0.928684 -0.359035
12.2004 23.7588 -6.87025 0.690612 0.376736 -3.5 0 0.938447 0.278612 -0.204186
-11.3142 35.4351 -1.96381 0.407919 0 -3.5 0 -0.100451 0.982912 0.154254
-6.135 28.072 15.43 -0.262151 -0 -3.5 0 -0.150504 0.976866 -0.151927
1.48044 22.0949 16.6928 0.396187 0 -3.5 0 -0.175124 0.787676 0.590676
-10.1508 35.6665 3.28025 3.69592 0 -3.9 0 -0.765962 -0.382331 0.516842
-11.2385 13.7789 -12.8772 0.516291 0 -1.3 0 -0.123109 -0.681525 0.721365
2.98525 8.83356 -1.3855 1.37141 0 -3.9 0 -0.316774 -0.924538 -0.211856
6.78369 40.6317 -0.301062 -0.573591 -0.738069 -3.5 0 0.230671 0.748372 0.621877
-2.76256 18.1599 -4.59775 -0.214357 -0.172452 4.5 0 -0.607329 -0.791047 0.0734662
-8.761 36.7652 -19.9984 -2.19593 -0.40939 -3.11325 0 -0.276951 0.647474 -0.709983
7.57906 40.0062 -8.74944 0.334016 0 4.2 0 0.581578 0.799439 -0.150547
19.7712 24.0028 15.0538 -0.23196 0 -1.3 0 0.385252 0.769887 0.508777
14.0191 17.7973 5.44362 2.27122 0.00524028 -3.9 0 0.3817 -0.440791 -0.812409
14.924 17.5265 -1.57562 0.701543 0 -3.9 0 0.102356 -0.447789 0.888261
-5.762 21.3824 2.21681 0.201695 -0.0852512 -0.880235 0 -0.13018 -0.875971 0.464465
23.112 27.7325 4.35525 3.66587 0 -0.4 0 0.230033 -0.802332 -0.55077
1.27231 29.9329 14.5193 0.687893 0 -3.9 0 0.355833 -0.837841 0.414012
-10.0337 30.8627 -17.1388 1.32561 0 1.9 0 -0.923261 -0.19118 -0.333226
2.21287 44.7129 9.99544 0.652444 0 3.8 0 -0.460053 0.872442 0.164911
10.7553 33.6983 -13.1559 -0.240409 0 -3.2 0 0.472367 0.46351 -0.749685
-7.01737 44.1455 -11.3628 3.54719 0.449143 -3.9 0 -0.625155 0.493255 -0.604881
-10.4404 28.9342 -11.0068 0.110576 -0.648344 1.8 0 -0.840852 0.371891 -0.393274
2.60637 29.6772 -17.3155 0.894289 0 -4.5 0 0.172411 0.324165 -0.930157
7.81962 20.9789 15.4944 0.133122 0 4.5 0 0.411849 -0.530661 0.740796
-19.2952 29.2307 2.04212 3.38755 0.19208 -3.9 0 -0.692628 -0.0236896 0.720906
3.0755 42.3789 -10.7146 -0.13484 -0.145344 -0.7 0 0.894649 0.222717 0.387299
-4.722 42.7345 4.35331 0.335458 0 4.5 0 -0.459899 0.623792 0.631963
1.99863 45.7799 17.2949 0.330283 0 -0.8 0 -0.256197 0.214023 0.942633
-17.5379 21.9443 -24.5271 0.365517 0 -0.9 0 -0.644084 0.429855 -0.632756
-5.26762 32.2869 12.7161 0.650674 0 -1.6 0 -0.901931 -0.189755 0.38796
2.83225 41.7381 16.7304 -0.595397 -0.584927 -3.9 0 -0.165571 -0.668836 0.724738
-0.085 18.761 3.21875 -0.455368 0 -3.5 0 -0.689563 -0.533948 -0.489288
-8.38863 39.6651 0.0365 0.669668 0 -3.9 0 -0.625131 0.767561 0.141639
-3.43319 14.7532 -11.8559 -0.319439 -0.00979099 -3.5 0 -0.0271446 -0.86501 -0.501019
-17.7311 17.3447 -17.7006 0.473294 0 -0.9 0 0.323303 -0.676338 0.661848
2.46988 44.4376 -9.74156 0.148709 0 -0.7 0 0.697241 0.406935 0.590135
3.73375 11.7529 1.76575 2.14968 0.376386 -3.9 0 -0.303279 -0.0562465 0.95124
-1.74662 19.1973 -15.4592 0.662519 0.0012423 -4.5 0 0.136749 -0.793794 -0.592613
-6.48806 14.5667 -9.31519 -1.88331 -0.305652 -3.5 0 -0.367114 -0.897054 0.246012
19.3994 27.0599 -0.608125 -0.506707 -0.794474 -0.7 0 0.82848 0.317651 -0.461215
-7.868 23.1583 12.383 -1.37587 -0.060976 4.2 0 -0.990336 0.03894 -0.133108
7.5945 24.3056 -14.9035 0.247023 0 -1.1318 0 0.742127 -0.663715 0.0934299
2.68869 22.7195 -12.3159 -0.416669 -0.398285 -4.5 0 0.27837 -0.870646 -0.405568
-16.1998 25.8417 -7.15363 0.950332 0 -3.9 0 -0.534703 -0.225679 0.814347
-12.3536 25.2398 -2.19475 0.657399 0 -0.8 0 -0.925666 -0.12171 0.358232
1.64381 43.3888 -9.03588 0.05516 0 -0.7 0 -0.0254429 0.362593 0.9316
-5.481 17.1432 -7.84194 -0.0335409 -0.0969958 -1.90589 0 -0.281081 -0.411558 0.866957
-17.3985 27.7011 -7.9825 0.633662 0 1.8 0 -0.917371 -0.0806648 -0.389774
7.05662 36.7918 -16.3035 0.699288 0 -2.4017 0 0.657654 0.600984 -0.454213
-5.38506 41.1749 -0.985812 0.105862 -0.950482 -0.621225 0 -0.559803 0.815751 0.145499
-14.8141 15.533 -21.5366 -0.624075 -0.404431 -0.9 0 -0.41284 -0.865883 -0.282507
-13.6594 13.9856 -11.0756 2.86538 0.552171 -3.9 0 0.163009 -0.644362 0.747145
-12.6694 13.2181 -14.2918 0.75692 0 -1.3 0 -0.606926 -0.780865 0.147956
-0.41725 26.9741 -18.5531 -0.784784 -0.48323 -3.5 0 -0.23364 0.205478 -0.950364
14.4032 31.5476 1.48763 0.747482 -0.591807 -0.738659 0 0.255266 0.87684 -0.40742
-8.10725 40.6582 -1.46337 0.563945 0 -3.30919 0 -0.483051 0.682834 0.548088
7.77475 31.725 11.5992 0.522079 -0.417759 1.46389 0 -0.355731 0.251593 0.900087
-4.48187 31.3729 11.1001 0.569976 0 -1.6 0 -0.884363 -0.0594186 -0.463003
-5.04094 23.7769 -19.6972 0.0574587 0 -2.58783 0 -0.357654 0.039956 -0.932999
-6.80344 28.1073 6.22325 0.778543 0.961097 -3.27239 0 -0.923013 0.283747 0.259876
-5.23244 17.5571 12.8281 0.17324 0 4.2 0 -0.048203 -0.914153 -0.402494
20.8507 31.6093 4.23925 1.79887 0.0759822 1.7697 0 0.113227 0.94875 -0.295047
-17.4503 31.1246 1.92831 1.35728 0 -3.9 0 -0.417997 0.361251 0.833532
6.0525 37.4425 -16.0185 1.24023 0 -0.4 0 0.325311 0.588113 -0.74047
6.94637 19.3477 11.834 0.55692 0.0126944 4.5 0 -0.159616 -0.797613 0.581667
-7.97813 42.6163 -5.903 0.504755 0 -0.7 0 -0.27376 0.82654 -0.49182
12.884 22.4825 0.584312 0.708379 0 3.8 0 0.716229 -0.683223 0.142207
-15.1578 16.0193 -19.113 -0.726056 -0.166424 -0.9 0 -0.334548 -0.745286 0.576738
-2.6925 43.0088 7.87838 0.407722 0 1.65733 0 0.400609 0.692841 -0.599569
7.02419 24.4508 15.8118 -1.2657 -0.0072874 -2.3051 0 0.783126 -0.0317286 0.621053
-13.4476 25.9093 -13.5625 2.87467 0 -3.9 0 -0.908348 -0.398306 0.1275
-2.07444 20.9221 1.5575 0.0619888 0 -3.5 0 0.465113 -0.88316 0.0608178
-0.396937 29.2124 14.0486 0.474168 0 -3.9 0 0.407374 -0.873131 0.267748
-3.90188 18.8896 -5.16113 0.541313 -0.0764425 1.05814 0 -0.33778 -0.848691 0.406974
-3.38075 19.9315 5.07375 -2.15441 -0.903598 -3.5 0 -0.537609 -0.774935 0.332344
-0.678563 18.7337 4.15356 -0.400583 0 -3.0866 0 -0.564908 -0.711394 -0.418088
-4.29763 17.1621 -13.5079 0.403104 -0.0869311 -2.25485 0 -0.0171163 -0.572604 -0.819654
-9.30475 32.3189 -20.1226 0.202249 0 -0.8 0 -0.768672 -0.629348 -0.114305
-11.9195 30.504 -10.048 -0.386402 -0.0155386 -3.5 0 -0.327074 -0.550107 -0.768378
12.8601 39.9182 2.84206 0.603566 0.536694 -3.14506 0 0.70795 0.696942 0.114364
0.0193125 46.0258 12.6061 -0.128152 -0.857685 -0.8 0 -0.194905 0.694719 -0.692371
17.3908 31.8167 4.94838 0.688336 0 2.5 0 0.177409 0.981898 0.0663453
-0.607063 43.5454 9.88194 1.51192 0.424088 -0.8 0 0.112475 0.715444 -0.689558
10.0573 41.2756 5.53862 1.37937 0.396731 -3.5 0 -0.667382 0.687764 -0.285626
-15.4121 31.9739 -9.18625 1.47786 0.603857 -3.5 0 -0.809462 -0.0626077 -0.583825
-7.47981 20.0718 16.0856 0.210447 0 4.2 0 -0.575494 -0.120069 0.808944
-18.4783 23.2927 -19.5123 1.27218 0.14732 -0.9 0 -0.163464 0.91667 -0.364686
11.9 39.9185 9.13962 0.822058 0 -3.5 0 0.683657 0.102113 0.722624
-11.8204 24.5968 -0.256875 0.42276 0 -0.8 0 -0.88315 -0.167829 0.438042
15.504 21.65 -7.759 0.867884 0.169225 -3.5 0 0.778566 0.48656 -0.396351
-11.7029 14.8311 -18.8025 0.906904 0.0181061 -0.4 0 -0.551137 -0.83414 0.0214131
18.5041 32.0711 2.99344 0.672488 0.0269191 1.341 0 0.32103 0.879547 0.351193
-9.62919 34.7 -24.3676 0.178508 0 -0.8 0 -0.990617 0.113835 0.0756233
-0.878375 15.4742 -15.0944 -0.177163 0 -4.5 0 0.211915 -0.249998 -0.944771
-13.0097 23.9251 -14.6019 1.15344 0 -3.9 0 -0.975689 0.0303999 -0.217042
11.8457 33.249 11.1313 0.994029 0 -1.6 0 0.122421 -0.251228 0.960155
-5.19838 38.0749 15.7598 0.598539 0 -4.5 0 0.109134 -0.331102 0.937263
-13.2957 16.8204 -15.0114 0.918903 0 -3.17058 0 -0.770002 -0.131271 -0.624392
-4.46675 29.8599 10.0591 0.873203 0 -0.9 0 -0.828564 0.559006 0.0315164
-7.32094 33.5504 5.44637 0.483826 0 -3.2 0 -0.929352 0.337667 0.149281
19.4675 22.8629 16.8024 -2.40133 -0.38817 -1.3 0 0.422693 0.413387 0.806499
-21.4713 21.6572 -17.3397 0.536994 0 -0.9 0 -0.795477 0.591424 -0.132038
5.80375 42.5178 4.27556 3.49665 0.822571 -3.9 0 0.821747 0.514741 -0.244486
-13.962 23.4788 -4.92025 0.773859 0 -0.8 0 -0.912873 -0.122292 0.389497
-10.8395 37.0923 -18.6424 0.470327 0 -3.5 0 -0.695758 0.392842 -0.601328
3.60713 14.2793 2.464 0.253033 0 3.8 0 -0.914986 -0.39523 0.0811999
8.79956 14.224 -2.09169 -0.210812 0 -3.76193 0 0.77199 -0.12513 0.623197
-1.0025 13.5212 -2.86525 0.266296 0 -3.9 0 -0.89968 -0.313786 -0.303504
13.2536 27.6698 13.2284 0.407551 0 4.5 0 0.454783 0.362449 0.813513
-3.18744 45.2142 18.3213 0.467453 0 1.9 0 0.903035 -0.0246138 0.428861
7.98756 17.195 -7.18113 0.481055 0 -0.4 0 -0.40993 -0.646491 -0.643434
-9.94637 12.6417 -13.3607 0.647264 0 -1.3 0 0.137094 -0.947286 0.289576
18.0308 19.7662 6.84175 -1.25529 -0.715845 -3.5 0 0.71842 -0.650193 -0.247227
24.5589 28.6385 4.23675 3.12552 0 -0.4 0 0.804003 -0.372941 -0.463134
-14.356 13.5215 -12.362 2.49785 0 -3.9 0 -0.330532 -0.932937 0.142751
16.3636 21.3625 -6.44956 1.85791 0.66594 -3.5 0 0.948289 0.254565 -0.189589
8.82481 14.4015 2.89387 0.331165 0 3.8 0 0.952339 -0.258458 -0.162016
1.212 40.5111 -17.1127 0.642669 0 -3.5 0 -0.289659 0.500967 -0.815555
-10.2627 32.2105 -15.4602 0.722211 0 -0.8 0 -0.927672 -0.163216 -0.335835
-8.96 15.3473 -11.6507 0.246389 0 -1.3 0 -0.110539 -0.703657 0.701889
-10.9454 16.4286 -9.78181 0.453539 0 -2.43852 0 -0.448177 -0.706355 0.547904
-8.13419 26.7119 6.18469 0.943858 0 -4.5 0 -0.687865 0.657787 0.306852
12.2205 17.8175 -1.54025 0.536915 0 -3.9 0 0.0170496 -0.202558 0.979122
-15.132 24.0368 -10.9025 0.899598 0 -3.9 0 -0.360362 0.184015 -0.914482
-11.2568 25.0576 1.09669 0.369235 0 -0.894732 0 -0.913553 -0.317371 0.254355
15.064 21.1518 11.1897 0.0943097 0 4.5 0 -0.367954 -0.92823 0.054768
-7.59669 41.4661 -11.1279 0.941065 0 -3.8442 0 -0.843931 0.486299 -0.226482
0.355437 37.9297 -18.2998 0.901476 0.467125 -0.7 0 0.432808 0.492152 -0.75529
-3.67781 45.1558 13.8055 1.1771 0 1.9 0 -0.0780918 0.955397 -0.284812
5.62838 39.8765 5.7205 1.8285 0 -3.9 0 0.927833 0.369141 0.0534762
-3.95619 36.4087 13.4457 0.773195 0 -1.93799 0 0.117976 -0.547772 0.828268
6.63387 34.4128 -21.4263 2.71032 0 -3.9 0 -0.412706 -0.215407 -0.885027
4.0925 14.14 -6.8 1.19543 0.553772 -3.5 0 0.671706 -0.64621 -0.36225
14.3848 25.7169 14.475 0.310328 0 4.5 0 0.166259 0.682002 0.712202
1.31862 35.0816 16.0372 3.57895 0.454886 -3.9 0 0.57682 0.760095 0.299223
-9.93931 37.0002 1.05706 2.11244 0.206803 -3.9 0 -0.78818 0.546383 -0.283261
4.02881 42.5472 17.0562 0.464771 -0.0709622 -3.9 0 0.00485001 -0.163096 0.986598
11.0278 19.5161 3.42906 3.02699 0 -3.9 0 -0.353754 -0.444466 -0.822987
-3.27125 14.4179 -8.62475 0.0992419 0 2.8 0 -0.150553 -0.972642 0.176921
14.036 31.582 -5.399 0.440968 0 2.8 0 0.665696 0.194748 -0.720363
-13.0099 36.6431 -8.649 0.645345 0.0818355 -0.9 0 -0.745047 0.624395 -0.234598
11.7957 29.318 -9.5845 0.107214 0 3.8 0 0.925033 0.264728 0.272456
-6.62038 34.6418 7.57281 0.0496128 0.4391 -3.2 0 -0.933274 0.0302763 0.357886
2.927 45.6229 -3.5635 0.0643041 0 -3.5 0 0.595975 0.715212 -0.365082
0.976875 32.7295 -21.9177 0.736027 0 -3.9 0 0.871863 -0.45246 -0.187445
-4.644 42.1986 -1.9325 -0.350323 -0.545032 -0.8 0 -0.458943 0.881922 0.107631
16.82 33.6725 0.8755 0.612494 0 -0.8 0 -0.402918 0.912607 0.0693288
-17.0028 27.8298 0.556188 3.37515 0 -3.9 0 0.316571 -0.947791 -0.0384134
-14.2597 18.621 -25.3333 -0.324959 0 -0.9 0 0.307559 0.184019 -0.933565
-1.54925 19.2146 16.0272 0.539976 0 -3.5 0 -0.576177 -0.504716 0.64287
-7.706 22.654 -23.008 0.0800005 0 -4.5 0 -0.227619 0.795596 0.561442
-14.2405 21.3064 -8.84153 1.58517 0 -3.9 0 0.468432 -0.854286 0.225314
9.84725 36.9981 -9.34625 1.13203 0 -3.2 0 0.875224 0.325927 0.357428
-7.37413 26.4901 -17.0914 0.626913 0 -2.96248 0 -0.764499 0.221561 -0.605352
-6.54725 45.8794 17.4666 -0.109063 0 1.9 0 -0.981809 -0.0188435 -0.188934
11.2648 16.1303 7.22306 0.942886 0 -3.9 0 -0.174133 -0.896351 -0.407717
3.32944 40.0047 -12.5194 1.18627 0.920096 -0.7 0 0.945902 0.0619832 0.318476
9.46037 28.874 -15.674 0.67344 0 -3.5 0 0.108775 0.421298 -0.900376
7.093 32.4495 -16.318 0.717547 0 -3.9 0 0.748762 -0.544031 -0.378663
14.1376 33.5847 3.00556 0.389043 0 -0.7 0 0.828047 0.330166 -0.453133
11.9443 38.6577 9.37506 0.753374 0 -2.90045 0 0.785519 0.355779 0.506341
-6.5075 24.7705 -24.2785 0.54134 0.784558 -4.5 0 0.435136 0.863274 0.255761
3.94988 40.4766 14.2559 0.762753 0 -0.262286 0 -0.0233966 -0.916358 0.399676
-10.8585 29.1173 -13.4818 0.743433 0 -3.9 0 -0.788027 0.433222 0.437415
16.0903 33.3865 -1.6265 0.933756 0.333186 -3.9 0 0.960722 0.189324 0.202902
-19.945 22.1357 -18.8581 0.0922569 0 -0.9 0 -0.676279 0.536358 -0.504942
-3.27731 18.5913 1.21406 -0.867695 -0.189099 -0.7 0 0.289255 -0.313152 0.904581
-12.3177 27.9565 -10.2922 -0.363014 -0.141859 -1.56339 0 -0.230699 0.823325 -0.518569
11.3264 31.3801 -8.16294 0.441769 0 4.5 0 0.92132 -0.236701 -0.308451
-8.84219 19.3956 -5.74606 0.567857 0 2.8 0 -0.025859 -0.344503 0.938429
-2.37119 16.3056 -5.98138 0.385659 0 2.8 0 -0.520833 -0.547118 0.655283
-5.67884 34.5065 10.8583 0.462463 0 -1.6 0 -0.987244 -0.158822 0.0112036
-11.9541 20.1068 -10.1761 0.249632 0 1.31921 0 -0.700798 -0.348024 0.622705
6.59156 32.9398 -20.3912 1.59987 0 -3.9 0 -0.408819 -0.824053 -0.392178
-2.14894 44.3788 9.98337 0.74793 0 4.02797 0 0.534768 0.727504 -0.429838
5.04891 45.2577 15.8524 1.03081 0 -3.9 0 0.64044 0.478631 0.600624
16.0748 30.3193 -2.82053 0.382286 0 2.66199 0 0.703422 0.485596 -0.519032
-19.4252 29.2061 0.0118125 2.91901 0 -3.9 0 -0.975594 -0.0389042 -0.216109
-9.24819 40.749 -5.67431 0.672514 0 -0.7 0 -0.927808 0.192332 -0.319658
9.62294 42.5759 11.6273 3.15855 0.0267523 -3.9 0 0.803702 0.57078 -0.168146
-14.8321 20.784 -24.8517 -0.174145 0 -0.9 0 0.359123 0.346722 -0.866496
5.322 36.9921 -17.0704 1.61669 0 -3.9 0 0.305341 0.866135 -0.395698
6.37706 23.4282 -13.8243 0.353312 0 1.8 0 0.632198 -0.742083 0.222797
-17.0927 23.6239 -7.16488 1.31123 0 -3.9 0 -0.632572 0.204104 0.747124
14.8408 24.2936 1.01831 0.390266 0 3.8 0 0.577508 -0.80175 0.153885
15.0481 27.8823 11.9593 0.856077 0 4.10786 0 0.624827 -0.262331 0.735373
10.0331 15.7725 8.44963 0.381879 0 -3.9 0 0.0324853 -0.997861 0.0567284
-8.86275 34.3285 -28.0269 1.55035 0.916251 -0.8 0 -0.576247 0.263971 -0.773472
-8.22822 24.5812 -17.672 0.760618 0 -0.9 0 -0.620052 0.380058 -0.686361
-0.814125 43.618 -10.5312 0.274195 0 -0.7 0 -0.678455 0.613884 0.40354
-12.8595 21.2152 -9.30544 -0.3801 -0.0937356 2.8 0 -0.386074 -0.883395 0.26563
-15.3045 20.0605 -9.861 2.01771 0.85089 -3.9 0 0.367505 -0.764785 -0.529192
-14.1622 18.335 -10.8538 0.844526 0 -3.9 0 -0.829176 0.305052 0.468413
12.1005 24.9265 14.211 0.19766 0 4.5 0 -0.363384 0.194587 0.911092
-2.66706 19.3529 -22.9666 1.33184 0 -4.5 0 0.529453 -0.760412 -0.376103
10.4468 31.5776 -13.9712 -0.792974 0 -3.2 0 0.481513 0.285211 -0.828734
-12.3702 36.2388 -13.2944 -0.664152 -0.874181 -3.5 0 -0.86076 0.506749 0.0479283
7.1425 19.792 -9.6905 1.17483 0 -4.5 0 0.287723 -0.617319 -0.73221
-4.181 23.802 -20.671 -1.02515 -0.209889 -4.5 0 -0.63432 0.610577 -0.474166
3.82734 41.7879 -4.81203 -0.158399 0 -3.5 0 0.764059 0.552475 -0.333143
-2.0015 22.234 15.8798 0.624869 0 -3.5 0 -0.0593911 0.606605 0.792782
-1.85084 14.7532 -11.8469 0.314085 0 -4.5 0 -0.0627672 -0.997773 -0.0225648
16.7658 29.2591 11.7032 1.52423 0 -3.9 0 0.727217 -0.308738 0.613055
-0.499281 15.3695 -4.95134 -0.191899 0 -3.5 0 -0.844245 -0.534433 0.0403816
4.96591 41.3277 3.25766 3.59878 0 -3.9 0 0.603981 0.334273 -0.723511
7.91687 33.8853 -22.3703 2.9452 0 -3.9 0 -0.255983 -0.166031 -0.952316
-1.08856 39.8812 -20.2152 -1.16411 -0.189421 -3.5 0 0.785858 0.46738 -0.404949
-18.7413 30.9479 -0.232656 1.76101 0 -3.9 0 -0.829847 0.535865 -0.155576
-10.0657 33.09 -17.5152 0.669416 0 -3.5 0 -0.865088 -0.448669 -0.224318
-5.13669 17.7958 -1.64844 0.232373 0 -0.7 0 -0.662588 -0.504454 -0.553628
-6.98744 19.6261 -24.4088 1.0667 0 -4.5 0 -0.180903 -0.714866 -0.675456
13.3833 32.7237 1.73675 0.721343 -0.828424 -0.7 0 0.812365 0.478289 -0.33362
-4.02559 43.342 1.088 0.306895 0 4.5 0 -0.377058 0.883544 -0.277807
9.36494 18.5907 4.06431 -0.467651 -0.728187 3.8 0 0.350323 -0.434876 -0.829552
5.23578 39.9732 2.64497 1.20668 0 2.8 0 0.642365 0.666441 -0.378449
8.15169 39.5436 0.644281 1.14148 0 2.8 0 -0.113047 0.934189 0.338396
-5.61731 34.8872 -23.3113 0.895488 0 -0.8 0 0.513878 0.855116 -0.0685953
0.853375 37.1997 -24.0629 3.34292 0.185983 -3.9 0 0.412297 0.910963 -0.0125483
-5.71406 20.2197 9.3615 -1.48785 -0.283522 -0.4 0 -0.577429 -0.540594 -0.611828
-1.68488 21.6833 -23.5084 0.640404 0 -4.5 0 0.393428 0.194739 -0.898494
16.4597 28.8857 -4.31388 0.549061 0 -1.6 0 0.718505 0.454726 -0.526285
16.3852 31.2869 11.3975 2.88874 0 -3.9 0 0.367022 0.519696 0.771499
7.62397 33.0046 -17.5867 0.785396 0 -3.9 0 0.543009 -0.749029 0.3796
2.10478 15.4389 -11.7218 0.744914 0.0515405 -4.5 0 0.882255 -0.267331 -0.387504
5.09628 30.6305 11.8424 0.425947 0.111915 -0.376262 0 0.414516 0.517421 0.748634
-5.34384 20.2819 15.7584 0.449169 0 4.2 0 0.24522 -0.0623712 0.967459
6.06075 16.568 -6.41025 0.583479 0 -4.14778 0 0.23308 -0.598005 -0.766853
-9.55287 21.8829 -19.5401 0.360763 0 -1.20211 0 0.029796 0.891164 -0.452702
12.8632 26.9369 -13.3558 -0.371516 -0.660091 -3.5 0 0.827689 0.103143 -0.551627
-13.6224 30.1782 -9.59678 0.99264 0 -1.07398 0 -0.132607 -0.107514 -0.98532
-15.3608 28.3289 -0.181063 1.25378 0 -3.9 0 -0.0174355 -0.997038 0.0749125
-6.09406 23.2346 17.3251 0.0625752 0 -3.5 0 -0.225945 -0.689773 0.687868
-1.80675 30.7932 15.7157 0.678756 0 -3.9 0 -0.59093 -0.469021 0.65637
11.5951 31.3722 11.3722 0.709045 0 -1.6 0 0.184517 0.517967 0.835262
-1.04044 20.3686 17.4685 0.461494 0 -3.5 0 -0.710555 -0.0665226 0.70049
-21.869 20.3764 -15.9965 0.641259 0 -0.9 0 -0.710025 0.277589 0.647155
9.29887 20.996 -10.6525 -1.77386 -0.628201 -3.5 0 -0.356843 -0.438978 -0.824598
6.89678 38.0082 12.0671 1.46698 0 -1.6 0 -0.840341 -0.32325 0.435128
0.592781 13.8085 -4.86009 1.04809 0 -3.8404 0 -0.61449 -0.67754 -0.404156
8.17222 12.7968 -1.125 -1.6275 0 -3.5 0 0.461443 0.173911 0.869957
-6.86609 26.4349 7.40812 0.560335 0 -1.70054 0 -0.708142 0.55184 0.440462
2.73275 44.4818 11.9355 0.899174 0 3.8 0 0.181284 0.951821 -0.247332
1.61238 14.8284 7.11188 0.49699 0 -4.5 0 -0.67279 -0.697867 -0.245634
4.77887 48.6849 14.0433 2.00556 0.825395 -0.8 0 0.322168 0.878509 -0.352747
-10.0703 34.9797 2.46088 1.97023 0.0118536 -3.9 0 -0.487357 -0.334876 0.806437
8.90862 37.5285 -13.3142 1.33734 0.370644 -3.2 0 0.725592 0.558912 -0.401416
-0.569438 19.8766 -21.7725 0.940636 0.469849 -4.5 0 0.391183 -0.901533 -0.18497
13.0724 16.458 -2.81534 0.569994 0 -3.9 0 0.147026 -0.80697 0.571998
12.9665 29.015 -5.82037 0.190626 0 1.05399 0 0.452743 -0.139292 -0.880694
4.29038 46.0779 16.5925 0.259363 0 -0.8 0 0.468168 -0.0166431 0.883483
7.36281 14.3722 0.900406 -0.059419 0 3.15931 0 0.866967 -0.419151 -0.269593
-13.3798 14.866 -14.7076 0.807216 -0.114355 -2.01822 0 -0.643132 -0.218054 -0.734053
-3.68162 45.7192 15.0099 0.57266 0 1.9 0 0.198694 0.762405 -0.61584
-6.16244 34.8136 -26.017 0.0822496 -0.0741916 -0.8 0 0.756553 0.370574 -0.538796
15.1194 25.3811 -5.92669 0.474303 0 -1.6 0 -0.0307828 -0.282771 -0.958693
-8.65028 29.7122 -21.8352 0.401682 0 3.8 0 -0.627306 0.393161 0.672243
-2.95525 42.6974 -8.47084 0.573083 0 -3.9 0 0.661483 0.730947 0.167799
-0.859 36.8631 -23.8891 2.37449 0 -3.9 0 -0.357714 0.910859 -0.205856
1.12688 17.8118 -14.0639 0.937421 0 -4.5 0 0.713426 0.107649 -0.692412
-6.56906 35.7763 -24.4615 0.419075 0 -0.8 0 0.535233 0.84446 -0.0202986
-12.4407 16.2868 -17.5514 0.464893 0.402836 -0.527567 0 -0.81842 -0.558281 0.136055
9.00006 32.6434 -20.4011 2.90781 0 -3.9 0 0.542867 -0.83678 0.0713736
-3.16563 34.7075 13.3545 0.85928 0 -1.6 0 -0.196103 0.262306 0.944849
2.47038 19.2019 13.5907 -0.441301 -0.428187 -3.5 0 0.681528 -0.71753 0.143772
-3.48956 34.2383 -22.2004 0.469434 0 -3.9 0 -0.301138 0.918031 -0.257943
14.0914 35.0776 9.88838 1.1484 0 -1.6 0 0.920231 0.369709 0.128415
-12.6262 18.7723 -10.606 0.736821 0 -3.9 0 -0.405468 0.310717 0.85968
-0.571219 32.3449 -22.61 0.79417 0 -3.9 0 0.277096 -0.744877 -0.60694
-10.0116 14.3797 -16.7175 0.138689 0 -0.920356 0 0.393513 -0.895234 -0.209052
12.4569 36.3663 3.61794 0.329872 -0.1855 0.907636 0 0.735243 0.121888 0.666754
9.26994 17.1203 -1.075 -0.169859 -0.417868 -2.31436 0 0.316597 -0.0157339 0.94843
-7.93794 34.6439 4.30331 0.760604 0.857804 -3.9 0 -0.69825 -0.2598 0.667047
12.2872 40.3136 -0.967687 0.591974 0 2.8 0 -0.178225 0.917695 -0.355065
-0.549656 31.3376 17.1793 1.31197 0 -3.9 0 -0.254208 -0.482045 0.838458
6.29213 12.3874 -4.70728 -0.141145 0 -3.5 0 -0.23872 -0.436293 -0.867561
-10.8352 20.0159 -8.59437 0.315658 0 2.8 0 -0.841471 -0.470188 0.266176
-10.7907 38.6255 -13.1412 1.3612 0.0958977 -3.5 0 -0.792845 0.570996 0.212981
9.06128 39.7063 13.6712 1.07866 0 -3.9 0 0.710423 -0.00709198 0.70374
-16.3129 34.7879 -1.09206 1.08944 0 -3.5 0 -0.73146 0.592455 -0.337584
-15.6621 31.3918 2.66116 0.685919 0 -3.9 0 -0.07663 0.203829 0.976003
3.35763 46.2221 13.1574 0.261756 -0.461917 -0.8 0 0.147157 0.109423 -0.983042
7.32806 24.1948 -16.9475 0.480085 -0.127132 -0.09614 0 0.788771 -0.607659 0.0926844
-15.0601 16.7861 -12.1302 2.12114 0.0899482 -3.9 0 -0.916361 0.398357 0.0399271
-6.55019 41.2412 10.2126 0.723753 0 4.2 0 -0.924442 -0.312886 -0.217965
-1.37419 17.8819 6.40837 0.0264256 0 2.8 0 -0.72647 -0.675155 -0.128089
9.20081 20.4142 13.0257 0.37707 0 4.5 0 0.514568 -0.656328 0.551772
0.544406 41.5818 -6.22703 0.153505 0 -0.4 0 -0.152097 0.896953 -0.415142
-7.00794 23.4829 10.1825 0.0493629 0 1.07109 0 -0.91152 -0.371917 -0.175524
15.3195 34.856 -1.22 1.28138 0 -1.93495 0 0.69327 -0.57587 0.433302
-9.3545 24.8788 -16.7512 0.656657 0 -2.75154 0 -0.184856 0.424908 -0.886161
4.89175 27.6998 12.7545 -0.42303 -0.0160365 4.5 0 -0.225982 0.306922 0.924517
7.61131 43.1079 16.5172 0.594461 0 -3.9 0 0.579522 0.570188 0.582271
16.659 27.4589 -5.09247 0.925504 0 -1.6 0 0.5915 0.421707 -0.687234
-7.03669 28.1434 -18.1854 0.863774 0.608773 -3.5 0 -0.883832 -0.23066 -0.406986
2.4985 41.6455 0.749 0.783463 0 2.8 0 0.721051 0.668522 0.182112
15.3644 32.0858 7.82572 2.3322 0.0385648 -3.44296 0 0.574239 0.815264 0.0747904
12.8023 24.7755 -9.51919 -0.188919 0 -3.5 0 0.949268 -0.0666617 0.307321
-9.87475 32.6803 1.71997 0.271419 0 4.5 0 -0.164915 -0.455365 0.874897
8.19525 28.0085 -18.1687 0.640693 0 -3.5 0 0.825368 0.562569 -0.0477879
7.81081 38.3601 -11.6143 0.454013 -0.18704 -3.2 0 0.119155 0.898425 -0.422652
-13.8303 26.2137 -15.7234 4.47442 0.228123 -3.9 0 -0.833092 -0.286504 -0.473152
15.1408 33.4067 4.64128 0.508146 0 -0.7 0 0.666695 0.733374 -0.132969
-7.90953 32.3065 -26.5132 -0.37148 -0.940214 -0.8 0 -0.139692 -0.814731 -0.56276
11.9431 20.6517 2.42744 3.65484 0.714641 -3.9 0 -0.00144656 -0.515087 -0.857136
13.964 22.7544 5.26334 0.687035 0 -3.9 0 0.635335 -0.171749 -0.752895
16.5849 18.4321 -2.19412 1.77179 0 -3.9 0 0.475659 0.0564152 0.877819
5.10556 22.6821 -12.4628 0.526448 0 1.8 0 0.17821 -0.929071 -0.324142
-11.1164 15.2731 -21.4474 0.946445 0 -0.9 0 0.0541816 -0.921638 -0.384249
2.6405 39.7076 13.5022 0.201849 0 -1.53938 0 0.0199673 -0.579531 0.814706
-4.31425 40.5944 -15.4797 -0.273421 -0.219807 -1.49187 0 -0.0568309 0.502049 -0.86297
-0.577125 43.5621 16.2817 -0.235298 -0.0322833 -0.8 0 -0.028959 0.143206 0.989269
2.00275 42.1684 -8.23525 -0.530155 0 -0.4 0 0.183233 0.916932 0.354486
-16.7652 32.9862 1.45803 1.08634 0.286839 -3.5 0 -0.573584 0.299389 0.762475
2.65606 36.7072 -18.0004 1.10915 -0.0144268 -3.33434 0 0.288611 0.504196 -0.813935
3.39806 9.97097 -2.96928 0.915751 0 -3.9 0 -0.0538989 -0.70866 -0.703488
-2.70925 45.8283 16.5592 0.255942 0 1.9 0 0.782757 0.617012 0.081166
4.93269 41.4705 16.6783 0.674304 0 -3.9 0 -0.1978 -0.681254 0.704818
15.7084 32.0324 1.87441 0.543974 -0.995309 -0.7 0 -0.417091 0.890554 -0.181517
6.21731 21.9214 -11.2428 0.77974 0 -4.5 0 0.494431 -0.278554 -0.823375
11.1623 40.6001 3.38544 0.73278 0 1.5073 0 -0.159375 0.877543 -0.452237
-16.6552 24.57 -10.0099 1.10395 0 -3.9 0 -0.57532 0.416091 -0.704185
-4.23275 42.5752 16.568 0.787074 0 1.9 0 -0.056067 -0.723313 0.68824
2.03867 31.3447 15.3158 1.25849 0 -3.57207 0 0.780861 -0.435877 0.447512
-10.7609 37.0818 -11.5082 0.737268 0 -0.9 0 -0.761802 0.646857 -0.0351153
-14.9912 20.3342 -15.8692 -0.169584 -0.187845 -3.9 0 -0.979366 -0.000644331 0.202091
-10.651 18.8945 -23.451 0.485278 0 -0.9 0 0.535651 0.148451 -0.831288
-9.41625 19.8368 -23.602 0.465235 0.953661 -4.5 0 -0.633036 -0.166061 -0.756102
8.47431 33.1712 -14.3018 0.227111 -0.303816 -3.85003 0 0.65928 0.184519 -0.728905
-13.9235 35.6432 -4.85725 0.608028 0 -2.99813 0 -0.629843 0.759333 0.163435
-0.674625 35.7166 13.7724 0.693953 0.103689 -3.9 0 0.0974035 0.540926 0.835411
9.23025 25.9028 -15.2181 0.119467 0 -3.5 0 0.554632 -0.800912 -0.225661
-18.7752 19.5518 -16.506 0.140511 0 -0.9 0 0.439417 -0.0150302 0.898158
15.8246 23.2279 -1.771 -0.234983 -0.0221519 -1.36099 0 0.3832 -0.904759 0.185926
-15.2259 21.7474 -18.4759 1.26549 0 -0.8 0 -0.14881 0.892843 0.425072
20.6661 19.6415 11.7936 0.341701 0 -1.3 0 0.0396076 -0.949346 0.311727
3.76977 16.4979 -9.30427 -0.352235 -0.868181 -3.5 0 0.708663 -0.0810155 -0.70088
-7.28581 23.3447 -25.1097 0.657254 0.204636 -4.5 0 -0.220655 0.164069 -0.961453
5.744 44.9545 15.1275 1.23164 0 -3.9 0 0.659806 0.750741 0.0323034
-2.86625 36.946 -21.9424 0.322418 0 -3.63191 0 -0.514836 0.0506742 -0.855789
-5.66997 42.4061 -4.82706 -0.212176 -0.964019 -0.7 0 0.316128 0.948589 0.0155654
-7.098 42.4635 -11.247 2.80547 1.59997e-06 -3.9 0 -0.879754 0.191278 -0.435253
-7.8565 20.2827 -5.49125 0.576551 0 2.8 0 -0.110241 -0.706346 0.69923
-3.09384 23.484 -22.2917 0.42726 0 -4.5 0 -0.269831 0.844673 -0.462296
5.06138 44.224 16.8002 0.702107 0 -3.9 0 0.0133924 0.526247 0.850226
8.92259 19.1512 11.9987 0.737154 0.70849 4.5 0 0.34832 -0.598524 0.721417
-7.2696 23.4512 -23.6805 0.554786 0 -4.5 0 -0.30474 0.607013 0.73394
1.163 35.7135 12.3565 0.726357 0.408164 -4.5 0 0.577125 0.234291 0.782327
3.34238 15.5685 -9.6375 0.287758 -0.471438 -3.5 0 0.826851 0.0877349 -0.555535
2.57298 31.5893 -17.0125 1.27484 0 -4.5 0 -0.0274279 -0.0396994 -0.998835
-1.842 38.2238 -21.4554 0.0332004 0 -3.5 0 0.739463 0.126698 -0.661167
-2.67405 18.7063 10.6335 -0.494441 -0.912551 -3.5 0 -0.414481 -0.835385 -0.361023
3 3043 3177 2382
3 2317 2495 1442
3 1442 2049 2317
3 2049 38 627
3 2155 40 1135
3 3107 3043 558
3 3043 1659 558
3 3107 558 1637
3 1659 2696 558
3 558 2696 2287
3 558 2287 1637
3 2287 2696 3273
3 2696 2382 3273
3 1872 3273 2317
3 3273 2495 2317
3 2453 2737 990
3 1312 2733 1412
3 568 1412 2733
3 1312 2155 1135
3 2733 1312 47
3 1312 2286 47
3 2286 3107 1562
3 1562 3028 1256
3 1256 3028 83
3 2580 83 3028
3 83 2580 2853
3 1902 2853 2580
3 1902 2580 2287
3 2022 1902 3273
3 2684 2976 1730
3 990 2737 2976
3 2976 2737 2765
3 2976 2765 1730
3 3009 2765 2021
3 552 2737 1412
3 552 1412 568
3 0 552 568
3 2310 2021 0
3 2310 2733 2441
3 77 2441 1118
3 47 1982 2733
3 1982 1118 2441
3 2286 1562 2757
3 2709 2757 2484
3 1562 1256 2757
3 2757 1256 1881
3 2757 1881 2484
3 83 2853 3275
3 3266 1919 2103
3 1919 1231 2103
3 2103 1231 2576
3 1421 2491 3036
3 2491 1919 1778
3 1778 970 2491
3 1778 1317 970
3 2791 1778 2427
3 1778 1894 2060
3 1778 2060 2427
3 2534 2060 3266
3 3266 2321 2534
3 2321 2684 1214
3 1214 2534 2321
3 1730 2488 1214
3 2534 1214 2488
3 3009 1730 2765
3 3202 328 3032
3 258 638 1883
3 258 1883 328
3 328 1883 3032
3 638 2992 1005
3 829 2992 1791
3 1791 1824 829
3 1433 2199 1583
3 1006 30 1621
3 2008 1621 30
3 30 1006 1824
3 30 1824 1784
3 1784 1824 1791
3 695 2008 2122
3 2008 1529 2122
3 1529 1784 2122
3 2122 1784 77
3 2122 77 2483
3 2484 116 2448
3 116 1881 2345
3 116 2345 332
3 585 1447 1781
3 3036 3012 1155
3 1155 3012 3242
3 3012 3036 2010
3 3224 513 241
3 513 2427 1541
3 513 1541 241
3 241 1541 3039
3 241 3039 2240
3 2534 2488 2689
3 3202 3032 1546
3 630 1546 2129
3 3032 1883 3249
3 2173 3249 1005
3 1005 811 2173
3 811 163 1433
3 1583 1307 2173
3 1307 530 127
3 127 1157 1307
3 3249 1307 1157
3 3267 127 530
3 1157 127 2896
3 3267 2896 127
3 2199 2090 641
3 641 2090 3267
3 1280 2090 1589
3 1589 2090 3122
3 2090 3090 3122
3 1774 695 2122
3 2008 695 1621
3 695 3090 1621
3 1774 2091 3122
3 1827 2970 2091
3 3122 1789 1589
3 2363 332 1553
3 1553 332 192
3 1866 1553 2055
3 1553 192 2055
3 1866 2055 631
3 1866 3169 2695
3 136 2355 1781
3 136 1781 1447
3 136 734 3231
3 2084 3231 3130
3 1447 2229 2179
3 2120 2229 409
3 2229 1447 585
3 2229 585 3242
3 3242 585 1155
3 3242 409 2229
3 409 3242 1607
3 854 3242 3012
3 1607 411 1144
3 2136 1144 411
3 2213 2177 1884
3 1884 2177 2562
3 854 3012 1310
3 2213 1884 2735
3 2735 1884 1640
3 1884 2864 1640
3 2989 2864 1513
3 2562 645 1958
3 2271 1579 3065
3 2271 930 1579
3 930 1871 1579
3 2645 1871 538
3 2645 538 1002
3 1871 930 538
3 1440 1002 1464
3 1464 1002 777
3 3133 2677 777
3 956 566 2512
3 2512 566 511
3 566 3134 511
3 511 3134 3224
3 2240 254 2365
3 1069 2365 254
3 1094 3202 630
3 254 3193 624
3 256 2994 3193
3 3193 2994 1515
3 3193 1515 624
3 2710 2129 3210
3 2129 1353 3210
3 2569 3210 1353
3 3210 2569 1976
3 2540 3249 1964
3 608 2896 578
3 113 837 2464
3 1354 3267 1280
3 2638 1354 1280
3 2695 2298 1957
3 58 2298 1907
3 1907 897 58
3 897 1907 3092
3 507 1154 1907
3 3092 1907 1154
3 1154 2721 3092
3 2193 1154 2063
3 1036 2298 3169
3 3169 631 2084
3 152 2768 3130
3 3130 1076 152
3 1076 3130 3095
3 810 2037 2179
3 767 810 2459
3 2459 1852 767
3 2459 2232 1852
3 2232 1356 1852
3 1356 2232 2959
3 2459 810 2179
3 2120 1144 1058
3 2844 1657 3060
3 1657 2572 1070
3 1070 2572 424
3 424 2548 1070
3 1460 3109 2341
3 2735 635 3171
3 3171 635 408
3 1640 2745 635
3 1640 1272 2745
3 2714 2985 3125
3 2985 2898 1513
3 3125 1513 1629
3 2898 2989 1513
3 1513 2864 1629
3 1629 2864 3262
3 3262 2675 1629
3 1053 1843 396
3 2645 1440 1843
3 1261 1510 1440
3 1843 1440 1510
3 1571 2195 1261
3 1510 1261 2195
3 527 1812 2677
3 1334 143 527
3 59 527 143
3 3125 59 2714
3 143 2714 59
3 3132 3217 1638
3 3217 3132 3114
3 956 2424 3208
3 956 3062 2424
3 3062 1556 2424
3 956 2512 1745
3 678 2512 2993
3 2993 2512 809
3 7 2014 1069
3 2365 1069 2014
3 2014 7 3056
3 1515 2643 3056
3 2994 344 2947
3 2947 344 3053
3 344 1920 3053
3 1920 3210 1953
3 56 1729 2421
3 1953 2360 2138
3 1785 2716 2015
3 1785 435 1540
3 1785 1540 2816
3 435 2209 1540
3 1540 939 2865
3 272 439 2209
3 439 272 1976
3 439 1976 2569
3 921 1023 2680
3 413 2865 2098
3 413 2098 2741
3 2098 978 1229
3 2337 3152 3268
3 837 3268 3152
3 2337 3268 907
3 907 3268 897
3 2337 486 3152
3 3000 1753 2857
3 1753 1162 2857
3 1753 1076 1807
3 1753 1807 1162
3 1076 3095 1807
3 3235 3095 1062
3 1062 1852 3235
3 1568 3235 1852
3 1852 1356 1568
3 2367 1356 2959
3 2367 2959 3150
3 2959 3060 3150
3 2633 946 2708
3 2183 1606 1070
3 2183 1070 2548
3 581 2183 1673
3 2183 2548 2405
3 1207 3020 89
3 89 1279 2548
3 1116 2405 1279
3 1116 1279 3026
3 3026 1279 3171
3 2405 1116 1760
3 1116 3026 1565
3 3026 1981 2877
3 2877 1981 763
3 408 2745 1981
3 1712 1981 2745
3 756 1712 2745
3 1324 2819 2653
3 2819 2898 2653
3 2653 2898 707
3 2653 707 2863
3 2898 997 707
3 707 997 2728
3 707 2728 1978
3 2343 587 2423
3 665 587 1638
3 1191 665 3217
3 3111 2423 1191
3 3111 1191 735
3 1191 3217 417
3 1243 2259 1556
3 2259 417 1556
3 1243 1556 3062
3 1745 3062 956
3 1243 3062 2731
3 1115 1745 678
3 1115 678 2993
3 1745 2512 678
3 1115 2643 2947
3 3053 2492 2947
3 56 2421 2492
3 3061 2421 1387
3 1582 1186 2980
3 1387 2421 1848
3 2421 1204 1848
3 2583 1848 19
3 1780 1204 2138
3 1521 2716 2521
3 2521 1780 1521
3 2521 1956 1437
3 980 2741 1975
3 1975 2741 3136
3 3136 2741 563
3 3136 563 1446
3 714 1229 978
3 714 3152 37
3 37 912 714
3 714 912 376
3 714 376 1446
3 1446 376 1419
3 1890 3278 2230
3 766 2415 1890
3 766 3092 3287
3 2206 3103 2096
3 2206 2096 910
3 1793 2415 3103
3 2096 3103 2415
3 1004 2293 2253
3 1019 2253 2293
3 1192 2318 1227
3 2318 2293 959
3 640 959 2163
3 2293 2163 959
3 1350 640 22
3 1350 22 1162
3 1162 22 2857
3 640 1614 22
3 2857 22 1090
3 2206 910 90
3 2568 276 2738
3 276 1560 569
3 1560 2928 569
3 2928 1019 2763
3 899 2083 3197
3 1162 2831 1350
3 632 389 1647
3 1162 2808 2831
3 3197 1647 389
3 2367 951 1077
3 951 3019 1077
3 2126 647 2547
3 1918 2887 647
3 2887 1918 3046
3 2633 3046 1918
3 92 3150 2633
3 1051 2633 2708
3 2708 1935 1051
3 1945 920 581
3 1945 3138 359
3 359 3138 692
3 359 692 3218
3 884 2848 1645
3 224 3138 1673
3 224 1673 584
3 224 584 125
3 1673 2183 584
3 2026 125 1760
3 1760 1565 2026
3 1760 1116 1565
3 2519 1565 2877
3 1402 2519 2877
3 2519 1799 2018
3 1799 3270 2018
3 373 1156 1613
3 763 65 373
3 1156 373 65
3 65 672 1156
3 1156 2190 57
3 2190 35 901
3 901 35 341
3 35 196 341
3 901 2863 2754
3 2754 2511 1538
3 1538 2511 2836
3 2836 2511 1841
3 755 1841 1978
3 2511 1978 1841
3 755 2728 2573
3 2573 2728 2350
3 2350 2728 997
3 2350 997 881
3 2451 3045 2019
3 3045 1033 2050
3 2343 1479 625
3 2933 625 1581
3 1581 625 871
3 1479 2423 154
3 1667 1123 1737
3 2439 2150 2388
3 2687 137 2186
3 2259 2186 137
3 2259 1243 2186
3 2186 2731 1582
3 938 1582 2980
3 2988 1700 938
3 938 1700 147
3 147 1700 2687
3 2186 147 2687
3 2988 662 2016
3 2016 662 377
3 2016 377 655
3 655 377 3080
3 662 2409 377
3 2409 2980 2583
3 2980 1186 2583
3 2409 2583 646
3 2583 2975 646
3 646 2975 3143
3 3143 719 738
3 19 1172 2975
3 1172 719 2975
3 738 719 209
3 1172 209 719
3 2521 2648 2560
3 2664 2560 2507
3 2218 921 2523
3 2523 1183 499
3 499 1183 2979
3 401 2885 1183
3 679 1183 2885
3 2885 401 1321
3 1321 659 2885
3 1714 659 1985
3 1714 1985 3188
3 3188 3136 1836
3 3188 1836 388
3 3188 388 1864
3 1836 3161 388
3 388 3161 2726
3 388 2726 1864
3 2726 3161 754
3 3161 1530 2826
3 1530 1836 3136
3 1419 1530 3136
3 2826 1419 376
3 376 882 2826
3 882 376 912
3 132 2721 2193
3 1346 1630 343
3 1630 2670 1251
3 2670 2322 457
3 457 2322 2783
3 1570 119 2857
3 1570 1090 221
3 2650 2030 687
3 221 687 20
3 687 2030 2357
3 687 2357 20
3 20 2357 1438
3 2030 2225 2357
3 2225 2256 2837
3 2030 1718 2201
3 1718 2030 2650
3 1718 2650 90
3 1623 1718 90
3 1623 84 1718
3 2568 2231 1623
3 84 1623 2231
3 2570 2256 2201
3 2139 967 2570
3 2738 569 318
3 318 569 981
3 318 981 2925
3 981 569 2928
3 981 2928 1912
3 981 1912 2257
3 2257 2402 2419
3 2402 2257 3197
3 2402 3197 2830
3 2402 2830 2794
3 2547 2794 3019
3 2356 2547 1335
3 2356 1335 1763
3 1763 1335 2485
3 2485 3034 1763
3 1757 3034 2485
3 1757 1209 3034
3 1209 1757 537
3 537 1572 1209
3 537 1757 3201
3 3201 214 537
3 2401 836 148
3 2401 148 1543
3 2485 1543 148
3 518 2073 2951
3 277 2073 1886
3 518 2912 2805
3 2805 2912 346
3 346 2912 2266
3 2912 2887 3046
3 2912 3046 2266
3 2266 3046 2074
3 2074 3046 1051
3 1304 321 1935
3 1304 1935 1878
3 1878 1935 1945
3 1728 1878 3218
3 896 1728 3218
3 3265 1779 3218
3 1942 453 2406
3 2406 619 1942
3 2406 453 1454
3 1454 453 884
3 3265 884 453
3 2336 3082 2018
3 2018 3082 2519
3 2585 3270 2344
3 2344 3220 2585
3 1613 57 2344
3 2344 57 2190
3 2190 901 2505
3 3149 1672 1538
3 3119 1573 3149
3 2836 574 3119
3 574 2836 333
3 333 1841 856
3 333 856 3089
3 574 333 3089
3 856 1841 755
3 2573 2777 385
3 1752 1818 2019
3 2019 2050 1752
3 1752 2050 2933
3 2933 845 1752
3 2986 845 3030
3 845 2933 2137
3 2137 3030 845
3 9 1788 2137
3 2142 2137 1788
3 1788 9 1706
3 871 60 1706
3 60 2622 1706
3 60 1123 2622
3 1706 2622 1788
3 789 1701 862
3 1846 1701 2622
3 862 1701 1352
3 1846 1667 1862
3 1862 1667 2854
3 2439 2907 2854
3 2281 1052 2439
3 3015 2281 2388
3 2194 3015 676
3 2388 676 3015
3 726 2687 1566
3 1457 2861 3143
3 3143 738 1539
3 738 1755 1539
3 62 3035 1284
3 3035 846 1284
3 846 3035 1355
3 2664 2507 846
3 846 2507 1284
3 2507 1880 1284
3 1880 2507 1014
3 1014 1739 82
3 1739 339 1525
3 1739 1525 82
3 339 1523 274
3 2114 446 528
3 2786 1714 2234
3 2234 2688 2786
3 2234 1864 517
3 2234 517 1445
3 1445 517 2390
3 1864 2390 517
3 1274 118 2726
3 343 1630 1274
3 1630 1251 1274
3 118 1274 1251
3 118 2781 2390
3 2781 2669 2792
3 2792 2669 2995
3 2995 2669 2670
3 2220 2422 711
3 1747 2670 2783
3 2783 2322 146
3 1438 197 2759
3 1331 2422 1773
3 1773 1417 1331
3 1773 2827 1417
3 1773 2759 2249
3 3209 2249 55
3 2837 1018 1430
3 2250 279 2187
3 2187 279 1
3 279 2256 1
3 2187 2570 2596
3 2596 3244 431
3 2570 967 2596
3 2596 967 3244
3 3244 2925 1414
3 2925 2257 2419
3 2925 2419 1414
3 1414 2419 2370
3 2370 2419 3034
3 2095 3129 2370
3 2370 3129 1567
3 3129 2095 237
3 237 2095 1572
3 2095 1209 1572
3 237 1572 2146
3 3129 237 2146
3 3129 2146 1177
3 3201 2480 3195
3 2480 3201 3158
3 1705 2566 2746
3 3158 836 2746
3 2401 1543 277
3 1886 634 277
3 928 277 634
3 1705 928 634
3 1775 1792 2375
3 1792 1775 1263
3 2045 540 1860
3 1860 540 356
3 1775 2375 540
3 540 2375 652
3 540 652 1343
3 540 1343 356
3 1860 356 1158
3 1860 1158 2005
3 356 1343 2564
3 370 1158 1389
3 2564 2266 1728
3 193 896 651
3 651 2618 193
3 896 831 651
3 2858 831 1779
3 2858 619 1497
3 3068 1497 1298
3 619 2395 1497
3 1298 1497 780
3 2064 770 1347
3 144 3120 2064
3 144 2395 1717
3 1724 1717 2
3 3120 771 1822
3 2336 2 1454
3 1724 1308 2841
3 2841 1308 1374
3 1308 3270 1374
3 2841 1374 1468
3 1992 1468 1416
3 1374 2514 1468
3 3220 1037 2585
3 1080 2585 1037
3 785 2505 2334
3 785 2334 3220
3 1672 3149 1634
3 2334 1498 283
3 1498 1634 3254
3 283 1498 2056
3 3254 2056 1498
3 3004 3254 1634
3 1634 108 3004
3 2966 3004 1573
3 108 1573 3004
3 108 1634 3149
3 3149 1573 108
3 2966 2694 867
3 3119 2775 2966
3 2966 2775 1508
3 867 1436 6
3 1436 3089 3172
3 3172 786 1436
3 2227 798 786
3 1436 786 798
3 2227 105 2798
3 2798 105 1790
3 2798 1790 1028
3 1028 1790 796
3 2798 1028 2463
3 331 2463 468
3 331 468 1601
3 1601 468 3066
3 288 1028 796
3 288 796 2007
3 3030 288 2007
3 3030 2142 3066
3 1788 2080 2142
3 1441 2142 2080
3 2080 1788 789
3 2080 789 2269
3 789 862 2269
3 2269 862 840
3 2269 840 2244
3 2153 2270 580
3 2529 2502 2908
3 265 2788 2908
3 2788 2057 440
3 2057 3151 440
3 2907 2057 1862
3 3151 2907 1052
3 3151 1052 1586
3 1586 285 3151
3 1683 1586 2950
3 1586 1683 2094
3 285 1586 715
3 2094 715 1586
3 2047 1683 2950
3 2950 3112 2047
3 2086 3112 2431
3 2086 893 2637
3 893 2086 2861
3 2086 3080 2861
3 1457 893 2861
3 1457 2475 893
3 2686 893 2475
3 2475 451 2686
3 1259 3143 139
3 3143 1259 2475
3 1741 450 42
3 1741 42 573
3 450 3035 42
3 573 42 2810
3 62 1880 2810
3 2810 1880 3200
3 3200 1880 82
3 82 1880 1014
3 3200 82 805
3 82 2299 805
3 448 2114 1504
3 448 1504 2433
3 1901 448 2433
3 2433 1504 539
3 591 1719 1504
3 1504 1719 539
3 1316 535 1719
3 23 1719 535
3 2196 528 2688
3 2688 528 2786
3 2196 2685 1311
3 2196 1311 1316
3 2688 2234 2685
3 1311 2685 2671
3 134 2390 2781
3 134 2781 2671
3 2671 2781 266
3 2671 1625 1676
3 495 1199 2644
3 2490 2597 2792
3 1900 2644 2204
3 2838 2792 2995
3 2490 2964 2235
3 2964 2838 943
3 2668 1265 1417
3 2032 1331 1265
3 1417 1265 1331
3 3086 2827 3209
3 3209 1430 480
3 362 2161 2381
3 737 1873 2381
3 2642 2381 1873
3 2769 737 2362
3 2275 2769 700
3 3280 2767 2566
3 2566 1705 1526
3 1526 1705 1444
3 1526 1444 529
3 529 1444 2557
3 1705 634 2375
3 1444 1792 2557
3 1792 2784 2557
3 162 2784 1263
3 2330 761 2290
3 1263 2290 162
3 761 2330 3251
3 761 3251 1010
3 1936 162 2290
3 415 1735 2425
3 544 2499 1817
3 900 1817 1735
3 900 602 2814
3 2814 602 1517
3 2858 1439 651
3 2618 1439 674
3 1133 1832 2902
3 1133 780 2339
3 3007 2339 1347
3 3007 1081 2339
3 1081 3007 1619
3 1619 3007 174
3 770 1885 3007
3 1885 770 3120
3 1822 1575 3120
3 1575 1822 1992
3 1575 1992 2567
3 2567 1584 1575
3 2567 2717 1584
3 2795 220 2567
3 2997 220 2974
3 1416 894 2795
3 2410 2795 894
3 2932 1063 2404
3 1309 395 1639
3 686 1639 395
3 1037 395 1309
3 1037 3220 316
3 1362 3220 283
3 3220 2334 283
3 1362 2056 1250
3 2056 3254 1627
3 2056 1627 1250
3 2189 2904 2227
3 2904 2054 25
3 804 25 1474
3 25 2054 1474
3 1474 2054 932
3 1348 2054 730
3 2189 730 2054
3 730 2820 1348
3 1024 2348 922
3 614 922 1034
3 614 1034 2809
3 2348 2061 922
3 2061 713 447
3 447 713 2748
3 957 447 2748
3 2348 331 2614
3 2748 895 1555
3 2748 1555 1771
3 1285 64 1219
3 1601 1072 2614
3 64 2614 1072
3 1219 64 1072
3 3066 1072 1601
3 1072 1441 1219
3 1219 2244 2454
3 2454 2244 840
3 840 2270 2396
3 2393 2153 1000
3 1492 1126 2243
3 2153 580 33
3 33 580 2081
3 2081 580 1079
3 2081 3016 2394
3 1079 1934 2081
3 211 1934 2529
3 3108 1281 70
3 2529 70 1281
3 1281 211 2529
3 1281 2636 211
3 70 2908 3108
3 3108 2908 1855
3 1855 2908 2788
3 1722 248 2624
3 248 440 2624
3 1277 1722 2389
3 1986 2389 1463
3 1722 715 2389
3 2389 715 1066
3 2389 1066 1463
3 2718 3049 531
3 2718 531 1463
3 3049 1794 762
3 1794 3049 2303
3 3049 3180 2303
3 3180 3049 1073
3 1073 3145 3180
3 2718 1612 1073
3 3145 1073 1612
3 2637 2380 3145
3 3145 2380 3180
3 2686 1487 2380
3 2380 1487 2876
3 1487 2578 1140
3 1487 1140 2876
3 2578 451 475
3 475 451 1043
3 1741 573 1102
3 1102 573 3165
3 1043 1102 475
3 1102 3165 475
3 475 3165 1686
3 1686 3165 3289
3 885 2810 1476
3 3200 805 2329
3 1889 2478 2299
3 2299 2478 743
3 2299 743 805
3 1713 2478 1889
3 1889 2984 1713
3 821 2552 1649
3 539 1465 2433
3 1465 539 3223
3 539 1719 683
3 1711 683 1719
3 1719 23 1711
3 1698 2437 16
3 535 2216 1726
3 535 1316 2216
3 2671 1676 1311
3 2216 1311 1676
3 2216 1962 1726
3 1962 2369 1726
3 222 989 495
3 1676 1199 1962
3 989 1962 1199
3 1199 495 989
3 2369 1725 1602
3 1296 1148 616
3 553 1900 1148
3 1148 1900 2940
3 1148 2940 616
3 1544 2631 2157
3 2940 2157 616
3 2631 616 2157
3 2823 2631 1544
3 2487 2758 2223
3 467 1544 2964
3 2941 1021 390
3 467 3290 1021
3 1021 3290 617
3 1021 617 390
3 390 617 877
3 1122 1879 230
3 1337 230 1803
3 230 1879 1803
3 1803 1879 362
3 2628 1337 873
3 271 268 1337
3 873 1337 268
3 271 2642 268
3 2381 2642 271
3 955 3159 2642
3 268 2642 3159
3 3199 3159 955
3 3199 1873 2769
3 1873 737 2769
3 3159 3199 1180
3 3199 2275 2333
3 1526 2099 3291
3 3148 2099 2784
3 3148 1415 1944
3 3059 2734 2879
3 1218 1936 2001
3 1905 378 1591
3 378 2425 1591
3 2499 1590 3198
3 2725 1969 353
3 2814 618 2440
3 1969 2440 2962
3 618 674 2440
3 2962 2440 3282
3 2725 353 2782
3 2962 2782 353
3 231 1590 2725
3 1590 231 1100
3 231 1832 1100
3 1100 1832 2140
3 1100 2140 459
3 3198 605 1240
3 605 459 1240
3 1240 459 17
3 1081 1619 2442
3 1619 174 988
3 988 2079 2530
3 2079 975 2530
3 2717 2567 975
3 975 1858 2530
3 2530 1858 3087
3 3087 1858 2991
3 1858 975 2997
3 2974 1974 210
3 1974 322 2651
3 2918 2974 2351
3 2918 2144 1067
3 1067 2888 2918
3 2351 844 2144
3 2752 844 1226
3 2351 1434 844
3 1226 844 2385
3 1434 2385 844
3 1434 2797 3077
3 1648 1063 2707
3 2707 1639 1903
3 1903 1639 185
3 185 1639 686
3 185 686 1481
3 686 1362 1481
3 2719 289 1903
3 1903 289 2707
3 2707 289 1952
3 1980 1287 804
3 2719 1250 1627
3 818 2946 3186
3 1980 1474 71
3 2264 3239 883
3 1474 932 3239
3 2889 165 883
3 2809 1034 2541
3 1034 2412 1166
3 3063 3182 3001
3 3182 784 2450
3 3063 2748 1771
3 1161 1514 784
3 2450 784 1770
3 1161 2558 1514
3 784 262 1770
3 2558 2027 1838
3 1285 1219 2454
3 1838 2393 1000
3 958 1838 1000
3 958 1000 808
3 262 958 3229
3 808 859 857
3 859 808 1276
3 3160 859 1276
3 1276 1492 2243
3 2243 890 1276
3 2706 3016 1291
3 2706 1291 3226
3 3016 2636 1291
3 1291 2636 3226
3 3017 2636 2973
3 3013 2636 1281
3 3013 1281 2744
3 2744 1281 3108
3 2607 1277 2389
3 2389 1986 1710
3 1710 1986 2872
3 1710 2872 1702
3 357 1472 2872
3 2374 2872 1472
3 2374 1472 2338
3 2338 1472 1202
3 531 1472 357
3 1202 1472 762
3 2132 255 1328
3 2132 2531 1663
3 2132 1663 255
3 255 1663 704
3 1663 2065 600
3 2065 1422 600
3 2065 2303 710
3 1179 1422 2513
3 979 2876 3074
3 2876 1140 3074
3 1816 156 1140
3 156 1816 3289
3 885 887 1635
3 2634 2171 2325
3 2024 824 3139
3 3260 824 2178
3 824 2634 2178
3 534 3124 702
3 2552 702 3124
3 534 702 1465
3 2538 1104 2662
3 588 2983 3272
3 3223 227 2983
3 227 2751 667
3 2751 1260 2414
3 1260 498 1711
3 2414 972 24
3 972 1260 1698
3 24 972 2106
3 1602 2106 972
3 2106 1602 1725
3 2414 24 3240
3 24 463 3240
3 3240 2631 2690
3 2265 2690 2487
3 3099 2487 918
3 826 918 2487
3 826 2223 3269
3 3164 3100 992
3 3164 992 1142
3 2941 390 1643
3 2941 1643 3115
3 1643 390 228
3 390 877 2408
3 1117 2408 1184
3 1117 1184 1835
3 1117 3255 2028
3 1548 1095 2028
3 3255 2048 982
3 1835 2399 2747
3 2399 1518 2747
3 2182 1835 2668
3 1122 1518 2399
3 1180 596 2628
3 1518 2628 596
3 2803 1088 2747
3 596 2803 1518
3 2747 1518 2803
3 982 2048 3069
3 982 3069 2734
3 1656 982 2734
3 915 1393 2556
3 2556 1393 1407
3 915 3059 1393
3 458 2001 1905
3 151 2785 458
3 1715 458 2785
3 1591 509 151
3 2172 509 338
3 2425 739 1591
3 509 1591 739
3 739 338 509
3 2247 2349 2033
3 2349 739 2152
3 2033 1252 1056
3 1252 3131 2987
3 2681 2591 66
3 1946 3198 1240
3 1654 1946 1689
3 1689 1946 1532
3 3281 2160 2442
3 2442 2160 1107
3 1107 2160 1013
3 3087 2991 2651
3 2651 797 3087
3 2003 2869 2296
3 1496 2968 2296
3 1496 2888 2116
3 546 2888 1067
3 2752 546 1067
3 2752 592 2582
3 1733 2752 1226
3 1733 138 1078
3 138 2385 1078
3 696 2385 1434
3 2385 696 2946
3 818 2264 3213
3 1400 3213 2264
3 3041 325 2660
3 1740 3084 3041
3 2937 3041 3084
3 1302 2698 1182
3 2660 2698 1302
3 2450 1770 494
3 2450 494 2438
3 2982 1850 3229
3 1877 1850 2982
3 169 2982 284
3 169 284 434
3 479 434 1275
3 1025 2982 2162
3 2162 1141 1025
3 1141 2162 2413
3 2982 433 2162
3 2413 2162 1258
3 135 433 2449
3 1258 135 1833
3 1833 512 2878
3 2878 512 3160
3 3160 512 859
3 1488 2878 3160
3 890 2772 1488
3 1489 954 2706
3 954 1489 2772
3 3226 363 1146
3 1146 363 1783
3 1783 2723 1146
3 363 3226 3017
3 2626 2198 1132
3 1702 1991 1710
3 259 1710 1991
3 2723 1795 949
3 1059 936 2274
3 2338 199 936
3 2978 936 199
3 199 694 2493
3 2762 2903 694
3 2493 694 2903
3 3256 704 600
3 3256 1422 1152
3 5 1152 2059
3 3216 908 2059
3 2059 110 965
3 2391 965 110
3 3074 2391 979
3 110 979 2391
3 1477 2391 3074
3 1477 599 2391
3 1477 3074 2445
3 2445 3074 156
3 156 3074 1140
3 2445 3289 3277
3 1425 2445 2897
3 1176 2897 2171
3 2897 2842 2171
3 2171 2842 2325
3 166 2780 1176
3 166 3139 2780
3 2778 824 3260
3 2587 3260 3248
3 2587 3248 3124
3 3260 2178 3248
3 3124 3248 1649
3 2662 866 2538
3 504 2538 866
3 667 3272 227
3 3272 667 633
3 667 2751 633
3 633 2751 2663
3 2414 3240 2663
3 1697 918 2297
3 1534 3137 391
3 3269 2223 3100
3 1522 1142 3115
3 1522 3115 1842
3 3115 327 3073
3 1842 3115 3147
3 3073 3147 3115
3 1153 228 1808
3 1808 1095 1678
3 1808 1678 1814
3 2556 2273 838
3 1916 1548 3123
3 2273 34 1983
3 2481 986 1507
3 1507 986 2097
3 290 2556 1407
3 2481 1891 1431
3 2481 1431 1127
3 2967 1300 2977
3 2977 1300 2893
3 1300 1865 2893
3 2247 2893 1865
3 61 2977 2987
3 2987 2681 3253
3 1654 1689 3228
3 1689 847 2855
3 407 2855 1996
3 820 1996 2354
3 843 1013 1542
3 1802 1013 3087
3 1802 3087 797
3 2815 3154 109
3 2170 3154 2003
3 1950 1105 2170
3 2968 133 2467
3 133 1870 2467
3 133 2968 1273
3 1870 133 184
3 1273 184 133
3 2600 78 1870
3 2467 78 469
3 2600 1870 3010
3 3010 1870 2166
3 1734 3010 2166
3 184 2411 1870
3 2166 1870 2411
3 2238 2166 2806
3 2411 2806 2166
3 1001 1669 787
3 12 787 1669
3 2411 12 1669
3 1001 787 1680
3 1001 1680 1408
3 1598 2592 1408
3 1598 161 2592
3 1092 198 3084
3 198 2226 3084
3 3113 69 1493
3 3113 1493 2601
3 190 3113 2601
3 190 1429 3113
3 2212 2971 300
3 300 1057 2212
3 2971 91 2999
3 2971 2999 300
3 1057 300 2210
3 1096 1196 1182
3 1182 1196 2850
3 1182 2698 2536
3 1511 2922 1456
3 2438 555 1511
3 2922 555 851
3 2704 2438 494
3 494 1770 2704
3 1456 2922 1255
3 944 394 1047
3 394 944 2458
3 2458 944 1597
3 1597 11 80
3 11 2373 80
3 2373 183 3173
3 183 1275 324
3 1364 324 1025
3 175 1364 1025
3 1364 2506 1220
3 1364 1220 3173
3 3027 1045 620
3 620 2699 1049
3 120 1833 2699
3 2699 186 1471
3 186 3002 1471
3 3002 2878 2659
3 2659 2878 97
3 2772 3292 1488
3 1853 2772 1489
3 1490 1853 1489
3 1490 398 1853
3 1853 398 1305
3 398 572 1305
3 1490 2632 2939
3 1738 2939 1917
3 1723 2632 3184
3 234 2180 4
3 1561 712 3184
3 2278 402 1392
3 2723 949 402
3 402 949 1392
3 2867 2147 3047
3 2917 3047 911
3 2978 2462 911
3 2917 911 2575
3 2978 2493 124
3 2978 124 436
3 436 124 1519
3 436 1519 1554
3 2371 1554 1519
3 2371 2903 126
3 2371 1998 1587
3 2543 1120 414
3 1998 3256 1120
3 1120 3256 384
3 1120 384 414
3 414 384 5
3 3256 1152 384
3 384 1152 5
3 2543 206 2732
3 2732 206 2085
3 206 1410 2085
3 1410 908 1398
3 1398 908 3216
3 306 1398 3216
3 1759 1398 306
3 1759 242 1398
3 733 1759 1342
3 733 1342 2629
3 2629 1342 1550
3 131 2629 1505
3 1550 1505 2629
3 1342 965 510
3 2780 3168 1176
3 1425 1176 3168
3 3052 2780 1670
3 2929 2314 1370
3 420 3178 606
3 606 1699 420
3 606 335 1914
3 606 1914 79
3 335 657 1914
3 2025 657 2598
3 2598 657 1856
3 1856 504 2598
3 1020 1236 1875
3 1236 3272 2207
3 1236 2207 275
3 1236 275 1875
3 1875 275 3170
3 2280 2207 1288
3 1288 358 2280
3 358 1288 1697
3 1697 1288 3099
3 2280 358 364
3 358 2297 364
3 2297 654 364
3 1030 2392 488
3 1030 488 2277
3 488 1746 2277
3 953 582 1876
3 582 654 155
3 582 155 1876
3 1876 155 1534
3 654 2297 155
3 1876 1955 953
3 1955 1876 2739
3 2739 1876 2104
3 2104 2961 2200
3 2961 391 474
3 474 391 3137
3 474 3269 2961
3 51 1031 3269
3 1031 2254 3269
3 1977 1315 51
3 839 1315 1675
3 1461 1055 2833
3 2833 1055 3164
3 3203 1727 2833
3 2833 1727 470
3 974 1762 3203
3 1585 974 3147
3 317 1585 3147
3 1585 317 2693
3 2268 2693 2320
3 2320 669 1814
3 669 533 1814
3 533 3147 1814
3 1814 3147 3073
3 1678 729 2320
3 729 1916 2192
3 3005 1580 2990
3 1916 2990 2840
3 3187 1101 2169
3 1983 1127 2465
3 2465 1127 1948
3 2465 1948 1101
3 1101 1948 282
3 1127 1431 1948
3 282 1948 1509
3 3098 2346 2851
3 2926 2851 2909
3 2909 2593 225
3 2593 748 1999
3 2593 2909 913
3 2987 3253 61
3 913 827 2593
3 748 2323 705
3 3253 2403 2323
3 68 2323 2403
3 1128 2403 514
3 3228 2403 3253
3 543 1046 407
3 2403 1046 514
3 543 1074 1046
3 1074 514 1046
3 1074 543 2546
3 1074 2546 2881
3 2881 3085 1074
3 1130 607 2546
3 607 1130 820
3 820 2289 607
3 820 1283 2289
3 2289 1930 607
3 816 1594 976
3 1636 816 976
3 976 1484 2089
3 109 597 664
3 1484 2088 690
3 2089 597 577
3 597 1409 577
3 1105 2092 1409
3 469 2046 2092
3 2358 469 2600
3 2358 2801 521
3 2533 1449 1863
3 1734 2166 2238
3 2806 2228 2214
3 3225 2806 2102
3 2067 3225 2102
3 2592 1669 1408
3 1408 1669 1001
3 2432 2326 1451
3 1396 2326 1786
3 1429 1989 1786
3 1989 1396 1786
3 1989 2112 1396
3 2241 1429 190
3 2241 2971 1874
3 2508 2486 2212
3 968 2212 2486
3 189 2610 2017
3 180 1255 2508
3 180 1057 1255
3 1932 2860 1174
3 2860 1904 1174
3 2135 1174 1904
3 1932 3 2860
3 2860 3 1597
3 2860 2373 3173
3 2860 354 1904
3 3173 1108 354
3 2327 1604 1108
3 3167 519 2574
3 2574 519 477
3 519 1049 477
3 3167 2574 2158
3 54 2542 3091
3 2574 1798 2542
3 1798 2674 2542
3 2542 2674 1195
3 1777 123 2659
3 2659 187 1777
3 187 1732 1777
3 123 1777 2674
3 1195 628 2586
3 2586 1610 1329
3 2378 2849 2939
3 1610 572 2849
3 2866 2379 1443
3 2692 1443 2051
3 1443 2379 792
3 2379 2753 526
3 2753 2378 526
3 2379 1917 503
3 503 1917 1432
3 1432 1917 1723
3 368 962 1054
3 962 2278 1054
3 815 2575 1893
3 1435 3058 2109
3 706 2575 2755
3 1129 1554 2543
3 1129 2543 2732
3 3181 1578 3048
3 1578 925 3048
3 925 2043 242
3 925 242 1759
3 242 2043 2085
3 925 733 2383
3 2629 852 842
3 842 852 441
3 441 852 2113
3 2113 852 2899
3 2899 1505 3052
3 2899 3052 2929
3 1699 1687 1413
3 1699 292 1687
3 1699 79 292
3 658 1314 79
3 292 79 1314
3 292 1314 1761
3 924 658 757
3 1914 2743 757
3 2743 1914 2025
3 1383 2332 102
3 2868 102 2332
3 2598 2868 2025
3 866 1020 2868
3 102 1299 140
3 140 1299 2277
3 3170 2277 1299
3 1030 3170 1208
3 1208 3170 2280
3 1338 140 2277
3 140 1338 1383
3 3238 1383 1338
3 1041 776 3238
3 1041 626 1800
3 3083 1746 2392
3 952 3083 2817
3 3083 709 2817
3 1323 48 1452
3 1452 48 1925
3 48 2128 2554
3 48 2554 1925
3 969 2128 2921
3 2739 2200 2128
3 2921 2128 2200
3 2921 2200 1626
3 2034 1626 2200
3 188 2254 3187
3 2254 2034 2961
3 839 1675 3187
3 1101 3187 1675
3 1906 3187 648
3 648 3187 3241
3 226 369 648
3 1906 369 2921
3 2790 3094 226
3 369 226 3094
3 3094 2921 369
3 1333 2790 425
3 1351 1333 425
3 813 2952 2790
3 813 2771 2952
3 2952 2771 650
3 650 225 1448
3 1448 225 2593
3 1448 2593 1999
3 2952 1448 2119
3 1448 2522 1203
3 2895 2522 869
3 2522 1478 2936
3 744 1074 3085
3 3085 1424 744
3 3085 2881 1547
3 1930 816 2881
3 1605 1424 2913
3 1137 2515 1690
3 1137 1690 235
3 235 1690 1223
3 2515 577 1690
3 2167 2847 1223
3 2938 2167 1564
3 2938 1564 1951
3 1533 2590 3116
3 1533 3116 1449
3 2260 1295 1449
3 1533 1449 1295
3 803 1533 1295
3 2260 1695 201
3 201 1695 2623
3 3070 2623 1721
3 1695 179 2623
3 2623 179 853
3 2176 853 909
3 909 788 2176
3 788 926 2176
3 2228 3225 909
3 3225 191 909
3 191 3225 2432
3 2326 1396 1451
3 1189 1989 2846
3 2241 725 1429
3 2241 3204 725
3 725 3204 3072
3 725 3072 2846
3 3271 1577 81
3 1271 3204 1874
3 1874 160 1271
3 1874 1563 160
3 2472 1896 1617
3 1682 1617 1896
3 1617 1682 3215
3 3174 1563 2589
3 2589 419 3174
3 3174 419 1703
3 419 3014 1703
3 3014 548 2461
3 189 1406 455
3 455 1406 2130
3 1108 1604 2563
3 2563 1138 1406
3 2130 1138 994
3 1138 1604 112
3 1720 2158 2609
3 1375 3091 1294
3 1139 1294 3091
3 1294 1139 2586
3 1294 2586 2020
3 2586 1329 610
3 104 2839 2378
3 736 2866 500
3 736 500 1038
3 1748 500 2692
3 2692 205 1748
3 205 2692 257
3 257 1165 205
3 73 1344 257
3 257 1344 1165
3 50 1344 73
3 1344 50 2416
3 1344 2416 3128
3 50 2905 2416
3 541 1201 50
3 2905 50 1201
3 541 2051 673
3 2110 216 833
3 673 2051 216
3 216 2051 1443
3 216 792 833
3 983 962 368
3 1537 412 983
3 1201 983 412
3 1537 603 412
3 412 603 2000
3 2000 1262 2905
3 693 1688 1228
3 1228 2279 693
3 1688 2066 3155
3 746 1688 1086
3 746 1086 1593
3 1593 3058 746
3 208 746 167
3 208 167 2588
3 1469 208 2588
3 167 3192 2588
3 2588 3192 95
3 2588 95 229
3 229 95 1696
3 3212 229 2245
3 3212 2245 508
3 2588 1928 1469
3 609 1524 87
3 87 1524 3064
3 1098 1524 609
3 2181 1098 2672
3 3189 663 1506
3 663 1164 1506
3 1506 1164 819
3 1164 842 1756
3 1756 842 441
3 2113 1756 441
3 2899 1241 2113
3 919 2113 1241
3 1241 2899 245
3 1241 245 1687
3 1687 245 1413
3 919 202 2654
3 1761 579 202
3 2930 579 200
3 579 1761 1314
3 1314 924 579
3 200 579 924
3 2930 595 1385
3 2156 2930 1458
3 1385 595 516
3 1385 3031 3057
3 3031 516 1609
3 3031 677 3057
3 1551 677 3031
3 1551 334 1915
3 2942 1075 1171
3 776 1171 1075
3 1665 2942 1171
3 1665 1171 2856
3 1665 2856 799
3 799 2856 3196
3 643 3190 2856
3 2476 3190 1888
3 750 2852 2476
3 750 1646 3081
3 1027 2539 1646
3 1646 1888 3110
3 1646 3110 1452
3 2202 1925 2554
3 2039 2554 969
3 3094 969 2921
3 969 3094 515
3 1351 1603 2398
3 2398 1603 2640
3 2119 2895 1603
3 2446 611 1899
3 3214 1221 1423
3 2446 575 1772
3 575 380 1772
3 1772 380 1965
3 575 869 380
3 1965 380 2936
3 1772 1965 2949
3 2949 3157 1772
3 1813 1420 2288
3 2949 1731 1420
3 3236 2115 2913
3 1731 1965 2697
3 1965 2936 2697
3 1605 2697 3141
3 2682 2217 1751
3 1751 3146 2682
3 462 3044 3146
3 1345 273 462
3 462 273 3044
3 2038 2847 1232
3 2117 2038 1232
3 2038 791 273
3 2117 1232 1301
3 2617 1244 236
3 2620 724 3183
3 1809 2960 724
3 724 2960 3183
3 2307 1160 3022
3 2307 3022 1369
3 2590 1804 3022
3 3022 1804 2807
3 3022 2807 567
3 3257 2715 3194
3 1804 803 2715
3 3070 2715 803
3 1721 661 3194
3 1721 157 661
3 157 1721 3096
3 1011 3096 1721
3 2108 2602 926
3 2779 926 2602
3 906 2779 2602
3 2466 2602 2108
3 2466 2108 465
3 2466 465 233
3 1065 233 44
3 233 465 680
3 233 680 44
3 465 788 2934
3 680 1359 45
3 680 45 44
3 44 45 1401
3 1359 2112 45
3 2112 1989 45
3 45 1989 1189
3 45 1189 1401
3 1692 2846 3072
3 1692 3072 1616
3 3072 3204 823
3 2205 3271 2799
3 2799 81 2472
3 2472 1979 2799
3 2799 1979 53
3 1979 3215 1124
3 1913 727 3215
3 1913 3014 2958
3 1913 3264 727
3 3264 2958 2361
3 2361 2958 287
3 2845 399 1379
3 1048 1379 399
3 2130 1796 455
3 399 1029 1048
3 994 698 2130
3 2191 2009 1940
3 2009 1765 2945
3 2945 1765 1131
3 2945 1131 1867
3 1765 3142 1131
3 1131 3142 3176
3 3176 263 1131
3 3176 3091 1375
3 3176 1375 1599
3 464 1403 1599
3 1294 522 464
3 1403 464 406
3 464 522 2565
3 464 2565 406
3 406 2565 880
3 2565 52 3205
3 52 610 3205
3 1466 1159 1834
3 747 2789 2470
3 3227 747 3006
3 3006 931 2639
3 783 1495 3128
3 1322 783 3128
3 1322 3128 330
3 3128 3097 330
3 2279 1228 1360
3 3079 3155 1205
3 2272 964 1469
3 1469 1193 2272
3 2813 1193 1151
3 1181 1782 3064
3 960 1782 2910
3 1181 3064 2071
3 2504 1181 2955
3 2071 2955 1181
3 2071 3064 3189
3 523 2444 1506
3 523 1506 313
3 313 1655 523
3 313 1506 681
3 681 1506 98
3 98 2654 879
3 98 879 681
3 1655 313 1959
3 1959 1367 697
3 697 1367 1064
3 2285 2829 2156
3 1064 2156 2829
3 2077 2285 830
3 2285 1458 830
3 1458 3057 830
3 2077 830 1206
3 3057 2914 850
3 963 2221 2535
3 3057 677 2914
3 3196 2535 2221
3 904 2315 2852
3 2852 3162 904
3 3162 3234 904
3 3162 878 3118
3 2852 750 3081
3 403 2539 2100
3 2100 1248 403
3 2100 1109 1248
3 2100 1230 1109
3 1109 1230 2035
3 2640 2915 2398
3 2398 2915 2202
3 2915 717 293
3 717 2640 204
3 293 717 204
3 1313 2070 2353
3 2353 1776 1313
3 1254 1704 3214
3 1937 2340 2603
3 1423 2603 2340
3 2603 1423 2561
3 2561 1772 3157
3 2635 2603 670
3 670 2524 2635
3 1813 2288 3156
3 914 1483 791
3 914 791 1987
3 1987 1967 914
3 2532 942 247
3 589 1987 2617
3 758 589 1150
3 758 1150 2313
3 1244 2075 236
3 2617 236 1674
3 2075 562 236
3 236 562 2549
3 236 2549 1674
3 2549 562 2620
3 2075 1809 562
3 1008 984 114
3 1008 2101 984
3 114 984 3279
3 114 3279 2605
3 2101 2283 984
3 367 1716 760
3 1716 367 3222
3 3222 1369 1716
3 3222 2307 1369
3 1716 2124 1994
3 2124 1428 1994
3 2807 177 2124
3 177 861 1428
3 2969 861 2447
3 3252 2447 2656
3 2807 2656 2447
3 1044 1264 2262
3 3257 1624 3051
3 3051 1624 1103
3 1574 1103 1624
3 1574 2678 1984
3 386 3096 1011
3 386 1011 906
3 906 2078 386
3 386 2078 2916
3 2078 3263 1168
3 1168 3263 2420
3 1845 3263 886
3 1806 1845 2615
3 1908 1845 1357
3 1908 1357 2824
3 1845 886 1357
3 2824 1357 1065
3 1692 1491 2824
3 1491 1692 1616
3 1908 1491 701
3 701 1491 1993
3 701 1993 1608
3 1491 1616 1993
3 1608 1169 1371
3 1215 1371 3250
3 1169 1993 2133
3 2165 2619 3076
3 2222 3076 2619
3 53 2165 3076
3 53 1382 2165
3 1382 1397 2165
3 53 1979 1382
3 3264 2630 2619
3 3264 2361 2630
3 2141 2630 2361
3 1961 46 203
3 46 793 203
3 793 287 2559
3 2559 287 2611
3 2197 2029 728
3 728 1921 2041
3 1378 875 1921
3 1921 2328 1378
3 2125 1940 2300
3 2527 1828 1097
3 1867 2527 2553
3 2527 880 2553
3 2544 2013 644
3 2544 1084 2013
3 2770 2013 1084
3 2770 1084 2470
3 1336 2770 1330
3 1336 1330 2342
3 1197 1336 2342
3 1197 2342 1954
3 1330 934 2342
3 2342 934 3011
3 934 1826 2251
3 1330 2770 2965
3 2770 2789 2965
3 1826 2479 2251
3 2965 977 1826
3 2479 1826 3227
3 977 3227 1826
3 2789 977 2965
3 178 1340 2740
3 3227 2702 2724
3 8 2724 2702
3 8 2702 2884
3 2702 3227 3286
3 1319 1650 2579
3 2639 1650 3286
3 1319 2579 2890
3 2890 2712 1319
3 2890 2579 783
3 783 2579 1495
3 1495 2579 2639
3 783 1322 2890
3 2308 1322 1494
3 1494 2612 2308
3 1494 3097 889
3 889 3097 1830
3 889 1830 2372
3 2372 2612 889
3 1238 2372 2954
3 2954 684 171
3 171 684 31
3 684 1360 2520
3 684 2520 31
3 3079 1068 1450
3 3079 1205 3245
3 1151 2305 484
3 484 2305 689
3 484 689 940
3 940 689 960
3 940 2537 1971
3 3247 1910 1528
3 2955 2594 3247
3 2594 2955 523
3 523 1655 2594
3 3247 2594 2359
3 1632 2359 2594
3 2359 1632 795
3 219 795 1632
3 1959 697 795
3 2359 2829 2077
3 2077 2829 2285
3 963 2535 1892
3 1892 2535 2211
3 3274 1892 1666
3 1666 2211 1592
3 1121 751 360
3 485 360 751
3 751 1121 3234
3 1995 3162 929
3 2661 3162 372
3 372 2891 2661
3 2661 716 2981
3 782 716 483
3 483 2498 782
3 2891 2498 483
3 2891 3118 520
3 1099 878 995
3 1736 1099 995
3 995 2434 1736
3 878 3081 995
3 1190 1109 2652
3 2652 1109 2035
3 2627 2901 1776
3 590 1776 2353
3 2627 493 2072
3 493 2647 2072
3 2647 1143 1297
3 660 1254 3214
3 1297 612 864
3 612 2340 3021
3 3021 1937 3261
3 3261 2812 3021
3 2613 2635 1366
3 2613 3025 1767
3 2532 564 942
3 1684 2532 1390
3 342 2313 1390
3 2134 1390 2313
3 2134 1032 1390
3 1032 1684 1390
3 1559 1032 2042
3 2134 2313 1150
3 1674 1150 589
3 2549 2620 2625
3 2605 1040 1844
3 2127 721 2605
3 1040 2605 1960
3 721 1960 2605
3 3191 3117 2283
3 2874 3191 2641
3 168 2969 3191
3 2641 3191 2969
3 3185 2304 2101
3 2101 2304 2283
3 2304 3185 2309
3 2309 3185 760
3 760 1994 2309
3 2309 491 1377
3 491 1428 876
3 876 861 2969
3 876 2969 168
3 2641 2969 1512
3 2641 1512 361
3 2969 2447 1512
3 1512 2447 2384
3 637 1363 3252
3 2384 3252 1363
3 1363 1545 2384
3 1384 1363 637
3 701 524 1908
3 3250 2087 2834
3 3250 3104 2087
3 3104 653 2087
3 2935 460 1167
3 460 381 2294
3 1233 639 2679
3 639 2222 2630
3 2222 2619 2630
3 1622 2457 892
3 2368 2870 2141
3 2141 3166 2368
3 1267 3166 2417
3 2118 1267 2998
3 2417 2053 1267
3 2053 2417 2036
3 774 172 2041
3 2041 2062 774
3 2041 875 2062
3 2148 2036 122
3 1988 774 2062
3 3011 999 1988
3 2802 2509 2143
3 103 442 3135
3 1644 2159 1340
3 1972 2069 1340
3 178 594 1970
3 594 8 2787
3 481 2712 36
3 481 36 2882
3 2882 36 1898
3 2712 2890 36
3 2308 832 1898
3 429 849 832
3 849 429 1238
3 2372 1238 429
3 2292 849 2705
3 2705 1516 2292
3 1516 2705 1949
3 1949 2705 1615
3 1520 1470 1145
3 1145 1868 1520
3 1868 1557 1520
3 1615 1520 1557
3 1145 1500 1868
3 742 1217 800
3 1450 1068 2436
3 1217 2436 3245
3 1217 3245 759
3 759 800 1217
3 800 3008 3126
3 898 3126 3008
3 814 898 2107
3 2107 3274 814
3 1361 497 2873
3 497 1528 1943
3 1528 1206 1943
3 2859 1943 850
3 3274 2655 987
3 2208 950 326
3 326 950 1376
3 950 2208 1666
3 1592 10 950
3 10 2981 950
3 947 1592 485
3 947 929 2981
3 2981 929 2661
3 1110 2981 716
3 1170 716 782
3 782 2498 1170
3 2498 215 1170
3 215 349 2749
3 699 2498 2891
3 699 2891 1188
3 2474 1188 3106
3 1188 2891 3106
3 15 3106 1736
3 454 15 1652
3 1652 15 2434
3 2455 3230 2621
3 3230 2455 2203
3 708 2203 2911
3 2455 1823 2426
3 1823 2647 864
3 1766 864 2843
3 1467 3021 2812
3 1764 1467 1857
3 1857 238 1764
3 238 1857 1831
3 1857 2812 1933
3 472 2812 3261
3 3025 1684 2400
3 286 1671 1373
3 1671 286 3029
3 1671 3029 2387
3 101 1112 3121
3 3121 2134 1211
3 3121 304 1358
3 1358 304 998
3 1358 998 1040
3 304 2625 998
3 1040 2500 1358
3 3233 721 2127
3 2121 270 2127
3 3233 2127 270
3 270 2121 775
3 775 1399 270
3 3258 444 775
3 775 3078 3258
3 775 2121 3078
3 2972 3078 361
3 3078 2121 3285
3 3285 2874 3078
3 3078 2874 361
3 3078 2972 3258
3 3258 2972 653
3 2793 3258 1114
3 3104 428 3258
3 1114 3258 428
3 3104 2376 428
3 1114 32 466
3 817 1679 865
3 2457 1679 892
3 1679 1926 892
3 2368 2894 2870
3 1290 2998 404
3 1239 923 471
3 2302 471 923
3 1661 623 1801
3 1801 623 2720
3 2720 2703 1485
3 2606 2720 2713
3 2703 2460 2919
3 2919 2460 2148
3 2148 870 1531
3 870 2802 1531
3 2148 1531 2919
3 2919 1531 2002
3 1531 2828 2002
3 2828 2756 3050
3 3075 2756 3135
3 1459 1391 2503
3 1459 560 1391
3 1391 560 1787
3 1644 2069 1459
3 1787 560 547
3 1459 1839 560
3 560 1839 329
3 560 329 547
3 2397 565 927
3 927 565 1941
3 1941 565 2584
3 2920 2584 3276
3 2584 49 1633
3 1569 1633 2006
3 49 2397 3067
3 2006 2882 1569
3 1898 2292 2882
3 2292 1898 849
3 1516 3054 2312
3 3054 1558 1938
3 1938 1558 559
3 1558 3054 2673
3 559 1558 2825
3 2673 1557 1868
3 2673 1868 2233
3 505 742 2658
3 505 2658 2892
3 2525 2811 731
3 2516 1163 2742
3 2742 1163 2655
3 2655 2012 2742
3 2012 2208 2742
3 2742 2208 326
3 2742 326 2862
3 2742 2761 2516
3 2319 1339 1820
3 2319 1820 769
3 1820 2175 769
3 2804 671 3033
3 671 2031 3033
3 3088 723 3259
3 723 2474 1113
3 2489 708 150
3 150 708 2729
3 150 2729 2665
3 708 2911 3153
3 213 3101 1922
3 1922 3101 2044
3 1922 2044 2426
3 1922 1766 3211
3 3211 1766 2843
3 3211 2843 382
3 1213 1764 2923
3 1213 2923 2082
3 2082 2711 1213
3 2164 2900 3102
3 806 2377 2164
3 1286 1475 86
3 2377 2145 1303
3 101 1576 2430
3 2430 1576 75
3 1499 1576 557
3 557 1576 2500
3 1576 3121 1358
3 1576 1358 2500
3 1960 3233 1707
3 2793 1691 1882
3 2793 466 2149
3 773 2452 3219
3 1691 3219 1499
3 345 2452 1017
3 2452 905 1017
3 682 554 1194
3 554 1618 3179
3 923 2774 905
3 1017 905 2774
3 1017 2730 1278
3 2730 1017 2774
3 2774 3037 2730
3 2730 2164 1278
3 85 301 2058
3 1246 937 993
3 993 3037 3175
3 1380 2606 1596
3 1596 2606 2821
3 2002 2828 2713
3 3163 3144 1426
3 93 3163 1426
3 3144 182 3127
3 772 2261 2503
3 2503 781 772
3 1787 1851 536
3 536 2953 1386
3 1386 2953 615
3 2953 1007 1381
3 2953 3042 1007
3 1009 649 416
3 1941 649 1009
3 1941 1009 927
3 649 1941 1694
3 2252 3276 1887
3 2252 1187 2657
3 2657 107 445
3 2224 445 107
3 107 1641 2224
3 107 2657 1187
3 1641 107 1938
3 1187 1938 107
3 1709 476 2224
3 476 1709 1549
3 1549 1660 872
3 1549 872 2517
3 1269 891 2525
3 801 2825 1125
3 1769 2892 801
3 812 801 2892
3 1677 2525 812
3 2760 1341 2295
3 2525 841 1269
3 741 2760 1395
3 2676 430 561
3 430 1805 561
3 1805 2316 2957
3 2316 2295 769
3 1924 106 2175
3 1924 2691 106
3 1394 106 2691
3 888 3003 1847
3 1847 3003 1869
3 3003 1332 1869
3 1869 1332 2352
3 732 1332 1668
3 1332 452 1668
3 1668 3023 948
3 2700 3237 860
3 2528 1235 2880
3 2822 2880 1235
3 88 94 2900
3 88 2900 3207
3 2377 1278 2164
3 85 3207 2023
3 85 2058 3207
3 3207 1611 2822
3 1611 2058 860
3 1380 2258 1246
3 314 1071 2700
3 3163 1071 314
3 3163 93 1071
3 142 1628 2246
3 2246 340 307
3 1628 1708 2246
3 2246 1708 340
3 307 340 1395
3 2347 1708 1426
3 2347 1426 3144
3 2174 772 2263
3 2068 2263 772
3 781 1386 2068
3 506 2068 1386
3 615 2953 1381
3 1381 2291 2545
3 422 1840 1007
3 1007 1840 2776
3 1050 461 1658
3 1840 1658 461
3 703 243 2224
3 703 1549 2040
3 2517 764 1642
3 1642 764 2111
3 764 1418 1931
3 1997 1931 741
3 1931 1418 622
3 1997 2551 2347
3 2886 1501 2263
3 2886 2263 2871
3 2886 2871 2111
3 718 2291 1681
3 2291 2776 461
3 461 1050 2291
3 1869 2352 2004
3 2311 307 685
3 2352 2311 685
3 307 1395 685
3 685 1395 828
3 828 2123 685
3 685 2004 2352
3 685 2123 2004
3 2004 2123 2646
3 2646 2676 765
3 765 2676 855
3 2957 3055 855
3 3055 2957 1394
3 106 1394 2316
3 218 3055 2766
3 2496 2766 2691
3 1895 549 2496
3 2766 2496 549
3 549 1895 1365
3 2004 1365 1895
3 1365 2004 2646
3 2246 732 948
3 142 2248 2700
3 1235 1282 94
3 94 1282 2711
3 2443 2711 1854
3 2252 1887 1552
3 551 865 1679
3 2418 961 2894
3 1326 1831 1671
3 2608 1211 2134
3 3011 1754 2342
3 1954 1754 2482
3 2482 2062 1378
3 2062 875 1378
3 2482 2125 1849
3 1754 1954 2342
3 1806 2262 43
3 2262 2420 43
3 3257 3051 1264
3 1264 3051 2420
3 3051 1973 1168
3 3051 1168 2420
3 1973 2727 1168
3 1168 2727 2916
3 2398 2202 1306
3 170 3141 1128
3 425 2790 2119
3 933 1405 418
3 1405 1695 1963
3 1695 2533 1963
3 2533 1685 1963
3 1963 1685 2214
3 1685 2238 2214
3 282 1509 2236
3 1675 2990 1580
3 1977 2840 2990
3 2192 2320 729
3 2192 2840 1461
3 2192 2268 2320
3 2268 470 2693
3 2693 470 1727
3 1762 974 1585
3 2392 953 709
3 2944 394 2458
3 1511 2210 2239
3 3100 1149 3269
3 1795 2723 1783
3 1783 2973 1795
3 2785 1407 1393
3 1503 2946 696
3 1503 2707 1952
3 3077 1368 696
3 1503 696 1368
3 268 3159 873
3 16 2437 2369
3 743 2329 805
3 2717 1473 1584
3 1473 1885 1584
3 2187 2596 3195
3 3195 2596 431
3 1177 2146 3195
3 1567 3244 2370
3 1304 2266 2074
3 132 1327 14
3 14 1327 2826
3 2230 1793 912
3 2421 3061 2492
3 3061 2301 2492
3 2993 809 3056
3 1629 2675 3125
3 207 3125 2675
3 1279 3020 3171
3 3193 254 2240
3 411 1607 3242
3 3275 2853 1902
3 3275 1902 691
3 2321 691 2022
3 2022 691 1902
3 691 2321 3266
3 2684 2321 2022
3 552 2765 2737
3 2021 2765 0
3 0 2765 552
3 2310 1791 2021
3 2021 1791 2992
3 1085 1791 2310
3 77 1784 1085
3 77 1085 2441
3 2310 2441 1085
3 2441 2733 1982
3 2757 1982 47
3 2757 47 2286
3 2709 1118 1982
3 2709 1982 2757
3 3275 2345 83
3 3266 2103 3275
3 691 3266 3275
3 2576 1231 1421
3 2491 1421 1231
3 2491 970 3036
3 1317 1778 2791
3 1541 2427 2060
3 2689 1541 2060
3 2689 2060 2534
3 2488 1730 3009
3 328 3009 258
3 1883 638 1005
3 811 1005 2992
3 811 2992 829
3 811 829 2093
3 116 2484 1881
3 2345 192 332
3 192 902 2055
3 902 192 2345
3 1003 2055 902
3 1003 902 3275
3 3275 902 2345
3 1781 2355 2576
3 3036 1781 1421
3 1421 1781 2576
3 3012 2010 423
3 1310 3012 2177
3 2177 3012 423
3 2177 423 2562
3 246 2010 1089
3 645 2562 246
3 645 246 3065
3 3065 246 1089
3 423 2010 246
3 423 246 2562
3 2271 3065 1089
3 2271 1089 2188
3 3036 970 1089
3 3036 1089 2010
3 970 2188 1089
3 99 2271 1253
3 3133 99 1253
3 598 1253 1317
3 1317 1253 2188
3 2188 1253 2271
3 3224 3134 513
3 513 3134 2427
3 3039 1541 2689
3 3039 2689 1094
3 1094 2689 3202
3 3202 2689 2488
3 328 3202 2488
3 328 2488 3009
3 630 3202 1546
3 2129 1546 1353
3 1353 1546 3032
3 3249 1883 1005
3 1433 1583 2173
3 1433 2173 811
3 3249 2173 1307
3 2090 1280 3267
3 2363 1553 2638
3 2638 1553 1957
3 2695 1957 1553
3 2695 1553 1866
3 2298 2695 3169
3 2084 631 2355
3 3231 2084 136
3 136 2084 2355
3 2120 2179 2229
3 585 1781 1155
3 3036 1155 1781
3 1058 2136 835
3 2407 1325 1460
3 1325 2407 835
3 3109 1325 2213
3 2213 1325 2177
3 2177 1325 1310
3 1310 1325 835
3 1460 1325 3109
3 1272 1640 2864
3 1272 2864 2989
3 3262 2864 1958
3 3262 1958 645
3 3262 645 3065
3 3065 1579 3262
3 99 3133 538
3 99 538 930
3 99 930 2271
3 1440 2645 1002
3 3093 2677 3133
3 3114 3132 598
3 3114 598 2906
3 2906 598 2791
3 1253 3093 3133
3 3093 1253 3132
3 3132 1253 598
3 3134 3208 2791
3 3114 2906 3208
3 3193 2240 3039
3 3039 630 3193
3 630 3039 1094
3 3210 1289 1953
3 1289 1976 1664
3 1976 1289 3210
3 608 2209 1964
3 608 939 2209
3 608 578 939
3 939 578 2865
3 2896 113 578
3 578 113 2464
3 578 2464 2865
3 1744 3268 837
3 1744 837 2896
3 113 2896 837
3 3268 1744 3267
3 2896 3267 1744
3 3268 3267 1354
3 58 3268 1768
3 58 1768 2298
3 2298 1768 1957
3 1957 1768 1354
3 1957 1354 2638
3 1354 1768 3268
3 897 3268 58
3 2721 1154 2193
3 3000 2063 2599
3 2599 2063 1825
3 2063 239 1825
3 1825 239 507
3 1036 1825 507
3 1154 507 239
3 1154 239 2063
3 2284 2768 1825
3 1036 2284 1825
3 1825 2768 152
3 1825 152 2599
3 3169 2284 1036
3 2284 3169 2768
3 2768 3169 2084
3 1062 3095 2037
3 2037 3095 3231
3 2037 3231 734
3 3231 3095 3130
3 767 1062 2037
3 810 767 2037
3 767 1852 1062
3 3060 2959 2232
3 3060 2232 2844
3 2459 2844 2232
3 1058 2844 2459
3 1058 2459 2120
3 2179 2120 2459
3 3105 2572 2844
3 3105 2844 1058
3 2136 1058 1144
3 1606 3060 1657
3 1070 1606 1657
3 835 2407 3105
3 835 3105 1058
3 2963 128 2407
3 2963 532 128
3 2963 2407 1460
3 3105 2407 128
3 3105 128 2572
3 2572 128 532
3 1207 532 365
3 365 532 2963
3 3020 365 2341
3 2341 365 2963
3 2341 2963 1460
3 532 1207 2572
3 2341 2386 3020
3 3171 3020 2386
3 3109 2386 2341
3 2213 2386 3109
3 2735 2386 2213
3 3171 2386 2735
3 2745 408 635
3 3125 2985 1513
3 527 1571 1812
3 59 1571 527
3 1083 2714 143
3 1815 1083 143
3 1083 1815 1033
3 1815 143 1334
3 2571 525 1815
3 1334 2571 1815
3 2571 1638 525
3 3093 2571 1334
3 3093 1334 2677
3 2571 3093 3132
3 1638 2571 3132
3 3217 665 1638
3 1556 417 1620
3 1620 417 3217
3 2424 1556 1620
3 2424 1620 3114
3 2424 3114 3208
3 3217 3114 1620
3 2643 1515 2994
3 2947 2643 2994
3 2360 1953 1289
3 2360 1289 2015
3 2015 1289 1664
3 2716 1521 2360
3 2716 2360 2015
3 1956 2716 1785
3 2816 1540 2865
3 939 1540 2209
3 2816 1023 921
3 1023 2816 2865
3 753 2680 1023
3 980 753 413
3 980 413 2741
3 2865 413 1023
3 1023 413 753
3 2098 2464 978
3 2464 2098 2865
3 2063 3000 3140
3 2063 3140 2193
3 2857 119 3000
3 2322 3140 3000
3 2322 3000 119
3 3235 1807 3095
3 1162 1807 3235
3 1162 3235 2808
3 2306 2808 3235
3 3235 1568 2306
3 2306 1568 2367
3 3150 2126 951
3 3150 951 2367
3 951 2126 3019
3 3150 92 2126
3 2633 3150 946
3 946 3060 601
3 601 3060 1606
3 3150 3060 946
3 2708 946 601
3 2708 601 920
3 920 601 581
3 581 601 1606
3 2183 581 1606
3 1207 89 424
3 1207 424 2572
3 2548 424 89
3 584 2183 2405
3 2877 1565 3026
3 1712 763 1981
3 65 763 1712
3 65 1712 672
3 672 1712 196
3 196 1712 1324
3 756 1324 1712
3 341 196 1324
3 341 1324 2653
3 1978 2863 707
3 2714 2494 2750
3 2714 2750 2985
3 2985 2750 997
3 1083 3045 2494
3 1083 2494 2714
3 2494 3045 2451
3 1033 3045 1083
3 587 2343 525
3 587 525 1638
3 525 2343 1815
3 587 665 2423
3 2423 665 1191
3 3061 2477 72
3 2477 2731 3062
3 2301 3061 72
3 1745 72 3062
3 3062 72 2477
3 1115 2301 72
3 1115 72 1745
3 2947 2301 1115
3 1582 1293 1186
3 1186 1293 1387
3 3061 1387 1293
3 3061 1293 2477
3 2477 1293 1582
3 2477 1582 2731
3 2583 1186 1848
3 1848 1186 1387
3 752 19 1848
3 752 1848 1204
3 752 1204 1780
3 1521 2138 2360
3 2648 2521 1437
3 921 2218 2648
3 921 2648 1437
3 2816 921 1437
3 2816 1437 1956
3 2816 1956 1785
3 1985 1321 2680
3 1985 2680 1975
3 2680 1321 2523
3 401 2523 1321
3 753 980 2680
3 1975 2680 980
3 2415 3278 1890
3 2206 1004 2415
3 2206 2415 3103
3 3103 2415 3287
3 3287 2415 766
3 2163 1004 2206
3 1614 2163 2206
3 2928 2253 1019
3 1004 2163 2293
3 632 959 640
3 632 640 1350
3 2650 1090 1614
3 687 1090 2650
3 1614 1090 22
3 90 2650 2206
3 2206 2650 1614
3 1912 1427 899
3 1912 899 2257
3 3197 2257 899
3 389 632 1350
3 389 1350 2831
3 2831 2510 3197
3 2510 2831 2808
3 2831 3197 389
3 1042 2306 1077
3 1077 2306 2367
3 2306 1042 2808
3 2808 1042 2510
3 2830 2510 1042
3 2830 1042 3019
3 3019 1042 1077
3 2830 3019 2794
3 2126 2547 3019
3 1335 2547 2800
3 2800 2485 1335
3 2800 2547 647
3 2887 2800 647
3 2800 1543 2485
3 1543 2800 2951
3 2887 2951 2800
3 1051 3046 2633
3 1935 2708 920
3 1935 920 1945
3 3265 692 3138
3 3265 2848 884
3 2848 3265 3138
3 1087 2848 224
3 1087 1645 2848
3 1087 224 125
3 224 2848 3138
3 1645 1087 2026
3 2026 1087 125
3 3082 1645 2519
3 2026 2519 1645
3 1799 2519 1402
3 1613 3270 1799
3 1613 1799 1402
3 57 1613 1156
3 2505 901 2754
3 2511 2754 2863
3 2511 2863 1978
3 2777 881 2451
3 2350 881 2777
3 2750 2494 881
3 2750 881 997
3 881 2494 2451
3 1818 2777 2451
3 1818 2451 2019
3 625 2933 2050
3 2050 1033 625
3 2343 625 1033
3 871 625 154
3 154 625 1479
3 60 871 1123
3 1123 871 154
3 1026 1737 212
3 3111 1026 212
3 3111 212 2423
3 154 2423 212
3 154 212 1123
3 1123 212 1737
3 1667 1737 2854
3 2854 1737 2150
3 2854 2150 2439
3 3111 3283 1026
3 2150 3283 726
3 726 3283 3111
3 147 2186 1582
3 147 1582 938
3 1566 1700 676
3 676 1700 2988
3 676 2988 2194
3 2687 1700 1566
3 2194 2988 1897
3 2431 1897 2016
3 2988 2016 1897
3 3080 377 2409
3 3143 2975 719
3 3018 1172 752
3 2664 209 1172
3 2664 1172 3018
3 3018 752 1780
3 19 752 1172
3 2521 3018 1780
3 2664 3018 2560
3 2560 3018 2521
3 2560 2648 2218
3 2979 2507 2560
3 2979 2560 499
3 2523 499 2218
3 2218 499 2560
3 1014 2507 2979
3 1014 2979 1739
3 1739 2979 679
3 1183 679 2979
3 1985 659 1321
3 1419 2826 1530
3 1327 132 2193
3 1327 2193 3284
3 1346 3284 3140
3 3140 3284 2193
3 2669 1251 2670
3 2783 2670 457
3 146 2322 1570
3 146 1570 2764
3 2764 1570 221
3 1570 2322 119
3 687 221 1090
3 197 1438 2357
3 2249 2759 197
3 2249 197 2357
3 2201 2256 2225
3 2201 2225 2030
3 318 2231 2738
3 2231 318 2139
3 2139 318 2925
3 2356 2419 2402
3 2356 2402 2794
3 2356 2794 2547
3 277 1543 2951
3 277 2951 2073
3 1343 652 2805
3 2805 2073 518
3 2073 2805 1886
3 1886 2805 652
3 1886 652 2375
3 2564 1343 2805
3 2564 2805 346
3 1728 2266 1304
3 1878 1728 1304
3 692 3265 3218
3 1942 1779 3265
3 1942 3265 453
3 2406 2395 619
3 2406 1717 2395
3 1717 2406 2
3 2 2406 1454
3 2336 1454 3082
3 2514 3270 2585
3 785 3220 2344
3 1538 1672 2754
3 2754 1672 2505
3 856 3172 3089
3 2604 3172 755
3 2604 755 2573
3 755 3172 856
3 1790 3172 2604
3 1790 2604 796
3 796 2604 903
3 903 2604 2573
3 2007 903 2986
3 2986 903 385
3 385 903 2573
3 903 2007 796
3 1752 2986 1818
3 385 2777 1818
3 385 1818 2986
3 845 2986 1752
3 2142 3030 2137
3 789 1788 2622
3 789 2622 1701
3 1352 1701 249
3 1352 249 2502
3 2502 249 265
3 265 249 1862
3 1862 249 1846
3 1846 249 1701
3 1566 2388 2150
3 1566 2150 726
3 3111 2687 726
3 676 2388 1566
3 2281 3015 2950
3 2281 2950 1052
3 3112 2950 111
3 111 2950 2194
3 3015 2194 2950
3 2431 3112 1897
3 1897 3112 111
3 1897 111 2194
3 2667 1525 339
3 2667 339 2428
3 2428 274 1320
3 1320 446 2114
3 446 1320 274
3 339 274 2428
3 528 446 2786
3 2786 446 274
3 2786 274 1523
3 659 2786 2885
3 2885 2786 1523
3 1714 2786 659
3 2792 2597 2781
3 1234 711 2422
3 1747 2701 711
3 1747 711 2995
3 711 2701 2220
3 1061 2701 1747
3 2783 1061 1747
3 2764 2701 1061
3 146 2764 1061
3 146 1061 2783
3 1438 2220 2701
3 1438 2701 2764
3 1234 2838 711
3 711 2838 2995
3 943 2838 1234
3 943 1234 2032
3 2422 2032 1234
3 2422 1331 2032
3 3209 2827 2249
3 1773 2249 2827
3 2837 55 2249
3 2837 2357 2225
3 2357 2837 2249
3 1430 55 2837
3 480 1430 2362
3 1018 2362 1430
3 700 2362 1018
3 700 1018 2250
3 279 2250 1018
3 2139 2925 967
3 967 2925 3244
3 2370 3244 1414
3 1763 3034 2419
3 1763 2419 2356
3 928 1705 2746
3 928 2746 2401
3 836 2401 2746
3 277 928 2401
3 2375 634 1886
3 1444 2375 1792
3 2290 1263 2330
3 2330 1263 1775
3 540 2045 2330
3 540 2330 1775
3 3251 2045 1860
3 2045 3251 2330
3 2564 1389 356
3 356 1389 1158
3 2618 370 1389
3 193 1728 896
3 2564 1728 1389
3 1389 1728 193
3 1389 193 2618
3 1439 2618 651
3 1497 3068 2858
3 868 2339 780
3 1347 2339 868
3 868 1497 2395
3 1497 868 780
3 1347 868 2064
3 2064 868 2395
3 3120 770 2064
3 771 3120 144
3 771 144 2841
3 2841 144 1717
3 2841 1717 1724
3 100 771 2841
3 1992 1822 1468
3 1468 1822 100
3 1468 100 2841
3 771 100 1822
3 2835 1416 1468
3 2835 1468 2514
3 2219 2835 2514
3 2404 2943 2932
3 2514 2932 2219
3 2219 2932 2943
3 1080 2932 2585
3 2585 2932 2514
3 1498 2334 2505
3 1498 2505 1672
3 1634 1498 1672
3 3221 3254 3004
3 867 3221 3004
3 867 3004 2966
3 2798 2189 2227
3 730 2189 2798
3 2820 730 2798
3 2820 2798 2463
3 2820 2463 1024
3 2463 331 2348
3 3066 468 288
3 3066 288 3030
3 1028 288 2463
3 2463 288 468
3 3066 2142 1441
3 1072 3066 1441
3 2153 2396 2270
3 1079 2270 2956
3 2956 2270 2469
3 2270 1079 580
3 1934 1079 2956
3 2529 1934 2956
3 2502 2529 2956
3 2502 2956 1352
3 1352 2956 2469
3 265 2908 2502
3 2907 3151 2057
3 1586 1052 2950
3 1066 2094 2718
3 1612 2718 973
3 973 2718 2094
3 973 2094 1683
3 3145 1612 973
3 3145 973 2047
3 3145 2047 778
3 2047 973 1683
3 778 2047 3112
3 2637 3112 2086
3 2637 893 2686
3 2637 2686 2380
3 2475 1457 3143
3 1811 2475 1259
3 1811 1259 1741
3 1741 1259 139
3 62 2810 42
3 62 42 3035
3 1889 2299 1527
3 1525 2667 1527
3 2667 2555 1527
3 27 2555 2428
3 27 2984 2555
3 2984 27 821
3 821 27 1901
3 1901 27 2428
3 2667 2428 2555
3 448 1320 2114
3 2428 1320 1901
3 1901 1320 448
3 1199 1676 1625
3 1199 176 2644
3 176 1199 1625
3 176 1625 2597
3 2490 2644 176
3 2490 176 2597
3 2490 2204 2644
3 2940 1900 2204
3 2940 2204 2157
3 2490 2235 2157
3 2490 2157 2204
3 2235 1544 2157
3 2235 2964 1544
3 2105 2964 943
3 3290 2964 1750
3 1750 2964 2105
3 2032 2105 943
3 1480 3290 1750
3 1198 3290 1480
3 1198 1480 2616
3 1265 1480 2105
3 2105 1480 1750
3 2668 2616 1480
3 1265 2668 1480
3 3209 480 2161
3 1879 3209 2161
3 700 2769 2362
3 3206 700 2250
3 3206 2250 3158
3 2480 3158 2250
3 194 2275 700
3 194 700 3206
3 1222 3206 3158
3 2767 3206 1222
3 2566 2767 2746
3 2746 2767 1222
3 2746 1222 3158
3 2275 194 3280
3 3280 194 2767
3 2767 194 3206
3 2375 1444 1705
3 501 1404 1817
3 1735 1817 1404
3 544 1817 1093
3 1817 1911 1093
3 1093 1911 2814
3 2814 1911 900
3 1817 900 1911
3 1860 1517 3251
3 3251 1517 602
3 2005 1517 1860
3 3282 2440 3068
3 2858 3068 1439
3 1439 3068 2440
3 1439 2440 674
3 2140 1832 1133
3 2140 1133 2339
3 2140 2339 1081
3 2997 975 2567
3 220 2997 2567
3 2974 2410 2351
3 2410 2974 220
3 2410 220 2795
3 2797 2351 2410
3 2943 1270 456
3 894 456 1270
3 2219 2943 2835
3 2835 2943 456
3 2835 456 894
3 2835 894 1416
3 336 1270 2943
3 336 2943 1648
3 1648 2943 2404
3 1627 3254 3221
3 2227 2904 798
3 804 3221 2904
3 2904 25 804
3 932 2054 1348
3 1348 2820 2889
3 2889 2820 1175
3 1175 2820 1024
3 614 165 1175
3 1175 165 2889
3 922 614 1175
3 922 1175 1024
3 165 614 2809
3 165 2809 883
3 447 2412 2061
3 957 2412 447
3 922 2061 1034
3 2412 1034 2061
3 895 2748 713
3 895 713 2614
3 2614 713 2348
3 895 1285 1555
3 64 1285 895
3 64 895 2614
3 2396 2027 2454
3 2396 2454 840
3 1492 808 1000
3 1126 1492 1000
3 1126 1000 2153
3 2394 2243 1126
3 33 2394 1126
3 33 1126 2153
3 2718 1463 1066
3 2094 1066 715
3 1472 531 762
3 762 531 3049
3 2637 3145 778
3 2637 778 3112
3 1816 1140 2578
3 2475 1043 451
3 1043 1811 1102
3 1102 1811 1741
3 2475 1811 1043
3 3165 2810 885
3 887 2329 1462
3 1462 2478 2325
3 2478 1462 743
3 743 1462 2329
3 2478 1742 2325
3 1713 164 1742
3 1713 1742 2478
3 1742 164 2634
3 2555 2984 1889
3 2555 1889 1527
3 2178 2634 164
3 2178 164 117
3 2984 117 1713
3 1713 117 164
3 1649 3248 821
3 821 3248 2984
3 117 2984 3248
3 117 3248 2178
3 1465 702 2433
3 3223 683 498
3 1711 498 683
3 2216 1316 1311
3 1725 2369 989
3 1725 989 222
3 989 2369 1962
3 2690 2631 2823
3 2690 2823 2758
3 3100 2052 1173
3 3100 2223 2052
3 992 3100 1173
3 2823 2052 2758
3 2758 2052 2223
3 2941 992 1173
3 1021 1173 2052
3 1021 2052 467
3 467 2052 1544
3 1544 2052 2823
3 2941 1173 1021
3 877 617 1184
3 1184 617 1198
3 1184 1198 2616
3 1198 617 3290
3 2408 877 1184
3 1835 1184 2616
3 1835 2616 2668
3 3086 1122 2182
3 230 1518 1122
3 2161 362 1879
3 2628 1518 230
3 2628 230 1337
3 2333 1180 3199
3 1526 3291 2333
3 3280 2333 2275
3 3291 3148 1944
3 3291 1944 115
3 115 1944 1088
3 1944 3069 1088
3 2879 2734 3069
3 2879 3069 1944
3 2879 1944 1415
3 1218 3059 2879
3 1936 1218 2879
3 1936 2879 1415
3 1905 2001 28
3 1905 28 761
3 761 28 2290
3 28 1936 2290
3 1010 1905 761
3 1936 28 2001
3 244 2152 2425
3 739 2425 2152
3 1404 2152 244
3 1404 244 1735
3 1735 244 2425
3 996 2152 1404
3 996 1404 501
3 996 501 1817
3 996 1817 2499
3 3131 2152 996
3 613 3131 996
3 613 996 2591
3 3198 2591 996
3 3198 996 2499
3 2440 1969 1093
3 544 1093 1969
3 2440 1093 2814
3 1600 1240 17
3 1600 17 2140
3 1600 2140 2442
3 2140 17 459
3 1081 2442 2140
3 2160 3281 2530
3 2530 3281 988
3 3087 2160 2530
3 1858 2997 210
3 2991 1974 2651
3 210 1974 1858
3 1858 1974 2991
3 2918 322 1974
3 2918 1974 2974
3 2888 322 2918
3 2752 1067 2144
3 2752 2144 844
3 2797 1434 2351
3 1503 1368 2707
3 1648 2707 1368
3 3077 1270 336
3 894 1270 2410
3 2410 1270 3077
3 2410 3077 2797
3 1368 3077 336
3 1368 336 1648
3 1952 289 1287
3 1952 1287 1980
3 1287 289 2719
3 804 1627 3221
3 1287 1627 804
3 1627 1287 2719
3 1503 1952 3186
3 1503 3186 2946
3 3186 1952 71
3 71 1952 1980
3 3239 2264 3186
3 2264 818 3186
3 1474 3239 71
3 71 3239 3186
3 2889 1318 1348
3 932 1348 1318
3 932 1318 3239
3 3239 1318 2889
3 3239 2889 883
3 2809 2541 1400
3 1400 2541 325
3 325 2541 2660
3 1166 2698 2660
3 1166 2660 2541
3 1166 2541 1034
3 1166 2412 195
3 1166 195 2698
3 2698 195 3001
3 3001 195 957
3 3001 957 3063
3 957 195 2412
3 3182 1015 3001
3 3001 1015 2536
3 2536 1015 2237
3 2237 1015 2450
3 2237 2450 2438
3 3001 2536 2698
3 3182 2450 1015
3 784 3182 1161
3 958 262 1514
3 1514 262 784
3 958 1514 1838
3 1838 1514 2558
3 2454 1555 1285
3 1555 2454 2558
3 2558 2454 2027
3 2449 3229 857
3 2449 859 512
3 859 2449 857
3 1492 1276 808
3 890 2243 2581
3 890 2581 2772
3 954 2772 2581
3 954 2581 2706
3 1035 2706 2581
3 1035 2581 2243
3 3016 2706 2394
3 2394 2706 1035
3 2394 1035 2243
3 2636 3017 3226
3 2198 2973 916
3 2198 916 1132
3 2636 2518 2973
3 2973 2518 916
3 1132 916 2429
3 2518 2429 916
3 2636 3013 2518
3 1810 2429 3013
3 2744 1810 3013
3 1132 2429 1810
3 3013 2429 2518
3 2626 1132 1810
3 2626 1810 2607
3 2607 1810 3108
3 2744 3108 1810
3 1710 2626 2607
3 1710 2607 2389
3 1059 2374 2338
3 1328 2338 2132
3 704 1663 600
3 2513 1422 710
3 710 1422 2065
3 3180 2335 2513
3 3180 2513 710
3 2303 3180 710
3 979 26 2513
3 26 1179 2513
3 2059 1179 110
3 110 1179 26
3 110 26 979
3 2876 979 2335
3 2335 979 2513
3 2832 3289 1635
3 3165 1635 3289
3 885 1635 3165
3 2842 2832 1462
3 2832 887 1462
3 2832 1635 887
3 2325 2842 1462
3 2634 2325 1742
3 1104 3124 2983
3 2983 3124 534
3 588 2662 1104
3 588 1104 2983
3 227 3272 2983
3 2751 227 3223
3 2751 3223 498
3 1296 463 1148
3 2758 2487 2690
3 3099 2265 2487
3 918 826 3137
3 3269 3137 826
3 1142 992 2941
3 1142 2941 3115
3 2408 228 390
3 1808 228 2408
3 1095 1808 2408
3 1095 2408 2028
3 2028 2408 1117
3 2182 1122 2399
3 2182 2399 1835
3 720 2333 115
3 2333 720 1180
3 596 1180 720
3 1088 2803 115
3 115 2803 720
3 596 720 2803
3 1656 3255 982
3 2028 3255 1548
3 1548 3255 838
3 838 3255 1656
3 838 3123 1548
3 2556 838 1656
3 1715 3059 2001
3 1715 2001 458
3 2001 3059 1218
3 1507 1407 2785
3 2785 490 1507
3 1507 490 2331
3 490 2785 151
3 2172 2331 490
3 2172 490 509
3 509 490 151
3 2349 2152 3131
3 2681 2987 3131
3 2591 2681 613
3 3131 613 2681
3 1968 66 2591
3 1968 2591 1654
3 3198 1946 2591
3 2591 1946 1654
3 1532 1600 1107
3 1600 1532 1946
3 1600 1946 1240
3 1107 1600 2442
3 3154 2869 2003
3 1273 2968 1496
3 291 184 1273
3 787 291 2116
3 2116 291 1273
3 2116 1273 1496
3 1680 787 2116
3 1680 2116 2582
3 2752 2582 546
3 2888 546 2116
3 2116 546 2582
3 1680 2582 261
3 592 261 2582
3 2226 592 1733
3 2226 1680 261
3 2752 1733 592
3 592 2226 261
3 2226 1733 1749
3 1078 1749 1733
3 2226 2937 3084
3 1749 2937 2226
3 3213 2937 1749
3 3213 3041 2937
3 325 3041 1400
3 3213 1400 3041
3 1268 3084 1740
3 69 1268 1493
3 1493 1268 2850
3 91 2601 1022
3 1022 2601 1493
3 1022 1493 2850
3 1022 2850 1196
3 2704 1877 851
3 1877 2704 1850
3 74 1877 169
3 1047 74 434
3 1047 434 479
3 434 74 169
3 324 1275 434
3 324 434 284
3 324 284 1025
3 2982 1025 284
3 1258 2162 135
3 433 135 2162
3 2699 1833 2878
3 97 2878 1488
3 4 2180 3226
3 4 3226 1146
3 363 3017 1783
3 2973 1783 3017
3 259 2198 2626
3 1991 2973 2198
3 1991 2198 259
3 1710 259 2626
3 1795 2867 949
3 2147 2867 807
3 1991 807 2867
3 1991 1702 807
3 1991 2867 1795
3 2274 2147 807
3 2274 807 2872
3 2872 807 1702
3 1059 2274 2374
3 2374 2274 2872
3 2147 1743 3047
3 1743 2274 936
3 2274 1743 2147
3 911 3047 1743
3 911 1743 2978
3 2978 1743 936
3 694 199 1328
3 1328 199 2338
3 1179 2059 1152
3 1179 1152 1422
3 510 965 2391
3 510 2391 599
3 3168 599 1477
3 3168 1477 1425
3 2445 1425 1477
3 1176 1425 2897
3 2832 2842 3289
3 2780 3139 2314
3 2780 2314 1670
3 1266 2364 2778
3 1266 2778 3260
3 2778 2364 3178
3 3124 1242 2587
3 1242 1595 2587
3 1104 2538 1595
3 1104 1595 1242
3 1104 1242 3124
3 1266 3260 2587
3 1266 2587 556
3 1266 556 2364
3 1595 2538 2587
3 2587 2538 556
3 504 2364 556
3 504 556 2538
3 3272 2662 588
3 2663 2751 2414
3 2265 3099 2663
3 2690 2265 2663
3 2690 2663 3240
3 155 2297 3137
3 155 3137 1534
3 3137 2297 918
3 3269 474 3137
3 1149 3100 1055
3 1055 3100 3164
3 3123 838 2273
3 2465 3005 2273
3 2465 2273 1983
3 2331 2481 1507
3 1891 2481 2331
3 2346 3098 1891
3 1891 3098 1431
3 2851 2346 400
3 2851 400 2909
3 991 400 2346
3 991 2346 2967
3 913 2909 400
3 913 400 991
3 61 991 2967
3 2977 61 2967
3 350 3228 3253
3 2681 350 3253
3 350 2681 66
3 3228 1968 1654
3 66 1968 350
3 350 1968 3228
3 2855 3228 1689
3 2354 1996 847
3 847 1532 2354
3 843 2354 1532
3 2855 847 1996
3 1283 820 2354
3 2354 843 1542
3 1283 2354 1542
3 690 1542 1802
3 2815 690 1802
3 797 2815 1802
3 1013 1802 1542
3 1542 690 1283
3 1283 690 2088
3 109 3154 2170
3 1105 1950 2092
3 2092 1950 2467
3 78 2467 1870
3 469 78 2600
3 2102 2806 2411
3 12 2411 291
3 12 291 787
3 291 2411 184
3 2875 2592 161
3 2592 2875 1786
3 2592 1786 2326
3 1092 2875 161
3 2875 1092 3113
3 69 3113 1092
3 69 1092 3084
3 1268 69 3084
3 2999 2210 300
3 2999 129 3040
3 1196 129 1022
3 129 2999 1022
3 3040 2210 2999
3 3040 129 1196
3 3040 1196 1096
3 91 1022 2999
3 2239 3040 1096
3 2239 1096 2536
3 2536 1096 1182
3 2438 1511 2237
3 2237 1511 2239
3 2237 2239 2536
3 1456 2210 1511
3 555 2922 1511
3 2704 851 555
3 2438 2704 555
3 1255 2922 1119
3 1255 1119 2944
3 2595 1119 2922
3 394 2944 1119
3 394 1119 2595
3 1047 394 2595
3 1047 2595 74
3 74 2595 1877
3 1877 2595 851
3 1364 3173 183
3 1364 183 324
3 2506 1364 175
3 1049 519 620
3 3292 2659 97
3 3292 1853 1305
3 3292 2772 1853
3 2849 572 398
3 2939 2849 1490
3 1490 2849 398
3 2939 2632 1723
3 2939 1723 1917
3 1561 3184 2632
3 1146 1561 4
3 4 1561 2632
3 4 2632 234
3 2278 3184 712
3 2278 712 402
3 2867 3047 1392
3 949 2867 1392
3 815 2917 2575
3 911 2462 2575
3 1554 2371 1587
3 2543 1587 1120
3 1120 1587 1998
3 2543 1554 1587
3 599 1550 510
3 1342 510 1550
3 3052 1505 1550
3 3052 1550 3168
3 599 3168 1550
3 2780 3052 3168
3 2314 2929 1670
3 3178 1370 3139
3 420 1370 3178
3 2778 3178 3139
3 2314 3139 1370
3 1413 2929 1370
3 1413 1370 1699
3 1699 1370 420
3 79 1699 606
3 2025 1914 657
3 504 1856 2364
3 3178 2364 1856
3 1020 2662 1236
3 1236 2662 3272
3 2662 1020 866
3 2280 3170 275
3 2280 275 2207
3 1746 488 2392
3 953 2392 582
3 709 953 1323
3 1323 953 1955
3 2961 2034 2200
3 839 1031 1315
3 1315 1031 51
3 2990 1675 1315
3 1977 2990 1315
3 2840 1055 1461
3 1055 2840 1977
3 1055 1977 1149
3 669 2320 2693
3 2990 1916 3123
3 2990 3123 3005
3 2273 3005 3123
3 3241 3187 2169
3 1509 1948 2366
3 2366 1948 1431
3 3098 2366 1431
3 2851 2926 2722
3 2851 2722 3098
3 3098 2722 2366
3 2771 2926 2909
3 748 827 2323
3 2593 827 748
3 3253 991 61
3 991 3253 827
3 991 827 913
3 3141 705 2323
3 3141 2323 68
3 3141 68 2403
3 3141 2403 1128
3 67 2403 3228
3 1046 2403 67
3 67 2855 1046
3 1046 2855 407
3 2855 67 3228
3 816 1930 1594
3 410 976 2089
3 2924 976 410
3 2515 410 2089
3 597 2089 664
3 2089 1484 664
3 109 664 2815
3 2815 664 1484
3 2815 1484 690
3 1690 577 1409
3 1690 1409 2046
3 1690 2046 2267
3 2092 2046 1409
3 2358 2267 2046
3 2358 2046 469
3 2167 2267 2358
3 1564 2167 521
3 2358 521 2167
3 1990 1951 2883
3 1951 1564 2883
3 3024 1990 2883
3 3024 2883 2801
3 2883 521 2801
3 521 2883 1564
3 3116 3024 280
3 3116 280 3010
3 3010 280 2600
3 2600 280 2801
3 2801 280 3024
3 2590 3024 3116
3 2214 2238 2806
3 3225 2228 2806
3 2067 2432 3225
3 2592 2326 2067
3 1669 2592 2067
3 2432 2067 2326
3 2846 1989 725
3 725 1989 1429
3 968 1874 2971
3 2212 968 2971
3 2589 1563 2486
3 2011 2589 2486
3 2011 2486 1216
3 1216 2486 2508
3 1216 2508 2610
3 2944 2610 1255
3 2610 2508 1255
3 2017 2610 2944
3 397 2017 2135
3 2135 2017 1174
3 1349 1604 2327
3 1349 2327 1720
3 1720 2327 1220
3 1220 2327 3173
3 1720 2506 3167
3 2506 1720 1220
3 2674 1777 628
3 2674 628 1195
3 628 1777 1732
3 2586 628 1610
3 1610 628 1732
3 2849 2378 2839
3 1610 2849 2839
3 1610 2839 1329
3 2866 1443 2692
3 833 792 503
3 503 792 2379
3 962 2282 2278
3 3184 2278 2282
3 1537 2917 815
3 1537 815 1893
3 603 2109 3058
3 603 3058 1593
3 603 1593 2000
3 1086 2000 1593
3 95 3192 1134
3 2462 436 1129
3 2462 1129 2755
3 2462 2755 2575
3 1129 935 2755
3 3192 706 2755
3 3192 2755 935
3 3192 935 1134
3 1134 935 2732
3 1134 2732 3181
3 2732 935 1129
3 1696 95 1134
3 3048 1696 3181
3 3181 1696 1134
3 2383 1098 2245
3 2383 2245 3048
3 2383 3048 925
3 842 2672 2629
3 2629 2672 733
3 733 2672 2383
3 924 1314 658
3 334 757 2743
3 1915 2743 1075
3 1075 2743 3238
3 3238 2743 2332
3 2743 1915 334
3 1030 2277 3170
3 1171 776 1909
3 1909 776 1041
3 76 1171 643
3 1800 1909 1041
3 1171 1909 643
3 1237 643 1800
3 1237 1800 952
3 952 1800 3083
3 3083 1800 1746
3 1746 1800 626
3 1909 1800 643
3 3190 1237 1888
3 1888 1237 2817
3 952 2817 1237
3 1888 2817 3110
3 3110 2817 709
3 1323 1452 3110
3 1323 3110 709
3 969 2554 2128
3 1906 1626 2254
3 1906 2254 188
3 2254 1626 2034
3 1031 839 2254
3 2254 839 3187
3 369 1906 648
3 1333 3094 2790
3 1448 2952 650
3 1448 1203 2119
3 2895 2119 1203
3 2895 1203 2522
3 380 869 2936
3 2522 2936 869
3 312 1478 487
3 2697 2936 312
3 2697 312 487
3 2697 487 3141
3 3141 487 1478
3 1478 312 2936
3 705 3141 1478
3 705 1478 1372
3 2115 1605 2913
3 2515 3236 410
3 410 3236 2924
3 1137 2217 3236
3 2217 1137 1751
3 1137 3236 2515
3 235 1751 1137
3 1223 1690 2267
3 2847 2167 1232
3 2938 1232 2167
3 1301 1232 2938
3 1653 3183 2960
3 3024 2168 1990
3 1990 2168 1653
3 1990 1653 2960
3 1990 2960 1951
3 1951 2960 1453
3 2590 2168 3024
3 803 1804 2590
3 803 2590 1533
3 201 1295 2260
3 2623 3070 201
3 1295 201 3070
3 2779 2176 926
3 2623 2176 2779
3 2176 2623 853
3 191 788 909
3 2934 788 2432
3 191 2432 788
3 1577 3204 1271
3 1896 81 1577
3 1896 1577 160
3 160 1577 1271
3 1563 1874 968
3 1563 968 2486
3 2472 81 1896
3 3174 3215 1682
3 2845 2461 1147
3 1796 2845 1147
3 1796 1147 455
3 548 1147 2461
3 455 1651 189
3 1651 1147 548
3 1651 548 2011
3 1147 1651 455
3 2610 189 1651
3 2610 1651 1216
3 2011 1216 1651
3 2130 1406 1138
3 1939 1411 668
3 3142 1939 668
3 41 1411 1939
3 1765 1939 3142
3 3142 668 112
3 1138 112 994
3 994 112 668
3 994 668 1411
3 994 1411 698
3 1720 2609 1349
3 2609 3142 1349
3 2609 1502 3142
3 1349 3142 1604
3 1604 3142 112
3 54 3091 1502
3 54 1502 2609
3 2542 54 2609
3 2609 2158 2542
3 2574 2542 2158
3 610 2020 2586
3 1329 3205 610
3 1159 3205 2839
3 1159 2839 104
3 1329 2839 3205
3 2866 736 104
3 2866 104 2753
3 104 736 1159
3 1834 1159 232
3 1834 232 1038
3 1834 1038 2470
3 2470 1038 3006
3 736 1038 232
3 736 232 1159
3 931 3006 1748
3 500 1748 1038
3 1038 1748 3006
3 962 983 2110
3 962 2110 2282
3 2282 2110 833
3 541 673 1201
3 1201 673 2110
3 1201 2110 983
3 216 2110 673
3 2279 3128 2416
3 693 2279 2416
3 693 2416 1262
3 1262 2416 2905
3 1688 693 1262
3 1688 1262 1086
3 1482 1228 1688
3 1482 1688 3155
3 2066 1688 746
3 964 208 1469
3 746 208 964
3 746 964 2066
3 229 3212 1928
3 229 1928 2588
3 229 1696 3048
3 229 3048 2245
3 2305 1928 3212
3 2181 3189 1524
3 3064 1524 3189
3 2181 1524 1098
3 2672 1098 2383
3 663 3189 2181
3 1756 819 1164
3 2654 819 1756
3 2654 1756 919
3 2113 919 1756
3 2930 2654 202
3 579 2930 202
3 2654 2930 879
3 2156 1064 879
3 2156 879 2930
3 3057 1458 1385
3 1385 1458 2930
3 2526 677 1551
3 2683 2526 1551
3 2683 1915 688
3 1551 1915 2683
3 1075 688 1915
3 2942 688 1075
3 1292 1665 799
3 1665 1292 2942
3 2856 76 643
3 1171 76 2856
3 2315 2856 3190
3 2539 3081 1646
3 2202 2915 1230
3 1230 2915 2035
3 1306 2202 2039
3 515 2039 969
3 2554 2039 2202
3 515 1016 1306
3 515 1306 2039
3 3094 1016 515
3 1351 2398 1306
3 1351 1306 1016
3 1351 1016 1333
3 1333 1016 3094
3 611 2640 1603
3 611 1603 2895
3 611 2895 1899
3 2070 2276 917
3 2070 917 1704
3 917 2276 749
3 2446 749 611
3 611 749 2276
3 611 2276 2640
3 3214 1704 917
3 3214 917 1221
3 1221 917 749
3 2446 1221 749
3 2561 1423 1221
3 2561 2446 1772
3 2446 2561 1221
3 3157 2949 2242
3 1813 2242 1420
3 1420 2242 2949
3 153 2288 1420
3 153 1420 542
3 153 542 3236
3 3236 542 2115
3 2115 542 1731
3 1731 542 1420
3 2115 2697 1605
3 1731 2697 2115
3 2682 2288 153
3 2682 153 3236
3 2682 3236 2217
3 3156 2288 2682
3 3156 2682 3146
3 2847 2038 273
3 2617 1987 2038
3 2617 2038 2117
3 2038 1987 791
3 1244 2617 2117
3 2620 3183 1185
3 3222 1185 2307
3 3183 2307 1185
3 1160 2307 3183
3 1160 3183 1653
3 2168 2590 3022
3 2656 2715 1044
3 1044 2715 3257
3 2715 2656 2807
3 3070 3194 2715
3 886 2602 2466
3 1357 886 2466
3 1357 2466 233
3 1357 233 1065
3 2934 680 465
3 823 1616 3072
3 3271 1616 823
3 1577 3271 3204
3 3204 3271 823
3 1993 1616 3271
3 1993 3271 2133
3 1249 287 2958
3 1249 2958 3014
3 2611 287 1249
3 2845 2611 874
3 2845 874 2461
3 1249 2461 874
3 1249 3014 2461
3 1249 874 2611
3 728 2029 1662
3 1662 2029 1379
3 1379 2029 2845
3 2845 2029 2611
3 2611 2029 2197
3 2611 2197 2559
3 1662 1379 1048
3 1029 399 1796
3 2845 1796 399
3 1029 1796 698
3 698 1796 2130
3 41 1200 1029
3 41 1939 1200
3 1411 41 1029
3 1411 1029 698
3 1048 1029 1200
3 1048 1200 2009
3 1048 2009 2191
3 2945 1940 2009
3 3205 985 2565
3 985 3205 2544
3 1466 1084 2544
3 1466 2544 3205
3 2470 1084 1834
3 1466 1834 1084
3 3227 2789 747
3 1650 2639 2579
3 2279 3097 3128
3 1830 3097 1360
3 2279 1360 3097
3 2520 1360 308
3 308 1360 1228
3 2520 1482 3155
3 1228 1482 308
3 308 1482 2520
3 3079 2520 3155
3 2796 1205 2215
3 2796 2215 768
3 2215 1205 2435
3 2435 1205 3155
3 964 2272 2066
3 2066 2272 2435
3 2066 2435 3155
3 2324 2435 2272
3 2324 1193 2813
3 1193 2324 2272
3 2305 1151 1193
3 2305 1193 1928
3 1928 1193 1469
3 1060 2305 3212
3 689 2305 1060
3 960 689 1082
3 1082 689 1060
3 1082 1060 3212
3 1782 960 1082
3 1782 1082 3064
3 3064 1082 87
3 87 1082 3212
3 2910 1782 1245
3 1245 1782 1181
3 1245 1181 2504
3 3189 2444 2071
3 2955 2071 2444
3 523 2955 2444
3 98 1506 819
3 98 819 2654
3 850 830 3057
3 2914 2221 963
3 2526 2221 2914
3 2526 2914 677
3 799 3196 834
3 2526 834 2221
3 2221 834 3196
3 1292 2526 2683
3 1292 799 834
3 2942 1292 2683
3 2942 2683 688
3 834 2526 1292
3 405 945 904
3 904 945 2315
3 2476 2852 2315
3 3190 2476 2315
3 3234 405 904
3 372 3162 3118
3 372 3118 2891
3 995 3081 1248
3 2539 403 3081
3 3081 403 1248
3 717 2915 2640
3 1923 204 2276
3 1923 2276 2070
3 2276 204 2640
3 2070 1313 1923
3 2635 3261 2603
3 1111 2524 670
3 1111 3157 2242
3 1111 670 3157
3 2524 1111 802
3 3156 802 1813
3 1813 802 1111
3 1813 1111 2242
3 2524 802 2468
3 2468 802 3156
3 3146 2468 3156
3 1967 247 2818
3 247 942 2818
3 914 1967 3071
3 1967 2818 3071
3 1483 914 3071
3 342 2532 247
3 342 247 2313
3 2313 1967 758
3 758 1967 1987
3 1967 2313 247
3 2620 562 724
3 724 562 1809
3 2550 2620 1185
3 2550 1185 1008
3 3222 1008 1185
3 3279 984 3117
3 3117 984 2283
3 1994 760 1716
3 177 1428 2124
3 876 1428 861
3 2656 2262 3252
3 2262 2656 1044
3 2916 3096 386
3 1168 2916 2078
3 43 2420 3263
3 1806 43 3263
3 1806 3263 1845
3 2615 1908 524
3 1845 1908 2615
3 1491 1908 2824
3 320 3250 1371
3 320 1371 1169
3 381 320 347
3 381 347 2294
3 1169 347 320
3 489 3288 3271
3 2222 489 3271
3 2133 3271 347
3 2133 347 1169
3 2205 2222 3271
3 2165 1397 2619
3 3232 2417 1961
3 3232 1961 203
3 3166 1961 2417
3 281 3232 203
3 281 203 793
3 260 3232 2197
3 281 2197 3232
3 3232 260 2041
3 2041 260 728
3 2197 728 260
3 172 3232 2041
3 875 2041 1921
3 1048 2191 1662
3 1662 2191 2328
3 2328 2191 1940
3 2125 2328 1940
3 2553 2300 2945
3 2553 2945 1867
3 2300 1940 2945
3 355 880 2565
3 355 2565 985
3 355 985 2544
3 355 2544 644
3 2553 880 355
3 2553 355 2300
3 644 2300 355
3 2300 644 1197
3 1197 644 2013
3 1336 1197 2013
3 1336 2013 2770
3 2789 3227 977
3 1821 2479 2724
3 2159 1821 2740
3 2740 1821 2724
3 2159 2740 1340
3 594 178 2740
3 594 2740 8
3 2740 2724 8
3 2884 2702 1319
3 1319 2702 1650
3 1650 2702 3286
3 2712 2884 1319
3 889 2612 1494
3 217 1470 171
3 171 1470 2954
3 1205 2796 3245
3 2184 2185 2796
3 3245 2796 2185
3 768 2184 2796
3 940 2185 1225
3 1225 2185 2184
3 1151 1225 2813
3 1151 484 1225
3 2813 2184 768
3 2184 2813 1225
3 940 1225 484
3 2215 2813 768
3 2324 2215 2435
3 2215 2324 2813
3 2185 1971 3245
3 1971 2185 940
3 2107 3008 2537
3 2537 3008 1971
3 1971 3008 759
3 1971 759 3245
3 1966 2537 2910
3 1966 2910 1245
3 2504 1361 1245
3 830 850 1943
3 830 1943 1206
3 2859 850 2914
3 963 379 2914
3 2914 379 2859
3 963 1892 379
3 379 1892 3274
3 379 3274 2859
3 2211 1666 1892
3 360 2211 2535
3 485 1592 2211
3 485 2211 360
3 2661 929 3162
3 3106 2891 520
3 3106 520 636
3 3106 636 1736
3 636 3118 1099
3 1736 636 1099
3 520 3118 636
3 1248 2434 995
3 2652 1923 2901
3 2901 1923 1313
3 2901 1313 1776
3 3230 454 2901
3 3230 2901 2627
3 864 2647 1297
3 1937 3021 2340
3 2635 2613 3261
3 3261 2613 1767
3 2532 2613 564
3 3025 2613 2532
3 564 2613 1366
3 942 1247 2818
3 2818 1247 3071
3 3071 1247 2468
3 1483 3071 2468
3 2524 2468 1247
3 2524 1247 1366
3 1366 1247 564
3 564 1247 942
3 1684 3025 2532
3 2532 342 1390
3 1559 1684 1032
3 2042 1032 1112
3 1112 1032 2134
3 1112 2134 3121
3 2608 1150 1674
3 2134 1150 2608
3 2625 1211 2608
3 2625 2608 2549
3 1674 2549 2608
3 1844 998 2550
3 998 2625 2550
3 2550 2625 2620
3 114 2605 1844
3 114 1844 2550
3 114 2550 1008
3 1040 998 1844
3 3285 3117 2874
3 2874 3117 3191
3 361 2874 2641
3 3252 2384 2447
3 1363 1384 2834
3 1363 2834 2087
3 1215 2773 1371
3 1371 2773 1608
3 1384 2773 2834
3 2834 2773 1215
3 701 1608 2773
3 701 2773 524
3 2615 524 2773
3 2972 2087 653
3 2376 3104 3250
3 2376 3250 2935
3 2471 745 629
3 629 745 223
3 223 2376 2935
3 2376 223 745
3 3179 2471 629
3 3179 629 1927
3 1927 629 1210
3 656 1210 223
3 223 2935 656
3 223 1210 629
3 817 1927 432
3 432 1927 1210
3 432 1210 656
3 576 3179 1927
3 576 1927 817
3 817 432 1926
3 1926 432 1167
3 1167 432 656
3 1167 656 2935
3 1693 892 1926
3 1693 1926 1167
3 1693 1167 460
3 1693 460 2294
3 1233 2679 1693
3 2679 1622 1693
3 1233 1693 2294
3 1693 1622 892
3 639 1233 489
3 2222 639 489
3 489 1233 3288
3 2294 3288 1233
3 2457 1622 2894
3 2894 1622 2679
3 2894 2679 2870
3 3166 863 2368
3 2118 863 3166
3 1267 2118 3166
3 623 2998 2703
3 623 2703 2720
3 2703 2998 1267
3 2460 2703 2053
3 2053 2703 1267
3 172 774 122
3 172 122 2036
3 122 870 2148
3 870 122 2802
3 2802 122 999
3 999 122 774
3 1988 999 774
3 790 2509 999
3 2509 2802 999
3 3011 790 999
3 2251 790 934
3 934 790 3011
3 2509 2649 2143
3 3135 2159 103
3 2159 2649 1821
3 1821 2649 2509
3 2649 2159 3135
3 2143 2649 1535
3 1535 2649 3135
3 2756 1535 3135
3 1839 2069 1972
3 1839 1972 2397
3 3067 2397 1972
3 1970 3067 1972
3 2787 1970 594
3 2712 779 2787
3 3067 1970 545
3 545 2787 779
3 2884 2712 2787
3 2787 545 1970
3 2006 3067 545
3 2882 2006 779
3 2882 779 481
3 2712 481 779
3 545 779 2006
3 2308 1898 36
3 2308 36 2890
3 1470 1520 2954
3 2954 1520 2705
3 2705 1520 1615
3 3246 2233 1868
3 2501 2233 3246
3 3246 1868 1500
3 3246 149 742
3 1217 742 149
3 1500 149 3246
3 1217 149 2436
3 2436 149 1500
3 3008 800 759
3 3126 814 987
3 987 814 3274
3 898 814 3126
3 2873 3274 1966
3 2873 1245 1361
3 1245 2873 1966
3 2537 1966 2107
3 2107 1966 3274
3 2859 3274 2873
3 2859 2873 497
3 1943 2859 497
3 794 3126 987
3 794 987 2666
3 2666 987 2655
3 2981 1376 950
3 2981 10 947
3 947 10 1592
3 1110 716 1170
3 1339 1170 1820
3 1820 1170 1388
3 1388 1170 215
3 1170 1339 1110
3 1388 215 2749
3 454 3230 3106
3 15 454 3106
3 2474 723 3088
3 2154 3106 3230
3 2154 3230 2489
3 3230 2203 2489
3 708 2489 2203
3 2911 2044 3101
3 2455 2044 2203
3 2203 2044 2911
3 2426 2044 2455
3 1467 2843 3021
3 382 2843 1467
3 1933 1831 1857
3 86 806 3102
3 86 3102 1286
3 1286 3102 3029
3 1112 2430 1475
3 2430 1112 101
3 1112 1475 2042
3 2042 1475 1286
3 3233 1960 721
3 444 1399 775
3 32 1114 745
3 32 745 2471
3 745 428 2376
3 428 745 1114
3 466 32 2149
3 2149 32 2471
3 2149 2471 1618
3 2149 1618 773
3 3179 1618 2471
3 2302 3179 576
3 2302 576 865
3 817 865 576
3 2457 961 1679
3 961 2457 2894
3 2418 863 2118
3 2418 2118 1290
3 863 2894 2368
3 2894 863 2418
3 961 2418 551
3 961 551 1679
3 1758 551 2418
3 404 1758 1290
3 1290 1758 2418
3 865 551 1758
3 865 1758 2302
3 1758 471 2302
3 1758 404 471
3 2774 923 1239
3 2774 1239 1661
3 3037 2774 438
3 438 2774 1661
3 3175 3037 1801
3 1801 3037 438
3 1801 438 1661
3 3175 1801 2720
3 2606 3175 2720
3 1535 2756 2828
3 1535 2828 1531
3 2821 3050 2473
3 1596 2821 182
3 182 2821 3127
3 3127 2821 2473
3 927 1009 547
3 927 547 329
3 927 329 1839
3 927 1839 2397
3 2920 1941 2584
3 1887 3276 2584
3 1552 1887 1633
3 1552 1633 1569
3 1633 1887 2584
3 2006 1633 3067
3 3067 1633 49
3 1569 2882 2312
3 2312 2882 2292
3 1516 2312 2292
3 1552 2312 3054
3 1552 3054 740
3 1552 740 1187
3 1552 1187 2252
3 1938 1187 740
3 1938 740 3054
3 1125 2825 1558
3 1125 1558 2673
3 2233 1769 1125
3 2233 1125 2673
3 2892 1769 2501
3 2501 1769 2233
3 505 2501 3246
3 2892 2501 505
3 742 505 3246
3 794 426 2658
3 2892 426 1677
3 1677 426 2666
3 2666 426 794
3 3126 794 2658
3 2658 426 2892
3 2525 1677 2811
3 2811 1677 2666
3 1163 2516 2666
3 2666 2516 2811
3 769 2295 2319
3 1339 2319 2761
3 888 1924 2175
3 888 2175 2749
3 1820 1388 2749
3 1820 2749 2175
3 3003 888 722
3 722 888 2749
3 3033 722 2749
3 3033 2749 2804
3 452 722 3033
3 452 3033 3023
3 2736 3023 2031
3 2031 3023 3033
3 2736 2031 383
3 3259 2151 383
3 3259 383 2031
3 3259 2031 3088
3 383 2151 3243
3 3243 2151 3101
3 2996 2151 3259
3 2729 3259 1113
3 723 1113 3259
3 2474 371 2665
3 2665 371 2255
3 2255 371 3106
3 3106 371 2474
3 1113 2474 2665
3 1113 2665 2729
3 2665 2255 150
3 2489 150 2154
3 2154 150 2255
3 2154 2255 3106
3 2996 2729 3153
3 2996 3153 2151
3 3153 2729 708
3 3101 2151 3153
3 3101 3153 2911
3 2729 2996 3259
3 2736 383 3243
3 2711 1282 1854
3 1854 1282 63
3 63 1282 1536
3 1536 1282 2528
3 2528 1282 1235
3 1854 63 3211
3 1536 3211 63
3 213 1922 1536
3 1536 1922 3211
3 1854 3211 130
3 1854 130 2443
3 2443 130 3211
3 382 1764 1213
3 382 1213 2443
3 1764 382 1467
3 382 2443 3211
3 2082 2900 2711
3 2711 2900 94
3 2082 3102 2900
3 3102 2082 2387
3 2082 2923 2387
3 437 2387 2923
3 3102 2387 3029
3 86 2145 806
3 2377 806 2145
3 2145 86 1475
3 2430 2145 1475
3 2145 478 1303
3 478 2145 2430
3 478 2430 75
3 478 75 3219
3 1499 3219 1576
3 1576 3219 75
3 3219 1691 2149
3 3219 2149 773
3 2793 2149 1691
3 478 3219 2452
3 2023 2164 2730
3 937 2058 301
3 301 3037 937
3 937 3037 993
3 3175 1380 993
3 1380 3175 2606
3 2821 2606 3050
3 2473 2577 3127
3 2174 2577 2473
3 2261 2174 2473
3 2174 2261 772
3 536 781 1391
3 536 1391 1787
3 1391 781 2503
3 1386 781 536
3 1694 1941 2920
3 1694 2920 1658
3 1418 2517 872
3 622 891 1269
3 891 622 2825
3 622 1418 2825
3 872 2825 1418
3 801 2525 891
3 801 891 2825
3 812 2525 801
3 841 2525 1341
3 841 1341 2760
3 731 1341 2525
3 2319 482 2811
3 2761 2319 2516
3 2516 2319 2811
3 2811 482 731
3 731 482 1341
3 1341 482 2319
3 1341 2319 2295
3 741 1269 841
3 741 841 2760
3 828 1395 2760
3 828 2760 2123
3 2646 2123 2676
3 732 2352 1332
3 452 3023 1668
3 310 948 3023
3 310 3023 2736
3 2248 948 3237
3 2248 3237 2700
3 3237 310 2880
3 310 3237 948
3 860 3237 1611
3 2822 1611 3237
3 2822 3237 2880
3 1246 3163 860
3 1246 860 937
3 937 860 2058
3 2258 3163 1246
3 2248 142 2246
3 2246 948 2248
3 2551 1395 340
3 2551 340 1708
3 2347 2551 1708
3 1631 822 3127
3 1631 3127 2577
3 3127 822 3144
3 2263 2577 2174
3 2263 1501 2577
3 2577 1501 1631
3 2263 2068 2871
3 2931 2871 506
3 506 2871 2068
3 1007 2776 1381
3 1658 1840 1694
3 718 1681 703
3 2040 718 703
3 2886 1931 1997
3 1931 2886 2111
3 1931 2111 764
3 741 1931 1269
3 1269 1931 622
3 1501 2347 1631
3 1631 2347 822
3 2347 1501 1997
3 1997 1501 2886
3 732 2311 2352
3 2316 1394 2957
3 1569 2312 1552
3 1264 2420 2262
3 2332 1383 3238
3 2926 2771 2236
3 2236 2771 3241
3 282 2236 2169
3 2169 2236 3241
3 2926 2236 29
3 29 2236 1509
3 2926 29 2722
3 2722 1509 2366
3 2722 29 1509
3 3040 2239 2210
3 2826 1327 3161
3 754 3161 1327
3 2510 2830 3197
3 2195 1571 59
3 3125 2195 59
3 207 2195 3125
3 3208 2906 2791
3 281 2559 2197
3 2559 281 793
3 1317 2791 598
3 3134 2791 2427
3 2495 3177 1455
3 2495 570 3177
3 496 2155 1588
3 1455 496 1588
3 496 1455 3043
3 3043 1455 3177
3 1455 1588 1442
3 1455 1442 2495
3 496 3043 40
3 496 40 2155
3 40 3043 3107
3 1659 3043 2382
3 1659 2382 2696
3 3273 2382 570
3 3273 570 2495
3 570 2382 3177
3 583 990 2976
3 583 2976 1872
3 583 1872 2317
3 971 2049 2453
3 2453 990 971
3 971 990 583
3 971 583 2317
3 2049 971 2317
3 1588 2155 38
3 1588 2049 1442
3 2049 627 2453
3 2049 1588 38
3 1312 38 2155
3 38 1312 627
3 627 1412 2453
3 1412 627 1312
3 1135 2286 1312
3 1135 40 2286
3 2286 40 3107
3 3028 1562 3107
3 2580 3028 1637
3 2287 2580 1637
3 1637 3028 3107
3 3273 1902 2287
3 3273 2684 2022
3 1872 2976 2684
3 1872 2684 3273
3 1412 2737 2453
3 2733 2310 568
3 0 568 2310
3 1919 1894 1778
3 1231 1919 2491
3 1919 3266 1894
3 1894 3266 2060
3 1730 1214 2684
3 638 421 2992
3 638 258 421
3 421 258 3009
3 421 3009 2021
3 421 2021 2992
3 264 1621 2199
3 264 2199 1433
3 264 1006 1621
3 1621 3090 2199
3 1085 1784 1791
3 2008 30 1529
3 1529 30 1784
3 1118 2483 77
3 2484 1486 319
3 2970 2709 319
3 319 2709 2484
3 319 1486 2970
3 1881 1256 2345
3 1256 83 2345
3 3275 2103 1003
3 1003 2103 2576
3 1317 2188 970
3 2093 1006 264
3 2093 264 163
3 163 264 1433
3 163 811 2093
3 1824 2093 829
3 2093 1824 1006
3 2199 530 1583
3 1307 1583 530
3 3267 530 641
3 641 530 2199
3 2090 2199 3090
3 695 1774 3090
3 3090 1774 3122
3 1827 1774 2122
3 2091 1774 1827
3 2970 2483 2709
3 2483 2970 1827
3 2483 1827 2122
3 2483 1118 2709
3 3122 2091 2448
3 2448 2091 1486
3 2448 1486 2484
3 1486 2091 2970
3 586 2363 1789
3 586 1789 2448
3 2448 1789 3122
3 332 1039 116
3 2363 1039 332
3 1039 2363 586
3 1039 586 2448
3 116 1039 2448
3 2576 2355 2055
3 2576 2055 1003
3 2055 2355 631
3 1866 631 3169
3 136 1447 734
3 734 1447 2179
3 1310 835 2136
3 1310 2136 411
3 411 854 1310
3 2562 1958 1884
3 1884 1958 2864
3 1579 1871 1053
3 1871 2645 1053
3 1053 3262 1579
3 538 3133 1002
3 3133 777 1002
3 566 3208 3134
3 566 956 3208
3 241 2365 3224
3 241 2240 2365
3 2129 2710 1106
3 2129 1106 256
3 630 2129 256
3 630 256 3193
3 2994 256 1106
3 3032 2540 1353
3 1353 2540 2569
3 3249 2540 3032
3 3249 1157 1964
3 1964 1157 608
3 608 1157 2896
3 1789 2363 2638
3 1789 2638 1589
3 1280 1589 2638
3 2298 1036 1907
3 507 1907 1036
3 3130 2768 2084
3 2179 2037 734
3 1144 1212 1607
3 2120 1212 1144
3 1212 2120 409
3 1212 409 1607
3 411 3242 854
3 2572 1657 2844
3 1640 635 2735
3 2645 1843 1053
3 1053 396 2675
3 3262 1053 2675
3 1464 1812 1261
3 1261 1440 1464
3 1812 1571 1261
3 1464 777 1812
3 2677 1812 777
3 2677 1334 527
3 2014 3056 809
3 809 2512 511
3 809 511 2014
3 2014 511 3224
3 2014 3224 2365
3 624 7 1069
3 624 1069 254
3 624 1515 3056
3 7 624 3056
3 2710 295 1106
3 295 2710 1920
3 295 1920 344
3 344 2994 295
3 295 2994 1106
3 2710 3210 1920
3 1953 309 1920
3 1920 309 3053
3 309 1729 56
3 1729 309 1953
3 435 1664 272
3 1976 272 1664
3 272 2209 435
3 1785 2015 435
3 435 2015 1664
3 315 1964 2209
3 315 2209 439
3 315 439 2569
3 315 2569 2540
3 315 2540 1964
3 837 3152 978
3 837 978 2464
3 907 858 2337
3 2337 858 486
3 486 858 2230
3 152 1076 2599
3 1076 1753 2599
3 2599 1753 3000
3 2367 1568 1356
3 3020 1207 365
3 3020 1279 89
3 1279 2405 2548
3 408 1981 3026
3 408 3026 3171
3 756 2745 2819
3 756 2819 1324
3 2898 2985 997
3 2898 2819 2989
3 2819 1272 2989
3 2745 1272 2819
3 396 1843 159
3 1843 1510 159
3 1510 2195 207
3 1510 207 159
3 159 207 2675
3 159 2675 396
3 1815 2343 1033
3 2259 1191 417
3 1191 2259 735
3 2993 2643 1115
3 2993 3056 2643
3 2492 3053 56
3 3053 309 56
3 1953 2138 1729
3 2421 1729 1204
3 1204 1729 2138
3 2716 1956 2521
3 2680 2523 921
3 2741 2098 1229
3 2741 1229 563
3 714 1446 1229
3 1229 1446 563
3 978 3152 714
3 486 2230 912
3 486 912 37
3 486 37 3152
3 3092 766 897
3 897 766 1890
3 897 1890 907
3 907 1890 858
3 2230 858 1890
3 941 1793 3103
3 941 3103 473
3 2721 132 473
3 2721 473 3092
3 473 132 941
3 1793 941 882
3 1793 882 912
3 3140 2322 1346
3 1346 2322 1630
3 1630 2322 2670
3 1570 2857 1090
3 1918 647 92
3 92 647 2126
3 92 2633 1918
3 581 1673 1945
3 1945 1673 3138
3 2405 141 584
3 584 141 125
3 1760 125 141
3 141 2405 1760
3 2026 1565 2519
3 373 1613 1402
3 1402 2877 373
3 763 373 2877
3 35 2190 672
3 35 672 196
3 672 2190 1156
3 2653 2863 341
3 901 341 2863
3 2728 755 1978
3 2343 2423 1479
3 137 593 2259
3 593 137 2687
3 2687 3111 593
3 735 593 3111
3 593 735 2259
3 1243 2731 2186
3 2301 2947 2492
3 2409 662 2980
3 938 2980 662
3 2988 938 662
3 19 2975 2583
3 2138 1521 1780
3 1183 2523 401
3 3188 1985 3136
3 3136 1985 1975
3 1836 1530 3161
3 1446 1419 3136
3 1004 2253 2415
3 1560 2415 2253
3 2096 2415 1560
3 96 1192 1019
3 1019 2293 96
3 2293 2318 96
3 2318 1192 96
3 2163 1614 640
3 1560 276 2568
3 1560 2568 2096
3 2096 2568 910
3 2568 2738 2231
3 1560 2253 2928
3 2318 959 632
3 2318 632 1227
3 1192 1227 2083
3 1192 2763 1019
3 1427 2763 2083
3 1192 2083 2763
3 1427 2083 899
3 2568 1623 910
3 90 910 1623
3 2231 2139 2570
3 2231 2570 84
3 1718 84 2201
3 2201 84 2570
3 2738 276 569
3 2763 1427 1912
3 2763 1912 2928
3 1227 632 1647
3 1647 3197 2083
3 1647 2083 1227
3 2485 148 1757
3 3201 1757 836
3 836 1757 148
3 518 2951 2912
3 2887 2912 2951
3 1935 321 1051
3 321 1304 2074
3 321 2074 1051
3 359 3218 1878
3 359 1878 1945
3 3082 884 1645
3 3082 1454 884
3 2018 3270 1308
3 3270 1613 2344
3 3149 1538 3119
3 3119 1538 2836
3 333 2836 1841
3 2777 2573 2350
3 3045 2050 2019
3 1581 9 2933
3 871 1706 1581
3 1581 1706 9
3 2933 9 2137
3 1667 267 1123
3 267 1667 1846
3 1846 2622 267
3 1123 267 2622
3 2281 2439 2388
3 604 655 3080
3 655 2431 2016
3 2431 655 604
3 646 2861 2409
3 2409 2861 3080
3 2861 646 3143
3 1755 1355 3035
3 2664 1355 209
3 846 1355 2664
3 1355 1755 738
3 1355 738 209
3 2885 1523 679
3 679 1523 1739
3 1739 1523 339
3 2234 1714 3188
3 2234 3188 1864
3 2726 2390 1864
3 2726 754 1274
3 1274 754 343
3 1346 343 754
3 2826 882 14
3 941 14 882
3 14 941 132
3 173 1251 2669
3 118 1251 173
3 118 173 2781
3 2781 173 2669
3 1747 2995 2670
3 221 20 1438
3 221 1438 2764
3 1773 2422 2759
3 2422 2220 2759
3 2220 1438 2759
3 2256 279 1018
3 2256 1018 2837
3 1 2570 2187
3 2570 1 2256
3 2925 981 2257
3 2370 3034 2095
3 2095 3034 1209
3 1572 537 214
3 214 3201 3195
3 214 3195 2146
3 214 2146 1572
3 3158 3201 836
3 2564 346 2266
3 1779 831 3218
3 896 3218 831
3 1942 619 1779
3 1779 619 2858
3 2395 144 2064
3 2336 1724 2
3 1308 2336 2018
3 2336 1308 1724
3 2514 1374 3270
3 2190 2505 785
3 2190 785 2344
3 1573 3119 2966
3 574 294 2775
3 294 574 3089
3 294 3089 1508
3 294 1508 2775
3 2775 3119 574
3 1436 2694 1508
3 1436 1508 3089
3 2694 1436 867
3 105 3172 1790
3 3172 105 786
3 2227 786 105
3 3030 2007 2986
3 1352 2469 862
3 2469 2270 840
3 2469 840 862
3 1862 2057 265
3 2788 265 2057
3 2854 2907 1862
3 1052 2907 2439
3 2086 604 3080
3 604 2086 2431
3 450 1539 1755
3 450 1755 3035
3 450 1741 1539
3 1539 1741 139
3 1539 139 3143
3 62 1284 1880
3 82 1525 2299
3 2299 1525 1527
3 591 2114 2196
3 591 2196 1316
3 591 1316 1719
3 2114 591 1504
3 2114 528 2196
3 2685 2196 2688
3 1445 2390 2671
3 2671 2685 1445
3 2685 2234 1445
3 2726 118 2390
3 2781 2597 266
3 1625 266 2597
3 266 1625 2671
3 2792 2838 323
3 2792 323 2490
3 2964 323 2838
3 323 2964 2490
3 2032 1265 2105
3 3086 1417 2827
3 55 1430 3209
3 2362 21 480
3 480 21 2161
3 2161 21 2381
3 2381 21 737
3 737 21 2362
3 2250 2187 3195
3 2480 2250 3195
3 1797 3195 431
3 431 3244 1797
3 1797 1177 3195
3 1797 3244 666
3 1567 666 3244
3 1797 666 3129
3 1177 1797 3129
3 666 1567 3129
3 1792 1263 2784
3 311 602 415
3 415 602 900
3 415 900 1735
3 602 311 3251
3 3251 311 1010
3 2005 1158 337
3 337 1158 370
3 337 370 2456
3 337 2456 2005
3 370 2618 674
3 370 674 2456
3 2456 618 2005
3 2005 618 2814
3 2005 2814 1517
3 831 2858 651
3 1133 2902 780
3 780 2902 1298
3 3007 1347 770
3 1992 1416 2567
3 2795 2567 1416
3 1309 1639 1063
3 1309 1063 2932
3 2932 1080 1309
3 1309 1080 1037
3 316 3220 1362
3 1362 283 2056
3 3221 798 2904
3 3221 6 798
3 798 6 1436
3 6 3221 867
3 1508 2694 2966
3 2054 2904 2189
3 2348 1024 2463
3 2348 713 2061
3 2614 331 1601
3 2269 352 2080
3 2269 2244 352
3 352 2244 1219
3 352 1219 2080
3 1441 2080 1219
3 2081 2394 33
3 2081 1934 211
3 2908 70 2529
3 248 1855 2788
3 248 2788 440
3 248 1722 1855
3 1855 1722 1277
3 1855 1277 3108
3 2624 715 1722
3 3151 2624 440
3 285 715 2624
3 285 2624 3151
3 2718 1073 3049
3 2578 1487 451
3 1487 2686 451
3 2810 3165 573
3 1476 2810 3200
3 1901 2433 2552
3 1901 2552 821
3 2552 2433 702
3 539 683 3223
3 1726 2437 23
3 1726 23 535
3 1711 23 2437
3 2390 134 2671
3 1676 1962 2216
3 2106 449 553
3 222 495 449
3 449 495 1900
3 553 449 1900
3 553 1148 2106
3 2106 1725 449
3 222 449 1725
3 1900 495 2644
3 3086 2668 1417
3 2668 3086 2182
3 3209 1879 3086
3 1122 3086 1879
3 1337 1803 271
3 1803 362 2381
3 1803 2381 271
3 955 2642 1873
3 3199 955 1873
3 3199 2769 2275
3 2099 1861 297
3 1861 529 2557
3 297 1861 2557
3 2557 2784 297
3 2099 297 2784
3 2099 1526 1861
3 1861 1526 529
3 387 162 1936
3 387 1936 1415
3 3148 387 1415
3 3148 2784 387
3 387 2784 162
3 415 2425 378
3 415 378 311
3 311 378 1010
3 1010 378 1905
3 2499 544 1969
3 2499 1969 181
3 1590 2499 181
3 2725 1590 181
3 2725 181 1969
3 2456 674 618
3 353 1969 2962
3 2782 2962 2902
3 2902 2962 1298
3 231 2782 1832
3 231 2725 2782
3 2782 2902 1832
3 1100 459 605
3 303 174 1473
3 303 1473 2079
3 303 2079 988
3 303 988 174
3 174 3007 1473
3 1885 1473 3007
3 1473 2717 2079
3 2079 2717 975
3 1584 1885 3120
3 1584 3120 1575
3 2974 210 2997
3 2351 2144 2918
3 1639 2707 1063
3 1063 1648 2404
3 316 1362 686
3 316 686 395
3 316 395 1037
3 2719 1903 298
3 1903 1481 298
3 298 1481 1250
3 2719 298 1250
3 1903 185 1481
3 1250 1481 1362
3 1474 1980 804
3 2748 3063 957
3 3063 1161 3182
3 1555 2558 1771
3 1771 2558 1161
3 1771 1161 3063
3 2393 2027 2396
3 2393 2396 2153
3 1838 2027 2393
3 958 808 3229
3 3229 808 857
3 2081 211 3016
3 2636 3016 211
3 1277 2607 3108
3 2872 1986 357
3 357 1986 1463
3 357 1463 531
3 2531 2132 1202
3 2132 2338 1202
3 1202 762 2531
3 1794 2531 762
3 2303 2065 1794
3 1794 2065 2531
3 2531 2065 1663
3 2380 2335 3180
3 2335 2380 2876
3 2578 475 1686
3 2578 1686 1816
3 1816 1686 3289
3 1476 2329 885
3 1476 3200 2329
3 885 2329 887
3 2024 2171 2634
3 2024 2634 824
3 3124 1649 2552
3 1465 3223 2983
3 1465 2983 534
3 498 1260 2751
3 972 2414 1260
3 1698 1260 2437
3 1711 2437 1260
3 1602 972 1698
3 1698 16 1602
3 16 2369 1602
3 1726 2369 2437
3 2106 1148 463
3 24 2106 463
3 1296 616 2631
3 1296 2631 3240
3 2487 2223 826
3 1117 1835 2747
3 1117 2747 3255
3 3255 2747 2048
3 3159 1180 2628
3 3159 2628 873
3 3148 3291 2099
3 3069 2048 1088
3 2747 1088 2048
3 915 2556 1656
3 3059 915 2734
3 1656 2734 915
3 1591 458 1905
3 151 458 1591
3 739 2349 338
3 2172 338 2247
3 2247 338 2349
3 1252 2033 3131
3 2033 2349 3131
3 1590 605 3198
3 605 1590 1100
3 2651 322 2869
3 322 2888 2296
3 2869 322 2296
3 2296 2888 1496
3 138 1226 2385
3 1226 138 1733
3 3077 696 1434
3 3213 1078 818
3 818 1078 2946
3 1749 1078 3213
3 2264 2809 1400
3 2809 2264 883
3 2660 1302 1012
3 3041 2660 1012
3 1012 1302 550
3 1012 550 1740
3 1012 1740 3041
3 1182 2850 1268
3 1182 1268 550
3 1182 550 1302
3 1740 550 1268
3 262 3229 1770
3 2449 433 2982
3 2449 2982 3229
3 1877 2982 169
3 1833 135 512
3 512 135 2449
3 890 3160 1276
3 1488 3160 890
3 1489 2706 3226
3 1489 3226 2180
3 2338 936 1059
3 2762 255 704
3 2762 704 2948
3 2762 694 255
3 255 694 1328
3 600 1422 3256
3 2059 965 3216
3 3289 2445 156
3 3277 2897 2445
3 2171 166 1176
3 2024 3139 166
3 2024 166 2171
3 3139 824 2778
3 463 1296 3240
3 1697 3099 918
3 3164 1142 296
3 3164 296 2833
3 2833 296 3203
3 3203 296 1522
3 1142 1522 296
3 1153 327 1643
3 1153 3073 327
3 1643 228 1153
3 1643 327 3115
3 1678 1095 1548
3 1678 1548 1916
3 2556 34 2273
3 290 986 1983
3 290 1983 34
3 290 34 2556
3 2097 986 290
3 2097 290 1407
3 2097 1407 1507
3 3059 1715 1393
3 1393 1715 2785
3 2331 2172 1865
3 2331 1865 1300
3 2331 1300 251
3 2331 251 1891
3 251 2346 1891
3 251 2967 2346
3 2967 251 1300
3 2247 1865 2172
3 2893 1056 2977
3 2893 2247 2033
3 2893 2033 1056
3 1252 2987 1056
3 1056 2987 2977
3 1532 847 1689
3 1013 843 1107
3 1107 843 1532
3 2160 3087 1013
3 2651 2869 797
3 797 3154 2815
3 3154 797 2869
3 2003 2296 302
3 302 2296 2968
3 302 2968 1950
3 1950 2170 302
3 302 2170 2003
3 2968 2467 1950
3 198 1598 2226
3 1598 198 161
3 1092 161 198
3 1680 1598 1408
3 1680 2226 1598
3 1078 2385 2946
3 91 2971 2601
3 13 2601 2971
3 190 2601 13
3 2971 190 13
3 1850 2704 1770
3 1850 1770 3229
3 2922 851 2595
3 11 158 250
3 278 11 250
3 479 1275 250
3 944 479 250
3 158 944 250
3 1597 944 158
3 944 1047 479
3 278 250 1275
3 278 1275 183
3 2373 278 183
3 278 2373 11
3 11 1597 158
3 175 1025 1141
3 1045 2699 620
3 1045 3027 2413
3 175 1141 3027
3 175 3027 2506
3 3027 1141 2413
3 120 2413 1258
3 1045 2413 120
3 1045 120 2699
3 120 1258 1833
3 3002 186 2699
3 3002 2699 2878
3 1488 3292 97
3 1490 1489 2180
3 1490 2180 234
3 1490 234 2632
3 1561 2723 712
3 2723 1561 1146
3 712 2723 402
3 1991 1795 2973
3 3047 2917 1392
3 199 2493 2978
3 1519 2903 2371
3 1519 124 2903
3 2903 124 2493
3 3256 2948 704
3 2762 2948 2903
3 126 2903 2948
3 1998 2371 126
3 1998 126 2948
3 1998 2948 3256
3 2059 908 5
3 5 908 414
3 414 908 1410
3 414 206 2543
3 206 414 1410
3 965 306 3216
3 1342 1759 306
3 1342 306 965
3 1856 657 3178
3 3178 657 335
3 335 606 3178
3 504 866 2598
3 633 2663 1288
3 633 2207 3272
3 1288 2207 633
3 1288 2663 3099
3 1697 2297 358
3 654 582 1030
3 1030 582 2392
3 2104 391 2961
3 1876 1534 2104
3 2104 1534 391
3 3269 1149 51
3 1977 51 1149
3 974 3203 1842
3 3147 974 1842
3 1842 3203 1522
3 317 533 669
3 669 2693 317
3 317 3147 533
3 1808 1814 1153
3 1153 1814 3073
3 1678 2320 1814
3 1678 1916 729
3 1580 3005 2465
3 1580 2465 1101
3 1127 1983 986
3 1127 986 2481
3 3253 2323 827
3 966 407 1996
3 1130 966 1996
3 1130 1996 820
3 966 1130 2546
3 543 966 2546
3 407 966 543
3 1594 2289 2088
3 2088 1484 1594
3 1594 1930 2289
3 1283 2088 2289
3 1484 976 1594
3 109 1105 597
3 597 1105 1409
3 109 2170 1105
3 469 2092 2467
3 2358 2600 2801
3 2927 3116 3010
3 2927 3010 1734
3 1449 3116 2927
3 1449 2927 1863
3 2260 1449 2533
3 2411 1669 2102
3 2102 1669 2067
3 2875 3113 1786
3 1429 1786 3113
3 2971 2241 190
3 1057 1456 1255
3 2508 2212 180
3 180 2212 1057
3 2210 1456 1057
3 1932 2017 299
3 1932 299 2458
3 1932 2458 3
3 1932 1174 2017
3 2017 2944 299
3 2458 299 2944
3 2458 1597 3
3 2860 80 2373
3 1597 80 2860
3 3173 2327 1108
3 3173 354 2860
3 3027 519 3167
3 3167 2506 3027
3 3027 620 519
3 1798 2574 477
3 1798 477 1471
3 1471 477 1049
3 3002 2659 123
3 1471 1049 2699
3 1471 3002 1798
3 2674 1798 3002
3 2674 3002 123
3 572 187 1305
3 572 1610 1732
3 1732 187 572
3 187 3292 1305
3 1738 2378 2939
3 2866 2753 2379
3 2379 526 1917
3 526 2378 1738
3 1917 526 1738
3 1432 3184 2282
3 1432 2282 833
3 833 503 1432
3 1432 1723 3184
3 1392 2917 1054
3 1392 1054 2278
3 1893 2575 706
3 1893 706 1435
3 1435 706 3058
3 3192 3058 706
3 2978 436 2462
3 436 1554 1129
3 2043 1578 1929
3 1929 2085 2043
3 925 1578 2043
3 1578 3181 1929
3 1929 3181 2732
3 1929 2732 2085
3 1410 1398 2085
3 2085 1398 242
3 1759 733 925
3 2899 131 1505
3 2629 131 852
3 2899 852 131
3 3052 1670 2929
3 1914 757 658
3 1914 658 79
3 2025 2868 2743
3 2332 2743 2868
3 2598 866 2868
3 3170 1299 1875
3 1875 1299 102
3 1875 102 2868
3 1875 2868 1020
3 364 1208 2280
3 1208 654 1030
3 654 1208 364
3 1338 626 1041
3 3238 1338 1041
3 626 1338 2277
3 626 2277 1746
3 2392 709 3083
3 1955 2739 48
3 1955 48 1323
3 2739 2128 48
3 2104 2200 2739
3 2254 2961 3269
3 1101 1675 1580
3 1916 2840 2192
3 1461 2833 470
3 1461 470 2268
3 1461 2268 2192
3 1727 1762 2693
3 1727 3203 1762
3 1762 1585 2693
3 188 3187 1906
3 226 813 2790
3 648 813 226
3 813 648 3241
3 3241 2771 813
3 282 2169 1101
3 225 650 2909
3 650 2771 2909
3 1372 2522 1999
3 1448 1999 2522
3 1999 748 1372
3 1372 748 705
3 1372 1478 2522
3 1128 514 744
3 744 514 1074
3 1547 1136 3085
3 3085 1136 1424
3 607 1930 2546
3 2881 2546 1930
3 1636 1136 1547
3 1636 1547 816
3 816 1547 2881
3 1424 1136 2913
3 2913 1136 1636
3 2913 1636 2924
3 2924 1636 976
3 577 2515 2089
3 1223 2267 2167
3 2938 1453 1301
3 2938 1951 1453
3 2960 1809 1453
3 1453 1809 1301
3 933 418 2214
3 933 240 1405
3 1695 2260 2533
3 1695 1405 179
3 179 1405 853
3 853 1405 240
3 2228 933 2214
3 1863 1734 1685
3 1863 1685 2533
3 1863 2927 1734
3 1734 2238 1685
3 1963 418 1405
3 1963 2214 418
3 848 933 2228
3 2228 909 848
3 853 848 909
3 848 853 240
3 848 240 933
3 2432 1451 2934
3 2241 1874 3204
3 1563 3174 1682
3 1563 1682 160
3 160 1682 1896
3 2589 2011 419
3 419 2011 548
3 419 548 3014
3 397 189 2017
3 189 397 1406
3 1406 397 2135
3 1108 1904 354
3 2563 1904 1108
3 1904 2563 2135
3 1604 1138 2563
3 1720 3167 2158
3 1139 3091 1195
3 1195 3091 2542
3 2586 1139 1195
3 104 2378 2753
3 2866 2692 500
3 73 2051 541
3 73 541 50
3 257 2692 73
3 2051 73 2692
3 792 216 1443
3 368 2917 1537
3 368 1537 983
3 368 1054 2917
3 1435 2109 1893
3 1537 2109 603
3 1537 1893 2109
3 2000 2905 412
3 412 2905 1201
3 1262 2000 1086
3 3058 3192 167
3 746 3058 167
3 609 508 2245
3 609 2245 1098
3 508 609 3212
3 609 87 3212
3 2672 842 663
3 2672 663 2181
3 663 842 1164
3 245 2929 1413
3 245 2899 2929
3 1761 1091 1687
3 1761 1687 292
3 1761 202 1091
3 1091 202 919
3 1241 1091 919
3 1091 1241 1687
3 516 595 200
3 516 200 924
3 200 595 2930
3 1609 516 924
3 924 757 1609
3 516 3031 1385
3 1609 757 334
3 1609 334 3031
3 334 1551 3031
3 1075 3238 776
3 1383 102 140
3 1237 3190 643
3 1888 1646 750
3 1888 750 2476
3 1646 1925 1027
3 1925 1646 1452
3 1027 1925 1230
3 2202 1230 1925
3 1906 2921 1626
3 1603 425 2119
3 425 1603 1351
3 2952 2119 2790
3 2446 1899 575
3 869 1899 2895
3 869 575 1899
3 1965 1731 2949
3 3141 170 1605
3 1605 170 1424
3 1128 744 170
3 1424 170 744
3 2924 3236 2913
3 462 3146 1751
3 273 1345 2847
3 1345 462 1751
3 1345 1751 235
3 1223 1345 235
3 1223 2847 1345
3 1809 1947 1301
3 2117 1301 1947
3 2117 1947 1244
3 1160 1653 2168
3 1160 2168 3022
3 1804 2715 2807
3 1295 3070 803
3 2623 2779 1011
3 2623 1011 1721
3 3070 1721 3194
3 2108 788 465
3 788 2108 926
3 1451 1396 1359
3 1359 1396 2112
3 1359 680 2934
3 1359 2934 1451
3 1189 2846 1401
3 1401 2846 3038
3 3038 1065 1401
3 1401 1065 44
3 3038 2846 1692
3 81 2799 3271
3 1617 3215 1979
3 1617 1979 2472
3 1913 1703 3014
3 1703 1913 3215
3 3174 1703 3215
3 1913 2958 3264
3 2135 2563 1406
3 1765 1200 1939
3 1200 1765 2009
3 3091 3176 1502
3 3176 3142 1502
3 1294 464 1599
3 1294 1599 1375
3 52 522 2020
3 2020 610 52
3 522 52 2565
3 2020 522 1294
3 3205 1159 1466
3 3006 747 2470
3 1165 931 205
3 205 931 1748
3 1165 2639 931
3 3128 1495 1344
3 1344 1495 1165
3 3189 1506 2444
3 879 1064 1367
3 879 1367 681
3 681 1367 313
3 313 1367 1959
3 1458 2285 2156
3 3196 2856 945
3 2856 2315 945
3 2852 878 3162
3 1027 1230 2100
3 2539 1027 2100
3 1704 1254 675
3 675 2353 2070
3 675 2070 1704
3 3214 1423 2340
3 2603 3157 670
3 2603 2561 3157
3 1483 3044 791
3 1483 2468 3044
3 3044 2468 3146
3 3044 273 791
3 589 758 1987
3 1947 2075 1244
3 2075 1947 1809
3 443 3222 367
3 443 1008 3222
3 443 2101 1008
3 2124 567 2807
3 567 2124 1716
3 567 1716 1369
3 567 1369 3022
3 2807 2447 177
3 177 2447 861
3 1044 3257 1264
3 1624 3257 571
3 1624 571 305
3 571 661 375
3 571 375 305
3 2678 305 375
3 2678 375 157
3 2678 157 3096
3 305 2678 1574
3 305 1574 1624
3 571 3257 3194
3 571 3194 661
3 661 157 375
3 2779 906 1011
3 886 3263 2078
3 886 2078 2602
3 906 2602 2078
3 2824 3038 1692
3 3038 2824 1065
3 1993 1169 1608
3 3076 2799 53
3 3076 2205 2799
3 727 1124 3215
3 1124 1382 1979
3 1397 1382 121
3 3264 2619 121
3 1397 121 2619
3 121 1382 1124
3 121 1124 727
3 3264 121 727
3 287 793 2361
3 46 2361 793
3 2361 46 2141
3 46 1961 2141
3 1662 2328 1921
3 1662 1921 728
3 1828 1867 263
3 1828 2527 1867
3 1867 1131 263
3 1828 263 3176
3 3176 1599 1828
3 1828 1599 1097
3 1097 1599 1403
3 880 492 406
3 492 1097 1403
3 406 492 1403
3 492 880 2527
3 492 2527 1097
3 1330 1826 934
3 2789 2770 2470
3 2965 1826 1330
3 2479 3227 2724
3 1495 2639 1165
3 1494 1322 330
3 1494 330 3097
3 2372 684 2954
3 684 1830 1360
3 2372 1830 684
3 3079 1450 2520
3 31 2520 1450
3 31 1450 171
3 171 1450 217
3 940 960 2910
3 940 2910 2537
3 3247 1528 2504
3 2504 1528 1361
3 2955 3247 2504
3 1632 1655 1959
3 1959 219 1632
3 2594 1655 1632
3 795 219 1959
3 2829 795 697
3 2829 2359 795
3 2829 697 1064
3 2535 1121 360
3 1121 2535 392
3 392 2535 3196
3 392 405 3234
3 392 3234 1121
3 392 3196 945
3 392 945 405
3 3162 1995 3234
3 2891 483 2661
3 2661 483 716
3 2852 3081 878
3 878 1099 3118
3 1109 642 1248
3 1248 642 2434
3 2434 642 1190
3 1190 642 1109
3 2915 293 2035
3 2035 293 2652
3 204 1923 293
3 293 1923 2652
3 493 2627 1776
3 493 1776 590
3 1143 590 2353
3 1143 493 590
3 493 1143 2647
3 1254 660 1297
3 1297 1143 1254
3 1254 1143 675
3 675 1143 2353
3 2340 660 3214
3 1297 660 612
3 612 660 2340
3 2603 3261 1937
3 2524 1366 2635
3 1674 589 2617
3 374 2304 1377
3 374 1377 3191
3 374 3191 2283
3 2283 2304 374
3 168 3191 1377
3 3185 2101 443
3 3185 443 367
3 760 3185 367
3 1428 491 1994
3 491 2309 1994
3 3252 2262 637
3 1806 637 2262
3 637 1806 2615
3 637 2615 2773
3 637 2773 1384
3 1973 3051 1103
3 1973 1103 2131
3 1973 2131 1837
3 1224 2678 3096
3 1224 3096 253
3 1224 253 252
3 1224 252 2076
3 2076 1837 2131
3 2131 1103 1574
3 1837 2727 1973
3 2727 1837 252
3 252 1837 2076
3 1984 1224 2076
3 1984 2076 2131
3 1984 2131 1574
3 1984 2678 1224
3 2727 351 2916
3 351 2727 252
3 351 252 253
3 351 253 3096
3 351 3096 2916
3 3250 2834 1215
3 460 2935 381
3 381 2935 320
3 320 2935 3250
3 2205 3076 2222
3 639 2630 2870
3 2870 2630 2141
3 639 2870 2679
3 1961 3166 2141
3 2036 3232 172
3 2417 3232 2036
3 3011 1988 1754
3 1754 1988 2482
3 1988 2062 2482
3 2328 2125 1378
3 1378 2125 2482
3 1849 2125 2300
3 1849 2300 1954
3 1954 2300 1197
3 1954 2482 1849
3 2251 2479 1821
3 2251 1821 2509
3 2251 2509 790
3 2159 1644 103
3 103 1644 1829
3 103 1829 442
3 1972 178 1970
3 1340 178 1972
3 8 2884 2787
3 2890 1322 2308
3 2612 2372 429
3 429 832 2612
3 2612 832 2308
3 2954 2705 1238
3 849 1238 2705
3 1470 2436 1145
3 1145 2436 1500
3 1450 2436 217
3 1470 217 2436
3 1068 3079 3245
3 1068 3245 2436
3 2107 898 3008
3 1361 1528 497
3 1910 1206 1528
3 1910 3247 2359
3 2077 1910 2359
3 1910 2077 1206
3 2208 2497 1666
3 1666 2497 3274
3 2497 2655 3274
3 950 1666 1592
3 1995 929 947
3 1995 947 485
3 1995 485 751
3 751 3234 1995
3 2498 348 349
3 2498 699 348
3 349 215 2498
3 1188 2474 3088
3 2434 15 1736
3 1190 1652 2434
3 1190 2652 2901
3 1190 2901 1652
3 454 1652 2901
3 2455 2621 2072
3 2072 2621 2627
3 2627 2621 3230
3 1823 2455 2072
3 1823 2072 2647
3 864 1766 1823
3 2426 1823 1766
3 2843 864 3021
3 612 3021 864
3 1857 1467 2812
3 472 2400 1933
3 472 1933 2812
3 3261 1767 472
3 472 1767 2400
3 3025 2400 1767
3 2400 1684 1559
3 1559 1373 2400
3 1373 1559 2042
3 1373 2042 286
3 3029 286 1286
3 286 2042 1286
3 304 3121 1211
3 304 1211 2625
3 2500 1040 1960
3 2304 2309 1377
3 1377 491 168
3 168 491 876
3 361 1512 1545
3 2972 361 1545
3 1545 1512 2384
3 2972 1545 2087
3 1363 2087 1545
3 3258 653 3104
3 817 1926 1679
3 1290 2118 2998
3 623 1661 1239
3 2998 623 1239
3 2998 1239 404
3 1239 471 404
3 2703 2919 1485
3 2720 1485 2713
3 2036 2460 2053
3 2148 2460 2036
3 2143 1535 269
3 269 1535 1531
3 269 1531 2802
3 269 2802 2143
3 2756 3075 3050
3 3050 3075 2473
3 2473 3075 2261
3 1340 2069 1644
3 1829 1644 1459
3 1829 1459 18
3 1829 18 427
3 1829 427 442
3 442 427 3075
3 442 3075 3135
3 427 18 1459
3 427 1459 2503
3 2069 1839 1459
3 2397 49 565
3 2584 565 49
3 1898 832 849
3 1949 1557 3054
3 2673 3054 1557
3 1949 3054 1516
3 1949 1615 1557
3 800 2658 742
3 800 3126 2658
3 2655 1163 2666
3 2208 2012 2497
3 2012 2655 2497
3 2862 326 1376
3 2862 1376 2761
3 2862 2761 2742
3 2761 1376 1339
3 1110 1339 1376
3 1110 1376 2981
3 1859 2804 2749
3 1859 349 348
3 1859 348 502
3 1859 502 2804
3 502 348 699
3 2749 349 1859
3 1188 3088 825
3 1188 825 502
3 1188 502 699
3 502 825 2804
3 671 3088 2031
3 671 825 3088
3 825 671 2804
3 3101 213 3243
3 213 2528 3243
3 2528 213 1536
3 2426 1766 1922
3 238 1326 2923
3 2923 1326 437
3 238 2923 1764
3 238 1831 1326
3 1671 2387 1326
3 2387 437 1326
3 2400 1373 1671
3 2400 1671 1933
3 1933 1671 1831
3 3102 806 2164
3 1576 101 3121
3 1960 1707 2500
3 1707 3233 1399
3 1399 2793 1882
3 1399 1882 1707
3 1399 3233 270
3 1399 444 2793
3 444 3258 2793
3 1114 466 2793
3 773 554 682
3 773 682 905
3 773 905 2452
3 554 773 1618
3 554 3179 1194
3 682 923 905
3 3179 2302 1194
3 682 1194 2302
3 923 682 2302
3 2023 2730 85
3 85 2730 301
3 3037 301 2730
3 2713 1485 2002
3 2002 1485 2919
3 2606 2713 3050
3 3050 2713 2828
3 3144 393 182
3 3163 393 3144
3 393 3163 2258
3 393 2258 1596
3 393 1596 182
3 427 2503 3075
3 2261 3075 2503
3 1178 1851 145
3 1178 3042 1851
3 1851 3042 2953
3 2953 536 1851
3 1851 1787 145
3 145 1787 1178
3 547 1009 416
3 1178 547 416
3 1178 1787 547
3 2657 445 1257
3 1257 3276 2657
3 3276 2252 2657
3 1709 1641 559
3 1709 559 1660
3 1660 1549 1709
3 2224 1641 1709
3 1641 1938 559
3 559 2825 1660
3 1660 2825 872
3 1769 801 1125
3 2892 1677 812
3 2295 2316 1805
3 2295 1805 2760
3 2760 1805 430
3 2123 2760 430
3 2123 430 2676
3 769 2175 2316
3 888 1847 1924
3 2691 1924 1847
3 2691 1847 2496
3 722 452 1332
3 722 1332 3003
3 2880 310 3243
3 3243 310 2736
3 2528 2880 3243
3 2822 1235 94
3 2822 94 88
3 2443 1213 2711
3 3207 2900 2023
3 2164 2023 2900
3 1303 478 2452
3 1303 2452 345
3 1303 345 1278
3 1303 1278 2377
3 557 2500 1707
3 557 1707 1882
3 557 1882 1499
3 1499 1882 1691
3 345 1017 1278
3 3207 2058 1611
3 993 1380 1246
3 1596 2258 1380
3 860 3163 314
3 314 2700 860
3 1628 142 1071
3 1628 1071 93
3 93 1426 1628
3 1628 1426 1708
3 2347 3144 822
3 772 781 2068
3 615 1381 2931
3 2931 1381 2545
3 615 2931 506
3 615 506 1386
3 2776 2291 1381
3 422 3042 1819
3 1840 422 1819
3 1819 3042 1178
3 1819 649 1694
3 1819 1694 1840
3 422 1007 3042
3 1819 1178 416
3 1819 416 649
3 3276 1050 1658
3 2920 3276 1658
3 445 2224 243
3 445 243 1257
3 1257 243 39
3 39 243 1681
3 1681 243 703
3 703 476 1549
3 2224 476 703
3 2040 1549 2517
3 2517 1418 764
3 1395 2551 1997
3 1395 1997 741
3 2246 307 2311
3 855 2676 561
3 855 561 2957
3 561 1805 2957
3 2175 106 2316
3 2691 3055 1394
3 3055 2691 2766
3 1847 1869 2496
3 621 1895 2496
3 621 2496 1869
3 621 1869 2004
3 1895 621 2004
3 732 2246 2311
3 1668 948 732
3 2822 88 3207
3 1071 142 2700
3 2871 2931 2111
3 2931 1642 2111
3 2545 1642 2931
3 2517 1642 2040
3 2040 2545 718
3 2545 2040 1642
3 2545 2291 718
3 461 2776 1840
3 1681 1050 39
3 39 1050 1257
3 1257 1050 3276
3 1681 2291 1050
3 765 366 1365
3 218 366 765
3 366 218 2766
3 366 2766 549
3 549 1365 366
3 1365 2646 765
3 765 855 218
3 3055 218 855
3 2842 2897 3277
3 2842 3277 3289
3 1793 2230 3278
3 1793 3278 2415
3 2127 2605 3279
3 2127 3279 3117
3 3006 2639 3286
3 3006 3286 3227
3 187 2659 3292
3 467 2964 3290
3 1619 988 3281
3 1619 3281 2442
3 1298 2962 3282
3 1298 3282 3068
3 2333 3291 115
3 754 1327 3284
3 754 3284 1346
3 2127 3117 3285
3 2127 3285 2121
3 347 3271 3288
3 347 3288 2294
3 1737 1026 3283
3 1737 3283 2150
3 473 3103 3287
3 473 3287 3092
3 1526 2333 3280
3 1526 3280 2566
