ply
format ascii 1.0
comment Generated by PyMesh
element vertex 1641
property float x
property float y
property float z
property float charge
property float hbond
property float hphob
property float iface
property float nx
property float ny
property float nz
element face 3278
property list uchar int vertex_indices
end_header
18.214 47.819 55.852 0.239319 -0 -3.5 0 0.372866 0.0523679 0.926406
21.296 38.986 53.488 -1.09867 -0.468653 -3.5 0 0.948772 -0.239179 -0.206458
13.982 56.18 46.142 -1.22714 -0.0118557 -3.5 0 -0.27164 0.8059 -0.526058
8.8705 38.5815 54.8985 0.0607873 0.008913 -3.5 0 -0.932469 0.287221 -0.219103
37.4835 56.5695 44.045 -0.763588 0 -0.8 0 0.793874 -0.58687 -0.159209
11.532 40.528 48.6305 0.965104 0.140702 -3.63946 0 -0.634969 0.772495 0.00803422
24.425 56.8875 47.5645 -0.179044 0.00451807 3.82885 0 -0.684166 0.599902 -0.41477
17.4845 36.158 38.562 0.198364 0 1.8 0 0.0843496 -0.979191 -0.184583
24.2215 30.9495 45.1995 -0.133 0 4.5 0 -0.208691 -0.973894 -0.0893246
25.548 41.673 33.673 -0.308726 0 -0.7 0 0.772718 -0.633194 0.0444072
13.471 47.971 45.647 -0.298002 0 1.8 0 -0.743589 0.49524 0.449237
34.867 55.056 37.91 0.164178 0 4.5 0 0.097186 -0.100779 -0.990151
15.7225 40.677 37.956 -0.734399 0 1.8 0 -0.0383452 0.236314 -0.97092
33.204 59.495 43.5275 0.0517582 0 -0.8 0 -0.418854 0.505271 -0.754495
24.8525 57.162 56.555 -0.0511594 0 3.8 0 0.890145 0.0638004 0.451189
21.977 63.5985 53.536 -0.989119 -0.147277 -3.5 0 -0.955162 0.133829 0.264111
37.254 48.1595 50.87 -0.63586 0.0910012 -3.32666 0 0.555219 -0.781987 -0.283247
13.5095 45.774 54.2645 0.03327 0 -3.5 0 -0.708409 0.661336 -0.246558
25.934 58.385 54.942 -0.60973 -0.202361 3.8 0 0.662075 -0.170218 0.729851
30.537 49.088 54.2635 -0.45782 0 -3.5 0 0.356093 -0.295599 0.886464
10.935 45.865 50.278 0.0601075 0 3.8 0 -0.944879 0.325704 0.0334802
39.677 58.8605 42.253 0.106707 0 -0.8 0 0.185192 0.848213 0.496224
20.4495 33.5955 50.458 0.099823 0 -1.6 0 0.619242 -0.715389 0.323664
21.269 51.28 55.095 0.281919 0 3.8 0 -0.191788 0.0576893 0.979739
35.983 54.7735 55.572 -0.586821 -0.933084 -0.8 0 0.280147 0.380113 0.881494
33.28 57.1975 38.9245 0.113726 0 4.5 0 -0.537115 0.430648 -0.725293
12.493 44.351 42.4715 0.293699 0.0493902 1.8 0 -0.793943 -0.0713983 -0.603786
33.595 47.297 53.579 -0.309147 0 -3.5 0 -0.0711236 -0.707138 0.70349
22.0215 60.1515 47.1155 0.0960133 0 -3.5 0 0.86016 0.391035 -0.32744
21.626 41.695 57.381 0.159419 0.457888 -3.5 0 0.408475 0.25752 0.875689
27.866 52.7825 54.143 0.0359803 0 -3.5 0 -0.78574 -0.168503 0.595164
35.157 40.8565 46.53 0.326375 0.105049 -1.76012 0 0.768469 -0.515923 0.378522
37.22 49.8445 43.1413 -0.405063 0 -0.8 0 0.530039 -0.175428 -0.829629
28.7705 59.1445 43.837 0.0337812 0 -0.7 0 0.439852 -0.399164 -0.804486
17.177 58.613 46.149 -0.948115 -0.222345 -3.5 0 -0.634072 -0.449368 -0.629302
19.7658 57.912 42.484 0.0517094 0 3.8 0 0.139967 0.752544 -0.643496
22.4755 49.8415 36.8903 0.155807 0 -3.5 0 -0.691366 0.421782 -0.586611
33.1377 44.8505 44.775 -1.02448 0 1.8 0 0.271955 -0.268681 -0.924041
18.0093 57.2287 46.3365 -0.246893 0 2.85657 0 -0.734038 0.0794763 -0.674442
38.1685 53.728 39.3985 0.589387 0.94129 4.5 0 0.559013 -0.466545 -0.685448
38.7323 50.8875 51.0295 0.064559 0 -0.7 0 0.476047 0.128298 0.870011
37.8195 48.513 47.8372 -0.974436 0 -0.7 0 0.118743 -0.992613 0.0248735
16.344 55.8335 54.7 0.876522 0 -4.5 0 0.51061 -0.405899 0.757973
14.7378 55.4325 50.4673 -0.0402201 0 -3.5 0 -0.0521209 -0.672804 0.737982
22.8263 50.8335 37.3413 -0.0761196 0 -3.5 0 -0.636808 0.556054 -0.534115
14.5295 42.42 56.2988 -0.163428 0 -3.5 0 -0.434094 -0.342046 0.833407
34.8377 57.0965 38.5262 0.229999 0 4.5 0 -0.040375 0.555046 -0.830839
9.6245 54.234 42.1125 2.38253 0.0233818 -3.9 0 -0.737571 0.295678 -0.607094
31.6922 40.0928 48.482 -0.255871 0 1.8 0 0.37881 0.167298 0.910228
25.556 34.9238 40.9442 -0.326083 0 -0.7 0 0.447038 -0.720624 -0.529961
41.2595 57.2285 38.898 -0.361848 -0.973934 -0.8 0 0.564631 -0.182915 -0.804819
13.3455 45.6055 55.2695 -0.0668375 0 -3.5 0 -0.877489 0.378059 0.295101
13.405 52.888 49.0635 -1.40007 0 -3.5 0 -0.453156 -0.768384 0.451925
15.3783 50 53.8693 1.61429 0.011056 -3.9 0 -0.982114 -0.13918 -0.12681
15.3003 49.4338 54.7795 2.13102 0.32403 -3.9 0 -0.967353 -0.0563859 0.247081
9.508 37.8585 47.1265 2.55575 0.34672 -3.9 0 -0.873297 -0.482178 -0.0696957
9.93175 37.9825 45.984 1.61658 0.0100648 -3.9 0 -0.793034 -0.562384 -0.234138
29.0513 44.9832 38.5008 0.508296 0.0118482 -0.7 0 0.698832 -0.588624 -0.406393
14.939 45.912 57.202 -0.749463 0 -3.5 0 -0.711053 0.344821 0.612782
30.721 43.0975 40.616 -0.371547 0 -0.8 0 0.674053 0.0591121 -0.736314
30.0805 47.0315 53.8095 -0.445692 0 -3.5 0 0.620634 -0.783166 0.0382747
17.6642 47.1468 39.1463 -0.223893 -0.0264043 1.73295 0 0.0345677 0.91455 -0.402994
38.6143 58.434 47.301 -0.0462062 0 -0.7 0 0.807205 0.47323 -0.352807
16.862 34.6242 41.3973 -0.284141 -0.525505 -0.0274306 0 -0.133647 -0.539874 -0.831068
10.688 37.539 44.251 0.484381 0 -3.5 0 -0.967083 -0.151563 -0.204399
23.8692 63.4403 51.5475 -0.348882 0 -3.5 0 -0.0552627 0.53247 -0.844643
15.391 59.406 54.103 1.10931 0 -4.5 0 -0.515581 0.744444 0.424239
36.345 41.9785 45.506 -0.4633 -0.244229 -3.26682 0 0.582544 -0.717139 -0.382563
18.9737 33.3397 43.1912 -0.29912 -0.194543 1.8 0 0.228983 -0.915905 -0.329673
19.109 41.993 37.3952 -1.29768 -0.895213 -0.4 0 -0.630418 0.606549 -0.484428
13.5025 45.619 52.179 0.0902444 0 3.50487 0 -0.222339 0.9103 0.349169
27.8125 39.608 37.605 -1.82551 -0.0216547 -3.5 0 0.852345 -0.0606203 -0.519455
21.832 64.259 52.7935 -1.21544 -0.43708 -3.5 0 -0.88931 0.456857 0.0202378
12.6815 47.3555 50.568 0.0722402 0 3.8 0 -0.0608308 0.956008 0.286963
25.2845 56.776 42.0405 -0.847804 -0.619875 4.18945 0 -0.392959 0.737863 -0.548763
26.7075 54.3735 38.9217 0.0824075 0 1.8 0 0.0990924 -0.338617 -0.935692
13.1284 36.4126 40.8485 -0.889784 -0.297655 -3.5 0 -0.235115 -0.739438 -0.630834
33.5728 45.9125 52.2202 -2.24672 -0.792924 -3.5 0 -0.0413534 -0.310468 0.949684
12.79 42.417 55.4085 -1.23739 -0.401492 -3.5 0 -0.170932 -0.242953 0.954859
34.4342 57.768 39.1862 0.167751 0 4.5 0 -0.0626456 0.766269 -0.639458
26.1915 47.7342 35.219 -0.874655 0 -3.5 0 -0.151385 -0.349746 -0.924533
32.7775 55.9173 53.8037 0.274954 0 -3.5 0 0.698699 0.712913 0.0597942
28.874 34.967 48.134 -0.466495 0 -3.5 0 0.483026 -0.354151 0.800789
11.5245 41.4075 39.4605 -0.102996 0 -0.8 0 -0.680752 0.553073 -0.480299
27.4153 48.4668 57.3563 0.138355 0 -3.5 0 0.0693939 0.779023 0.623144
38.399 54.7815 46.8515 0.317306 0 -0.7 0 0.901705 0.0599444 -0.428177
32.4178 55.8887 41.269 0.0941486 0 4.5 0 -0.922418 0.374257 0.0952715
20.1295 32.8065 44.1415 -0.0156681 0 3.15949 0 -0.448301 -0.862014 -0.236553
37.5788 58.1386 42.2889 -1.22405 -0.552243 -0.8 0 0.030478 0.922712 0.384282
21.814 31.8835 45.3555 -0.0557583 0 4.5 0 -0.323082 -0.901922 0.286628
29.2647 59.2902 52.7648 -0.0166814 0 3.8 0 0.469289 0.858422 0.207073
39.4465 46.2562 43.8512 -1.70907 -0.219042 1.8 0 0.970404 -0.228509 0.0780956
26.074 43.1195 57.5165 0.190217 0.834994 -3.5 0 0.0134278 -0.868966 0.49469
11.858 54.663 47.334 -1.57002 -0.672247 -3.5 0 -0.958249 -0.17197 0.22844
16.96 48.203 56.668 -0.308765 -0.57021 -3.5 0 -0.0480711 0.093502 0.994458
15.8877 55.7848 45.8182 -0.245082 0 -3.5 0 -0.000879499 0.607117 -0.794612
37.9285 47.949 52.4775 0.554743 0.680682 -3.5 0 0.941945 -0.207657 0.263854
29.907 41.17 40.237 0.328698 0.693511 -0.8 0 0.512434 -0.776739 -0.36618
35.016 51.248 40.975 -0.141077 0 4.45378 0 0.261504 -0.36714 -0.89265
30.9655 38.8475 49.0145 -0.405051 -0.045966 1.8 0 0.262384 -0.392216 0.881658
35.4265 45.3115 51.06 -1.94265 -0.0257506 -3.5 0 0.791883 -0.431204 0.432417
38.2588 48.4955 50.6217 -0.463955 0 -0.7 0 0.509251 -0.835087 0.208068
29.0193 58.7635 53.6785 -0.0570566 0 3.8 0 0.295205 0.629199 0.719001
16.767 33.593 43.518 -0.665766 -0 1.8 0 -0.589864 -0.794117 0.14642
33.7485 40.021 48.0325 -0.404582 0 1.8 0 0.349825 -0.300621 0.887271
20.1695 55.9895 41.5195 0.0276882 0 3.8 0 0.284568 0.138682 -0.948572
36.259 48.18 54.268 -0.0946918 0.00302835 -3.5 0 0.217526 -0.385825 0.896561
21.485 38.74 54.478 -1.61348 -0.722383 -3.5 0 0.758688 -0.644341 -0.0960089
22.1745 64.7825 55.253 0.461701 0.661962 -3.5 0 -0.871376 0.351239 0.342543
32.9821 45.0749 52.2417 -2.68786 -0.503391 -3.5 0 -0.0525012 -0.013315 0.998532
24.513 54.045 53.952 0.0374138 0 3.8 0 0.653021 -0.603877 0.457051
26.5415 55.4075 38.8467 0.0587255 0 1.8 0 -0.019055 0.31712 -0.948194
16.58 47.724 52.2352 0.549943 0 4.2 0 -0.985487 0.0731545 0.153176
25.8945 35.0725 43.499 -0.0765597 0 -0.7 0 0.572453 -0.671982 -0.469828
11.623 42.58 41.2965 -0.658335 -0.107953 -0.8 0 -0.88853 0.412344 0.201212
26.0193 42.508 32.956 -0.243412 0 -0.7 0 0.946019 -0.100458 -0.30815
31.179 59.2147 48.3302 0.110169 0 3.8 0 -0.0310872 0.972659 0.23015
20.7135 48.5285 37.295 0.775641 0.629693 -0.7 0 -0.734623 0.616563 -0.28316
26.137 62.9585 51.4577 -0.230371 -0.447124 -3.5 0 0.186803 0.719482 -0.668918
12.9605 40.88 54.7537 -0.158304 0 -3.5 0 -0.0476871 -0.0660856 0.996674
22.406 47.065 58.335 -0.254892 0 -3.5 0 -0.350076 0.0304557 0.936226
10.0522 51.9115 43.9478 1.57657 0.835819 -3.9 0 -0.597381 -0.75939 0.257804
12.4102 43.2217 42.2093 0.0627442 -0.0657539 -3.69321 0 -0.93258 0.359761 -0.029447
23.7335 48.928 55.556 0.34256 0.0621597 0.15 0 0.400358 0.81501 0.418893
18.368 57.546 43.973 0.0229676 0 3.8 0 -0.95008 0.281751 -0.134029
23.4893 41.244 32.613 -0.103862 0 -0.7 0 -0.183832 -0.692426 -0.697676
21.7518 39.89 54.0732 -0.56779 -0.149257 -3.5 0 0.801059 -0.43023 -0.41618
17.859 34.5073 41.445 -1.68824 -0.0238992 1.8 0 0.0905324 -0.310289 -0.946322
24.5745 43.892 56.3575 -0.279789 0.00875197 -3.5 0 -0.256669 -0.949253 0.181769
33.2402 44.9263 39.1365 -0.211194 0 3.8 0 0.112535 -0.8563 -0.50407
16.999 55.2342 54.1802 0.415629 0 -4.43863 0 0.363076 -0.0625382 0.929658
28.7775 61.5028 43.4338 0.0495287 0 -0.7 0 0.346158 0.230452 -0.909432
35.8525 49.1265 54.4955 0.133692 0.557839 -3.5 0 0.132022 0.152052 0.979515
11.6085 43.2805 54.208 -0.878349 -0.146242 -3.5 0 -0.965742 0.236896 0.105939
39.975 48.71 44 -1.38365 -0.760392 1.8 0 0.827775 0.560986 -0.009116
17.7463 42.8493 38.735 -0.119647 0 1.8 0 -0.358458 0.219669 -0.907333
9.31375 52.9087 43.8433 2.39101 0.0750789 -3.9 0 -0.870105 -0.344246 0.35272
23.859 34.6475 50.747 -1.25589 -0.306069 4.5 0 0.0547529 -0.518695 0.853205
33.347 44.1285 52.268 -1.95314 -0.310932 -3.5 0 0.104084 -0.418825 0.902082
23.0662 51.6452 38.118 -0.354461 -0.225227 0.288166 0 -0.175412 0.765102 -0.619556
28.7822 58.0235 54.3895 -0.0983178 0 3.8 0 0.192876 0.534408 0.822926
11.8975 42.1671 53.7808 -1.34758 -0.742838 -3.5 0 -0.983241 -0.168517 -0.0695659
20.883 39.585 56.832 -0.33935 0 -3.5 0 -0.0722139 -0.681086 0.728634
22.507 41.0718 53.7735 -0.519283 0 -2.82186 0 0.575354 -0.775245 -0.260696
16.473 55.679 52.8545 0.707198 0 -4.18435 0 -0.703752 -0.548941 -0.450996
33.331 58.0392 39.5635 0.0955927 0 4.5 0 -0.296011 0.854729 -0.426398
17.955 55.4963 41.947 0.0275032 0 3.8 0 -0.633355 -0.100757 -0.767274
19.78 47.681 38.5395 -0.469316 -0.375032 -0.7 0 -0.480853 0.864074 -0.148849
17.475 37.143 36.8165 0.0354253 0 1.8 0 0.0591597 -0.495535 -0.866571
36.9535 47.3623 53.3605 -0.0125856 0 -3.5 0 0.481508 -0.695716 0.533038
18.6707 32.4468 46.1935 0.0460774 0 1.8 0 0.0299378 -0.951235 0.307011
21.297 40.3985 57.346 -0.208979 0 -3.5 0 0.0791035 -0.217904 0.972759
11.043 36.9385 55.602 -0.295047 0 -3.5 0 0.182292 -0.831346 0.525008
13.1805 44.5135 55.1005 -0.201072 0 -3.5 0 -0.771657 0.24879 0.585362
13.9862 57.2228 51.1555 0.213079 0 -4.5 0 -0.415892 0.408431 -0.812538
37.539 59.1237 50.1973 0.107884 0 -0.7 0 0.425397 0.607072 0.671194
27.132 62.592 47.8785 -0.65545 -0.734828 -0.7 0 -0.601798 0.628439 0.492852
18.5005 61.02 47.845 -0.15373 0 -3.5 0 -0.595999 0.790408 0.141565
22.2405 63.9455 54.6535 -0.0793636 0 -3.5 0 -0.964402 -0.0390369 0.261542
35.4455 60.1489 45.9109 -0.000888411 0 -0.8 0 0.569517 0.788289 0.232919
21.9653 39.7373 56.888 0.0032023 0 -3.5 0 0.382866 -0.584702 0.715218
31.3078 50.0602 54.2515 0.16771 0 -3.5 0 0.293149 -0.377855 0.878231
14.5655 56.04 52.036 0.191451 0 -4.35253 0 0.0933219 -0.990118 0.104673
25.3825 45.113 36.622 -0.438048 -0.801123 -0.7 0 0.939466 -0.0976116 -0.328444
28.96 47.448 57.1045 -0.0215627 0 -3.5 0 0.86857 0.292229 0.400235
36.3905 59.2463 45.7355 -0.179508 0 -0.8 0 0.67131 0.72975 0.129644
37.87 56.05 38.486 2.2311 0 -0.723948 0 -0.106157 -0.392205 -0.913732
11.181 45.6012 51.2887 0.0343172 0 3.8 0 -0.852145 0.26256 0.45267
12.6567 43.602 41.0168 -0.401655 -0.668753 -0.8 0 -0.726896 0.686032 0.0313396
38.1805 59.1208 48.0267 -0.00786204 0 -0.7 0 0.486167 0.842476 -0.23211
34.2255 48.7165 39.502 0.00479123 0 3.8 0 0.810495 0.35596 -0.465178
14.5828 41.6855 39.0238 -0.200595 -0.948292 1.8 0 -0.0924847 0.679454 -0.727866
12.399 53.5175 49.0192 -1.56607 -0.805725 -3.5 0 -0.807419 -0.371866 0.458029
16.2593 57.1048 50.2832 -0.053755 0 -3.5 0 -0.351914 0.888837 -0.293472
20.735 62.2603 50.892 -1.09055 -0.012737 -3.5 0 -0.250215 0.878516 -0.406943
36.4162 56.4675 51.867 0.484464 0.105505 -0.750038 0 0.349012 0.685247 0.639239
26.5263 61.11 48.1215 -0.422999 -0.446178 1.51465 0 -0.737266 0.648407 0.189756
22.1628 43.4468 57.0238 -0.262192 -0.777599 -3.5 0 0.0675011 -0.603453 0.794536
22.5623 58.1415 58.1855 -0.0044821 0 3.8 0 0.0314928 0.578025 0.815411
29.15 58.8532 50.66 0.298356 0 3.8 0 0.627949 0.761239 0.161847
22.4775 52.505 38.778 -1.10093 -0.072058 4.2 0 -0.263182 0.687506 -0.67681
30.893 37.712 48.315 -0.463909 -0.85544 1.8 0 0.150575 -0.544349 0.825234
27.0745 38.3993 37.2882 -1.51425 -0.753056 -3.5 0 0.430006 -0.601406 -0.673354
22.426 32.723 47.079 -0.0416276 0 4.5 0 -0.349521 -0.678808 0.645797
12.6005 52.3133 41.4308 0.222117 0 -3.9 0 -0.0417113 -0.0604267 -0.997301
16.1125 51.3527 52.0775 0.442437 0 -3.9 0 -0.910481 0.316768 -0.26586
23.1087 54.7743 42.1015 0.370548 0.408334 4.02554 0 -0.47979 0.595548 -0.644302
24.389 45.6538 33.7052 -0.329016 -0.794064 -0.7 0 0.0901177 0.618939 -0.780252
14.236 56.2965 56.0555 0.319107 0 -4.5 0 -0.0616988 0.0988523 0.993188
15.5498 56.0117 51.2255 0.238534 0 -3.5 0 -0.179482 -0.844816 0.504056
26.104 43.12 56.362 0.065375 0.510089 -3.5 0 0.109434 -0.987448 -0.113886
30.3053 51.353 56.1792 0.018584 0 -3.5 0 -0.108767 -0.554119 0.825301
16.1698 37.3592 36.9077 0.0821124 0 1.8 0 -0.500511 -0.225086 -0.835958
19.9585 38.6457 55.5698 -0.558563 0 -3.5 0 -0.223248 -0.83753 0.498702
25.5165 58.353 44.85 0.447044 0.100747 4.5 0 -0.58867 0.744298 -0.315418
16.4918 40.1507 55.7975 -0.743548 -0.105983 -3.5 0 -0.239463 -0.840774 0.485548
29.1735 63.2383 46.9665 0.813548 0.435302 -0.7 0 0.658128 0.711776 0.245443
28.7115 57.325 44.5747 -0.495982 -0.214655 1.65725 0 0.48729 0.283196 -0.826044
27.1542 39.4408 40.2295 -1.71628 0.0112282 -2.88728 0 0.969058 -0.229001 -0.0921119
14.379 38.4705 54.6497 -0.0439345 0 -3.5 0 0.619944 -0.472681 0.626292
28.1 54.6222 54.8213 -0.407814 -0.486162 -0.156422 0 -0.620505 -0.10434 0.77723
36.372 57.406 51.288 0.863071 0.716147 -0.7 0 0.352182 0.468766 0.810078
38.391 43.7858 42.9272 -0.392527 0 1.8 0 0.535603 -0.793294 -0.289507
28.2955 50.2215 35.562 -0.591684 0.0662188 -4.00664 0 0.200032 0.466846 -0.861418
22.6893 63.2585 51.6138 -0.588469 -0.479084 -3.5 0 -0.192204 0.428744 -0.882744
9.5665 54.8085 43.0165 2.67625 0.0417792 -3.9 0 -0.592466 0.761872 -0.261793
16.1255 35.81 46.6595 0.396862 0 -1.2303 0 -0.901313 -0.425911 0.0789533
16.812 42.214 38.843 -0.566096 0 1.8 0 -0.20161 0.433988 -0.87807
30.23 56.738 54.4235 -0.219301 0 0.0585062 0 0.175628 0.781786 0.598303
39.16 56.3597 38.0687 1.7026 0 -0.8 0 0.226239 -0.443825 -0.867084
27.381 49.66 34.955 -1.89515 -0.393535 -3.5 0 0.221937 0.246377 -0.943421
25.6308 44.626 34.2798 -1.29779 -0.924829 -0.7 0 0.921362 0.313934 -0.229209
27.101 43.4188 57.0148 0.0601679 -0.187545 -3.5 0 0.341201 -0.925838 0.162499
19.867 61.5515 54.7675 -0.570156 -0.679026 -4.5 0 -0.395398 0.915782 0.0707326
33.3665 46.843 52.6685 -0.948609 0 -3.5 0 -0.228441 -0.65913 0.716493
12.6715 50.4473 44.3228 0.159145 0 -3.9 0 -0.760948 -0.471086 0.446135
10.7043 37.0462 43.1115 0.896679 0.806861 -3.5 0 -0.991106 -0.0448822 -0.12528
26.778 32.9137 48.718 -1.18412 -0.38236 4.5 0 0.174175 -0.543816 0.82093
30.67 35.5067 42.969 -1.55236 -0.365826 -3.5 0 0.210017 0.173478 -0.962184
28.26 60.491 51.1635 -0.479181 -0.0357019 3.51386 0 0.958021 0.2469 0.145729
31.0495 42.835 50.8285 -0.592123 0 3.8 0 -0.0137632 -0.753728 0.657043
38.0015 54.091 46.1533 0.118946 -0.543015 -0.759257 0 0.814941 0.25105 -0.522345
35.395 59.321 47.7725 -0.0670071 0 -0.716884 0 0.124239 0.917594 0.377606
12.488 42.0537 39.1138 -0.693404 -0.371597 -0.8 0 -0.358899 0.542813 -0.759306
13.7455 36.246 50.8555 -1.17788 -0.524236 -3.5 0 -0.329351 -0.944167 -0.00880297
36.755 53.551 39.216 0.37385 0 4.5 0 0.260025 -0.42757 -0.865778
10.3075 36.843 52.268 -1.0314 -0.678156 -3.5 0 -0.293931 -0.558286 -0.775836
24.645 37.258 50.8695 -0.191644 0 4.5 0 0.517623 -0.281985 0.807806
37.665 43.4445 47.0265 -1.36819 0 -3.5 0 0.750453 -0.157415 0.641904
27.642 39.9733 38.6027 -1.7773 0 -3.5 0 0.999583 0.0286995 -0.00331936
25.2083 47.8117 35.827 -0.539369 0 -3.5 0 -0.286049 -0.0830782 -0.954607
25.0683 43.0105 32.1222 -0.187503 0 -0.7 0 0.431938 0.167609 -0.886192
29.7868 38.1115 48.8768 -0.29251 0 1.8 0 0.0706074 -0.625875 0.776721
25.5165 55.5525 39.2555 0.0598462 0 1.8 0 -0.635427 0.440126 -0.634445
31.1682 34.2192 46.6442 -2.06236 -0.0840858 -3.5 0 0.473571 -0.773005 0.422129
20.4165 42.5115 33.993 0.609604 0.654694 -0.425953 0 -0.539527 0.290769 -0.790167
22.2735 57.86 43.9905 -0.0052655 0 3.8 0 0.548531 0.726009 -0.414759
9.81475 40.1548 47.2415 1.29506 0.0214152 -3.9 0 -0.734135 0.616055 0.285519
31.0012 50.5272 35.5913 -0.0822524 0 -4.5 0 0.222305 0.442752 -0.868649
37.983 48.5522 51.6512 -0.0783038 0.420427 -3.5 0 0.913813 -0.37617 0.15311
38.0088 59.2715 49.0985 0.0493617 0 -0.7 0 0.461974 0.882413 0.0890309
10.8275 41.2485 44.036 0.268769 0 -3.9 0 -0.856645 0.356184 -0.37322
10.9152 40.0122 38.405 0.00556644 0 -0.8 0 -0.506951 0.24344 -0.826884
20.8832 60.208 44.2067 0.462957 0.749691 -3.5 0 0.631366 0.584202 -0.509985
17.24 41.0865 38.172 -0.775712 -0.473043 1.68675 0 -0.132392 0.457493 -0.879302
29.298 56.9753 54.7412 -0.222508 0 3.8 0 0.0979225 0.518839 0.849245
16.27 60.6905 53.713 0.173854 0 -4.5 0 -0.431284 0.873587 0.225477
25.158 56.316 55.817 -0.0690567 0 3.8 0 0.800662 -0.1388 0.582816
20.248 48.4045 39.892 -0.0799625 0 -0.7 0 -0.50391 0.763955 -0.403048
24.631 51.47 36.4655 -0.363156 -0.466978 -3.5 0 -0.25452 0.873726 -0.414514
11.865 36.981 41.4025 -0.0412573 -0.88555 -2.12253 0 -0.622456 -0.673366 -0.398908
13.224 36.3662 51.7567 -0.183889 -0.437995 -3.5 0 -0.205082 -0.978331 0.0284698
24.9125 31.891 47.166 -0.18106 0 4.5 0 0.0121807 -0.765327 0.643526
31.893 56.4403 56.0785 0.366174 0.47713 -3.5 0 0.00655708 0.761441 0.648202
34.3345 46.223 42.1193 -0.346274 0 2.79968 0 0.0405275 -0.964934 0.259345
14.662 57.8305 55.3165 0.475094 0 -4.5 0 -0.387823 0.503428 0.77211
27.6045 55.3575 39.12 0.117232 0 1.8 0 0.45585 0.221581 -0.862034
35.785 44.9385 49.828 -1.5016 0 -3.5 0 0.902678 -0.17044 0.395125
33.5537 60.3685 44.446 0.0795665 0 -0.8 0 -0.269345 0.885905 -0.377659
22.796 48.483 57.9103 0.295984 0 -3.5 0 -0.29055 0.684896 0.668205
13.8658 59.072 52.3195 0.389881 0.246032 -4.5 0 -0.324327 0.912227 -0.250307
32.692 40.082 48.2062 -0.717559 0 1.8 0 0.361579 0.0120689 0.932263
27.823 62.0475 50.8135 -1.27716 -0.12928 -3.5 0 0.604532 0.710322 -0.360532
28.921 41.284 42.803 -1.12152 -0.54897 -0.8 0 0.199473 -0.979785 -0.0152467
25.55 60.217 46.366 -0.041986 0 -0.7 0 -0.857119 0.44907 -0.252356
23.8895 54.7895 41.186 0.819269 0.078523 2.02434 0 -0.585191 0.526868 -0.61641
20.0585 47.8015 37.5735 0.42873 0.284995 -0.7 0 -0.614402 0.761479 -0.206542
30.083 42.12 39.947 0.168597 0.585581 -0.8 0 0.555073 -0.0964332 -0.826193
24.089 51.264 54.3365 0.117572 0 3.8 0 0.593643 0.141304 0.792226
35.632 56.4292 38.2525 0.357487 0 4.5 0 0.0876401 0.240474 -0.966691
13.608 38.1333 55.502 -0.0433177 0 -3.5 0 0.463905 -0.365453 0.806993
22.7625 35.9085 50.737 0.0202699 -0.612625 4.5 0 0.106004 -0.348642 0.931242
20.3195 48.7885 54.457 1.2005 0 3.8 0 -0.0635918 0.487203 0.87097
13.5265 35.2272 42.9027 0.573113 0 -3.5 0 -0.188567 -0.96131 -0.200813
11.783 37.8225 38.234 0.0302462 0 -0.8 0 -0.17968 -0.643482 -0.744073
21.4215 61.9315 54.433 -0.202166 0 -4.47771 0 -0.514016 0.855583 0.0613685
15.9613 34.869 48.5433 0.821976 0 -1.6 0 -0.829941 -0.421373 -0.365571
32.8107 55.9297 39.0643 0.129927 0 4.5 0 -0.856231 0.134267 -0.498839
14.312 49.2275 46.3898 -0.520847 0 1.36005 0 -0.961585 0.269501 0.0521827
21.1108 37.0643 51.5662 0.183659 0.481312 3.71884 0 0.388296 -0.412074 0.82427
13.9082 46.4313 55.122 -0.0775583 0 -3.5 0 -0.68634 0.707555 0.168237
17.3235 33.8555 47.7668 0.285946 0 0.0200267 0 -0.629999 -0.730071 -0.26476
22.467 36.5785 38.5395 -0.177258 0 1.8 0 0.530355 -0.59279 -0.606072
31.5982 44.7463 42.8695 -0.421733 0 -0.8 0 0.953054 -0.27315 -0.130681
37.3527 46.2695 41.5522 -0.37706 0 1.8 0 0.2508 0.202333 -0.946658
22.3892 45.0838 58.1172 -0.752526 0 -3.5 0 -0.349325 -0.31596 0.882123
23.5805 59.8625 48.855 -0.32152 0 0.102513 0 0.109336 0.804638 -0.583612
29.201 45.6278 55.3428 -0.622181 0 -3.5 0 0.936492 -0.318523 -0.146714
10.28 40.795 45.0682 0.489025 0 -3.9 0 -0.782952 0.564426 -0.261553
17.7698 32.9627 42.9155 -1.7091 -0.58072 1.8 0 -0.114141 -0.989041 -0.0936511
18.672 38.314 51.534 -0.615498 0 1.16328 0 -0.432778 -0.576377 0.693176
20.241 60.904 56.3088 -1.28635 -0.347935 -4.5 0 -0.394608 0.31559 0.862953
24.5268 44.1878 57.5595 -0.25541 -0.0365095 -3.5 0 -0.285368 -0.716506 0.636541
21.675 39.5675 51.755 -0.40564 0.011528 4.5 0 0.522275 -0.446691 0.726427
15.7467 36.8623 46.1463 0.895526 0 -3.39504 0 -0.721051 -0.437406 0.537366
35.2255 44.137 50.1017 -1.23625 0 -3.5 0 0.620122 -0.620243 0.480362
32.6012 48.7475 36.6065 0.410568 0.360015 -4.5 0 0.575062 -0.499116 -0.648219
37.54 42.5435 45.2668 -1.31815 -0.0167204 -3.5 0 0.528554 -0.736704 -0.421778
25.2712 43.3665 56.9572 0.633278 0.466098 -3.5 0 -0.481717 -0.843811 0.236498
13.72 37.0153 40.1958 0.428924 0.855063 -1.01577 0 -0.216683 -0.832608 -0.509718
27.3455 62.725 51.404 -1.55657 -0.564311 -3.5 0 0.431896 0.76717 -0.474254
39.4198 48.7025 43.1355 -1.73155 -0.830234 1.8 0 0.557344 0.580336 -0.593783
37.6968 52.7118 39.9635 -0.342524 -0.151292 4.5 0 0.631879 -0.507447 -0.585855
40.637 50.9475 49.177 0.62661 0.0772131 -0.7 0 0.893508 0.174347 0.413819
39.3665 49.9855 50.9927 -0.0930056 0 -0.7 0 0.590469 -0.032387 0.80641
18.3062 39.665 36.3662 0.0152902 0 0.105982 0 -0.814707 0.151104 -0.55984
38.646 53.374 50.431 0.54831 0.123847 -0.8 0 0.849566 0.378313 0.367582
21.349 51.6232 41.1675 -0.325385 -0.10594 4.2 0 -0.916139 0.322998 -0.237405
26.2673 59.4655 55.3382 -1.08441 -0.383607 3.8 0 0.666722 -0.125114 0.73473
33.21 54.2355 56.2352 0.352802 0.0076025 -3.5 0 0.421743 -0.191345 0.886296
18.6462 47.2567 38.8823 -0.887224 -0.880686 -0.7 0 -0.335617 0.896681 -0.28866
15.73 45.4575 38.037 0.0812966 0 1.8 0 0.0120109 -0.532173 -0.846551
25.616 43.7885 33.346 -0.463428 0 -0.7 0 0.762037 0.478737 -0.436017
34.4637 59.1985 48.1845 -0.117442 0 -0.783109 0 0.316034 0.796238 0.515875
15.3585 49.9338 50.9435 0.194978 0 1.8 0 -0.822592 0.190822 0.535658
34.7185 45.159 40.7535 -0.272811 0 3.8 0 0.330067 -0.936204 0.120737
33.312 43.421 51.4305 -2.3613 -0.480552 -3.5 0 0.201624 -0.869379 0.451141
25.364 64.68 53.929 0.31974 0 -3.5 0 0.500311 0.863599 0.0623406
30.4535 33.7055 45.884 -1.21864 0 -3.5 0 0.227341 -0.918216 0.32434
17.5138 33.1997 48.5807 0.123935 0 -1.6 0 -0.290535 -0.911897 -0.289884
15.505 55.7215 53.212 0.520814 0 -4.5 0 -0.00700626 -0.824921 -0.565205
13.382 36.5215 49.7665 -0.995958 -0.323577 -3.5 0 -0.530986 -0.768042 -0.358002
42.4465 58.0662 39.7397 0.252723 -0.0638053 -0.8 0 0.78949 0.234018 -0.567399
23.243 41.325 53.107 -0.265456 0 1.98486 0 0.068188 -0.946203 0.316308
35.1867 56.8438 51.683 0.627087 0.239902 -0.7 0 0.197349 0.62865 0.752232
24.0907 43.5745 32.0752 -0.174143 0 -0.7 0 0.151255 0.476516 -0.866057
12.8228 58.274 54.176 -0.0218144 0 -4.5 0 -0.499614 0.682481 0.533484
17.608 49.0635 56.4977 1.60588 0.128427 -3.9 0 0.206653 0.13291 0.969345
21.5413 60.2555 56.511 -0.739884 -0.496812 -3.46918 0 -0.0397878 0.400272 0.915532
29.8808 49.8722 35.1838 0.120099 0 -4.5 0 -0.0317206 0.287145 -0.957362
15.656 56.2605 52.336 0.655621 0 -4.41366 0 -0.216432 -0.9702 -0.108943
14.9875 54.3785 43.434 0.0741335 0 -3.9 0 0.255436 0.838558 -0.481221
25.001 47.9282 57.8325 0.557423 0.393975 -3.5 0 0.293269 0.658639 0.692956
28.7377 53.2077 55.1567 -0.107293 -0.202032 -3.5 0 -0.73037 -0.169047 0.661803
15.567 55.1548 55.106 0.534739 0.472018 -4.5 0 0.375918 -0.536181 0.755775
32.6705 56.937 41.536 0.0418188 0 4.5 0 -0.836442 0.496153 0.2328
27.9263 34.0597 48.4145 -1.01574 -0.323702 3.06551 0 0.579111 -0.29216 0.7611
26.694 47.1395 35.8895 -1.09435 -0.668797 -3.5 0 0.325302 -0.763936 -0.557297
22.3353 64.846 54.1302 -0.23397 0.0700986 -3.5 0 -0.82814 0.558128 0.0517323
15.3802 49.0057 40.9142 -0.263511 0 1.8 0 -0.082113 0.810785 -0.579556
12.106 37.2412 40.4195 -0.266895 -0.73843 -1.56216 0 -0.383984 -0.84839 -0.364405
32.2745 55.0195 56.631 -0.441946 0 -3.5 0 0.160125 0.0491189 0.985874
28.6752 40.9671 43.7319 -0.597341 0 -0.8 0 0.30355 -0.877095 -0.37224
14.7657 58.7441 54.6701 0.647705 0 -4.5 0 -0.503682 0.681938 0.530345
23.091 39.032 51.2425 -0.135592 0 4.5 0 0.177166 -0.200504 0.96354
27.2658 45.1623 37.4987 -0.187757 0 -0.7 0 0.0939903 -0.565508 -0.81937
24.9351 55.38 40.2486 0.235508 0 1.8 0 -0.763985 0.364973 -0.532092
27.0177 38.2967 49.0386 -0.421238 0 4.33201 0 0.387087 -0.434367 0.81332
13.665 42.052 39.2585 0.0921894 0 -0.8 0 0.136003 0.573461 -0.807865
14.7247 35.5503 41.6118 0.21799 -0.0502833 -3.5 0 -0.323903 -0.836027 -0.442884
27.0868 62.3155 45.3934 -0.0376317 -0.165906 -0.7 0 -0.670314 0.699169 -0.248679
31.6056 58.1169 53.1403 0.0527074 0 3.8 0 0.186548 0.621012 0.761278
20.5103 49.2005 40.6174 -0.00843133 0 1.8 0 -0.54603 0.559446 -0.623595
25.9556 41.5218 49.116 -0.429234 0 4.24707 0 0.636864 0.0354506 0.770161
13.308 42.33 45.501 0.468342 0 -3.9 0 -0.728625 0.653926 0.203681
12.6 47.2056 42.8269 0.222233 0 1.8 0 -0.605314 0.45671 -0.651928
35.6185 43.7923 44.3097 -0.168412 0 -3.5 0 -0.322111 -0.348177 -0.880351
34.6845 45.756 51.8402 -3.18675 -0.135083 -3.5 0 0.362533 -0.42064 0.831644
27.1945 62.2675 53.0689 -0.490078 -0.569462 -3.5 0 0.881642 0.193983 0.430207
18.2455 59.4814 50.4323 0.451941 0 -3.5 0 -0.874212 0.481714 -0.0608724
10.5819 54.9281 42.1862 2.97249 0.0833055 -3.9 0 -0.104749 0.788885 -0.605547
32.1285 59.556 49.1026 0.155471 0 3.8 0 -0.243055 0.969958 -0.0102735
26.9041 41.2501 38.3104 -1.37981 0 -3.5 0 0.743496 0.474505 -0.47123
38.5554 53.065 46.068 0.427868 -0.449615 -0.8 0 0.780137 0.470818 -0.411968
24.8114 61.1089 50.3209 0.624045 0 -3.5 0 -0.21044 0.498639 -0.840877
41.6718 56.3653 40.9852 0.197339 -0.358245 -0.8 0 0.664035 -0.73653 0.128768
21.6537 48.3042 56.377 0.967158 0.0664208 -3.5 0 -0.599628 0.676661 0.42729
12.6751 37.1688 50.9261 -0.679208 -0.815517 -3.5 0 -0.613379 -0.739904 -0.27624
30.322 58.506 50.083 0.238686 0 3.8 0 -0.0209682 0.949906 0.311832
17.9361 40.267 37.3855 -0.556963 0 0.12175 0 -0.51618 0.538409 -0.666089
16.0905 46.7595 52.0441 0.0237588 0 1.84583 0 -0.756487 0.555298 0.3455
18.2899 43.4179 56.2979 -0.399123 0 -3.5 0 0.431711 -0.0988798 0.896576
25.4548 45.4435 35.3133 -0.629842 -0.985209 -0.7 0 0.996934 0.027711 -0.073173
17.1765 33.929 46.7665 0.322958 0 1.8 0 -0.806384 -0.571322 0.15276
16.1782 60.3153 52.7103 0.300611 0 -4.5 0 -0.334849 0.763425 -0.552321
27.7605 48.7575 56.3365 0.1535 0 -3.5 0 0.0165143 0.915579 0.401799
16.9499 46.9615 38.4374 -0.0408972 -0.195603 1.30119 0 0.193584 0.709637 -0.677451
11.3886 37.6305 39.4445 -0.296281 0 -0.8 0 -0.517007 -0.825733 -0.225539
35.899 45.9255 49.3271 -2.43075 -0.0101618 -3.5 0 0.981999 0.0207164 0.187746
35.1591 41.6435 44.6606 -0.103065 0 1.8 0 0.54807 0.0814501 -0.832457
13.3255 55.326 43.565 0.34034 0 -3.9 0 0.423699 0.899778 -0.104299
11.8135 40.331 52.5877 0.133257 0 0.306536 0 -0.871212 0.462521 -0.164512
20.379 61.579 49.9275 0.0041261 -0.145447 -3.5 0 -0.0506409 0.972672 -0.226595
23.0516 53.6053 56.3829 0.0761798 0 3.8 0 0.15397 -0.693534 0.703778
35.8353 52.9505 38.906 0.0770542 0 4.5 0 0.31175 -0.549415 -0.775213
39.5045 57.3625 37.9921 3.53351 0 -0.8 0 0.609202 -0.182818 -0.771655
9.58562 52.4241 42.8724 2.26797 0.051107 -3.9 0 -0.763744 -0.556553 -0.327024
28.218 35.3068 43.4144 -0.650992 0 -3.5 0 -0.0131985 -0.321764 -0.946728
27.4716 61.8076 49.8231 -0.175705 -0.188016 -2.99659 0 0.265671 0.901037 -0.342857
26.9505 47.311 57.8864 0.332782 0 -3.5 0 -0.152369 0.3693 0.916734
23.5579 57.043 48.2095 0.0449796 0 1.8 0 -0.0594009 0.440947 -0.895565
13.8021 42.118 55.3835 -0.187872 -0.000238508 -3.5 0 -0.383754 -0.37881 0.842161
13.3287 44.4451 41.7361 0.481494 0.800614 1.8 0 -0.91681 0.260728 -0.302456
20.548 35.029 51.3066 0.258319 0 -1.6 0 0.479958 -0.317409 0.817858
36.013 51.3348 40.6727 -0.999498 -0.0113236 4.5 0 -0.0731416 -0.706132 -0.704292
24.763 41.243 34.3911 -0.356077 0 -0.7 0 0.634312 -0.753409 0.173271
15.728 50.0165 41.8535 -0.270544 0 -3.9 0 0.314247 0.339295 -0.886638
36.778 54.1315 55.146 -0.924736 -0.838414 -0.8 0 0.560114 -0.168412 0.811116
22.7444 55.931 58.4601 0.0254828 0 3.8 0 0.16606 -0.506987 0.845806
20.196 57.033 41.863 0.0332944 0 3.8 0 0.420763 0.44317 -0.791554
17.7665 38.8722 51.8143 -0.375849 0 4.2 0 0.117972 -0.687478 0.716559
23.5091 59.0615 48.0218 -0.402582 0 3.8 0 -0.0186456 0.169011 -0.985438
32.3895 56.003 40.245 0.118837 0 4.5 0 -0.950332 0.200529 -0.238026
9.908 53.138 41.982 2.28811 0.0376487 -3.9 0 -0.571335 -0.418654 -0.705908
31.576 48.7865 53.986 0.0895785 0 -3.5 0 0.114299 -0.250714 0.96129
23.9947 31.2415 46.4325 -0.136648 0 4.5 0 -0.33404 -0.822505 0.460328
12.283 54.0858 42.0391 1.79877 0 -3.9 0 0.196373 0.432309 -0.880083
19.9156 33.2682 49.5488 0.0971965 0 -1.6 0 0.437224 -0.895023 -0.0881393
14.207 47.127 38.068 0.0994051 0 1.8 0 -0.485897 0.232483 -0.842529
38.4378 49.5542 44.4715 -1.30727 -0.741393 1.8 0 0.6537 0.74244 -0.146491
32.8264 54.478 38.7625 0.194306 0 4.5 0 -0.542146 0.130449 -0.830097
12.775 53.3845 47.6032 -1.5959 -0.241406 -3.5 0 -0.723145 -0.690642 0.00869498
28.5015 40.864 41.03 -0.573209 0 -0.8 0 0.332569 -0.940157 0.0741834
37.9897 47.2406 46.1671 -1.7745 0 1.8 0 0.463365 -0.116724 0.878447
20.7122 45.6499 57.0303 0.311056 0 -3.5 0 -0.504964 -0.244054 0.827919
31.7297 35.8672 44.8855 -2.02198 -0.32665 -3.5 0 0.934868 0.171751 -0.310683
22.1448 59.049 57.1813 -0.0386874 0 3.8 0 -0.0685383 0.597857 0.798667
35.204 39.6835 45.855 -0.252183 0 1.8 0 0.815114 -0.452108 0.362198
36.733 56.784 38.206 1.15471 0 -0.8 0 -0.223616 -0.0911025 -0.97041
19.658 42.3815 35.199 0.754901 0.166316 -0.4 0 -0.876725 0.43269 -0.210076
21.7237 47.361 35.6413 -0.821348 -0.428152 -0.7 0 -0.190097 0.682965 -0.705282
16.6155 35.096 46.0578 0.639747 0 1.8 0 -0.809132 -0.558933 0.181383
21.0759 56.9022 42.5891 0.0351481 0 3.8 0 0.494949 0.367667 -0.787304
25.0173 36.584 49.997 -0.330586 0 4.5 0 0.677807 -0.253233 0.690254
26.5261 60.2425 44.1679 0.0406934 0 -0.7 0 -0.731377 -0.0966332 -0.675092
16.4762 35.4655 40.559 0.397012 0.617626 1.56701 0 -0.0422182 -0.821753 -0.568278
22.425 59.327 47.676 0.0327068 0 -3.5 0 0.708963 0.20389 -0.67513
20.1485 38.6796 34.9089 0.126651 0 -0.4 0 -0.257037 -0.769411 -0.584756
13.6579 46.8459 41.0149 0.869632 0 1.8 0 -0.894609 0.413211 -0.170093
34.751 60.262 46.916 0.443916 0 -0.8 0 0.497579 0.760081 0.417961
13.3411 46.3613 47.3896 0.119592 0 3.8 0 -0.67396 0.726197 0.135707
22.961 47.9075 35.907 -0.0390223 0 -3.5 0 -0.211058 0.362203 -0.90789
25.0853 45.2985 58.0542 0.359033 0 -3.5 0 -0.0200211 -0.181363 0.983212
39.003 58.898 37.932 2.52736 0 -0.8 0 0.0219634 0.710619 -0.703234
29.9988 48.7699 35.2045 0.213195 0 -4.5 0 -0.0190374 -0.417092 -0.908665
27.4325 43.4181 50.031 -0.554534 0 3.8 0 0.130427 -0.908479 0.397058
21.4312 60.8894 46.481 0.106107 0 -3.5 0 0.595632 0.692365 -0.407251
26.2334 41.2988 37.4786 -1.26578 0 -3.5 0 0.63417 0.40276 -0.66001
26.8795 58.7837 54.3801 -0.365424 0 3.8 0 0.611539 -0.0369314 0.790352
35.9847 59.3775 46.6795 -0.143242 0 -0.769736 0 0.489087 0.861246 0.138018
32.315 45.009 39.9219 -0.258785 0 3.8 0 -0.0270636 -0.994023 -0.105766
17.6299 53.2104 43.1795 -0.0185524 0 -3.9 0 0.177801 0.0133839 -0.983976
34.915 55.2965 53.736 0.353937 -0.708346 -0.8 0 -0.218045 0.961813 0.165444
16.5012 33.9067 48.8059 0.32616 0 -1.6 0 -0.703503 -0.612434 -0.360567
15.8416 35.4188 50.8697 0.268428 0 -1.6 0 -0.816294 -0.371182 0.442592
29.487 34.941 43.3215 -1.64534 -0.311596 -3.5 0 -0.221066 -0.198503 -0.954844
18.213 44.6297 56.432 -1.28878 0 -3.5 0 0.541265 -0.0908405 0.835931
10.611 40.6545 39.3375 0.0126363 0 -0.8 0 -0.857221 0.474606 -0.199802
25.1611 41.1594 51.8661 -0.219313 0 3.70553 0 0.544301 -0.823648 0.159188
21.1423 58.4235 56.7885 0.0143563 0 3.8 0 -0.701363 0.21634 0.679181
16.8935 39.1505 53.587 -0.144886 0 -3.5 0 0.247027 -0.919972 0.304351
13.6165 37.7805 45.929 1.14372 0 -3.9 0 0.111216 -0.83238 0.542931
30.2526 47.9154 36.0415 0.351637 0 -4.5 0 0.0446849 -0.833536 -0.550655
30.9794 41.0056 44.3498 -0.515076 0 -0.8 0 -0.114166 -0.726568 -0.677544
28.2901 44.8898 57.987 -0.776042 0 -3.5 0 0.415786 -0.223634 0.881538
22.636 56.4635 46.4118 -0.0614589 0 3.8 0 0.48264 0.828411 0.284244
14.721 50.26 41.847 0.00363024 0 -3.9 0 -0.413604 -0.0341745 -0.909815
25.8057 33.3625 48.7152 -0.729022 -0.295338 4.5 0 0.0148606 -0.455843 0.889936
14.6643 48.9502 41.7595 -1.13356 0 1.8 0 -0.773596 0.419913 -0.474577
21.088 56.7808 57.6225 0.0770174 0 3.8 0 -0.943078 -0.0154544 0.332214
23.3577 45.9435 58.2733 -0.295642 -0.0111589 -3.5 0 -0.100595 -0.183779 0.977807
11.1486 38.8696 42.226 0.0745647 -0.941596 -0.8 0 -0.973843 0.0109318 0.226957
21.2348 49.5452 39.8469 0.0414058 0 -3.5 0 -0.885608 0.349026 -0.306398
13.8245 42.7965 47.253 0.233921 0 2.50763 0 -0.951583 0.170363 -0.255863
11.6296 38.306 49.583 1.30912 0 -3.9 0 -0.63369 -0.677568 0.37328
19.3604 35.1061 42.1317 -0.299757 -0.337897 2.81103 0 0.363059 -0.529199 -0.766901
12.8731 47.1164 49.404 0.0583694 0 3.8 0 -0.492635 0.823844 -0.280343
14.0717 56.4329 50.4557 0.0316426 0 -3.5 0 -0.573472 0.738551 -0.354503
18.038 56.302 45.547 0.262416 0 3.8 0 -0.776667 0.591583 -0.216374
22.4081 39.5794 35.0884 -0.222642 0 -0.4 0 0.631796 -0.607271 -0.481722
16.7372 35.9941 39.2966 0.969671 0.415996 1.8 0 -0.18067 -0.940255 -0.288582
11.1315 44.4785 50.9665 0.0433732 0 3.8 0 -0.952294 -0.252602 0.171255
27.4731 38.1605 43.6416 -0.871825 -0.221934 -0.7 0 0.954303 0.19139 -0.229511
23.5343 37.718 39.1567 -0.436047 0 0.419989 0 0.470136 -0.600126 -0.647163
33.9473 60.876 46.8375 0.945382 0.728131 -0.8 0 0.0452085 0.977921 0.204028
18.377 51.029 55.6155 1.43227 0.0294036 -3.9 0 0.408705 0.301017 0.861597
21.935 33.7125 42.5105 -0.241188 0 4.5 0 -0.114065 -0.223796 -0.967938
35.0554 57.8935 50.8191 0.74904 0.319445 -0.7 0 0.11179 0.748833 0.653262
17.7379 35.5786 41.0231 0.0648934 0.0217845 1.8 0 0.216146 -0.635583 -0.741158
39.2245 45.2205 43.7052 -0.705873 0 1.8 0 0.970665 -0.212615 -0.11227
38.1589 49.5026 43.4709 -0.863013 -0.28269 0.0274722 0 0.513916 0.481144 -0.710204
25.4585 38.576 50.3795 -0.224566 0 4.5 0 0.571617 -0.0796275 0.816648
27.987 51.2697 37.8783 1.36912 0.166826 -4.5 0 -0.657986 0.710257 0.25018
11.4736 41.8174 44.9129 0.3749 0 -3.9 0 -0.616533 0.760181 0.204967
24.5836 41.0505 33.0161 -0.202346 0 -0.7 0 0.368481 -0.807722 -0.460225
21.4788 57.7715 57.9165 0.0275809 0 3.8 0 -0.789024 0.341069 0.510992
25.55 43.2611 55.54 -0.164627 0 -1.80465 0 -0.174852 -0.97068 0.164948
22.3054 35.7815 42.0685 -1.21412 0 1.62145 0 -0.153325 -0.758414 -0.633482
18.9765 38.8466 35.6227 0.122958 0 -0.4 0 -0.545072 -0.667116 -0.507792
14.2725 55.319 55.7556 0.696239 0 -4.5 0 0.0725018 -0.58406 0.808466
18.5222 47.6367 40.0245 -0.203587 0 0.344635 0 -0.0951312 0.776267 -0.623185
32.4893 41.2105 48.131 -0.27661 0 1.8 0 0.244636 -0.11723 0.962502
23.83 57.949 57.8478 -0.0280972 0 3.8 0 0.524541 0.575583 0.627344
22.0341 62.6435 54.0869 -0.0419977 0 -3.5 0 -0.876004 0.407643 0.257767
33.2745 45.725 38.3577 -0.143763 0 3.8 0 -0.0251242 -0.509574 -0.86006
23.1761 33.5856 42.7424 -0.176651 0 4.5 0 0.245542 -0.275113 -0.929528
13.0265 55.8951 45.7448 -1.86642 -0.631244 -3.5 0 0.0339524 0.88571 -0.462996
38.7463 53.3365 47.049 0.329867 0.0173941 -0.7 0 0.781856 0.461867 -0.418783
13.6919 52.8366 47.8983 -1.39734 0 -3.5 0 -0.636199 -0.771043 -0.0272762
26.902 34.0635 48.8895 -1.39352 0 4.5 0 0.202969 -0.0509405 0.977859
33.895 56.9985 52.048 0.392615 0 3.8 0 0.39873 0.450688 0.798683
12.4274 42.8741 49.1963 0.120818 0 3.8 0 -0.864079 -0.185734 -0.467836
36.6493 54.9641 43.3955 0.15876 0 4.40767 0 0.946213 0.123298 0.299128
27.5646 53.7635 53.9475 -0.0543883 0 -0.236934 0 -0.611687 -0.318023 0.724362
19.314 58.5066 55.8315 0.225476 0 -4.5 0 -0.259207 -0.311432 0.914233
29.1821 44.7474 39.7931 -0.839892 0 -0.7 0 0.662394 -0.483487 -0.572254
33.1255 45.749 44.1535 -1.01476 0 1.8 0 0.347023 -0.641188 -0.684436
31.7693 47.8344 37.0067 0.238759 0.198374 -4.5 0 0.26753 -0.908917 -0.319839
28.9964 54.2186 55.8855 -1.30892 -0.641137 -3.5 0 -0.699249 -0.0995364 0.707915
23.721 63.335 56.3755 0.164506 0 -3.5 0 -0.285595 -0.366838 0.885362
29.4842 54.0083 38.3105 0.550142 0 -4.5 0 -0.154561 0.855646 -0.493944
21.078 36.0405 51.1628 0.75619 0.039808 4.5 0 0.361787 -0.26725 0.893134
39.0023 47.8705 42.6603 -1.77231 -0.941163 1.8 0 0.213334 0.328762 -0.920002
24.5282 57.5525 44.5554 -1.15237 -0.836977 4.5 0 -0.533838 0.84556 -0.00669975
37.4955 53.5951 54.415 -0.265341 0 -0.8 0 0.764939 -0.278867 0.580604
41.322 57.127 42.108 0.364638 0.00673512 -0.8 0 0.613587 -0.24405 0.750967
19.1581 33.1645 50.6816 0.0808064 0 -1.6 0 0.187098 -0.938038 0.291684
25.1656 59.118 55.8485 -0.694875 -0.599167 3.8 0 0.525938 0.0248866 0.850159
12.1657 42.4986 50.2145 -0.00815275 -0.1666 3.8 0 -0.939039 -0.0329025 -0.342233
31.7364 51.7531 55.9575 0.182767 0 -3.5 0 0.500667 -0.528854 0.685308
29.5653 34.6037 47.283 -1.16748 -0.523361 -3.5 0 0.264126 -0.653699 0.709165
36.9798 55.8279 52.5981 0.29984 0 -0.8 0 0.508884 0.799988 0.317895
33.8574 58.4482 42.9984 -0.00775519 0 1.28502 0 -0.453753 0.449265 -0.76959
12.0387 42.1965 42.3522 0.0121013 -0.0846975 -2.78873 0 -0.931025 0.338262 0.13701
29.6815 35.841 47.909 -0.526373 -0.317847 -0.90185 0 0.264181 -0.183612 0.946834
29.067 40.4207 44.6591 -1.98294 0 0.374116 0 0.176497 -0.691049 -0.700928
21.0859 50.6845 40.6143 -0.150567 0 3.8323 0 -0.932233 0.215916 -0.290382
33.1102 51.7004 54.2414 -0.0666372 0 -2.07 0 0.396524 -0.383353 0.834152
21.7665 57.7456 46.2381 -0.0581482 0 0.0466464 0 0.816759 0.542144 0.197446
25.791 46.7103 35.398 -0.358723 -0.514073 -1.76596 0 0.505832 -0.273672 -0.818069
12.5806 50.5979 43.1975 0.316878 0 -3.9 0 -0.529536 -0.778802 -0.336243
30.2614 57.0218 44.9536 -0.247582 -0.168334 0.587975 0 0.135724 0.454736 -0.880224
34.8128 60.5755 45.1924 0.0536419 0 -0.8 0 0.223312 0.969196 -0.103882
23.9538 36.363 40.2135 -0.444043 0 -0.7 0 0.02943 -0.678583 -0.733934
24.214 54.1391 56.4683 0.0109884 0 3.8 0 0.482766 -0.574608 0.660881
16.2915 34.238 51.205 0.115529 0 -1.6 0 -0.740071 -0.290571 0.606518
31.8818 47.0471 52.2342 -0.897849 0 -3.5 0 -0.0320159 -0.693619 0.719631
31.6936 44.5122 40.9048 -0.388547 0 1.36367 0 0.593505 -0.668369 -0.448369
35.1594 49.6867 40.9761 -0.136405 0 3.8 0 0.751968 0.0750109 -0.654918
28.3123 58.2323 44.3136 0.0814224 0 2.18692 0 0.469903 -0.0679689 -0.880097
24.2153 51.631 38.5899 -0.11163 0 3.43988 0 0.371654 0.869853 -0.32439
38.2609 45.2152 41.5035 -0.310515 0 1.8 0 0.326525 -0.191459 -0.925594
15.4405 43.823 57.437 -1.08388 -0.671704 -3.5 0 -0.300601 -0.553923 0.776407
25.608 60.2005 47.5952 -0.444512 -0.338244 3.72275 0 -0.69462 0.718089 -0.0430289
38.9211 51.6639 46.0574 0.533354 -0.458116 -0.782286 0 0.804139 -0.0297478 -0.593696
39.5729 59.0909 41.2542 0.382919 0 -0.8 0 -0.0157649 0.973999 0.226005
33.4534 50.358 37.1251 0.413157 0.00338207 -4.5 0 0.805905 0.315248 -0.501135
11.6961 44.3737 52.1119 -0.0151085 0 3.8 0 -0.872235 0.0629823 0.485015
20.6265 59.4605 56.289 -0.574712 0 -3.9842 0 -0.405424 -0.0405537 0.913229
16.223 38.4933 52.52 0.195133 0 -3.5 0 0.474994 -0.782868 0.40187
26.6007 63.4665 53.8675 0.178628 0 -3.5 0 0.862893 0.417951 0.284134
19.885 37.68 52.325 -0.180883 -0.185282 -2.68634 0 -0.137992 -0.487838 0.861959
17.7213 45.5653 57.1548 -1.61272 -0.444054 -3.5 0 0.489644 0.227823 0.841633
14.3479 40.8763 38.0464 -0.0454534 -0.207164 0.509342 0 -0.0127722 0.346028 -0.938137
35.6999 49.1312 42.2705 0.191707 0 3.8 0 0.841804 -0.00215515 -0.53978
31.5806 44.3786 41.9394 -0.576695 0 -0.8 0 0.892978 -0.442422 0.0827878
39.4515 53.513 48.2352 0.59988 0.680615 -0.7 0 0.803496 0.588348 -0.0907801
23.0101 61.2129 50.2674 -0.0219777 0 -3.5 0 0.152631 0.66593 -0.730233
15.7141 50.1861 52.1188 0.391731 0 -3.9 0 -0.99882 -0.0153067 -0.0460996
31.4349 41.1424 48.4794 -0.284049 0 1.8 0 0.480984 -0.145343 0.864598
14.8086 38.0765 47.43 0.500628 0 -0.0988882 0 -0.39269 -0.918538 -0.0456368
24.4756 58.1666 56.4064 -0.00665005 -0.346782 3.8 0 0.679668 0.365731 0.63584
34.034 55.3517 54.5529 0.749379 -0.494788 -2.14666 0 0.335619 0.932866 0.130844
17.981 33.0175 43.9475 -0.0725107 -0.327204 1.8 0 -0.239834 -0.959312 -0.148996
18.6647 46.9536 36.8343 0.404979 -0.202069 -0.7 0 -0.5737 0.651642 -0.496216
21.9311 62.2254 55.3191 -0.186764 0 -3.78639 0 -0.399018 0.60366 0.690202
25.007 65.098 54.958 -0.343614 0 -3.5 0 0.527196 0.839683 0.130375
26.958 48.8754 55.5299 0.320528 0 -3.5 0 -0.272753 0.876926 0.395735
26.251 45.1908 37.5812 -0.451733 -0.431111 -0.7 0 0.36925 -0.460258 -0.807352
14.0704 47.2287 47.3182 -0.0881159 0 3.00976 0 -0.903221 0.389275 0.180711
25.7227 44.1237 58.0788 0.249535 0 -3.5 0 -0.211003 -0.412984 0.885958
11.8713 40.6263 38.5045 0.112574 0 -0.8 0 -0.381886 0.387806 -0.83891
15.5275 42.2931 56.4006 -0.310953 0 -3.5 0 -0.16516 -0.241972 0.956123
26.5794 43.2234 50.9598 -0.506327 0 1.8 0 0.530511 -0.843835 -0.080632
27.429 41.3133 48.8335 -0.531994 0 3.15382 0 -0.0631298 0.0625603 0.996043
26.8595 49.3996 54.4808 0.234228 0 -3.5 0 -0.217748 0.611562 0.760643
21.9509 57.3096 47.519 -0.0623655 0 -1.74941 0 0.811232 0.421834 -0.404918
39.982 49.649 48.2275 0.345835 0.0470131 -0.7 0 0.614116 -0.657032 -0.437231
19.0475 33.3613 48.3104 0.134133 0 -1.6 0 0.21326 -0.976957 0.00872021
21.2582 38.8426 34.6299 -0.0420166 0 -0.4 0 0.210659 -0.688789 -0.69368
33.8638 60.237 47.7183 0.438656 0.100659 -0.8 0 0.212903 0.758177 0.616311
13.5192 35.3283 44.0653 0.497744 0 -3.5 0 -0.159922 -0.951194 0.263922
24.443 32.8882 48.4195 -0.218241 0 4.5 0 -0.197974 -0.721628 0.66337
27.9037 38.1905 44.674 -0.717293 0 -2.30957 0 0.680712 0.35192 -0.642482
26.3456 50.2291 53.9813 -0.0983608 0 -3.5 0 -0.121573 0.45052 0.88445
14.736 48.6876 39.2458 0.0738441 0 1.8 0 -0.24503 0.911617 -0.330024
25.5417 62.8877 55.5865 0.441154 0.207951 -3.5 0 0.58543 -0.100235 0.804503
32.205 51.0135 36.3725 -0.10699 0 -4.5 0 0.485225 0.476294 -0.733281
10.7635 38.8315 52.332 -0.172539 0 -3.5 0 -0.719116 0.518069 -0.463117
34.706 40.6949 43.8551 -0.254538 0 1.8 0 0.520433 0.216742 -0.825938
19.5952 49.5349 54.4705 2.34201 0.192401 -3.9 0 0.432005 0.0269661 0.901468
19.7255 49.858 41.098 0.037497 0 1.8 0 -0.17457 0.636585 -0.751189
17.2471 55.6235 43.8776 -0.014093 0 3.8 0 -0.852803 0.521646 -0.0247593
27.6191 38.47 41.4809 -0.561818 -0.447525 -0.7 0 0.981488 0.0289568 -0.189324
36.4856 59.4069 48.071 0.00939803 0 -0.7 0 0.0492948 0.996955 -0.0604215
13.8745 38.3037 47.111 0.977167 0 -3.9 0 0.0844419 -0.994638 0.0597039
10.107 38.2783 44.94 0.907772 0 -3.9 0 -0.869591 -0.245577 -0.428373
23.9075 60.3162 49.9933 0.067291 -0.00634815 -2.94075 0 0.114994 0.679375 -0.724725
39.3848 48.5737 48.9863 -0.400153 0 -0.7 0 0.503311 -0.825863 -0.254221
14.487 34.973 43.812 0.429896 0 -3.5 0 -0.248462 -0.957743 0.144895
24.402 43.749 55.362 -0.167588 0 -2.26138 0 -0.0832937 -0.838247 0.538892
28.3522 62.3674 43.8654 0.0629589 0 -0.7 0 0.00346631 0.724633 -0.689127
20.933 53.9917 54.4367 0.185875 0 0.135611 0 -0.440269 0.0839097 0.893936
35.429 41.649 47.6565 0.309458 0.752868 -3.5 0 0.536754 -0.554363 0.636063
21.5417 49.5918 37.598 0.352669 0 -3.5 0 -0.713809 0.508144 -0.481939
16.4543 50.5153 42.3932 0.351598 0 -3.9 0 0.257686 0.314081 -0.913757
24.9522 46.0382 34.6435 -0.340403 -0.141163 -0.7 0 0.512491 0.578982 -0.63414
9.03525 39.1191 55.813 0.275323 0 -3.5 0 -0.819611 0.525083 0.229185
23.7235 52.886 39.6865 -0.117767 0 4.2 0 0.188733 0.643694 -0.741646
10.4125 37.937 51.982 -0.4973 -0.131103 -3.5 0 -0.638517 0.0552376 -0.767623
39.9519 55.3083 39.3638 0.782842 0 -0.8 0 0.559889 -0.701741 -0.440549
32.3338 56.195 43.3097 0.647713 0 1.8 0 -0.616572 0.585856 -0.525939
12.3593 43.9476 43.4137 0.298366 0 -1.26311 0 -0.961566 -0.252673 -0.10746
16.2239 52.0112 50.0122 -0.482469 0 -0.725449 0 -0.793142 0.109826 0.599052
16.5982 34.7681 47.5703 0.475188 0 -0.853794 0 -0.825149 -0.510764 -0.241348
16.5117 48.41 53.0925 1.48926 0 0.176849 0 -0.941653 -0.091186 -0.323998
33.7721 55.1736 53.354 1.10801 -0.26745 -0.690162 0 0.290146 0.945324 0.148924
25.5002 42.2912 35.5962 -0.514669 0 -0.7 0 0.915574 -0.399934 -0.0421595
17.1147 57.7293 46.786 -0.562018 0 -3.5 0 -0.366124 -0.087838 -0.926411
23.3019 60.5056 55.868 0.241761 0 3.8 0 0.0675314 0.439122 0.895886
23.4139 55.737 42.5274 -0.0398968 0 1.8 0 -0.275142 0.481341 -0.832231
12.2817 51.4132 42.0493 0.358118 0 -3.9 0 -0.413975 -0.59345 -0.690248
29.3936 62.6485 46.132 1.12111 0.235953 -0.7 0 0.785221 0.604327 -0.13497
18.2822 59.0868 55.9847 0.116338 0 -4.5 0 -0.129356 -0.0666473 0.989356
22.7306 62.8218 55.4501 -0.132892 0 -3.5 0 -0.691885 -0.0760276 0.717993
12.9946 43.3606 48.39 0.188738 0 3.8 0 -0.7861 -0.173074 -0.593373
19.3347 46.4347 35.9733 0.69166 0.594767 -0.7 0 -0.560076 0.129337 -0.818283
26.0475 56.3498 39.5827 0.0533644 0 1.8 0 -0.304922 0.734375 -0.606395
25.4411 54.5643 54.2926 -0.0115586 0 3.8 0 0.512278 -0.798055 0.317301
20.3188 43.0231 37.2019 -0.0263169 -0.0317076 -0.431028 0 -0.843249 0.343601 -0.413363
15.8225 55.0503 50.6035 0.43075 0 -3.5 0 -0.394641 -0.410333 0.822122
22.3695 61.099 55.6328 -0.473245 -0.272034 -0.560176 0 0.0920522 0.392875 0.914973
24.8902 34.7825 50.1748 -1.79479 -0.0643638 4.5 0 0.646255 -0.260079 0.717436
38.2175 56.0795 46.192 -0.223468 -0.446528 -0.751647 0 0.946066 -0.106011 -0.306139
36.5376 58.2165 40.8216 -0.135186 -0.0341892 -0.8 0 -0.301295 0.950858 0.0713474
29.6944 53.2062 56.1255 -0.0531995 0 -3.5 0 -0.579073 -0.195228 0.791556
27.4307 38.6567 38.337 -1.7581 -0.510529 -3.5 0 0.808434 -0.577672 -0.112827
38.1688 53.5298 40.9949 0.162856 0 4.5 0 0.972863 -0.203571 0.109986
28.836 59.3635 51.5075 0.0921137 0 3.8 0 0.746966 0.664064 -0.032579
11.5989 54.8438 46.0926 -0.648518 -0.718785 -3.5 0 -0.902674 0.243524 0.35479
28.196 63.4944 46.1982 0.983445 0.618716 -0.7 0 -0.0101726 0.98176 -0.189852
26.677 32.078 44.8505 -0.262485 0 4.5 0 0.691417 -0.638415 -0.338185
21.9347 52.173 55.1299 0.185382 0 3.8 0 -0.351179 -0.11104 0.929701
31.1667 36.4098 44.2412 -2.00251 -0.00732868 -3.5 0 0.50186 0.600569 -0.622458
27.5596 33.0449 45.9444 -0.681594 0 1.60859 0 0.578963 -0.811315 -0.0810527
19.502 59.655 55.8825 -0.0102402 -0.0969612 -4.5 0 -0.331537 0.257128 0.907727
35.7595 41.132 45.608 -0.171554 0 1.8 0 0.909765 -0.413943 -0.0312702
12.4792 47.5791 45.0721 0.283141 0 1.8 0 -0.635319 0.642709 0.428129
17.3878 58.7122 50.9005 -0.229418 0 -4.5 0 -0.628933 0.625603 -0.461589
29.1353 38.532 45.267 -0.794797 0 1.8 0 0.284316 0.135368 -0.949126
27.5645 46.174 58.1215 0.373199 0 -3.5 0 0.180186 0.124156 0.975766
11.3815 46.6046 44.9005 0.189256 0 1.8 0 -0.915937 0.325823 0.234305
31.1502 36.561 47.6856 -0.425637 0.227558 -1.39806 0 0.46085 -0.357116 0.812456
25.4465 57.7991 55.624 -0.131281 0 3.8 0 0.762539 0.0492739 0.645063
36.2832 42.1784 46.9082 0.242132 -0.590151 -3.5 0 0.643724 -0.682912 0.345327
18.7143 49.504 41.1058 0.107257 0 1.8 0 -0.224881 0.628604 -0.744503
37.138 55.9007 51.251 0.746229 0 -0.777437 0 0.706384 0.47083 0.528527
19.403 53.7682 43.1625 0.0284651 0 3.8 0 -0.199428 -0.59387 -0.779453
17.2792 55.0437 42.929 0.0160449 0 3.8 0 -0.813909 0.163163 -0.557612
38.7565 56.0335 49.2795 0.169559 0 -0.7 0 0.966523 0.0607738 0.249278
22.0045 56.7154 58.569 0.0307425 0 3.8 0 -0.354201 0.00919132 0.935124
23.6068 40.5825 33.7575 -0.171391 0 -0.7 0 0.075784 -0.959094 -0.272754
27.268 63.1405 46.8325 0.244363 -0.395847 -0.7 0 -0.590584 0.800977 0.0982155
13.9715 54.301 42.8145 0.445866 0 -3.9 0 0.422351 0.662195 -0.618965
17.852 60.9675 46.93 -1.2479 0 -3.5 0 -0.382308 0.920906 0.0759718
35.0539 45.7679 39.4292 -0.176761 0 3.8 0 0.730449 -0.531777 -0.428553
32.0045 41.334 43.1753 -0.39661 0 0.500699 0 0.194533 -0.501083 -0.843251
30.614 41.7125 40.9258 0.428697 0.0734701 -0.8 0 0.806164 -0.442223 -0.393115
19.0114 40.996 36.3677 -0.454599 -0.0518586 -0.4 0 -0.794791 0.483986 -0.366148
36.6799 55.5419 44.3601 -0.162357 0 -0.8 0 0.931585 -0.307929 -0.193208
20.667 57.9485 43.1365 0.0618608 0 3.8 0 0.377281 0.654315 -0.655386
15.7626 44.4274 39.1893 1.01347 0.419677 1.8 0 -0.142402 -0.500108 -0.854174
24.5085 37.7168 39.5207 -1.35358 0 -2.00357 0 0.0849988 -0.702335 -0.706754
26.0859 43.5265 54.7044 -0.257178 0 0.126936 0 0.548272 -0.835161 0.0436344
33.9688 51.4453 40.5228 -0.0923744 0 4.5 0 0.570879 -0.42934 -0.699832
10.7435 39.203 41.3242 -0.889359 -0.883303 -0.8 0 -0.941512 0.111709 0.317925
33.6493 38.861 44.088 -0.400388 0 1.8 0 0.272341 -0.653089 -0.706616
37.0277 48.8452 43.2433 -1.28073 0.265488 2.75296 0 0.266537 0.194507 -0.943994
22.4198 58.2718 48.0868 0.177187 0 -3.5 0 0.444382 0.0147638 -0.895716
24.332 62.128 50.5262 0.145802 0 -3.5 0 -0.0404136 0.459536 -0.887239
26.2605 56.9434 41.8859 -0.142214 -0.0267427 2.81368 0 -0.00997981 0.940844 -0.338693
26.5068 34.4085 44.2561 0.0430589 0 -1.43579 0 0.249113 -0.325715 -0.912059
14.9653 59.087 51.7132 0.761337 0.959245 -4.5 0 -0.114063 0.616493 -0.779055
30.0666 59.5744 48.11 0.255181 0.337496 -0.7 0 0.434212 0.831695 0.346041
11.6698 41.9813 43.5187 0.220558 0 -3.9 0 -0.842451 0.477029 -0.250439
35.7075 55.4885 54.6565 -1.06385 -0.857111 -0.8 0 0.011377 0.915574 0.401988
20.449 52.5397 43.389 -0.107999 0 3.90641 0 -0.558761 -0.100957 -0.823161
33.6535 49.2355 37.17 0.279509 0.817524 -4.5 0 0.907315 -0.0400523 -0.418539
32.675 56.1289 42.3451 0.0443622 0 3.24638 0 -0.879516 0.475445 -0.0200775
37.486 42.5728 46.5257 -1.33074 -0.475627 -3.5 0 0.630515 -0.692886 0.3498
25.1554 41.975 32.3525 -0.189715 0 -0.7 0 0.463345 -0.502893 -0.729664
26.66 42.7472 49.2438 -0.466533 0 4.18405 0 0.294118 -0.550428 0.781361
33.1971 57.1932 42.8821 -0.0175773 0 4.29696 0 -0.797013 0.517651 -0.31114
26.7728 39.0484 49.6869 -0.34215 0 4.5 0 0.424036 -0.188919 0.885722
17.8015 60.6765 45.663 -0.428786 -0.189405 -3.5 0 -0.49734 0.828432 -0.25759
20.9874 61.3063 47.2972 0.107707 0 -3.5 0 0.373422 0.915968 -0.146828
21.5875 46.4388 34.557 -0.77854 -0.230215 -0.7 0 -0.183956 0.548182 -0.815878
26.3279 51.1484 34.8439 -1.62478 -0.319619 -3.5 0 -0.0935161 0.517577 -0.850511
21.3638 48.7088 55.1213 0.570194 0 0.178656 0 -0.527235 0.528469 0.66539
35.5949 52.0561 54.0267 0.225968 0 -0.8 0 0.0487368 -0.43236 0.900383
16.795 43.4134 39.2521 0.257565 0 1.8 0 -0.269951 0.0491101 -0.961621
19.4233 42.8763 38.0295 -0.701817 -0.184824 -0.533247 0 -0.587682 0.142088 -0.796518
21.1248 31.886 44.207 -0.0840493 0 4.5 0 -0.425906 -0.889787 -0.16396
11.7936 41.1271 42.54 0.406155 -0.0184557 -2.59212 0 -0.967039 0.252394 -0.0336698
25.61 62.105 50.5895 0.25822 0 -3.5 0 -0.00442343 0.664391 -0.747372
30.6044 46.6459 38.7441 -0.182247 0 -0.7 0 0.140077 -0.520724 -0.842155
14.7965 44.7347 39.3942 1.08039 0 1.8 0 -0.233193 -0.474146 -0.849003
23.3288 31.7253 43.9823 -0.113553 0 4.5 0 -0.242873 -0.840604 -0.484145
14.5631 50.1384 49.7733 0.144128 0 1.8 0 -0.821291 0.286722 0.493226
15.402 58.6437 55.4538 0.499046 0 -4.5 0 -0.386243 0.504353 0.772298
33.0312 38.772 48.2977 -1.2265 -0.329284 1.8 0 0.787802 -0.297686 0.539213
27.6216 43.9728 55.6251 -1.02517 -0.138995 -3.5 0 0.382088 -0.854726 -0.351358
21.4175 51.8232 39.1839 -1.48912 -0.446261 4.2 0 -0.84452 0.340205 -0.413578
31.9055 39.1302 45.1253 -0.446765 0 1.8 0 -0.253602 -0.307069 -0.917276
10.721 36.3745 54.3155 -0.544409 -0.0273226 -3.5 0 0.0360619 -0.962353 0.269401
27.4854 40.1091 41.1805 -0.677479 -0.249471 -0.722097 0 0.903742 -0.428077 0.00118135
10.8269 54.6673 44.9621 1.42503 0 -3.9 0 -0.531758 0.602278 0.595394
37.4714 50.922 42.5386 -0.434547 -0.253343 0.563251 0 0.82728 -0.502667 -0.250867
27.5805 61.7651 48.6997 -0.306271 -0.993633 -0.7 0 0.153262 0.853699 0.497704
27.1411 55.4491 54.6566 -0.139176 0 3.8 0 -0.137958 -0.289879 0.947068
21.4615 50.473 39.4895 -0.452189 -0.226228 0.335378 0 -0.963715 0.150941 -0.220157
23.4755 37.8652 51.2891 -0.0337508 0 4.5 0 0.0887726 -0.117268 0.989125
15.5965 42.8945 39.554 0.334019 0.417969 1.8 0 -0.263252 0.232761 -0.936227
27.1548 40.4905 37.4455 -2.32468 -0.610695 -3.5 0 0.651715 0.488164 -0.580485
17.8573 32.317 45.4111 0.00988704 0 1.8 0 -0.397497 -0.914791 -0.0717923
18.1443 33.4469 51.2884 0.0890055 0 -1.6 0 -0.00949094 -0.772529 0.634909
14.4266 54.6876 54.5576 0.202895 0 -4.5 0 -0.0607748 -0.956329 0.285904
12.0865 46.6227 51.2308 0.0565365 0 3.8 0 -0.352265 0.682518 0.640374
24.5166 56.7614 57.8646 -0.0441366 0 3.8 0 0.818617 0.0930661 0.566749
22.4496 64.5277 51.9965 -1.35011 -0.145448 -3.5 0 -0.367197 0.624389 -0.689424
11.5632 40.8302 49.771 -0.746546 -0.365335 3.8 0 -0.865459 0.49755 -0.0585209
10.9599 45.0896 49.3706 0.091963 0 3.8 0 -0.949269 0.0361725 -0.312378
24.7589 63.7523 56.5735 0.672394 0.48265 -3.5 0 0.309561 -0.0108567 0.950818
10.376 41.0308 46.05 0.797971 0 -3.9 0 -0.535102 0.837403 0.111456
32.1017 43.0596 50.5568 -0.985246 -0.0312287 3.57039 0 0.278801 -0.875843 0.393915
21.0193 52.2868 42.5744 -0.0392619 0 4.2 0 -0.857322 0.154837 -0.490942
24.0198 36.0755 50.7945 -0.839689 -0.333457 4.5 0 0.207188 -0.223017 0.952542
32.4058 42.8445 49.4448 -0.877393 0 -3.15962 0 0.33296 -0.812021 0.479333
27.4185 44.2785 57.8145 -0.360038 -0.175983 -3.5 0 0.237693 -0.533121 0.811963
38.1595 57.0846 45.1538 -1.35564 -0.259562 -0.8 0 0.932408 -0.307038 -0.190638
15.3003 46.7559 51.0783 0.037226 0 4.037 0 -0.470814 0.652159 0.594158
11.1438 38.2876 43.5889 0.571894 -0.340499 -2.24106 0 -0.945878 0.173998 -0.273935
28.386 62.8343 45.1427 0.37331 0.130002 -0.7 0 0.0165481 0.925473 -0.378452
42.0065 58.445 41.6732 0.842846 0.647979 -0.8 0 0.442535 0.602834 0.663893
22.5589 36.0602 40.8942 -0.564073 0 0.688316 0 -0.051176 -0.950299 -0.307103
26.4317 62.58 54.7298 0.0285813 0 -3.5 0 0.848118 0.0682277 0.525396
16.8293 38.4619 36.6535 0.0461788 0 1.8 0 -0.243447 0.212344 -0.946384
30.9893 47.548 37.8244 -0.0843032 0 -2.83614 0 0.206722 -0.837002 -0.506649
26.9053 63.3946 52.3059 -0.230847 -0.416303 -3.5 0 0.67145 0.715103 -0.194378
30.951 53.7007 38.0547 1.06314 0 -4.5 0 0.227797 0.788173 -0.571745
36.766 50.5285 52.737 -0.0591611 0 -2.60433 0 0.878872 0.121717 0.461269
31.5935 54.8545 42.588 0.438565 0 -4.5 0 -0.527315 0.786688 -0.32103
25.2388 51.975 53.3247 0.010504 0 3.8 0 0.436981 0.239631 0.866963
20.308 33.7175 47.9002 0.0509554 0 -0.442628 0 0.330858 -0.874515 0.354622
21.161 45.183 34.5289 -0.701452 -0.710733 -0.7 0 -0.536399 0.176275 -0.825351
18.9191 39.8861 34.7048 0.0316143 0 -0.4 0 -0.786577 -0.0596469 -0.614604
15.026 56.6001 46.1714 -0.314921 0 -3.5 0 -0.0795572 0.652197 -0.753863
21.157 38.9005 55.678 -0.689235 -0.0187093 -3.5 0 0.276076 -0.881038 0.384128
37.4091 43.3577 43.0978 -0.405534 0 1.8 0 -0.179756 -0.948815 -0.259686
33.0854 55.8215 56.0348 0.426135 0.0211193 -3.5 0 0.576097 0.525729 0.625877
30.3594 60.6049 46.2736 -0.000227316 0 -0.7 0 0.772156 0.631149 -0.0736535
25.5885 54.5116 38.9725 0.0284705 0 1.8 0 -0.454796 -0.164261 -0.875316
17.8892 60.001 48.4985 -0.704731 0 -3.5 0 -0.763623 0.485388 0.425768
23.186 50.18 36.0975 -0.121537 0 -3.5 0 -0.568435 0.377229 -0.73115
10.1196 39.8601 55.971 0.306391 0 -3.5 0 -0.332937 0.858654 0.389702
28.6195 49.099 35.2555 -0.416554 0.67127 -4.5 0 0.142454 -0.0489242 -0.988592
15.7665 41.7645 38.4535 -0.916301 -0.144074 1.8 0 -0.107374 0.593392 -0.797719
14.556 37.5173 45.6613 1.04779 0 -3.67713 0 -0.25295 -0.581304 0.773371
11.0955 37.5482 42.0835 0.246778 -0.595618 -0.89446 0 -0.966414 -0.177825 -0.185534
40.0566 47.4815 43.5537 -2.18047 -0.813521 1.8 0 0.964162 -0.114642 -0.239269
21.0821 42.9605 56.6763 0.0869649 0.58727 -3.5 0 -0.157519 0.0683315 0.985149
17.842 33.4086 41.7481 -1.33423 -0.147958 1.8 0 0.137588 -0.664921 -0.734132
23.8873 40.859 35.0605 -0.588965 0 -0.7 0 0.527003 -0.818902 -0.227304
13.0767 46.7878 46.4191 0.212751 0 1.8 0 -0.6067 0.530709 0.59183
15.6196 57.3434 55.8411 0.489325 0 -4.5 0 0.0180183 0.0624646 0.997885
27.4678 61.0324 43.389 0.0279524 0 -0.7 0 -0.210128 0.0808058 -0.974329
25.894 34.7534 48.9934 -0.183711 -0.0672955 4.5 0 0.382006 -0.234451 0.893926
29.9701 47.8049 54.827 -0.207186 0 -3.5 0 0.762096 0.122737 0.635724
25.4443 31.0029 45.3162 -0.181569 0 4.5 0 0.436122 -0.88947 -0.136532
18.1106 58.5349 44.7556 0.113853 0 -3.5 0 -0.843327 -0.291095 -0.451734
41.0786 50.945 48.0569 1.4341 0.702565 -0.7 0 0.991498 -0.0312284 -0.12632
29.4702 55.2331 56.4649 -1.22955 -0.0372733 -3.5 0 -0.421232 0.284152 0.86129
34.0371 44.9279 39.95 -0.242901 0 3.8 0 0.181449 -0.983369 0.00785119
27.4624 52.266 53.2552 0.0722395 0 -3.5 0 -0.62391 0.0714715 0.778221
34.4939 50.9521 53.6567 0.0468803 0 -3.5 0 0.108058 -0.0671269 0.991876
18.476 41.4395 57.1125 0.012431 0 -3.5 0 -0.214274 0.00737327 0.976746
22.969 51.098 55.1835 0.156128 0 3.8 0 0.343225 0.0148881 0.939135
37.1489 58.8984 38.7774 2.75859 0 -0.8 0 -0.512818 0.749565 -0.418533
24.0939 32.4676 43.2036 -0.172639 0 4.5 0 0.162982 -0.392392 -0.905243
18.287 41.981 38.2795 -0.836873 -0.310833 0.0818928 0 -0.478251 0.45371 -0.751946
19.5825 52.84 54.4465 0.386191 0 -3.9 0 0.090941 0.258045 0.961843
10.054 37.4268 56.5418 0.171653 0 -3.5 0 -0.199278 -0.698275 0.687531
38.6615 57.7295 37.3259 2.17304 0 -0.8 0 0.256066 -0.0123657 -0.96658
25.42 58.0785 43.6445 -1.38197 -0.185255 4.5 0 -0.285224 0.864618 -0.413622
23.5959 42.9251 54.683 0.381192 0 1.8 0 0.378209 -0.473547 0.795431
26.226 45.21 58.313 -0.374985 0 -3.5 0 -0.0123575 -0.0561646 0.998345
23.4195 54.1105 40.619 0.808136 0.543379 4.2 0 -0.387727 0.728707 -0.564494
18.3978 33.261 47.4292 0.169682 0 1.8 0 -0.294241 -0.925873 0.237024
21.4333 44.5875 56.9248 -0.457046 -0.316538 -3.5 0 -0.45186 -0.322761 0.831654
11.5605 57.694 53.4017 0.332852 0 -4.5 0 -0.891055 0.376889 0.252934
27.5806 51.131 35.5573 -1.49082 -0.664786 -3.5 0 0.381475 0.516431 -0.766666
37.1447 54.1095 44.9865 -0.458196 -0.885478 -0.8 0 0.856797 0.372049 -0.357041
31.7185 37.27 45.4265 -0.674877 0 -1.97497 0 0.591827 0.0607979 -0.803769
21.8725 50.8823 38.2912 -0.243464 -0.438913 -0.00505313 0 -0.699197 0.397922 -0.593954
24.31 40.9509 52.731 -0.184488 0 1.89471 0 0.284674 -0.918146 0.275625
22.2647 40.6076 52.4466 -0.441468 0 2.99327 0 0.436085 -0.762027 0.478691
38.088 43.7735 44.4455 -0.984838 0 1.8 0 0.603952 -0.793214 0.0778029
8.79838 37.6408 55.8144 0.531996 0.883027 -3.5 0 -0.916206 -0.316238 0.24609
22.3391 48.8395 36.4767 0.24943 0 -3.5 0 -0.498567 0.3353 -0.799377
21.6489 62.2679 53.1511 -0.0341538 -0.567625 -3.5 0 -0.788091 0.545555 0.2851
12.6879 37.55 49.3839 0.00829747 0.0421944 -3.54521 0 -0.413287 -0.888619 -0.198873
41.0672 56.208 39.7497 -0.26465 -0.501032 -0.8 0 0.561562 -0.718625 -0.410154
39.2287 53.3382 49.2805 0.488963 0.122589 -0.7 0 0.790144 0.490762 0.367186
35.6043 47.2682 53.5243 -0.614864 0 -3.5 0 0.04048 -0.747274 0.663282
29.1575 55.964 55.5915 -1.34091 -0.344872 -3.5 0 -0.378967 0.582071 0.719428
24.6645 57.5515 42.9804 -1.4556 -0.197529 4.5 0 -0.311722 0.811675 -0.493977
32.1765 45.1749 43.8795 0.120173 0 1.8 0 0.666317 -0.622381 -0.410686
11.2847 39.363 49.9081 0.211223 -0.0743852 -1.04366 0 -0.924136 -0.0582124 0.377602
26.7785 57.1242 40.6385 0.031525 0 1.8 0 0.0502109 0.986526 -0.15571
34.1357 46.3425 38.301 -0.102078 0 3.8 0 0.414249 -0.315342 -0.85379
36.6366 58.3456 50.5951 0.431414 0 -0.7 0 -0.038453 0.656496 0.753349
35.9495 46.5568 50.184 -3.96318 -0.308371 -3.5 0 0.946468 -0.305327 -0.104752
15.896 34.5445 41.9665 -0.1148 0 -3.5 0 -0.511384 -0.753258 -0.413629
9.76675 39.3662 45.1393 1.12355 0 -3.9 0 -0.815912 0.0477809 -0.576198
36.6055 45.2655 41.5261 -0.348202 0 1.8 0 -0.131039 -0.415957 -0.899894
17.599 53.0455 54.734 0.621893 0 -3.9 0 0.0128643 0.557002 0.830411
29.6774 38.761 49.746 -0.313663 0 1.8 0 0.205931 -0.386651 0.89894
38.4331 48.4507 48.6369 -0.69807 0 -0.7 0 0.252512 -0.964541 -0.0768023
11.6818 46.8807 50.0197 0.061255 0 3.8 0 -0.671771 0.731674 -0.115661
21.505 40.0127 53.014 -0.694089 0 -3.03643 0 0.869157 -0.494297 0.0153678
21.1653 58.8244 44.1371 0.139047 0.332388 -0.61506 0 0.61364 0.475862 -0.63008
19.477 36.5947 38.359 -0.0609033 0 1.8 0 0.0592776 -0.895099 -0.441909
26.95 50.333 40.002 -0.285828 0 -3.5 0 -0.0403007 0.817233 -0.574896
12.2933 43.4771 55.1808 -1.26103 -0.650946 -3.5 0 -0.642634 0.343622 0.684796
24.381 55.8488 41.4145 0.0950258 0 1.8 0 -0.620237 0.590344 -0.516528
15.8308 46.8138 57.3225 -1.18337 -0.0186887 -3.5 0 -0.322259 0.501954 0.802615
24.631 59.3819 47.6595 -1.24163 -0.466664 3.8 0 -0.695826 0.481149 -0.533218
28.9788 60.8615 48.299 0.186944 0.0140126 -0.7 0 0.625507 0.455797 0.633238
19.36 48.3773 40.3957 -0.101774 0 1.6939 0 -0.280739 0.650412 -0.705797
36.9248 58.7185 44.9403 -0.829535 -0.289451 -0.8 0 0.636312 0.747292 -0.191474
36.6619 48.1816 48.1263 -1.29658 0 -1.54825 0 0.562908 -0.814247 0.1419
19.6063 61.3833 50.6195 0.00551024 0 -3.5 0 -0.631566 0.775225 0.0122819
10.4548 36.2552 53.1811 -1.60984 -0.0207312 -3.5 0 -0.196851 -0.947165 -0.253237
30.8997 52.413 56.6436 0.153547 0 -3.5 0 -0.121722 -0.236701 0.963928
11.033 37.1476 46.4884 1.72764 0 -3.9 0 -0.185161 -0.981278 0.0529955
10.4092 39.8577 48.9951 1.75478 0.736707 -3.9 0 -0.744906 0.499314 0.442493
14.6082 54.2998 49.8413 -1.07369 0 -3.5 0 -0.201622 -0.399654 0.894218
11.4593 39.1324 56.877 0.734828 0.758696 -3.5 0 0.281938 0.391112 0.876095
23.4931 47.7957 58.4951 0.269176 0.00105518 -3.5 0 0.00761505 0.567256 0.823506
15.2122 54.6102 44.9875 -0.377741 0 -3.66455 0 0.0400505 0.870566 -0.49042
19.3109 32.7355 44.8666 0.0891496 0 1.8 0 0.0497535 -0.973195 -0.224537
23.6075 51.4603 37.0112 -0.130826 0 -3.5 0 -0.310613 0.850843 -0.423776
24.8641 40.7094 36.4344 -1.14342 -0.387874 -2.92939 0 0.56468 -0.483284 -0.669009
18.9886 60.5921 51.3597 0.561755 0 -3.5 0 -0.680903 0.711172 -0.174943
32.9512 39.827 43.4832 -0.389357 0 1.8 0 -0.299948 -0.482259 -0.823078
15.7633 56.2832 55.5776 0.893775 0.64834 -4.5 0 0.415475 -0.349345 0.839844
15.8136 36.2054 48.0619 0.634987 0 -1.6 0 -0.829489 -0.396035 -0.393833
27.4279 58.8861 43.9974 0.195658 0 -0.7 0 -0.205314 -0.02398 -0.978402
24.5653 35.5288 40.5913 -0.35205 0 -0.7 0 -0.0552845 -0.643471 -0.763471
15.2674 57.348 50.9458 0.187676 0 -4.5 0 -0.25174 0.774304 -0.580585
33.0634 60.3361 45.6623 0.601373 0.0566018 -0.8 0 -0.377178 0.911736 -0.162708
37.4046 51.2774 40.7404 -1.93202 -0.150487 4.5 0 0.368421 -0.726738 -0.579757
32.024 38.449 48.81 -1.43791 -0.0217905 1.8 0 0.312731 -0.18084 0.932468
17.9555 56.4646 54.2669 0.730417 0 -4.5 0 0.264003 -0.402076 0.87672
13.2285 57.431 55.2275 -0.0400919 0 -4.5 0 -0.394502 0.535909 0.746438
39.8536 58.3226 38.1511 2.49285 0 -0.8 0 0.569089 0.201297 -0.797256
31.6842 53.872 56.6037 0.260864 0 -3.5 0 0.293558 -0.0686423 0.953474
12.197 54.705 48.4813 -1.53861 -0.237674 -3.5 0 -0.943207 0.177856 0.280585
16.7353 33.449 42.3462 -1.16266 -0.172095 1.8 0 -0.566819 -0.768587 -0.29663
38.1821 51.9977 41.2211 -1.41773 -0.036241 4.5 0 0.95557 -0.27554 -0.104703
11.1003 36.1432 42.9039 0.612832 0.349921 -3.5 0 -0.74024 -0.613926 -0.274116
38.7622 57.1557 48.4566 0.0288674 0 -0.7 0 0.999573 -0.027903 0.00862957
25.631 51.618 40.342 0.0362765 0 1.95446 0 0.41304 0.148268 -0.898563
42.3597 57.0709 39.9769 -0.165806 -0.593604 -0.8 0 0.770046 -0.408113 -0.49038
11.9795 46.2713 49.0691 0.0771478 0 3.8 0 -0.594843 0.586178 -0.550052
20.927 61.6117 55.8071 -1.72919 -0.243919 -4.5 0 -0.189942 0.771205 0.60759
17.9498 46.9347 37.9705 -0.689888 -0.928458 -0.7 0 -0.367145 0.860128 -0.354097
31.1111 48.9896 35.1763 0.31754 0 -4.5 0 0.261844 -0.151855 -0.953088
32.3461 57.0286 40.1554 0.0898133 0 4.5 0 -0.930462 0.340052 -0.136402
16.4025 42.9282 56.5539 -0.660587 -0.466875 -3.5 0 -0.166975 -0.498621 0.850586
13.2673 56.3141 47.8631 -0.928918 0 -3.5 0 -0.612609 0.771271 0.172777
25.3498 46.1779 36.5484 -0.425745 -0.849535 -1.02053 0 0.910059 -0.346322 -0.227715
24.5389 44.4834 33.1564 -0.856499 -0.807747 -0.7 0 0.29013 0.62639 -0.723506
17.5355 33.017 46.3961 0.154746 0 1.8 0 -0.651362 -0.654889 0.383208
26.1769 61.0571 45.3855 -0.0431237 0 -0.7 0 -0.905419 0.356892 -0.229879
15.6377 45.4232 57.9173 -1.23144 -0.0588289 -3.5 0 -0.429164 0.157701 0.889353
30.9757 33.825 44.9076 -1.87215 -0.0427208 -3.5 0 0.478372 -0.876397 -0.0555803
42.1264 58.843 40.398 1.07405 -0.0341448 -0.8 0 0.514942 0.85262 -0.0887359
28.1355 56.0076 54.7819 -0.31631 0 3.8 0 -0.2475 0.211584 0.945503
13.0206 41.2201 38.0695 0.072238 0 -0.8 0 -0.0954817 0.556309 -0.825472
32.6814 60.3438 46.9746 1.13901 0.207324 -0.8 0 -0.494161 0.833169 0.248261
9.102 54.064 43.761 2.46369 0.0596114 -3.9 0 -0.9965 0.0755926 0.035678
14.2872 49.5569 42.5988 -0.178347 0 -3.42804 0 -0.726262 0.102482 -0.679736
26.314 46.5275 37.2007 -0.491579 -0.225862 -1.41023 0 0.442238 -0.618716 -0.64932
40.6113 56.3921 42.5471 0.0835599 0 -0.8 0 0.415538 -0.386018 0.823601
15.111 47.823 50.0325 0.163646 0 3.03067 0 -0.503821 0.310368 0.806124
38.8879 49.3652 47.6971 -0.534149 0 -0.7 0 0.633095 -0.677979 -0.373544
20.2044 44.0825 37.2371 0.211511 0 -0.7 0 -0.758174 -0.307724 -0.574872
12.5834 37.4609 39.2186 0.200625 0.0128005 -0.8 0 -0.126242 -0.895335 -0.427127
12.1684 55.5065 54.645 0.40851 0.746278 -4.5 0 -0.788614 -0.586816 0.18367
22.5527 41.7407 55.8474 -0.0404759 0 -3.5 0 0.79839 0.213215 0.563127
11.593 42.6359 40.1878 -1.43723 -0.453341 -0.8 0 -0.812477 0.511035 -0.280578
37.0662 43.3187 44.0967 -0.87861 0 1.8 0 0.063652 -0.848099 -0.526
15.5971 37.4857 52.433 0.226109 0 -3.5 0 0.590007 -0.556271 0.585196
11.7163 47.0475 43.7835 0.219522 0 1.8 0 -0.817628 0.530126 -0.224614
11.4371 41.3092 45.8789 0.91579 0 -3.9 0 -0.395986 0.888606 0.231461
13.0245 54.7547 54.9626 1.30713 0.497937 -4.5 0 -0.369659 -0.864156 0.341449
23.116 36.4917 39.6364 -0.329474 0 1.47954 0 0.363728 -0.815465 -0.450244
36.276 46.9436 51.2564 -2.40102 -0.413292 -3.5 0 0.747515 -0.650305 -0.135368
28.6471 55.9132 43.635 0.118326 0 4.5 0 0.478835 0.67201 -0.564906
35.8985 60.1058 44.9176 -0.00857312 0 -0.8 0 0.624764 0.749052 -0.220432
20.8368 52.4914 54.4816 0.291357 0 -1.3595 0 -0.349996 0.165424 0.922029
14.9701 46.992 54.5821 -0.350609 0 -3.5 0 -0.639536 0.723824 -0.258984
11.8159 45.5735 45.6836 0.223518 0 1.8 0 -0.875665 -0.346509 0.336366
19.9867 41.4835 33.9869 0.77677 0.455818 -0.4 0 -0.630544 0.108795 -0.768491
34.396 46.6698 52.6445 -0.990309 0 -3.5 0 0.0781875 -0.736762 0.671616
27.9128 40.9323 42.3182 -0.989523 -0.988716 -0.8 0 0.647768 -0.761829 0.00354746
25.2337 44.0736 36.8073 -0.462066 0 -0.7 0 0.983291 -0.138796 -0.11779
32.7834 58.0988 44.2486 0.156444 0 -0.8 0 -0.707329 0.346312 -0.616241
24.2935 47.0107 58.6105 0.739555 0.721509 -3.5 0 0.184737 0.030087 0.982327
25.8925 32.4311 47.8439 -0.910357 -0.814936 4.5 0 0.0309941 -0.841013 0.540127
26.1555 59.3346 45.0496 0.370205 0 3.0553 0 -0.775887 0.29512 -0.557587
16.2239 59.3823 51.8898 0.618012 0 -4.5 0 -0.255972 0.613997 -0.74665
10.646 53.7616 41.3969 1.22505 0.813593 -3.9 0 -0.112169 0.0881392 -0.989773
21.5985 45.9161 57.7701 0.350137 0 -3.5 0 -0.508971 -0.154233 0.846854
18.3644 46.1549 56.5079 -0.632224 -0.242115 -3.5 0 0.313061 0.171105 0.934193
11.2715 37.159 52.0757 -0.512265 0 -3.5 0 -0.191773 -0.715397 -0.671886
13.7689 47.6595 39.0494 0.168278 0 1.8 0 -0.797868 0.513358 -0.316023
23.1584 46.1365 34.4474 0.891631 0.396527 -0.7 0 -0.0573317 0.622007 -0.78091
21.4194 62.7666 51.945 -0.63872 -0.183167 -3.5 0 -0.621424 0.690248 -0.37066
33.6955 48.6339 54.4839 -0.0174171 0 -3.5 0 -0.032993 -0.121453 0.992049
25.22 58.5757 45.9777 0.449756 0.758613 3.7742 0 -0.856199 0.446207 -0.260428
33.6506 52.7886 54.9081 0.322908 0.56354 -1.54862 0 0.297942 -0.577342 0.760202
22.7881 62.098 50.9004 -0.15623 -0.174431 -3.5 0 -0.0805067 0.64755 -0.757759
21.7234 55.3909 57.9022 0.0736617 0 3.8 0 -0.54046 -0.577767 0.611628
37.8628 45.177 46.3423 -1.00392 0 1.8 0 0.626345 0.0565023 0.777495
11.6525 52.8515 41.8763 1.58411 0 -3.9 0 -0.173976 -0.218579 -0.960185
9.79425 39.5433 54.3252 -0.099725 0 -3.5 0 -0.628293 0.710554 -0.316798
38.0071 58.5706 41.1613 0.838162 -0.326554 -0.8 0 -0.16634 0.936392 0.309031
16.166 58.0202 51.281 0.319575 0 -4.25254 0 -0.356525 0.546263 -0.757949
32.3124 45.2305 41.4697 -0.385258 0 3.8 0 0.566425 -0.813387 0.132527
13.4073 46.0197 39.0039 0.163217 0 1.8 0 -0.884112 0.00502799 -0.467247
38.1235 57.8592 46.0933 -0.742145 -0.0973046 -0.744901 0 0.928172 0.316176 -0.196289
32.5962 37.6414 47.837 -2.37958 -0.145908 1.8 0 0.639427 -0.637348 0.430024
24.6865 54.0261 55.4375 -0.00920624 0 3.8 0 0.742835 -0.582294 0.330347
34.5132 40.81 47.6937 -0.181695 0.0505547 0.0933401 0 0.562758 -0.38002 0.73409
27.4365 56.4259 39.743 0.0847082 0 1.8 0 0.509169 0.698057 -0.503451
19.7246 36.4176 51.8302 0.305656 0 -1.6 0 0.128702 -0.206987 0.969841
9.70125 55.1175 44.0224 1.67243 0.799494 -3.9 0 -0.571611 0.709695 0.411819
25.1489 31.0174 46.3026 -0.189299 0 4.5 0 0.182456 -0.893628 0.410046
21.2027 36.0045 38.9432 -0.15045 0 1.8 0 0.0750869 -0.865643 -0.495
32.0249 43.858 51.5862 -1.48873 -0.449775 -0.732014 0 -0.206504 -0.465182 0.860792
19.0245 33.837 42.3117 -0.768651 -0.346924 1.8 0 0.525385 -0.565803 -0.635482
24.595 31.2919 43.923 -0.161687 0 4.5 0 0.0292776 -0.806485 -0.590529
23.1126 38.2831 38.2463 -0.0273501 0.0342519 1.46763 0 0.510221 -0.596653 -0.619419
37.2743 56.0845 43.0896 -0.671211 0 -0.8 0 0.771815 -0.474526 0.423234
36.9062 59.4917 49.2352 0.0842195 0 -0.7 0 -0.169572 0.946007 0.276253
13.559 43.331 55.8531 -0.230382 0 -3.5 0 -0.507815 -0.0567518 0.859595
27.0549 38.5271 39.4391 -2.03156 -0.224614 -3.5 0 0.910122 -0.414184 -0.0114058
24.4706 38.5725 38.3346 -0.976475 0 -3.5 0 -0.0769605 -0.755723 -0.650354
16.628 40.0402 37.768 -0.181856 -0.0130515 1.8 0 -0.278177 0.364688 -0.888606
17.0187 60.2789 47.4092 -1.52563 -0.063313 -3.5 0 -0.776865 0.610435 0.154431
23.709 48.7093 57.5505 0.344671 0 -3.5 0 0.333501 0.840408 0.42719
37.2961 44.1206 42.016 -0.351356 0 1.8 0 -0.0153514 -0.691709 -0.722013
21.2171 43.8001 34.0267 0.0796902 0 -0.7 0 -0.630146 0.294456 -0.718479
21.3722 34.0503 47.6867 0.0378105 0 3.24489 0 -0.055207 -0.854986 0.515704
9.23275 38.2593 53.8425 -0.833891 -0.241183 -3.5 0 -0.93004 0.120371 -0.347183
13.4653 58.3853 51.439 0.571318 0.605972 -4.5 0 -0.298774 0.423878 -0.855022
16.7932 58.6434 55.732 0.502363 0 -4.5 0 -0.124858 0.279015 0.952135
24.9681 57.849 46.8467 0.298793 -0.385019 3.93634 0 -0.930021 0.260911 -0.258818
25.8787 55.2938 54.9235 -0.0709269 0 3.8 0 0.554231 -0.438113 0.707732
10.9255 38.104 56.8923 0.180885 0 -3.5 0 0.228709 -0.410593 0.88267
38.1494 54.5009 50.2161 0.504829 0.693062 -0.785448 0 0.911 0.188047 0.367039
24.7449 42.5081 54.6835 -0.0583001 0 1.8 0 0.177225 -0.525756 0.831968
32.1541 37.1431 46.7496 -1.07767 -0.000570913 1.8 0 0.854403 -0.51934 0.0167907
24.2162 48.8605 35.6278 -0.279726 0 -3.5 0 -0.27086 0.000650796 -0.962619
39.8493 47.9575 44.8628 -1.64058 -0.885917 1.8 0 0.889666 0.00611235 0.456571
14.8634 46.8003 56.0271 -1.17431 -0.0109253 -3.5 0 -0.687749 0.63315 0.355137
33.752 40.5411 43.3778 -0.310407 0 1.8 0 0.345784 -0.05139 -0.936906
15.1287 51.4751 41.8546 0.0962926 0 -3.9 0 0.218698 0.189899 -0.957136
12.3186 41.555 49.314 -0.672897 -0.563434 3.8 0 -0.869084 0.387939 -0.306916
29.4876 36.0498 43.5264 -1.22461 -0.0579022 -3.5 0 0.147799 0.452936 -0.879207
24.5543 64.7213 56.0952 0.530242 0 -3.5 0 0.328659 0.590085 0.737416
24.2383 65.146 52.9688 -0.27398 0 -3.5 0 0.201457 0.944243 -0.260424
10.7641 37.943 40.866 -1.18458 -0.93253 -0.8 0 -0.862604 -0.505872 0.00268789
18.233 57.8645 45.5309 -0.173719 0 1.22017 0 -0.93913 -0.201224 -0.278466
19.3725 38.6201 53.3177 -0.891199 -0.665618 -3.5 0 -0.397974 -0.881301 0.254803
35.1946 58.0165 40.4015 0.059682 0 4.5 0 0.0265065 0.995617 -0.0896884
11.8352 46.0843 42.7368 0.223811 0 1.8 0 -0.695269 0.202546 -0.68962
12.2087 35.3742 43.3003 -0.254634 0 -3.5 0 -0.299148 -0.945592 -0.127931
27.9662 49.5449 55.0747 0.0151993 0 -3.5 0 -0.227142 0.568749 0.790526
19.3026 46.6984 56.4478 -0.0637833 0 -3.5 0 -0.318447 0.0676683 0.945522
40.8704 58.5276 39.2254 -0.0976191 -0.940776 -0.8 0 0.470905 0.678901 -0.563331
21.8923 54.5591 56.7021 0.104088 0 3.8 0 -0.608912 -0.603477 0.514822
12.2706 58.5918 52.3821 0.676138 0.0702549 -4.5 0 -0.531114 0.836661 -0.13385
13.4323 51.2127 42.0397 0.213739 0 -3.9 0 -0.213442 -0.519036 -0.827674
29.578 62.1208 44.4694 0.10038 0 -0.7 0 0.727102 0.552918 -0.406944
17.1138 33.9658 51.8177 0.00866213 0 -1.6 0 -0.26546 -0.416649 0.869445
16.8888 49.5705 42.0513 0.190126 0 0.130867 0 0.0488225 0.626004 -0.77829
28.8673 34.0213 44.0798 -0.901388 -0.0463507 -3.5 0 -0.103186 -0.692724 -0.713783
12.76 55.145 49.341 -1.10587 -0 -3.5 0 -0.826355 0.411972 0.383949
17.181 45.9904 37.9654 -0.0814418 -0.173352 1.35569 0 -0.354735 -0.0958084 -0.930045
35.9977 47.8065 49.4665 -1.70553 -0.368454 -1.95626 0 0.913881 -0.402849 -0.0503425
13.6667 47.1164 50.254 0.0855227 0 3.8 0 -0.0992642 0.806348 0.583052
9.278 37.2906 52.848 -1.75949 -0.380297 -3.5 0 -0.864972 -0.199821 -0.460321
28.2926 47.5311 57.8749 0.0106144 0 -3.5 0 0.432524 0.374617 0.820113
36.4775 47.3279 46.9359 -1.3202 0 -3.5 0 0.745533 -0.281266 0.60421
30.585 59.9324 47.3042 0.0170444 0 -0.7 0 0.510215 0.743033 0.433109
22.8678 39.535 36.3325 -0.618855 -0.618787 -0.62716 0 0.668164 -0.639423 -0.380388
32.8184 45.9001 42.8509 -0.245296 0 3.8 0 0.520392 -0.845185 0.121876
29.294 44.6721 55.8589 -1.99521 -0.436449 -3.5 0 0.847488 -0.466395 -0.253456
27.4807 43.5914 51.4325 -0.475065 0 3.8 0 0.429628 -0.842057 0.32613
17.5874 36.0976 39.9726 0.671428 0.307032 1.8 0 0.21346 -0.948407 -0.234435
22.0312 42.977 33.31 0.127501 0 -0.7 0 -0.708246 0.120964 -0.695526
15.299 48.0469 38.469 0.0934438 0 1.8 0 0.0581729 0.707196 -0.70462
17.0576 59.8311 45.7033 -0.609702 -0.852726 -3.5 0 -0.875476 0.129158 -0.465683
30.7245 50.773 55.1823 0.129405 0 -3.5 0 0.370421 -0.598322 0.710492
29.686 56.233 44.351 -0.2059 0 3.15 0 0.188777 0.623367 -0.758799
22.862 31.8358 46.0858 -0.0623443 0 4.5 0 -0.390375 -0.809124 0.439234
17.4751 60.7528 52.8799 0.17429 0 -4.5 0 -0.268543 0.914605 -0.302297
39.5277 59.3511 38.812 2.82026 0 -0.8 0 0.342872 0.900015 -0.269095
30.455 38.0747 45.496 -0.4258 0 0.718009 0 0.059812 0.0305474 -0.997742
25.3962 43.8671 38.0309 -0.49184 -0.635198 -1.02186 0 0.745026 -0.220425 -0.629563
16.7445 47.334 57.1605 -1.74278 -0.639504 -3.5 0 0.192136 0.42899 0.882639
15.5278 40.6828 55.989 -1.4755 0 -3.5 0 -0.286845 -0.491293 0.822406
23.2176 52.3174 55.3171 0.0886936 0 3.8 0 0.252436 -0.404473 0.879021
23.0333 39.8732 55.8353 0.601313 0.878113 -3.5 0 0.73363 -0.630787 0.252773
15.1279 53.1017 49.3796 -0.468352 0 -3.5 0 -0.458492 -0.265627 0.848073
23.8417 56.6175 42.9486 -0.790706 -0.450337 4.5 0 -0.420647 0.653706 -0.629067
22.5734 32.4678 42.8145 -0.160788 0 4.5 0 -0.0675798 -0.638831 -0.766373
11.4392 51.2308 44.1623 0.506432 0.0307894 -3.9 0 -0.503631 -0.7481 0.432092
13.0996 55.0005 42.6441 0.526436 0 -3.9 0 0.34238 0.749215 -0.566967
23.5201 32.4219 47.2245 -0.0827383 0 4.5 0 -0.345896 -0.671641 0.655175
31.105 34.9759 47.4562 -2.40219 -0.0470787 -3.5 0 0.420198 -0.419722 0.804529
36.8833 44.6963 47.554 -0.397031 0 -3.5 0 0.800505 0.126916 0.585734
12.5201 36.893 45.7549 1.04973 0.815728 -3.5 0 0.03443 -0.712505 0.700822
11.6759 41.5629 51.1872 -0.0151356 0 3.8 0 -0.995858 0.0909202 0.000159716
12.3022 56.8205 54.5585 0.165664 0 -4.5 0 -0.769652 0.226179 0.597058
23.5974 56.9199 58.454 -0.0105817 0 3.8 0 0.346749 -0.0102147 0.937902
20.4317 50.6584 41.7993 0.000269722 0 1.8 0 -0.566579 0.610966 -0.552909
16.0742 56.9744 46.6705 -0.144432 0 -3.5 0 -0.0988528 0.470596 -0.876794
25.4769 32.0399 43.6468 -0.197236 0 4.5 0 0.473323 -0.419054 -0.774828
37.9301 59.362 39.4966 3.41435 0 -0.8 0 -0.291479 0.953182 0.0805171
18.1248 60.0157 55.1678 0.272551 0 -4.5 0 -0.281946 0.654852 0.701196
40.6297 58.9595 40.8003 0.197975 -0.266497 -0.8 0 0.137253 0.982994 0.122
20.5053 44.7205 56.5375 0.0236342 0 -3.5 0 -0.424917 -0.162236 0.890576
14.8792 36.3498 45.5218 0.743323 0 -3.5 0 -0.256732 -0.311745 0.914824
14.5293 50.8954 47.8761 0.0412432 0 1.8 0 -0.956839 0.150696 -0.248495
12.0927 46.2832 46.461 0.121714 0 1.8 0 -0.715922 0.456931 0.527892
18.7857 39.0581 54.6926 -0.822215 -0.428231 -3.5 0 -0.43118 -0.8698 0.239857
16.2698 53.9603 50.5905 0.408927 0 -3.5 0 -0.65081 -0.111796 0.750965
25.6454 50.7915 38.1454 -0.582063 0 -3.5 0 0.364742 0.894345 0.259058
18.1003 39.621 55.367 0.139603 0 -3.5 0 -0.332613 -0.835815 0.436787
28.566 43.1543 50.0835 -0.445674 0 3.8 0 -0.203154 -0.854168 0.47867
40.0202 55.3939 40.6157 1.04592 0 -0.8 0 0.497368 -0.86743 0.0137518
32.2583 54.7366 39.8267 0.276605 0 4.5 0 -0.773234 0.430684 -0.465425
30.3813 57.6073 53.408 -0.0236473 0 3.8 0 0.319279 0.576032 0.752494
29.3229 52.4151 55.6196 0.114896 0 -3.5 0 -0.638781 -0.162823 0.751962
37.3935 49.7337 52.1397 -0.207049 0 -3.32005 0 0.80345 0.252554 0.539151
25.6049 46.5889 57.8983 0.422472 0.432817 -3.5 0 0.12699 0.244059 0.96141
14.5241 41.2788 55.4925 -0.786447 -0.831091 -3.5 0 -0.439944 -0.296823 0.847553
40.0834 52.5331 49.0722 -0.206619 0 -0.7 0 0.81359 0.496106 0.303234
33.1126 50.6102 53.9999 0.349159 0 -3.5 0 0.22995 0.0396347 0.972395
38.2204 49.9578 51.48 -0.111299 0 -0.7 0 0.567567 -0.0612925 0.821043
35.1838 57.9886 42.9689 -0.321756 0 -0.8 0 0.120534 0.869225 -0.4795
31.1985 59.19 49.5926 0.168978 0 3.8 0 -0.192793 0.952618 0.235265
19.8095 61.3085 47.4115 0.311325 0 -3.5 0 -0.0616364 0.981847 -0.179383
14.9959 35.0354 42.9396 0.418348 0 -3.5 0 -0.32826 -0.927858 -0.176985
36.0399 44.8677 42.361 -0.458033 0 1.8 0 -0.622988 -0.697845 -0.353411
28.2873 52.6563 39.7438 0.886418 0 -4.5 0 -0.728338 -0.390866 -0.562803
11.6641 43.2351 51.0348 0.0876656 0 3.8 0 -0.973272 -0.228309 -0.0248404
34.9912 47.8489 40.0924 -0.118201 0 3.8 0 0.814549 0.278429 -0.508907
19.2377 54.9955 53.6235 0.472033 0 -3.9 0 -0.0842596 0.113403 0.98997
18.6246 60.3668 49.9995 0.446477 0 -3.5 0 -0.812983 0.569378 0.121931
18.4513 38.2778 36.7206 0.0685088 0 1.60561 0 -0.119647 -0.354234 -0.927471
17.3795 35.635 51.7212 0.0832659 0 -1.6 0 -0.194207 0.208613 0.958522
22.1234 53.3534 55.7127 0.135261 0 3.8 0 -0.516334 -0.495844 0.698239
29.8708 41.312 43.3454 -0.95174 0 -0.8 0 0.0948483 -0.930151 -0.354714
30.5755 53.9523 39.5923 1.12245 0 -4.5 0 0.0412971 0.963699 -0.263779
20.1144 33.4789 43.124 -0.132101 0 4.5 0 -0.135169 -0.641261 -0.755323
20.7988 50.0793 54.6272 0.539306 0 3.8 0 -0.249577 -0.122163 0.960618
28.8915 41.8332 49.3769 -0.446233 0 2.27786 0 -0.290798 -0.00514727 0.956771
34.3579 52.1103 53.9696 -0.0322968 0.187417 -1.38041 0 0.129586 -0.541237 0.830825
32.1357 45.6232 51.6912 -2.20964 0 -3.5 0 -0.253858 -0.158092 0.954234
29.2671 46.7883 56.2581 -0.149362 0 -3.5 0 0.97338 0.0528576 0.223019
11.9206 35.6139 44.4351 0.430684 0 -3.5 0 -0.384852 -0.819588 0.424459
21.2 55.776 42.4338 0.0504412 0 3.8 0 0.398976 0.246444 -0.883223
20.2655 61.0546 45.9977 0.294644 0 -3.5 0 0.178949 0.950489 -0.254062
11.1757 51.8291 42.7915 1.71511 0.0141331 -3.9 0 -0.441031 -0.744295 -0.501514
17.2073 36.8831 51.0358 -0.279661 0 3.95893 0 -0.00238052 0.0673909 0.997724
29.4744 61.5544 47.5245 -0.335704 0 -0.7 0 0.820112 0.398637 0.410493
26.9748 43.1664 39.1149 -0.600389 0 -3.5 0 0.369202 -0.287448 -0.883778
34.7793 56.0666 52.2845 0.79307 0 0.907826 0 0.0200013 0.753514 0.657128
23.4888 58.681 56.9801 0.0130444 0 3.8 0 0.418953 0.639382 0.644724
32.142 49.877 36.085 0.00988075 0 -4.5 0 0.588558 0.0616291 -0.806103
29.4151 40.27 49.9154 -0.333125 0 1.8 0 0.0432616 0.0272737 0.998691
31.943 40.0605 44.4683 -0.466247 0 1.8 0 -0.527551 -0.508446 -0.680568
21.2487 55.8132 56.4454 0.111535 0 3.8 0 -0.962118 -0.222049 0.158186
32.6632 49.6434 54.0853 0.479686 0 -3.5 0 0.0246953 -0.152016 0.988069
33.6964 43.7436 44.8357 -0.866473 0 -0.124451 0 0.0431198 0.0070467 -0.999045
25.4537 43.8219 35.8271 -0.848041 0 -0.7 0 0.991012 0.0262272 0.131179
15.673 37.421 47.0826 0.544606 0 4.2 0 -0.807986 -0.587688 -0.0422057
21.3808 34.5341 50.0228 0.256979 0 0.222234 0 0.490859 -0.844234 0.215234
12.967 46.0754 42.1193 0.822273 0 1.8 0 -0.763464 0.219221 -0.607508
33.6253 46.1847 43.3867 -0.602741 0 3.8 0 0.151982 -0.952493 -0.263928
38.0047 53.0586 51.9709 0.463143 0 -0.782171 0 0.934125 -0.0466451 0.353886
24.5866 52.0731 39.5754 0.146488 0 3.3398 0 0.432919 0.329109 -0.839207
36.2314 58.0016 42.6416 -0.979219 -0.0217627 -0.8 0 -0.0404045 0.999038 0.0170574
12.3579 37.0259 54.7335 0.355989 0 -3.5 0 0.331924 -0.833831 0.44108
38.8971 54.5711 40.216 1.30519 0 0.0740187 0 0.733188 -0.679989 0.00709135
22.5639 40.8143 56.695 0.143235 0 -3.5 0 0.726504 0.0628167 0.684285
28.1672 59.8753 43.4201 0.0474448 0 -0.7 0 -0.0476089 -0.220847 -0.974146
22.4487 49.8491 55.3774 0.287859 0 3.8 0 -0.148719 0.42739 0.891751
11.1459 53.4808 45.2993 0.999024 0 -3.9 0 -0.600467 -0.313853 0.735483
12.7718 37.816 46.9605 1.76872 0.0453074 -3.9 0 0.329789 -0.932274 0.148678
25.756 38.2709 37.6721 -1.81142 -0.311342 -3.5 0 -0.157012 -0.850982 -0.501175
14.6449 50.1921 46.8286 0.473543 0 1.8 0 -0.982327 0.167806 0.082912
29.7259 46.1024 38.6107 -0.115026 0 -0.7 0 0.518822 -0.626362 -0.581802
26.424 35.7144 42.3015 -0.758246 0 -0.7 0 0.641335 -0.711316 -0.28761
26.4119 58.487 44.0345 0.136583 -0.0971236 1.89568 0 -0.294273 0.689636 -0.661669
16.3731 59.596 54.796 0.785676 0 -4.5 0 -0.3497 0.697154 0.625848
16.7338 55.2622 45.1256 -0.076539 0 -3.5 0 -0.493503 0.759721 -0.423414
15.8676 34.4734 49.7777 0.543122 0 -1.6 0 -0.880165 -0.474616 0.00703538
16.4404 53.7215 53.1548 0.392785 0 -3.9 0 -0.964202 0.0217467 -0.264277
10.9998 39.634 53.0555 0.354025 0 -3.5 0 -0.658149 0.674118 -0.335267
36.2928 49.9388 42.7127 0.19831 0 1.30801 0 0.585912 -0.271234 -0.763636
16.5659 37.9626 51.5276 0.225538 0 0.932252 0 0.368757 -0.439528 0.819045
14.9269 45.85 52.4389 0.00254318 0 2.75019 0 -0.37495 0.896862 0.234627
30.3083 41.5301 49.4755 -0.394708 0 2.38489 0 0.359473 -0.181935 0.915248
20.6446 61.5647 53.4564 0.0945429 -0.425691 -4.06906 0 -0.327823 0.940301 0.0914681
33.5737 42.0127 44.3265 0.0664555 0 1.8 0 0.375236 0.386603 -0.842459
20.867 56.4685 55.7305 0.109089 0 3.8 0 -0.836316 -0.308555 0.453178
34.6795 52.5574 39.5117 0.129732 0 4.5 0 0.164886 -0.638431 -0.75181
27.9799 51.1292 54.2818 -0.221817 0 -3.5 0 -0.500201 0.391099 0.772555
20.2346 44.7975 36.3008 0.364547 0.0235356 -0.7 0 -0.687659 -0.472184 -0.551514
39.0905 50.0009 46.6789 -0.39047 -0.983289 -0.7 0 0.800014 -0.388069 -0.457581
28.781 48.2868 56.182 0.0894231 0 -3.5 0 0.666731 0.545027 0.508345
18.2207 54.0371 42.9263 0.0163456 0 3.8 0 -0.195416 -0.507353 -0.839289
37.2989 53.6046 43.8218 -0.267261 -0.180392 0.975017 0 0.917267 0.378467 0.124035
26.5028 51.3905 53.4268 -0.523215 0 0.839991 0 -0.0861645 0.442828 0.892457
25.7205 42.5622 50.3765 -0.317068 0 2.27107 0 0.781482 -0.608564 0.137607
28.4993 33.8962 47.1837 -0.914377 -0.895132 4.13488 0 0.533031 -0.754899 0.382106
10.3121 38.4231 48.8216 3.40069 0 -3.9 0 -0.622957 -0.36775 0.690423
34.7253 44.4404 44.5785 -0.0338457 0 -3.5 0 -0.385912 -0.229839 -0.893446
31.1127 57.8995 45.5124 0.0480602 0.49827 -0.786212 0 0.0179993 0.280094 -0.959804
35.7648 48.0827 41.4137 -0.217223 0 3.8 0 0.872414 0.193947 -0.44864
17.1487 56.1157 46.246 0.13579 0 -3.41231 0 -0.249694 0.624288 -0.740214
18.709 45.7095 36.6314 0.36257 -0.297881 -0.7 0 -0.605989 -0.396136 -0.689822
30.6522 45.9335 51.6249 -0.617023 0 3.8 0 0.214368 -0.313195 0.925178
19.2875 47.95 55.845 0.340118 0.109062 -3.64017 0 0.218128 0.401405 0.889547
37.8643 47.2584 42.5611 -1.41227 -0.195297 1.8 0 0.196823 0.532863 -0.822993
21.5013 58.3398 45.4709 0.119144 0 -2.00382 0 0.862995 0.502404 -0.0531996
29.2572 46.4663 53.4548 0.171929 0 -3.5 0 0.692603 -0.715879 0.0884238
25.4272 56.3629 40.9077 0.0430193 0 1.8 0 -0.556482 0.763467 -0.327789
18.7369 61.5091 53.0424 0.0296861 0 -4.5 0 -0.39566 0.91237 -0.105043
35.6831 46.6223 52.0778 -1.56937 -0.0734807 -3.5 0 0.377928 -0.822393 0.425253
25.1669 60.4081 49.3904 -0.129998 0 3.8 0 -0.392535 0.808518 -0.438424
22.9342 54.9221 57.2702 0.0498846 0 3.8 0 0.117429 -0.646649 0.753695
31.8728 57.1521 53.5121 0.0877385 0 3.8 0 0.471271 0.640273 0.606593
26.5388 51.0179 37.4408 -1.41641 -0.143965 -3.5 0 -0.012419 0.893672 0.448549
33.2904 59.6298 48.6058 0.169961 0 3.8 0 0.101782 0.940267 0.324867
15.9576 49.4954 55.8555 3.18363 0 -3.9 0 -0.687196 0.105219 0.718812
13.6799 37.9345 48.2341 0.536364 0.078619 2.25622 0 -0.0179771 -0.92512 -0.379248
14.2404 45.7179 56.2564 -0.45883 0 -3.5 0 -0.763449 0.21336 0.60961
11.5623 38.2787 50.8724 -0.0603573 0 -3.5 0 -0.818715 -0.45765 -0.346787
9.57475 38.9431 47.7063 3.61426 0 -3.9 0 -0.928227 0.026534 0.371066
34.3491 45.3774 44.4574 -0.805541 0 1.28174 0 -0.265972 -0.531184 -0.804427
15.6869 38.9055 37.7152 0.679438 0 1.8 0 -0.490128 0.190795 -0.850513
21.9464 60.8322 48.5439 0.0329275 0 -3.5 0 0.529417 0.781443 -0.330249
12.952 46.3602 48.6912 0.0715791 0 3.8 0 -0.624676 0.658342 -0.419959
38.401 44.061 45.6691 -1.42888 -0.059312 1.34253 0 0.856853 -0.385752 0.342049
31.8883 45.5607 38.984 -0.200291 0 3.8 0 -0.254036 -0.684183 -0.683637
32.3022 47.4599 37.967 0.00672303 0 -3.45052 0 0.0534785 -0.577422 -0.814693
16.8254 44.9789 39.052 0.218645 0 1.8 0 -0.0571901 -0.505594 -0.860874
40.4798 58.1432 42.3529 0.184461 0 -0.8 0 0.407304 0.531034 0.743039
20.2846 46.1996 35.3266 -1.14015 -0.104745 -0.7 0 -0.652243 0.229266 -0.722507
13.9029 49.3312 48.8934 0.0647879 0 1.8 0 -0.983043 0.0612705 0.172836
35.843 58.5614 43.7479 -0.135728 0 -0.8 0 0.367522 0.722246 -0.585908
24.9299 51.4688 37.547 -0.262738 0 -3.5 0 0.228813 0.959433 0.16472
27.408 32.5173 47.7295 -1.90542 -0.138147 4.5 0 0.535027 -0.800687 0.26953
18.683 49.6566 55.4895 3.67755 0 -3.9 0 0.643655 0.0849268 0.760589
28.0058 36.995 43.1562 -0.729524 -0.43341 -2.12938 0 0.886224 0.275291 -0.372587
13.9084 52.3445 41.825 0.219369 0 -3.9 0 0.165275 0.122963 -0.978552
33.6498 49.8278 39.3946 0.104023 0 -0.357856 0 0.893363 0.219316 -0.392178
35.7751 44.8159 43.6239 -0.600827 0 1.8 0 -0.628719 -0.560927 -0.538585
38.0935 55.961 50.4325 0.234655 0 -0.7 0 0.796921 0.205806 0.567944
32.653 53.0621 55.6717 0.607085 0.00219683 -3.5 0 0.48974 -0.442517 0.751222
20.1196 38.16 54.4846 -2.38911 -0.0224404 -3.5 0 -0.0830322 -0.982012 0.169582
28.7141 43.5296 51.0518 -0.401292 0 3.8 0 0.0365676 -0.779505 0.625327
10.3184 39.3625 39.9519 -0.261871 0 -0.8 0 -0.99408 0.0686696 0.0841954
37.6068 54.9248 51.8126 0.924934 0 -0.8 0 0.900503 0.389005 0.194342
40.1411 56.7589 38.721 1.53436 -0.0893222 -0.8 0 0.533899 -0.359466 -0.765334
26.102 64.3714 53.0085 0.140564 0 -3.5 0 0.563774 0.801201 -0.200586
25.6615 37.151 40.1135 -0.94034 -0.750901 -3.5 0 0.340119 -0.690116 -0.638795
28.5844 54.1601 39.0382 0.354171 0 -4.5 0 -0.00861583 0.65406 -0.756393
14.4575 56.4835 49.0793 -0.319161 0 -3.5 0 -0.54521 0.825003 0.148715
22.3233 40.5112 34.2079 0.0304725 0 -0.640488 0 0.219768 -0.636593 -0.739223
33.9225 43.518 50.1963 -2.09981 -0.00508271 -3.5 0 0.367853 -0.885127 0.285018
28.8333 55.0342 42.5708 0.545907 0 -2.27043 0 0.426613 0.834191 -0.349466
35.0778 49.895 53.9188 0.397293 0.00846459 -3.5 0 0.142018 0.220738 0.964938
13.4195 53.4086 42.0959 0.785705 0 -3.9 0 0.237179 0.372239 -0.89732
35.5371 47.1241 40.9128 -0.209825 0 3.8 0 0.793258 0.199457 -0.57529
25.9034 54.0551 53.2674 0.0164002 0 3.8 0 0.0892383 -0.674157 0.733177
24.0787 58.0116 48.0903 -0.997337 -0.0680501 3.8 0 -0.44537 -0.00346213 -0.89534
15.3254 51.3088 53.7257 1.26685 0 -3.9 0 -0.959901 0.241841 -0.141786
19.9112 42.1759 36.2967 0.0517962 0 -0.4 0 -0.848126 0.52684 -0.0558729
27.1038 44.2789 38.427 -0.773499 -0.723733 -0.7 0 0.140925 -0.60731 -0.781866
37.4614 51.1822 51.6587 0.0952866 0 -0.787471 0 0.706107 -0.106774 0.700009
27.2671 37.5179 40.8426 -0.124076 -0.581316 -0.7 0 0.78876 -0.353014 -0.503228
19.4387 40.3233 56.9696 0.117655 0 -3.5 0 -0.198939 -0.323854 0.924955
27.2148 35.7864 43.1081 -0.594865 0 -3.5 0 0.285856 -0.577388 -0.764794
36.0514 50.5822 41.5751 -0.269736 -0.204333 2.58173 0 0.466344 -0.641519 -0.609079
27.4998 33.6204 44.3803 -0.350228 0 0.364024 0 0.191713 -0.610787 -0.768236
24.7287 48.257 56.6862 0.2187 0 -3.5 0 0.254551 0.917106 0.306791
15.7044 47.8751 56.0106 -1.83925 -0.182445 -3.5 0 -0.726932 0.530296 0.436298
14.5346 51.9023 46.5982 -0.0328803 0 -3.9 0 -0.86833 -0.421296 0.261749
23.3015 43.7251 56.418 -0.960377 -0.392061 -3.5 0 0.371681 -0.84263 0.389651
27.7514 46.8224 36.8859 -0.521561 -0.563474 -2.78147 0 0.171146 -0.580364 -0.79617
35.4258 39.9291 44.6865 -0.274437 0 1.8 0 0.798347 -0.35546 -0.486097
13.0693 56.013 55.7427 0.570651 0 -4.5 0 -0.531718 -0.0742362 0.843661
15.1216 59.6661 52.8125 0.60523 0.119984 -4.5 0 -0.459933 0.868656 -0.184117
36.0689 52.3141 39.8496 -0.384811 -0.0325433 4.5 0 0.122614 -0.671704 -0.730602
33.5537 55.783 38.0863 0.128828 0 4.5 0 -0.352325 0.198371 -0.914612
22.3628 42.7584 56.1399 -0.145703 -0.855387 -3.5 0 0.654809 -0.260203 0.709591
19.9553 57.2988 55.0724 0.357291 0 -3.91198 0 -0.425589 -0.535577 0.729404
9.63781 38.5909 56.7969 0.274724 0 -3.5 0 -0.429468 0.139769 0.892201
25.2134 34.65 42.2034 -0.29199 0 -0.7 0 0.297835 -0.896401 -0.328267
11.4972 39.5846 51.6577 -0.147668 0 -2.03885 0 -0.942872 0.309484 -0.12334
37.25 47.2135 52.0303 0.357252 0.633481 -3.5 0 0.61961 -0.765132 -0.175088
28.9094 45.8051 37.6621 0.923413 0.838422 -0.7 0 0.491616 -0.466794 -0.735131
13.6812 58.8042 53.7098 0.481044 0 -4.5 0 -0.364444 0.834155 0.413964
16.5452 48.0381 39.7152 0.128267 0 1.8 0 0.337988 0.81335 -0.473525
35.1985 53.7666 38.2347 0.141607 0 4.5 0 0.0797097 -0.426983 -0.90074
25.9815 53.111 52.6975 0.0195387 0 3.8 0 0.12771 -0.0922516 0.987512
39.2161 45.0089 45.157 -0.525645 0 1.8 0 0.918488 -0.355906 0.172369
23.6663 39.7099 36.9912 -0.72861 -0.442263 -0.7 0 0.264077 -0.7284 -0.632216
19.8204 33.836 51.6125 -0.0289137 0 -1.6 0 0.327524 -0.529359 0.782628
38.7965 45.9538 45.87 -0.877769 0 1.8 0 0.688045 -0.0429413 0.724397
25.789 37.4454 49.8529 -0.185568 0 4.5 0 0.625115 -0.30313 0.719266
37.3258 52.523 53.1872 0.0941183 0 -0.8 0 0.798165 -0.468478 0.378762
27.4885 57.7075 54.263 -0.118986 0 3.8 0 0.0918899 0.341086 0.93553
27.3268 53.7088 39.4164 0.204867 0 1.8 0 -0.222961 -0.359324 -0.906187
37.1213 58.7441 46.799 -0.445834 0 -0.7 0 0.455205 0.853186 -0.254679
11.699 37.5074 48.4109 3.67013 0 -3.9 0 -0.0649442 -0.933405 0.352897
31.7518 53.8512 38.901 0.762125 0 1.32483 0 -0.116977 0.751449 -0.649338
21.9981 37.3095 37.8384 0.422019 0.314026 1.8 0 0.386339 -0.6704 -0.633488
26.2105 32.0466 46.6475 -0.415126 -0.0384141 4.5 0 0.482333 -0.836344 0.260544
17.483 40.5715 56.5425 -0.0246789 0 -3.5 0 -0.306898 -0.554203 0.77374
12.8434 39.7124 55.2795 0.149347 0 -3.5 0 0.244471 0.295349 0.923581
36.2909 50.6558 53.6896 0.154535 0.347524 -2.55357 0 0.300592 0.147892 0.942217
39.4258 48.8312 50.4159 -0.256795 0 -0.7 0 0.430937 -0.799631 0.418191
26.0247 42.8781 38.4609 -0.566343 0 -3.5 0 0.715959 0.294082 -0.633182
38.8348 54.7919 48.4206 1.06432 0.545584 -0.7 0 0.96968 0.24199 -0.0340817
10.9117 39.5814 44.2799 1.37564 0 -3.9 0 -0.805219 0.0222888 -0.592559
38.9444 44.6094 42.4919 -0.388759 0 1.8 0 0.810457 -0.490989 -0.319515
19.2114 41.0456 35.1505 0.281141 0 -0.4 0 -0.878118 0.334411 -0.342166
9.77112 36.6978 54.4378 -0.616809 -0.3838 -3.5 0 -0.558481 -0.810496 0.176623
22.7183 43.454 32.2402 -0.0574807 0 -0.7 0 -0.472875 0.451915 -0.756414
19.0163 36.364 39.588 -0.050249 0 1.8 0 -0.0188302 -0.96953 -0.244247
11.4178 43.9793 49.8374 0.0982 0 3.8 0 -0.845408 -0.457419 -0.275778
29.3169 49.135 55.1129 -0.021324 0 -3.5 0 0.458468 0.0612765 0.886596
20.696 47.498 36.3605 0.34542 -0.155732 -0.7 0 -0.402633 0.648661 -0.645853
21.4233 61.3932 49.9705 -0.540468 0 -3.5 0 0.192932 0.861226 -0.470177
34.9933 46.8751 39.0103 -0.111339 0 3.8 0 0.829597 0.180875 -0.528254
12.7065 48.4589 43.9465 0.165244 0 1.8 0 -0.902987 0.401939 -0.151855
35.5783 42.783 44.7846 -0.304113 0 -3.5 0 0.0539178 -0.419049 -0.906361
25.6731 39.8758 50.1731 -0.305929 0 4.5 0 0.599257 0.0968044 0.794683
21.2003 60.0741 45.3614 0.304287 0.32722 -3.5 0 0.875671 0.375056 -0.304194
28.8917 48.0073 35.9171 -0.483115 0.110638 -3.91805 0 0.204083 -0.727305 -0.655269
32.0518 51.1686 54.6746 0.460927 0 -3.5 0 0.469742 -0.485173 0.73753
15.5669 47.0031 37.8666 0.0776865 0 1.8 0 0.0361266 0.192368 -0.980658
26.7669 50.3931 38.7982 -0.278939 0 -3.5 0 -0.0665765 0.976356 0.20566
27.4625 44.5195 54.5363 -0.288309 0 -3.5 0 0.520509 -0.793401 -0.315571
22.7773 31.6454 44.9194 -0.0763998 0 4.5 0 -0.304398 -0.950882 -0.0562606
27.8202 42.2863 49.0337 -0.515874 0 3.8 0 -0.22053 -0.46153 0.859277
14.2346 48.1152 40.4755 0.370028 0 1.8 0 -0.795687 0.601529 -0.0710246
26.93 57.665 43.456 0.258056 0 4.5 0 0.250819 0.638507 -0.727598
18.1213 56.6941 44.5158 0.0360969 0 3.8 0 -0.941057 0.335749 0.0410392
17.4923 60.5599 54.1979 0.281323 0 -4.5 0 -0.291307 0.844468 0.44946
20.7505 54.113 41.845 0.0138081 0 3.8 0 -0.226605 -0.296535 -0.927748
36.3799 47.6741 42.3529 -0.529453 0 3.67233 0 0.617012 0.37287 -0.693011
35.1235 45.9832 43.1983 -0.645241 0 2.54025 0 -0.531678 -0.807664 -0.254945
11.7729 43.0477 52.6934 -0.253704 -0.594158 -1.17125 0 -0.994101 0.0421067 0.0999498
30.567 54.5252 41.9598 0.621087 0 -4.5 0 -0.0109734 0.94975 -0.312818
33.8724 39.2272 46.9917 -0.628823 0 1.8 0 0.578018 -0.629247 0.51956
16.1716 52.4611 53.3191 1.13728 0 -3.9 0 -0.933185 0.278773 -0.226831
27.9889 60.2015 52.5031 -0.356303 -0.060966 -2.44202 0 0.791539 0.439351 0.424779
36.4637 43.3905 47.8845 -0.42 -0.234748 -3.5 0 0.625827 -0.448128 0.638374
13.8855 46.257 51.3911 0.0811123 0 3.8 0 -0.0375843 0.775395 0.630358
20.7886 57.433 55.9991 0.171603 0 3.8 0 -0.782192 -0.221332 0.582399
15.3477 35.4562 49.5024 0.584668 0 -1.6 0 -0.825452 -0.546214 -0.142404
28.7388 36.9855 44.2725 -0.608736 0 -3.5 0 0.452817 0.616722 -0.643903
20.8491 48.6138 38.9014 0.319938 0 -1.07336 0 -0.78621 0.603734 -0.131828
28.9513 43.1271 39.8131 -0.349225 0 -0.8 0 0.44465 -0.0586138 -0.893785
17.5711 42.3663 56.4726 0.0415667 -0.019936 -3.5 0 -0.0496452 -0.0791696 0.995624
29.8445 61.4532 45.8741 0.0671369 0 -0.7 0 0.943499 0.316592 -0.0978743
37.3934 55.2832 45.5127 -0.232116 -0.0352447 -0.74193 0 0.814519 -0.215298 -0.538707
24.0289 52.7326 54.302 0.0475659 0 3.8 0 0.75278 -0.21063 0.623664
14.3831 43.1448 39.9433 0.187007 0.815536 1.8 0 -0.0853779 0.195352 -0.97701
17.6396 56.5441 42.8153 0.0228299 0 3.8 0 -0.866114 0.453021 -0.211232
27.8525 35.3484 48.3719 -0.429097 0 -3.5 0 0.279215 0.0633623 0.958136
29.4797 50.6116 55.2749 0.0498531 0 -3.5 0 -0.266632 -0.234617 0.934806
20.0649 39.9338 34.1775 0.122827 0 -0.4 0 -0.264349 -0.233962 -0.935618
11.2224 45.6924 43.7174 0.186614 0 1.8 0 -0.972332 -0.187261 -0.139657
38.0868 50.4845 45.2098 -0.471789 -0.229235 -0.8 0 0.921636 0.185768 -0.3407
21.8617 54.7175 42.3009 0.083566 0.108183 3.86642 0 -0.00229456 0.417708 -0.908579
34.2715 38.4881 45.3963 -0.416663 0 1.8 0 0.539489 -0.841759 0.0198305
14.3471 45.6335 38.3444 0.181767 0 1.8 0 -0.335762 -0.473516 -0.814277
14.292 55.1469 45.5426 -1.90034 0 -3.5 0 0.106477 0.65526 -0.747861
25.7016 42.8671 34.3195 -0.585832 0 -0.7 0 0.976508 -0.125779 0.174961
24.1453 64.4699 52.0663 -0.746056 -0.208591 -3.5 0 0.0734643 0.651118 -0.755412
16.1366 49.3051 52.7662 0.936248 0 -3.9 0 -0.911077 -0.397548 -0.109061
35.5188 45.6284 41.3292 -0.304426 0 3.8 0 0.137142 -0.944154 -0.299607
36.5853 52.2354 53.8703 0.0573788 -0.066479 -0.8 0 0.578645 -0.463355 0.671172
20.8573 35.8944 40.1691 -0.392283 0 1.8 0 -0.00399694 -0.987777 -0.155823
13.7517 54.8441 44.4613 0.0974947 0 -3.9 0 0.418375 0.86609 -0.273588
12.4099 53.6049 46.5022 -1.88057 -0.284628 -3.5 0 -0.67513 -0.646016 0.356178
31.8857 42.0861 48.7799 -0.494151 0 3.5803 0 0.34086 -0.651018 0.678226
29.022 45.8446 57.2445 -0.874509 -0.379555 -3.5 0 0.825817 -0.0309607 0.563088
15.9281 46.5966 53.303 -0.149686 0 -3.5 0 -0.742526 0.577734 -0.338937
24.8107 50.453 35.6442 -1.57719 -0.0593703 -3.5 0 -0.42063 0.423421 -0.802362
36.1698 46.541 48.0028 -1.17088 0 -3.5 0 0.960015 -0.0122471 0.279681
26.2108 53.4669 39.7024 0.260776 0 1.8 0 -0.0251044 -0.488407 -0.872255
25.5088 50.8797 39.5196 0.0663229 0 -3.24285 0 0.548986 0.800502 -0.24044
12.4476 37.9442 55.7133 0.137322 0 -3.5 0 0.521712 -0.263201 0.811506
30.6047 40.0108 49.1829 -0.239657 0 1.8 0 0.492388 0.0356515 0.869645
20.981 38.2552 52.3825 -0.191851 0.36155 1.71471 0 0.650054 -0.573745 0.498244
36.0755 57.8135 39.2656 1.22528 0 -0.8 0 -0.373124 0.784349 -0.495555
21.7004 59.0786 46.57 0.247653 0 -3.5 0 0.917921 0.0309405 -0.395556
19.7591 32.8854 46.4906 0.0624899 0 1.8 0 0.163502 -0.943653 0.287724
40.1034 51.1694 50.0841 0.0422693 0 -0.7 0 0.750229 0.174812 0.63765
29.4584 58.291 45.0109 -1.21182 0 -0.7 0 0.474755 -0.0442636 -0.879004
31.9355 35.2035 46.361 -1.83433 -0.903957 -3.5 0 0.943983 -0.270524 0.188979
14.034 50.0143 48.1266 0.0705926 0 1.8 0 -0.957448 0.246485 -0.150128
25.4494 41.7074 53.8474 -0.159769 0 1.8 0 0.668489 -0.628978 0.396874
18.2718 32.9394 49.819 0.118352 0 -1.6 0 0.0439846 -0.998853 0.0188976
29.8452 46.5975 54.9748 -0.273819 0 -3.5 0 0.886106 -0.424917 0.185102
30.5955 58.684 52.5324 0.0330233 0 3.8 0 0.247793 0.881519 0.4019
34.5581 44.3515 51.5306 -2.55383 0 -3.5 0 0.585967 -0.487233 0.647493
22.8769 44.5311 33.5664 -0.00700305 0 -0.7 0 -0.375214 0.500106 -0.780454
24.5556 38.613 51.1575 -0.206342 0 4.5 0 0.461289 -0.123595 0.878599
33.2479 55.9684 52.6692 0.571327 0 2.36882 0 0.510606 0.517636 0.686538
29.9341 58.6169 51.5794 0.120759 0 3.8 0 0.236406 0.961321 -0.141327
21.5541 54.4681 55.4164 0.119163 0 3.8 0 -0.832932 -0.257432 0.489849
17.522 50.2902 56.5669 1.77466 0.838982 -3.9 0 0.064326 0.279914 0.957868
25.8779 36.0556 48.9606 -0.0339848 0 4.5 0 0.529702 -0.0743675 0.844917
37.2579 48.7952 53.6177 0.638626 0 -3.5 0 0.776904 0.140022 0.613852
19.583 43.467 56.0783 -0.36726 0 -3.5 0 -0.0749007 0.159209 0.984399
17.9445 54.7658 53.8843 0.368791 0 -3.9 0 0.280367 0.0948113 0.955199
28.6623 43.7643 56.9235 -2.50037 -0.776336 -3.5 0 0.59065 -0.736834 0.328951
29.5541 47.4045 37.3257 -0.160003 0 -3.31731 0 0.315998 -0.777932 -0.543108
13.3097 46.079 40.2797 0.260279 0 1.8 0 -0.973944 0.22348 -0.0385963
12.8734 39.3717 37.9216 0.100346 0 -0.8 0 -0.0852475 -0.0545992 -0.994863
11.9517 40.956 55.0568 -0.085379 0 -3.5 0 -0.651416 0.264315 0.711192
21.3507 34.4679 48.9909 0.207052 0 3.61024 0 0.250876 -0.957746 0.140654
20.3785 47.8088 55.8085 0.713759 0 -3.5 0 -0.215211 0.831552 0.51206
21.2805 34.7259 42.6425 -0.90138 -0.140576 4.5 0 -0.0680141 -0.387084 -0.919532
13.7277 43.2766 45.6581 0.218138 0 -2.32843 0 -0.934879 0.288079 0.207395
22.6634 49.1456 56.6326 1.01825 0.887492 -3.5 0 -0.221271 0.879095 0.422175
9.93644 53.4907 44.6474 2.84785 0 -3.9 0 -0.539839 -0.20237 0.81708
14.3695 39.364 38.136 0.100679 0 -0.000347012 0 -0.100015 -0.0609406 -0.993118
22.4421 39.6727 54.9105 0.141937 0.224208 -3.5 0 0.62597 -0.684968 -0.372801
13.2909 55.1627 53.4761 0.211474 0 -4.5 0 -0.239053 -0.874613 -0.421788
26.2416 57.0479 54.6431 -0.105543 0 3.8 0 0.444571 0.0424015 0.89474
28.3059 60.5469 50.0179 0.361904 0.00494813 -0.655387 0 0.880043 0.472009 0.0522718
21.8762 38.0378 36.3078 0.235408 0.10005 -0.126795 0 0.399844 -0.800121 -0.447136
13.3366 38.4158 38.3544 0.288866 0 -0.8 0 0.0471706 -0.432277 -0.900506
28.4572 62.8674 47.8027 0.212572 -0.421778 -0.7 0 0.211144 0.711648 0.670056
17.335 43.8196 57.2513 -1.47184 0 -3.5 0 0.376141 -0.417619 0.827111
14.854 37.7509 38.1953 0.362833 0 0.427318 0 -0.482588 -0.41254 -0.772606
33.8853 42.1834 48.3071 -0.241845 0 -2.69202 0 0.210655 -0.517326 0.829457
15.8476 34.6306 43.4357 0.117901 -0.0814416 -0.45188 0 -0.594471 -0.800164 0.0796376
30.7419 52.1375 36.8186 0.640236 0 -4.5 0 0.189504 0.621611 -0.760058
15.3007 36.8589 39.4159 0.668728 0.210724 0.409066 0 -0.413383 -0.839878 -0.351737
16.0036 53.9369 43.2323 0.0318486 0 -3.9 0 -0.0537562 0.52763 -0.847772
34.977 43.2761 48.895 -0.696541 0 -3.5 0 0.36238 -0.711068 0.602547
32.3 59.598 47.6307 0.225051 0 0.386711 0 -0.269757 0.93994 0.20915
26.323 61.2144 49.5225 0.115812 0 -3.5 0 -0.466707 0.787854 -0.401834
19.7185 61.6465 52.1525 -0.620358 -0.293576 -3.5 0 -0.529528 0.84749 0.0368916
28.1796 61.6786 51.9795 -1.8085 -0.106026 -3.5 0 0.922079 0.305934 0.237012
18.0234 59.7885 43.8317 0.846912 0.815122 -3.5 0 -0.687755 0.22635 -0.689753
36.9044 48.2769 49.9081 -1.19456 -0.183629 -1.80129 0 0.467569 -0.863529 -0.188935
42.6854 57.8237 41.2275 1.12419 0.727092 -0.8 0 0.946728 -0.0403082 0.319502
24.1054 56.8315 45.7261 -0.0138247 0.273152 4.16383 0 -0.404407 0.861238 0.307774
34.05 57.9165 42.1717 -0.107769 0 4.5 0 -0.31073 0.948383 -0.0633722
13.608 54.402 49.98 -1.22783 -0.536026 -3.5 0 -0.249953 -0.414347 0.875123
34.2467 50.0603 40.359 -0.0199813 0 3.8 0 0.731066 0.201213 -0.651963
19.0816 61.5575 49.0745 0.0449092 0 -3.5 0 -0.366127 0.930047 0.031035
13.6883 35.9713 45.2804 0.706971 0.0568573 -3.5 0 -0.134359 -0.628539 0.766085
22.9144 63.9732 56.1196 0.41607 0.0160394 -3.5 0 -0.532806 0.0933561 0.841072
30.8461 47.7467 53.8077 -1.57227 0 -3.5 0 0.538878 -0.484348 0.689215
10.8858 38.8838 38.5492 -0.0849715 0 -0.8 0 -0.725333 -0.211347 -0.655152
28.1056 51.6804 36.7434 0.501087 0.655426 -4.5 0 -0.199128 0.906858 -0.371424
35.2526 58.7774 49.0872 0.123668 0 -0.7 0 -0.10191 0.918215 0.382748
14.2507 48.2916 49.6414 0.101478 0 1.8 0 -0.774883 0.180328 0.605837
38.1017 54.7605 41.9476 0.186693 0 0.852794 0 0.759132 -0.260816 0.5964
18.3345 39.0988 52.8446 -0.28487 0 -3.5 0 -0.164803 -0.954237 0.249545
33.624 47.8812 38.0434 0.0367258 0 3.8 0 0.714754 -0.109405 -0.690766
25.9969 49.3659 34.8416 -1.244 0 -3.5 0 -0.192708 -0.036192 -0.980588
30.186 37.1799 45.0901 -0.959915 0 -3.5 0 0.224153 0.588544 -0.77677
22.6179 56.5723 43.0815 -0.0931899 0 3.8 0 0.228374 0.582593 -0.78002
26.3307 32.946 44.1661 -0.177376 0 4.5 0 0.480529 -0.145257 -0.864866
19.3131 39.5183 56.3717 0.180981 0 -3.5 0 -0.288516 -0.711655 0.640551
19.8693 51.0793 54.9858 0.573184 0 -2.44397 0 0.226771 0.0548902 0.9724
40.4895 49.7127 49.5311 -0.038096 0 -0.7 0 0.890955 -0.361523 0.274774
14.5359 36.101 49.7714 -1.10743 -0.0860246 -2.30087 0 -0.558977 -0.817236 -0.140252
13.7108 49.0915 44.9195 -0.0894063 0 0.563527 0 -0.815685 0.254185 0.519662
19.1165 35.8406 41.2467 -0.236027 0 1.8 0 0.253182 -0.742121 -0.620609
22.284 37.9065 51.2161 0.650309 0.472512 4.5 0 0.24809 -0.280177 0.927336
20.1944 61.4151 48.3531 0.164644 0 -3.5 0 0.152096 0.983462 -0.0983311
38.1413 54.7951 38.9078 0.863381 0.166913 1.56989 0 0.223012 -0.482002 -0.847313
16.8385 44.9164 58.1442 -2.031 -0.719812 -3.5 0 0.381633 -0.0950057 0.919418
38.5305 52.4598 44.9248 -0.955683 -0.880051 -0.8 0 0.89435 0.287127 -0.343069
36.0954 55.7849 53.5946 -0.183571 0 -0.8 0 0.0453913 0.94785 0.315469
15.261 36.083 40.6872 0.614719 -0.0326408 1.43993 0 -0.330917 -0.759165 -0.560502
20.8827 38.2157 35.9584 0.38172 0 -0.4 0 -0.101363 -0.908894 -0.404522
36.3214 44.1784 49.0527 -0.619773 0 -3.5 0 0.855503 -0.15827 0.493015
27.1185 36.8444 48.4046 0.00603104 0 2.89285 0 0.308703 -0.269685 0.912125
40.1851 51.1512 46.841 0.156544 -0.0651518 -0.7 0 0.68114 -0.188934 -0.707356
12.4309 55.9239 47.2074 -1.94619 0 -3.5 0 -0.635087 0.769677 0.0652883
16.1791 36.4762 37.7583 0.162512 0 1.8 0 -0.334567 -0.841565 -0.424069
19.095 55.1431 41.5266 0.0170294 0 3.8 0 -0.230748 -0.230596 -0.945294
31.5298 42.775 41.6605 -0.473168 0 -0.8 0 0.897972 -0.187963 -0.397889
37.2176 54.8902 54.4268 -0.654424 0 -0.8 0 0.63133 0.576695 0.518503
30.5921 45.7906 39.7444 -0.373383 0 -0.7 0 0.0428473 -0.802275 -0.595414
19.2043 58.4862 43.3614 0.0735265 0 2.19362 0 -0.340959 0.580703 -0.739277
30.8452 55.7919 56.1461 -0.610539 -0.166348 -3.5 0 -0.145303 0.578561 0.802592
23.2396 56.3438 47.251 0.000712843 0 2.5596 0 0.105298 0.908413 -0.404595
12.782 44.53 53.542 -0.319047 0 -3.5 0 -0.805076 0.551656 0.21801
38.7497 58.3861 48.7374 0.0253102 0 -0.7 0 0.913638 0.321292 0.249072
12.2832 45.2363 52.3387 0.00399386 0 3.8 0 -0.427606 0.647253 0.631044
25.6949 63.9217 55.2757 0.364126 0.175862 -3.5 0 0.785002 0.43401 0.442048
12.7894 35.9394 41.8315 -0.441287 -0.0682997 -3.5 0 -0.346804 -0.802688 -0.4852
26.022 60.9169 55.2459 -0.834257 0 1.20353 0 0.611322 0.10006 0.785031
30.1009 46.6216 52.3375 -0.474714 0 -2.40533 0 0.503949 -0.632854 0.587819
39.3083 55.3836 41.6847 0.642206 0 -0.8 0 0.306437 -0.800362 0.515284
28.2176 44.3232 38.5007 -0.0481648 -0.372578 -0.7 0 0.398381 -0.610444 -0.684581
18.7996 57.2111 41.9233 0.0362878 0 3.8 0 -0.304834 0.460245 -0.833817
30.3673 44.2882 40.5921 -0.572898 0 -0.8 0 0.473039 -0.208185 -0.856092
26.788 61.8025 44.1027 0.00903053 0 -0.7 0 -0.659244 0.580039 -0.478488
27.5483 40.1038 49.3969 -0.417125 0 1.8 0 0.0282729 0.21078 0.977125
34.2467 54.108 38.3702 0.162533 0 4.5 0 -0.211254 -0.349492 -0.912813
26.5588 61.7562 46.8195 -1.13998 -0.672209 -0.7 0 -0.853641 0.518364 0.0509422
19.3316 56.288 53.9246 -0.0583422 -0.513999 -4.01056 0 -0.0634634 -0.445258 0.89315
31.6528 48.1268 35.7406 0.898863 0.799969 -4.5 0 0.496054 -0.569355 -0.655565
23.4364 44.3249 57.8872 -1.2759 -0.399691 -3.5 0 -0.010863 -0.66452 0.747192
20.098 51.2384 42.9459 -0.196435 0 3.80959 0 -0.34522 0.55772 -0.754832
30.5807 54.0921 56.75 0.0573925 0 -3.5 0 -0.18668 0.0103552 0.982366
23.6038 65.3978 55.6169 0.6636 0.090666 -3.5 0 -0.179651 0.892414 0.413912
19.9113 41.5786 57.0134 0.356353 0.00208233 -3.5 0 -0.129841 0.216034 0.967714
27.3868 59.379 53.6324 -0.199682 0 3.8 0 0.632593 0.392456 0.667686
13.7429 48.0504 42.3358 0.016144 0 1.8 0 -0.758325 0.39152 -0.521205
23.9976 59.7041 56.1976 0.19736 -0.10712 3.8 0 0.293007 0.310343 0.904342
12.105 55.3182 44.6396 0.663996 0 -3.9 0 -0.22245 0.972781 -0.0649158
12.39 52.8209 45.4233 0.624288 0 -3.9 0 -0.456868 -0.533965 0.711444
12.221 36.5129 53.2287 -0.103177 0 -3.5 0 0.0647945 -0.997882 0.00582687
14.1838 48.0736 47.8462 -0.101499 0 2.3248 0 -0.9712 0.234706 0.0410271
26.7364 61.0391 53.6459 -0.246225 -0.29255 -1.28552 0 0.832895 0.0969266 0.544877
37.7919 50.9227 43.9632 -0.531978 0 -0.8 0 0.917916 -0.0658974 -0.391264
32.7863 58.1201 52.3717 0.154705 0 3.8 0 0.46387 0.634327 0.618429
16.2119 51.1382 50.9618 0.117104 0 -2.70289 0 -0.914539 0.376632 0.147536
15.9781 48.6343 51.1246 0.267 0 3.79071 0 -0.83966 -0.104333 0.532998
11.5049 55.9469 53.2058 1.28016 0.778806 -4.5 0 -0.92583 -0.375905 -0.0391705
27.5484 36.984 41.7851 -1.81965 -0.910361 -0.7 0 0.773559 -0.478021 -0.416055
26.1243 36.4465 40.7839 -0.410485 -0.140329 -0.7 0 0.548856 -0.490588 -0.676817
13.3251 49.8402 43.2954 0.163822 0 -3.9 0 -0.717197 -0.269892 -0.642484
37.7011 52.2785 43.1691 -0.653571 -0.0404757 4.5 0 0.987374 0.0336656 -0.154789
30.5 34.1934 43.3809 -2.18995 -0.333378 -3.5 0 0.0853163 -0.722526 -0.686059
13.4929 44.4324 46.6046 0.274475 0 3.8 0 -0.838281 -0.543158 0.047584
17.6178 58.5512 48.9009 -0.257584 0 -3.5 0 -0.841126 0.507929 0.185782
24.3749 33.8336 49.3343 -1.02112 -0.296855 4.5 0 0.0472169 -0.761886 0.645987
16.879 55.1815 51.318 0.726268 0 -3.52837 0 -0.859684 -0.371814 0.350284
37.5355 57.822 37.6468 2.40055 0 -0.8 0 -0.411512 0.0530323 -0.90986
30.8092 55.7481 43.6771 0.0641331 0 1.8 0 -0.0813225 0.769708 -0.633195
22.4469 53.1676 40.0759 -1.13941 -0.212978 4.2 0 -0.348358 0.737669 -0.578352
14.1471 39.9626 55.0841 -0.422338 -0.40178 -3.5 0 0.0796016 -0.111316 0.990592
37.8693 53.6668 42.3988 0.302174 0 4.5 0 0.965077 -0.0479971 0.25753
14.9539 37.3684 48.2671 0.195188 0 4.2 0 -0.50366 -0.634619 -0.586161
27.0242 44.2769 53.1556 -0.395978 0 -3.5 0 0.695896 -0.682062 0.224769
25.1595 33.8296 43.4292 -0.100738 0 3.02709 0 0.461889 -0.311544 -0.830421
11.2192 40.2324 54.2479 0.243531 0 -3.5 0 -0.635225 0.767681 -0.0845864
13.185 44.1452 39.9015 0.0532782 0 1.54587 0 -0.648278 0.198352 -0.735113
18.02 51.4717 43.0505 0.0495019 0 1.39501 0 0.19242 0.336254 -0.921905
39.2528 47.1698 45.412 -1.42184 -0.0722859 1.8 0 0.781001 -0.176621 0.599035
10.138 37.2564 47.951 2.56221 0.650495 -3.9 0 -0.560321 -0.713704 0.420319
11.8866 57.4544 51.7006 0.77125 0.00875601 -4.5 0 -0.718459 0.083437 -0.690547
11.3216 39.9344 55.9539 1.26302 0.474204 -3.5 0 0.179512 0.740272 0.647899
26.3782 42.3915 52.3647 -0.268358 0 1.8 0 0.796066 -0.604919 0.0187315
29.4469 60.7295 43.8789 0.0483796 0 -0.7 0 0.691823 -0.0392078 -0.721002
16.971 33.7945 45.0569 0.412253 0 1.8 0 -0.792721 -0.592708 0.142443
29.0713 33.4968 45.1954 -0.644247 0 -3.5 0 0.138766 -0.978714 -0.151203
29.5394 52.9398 37.3471 1.28087 0 -4.5 0 -0.227911 0.645748 -0.728743
26.2962 51.7726 35.9896 -2.88989 -0.436873 -3.5 0 -0.068486 0.976372 -0.204957
39.3264 59.062 40.2233 2.00698 0 -0.8 0 0.0849549 0.989874 0.113722
33.7817 58.3416 40.6493 0.0564811 0 4.5 0 -0.373355 0.920556 0.114812
15.5569 38.7583 53.9964 -0.136267 0 -3.5 0 0.385401 -0.71558 0.58259
15.2364 51.4132 49.5755 0.111576 0 1.8 0 -0.657353 0.353089 0.665744
40.6005 55.5525 41.4444 0.224037 0 -0.8 0 0.50821 -0.803078 0.311107
39.1334 46.4422 42.2761 -0.498933 -0.0835023 1.8 0 0.72283 0.0808144 -0.686284
33.0124 53.1182 38.7099 0.346947 0 3.03037 0 0.250623 0.0466541 -0.96696
32.3971 47.8741 53.743 -0.166778 0 -3.5 0 -0.153217 -0.562771 0.812289
38.2273 54.2599 53.0773 0.117833 0 -0.8 0 0.974059 0.143851 0.174688
27.3677 48.1808 34.8159 -2.13541 -0.390004 -3.5 0 0.183787 -0.356427 -0.916069
35.5566 53.5443 55.511 -0.151643 -0.874788 -0.8 0 0.140999 -0.492502 0.858814
23.6973 39.8877 51.7337 -0.239418 0 4.5 0 0.212815 -0.567361 0.795494
23.3342 42.3827 32.0392 -0.0912419 0 -0.7 0 -0.230623 -0.25432 -0.93922
36.7396 46.1719 46.8325 -0.892904 0 -1.63833 0 0.700671 0.180986 0.690148
32.8471 59.772 50.0648 0.120453 0 3.8 0 0.0979982 0.955373 0.278674
18.3711 44.2635 38.6719 -0.171896 -0.345301 -0.628157 0 -0.51142 -0.313784 -0.799993
40.2459 52.3316 47.4255 -0.532681 -0.90155 -0.7 0 0.754967 0.501426 -0.422606
14.3573 57.2414 47.5636 -0.174393 0 -3.5 0 -0.461654 0.873859 -0.152469
23.029 65.2711 53.5104 -0.696748 -0.236185 -3.5 0 -0.155296 0.968564 -0.194337
34.7835 48.5135 54.1573 0.25628 0 -3.5 0 -0.0394378 -0.172206 0.984271
17.2429 48.4404 40.8425 -0.0682418 0 1.8 0 0.0287999 0.759576 -0.649781
16.7869 33.0346 50.03 0.116917 0 -1.6 0 -0.503909 -0.856256 0.113583
18.1903 36.3882 37.8626 0.0169381 0 1.8 0 0.225086 -0.828629 -0.512553
12.3245 45.6367 47.285 0.126302 0 1.8 0 -0.911939 0.40722 0.0503948
16.1545 36.4635 51.414 -0.0378367 0 -2.60819 0 0.00044748 -0.5252 0.850978
33.3148 58.5301 51.2261 0.19403 0 3.8 0 0.396789 0.71215 0.579138
18.4417 52.4544 54.9681 0.723608 0 -3.9 0 0.21856 0.41891 0.881332
16.08 53.2735 54.4005 0.293067 0 -3.9 0 -0.669578 0.37399 0.641714
27.6055 40.3268 43.9106 -0.188312 0 1.20441 0 0.709642 -0.568078 -0.416768
29.738 59.4417 49.1635 0.36605 0.871413 -0.7 0 0.487612 0.743932 0.456947
38.5034 56.2525 47.816 0.0773484 0 -0.7 0 0.977931 0.0232691 -0.207629
16.424 51.9305 42.541 0.153465 0 -3.9 0 0.349283 0.233034 -0.907577
38.2486 48.3332 46.5524 -1.18813 0 1.8 0 0.66523 -0.630076 0.400592
28.0116 56.7984 43.6156 0.535825 0 4.5 0 0.615527 0.462883 -0.63786
32.3494 56.6286 54.927 0.802799 0.415296 -3.5 0 0.281483 0.948697 0.14402
18.9766 53.8259 54.1586 0.436763 0 -3.9 0 0.0370402 0.429259 0.902422
29.5965 54.4069 40.6596 0.531505 0 -4.5 0 0.17519 0.960689 -0.215371
37.721 57.5153 50.3367 0.299724 0 -0.7 0 0.698206 0.20375 0.686291
32.525 38.064 45.272 -0.596913 0 1.8 0 0.265817 -0.841923 -0.469582
28.7208 51.6368 54.8357 0.251259 0 -3.5 0 -0.687048 0.0116033 0.726519
15.8967 35.0719 45.1396 0.418024 0 -3.5 0 -0.52102 -0.669166 0.529863
14.967 52.8481 42.385 0.19746 0 -3.9 0 0.296854 0.434294 -0.850451
19.1752 44.7255 37.4628 -0.350708 -0.265643 -0.7 0 -0.544994 -0.546214 -0.636107
17.8746 59.767 51.6928 0.49141 0 -4.5 0 -0.515627 0.676017 -0.526432
26.2789 48.2135 57.0798 0.25971 0 -3.5 0 -0.121141 0.841333 0.526768
13.2353 55.5918 50.543 -0.0398055 -0.0199156 -3.86654 0 -0.890665 -0.308365 0.334107
31.6201 56.908 44.6351 0.869427 0 -0.8 0 -0.437724 0.553192 -0.708785
24.807 53.5914 39.8687 0.192255 0 1.8 0 -0.318217 0.275841 -0.907
38.82 49.137 45.6275 -0.694812 -0.733626 0.989637 0 0.919814 0.294001 0.259818
25.7527 39.5227 36.8101 -2.21557 -0.368083 -3.5 0 0.224546 -0.212596 -0.95099
28.4137 52.6835 38.5658 0.984576 0 -4.5 0 -0.880327 0.271363 -0.389084
18.3021 50.1834 42.2824 0.818346 0 1.52671 0 -0.159272 0.676614 -0.718906
27.2464 39.3106 42.582 -0.996795 -0.964539 -0.7 0 0.999567 0.00531966 -0.0289251
18.5623 37.0317 51.4581 -0.0953363 0 -1.6 0 -0.205752 -0.0451343 0.977563
19.6322 44.9784 56.1203 -0.379937 0 -3.5 0 -0.150101 -0.152692 0.976808
15.706 50.544 55.222 2.1903 0 -3.9 0 -0.790273 0.261997 0.553919
16.9398 57.5207 49.5547 -0.370924 0 -3.5 0 -0.674382 0.737993 -0.0239757
22.6187 34.6746 50.0705 -0.973805 -0.00894912 4.5 0 -0.0365648 -0.749258 0.661268
15.7308 48.013 54.3087 0.910948 0.589703 -3.9 0 -0.964214 -0.00358462 -0.265102
20.7921 35.8068 41.5883 -1.97152 -0.224239 3.05084 0 0.101208 -0.89305 -0.438428
17.2035 51.9184 55.4573 1.35713 0 -3.9 0 -0.0680115 0.489265 0.869479
38.8703 52.3126 51.0084 0.244214 0 -0.7 0 0.717223 0.216095 0.662491
30.109 60.0555 45.335 -0.0412511 0 -0.7 0 0.691441 0.152673 -0.706117
20.7458 37.2775 37.8806 0.140213 0 1.8 0 -0.0354793 -0.785239 -0.618175
12.0011 44.6292 44.7544 0.303331 0 1.8 0 -0.858934 -0.449365 0.245568
28.1802 38.9396 49.3402 -0.387903 0 1.8 0 -0.0316332 -0.417057 0.90833
31.966 43.917 44.037 0.165208 0 -0.8 0 0.666134 -0.00333595 -0.745825
11.3708 40.935 47.0474 1.39199 0 -3.9 0 -0.437094 0.858271 0.268923
17.6896 57.5329 55.2 1.11998 0 -4.5 0 0.206462 -0.495451 0.843743
13.9755 45.5936 53.2357 0.259856 0 -3.5 0 -0.459525 0.881035 -0.112315
12.365 41.7375 45.9889 0.592605 0 -3.9 0 -0.556023 0.809537 0.188384
28.648 55.025 41.0985 0.405286 0 -2.83695 0 0.692685 0.688892 -0.213576
13.1071 52.0796 45.4525 0.238014 0 -3.9 0 -0.479543 -0.513098 0.711877
25.5069 42.0402 36.8889 -0.701913 0 -3.36646 0 0.92849 0.108826 -0.355053
17.266 39.5119 54.71 -0.067743 0 -3.5 0 -0.107758 -0.919308 0.378499
11.4315 39.9894 42.9987 0.645608 -0.189831 -3.30741 0 -0.976285 0.176112 -0.125907
23.2886 57.2677 44.3609 -0.327511 -0.00363313 3.85799 0 0.133444 0.98407 -0.117466
24.4161 55.5089 56.9827 -0.0229552 0 3.8 0 0.699026 -0.389767 0.599537
21.6174 41.6977 33.6705 0.32987 0 -0.4 0 -0.368938 -0.246166 -0.896263
28.1419 50.9646 39.4193 0.387237 0 -4.5 0 -0.82867 0.527957 -0.185922
23.7115 41.0482 54.6292 -0.176512 0 -2.92875 0 0.69719 -0.574316 0.429054
21.5702 53.115 41.16 -0.0408295 -0.696426 4.2 0 -0.73786 0.481345 -0.473149
36.5674 55.3395 38.8159 0.698306 0 4.5 0 0.250763 -0.239605 -0.937927
27.5824 52.2746 40.5854 0.0914508 0 -3.11876 0 -0.344779 -0.0709853 -0.935996
14.0246 36.7326 52.6082 -0.0625903 0 -3.5 0 0.303088 -0.837314 0.45502
30.71 39.8026 45.1379 0.0875556 0 1.8 0 -0.0046619 -0.445424 -0.895308
11.476 55.301 43.385 2.10532 0 -3.9 0 -0.0785991 0.980549 -0.179849
12.9801 42.0164 47.7848 0.228111 0 -0.704697 0 -0.795987 0.592241 -0.125122
38.2357 57.5962 43.4625 -0.19545 -0.0710814 -0.8 0 0.595908 0.511237 0.619299
20.7043 44.0525 35.4089 0.0173581 -0.192524 -0.7 0 -0.960701 0.103731 -0.257476
12.0344 41.3483 52.7205 0.31528 0 3.8 0 -0.990643 0.126535 0.0511398
31.5014 54.6603 40.8659 0.375597 0 -4.5 0 -0.501764 0.828028 -0.250204
24.3734 47.0685 35.7535 -0.200638 0.0162907 -2.74281 0 0.0313397 0.469044 -0.882619
34.1334 58.7726 49.6853 0.232721 0 3.8 0 0.424744 0.838609 0.34107
13.0178 56.1256 51.8838 -0.257473 0 -4.5 0 -0.394454 -0.714667 -0.577631
23.3457 34.983 42.0539 -0.29764 0 -0.7 0 -0.17892 -0.627804 -0.757529
19.1367 52.4855 43.6807 -0.414111 0 3.66401 0 0.0377855 -0.0110535 -0.999225
10.9096 37.1545 45.15 0.678659 0 -3.9 0 -0.735165 -0.667063 0.120662
28.4527 45.3496 54.2152 -0.268424 0 -3.5 0 0.718477 -0.668388 -0.192482
25.2213 63.3951 51.5482 0.188145 0 -3.5 0 0.179341 0.637832 -0.749004
22.9041 33.9215 48.1586 -0.0594766 0 4.5 0 -0.325521 -0.76709 0.55282
18.8017 35.0245 51.8226 0.158801 0 -1.6 0 0.0631377 -0.059761 0.996214
20.6014 32.6833 45.538 0.0376978 0 4.2426 0 -0.23895 -0.902202 0.359073
31.6476 58.9714 51.014 0.126232 0 3.8 0 -0.117643 0.947584 0.29706
30.3013 41.2835 42.0396 -0.662529 0 -0.8 0 0.357246 -0.930089 -0.0855015
15.5705 57.174 48.552 -0.0354643 0 -3.5 0 -0.324464 0.918745 0.225011
13.9908 50.9126 45.3937 0.322302 0 -3.9 0 -0.735659 -0.204863 0.645629
27.7378 56.1471 41.7551 0.221946 0 1.8 0 0.687724 0.706005 -0.169094
33.3751 45.4898 41.4872 -0.313646 0 3.8 0 0.1329 -0.902959 0.40866
16.5233 53.0968 51.2882 0.161096 0 -3.9 0 -0.972098 0.0962177 0.213933
20.9861 47.0933 57.2821 0.269759 0 -3.5 0 -0.528486 0.445777 0.722485
28.6305 36.8554 48.1908 0.245296 0 0.588188 0 0.137404 -0.282095 0.949496
14.4571 51.8454 48.5899 -0.219405 0 -3.28301 0 -0.946764 -0.153468 0.282993
16.2143 58.291 46.9533 -0.170319 0 -3.5 0 -0.873755 0.450498 -0.183311
25.2162 48.5998 55.0513 0.306937 0 2.25234 0 0.0444425 0.850279 0.524452
33.2827 51.1925 38.5798 2.03279 0.0643483 -4.5 0 0.942578 0.087509 -0.322317
19.5017 38.2115 36.9615 0.495176 0 -0.4 0 -0.0284009 -0.81974 -0.572031
13.4656 37.1285 53.898 0.0850899 0 -3.5 0 0.445993 -0.791578 0.417727
34.7278 59.9999 43.9775 -0.00356193 0 -0.8 0 0.23178 0.666989 -0.708098
32.841 51.854 37.973 1.05848 0 -4.5 0 0.600946 0.530872 -0.597528
24.2907 62.186 55.6766 0.109197 0 -3.5 0 -0.00972855 -0.125513 0.992044
29.9119 50.994 36.0396 0.21018 0 -4.5 0 -0.0624971 0.58901 -0.805705
25.333 41.0182 50.6618 -0.303601 0 4.5 0 0.834641 -0.40287 0.375593
14.3389 44.1946 56.4409 -0.467906 0 -3.5 0 -0.578877 -0.137976 0.803657
34.2501 54.3942 55.5486 0.799968 -0.535115 -1.09371 0 0.295916 0.120361 0.947601
31.9541 42.9314 43.6869 -0.381067 0 0.42228 0 0.843845 0.182099 -0.504743
9.46106 39.7441 46.1446 1.22057 0 -3.9 0 -0.982925 0.140018 -0.119392
11.9585 44.8848 48.2277 0.139424 0 3.8 0 -0.781189 -0.264855 -0.565328
11.1159 40.2414 40.8605 -0.123008 0 -0.8 0 -0.909306 0.311711 0.275679
15.6815 54.3365 54.3925 0.26587 0 -4.5 0 -0.415 -0.909784 -0.00818068
20.3664 55.1459 54.0225 -0.24002 -0.202122 -1.9552 0 -0.587608 -0.135607 0.797701
31.7428 34.5296 43.9625 -2.55985 -0.584945 -3.5 0 0.869696 -0.229208 -0.437142
24.6249 50.1376 54.2956 0.207575 0 3.8 0 0.313431 0.39087 0.865437
27.9999 39.573 44.7857 -0.66626 0 1.66238 0 0.643231 -0.195636 -0.740257
29.7072 42.7137 50.1166 -0.496781 0 3.8 0 -0.14544 -0.642433 0.752415
28.052 40.9015 39.535 -0.47823 0 -2.50463 0 0.704269 -0.29555 -0.645489
18.976 60.9948 54.5236 0.151566 0 -4.5 0 -0.44585 0.776876 0.444613
28.4752 44.7519 52.1166 -0.330292 0 3.8 0 0.474672 -0.664884 0.576728
12.4396 42.9504 44.183 0.31666 0 -2.24423 0 -0.907013 0.273811 0.319929
30.5731 44.4468 51.5435 -0.695948 0 3.8 0 0.0714385 -0.371061 0.925856
19.3837 60.7243 44.1227 0.0848029 0 -3.5 0 0.0223292 0.669128 -0.742811
31.8043 59.4777 45.646 0.0816308 0 -0.8 0 -0.466129 0.695179 -0.54722
26.6488 43.3408 52.6661 -0.311929 0 1.8 0 0.822907 -0.431686 0.369419
11.2395 41.148 40.384 -0.0815598 0 -0.8 0 -0.93056 0.360477 0.0641426
14.6063 37.4863 53.2587 0.151461 0 -3.5 0 0.473777 -0.707289 0.524669
33.5627 49.3088 38.3696 0.299055 0.0940274 -4.5 0 0.970683 0.183009 -0.155827
11.8782 51.8913 44.8592 0.767101 0 -3.9 0 -0.372624 -0.438821 0.817672
28.5173 37.959 48.6884 -0.318192 0 -3.5 0 0.0530707 -0.471678 0.880172
3 3 607 937
3 1256 807 966
3 807 3 966
3 588 1124 1227
3 764 1480 937
3 152 1324 971
3 1108 714 1455
3 1455 842 926
3 226 926 842
3 926 367 1455
3 926 226 609
3 609 1164 926
3 1164 609 1227
3 588 1227 609
3 1243 464 1142
3 1142 817 845
3 817 1227 1036
3 1583 1480 1353
3 1353 141 1583
3 1486 847 1324
3 1486 1324 1248
3 847 971 1324
3 1248 270 1475
3 1060 1475 1024
3 270 199 1475
3 1495 199 1637
3 1610 1637 199
3 1610 1577 1637
3 1577 251 1517
3 1517 251 224
3 251 367 224
3 224 367 321
3 1517 444 535
3 224 1405 1517
3 1517 1405 444
3 444 1405 1290
3 1290 1405 856
3 321 810 1477
3 1162 1477 810
3 1162 810 1114
3 1114 810 1243
3 1484 1243 1142
3 237 1560 733
3 1560 845 5
3 5 845 730
3 730 845 817
3 518 730 1036
3 1070 518 1036
3 1259 1070 471
3 1282 547 1070
3 547 471 1070
3 547 1282 1428
3 547 1428 1430
3 833 153 1428
3 17 1428 51
3 153 51 1428
3 153 1163 51
3 78 957 833
3 957 78 391
3 391 45 957
3 1024 572 1060
3 572 45 1060
3 1024 195 1247
3 1567 1024 1495
3 1495 549 450
3 1567 450 1396
3 903 1126 549
3 903 1577 1517
3 1075 1517 535
3 903 1517 1126
3 1546 1075 1594
3 1546 1594 947
3 1594 725 1236
3 535 444 1122
3 1290 1122 444
3 276 443 1122
3 1514 1122 443
3 1085 581 1388
3 55 56 844
3 56 1590 844
3 56 55 1619
3 1165 1619 55
3 1253 288 241
3 241 288 483
3 288 733 905
3 288 905 483
3 1560 1580 1563
3 625 1580 501
3 501 1620 625
3 501 1259 1620
3 1468 1620 1516
3 913 1516 1048
3 1620 874 1516
3 1288 1430 70
3 727 167 1430
3 1163 977 280
3 885 1616 542
3 572 879 1616
3 542 1616 879
3 879 1368 542
3 1294 572 1024
3 1294 1247 785
3 1396 986 1049
3 1546 947 551
3 986 551 1326
3 986 1326 1187
3 947 511 279
3 393 511 947
3 393 947 1594
3 22 1102 393
3 1102 22 407
3 22 516 407
3 1236 725 516
3 725 1335 516
3 319 443 281
3 319 281 797
3 883 797 373
3 281 373 797
3 614 443 276
3 373 614 421
3 614 856 206
3 1533 599 1371
3 1489 1371 103
3 103 1371 868
3 273 599 581
3 989 273 581
3 273 989 1432
3 989 1085 870
3 1085 1590 870
3 596 64 1590
3 64 216 1590
3 1253 741 596
3 64 596 741
3 216 64 741
3 1621 523 114
3 523 684 1631
3 1557 1468 913
3 651 904 1303
3 1264 904 647
3 647 1048 773
3 647 773 10
3 1406 10 1456
3 10 773 1456
3 569 430 1169
3 569 1169 1456
3 466 73 1003
3 466 1003 1394
3 73 1288 1003
3 54 53 1551
3 1311 1551 53
3 53 54 1548
3 1161 1548 54
3 1551 1214 1161
3 1023 94 1214
3 1214 94 1161
3 1161 94 327
3 835 552 1023
3 835 885 552
3 835 58 885
3 58 1163 885
3 785 1449 1347
3 770 29 1223
3 770 1223 177
3 798 177 1445
3 29 900 1223
3 177 1223 1216
3 177 1216 1445
3 151 1449 1209
3 160 142 757
3 757 142 1402
3 1402 142 1209
3 757 193 1187
3 1187 107 757
3 757 107 1361
3 107 126 1361
3 126 1 829
3 279 1408 1326
3 511 271 1408
3 736 271 1550
3 721 736 227
3 423 227 736
3 632 1345 423
3 1238 423 1345
3 776 632 1470
3 1470 457 776
3 457 499 776
3 1550 1593 1470
3 582 1470 1593
3 1102 407 1354
3 183 965 1595
3 753 1354 578
3 578 1329 753
3 1329 850 1595
3 89 1595 702
3 1595 850 87
3 702 1595 87
3 563 724 1489
3 289 563 103
3 1489 103 563
3 289 771 68
3 771 952 68
3 68 952 1079
3 952 1407 465
3 63 478 127
3 63 425 478
3 1012 478 425
3 868 822 63
3 822 868 1371
3 1371 1067 822
3 349 1414 822
3 425 822 1414
3 1414 349 1432
3 1067 273 349
3 989 870 1432
3 250 870 768
3 768 984 250
3 768 870 216
3 741 768 216
3 984 768 461
3 250 340 1432
3 1432 340 76
3 340 984 377
3 984 675 1189
3 675 1621 1189
3 1621 1636 447
3 1636 901 83
3 83 447 1636
3 223 83 901
3 571 223 889
3 223 1481 348
3 223 348 889
3 1307 1481 941
3 941 1481 1351
3 1303 988 26
3 168 114 122
3 122 114 523
3 122 1631 612
3 988 904 355
3 355 904 1264
3 1451 1264 1465
3 530 1465 215
3 530 215 1030
3 1465 1264 215
3 1456 1333 278
3 1456 1176 1333
3 52 498 1605
3 1333 1176 708
3 1333 708 1605
3 1496 1605 708
3 1496 314 1460
3 1460 314 558
3 314 1394 1461
3 185 1204 1285
3 185 1285 1460
3 1460 1285 1602
3 334 726 1622
3 1553 825 1520
3 1519 825 1553
3 1553 1548 1344
3 1344 1548 1161
3 1519 475 1403
3 1180 475 1344
3 1180 1403 475
3 1603 1355 1149
3 1180 327 1149
3 366 1355 1603
3 414 924 1603
3 1045 1547 1347
3 1045 770 798
3 798 285 924
3 285 460 924
3 432 460 1445
3 432 1445 292
3 292 570 432
3 292 298 570
3 1216 128 1445
3 292 1445 128
3 128 298 292
3 298 486 190
3 448 804 1615
3 1615 804 1504
3 804 1334 1573
3 1361 1573 1026
3 1334 973 1573
3 1026 1573 1110
3 1615 1487 448
3 1504 1340 1615
3 1340 1504 344
3 344 721 1340
3 227 1238 1340
3 481 1340 1238
3 1345 776 499
3 1300 499 336
3 336 82 1300
3 1141 82 336
3 1179 644 1141
3 1141 644 1490
3 644 1179 1246
3 644 1246 641
3 1246 1179 920
3 949 1246 252
3 920 252 1246
3 457 582 920
3 252 582 1032
3 1032 405 252
3 1032 1593 183
3 183 1018 1032
3 1032 1018 405
3 1029 707 1273
3 707 1029 788
3 707 788 953
3 495 788 1029
3 495 476 1588
3 1245 1556 1365
3 1515 831 1012
3 1258 1012 831
3 1012 470 7
3 7 470 1420
3 1414 1373 470
3 1373 1420 470
3 1414 76 299
3 1373 299 898
3 299 76 340
3 299 340 898
3 898 1366 1369
3 1369 1366 1360
3 1352 571 889
3 242 447 571
3 1360 1352 553
3 12 553 766
3 553 889 171
3 553 171 766
3 706 671 722
3 311 671 1307
3 671 706 1307
3 941 1351 927
3 1451 428 1103
3 428 1275 1351
3 458 339 1275
3 1275 339 585
3 339 998 1513
3 339 1513 1231
3 339 1231 585
3 1513 998 655
3 655 998 1544
3 339 396 998
3 458 456 339
3 396 339 456
3 979 396 456
3 456 458 892
3 1524 979 1534
3 979 1182 1534
3 979 456 1182
3 1182 456 995
3 530 621 995
3 1088 1030 121
3 121 1030 1359
3 1639 1565 1454
3 1565 215 1599
3 1599 215 1406
3 411 867 93
3 93 1316 411
3 1385 846 43
3 1385 1027 846
3 846 1027 1050
3 1027 52 1605
3 1622 1362 320
3 320 1362 1587
3 726 489 906
3 906 489 1219
3 1219 864 1037
3 864 188 255
3 255 188 774
3 255 774 709
3 188 855 774
3 774 855 1561
3 855 42 1561
3 1520 1528 130
3 130 1528 1348
3 42 130 863
3 790 1528 1519
3 1528 790 602
3 911 790 1403
3 642 911 23
3 1403 23 911
3 23 1403 1080
3 1358 962 123
3 1213 962 848
3 848 120 919
3 460 120 924
3 924 120 1603
3 332 1537 1213
3 919 1059 332
3 1537 332 1059
3 1059 389 1537
3 1059 919 432
3 795 1059 432
3 795 570 738
3 738 212 1349
3 212 190 711
3 212 711 1349
3 673 486 973
3 673 973 1334
3 1487 1334 448
3 1635 1487 1011
3 1081 574 1440
3 1440 1266 693
3 1266 481 693
3 481 1238 693
3 1300 1604 1417
3 1300 524 1604
3 1604 524 652
3 524 82 520
3 524 520 1033
3 652 974 943
3 1033 1332 652
3 652 1332 974
3 1332 1624 415
3 1332 234 886
3 886 234 318
3 234 520 318
3 1332 886 1624
3 1490 1467 886
3 1401 1212 641
3 1212 1490 644
3 644 641 1212
3 1401 1041 1479
3 1041 788 1479
3 1212 1210 387
3 1464 1463 1118
3 858 1226 1588
3 858 1193 1464
3 858 1588 533
3 533 1588 744
3 533 744 907
3 907 744 1314
3 282 954 473
3 954 282 1245
3 1245 1008 954
3 954 1235 959
3 1556 1415 1365
3 427 1415 1609
3 148 746 1074
3 1167 746 192
3 1167 1360 960
3 12 244 960
3 369 244 789
3 766 207 244
3 135 207 700
3 135 700 1508
3 1508 1001 1147
3 1147 1001 564
3 1001 1270 376
3 1001 376 876
3 1001 876 564
3 1270 1014 376
3 376 1014 1231
3 1482 1544 605
3 1482 605 1524
3 1544 1482 1446
3 1482 1524 441
3 95 849 1308
3 1315 331 663
3 380 1315 1031
3 663 1031 1315
3 1534 663 331
3 1200 1534 1182
3 1200 406 1031
3 1031 406 1579
3 936 1200 184
3 406 936 923
3 621 936 184
3 923 936 403
3 386 403 1088
3 403 386 891
3 891 386 136
3 136 1359 891
3 1113 1359 1454
3 1113 716 1359
3 716 1113 639
3 639 1113 1316
3 1113 1454 1316
3 411 1316 498
3 639 1453 716
3 1453 496 1315
3 1308 1315 496
3 1315 380 1453
3 1308 496 2
3 1308 2 756
3 2 496 1419
3 2 1419 880
3 880 1510 2
3 756 2 1510
3 1485 967 1587
3 967 994 260
3 967 260 682
3 994 1230 260
3 799 1037 326
3 1219 1037 899
3 1037 1462 899
3 1462 1587 899
3 899 1587 1362
3 899 1362 906
3 255 343 1230
3 343 255 709
3 343 709 1120
3 1043 968 623
3 968 1561 623
3 1097 993 934
3 993 1157 934
3 934 1157 398
3 1157 383 534
3 1025 383 1076
3 1025 1076 642
3 1025 1297 383
3 383 1297 944
3 786 268 1297
3 752 268 1625
3 567 375 990
3 1537 389 84
3 389 650 1005
3 1005 650 1318
3 1318 164 1005
3 1318 1010 1084
3 1084 1010 287
3 1084 287 1336
3 1591 1010 1272
3 711 1272 1010
3 1591 1478 1630
3 1188 1627 1632
3 734 1317 737
3 1317 1627 1128
3 1325 1128 1095
3 1325 826 99
3 1325 99 862
3 826 232 99
3 862 99 181
3 181 232 1604
3 826 1558 232
3 232 1558 1640
3 232 1640 1604
3 181 652 943
3 1325 862 48
3 862 710 261
3 261 710 1284
3 261 1284 104
3 943 1531 710
3 1284 710 1531
3 1284 1531 1306
3 974 1531 943
3 1399 643 981
3 981 445 387
3 445 1467 999
3 387 445 999
3 981 1291 1399
3 981 1181 1291
3 387 1210 981
3 1181 981 1210
3 1210 1463 1181
3 1181 1545 472
3 412 263 916
3 198 593 1208
3 198 1208 958
3 1464 1193 1208
3 958 1208 1193
3 1193 636 958
3 636 1193 1115
3 672 1115 1193
3 672 959 1115
3 1542 1235 852
3 395 772 661
3 772 1008 469
3 469 1008 1365
3 579 1415 427
3 427 1609 488
3 1302 755 1255
3 1255 914 1302
3 668 755 305
3 305 1074 960
3 960 1074 746
3 755 488 305
3 305 488 1074
3 668 69 1205
3 1255 1205 419
3 147 266 564
3 117 266 1292
3 147 876 310
3 147 310 248
3 248 310 838
3 604 1292 720
3 591 838 655
3 655 1544 591
3 1544 1446 1039
3 1589 657 686
3 1474 1574 796
3 1086 1305 1279
3 1086 399 422
3 105 1437 399
3 1277 124 1299
3 1425 1299 124
3 1425 124 779
3 779 1380 1425
3 146 1137 658
3 1040 95 756
3 95 1308 756
3 1040 1510 1606
3 1510 1598 1606
3 1598 1510 1195
3 1598 1195 859
3 939 682 922
3 682 1220 922
3 922 1220 374
3 374 1220 246
3 1220 1230 66
3 1220 66 246
3 1230 343 66
3 246 66 1120
3 1536 374 1019
3 1019 1278 1154
3 1154 1278 1629
3 1278 1120 1043
3 623 645 1043
3 1629 1043 645
3 645 291 1629
3 504 645 623
3 291 645 548
3 485 1289 1097
3 1224 1561 1443
3 398 1570 1038
3 1139 752 1625
3 1139 1625 584
3 584 575 1133
3 990 1133 575
3 1260 1301 990
3 1532 990 1301
3 1136 990 375
3 1136 164 1084
3 777 1336 1390
3 1390 1336 60
3 1390 60 1434
3 1632 951 1083
3 951 734 316
3 1434 536 1390
3 1500 214 27
3 1338 357 109
3 77 109 357
3 357 915 77
3 1338 316 1197
3 1375 737 1370
3 1370 945 603
3 417 945 1284
3 589 1130 379
3 1130 589 978
3 1096 1531 713
3 1578 713 1021
3 342 1077 525
3 1077 342 263
3 267 59 667
3 59 267 1293
3 1251 1628 362
3 229 1628 198
3 229 958 636
3 362 723 437
3 1571 661 1196
3 1571 1302 914
3 1505 1013 1257
3 235 419 964
3 964 419 1582
3 1175 1582 1134
3 1147 626 1134
3 1134 626 1175
3 626 1261 1175
3 564 266 1261
3 266 117 1261
3 1175 1261 420
3 604 808 1261
3 117 1292 604
3 803 44 604
3 36 604 44
3 803 720 712
3 712 720 526
3 1574 526 307
3 735 1574 307
3 803 180 139
3 180 608 139
3 139 608 540
3 139 540 851
3 851 540 1178
3 761 1540 346
3 1086 1400 620
3 35 670 399
3 422 399 670
3 35 1437 1425
3 1633 1425 1380
3 1437 1299 1425
3 1380 779 1015
3 1015 779 34
3 157 664 762
3 961 762 664
3 762 1073 157
3 1387 157 1073
3 961 1606 762
3 762 1606 1469
3 922 648 939
3 1469 359 762
3 853 1154 1378
3 853 1378 841
3 1154 1129 1378
3 1129 1629 213
3 275 1129 213
3 158 624 1389
3 875 631 565
3 1389 624 509
3 328 619 631
3 328 416 619
3 548 449 328
3 416 328 449
3 1093 1452 416
3 492 728 561
3 561 728 14
3 561 14 653
3 247 944 970
3 719 970 1202
3 1202 503 719
3 333 1532 1057
3 1133 1532 783
3 30 783 1532
3 783 1139 1133
3 1057 1301 191
3 1301 1016 191
3 191 1016 519
3 161 1016 19
3 161 19 1098
3 1098 19 404
3 1098 404 1500
3 1512 106 132
3 813 1512 27
3 813 27 915
3 100 1155 357
3 100 295 257
3 257 295 1416
3 1416 295 1375
3 257 1416 378
3 378 821 257
3 1321 1416 1506
3 1034 1416 1287
3 1287 228 1034
3 228 1287 689
3 1375 603 1287
3 654 1287 603
3 603 31 654
3 646 654 31
3 31 417 646
3 689 67 297
3 646 1218 379
3 646 379 67
3 67 379 1265
3 297 67 1265
3 902 1265 356
3 902 356 1184
3 758 902 1184
3 356 1143 1184
3 1099 356 1265
3 1099 1130 1559
3 1559 1130 1618
3 1130 978 666
3 978 854 666
3 1422 666 1597
3 854 1096 666
3 1597 666 1077
3 1578 1626 525
3 1422 1597 667
3 555 1422 537
3 940 537 440
3 940 440 1601
3 1422 1438 537
3 57 1229 1117
3 1229 1350 1117
3 1268 1217 337
3 1229 345 1217
3 345 1436 1206
3 1206 1436 1091
3 437 1566 1251
3 1100 1566 617
3 617 1309 1100
3 617 395 1309
3 9 484 690
3 325 312 231
3 882 1257 1339
3 1339 1257 1013
3 1339 1013 964
3 964 1582 754
3 754 1582 1175
3 754 696 928
3 431 808 975
3 230 975 1398
3 975 1320 1398
3 1320 763 851
3 763 44 851
3 249 1492 1320
3 1178 1492 249
3 1492 1178 1159
3 761 1322 1540
3 1106 540 608
3 1322 75 1241
3 1543 1241 1194
3 111 233 627
3 834 1153 346
3 74 834 1028
3 1028 815 74
3 1276 680 815
3 74 815 680
3 1153 680 818
3 194 793 513
3 513 931 194
3 815 1569 513
3 1569 815 1028
3 1569 1028 1400
3 1569 1400 236
3 236 830 1151
3 1267 830 243
3 243 830 1633
3 1328 1267 436
3 1087 436 1267
3 1633 694 1087
3 1087 694 664
3 436 1087 1066
3 436 1066 695
3 664 157 1066
3 1409 1066 1387
3 157 1387 1066
3 1066 1409 695
3 1387 382 1409
3 1262 382 174
3 382 1387 841
3 174 382 841
3 841 1387 1073
3 1073 853 841
3 933 174 929
3 204 929 729
3 729 929 72
3 929 1378 809
3 929 809 72
3 72 809 15
3 1310 65 204
3 933 204 679
3 65 679 204
3 65 1592 679
3 338 15 158
3 338 158 108
3 1448 1389 982
3 1511 566 317
3 566 982 1431
3 982 1389 732
3 1389 509 732
3 1431 586 745
3 1433 1613 1452
3 1452 1613 619
3 586 1433 745
3 1433 1457 745
3 1433 308 1450
3 1450 308 438
3 18 308 517
3 517 653 18
3 888 719 200
3 200 814 888
3 508 814 200
3 888 814 245
3 888 245 1240
3 1426 781 1447
3 1447 508 635
3 843 1447 635
3 1447 843 866
3 1186 519 1269
3 932 1269 527
3 527 1269 1062
3 1199 930 1512
3 1199 1512 1249
3 1249 1512 132
3 699 1249 1313
3 750 1313 1249
3 750 1346 1058
3 149 1155 1228
3 1346 96 1058
3 1058 96 239
3 1058 239 1063
3 1063 239 101
3 1063 101 1250
3 96 1228 239
3 239 1228 16
3 239 16 101
3 908 1228 1155
3 821 908 100
3 908 1155 100
3 1506 1034 935
3 1506 935 1237
3 1237 935 1170
3 1034 1170 935
3 297 902 1170
3 806 1170 902
3 902 758 806
3 1265 902 297
3 202 963 1254
3 1234 806 1254
3 479 1234 1254
3 541 284 1498
3 665 1312 315
3 963 1068 824
3 824 1068 1312
3 1099 1166 1143
3 506 1559 816
3 1263 1201 665
3 782 440 129
3 1117 1350 747
3 747 1350 507
3 507 1350 452
3 452 434 877
3 434 452 1268
3 1502 765 1268
3 765 434 1268
3 210 765 1502
3 434 765 329
3 800 210 1398
3 210 1502 1398
3 1502 80 1398
3 529 372 606
3 529 80 337
3 606 187 928
3 329 203 1614
3 800 1492 1392
3 1492 1159 1392
3 1271 1159 1051
3 1576 872 1322
3 1271 1051 1323
3 1491 510 749
3 749 510 1078
3 510 1543 1194
3 1194 1241 256
3 256 1241 75
3 1600 818 680
3 1526 1600 1276
3 680 1276 1600
3 33 857 1111
3 1331 33 1555
3 1295 760 1555
3 742 350 640
3 640 350 662
3 350 884 1442
3 662 350 1442
3 921 194 931
3 931 264 921
3 836 969 1203
3 528 455 1383
3 969 931 1383
3 426 1328 28
3 28 695 1168
3 836 286 1156
3 679 557 933
3 679 704 364
3 1592 704 679
3 1592 748 118
3 118 748 300
3 300 748 1379
3 748 550 358
3 748 358 1379
3 317 1192 983
3 983 1192 1310
3 1592 1310 1192
3 550 1431 745
3 358 745 1457
3 1457 1379 358
3 704 262 388
3 156 718 1367
3 262 1379 1364
3 718 1364 1522
3 90 1286 1450
3 638 90 1342
3 90 1337 1342
3 102 1450 1240
3 1337 1056 351
3 1056 102 140
3 102 1240 140
3 1056 245 208
3 351 1158 1459
3 1527 81 1158
3 1158 81 1341
3 1158 1341 1459
3 1527 759 562
3 442 562 685
3 562 759 1617
3 562 1617 685
3 1426 866 341
3 341 866 1186
3 759 309 1617
3 309 1186 1617
3 1617 1186 932
3 1617 932 1503
3 699 1313 1503
3 40 1063 304
3 304 1063 1250
3 1554 40 1330
3 1330 304 1404
3 577 896 1135
3 577 598 896
3 896 598 827
3 821 1381 908
3 896 827 1525
3 41 1525 827
3 1483 1525 413
3 41 827 840
3 1237 1483 413
3 1483 1237 91
3 1234 91 1237
3 91 769 1483
3 91 479 1498
3 1498 769 91
3 769 1498 512
3 1150 512 1498
3 409 301 480
3 301 512 480
3 1458 480 32
3 1458 32 717
3 677 512 1150
3 717 32 1125
3 284 1201 1150
3 1280 1150 1201
3 1201 1145 1280
3 284 824 1312
3 1201 1312 665
3 1145 1201 1071
3 1145 1071 538
3 1071 1263 170
3 170 1386 1071
3 170 1397 1638
3 687 1397 296
3 1444 1094 296
3 587 1372 1612
3 1392 1491 1614
3 1491 749 1372
3 1078 1529 1584
3 1529 1283 1584
3 1198 909 1473
3 1017 531 1539
3 531 1331 1144
3 1634 13 522
3 335 1384 1494
3 13 1611 522
3 258 1634 860
3 361 116 1065
3 1007 1090 837
3 1295 622 1090
3 996 742 622
3 622 742 640
3 1090 1367 837
3 1522 837 718
3 638 1364 219
3 1596 1459 1518
3 1518 1459 500
3 1341 500 1459
3 500 324 1518
3 477 1518 324
3 685 1413 442
3 1423 1413 685
3 1423 397 514
3 514 397 1313
3 1503 1313 397
3 1190 1501 1105
3 1239 1105 1501
3 1105 1554 306
3 1061 812 1554
3 1252 812 556
3 1061 1330 303
3 1404 303 1330
3 303 1404 780
3 1404 577 780
3 1061 1509 556
3 556 1509 497
3 1418 544 1509
3 544 363 1509
3 544 1412 363
3 1412 544 1458
3 363 801 221
3 221 1296 85
3 85 1296 633
3 801 1412 1138
3 1138 1466 1476
3 1138 1412 1466
3 1412 1458 1466
3 1466 717 1476
3 1476 717 869
3 869 717 861
3 717 1125 1211
3 717 1211 861
3 869 302 637
3 637 302 1109
3 1109 302 39
3 1221 1132 384
3 861 1211 394
3 1612 749 1244
3 1441 410 1222
3 1222 410 277
3 1055 1584 402
3 402 1584 86
3 277 25 1222
3 25 79 1222
3 1222 79 46
3 79 987 1327
3 787 1327 1042
3 634 987 1107
3 1611 532 910
3 474 532 860
3 532 474 429
3 429 159 532
3 429 580 313
3 429 313 222
3 594 222 1393
3 1586 1160 1507
3 580 890 1160
3 1160 890 1376
3 1507 1160 361
3 820 201 1530
3 201 477 175
3 175 477 324
3 175 324 521
3 659 1530 1185
3 659 871 1530
3 871 659 1523
3 1185 972 659
3 306 972 1190
3 497 85 1252
3 1523 1252 85
3 633 1296 739
3 871 942 62
3 839 1242 942
3 1242 62 942
3 165 839 910
3 739 1296 4
3 1395 1138 1476
3 1395 1476 637
3 1395 637 1109
3 1395 1109 1435
3 1109 1410 610
3 1575 1410 225
3 1232 1575 384
3 225 384 1575
3 1575 1232 11
3 11 1232 1441
3 1575 269 418
3 787 1472 1327
3 1020 1042 1493
3 1042 938 1493
3 1493 938 545
3 1042 634 938
3 938 88 1581
3 545 938 1581
3 1044 545 1174
3 1174 743 1044
3 515 743 1174
3 515 1382 743
3 1497 365 515
3 365 1382 515
3 1054 365 1497
3 610 811 1054
3 811 610 1191
3 811 1191 50
3 209 166 1472
3 865 385 792
3 865 792 433
3 433 792 1472
3 1020 433 1042
3 865 992 50
3 865 1020 992
3 1020 1493 992
3 910 1177 1611
3 165 159 439
3 156 1442 176
3 1377 176 543
3 1442 264 543
3 543 264 836
3 836 1156 543
3 704 1377 364
3 1156 364 1377
3 576 1328 678
3 836 1203 401
3 576 528 1328
3 882 211 312
3 312 211 1309
3 1100 1309 211
3 1016 1301 1260
3 777 1260 1136
3 1278 1043 1629
3 104 491 261
3 1579 406 360
3 1579 360 205
3 47 205 360
3 205 47 891
3 891 47 403
3 716 1453 1579
3 672 1193 533
3 1053 435 1274
3 320 1587 162
3 189 162 43
3 189 43 630
3 630 43 846
3 1369 1420 1373
3 1273 8 405
3 675 461 1568
3 1489 373 421
3 1049 1402 1052
3 483 905 1563
3 966 3 937
3 1480 764 1486
3 1108 1455 1610
3 1455 714 842
3 367 926 1164
3 810 464 1243
3 464 810 1164
3 1164 810 367
3 367 810 321
3 1142 464 817
3 817 464 1164
3 1227 817 1164
3 1583 1036 1227
3 381 1583 1227
3 1227 1124 381
3 1480 381 1124
3 1583 381 1480
3 1282 1583 141
3 1353 1480 1486
3 119 1353 1248
3 1248 1353 1486
3 1495 1024 1475
3 199 1495 1475
3 856 1405 1477
3 560 1477 1162
3 560 1162 595
3 1114 595 1162
3 1114 451 595
3 451 1114 1035
3 1035 1114 844
3 1484 844 1243
3 1243 844 1114
3 1165 237 1619
3 1580 980 501
3 980 1580 5
3 5 1580 1560
3 730 980 5
3 501 518 1259
3 518 501 980
3 518 980 730
3 1070 1259 518
3 1562 1430 1428
3 1562 1428 17
3 1163 153 1616
3 1616 153 957
3 957 153 833
3 1060 45 391
3 1475 1060 119
3 1475 119 1248
3 1353 119 78
3 78 119 391
3 391 119 1060
3 1567 1052 1247
3 1567 1247 195
3 1495 450 1567
3 400 1396 549
3 1396 450 549
3 400 1126 1546
3 1126 400 549
3 1126 1089 1546
3 1075 1089 1517
3 1517 1089 1126
3 1546 1089 1075
3 294 206 1101
3 206 294 1533
3 1533 294 1046
3 1477 1101 856
3 856 1101 206
3 767 1101 560
3 767 560 451
3 595 451 560
3 560 1101 1477
3 1101 767 294
3 294 767 1046
3 1388 1046 767
3 1388 767 1035
3 1035 767 451
3 844 1590 1035
3 1253 823 288
3 733 1560 905
3 1563 905 1560
3 1468 463 625
3 463 1357 1580
3 1563 1580 1357
3 1563 1357 354
3 463 1580 625
3 1620 1468 625
3 1468 1516 913
3 773 1048 1516
3 773 1516 430
3 430 1516 1169
3 1169 1516 874
3 466 1169 874
3 1127 1288 70
3 1127 70 1562
3 1430 1562 70
3 1551 912 1214
3 1214 912 977
3 977 912 280
3 885 1163 1616
3 879 572 1294
3 1368 879 1294
3 1567 1049 1052
3 551 986 290
3 290 986 1396
3 1546 551 290
3 1546 290 400
3 400 290 1396
3 947 279 551
3 551 279 1326
3 271 511 1550
3 1102 1550 393
3 393 1550 511
3 797 578 319
3 319 578 1335
3 373 281 614
3 614 281 443
3 1533 421 206
3 614 206 421
3 1489 421 1533
3 1489 1533 1371
3 1067 1371 599
3 273 1067 599
3 768 741 461
3 1568 461 741
3 1568 741 1253
3 823 1253 596
3 241 1568 1253
3 1621 675 1568
3 1621 1568 703
3 703 1568 684
3 1621 703 523
3 684 523 703
3 612 1631 1557
3 1631 684 483
3 1631 483 1563
3 1357 1631 354
3 1563 354 1631
3 1468 1357 463
3 1631 1357 1468
3 1557 1631 1468
3 612 1557 1303
3 1406 1264 647
3 1406 647 10
3 430 569 773
3 773 569 1456
3 1394 1176 1456
3 1394 1456 466
3 1169 466 1456
3 1003 895 1394
3 1461 1394 895
3 1461 895 740
3 740 895 1003
3 740 1003 1288
3 1319 370 1127
3 1288 1127 740
3 740 1127 370
3 740 370 1461
3 1562 1319 1127
3 1319 912 1551
3 615 112 1319
3 615 1319 1551
3 370 1319 112
3 370 112 1461
3 1461 112 1311
3 1311 615 1551
3 615 1311 112
3 1149 991 1603
3 991 1149 925
3 925 1149 0
3 925 0 1023
3 1023 0 94
3 94 0 1149
3 94 1149 327
3 552 925 1023
3 1547 925 446
3 552 446 925
3 925 1547 991
3 1347 446 371
3 371 446 1368
3 785 1347 1294
3 1294 1347 371
3 1294 371 1368
3 1347 1449 770
3 798 770 177
3 1573 794 1223
3 794 1216 1223
3 900 1573 1223
3 600 1216 794
3 973 794 1573
3 1573 900 1110
3 1361 126 143
3 143 126 829
3 143 829 805
3 323 805 1504
3 1504 293 344
3 1504 805 293
3 293 805 829
3 1408 344 1326
3 1 1326 829
3 829 1326 293
3 293 1326 344
3 721 344 1408
3 736 721 1408
3 736 1408 271
3 1238 227 423
3 1345 632 776
3 582 457 1470
3 1354 1593 1550
3 1354 1550 1102
3 1593 965 183
3 753 965 1354
3 1354 965 1593
3 1595 965 753
3 1595 753 1329
3 797 1329 578
3 1079 87 850
3 68 1079 850
3 68 850 563
3 68 563 289
3 1079 465 1356
3 1356 465 1552
3 1079 952 465
3 1407 1314 1552
3 1407 1552 465
3 1407 1258 1314
3 1258 1407 1012
3 1012 1407 478
3 127 478 1407
3 822 425 63
3 250 1432 870
3 340 377 898
3 571 447 83
3 571 83 223
3 1298 348 1481
3 706 1298 1481
3 706 1481 1307
3 392 1351 1481
3 1103 1351 392
3 392 1481 168
3 1103 392 26
3 1103 26 988
3 26 392 122
3 122 392 168
3 612 1303 26
3 612 26 122
3 1351 1103 428
3 355 1451 1103
3 355 1103 988
3 1451 355 1264
3 1451 892 458
3 995 456 1465
3 995 1465 530
3 1465 892 1451
3 892 1465 456
3 1406 215 1264
3 1406 1116 1599
3 1116 278 1333
3 1406 278 1116
3 1333 1047 1116
3 1605 1047 1333
3 1602 613 1460
3 1460 613 1496
3 558 185 1460
3 1461 1311 558
3 1461 558 314
3 1123 1602 1285
3 1285 1204 1520
3 1622 1123 1520
3 1285 1520 1123
3 1519 1553 475
3 475 1553 1344
3 1403 590 1080
3 590 1403 1180
3 1045 414 1547
3 1347 1547 446
3 924 414 798
3 1045 798 414
3 432 919 460
3 486 298 128
3 486 128 600
3 486 600 973
3 973 600 794
3 1216 600 128
3 448 1334 804
3 323 1573 143
3 1504 804 323
3 805 323 143
3 143 1573 1361
3 1573 323 804
3 1615 1140 1487
3 1140 353 691
3 353 1140 1615
3 1440 574 353
3 1440 353 1266
3 1266 353 1615
3 353 574 691
3 481 1266 1340
3 1340 1266 1615
3 347 1238 1417
3 1417 1558 347
3 1300 1417 1345
3 1300 1345 499
3 520 82 1141
3 318 520 1141
3 318 1141 1490
3 252 920 582
3 1273 405 1018
3 1479 788 495
3 1226 1479 1588
3 1588 1479 495
3 487 1588 1356
3 487 1356 1552
3 476 1356 1588
3 1079 1356 476
3 744 1588 487
3 1314 744 1552
3 1552 744 487
3 1556 831 1609
3 1609 831 1515
3 1373 1414 299
3 1352 1360 1366
3 12 1360 553
3 889 348 171
3 722 1298 706
3 1298 722 171
3 1298 171 348
3 171 722 766
3 207 766 722
3 207 722 700
3 700 722 671
3 1173 700 671
3 1173 671 311
3 1275 428 1451
3 1544 998 605
3 396 605 998
3 396 1524 605
3 1215 1565 1599
3 1215 1599 1116
3 1215 1116 1047
3 1565 1215 1316
3 1316 1215 498
3 498 1215 1605
3 1605 1215 1047
3 1000 1538 467
3 1385 43 1538
3 162 1587 1538
3 162 1538 43
3 1027 1605 1496
3 1496 613 1027
3 1027 613 1602
3 1027 1602 1050
3 630 846 1050
3 144 1471 1123
3 330 1471 144
3 630 1471 189
3 1471 330 189
3 330 144 320
3 162 189 330
3 162 330 320
3 1622 320 144
3 1622 144 1123
3 1123 1471 1602
3 1602 1471 1050
3 1050 1471 630
3 1520 130 1622
3 1622 130 334
3 334 130 42
3 863 130 1348
3 1528 1072 1348
3 1519 1528 825
3 602 911 1343
3 911 602 790
3 1076 1343 642
3 642 1343 911
3 1355 366 698
3 698 366 1112
3 1112 366 1358
3 1355 698 272
3 1355 272 1149
3 1149 272 590
3 1149 590 1180
3 590 272 1080
3 1080 272 698
3 786 1112 1625
3 1625 1112 123
3 123 1112 1358
3 1607 1625 123
3 1607 123 1213
3 1607 1213 1537
3 962 1213 123
3 460 919 120
3 650 389 1059
3 795 650 1059
3 1272 711 673
3 486 673 190
3 190 673 711
3 1478 1272 673
3 1188 1630 1011
3 1011 1630 1478
3 1011 1478 1635
3 435 1053 1011
3 1188 1011 1053
3 435 1011 573
3 573 1011 1487
3 691 435 1140
3 1487 1140 573
3 435 573 1140
3 435 691 1274
3 1081 1274 574
3 574 1274 691
3 1053 1274 1627
3 1627 1274 1081
3 1627 1188 1053
3 1128 1081 1095
3 1081 1128 1627
3 1558 1440 693
3 1558 693 347
3 347 693 1238
3 974 802 1531
3 802 974 1332
3 1332 415 802
3 999 1467 1490
3 681 1212 1401
3 113 681 1479
3 1210 1212 681
3 1210 681 113
3 1210 113 1118
3 1118 113 1226
3 1226 113 1479
3 1401 1479 681
3 533 1193 858
3 473 672 907
3 473 907 282
3 533 907 672
3 959 672 473
3 473 954 959
3 1542 1115 959
3 1542 959 1235
3 1008 1235 954
3 1609 1415 1556
3 1074 1609 1515
3 488 1609 1074
3 1369 1360 1167
3 960 1360 12
3 244 369 960
3 789 207 135
3 207 789 244
3 701 69 789
3 701 1508 1535
3 1508 701 135
3 135 701 789
3 1001 1508 1173
3 311 1001 1173
3 700 1173 1508
3 310 876 61
3 1231 61 376
3 376 61 876
3 310 490 838
3 490 61 1231
3 61 490 310
3 838 490 655
3 655 490 1513
3 1513 490 1231
3 1589 1446 1482
3 657 1137 1279
3 1137 657 1589
3 1137 1589 441
3 441 1589 1482
3 658 1137 1374
3 1374 441 1524
3 441 1374 1137
3 1524 1534 1374
3 1121 592 658
3 1121 658 1374
3 1121 1374 849
3 95 1121 849
3 849 1374 331
3 1308 849 1315
3 331 1315 849
3 1200 1031 663
3 1534 1200 663
3 936 406 1200
3 1088 403 936
3 1088 936 621
3 1565 1316 1454
3 1195 1510 880
3 154 467 1538
3 154 1538 1587
3 154 1587 967
3 1000 1195 880
3 1195 1000 467
3 859 1195 467
3 859 467 154
3 859 154 682
3 682 154 967
3 1230 1220 260
3 1043 1120 968
3 1443 1561 863
3 1443 863 1348
3 1623 1443 1072
3 1072 1443 1348
3 1072 1528 1623
3 1343 1131 1623
3 602 1623 1528
3 1623 602 1343
3 1097 1131 1343
3 993 1097 1343
3 1297 268 752
3 786 1625 268
3 575 1625 1607
3 575 1607 567
3 567 1607 1537
3 1084 164 1318
3 1591 1336 287
3 1591 287 1010
3 1152 1591 1630
3 1434 1152 1630
3 1434 1630 1632
3 1434 1632 1148
3 1197 316 734
3 1197 734 737
3 1317 1370 737
3 491 1370 1317
3 261 491 48
3 48 491 559
3 1317 559 491
3 1325 48 559
3 1325 559 1128
3 1128 559 1317
3 181 99 232
3 261 48 862
3 1021 802 1399
3 1399 802 643
3 1531 802 713
3 713 802 1021
3 415 643 802
3 1399 1291 649
3 583 649 1291
3 583 1291 1181
3 583 1181 472
3 1118 1463 1210
3 1626 583 472
3 1626 472 1545
3 1521 1626 1545
3 263 342 916
3 715 916 1545
3 1521 1545 916
3 1521 916 342
3 412 916 715
3 715 1545 593
3 1628 715 198
3 198 715 593
3 715 1628 412
3 1196 661 772
3 469 1196 772
3 1196 469 579
3 369 305 960
3 668 305 369
3 1205 1255 668
3 897 629 701
3 897 701 1535
3 69 701 629
3 69 629 1205
3 1582 419 1205
3 1582 897 1134
3 629 897 1582
3 629 1582 1205
3 1292 266 147
3 1292 147 248
3 462 720 1292
3 462 1292 352
3 352 1292 248
3 352 838 591
3 838 352 248
3 1039 1446 735
3 1446 1589 686
3 1446 686 735
3 735 686 1279
3 1279 686 657
3 1279 1574 735
3 1305 1574 1279
3 796 1574 186
3 186 1574 1305
3 985 779 124
3 1277 985 124
3 1146 468 1121
3 95 1146 1121
3 592 1121 468
3 1277 592 468
3 1146 95 1040
3 618 38 1040
3 38 1146 1040
3 985 1277 38
3 985 38 34
3 38 618 34
3 468 1146 38
3 468 38 1277
3 1606 34 618
3 1606 618 1040
3 1606 1598 1549
3 1549 1598 173
3 939 173 859
3 939 1549 173
3 939 859 682
3 859 173 1598
3 648 1549 939
3 449 548 1289
3 1289 548 504
3 504 548 645
3 1289 485 449
3 1224 1289 504
3 1131 1097 1289
3 1131 1289 1224
3 1623 1131 1224
3 1623 1224 1443
3 1570 1157 534
3 752 1233 1297
3 1233 1202 110
3 1233 110 1297
3 1297 110 944
3 944 110 628
3 628 110 1202
3 1139 783 1233
3 752 1139 1233
3 503 1202 1233
3 503 1233 783
3 503 783 30
3 1625 575 584
3 1133 990 1532
3 1260 990 1136
3 404 19 1390
3 1390 19 1260
3 1390 1260 777
3 1260 19 1016
3 1434 60 1152
3 1152 60 1336
3 1336 1591 1152
3 536 1434 1148
3 536 1148 1083
3 1632 1083 1148
3 1500 536 214
3 214 536 1083
3 214 1083 77
3 77 1083 109
3 536 1500 1390
3 27 214 915
3 915 214 77
3 1155 915 357
3 1375 1370 603
3 31 603 945
3 417 31 945
3 1099 1265 379
3 1099 379 1130
3 1096 713 1578
3 649 1578 1021
3 649 1021 1399
3 1626 1578 649
3 649 583 1626
3 1626 1521 525
3 525 1521 342
3 263 1597 1077
3 1438 59 1293
3 1438 1293 505
3 505 1436 57
3 1436 505 1293
3 1091 1293 1628
3 1091 1628 1251
3 1293 1091 1436
3 362 1628 229
3 362 229 723
3 1542 1566 437
3 1542 437 723
3 617 1566 852
3 852 1566 1542
3 772 395 617
3 772 617 852
3 1013 1505 1571
3 1013 1571 964
3 964 1571 235
3 1535 1147 1134
3 1535 1134 897
3 431 420 1261
3 431 1261 808
3 36 763 808
3 36 808 604
3 139 851 44
3 139 44 803
3 1039 526 352
3 1039 352 591
3 352 526 462
3 462 526 720
3 735 307 1039
3 1039 307 526
3 1106 608 1540
3 796 1540 1474
3 1474 1540 608
3 346 1540 265
3 346 265 834
3 265 1540 796
3 620 834 186
3 620 186 1305
3 620 1305 1086
3 186 265 796
3 265 186 834
3 1028 834 620
3 1400 1028 620
3 830 670 1425
3 830 1425 1633
3 1425 670 35
3 985 34 779
3 1469 1549 648
3 1549 1469 1606
3 359 1469 648
3 1073 762 359
3 359 648 1536
3 1536 648 922
3 1073 359 1536
3 853 1073 1536
3 1154 853 1536
3 1154 1536 1019
3 15 809 493
3 493 809 275
3 275 809 1129
3 1129 809 1378
3 158 15 493
3 624 158 493
3 624 493 565
3 565 493 275
3 565 275 875
3 1613 509 624
3 1613 631 619
3 565 631 1613
3 565 1613 624
3 517 1452 561
3 561 1452 1093
3 561 1093 492
3 517 561 653
3 247 653 14
3 247 14 1570
3 1570 14 728
3 1363 653 247
3 1363 247 970
3 1363 970 719
3 628 1202 970
3 628 970 944
3 200 719 503
3 508 200 333
3 333 200 503
3 333 503 30
3 635 508 333
3 635 333 1057
3 1532 1301 1057
3 1269 519 1016
3 1269 1016 161
3 1098 1269 161
3 1500 404 1390
3 1269 1098 1062
3 813 106 1512
3 1375 295 1197
3 1321 378 1416
3 1034 1506 1416
3 654 689 1287
3 67 689 654
3 654 646 67
3 1166 1184 1143
3 1099 1143 356
3 666 1422 1618
3 666 1618 1130
3 1096 453 666
3 666 453 1077
3 1578 1077 453
3 1578 453 1096
3 525 1077 1578
3 1009 283 555
3 1009 555 940
3 1009 940 1601
3 555 283 1422
3 1422 283 1618
3 1618 283 1559
3 537 940 555
3 1424 1171 440
3 1438 1424 537
3 537 1424 440
3 1117 1424 505
3 1117 505 57
3 1438 505 1424
3 1424 1117 1171
3 705 1171 1117
3 1268 1350 1217
3 1217 1350 1229
3 1350 1268 452
3 893 1217 568
3 529 893 881
3 881 893 163
3 372 529 881
3 163 372 881
3 568 163 893
3 345 568 1217
3 1217 893 337
3 337 893 529
3 917 163 568
3 163 917 1100
3 163 1100 372
3 568 1206 1022
3 1022 1566 917
3 1091 1251 1022
3 1091 1022 1206
3 568 1022 917
3 917 1566 1100
3 1251 1566 1022
3 928 1339 754
3 754 1339 964
3 431 1585 420
3 420 1585 696
3 696 1585 928
3 975 230 1585
3 431 975 1585
3 1159 1178 1051
3 1323 540 1106
3 540 1323 1178
3 1051 1178 1323
3 1106 1540 1322
3 680 1153 74
3 834 74 1153
3 1276 1119 857
3 1119 1276 793
3 424 1111 857
3 424 857 921
3 921 857 1119
3 921 1119 194
3 793 194 1119
3 931 513 1383
3 1383 513 1569
3 1151 1569 236
3 1267 1328 1151
3 1267 1151 830
3 1409 382 1262
3 557 1168 1262
3 933 557 1262
3 933 929 204
3 1592 65 1310
3 1192 317 1431
3 1431 317 566
3 1433 586 1613
3 1450 1286 1457
3 1450 1457 1433
3 1379 1457 1286
3 1240 1450 438
3 1363 438 18
3 1363 1240 438
3 653 1363 18
3 308 18 438
3 888 1240 1363
3 888 1363 719
3 208 245 814
3 208 814 1527
3 1527 814 1426
3 1527 1426 253
3 1082 932 527
3 784 1082 527
3 784 527 1062
3 784 1062 1199
3 784 1199 1249
3 784 1249 699
3 1207 1313 750
3 1207 750 1058
3 1207 1058 1063
3 1381 101 16
3 1381 16 908
3 908 16 1228
3 1381 821 1002
3 840 827 1381
3 1321 840 1002
3 1321 1002 378
3 378 1002 821
3 1381 1002 840
3 806 1234 1170
3 1281 1068 1184
3 1281 1166 1104
3 1166 1281 1184
3 254 1281 1104
3 254 1104 1009
3 254 1009 1601
3 37 506 1166
3 37 1166 1099
3 1166 506 1104
3 1559 506 37
3 1559 37 1099
3 1009 816 283
3 283 816 1559
3 506 816 1104
3 1104 816 1009
3 1312 1068 1281
3 1312 1281 254
3 315 1312 1601
3 1601 1312 254
3 1397 819 1172
3 1172 819 494
3 1117 747 705
3 705 747 1172
3 705 1172 1171
3 1172 747 507
3 203 329 765
3 203 765 210
3 203 210 800
3 230 1398 80
3 529 230 80
3 1585 230 529
3 1585 529 606
3 1585 606 928
3 1614 203 1392
3 1392 203 800
3 1491 1392 1543
3 482 1543 1392
3 482 1392 1159
3 482 1159 1271
3 1543 482 1572
3 1572 482 1271
3 1576 832 872
3 872 832 1323
3 1323 832 1271
3 1572 1271 832
3 1572 832 1576
3 1106 1322 872
3 1106 872 1323
3 1543 1572 1069
3 1576 1069 1572
3 1241 1069 1322
3 1576 1322 1069
3 1543 1069 1241
3 1529 1078 510
3 1194 1564 1529
3 1194 1529 510
3 256 1564 1194
3 1529 1564 1198
3 1198 1564 1600
3 909 1600 1526
3 539 1526 1276
3 539 1276 857
3 539 857 33
3 197 1526 539
3 197 539 1331
3 1331 539 33
3 1634 1144 1555
3 1144 1331 1555
3 921 264 884
3 921 884 424
3 836 264 931
3 836 931 969
3 6 969 1383
3 1203 969 6
3 6 1383 1427
3 455 1427 1383
3 1569 528 1383
3 1151 528 1569
3 1151 1328 528
3 678 1328 426
3 678 426 401
3 286 836 401
3 286 401 426
3 426 1168 286
3 1168 426 28
3 695 1409 1168
3 1409 1262 1168
3 286 597 1156
3 1156 597 364
3 364 597 679
3 679 597 557
3 557 597 1168
3 1168 597 286
3 704 1592 118
3 300 704 118
3 358 550 745
3 1377 704 388
3 1377 388 718
3 837 1367 718
3 1364 388 262
3 388 1364 718
3 219 1364 1379
3 638 219 1286
3 1286 219 1379
3 179 638 1342
3 1337 1596 1342
3 1158 351 1056
3 1527 1158 208
3 208 1158 1056
3 784 699 1082
3 1207 1239 1313
3 1105 1239 1207
3 1554 1105 1207
3 40 1554 1207
3 40 1207 1063
3 1135 896 1525
3 1135 1525 1541
3 1541 1525 1483
3 1006 1525 840
3 1525 41 840
3 1506 413 1006
3 1506 1006 1321
3 1321 1006 840
3 1525 1006 413
3 1237 413 1506
3 479 91 1234
3 976 1541 1483
3 1135 1541 1304
3 1135 1304 544
3 1135 544 1418
3 1458 544 1304
3 409 1304 1541
3 1458 1304 480
3 480 1304 409
3 32 480 677
3 677 480 512
3 677 1125 32
3 554 1125 1280
3 554 1280 1145
3 677 1280 1125
3 1312 1201 284
3 538 1211 554
3 538 554 1145
3 554 1211 1125
3 1183 1386 170
3 1183 170 1638
3 296 507 1444
3 507 296 1172
3 1172 296 1397
3 1244 749 1078
3 1584 1055 1244
3 1584 1244 1078
3 1198 1283 1529
3 1473 1283 1198
3 1017 1473 909
3 1017 909 1526
3 1600 909 1198
3 1017 197 531
3 531 197 1331
3 197 1017 1526
3 1144 1539 531
3 918 1539 1634
3 1634 1539 1144
3 692 1539 918
3 692 1384 335
3 1384 692 522
3 522 692 918
3 522 918 1634
3 890 860 1634
3 760 1634 1555
3 361 1376 116
3 116 1376 1007
3 116 1007 683
3 760 1007 1634
3 1634 1007 1376
3 1634 1376 890
3 1522 1065 683
3 1522 683 837
3 837 683 1007
3 116 683 1065
3 622 1295 996
3 368 1065 1522
3 368 1522 179
3 179 1522 1364
3 179 1364 638
3 1065 368 1596
3 1596 368 1342
3 179 1342 368
3 1586 1507 1518
3 1586 1518 477
3 521 324 1092
3 521 1092 1413
3 1092 324 500
3 442 1413 1092
3 562 442 616
3 1527 562 616
3 1527 616 81
3 81 616 1341
3 500 1341 1092
3 1092 1341 616
3 1092 616 442
3 972 1185 1190
3 972 306 812
3 972 812 1252
3 812 306 1554
3 812 1061 556
3 363 497 1509
3 85 497 221
3 363 221 497
3 801 1296 221
3 1296 801 669
3 502 669 801
3 502 801 1138
3 225 39 302
3 225 302 1221
3 225 1221 384
3 1132 1221 674
3 674 1221 98
3 674 98 1386
3 1386 98 538
3 538 98 1211
3 1211 98 394
3 394 98 1221
3 674 1386 1608
3 1183 1608 1386
3 1638 1608 1183
3 1608 1612 1499
3 1608 1499 1132
3 1132 1499 1441
3 410 1441 1499
3 410 1499 1244
3 1244 1499 1612
3 1055 277 410
3 1055 410 1244
3 402 277 1055
3 86 1584 751
3 751 1584 1283
3 688 335 86
3 688 751 611
3 611 751 1473
3 1473 751 1283
3 751 688 86
3 1539 611 1473
3 611 692 688
3 688 692 335
3 692 611 1539
3 1327 46 79
3 634 1042 1327
3 634 1327 987
3 1107 987 1064
3 1384 1064 987
3 1384 987 1494
3 1611 1064 522
3 522 1064 1384
3 1064 1177 1107
3 1611 1177 1064
3 439 159 429
3 222 439 429
3 439 222 594
3 1393 222 313
3 1393 313 1586
3 1586 313 1160
3 1160 313 580
3 361 1160 1376
3 820 956 1393
3 820 1393 477
3 477 1393 1586
3 656 1530 201
3 656 201 175
3 656 175 521
3 1185 1530 656
3 1185 656 1190
3 1190 656 521
3 1252 1523 659
3 972 1252 659
3 942 871 1523
3 942 1523 633
3 942 633 739
3 439 1242 165
3 839 165 1242
3 1107 1581 88
3 1581 1107 1177
3 1581 1177 839
3 839 1177 910
3 1435 894 1581
3 1435 1581 1395
3 1395 1581 955
3 955 1581 4
3 4 1581 739
3 1395 955 502
3 1395 502 1138
3 502 955 669
3 1296 669 4
3 4 669 955
3 1497 1435 1054
3 1054 1435 1109
3 610 1054 1109
3 418 1472 166
3 418 166 1575
3 1410 1575 166
3 1327 1472 418
3 1327 418 269
3 1327 269 46
3 1044 1493 545
3 385 1191 209
3 1191 385 865
3 1191 865 50
3 1044 992 1493
3 594 1242 439
3 1608 1132 674
3 176 1377 718
3 176 718 156
3 543 176 1442
3 1203 390 678
3 576 678 1427
3 1427 678 390
3 401 1203 678
3 1427 390 6
3 6 390 1203
3 528 576 455
3 455 576 1427
3 345 1206 568
3 807 1256 791
3 807 791 1225
3 1225 607 807
3 607 3 807
3 152 971 791
3 152 791 1256
3 791 971 1225
3 1225 764 607
3 607 764 937
3 1108 152 714
3 714 152 1256
3 1108 1324 152
3 842 1256 1004
3 226 842 1004
3 1004 966 588
3 1004 588 609
3 226 1004 609
3 842 714 1256
3 1004 1256 966
3 966 937 588
3 588 937 1124
3 1124 937 1480
3 847 1486 764
3 847 764 1225
3 847 1225 971
3 1324 1108 270
3 1324 270 1248
3 199 270 1610
3 1610 270 1108
3 1455 367 251
3 1610 1455 1577
3 251 1577 1455
3 321 1477 1405
3 224 321 1405
3 1142 845 1165
3 1165 845 237
3 237 845 1560
3 817 1036 730
3 1282 1070 1036
3 1282 1036 1583
3 833 133 1353
3 833 1353 78
3 133 833 1428
3 1282 133 1428
3 133 1282 141
3 1353 133 141
3 195 1024 1567
3 549 1495 903
3 997 725 1594
3 997 1594 1075
3 997 1075 535
3 856 276 1290
3 1290 276 1122
3 1590 1085 1035
3 1388 1035 1085
3 1484 55 844
3 1484 1142 1165
3 1484 1165 55
3 1619 237 733
3 1619 733 288
3 1619 288 823
3 1620 731 874
3 1259 731 1620
3 167 727 828
3 167 828 20
3 167 20 731
3 167 731 471
3 471 731 1259
3 731 20 828
3 731 828 874
3 727 1430 1288
3 167 547 1430
3 167 471 547
3 51 280 17
3 17 280 912
3 17 912 1562
3 1163 280 51
3 957 45 1616
3 1616 45 572
3 1247 1294 1024
3 785 1247 1402
3 785 1402 1209
3 785 1209 1449
3 1402 1247 1052
3 1396 1049 1567
3 1236 516 22
3 22 393 1236
3 1594 1236 393
3 535 1122 1514
3 535 1514 997
3 997 1514 725
3 725 1514 1335
3 1514 443 319
3 1514 319 1335
3 856 614 276
3 1046 1388 1533
3 1533 1388 599
3 581 599 1388
3 1085 989 581
3 1590 56 596
3 56 1619 596
3 596 1619 823
3 241 483 684
3 1568 241 684
3 647 904 651
3 913 651 1303
3 913 1303 1557
3 913 1048 651
3 651 1048 647
3 73 828 727
3 73 727 1288
3 73 466 828
3 874 828 466
3 912 1319 1562
3 1161 54 1551
3 1023 1214 835
3 835 1214 977
3 1163 58 977
3 835 977 58
3 1411 885 542
3 1411 542 1368
3 1411 1368 446
3 446 552 1411
3 885 1411 552
3 1110 900 29
3 1110 29 151
3 151 29 1449
3 1449 29 770
3 142 160 151
3 142 151 1209
3 151 160 1110
3 1402 1049 193
3 1402 193 757
3 1326 107 1187
3 1187 193 1049
3 986 1187 1049
3 1326 1 107
3 107 1 126
3 1408 279 511
3 632 137 1470
3 632 423 736
3 632 736 137
3 137 736 1550
3 137 1550 1470
3 407 516 1335
3 1335 578 407
3 407 578 1354
3 797 883 150
3 797 150 1329
3 1329 150 850
3 883 373 1489
3 724 563 850
3 724 850 150
3 724 150 883
3 724 883 1489
3 771 289 868
3 771 868 63
3 63 127 771
3 771 127 1407
3 771 1407 952
3 868 289 103
3 822 1067 349
3 349 273 1432
3 870 1590 216
3 461 675 984
3 984 340 250
3 901 114 168
3 1481 901 168
3 223 901 1481
3 523 1631 122
3 1303 904 988
3 278 1406 1456
3 708 1176 1394
3 1394 314 708
3 708 314 1496
3 1204 185 558
3 1204 558 53
3 53 558 1311
3 1548 1204 53
3 1520 1204 1548
3 1520 1548 1553
3 1161 327 1344
3 1344 327 1180
3 991 1547 414
3 991 414 1603
3 770 1045 1347
3 1445 460 285
3 1445 285 798
3 1026 1110 160
3 1026 160 757
3 1026 757 1361
3 227 1340 721
3 1238 1345 1417
3 336 499 217
3 1179 336 217
3 1179 217 920
3 1179 1141 336
3 457 217 499
3 920 217 457
3 1593 1032 582
3 1595 1018 183
3 1018 89 1273
3 1595 89 1018
3 1029 702 1079
3 1029 1079 476
3 495 1029 476
3 1029 1273 702
3 702 1273 89
3 702 87 1079
3 950 1556 1245
3 1314 1258 831
3 1314 831 950
3 950 831 1556
3 425 470 1012
3 425 1414 470
3 1432 76 1414
3 274 1391 1352
3 274 1352 1366
3 274 1366 898
3 898 377 274
3 274 377 1391
3 242 571 1391
3 984 1391 377
3 984 1189 1391
3 1352 1391 571
3 1189 447 1391
3 1189 1621 447
3 242 1391 447
3 889 553 1352
3 1451 458 1275
3 396 979 1524
3 530 1088 621
3 215 1565 1030
3 1030 1088 530
3 1639 1030 1565
3 1385 1000 172
3 411 498 52
3 411 52 172
3 172 52 1385
3 1385 52 1027
3 1000 1385 1538
3 1000 867 172
3 411 172 867
3 188 864 1219
3 188 1219 489
3 726 1362 1622
3 334 855 489
3 334 42 855
3 489 855 188
3 334 489 726
3 1520 825 1528
3 1519 1403 790
3 1080 698 1112
3 962 1358 259
3 259 1358 1603
3 1603 1358 366
3 120 848 1603
3 259 1603 848
3 259 848 962
3 919 332 848
3 332 1213 848
3 570 795 432
3 92 190 212
3 92 212 738
3 92 738 570
3 570 298 92
3 190 92 298
3 673 1334 1478
3 1558 1095 1440
3 1081 1440 1095
3 524 1300 82
3 1332 1033 234
3 1033 652 524
3 1033 520 234
3 1490 886 318
3 1212 999 1490
3 8 1273 707
3 8 707 953
3 8 953 778
3 778 641 1246
3 778 1246 949
3 1041 641 778
3 641 1041 1401
3 1041 778 953
3 949 405 8
3 949 8 778
3 252 405 949
3 788 1041 953
3 49 858 1464
3 1118 49 1464
3 49 1118 1226
3 49 1226 858
3 1245 282 950
3 282 907 950
3 950 907 1314
3 1008 1245 1365
3 1012 7 1515
3 192 746 148
3 192 148 1420
3 1420 148 1515
3 1420 1515 7
3 1515 148 1074
3 1167 192 1369
3 1420 1369 192
3 1373 898 1369
3 244 12 766
3 1270 311 1307
3 1001 311 1270
3 941 927 408
3 941 408 1307
3 1270 1307 408
3 1270 408 1014
3 1014 408 927
3 927 1351 1275
3 927 1275 585
3 585 1231 1014
3 585 1014 927
3 331 1374 1534
3 995 621 184
3 995 184 1182
3 184 1200 1182
3 121 136 386
3 386 1088 121
3 121 1359 136
3 1419 639 93
3 93 639 1316
3 639 1419 1453
3 1453 1419 496
3 1000 880 867
3 867 1419 93
3 1419 867 880
3 1485 994 967
3 994 1485 799
3 994 799 326
3 994 326 1230
3 1462 1485 1587
3 1462 1037 799
3 1462 799 1485
3 906 1219 899
3 906 1362 726
3 255 1230 864
3 864 1230 326
3 864 326 1037
3 774 1561 968
3 774 968 709
3 709 968 1120
3 42 863 1561
3 1076 993 1343
3 993 383 1157
3 1076 383 993
3 1080 1112 23
3 786 23 1112
3 786 642 23
3 642 786 1025
3 1025 786 1297
3 84 375 1537
3 567 1537 375
3 795 738 454
3 795 454 650
3 650 454 1318
3 1010 1318 1349
3 1010 1349 711
3 1318 454 1349
3 454 738 1349
3 1591 1272 1478
3 1630 1188 1632
3 1317 220 1627
3 1317 734 220
3 826 1325 1095
3 1095 1558 826
3 652 181 1604
3 943 710 862
3 862 181 943
3 1531 676 1306
3 1624 1467 218
3 1624 218 643
3 218 981 643
3 1624 643 415
3 1624 886 1467
3 1467 445 218
3 218 445 981
3 1212 387 999
3 593 1463 1208
3 1464 1208 1463
3 1463 593 1181
3 1181 593 1545
3 1008 772 1235
3 852 1235 772
3 1365 1415 579
3 579 469 1365
3 579 427 1302
3 579 1302 1196
3 755 1302 427
3 755 427 488
3 755 668 1255
3 1167 960 746
3 789 69 668
3 789 668 369
3 1508 1147 1535
3 564 876 147
3 105 1086 1279
3 1421 105 1279
3 1421 1279 1137
3 1421 146 1437
3 1437 146 1299
3 146 1421 1137
3 1421 1437 105
3 105 399 1086
3 592 1299 658
3 1299 146 658
3 1277 1299 592
3 380 1031 1453
3 1031 1579 1453
3 360 923 47
3 923 360 406
3 923 403 47
3 948 891 1359
3 948 1359 716
3 948 1579 205
3 948 205 891
3 1579 948 716
3 1040 756 1510
3 260 1220 682
3 1120 66 343
3 1019 374 246
3 1019 246 1278
3 1278 246 1120
3 1561 1224 623
3 504 623 1224
3 398 660 934
3 660 459 934
3 934 459 1097
3 1157 1570 398
3 398 1038 660
3 660 485 459
3 459 485 1097
3 485 660 178
3 178 660 1038
3 178 1038 492
3 178 492 1093
3 383 944 534
3 567 990 575
3 164 1136 1005
3 1005 1136 84
3 84 1136 375
3 1005 84 389
3 1084 1336 1136
3 1136 1336 777
3 220 734 951
3 220 951 1632
3 1632 1627 220
3 1338 138 316
3 951 316 138
3 1338 109 138
3 138 109 951
3 1083 951 109
3 737 1375 1197
3 491 104 945
3 491 945 1370
3 945 104 1284
3 676 1531 854
3 1306 676 1218
3 1306 1218 417
3 1306 417 1284
3 978 589 1218
3 978 1218 676
3 978 676 854
3 854 1531 1096
3 412 1597 263
3 412 97 1597
3 667 1597 97
3 667 97 267
3 1293 267 1628
3 97 1628 267
3 1628 97 412
3 198 958 229
3 636 182 1542
3 71 636 1542
3 71 1542 723
3 182 1115 1542
3 723 229 71
3 71 229 636
3 1115 182 636
3 395 661 484
3 484 661 125
3 125 661 1571
3 1302 1571 1196
3 914 235 1571
3 914 1255 419
3 419 235 914
3 564 1261 626
3 564 626 1147
3 604 1261 117
3 720 803 604
3 1544 1039 591
3 1474 180 712
3 1574 1474 712
3 608 180 1474
3 180 803 712
3 712 526 1574
3 422 1400 1086
3 35 399 1437
3 1015 694 1380
3 1380 694 1633
3 961 664 694
3 961 694 1015
3 961 1015 1606
3 34 1606 1015
3 374 1536 922
3 1629 1129 1154
3 328 875 291
3 328 291 548
3 328 631 875
3 875 213 1629
3 875 1629 291
3 213 875 275
3 178 1093 416
3 485 178 416
3 416 449 485
3 619 416 1452
3 728 492 1038
3 1038 1570 728
3 944 1570 534
3 944 247 1570
3 30 1532 333
3 584 1133 1139
3 27 1512 930
3 27 930 1500
3 1500 930 1098
3 1155 813 915
3 1338 1197 295
3 1338 100 357
3 100 1338 295
3 1375 1287 1416
3 589 379 1218
3 417 1218 646
3 59 1422 667
3 1422 59 1438
3 1229 57 1436
3 1436 345 1229
3 1251 362 437
3 125 1571 1505
3 125 1505 484
3 395 484 9
3 395 9 1309
3 231 690 1505
3 231 1505 325
3 325 882 312
3 1505 690 484
3 325 1505 1257
3 325 1257 882
3 696 754 1175
3 696 1175 420
3 763 975 808
3 763 1320 975
3 763 36 44
3 1178 249 851
3 1320 851 249
3 233 111 761
3 761 111 75
3 1322 761 75
3 761 346 233
3 793 815 513
3 1276 815 793
3 1400 422 670
3 1400 670 236
3 236 670 830
3 243 1633 1087
3 243 1087 1267
3 1087 664 1066
3 174 1378 929
3 841 1378 174
3 1262 174 933
3 1511 729 72
3 72 338 1511
3 1511 983 1310
3 1511 1310 729
3 204 729 1310
3 338 72 15
3 1389 1448 108
3 1448 1511 338
3 1448 338 108
3 108 158 1389
3 1448 982 566
3 1448 566 1511
3 732 1613 586
3 732 586 1431
3 1431 982 732
3 732 509 1613
3 308 1433 517
3 1433 1452 517
3 781 1426 814
3 781 814 508
3 781 508 1447
3 519 843 191
3 191 843 1057
3 1057 843 635
3 519 1186 866
3 519 866 843
3 1269 932 1186
3 930 1199 1062
3 930 1062 1098
3 1346 132 106
3 1346 750 1249
3 1346 1249 132
3 813 1155 149
3 106 813 149
3 106 149 1346
3 96 1346 149
3 96 149 1228
3 100 257 821
3 1170 228 689
3 1170 689 297
3 228 1170 1034
3 758 963 202
3 758 1184 1068
3 758 1068 963
3 758 202 806
3 824 541 963
3 963 541 1254
3 202 1254 806
3 541 824 284
3 1498 284 1150
3 494 819 129
3 665 129 819
3 129 665 782
3 440 782 1601
3 665 819 1263
3 1201 1263 1071
3 1171 129 440
3 1171 1172 494
3 1171 494 129
3 877 434 329
3 877 329 238
3 877 238 1094
3 238 329 1614
3 1268 337 1502
3 80 1502 337
3 372 1100 211
3 211 606 372
3 187 882 1339
3 187 606 882
3 211 882 606
3 115 690 231
3 115 231 312
3 115 312 1309
3 115 1309 9
3 115 9 690
3 1339 928 187
3 1320 1492 697
3 697 1492 800
3 800 1398 697
3 697 1398 1320
3 1491 1543 510
3 346 1153 233
3 233 1153 627
3 111 627 946
3 111 946 256
3 111 256 75
3 256 946 1564
3 1600 946 818
3 946 1600 1564
3 818 946 627
3 1153 818 627
3 1488 33 1111
3 33 1488 1555
3 1439 350 742
3 1439 742 601
3 1439 601 775
3 775 1111 424
3 1111 775 1488
3 1555 1488 1295
3 131 1488 775
3 601 131 775
3 884 350 1439
3 424 1439 775
3 1439 424 884
3 1328 436 28
3 695 28 436
3 748 1192 550
3 1192 748 1592
3 983 1511 317
3 1192 1431 550
3 1379 262 300
3 300 262 704
3 102 1337 90
3 102 90 1450
3 1286 90 638
3 102 1056 1337
3 1240 245 140
3 140 245 1056
3 759 1527 253
3 759 253 341
3 253 1426 341
3 1447 866 1426
3 1186 309 341
3 341 309 759
3 932 1082 1503
3 1503 1082 699
3 827 1250 1381
3 101 1381 1250
3 40 304 1330
3 827 598 1250
3 1237 1170 1234
3 1498 479 1254
3 1254 541 1498
3 976 769 134
3 134 769 301
3 409 134 301
3 134 409 1541
3 1541 976 134
3 769 976 1483
3 512 301 769
3 1280 677 1150
3 315 1601 782
3 315 782 665
3 170 1263 1397
3 1397 1263 819
3 1444 877 1094
3 1444 507 452
3 1444 452 877
3 1614 1372 238
3 238 1372 587
3 238 587 1094
3 1611 13 258
3 13 1634 258
3 1007 760 1090
3 1295 1090 760
3 996 601 742
3 996 1295 1488
3 996 1488 131
3 996 131 601
3 196 640 1367
3 640 662 1367
3 196 1367 1090
3 196 1090 622
3 196 622 640
3 662 1442 156
3 662 156 1367
3 884 264 1442
3 1156 1377 543
3 1459 1337 351
3 1337 1459 1596
3 397 24 1503
3 397 1423 24
3 24 1423 685
3 24 685 1617
3 24 1617 1503
3 1239 514 1313
3 1501 1423 514
3 1501 514 1239
3 1330 1061 1554
3 1404 1250 598
3 1404 304 1250
3 598 577 1404
3 780 1418 1509
3 780 1509 1061
3 780 1061 303
3 1418 780 577
3 1418 577 1135
3 801 363 1412
3 1458 717 1466
3 861 302 869
3 869 637 1476
3 1221 861 394
3 861 1221 302
3 1386 538 1071
3 296 1094 687
3 546 687 1094
3 1608 687 546
3 587 1612 546
3 587 546 1094
3 546 1612 1608
3 749 1612 1372
3 1614 1491 1372
3 1473 1017 1539
3 987 79 145
3 1494 987 145
3 1494 145 878
3 86 878 402
3 878 86 335
3 878 335 1494
3 145 79 25
3 145 25 878
3 878 25 277
3 402 878 277
3 860 532 258
3 258 532 1611
3 890 474 860
3 429 474 580
3 580 474 890
3 1507 1596 1518
3 1507 361 1065
3 1507 1065 1596
3 820 477 201
3 1501 1190 521
3 1501 521 1423
3 1413 1423 521
3 1105 306 1190
3 497 1252 556
3 1523 85 633
3 1581 942 739
3 1581 839 942
3 225 1410 39
3 1109 39 1410
3 1441 1232 1132
3 384 1132 1232
3 269 11 1222
3 1222 46 269
3 269 1575 11
3 1222 11 1441
3 938 634 1107
3 938 1107 88
3 910 159 165
3 159 910 532
3 871 1429 1530
3 1429 169 240
3 956 240 594
3 956 594 1393
3 1242 594 169
3 169 594 240
3 155 956 820
3 155 820 1530
3 155 1530 1429
3 155 1429 240
3 155 240 956
3 1429 62 169
3 1429 871 62
3 62 1242 169
3 1174 21 1581
3 21 545 1581
3 545 21 1174
3 1174 894 515
3 894 1174 1581
3 1497 894 1435
3 1497 515 894
3 209 1191 610
3 209 610 1410
3 209 1410 166
3 792 385 209
3 792 209 1472
3 1042 433 787
3 433 1472 787
3 433 1020 865
3 873 50 992
3 873 992 322
3 873 811 50
3 811 873 365
3 887 322 992
3 887 992 1044
3 1382 887 743
3 1044 743 887
3 365 873 1382
3 1382 873 322
3 322 887 1382
3 365 1054 811
3 687 1608 1638
3 687 1638 1397
3 903 1495 1637
3 903 1637 1577
3 1334 1487 1635
3 1334 1635 1478
3 114 901 1636
3 114 1636 1621
3 1359 1030 1639
3 1359 1639 1454
3 1417 1604 1640
3 1417 1640 1558
