ply
format ascii 1.0
comment Generated by PyMesh
element vertex 4533
property float x
property float y
property float z
property float charge
property float hbond
property float hphob
property float iface
property float nx
property float ny
property float nz
element face 9062
property list uchar int vertex_indices
end_header
37.237 36.986 57.267 -0.627515 -0 -1.3 0 -0.354196 -0.920775 0.16346
39.145 35.579 52.48 -0.848397 -0.263671 -0.4 0 0.678772 -0.732681 -0.0494735
61.941 52.272 63.21 0.217377 0 4.2 0 -0.979745 0.17013 0.105618
62.73 48.613 34.455 0.0537109 0 -3.5 0 0.412642 0.427314 -0.804444
54.375 58.645 40.361 -0.105386 -0.85715 -0.8 0 -0.275667 0.959117 -0.0640483
18.214 47.819 55.852 0.550655 -0 -3.5 0 0.372866 0.0523679 0.926406
29.4445 45.62 39.1605 0.0633763 0 -0.7 0 0.583793 -0.76312 -0.27719
61.5535 48.0335 59.0985 0.0281178 -0.00205932 -0.401207 0 -0.759984 -0.556153 0.33633
41.579 49.393 34.25 -0.222946 0 -3.5 0 -0.0562868 0.716308 -0.69551
21.296 38.986 53.488 -0.904248 -0.468653 -3.5 0 0.948772 -0.239179 -0.206458
71.143 34.958 40.2685 0.0455542 -0.850634 -0.7 0 0.630765 -0.127102 -0.765493
13.982 56.18 46.142 -1.07307 -0.0118557 -3.5 0 -0.27164 0.8059 -0.526058
8.8705 38.5815 54.8985 0.320687 0.008913 -3.5 0 -0.932469 0.287221 -0.219103
61.1375 37.559 58.33 0.0676311 0 3.8 0 -0.675827 0.233923 0.698955
57.685 61.4445 43.1335 0.423081 0 4.5 0 -0.0100143 0.921841 0.387438
37.4835 56.5695 44.045 0.157072 0 -0.8 0 0.735603 -0.646469 -0.2024
41.939 57.172 39.1495 0.321881 -0.880845 -0.8 0 0.389293 0.139546 -0.910482
11.532 40.528 48.6305 1.14896 0.140702 -3.63946 0 -0.634969 0.772495 0.00803422
48.159 32.092 41.489 0.71244 0.868484 -3.37476 0 0.405158 -0.875451 0.263501
60.3555 54.627 58.1925 0.344823 0 -0.9 0 -0.642322 0.72738 0.241539
24.425 56.8875 47.5645 0.12023 0.00451807 3.82885 0 -0.684166 0.599902 -0.41477
65.9805 47.6465 62.8915 0.113057 0 -3.5 0 0.0585633 -0.572305 0.817947
45.3455 57.327 56.032 1.88265 0 -3.9 0 -0.698585 -0.464097 0.544604
17.4845 36.158 38.562 0.381147 0 1.8 0 0.0843496 -0.979191 -0.184583
66.046 60.356 38.816 0.692376 0 3.8 0 -0.75685 0.609885 -0.234987
71.615 58.294 52.972 1.33256 0 -3.9 0 0.697329 0.6919 0.187104
69.049 39.561 35.793 0.274301 0 -0.8 0 -0.135847 0.228749 -0.96396
56.746 41.5115 35.525 0.639381 0 4.5 0 -0.458821 -0.333569 -0.823538
24.2215 30.9495 45.1995 0.111104 0 4.5 0 -0.208691 -0.973894 -0.0893246
25.548 41.673 33.673 0.0116256 0 -0.7 0 0.772718 -0.633194 0.0444072
43.7875 55.6495 38.627 0.496021 -0.48476 -2.20374 0 -0.387193 0.780499 -0.490818
38.066 43.5805 35.598 0.375149 0 -2.33574 0 -0.0144625 0.780932 -0.624449
13.471 47.971 45.647 -0.0703552 0 1.8 0 -0.743589 0.49524 0.449237
53.565 47.74 32.339 0.650877 0 4.2 0 -0.423518 -0.215035 -0.879996
46.31 39.413 34.4 0.805557 0 -3.9 0 -0.789286 -0.549078 0.274849
40.823 40.317 32.3835 2.36401 0 -3.9 0 0.553755 -0.806819 -0.20591
57.4585 43.7405 34.85 2.35983 0 4.5 0 0.174597 -0.603295 -0.778172
15.7225 40.677 37.956 -0.51542 0 1.8 0 -0.0383452 0.236314 -0.97092
51.2475 35.7655 46.3255 1.194 0 -4.5 0 -0.871584 -0.478014 -0.108829
56.6285 60.285 47.265 2.14977 0.0204356 -3.9 0 0.54108 0.781508 -0.310607
33.204 59.495 43.5275 0.415237 0 -0.8 0 -0.509364 0.41503 -0.753855
64.941 36.069 58.567 0.257615 0 3.8 0 0.475475 -0.42119 0.772349
24.8525 57.162 56.555 0.26272 0 3.8 0 0.890145 0.0638004 0.451189
40.943 55.096 49.918 1.87498 0.380432 -3.5 0 -0.525607 0.827573 0.197132
63.965 28.447 48.306 2.48449 0 -3.9 0 0.140927 -0.219793 0.965314
71.182 50.596 62.189 0.777934 0.52581 -3.5 0 0.168573 0.955191 0.243297
21.977 63.5985 53.536 -0.676268 -0.147277 -3.5 0 -0.955162 0.133829 0.264111
38.5942 44.8145 56.3008 0.824432 0 -3.9 0 -0.568487 0.710047 0.415519
55.9753 59.0107 49.276 2.13626 0.553117 -3.9 0 0.595203 0.0966471 0.797742
13.5095 45.774 54.2645 0.215348 0 -3.5 0 -0.713003 0.667143 -0.21575
72.848 42.398 40.0845 0.556745 0 -0.55093 0 0.378701 0.36081 -0.852292
48.509 52.7575 33.741 0.432999 0 -1.24376 0 -0.404235 0.64271 -0.650782
56.904 46.0945 32.1115 0.166526 0 4.2 0 0.0694918 -0.15232 -0.985885
77.6785 34.3055 46.0355 0.00682394 0 -1.3 0 0.55933 -0.395784 -0.728358
25.934 58.385 54.942 -0.353483 -0.202361 3.8 0 0.662075 -0.170218 0.729851
68.5925 46.0645 61.465 -0.396258 -0.758993 -3.5 0 -0.110676 -0.917731 0.381472
10.935 45.865 50.278 0.226298 0 3.8 0 -0.944879 0.325704 0.0334802
58.897 60.38 48.982 -0.356904 -0.413224 -3.5 0 -0.629957 -0.0736101 0.773134
50.055 32.9335 38.3395 -0.963421 -0.151924 -3.5 0 0.276159 -0.957057 -0.0881945
40.06 47.33 55.393 1.43621 0.250638 -3.9 0 -0.915862 -0.401463 0.00499309
68.456 51.9085 47.4045 0.468469 0 -0.877232 0 0.915676 0.350562 -0.19658
39.677 58.8605 42.253 0.676459 0 -0.8 0 0.204129 0.880745 0.427341
63.393 46.7705 61.379 -0.517672 -0.809654 -3.0789 0 -0.613657 -0.424184 0.665953
74.1035 47.8295 55.9775 -1.30645 -0.150471 -3.5 0 0.930849 -0.331837 0.152984
64.675 44.122 60.52 0.16057 0 2.8 0 -0.236637 -0.0397436 0.970785
60.979 51.8165 50.6205 4.5803 0 -4.20049 0 -0.2587 0.818899 0.512327
59.794 48.994 34.59 0.0155346 -0 -3.9 0 0.092122 0.663805 -0.742211
54.3755 36.5625 35.3605 -1.59531 0.0489055 -3.5 0 0.319757 0.397683 -0.860002
49.4365 37.928 30.043 0.936065 0 -3.9 0 0.833771 -0.0207751 -0.551719
20.4495 33.5955 50.458 0.301912 0 -1.6 0 0.619242 -0.715389 0.323664
67.743 38.369 36.9395 -0.0879666 0 -0.8 0 -0.565832 -0.254612 -0.784224
21.269 51.28 55.095 0.53776 0 3.8 0 -0.191788 0.0576893 0.979739
72.5615 36.9225 39.5315 0.738257 0.372951 -0.637168 0 -0.0898871 -0.844654 -0.527712
64.5445 63.906 51.539 0.581181 0.376931 -4.5 0 0.115494 0.136493 0.983886
43.978 32.2015 43.8135 0.100022 -0.507558 -2.14637 0 0.163251 -0.641528 0.749527
38.386 37.417 45.931 -0.376844 0 -4.5 0 -0.559103 0.737359 -0.379085
46.3345 35.3715 55.6575 -0.0364176 0 2.8 0 -0.20676 -0.788111 0.579768
33.28 57.1975 38.9245 0.458265 0 4.5 0 -0.537115 0.430648 -0.725293
55.5355 47.246 31.5665 0.362676 0 4.2 0 0.154293 -0.132686 -0.979075
22.4775 52.505 38.778 -0.825159 -0.072058 4.2 0 -0.209941 0.682817 -0.699775
12.493 44.351 42.4715 0.45143 0.0493902 1.8 0 -0.793943 -0.0713983 -0.603786
56.32 60.229 45.055 1.16378 0 -3.9 0 0.292395 0.92698 0.234976
68.093 56.94 61.2475 -0.0944068 0 -3.5 0 0.80729 0.58888 -0.0387756
70.498 46.437 62.9395 -0.710708 -0.323061 -3.5 0 0.269292 -0.646407 0.71389
70.089 45.94 61.246 -0.763522 -0 -3.5 0 0.477026 -0.856699 -0.196246
22.0215 60.1515 47.1155 0.316606 0 -3.5 0 0.86016 0.391035 -0.32744
21.626 41.695 57.381 0.551889 0.457888 -3.5 0 0.408475 0.25752 0.875689
27.866 52.7825 54.143 0.384333 0 -3.5 0 -0.770354 -0.235093 0.592694
69.169 53.7228 48.09 0.0290163 -0.193828 -1.3 0 0.640884 -0.063242 -0.765028
75.042 44.252 41.802 3.89858 0 -3.9 0 0.0722573 0.131396 -0.988693
57.9432 52.918 54.6302 2.84736 0 -4.5 0 0.251779 0.895708 -0.36649
29.9042 40.8478 44.296 -1.32693 0 -0.8 0 0.181404 -0.819436 -0.543707
43.0742 54.9495 36.7785 0.968546 0 -3.5 0 -0.333611 0.94049 -0.0646697
51.535 55.917 52.701 0.799903 0 -3.9 0 0.972017 0.233939 -0.0213475
65.335 67.309 46.8963 0.140525 0 1.9 0 -0.508859 0.747585 0.426824
68.9638 36.111 48.5395 1.82669 0.91813 -3.9 0 0.164493 -0.528307 -0.832967
28.7705 59.1445 43.837 0.337303 0 -0.7 0 0.439852 -0.399164 -0.804486
43.6287 51.0158 54.9723 1.89998 0.635725 -0.8 0 -0.000171905 0.766062 0.642767
70.383 60.968 45.067 -0.787307 -0 3.8 0 0.395586 -0.0116604 0.918355
42.9388 35.7018 48.7868 0.391381 0 4.2 0 -0.232483 -0.773753 0.589285
17.177 58.613 46.149 -0.581874 -0.222345 -3.5 0 -0.634072 -0.449368 -0.629302
57.2342 30.5322 55.4033 -1.11704 0 -3.5 0 -0.714467 -0.69823 0.0448645
61.0025 54.3675 49.57 2.7308 0 4.5 0 -0.391258 0.464206 0.794626
68.614 43.2215 34.589 0.546532 0 2.8 0 0.818651 -0.399987 -0.412094
40.7262 44.168 56.3937 0.720907 0 -3.9 0 0.571485 0.642487 0.510505
68.5865 41.3275 39.4658 0.565726 -0.0869773 -0.790647 0 -0.255671 0.43242 -0.864665
58.4275 39.4852 57.59 -0.156117 0 -3.5 0 0.28519 0.281472 0.91621
19.7658 57.912 42.484 0.267006 0 3.8 0 0.139967 0.752544 -0.643496
73.7142 63.92 42.6553 0.036806 -0.0836803 -3.9 0 0.87458 0.426558 0.23056
70.7718 47.4263 63.1575 -0.342679 -0.0288059 -3.5 0 0.365226 -0.136998 0.920783
38.0355 47.8652 53.2827 1.35882 0.0967837 -3.51336 0 -0.0656087 -0.34456 0.936469
78.7425 33.3377 49.314 0.21557 0 -1.3 0 0.638139 -0.730566 0.243006
69.4775 35.3717 49.1712 1.62621 0.0293428 -3.9 0 0.0190687 -0.68243 -0.730702
47.4005 31.3962 39.3647 0.475288 0 -3.5 0 0.643567 -0.726675 0.240342
57.6473 32.477 61.3652 1.03001 0 -3.9 0 -0.0642089 -0.356954 0.931912
22.4755 49.8415 36.8903 0.387976 0 -3.5 0 -0.691366 0.421782 -0.586611
62.4627 32.3302 51.7658 -0.681306 -0.168335 -3.9 0 0.904486 -0.103429 0.413771
69.5167 48.505 35.65 0.654426 0.105687 1.37539 0 0.590608 -0.679777 -0.434839
53.8825 35.722 35.033 -0.220928 -0.0245078 -3.5 0 0.145836 -0.0676437 -0.986994
49.607 59.228 56.506 0.690526 0 -3.9 0 0.661353 0.14739 0.735451
18.0093 57.2287 46.3365 -0.0702906 0 2.85657 0 -0.734038 0.0794763 -0.674442
59.8105 61.351 47.2435 -0.753499 -0.0906564 -3.5 0 -0.767812 0.640531 0.013588
61.6598 34.1465 51.0962 -0.055048 0 1.36533 0 0.967301 0.226171 0.114779
48.5245 62.5095 51.701 0.0893819 -0.206064 -3.5 0 -0.393182 0.906472 0.153999
56.722 29.467 44.014 0.279183 0 -3.5 0 -0.647139 -0.740693 -0.180515
59.043 28.47 43.6295 0.353168 0 -3.5 0 -0.264995 -0.941261 -0.209297
73.723 49.768 58.031 -0.787996 -0.591307 -3.5 0 0.677535 0.523315 0.516805
61.6628 45.5111 59.7521 -0.366605 0 2.8 0 -0.675136 0.228791 0.701317
29.1353 38.532 45.267 -0.459982 0 1.8 0 0.249423 0.0766303 -0.965358
43.153 58.6135 50.9195 0.807789 0 -3.5 0 -0.876481 0.473688 -0.0860301
70.4133 51.8452 50.7822 0.411426 0 -1.3 0 0.985241 -0.055215 -0.162023
31.3838 47.4075 35.7982 0.540678 0.727356 -4.5 0 -0.375336 -0.309556 -0.873669
46.3095 59.389 58.69 2.52488 0.0460867 -3.9 0 -0.200786 0.126179 0.971475
63.8335 36.813 53.3795 0.443066 0 2.9489 0 0.314395 -0.511721 -0.799561
50.3085 59.8065 54.087 0.565947 0 -3.9 0 0.865358 0.436281 0.246606
50.697 58.7183 53.8763 0.577619 0 -3.9 0 0.849222 0.398745 0.346156
55.944 50.3905 59.3402 0.51455 0.0412195 -4.5 0 -0.322312 -0.177174 0.929906
47.4683 57.4595 39.6543 1.22439 0 -0.760437 0 -0.792043 0.602401 -0.0988955
34.9225 39.6888 40.4902 0.230824 0 3.8 0 0.436804 -0.88903 0.137218
16.344 55.8335 54.7 1.05933 0 -4.5 0 0.51061 -0.405899 0.757973
22.8263 50.8335 37.3413 0.124733 0 -3.5 0 -0.636808 0.556054 -0.534115
38.987 33.0885 43.3315 0.650633 0 -4.5 0 -0.466221 -0.71382 -0.522589
14.5295 42.42 56.2988 0.0186815 0 -3.5 0 -0.434094 -0.342046 0.833407
37.5465 36.6382 55.2173 0.195454 0 -0.4 0 0.094527 -0.919289 0.382064
27.4875 35.1087 48.3288 -0.378448 0 -3.5 0 0.313896 0.126157 0.941038
34.8377 57.0965 38.5262 0.626044 0 4.5 0 -0.040375 0.555046 -0.830839
9.6245 54.234 42.1125 2.53158 0.0233818 -3.9 0 -0.737571 0.295678 -0.607094
25.556 34.9238 40.9442 -0.042155 0 -0.7 0 0.447038 -0.720624 -0.529961
49.611 37.3245 56.6515 0.199212 0 2.8 0 0.429325 0.214892 0.877212
68.0543 36.2855 54.2155 0.705501 0 -3.9 0 -0.550687 -0.829022 0.0972949
66.2265 62.3115 50.8647 0.247673 0 -4.5 0 0.380369 -0.399028 0.834323
36.8322 46.1794 35.5236 0.390201 0 -0.8 0 0.154902 -0.00867534 -0.987892
74.4535 55.2567 41.189 1.36445 0 -2.42776 0 0.877512 -0.398226 -0.267186
13.3455 45.6055 55.2695 0.103232 0 -3.5 0 -0.848388 0.446018 0.28514
13.405 52.888 49.0635 -1.01213 0 -3.5 0 -0.453156 -0.768384 0.451925
39.8555 32.7105 43.0057 0.828671 0 -4.5 0 -0.491716 -0.810839 -0.31742
72.9145 65.2655 38.3865 -0.124559 0 -0.8 0 0.210623 0.554301 -0.805226
26.226 45.21 58.313 0.0441453 0 -3.5 0 -0.0705163 0.0569394 0.995884
60.9696 44.74 59.5973 -0.0932677 0 2.8 0 -0.565509 0.272403 0.778458
15.3783 50 53.8693 1.83536 0.011056 -3.9 0 -0.982907 -0.138513 -0.121275
15.3003 49.4338 54.7795 2.08208 0.32403 -3.9 0 -0.967422 -0.0126624 0.252854
57.7972 44.5125 34.0928 1.96007 0 -1.28025 0 0.0867159 -0.765398 -0.637688
70.2244 54.7884 48.6176 -0.162437 -0.0496272 -1.3 0 0.58189 0.348817 -0.734663
9.508 37.8585 47.1265 2.70562 0.34672 -3.9 0 -0.854459 -0.518246 -0.036341
9.93175 37.9825 45.984 1.8344 0.0100648 -3.9 0 -0.786981 -0.574183 -0.225778
14.939 45.912 57.202 -0.673813 0 -3.5 0 -0.711053 0.344821 0.612782
36.284 37.6095 56.98 0.00755968 -0.150078 -1.3 0 -0.754299 -0.614561 0.23097
61.0505 49.476 62.0905 -0.753673 -0.166624 -0.4 0 -0.685772 -0.184501 0.704043
76.739 43.338 46.158 1.13341 0 -3.9 0 0.880503 -0.173302 0.441227
62.533 48.4995 62.0728 0.30368 0 -0.4 0 -0.451022 -0.614687 0.647101
48.756 59.151 44.114 -0.379658 -0 -3.9 0 -0.573854 0.785471 0.231792
17.6642 47.1468 39.1463 0.0578207 -0.0264043 1.73295 0 0.0345677 0.91455 -0.402994
38.6143 58.434 47.301 0.640658 0 -0.7 0 0.767073 0.503626 -0.397443
16.862 34.6242 41.3973 -0.224661 -0.525505 -0.0274306 0 -0.133647 -0.539874 -0.831068
10.688 37.539 44.251 0.537066 0 -3.5 0 -0.967083 -0.151563 -0.204399
41.2325 54.721 44.9577 1.0515 0.0143721 -3.41177 0 -0.575613 0.792136 -0.202954
67.797 63.1235 40.682 0.502408 0 -0.8 0 -0.308669 0.264307 -0.91371
68.5585 63.958 40.6705 0.127081 -0.531621 -0.8 0 -0.570788 0.138888 -0.809266
52.5057 32.6565 55.6138 0.471454 0 -3.5 0 -0.0372754 -0.718678 0.694343
59.535 56.5205 36.7975 0.306015 -0.600281 3.9551 0 0.786581 0.426637 -0.446398
23.8692 63.4403 51.5475 -0.0369308 0 -3.5 0 -0.0552627 0.53247 -0.844643
53.3115 58.9415 41.8335 0.839126 -0.013762 -3.85382 0 0.212873 0.901047 -0.377887
15.391 59.406 54.103 1.24871 0 -4.5 0 -0.515581 0.744444 0.424239
70.749 57.2142 54.3245 1.147 0 -3.9 0 0.280968 0.302059 0.910943
55.4757 31.7488 39.879 -0.727814 -0.0745087 -3.5 0 -0.275501 -0.96128 0.00625125
63.4948 57.3802 53.7448 0.412658 0 -1.6 0 -0.928515 0.331596 0.167042
49.8677 33.931 51.3585 0.583101 -0.0944798 -2.80772 0 0.273324 -0.58506 -0.763543
46.9405 51.5477 31.6857 0.363197 0.613964 -1.22054 0 -0.135813 0.812106 -0.567484
72.3942 44.8273 40.4475 0.583962 0 -0.7 0 0.526868 0.212309 -0.823004
50.3175 59.8312 42.502 0.192065 0 -0.75883 0 0.0958887 0.93375 0.344842
66.8875 53.6345 58.5028 0.438994 -0.0244947 -3.5 0 0.858969 -0.161409 -0.485921
35.833 34.258 47.918 0.625146 0 -4.5 0 -0.173985 -0.665633 0.725714
59.0742 28.5763 46.4077 -0.560857 -0.00665846 -3.5 0 0.427657 -0.809449 0.40237
18.9737 33.3397 43.1912 -0.133813 -0.194543 1.8 0 0.228983 -0.915905 -0.329673
36.6015 46.1867 53.5545 0.381754 -0.034554 -3.56953 0 -0.148212 0.436175 0.887572
60.3755 61.3835 44.7238 0.120601 0 -3.5 0 -0.708663 0.705541 0.00277021
19.109 41.993 37.3952 -0.98143 -0.895213 -0.4 0 -0.630418 0.606549 -0.484428
55.8957 53.8415 33.279 0.0430993 0 -3.5 0 -0.593719 -0.172524 -0.78596
80.171 37.0655 51.07 -0.967741 -0.292963 -1.3 0 0.118162 -0.724425 0.679151
13.5025 45.619 52.179 0.265473 0 3.50487 0 -0.222339 0.9103 0.349169
47.653 47.6183 57.1263 0.326746 0 -0.8 0 -0.0470191 -0.487738 0.871723
45.0975 47.029 56.464 1.04455 0.00735638 -0.38525 0 -0.394945 -0.205441 0.89544
63.9015 29.368 44.1297 1.34907 0 -3.9 0 0.0721012 -0.230779 -0.970331
44.753 56.722 39.102 -0.240286 -0.185943 -0.9 0 -0.263608 0.961253 -0.0806401
29.208 41.234 54.898 0.104555 0 -0.9 0 -0.830454 -0.28995 0.475684
73.086 50.3107 45.9313 -1.02925 -0.0879409 -1.6 0 0.755847 0.400932 0.517637
62.354 36.4977 38.8628 0.216408 0 2.8 0 -0.608707 -0.528156 -0.592053
74.462 51.384 40.71 1.0443 0 -1.6 0 0.765922 -0.164161 -0.621623
50.0858 34.2313 43.7357 0.342799 0 1.8 0 0.195958 -0.923702 0.329203
60.9371 47.3019 33.1231 -0.310517 -0.781595 -3.9 0 -0.0602698 0.218217 -0.974037
72.4553 56.214 52.409 0.69617 0 -3.9 0 0.94294 -0.327033 -0.0625593
27.8125 39.608 37.605 -1.22271 -0.0216547 -3.5 0 0.852345 -0.0606203 -0.519455
72.425 34.302 48.02 -0.47318 -0 -3.5 0 -0.286396 -0.553922 -0.781759
61.6075 53.2695 54.114 2.16729 0 -0.9 0 -0.528914 0.401804 -0.747531
35.6275 32.9658 44.7075 0.366207 0 -4.5 0 -0.427333 -0.743654 -0.514165
61.4095 55.7072 47.8278 1.4602 0 4.5 0 -0.543769 0.502137 0.672439
21.832 64.259 52.7935 -1.21012 -0.43708 -3.5 0 -0.88931 0.456857 0.0202378
64.186 42.091 33.25 1.88276 0 -3.9 0 0.136003 -0.159143 -0.977843
69.6338 59.0817 51.247 2.91473 0.056834 -3.9 0 -0.0652645 0.995902 0.062611
63.3085 54.5625 52.724 0.896864 0 -3.9 0 -0.958032 0.193059 -0.211902
74.1069 51.9485 44.1464 0.509223 0 -1.6 0 0.528877 -0.0400247 0.847754
32.9318 60.499 47.301 1.07216 0.412856 -0.8 0 -0.290144 0.842264 0.454321
49.916 53.3058 55.643 0.0877564 0 -1.2796 0 -0.246255 0.446631 0.860163
55.158 57.4796 34.889 -1.92608 -0.531522 -3.5 0 -0.71298 0.693305 0.104821
56.038 42.6925 35.6675 1.82247 0 4.5 0 -0.604721 -0.397284 -0.690274
65.4055 27.2638 45.6603 2.47255 0.105316 -3.9 0 0.765835 -0.48469 -0.422578
81.9855 40.275 51.301 -1.14348 -0.8952 -1.3 0 0.765828 0.490097 0.416308
12.6815 47.3555 50.568 0.245885 0 3.8 0 -0.0608308 0.956008 0.286963
72.2728 47.8745 58.229 -1.04892 -0.181472 -3.5 0 0.589358 -0.507729 0.628386
27.3263 40.855 53.1348 0.266503 0 -0.9 0 -0.183281 0.323323 0.92837
70.173 63.3293 39.6455 0.770585 0.548125 -0.8 0 -0.771462 -0.208401 -0.601178
49.4606 58.1686 56.3784 0.862693 0 -3.9 0 0.571888 -0.18803 0.798491
25.2845 56.776 42.0405 -0.271728 -0.619875 4.18945 0 -0.392959 0.737863 -0.548763
43.911 50.475 55.884 1.30115 0 -0.8 0 -0.219677 0.68934 0.690328
77.8928 43.0853 49.907 0.245071 0 4.5 0 0.502158 0.675633 -0.539775
66.562 58.8785 50.4575 0.378118 0 -1.6 0 0.561268 0.788451 0.251643
26.7075 54.3735 38.9217 0.349608 0 1.8 0 0.0990924 -0.338617 -0.935692
77.2426 35.0734 50.1512 -0.143816 0 -1.3 0 -0.354171 -0.29933 0.885982
13.1284 36.4126 40.8485 -0.649841 -0.297655 -3.5 0 -0.235115 -0.739438 -0.630834
51.7175 34.3105 50.557 0.419637 0.0134439 -4.02093 0 -0.591303 -0.684348 -0.426649
57.7585 59.657 46.933 0.800474 -0.105404 -3.85774 0 -0.0648573 0.996813 -0.0464402
76.7435 58.827 42.619 0.396602 0 -3.9 0 0.941051 -0.037461 0.336183
78.105 41.0597 48.8058 0.585004 0.21909 1.98855 0 0.353467 0.582427 -0.732011
46.6118 38.7525 33.5252 0.966551 0 -3.9 0 -0.528535 -0.615933 0.58419
52.186 59.113 50.897 -0.369842 -0.63619 -3.5 0 0.842775 0.471915 0.258894
35.5563 40.2205 41.5955 0.131428 0 3.8 0 0.423318 -0.877104 0.226916
12.79 42.417 55.4085 -1.07369 -0.401492 -3.5 0 -0.170932 -0.242953 0.954859
70.1898 49.4878 52.418 -0.451427 -0.212051 4.5 0 0.507548 0.783835 0.357768
48.5643 58.6974 38.7219 0.677437 0 -0.7 0 -0.469927 0.686867 -0.554421
48.8635 60.0617 48.067 0.770441 0 -3.5 0 -0.193645 0.235575 -0.952369
49.861 62.163 49.808 0.35037 -0.110455 -3.5 0 0.209132 0.767713 -0.605706
68.0525 32.1355 42.4598 0.400249 0 -0.7 0 0.132022 -0.970624 0.201147
76.4798 34.7665 45.509 0.123057 0 -1.3 0 -0.105908 -0.318054 -0.942139
34.4342 57.768 39.1862 0.549908 0 4.5 0 -0.0626456 0.766269 -0.639458
73.807 42.2677 53.8537 0.148756 0 4.5 0 0.839069 -0.301221 0.453023
26.1915 47.7342 35.219 -0.447643 0 -3.5 0 -0.151385 -0.349746 -0.924533
33.6645 47.7185 36.0965 -0.0967529 -0.828659 -0.8 0 -0.0702319 0.65019 -0.756519
66.5455 42.0703 34.086 1.04664 0.388866 -0.508574 0 0.590504 -0.527029 -0.611184
64.047 26.31 46.3685 2.35839 0.0716278 -3.9 0 -0.055546 -0.995634 0.0750158
32.7775 55.9173 53.8037 0.802377 0 -3.5 0 0.698699 0.712913 0.0597942
72.374 49.901 58.267 -0.939247 -0.349755 -3.5 0 0.0852014 0.841593 0.53335
28.874 34.967 48.134 -0.211999 0 -3.5 0 0.475576 -0.274772 0.83566
11.5245 41.4075 39.4605 0.0644773 0 -0.8 0 -0.680752 0.553073 -0.480299
45.0107 48.4098 56.892 0.741925 0 -0.8 0 -0.465644 -0.162367 0.86995
48.324 62.1582 52.9435 0.849965 0.521221 -3.5 0 -0.063391 0.877527 0.475318
53.4393 54.3898 53.635 0.537822 0 -0.9 0 0.388892 0.914709 -0.109866
66.5833 64.416 51.117 0.703608 0.455655 -4.5 0 0.54158 0.573847 0.614322
64.441 59.5805 41.593 1.14582 0 -3.9 0 0.351105 0.84111 -0.41141
43.292 55.2513 37.7528 1.0313 0 -3.5 0 -0.376034 0.876271 -0.301243
32.4178 55.8887 41.269 0.49468 0 4.5 0 -0.922418 0.374257 0.0952715
43.9852 58.2648 47.923 0.123964 -0.244887 -3.5 0 -0.183437 0.957076 -0.224404
30.4355 38.2435 54.656 -0.230392 -0.397431 -0.9 0 -0.533413 -0.331447 0.778212
70.775 34.0505 42.4855 0.869031 0.41341 -0.7 0 0.588899 -0.188247 0.785978
73.911 34.352 46.808 1.09028 0.558163 -1.3 0 -0.668751 -0.557763 -0.491602
20.1295 32.8065 44.1415 0.203082 0 3.15949 0 -0.448301 -0.862014 -0.236553
50.9852 33.5215 39.5522 0.0747356 0 -3.5 0 0.391974 -0.903947 0.170984
32.2342 42.32 39.6838 0.273328 0 3.8 0 -0.583007 0.0383019 -0.811564
63.338 60.724 41.929 0.648915 0 -3.9 0 0.157956 0.508006 -0.846747
35.394 41.38 36.2975 -0.147157 0 3.8 0 -0.201872 -0.779654 -0.59278
68.994 33.791 39.9595 -0.110057 -0.654563 -0.7 0 0.127012 -0.560435 -0.818401
30.5929 50.9249 55.7864 0.535396 0 -3.5 0 0.169246 -0.465688 0.868614
37.5788 58.1386 42.2889 -0.517453 -0.552243 -0.8 0 0.030478 0.922712 0.384282
60.9992 29.3902 48.8205 0.446011 0 -3.9 0 -0.303225 -0.950793 0.0636248
46.3452 60.4855 56.0197 2.89033 0 -3.9 0 -0.344208 0.938077 0.0391506
21.814 31.8835 45.3555 0.167012 0 4.5 0 -0.323082 -0.901922 0.286628
69.057 50.783 60.397 0.784738 0 -3.5 0 0.356876 0.878632 -0.317248
71.997 37.057 52.437 0.641607 0 -3.9 0 0.91867 0.358299 0.166333
31.234 45.02 34.967 0.933405 0.271901 -0.8 0 -0.726921 0.405596 -0.554145
29.2647 59.2902 52.7648 0.349728 0 3.8 0 0.469289 0.858422 0.207073
26.074 43.1195 57.5165 0.40203 0.834994 -3.5 0 0.00217585 -0.882653 0.47002
73.83 57.2285 43.2093 0.872892 0 -3.9 0 0.0706361 -0.351331 0.933583
63.746 32.7318 39.7562 0.449817 0 -1.6 0 -0.101638 -0.920593 -0.377065
60.3965 29.2215 45.478 0.609579 0 -3.53445 0 0.155293 -0.952978 0.260223
17.0705 54.6745 52.2975 0.727926 0 -3.9 0 -0.982982 0.00234356 -0.183688
42.5805 39.831 41.3397 -0.363134 -0.874756 -3.5 0 -0.878815 -0.471475 0.0734518
57.2404 54.3192 32.827 0.0789944 0 -3.5 0 -0.0410617 -0.334988 -0.941327
75.7038 45.0638 47.616 0.537991 0 4.5 0 0.970358 0.219728 -0.100623
66.852 61.2185 39.4615 0.641981 0 3.8 0 -0.508409 0.854387 -0.107439
57.4878 34.658 60.3262 1.17938 0 -3.9 0 -0.000311777 0.525096 0.851043
69.116 68.721 47.638 0.487794 0 1.9 0 -0.0513978 -0.217245 0.974763
62.907 58.933 52.583 0.565045 0 -1.6 0 -0.635153 0.716388 0.288737
11.858 54.663 47.334 -1.2437 -0.672247 -3.5 0 -0.958249 -0.17197 0.22844
44.4813 31.1 39.018 0.389713 0 -3.5 0 -0.575892 -0.808153 -0.123439
23.6632 52.3438 39.217 -0.141894 0 4.2 0 0.292308 0.756226 -0.585387
51.164 39.981 54.679 0.225396 0 2.8 0 -0.292384 0.0706657 0.953687
16.96 48.203 56.668 -0.204293 -0.57021 -3.5 0 -0.0480711 0.093502 0.994458
68.6022 52.8295 47.802 0.361917 0 -1.3 0 0.963676 -0.0659076 -0.258813
15.8877 55.7848 45.8182 -0.0594771 0 -3.5 0 -0.000879499 0.607117 -0.794612
39.23 46.5978 32.5455 -0.652006 0 -3.5 0 -0.945147 -0.265795 -0.189868
54.1413 51.922 33.643 -1.10561 -0.0483231 -0.4 0 0.136114 0.624846 -0.768792
70.564 59.9258 39.5243 1.10379 0 3.8 0 0.592362 0.263906 -0.761224
58.6935 59.353 48.29 0.109494 -0.50125 -3.00397 0 -0.332669 -0.376342 0.864695
67.183 36.7082 57.3473 0.266586 0 3.8 0 0.518002 -0.819777 0.244212
58.878 29.887 57.165 -1.31121 -0.717845 -3.5 0 0.144663 -0.732384 0.665347
41.3835 44.182 33.271 0.674209 0 -3.9 0 0.236112 0.0511586 -0.970378
45.9272 58.0482 36.5256 3.2547 0.185826 -3.9 0 -0.47144 0.768268 0.433023
57.874 35.2255 38.051 -0.594282 -0.256517 -3.5 0 0.775347 0.0506059 -0.629505
44.8045 59.5295 56.527 1.40441 0.0285888 -3.9 0 -0.87002 0.44988 0.201676
29.0193 58.7635 53.6785 0.314107 0 3.8 0 0.295205 0.629199 0.719001
16.879 55.1815 51.318 0.949141 0 -3.52837 0 -0.807099 -0.411259 0.423625
41.8213 54.2777 36.1505 0.329419 0 -3.5 0 -0.734726 0.658125 0.164465
75.884 44.8485 48.6485 0.36217 0 4.5 0 0.961952 0.267205 0.05701
16.767 33.593 43.518 -0.383106 -0 1.8 0 -0.589864 -0.794117 0.14642
66.6965 32.5768 41.1317 0.408996 0 -0.7 0 -0.320671 -0.941861 -0.100341
74.3205 59.6668 43.8778 0.628805 0 -3.9 0 0.498984 -0.0542814 0.86491
45.997 53.4365 35.0197 0.80281 -0.235273 -1.9584 0 -0.123424 0.502171 -0.855915
20.1695 55.9895 41.5195 0.246945 0 3.8 0 0.284568 0.138682 -0.948572
53.3307 53.1753 35.615 0.146081 -0.630439 -3.9 0 -0.278455 0.363325 -0.889077
64.623 35.6285 37.9435 0.43734 0 -1.6 0 -0.123055 -0.387087 -0.913795
69.4375 59.082 45.9225 0.619413 0 -4.5 0 0.859664 0.0680106 0.506313
21.485 38.74 54.478 -0.966389 -0.722383 -3.5 0 0.758688 -0.644341 -0.0960089
48.789 58.9425 57.068 2.19838 0 -3.9 0 0.770799 0.0410174 0.635757
22.1745 64.7825 55.253 0.719187 0.661962 -3.5 0 -0.871376 0.351239 0.342543
44.624 39.176 57.134 -0.30107 -0 -3.5 0 -0.388331 -0.203261 0.898824
54.12 59.234 42.443 0.822581 0 -3.9 0 -0.0437983 0.850923 -0.523461
59.7455 41.199 34.5915 0.694781 0 4.5 0 -0.176512 -0.117778 -0.977227
72.7395 47.7907 62.7785 0.367052 0.645891 -3.5 0 0.822542 -0.280794 0.494549
51.4035 46.4165 57.5805 -0.334005 -0.136869 1.8 0 -0.0293739 -0.260321 0.965075
42.0655 48.8358 33.434 -1.009 0 -3.5 0 -0.0254024 0.956495 -0.290641
56.7215 48.208 58.072 -0.193762 0.169557 -4.0016 0 -0.238268 -0.470547 0.849596
24.513 54.045 53.952 0.380511 0 3.8 0 0.653021 -0.603877 0.457051
56.198 31.205 41.9395 0.0944269 0 -3.5 0 -0.223296 -0.745415 -0.628089
56.533 32.7075 51.036 0.00799648 0 -3.25032 0 -0.676673 -0.730169 -0.0946941
26.5415 55.4075 38.8467 0.326147 0 1.8 0 -0.019055 0.31712 -0.948194
55.901 46.4025 32.3315 0.00392707 0 4.2 0 0.0226152 -0.362059 -0.931881
42.7845 55.6435 38.94 1.0006 0.177245 -3.5 0 -0.0822266 0.77617 -0.625139
62.9012 57.5448 51.894 0.760657 0 -1.6 0 -0.84889 -0.272904 0.452669
64.9808 49.136 65.229 0.197222 0 4.2 0 0.256986 -0.68363 0.683088
35.796 39.6463 39.1835 0.665311 0.191578 3.8 0 -0.034436 -0.977691 -0.207205
61.746 65.4525 42.13 0.388643 0 4.2 0 -0.722597 0.214069 -0.657288
16.58 47.724 52.2352 0.667782 0 4.2 0 -0.981766 0.0593523 0.180592
75.494 36.9015 51.2455 -0.106992 -0.144582 -0.175338 0 -0.151149 -0.450307 0.879987
72.2085 48.9465 37.551 -0.756788 0 -3.5 0 0.43102 -0.86604 0.253371
54.7016 31.7694 43.0692 -1.56899 -0.387218 -3.5 0 -0.958784 -0.273753 -0.0761053
63.177 59.1738 39.5973 1.08002 0 -3.9 0 -0.0346452 0.872654 -0.487109
68.81 66.3265 47.194 0.645882 0 1.9 0 0.494113 -0.144262 0.857345
25.8945 35.0725 43.499 0.17911 0 -0.7 0 0.572453 -0.671982 -0.469828
69.1005 58.265 53.538 1.08776 0 -3.9 0 -0.0771896 0.902297 0.424148
11.623 42.58 41.2965 -0.731746 -0.107953 -0.8 0 -0.88853 0.412344 0.201212
55.1273 59.4725 42.34 0.713492 0 1.70238 0 -0.527219 0.714407 -0.460068
53.4861 33.3225 49.2384 0.601792 0 -4.5 0 -0.362699 -0.929359 0.0688533
26.0193 42.508 32.956 0.0820279 0 -0.7 0 0.946019 -0.100458 -0.30815
31.179 59.2147 48.3302 0.502823 0 3.8 0 -0.0384561 0.974481 0.221152
20.7135 48.5285 37.295 0.96496 0.629693 -0.7 0 -0.734623 0.616563 -0.28316
39.6015 36.678 51.087 0.565751 0.255367 -1.34884 0 0.388854 -0.898859 -0.202099
42.537 48.5545 31.3475 -1.10507 -0.635788 -3.5 0 0.305384 0.68258 -0.663946
68.434 64.8795 47.525 0.42752 0 1.9 0 0.634711 0.0327414 0.772056
45.8158 35.1808 54.6582 -0.258324 0 1.95468 0 -0.203006 -0.844847 0.494997
65.2265 53.1565 65.4997 0.189581 0 4.2 0 0.696719 0.397835 0.596917
26.137 62.9585 51.4577 0.0642066 -0.447124 -3.5 0 0.186803 0.719482 -0.668918
12.9605 40.88 54.7537 0.059866 0 -3.5 0 -0.0476871 -0.0660856 0.996674
52.376 42.5448 30.5217 0.781017 0 -0.4 0 0.500485 -0.123867 -0.856838
74.2525 46.8553 44.8965 0.910269 0 -2.16203 0 0.798667 0.592701 0.104101
58.4328 34.0402 38.561 -1.01042 0 -3.5 0 0.951393 -0.147322 -0.270458
47.4058 31.4145 36.8525 0.455137 0 -3.5 0 0.472126 -0.568831 -0.673446
22.406 47.065 58.335 0.0558352 0 -3.5 0 -0.350076 0.0304557 0.936226
67.5407 42.9135 61.0112 0.812657 0.229707 -4.5 0 0.750032 0.366083 0.55085
70.179 52.794 52.446 0.435102 0 -1.3 0 0.793481 -0.134963 0.593442
65.1685 31.047 45.8265 1.19993 0 -3.9 0 0.809892 0.479112 -0.338417
72.5405 48.7812 36.376 -0.45875 -0.399889 -3.5 0 0.497473 -0.850143 -0.172562
47.211 57.3535 41.964 1.18856 0 -0.7 0 -0.567137 0.816038 0.11152
56.7892 61.3983 42.354 0.438877 0 4.5 0 -0.407227 0.913325 -0.0018908
54.427 51.672 57.8485 0.189628 0 -0.932539 0 0.00853557 0.6888 0.724901
38.3787 51.0817 56.3307 1.65236 0 -3.9 0 -0.70033 0.713776 -0.00793262
31.773 36.2812 47.5555 -0.420608 0.0219016 -4.02188 0 0.0118527 -0.462272 0.886659
63.859 56.4702 60.702 -0.452567 0 -3.5 0 -0.95018 0.247005 -0.190125
55.9422 30.4067 44.3428 -0.365525 -0.122161 -3.5 0 -0.747903 -0.648346 0.142438
70.6523 38.152 35.515 -0.343178 -0.960046 -0.8 0 0.433087 -0.0884968 -0.896997
48.588 35.455 56.004 0.0411432 0 2.8 0 0.0485869 -0.567075 0.822232
41.145 50.489 57.609 2.225 0 -3.9 0 0.438405 0.622262 0.648531
10.0522 51.9115 43.9478 1.32953 0.835819 -3.9 0 -0.597381 -0.75939 0.257804
60.833 30.4645 41.885 0.50614 0.18916 -3.5 0 0.136669 -0.157863 -0.977957
79.0605 33.7152 47.8815 0.0126555 0 -1.3 0 0.738814 -0.551201 -0.387726
12.4102 43.2217 42.2093 0.250945 -0.0657539 -3.69321 0 -0.93258 0.359761 -0.029447
62.396 56.101 57.432 0.628956 0.181376 -0.9 0 -0.469499 0.833229 0.292063
23.7335 48.928 55.556 0.612575 0.0621597 0.15 0 0.400358 0.81501 0.418893
70.6937 36.9757 38.1005 0.851375 0.133912 -0.8 0 0.353935 -0.854921 -0.379263
51.659 45.0905 57.4588 0.438044 0.0818202 -0.471998 0 -0.394613 -0.170124 0.902961
18.368 57.546 43.973 0.200029 0 3.8 0 -0.95008 0.281751 -0.134029
42.273 43.583 33.289 0.978175 0.144173 -2.27143 0 0.0590221 0.198979 -0.978225
23.4893 41.244 32.613 0.152059 0 -0.7 0 -0.183832 -0.692426 -0.697676
21.7518 39.89 54.0732 -0.653317 -0.149257 -3.5 0 0.801059 -0.43023 -0.41618
41.8102 34.1385 45.9135 1.42722 0.88735 4.2 0 0.193696 -0.800293 0.567462
72.224 33.2905 52.147 2.76045 0 -3.9 0 0.407463 -0.91073 -0.0674133
17.859 34.5073 41.445 -1.17388 -0.0238992 1.8 0 0.0905324 -0.310289 -0.946322
29.2665 47.6237 57.881 0.327145 0 -2.20095 0 -0.137013 0.612814 0.778259
72.2387 60.5705 40.4478 1.7661 0.183367 -2.34975 0 0.0341497 -0.173851 -0.98418
62.349 66.3753 42.3698 0.381808 0 4.2 0 -0.371257 0.56099 -0.739904
35.862 34.59 53.5815 0.101118 0 -0.4 0 0.0118524 -0.994376 0.105237
45.8302 42.0625 32.3903 0.920999 0 -3.9 0 -0.716828 -0.000416613 -0.69725
62.77 30.103 42.6043 0.75741 0.430319 -3.5 0 0.561228 -0.472771 -0.679346
16.999 55.2342 54.1802 0.582938 0 -4.43863 0 0.363076 -0.0625382 0.929658
28.7775 61.5028 43.4338 0.346258 0 -0.7 0 0.346158 0.230452 -0.909432
33.2875 35.3387 51.4015 -0.955246 -0.0383884 -0.9 0 -0.212496 -0.935847 -0.281133
69.7335 37.3135 35.7158 0.71301 -0.427432 -0.8 0 -0.209505 -0.345366 -0.914784
11.6085 43.2805 54.208 -1.00486 -0.146242 -3.5 0 -0.965742 0.236896 0.105939
76.6245 35.167 37.8645 -0.138801 0 -0.4 0 0.315264 -0.757774 -0.571303
61.3625 30.598 55.77 -0.775889 -0.0447258 -3.5 0 0.96017 -0.0774778 0.268461
51.2975 62.016 51.639 -0.75863 -0.389312 -3.5 0 0.95663 0.24102 0.163611
17.7463 42.8493 38.735 0.0661906 0 1.8 0 -0.358458 0.219669 -0.907333
46.2265 40.1655 56.645 -0.471886 -0.586191 -0.952488 0 0.737017 0.112121 0.666509
68.856 59.8923 47.6432 0.625686 0 -4.5 0 0.856325 0.10924 0.504751
9.31375 52.9087 43.8433 2.60186 0.0750789 -3.9 0 -0.870105 -0.344246 0.35272
23.859 34.6475 50.747 -0.915613 -0.306069 4.5 0 0.0573106 -0.489406 0.870171
30.67 34.4885 43.035 -1.27832 -0.481773 -3.5 0 0.0695271 -0.336837 -0.938992
48.7225 45.7552 28.483 0.597426 0 -3.5 0 -0.362697 -0.438407 -0.822344
23.0662 51.6452 38.118 -0.0955364 -0.225227 0.288166 0 -0.168849 0.778621 -0.60435
43.1555 58.2965 51.8765 0.919401 0.223425 -3.5 0 -0.786746 0.600932 0.141109
42.0475 50.1768 34.831 -0.589239 0 -3.5 0 -0.199802 0.536468 -0.819928
55.588 61.562 48.148 1.85638 0.785294 -3.9 0 0.170637 0.968754 0.179996
28.7822 58.0235 54.3895 0.269332 0 3.8 0 0.192876 0.534408 0.822926
70.8613 46.213 61.9678 -0.75185 -0.852619 -3.5 0 0.489459 -0.872023 0.00243395
72.9027 33.266 48.9655 -0.870687 -0.542937 -3.5 0 0.119637 -0.954689 -0.2725
61.48 58.172 50.5747 -0.175961 0 -1.6 0 -0.92497 -0.303562 0.228649
11.8975 42.1671 53.7808 -0.946064 -0.742838 -3.5 0 -0.983241 -0.168517 -0.0695659
53.8445 32.9045 52.5425 0.424267 0.0581653 -3.5 0 0.151649 -0.936005 -0.317643
20.883 39.585 56.832 -0.155129 0 -3.5 0 -0.0722139 -0.681086 0.728634
22.507 41.0718 53.7735 -0.0929694 0 -2.82186 0 0.575354 -0.775245 -0.260696
41.983 40.405 42.1452 0.188487 -0.293285 -2.2688 0 -0.623402 -0.508533 -0.59394
72.9315 63.015 37.761 -0.299032 -0.902183 -0.8 0 0.420682 -0.342674 -0.840001
71.7148 62.5765 37.9925 0.824942 -0.19211 -0.8 0 -0.0619518 -0.701728 -0.709746
67.206 58.1445 59.459 -0.984678 -0.564048 -3.5 0 0.72664 0.39273 -0.563699
33.331 58.0392 39.5635 0.442386 0 4.5 0 -0.296011 0.854729 -0.426398
34.366 38.9125 43.2075 0.156007 0.591071 -3.66913 0 0.906775 -0.194056 -0.374301
50.2385 59.2663 55.648 0.645213 0 -3.9 0 0.879287 0.244401 0.408807
17.955 55.4963 41.947 0.227765 0 3.8 0 -0.633355 -0.100757 -0.767274
68.9942 52.3585 37.7955 1.32822 0 -3.5 0 -0.715202 0.647408 -0.263343
19.78 47.681 38.5395 -0.110014 -0.375032 -0.7 0 -0.480853 0.864074 -0.148849
17.475 37.143 36.8165 0.239832 0 1.8 0 0.0591597 -0.495535 -0.866571
46.355 35.4588 31.4352 1.94387 0.754888 -3.9 0 -0.453253 -0.710617 0.538132
38.449 52.546 37.0805 0.45623 0 -3.5 0 -0.415423 0.443084 -0.794418
50.5595 63.0168 51.08 -0.68022 -0.174063 -3.5 0 0.44971 0.863887 -0.226849
32.7168 60.2505 46.3415 1.74199 0.0226237 -0.8 0 -0.411607 0.890533 -0.193731
18.6707 32.4468 46.1935 0.263725 0 1.8 0 0.0299378 -0.951235 0.307011
67.2915 44.8392 32.3107 0.249432 0 2.8 0 0.487276 -0.144869 -0.861147
21.297 40.3985 57.346 -0.0206467 0 -3.5 0 0.0791035 -0.217904 0.972759
41.5788 32.2057 43.747 0.936054 0 -0.4 0 -0.103214 -0.832344 0.544564
66.846 61.72 41.3815 0.99353 0.00270277 -0.8 0 -0.770606 0.0892923 -0.631026
11.043 36.9385 55.602 -0.101042 0 -3.5 0 0.182292 -0.831346 0.525008
76.2647 41.5428 47.917 0.313231 0 4.5 0 0.821241 0.08702 -0.563906
76.831 43.5835 50.3042 0.268516 0 4.5 0 0.544794 0.80717 -0.227324
13.1805 44.5135 55.1005 -0.0592695 0 -3.5 0 -0.771657 0.24879 0.585362
45.403 38.717 38.6505 0.925904 0.231131 -3.53833 0 -0.535098 -0.208632 -0.818623
45.7185 49.9765 32.0855 0.219203 -0.0471296 -1.03377 0 -0.703714 -0.115224 -0.701078
78.6267 41.7957 52.3887 0.0502962 0 4.5 0 0.740287 0.274417 0.613735
13.9862 57.2228 51.1555 0.372455 0 -4.5 0 -0.415892 0.408431 -0.812538
71.9593 38.661 53.8755 0.223408 0 -3.9 0 0.989322 0.0838117 0.119238
58.574 56.76 33.0802 0.0812303 0 -3.5 0 0.612793 0.603609 -0.510041
36.8615 37.355 58.3425 -0.223194 -0.336075 -1.3 0 -0.466064 -0.727068 0.504139
74.1705 49.2395 40.11 0.581879 0 -1.6 0 0.592104 -0.130948 -0.795151
53.4615 36.766 34.8365 -1.93878 -0.751621 -3.5 0 0.259821 0.210425 -0.942451
50.699 60.4927 38.9067 0.403881 0 -0.7 0 0.223645 0.658234 -0.718826
37.539 59.1237 50.1973 0.702024 0 -0.7 0 0.395741 0.609808 0.686676
27.132 62.592 47.8785 -0.272215 -0.734828 -0.7 0 -0.601798 0.628439 0.492852
18.5005 61.02 47.845 0.0693065 0 -3.5 0 -0.595999 0.790408 0.141565
41.4533 41.5402 31.0007 2.12729 0.874962 -3.9 0 0.847562 -0.0758756 -0.525245
73.0113 52.432 37.1473 0.59158 0 -3.5 0 0.963445 0.185561 -0.193238
22.2405 63.9455 54.6535 0.0546622 0 -3.5 0 -0.964402 -0.0390369 0.261542
56.585 30.4765 49.3615 -0.125803 -0.0138492 -0.4 0 -0.783927 -0.398818 0.475818
65.7985 36.225 54.6408 0.143723 -0.22173 3.8 0 0.273189 -0.867974 -0.414716
35.4455 60.1489 45.9109 0.491799 0 -0.8 0 0.569517 0.788289 0.232919
21.9653 39.7373 56.888 0.411579 0 -3.5 0 0.382866 -0.584702 0.715218
71.704 49.7995 62.918 0.399663 0 -3.5 0 0.404993 0.528487 0.746111
41.175 40.956 58.2 0.496542 0 -3.9 0 0.489595 -0.517982 0.701421
43.3835 42.947 57.6735 0.162845 0 2.8 0 -0.301953 0.618216 0.725695
36.6997 34.6423 48.364 -0.174466 -0.277317 -4.00891 0 0.192073 -0.665723 0.721056
47.3685 60.5285 57.8042 2.89235 0.0516617 -3.9 0 0.166025 0.909549 0.380994
69.2165 37.5265 46.767 0.839992 0 2.80697 0 0.0648501 -0.993539 0.0931415
14.5655 56.04 52.036 0.346678 0 -4.35253 0 0.0454382 -0.982242 0.182031
25.3825 45.113 36.622 -0.0817036 -0.801123 -0.7 0 0.939466 -0.0976116 -0.328444
69.8155 49.4652 53.387 0.152168 -0.279106 -0.67397 0 0.598838 0.792076 -0.118355
72.2415 58.7435 39.9005 3.10098 0.395885 -3.9 0 -0.0288099 0.697742 -0.71577
48.7415 56.075 34.0778 1.41475 0 -3.9 0 0.503965 0.239955 -0.829724
81.8668 40.3225 49.7725 -1.27141 -0.797001 -1.3 0 0.776505 0.39104 -0.494093
49.684 45.221 28.7425 0.602885 0 -3.5 0 0.162326 -0.577356 -0.800194
67.669 45.978 32.8153 0.0645025 0 2.8 0 0.785146 0.170226 -0.595457
57.193 30.8452 57.6828 -0.883943 -0.0701033 -3.52095 0 -0.621715 -0.765395 0.166257
59.3192 35.0945 59.5905 1.77485 0.0108283 -3.9 0 0.281581 0.791711 0.542131
71.499 70.327 45.4785 0.563991 0 1.9 0 0.886018 0.173797 -0.429845
66.142 58.5317 59.103 -0.847255 -0.233068 -3.5 0 0.0810478 0.774263 -0.627652
51.9198 50.438 58.7935 0.395443 0 -0.9 0 -0.604041 0.132378 0.785882
47.332 58.434 36.438 3.02024 0 -3.9 0 0.178801 0.890704 0.417944
44.0802 33.9897 38.3935 0.33424 -0.108468 -3.5 0 -0.85236 0.451869 -0.263245
72.1055 48.5737 63.174 0.326578 0 -3.5 0 0.370465 0.00653704 0.928823
49.414 45.8918 56.457 -0.164582 -0.281999 1.8 0 -0.430535 -0.586504 0.686041
48.5695 35.8085 29.5425 1.37596 0.857282 -3.9 0 0.62308 -0.694268 -0.360228
74.8745 45.5335 51.9925 0.125877 0 4.5 0 0.727743 0.156212 0.667823
58.9912 37.3887 39.3042 0.0513373 0 -3.5 0 0.264531 -0.665594 -0.697859
32.3172 44.331 57.3425 0.0788891 0 -0.9 0 0.898479 -0.136972 0.417102
36.3905 59.2463 45.7355 0.378867 -0.0129424 -0.8 0 0.67131 0.72975 0.129644
40.246 36.9647 58.732 0.343364 0 -1.3 0 0.272639 -0.471711 0.838544
11.181 45.6012 51.2887 0.201969 0 3.8 0 -0.852145 0.26256 0.45267
12.6567 43.602 41.0168 -0.0223078 -0.668753 -0.8 0 -0.726896 0.686032 0.0313396
61.823 62.401 48.693 -0.263685 0.628799 -4.5 0 -0.576371 0.792941 0.197589
38.1805 59.1208 48.0267 0.611727 0 -0.7 0 0.54836 0.822614 -0.150355
70.8173 45.3317 57.782 0.0955616 0 4.5 0 0.111515 -0.458958 0.881432
14.5828 41.6855 39.0238 0.0721535 -0.948292 1.8 0 -0.0924847 0.679454 -0.727866
12.399 53.5175 49.0192 -1.23245 -0.805725 -3.5 0 -0.807419 -0.371866 0.458029
60.639 48.8225 61.3022 -0.979873 -0.307844 -0.4 0 -0.816585 -0.482706 0.316518
16.2593 57.1048 50.2832 0.0448191 0 -3.5 0 -0.351914 0.888837 -0.293472
20.735 62.2603 50.892 -0.627805 -0.012737 -3.5 0 -0.250215 0.878516 -0.406943
36.4162 56.4675 51.867 1.11561 0.105505 -0.750038 0 0.380267 0.682924 0.623709
59.3165 29.543 47.4118 0.337687 -0.293149 -3.5 0 0.140833 -0.924463 0.354309
26.5263 61.11 48.1215 -0.0806591 -0.446178 1.51465 0 -0.737266 0.648407 0.189756
66.5198 56.39 58.72 -0.0110556 0 -3.5 0 0.654816 0.406144 -0.637387
64.283 33.8725 57.9545 0.253223 0 3.8 0 0.300375 -0.79757 0.523123
38.611 35.971 51.1945 -0.428348 0 -3.5 0 0.479142 -0.785361 -0.391958
32.1608 46.051 58.187 0.192596 0 -0.9 0 0.791413 0.00974854 0.611204
41.019 39.8573 33.3112 0.84897 0 -3.9 0 0.345191 -0.914703 -0.210148
22.5623 58.1415 58.1855 0.256819 0 3.8 0 0.0314928 0.578025 0.815411
45.9258 44.1188 57.7445 0.411443 0 2.8 0 0.417931 0.619028 0.664934
39.8234 44.5013 57.6385 0.823854 0 -3.9 0 0.268229 0.778128 0.567953
29.15 58.8532 50.66 0.663647 0 3.8 0 0.627949 0.761239 0.161847
58.8115 52.8283 49.9248 2.33112 0 3.30175 0 0.532865 0.465851 0.706426
50.6198 60.8543 40.027 0.440839 0 -0.7 0 0.227951 0.973561 -0.014726
64.143 32.8423 44.8543 0.547314 0.423414 -2.75321 0 0.966595 -0.24778 -0.0655739
60.5405 49.9885 61.3192 -1.05342 -0.332405 -0.4 0 -0.908081 0.103312 0.405852
56.9945 44.7183 58.0928 -0.310527 0.167912 -2.07501 0 0.106785 -0.647998 0.754119
31.5095 51.692 56.1315 0.698006 0 -3.5 0 0.487594 -0.482606 0.72756
51.5013 60.1418 39.6992 0.42784 0 -0.7 0 0.73756 0.610696 -0.288193
51.7357 56.0288 37.4137 1.05424 -0.140748 -1.12731 0 0.0743212 0.767829 -0.636329
27.0745 38.3993 37.2882 -0.992726 -0.753056 -3.5 0 0.430006 -0.601406 -0.673354
59.6749 52.7816 59.0472 0.0915191 0 -0.9 0 -0.725412 0.3914 0.566202
62.1878 42.2905 59.8442 -0.529482 0 -0.306932 0 -0.526377 -0.0396576 0.849326
22.426 32.723 47.079 0.192942 0 4.5 0 -0.349521 -0.678808 0.645797
31.1155 49.138 35.1403 0.486123 0 -4.5 0 0.305787 0.0453406 -0.95102
66.9435 51.0915 62.6945 0.571124 0 -0.193362 0 0.567036 0.548375 0.614618
12.6005 52.3133 41.4308 0.483392 0 -3.9 0 -0.0417113 -0.0604267 -0.997301
16.1125 51.3527 52.0775 0.66466 0 -3.9 0 -0.910481 0.316768 -0.26586
48.9557 57.058 56.457 0.729741 0 -3.9 0 0.30537 -0.358551 0.882151
23.1087 54.7743 42.1015 0.56487 0.408334 4.02554 0 -0.47979 0.595548 -0.644302
24.389 45.6538 33.7052 -0.065084 -0.794064 -0.7 0 0.0901177 0.618939 -0.780252
30.115 43.1305 40.368 0.265439 0 -0.8 0 0.233672 0.0300322 -0.971852
14.236 56.2965 56.0555 0.450616 0 -4.5 0 -0.0616988 0.0988523 0.993188
66.5345 46.2115 61.671 -0.0149277 0 -3.5 0 0.298261 -0.634593 0.712974
71.155 42.4605 56.7615 0.973004 0.291018 4.5 0 0.312517 -0.237353 0.919781
50.3307 54.8672 55.5047 -0.59806 -0.731637 -3.9 0 0.275149 0.0648837 0.95921
40.4135 40.707 40.7115 -0.122875 -0.178171 -2.40126 0 0.30475 -0.912264 0.273682
60.1512 60.833 41.4515 0.462075 0 4.5 0 0.313799 0.817862 -0.48232
75.5255 58.1615 39.293 0.715108 0 -3.9 0 0.622606 0.0119381 -0.782445
46.014 43.1698 58.6722 0.484125 0 2.8 0 0.366333 0.248122 0.896792
67.6022 50.8905 36.4793 0.739779 0.0816738 -0.608364 0 -0.383303 0.795441 -0.469417
52.9845 48.68 32.3465 0.648468 0.0288829 3.76399 0 0.0608052 -0.0556835 -0.996595
36.8515 55.095 54.6515 -0.0617367 -0.376602 -0.8 0 0.480653 0.666412 0.569972
81.505 36.7448 48.1213 0.111503 0 -1.3 0 0.826701 -0.319311 -0.463255
58.584 47.5177 33.068 0.551489 0 0.151311 0 0.339676 0.0937009 -0.935864
70.928 54.309 49.419 0.211727 -0.508521 -1.3 0 0.958467 -0.055441 -0.279764
47.7205 39.1415 55.519 -0.185847 -0.030368 -0.336336 0 0.344366 0.447986 0.825058
71.394 34.0778 40.8153 0.923317 -0.0759514 -0.7 0 0.884673 -0.379559 -0.270717
16.1698 37.3592 36.9077 0.282408 0 1.8 0 -0.500511 -0.225086 -0.835958
19.9585 38.6457 55.5698 -0.393418 0 -3.5 0 -0.223248 -0.83753 0.498702
59.8483 60.2542 49.8078 -1.2487 -0.644837 -3.5 0 -0.379116 0.00562727 0.925332
45.8778 39.7765 33.4188 0.845011 0 -3.9 0 -0.95048 -0.104311 0.292756
25.5165 58.353 44.85 0.614588 0.100747 4.5 0 -0.58867 0.744298 -0.315418
16.4918 40.1507 55.7975 -0.416296 -0.105983 -3.5 0 -0.239463 -0.840774 0.485548
29.1735 63.2383 46.9665 0.998356 0.435302 -0.7 0 0.658128 0.711776 0.245443
37.5245 50.4945 36.5925 -0.546254 -0.198248 -3.5 0 -0.484668 0.287459 -0.826114
28.7115 57.325 44.5747 -0.130181 -0.214655 1.65725 0 0.48729 0.283196 -0.826044
27.1542 39.4408 40.2295 -1.32852 0.0112282 -2.88728 0 0.969058 -0.229001 -0.0921119
41.7178 54.7912 35.2918 0.775468 0 -3.5 0 -0.709551 0.700646 0.0750531
69.8418 71.8735 47.062 0.721462 0 1.9 0 -0.110708 0.855042 0.506604
14.379 38.4705 54.6497 0.155992 0 -3.5 0 0.619944 -0.472681 0.626292
28.1 54.6222 54.8213 0.00273381 -0.486162 -0.156422 0 -0.621436 -0.0983717 0.777265
45.997 54.0495 55.0675 1.19583 0.412804 -3.5 0 -0.14336 0.136493 0.980213
43.4565 34.541 46.722 -0.579087 -0.754888 4.2 0 -0.041428 -0.910635 0.411131
73.4447 59.8877 44.5573 0.447332 0 -3.9 0 0.347325 -0.144175 0.926595
68.4918 60.641 38.1012 0.660573 0 3.8 0 0.202767 0.818084 -0.538168
28.2955 50.2215 35.562 -0.274071 0.0662188 -4.00664 0 0.220829 0.444177 -0.868298
41.573 36.28 41.061 -0.741122 -0.0319919 -0.4 0 -0.410523 0.532155 -0.740461
49.9688 60.656 48.1372 0.735463 0 -3.5 0 0.185648 0.242919 -0.952116
71.885 40.841 55.8047 1.0176 0.225419 4.5 0 0.829525 -0.312024 0.463174
22.6893 63.2585 51.6138 -0.266935 -0.479084 -3.5 0 -0.192204 0.428744 -0.882744
9.5665 54.8085 43.0165 2.86557 0.0417792 -3.9 0 -0.592466 0.761872 -0.261793
16.1255 35.81 46.6595 0.52336 0 -1.2303 0 -0.901313 -0.425911 0.0789533
37.0315 39.4485 39.4715 0.475515 0.863746 3.8 0 0.127826 -0.990905 -0.0420484
16.812 42.214 38.843 -0.269674 0 1.8 0 -0.20161 0.433988 -0.87807
46.481 36.008 36.362 1.00478 0.521557 -3.5 0 -0.566885 0.628573 -0.532483
30.23 56.738 54.4235 0.147813 0 0.0585062 0 0.175628 0.781786 0.598303
49.4012 55.7267 55.8003 0.421982 -0.456568 -3.9 0 0.166045 -0.316876 0.933819
73.1438 48.8885 53.52 -0.912837 -0.674035 -3.5 0 0.471628 0.722117 -0.506077
54.912 47.929 58.2015 0.134768 0 -0.9 0 0.379733 -0.396152 0.835983
69.0545 46.856 36.4985 0.428776 0 2.8 0 0.992449 -0.109272 -0.0557265
78.4593 36.7998 45.644 0.122258 0 -1.3 0 0.452606 0.0264098 -0.89132
67.9553 62.29 46.893 1.48083 0 -4.5 0 0.907571 0.137663 0.396691
27.381 49.66 34.955 -1.47474 -0.393535 -3.5 0 0.221937 0.246377 -0.943421
48.7835 32.6447 39.4045 0.188775 -0.177594 -3.5 0 0.476287 -0.865059 0.157557
25.6308 44.626 34.2798 -1.12073 -0.924829 -0.7 0 0.921362 0.313934 -0.229209
62.578 34.3855 48.875 0.265265 -0.869568 3.8 0 0.703598 -0.108425 0.702278
60.6245 29.2722 55.359 -1.38393 -0.0529416 -3.5 0 0.503124 -0.862933 -0.0470427
38.066 48.2275 35.9548 0.797086 0.430767 -3.5 0 -0.459992 0.392718 -0.796354
69.4013 53.4615 38.6085 0.880439 -0.355877 -3.5 0 -0.748688 0.49481 -0.441168
46.505 37.7458 57.4755 -0.813218 -0.701933 -3.5 0 0.249815 -0.370001 0.894814
68.094 44.5872 33.1333 0.142487 0 2.8 0 0.826964 -0.0986485 -0.553533
42.2588 55.9265 45.4495 1.05491 0.275192 -2.19943 0 -0.64089 0.745146 -0.18444
72.114 59.9992 44.5207 0.38522 0 -0.884049 0 -0.0199798 -0.30709 0.951471
27.101 43.4188 57.0148 0.294573 -0.187545 -3.5 0 0.185795 -0.966404 0.177605
16.492 55.3548 53.042 0.717077 0 -4.02165 0 -0.744303 -0.518151 -0.421345
69.223 60.0015 46.618 0.60856 0 -4.5 0 0.921713 0.144225 0.360063
19.867 61.5515 54.7675 -0.318457 -0.679026 -4.5 0 -0.395398 0.915782 0.0707326
76.3665 37.2525 51.9545 -0.792574 -0.188246 4.5 0 -0.111873 -0.623969 0.7734
55.478 54.789 33.746 -0.752502 -0.600462 -3.5 0 -0.737856 -0.350619 -0.576746
44.728 54.6355 54.283 1.09961 0.311473 -3.5 0 -0.265654 -0.276219 0.923651
52.9925 48.443 58.984 0.309048 0 -0.9 0 -0.258634 -0.280579 0.924329
55.9505 32.1452 37.6795 -1.09121 -0.0765419 -3.5 0 0.245326 -0.742502 -0.623303
12.6715 50.4473 44.3228 0.336229 0 -3.9 0 -0.760948 -0.471086 0.446135
56.693 32.328 60.8275 1.08047 0 -3.9 0 -0.666069 -0.380789 0.641367
37.718 35.085 51.576 -0.847759 -0 -0.4 0 0.075108 -0.927441 -0.36635
37.1275 40.9955 43.7282 0.0091102 -0.502049 -0.8 0 -0.276377 -0.956293 -0.0954926
48.499 59.097 41.951 0.544893 0 -0.7 0 -0.843279 0.503607 0.187777
73.359 34.366 47.6505 0.285917 0.0958091 -2.40875 0 -0.485445 -0.615183 -0.621203
45.8812 37.874 29.1042 1.66368 0.897069 -3.9 0 -0.562414 0.150655 -0.813015
43.808 33.2607 51.9912 0.460805 0.00069163 -4.5 0 -0.879774 -0.470913 -0.0651084
10.7043 37.0462 43.1115 0.534073 0.806861 -3.5 0 -0.991106 -0.0448822 -0.12528
60.842 48.6235 59.2925 -0.170199 -0.386839 -0.647925 0 -0.797084 -0.499251 0.339713
59.4798 31.8143 42.336 0.806963 0 -3.5 0 0.382872 0.286499 -0.878252
51.0025 41.0993 31.4492 0.395857 0 -0.4 0 0.228001 -0.676474 -0.700285
41.015 49.08 32.834 -0.56826 0 -3.5 0 0.0372363 0.999218 -0.0133318
59.9815 36.329 40.582 -1.17071 0 -3.5 0 -0.00499459 -0.63743 -0.770492
72.2387 57.2622 52.9395 1.11464 0 -3.9 0 0.95218 0.29416 0.0825997
68.2355 71.1472 45.1113 -0.491167 0 1.9 0 -0.544414 0.820026 -0.17655
58.4165 31.1735 41.843 0.345706 0 -3.5 0 0.158568 -0.294704 -0.94234
31.624 43.2253 34.8275 0.312793 -0.413004 -0.8 0 -0.341596 -0.688927 -0.63929
65.3945 28.837 48.0355 1.21143 0.481217 -3.9 0 0.726269 -0.109801 0.678585
47.7445 57.651 38.7095 0.981817 0 -0.7 0 -0.696382 0.70431 -0.13784
28.2765 36.723 52.435 0.0394619 0 -0.9 0 -0.53352 -0.821432 -0.20151
60.9868 52.4618 60.3853 0.00100626 -0.216169 1.62001 0 -0.799501 0.163826 0.577892
58.0045 54.476 51.104 0.317979 0 4.5 0 0.674923 0.489708 0.551964
40.826 39.1398 38.465 -1.20913 -0.157204 -3.9 0 -0.0902747 -0.993928 -0.0629015
26.778 32.9137 48.718 -1.04891 -0.38236 4.5 0 0.174175 -0.543816 0.82093
28.26 60.491 51.1635 -0.00368329 -0.0357019 3.51386 0 0.958021 0.2469 0.145729
32.219 39.1782 41.4733 -0.0225307 0 3.8 0 -0.560372 -0.827008 0.0451804
35.395 59.321 47.7725 0.445373 0 -0.716884 0 0.173028 0.913579 0.368015
12.488 42.0537 39.1138 -0.563191 -0.371597 -0.8 0 -0.358899 0.542813 -0.759306
70.0523 39.0062 35.642 -0.449322 -0.418327 -0.8 0 0.00673761 0.172398 -0.985004
46.4022 40.9972 36.2127 0.952473 0 -4.5 0 -0.869824 -0.447093 -0.208599
73.828 36.206 41.5083 -0.718313 -0.248518 -0.4 0 -0.0981709 -0.827362 0.553023
76.0222 61.299 42.4285 0.378805 0 -3.9 0 0.865814 0.46691 0.179894
13.7455 36.246 50.8555 -0.849967 -0.524236 -3.5 0 -0.329351 -0.944167 -0.00880297
10.3075 36.843 52.268 -0.882958 -0.678156 -3.5 0 -0.293931 -0.558286 -0.775836
54.421 32.929 49.183 0.477828 0 -4.5 0 -0.277852 -0.957289 0.0799716
40.784 32.2065 42.7975 0.670473 0 -0.4 0 -0.434128 -0.899632 -0.0468585
43.9548 33.5897 36.8545 -1.07778 -0.56413 -3.5 0 -0.980569 -0.0783248 -0.179859
27.642 39.9733 38.6027 -1.25828 0 -3.5 0 0.999583 0.0286995 -0.00331936
25.2083 47.8117 35.827 -0.201328 0 -3.5 0 -0.286049 -0.0830782 -0.954607
25.0683 43.0105 32.1222 0.0912347 0 -0.7 0 0.431938 0.167609 -0.886192
64.2515 32.613 40.7195 0.526542 0 -1.6 0 0.175323 -0.984265 -0.0220055
68.3455 47.836 63.3065 0.183784 -0.0374542 -3.5 0 -0.0333576 -0.33682 0.940978
72.818 36.3215 45.5315 1.07902 0 2.5 0 -0.142129 -0.92621 -0.349191
43.1805 36.7957 54.3363 -0.0603825 -0.181313 -2.39091 0 -0.44115 -0.89572 -0.0554286
25.5165 55.5525 39.2555 0.315205 0 1.8 0 -0.635427 0.440126 -0.634445
79.622 37.848 46.627 0.223363 0 -1.3 0 0.539051 0.150532 -0.828712
20.4165 42.5115 33.993 0.768863 0.654694 -0.425953 0 -0.539527 0.290769 -0.790167
22.2735 57.86 43.9905 0.237168 0 3.8 0 0.548531 0.726009 -0.414759
9.81475 40.1548 47.2415 1.66415 0.0214152 -3.9 0 -0.734135 0.616055 0.285519
31.0012 50.5272 35.5913 0.153248 0 -4.5 0 0.135097 0.481169 -0.866156
41.466 53.7105 54.468 0.856425 0 1.8 0 -0.135265 0.274498 0.952026
69.1052 36.4137 43.9497 0.243116 0 -0.7 0 0.233414 -0.734765 0.636897
10.8275 41.2485 44.036 0.405971 0 -3.9 0 -0.856645 0.356184 -0.37322
66.997 47.0185 32.5745 0.272717 0 2.8 0 0.379985 0.466766 -0.798587
10.9152 40.0122 38.405 0.183108 0 -0.8 0 -0.506951 0.24344 -0.826884
20.8832 60.208 44.2067 0.766503 0.749691 -3.5 0 0.631366 0.584202 -0.509985
65.6332 66.2225 43.5957 1.31558 0.643721 2.10096 0 0.155807 0.748012 -0.645138
45.3753 52.8703 54.7585 1.12789 0.690131 -3.5 0 -0.364557 0.104549 0.925293
67.7702 41.881 60.5622 0.416512 0 -4.5 0 0.925367 -0.176544 0.335451
75.784 46.9635 48.419 0.309335 0 4.5 0 0.983765 0.176798 -0.030816
75.4305 47.3257 47.5195 0.384115 0 4.5 0 0.822193 0.405584 -0.399375
62.1548 36.708 51.534 0.602992 0.0764466 -1.21728 0 0.990043 -0.125298 -0.0641447
51.605 43.999 57.02 0.73006 0 -0.7 0 -0.686302 -0.225387 0.691513
17.24 41.0865 38.172 -0.555258 -0.473043 1.68675 0 -0.132392 0.457493 -0.879302
60.7265 55.2098 57.424 0.355085 0 -0.9 0 -0.679929 0.692065 0.242369
72.641 49.663 38.371 0.200944 -0.573616 -3.5 0 0.807105 -0.577345 0.123507
64.1105 30.887 48.914 0.556908 0 -3.9 0 0.511162 -0.0323867 0.858874
53.5272 58.6457 40.8978 -0.074764 -0.93301 -0.8 0 0.133606 0.974019 -0.182856
22.469 53.315 40.66 0.137206 0.493457 4.2 0 -0.349069 0.791107 -0.502296
54.7347 43.3957 33.8828 3.16192 0 1.92124 0 0.337052 -0.910464 -0.239691
60.7962 62.5213 46.8037 0.610822 0.441519 -3.5 0 -0.703305 0.686417 0.184915
58.462 34.875 60.138 1.38099 0 -3.9 0 0.104626 0.61396 0.782373
29.298 56.9753 54.7412 0.163583 0 3.8 0 0.0979225 0.518839 0.849245
41.16 39.5785 37.425 -0.111094 -0.187307 -3.9 0 0.0862383 -0.919845 -0.382685
71.3315 41.1707 56.7373 1.05473 0.867105 4.5 0 0.520337 -0.180868 0.834588
16.27 60.6905 53.713 0.321257 0 -4.5 0 -0.431284 0.873587 0.225477
25.158 56.316 55.817 0.276384 0 3.8 0 0.800662 -0.1388 0.582816
20.248 48.4045 39.892 0.147195 0 -0.7 0 -0.50391 0.763955 -0.403048
24.631 51.47 36.4655 -0.125351 -0.466978 -3.5 0 -0.25452 0.873726 -0.414514
72.7985 49.077 47.752 0.558936 0 4.5 0 0.447838 0.89299 0.0448258
31.838 37.39 48.394 -1.00756 0.610667 -4.5 0 0.0256725 -0.858487 0.512193
62.4835 29.439 43.6357 0.652674 0 -3.5 0 0.311635 -0.77206 -0.553902
71.787 57.855 52.019 2.43948 0 -3.9 0 0.892939 0.425875 -0.145914
38.552 51.3645 36.9258 -0.13248 -0.196194 -3.5 0 -0.178724 0.280278 -0.943134
68.9555 43.0525 57.4938 1.17704 0 -3.79169 0 0.690486 -0.0903308 0.717683
11.865 36.981 41.4025 0.131371 -0.88555 -2.12253 0 -0.622456 -0.673366 -0.398908
42.6263 49.3457 34.312 -0.190439 0 -2.40013 0 -0.290667 0.640577 -0.710755
13.224 36.3662 51.7567 0.0843231 -0.437995 -3.5 0 -0.205082 -0.978331 0.0284698
53.8107 57.1715 50.0817 0.60802 0 4.5 0 0.0668672 0.621956 0.780192
73.3118 39.4893 51.9478 0.175205 0.244635 4.5 0 0.340913 -0.605075 0.719488
24.9125 31.891 47.166 0.0694781 0 4.5 0 0.0121807 -0.765327 0.643526
48.9157 36.8985 29.8542 2.28253 0.148881 -3.9 0 0.823611 -0.252825 -0.507685
70.4948 37.0755 48.3625 0.414542 0.0761287 -3.57377 0 -0.402542 -0.786114 -0.469025
36.5335 49.9005 54.0915 1.31137 0.870742 -3.5 0 -0.0642606 0.402254 0.91327
31.893 56.4403 56.0785 0.6828 0.47713 -3.5 0 0.00655708 0.761441 0.648202
65.0748 52.1265 65.6945 0.200277 0 4.2 0 0.508615 0.0763904 0.857599
55.166 30.7225 43.5595 -0.976919 -0.266559 -3.5 0 -0.731501 -0.68044 -0.0436831
55.246 59.2365 40.3695 0.363506 0 4.5 0 -0.641294 0.766941 -0.0232974
69.8173 32.8817 41.592 0.880025 0.00799836 -0.7 0 0.318111 -0.947909 0.0165577
61.5812 48.4613 61.7422 -0.901093 -0.0155837 -0.4 0 -0.462716 -0.648416 0.604525
59.5477 29.8342 49.9165 -0.113631 0 -3.51735 0 0.00414372 -0.979767 0.200097
64.3975 44.3495 32.8295 0.548415 0 -0.55 0 -0.380775 -0.235092 -0.894283
53.6965 33.4495 39.78 -0.804165 0 -3.5 0 -0.609548 -0.760112 0.225125
38.5988 45.1582 55.2245 0.939983 0 -3.9 0 -0.392837 0.850648 0.349395
39.0677 59.519 38.8045 2.83202 0 -0.8 0 0.275143 0.907228 -0.318173
73.8333 48.7065 47.2607 0.402475 0 4.5 0 0.479236 0.8285 -0.289691
14.662 57.8305 55.3165 0.646139 0 -4.5 0 -0.387823 0.503428 0.77211
27.6045 55.3575 39.12 0.40174 0 1.8 0 0.45585 0.221581 -0.862034
42.1772 46.7878 31.0502 -1.11341 -0.238363 -3.5 0 0.313219 -0.443883 -0.839561
62.536 33.167 49.426 0.844657 0 -3.9 0 0.852297 0.344425 0.393651
39.5392 35.0228 41.8405 0.150488 -0.0509353 -1.79633 0 -0.411916 0.127419 -0.902269
48.5025 57.849 56.9415 1.83097 0.0103093 -3.9 0 0.576896 -0.419022 0.70115
33.5537 60.3685 44.446 0.451953 0 -0.8 0 -0.248858 0.873708 -0.417977
49.2803 62.8957 50.758 -0.149128 0 -3.5 0 -0.270215 0.902455 -0.335497
51.724 35.1177 43.1015 0.138496 0 -1.84009 0 0.187534 -0.978226 -0.0889059
51.777 52.8022 29.6475 0.249018 0 -0.7 0 0.340557 0.480966 -0.807894
27.433 43.9333 53.1253 -0.434355 0 -2.57801 0 0.0879418 -0.553953 0.82789
22.796 48.483 57.9103 0.545645 0 -3.5 0 -0.29055 0.684896 0.668205
37.1738 35.281 43.1177 0.377664 0.433366 -4.5 0 -0.236956 0.0633365 -0.969454
13.8658 59.072 52.3195 0.855141 0.246032 -4.5 0 -0.324327 0.912227 -0.250307
34.5165 40.32 37.7885 0.352195 0 3.8 0 -0.342611 -0.703937 -0.622166
62.6273 52.7863 52.7912 3.74596 0 -1.06256 0 -0.775934 0.55543 -0.299038
27.823 62.0475 50.8135 -0.708036 -0.12928 -3.5 0 0.604532 0.710322 -0.360532
35.11 33.2088 45.7583 0.744569 0 -4.5 0 -0.715558 -0.698064 -0.0261594
40.798 54.3778 53.9365 0.851826 0 1.8 0 -0.419638 0.467779 0.777873
64.1845 55.5952 36.8727 2.25653 0.152675 -3.9 0 -0.249325 -0.189169 -0.949764
68.5397 56.642 46.7305 1.39769 0.811243 -4.5 0 0.833537 -0.473127 0.285247
25.55 60.217 46.366 0.2033 0 -0.7 0 -0.857119 0.44907 -0.252356
41.116 53.339 35.873 0.435051 0 -3.5 0 -0.93678 0.322116 -0.136691
23.8895 54.7895 41.186 1.05844 0.078523 2.02434 0 -0.585191 0.526868 -0.61641
43.421 58.056 53.773 1.04612 0.104563 -3.5 0 -0.631024 0.641684 0.435948
20.0585 47.8015 37.5735 0.565524 0.284995 -0.7 0 -0.614402 0.761479 -0.206542
38.8838 36.8203 55.0737 -0.00897289 0 -1.3 0 0.0720736 -0.9909 0.113681
70.6077 64.6515 46.074 -0.796716 -0.150905 -0.8 0 0.81231 0.0890809 0.576383
58.7982 52.7952 34.0295 0.256393 0 -3.5 0 0.632415 -0.410914 -0.656658
59.7525 51.56 35.1395 -0.330432 -0.897682 -3.5 0 -0.0183761 -0.0424071 -0.998931
71.0054 39.0736 36.0073 -0.406253 -0.695827 -0.8 0 0.654094 0.235693 -0.718756
70.8475 40.2655 56.711 0.941043 0.0767651 0.393849 0 0.605322 -0.0643529 0.793375
56.9253 31.758 51.3568 0.0797693 0 -1.97351 0 -0.870568 -0.490059 -0.0441955
74.0358 44.8247 54.6255 0.07807 0 4.5 0 0.981729 0.020725 0.189151
74.0652 35.7945 40.622 -0.545385 -0.0912046 -0.4 0 -0.116553 -0.971402 0.206866
24.089 51.264 54.3365 0.438868 0 3.8 0 0.593643 0.141304 0.792226
48.6 37.851 56.766 0.168323 0 2.8 0 0.161397 0.434602 0.886043
44.6135 45.438 56.173 0.678022 0.0712555 2.8 0 -0.376554 0.242523 0.894086
68.2285 46.7305 62.3025 -0.272826 -0.763989 -3.5 0 -0.185096 -0.715323 0.673834
35.632 56.4292 38.2525 0.807993 0 4.5 0 0.0790845 0.178379 -0.980779
13.608 38.1333 55.502 0.156343 0 -3.5 0 0.463905 -0.365453 0.806993
54.9478 59.041 49.6815 2.41414 0.601998 -3.9 0 0.0721966 0.0959902 0.992761
33.399 60.5875 45.5617 0.910999 0.0723327 -0.8 0 -0.346948 0.923378 -0.16432
22.7625 35.9085 50.737 0.184922 -0.612625 4.5 0 0.171044 -0.421128 0.890727
49.7837 32.5545 54.8857 0.843363 0.590199 -3.5 0 -0.637056 -0.421841 0.645143
20.3195 48.7885 54.457 1.46157 0 3.8 0 -0.0635918 0.487203 0.87097
67.1455 37.054 58.4205 -0.455796 -0.0196447 3.8 0 0.373223 -0.654318 0.657702
13.5265 35.2272 42.9027 0.734679 0 -3.5 0 -0.188567 -0.96131 -0.200813
44.561 52.282 32.916 -0.177956 -0 -1.3 0 -0.567202 0.547599 -0.615156
11.783 37.8225 38.234 0.205097 0 -0.8 0 -0.17968 -0.643482 -0.744073
21.4215 61.9315 54.433 -0.0951763 0 -4.47771 0 -0.514016 0.855583 0.0613685
15.9613 34.869 48.5433 0.956818 0 -1.6 0 -0.829941 -0.421373 -0.365571
32.8107 55.9297 39.0643 0.480064 0 4.5 0 -0.856231 0.134267 -0.498839
61.3865 50.909 62.2225 -0.0311877 0 4.2 0 -0.866031 0.161269 0.473268
37.784 40.6555 33.5703 0.627468 0 -3.9 0 -0.730059 -0.673052 0.118386
14.312 49.2275 46.3898 -0.197861 0 1.36005 0 -0.961585 0.269501 0.0521827
66.082 51.2202 63.8823 0.515665 0 4.2 0 0.814771 0.271207 0.51244
58.104 29.6215 54.847 -0.334924 0 -3.5 0 -0.426125 -0.897137 -0.116456
75.4575 46.193 49.7308 0.247717 0 4.5 0 0.982522 0.0609484 0.175884
52.617 55.3455 51.042 -0.315628 0 4.5 0 0.436976 0.414293 0.798382
40.0425 48.9058 32.4525 -0.857777 0 -3.5 0 -0.479465 0.877324 -0.0204089
21.1108 37.0643 51.5662 0.320663 0.481312 3.71884 0 0.324537 -0.343913 0.881135
73.5953 50.7335 44.4475 0.223817 -0.452423 -1.6 0 0.636724 0.0549105 0.769134
47.6365 36.0625 44.567 0.304426 0 -0.776244 0 0.156958 -0.619223 0.769368
17.3235 33.8555 47.7668 0.522467 0 0.0200267 0 -0.629999 -0.730071 -0.26476
63.687 33.334 38.923 0.436295 0 -1.6 0 -0.176195 -0.458919 -0.870832
37.8065 39.8935 40.084 0.638361 0.063727 -0.447644 0 0.0377921 -0.965278 0.258477
62.324 60.7555 41.9125 0.297541 -0.0146717 -3.89359 0 0.114151 0.639354 -0.760392
42.3765 57.9565 49.1385 -0.0383426 -0.00523576 -3.5 0 -0.695696 0.620043 0.362702
74.9997 48.6722 48.0715 0.331739 0 4.5 0 0.6583 0.667125 -0.34869
57.7385 48.5062 58.5078 0.0658121 -0.496769 -3.77759 0 0.0503033 -0.29987 0.952653
71.8112 49.819 47.419 0.444314 -0.41691 1.46958 0 0.495243 0.821319 0.283142
63.514 35.2255 48.761 -0.839012 -0.310713 3.8 0 0.534912 -0.281005 0.796809
22.467 36.5785 38.5395 0.0819175 0 1.8 0 0.530355 -0.59279 -0.606072
63.3515 56.976 52.6795 0.5294 0 -1.6 0 -0.964693 -0.0886675 0.248001
52.992 34.0677 35.9378 0.641859 0 -3.5 0 -0.0891111 -0.735965 -0.671129
22.3892 45.0838 58.1172 -0.652978 0 -3.5 0 -0.349325 -0.31596 0.882123
61.8732 53.4805 62.2122 -0.760518 -0.432634 4.2 0 -0.744195 0.47941 0.465123
47.8857 58.3942 39.424 0.83051 0 -0.7 0 -0.768389 0.609171 -0.196188
73.0953 61.1625 44.6447 0.323632 0 -3.9 0 0.182428 -0.033009 0.982665
23.5805 59.8625 48.855 -0.0258763 0 0.102513 0 0.109336 0.804638 -0.583612
50.6005 36.1193 45.1007 1.10266 0 -4.5 0 -0.638647 -0.585382 0.499458
38.3882 42.875 31.4645 2.15882 0.153907 -3.9 0 -0.673018 0.582134 -0.456253
78.442 32.917 48.323 0.251272 0 -1.3 0 0.48753 -0.869016 -0.0844186
55.2065 57.7598 33.744 -1.53542 -0.462664 -3.5 0 -0.54943 0.771964 -0.319684
10.28 40.795 45.0682 0.654617 0 -3.9 0 -0.782952 0.564426 -0.261553
44.9593 33.2705 43.9868 -0.59692 -0.361577 -3.5 0 0.284583 -0.349033 0.892854
40.2718 55.031 49.0195 1.47704 0.897073 -3.5 0 -0.105292 0.947867 0.30077
46.7697 31.8878 52.1512 0.771835 0.436226 -4.5 0 0.048107 -0.987223 0.151908
31.6367 39.8713 40.668 0.0031785 0 3.8 0 -0.683516 -0.678619 -0.268855
17.7698 32.9627 42.9155 -1.27938 -0.58072 1.8 0 -0.114141 -0.989041 -0.0936511
77.2432 38.2485 38.4027 0.276769 0 -0.4 0 0.85779 0.465764 -0.217395
18.672 38.314 51.534 -0.26327 0 1.16328 0 -0.432778 -0.576377 0.693176
60.244 42.994 58.19 -0.475522 0 -3.5 0 -0.754542 -0.176824 0.63198
52.4705 38.8037 55.5013 -0.324111 -0.435787 2.5323 0 -0.355631 0.0954731 0.929737
81.3995 41.1852 50.0412 -1.32923 -0.88464 -1.3 0 0.483994 0.798295 -0.358435
47.0915 32.1063 42.0885 0.570236 0.444869 -3.5 0 0.363416 -0.804129 0.470432
20.241 60.904 56.3088 -0.919301 -0.347935 -4.5 0 -0.394608 0.31559 0.862953
56.5395 35.037 37.047 -0.0836677 -0.33717 -3.5 0 0.729642 -0.122011 -0.672857
24.5268 44.1878 57.5595 0.0361745 -0.0365095 -3.5 0 -0.252738 -0.70794 0.659503
58.036 29.347 47.847 0.102881 -0.956849 -3.5 0 0.0628794 -0.920603 0.385405
57.818 30.7045 59.0045 0.283523 0 -3.9 0 -0.089621 -0.970949 0.221871
69.269 45.0838 38.151 0.371456 0 1.05082 0 0.823023 -0.0873494 -0.561251
32.742 47.3102 55.4367 0.277071 0 -0.9 0 0.903234 0.105764 0.415913
70.5977 34.0985 39.8402 -0.0410709 -0.672913 -0.7 0 0.398511 -0.380378 -0.834567
49.561 63.082 51.7262 -0.663145 -0.503319 -3.5 0 -0.169232 0.919882 0.353804
21.675 39.5675 51.755 -0.103089 0.011528 4.5 0 0.537565 -0.433523 0.723244
61.362 33.189 43.341 0.507563 0.0991368 -3.37217 0 -0.304384 -0.25252 -0.918468
52.6445 32.135 53.2245 0.468747 0 -3.5 0 0.357248 -0.925331 -0.127032
15.7467 36.8623 46.1463 1.01581 0 -3.39504 0 -0.721051 -0.437406 0.537366
75.0485 59.102 39.2545 0.674397 0 -3.9 0 0.245294 0.439478 -0.864112
25.2712 43.3665 56.9572 0.829425 0.466098 -3.5 0 -0.442761 -0.838801 0.316822
68.899 56.631 45.776 0.509434 0.316728 -4.5 0 0.71713 -0.574196 0.394998
13.72 37.0153 40.1958 0.651236 0.855063 -1.01577 0 -0.216683 -0.832608 -0.509718
27.3455 62.725 51.404 -0.741215 -0.564311 -3.5 0 0.431896 0.76717 -0.474254
67.043 55.4355 39.131 3.23899 0 3.50589 0 0.350769 -0.617569 -0.703967
43.265 36.9383 51.0202 -0.0475678 -0.47731 -1.3 0 -0.500695 -0.861526 0.0841256
75.895 45.8765 48.1885 0.354737 0 4.5 0 0.999512 0.0239875 -0.0200078
73.9583 49.485 54.2772 -1.14182 -0.0378332 -3.5 0 0.544379 0.624453 -0.560098
73.857 48.8045 51.2598 0.0906942 0 4.5 0 0.443207 0.81804 0.366577
45.1673 43.68 58.3095 0.441106 0 2.8 0 -0.285808 0.542757 0.789765
60.505 61.981 45.903 0.676038 0.156206 -3.5 0 -0.854287 0.499012 -0.145538
18.3062 39.665 36.3662 0.23401 0 0.105982 0 -0.814707 0.151104 -0.55984
75.984 44.268 46.8015 1.13008 0 -3.30948 0 0.914549 0.29541 0.276283
74.4255 36.6748 51.1562 0.10797 0 -3.5 0 0.0637347 -0.0709818 0.995439
78.574 35.8675 50.8615 -0.0115089 0 -1.3 0 -0.0147773 -0.384924 0.92283
21.349 51.6232 41.1675 -0.0458531 -0.10594 4.2 0 -0.916139 0.322998 -0.237405
42.9043 56.3613 50.5137 1.30808 0 -3.5 0 -0.853455 0.497019 0.1568
26.2673 59.4655 55.3382 -1.07057 -0.383607 3.8 0 0.666722 -0.125114 0.73473
33.21 54.2355 56.2352 0.75034 0.0076025 -3.5 0 0.36444 -0.103977 0.925404
65.7907 58.4683 62.0368 -0.900454 -0.0205799 -3.5 0 0.289462 0.745156 0.600794
46.2065 56.7948 42.5105 0.666794 0.0634225 -0.9 0 -0.412185 0.901642 -0.130938
66.5975 66.9865 44.0765 1.11644 0 1.9 0 -0.140069 0.519708 -0.842784
18.6462 47.2567 38.8823 -0.527283 -0.880686 -0.7 0 -0.335617 0.896681 -0.28866
15.73 45.4575 38.037 0.272516 0 1.8 0 0.0120109 -0.532173 -0.846551
70.1915 36.2055 48.8623 0.463411 0.172107 -3.6845 0 -0.0872804 -0.418749 -0.903898
25.616 43.7885 33.346 -0.139058 0 -0.7 0 0.762037 0.478737 -0.436017
51.3013 38.9767 55.303 0.205097 0 2.8 0 -0.0972467 0.322096 0.941699
37.8885 54.6075 42.317 1.19018 -0.020394 4.30519 0 0.399892 0.228426 0.887642
62.673 59.908 51.2955 0.362447 0 -1.6 0 -0.678003 0.344771 0.649188
15.3585 49.9338 50.9435 0.374805 0 1.8 0 -0.822592 0.190822 0.535658
16.0723 46.6147 53.1702 0.0606236 0 -3.5 0 -0.795264 0.5242 -0.30458
74.1195 63.011 43.9605 -0.379204 -0.014003 -3.9 0 0.817527 0.293761 0.495332
25.364 64.68 53.929 0.605958 0 -3.5 0 0.500311 0.863599 0.0623406
63.0205 36.784 49.0705 0.0722534 -0.0188375 4.40721 0 0.630416 -0.249958 0.734913
70.8357 57.7547 49.7285 2.97424 0.0587823 -3.9 0 0.431265 0.153846 -0.889012
17.5138 33.1997 48.5807 0.316103 0 -1.6 0 -0.290535 -0.911897 -0.289884
31.6353 37.9738 45.3655 -0.0975141 0.204203 -2.20654 0 -0.328948 0.11969 -0.936732
52.1545 33.4165 50.7682 -0.201114 -0.901595 -3.5 0 -0.387007 -0.628324 -0.674859
37.6405 37.904 58.8843 -0.454966 -0.793765 -1.3 0 -0.168465 -0.400191 0.900815
13.382 36.5215 49.7665 -0.694181 -0.323577 -3.5 0 -0.530986 -0.768042 -0.358002
42.4992 55.1 35.8368 0.716035 0 -3.5 0 -0.335848 0.929201 0.154244
38.627 47.209 33.8252 0.170026 0 -3.5 0 -0.907453 0.148672 -0.39297
23.243 41.325 53.107 0.0857531 0 1.98486 0 0.0682506 -0.980471 0.184439
77.419 36.3035 39.9995 0.395846 0 -0.4 0 0.783054 0.00218329 0.62195
68.978 43.9938 35.2677 0.401484 0 2.8 0 0.946581 -0.306326 0.100743
35.1867 56.8438 51.683 1.16215 0.239902 -0.7 0 0.197349 0.62865 0.752232
61.6717 32.0358 52.514 -0.98761 -0.240957 -3.9 0 0.635204 -0.464237 0.617252
23.419 53.106 39.898 0.110513 0 4.2 0 -0.0635666 0.653698 -0.754081
24.0907 43.5745 32.0752 0.0840339 0 -0.7 0 0.151255 0.476516 -0.866057
43.0595 47.4917 31.1968 -0.979205 -0.489912 -3.5 0 0.493655 0.0729788 -0.86659
43.6512 33.9557 52.7215 0.588582 0.541126 -4.5 0 -0.976449 -0.0694234 0.204274
12.8228 58.274 54.176 0.198974 0 -4.5 0 -0.499614 0.682481 0.533484
52.0635 44.997 32.0025 0.7489 0 -0.4 0 0.441546 0.697554 -0.564319
43.689 38.9912 56.5025 -0.0404799 0 -1.02014 0 -0.157272 -0.275648 0.948306
17.608 49.0635 56.4977 1.96926 0.128427 -3.9 0 0.206653 0.13291 0.969345
40.085 53.8095 38.3973 1.00557 0 -3.5 0 -0.0723014 0.540388 -0.838304
35.4755 35.477 48.9478 -0.982435 -0.611885 -3.5 0 -0.226996 -0.833982 0.502938
58.197 55.0168 32.54 0.187549 0 -3.5 0 0.179609 -0.249405 -0.951598
21.5413 60.2555 56.511 -0.16246 -0.496812 -3.46918 0 -0.0397878 0.400272 0.915532
69.693 36.4275 36.3765 1.00036 0.218679 -0.8 0 -0.0542386 -0.878339 -0.474952
48.862 62.218 49.8665 0.770443 0 -3.5 0 -0.257729 0.822012 -0.507811
60.94 36.575 58.4743 0.257553 0 3.8 0 -0.569469 0.27546 0.774485
41.781 48.936 32.0475 -1.44278 -0.0389785 -3.5 0 0.0830255 0.926449 -0.36715
63.5277 64.3495 51.2585 0.845256 0.870828 -4.5 0 -0.353935 0.603933 0.71414
67.0125 46.9188 62.3018 0.28624 0 -3.5 0 0.0539198 -0.698503 0.713573
41.4523 58.8433 39.8218 0.223454 -0.918942 -0.8 0 0.343554 0.881433 -0.324108
62.351 49.9285 64.3852 0.114166 0 4.2 0 -0.845172 -0.322656 0.426119
68.3265 55.6545 60.7485 0.139137 0 -3.5 0 0.930108 0.0664009 -0.361234
73.1318 49.1382 48.7583 0.470693 0 4.5 0 0.267455 0.952292 -0.146996
15.656 56.2605 51.762 0.60702 0 -3.91836 0 -0.269497 -0.955404 0.120723
41.166 40.9865 41.627 0.159059 0 -1.15901 0 -0.151964 -0.960621 -0.232626
69.506 58.612 52.571 2.26866 0 -3.9 0 -0.187085 0.95255 0.240101
58.09 53.2465 33.293 0.2237 0 -3.5 0 0.248418 -0.441688 -0.862091
39.8825 41.6157 60.4695 1.88958 0.829188 -3.9 0 0.72913 -0.170324 0.662841
37.9115 50.7345 53.686 0.867491 0.00803239 -2.49949 0 -0.503322 0.502062 0.703279
14.9875 54.3785 43.434 0.276579 0 -3.9 0 0.255436 0.838558 -0.481221
58.6395 50.752 35.1872 -0.178962 -0.115211 2.60212 0 0.336814 0.201277 -0.919806
25.001 47.9282 57.8325 0.700309 0.393975 -3.5 0 0.31334 0.663095 0.679796
58.559 54.639 50.152 0.179418 0 4.5 0 0.824164 0.298175 0.481502
53.27 54.9523 35.8385 -0.450149 -0.0732836 -3.9 0 -0.340706 0.459061 -0.820477
45.32 35.069 36.1075 -0.409218 -0.788091 -3.5 0 -0.437116 0.593705 -0.675606
60.437 62.03 47.912 -0.459883 0 -3.5 0 -0.581423 0.797065 0.163203
57.9635 61.6922 42.1253 0.393977 0 4.5 0 -0.122863 0.987365 0.100075
15.567 55.1548 55.106 0.851088 0.472018 -4.5 0 0.375918 -0.536181 0.755775
54.858 33.5672 59.2093 0.375257 0 -3.9 0 -0.722015 -0.370138 0.584545
32.6705 56.937 41.536 0.421674 0 4.5 0 -0.836442 0.496153 0.2328
27.9263 34.0597 48.4145 -0.542395 -0.323702 3.06551 0 0.586087 -0.248059 0.771342
26.694 47.1395 35.8895 -0.568626 -0.668797 -3.5 0 0.325302 -0.763936 -0.557297
73.015 49.8887 35.9375 -0.96741 -0.00691632 -3.5 0 0.734775 -0.194702 -0.649767
81.517 36.6785 50.3172 -1.29876 -0.265934 -1.3 0 0.465811 -0.78086 0.416266
57.399 39.126 58.3225 -0.619851 -0.203812 -3.82842 0 0.47104 0.428776 0.77089
41.9118 35.255 40.5983 -0.34061 -0.00554138 -0.4 0 -0.371504 0.27261 -0.887507
22.3353 64.846 54.1302 0.0203503 0.0700986 -3.5 0 -0.82814 0.558128 0.0517323
44.1738 55.341 36.5773 1.11044 0.0528161 -3.5 0 -0.573293 0.801596 -0.169642
15.3802 49.0057 40.9142 -0.173068 0 1.8 0 -0.082113 0.810785 -0.579556
50.5643 60.4963 41.4673 0.50514 0 -0.7 0 0.191258 0.892695 0.408065
12.106 37.2412 40.4195 -0.0450538 -0.73843 -1.56216 0 -0.383984 -0.84839 -0.364405
61.0677 66.737 44.8745 0.371439 0 4.2 0 -0.970469 0.200284 0.134445
53.6027 32.5488 53.6395 1.1647 0.575355 -3.5 0 0.0923379 -0.995716 0.00480163
66.738 36.3522 55.1413 0.39871 0 3.8 0 0.359725 -0.904737 -0.228143
52.041 41.1068 31.778 0.453848 0 -0.4 0 0.47894 -0.748085 -0.459332
50.1007 57.4725 46.6418 0.327314 -0.0318183 -3.74005 0 -0.149173 0.988639 0.0184492
32.2745 55.0195 56.631 0.0111585 0 -3.5 0 0.160125 0.0491189 0.985874
71.7197 38.8963 54.8307 0.256125 0 -3.9 0 0.976837 0.118258 0.178339
73.0395 36.1715 40.8765 0.348389 0 -0.4 0 -0.09025 -0.789129 0.607561
39.861 50.6036 58.2288 2.36816 0 -3.9 0 0.0183478 0.637201 0.770479
44.8779 42.1744 35.6867 0.856363 0 -0.7 0 -0.0633469 -0.99567 -0.0680249
34.4394 53.68 38.4734 0.566793 0 4.5 0 -0.13616 -0.403947 -0.904592
30.4417 48.266 57.1157 0.445721 0 -0.9 0 -0.136941 0.949253 0.283137
67.335 36.3807 52.0452 3.33523 0 -3.9 0 -0.40856 -0.67891 0.610049
14.7657 58.7441 54.6701 0.726638 0 -4.5 0 -0.503682 0.681938 0.530345
72.3932 65.7921 41.5812 0.475546 0 -0.8 0 0.23484 0.925379 0.29753
73.992 56.2185 42.9953 0.658666 0 -1.90161 0 0.446201 0.0356925 0.894221
54.0947 37.8935 57.821 0.125153 0 -3.9 0 -0.749725 0.5592 0.353847
59.6265 30.833 53.2265 -0.308998 0 -3.5 0 0.390204 -0.851154 -0.351109
37.5399 54.6965 38.8753 1.68059 0.094084 4.5 0 -0.164612 0.0751517 -0.983491
44.604 51.363 55.121 1.4688 0.123371 -0.8 0 -0.34987 0.705826 0.615955
23.091 39.032 51.2425 0.150523 0 4.5 0 0.138944 -0.200912 0.969706
34.1961 35.8049 54.3271 0.0816156 0 -0.4 0 -0.488804 -0.664759 0.564949
58.981 33.897 41.178 0.155776 0 -3.5 0 0.792336 -0.394762 -0.465152
41.4556 51.8109 55.3587 1.10023 0 -3.9 0 0.265723 0.838302 0.476067
70.5917 33.7643 53.6268 2.73841 0 -3.9 0 -0.430703 -0.837951 0.335163
54.3096 34.3589 57.6174 0.888601 0 -3.9 0 -0.866516 -0.486221 0.112866
73.1585 42.992 40.8516 0.830625 0 -0.245371 0 0.553236 0.503545 -0.663606
68.43 42.621 58.792 1.11654 0 -4.5 0 0.864497 -0.00668923 0.502594
31.7675 45.708 38.8882 0.336186 0 3.8 0 -0.634852 -0.735025 -0.238119
29.7994 44.1973 58.5151 0.189839 0 -0.9 0 -0.336676 -0.391659 0.856301
24.9351 55.38 40.2486 0.46938 0 1.8 0 -0.763985 0.364973 -0.532092
37.807 43.3901 58.0149 2.13205 0 -3.9 0 -0.592653 0.792076 0.146211
53.495 53.6855 56.7685 0.663126 0 -0.9 0 0.310383 0.805601 0.504647
37.6338 52.8172 38.1258 0.914471 0 -3.5 0 -0.518264 0.432849 -0.737593
13.665 42.052 39.2585 0.228043 0 -0.8 0 0.136003 0.573461 -0.807865
68.437 58.966 48.247 0.642993 0 -4.5 0 0.94447 0.0472513 0.325182
34.4485 35.961 49.609 -0.340113 0 -0.9 0 -0.457428 -0.878421 0.138333
41.073 56.0793 47.3742 0.963393 0 -3.5 0 -0.584184 0.795254 -0.162176
47.3119 38.881 34.2335 0.924929 0 -3.9 0 -0.367262 -0.848189 0.381698
46.698 60.935 51.0659 1.35256 0 -3.5 0 -0.71149 0.661446 -0.237215
14.7247 35.5503 41.6118 0.33461 -0.0502833 -3.5 0 -0.323903 -0.836027 -0.442884
41.9652 54.8754 54.0101 0.932433 0 1.8 0 -0.25252 0.531962 0.808239
52.4292 59.3944 46.3229 1.11059 0 -3.9 0 -0.721138 0.690895 0.0512218
27.0868 62.3155 45.3934 0.236652 -0.165906 -0.7 0 -0.670314 0.699169 -0.248679
70.9954 50.3896 56.4191 -0.0541476 0 -3.5 0 -0.0130015 0.984963 0.172275
38.2431 36.8397 55.9098 -0.121166 0 -1.3 0 -0.146571 -0.98686 0.0680083
36.484 52.736 54.2225 0.572106 -0.0520416 -0.8 0 0.318438 -0.51464 0.79608
54.7726 36.6711 59.275 0.339296 0 -3.9 0 -0.490997 0.378174 0.784797
53.7461 49.3766 32.7296 0.307954 0 4.2 0 0.160879 0.412974 -0.896421
36.1906 51.7465 39.3601 0.306668 0 -2.5673 0 -0.622761 -0.0120131 -0.78232
29.6215 37.015 51.1565 -0.346907 0 -0.9 0 -0.391274 -0.743997 -0.541639
76.4798 59.3283 41.7477 0.477219 0 -3.9 0 0.922366 0.311254 -0.228826
68.9819 36.1535 55.4416 0.724978 0 -3.9 0 -0.4529 -0.780039 0.431764
31.6056 58.1169 53.1403 0.481896 0 3.8 0 0.186548 0.621012 0.761278
20.5103 49.2005 40.6174 0.207272 0 1.8 0 -0.54603 0.559446 -0.623595
66.072 40.238 61.0325 0.265047 0 -4.5 0 0.424149 -0.71968 0.549689
47.196 32.362 36.3025 0.680757 0 -3.5 0 0.378895 -0.364654 -0.850568
13.308 42.33 45.501 0.616503 0 -3.9 0 -0.728625 0.653926 0.203681
54.8746 56.9422 50.5978 0.562205 0 4.5 0 0.155974 0.566506 0.809162
46.3205 35.4582 44.8375 0.397963 0 -3.5 0 0.385387 -0.689655 0.613068
12.6 47.2056 42.8269 0.402364 0 1.8 0 -0.605314 0.45671 -0.651928
31.3498 46.7414 58.7131 0.393529 0 -0.9 0 0.390965 0.229047 0.891451
48.1906 59.1864 47.9538 0.67167 0 -3.5 0 -0.0499267 0.524198 -0.850132
44.1159 47.1118 31.7781 0.0291665 -0.0754852 -3.5 0 0.00242841 -0.0974336 -0.995239
60.271 54.445 56.914 0.200346 0 -0.9 0 -0.814082 0.58075 -0.000265462
61.181 64.354 43.351 0.432975 0 4.2 0 -0.912721 -0.024966 -0.407819
27.1945 62.2675 53.0689 -0.325713 -0.569462 -3.5 0 0.881642 0.193983 0.430207
42.4987 32.9115 40.18 1.12481 0 -0.4 0 -0.557704 -0.463761 -0.688398
50.15 38.718 55.472 0.324434 0 2.8 0 0.067274 0.481434 0.873897
72.3784 48.9634 52.118 -1.00065 -0.438446 4.5 0 0.390633 0.891101 0.230966
49.1304 50.7998 57.5341 0.0516887 -0.0441382 -0.8 0 0.0120957 0.563671 0.825911
72.0725 40.7669 54.5344 0.0042269 -0.547619 4.5 0 0.857751 -0.392038 0.332519
18.2455 59.4814 50.4323 0.644958 0 -3.5 0 -0.874212 0.481714 -0.0608724
10.5819 54.9281 42.1862 2.84853 0.0833055 -3.9 0 -0.104749 0.788885 -0.605547
59.5202 45.6915 32.6651 1.27453 0.71654 -3.9 0 0.0126769 -0.234714 -0.971982
32.1285 59.556 49.1026 0.558038 0 3.8 0 -0.290542 0.956517 -0.0257059
26.9041 41.2501 38.3104 -0.972349 0 -3.5 0 0.743496 0.474505 -0.47123
43.1305 57.3237 51.4507 1.08025 0.0322351 -3.5 0 -0.976638 0.198058 -0.0833694
54.5698 32.999 47.3203 1.06942 0 -4.35156 0 -0.443413 -0.894352 0.0593287
69.098 52.0585 52.828 0.417692 0 -1.3 0 0.576834 -0.0723956 0.813647
24.8114 61.1089 50.3209 0.851867 0 -3.5 0 -0.21044 0.498639 -0.840877
54.73 50.935 33.4875 -0.950858 -0.0111384 -0.4 0 0.3336 0.237159 -0.912396
51.219 60.9635 51.047 0.0340496 -0.127422 -3.5 0 0.934624 0.0792377 0.346698
21.6537 48.3042 56.377 1.21228 0.0664208 -3.5 0 -0.599628 0.676661 0.42729
58.1268 45.1201 33.2825 1.49762 0 -3.29571 0 0.0608018 -0.687288 -0.723836
52.2129 33.7184 48.4076 1.03915 0 -4.5 0 -0.541773 -0.82756 0.14706
37.238 40.935 60.5545 2.57802 0.0111395 -3.9 0 -0.44847 -0.276245 0.850037
15.2308 46.4175 53.68 0.00254527 0 -3.5 0 -0.453631 0.785617 -0.420744
60.6281 52.5346 49.972 7.50744 0 4.5 0 -0.178397 0.441029 0.879584
67.7126 36.117 48.4281 2.414 0.176233 -3.9 0 -0.0268649 -0.738076 -0.674183
12.6751 37.1688 50.9261 -0.398136 -0.815517 -3.5 0 -0.613379 -0.739904 -0.27624
27.219 44.454 54.0226 -0.306606 0 -3.5 0 0.455619 -0.872753 0.175252
63.3652 40.8747 60.9548 0.244173 0 -4.5 0 -0.6665 0.174597 0.724771
55.1666 51.1688 58.6275 0.464227 0.0640838 -4.5 0 -0.310711 0.495359 0.81122
40.2948 55.5769 42.6647 0.870031 0 -0.8 0 -0.257448 0.089378 0.96215
68.8197 34.5638 50.327 3.26393 0.0807924 -3.9 0 0.0224562 -0.956662 -0.290333
42.7361 52.5124 53.9649 1.40579 0 1.8 0 0.249946 0.13128 0.959319
55.7409 32.1355 53.6915 0.821282 0.248248 -3.5 0 -0.426547 -0.891887 -0.150317
30.322 58.506 50.083 0.625469 0 3.8 0 -0.0209682 0.949906 0.311832
56.2261 37.7759 36.1338 -0.300722 0 3.8 0 0.0990142 -0.00479167 -0.995075
48.116 59.8575 57.991 2.67082 0.0532013 -3.9 0 0.575662 0.338169 0.744484
47.404 35.0165 55.667 0.166906 0 2.8 0 -0.0890907 -0.691727 0.716642
17.9361 40.267 37.3855 -0.342456 0 0.12175 0 -0.51618 0.538409 -0.666089
67.7516 36.468 55.3444 0.550714 0 -3.9 0 -0.086357 -0.993544 0.0735719
16.0905 46.7595 52.0441 0.272677 0 1.84583 0 -0.74644 0.547821 0.377783
54.9616 33.5864 36.3079 0.470466 0 -3.5 0 0.289224 -0.687216 -0.666396
53.8493 44.6353 58.3848 0.28559 0 -0.7 0 -0.151598 0.494376 0.855927
47.7357 36.0488 56.1473 -0.0136857 0 2.8 0 -0.0984727 -0.413834 0.905011
40.5995 41.7064 30.304 2.67626 0.146024 -3.9 0 0.403385 0.120438 -0.907069
74.0677 63.454 41.4432 0.325244 0 -2.71819 0 0.966122 0.234444 0.107912
42.1199 37.0163 54.7419 0.17161 0 -1.3 0 -0.113198 -0.985114 -0.129366
18.2899 43.4179 56.2979 -0.141805 0 -3.5 0 0.431711 -0.0988798 0.896576
41.8078 39.6045 38.4765 -0.964579 -0.819042 -3.9 0 0.345646 -0.928707 -0.134285
44.9076 32.3545 36.9961 -0.228811 -0.521858 -3.5 0 -0.652477 -0.538591 -0.533098
60.5386 42.7482 34.0094 0.696431 0 -3.9 0 -0.451421 -0.313121 -0.835568
25.4548 45.4435 35.3133 -0.256984 -0.985209 -0.7 0 0.996934 0.027711 -0.073173
17.1765 33.929 46.7665 0.510803 0 1.8 0 -0.806384 -0.571322 0.15276
16.1782 60.3153 52.7103 0.490528 0 -4.5 0 -0.334849 0.763425 -0.552321
39.1939 40.1953 41.3613 -0.0451921 0 -0.8 0 -0.0222735 -0.996952 0.0747656
71.1657 37.0493 56.1954 0.508599 0 -3.9 0 0.554531 -0.225531 0.801019
16.9499 46.9615 38.4374 0.17653 -0.195603 1.30119 0 0.193584 0.709637 -0.677451
11.3886 37.6305 39.4445 -0.122943 0 -0.8 0 -0.517007 -0.825733 -0.225539
64.4893 38.3295 50.3175 0.695201 0 3.8 0 0.0596659 -0.950381 0.305312
63.6119 54.1504 37.9352 2.18825 0 -3.9 0 -0.204477 -0.409591 -0.889058
55.4808 33.1842 50.8102 0.399445 0 -4.5 0 -0.321464 -0.944475 0.0680239
72.2025 36.487 55.2895 0.560462 0 -3.9 0 0.799992 -0.102275 0.591229
13.3255 55.326 43.565 0.554863 0 -3.9 0 0.423699 0.899778 -0.104299
76.0704 60.3166 41.6845 0.522706 0 -3.9 0 0.937107 0.25183 -0.241684
75.6969 41.6674 43.5583 2.30275 0 -3.9 0 0.741233 -0.671246 -0.0015749
40.625 55.0892 51.827 1.20392 0 1.8 0 -0.647142 0.758876 -0.0728973
41.0335 43.7499 57.3289 0.741756 0 -3.9 0 0.514935 0.784859 0.34473
54.7065 53.4824 55.576 0.288593 0 -0.9 0 0.347165 0.929072 0.127682
56.9775 53.0345 53.9785 1.16242 0.589964 -4.5 0 0.155946 0.986898 -0.0413838
71.7128 52.0088 44.7848 0.106685 0 -1.6 0 -0.0406797 0.491634 0.869851
11.8135 40.331 52.5877 0.289855 0 0.306536 0 -0.871212 0.462521 -0.164512
43.2324 36.5202 49.6505 0.440189 0.16034 2.14873 0 -0.520904 -0.727171 0.447082
71.28 48.5495 39.4709 -1.21735 -0.468356 2.8 0 0.441908 -0.720429 -0.534508
39.5691 40.2601 58.9446 1.96393 0 -3.45428 0 0.556834 -0.510931 0.654893
20.379 61.579 49.9275 0.194077 -0.145447 -3.5 0 -0.0506409 0.972672 -0.226595
45.761 36.484 29.551 2.87543 0 -3.9 0 -0.649523 -0.505817 -0.567688
49.4615 59.0503 44.86 -0.369282 -0.676865 -3.9 0 -0.213566 0.69342 0.688156
23.0516 53.6053 56.3829 0.366073 0 3.8 0 0.15397 -0.693534 0.703778
66.8082 60.728 40.5794 0.910992 0 3.8 0 -0.784709 0.606627 -0.127419
67.448 36.6603 37.3488 -0.717003 -0.00393037 -0.8 0 -0.223231 -0.521534 -0.823511
54.3265 55.6635 35.1464 -0.310237 0 -3.5 0 -0.910511 0.227334 -0.345382
9.58562 52.4241 42.8724 2.48727 0.051107 -3.9 0 -0.763744 -0.556553 -0.327024
28.218 35.3068 43.4144 -0.318286 0 -3.5 0 0.0515171 -0.145264 -0.988051
27.4716 61.8076 49.8231 0.117184 -0.188016 -2.99659 0 0.265671 0.901037 -0.342857
44.3405 53.5055 34.2303 0.445727 0 -3.5 0 -0.0385134 0.277904 -0.959836
23.5579 57.043 48.2095 0.340006 0 1.8 0 -0.0594009 0.440947 -0.895565
13.8021 42.118 55.3835 -0.0367697 -0.000238508 -3.5 0 -0.383754 -0.37881 0.842161
13.3287 44.4451 41.7361 0.789437 0.800614 1.8 0 -0.91681 0.260728 -0.302456
74.5788 39.9469 38.6271 1.23458 0.0879328 2.5 0 0.459897 0.707737 -0.536286
32.016 45.693 34.8245 0.238699 0 -0.8 0 -0.518912 0.466739 -0.71616
30.128 37.1035 53.743 0.10661 0 -0.9 0 -0.0589425 -0.820161 0.569089
67.2337 50.1567 35.7395 0.844096 0 2.8 0 -0.381774 0.684096 -0.6215
42.1484 40.7384 34.6159 0.925461 0 -3.9 0 0.618279 -0.736193 -0.27523
20.548 35.029 51.3066 0.501838 0 -1.6 0 0.479958 -0.317409 0.817858
80.784 39.077 47.6665 0.170275 0 -1.3 0 0.549671 0.630844 -0.547629
75.0577 52.6155 40.7093 0.576763 0 -1.6 0 0.688003 0.129162 -0.714121
24.763 41.243 34.3911 -0.0511851 0 -0.7 0 0.634312 -0.753409 0.173271
40.9465 55.2364 53.2214 0.948212 0 1.8 0 -0.513144 0.760991 0.396958
39.8336 40.168 42.3008 0.373435 0 -0.8673 0 0.181595 -0.895193 -0.407004
40.4721 36.9801 50.28 0.39506 0.0226724 2.07138 0 0.191579 -0.957532 0.215476
60.9468 35.8069 40.6961 -0.424519 0 -2.00051 0 -0.408869 -0.571933 -0.711139
43.3946 56.7086 54.0987 1.32418 0 -3.5 0 -0.657476 0.154776 0.737407
15.728 50.0165 41.8535 -0.120504 0 -3.9 0 0.314247 0.339295 -0.886638
33.888 38.7024 42.0784 0.110093 0 3.8 0 0.585418 -0.651662 -0.482309
22.7444 55.931 58.4601 0.301694 0 3.8 0 0.16606 -0.506987 0.845806
20.196 57.033 41.863 0.252599 0 3.8 0 0.420763 0.44317 -0.791554
59.4999 52.5456 34.8674 0.276847 0 -3.5 0 0.51285 -0.0923973 -0.853491
35.3861 36.8534 55.5179 0.470726 0 -0.4 0 -0.304914 -0.391583 0.868153
47.1471 42.5294 56.2754 0.0987066 0 2.8 0 0.792118 -0.235665 0.563037
52.2815 59.0928 39.9964 0.782715 -0.369414 -0.737832 0 0.610321 0.694539 -0.380951
32.5342 48.4046 54.9966 0.588315 0 -1.69099 0 0.562613 0.392268 0.727731
17.7665 38.8722 51.8143 -0.122879 0 4.2 0 0.117972 -0.687478 0.716559
23.5091 59.0615 48.0218 -0.0384967 0 3.8 0 -0.0186456 0.169011 -0.985438
42.38 55.9604 53.355 0.985379 0.00348811 -0.110183 0 -0.629581 0.490541 0.602493
32.3895 56.003 40.245 0.481268 0 4.5 0 -0.950332 0.200529 -0.238026
40.2472 43.8394 32.7711 1.23123 0 -3.9 0 0.232502 0.391962 -0.890117
9.908 53.138 41.982 2.93743 0.0376487 -3.9 0 -0.571335 -0.418654 -0.705908
58.4287 57.495 34.67 -0.804759 0 -3.5 0 0.719021 0.67665 -0.158599
23.9947 31.2415 46.4325 0.0913136 0 4.5 0 -0.33404 -0.822505 0.460328
32.4016 44.3046 34.3941 -0.0211987 -0.349709 -0.8 0 -0.158752 -0.18223 -0.970356
40.6478 35.4336 41.2584 -0.817446 -0.051702 -0.4 0 -0.519439 0.14355 -0.842364
55.6804 59.5604 39.2513 0.285532 0 4.5 0 -0.491972 0.688081 -0.533393
70.3101 54.6461 53.8058 0.747439 0 -3.9 0 0.488748 -0.677823 0.549256
32.8128 40.045 55.8247 0.0297631 0 -0.9 0 0.446896 -0.0779247 0.891186
33.652 48.8951 54.5299 0.713298 0 -3.5 0 0.161005 0.150782 0.975368
53.4299 51.3104 33.0004 -0.227566 -0.454586 -0.468925 0 0.620755 0.382026 -0.684631
74.8144 36.7027 41.9389 -1.7637 -0.137284 -0.4 0 0.394055 -0.540641 0.743255
12.283 54.0858 42.0391 1.73745 0 -3.9 0 0.196373 0.432309 -0.880083
71.8725 61.1637 44.5285 -0.0817418 -0.0401981 -3.9 0 0.0856383 -0.0640472 0.994266
70.735 49.1862 34.9168 0.725995 0.450805 -3.5 0 0.3622 -0.631613 -0.685475
19.9156 33.2682 49.5488 0.296409 0 -1.6 0 0.437224 -0.895023 -0.0881393
14.207 47.127 38.068 0.284187 0 1.8 0 -0.485897 0.232483 -0.842529
41.2804 39.6917 39.6402 -1.02314 -0.103935 -3.9 0 -0.14967 -0.942835 0.297761
65.2515 60.1222 51.833 0.814247 0 -1.6 0 0.449857 0.687611 0.56993
73.8424 48.2697 57.6156 -1.48461 -0.308424 -3.5 0 0.779666 -0.407598 0.475379
63.3008 41.4395 33.2385 1.6945 0.432682 -3.9 0 -0.173237 -0.332464 -0.927069
63.6099 49.1181 35.0146 0.738658 0.0137163 -2.35473 0 0.147094 0.520093 -0.841348
68.6361 40.6129 37.4031 0.560147 0 -0.8 0 -0.469722 0.864411 0.179315
69.6168 50.1702 54.2684 0.36373 0 -3.5 0 0.556604 0.824935 -0.0983554
32.8264 54.478 38.7625 0.563782 0 4.5 0 -0.450145 0.0983634 -0.887521
12.775 53.3845 47.6032 -1.42172 -0.241406 -3.5 0 -0.723145 -0.690642 0.00869498
60.079 53.833 49.418 2.83844 0 4.5 0 -0.0760264 0.544541 0.835281
43.3522 41.0386 36.67 1.24076 0 -3.9 0 0.571077 -0.767282 -0.291805
28.5015 40.864 41.03 -0.297821 0 -0.8 0 0.281495 -0.946157 0.159837
62.7588 40.596 34.1922 2.37972 0.104045 -3.9 0 -0.387816 -0.679692 -0.62259
20.7122 45.6499 57.0303 0.559601 0 -3.5 0 -0.504964 -0.244054 0.827919
68.778 58.8315 50.6712 1.93215 0.553013 -3.9 0 -0.200882 0.967457 -0.153862
52.2564 54.2547 55.2314 0.293522 0 -0.9 0 0.0567977 0.873713 0.483114
34.5103 39.4095 39.5667 0.2053 0 3.8 0 0.187203 -0.960544 -0.205693
60.2067 53.63 36.6869 1.12683 0.354101 -3.5 0 0.79936 0.347283 -0.490324
65.4075 41.6066 33.5552 2.82281 0 -3.9 0 0.266595 -0.296583 -0.917042
42.1416 37.0565 41.6954 -0.392969 -0.0337163 -1.11796 0 -0.559864 0.496515 -0.663345
51.938 34.552 44.366 0.449955 0 -4.5 0 -0.143401 -0.942693 -0.301273
39.3916 54.5846 42.3845 0.762285 -0.787391 -3.03034 0 -0.356818 0.401886 0.843308
70.2718 41.4244 56.9471 0.726012 0.047967 4.5 0 0.39515 0.0874693 0.914443
38.1356 44.4852 36.1328 0.695833 0 -0.8 0 0.0861636 0.217111 -0.972337
22.1448 59.049 57.1813 0.213407 0 3.8 0 -0.0685383 0.597857 0.798667
70.2036 56.7691 49.6184 4.09514 0.0679468 -3.9 0 0.379969 0.0808449 -0.92146
67.0437 51.7036 38.021 -0.320297 -0.165411 2.8 0 0.0366463 0.877751 -0.477714
39.8262 49.4601 35.9567 0.134655 0 -3.5 0 -0.440068 0.661746 -0.606987
73.358 54.4335 44.3802 0.569519 0 -1.6 0 0.0148133 0.495098 0.868711
31.974 39.419 56.434 -0.618207 -0.331789 -0.9 0 0.144663 -0.11742 0.982489
53.6623 43.3886 35.8336 -1.76603 0 -0.7 0 0.450306 -0.872098 -0.191492
43.136 38.1668 40.7596 -0.347008 -0.210722 -3.5 0 -0.851914 -0.152617 -0.50095
36.733 56.784 38.206 1.51406 0 -0.8 0 -0.249445 -0.162532 -0.954652
45.0239 34.9189 48.49 0.97799 0 -2.93367 0 -0.30602 -0.930926 -0.19932
46.3857 57.6382 57.865 2.86155 0.0217914 -3.9 0 -0.326612 -0.736728 0.592078
40.1283 42.4864 59.5831 1.80992 0 -3.9 0 0.692242 0.313336 0.650094
71.3587 33.107 51.6265 1.38874 0.774095 -3.9 0 -0.113606 -0.958578 -0.261192
19.658 42.3815 35.199 0.778183 0.166316 -0.4 0 -0.876725 0.43269 -0.210076
53.0289 60.1372 47.0776 2.0602 0.430816 -3.9 0 -0.647374 0.754834 -0.105507
49.8579 46.4041 28.4058 0.651336 0 -3.5 0 0.370403 0.0640577 -0.92666
32.7093 43.6987 38.176 1.18555 0.665704 -0.8 0 -0.982246 -0.104472 0.155817
21.7237 47.361 35.6413 -0.331021 -0.428152 -0.7 0 -0.190097 0.682965 -0.705282
16.6155 35.096 46.0578 0.695737 0 1.8 0 -0.809132 -0.558933 0.181383
21.0759 56.9022 42.5891 0.262941 0 3.8 0 0.494949 0.367667 -0.787304
55.5939 31.3294 48.3481 0.473681 0 -0.4 0 -0.863774 -0.281214 0.418107
38.2205 33.801 46.923 0.580937 0 -4.5 0 0.324118 -0.621284 0.71341
56.5754 36.0817 36.9036 0.00603436 0 2.39211 0 0.726452 -0.143823 -0.671998
26.5261 60.2425 44.1679 0.29576 0 -0.7 0 -0.731377 -0.0966332 -0.675092
16.4762 35.4655 40.559 0.890489 0.617626 1.56701 0 -0.0422182 -0.821753 -0.568278
64.7561 57.4769 59.622 -0.780595 -0.0548007 -3.5 0 -0.802056 0.479339 -0.356285
66.4665 50.927 36.8415 -0.236913 -0.336468 2.8 0 -0.132308 0.728549 -0.672094
52.2407 36.3355 55.7795 0.297843 0 -3.5 0 -0.545904 0.155114 0.823364
74.4619 62.0566 43.3971 0.549829 -0.0208367 -3.9 0 0.847538 0.305094 0.434278
71.353 34.565 54.8665 1.49843 0.0355096 -3.9 0 0.272632 -0.600809 0.751466
31.2271 40.8354 41.9468 -0.0980209 0 1.55639 0 -0.599513 -0.749457 0.280887
48.2266 57.9927 36.3397 2.4488 0.0432806 -3.9 0 0.384087 0.903875 0.18838
51.3369 33.4297 38.5996 -0.102592 0 -3.5 0 0.234702 -0.948854 0.211165
22.425 59.327 47.676 0.276276 0 -3.5 0 0.708963 0.20389 -0.67513
20.1485 38.6796 34.9089 0.345304 0 -0.4 0 -0.257037 -0.769411 -0.584756
13.6579 46.8459 41.0149 1.01042 0 1.8 0 -0.894609 0.413211 -0.170093
58.567 43.3498 35.1765 1.12948 0 -0.219485 0 -0.166054 -0.445355 -0.879821
52.5779 49.3493 58.8179 0.264118 0 -0.9 0 -0.452184 -0.0985868 0.886459
48.009 44.8898 30.243 0.9909 0 -3.5 0 -0.431233 -0.684106 -0.588249
44.4446 41.8275 36.7576 1.0929 0 -2.70132 0 0.251258 -0.82978 -0.498331
34.751 60.262 46.916 1.04616 0 -0.8 0 0.510123 0.755177 0.411683
13.3411 46.3613 47.3896 0.293382 0 3.8 0 -0.67396 0.726197 0.135707
70.2866 67.1854 45.4347 0.764611 0 1.9 0 0.989208 -0.0653694 -0.131127
32.8457 48.3424 36.3046 0.504511 0.157817 -3.15874 0 0.424928 0.299732 -0.854164
67.346 44.724 60.309 0.183857 0.307007 -4.12933 0 0.544094 -0.279988 0.790929
75.657 43.308 52.684 0.124491 0 4.5 0 0.104571 0.226249 0.96844
75.5775 45.6775 43.5955 1.74256 0 -3.9 0 0.658823 0.715674 -0.231867
64.114 46.366 33.4955 0.405727 0 2.8 0 -0.420085 0.455065 -0.78514
74.3727 53.2233 44.1234 0.566089 0 -1.6 0 0.568836 0.100658 0.816268
75.2765 33.247 48.0725 -0.291254 -0.734391 -1.3 0 -0.313483 -0.848275 0.426799
68.8305 46.6247 35.1558 0.096553 0 2.8 0 0.909362 0.097477 -0.404423
22.961 47.9075 35.907 0.254493 0 -3.5 0 -0.211058 0.362203 -0.90789
25.0853 45.2985 58.0542 0.524629 0 -3.5 0 -0.0200211 -0.181363 0.983212
70.3682 58.8273 50.2365 2.93343 0.0835522 -3.9 0 0.193161 0.847225 -0.494872
39.003 58.898 37.932 3.11253 0 -0.8 0 -0.0213584 0.701873 -0.711982
66.6351 43.2033 37.4323 0.795232 0 1.8 0 0.69892 -0.712388 -0.063362
51.442 34.8956 42.1364 0.106798 0 2.70995 0 0.407201 -0.875965 0.258595
38.7155 54.2243 50.6317 1.70769 0.778672 -0.8 0 0.392302 0.758326 0.520616
32.9546 37.1371 48.8484 -0.473843 0.948577 -4.5 0 -0.430801 -0.875422 0.219195
35.4618 40.813 37.2496 0.4938 0 3.8 0 0.0145836 -0.766955 -0.641535
48.348 48.3565 57.8167 -0.156337 0 -0.8 0 -0.0221459 -0.468531 0.883169
49.055 53.848 33.896 0.3865 0 -3.9 0 0.0176935 0.526991 -0.849686
71.0734 55.6551 53.904 1.03105 0 -3.9 0 0.678539 -0.40904 0.610141
21.4312 60.8894 46.481 0.340361 0 -3.5 0 0.595632 0.692365 -0.407251
61.0474 29.121 43.2909 0.750672 0 -3.5 0 0.387526 -0.841318 -0.376839
60.1076 61.3919 43.5037 -0.901146 -0.183776 -3.5 0 -0.496303 0.859262 0.1239
70.3494 36.0849 39.4009 0.64357 0.0911457 -0.778684 0 0.476199 -0.600473 -0.642391
59.0545 60.9696 43.2285 0.173319 0 0.948233 0 -0.031651 0.929664 0.367045
26.2334 41.2988 37.4786 -0.954302 0 -3.5 0 0.63417 0.40276 -0.66001
39.018 44.035 35.663 0.424893 0 -3.9 0 -0.692789 0.365867 -0.621437
32.2692 51.6283 55.2202 0.882695 0 -3.5 0 0.543966 -0.55362 0.63056
26.8795 58.7837 54.3801 -0.0657548 0 3.8 0 0.611539 -0.0369314 0.790352
35.9847 59.3775 46.6795 0.391359 0 -0.769736 0 0.489087 0.861246 0.138018
55.5798 58.2839 38.7514 0.121191 0 2.68449 0 -0.378513 0.615227 -0.691537
55.6815 41.936 58.501 -0.132926 0 -0.7 0 0.860926 -0.0831718 0.501886
65.7875 55.8911 57.2644 0.244027 0 -2.85085 0 0.890256 0.40893 -0.200552
42.065 55.468 44.5655 1.06771 0.618778 -0.9 0 -0.719199 0.694582 -0.017582
49.044 37.9886 36.7635 0.824091 0 -4.03085 0 -0.149917 -0.660374 -0.73582
17.6299 53.2104 43.1795 0.184126 0 -3.9 0 0.177801 0.0133839 -0.983976
44.057 33.8 44.319 0.231489 0 -0.4 0 0.231337 -0.507717 0.829883
34.915 55.2965 53.736 1.00373 -0.708346 -0.8 0 -0.218045 0.961813 0.165444
52.9461 50.3949 32.5628 0.24568 0 -0.7 0 0.630066 0.0057431 -0.776521
16.5012 33.9067 48.8059 0.600555 0 -1.6 0 -0.703503 -0.612434 -0.360567
37.1985 36.6975 43.989 0.241451 0 -4.5 0 -0.0139417 0.809606 -0.586808
49.3035 34.9147 55.2327 -0.0516943 0 2.8 0 0.0148366 -0.604594 0.796396
36.4845 40.7373 42.084 -0.120191 -0.25614 2.57214 0 0.100623 -0.967709 0.231114
27.8002 47.3582 58.0983 0.417285 0 -3.5 0 -0.0809902 0.230652 0.96966
36.1623 39.9019 56.1338 0.55578 0.130545 -1.3 0 -0.841493 0.370053 0.393637
51.8993 54.9842 52.1881 0.306865 -0.0540338 -3.68692 0 0.783392 0.483844 0.390117
15.8416 35.4188 50.8697 0.407581 0 -1.6 0 -0.816294 -0.371182 0.442592
63.0079 39.2629 36.2848 0.930487 0.183288 0.374366 0 -0.226578 -0.673122 -0.703966
29.487 34.941 43.3215 -1.29075 -0.311596 -3.5 0 -0.224616 -0.14576 -0.963484
79.5635 36.1455 50.679 -0.0871436 -0.0606202 -1.3 0 0.403533 -0.471549 0.784094
18.213 44.6297 56.432 -1.01469 0 -3.5 0 0.541265 -0.0908405 0.835931
64.2599 60.6006 42.3939 0.836896 0.147951 -3.39284 0 0.272032 0.388217 -0.880504
24.4064 38.7684 51.3546 0.110531 0 4.5 0 -0.10914 -0.337618 0.934935
45.9141 40.9756 33.0107 0.942334 0 -3.9 0 -0.948096 -0.317146 -0.0230759
66.1669 60.1425 39.9194 0.890323 0 3.8 0 -0.785717 0.613105 0.0821658
61.449 37.2876 39.1147 0.0507892 0 0.27251 0 -0.445461 -0.75888 -0.475043
62.8805 38.3526 51.5569 0.558736 0 3.8 0 0.461727 -0.886852 -0.0173534
27.7157 43.9256 55.637 -1.10239 -0.136763 -3.5 0 0.0265397 -0.940716 -0.338155
10.611 40.6545 39.3375 0.179454 0 -0.8 0 -0.857221 0.474606 -0.199802
59.635 41.7469 57.3413 -0.633326 0 -3.5 0 -0.863847 0.0430147 0.501915
58.2385 55.8224 48.7301 -0.0233613 -0.554409 1.60045 0 0.645032 0.409892 0.644921
67.7565 43.793 59.7371 0.398111 0.594413 -4.24274 0 0.817271 0.0665071 0.572403
65.863 67.084 47.907 0.0188281 0 1.9 0 -0.127615 0.539421 0.83231
72.137 37.7035 53.3032 0.350408 0 -3.9 0 0.968829 0.210796 -0.130132
44.159 34.7045 36.668 -0.458094 -0.201909 -3.5 0 -0.729833 0.616433 -0.295557
21.1423 58.4235 56.7885 0.251642 0 3.8 0 -0.701363 0.21634 0.679181
41.0872 43.2238 58.3399 0.804602 0 -3.9 0 0.55549 0.592169 0.583752
16.8935 39.1505 53.587 0.06686 0 -3.5 0 0.247027 -0.919972 0.304351
39.3293 45.1624 33.3639 0.326503 0 -3.5 0 -0.935456 0.193727 -0.295622
45.162 52.8321 33.6295 -0.12194 -0.151943 -1.3 0 -0.149469 0.76076 -0.631587
48.899 32.8042 40.5405 0.581943 0 1.8 0 0.497631 -0.867152 -0.0202578
66.8142 37.4907 37.3814 -1.01343 -0.420745 -0.8 0 -0.381334 -0.20349 -0.901763
67.3347 62.5435 50.1166 0.994687 0.0442324 -4.5 0 0.774029 -0.253164 0.580334
51.3865 59.7269 48.4157 0.715926 0 -3.5 0 -0.0786663 0.472728 -0.87769
13.6165 37.7805 45.929 1.28731 0 -3.9 0 0.111216 -0.83238 0.542931
30.9794 41.0056 44.3498 -0.0606261 0 0.639026 0 -0.23477 -0.883619 -0.405094
39.7675 45.758 55.09 1.01995 0.101606 -3.9 0 -0.779133 0.547478 0.30532
64.0015 35.952 59.3893 0.245824 0 3.8 0 0.268978 -0.504221 0.820617
69.2895 48.2675 37.9787 0.505589 0 2.8 0 0.805051 -0.588064 -0.0779359
39.1855 39.7226 40.1587 0.0902433 0 -0.8 0 0.0392963 -0.986522 0.158841
62.275 37.6548 50.934 0.538438 0 4.5 0 0.92531 -0.37853 0.0227244
60.848 64.1302 44.4875 0.42684 0 3.7802 0 -0.997027 0.0299715 -0.0709868
34.9922 42.6085 35.655 -0.155021 0 -0.8 0 -0.236649 -0.591909 -0.770481
38.6922 35.656 53.5563 -0.881916 -0.239009 -0.4 0 0.583198 -0.555144 0.59304
63.3485 32.156 42.8498 0.509471 0 -2.61396 0 0.709889 -0.586493 -0.389979
70.185 44.2873 57.2168 0.450578 0 4.5 0 0.293038 -0.402336 0.867326
70.5478 51.5882 44.916 0.132292 0 -1.6 0 0.125973 0.622602 0.772333
59.7524 53.7127 56.0856 0.262493 0 -0.9 0 -0.625706 0.73724 -0.254889
39.6295 36.9051 54.187 0.0288578 0 -1.3 0 0.246778 -0.967374 0.0573415
45.5718 57.5402 34.403 2.37648 0.327634 -3.9 0 -0.581207 0.521187 -0.624951
22.636 56.4635 46.4118 0.207141 0 3.8 0 0.48264 0.828411 0.284244
40.5659 37.0385 53.0681 0.695278 0.0922308 -1.3 0 0.22901 -0.964334 0.132715
14.721 50.26 41.847 0.202204 0 -3.9 0 -0.413604 -0.0341745 -0.909815
76.6937 32.868 47.3517 -0.404788 -0.108029 -1.3 0 0.089848 -0.965388 -0.244853
54.4855 47.0585 31.9099 0.488115 0 4.2 0 -0.285517 -0.384448 -0.877883
71.1469 60.5166 40.1386 1.21866 0.0392825 1.55962 0 0.43074 -0.155391 -0.888997
25.8057 33.3625 48.7152 -0.476079 -0.295338 4.5 0 0.0148606 -0.455843 0.889936
43.6302 36.672 53.377 0.178065 -0.111452 -2.26599 0 -0.664649 -0.745505 -0.0496427
61.175 38.2415 37.0412 0.521842 0 2.8 0 -0.26539 -0.717183 -0.644373
14.6643 48.9502 41.7595 -0.469984 0 1.8 0 -0.773596 0.419913 -0.474577
45.7856 60.1141 50.9771 1.23166 0.0521191 -3.5 0 -0.525293 0.834619 -0.165767
21.088 56.7808 57.6225 0.314583 0 3.8 0 -0.943078 -0.0154544 0.332214
74.5661 47.8424 51.3122 0.118579 0 4.5 0 0.713792 0.508887 0.481181
53.8587 37.0075 58.6063 0.19424 0 -3.9 0 -0.777474 0.266017 0.569885
51.36 59.1468 38.9775 0.352175 0 -0.7 0 0.481561 0.309656 -0.819885
61.883 30.853 42.0438 0.560908 0.436808 -3.5 0 0.195099 -0.0453484 -0.979735
23.3577 45.9435 58.2733 0.0149363 -0.0111589 -3.5 0 -0.100595 -0.183779 0.977807
67.6093 33.9142 39.692 0.397022 0 -1.06489 0 0.205295 -0.529704 -0.822963
32.5057 44.5268 55.4411 -0.362765 0 -0.9 0 0.946336 0.107135 0.304909
73.8055 63.2557 39.038 -0.484758 -0.300321 -0.8 0 0.838161 -0.370155 -0.400589
60.43 32.5206 43.2205 0.834125 0.343447 -3.5 0 0.0187055 0.482353 -0.875777
70.123 65.7797 43.3686 0.451959 0 0.780943 0 0.473328 0.880501 0.0260504
74.7448 38.7026 42.6591 0.248423 0 2.5 0 0.960133 -0.254052 0.11663
49.1948 57.9766 38.2266 0.675143 0 -0.7 0 0.132098 0.591029 -0.79576
74.6551 48.284 43.6375 0.700661 0 -1.6 0 0.864668 0.114345 0.489158
32.0255 48.1635 35.6185 0.63231 0.817482 -4.5 0 0.304811 -0.0206155 -0.95219
36.7155 49.632 37.5555 -0.474154 -0.390656 -3.5 0 -0.774365 0.313362 -0.549693
32.9831 45.1024 52.9644 -0.776398 -0.630383 -2.7339 0 0.762873 0.191636 0.617496
11.1486 38.8696 42.226 0.188868 -0.941596 -0.8 0 -0.973843 0.0109318 0.226957
47.707 52.2316 55.2238 0.503385 0 -0.8 0 -0.340221 0.556523 0.757979
31.6201 56.908 44.6351 1.24525 0 -0.8 0 -0.345107 0.603698 -0.718645
21.2348 49.5452 39.8469 0.239685 0 -3.5 0 -0.885608 0.349026 -0.306398
36.7244 40.9927 59.6544 3.11929 0.146724 -3.9 0 -0.908404 -0.274366 0.315478
13.8245 42.7965 47.253 0.397929 0 2.50763 0 -0.951583 0.170363 -0.255863
11.6296 38.306 49.583 1.51177 0 -3.9 0 -0.63369 -0.677568 0.37328
19.3604 35.1061 42.1317 -0.0805494 -0.337897 2.81103 0 0.363059 -0.529199 -0.766901
67.6026 61.806 40.2899 0.637758 0 0.0145023 0 -0.450859 0.544829 -0.707028
41.442 56.6525 42.7487 0.910484 0.31743 -0.874934 0 -0.315797 0.433667 0.843923
12.8731 47.1164 49.404 0.228847 0 3.8 0 -0.492635 0.823844 -0.280343
45.7539 41.8349 36.2202 0.721415 0 -0.7 0 -0.487117 -0.802399 -0.344778
14.0717 56.4329 50.4557 0.205741 0 -3.5 0 -0.573472 0.738551 -0.354503
52.846 52.0418 33.513 -0.297742 -0.0468077 -0.4 0 0.263898 0.935141 -0.236366
65.1245 58.62 59.9125 -0.93675 -0.827175 -3.5 0 -0.532387 0.761257 -0.370205
18.038 56.302 45.547 0.45752 0 3.8 0 -0.776667 0.591583 -0.216374
39.8291 32.5143 44.7426 0.984027 0.65422 -4.5 0 0.17452 -0.880881 0.439991
37.1394 55.2729 45.2749 0.82581 -0.176327 -0.8 0 0.818202 -0.0353155 -0.573846
37.512 41.9027 34.229 0.595192 0 -3.9 0 -0.955294 -0.221185 -0.196189
51.7695 58.9347 45.4529 0.815654 0 -3.9 0 -0.539192 0.800442 0.261848
55.2764 43.1355 36.2309 0.553995 0 1.22351 0 -0.273336 -0.702998 -0.656568
54.476 32.5522 39.8068 -1.15878 -0.668889 -3.5 0 -0.708135 -0.69635 0.116798
46.6491 56.8561 39.5962 1.25031 -0.271103 -0.865785 0 -0.42093 0.905331 -0.0565096
75.3597 39.3495 45.6465 -0.389717 -0.0146839 -0.901209 0 0.947426 0.0792359 -0.310009
22.4081 39.5794 35.0884 0.0359888 0 -0.4 0 0.631796 -0.607271 -0.481722
74.4082 42.679 53.0865 0.153436 0 4.5 0 0.655131 -0.10237 0.748548
74.8861 52.42 43.5567 0.623876 0 -1.6 0 0.82644 0.033934 0.562001
41.4832 41.117 32.2653 2.058 0.094882 -3.9 0 0.779801 -0.528333 -0.33582
66.1604 64.1136 42.1324 0.0154503 -0.921928 -0.8 0 -0.198957 0.252142 -0.947017
16.7372 35.9941 39.2966 0.916323 0.415996 1.8 0 -0.18067 -0.940255 -0.288582
11.1315 44.4785 50.9665 0.20932 0 3.8 0 -0.952294 -0.252602 0.171255
27.4731 38.1605 43.6416 -0.46508 -0.221934 -0.7 0 0.954303 0.19139 -0.229511
53.6548 33.0375 38.6628 -1.08178 -0.288424 -3.5 0 -0.498522 -0.855407 0.140552
23.5343 37.718 39.1567 -0.165156 0 0.419989 0 0.470136 -0.600126 -0.647163
52.1562 58.2407 52.0505 -0.548002 -0.639934 -3.5 0 0.843725 0.269557 0.464184
62.9272 26.8092 46.822 2.91843 0.0828957 -3.9 0 -0.638095 -0.765518 -0.0825614
74.7312 56.6203 39.211 2.23484 0.281783 -3.9 0 0.651915 -0.357756 -0.668594
33.9473 60.876 46.8375 1.58641 0.728131 -0.8 0 0.0256421 0.982866 0.182527
18.377 51.029 55.6155 1.80161 0.0294036 -3.9 0 0.408705 0.301017 0.861597
64.4304 53.2095 38.4455 1.68222 0 2.8 0 -0.0634345 -0.312282 -0.947869
56.1024 47.6155 57.5558 -0.409037 0 -3.5 0 0.0177788 -0.311872 0.949958
21.935 33.7125 42.5105 0.00109641 0 4.5 0 -0.114065 -0.223796 -0.967938
52.521 57.9385 51.1041 -0.197579 -0.0346213 -3.5 0 0.931964 0.294741 0.211119
76.1553 38.6751 39.8991 0.86785 0 -0.4 0 0.755658 0.528075 0.387451
70.7438 57.9385 44.2835 0.127776 -0.664519 -3.64217 0 0.773622 -0.282686 0.567096
60.3364 30.8384 53.934 -0.959917 -0.625712 -3.5 0 0.745732 -0.474493 -0.467696
64.6608 43.122 33.1325 0.828001 0 -3.51908 0 -0.124226 -0.262494 -0.956904
35.0554 57.8935 50.8191 1.39806 0.319445 -0.7 0 0.20916 0.767218 0.606324
17.7379 35.5786 41.0231 0.294765 0.0217845 1.8 0 0.216146 -0.635583 -0.741158
59.8094 59.4114 49.1808 -3.49733 0 -3.5 0 -0.389128 -0.643127 0.659521
63.243 35.8325 38.5192 0.418775 0 0.500937 0 -0.493937 -0.453218 -0.742037
69.6582 58.268 49.7405 2.69556 0 -3.9 0 0.183095 0.57902 -0.794489
29.8708 41.312 43.3454 -0.495021 0 -0.8 0 0.0284453 -0.97986 -0.19765
42.532 39.2849 56.7709 0.156881 0 -0.280908 0 0.171962 -0.284182 0.943223
37.9977 41.1755 31.461 3.16981 0 -3.9 0 -0.972904 -0.100757 -0.208101
27.987 51.2697 37.8783 1.69817 0.166826 -4.5 0 -0.657986 0.710257 0.25018
62.1825 60.222 50.245 -0.154858 0 -1.6 0 -0.697178 0.260838 0.667762
11.4736 41.8174 44.9129 0.547157 0 -3.9 0 -0.616533 0.760181 0.204967
24.5836 41.0505 33.0161 0.0811427 0 -0.7 0 0.368481 -0.807722 -0.460225
35.4647 35.8787 50.4341 -0.710184 -0.252239 -2.59266 0 -0.123472 -0.991921 -0.0291166
21.4788 57.7715 57.9165 0.268444 0 3.8 0 -0.789024 0.341069 0.510992
74.1738 63.0419 42.8869 0.357833 0 -3.9 0 0.862459 0.48674 0.138741
38.9951 45.8631 35.106 0.424423 0 -3.5 0 -0.750066 -0.41635 -0.513861
43.3655 33.5558 39.2402 0.608167 0.368792 -0.4 0 -0.775799 0.0231763 -0.630555
73.3345 58.7649 39.5602 2.27463 0 -3.9 0 -0.139785 0.639324 -0.756125
56.1454 42.8382 55.8254 -0.421609 -0.286527 -2.0153 0 0.757985 0.050881 0.650285
57.0177 32.6413 38.0331 -0.674647 0 -3.5 0 0.54079 -0.601716 -0.587779
63.9622 36.8439 48.4565 0.0504977 -0.432357 3.8 0 0.306668 -0.315347 0.898059
52.2205 52.0085 57.8475 0.437503 0.00394585 -0.9 0 -0.462271 0.46887 0.752639
67.1589 36.3413 46.5054 0.615635 0 3.8 0 0.286233 -0.941114 0.179934
71.17 36.098 40.09 0.636999 0.00171978 -0.761442 0 0.510749 -0.59249 -0.622969
64.0469 38.5759 51.3271 0.718431 0 3.8 0 -0.0145335 -0.98501 -0.171887
22.3054 35.7815 42.0685 -1.05009 0 1.62145 0 -0.153325 -0.758414 -0.633482
70.4046 65.7022 45.4581 -0.575302 0 -0.8 0 0.960449 0.263282 0.0906622
56.273 43.963 56.373 -1.10025 -0.980377 -0.7 0 0.789039 -0.570843 0.227062
18.9765 38.8466 35.6227 0.351174 0 -0.4 0 -0.545072 -0.667116 -0.507792
42.327 58.0592 39.6437 0.89542 -0.328158 -0.8 0 0.611873 0.565887 -0.552615
14.2725 55.319 55.7556 0.75143 0 -4.5 0 0.0725018 -0.58406 0.808466
18.5222 47.6367 40.0245 -0.00897797 0 0.344635 0 -0.0951312 0.776267 -0.623185
44.4429 34.8846 47.2729 -0.409682 -0.108471 4.2 0 0.120785 -0.980703 0.153726
50.7018 59.228 52.9518 0.450716 -0.0391752 -3.70144 0 0.819991 0.453406 0.34934
67.9391 42.8029 59.7639 1.08954 0.36906 -4.5 0 0.941118 0.0467889 0.334826
23.83 57.949 57.8478 0.26013 0 3.8 0 0.524541 0.575583 0.627344
22.0341 62.6435 54.0869 0.148375 0 -3.5 0 -0.876004 0.407643 0.257767
47.0272 51.2075 55.8205 0.503294 0 -0.8 0 -0.154286 0.780338 0.606027
54.2669 60.7188 44.7691 0.736237 0 -3.9 0 -0.155506 0.952655 -0.261279
54.1249 35.6386 59.0289 0.341919 0 -3.9 0 -0.787781 -0.000962764 0.615954
28.4154 40.376 53.8205 -0.138978 0 -0.9 0 -0.370072 0.253617 0.893714
22.102 53.0146 39.767 -1.04262 -0.378804 4.2 0 -0.257255 0.853912 -0.452387
45.8768 51.0578 31.49 0.547774 0.108773 -0.985603 0 -0.647787 0.237102 -0.723986
75.1257 38.118 51.3685 0.0818465 -0.815017 4.5 0 -0.301444 -0.228765 0.925634
57.6435 30.6536 51.9831 -0.00611652 -0.0322 -2.23515 0 -0.430878 -0.885906 0.171796
23.1761 33.5856 42.7424 0.079046 0 4.5 0 0.245542 -0.275113 -0.929528
67.5426 51.5477 54.8069 0.454656 0 -0.8 0 0.815872 0.553216 0.168237
43.9062 34.9955 51.9395 0.705088 0.528585 -4.5 0 -0.999695 0.0234575 0.00778502
13.0265 55.8951 45.7448 -1.52588 -0.631244 -3.5 0 0.0339524 0.88571 -0.462996
13.6919 52.8366 47.8983 -1.38236 0 -3.5 0 -0.636199 -0.771043 -0.0272762
26.902 34.0635 48.8895 -0.775682 0 4.5 0 0.226819 -0.00641792 0.973916
71.045 69.3303 47.2878 0.672051 0 1.9 0 0.751736 -0.340593 0.564703
33.895 56.9985 52.048 0.915185 0 3.8 0 0.39873 0.450688 0.798683
56.053 58.4245 35.996 -1.21101 -0.873888 -3.5 0 -0.562784 0.826409 0.0179557
12.4274 42.8741 49.1963 0.289205 0 3.8 0 -0.864079 -0.185734 -0.467836
53.5918 42.4482 59.3939 0.109378 0 -0.7 0 -0.354692 -0.0372839 0.93424
36.6493 54.9641 43.3955 1.05291 0 4.40767 0 0.913879 0.0831477 0.397381
66.5454 55.509 58.0659 0.30305 0 -3.5 0 0.716882 0.378861 -0.585273
27.5646 53.7635 53.9475 0.318817 0 -0.236934 0 -0.610819 -0.315399 0.726239
30.4785 40.2132 45.0348 0.204746 0 1.8 0 -0.0612255 -0.500438 -0.863605
75.9948 41.9295 52.9049 0.160661 0 4.5 0 -0.2068 0.0617184 0.976435
19.314 58.5066 55.8315 0.479643 0 -4.5 0 -0.259207 -0.311432 0.914233
67.9242 58.2772 54.0163 0.460802 0 -3.9 0 0.0670234 0.812321 0.579347
42.8421 57.9124 40.8211 1.74717 0.611887 -0.8 0 0.810995 0.581984 0.0598482
58.76 52.2243 51.6577 3.22061 0 -4.5 0 0.519122 0.84445 0.131976
33.2147 35.0628 46.7643 -0.091237 0 -4.5 0 -0.277664 -0.914524 0.294191
71.5905 57.6225 53.7496 1.22304 0 -3.9 0 0.645097 0.221565 0.731272
29.1821 44.7474 39.7931 -0.345412 0 -0.7 0 0.732732 -0.401142 -0.549717
43.0467 43.2734 56.6869 0.00190213 0 2.8 0 -0.310855 0.73845 0.598383
59.2635 55.4 47.8665 1.04456 -0.359042 1.21269 0 0.387664 0.422936 0.819049
28.9964 54.2186 55.8855 -0.766469 -0.641137 -3.5 0 -0.689991 -0.0874752 0.718512
23.721 63.335 56.3755 0.338454 0 -3.5 0 -0.285595 -0.366838 0.885362
58.4731 39.0607 36.8075 0.369442 0 4.5 0 0.212329 -0.758266 -0.6164
65.8979 42.5961 33.1 0.768033 0 2.8 0 0.202431 -0.584768 -0.785537
29.4842 54.0083 38.3105 0.844377 0 -4.5 0 -0.171513 0.848547 -0.50055
41.8935 38.0527 42.667 -0.0831227 0 -3.5 0 -0.615833 0.214072 -0.758237
58.7821 30.7955 52.2918 -0.121515 0 -3.5 0 0.286067 -0.957213 -0.0436921
61.2012 46.8983 58.1985 -0.400532 0 2.12316 0 -0.660505 0.00923839 0.750765
51.9605 32.5173 51.8522 -0.169688 -0.265862 -3.5 0 0.0588703 -0.781369 -0.621287
62.4315 59.5931 40.3126 0.950382 0.0322281 -2.09548 0 0.141809 0.815801 -0.560677
69.4906 55.6516 48.9795 0.54309 -0.670842 -1.47501 0 0.635471 0.297288 -0.712599
21.078 36.0405 51.1628 0.914151 0.039808 4.5 0 0.311029 -0.302094 0.90111
29.0545 46.611 58.0052 -0.021593 0 -1.51943 0 -0.18453 0.165791 0.968743
24.5282 57.5525 44.5554 -0.505495 -0.836977 4.5 0 -0.533838 0.84556 -0.00669975
45.0045 56.1946 35.8276 1.9418 0 -3.9 0 -0.881096 0.467375 -0.0723165
55.9108 42.7666 57.3774 -0.295895 0 -0.7 0 0.986541 -0.0478871 0.156343
70.9711 71.2894 45.4378 0.643929 0 1.9 0 0.663346 0.592811 -0.456671
55.1823 53.745 34.988 0.272547 0 -1.95 0 -0.719818 0.071794 -0.69044
61.629 46.289 59.098 -0.55437 0 2.8 0 -0.724683 0.375188 0.577987
47.9304 48.7012 29.9974 0.456042 0 -0.7 0 -0.316744 0.367018 -0.874626
43.0902 49.0234 33.4055 -0.317231 0 -1.3 0 -0.39433 0.784831 -0.478062
48.8844 35.2204 48.966 0.795992 0.373921 -4.5 0 0.438527 -0.733833 -0.518829
51.6995 56.9855 53.2725 0.556902 0 -3.9 0 0.967668 0.0582043 0.245421
75.9509 57.2707 40.1205 0.828876 0 -3.9 0 0.865038 -0.298855 -0.402983
22.284 37.9065 51.2161 0.85776 0.472512 4.5 0 0.25728 -0.182389 0.948969
61.9178 31.2174 51.0952 -0.344523 -0.413438 -3.9 0 0.588037 -0.65069 0.480433
57.9025 36.4202 58.8426 0.456429 0 -3.9 0 0.571134 0.761032 0.30763
53.9876 34.2315 44.095 0.291698 0 -4.25094 0 -0.689895 -0.677966 -0.253786
60.4212 31.4546 42.3231 0.69239 0 -3.5 0 -0.0409449 0.441358 -0.896397
35.7205 45.2686 53.7734 -0.777543 -0.232652 -3.9 0 -0.525114 0.436034 0.730842
62.7627 54.7546 53.6696 1.64908 0 -1.69818 0 -0.659148 0.347436 -0.666942
73.5814 46.2325 54.4985 -0.15921 0 4.5 0 0.987823 0.149554 0.0428908
59.451 43.1828 34.738 0.80506 0 -3.9 0 -0.505226 -0.341852 -0.792391
74.7008 38.86 37.7585 1.14259 0 -0.0828431 0 0.14661 0.588907 -0.794792
75.594 45.019 50.2626 0.232729 0 4.5 0 0.965596 0.2594 -0.0183502
42.6215 53.8875 54.309 0.978588 0 1.8 0 0.164967 -0.0207605 0.986081
66.517 55.467 38.1585 4.40221 0 -3.9 0 0.701291 -0.428861 -0.569446
33.318 43.5755 34.7188 -0.61354 -0.355598 -0.8 0 0.0484272 -0.530787 -0.84612
68.947 71.1805 47.4526 0.648828 0 1.9 0 -0.555762 0.604309 0.570911
63.9854 54.4356 64.0805 0.168129 0 4.2 0 -0.00630895 0.868355 0.495903
19.1581 33.1645 50.6816 0.288472 0 -1.6 0 0.187098 -0.938038 0.291684
46.6415 57.585 34.0095 2.98321 0 -3.9 0 -0.114534 0.35057 -0.929507
39.638 47.303 58.2625 3.48562 0.0357665 -3.9 0 -0.23179 -0.755456 0.61283
49.0036 33.603 54.0042 0.287014 0 -0.349398 0 -0.554854 -0.551742 0.62267
58.4041 34.485 39.6123 -0.755023 -0.699582 -3.5 0 0.934347 -0.15313 -0.321788
32.604 44.5532 39.017 0.635088 0 3.8 0 -0.826164 -0.432465 -0.361147
25.1656 59.118 55.8485 -0.363756 -0.599167 3.8 0 0.525938 0.0248866 0.850159
12.1657 42.4986 50.2145 0.120618 -0.1666 3.8 0 -0.939039 -0.0329025 -0.342233
45.118 59.0105 52.8625 1.8399 0 -3.5 0 -0.585222 0.77587 0.235671
46.7525 44.5824 31.2801 0.930147 0 -3.5 0 -0.449249 -0.636291 -0.627143
65.058 26.662 46.458 2.87701 0.0495967 -3.9 0 0.494417 -0.861849 0.113001
53.3249 59.731 49.0725 2.78912 0.0603296 -3.9 0 0.0358947 0.495822 0.867682
23.2005 39.9105 51.7235 0.0462288 0 4.5 0 -0.0220991 -0.536342 0.843711
67.5969 42.052 39.7399 0.62668 -0.539349 0.906767 0 0.168463 -0.00256757 -0.985705
59.376 61.533 42.051 0.320466 0 4.5 0 0.120095 0.990207 -0.071187
61.665 56.8787 37.76 0.558796 -0.0151544 0.910738 0 -0.148408 0.254134 -0.955715
36.9798 55.8279 52.5981 1.06701 0 -0.8 0 0.464328 0.830221 0.308437
52.1133 34.7179 41.4053 -0.506653 0 3.8 0 0.0545986 -0.896081 0.44052
38.567 35.9409 48.3765 -0.887386 0 0.98612 0 0.266741 -0.875309 0.403339
11.1318 37.1461 46.5576 2.02641 0 -3.9 0 -0.14668 -0.986938 0.0666188
33.8574 58.4482 42.9984 0.389941 0 1.28502 0 -0.349627 0.518374 -0.780416
75.3278 51.3792 42.7621 0.638437 0 -1.6 0 0.949743 -0.214233 0.228237
12.0387 42.1965 42.3522 0.145715 -0.0846975 -2.78873 0 -0.931025 0.338262 0.13701
69.2155 36.3386 38.231 0.596221 0.525971 -0.776092 0 0.260047 -0.882618 -0.391613
61.331 48.1774 60.281 -0.590069 -0.416582 -0.4 0 -0.743399 -0.649719 0.158822
29.067 40.4207 44.6591 -1.29517 0 0.374116 0 0.239745 -0.650361 -0.7208
59.9725 29.2735 46.6231 0.316874 0 -3.57661 0 0.201641 -0.956551 0.210599
21.0859 50.6845 40.6143 0.133667 0 3.8323 0 -0.932233 0.215916 -0.290382
60.3753 53.308 54.9794 0.820021 0 -0.9 0 -0.506014 0.546465 -0.667328
41.378 44.78 55.67 0.364553 0 -1.51268 0 0.275015 0.225844 0.934538
47.6344 37.8047 33.2615 1.208 0 -3.9 0 -0.256796 -0.656454 0.709312
69.2294 49.1029 34.8008 0.73218 0.539145 -3.5 0 0.0564723 -0.418309 -0.906547
21.7665 57.7456 46.2381 0.193669 0 0.0466464 0 0.816759 0.542144 0.197446
40.341 41.284 59.2445 1.44518 0.00249671 -3.9 0 0.716189 -0.34698 0.60554
25.791 46.7103 35.398 -0.0545833 -0.514073 -1.76596 0 0.505832 -0.273672 -0.818069
74.7347 48.4501 50.238 0.215086 0 4.5 0 0.73132 0.597091 0.329626
12.5806 50.5979 43.1975 0.497153 0 -3.9 0 -0.529536 -0.778802 -0.336243
43.8036 36.0908 50.6538 1.13001 0.861647 -4.5 0 -0.913787 -0.386686 0.124367
30.2614 57.0218 44.9536 0.124417 -0.168334 0.587975 0 0.135724 0.454736 -0.880224
61.4735 29.678 42.5723 0.820597 0.495668 -3.5 0 0.288157 -0.733168 -0.615978
67.4165 32.5975 40.282 0.374977 0 -0.7 0 0.061008 -0.786047 -0.615149
67.1776 54.6936 55.4641 0.356961 0 -3.9 0 0.605824 -0.167142 0.777844
57.007 44.3801 57.1398 -0.846964 -0.229516 -2.2927 0 0.230312 -0.953293 0.195419
54.0643 55.8034 36.3704 -0.171079 -0.0269856 -2.51285 0 -0.611136 0.627681 -0.482214
54.6395 53.6369 53.2154 0.55155 0 2.01154 0 0.392714 0.881118 0.263451
37.9429 50.5101 57.1427 1.57873 0 -3.9 0 -0.90526 0.379135 0.191732
55.8385 53.379 55.8131 0.6079 0 -4.5 0 -0.158392 0.976207 -0.148094
34.8128 60.5755 45.1924 0.497884 0 -0.8 0 0.259318 0.958797 -0.11603
39.5067 51.6195 55.8935 1.49087 0 -3.9 0 -0.163156 0.960867 0.223865
72.2807 35.2337 47.6734 0.178744 0.0788455 -3.5 0 -0.561017 -0.541225 -0.626367
63.8787 42.2002 60.8825 -0.0288741 0 -3.38171 0 -0.480153 0.100069 0.871458
65.7538 35.241 56.9092 0.317176 0 3.8 0 0.676698 -0.736101 -0.0153262
76.093 39.3382 52.2007 -0.0176995 -0.32331 4.5 0 -0.0425663 -0.249 0.967568
23.9538 36.363 40.2135 -0.159929 0 -0.7 0 0.02943 -0.678583 -0.733934
72.9704 52.42 44.6234 0.438539 0 -1.6 0 0.344121 0.137047 0.92887
72.808 43.139 56.3455 0.327104 0 4.5 0 0.549793 -0.478997 0.684317
38.7069 49.8848 36.3758 -0.469954 -0.349059 -3.5 0 -0.117409 0.428692 -0.895789
64.7455 51.5135 38.2771 0.628684 -0.027276 2.8 0 -0.152703 0.350643 -0.923976
53.0467 43.8271 31.4259 1.51451 0 -0.4 0 0.696378 0.309207 -0.647648
24.214 54.1391 56.4683 0.330571 0 3.8 0 0.482766 -0.574608 0.660881
71.3131 49.6341 58.7788 0.142788 0 -3.5 0 0.281515 0.926287 0.250481
41.2984 49.0597 58.8841 2.82856 0.201423 -3.9 0 0.612462 0.0716683 0.787244
16.2915 34.238 51.205 0.309199 0 -1.6 0 -0.740071 -0.290571 0.606518
74.595 36.7074 36.8601 0.377787 0 -0.4 0 -0.302168 -0.358744 -0.883174
30.6077 36.6124 44.3171 -1.64525 0 -3.5 0 0.143208 0.728213 -0.670222
75.185 40.5542 43.0182 0.468058 0 2.5 0 0.955125 -0.279556 0.097898
73.8595 34.5877 50.0462 -1.21106 -0.0045666 -3.5 0 0.614903 -0.521801 0.591284
65.5072 42.273 37.7327 1.50527 0 1.8 0 0.80545 -0.552879 -0.213482
28.3123 58.2323 44.3136 0.375535 0 2.18692 0 0.469903 -0.0679689 -0.880097
60.9837 43.7055 59.714 -0.0924968 0 2.8 0 -0.643279 -0.17616 0.74509
64.8658 57.7896 37.7448 1.65698 0 -1.14762 0 0.102877 0.5129 -0.852261
64.2842 51.4012 65.602 0.22672 0 4.2 0 -0.169237 -0.0326046 0.985036
38.034 42.7821 60.6115 2.75665 0.107238 -3.9 0 -0.234391 0.541607 0.807294
69.7195 33.4045 42.591 0.661073 0.0416472 -0.7 0 0.441269 -0.664481 0.603114
71.5615 39.548 37.1133 0.193116 0 -0.8 0 0.676054 0.269095 -0.685958
45.2425 60.0871 55.6177 1.59608 0 -3.9 0 -0.641652 0.761856 -0.0886466
57.736 38.303 36.9253 0.185364 0 3.8 0 0.638368 -0.380003 -0.669391
41.6497 56.0555 39.0505 0.995796 0.012015 -2.16728 0 0.193122 0.255496 -0.947326
49.8564 39.6451 54.8997 0.415819 0 0.953075 0 0.201392 0.300881 0.932154
24.2153 51.631 38.5899 0.137201 0 3.43988 0 0.33884 0.888123 -0.310525
72.8711 51.2197 45.2485 -0.645531 -0.521581 -1.6 0 0.594503 0.451493 0.665372
79.4778 37.659 51.7284 -0.408941 -0.0398971 -1.3 0 0.0807094 -0.405231 0.910645
15.4405 43.823 57.437 -0.910904 -0.671704 -3.5 0 -0.300601 -0.553923 0.776407
67.5581 45.6909 61.0552 0.133488 0 -3.5 0 0.218567 -0.725453 0.652646
61.721 52.381 61.9505 0.00197169 0 4.2 0 -0.929126 0.126925 0.347298
25.608 60.2005 47.5952 -0.194085 -0.338244 3.72275 0 -0.69462 0.718089 -0.0430289
63.6357 67.692 43.781 0.393476 0 4.2 0 0.308906 0.79731 -0.51853
51.6081 55.5189 53.9411 0.426625 0 -3.9 0 0.811322 0.500553 0.301998
74.7893 64.6985 39.776 0.277312 0 -0.8 0 0.992765 0.104875 -0.0584773
68.6083 56.0755 61.659 0.153622 0 -3.5 0 0.976385 0.0447533 0.211354
76.5335 37.508 40.0933 0.377931 0 -0.4 0 0.683784 0.289063 0.669987
63.0205 42.7329 60.5938 0.0464908 0 2.8 0 -0.503892 -0.198892 0.840556
63.9367 39.366 35.0677 3.03023 0.158448 -3.9 0 -0.240722 -0.87775 -0.414256
76.4545 38.1755 52.374 -0.626029 -0.142905 4.5 0 -0.246354 -0.179972 0.952323
59.481 50.0565 34.9512 0.0559845 -0.280954 -3.5 0 -0.019422 0.294605 -0.955422
56.2562 36.7211 60.1134 0.186309 0 -3.9 0 0.061557 0.471773 0.879569
59.2946 52.7163 54.5834 2.30126 0 -4.5 0 0.0359658 0.906646 -0.420355
71.8736 54.0714 43.975 0.747616 0 -1.6 0 -0.32544 0.468218 0.821499
42.4329 45.8875 55.6615 -0.602376 -0.739771 2.8 0 -0.0366968 -0.116328 0.992533
67.1492 40.8708 61.0595 0.0795839 0 -4.5 0 0.69176 -0.550971 0.466796
35.6473 39.2434 46.2751 -0.523692 -0.0752447 -2.78147 0 0.757764 -0.406985 -0.510056
44.082 58.5397 52.6833 1.40436 7.50608e-05 -3.5 0 -0.435904 0.856249 0.277173
50.4813 49.8225 57.9427 0.272073 0 -0.8 0 0.00567466 0.200284 0.979721
70.7175 59.6395 44.6125 0.253346 0 3.8 0 0.437567 -0.175228 0.881947
36.0384 40.8881 43.7765 0.0331517 -0.243549 0.758837 0 0.375244 -0.89703 -0.233516
69.08 51.1581 46.8156 0.500297 0 4.5 0 0.637322 0.770554 -0.00820344
50.7756 34.9935 50.4229 0.566635 0.417815 -0.358222 0 -0.118215 -0.823302 -0.555156
39.0998 40.967 60.6657 2.88245 0.0791184 -3.9 0 0.193296 -0.393855 0.898618
49.8119 35.2719 49.7675 0.619278 0.0957013 1.2323 0 0.136787 -0.900553 -0.412666
16.5117 48.41 53.0925 1.55195 0 0.176849 0 -0.948633 -0.11099 -0.29627
33.9855 50.0798 39.177 0.622472 0 -4.5 0 0.668174 0.61367 -0.420657
11.6961 44.3737 52.1119 0.147858 0 3.8 0 -0.872235 0.0629823 0.485015
20.6265 59.4605 56.289 -0.274808 0 -3.9842 0 -0.405424 -0.0405537 0.913229
82.1152 37.2575 49.4272 -0.619689 -0.0487055 -1.3 0 0.915785 -0.341589 -0.211318
16.223 38.4933 52.52 0.388265 0 -3.5 0 0.474994 -0.782868 0.40187
44.5902 34.6805 38.914 0.509764 0 -3.5 0 -0.751193 0.533 -0.389384
38.1434 36.95 57.7754 -0.310055 -0.0249207 -1.3 0 -0.164536 -0.921206 0.352571
46.671 52.4202 33.3524 0.297679 -0.500889 -1.3 0 0.0814838 0.784909 -0.61423
26.6007 63.4665 53.8675 0.457829 0 -3.5 0 0.862893 0.417951 0.284134
58.7249 29.6434 48.847 0.486857 0 -0.4 0 0.111626 -0.98601 0.123791
63.4645 57.054 61.633 -1.21998 -0.0414018 -3.5 0 -0.941472 0.227271 0.248955
70.3327 58.7759 45.0054 -0.0493343 0 -3.34211 0 0.739996 0.00952646 0.672544
19.885 37.68 52.325 0.0661185 -0.185282 -2.68634 0 -0.137992 -0.487838 0.861959
61.4159 58.6167 49.161 -1.30981 0 -1.87346 0 -0.828551 -0.518055 0.212418
17.7213 45.5653 57.1548 -1.27945 -0.444054 -3.5 0 0.489644 0.227823 0.841633
14.3479 40.8763 38.0464 0.161346 -0.207164 0.509342 0 -0.0127722 0.346028 -0.938137
39.375 36.2755 42.4745 0.101037 -0.244441 -4.20185 0 -0.375649 0.393272 -0.839181
66.5482 63.3615 51.2055 0.63784 0 -4.5 0 0.489201 -0.0919731 0.867308
79.3375 34.962 50.7025 0.15054 0 -1.3 0 0.422953 -0.402415 0.811895
42.3395 55.0555 38.1925 1.4316 0.362471 -3.5 0 -0.220666 0.758489 -0.61319
32.5655 36.7772 47.9912 -0.12972 0.736459 -4.5 0 -0.318199 -0.761279 0.564981
42.2829 34.8335 46.8602 0.551088 -0.175135 4.2 0 0.0260071 -0.897859 0.439514
23.0101 61.2129 50.2674 0.196698 0 -3.5 0 0.152631 0.66593 -0.730233
15.7141 50.1861 52.1188 0.522797 0 -3.9 0 -0.99882 -0.0153067 -0.0460996
74.5557 33.396 46.9507 0.637037 -0.10885 -1.3 0 -0.573459 -0.726933 -0.377773
39.7988 39.5863 31.7262 2.64375 0.537152 -3.9 0 0.124543 -0.989518 -0.0730964
69.8303 52.6623 44.795 0.39096 0 -1.3 0 0.552764 0.354775 0.754047
14.8086 38.0765 47.43 0.675717 0 -0.0988882 0 -0.39269 -0.918538 -0.0456368
68.0115 51.5023 37.4495 0.847286 0.017751 0.78561 0 -0.501304 0.802833 -0.322727
43.3317 42.8524 32.8936 1.39555 0 -0.7 0 0.00999817 -0.0813935 -0.996632
45.2854 42.4619 58.5865 0.457168 0 2.8 0 -0.0814619 -0.125878 0.988695
24.4756 58.1666 56.4064 0.283369 -0.346782 3.8 0 0.679668 0.365731 0.63584
34.034 55.3517 54.5529 1.18649 -0.494788 -2.14666 0 0.297345 0.953355 0.0519691
68.9626 47.5156 35.7173 0.473027 0 2.8 0 0.901131 -0.229952 -0.367539
72.898 56.627 38.117 3.23329 0 -3.9 0 0.0801355 -0.00225178 -0.996781
44.2118 56.1075 54.7845 1.07456 0.240077 -3.5 0 -0.422918 -0.168819 0.890304
61.0785 62.5144 44.3685 0.286917 -0.126631 -2.78378 0 -0.925777 0.353935 -0.13292
47.5923 57.324 57.5978 2.18886 0.736911 -3.9 0 0.276204 -0.802867 0.528315
17.981 33.0175 43.9475 0.137807 -0.327204 1.8 0 -0.239834 -0.959312 -0.148996
18.6647 46.9536 36.8343 0.430898 -0.202069 -0.7 0 -0.5737 0.651642 -0.496216
74.3587 36.0583 45.588 0.572296 0.102501 -1.3 0 -0.0886864 -0.558068 -0.825043
21.9311 62.2254 55.3191 0.110528 0 -3.78639 0 -0.399018 0.60366 0.690202
25.15 36.7626 49.9291 0.0552642 0 4.5 0 0.634728 -0.330735 0.69838
25.007 65.098 54.958 0.135819 0 -3.5 0 0.527196 0.839683 0.130375
39.5065 35.0864 47.081 0.38226 0 2.87521 0 0.0907219 -0.623643 0.776427
26.958 48.8754 55.5299 0.629975 0 -3.5 0 -0.236346 0.868102 0.436508
26.251 45.1908 37.5812 -0.0855005 -0.431111 -0.7 0 0.368142 -0.454437 -0.811146
14.0704 47.2287 47.3182 0.0898346 0 3.00976 0 -0.903221 0.389275 0.180711
62.8039 64.2339 47.4827 0.409306 0 4.2 0 -0.773999 0.333586 0.538187
25.7227 44.1237 58.0788 0.614958 0 -3.5 0 -0.158258 -0.400989 0.902309
43.7858 35.5741 49.3857 0.621909 0.0133593 -4.5 0 -0.664389 -0.740531 0.101004
73.82 40.3758 52.6543 -0.0942399 0 4.5 0 0.297979 -0.568057 0.76715
70.0346 34.6644 50.4966 0.87766 0.155311 -3.82252 0 -0.273842 -0.904183 -0.327817
11.8713 40.6263 38.5045 0.275903 0 -0.8 0 -0.381886 0.387806 -0.83891
15.5275 42.2931 56.4006 -0.110767 0 -3.5 0 -0.16516 -0.241972 0.956123
42.1125 36.57 49.2355 0.26753 0 4.2 0 -0.0695857 -0.759871 0.646339
32.7626 41.2681 39.2484 0.27633 0 3.8 0 -0.641647 -0.181562 -0.745201
56.3942 53.3821 58.2082 0.886211 0.898882 -4.5 0 -0.263595 0.652674 0.710306
60.7821 51.8662 53.0902 3.05797 0 -3.19317 0 -0.046931 0.944263 -0.325829
49.6562 60.5132 53.7455 0.648059 0 -3.9 0 0.598472 0.69276 0.402386
58.6441 51.8688 58.695 0.234806 0 -1.74913 0 -0.211038 0.456159 0.864513
31.6569 40.6068 39.8037 0.107776 0 3.8 0 -0.538572 -0.259071 -0.801762
31.3123 50.661 54.9017 0.797413 0 -3.5 0 0.61859 -0.331656 0.712286
50.6955 34.346 36.638 0.42653 0 -3.5 0 -0.300521 -0.306654 -0.903134
60.3691 34.3266 42.8631 0.336627 -0.116297 -3.26618 0 0.108709 -0.698222 -0.70758
44.0705 31.9503 38.1485 0.324623 0 -3.5 0 -0.794365 -0.416038 -0.442602
26.8595 49.3996 54.4808 0.589702 0 -3.5 0 -0.217748 0.611562 0.760643
21.9509 57.3096 47.519 0.148398 0 -1.74941 0 0.811232 0.421834 -0.404918
43.9245 44.4921 56.111 0.201676 0 2.8 0 -0.501214 0.447425 0.740672
34.0864 48.6123 36.8864 0.246257 0.398658 -2.4186 0 0.411958 0.645972 -0.642659
19.0475 33.3613 48.3104 0.357272 0 -1.6 0 0.21326 -0.976957 0.00872021
62.8684 58.5724 38.7529 1.19326 0 -3.9 0 -0.180989 0.795201 -0.578704
64.3696 56.582 58.7804 0.147585 0 -1.99259 0 -0.582505 0.810414 0.0625878
69.7395 47.196 63.3281 -0.769648 0 -3.5 0 -0.069261 -0.311286 0.947789
21.2582 38.8426 34.6299 0.210711 0 -0.4 0 0.210659 -0.688789 -0.69368
66.1856 39.2635 59.6263 0.286617 -0.0717725 -3.32785 0 0.354385 -0.611843 0.707148
34.2016 46.9683 53.0931 -0.231847 0 -3.5 0 0.164075 -0.676056 0.718351
33.8638 60.237 47.7183 1.26047 0.100659 -0.8 0 0.206428 0.692276 0.691478
42.992 57.5843 50.1139 0.646824 0 -3.5 0 -0.823829 0.493902 0.278148
38.5054 41.435 37.2072 0.360582 0 -0.242917 0 -0.232155 -0.936289 -0.263566
52.7183 37.5962 35.083 -2.87136 -0.248294 -3.5 0 0.281353 0.341175 -0.896906
13.5192 35.3283 44.0653 0.564345 0 -3.5 0 -0.159922 -0.951194 0.263922
72.9354 46.5313 40.6786 0.639959 0 -1.6 0 0.291958 -0.350903 -0.889735
69.774 51.164 45.7747 0.381123 0 4.5 0 0.385815 0.782905 0.488064
61.4481 67.62 44.512 0.337953 0 4.2 0 -0.684984 0.727322 0.0424198
42.9625 32.2605 44.0729 0.378386 0 -0.4 0 0.0447511 -0.565777 0.823343
33.4318 50.2659 36.9808 0.754939 0 -4.5 0 0.662023 0.331403 -0.672233
24.443 32.8882 48.4195 0.0197522 0 4.5 0 -0.197974 -0.721628 0.66337
73.4078 64.0586 43.8175 -0.794266 -0.372191 -3.9 0 0.556238 0.642546 0.527004
60.6715 48.4757 33.5581 -1.11863 -0.234901 -3.9 0 -0.0174713 0.611781 -0.790834
27.9037 38.1905 44.674 -0.376432 0 -2.30957 0 0.677789 0.324721 -0.659665
33.8473 41.963 55.3705 0.284798 -0.0584764 -0.835049 0 0.417729 0.282788 0.863443
30.4153 48.1546 35.5317 0.615755 0 -4.5 0 -0.126098 -0.557709 -0.820402
46.4145 60.3408 58.1317 2.98793 0.0507099 -3.9 0 -0.00186364 0.674751 0.738043
26.3456 50.2291 53.9813 0.091008 0 -3.5 0 -0.121573 0.45052 0.88445
14.736 48.6876 39.2458 0.260639 0 1.8 0 -0.24503 0.911617 -0.330024
31.7376 36.8573 44.7316 -0.347494 0.00373069 -4.10058 0 -0.247654 0.547371 -0.799407
66.9826 36.3715 56.192 0.54299 0 3.8 0 0.478833 -0.873347 0.089355
43.996 37.8646 56.6204 -0.449706 0 -3.5 0 -0.349936 -0.268287 0.897534
25.5417 62.8877 55.5865 0.497171 0.207951 -3.5 0 0.58543 -0.100235 0.804503
31.8927 35.13 47.136 -0.764778 -0.677398 -3.5 0 0.247018 -0.711887 0.657418
68.5091 63.143 46.4109 0.457683 0 -0.8 0 0.604295 -0.348989 0.716264
10.7635 38.8315 52.332 0.0222782 0 -3.5 0 -0.719116 0.518069 -0.463117
66.233 54.401 39.168 3.43443 0 -3.9 0 0.850992 -0.286245 -0.440313
58.9422 53.0703 55.4676 1.23067 0.136175 -4.5 0 -0.0332033 0.910341 -0.412526
70.8534 64.7939 44.4997 0.0410556 -0.411155 -0.8 0 0.848224 0.497721 0.181079
67.551 53.2765 39.911 1.30471 0.855672 -3.5 0 -0.141215 0.449838 -0.881875
63.5375 56.6105 57.4585 0.130659 -0.672469 -0.9 0 -0.401307 0.833523 0.379726
60.6362 41.779 34.4642 0.840391 0 -1.08768 0 -0.330204 -0.317729 -0.888827
19.5952 49.5349 54.4705 2.47921 0.192401 -3.9 0 0.432005 0.0269661 0.901468
19.7255 49.858 41.098 0.244266 0 1.8 0 -0.17457 0.636585 -0.751189
58.0902 36.7733 57.912 0.803403 0 -3.9 0 0.494552 0.441226 0.748825
17.2471 55.6235 43.8776 0.18059 0 3.8 0 -0.852803 0.521646 -0.0247593
27.6191 38.47 41.4809 -0.358256 -0.447525 -0.7 0 0.981488 0.0289568 -0.189324
36.4856 59.4069 48.071 0.546823 0 -0.7 0 0.0833366 0.996091 -0.0292903
36.3877 38.6966 46.8374 -1.386 0 -3.5 0 0.279112 -0.10126 -0.954905
63.4936 51.5923 38.207 0.867606 0 -0.488533 0 0.385664 0.482899 -0.786175
58.7025 38.1525 38.2674 0.202537 0 1.56228 0 0.47136 -0.679101 -0.562709
13.8745 38.3037 47.111 1.15189 0 -3.9 0 0.0844419 -0.994638 0.0597039
10.107 38.2783 44.94 1.02128 0 -3.9 0 -0.869591 -0.245577 -0.428373
77.4499 37.3058 38.9622 -0.195136 0 -0.4 0 0.892806 0.350752 0.282616
23.9075 60.3162 49.9933 0.306703 -0.00634815 -2.94075 0 0.114994 0.679375 -0.724725
14.487 34.973 43.812 0.606129 0 -3.5 0 -0.248462 -0.957743 0.144895
28.3522 62.3674 43.8654 0.349472 0 -0.7 0 0.00346631 0.724633 -0.689127
56.4939 30.0741 43.0436 0.0988154 0 -3.5 0 -0.393783 -0.772327 -0.498443
20.933 53.9917 54.4367 0.439232 0 0.135611 0 -0.440269 0.0839097 0.893936
56.2234 53.5692 52.7619 0.894309 0 4.5 0 0.145269 0.765932 0.626295
46.5964 52.7093 54.9675 0.726906 0.237477 -3.5 0 -0.0671979 0.247969 0.966435
60.7915 50.6395 34.6675 -0.947975 -0.0401365 -3.5 0 0.0551738 0.207028 -0.976778
69.845 36.3105 56.342 0.431186 0 -3.9 0 0.0205903 -0.640607 0.767592
37.6916 41.9439 32.6174 1.71322 0 -3.9 0 -0.977231 0.0132686 -0.211761
38.9593 42.2757 60.7578 2.97243 0 -3.9 0 0.307087 0.502257 0.808353
32.395 49.3325 36.172 0.625493 0.0374873 -4.5 0 0.57517 0.158511 -0.802529
76.5561 33.6488 46.0081 -0.605646 0 -1.3 0 0.175852 -0.628829 -0.757397
70.3942 48.828 36.8462 0.227375 -0.198192 -2.45782 0 0.240579 -0.969156 -0.053466
62.8131 62.5967 51.0569 0.605566 0 -4.5 0 -0.67633 -0.0334383 0.735839
41.7864 55.5686 43.36 0.944917 0.411254 -0.9 0 -0.627946 0.467807 0.621964
56.465 31.3495 54.6758 0.194066 0 -3.5 0 -0.749007 -0.662276 0.0194628
46.0812 57.3442 56.8573 2.36592 0 -3.9 0 -0.51477 -0.722514 0.461504
21.5417 49.5918 37.598 0.500324 0 -3.5 0 -0.713809 0.508144 -0.481939
75.0622 35.4618 38.237 0.0187623 0 -0.4 0 -0.510219 -0.805024 -0.302676
39.273 48.1473 55.1517 1.69871 0 -3.9 0 -0.606996 -0.793541 0.0429935
74.8214 46.4232 45.7786 0.852338 0 -3.01428 0 0.684677 0.723668 -0.0867318
64.1164 34.4712 38.6073 0.883148 0 -1.6 0 -0.223093 -0.373167 -0.900542
16.4543 50.5153 42.3932 0.627779 0 -3.9 0 0.257686 0.314081 -0.913757
60.64 33.2645 54.546 -0.697327 -0.140858 -3.5 0 0.853415 -0.521068 -0.0131216
24.9522 46.0382 34.6435 -0.148699 -0.141163 -0.7 0 0.512491 0.578982 -0.63414
45.5826 56.3826 41.8321 0.65625 0.203244 -0.9 0 -0.165681 0.982795 -0.0816338
72.847 53.0228 38.206 0.765399 0 -3.5 0 0.980224 0.117168 -0.159479
37.8536 54.9825 53.5843 0.785424 0 -0.8 0 0.742312 0.580025 0.335475
57.304 39.8265 57.2085 -0.254519 -0.103694 -3.54438 0 0.231733 0.710782 0.664145
29.0492 37.2158 44.7775 -0.174697 0 -3.5 0 0.385832 0.581196 -0.716481
68.4245 55.396 39.2245 1.13277 0 3.8 0 -0.151257 -0.462372 -0.87369
34.9041 47.9036 53.9212 0.648696 0 -3.5 0 0.0595616 -0.462399 0.884669
9.03525 39.1191 55.813 0.475602 0 -3.5 0 -0.819611 0.525083 0.229185
55.9007 60.7723 42.3877 0.483503 0 4.5 0 -0.67658 0.71907 -0.158674
60.8885 33.445 55.9355 -0.245464 0 2.80355 0 0.694353 -0.708221 0.12766
49.8481 60.0525 55.164 0.720104 0 -3.9 0 0.666226 0.696 0.267819
10.4125 37.937 51.982 -0.213019 -0.131103 -3.5 0 -0.638517 0.0552376 -0.767623
55.6219 48.9292 58.4569 0.167482 0 -4.10577 0 0.0846353 -0.453224 0.88737
67.7527 56.6495 62.3817 -0.0381853 0 -3.5 0 0.59044 0.417741 0.69056
32.3338 56.195 43.3097 1.18039 0 1.8 0 -0.629245 0.572723 -0.525394
31.7816 60.0728 46.7201 0.533666 0 -0.8 0 -0.0920055 0.993345 0.0692864
12.3593 43.9476 43.4137 0.45227 0 -1.26311 0 -0.961566 -0.252673 -0.10746
15.5714 47.1616 54.2957 -0.467943 0 -3.5 0 -0.769544 0.562615 -0.302103
16.2239 52.0112 50.0122 -0.282113 0 -0.725449 0 -0.793142 0.109826 0.599052
66.6066 53.8389 39.962 1.44605 0 -3.9 0 0.379363 -0.125792 -0.916657
57.503 50.564 34.2609 -0.13484 0 4.2 0 0.395775 0.412283 -0.8206
43.1533 48.7341 32.352 -0.451105 0 -3.20766 0 0.187887 0.89036 -0.414678
35.4204 50.0062 53.9369 1.19812 0.352951 -3.5 0 -0.0742504 0.246186 0.966374
16.5982 34.7681 47.5703 0.617321 0 -0.853794 0 -0.825149 -0.510764 -0.241348
73.2172 50.0661 36.9955 -0.664504 -0.728448 -3.5 0 0.977552 -0.196344 0.0764254
47.849 36.9424 45.877 -0.0133287 -0.842091 -4.5 0 0.118375 -0.98761 0.103028
52.094 40.4265 34.8385 0.513282 0 -3.60373 0 0.891347 -0.0769869 -0.446737
33.7721 55.1736 53.354 1.77563 -0.26745 -0.690162 0 0.290146 0.945324 0.148924
25.5002 42.2912 35.5962 -0.142525 0 -0.7 0 0.915574 -0.399934 -0.0421595
29.2439 45.1481 58.4184 0.0482233 0 -0.9 0 -0.429878 -0.068271 0.900302
62.613 45.9302 60.372 -0.210478 0 2.40697 0 -0.608404 -0.158157 0.777709
81.8099 39.3162 49.382 -0.930888 0 -1.3 0 0.737839 0.214504 -0.639986
17.1147 57.7293 46.786 -0.347249 0 -3.5 0 -0.366124 -0.087838 -0.926411
57.9419 55.5723 49.8382 -0.284524 0 4.5 0 0.578007 0.66554 0.47219
64.6801 39.3661 61.2104 0.668893 0 -4.5 0 0.159498 -0.758332 0.632054
29.0168 49.4748 55.2668 0.422606 0 -3.5 0 -0.0485396 0.532083 0.8453
43.5822 46.1213 55.8418 1.07339 0.59944 2.8 0 -0.255064 -0.0832546 0.963333
23.3019 60.5056 55.868 0.509848 0 3.8 0 0.0675314 0.439122 0.895886
34.8375 35.2547 43.1592 0.252739 0 -4.5 0 -0.235187 -0.462353 -0.854937
51.05 57.9566 47.1738 0.258977 0 -3.77006 0 -0.455082 0.83899 -0.298322
23.4139 55.737 42.5274 0.236776 0 1.8 0 -0.275142 0.481341 -0.832231
43.6405 34.5768 39.6507 0.840145 0.335423 -1.96142 0 -0.485154 0.509376 -0.710748
54.7192 37.3555 36.1247 -2.6135 -0.181921 -0.419531 0 0.233977 0.550356 -0.801475
43.9103 40.7515 37.488 1.70213 0.531072 -3.9 0 0.160179 -0.786873 -0.595964
47.457 61.6847 53.46 0.886887 0.829042 -3.5 0 -0.367737 0.856896 0.361247
12.2817 51.4132 42.0493 0.527851 0 -3.9 0 -0.413975 -0.59345 -0.690248
42.5066 51.4874 54.589 1.41517 0 -3.9 0 0.321556 0.670362 0.668742
29.3936 62.6485 46.132 0.899477 0.235953 -0.7 0 0.785221 0.604327 -0.13497
18.2822 59.0868 55.9847 0.359056 0 -4.5 0 -0.129356 -0.0666473 0.989356
47.2936 55.6937 54.7508 0.861071 0 -3.9 0 -0.132965 -0.440867 0.887669
62.4606 54.3162 38.1418 1.03887 0 -0.747432 0 -0.0579293 -0.125517 -0.990399
76.9026 40.2549 52.4646 0.183798 0 4.5 0 0.196428 -0.313452 0.929066
22.7306 62.8218 55.4501 0.0722735 0 -3.5 0 -0.691885 -0.0760276 0.717993
12.9946 43.3606 48.39 0.352224 0 3.8 0 -0.7861 -0.173074 -0.593373
19.3347 46.4347 35.9733 1.02789 0.594767 -0.7 0 -0.560076 0.129337 -0.818283
29.6357 33.6299 44.8198 -0.840441 -0.0245069 -3.5 0 0.068472 -0.976069 -0.206398
69.3935 47.4986 39.4305 0.476714 -0.5695 1.27747 0 0.711541 -0.401888 -0.576364
26.0475 56.3498 39.5827 0.318285 0 1.8 0 -0.304922 0.734375 -0.606395
40.4189 48.9145 31.5209 -1.58343 -0.0280429 -3.5 0 -0.127938 0.914437 -0.383975
25.4411 54.5643 54.2926 0.33654 0 3.8 0 0.512278 -0.798055 0.317301
55.4745 52.2885 57.9235 0.468601 0.0136425 -4.5 0 -0.44784 0.594522 0.66782
70.2292 53.6955 48.6208 -0.376879 0 -1.3 0 0.686431 -0.229561 -0.690011
41.453 40.5872 40.3893 -0.234829 0 -3.9 0 -0.338564 -0.767286 0.544653
50.295 45.1366 56.5317 0.799016 0.586386 1.8 0 -0.548237 -0.512614 0.660804
45.7445 35.8867 30.5502 2.5584 0.234594 -3.9 0 -0.833231 -0.547558 -0.0768571
35.9634 41.3374 55.3107 0.218914 0 -0.8 0 -0.514455 0.272158 0.813183
20.3188 43.0231 37.2019 0.176642 -0.0317076 -0.431028 0 -0.843249 0.343601 -0.413363
50.0143 33.7355 37.1808 0.0961793 0.0588376 -3.5 0 0.0727865 -0.67349 -0.735604
63.4411 67.9659 44.8961 0.332397 0 4.2 0 0.203659 0.975132 0.0874059
63.8741 50.3 36.9231 1.13704 0 -1.17365 0 0.324662 0.842732 -0.429414
71.4199 66.034 39.4224 0.190285 0 -0.8 0 -0.239892 0.872491 -0.425689
22.3695 61.099 55.6328 -0.20758 -0.272034 -0.560176 0 0.0920522 0.392875 0.914973
24.8902 34.7825 50.1748 -1.25306 -0.0643638 4.5 0 0.648282 -0.265575 0.713582
36.5376 58.2165 40.8216 0.385307 -0.0341892 -0.8 0 -0.301295 0.950858 0.0713474
29.6944 53.2062 56.1255 0.413312 0 -3.5 0 -0.541178 -0.227555 0.809534
27.4307 38.6567 38.337 -1.51877 -0.510529 -3.5 0 0.808434 -0.577672 -0.112827
42.3544 41.5596 58.0682 0.393384 0 -0.767136 0 0.0539788 -0.0756978 0.995669
81.341 36.0905 49.364 -0.0214833 0 -1.3 0 0.661879 -0.735035 0.147104
50.6885 58.1987 45.5665 0.557532 0 -3.9 0 -0.378817 0.781071 0.496413
63.3283 33.1014 48.4082 0.507211 -0.0240877 -2.67662 0 0.797868 0.299447 0.523199
42.9302 48.348 56.039 1.02699 0 -2.32951 0 0.266201 -0.49549 0.826817
28.836 59.3635 51.5075 0.447973 0 3.8 0 0.746966 0.664064 -0.032579
63.09 57.0089 56.4118 -0.568854 -0.443855 -0.9 0 -0.581491 0.778609 0.235874
53.2674 52.5452 57.7399 0.52911 0.00135633 -0.9 0 0.141539 0.568526 0.810398
11.5989 54.8438 46.0926 -0.807238 -0.718785 -3.5 0 -0.902674 0.243524 0.35479
28.196 63.4944 46.1982 1.26701 0.618716 -0.7 0 -0.0101726 0.98176 -0.189852
57.8315 41.4012 35.3713 0.866777 0 4.5 0 -0.263758 -0.249848 -0.931669
35.5211 46.5614 53.2654 -0.18618 0 -3.5 0 -0.265587 -0.174742 0.948119
61.8122 64.3344 42.3153 0.44474 0 4.2 0 -0.736168 -0.130412 -0.664115
49.094 56.8295 34.7745 1.59919 0 -3.9 0 0.613546 0.368165 -0.698581
69.2213 52.2472 48.5075 0.230646 0 -1.3 0 0.751523 0.063522 -0.656641
67.6263 60.0074 37.3166 0.61569 0 3.8 0 -0.0241721 0.452565 -0.891404
46.1095 33.8833 35.5872 0.07764 -0.0583023 -3.5 0 -0.0361007 -0.0633909 -0.997336
34.8857 41.2018 55.1344 -1.11414 0 -0.8 0 0.0519918 0.123686 0.990958
74.8035 46.6003 43.6177 1.02336 0 -3.9 0 0.933607 0.358168 0.00971546
21.9347 52.173 55.1299 0.461354 0 3.8 0 -0.351179 -0.11104 0.929701
71.9508 33.4442 48.6656 -1.22492 -0.0734225 -3.5 0 -0.478826 -0.762294 -0.435468
69.9819 66.2714 46.2924 0.325707 -0.0377025 1.6125 0 0.820269 -0.0503684 0.569756
46.3155 35.179 35.803 0.694218 0.130378 -3.5 0 -0.175822 0.368661 -0.912785
64.3238 38.1081 37.0653 0.389829 0 2.8 0 0.318462 -0.517616 -0.794138
43.0081 44.8013 55.578 0.204636 -0.262253 2.8 0 -0.160857 0.263054 0.951277
35.368 42.5849 54.6121 0.330483 0 -1.86964 0 -0.157655 0.361313 0.91902
53.927 33.7214 45.2559 0.492845 0 -4.5 0 -0.694896 -0.681173 -0.230485
71.15 33.3956 41.7088 1.36421 0.782816 -0.7 0 0.732451 -0.626679 0.26606
27.5596 33.0449 45.9444 -0.349986 0 1.60859 0 0.602132 -0.780906 -0.1662
44.6043 32.3078 52.0715 0.363707 0 -4.5 0 -0.599256 -0.800527 -0.00694355
19.502 59.655 55.8825 0.224481 -0.0969612 -4.5 0 -0.331537 0.257128 0.907727
56.313 43.3027 34.9195 3.61774 0 4.29057 0 -0.0336187 -0.839762 -0.541912
42.2985 34.1835 39.9777 0.952233 0.724813 -0.4 0 -0.600274 0.0934121 -0.794321
60.4329 49.4695 59.9398 -0.263876 -0.311757 -0.4 0 -0.881713 -0.433854 0.185345
37.4316 51.9024 53.4314 0.976789 0 -0.8 0 -0.0282811 -0.0987057 0.994715
60.5705 29.5527 50.0255 0.22549 0 -3.9 0 -0.0705559 -0.918757 0.388468
40.089 51.2906 57.3619 1.64481 0 -3.9 0 0.224496 0.82249 0.522601
37.9884 37.1224 44.4972 -0.16646 -0.112965 -4.5 0 -0.540903 0.786543 -0.29795
72.3099 52.822 36.2706 0.645357 0 -3.5 0 0.506474 0.485517 -0.712571
47.7445 57.7104 42.9764 0.621554 0 -0.7 0 -0.635597 0.77091 -0.0413919
42.225 42.7598 57.4977 0.435145 0 -0.136202 0 0.326371 0.700534 0.634613
12.4792 47.5791 45.0721 0.44657 0 1.8 0 -0.635319 0.642709 0.428129
69.832 36.873 45.5799 0.543357 0 2.5 0 -0.248309 -0.922584 0.295266
67.0195 58.6185 52.281 0.648859 0 -2.11174 0 0.339879 0.90225 0.265381
71.0107 68.5305 46.1063 0.426071 0 1.9 0 0.829989 -0.547737 0.105369
55.2257 32.6425 37.161 -0.94565 -0.501047 -3.5 0 0.0348468 -0.698527 -0.714734
55.8786 60.9941 47.0176 2.46488 0.287526 -3.9 0 0.46303 0.762149 -0.452473
77.747 33.0549 49.7486 0.321843 0 -1.3 0 0.167133 -0.764983 0.621987
63.4514 55.1049 61.7733 -0.207309 -0.0162202 0.494529 0 -0.837783 0.517575 0.173884
68.9063 55.0413 48.2376 0.368746 -0.812708 -1.3 0 0.589414 0.224421 -0.776033
78.147 38.5183 51.9186 -0.611132 -0.151937 4.5 0 0.104498 -0.140232 0.984589
64.5808 53.9532 37.7717 2.7207 0.083085 -3.9 0 -0.14165 -0.60241 -0.785517
69.9648 42.8231 56.909 0.721364 0 4.5 0 0.262777 -0.0927559 0.960388
76.6099 38.9357 38.8204 0.464283 0 -0.4 0 0.611074 0.783084 0.115621
17.3878 58.7122 50.9005 0.054045 0 -4.5 0 -0.628933 0.625603 -0.461589
56.9878 42.4562 35.2565 1.72106 0 4.5 0 -0.132454 -0.275301 -0.95219
40.817 33.4199 45.3709 0.75119 0.00901862 -4.5 0 0.338818 -0.753982 0.562773
46.649 30.7943 39.8192 0.360626 0 -3.5 0 0.437871 -0.86187 0.255831
53.6489 54.0713 52.4709 0.34423 0 0.945729 0 0.2977 0.933095 0.201764
27.5761 38.3094 48.9253 -0.393842 0 2.5524 0 0.187719 -0.877689 0.440934
29.3643 42.4349 55.6171 -0.0193171 0 -0.9 0 -0.834343 -0.475949 0.278108
73.057 49.294 46.4689 -0.0276467 0 0.0190857 0 0.760426 0.576288 0.299408
51.4104 41.7303 30.6499 0.529275 0 -0.4 0 0.05959 -0.532162 -0.844543
61.7915 67.2907 43.0407 0.348502 0 4.2 0 -0.566109 0.554244 -0.610192
31.3995 35.6905 51.3125 0.00837061 0 -0.9 0 -0.0638209 -0.942869 -0.326993
11.3815 46.6046 44.9005 0.351036 0 1.8 0 -0.915937 0.325823 0.234305
64.4871 45.7631 32.5277 0.644385 0 2.8 0 -0.583548 0.151534 -0.797815
25.4465 57.7991 55.624 0.191886 0 3.8 0 0.762539 0.0492739 0.645063
30.3123 45.5065 40.2265 -0.0118049 0 -0.709522 0 0.199385 -0.630362 -0.75026
67.9122 54.0728 59.6068 0.447837 0 -3.5 0 0.971794 -0.0636103 -0.227092
33.3865 36.7785 49.936 -0.463605 -0.574737 -0.9 0 -0.413757 -0.811549 -0.412544
30.7765 33.9378 46.1702 -1.52912 0 -3.5 0 0.296732 -0.912639 0.28114
39.5865 53.911 51.579 1.42553 0 1.8 0 -0.271421 0.957695 0.0956601
18.7143 49.504 41.1058 0.295415 0 1.8 0 -0.224881 0.628604 -0.744503
54.5342 54.9675 51.3715 0.368223 0 4.5 0 -0.0522107 0.53354 0.844162
44.2989 37.0784 39.3249 0.538195 0 -3.5 0 -0.608971 -0.179426 -0.772633
60.4219 56.4839 37.6016 -0.289225 -0.782145 4.5 0 0.43763 0.214864 -0.873106
19.403 53.7682 43.1625 0.243236 0 3.8 0 -0.199428 -0.59387 -0.779453
17.2792 55.0437 42.929 0.212224 0 3.8 0 -0.813909 0.163163 -0.557612
36.179 35.7012 55.1425 0.274111 0 -0.4 0 0.140948 -0.6957 0.704369
65.554 58.912 60.769 -1.31524 -0.635554 -3.5 0 -0.169723 0.981317 0.0906149
70.1316 50.4755 62.5529 0.452483 0 -3.5 0 -0.00558503 0.841192 0.540708
66.251 36.9473 50.6673 2.1595 0 -3.9 0 -0.914613 -0.402414 0.0393061
76.1266 36.2287 45.1234 0.604811 0 -1.3 0 -0.0985338 -0.0966957 -0.990425
68.1633 54.6247 46.1465 0.540003 0 -1.3 0 0.929315 0.219608 0.296894
42.8187 47.3545 55.7595 0.78237 0.354501 -0.549475 0 0.0177697 -0.290107 0.956829
22.0045 56.7154 58.569 0.288261 0 3.8 0 -0.354201 0.00919132 0.935124
42.0329 54.3335 37.259 1.01186 0 -3.5 0 -0.581497 0.792174 -0.185262
31.475 43.3903 40.5021 0.221829 0 -0.8 0 -0.305083 0.108565 -0.946117
63.2466 57.1963 36.813 0.861311 0 -3.9 0 -0.223559 0.304005 -0.926068
70.3428 50.7412 47.2385 0.44868 0 4.5 0 0.396831 0.887935 0.232588
38.0563 45.628 35.8507 0.664968 0 -0.8 0 -0.181348 -0.262378 -0.947771
30.8633 43.9217 34.8343 0.522306 0.337706 -0.8 0 -0.834592 -0.124466 -0.536624
23.6068 40.5825 33.7575 0.0912317 0 -0.7 0 0.075784 -0.959094 -0.272754
51.3231 54.6139 55.1364 -0.265224 0 -3.9 0 0.304735 0.585301 0.751372
55.8301 36.848 36.0789 0.515184 0.282399 -0.094698 0 0.419018 0.168699 -0.892169
71.5857 36.3601 45.8675 0.965239 0.0363416 -2.33103 0 -0.227909 -0.972042 0.0564923
27.268 63.1405 46.8325 0.450404 -0.395847 -0.7 0 -0.590584 0.800977 0.0982155
47.0161 39.8372 55.7501 -0.336172 -0.203914 -2.15264 0 0.606252 0.11421 0.787029
33.6828 46.6782 34.9692 0.0684657 -0.394675 -0.8 0 -0.00457776 0.535564 -0.844482
36.901 43.8548 55.381 0.220897 0 -3.9 0 -0.644797 0.284705 0.709352
57.7285 36.3295 37.846 -0.04302 0 3.8 0 0.846378 -0.217939 -0.485949
42.5604 54.9926 34.4588 0.703127 0 -3.5 0 -0.241492 0.817647 -0.522624
71.6052 65.9827 40.8215 0.20004 0 -0.8 0 -0.052367 0.987122 0.151153
58.1524 36.7979 39.1331 -0.0665888 0 3.8 0 0.748536 -0.401689 -0.52758
13.9715 54.301 42.8145 0.700027 0 -3.9 0 0.422351 0.662195 -0.618965
17.852 60.9675 46.93 -0.867438 0 -3.5 0 -0.382308 0.920906 0.0759718
22.7083 36.9909 51.1669 0.707853 0.152612 4.5 0 0.153658 -0.235197 0.959725
54.2104 34.3983 58.7059 0.409207 0 -3.9 0 -0.884238 -0.340741 0.319403
76.2582 33.128 48.3705 -0.169443 -0.110664 -1.3 0 -0.338248 -0.870857 0.356645
52.836 32.8365 51.364 -0.549263 -0.104043 -3.5 0 0.160795 -0.88762 -0.431597
59.7024 33.3344 61.1195 2.3273 0.0260365 -3.9 0 0.336861 -0.0387552 0.940756
59.7165 47.8063 33.4582 0.240742 -0.24072 -3.9 0 0.137312 0.297629 -0.944755
47.4246 37.6701 56.8161 -0.529489 -0.0197755 -2.62469 0 0.266491 -0.0930385 0.959336
58.138 43.086 55.119 -0.580312 -0.0822182 -3.5 0 -0.244124 0.00106139 0.969743
71.3063 42.2195 39.615 -0.279523 0 -0.25274 0 0.313071 0.255289 -0.914775
55.765 59.852 41.5515 0.50522 0 4.5 0 -0.767313 0.582313 -0.268593
19.0114 40.996 36.3677 -0.401079 -0.0518586 -0.4 0 -0.794791 0.483986 -0.366148
54.1211 33.014 41.1414 -0.206226 0 -3.5 0 -0.797638 -0.581438 0.160325
36.6799 55.5419 44.3601 0.81603 0 -0.8 0 0.917522 -0.322139 -0.233194
61.6227 62.7593 47.3779 0.622089 0.105702 -3.5 0 -0.526127 0.724356 0.445532
71.3604 63.5414 37.764 0.829894 -0.234094 -0.8 0 -0.418777 0.038729 -0.907263
69.429 47.9927 36.5798 0.488845 0 2.8 0 0.830932 -0.555757 -0.0262042
71.5695 50.111 35.152 -0.0586348 -0.264015 -3.5 0 0.558992 -0.103244 -0.82272
37.5783 54.4289 45.6596 1.07005 -0.519614 -0.752439 0 0.536585 0.340223 -0.772221
20.667 57.9485 43.1365 0.280922 0 3.8 0 0.377281 0.654315 -0.655386
34.0741 52.4593 39.0298 0.616062 0 4.5 0 0.472563 -0.280885 -0.835337
67.6431 33.4526 43.6463 0.373981 0 -0.7 0 -0.0457751 -0.317179 0.94726
15.7626 44.4274 39.1893 1.28454 0.419677 1.8 0 -0.142402 -0.500108 -0.854174
74.0704 48.1761 54.1048 -1.26074 -0.0866479 -3.5 0 0.922651 0.0275142 -0.384652
24.5085 37.7168 39.5207 -1.02804 0 -2.00357 0 0.0849988 -0.702335 -0.706754
77.09 40.9026 48.2728 0.449062 0 4.5 0 0.515981 0.352784 -0.780581
10.7435 39.203 41.3242 -0.47894 -0.883303 -0.8 0 -0.941512 0.111709 0.317925
59.1485 31.22 58.626 0.668033 -0.0755055 -3.85677 0 0.533673 -0.814564 0.227329
74.0134 33.7649 48.2754 0.109536 -0.543894 -2.567 0 -0.181478 -0.977701 -0.10567
53.8615 34.6471 42.3274 -0.184068 -0.480365 1.88067 0 -0.737225 -0.663644 0.126793
25.0658 43.0579 55.0031 0.188632 0 -1.3818 0 0.162353 -0.806673 0.568261
62.236 40.1419 59.8895 -0.807648 -0.018999 -4.20458 0 -0.564956 -0.267533 0.780545
68.7575 62.0105 40.603 0.784938 0 0.514831 0 -0.185911 0.439504 -0.878791
64.3021 58.0586 60.741 -1.24724 -0.381108 -3.5 0 -0.773529 0.552757 -0.310019
42.742 57.5331 53.0646 1.3202 0.914519 -3.5 0 -0.921191 0.346965 0.176132
66.3268 42.8872 61.7591 0.752517 0 -4.5 0 0.160687 0.636589 0.754277
22.4198 58.2718 48.0868 0.410177 0 -3.5 0 0.444382 0.0147638 -0.895716
67.5575 50.518 58.2015 1.46369 0.255388 -3.30465 0 0.506343 0.805916 0.306784
50.4478 43.2077 55.9883 0.446622 0.000555824 -0.505126 0 -0.403098 -0.29991 0.864619
62.0277 38.8623 59.0324 -0.531292 0 0.871962 0 -0.609555 -0.273691 0.744
61.599 54.7095 54.111 1.37786 0 -0.9 0 -0.509927 0.2886 -0.81036
58.7381 31.2396 60.1846 1.14297 0 -3.9 0 0.255914 -0.824901 0.50403
35.2243 50.0025 39.69 0.571065 0 -3.5 0 -0.305632 0.464365 -0.831236
40.7583 42.5387 31.0317 2.61996 0.156417 -3.9 0 0.488828 0.696658 -0.525085
63.2821 54.4378 62.7796 0.0667544 0 4.2 0 -0.62351 0.713074 0.320563
62.2096 49.5141 34.7091 0.188729 -0.0975878 -3.54619 0 0.285504 0.505585 -0.814169
24.332 62.128 50.5262 0.38734 0 -3.5 0 -0.0404136 0.459536 -0.887239
24.2049 40.8369 52.455 0.154887 0 3.09754 0 -0.103761 -0.804952 0.584197
26.2605 56.9434 41.8859 0.147821 -0.0267427 2.81368 0 -0.00997981 0.940844 -0.338693
70.0646 50.2207 34.2952 0.607621 0.023772 -3.5 0 -0.00540412 -0.054624 -0.998492
44.8991 34.5824 44.6971 0.101373 -0.0269406 -3.03111 0 0.393796 -0.680748 0.617662
74.3786 40.5067 39.5648 1.12834 0 2.5 0 0.544878 0.646014 -0.534578
26.5068 34.4085 44.2561 0.340443 0 -1.43579 0 0.194193 -0.375886 -0.90609
14.9653 59.087 51.7132 0.94923 0.959245 -4.5 0 -0.114063 0.616493 -0.779055
30.0666 59.5744 48.11 0.555066 0.337496 -0.7 0 0.434212 0.831695 0.346041
71.8809 38.0975 55.6888 0.332143 0 -3.9 0 0.888602 0.0618735 0.454488
61.9893 44.7584 32.8444 0.558271 0 -3.9 0 0.106483 -0.0930148 -0.989954
11.6698 41.9813 43.5187 0.380616 0 -3.9 0 -0.842451 0.477029 -0.250439
59.704 51.9128 59.639 0.742509 0.226602 -0.9 0 -0.648593 0.228828 0.725923
62.4545 62.9977 47.9875 0.36501 0.00425177 -4.5 0 -0.724322 0.630118 0.279836
41.0368 39.425 42.9552 0.0944376 0 -0.9 0 -0.238594 -0.420171 -0.875517
35.7075 55.4885 54.6565 -0.218081 -0.857111 -0.8 0 0.0327492 0.907501 0.418772
54.07 50.9981 58.7141 0.311506 0 -0.9 0 0.0247762 0.483522 0.874981
72.7465 47.719 61.4873 0.450046 0.265363 -3.5 0 0.822766 -0.534232 -0.194042
54.5685 33.1714 42.4062 0.0319741 0 -3.5 0 -0.918793 -0.367249 0.144734
20.449 52.5397 43.389 0.12534 0 3.90641 0 -0.558761 -0.100957 -0.823161
32.675 56.1289 42.3451 0.504846 0 3.24638 0 -0.879516 0.475445 -0.0200775
63.7518 36.3761 37.5874 0.452499 0 2.8 0 -0.196936 -0.507641 -0.838759
25.1554 41.975 32.3525 0.0929236 0 -0.7 0 0.463345 -0.502893 -0.729664
48.677 35.6855 36.6475 0.818801 0.000357752 -3.5 0 0.463466 0.209882 -0.8609
65.7025 42.1003 62.4125 0.364708 0.638715 -4.5 0 -0.0643113 0.272933 0.959881
59.297 28.61 45.115 0.0637947 0 -3.5 0 0.216062 -0.970168 0.109964
71.0845 36.2865 42.468 0.45743 -0.134862 0.653244 0 0.563514 -0.685006 0.461756
34.2826 44.0226 53.5899 -0.126023 -0.887986 -3.9 0 0.00345211 0.686687 0.726945
36.043 39.5303 57.4268 1.3399 0.654879 -1.3 0 -0.92131 0.307479 0.238001
33.1971 57.1932 42.8821 0.391931 0 4.29696 0 -0.812196 0.525488 -0.253375
35.1394 33.9999 44.4359 0.462846 0 -4.5 0 -0.517142 -0.705591 -0.484464
50.405 36.584 45.9935 0.999828 0 -4.5 0 -0.396598 -0.908747 -0.129958
17.8015 60.6765 45.663 -0.111084 -0.189405 -3.5 0 -0.49734 0.828432 -0.25759
77.3291 37.107 37.9557 -0.107634 0 -0.4 0 0.850642 0.144182 -0.505588
50.2635 58.5715 38.516 0.0755439 -0.0459847 -0.7 0 0.203857 0.383442 -0.900786
20.9874 61.3063 47.2972 0.339334 0 -3.5 0 0.373422 0.915968 -0.146828
74.8055 56.8457 42.5254 1.04217 0 -3.9 0 0.556525 -0.457738 0.693366
21.5875 46.4388 34.557 -0.906278 -0.230215 -0.7 0 -0.183956 0.548182 -0.815878
26.3279 51.1484 34.8439 -0.97923 -0.319619 -3.5 0 -0.0935161 0.517577 -0.850511
59.0625 36.564 39.961 -0.205706 -0.0850075 -3.5 0 0.405436 -0.532286 -0.743164
44.7685 58.3527 45.1595 0.62317 0 -0.9 0 -0.26139 0.91761 -0.299446
51.5485 56.7014 52.0714 0.255737 -0.448233 -3.60883 0 0.941603 -0.0376144 0.334618
21.3638 48.7088 55.1213 0.816135 0 0.178656 0 -0.527235 0.528469 0.66539
68.4539 51.6471 35.5503 1.48387 0.615677 -3.5 0 -0.584398 0.667767 -0.461049
16.795 43.4134 39.2521 0.375591 0 1.8 0 -0.269951 0.0491101 -0.961621
38.5649 32.4486 44.429 0.457963 0 -4.5 0 -0.231707 -0.960506 -0.154075
19.4233 42.8763 38.0295 -0.390523 -0.184824 -0.533247 0 -0.587682 0.142088 -0.796518
71.8181 65.1131 38.5796 -0.0136118 0 -0.8 0 -0.328546 0.553874 -0.765037
21.1248 31.886 44.207 0.136417 0 4.5 0 -0.425906 -0.889787 -0.16396
44.8759 44.5749 57.0746 0.322969 0 2.8 0 -0.338507 0.694894 0.634456
11.7936 41.1271 42.54 0.508786 -0.0184557 -2.59212 0 -0.967039 0.252394 -0.0336698
74.5984 50.0589 40.8159 0.820641 0 -1.6 0 0.847071 0.0959829 -0.52274
48.0746 58.3304 44.5874 0.336467 0 -2.44029 0 -0.414361 0.907954 0.0626449
25.61 62.105 50.5895 0.583044 0 -3.5 0 -0.00442343 0.664391 -0.747372
54.0314 46.3268 32.6051 0.701327 0 4.2 0 -0.288522 -0.261184 -0.921161
70.8319 71.5727 46.903 0.711545 0 1.9 0 0.629151 0.627465 0.458756
14.7965 44.7347 39.3942 1.22063 0 1.8 0 -0.233193 -0.474146 -0.849003
56.9567 30.614 50.544 -0.81542 -0.905194 -0.4 0 -0.801421 -0.499716 0.328645
68.2568 35.3726 52.2714 2.62736 0 -3.9 0 -0.675343 -0.556369 0.484114
23.3288 31.7253 43.9823 0.125039 0 4.5 0 -0.242873 -0.840604 -0.484145
60.9866 39.9276 58.954 -1.83918 -0.25969 -3.5 0 -0.656739 -0.408244 0.634059
14.5631 50.1384 49.7733 0.326401 0 1.8 0 -0.821291 0.286722 0.493226
43.8769 42.0067 35.1297 1.35 -0.210828 -0.954681 0 0.302068 -0.946299 -0.115206
51.2736 53.4005 30.4281 0.224275 0 -0.7 0 -0.00557435 0.873868 -0.486131
72.1862 50.3149 61.7735 0.606172 0.671678 -3.5 0 0.611623 0.789901 -0.0444265
51.089 34.1628 41.1105 0.144597 -0.08449 2.48388 0 0.52424 -0.793311 0.309565
61.0666 30.0675 54.7754 -1.33332 -0.630383 -3.5 0 0.794761 -0.24773 -0.554062
70.9911 33.0929 52.5724 2.84355 0.1829 -3.9 0 -0.188226 -0.970326 0.151785
62.2728 54.7664 59.7149 0.0369712 -0.437741 1.54208 0 -0.566817 0.75812 0.322448
57.0433 50.7323 59.5633 0.814713 0.131191 -4.5 0 0.142615 0.0634627 0.987742
15.402 58.6437 55.4538 0.74333 0 -4.5 0 -0.386243 0.504353 0.772298
43.0718 56.6319 45.643 0.894192 0.0289228 -0.9 0 -0.68237 0.726826 -0.0780656
34.9902 49.279 38.594 0.477656 0.127715 -4.5 0 0.242127 0.802088 -0.545921
38.3974 41.0011 34.7461 0.620784 0 -3.9 0 -0.467057 -0.85569 0.222828
73.5565 44.6172 57.3736 0.099717 0 4.5 0 0.753919 -0.261903 0.602506
50.2897 31.7477 54.0819 0.689366 0.00454034 -3.5 0 -0.214632 -0.914084 0.344069
58.1632 39.9473 35.8607 0.532636 0 4.5 0 -0.259674 -0.564001 -0.783883
21.4175 51.8232 39.1839 -1.11749 -0.446261 4.2 0 -0.86035 0.292125 -0.417685
58.6278 57.2518 35.9445 -0.643558 -0.127218 -3.5 0 0.727589 0.66386 -0.172925
51.4922 59.8957 50.9282 -0.0559183 -0.0040901 -3.5 0 0.818827 0.444778 0.362897
10.721 36.3745 54.3155 -0.147269 -0.0273226 -3.5 0 0.0360619 -0.962353 0.269401
48.699 44.934 29.3795 0.210863 0 -3.5 0 -0.298634 -0.784459 -0.543546
38.1924 57.1949 45.1831 -0.509619 -0.350604 -0.8 0 0.997789 0.0552718 0.036916
27.4854 40.1091 41.1805 -0.31192 -0.249471 -0.722097 0 0.853946 -0.520193 0.013263
34.296 41.4658 36.9025 0.546043 0 3.8 0 -0.494898 -0.632314 -0.596033
10.8269 54.6673 44.9621 1.65005 0 -3.9 0 -0.531758 0.602278 0.595394
34.0194 46.151 52.3732 -2.12137 -0.400816 -3.5 0 0.154512 -0.283932 0.946313
36.7605 35.188 49.4207 -2.04329 -0.170019 -3.5 0 0.093833 -0.932735 0.348138
42.705 53.7609 33.7555 0.379081 0 -3.5 0 -0.0653712 0.125293 -0.989964
61.1092 33.5281 53.402 -0.0379885 -0.891253 -3.53649 0 0.836397 -0.412603 0.36083
27.5805 61.7651 48.6997 -0.188278 -0.993633 -0.7 0 0.153262 0.853699 0.497704
53.8071 34.3732 35.4043 0.000899577 0 -3.5 0 -0.0362342 -0.541774 -0.839743
27.1411 55.4491 54.6566 0.227862 0 3.8 0 -0.137958 -0.289879 0.947068
77.7676 36.0814 38.8375 -0.329578 0 -0.4 0 0.958019 -0.200979 -0.20447
70.5127 58.5274 53.8591 0.678577 0 -3.9 0 0.12827 0.801246 0.584424
65.2015 31.5216 46.9823 0.79518 0 -3.9 0 0.857331 0.512074 0.0525756
60.8802 58.3172 38.3415 -0.598123 -0.76697 4.5 0 0.235446 0.546388 -0.803757
81.0334 39.8711 52.0081 -0.910042 -0.497027 -1.3 0 0.193265 0.237335 0.952009
21.4615 50.473 39.4895 -0.257872 -0.226228 0.335378 0 -0.963715 0.150941 -0.220157
37.2001 34.9524 53.3688 -0.402929 -0.713188 -0.4 0 0.187567 -0.93309 0.306858
75.4445 41.0816 45.9505 0.271169 0 -3.9 0 0.951775 -0.290917 -0.0974301
53.204 36.7115 57.155 0.13452 -0.0374528 -3.6462 0 -0.880631 0.160805 0.44568
61.9534 36.7729 59.2494 0.218325 0 3.8 0 -0.487469 -0.0156352 0.873
23.4755 37.8652 51.2891 0.244723 0 4.5 0 0.0613989 -0.14995 0.986785
41.0988 50.2996 35.2583 -0.346632 -0.15926 -3.5 0 -0.576164 0.394798 -0.71566
67.887 32.2209 41.4618 0.377192 0 -0.7 0 0.196853 -0.976954 -0.0825172
15.5965 42.8945 39.554 0.551742 0.417969 1.8 0 -0.263252 0.232761 -0.936227
27.1548 40.4905 37.4455 -1.63163 -0.610695 -3.5 0 0.651715 0.488164 -0.580485
45.155 56.361 34.4745 1.01042 0.567509 -3.9 0 -0.766913 0.0771949 -0.637091
56.152 35.3522 35.8633 0.941247 0.378407 -3.5 0 0.817818 -0.139364 -0.558347
43.2971 35.542 40.5739 0.500846 -0.216289 -0.717735 0 -0.372917 0.34224 -0.862441
62.3585 67.988 43.9319 0.335064 0 4.2 0 -0.0914379 0.961201 -0.260252
77.509 39.0049 47.0699 0.221873 0 -1.3 0 0.0848733 0.76294 -0.640874
44.7677 32.8955 50.7803 0.153679 0 -4.5 0 -0.58466 -0.614417 -0.529778
56.1032 43.6647 33.8843 8.96666 0 4.2 0 0.310336 -0.763382 -0.566515
57.6315 33.6739 37.7562 -1.78767 -0.34562 -3.5 0 0.619965 -0.282348 -0.732067
17.8573 32.317 45.4111 0.206198 0 1.8 0 -0.397497 -0.914791 -0.0717923
82.015 39.1302 51.7194 -1.38864 -0.523699 -1.3 0 0.565352 0.05351 0.823112
18.1443 33.4469 51.2884 0.301139 0 -1.6 0 -0.00949094 -0.772529 0.634909
42.6685 52.458 34.2825 -0.0260209 0 -3.5 0 -0.374715 -0.304097 -0.87585
14.4266 54.6876 54.5576 0.44889 0 -4.5 0 -0.0607748 -0.956329 0.285904
12.0865 46.6227 51.2308 0.230275 0 3.8 0 -0.352265 0.682518 0.640374
24.5166 56.7614 57.8646 0.272669 0 3.8 0 0.818617 0.0930661 0.566749
71.2884 48.9875 38.3304 0.00204193 -0.0817163 -0.349952 0 0.358398 -0.920663 -0.154694
42.6545 31.602 43.197 0.366087 0 -0.4 0 -0.0363216 -0.926509 0.374515
22.4496 64.5277 51.9965 -0.968588 -0.145448 -3.5 0 -0.367197 0.624389 -0.689424
44.1574 31.6949 42.646 -0.333944 -0.329952 -3.5 0 0.0667009 -0.971433 0.227746
11.5632 40.8302 49.771 -0.497779 -0.365335 3.8 0 -0.865459 0.49755 -0.0585209
10.9599 45.0896 49.3706 0.254717 0 3.8 0 -0.949269 0.0361725 -0.312378
72.9861 36.5915 51.5811 0.0850981 0.828575 -3.9 0 0.614688 0.270054 0.7411
73.768 41.808 39.853 0.735351 0 2.5 0 0.361245 0.54835 -0.754197
28.5089 43.4411 56.3191 -1.41519 -0.683293 -3.25202 0 -0.398178 -0.916978 -0.0246141
57.3341 30.8865 42.2057 0.278743 0 -3.5 0 -0.114921 -0.702646 -0.702198
45.9502 58.461 58.2448 3.33465 0 -3.9 0 -0.596823 -0.416662 0.685708
24.7589 63.7523 56.5735 0.478394 0.48265 -3.5 0 0.309561 -0.0108567 0.950818
34.572 35.0798 53.15 -0.0334224 0 -0.4 0 -0.319819 -0.946132 0.050496
66.9143 32.6409 42.715 0.375769 0 -0.7 0 -0.33091 -0.857029 0.394969
10.376 41.0308 46.05 0.731775 0 -3.9 0 -0.535102 0.837403 0.111456
71.041 51.071 34.779 0.253691 0 -3.5 0 0.379589 0.256915 -0.888767
72.5583 43.6587 40.1968 0.568694 0 -0.7 0 0.672502 0.21603 -0.707864
21.0193 52.2868 42.5744 0.168357 0 4.2 0 -0.857322 0.154837 -0.490942
77.3681 32.5952 48.4847 0.324243 0 -1.3 0 -0.0806189 -0.995912 0.0407512
65.1332 66.9873 44.1756 0.740324 0 3.87747 0 0.168013 0.793961 -0.584293
52.5786 41.177 58.1556 0.0891958 0 -0.7 0 -0.790451 -0.457033 0.407808
27.4185 44.2785 57.8145 -0.143277 -0.175983 -3.5 0 0.180654 -0.498048 0.848123
61.445 53.9232 61.2665 -1.25985 -0.483382 4.2 0 -0.816507 0.467102 0.339312
61.3802 61.7661 49.4379 -0.296244 0.135689 -3.92754 0 -0.597757 0.463823 0.653876
52.0749 58.9129 47.4161 0.938582 0 -3.9 0 -0.644971 0.715437 -0.26863
15.3003 46.7559 51.0783 0.256512 0 4.037 0 -0.470814 0.652159 0.594158
51.3451 43.1394 30.3444 0.60254 0 -0.4 0 0.0726771 -0.117495 -0.990411
76.5849 43.7549 48.8517 0.334913 0 4.5 0 0.883207 0.455848 -0.110216
67.388 56.082 38.3512 1.79451 0 3.8 0 0.273258 -0.532925 -0.800825
11.1438 38.2876 43.5889 0.773112 -0.340499 -2.24106 0 -0.945878 0.173998 -0.273935
28.386 62.8343 45.1427 0.754665 0.130002 -0.7 0 0.0165481 0.925473 -0.378452
64.058 35.0028 58.5551 0.261328 0 3.8 0 0.149001 -0.547517 0.823422
62.0081 57.6554 48.3932 1.18172 0 -1.6 0 -0.836344 -0.39824 0.376741
38.0023 41.4931 36.1258 0.160195 -0.0990114 -2.71984 0 -0.138266 -0.990155 0.0217909
42.8339 39.6726 39.0325 0.49107 0.413407 -3.69353 0 0.0184042 -0.829843 -0.557694
55.2746 36.0933 35.1846 1.48152 0.56854 -3.5 0 0.303532 0.269182 -0.914007
41.1314 42.0669 58.8555 0.71869 0 -3.9 0 0.613593 0.0989225 0.783402
59.1003 29.293 55.9571 -1.13362 -0.0346479 -3.5 0 -0.0752858 -0.985998 0.148796
52.548 59.0882 41.0993 0.795029 -0.0731832 -0.952711 0 0.487291 0.846421 -0.214755
43.42 36.6652 55.664 -0.80436 0 -3.36279 0 -0.272918 -0.849454 0.451601
37.4663 49.1884 36.6599 -0.122749 -0.475511 -3.5 0 -0.53007 0.255301 -0.808609
52.1903 51.8176 29.8652 0.203081 0 -0.7 0 0.689613 -0.0611084 -0.721595
68.7429 71.5061 46.4297 0.489517 0 1.9 0 -0.581797 0.806624 0.104261
22.5589 36.0602 40.8942 -0.349209 0 0.688316 0 -0.051176 -0.950299 -0.307103
62.1512 54.3488 49.9185 1.29631 0 4.5 0 -0.4719 0.331985 0.81676
29.66 51.4842 55.7415 0.506854 0 -3.5 0 -0.472548 -0.284521 0.834114
26.4317 62.58 54.7298 0.328488 0 -3.5 0 0.848118 0.0682277 0.525396
54.7766 41.5983 59.1379 -0.00340473 0 -0.7 0 0.177407 -0.433129 0.8837
38.2772 34.8251 52.829 -0.946136 -0.549047 -0.4 0 0.427588 -0.903912 0.0105645
54.7026 43.558 35.1439 1.63393 0 0.687792 0 0.072631 -0.997224 -0.0163814
16.8293 38.4619 36.6535 0.235523 0 1.8 0 -0.243447 0.212344 -0.946384
64.89 27.878 44.8657 1.86989 0.0668916 -3.9 0 0.496467 -0.347 -0.795683
65.0235 38.3165 52.0344 0.657331 -0.245358 3.8 0 -0.200542 -0.885171 -0.419828
39.203 43.9884 34.1647 0.825562 0 -3.9 0 -0.812207 0.58058 0.0569766
26.9053 63.3946 52.3059 0.143454 -0.416303 -3.5 0 0.67145 0.715103 -0.194378
30.951 53.7007 38.0547 1.41671 0 -4.5 0 0.234979 0.761295 -0.60433
76.0358 58.6014 40.301 0.695714 0 -3.9 0 0.872023 0.22098 -0.436743
55.369 42.0445 36.844 0.171661 0 4.44693 0 -0.542189 -0.291445 -0.788093
31.5935 54.8545 42.588 0.91265 0 -4.5 0 -0.527315 0.786688 -0.32103
71.3962 59.3008 40.0988 2.06268 0.168226 1.59389 0 0.325938 0.331402 -0.885402
51.5868 34.5435 48.1268 1.34376 0 -4.5 0 -0.808367 -0.539467 0.235622
25.2388 51.975 53.3247 0.350608 0 3.8 0 0.436981 0.239631 0.866963
30.0579 44.4679 40.5 -0.125952 0 -0.8 0 0.253078 -0.0324683 -0.966901
75.3631 33.9849 45.8301 0.015203 -0.641298 -1.3 0 -0.295869 -0.44288 -0.846356
57.6632 57.8273 33.8404 -0.67335 0 -3.5 0 0.286562 0.750238 -0.59584
70.005 52.6437 49.4101 -0.134875 0 -1.3 0 0.892229 -0.129599 -0.432587
59.1763 42.991 56.1582 -0.54399 0 -3.5 0 -0.818023 -0.279588 0.502662
57.0737 49.6577 59.2747 0.410549 0 -4.5 0 -0.0371091 -0.453239 0.890616
20.308 33.7175 47.9002 0.260197 0 -0.442628 0 0.330858 -0.874515 0.354622
21.161 45.183 34.5289 -0.448521 -0.710733 -0.7 0 -0.536399 0.176275 -0.825351
68.1338 35.1932 49.0505 3.63713 0.106861 -3.9 0 -0.188823 -0.793075 -0.579118
45.8447 54.9902 54.6792 1.02242 0.0253609 -3.5 0 -0.1151 -0.063364 0.991331
68.1795 35.828 38.5373 0.0842327 0 -0.7 0 0.123497 -0.634555 -0.762947
39.2896 36.4866 53.2876 -0.12062 0 -0.4 0 0.566376 -0.694696 0.443413
48.4204 47.9966 29.3391 0.795516 0.124963 -3.5 0 -0.368384 0.597373 -0.712347
18.9191 39.8861 34.7048 0.252738 0 -0.4 0 -0.786577 -0.0596469 -0.614604
69.8268 53.5825 37.0312 0.804004 0 -3.5 0 -0.509607 0.734602 -0.447951
68.4785 48.2295 34.8264 0.526473 0.248739 -0.866338 0 0.618739 0.0665394 -0.782773
44.061 32.9869 37.9016 0.12933 -0.602197 -3.5 0 -0.914766 -0.133738 -0.381204
35.1705 35.1131 54.5024 0.153795 0 -0.4 0 -0.345851 -0.696618 0.628578
15.026 56.6001 46.1714 -0.111684 0 -3.5 0 -0.0795572 0.652197 -0.753863
65.004 36.5035 53.938 -0.309441 0 3.8 0 0.142566 -0.717845 -0.681449
21.157 38.9005 55.678 -0.229268 -0.0187093 -3.5 0 0.276076 -0.881038 0.384128
54.6431 44.2389 33.0456 3.7449 0 2.13023 0 0.325427 -0.321568 -0.889208
56.9412 38.9992 36.1717 -0.45035 0 3.8 0 0.147715 -0.235559 -0.960569
34.5286 35.1389 48.3016 0.515977 0.787408 -4.5 0 -0.393485 -0.717182 0.575168
38.519 48.3909 54.0021 1.12013 0 -3.86169 0 -0.327844 -0.867396 0.374356
33.0854 55.8215 56.0348 0.996862 0.0211193 -3.5 0 0.553394 0.566045 0.611022
66.5792 45.8715 31.7994 0.476097 0 2.8 0 0.313724 0.15247 -0.937193
56.2113 48.5146 32.1445 0.335512 0 4.2 0 0.316921 0.308109 -0.897012
30.3594 60.6049 46.2736 0.393875 0 -0.7 0 0.664342 0.739813 -0.106423
25.5885 54.5116 38.9725 0.29418 0 1.8 0 -0.454796 -0.164261 -0.875316
17.8892 60.001 48.4985 -0.397926 0 -3.5 0 -0.763623 0.485388 0.425768
23.186 50.18 36.0975 0.119086 0 -3.5 0 -0.568435 0.377229 -0.73115
65.609 35.3855 55.8819 0.350257 0 3.8 0 0.549085 -0.744343 -0.380077
10.1196 39.8601 55.971 0.197817 0 -3.5 0 -0.332937 0.858654 0.389702
28.6195 49.099 35.2555 -0.21936 0.67127 -4.5 0 0.240303 -0.0419977 -0.969789
66.6239 43.6951 60.8861 0.430497 0.0630206 -4.5 0 0.359852 0.399462 0.84317
29.674 34.0638 43.8161 -1.39189 -0.285317 -3.5 0 -0.0849131 -0.818927 -0.567581
15.7665 41.7645 38.4535 -0.829254 -0.144074 1.8 0 -0.107374 0.593392 -0.797719
14.556 37.5173 45.6613 1.19644 0 -3.67713 0 -0.25295 -0.581304 0.773371
64.3978 46.1268 62.3555 -0.810811 -0.405374 -3.5 0 -0.439188 -0.519801 0.732749
48.1251 58.5701 58.051 3.187 0.121699 -3.9 0 0.710628 -0.24642 0.659003
28.8388 36.4916 53.3944 0.334043 0 -0.9 0 -0.332513 -0.763115 0.554158
11.0955 37.5482 42.0835 0.409413 -0.595618 -0.89446 0 -0.966414 -0.177825 -0.185534
41.0778 47.3215 56.6795 1.98781 0.214934 -3.9 0 0.601304 -0.597949 0.52999
75.7028 40.3754 46.9658 -0.311184 -0.5004 -3.5 0 0.81956 0.169658 -0.547301
21.0821 42.9605 56.6763 0.280858 0.58727 -3.5 0 -0.11201 0.0707696 0.991184
17.842 33.4086 41.7481 -1.14778 -0.147958 1.8 0 0.137588 -0.664921 -0.734132
66.9625 39.229 37.3185 0.320899 0 0.438468 0 -0.410827 0.26042 -0.873729
23.8873 40.859 35.0605 -0.344128 0 -0.7 0 0.527003 -0.818902 -0.227304
50.936 61.8726 50.3018 -0.166874 -0.395866 -3.5 0 0.730445 0.55231 -0.401751
62.6326 33.5195 39.3696 0.350289 0 -1.6 0 -0.688542 -0.507668 -0.517864
69.0198 59.535 37.448 0.678384 0 3.8 0 0.527113 0.214589 -0.822255
70.3485 56.3281 43.6066 0.356944 -0.32047 -4.0837 0 0.679209 -0.307938 0.66622
32.668 43.1152 55.6382 0.11539 0 -0.9 0 0.758704 0.355641 0.54579
47.5915 57.796 34.256 3.16853 0 -3.9 0 0.393957 0.503331 -0.769062
61.424 62.9598 43.3322 0.174683 -0.196086 -0.253357 0 -0.875579 0.0781688 -0.476708
65.1568 34.8507 57.8165 0.259264 0 3.8 0 0.617802 -0.604843 0.50248
60.558 33.7765 56.979 0.857084 0.39563 -0.000377348 0 0.714923 -0.686331 0.133544
13.0767 46.7878 46.4191 0.374411 0 1.8 0 -0.6067 0.530709 0.59183
70.466 47.6872 39.928 -0.228299 -0.356353 2.8 0 0.437376 -0.564109 -0.700346
73.7645 55.858 38.5245 3.05728 0.254189 -3.9 0 0.448292 -0.262836 -0.854372
40.521 47.1296 30.5015 -1.31896 -0.488819 -3.5 0 0.0270691 -0.315752 -0.948456
62.9793 41.5434 60.2379 -0.312557 -0.056753 -4.3703 0 -0.529223 0.0227037 0.848179
41.3796 55.675 48.7668 1.43601 0.0745419 -3.5 0 -0.630586 0.703955 0.326816
15.6196 57.3434 55.8411 0.78985 0 -4.5 0 0.0180183 0.0624646 0.997885
27.4678 61.0324 43.389 0.301726 0 -0.7 0 -0.210128 0.0808058 -0.974329
68.7408 34.7508 53.3275 0.829193 0 -3.9 0 -0.828409 -0.502843 0.246753
25.894 34.7534 48.9934 0.0301339 -0.0672955 4.5 0 0.382006 -0.234451 0.893926
68.0307 70.4477 46.6183 -0.0126968 0 1.9 0 -0.750488 0.509821 0.420536
72.5901 53.3489 44.667 0.500619 0 -1.6 0 -0.04461 0.239318 0.969916
54.642 32.26 53.6275 0.957075 0.849932 -3.5 0 -0.169874 -0.975206 -0.141829
67.3021 57.5219 61.7516 -0.493504 0 -3.5 0 0.610678 0.67301 0.417289
64.56 58.5431 62.0456 -1.64969 -0.654702 -3.5 0 -0.465576 0.832286 0.300896
63.1495 27.216 47.8535 2.68667 0.400259 -3.9 0 -0.252364 -0.774217 0.580431
68.0872 68.9896 47.4251 0.288503 0 1.9 0 -0.40297 0.260783 0.877273
45.0353 58.7436 57.137 2.18426 0.00298008 -3.9 0 -0.861234 -0.29466 0.414066
74.9979 53.6994 42.9636 0.624039 0 -1.6 0 0.931684 0.259908 0.253796
25.4443 31.0029 45.3162 0.0798548 0 4.5 0 0.465921 -0.870523 -0.158455
57.3216 37.1759 36.8732 0.122897 0 3.8 0 0.583493 -0.278947 -0.762709
18.1106 58.5349 44.7556 0.217904 0 -3.5 0 -0.843327 -0.291095 -0.451734
30.323 40.4755 55.3775 -0.0487654 -0.253696 -0.9 0 -0.577874 -0.253334 0.775811
46.6771 36.1854 45.5094 0.552059 0 -3.5 0 0.558471 -0.803043 0.207923
29.4702 55.2331 56.4649 -0.968076 -0.0372733 -3.5 0 -0.421232 0.284152 0.86129
35.4235 48.2689 37.3882 0.197701 -0.728644 -0.8 0 -0.0156866 0.862791 -0.505318
62.2384 33.2052 51.3229 -0.843813 0 -3.9 0 0.895189 0.408448 0.178345
70.0318 49.9053 59.2443 0.72942 0 -3.5 0 0.242732 0.963711 -0.111092
69.7809 70.824 48.0911 0.561777 0 1.9 0 0.0853672 0.440978 0.893449
38.2074 41.5715 30.419 2.28428 0.360067 -3.9 0 -0.768343 -0.0361244 -0.639018
45.0969 46.6999 31.7434 0.655736 0 -3.5 0 -0.575073 -0.233056 -0.784204
72.5091 64.1561 37.698 -0.490606 -0.892616 -0.8 0 0.101277 0.328167 -0.939175
70.0583 36.6171 44.3279 0.252338 0 1.09834 0 -0.0126735 -0.988142 0.153019
27.4624 52.266 53.2552 0.37691 0 -3.5 0 -0.629888 0.0166361 0.776508
64.312 37.6592 52.9338 0.409095 -0.0440895 3.8 0 0.021715 -0.715591 -0.698182
47.3483 45.1335 56.133 0.500602 0 2.8 0 0.434516 -0.0340437 0.900021
18.476 41.4395 57.1125 0.234327 0 -3.5 0 -0.214274 0.00737327 0.976746
22.969 51.098 55.1835 0.450209 0 3.8 0 0.343225 0.0148881 0.939135
35.2264 38.6805 45.4468 -0.357499 0 1.43056 0 0.951717 0.0280315 -0.305695
56.9804 53.1254 33.2928 0.151311 0 -3.5 0 0.00130599 -0.404512 -0.914532
37.1489 58.8984 38.7774 3.23021 0 -0.8 0 -0.512818 0.749565 -0.418533
31.0987 43.3078 36.1875 0.818329 -0.0590492 -0.8 0 -0.722721 -0.661726 0.199484
24.0939 32.4676 43.2036 0.0820335 0 4.5 0 0.162982 -0.392392 -0.905243
18.287 41.981 38.2795 -0.578684 -0.310833 0.0818928 0 -0.478251 0.45371 -0.751946
39.5592 39.7245 38.6385 -0.572722 -0.427929 -3.9 0 -0.333116 -0.923385 -0.190771
60.9279 49.6225 34.5626 -0.211224 -0.103354 -3.707 0 -0.11299 0.373072 -0.920897
19.5825 52.84 54.4465 0.665909 0 -3.9 0 0.090941 0.258045 0.961843
10.054 37.4268 56.5418 0.261223 0 -3.5 0 -0.199278 -0.698275 0.687531
38.6615 57.7295 37.3259 2.61756 0 -0.8 0 0.271815 0.00840524 -0.962313
58.3525 30.4813 57.9375 -1.11947 -0.785732 -3.5 0 0.0971218 -0.87534 0.473652
39.5348 44.9362 34.7975 0.396948 0 -3.9 0 -0.984336 -0.115965 -0.132793
65.1771 30.6239 48.4239 0.541384 0 -3.9 0 0.71928 0.16189 0.675595
25.42 58.0785 43.6445 -0.853693 -0.185255 4.5 0 -0.285224 0.864618 -0.413622
64.5896 66.747 47.7364 -1.51827 -0.113949 1.9 0 -0.431829 0.714508 0.550456
66.9143 69.0247 44.6165 -0.0821707 0 1.9 0 -0.639133 0.317678 -0.700421
54.5225 49.8623 33.1611 -0.167015 0 3.48785 0 0.269873 0.409641 -0.871414
67.2527 36.8634 53.6616 0.467842 -0.0691839 0.284033 0 -0.162002 -0.983522 -0.0802517
69.2057 64.6644 39.8052 -0.341707 -0.00852117 -0.8 0 -0.699547 -0.01968 -0.714316
23.5959 42.9251 54.683 0.628015 0 1.8 0 0.295313 -0.476332 0.82819
39.0062 37.522 58.695 0.246727 0 -1.3 0 -0.0994138 -0.411431 0.906003
23.4195 54.1105 40.619 0.803691 0.543379 4.2 0 -0.402804 0.649146 -0.645259
52.8195 40.6195 56.814 -0.267863 -0.0611301 1.40107 0 -0.730987 -0.547331 0.407538
57.6292 28.3815 45.2315 -0.76162 -0.709698 -3.5 0 -0.464104 -0.858925 -0.216461
41.8775 47.8857 30.8307 -0.94714 -0.820545 -3.5 0 0.219573 0.374458 -0.900871
63.5929 63.0381 51.606 0.59452 0.0153607 -4.5 0 -0.29842 0.00895057 0.954393
52.5149 35.4987 35.079 -0.424004 0 -3.5 0 -0.294421 -0.28334 -0.912707
44.3298 58.2977 54.3789 0.95492 0 -3.70241 0 -0.751678 0.585647 0.303311
18.3978 33.261 47.4292 0.35851 0 1.8 0 -0.294241 -0.925873 0.237024
70.0765 33.9795 51.907 2.04981 0.100476 -3.9 0 -0.539628 -0.822538 -0.179532
64.4899 65.695 41.9992 0.548764 0 4.2 0 0.309134 0.619247 -0.721782
66.0995 33.6135 43.3465 -0.23106 -0.169696 -1.25236 0 -0.0417052 -0.688575 0.723964
52.861 56.1772 37.297 0.192767 0 -0.8 0 -0.229371 0.676584 -0.699731
21.4333 44.5875 56.9248 -0.0619442 -0.316538 -3.5 0 -0.419106 -0.379847 0.824661
57.255 58.8265 35.8158 -1.67324 -0.0482735 -3.5 0 0.311286 0.950263 0.0100635
38.3335 53.7334 38.2614 1.07444 0 -3.5 0 -0.263994 0.498146 -0.825928
11.5605 57.694 53.4017 0.455746 0 -4.5 0 -0.891055 0.376889 0.252934
61.6025 28.9965 44.4893 0.684593 0 -3.6858 0 0.00901997 -0.971572 -0.236571
51.2809 45.1792 30.487 0.56058 0.228807 -1.95056 0 0.85474 0.358159 -0.375687
70.4293 51.6899 51.7764 0.419786 0 -1.3 0 0.922021 -0.0965991 0.374894
27.5806 51.131 35.5573 -1.10867 -0.664786 -3.5 0 0.381475 0.516431 -0.766666
65.307 59.687 42.212 1.19564 0 -3.9 0 -0.12448 0.583629 -0.802422
51.2593 33.2873 37.1531 0.249214 0 -3.5 0 -0.100909 -0.905851 -0.411401
63.0975 66.3252 46.8281 0.152697 -0.0242908 4.10519 0 -0.471633 0.477612 0.741248
62.3836 53.5086 63.1026 0.0905474 -0.0243409 4.2 0 -0.864931 0.45218 0.217778
56.0545 37.5565 59.3418 -0.0842043 0 -3.9 0 0.0702332 0.440718 0.894894
52.1394 52.7671 35.5197 -0.0808826 -0.67771 -3.36785 0 0.169618 0.687458 -0.706138
74.261 41.5906 53.0744 0.0840617 0 4.5 0 0.440522 -0.233504 0.866843
69.959 72.2475 45.966 0.412653 0 1.9 0 0.0642451 0.989834 -0.12689
21.8725 50.8823 38.2912 -0.0260191 -0.438913 -0.00505313 0 -0.699197 0.397922 -0.593954
53.5435 60.185 43.977 0.661737 0 -3.9 0 -0.201193 0.929702 -0.308507
63.9557 34.2345 54.904 0.280738 0 3.8 0 0.31504 -0.766856 -0.559179
40.0415 46.519 55.983 0.961774 0.839943 -3.9 0 -0.990434 0.0270125 -0.135315
51.1833 50.7714 29.4587 -0.302428 -0.462383 -0.7 0 0.369594 -0.00382374 -0.929186
32.4959 42.7052 35.312 -0.808448 -0.960714 -0.8 0 -0.136767 -0.899299 -0.415398
78.1387 33.4894 47.09 -0.00952554 0 -1.3 0 0.472812 -0.677922 -0.562913
22.2647 40.6076 52.4466 -0.129892 0 2.99327 0 0.394899 -0.76024 0.515839
8.79838 37.6408 55.8144 0.806884 0.883027 -3.5 0 -0.916206 -0.316238 0.24609
40.2875 54.1232 44.436 0.910206 0 -3.5 0 -0.440029 0.860545 -0.256585
22.3391 48.8395 36.4767 0.548504 0 -3.5 0 -0.498567 0.3353 -0.799377
21.6489 62.2679 53.1511 0.107735 -0.567625 -3.5 0 -0.788091 0.545555 0.2851
32.2606 53.4502 38.5737 0.942093 0 -4.5 0 0.253467 0.513771 -0.81963
59.6533 59.2897 38.6662 0.288496 0 4.5 0 0.25375 0.617979 -0.744119
30.394 35.7281 43.1813 -2.08376 -0.487208 -3.5 0 0.0127251 0.443349 -0.896259
66.6722 58.5601 61.287 -0.87777 -0.00653391 -3.5 0 0.574307 0.765751 0.289478
12.6879 37.55 49.3839 0.214778 0.0421944 -3.54521 0 -0.413287 -0.888619 -0.198873
72.8899 41.1587 53.9511 -0.262444 -0.561809 4.5 0 0.645978 -0.535461 0.544053
42.2692 39.4767 40.331 0.0725816 -0.0308535 -3.88561 0 -0.810032 -0.55691 0.183574
58.8983 40.5672 34.942 0.716905 0 4.5 0 -0.397478 -0.212329 -0.892708
37.9196 55.677 38.6574 2.47637 0 2.42406 0 -0.169012 -0.348761 -0.921847
62.5215 53.538 53.6305 2.63899 0 -0.9 0 -0.678585 0.35051 -0.645496
42.061 50.2535 57.063 1.14866 0.0316347 -3.9 0 0.662287 0.414744 0.62399
50.92 53.4289 35.3973 -0.00231769 0 -3.69836 0 0.4587 0.523802 -0.717793
68.1276 55.7676 47.4388 0.683572 0.368057 -4.5 0 0.97115 -0.0212628 -0.237521
67.8364 60.091 48.605 0.811215 0 -4.5 0 0.752673 0.21071 0.623766
50.5595 62.6118 52.2887 -0.649476 -0.379979 -3.5 0 0.518384 0.403307 0.75407
74.7824 50.6719 43.5802 0.490167 0 -1.6 0 0.8005 -0.0666887 0.59561
52.4865 52.8763 30.897 0.171586 0 -0.7 0 0.818523 0.545398 -0.180449
54.9229 38.3498 58.5384 -0.81125 -0.645083 -3.9 0 -0.638386 0.339651 0.690725
29.1575 55.964 55.5915 -0.809291 -0.344872 -3.5 0 -0.378967 0.582071 0.719428
24.6645 57.5515 42.9804 -0.988067 -0.197529 4.5 0 -0.311722 0.811675 -0.493977
73.8443 45.994 56.628 -0.121469 0 4.5 0 0.89767 0.18518 0.399872
44.8134 35.0504 37.7917 0.0803894 0 -3.5 0 -0.774247 0.632332 -0.0263991
52.0493 53.831 35.9115 -0.0988706 -0.828664 -3.9 0 0.0584546 0.224877 -0.972632
58.2518 28.0974 46.1 -1.02524 -0.519051 -3.5 0 0.0187572 -0.994325 0.104715
54.9007 42.8759 59.5854 0.0696492 0 -0.7 0 0.349597 0.0976475 0.931798
72.7624 36.2505 52.9165 1.64377 0.163488 -3.9 0 0.914438 0.383227 0.130153
11.2847 39.363 49.9081 0.45121 -0.0743852 -1.04366 0 -0.924136 -0.0582124 0.377602
60.1481 29.7831 48.3715 0.387133 0 -1.81444 0 -0.171335 -0.98033 0.0979663
76.673 43.2556 52.8664 0.118015 0 4.5 0 0.100257 0.489715 0.866099
61.0399 63.4434 45.6403 0.913185 0.410183 -3.5 0 -0.940533 0.260354 0.218207
57.569 60.0848 44.6934 0.671051 0 4.05878 0 -0.00835036 0.942277 0.33473
71.865 51.6855 35.493 0.686741 0 -3.5 0 0.489989 0.31252 -0.813783
41.8885 42.1768 32.4494 1.10477 0 -3.9 0 0.7901 -0.0348502 -0.611986
26.7785 57.1242 40.6385 0.2998 0 1.8 0 0.0502109 0.986526 -0.15571
50.6315 47.0655 57.977 -0.941983 -0.0590205 1.8 0 -0.117243 -0.164072 0.979456
48.4885 58.6205 42.925 0.0624638 -0.827365 -3.57571 0 -0.81185 0.580682 0.0608995
49.9627 53.5008 34.6847 0.107983 0 -3.9 0 0.59487 0.627874 -0.501901
67.8245 35.8624 43.9446 0.250203 0 -0.7 0 0.328507 -0.631119 0.702689
31.6565 35.5466 43.5036 -1.56891 -0.587578 -3.5 0 0.29562 0.222375 -0.929063
75.6292 59.6319 40.6795 0.768371 0 -3.9 0 0.736269 0.385773 -0.555956
46.9292 60.5094 50.0606 2.2275 0.431052 -3.5 0 -0.562405 0.680485 -0.469724
65.7836 27.8512 47.0671 2.67802 0.267507 -3.9 0 0.941913 -0.274907 0.19294
69.4333 37.266 47.9849 0.829813 0.538478 -2.52719 0 0.17292 -0.820701 -0.544563
47.6691 41.9614 55.6357 0.485627 0 -1.6 0 0.417337 -0.102848 0.902913
59.688 39.7405 35.1184 0.577824 0 4.5 0 -0.0944863 -0.643021 -0.759998
46.083 47.6932 57.4315 0.472181 0 -0.8 0 -0.230914 -0.274184 0.933543
46.5926 40.615 30.2561 0.788421 0 -3.9 0 -0.277055 0.526781 -0.803581
73.6602 43.7723 55.954 0.163458 0 4.5 0 0.860276 -0.360288 0.360719
73.4571 48.4021 52.2593 -0.146686 0 4.5 0 0.636486 0.734388 0.235711
48.456 49.6025 29.94 0.6135 0.316552 -0.7 0 -0.351663 0.133744 -0.926523
73.7712 42.687 54.959 0.176881 0 4.5 0 0.834866 -0.40905 0.368342
58.3035 45.5096 58.6406 -1.65712 -0.713986 -3.5 0 -0.0984083 -0.0427039 0.994229
76.4824 42.1965 44.485 2.19181 0 -3.9 0 0.728277 -0.681032 0.0762093
69.5569 45.923 62.2415 -1.56842 -0.187599 -3.5 0 -0.0922818 -0.917013 0.388034
28.3069 45.7152 58.147 -0.050301 0 -2.99397 0 -0.0190949 -0.0924297 0.995536
45.3399 30.6685 40.1133 0.331636 0 -3.5 0 -0.152305 -0.952503 0.263708
70.1517 33.2817 40.4712 0.532839 -0.529233 -0.7 0 0.323385 -0.801867 -0.502425
37.5962 44.7668 55.4408 0.635429 0 -3.9 0 -0.421389 0.707509 0.567329
39.2699 55.4525 48.9735 1.38379 0.0497953 -0.845841 0 0.631921 0.722713 0.279932
62.622 61.4295 50.564 0.463441 0.2059 -2.86188 0 -0.658968 0.141064 0.738825
66.146 50.1686 36.122 1.03795 -0.436263 2.8 0 -0.157957 0.810388 -0.5642
55.828 31.3384 45.7061 0.367005 -0.0621607 -2.29706 0 -0.892958 -0.44129 0.0888251
55.6291 30.5125 47.7562 0.316971 0 -0.4 0 -0.914813 -0.396512 0.0767841
71.7452 50.4663 55.5735 -0.238908 0 -3.5 0 0.0665053 0.949376 -0.307021
61.6969 39.2967 36.5079 0.634642 0 2.8 0 -0.0215944 -0.590583 -0.806688
53.868 58.5445 49.459 1.55527 0 -3.50819 0 0.0816934 0.314798 0.945636
65.622 51.9668 64.5003 0.39499 0 4.2 0 0.91297 0.171635 0.370171
59.0335 60.4012 47.4238 -0.403311 -0.693656 -3.5 0 -0.614853 0.774722 -0.147519
60.0117 49.2865 58.833 0.0357862 0 -0.872418 0 -0.50776 -0.479362 0.715815
58.5539 58.7108 38.3756 0.120064 0 4.5 0 0.137525 0.67712 -0.722908
15.896 34.5445 41.9665 0.106457 0 -3.5 0 -0.511384 -0.753258 -0.413629
53.45 54.7235 51.426 -0.204116 0 -2.88068 0 0.143258 0.725853 0.672767
9.76675 39.3662 45.1393 1.17711 0 -3.9 0 -0.815912 0.0477809 -0.576198
17.599 53.0455 54.734 0.795035 0 -3.9 0 0.0128643 0.557002 0.830411
55.0325 45.7062 32.9545 0.803157 0 4.2 0 -0.00607981 -0.354852 -0.934903
59.4729 35.3401 40.9803 -1.03428 -0.859299 -3.5 0 0.487926 -0.453871 -0.745607
71.9652 56.3915 53.4515 1.12828 0 -3.9 0 0.766694 -0.291877 0.571829
35.0405 36.3377 42.8614 0.500913 0 -4.5 0 -0.00178189 -0.0500899 -0.998743
11.6818 46.8807 50.0197 0.22999 0 3.8 0 -0.671771 0.731674 -0.115661
38.5902 53.7454 42.6426 0.632807 -0.251794 0.0402537 0 0.0711758 0.747275 0.660692
50.383 36.872 36.6113 0.662364 0 -3.5 0 -0.487125 -0.318625 -0.813134
21.505 40.0127 53.014 -0.418772 0 -3.03643 0 0.869157 -0.494297 0.0153678
58.16 46.3133 32.5805 0.635981 0.142663 -1.64685 0 0.257248 -0.0792089 -0.963094
52.7051 54.7229 54.3466 0.553478 0 -0.9 0 0.348183 0.90853 0.230959
38.7858 37.7059 43.5838 -1.25256 -0.600509 -4.5 0 -0.728303 0.468835 -0.499769
65.8615 54.7955 37.411 3.9493 0.140689 -3.9 0 0.664754 -0.2981 -0.685009
21.1653 58.8244 44.1371 0.390459 0.332388 -0.61506 0 0.61364 0.475862 -0.63008
19.477 36.5947 38.359 0.155288 0 1.8 0 0.0592776 -0.895099 -0.441909
67.8195 47.4555 33.5815 0.232589 0 2.8 0 0.756277 0.292156 -0.585397
26.95 50.333 40.002 0.14138 0 -3.5 0 -0.0403007 0.817233 -0.574896
71.8883 33.3555 50.4082 -0.350411 -0.360784 -3.5 0 -0.0674893 -0.996617 0.0469066
12.2933 43.4771 55.1808 -0.915642 -0.650946 -3.5 0 -0.642634 0.343622 0.684796
24.381 55.8488 41.4145 0.337449 0 1.8 0 -0.620237 0.590344 -0.516528
15.8308 46.8138 57.3225 -0.949528 -0.0186887 -3.5 0 -0.322259 0.501954 0.802615
54.9199 44.3479 58.7964 0.44705 0.271553 -0.7 0 0.141356 0.408394 0.901794
24.631 59.3819 47.6595 -1.09296 -0.466664 3.8 0 -0.695826 0.481149 -0.533218
28.9788 60.8615 48.299 0.546549 0.0140126 -0.7 0 0.625507 0.455797 0.633238
51.7475 56.9015 38.1055 0.974428 -0.625973 -0.705284 0 0.0307298 0.576497 -0.816521
19.36 48.3773 40.3957 0.127766 0 1.6939 0 -0.280739 0.650412 -0.705797
36.9248 58.7185 44.9403 -0.0765532 -0.588023 -0.8 0 0.636312 0.747292 -0.191474
67.6592 51.0345 57.0815 1.11954 0.392746 -3.5 0 0.64712 0.740774 0.18025
61.0908 42.3165 59.1258 -0.902521 -0.0551929 -1.4327 0 -0.661744 -0.0714169 0.746321
19.6063 61.3833 50.6195 0.330258 0 -3.5 0 -0.631566 0.775225 0.0122819
66.3156 42.4384 35.9435 1.48931 0 0.204684 0 0.389416 -0.585989 0.710613
70.1561 63.5844 45.9987 -0.981503 -0.172541 -0.8 0 0.443582 -0.485821 0.753136
10.4548 36.2552 53.1811 -1.19082 -0.0207312 -3.5 0 -0.196851 -0.947165 -0.253237
30.8997 52.413 56.6436 0.644213 0 -3.5 0 -0.193356 -0.270849 0.943003
66.131 59.382 52.4435 0.748918 0 -1.6 0 0.468779 0.789205 0.396739
47.6985 52.0655 33.0016 0.625562 0 -0.968325 0 -0.0860105 0.864823 -0.494655
60.8848 51.585 51.7137 3.50589 0 -4.28507 0 -0.0800159 0.995679 0.0471166
64.3381 38.933 36.3991 0.807983 0.713872 -2.53423 0 0.274135 -0.800866 -0.532414
37.8177 49.3773 57.0574 1.79617 0 -3.9 0 -0.955692 -0.125196 0.266418
50.3428 59.648 44.1813 -0.620975 -0.534611 -3.9 0 -0.0142775 0.937703 0.347145
55.1927 53.9217 52.4077 0.610693 0 4.5 0 -0.00388198 0.776033 0.63068
46.4328 50.9562 56.7752 0.419328 0 -0.8 0 -0.172171 0.830737 0.529371
45.4244 58.4456 45.9543 0.544846 0 -0.9 0 -0.0978165 0.97909 -0.178367
53.0519 47.3565 58.2503 0.267039 0 -0.9 0 -0.148946 -0.443892 0.883615
40.42 32.1644 43.9261 0.884763 0.733284 -4.5 0 -0.0725184 -0.979245 0.189262
57.709 32.6987 39.187 -0.746888 0 -3.5 0 0.727594 -0.624207 -0.284557
63.1572 42.8674 33.0342 0.99637 0 -3.9 0 -0.0711143 -0.0738026 -0.994734
56.2025 51.4958 59.3539 0.87974 0.890632 -4.5 0 -0.369963 0.37437 0.850279
10.4092 39.8577 48.9951 1.78726 0.736707 -3.9 0 -0.744906 0.499314 0.442493
78.0775 34.3069 50.3525 0.0934163 0 -1.3 0 -0.16223 -0.385661 0.908266
51.4395 59.4927 43.536 0.717998 -0.0203738 -3.9 0 -0.0438887 0.97165 0.232313
31.9042 47.5612 58.0443 0.54978 0 -0.9 0 0.762961 0.447759 0.466265
67.9187 58.5877 50.1011 0.655652 0.497287 -3.9 0 0.202698 0.971011 0.126696
11.4593 39.1324 56.877 0.84136 0.758696 -3.5 0 0.281938 0.391112 0.876095
36.4565 44.931 54.8 -0.420285 -0.549251 -3.9 0 -0.392729 0.55824 0.730843
23.4931 47.7957 58.4951 0.616786 0.00105518 -3.5 0 0.00761505 0.567256 0.823506
69.4915 62.8406 45.5199 -0.20085 0 -0.8 0 0.467127 -0.444681 0.764232
47.905 34.7988 35.676 0.621659 0 -3.5 0 0.394909 -0.0253088 -0.918371
63.948 53.503 65.5686 0.17984 0 4.2 0 -0.029123 0.520076 0.853624
65.256 50.246 65.7206 0.193243 0 4.2 0 0.34334 -0.171504 0.92342
39.0355 40.0378 30.6618 2.56346 0.283551 -3.9 0 -0.171337 -0.615815 -0.769036
15.2122 54.6102 44.9875 -0.154703 0 -3.66455 0 0.0400505 0.870566 -0.49042
19.3109 32.7355 44.8666 0.300874 0 1.8 0 0.0497535 -0.973195 -0.224537
23.6075 51.4603 37.0112 0.0905861 0 -3.5 0 -0.310613 0.850843 -0.423776
24.8641 40.7094 36.4344 -0.716867 -0.387874 -2.92939 0 0.56468 -0.483284 -0.669009
18.9886 60.5921 51.3597 0.680645 0 -3.5 0 -0.680903 0.711172 -0.174943
60.6478 54.7391 37.5365 0.785036 0 2.8 0 0.59424 0.0934635 -0.798839
15.7633 56.2832 55.5776 1.08468 0.64834 -4.5 0 0.415475 -0.349345 0.839844
70.713 50.132 48.41 1.18724 0.179509 4.5 0 0.530998 0.846416 0.0402609
52.768 33.1808 38.1087 0.0319221 0 -3.5 0 -0.0809695 -0.993767 0.0766177
15.8136 36.2054 48.0619 0.75881 0 -1.6 0 -0.829489 -0.396035 -0.393833
27.4279 58.8861 43.9974 0.479511 0 -0.7 0 -0.205314 -0.02398 -0.978402
65.3593 64.5356 51.214 0.849293 0.769585 -4.5 0 0.0126554 0.705418 0.708679
64.4859 66.3601 43.0246 0.590043 0 4.2 0 0.351817 0.715074 -0.604064
50.9642 56.0723 54.4888 0.424669 0 -3.9 0 0.743246 0.225646 0.629817
69.4945 51.4986 34.7098 0.81852 0 -3.5 0 -0.191386 0.508547 -0.839495
38.1808 34.9403 42.4441 0.255403 0 -4.5 0 -0.492456 0.00373161 -0.870329
69.6695 37.0412 57.335 0.242408 0 -3.9 0 0.150787 -0.687289 0.710561
69.6926 67.3313 44.0904 0.502377 0 1.9 0 0.599334 -0.0136377 -0.800383
71.235 53.4367 36.5115 0.804385 0 -3.5 0 0.0574946 0.768206 -0.637615
67.0196 41.9495 61.9674 0.623473 0.0332056 -4.5 0 0.656984 0.0354635 0.75307
70.4345 69.9845 44.5163 -0.181121 0 1.9 0 0.589971 0.0863203 -0.802797
24.5653 35.5288 40.5913 -0.0792531 0 -0.7 0 -0.0552845 -0.643471 -0.763471
15.2674 57.348 50.9458 0.378111 0 -4.5 0 -0.25174 0.774304 -0.580585
74.4815 49.0762 55.5885 -1.73807 -0.818525 -3.5 0 0.992074 0.119224 -0.039688
31.5933 46.0397 35.9492 0.319849 0.20022 -1.87338 0 -0.827085 0.15077 -0.541479
32.4841 43.7485 39.6958 0.417843 0 3.8 0 -0.803709 -0.00310063 -0.595014
43.946 50.6222 33.9098 -0.314902 -0.0284317 -1.3 0 -0.715131 0.222917 -0.662492
70.4477 64.0635 38.8133 0.997781 0.103076 -0.8 0 -0.658477 0.189659 -0.728312
75.3555 47.3579 50.5994 0.191176 0 4.5 0 0.89795 0.367992 0.241387
50.5764 45.8056 57.4089 -0.509944 -0.404604 1.8 0 -0.333661 -0.477739 0.812672
72.8841 66.1101 39.0941 0.175568 0 -0.8 0 0.229869 0.810916 -0.538122
17.9555 56.4646 54.2669 0.856112 0 -4.5 0 0.264003 -0.402076 0.87672
13.2285 57.431 55.2275 0.178316 0 -4.5 0 -0.394502 0.535909 0.746438
36.6675 40.2373 46.0622 -0.0819373 0 -0.559205 0 -0.0196638 -0.794968 -0.606333
68.0464 54.6496 60.9109 0.270225 0 -3.5 0 0.969953 -0.242957 -0.0127864
77.3555 43.5544 51.9823 0.152046 0 4.5 0 0.503032 0.834848 0.22358
39.8536 58.3226 38.1511 3.06514 0 -0.8 0 0.592036 0.382847 -0.70917
27.5345 39.6345 53.95 0.790981 0 -0.9 0 -0.221512 0.222881 0.949345
76.775 36.4375 37.4318 -0.337855 0 -0.4 0 0.520087 -0.148488 -0.841107
31.6842 53.872 56.6037 0.711258 0 -3.5 0 0.287832 -0.0632211 0.955592
12.197 54.705 48.4813 -1.4245 -0.237674 -3.5 0 -0.943207 0.177856 0.280585
68.0527 36.8602 47.0407 0.820849 0 3.8 0 0.366051 -0.923795 -0.112297
40.6455 51.6292 36.4282 -0.553267 -0.00544441 -3.5 0 -0.764894 0.146676 -0.627234
37.9624 43.4275 59.0272 2.62476 0.20495 -3.9 0 -0.251691 0.916422 0.311162
60.1941 28.3925 44.169 0.453548 0 -3.5 0 0.235465 -0.971866 -0.00571284
50.6705 56.5521 37.4879 0.936772 -0.598236 -1.88954 0 0.313596 0.671774 -0.671102
75.505 37.5312 36.8613 0.351558 0 -0.4 0 0.0497205 0.150045 -0.987428
68.6994 36.8015 36.824 0.998411 0.744116 -0.8 0 -0.471672 -0.587484 -0.657562
43.9976 43.7314 57.3283 0.0494202 0 2.8 0 -0.509909 0.558145 0.654574
16.7353 33.449 42.3462 -0.980883 -0.172095 1.8 0 -0.566819 -0.768587 -0.29663
74.6926 48.6029 40.8355 1.03904 0 -1.6 0 0.780608 -0.196783 -0.593235
11.1003 36.1432 42.9039 1.05202 0.349921 -3.5 0 -0.74024 -0.613926 -0.274116
57.6979 53.1075 58.1009 0.63799 0.0199796 -4.5 0 0.12251 0.748968 0.651182
71.5287 49.8773 49.1317 1.12622 0.774234 4.5 0 0.439639 0.897101 0.0438974
65.2322 65.974 48.6754 -0.925514 -0.826154 1.9 0 -0.189302 0.64301 0.742093
74.3625 57.9915 38.9675 1.53828 0 -3.9 0 0.286659 0.231298 -0.929692
25.631 51.618 40.342 0.332645 0 1.95446 0 0.41304 0.148268 -0.898563
11.9795 46.2713 49.0691 0.242973 0 3.8 0 -0.594843 0.586178 -0.550052
48.6268 47.2093 28.3425 0.96843 0.739191 -3.5 0 -0.169885 0.277888 -0.945472
46.8381 50.5295 30.4403 -1.03185 -0.338237 -0.7 0 -0.476095 0.42185 -0.771606
48.1155 51.453 56.41 0.5594 0 -0.8 0 -0.379906 0.727347 0.571522
69.3538 45.802 60.1499 -0.359984 -0.059063 -3.5 0 0.392912 -0.876262 0.2789
41.422 55.788 52.0875 1.05502 0 1.8 0 -0.514299 0.848378 -0.125508
20.927 61.6117 55.8071 -1.568 -0.243919 -4.5 0 -0.189942 0.771205 0.60759
46.0415 47.2707 30.5225 0.578089 0 -3.5 0 -0.776565 0.07761 -0.625239
17.9498 46.9347 37.9705 -0.384533 -0.928458 -0.7 0 -0.367145 0.860128 -0.354097
15.5805 55.9622 52.9175 0.78554 0 -4.5 0 -0.0999915 -0.889341 -0.446177
35.9263 35.3732 43.0841 0.913229 0.479284 -4.5 0 0.101186 -0.21186 -0.972048
32.3461 57.0286 40.1554 0.428576 0 4.5 0 -0.930462 0.340052 -0.136402
46.8778 48.5173 57.5942 -0.218539 -0.600913 -0.8 0 -0.280423 -0.301533 0.911285
16.4025 42.9282 56.5539 -0.425874 -0.466875 -3.5 0 -0.166975 -0.498621 0.850586
38.9985 48.0716 58.7925 3.75139 0.132986 -3.9 0 -0.687901 -0.461789 0.55995
13.2673 56.3141 47.8631 -0.759235 0 -3.5 0 -0.612609 0.771271 0.172777
38.7356 53.9134 45.6379 1.19336 -0.415835 -1.57287 0 0.0137946 0.681578 -0.731616
45.5125 37.688 30.232 2.44538 0.0626769 -3.9 0 -0.967631 -0.086959 -0.236913
25.3498 46.1779 36.5484 -0.0855414 -0.849535 -1.02053 0 0.910059 -0.346322 -0.227715
53.682 43.0277 34.6138 -1.71425 0 -0.4 0 0.583717 -0.796067 0.159848
24.5389 44.4834 33.1564 -0.773554 -0.807747 -0.7 0 0.29013 0.62639 -0.723506
58.7433 32.5735 41.9504 0.696149 0 -3.5 0 0.729167 -0.25644 -0.634472
72.9232 34.524 54.1271 2.38965 0.28984 -3.9 0 0.809243 -0.100126 0.578878
17.5355 33.017 46.3961 0.349116 0 1.8 0 -0.651362 -0.654889 0.383208
64.3036 57.9906 55.9745 -1.49279 -0.179694 -0.9 0 -0.165491 0.950647 0.262457
26.1769 61.0571 45.3855 0.194635 0 -0.7 0 -0.905419 0.356892 -0.229879
15.6377 45.4232 57.9173 -1.2516 -0.0588289 -3.5 0 -0.429164 0.157701 0.889353
46.214 31.54 41.3677 0.433224 -0.0153579 -3.5 0 0.246329 -0.887188 0.390153
59.3787 43.6758 57.4442 -0.709523 -0.248154 -3.5 0 -0.717756 -0.364542 0.593241
70.4071 36.3234 43.2254 0.0026556 0 -0.7 0 0.44187 -0.688082 0.575581
69.3923 34.7248 39.5245 -0.452672 -0.80783 -0.7 0 0.261733 -0.402557 -0.877179
46.6213 49.0238 30.3773 -0.188956 -0.577378 -0.7 0 -0.624277 0.240949 -0.743116
63.3805 55.761 53.4263 1.02547 0 -3.9 0 -0.971792 0.174648 -0.15849
28.1355 56.0076 54.7819 0.107667 0 3.8 0 -0.2475 0.211584 0.945503
13.0206 41.2201 38.0695 0.247761 0 -0.8 0 -0.0954817 0.556309 -0.825472
45.3944 59.8447 58.0148 2.68279 0.892886 -3.9 0 -0.745008 0.348407 0.568837
40.0859 39.7195 39.644 -0.755651 -0.914151 -3.9 0 0.00415389 -0.881951 0.471323
50.5465 44.3999 29.926 0.608139 0.206049 -3.38074 0 0.246775 -0.617687 -0.746703
63.3271 35.7578 53.7495 0.421981 0.0330896 -3.5 0 0.507039 -0.566593 -0.649526
39.6735 36.4615 56.1051 -0.109274 0 -1.3 0 -0.0382567 -0.991719 -0.122595
80.7949 38.1946 52.0588 -1.0282 -0.0571337 -1.3 0 0.0578057 -0.141899 0.988192
48.8535 32.3457 38.308 0.209181 -0.030832 -3.5 0 0.595066 -0.786567 -0.164952
51.6797 33.603 47.3047 0.891146 0 -4.5 0 -0.745243 -0.657228 0.112537
9.102 54.064 43.761 2.41571 0.0596114 -3.9 0 -0.9965 0.0755926 0.035678
14.2872 49.5569 42.5988 0.0621999 0 -3.42804 0 -0.726262 0.102482 -0.679736
28.3705 38.3223 54.0945 -0.102569 0 -0.9 0 -0.404194 -0.295937 0.865476
44.4453 45.1476 32.8409 0.864982 0.193237 -0.7 0 -0.379451 -0.171203 -0.909234
41.3975 55.8695 46.3005 1.03741 0 -3.5 0 -0.516077 0.761636 -0.391887
26.314 46.5275 37.2007 -0.124765 -0.225862 -1.41023 0 0.442238 -0.618716 -0.64932
55.089 55.911 32.9222 -1.21395 -0.552764 -3.5 0 -0.575258 -0.29552 -0.762723
15.111 47.823 50.0325 0.345438 0 3.03067 0 -0.503821 0.310368 0.806124
20.2044 44.0825 37.2371 0.418359 0 -0.7 0 -0.758174 -0.307724 -0.574872
12.5834 37.4609 39.2186 0.357667 0.0128005 -0.8 0 -0.126242 -0.895335 -0.427127
58.8275 30.4487 51.1876 -0.754062 -0.790073 -0.4 0 0.129449 -0.869767 0.47618
75.5935 47.692 49.326 0.252995 0 4.5 0 0.915172 0.389539 0.103538
57.165 44.0303 55.3771 -0.667064 -0.700091 -2.00977 0 0.241457 -0.690391 0.681952
33.4174 38.6263 55.3714 0.570751 0.546278 -0.557283 0 0.143662 -0.149833 0.978218
58.1927 29.7507 50.6012 -1.1254 -0.0127625 -0.4 0 -0.0707417 -0.929253 0.362608
39.3256 48.4571 34.9642 0.530207 0.226909 -3.5 0 -0.585012 0.583891 -0.562878
12.1684 55.5065 54.645 0.632374 0.746278 -4.5 0 -0.788614 -0.586816 0.18367
22.5527 41.7407 55.8474 0.197608 0 -3.5 0 0.79839 0.213215 0.563127
70.8154 37.1043 36.164 0.0531387 -0.354279 -0.8 0 0.51439 -0.708189 -0.483602
11.593 42.6359 40.1878 -1.27435 -0.453341 -0.8 0 -0.812477 0.511035 -0.280578
68.9086 70.1239 48.0524 0.411566 0 1.9 0 -0.424729 0.0723922 0.902422
15.5971 37.4857 52.433 0.410819 0 -3.5 0 0.590007 -0.556271 0.585196
54.2951 56.6895 33.887 -1.67031 -0.42297 -3.5 0 -0.92248 0.257073 -0.288
63.253 58.445 53.4525 0.428271 0 -1.6 0 -0.75769 0.144347 0.636451
72.5652 37.2119 54.5034 0.364547 0 -3.9 0 0.968178 0.204368 0.144449
70.1158 68.1503 47.3575 0.468436 0 1.9 0 0.472558 -0.417617 0.776071
57.949 61.6668 40.9205 0.387685 0 4.5 0 -0.164245 0.915137 -0.368167
42.2355 40.5765 57.2682 0.320623 0 -0.303361 0 0.0453527 -0.552853 0.832044
35.0036 47.7039 35.5686 -1.13608 -0.0516632 -0.8 0 0.0263703 0.759217 -0.650303
37.932 42.9567 32.7503 1.34017 0 -3.9 0 -0.882311 0.381129 -0.276169
56.8726 40.4279 36.0817 -0.274689 0 4.5 0 -0.389001 -0.198631 -0.899569
40.261 48.1279 30.4893 -1.66246 -0.849809 -3.5 0 -0.246416 0.450257 -0.858223
55.697 57.9496 49.5029 1.12707 0.416977 0.456522 0 0.373124 0.330059 0.867087
49.6221 38.949 31.0179 0.747046 0 -3.9 0 0.96406 -0.0758586 -0.254624
11.7163 47.0475 43.7835 0.379499 0 1.8 0 -0.817628 0.530126 -0.224614
66.523 59.569 37.4982 0.646843 0 3.8 0 -0.493972 0.308246 -0.813005
50.2018 56.2725 35.5845 0.527128 0 -3.9 0 0.689301 0.55166 -0.469613
29.8346 49.4308 35.1621 0.766531 0 -4.5 0 -0.0647047 0.0536814 -0.99646
41.017 53.4647 37.7576 0.811497 0 -3.5 0 -0.386956 0.719666 -0.576494
11.4371 41.3092 45.8789 1.1785 0 -3.9 0 -0.395986 0.888606 0.231461
13.0245 54.7547 54.9626 1.47873 0.497937 -4.5 0 -0.369659 -0.864156 0.341449
58.2337 44.376 57.5887 -2.54602 -0.397195 -3.5 0 -0.299674 -0.818112 0.490804
23.116 36.4917 39.6364 -0.0557897 0 1.47954 0 0.363728 -0.815465 -0.450244
63.4154 36.8285 59.8066 0.233227 0 3.8 0 0.00252948 -0.298417 0.954432
40.2837 35.6115 47.916 0.223469 0 4.2 0 -0.0857361 -0.825466 0.557902
28.6471 55.9132 43.635 0.508769 0 4.5 0 0.478835 0.67201 -0.564906
35.8985 60.1058 44.9176 0.465427 0 -0.8 0 0.624764 0.749052 -0.220432
68.8304 51.017 53.4195 0.482217 0 -1.3 0 0.655406 0.522472 0.545405
66.851 50.798 58.8845 1.46107 0 -0.8 0 0.800874 0.587875 -0.114037
57.417 33.5081 61.4178 0.631754 0 -3.9 0 -0.269547 0.284024 0.920149
20.8368 52.4914 54.4816 0.561926 0 -1.3595 0 -0.349996 0.165424 0.922029
45.1169 34.6764 53.9586 0.142001 0 -4.5 0 -0.356211 -0.628896 0.691088
40.1828 56.092 38.7085 1.60049 0 -0.8 0 0.179815 0.0207314 -0.983482
11.8159 45.5735 45.6836 0.386274 0 1.8 0 -0.875665 -0.346509 0.336366
19.9867 41.4835 33.9869 0.945684 0.455818 -0.4 0 -0.630544 0.108795 -0.768491
33.5446 38.2944 42.9263 0.0753354 0.114308 2.75419 0 -0.614348 -0.610573 -0.499777
51.3151 53.6698 31.9072 0.181057 0 -0.7 0 0.220893 0.966834 0.128211
54.8434 31.6835 44.5545 -1.64859 -0.110496 -3.5 0 -0.843559 -0.468469 0.262574
52.466 52.148 34.7617 -0.373724 0 -0.795105 0 0.122851 0.937599 -0.325294
57.8553 58.2069 36.8461 -0.361485 -0.49778 -3.5 0 0.454753 0.865051 -0.211865
46.154 30.7668 37.161 0.339451 0 -3.5 0 -0.110538 -0.881316 -0.459416
68.6685 54.9222 54.811 0.428506 0 -3.9 0 0.267956 -0.344675 0.899666
42.3945 40.1652 37.8431 0.5141 0.0828975 -3.9 0 0.355258 -0.881662 -0.310587
61.2537 58.8483 39.3047 0.628942 0 1.90586 0 0.170141 0.755068 -0.633186
27.9128 40.9323 42.3182 -0.538078 -0.988716 -0.8 0 0.588438 -0.802603 0.0978235
40.824 54.8615 38.5624 1.2955 0.141434 -3.5 0 -0.193066 0.394881 -0.898217
70.244 69.7136 47.9711 0.654676 0 1.9 0 0.375436 -0.0896203 0.922505
25.2337 44.0736 36.8073 -0.0930836 0 -0.7 0 0.983291 -0.138796 -0.11779
75.4919 36.0871 41.1335 -0.908758 -0.751925 -0.4 0 0.355176 -0.622639 0.69726
48.7765 53.2337 55.1035 0.201425 0 -1.68018 0 -0.323801 0.358065 0.875752
48.8635 37.6119 33.0382 0.694726 0 -3.9 0 0.575502 -0.653476 0.491697
75.9177 57.2425 42.1237 0.685111 0 -3.9 0 0.721169 -0.516349 0.461843
24.2935 47.0107 58.6105 1.01926 0.721509 -3.5 0 0.184737 0.030087 0.982327
36.9463 42.374 60.3029 2.75723 0.390097 -3.9 0 -0.780992 0.305993 0.544445
25.8925 32.4311 47.8439 -0.568731 -0.814936 4.5 0 0.0309941 -0.841013 0.540127
71.7045 36.4972 44.8091 1.08834 0 2.5 0 -0.0467623 -0.985863 -0.160898
62.8042 53.8279 64.546 0.180197 0 4.2 0 -0.606178 0.682556 0.408248
38.2871 53.3301 53.8709 0.780361 0 -0.8 0 0.285376 0.178003 0.941741
60.4772 46.1675 58.2461 -0.523169 -0.0141382 0.960628 0 -0.176472 0.263227 0.948456
75.5395 39.8968 41.6545 0.581705 0 2.5 0 0.954956 -0.229553 0.188057
26.1555 59.3346 45.0496 0.512974 0 3.0553 0 -0.775887 0.29512 -0.557587
67.4563 48.9776 34.4865 0.633733 0 2.8 0 0.129368 0.605843 -0.784995
70.6787 46.3624 58.4323 0.0280731 0 -3.5 0 0.476781 -0.572483 0.66704
62.635 35.8527 49.5625 0.200842 0 4.5 0 0.796841 -0.257545 0.546548
16.2239 59.3823 51.8898 0.78745 0 -4.5 0 -0.255972 0.613997 -0.74665
47.049 61.3018 54.7057 0.841344 0 -3.9 0 -0.180808 0.969311 0.166568
54.8584 58.7664 41.4896 0.595163 -0.169896 2.28962 0 -0.362483 0.900632 -0.239726
66.3731 41.0651 62.1466 0.749825 0.420355 -4.5 0 0.364403 -0.505577 0.78205
10.646 53.7616 41.3969 2.12963 0.813593 -3.9 0 -0.112169 0.0881392 -0.989773
68.8806 56.9675 49.2233 1.18451 0.0540981 -3.9 0 0.631508 0.268361 -0.727448
41.5681 52.0974 34.8575 -0.465538 -0.472249 -3.5 0 -0.708178 -0.103273 -0.69844
68.4467 70.3164 43.7573 -0.670426 0 1.9 0 -0.328599 0.501742 -0.800173
73.2614 59.6831 40.1599 1.76422 0 -3.9 0 -0.245794 0.223841 -0.943123
74.67 39.4325 51.8535 0.536288 0.275987 4.5 0 -0.100143 -0.534436 0.839255
21.5985 45.9161 57.7701 0.493977 0 -3.5 0 -0.508971 -0.154233 0.846854
50.8408 46.831 32.9798 0.952302 0.102398 -3.13927 0 0.70784 0.0179486 -0.706145
48.0041 43.8736 31.394 1.11196 0.0110025 -3.42848 0 -0.314503 -0.364808 -0.876358
18.3644 46.1549 56.5079 -0.501243 -0.242115 -3.5 0 0.313061 0.171105 0.934193
38.2486 58.9067 49.2171 0.705107 0 -0.7 0 0.736699 0.622769 0.263502
11.2715 37.159 52.0757 -0.3304 0 -3.5 0 -0.191773 -0.715397 -0.671886
70.0805 35.4619 55.8571 0.550764 0 -3.9 0 -0.351489 -0.671417 0.652423
13.7689 47.6595 39.0494 0.344873 0 1.8 0 -0.797868 0.513358 -0.316023
55.1741 32.5989 58.2178 0.46733 0 -3.9 0 -0.775838 -0.628019 0.0605507
23.1584 46.1365 34.4474 0.657506 0.396527 -0.7 0 -0.0573317 0.622007 -0.78091
42.333 40.0682 36.125 0.636789 0 -3.9 0 0.436906 -0.888914 -0.13764
68.5247 53.8776 39.8015 1.09205 0.794131 -3.5 0 -0.413501 0.02896 -0.910043
67.4488 57.182 59.9814 -1.4136 -0.582307 -3.5 0 0.848954 0.406592 -0.337581
33.5835 38.89 41.1216 0.104213 0 3.8 0 0.159473 -0.977205 -0.140135
77.0806 42.5195 43.3187 2.17326 0.366737 -3.9 0 0.862432 -0.49849 -0.087859
21.4194 62.7666 51.945 -0.215625 -0.183167 -3.5 0 -0.621424 0.690248 -0.37066
68.8079 51.9086 46.0876 0.502719 0 -1.3 0 0.867729 0.247538 0.431011
66.6955 58.22 53.7005 0.442382 0 -2.33048 0 0.130977 0.841623 0.523942
69.9985 66.2495 44.3874 0.489421 0 1.7213 0 0.827654 0.381743 -0.411414
50.5218 31.9271 51.8951 1.07685 0.809872 -3.5 0 -0.0600722 -0.789752 -0.610478
43.9379 36.4823 52.1814 0.363672 0.202449 -4.14085 0 -0.76444 -0.64209 0.0578911
77.9706 42.6894 52.7271 0.111155 0 4.5 0 0.582196 0.504588 0.637526
57.2271 53.6609 55.3983 1.80606 0.616411 -4.5 0 0.114819 0.94578 -0.303837
56.0443 38.9753 59.0728 -1.59707 -0.460289 -3.9 0 0.0392218 0.264903 0.963477
62.001 29.271 49.38 0.385797 0 -3.9 0 0.00285 -0.796397 0.604767
65.8835 29.8806 45.3625 0.903989 0 -3.9 0 0.887003 0.315256 -0.3374
75.2555 39.3015 44.614 -0.275955 0 2.5 0 0.978004 -0.169555 -0.12149
25.22 58.5757 45.9777 0.792209 0.758613 3.7742 0 -0.856199 0.446207 -0.260428
72.9847 58.175 38.625 2.24768 0.465935 -3.9 0 0.0620087 0.684024 -0.72682
53.2465 41.5692 58.9627 0.0831865 0 -0.7 0 -0.431101 -0.41134 0.803089
33.6506 52.7886 54.9081 1.15001 0.56354 -1.54862 0 0.413016 -0.578182 0.70365
55.1175 32.6951 45.9024 0.252086 0 -4.25042 0 -0.691731 -0.716498 0.0902159
70.3421 34.5036 54.6577 1.44437 0 -3.9 0 -0.246564 -0.727256 0.640551
39.9487 36.427 52.0625 0.572259 0.730848 -1.3 0 0.505863 -0.862613 0.00135115
22.7881 62.098 50.9004 0.0952134 -0.174431 -3.5 0 -0.0805067 0.64755 -0.757759
21.7234 55.3909 57.9022 0.332621 0 3.8 0 -0.54046 -0.577767 0.611628
73.2038 33.573 50.0155 -1.30824 -0.138249 -3.5 0 0.48362 -0.786666 0.383755
29.2559 34.3563 47.0558 -0.67612 -0.342249 -3.5 0 0.327407 -0.712251 0.620889
41.8929 49.0576 57.8959 3.19563 0.835351 -3.9 0 0.87513 0.087485 0.475914
44.2476 48.063 32.3665 -0.0661655 0 -3.5 0 -0.000917275 0.500068 -0.865986
11.6525 52.8515 41.8763 2.03571 0 -3.9 0 -0.173976 -0.218579 -0.960185
61.2929 40.9829 59.7673 -1.5376 -0.158458 -3.5 0 -0.571654 -0.0209332 0.820228
9.79425 39.5433 54.3252 0.103915 0 -3.5 0 -0.628293 0.710554 -0.316798
80.8035 41.2764 51.218 -1.66735 -0.713299 -1.3 0 0.317751 0.8754 0.364293
38.0071 58.5706 41.1613 1.11332 -0.326554 -0.8 0 -0.159085 0.923377 0.349381
16.166 58.0202 51.281 0.481057 0 -4.25254 0 -0.356525 0.546263 -0.757949
52.7482 51.3305 31.4748 0.126665 0 -0.7 0 0.943604 -0.0622878 -0.325165
69.938 58.881 38.787 0.954223 0 3.8 0 0.588638 0.368161 -0.719697
64.421 62.342 42.6172 0.70226 0.0323839 3.54129 0 0.0127853 -0.175412 -0.984412
69.4174 38.9462 57.7863 0.0622228 0 -3.9 0 0.532695 -0.0363997 0.845524
67.2805 70.3165 45.0827 -0.528963 0 1.9 0 -0.781723 0.603229 -0.15819
46.3937 37.0409 28.7952 3.07499 0.339504 -3.9 0 -0.346292 0.00666232 -0.938103
71.4693 49.0311 35.7038 -0.377979 -0.882922 -3.5 0 0.293502 -0.738341 -0.607214
13.4073 46.0197 39.0039 0.350679 0 1.8 0 -0.884112 0.00502799 -0.467247
14.2565 46.5845 54.8656 0.00877761 0 -3.5 0 -0.608066 0.789238 -0.0857821
61.1705 36.5215 39.9135 -0.0568887 0 -1.79214 0 -0.452159 -0.564211 -0.69081
54.8802 60.0189 43.4329 0.735569 0 -2.05285 0 -0.362116 0.854966 -0.371356
38.1235 57.8592 46.0933 0.0788398 -0.0973046 -0.744901 0 0.875323 0.429192 -0.222719
57.3338 58.6116 34.6804 -1.24477 0 -3.5 0 0.301032 0.91241 -0.277285
24.6865 54.0261 55.4375 0.330069 0 3.8 0 0.742835 -0.582294 0.330347
77.2516 44.4033 45.565 0.774164 0 -3.9 0 0.888195 0.351417 0.296001
64.7696 35.3956 54.992 0.331172 0 3.8 0 0.496744 -0.609694 -0.617672
40.9507 58.2072 38.877 0.667543 -0.96189 -0.8 0 0.419707 0.357552 -0.834268
58.2995 48.683 32.8592 0.358864 0 4.2 0 0.430082 0.299226 -0.851759
69.4544 62.903 40.4716 0.685653 0.262244 -0.8 0 -0.501356 -0.0490323 -0.863851
47.8699 49.2981 58.5429 -0.951466 -0.0059986 -0.8 0 -0.0770871 -0.234954 0.968945
27.4365 56.4259 39.743 0.367317 0 1.8 0 0.509169 0.698057 -0.503451
19.7246 36.4176 51.8302 0.509024 0 -1.6 0 0.128702 -0.206987 0.969841
41.1159 39.9549 34.7219 0.581138 0 -3.9 0 0.144289 -0.989381 0.0174734
76.734 33.3655 49.492 0.281297 0 -1.3 0 -0.439725 -0.643241 0.626804
26.918 46.601 58.008 0.726184 0 -3.5 0 -0.129076 0.239531 0.96227
9.70125 55.1175 44.0224 1.99709 0.799494 -3.9 0 -0.571611 0.709695 0.411819
31.3568 34.0766 43.7606 -1.56779 -0.00990512 -3.5 0 0.448607 -0.766506 -0.459587
25.1489 31.0174 46.3026 0.0602424 0 4.5 0 0.182456 -0.893628 0.410046
34.5004 39.609 42.0105 0.132643 0 3.8 0 0.714772 -0.697684 -0.0483593
66.1123 49.4437 34.9706 0.843706 0.0461464 2.8 0 -0.0869138 0.794825 -0.600582
74.069 45.131 55.586 0.034311 0 4.5 0 0.999555 0.0114762 0.0275342
21.2027 36.0045 38.9432 0.0831526 0 1.8 0 0.0750869 -0.865643 -0.495
67.568 39.821 37.908 0.535425 0 -0.587099 0 -0.474843 0.845559 -0.244036
28.5406 42.978 53.071 -0.624493 0 -0.9 0 -0.676375 -0.275842 0.682955
37.326 38.147 47.075 -1.06396 0 -3.5 0 -0.391243 0.182402 -0.90203
47.0656 58.6026 45.6859 0.485662 0 -0.9 0 -0.0188793 0.97082 -0.239064
62.3239 35.2066 52.664 0.685593 0.855669 -3.5 0 0.863154 -0.461083 -0.205833
54.7986 45.7443 58.0084 0.228346 0 -0.7 0 -0.0469041 0.302541 0.951982
34.5332 50.7631 40.1232 0.605923 0.210334 -3.66643 0 0.390671 0.0446295 -0.919448
58.0807 56.1883 32.3894 0.141617 0 -3.5 0 0.37368 0.211685 -0.90308
38.912 56.445 37.8545 2.17277 0 -0.8 0 0.0350418 -0.426259 -0.903922
28.9796 40.9949 40.139 0.0554518 0.353347 -0.8 0 0.348794 -0.888642 -0.297756
44.8639 36.0794 56.2955 -1.77677 -0.776467 -3.5 0 -0.252737 -0.5924 0.764975
64.92 55.0185 63.2612 0.0191666 0 -1.79914 0 -0.222672 0.430711 0.874589
49.2929 37.2616 31.2669 1.98075 0 -3.9 0 0.890208 -0.43283 0.142084
19.0245 33.837 42.3117 -0.573499 -0.346924 1.8 0 0.525385 -0.565803 -0.635482
60.0363 52.9733 35.655 0.491188 0.328764 -3.5 0 0.700862 0.504446 -0.504308
38.9548 48.0518 31.8533 -1.60596 -0.614377 -3.5 0 -0.851953 0.503831 -0.142588
24.595 31.2919 43.923 0.0872957 0 4.5 0 0.0292776 -0.806485 -0.590529
23.1126 38.2831 38.2463 0.130549 0.0342519 1.46763 0 0.510221 -0.596653 -0.619419
75.6826 32.7704 46.9398 -0.929843 -0.489697 -1.3 0 -0.16992 -0.961528 -0.215848
64.1533 48.5349 63.8825 0.276315 0 4.2 0 -0.238202 -0.829234 0.505599
72.7474 65.3554 42.731 0.301649 0 -0.8 0 0.414972 0.786606 0.45722
37.2743 56.0845 43.0896 0.355844 0 -0.8 0 0.713509 -0.446424 0.54001
53.1264 35.0148 43.4376 0.625732 0 -4.5 0 -0.245589 -0.933145 -0.26254
36.9339 37.3166 46.3857 -0.924202 0 -4.10834 0 0.204975 0.754862 -0.623032
36.4738 48.4001 36.8766 0.120698 -0.753137 -2.9596 0 -0.374363 0.648903 -0.662403
36.9062 59.4917 49.2352 0.626867 0 -0.7 0 -0.114282 0.952064 0.283751
60.5565 29.7076 56.4019 -1.33608 -0.869162 -3.5 0 0.487748 -0.603152 0.631118
32.4429 36.0838 51.0428 -0.548774 -0.878424 -0.9 0 -0.16629 -0.84676 -0.505317
40.4048 54.6522 43.051 0.385271 -0.23958 -2.42507 0 -0.556528 0.682295 0.474079
74.1736 49.1931 49.8531 0.26648 0 4.5 0 0.421191 0.904986 0.0599809
32.956 45.4144 34.0685 0.184335 0 -0.8 0 -0.141086 0.238961 -0.960725
31.5105 37.531 54.844 -0.074889 0 -0.9 0 -0.270457 -0.687037 0.674413
76.4085 36.3208 40.544 1.64631 0 -0.4 0 0.446039 -0.302495 0.842346
59.3315 57.5511 37.26 -0.223197 -0.0106367 4.5 0 0.515698 0.579063 -0.631459
13.559 43.331 55.8531 -0.0432706 0 -3.5 0 -0.507815 -0.0567518 0.859595
56.5351 31.8734 39.0029 -0.729877 0 -3.5 0 0.295956 -0.920678 -0.254483
27.0549 38.5271 39.4391 -1.45898 -0.224614 -3.5 0 0.910122 -0.414184 -0.0114058
69.7915 45.1024 58.0389 -0.282515 -0.709856 -3.19912 0 0.48124 -0.53535 0.694125
78.3487 38.2754 45.939 0.501712 0 -1.3 0 0.231268 0.550685 -0.802036
65.848 33.7562 38.8162 0.835873 0 -1.6 0 0.252471 -0.63093 -0.733611
35.4813 53.487 38.346 0.567684 0 4.5 0 0.00382647 -0.344916 -0.938626
46.924 47.5617 29.5198 0.469355 0 -3.5 0 -0.504728 0.293362 -0.811905
24.4706 38.5725 38.3346 -0.591047 0 -3.5 0 -0.0769605 -0.755723 -0.650354
41.894 31.3507 42.1945 0.361545 0 -0.4 0 -0.340885 -0.924481 -0.17068
51.5962 58.0116 53.169 0.29836 -0.130939 -3.8409 0 0.88567 0.265977 0.380585
62.9691 56.0018 58.7169 1.00075 0.811328 -0.9 0 -0.48251 0.807865 0.338434
63.3122 57.9367 37.5412 1.18699 0 -3.9 0 -0.118067 0.763397 -0.635048
16.628 40.0402 37.768 -0.00462556 -0.0130515 1.8 0 -0.278177 0.364688 -0.888606
47.986 50.9603 30.3465 -0.0442314 0 -0.7 0 -0.5014 0.332149 -0.798921
65.9603 33.1241 40.022 0.719978 0 -1.6 0 -0.0264734 -0.895947 -0.443372
17.0187 60.2789 47.4092 -1.37433 -0.063313 -3.5 0 -0.776865 0.610435 0.154431
41.6883 33.8335 40.7503 0.733649 0.0061123 -0.4 0 -0.637427 -0.152212 -0.755327
71.0875 58.566 39.2934 1.3049 0.0817645 0.822731 0 0.318741 0.671475 -0.668973
45.9535 35.264 47.196 0.53444 0 -4.5 0 0.35606 -0.860596 -0.364137
58.7986 42.15 35.2098 0.926746 0 4.5 0 -0.332267 -0.0251234 -0.942851
67.1348 61.3784 49.5565 0.95336 0 -4.5 0 0.74977 -0.211246 0.627072
48.3785 34.289 54.6145 0.17832 0 2.8 0 -0.217899 -0.761126 0.610907
61.3825 29.1194 45.9089 0.752541 0 -3.9 0 -0.429331 -0.900926 -0.0633093
68.3128 55.4754 45.5379 0.512176 0 -3.24946 0 0.910075 -0.234549 0.341687
51.9024 33.79 36.2785 0.426165 0 -3.5 0 -0.282609 -0.596428 -0.75127
23.709 48.7093 57.5505 0.632744 0 -3.5 0 0.333501 0.840408 0.42719
21.2171 43.8001 34.0267 0.288183 0 -0.7 0 -0.630146 0.294456 -0.718479
73.4151 61.3903 39.905 1.34202 0.0539558 -3.05827 0 0.211608 -0.29621 -0.931387
45.4415 35.238 45.47 -0.246881 -0.0513473 -3.0736 0 0.452546 -0.871188 0.190352
21.3722 34.0503 47.6867 0.276782 0 3.24489 0 -0.055207 -0.854986 0.515704
9.23275 38.2593 53.8425 -0.558873 -0.241183 -3.5 0 -0.93004 0.120371 -0.347183
37.4515 40.4445 41.1297 0.133389 -0.619212 0.538533 0 -0.0872052 -0.955743 0.28098
62.9145 63.712 41.7055 0.533222 0 4.2 0 -0.164793 -0.290432 -0.942599
41.023 51.434 56.796 1.21671 0 -3.9 0 0.317039 0.817948 0.48005
56.3522 29.5623 48.2305 0.20402 0 -0.4 0 -0.579487 -0.783777 0.223358
38.8999 55.1179 38.5421 1.45516 0 -0.8 0 0.0186647 -0.0437167 -0.99887
13.4653 58.3853 51.439 0.69974 0.605972 -4.5 0 -0.298774 0.423878 -0.855022
65.0879 54.9543 36.7744 2.29463 0.87583 -3.9 0 0.141131 -0.272416 -0.951773
36.8582 41.1398 56.4675 1.00029 0 -3.9 0 -0.934138 0.198618 0.296543
78.192 40.105 48.032 0.791789 0.33482 -1.3 0 0.23149 0.661652 -0.713183
46.1775 32.3838 50.3695 0.122959 0 -4.5 0 -0.297352 -0.772186 -0.561526
38.378 40.1485 31.42 2.92655 0.213487 -3.9 0 -0.708612 -0.696684 -0.111806
66.5755 58.9613 60.072 -1.7702 -0.130456 -3.5 0 0.407371 0.910157 -0.0752556
16.7932 58.6434 55.732 0.67969 0 -4.5 0 -0.124858 0.279015 0.952135
24.9681 57.849 46.8467 0.335759 -0.385019 3.93634 0 -0.930021 0.260911 -0.258818
71.4688 47.9129 59.5049 0.0419451 0 -3.5 0 0.72719 -0.65274 0.212428
49.6345 48.6444 29.0462 0.77137 0.58007 -0.7 0 -0.193301 0.18897 -0.962769
54.4301 58.509 39.2277 -0.0383469 -0.112831 -0.526269 0 -0.278172 0.866078 -0.415367
67.6106 58.8262 37.2314 0.703003 0 3.8 0 0.0355228 -0.22417 -0.973902
39.5872 48.8216 59.4736 2.91817 0.670226 -3.9 0 -0.0432757 -0.177499 0.983169
25.8787 55.2938 54.9235 0.280695 0 3.8 0 0.554231 -0.438113 0.707732
55.438 52.829 53.731 0.726156 0 -0.6942 0 0.264613 0.954031 0.140732
55.5312 59.978 49.428 3.10351 0.046372 -3.9 0 0.176166 0.408993 0.895372
66.2355 39.7755 38.3298 0.482264 0 2.8 0 0.191871 0.694546 -0.693392
63.1917 56.004 37.065 1.70454 0 -3.9 0 -0.261899 -0.271067 -0.926246
59.8165 39.164 36.293 0.495908 0 4.5 0 -0.0416925 -0.837373 -0.545039
30.7365 34.4227 47.1898 -1.81511 -0.00669948 -3.5 0 0.190191 -0.666541 0.720798
10.9255 38.104 56.8923 0.305432 0 -3.5 0 0.228709 -0.410593 0.88267
70.9101 62.2417 44.6595 -0.0904415 -0.324067 0.0159518 0 0.262797 -0.0988677 0.959772
72.8165 45.616 57.8058 0.000710158 0 4.5 0 0.376714 -0.0947196 0.921474
37.2593 33.1446 47.1851 0.565383 0 -4.5 0 0.138011 -0.766634 0.627076
54.7217 61.2277 47.1031 2.56577 0.0964652 -3.9 0 -0.196283 0.961048 -0.194577
58.8069 60.9989 39.9321 0.424586 0 4.5 0 0.306476 0.792544 -0.527206
61.8105 33.6934 52.3115 -0.116111 -0.659117 -3.88696 0 0.967496 0.0286229 0.251261
45.7719 39.2925 29.7472 0.774996 0 -3.9 0 -0.568161 0.377741 -0.731098
51.0228 45.8035 29.2701 1.12262 0.866108 -3.5 0 0.778915 -0.142119 -0.610814
39.3872 33.4316 46.5337 0.404905 0 -4.5 0 0.227358 -0.580205 0.782094
24.2162 48.8605 35.6278 -0.0197696 0 -3.5 0 -0.27086 0.000650796 -0.962619
63.2011 62.1007 42.2869 0.545222 0 4.2 0 0.0944427 -0.0106755 -0.995473
14.8634 46.8003 56.0271 -1.06808 -0.0109253 -3.5 0 -0.708568 0.648535 0.27809
62.2928 58.4035 51.6587 0.441034 0 -1.6 0 -0.813185 0.156848 0.560472
65.5007 45.9692 62.114 -1.62243 -0.685761 -3.5 0 0.162574 -0.628758 0.760416
42.1862 58.7223 41.1702 1.47241 0.659898 -0.8 0 0.494451 0.844786 0.204587
46.8924 57.1711 37.8797 1.55393 0.365928 -3.9 0 -0.260251 0.90166 0.345368
60.614 34.796 59.489 1.32172 0 -3.9 0 0.560615 0.540941 0.626971
47.245 58.2354 58.5435 3.13376 0.325593 -3.9 0 0.19771 -0.236411 0.951326
15.1287 51.4751 41.8546 0.2989 0 -3.9 0 0.218698 0.189899 -0.957136
28.134 48.2347 57.737 0.38932 0 -3.5 0 0.0906391 0.791559 0.604334
64.7028 50.6087 37.397 0.59812 -0.321906 2.8 0 -0.104123 0.76782 -0.632148
65.143 33.3408 42.4774 0.150128 -0.163413 -1.6 0 0.122791 -0.949611 0.288377
12.3186 41.555 49.314 -0.293605 -0.563434 3.8 0 -0.869084 0.387939 -0.306916
35.0955 35.4504 52.008 -0.659957 -0.0948225 -0.457754 0 0.0287948 -0.956778 -0.28939
69.7645 50.4974 55.7253 0.450866 0 -3.5 0 0.101858 0.990297 -0.0945333
40.0945 54.5947 50.5531 1.48643 0.0353223 1.34465 0 -0.198702 0.926019 0.320947
24.5543 64.7213 56.0952 0.71481 0 -3.5 0 0.328659 0.590085 0.737416
24.2383 65.146 52.9688 -0.0235208 0 -3.5 0 0.201457 0.944243 -0.260424
10.7641 37.943 40.866 -0.623238 -0.93253 -0.8 0 -0.862604 -0.505872 0.00268789
18.233 57.8645 45.5309 0.0252364 0 1.22017 0 -0.93913 -0.201224 -0.278466
19.3725 38.6201 53.3177 -0.594597 -0.665618 -3.5 0 -0.397974 -0.881301 0.254803
78.9938 36.1916 46.3034 -0.20041 0 -1.3 0 0.636625 -0.323419 -0.700077
35.1946 58.0165 40.4015 0.51815 0 4.5 0 0.0265065 0.995617 -0.0896884
47.179 60.76 56.549 2.67824 0.121076 -3.9 0 -0.0687205 0.980912 0.181906
11.8352 46.0843 42.7368 0.378862 0 1.8 0 -0.695269 0.202546 -0.68962
71.8335 49.3607 50.6123 0.0859735 -0.425906 4.5 0 0.33683 0.922573 0.188161
77.2812 43.1353 44.7052 1.64305 0 -3.9 0 0.936786 -0.319284 0.143144
12.2087 35.3742 43.3003 -0.0485084 0 -3.5 0 -0.299148 -0.945592 -0.127931
55.4692 34.9538 35.2052 0.737431 0.162348 -3.5 0 0.412984 -0.343252 -0.843577
27.9662 49.5449 55.0747 0.382804 0 -3.5 0 -0.311482 0.599248 0.737483
19.3026 46.6984 56.4478 0.187353 0 -3.5 0 -0.318447 0.0676683 0.945522
72.4563 53.737 37.5154 0.644974 0 -3.5 0 0.680179 0.579856 -0.448469
21.8923 54.5591 56.7021 0.365028 0 3.8 0 -0.608912 -0.603477 0.514822
70.314 67.2445 46.5385 0.570685 0 1.9 0 0.81813 -0.399312 0.413778
24.8175 42.148 54.4965 0.237871 0 1.8 0 0.335454 -0.319297 0.886296
12.2706 58.5918 52.3821 0.837887 0.0702549 -4.5 0 -0.531114 0.836661 -0.13385
44.3225 35.9149 39.8684 0.495409 0 -3.5 0 -0.694613 0.103972 -0.71183
13.4323 51.2127 42.0397 0.389908 0 -3.9 0 -0.213442 -0.519036 -0.827674
52.1685 44.1754 30.7353 0.657279 0 -0.4 0 0.569104 0.371393 -0.733613
40.4152 40.4054 30.7304 3.25904 0 -3.9 0 0.480929 -0.599598 -0.639679
29.578 62.1208 44.4694 0.413841 0 -0.7 0 0.727102 0.552918 -0.406944
58.6896 32.733 61.0918 2.17301 0 -3.9 0 0.139237 -0.127243 0.98205
17.1138 33.9658 51.8177 0.219379 0 -1.6 0 -0.26546 -0.416649 0.869445
16.8888 49.5705 42.0513 0.164334 0 0.130867 0 0.0488225 0.626004 -0.77829
45.5916 52.2663 32.3887 0.728661 -0.220592 -1.3 0 -0.140133 0.747386 -0.649444
12.76 55.145 49.341 -0.67035 -0 -3.5 0 -0.826355 0.411972 0.383949
75.735 34.921 39.41 1.14854 0 -0.4 0 -0.150808 -0.980278 0.127715
63.095 52.6128 65.5957 0.188186 0 4.2 0 -0.460022 0.0838836 0.883936
56.9548 52.1413 58.7692 0.686643 0.189623 -4.5 0 -0.105035 0.547865 0.829947
48.8223 51.8511 29.9989 0.298452 0 -0.7 0 -0.492165 0.523649 -0.695388
17.181 45.9904 37.9654 0.124911 -0.173352 1.35569 0 -0.354735 -0.0958084 -0.930045
13.6667 47.1164 50.254 0.261475 0 3.8 0 -0.0992642 0.806348 0.583052
9.278 37.2906 52.848 -1.09276 -0.380297 -3.5 0 -0.864972 -0.199821 -0.460321
41.031 46.1968 31.2905 -0.271419 0 -3.5 0 0.0848174 -0.784639 -0.614124
74.4129 37.4048 42.7905 0.194989 -0.57463 -0.0488111 0 0.750857 -0.640515 0.161105
71.6913 33.6268 54.2007 2.70132 0.192807 -3.9 0 0.117785 -0.717439 0.686592
63.716 57.6225 54.716 6.58664e-05 -0.0300227 -0.989642 0 -0.653245 0.751105 -0.0954554
68.1783 45.0514 59.8177 -0.415399 -0.869241 -3.5 0 0.545113 -0.550191 0.632568
30.585 59.9324 47.3042 0.397673 0 -0.7 0 0.385756 0.746647 0.54195
50.3499 48.4169 57.6432 -0.158135 0 -0.8 0 -0.0738525 -0.0943794 0.992793
69.4855 57.9263 38.1323 0.847846 0 3.8 0 0.284599 -0.154349 -0.946139
22.8678 39.535 36.3325 -0.325902 -0.618787 -0.62716 0 0.668164 -0.639423 -0.380388
66.0533 40.7463 34.0827 2.84108 0.446343 -3.9 0 0.670566 -0.505291 -0.543159
80.2496 35.4909 49.7036 0.060874 0 -1.3 0 0.750328 -0.552686 0.362694
32.1833 38.3423 55.727 -0.667943 -0.436061 -0.9 0 0.17735 -0.515218 0.838509
62.1707 62.5935 42.5807 0.199201 0 -0.0379976 0 -0.333429 0.173369 -0.926698
65.2763 29.5011 44.455 0.958038 0 -3.9 0 0.537263 -0.142192 -0.831342
17.5874 36.0976 39.9726 0.890627 0.307032 1.8 0 0.21346 -0.948407 -0.234435
34.6974 53.687 55.506 1.39267 0.0108037 -0.906013 0 0.206884 -0.47942 0.852851
48.9338 57.5794 35.4621 1.46974 0 -3.9 0 0.633816 0.73357 -0.245259
58.3997 52.8527 50.8419 2.29993 0 0.486033 0 0.812218 0.455644 0.364267
22.0312 42.977 33.31 0.347821 0 -0.7 0 -0.708246 0.120964 -0.695526
15.299 48.0469 38.469 0.284771 0 1.8 0 0.0581729 0.707196 -0.70462
17.0576 59.8311 45.7033 -0.311776 -0.852726 -3.5 0 -0.875476 0.129158 -0.465683
70.1204 48.8516 38.117 0.28382 0 2.34928 0 0.438063 -0.875796 -0.202686
62.0947 49.7844 62.9185 0.0535779 -0.100766 2.60697 0 -0.720529 -0.414032 0.556251
34.5158 54.6331 38.14 0.571502 0 4.5 0 -0.011092 -0.171896 -0.985053
29.686 56.233 44.351 0.122964 0 3.15 0 0.188777 0.623367 -0.758799
63.8283 56.0429 62.288 -0.406287 -0.415384 -3.5 0 -0.878665 0.169553 0.446318
71.1 47.1437 40.503 0.283396 0 -1.6 0 0.294845 -0.224494 -0.9288
22.862 31.8358 46.0858 0.170154 0 4.5 0 -0.390375 -0.809124 0.439234
59.9996 50.6654 60.0047 0.365762 0.56698 -0.759557 0 -0.781741 -0.107267 0.614308
17.4751 60.7528 52.8799 0.388016 0 -4.5 0 -0.268543 0.914605 -0.302297
52.5526 54.4554 52.9895 0.365593 0 -0.9 0 0.539234 0.842004 -0.0159858
56.8348 31.0158 56.2605 -1.20114 -0.515523 -3.5 0 -0.796877 -0.598604 0.0816071
39.5332 39.9243 32.7632 2.20348 0.133694 -3.9 0 -0.2047 -0.973808 0.0989776
25.3962 43.8671 38.0309 -0.132957 -0.635198 -1.02186 0 0.745026 -0.220425 -0.629563
65.4729 45.7805 31.655 0.651602 0 2.8 0 -0.30474 0.0972387 -0.947459
35.3532 49.059 54.3647 1.01142 0.361972 -3.5 0 -0.114666 0.0255426 0.993076
16.7445 47.334 57.1605 -1.45244 -0.639504 -3.5 0 0.192136 0.42899 0.882639
40.7851 38.2455 43.1287 -0.415834 0 -3.0851 0 -0.264861 0.0636671 -0.962182
74.575 55.3864 42.1976 0.819333 0 -3.67508 0 0.959847 -0.0512692 0.275798
15.5278 40.6828 55.989 -1.29941 0 -3.5 0 -0.286845 -0.491293 0.822406
23.2176 52.3174 55.3171 0.395475 0 3.8 0 0.252436 -0.404473 0.879021
30.905 33.7575 44.6567 -1.36514 0 -3.5 0 0.290896 -0.952504 -0.0900897
23.0333 39.8732 55.8353 0.380354 0.878113 -3.5 0 0.73363 -0.630787 0.252773
15.1279 53.1017 49.3796 -0.226574 0 -3.5 0 -0.436965 -0.341529 0.832118
47.7416 41.1266 30.467 0.841476 0 -3.9 0 0.160284 0.465365 -0.870485
38.8659 51.3717 57.5946 0.990043 0 -3.9 0 -0.340579 0.820202 0.459647
23.8417 56.6175 42.9486 -0.525164 -0.450337 4.5 0 -0.420647 0.653706 -0.629067
22.5734 32.4678 42.8145 0.0862401 0 4.5 0 -0.0675798 -0.638831 -0.766373
67.6148 34.6561 50.7685 3.5912 0 -3.9 0 -0.428419 -0.90291 0.0348001
67.6 52.654 60.84 0.606208 0 -3.5 0 0.965198 0.00295458 0.261502
11.4392 51.2308 44.1623 0.621986 0.0307894 -3.9 0 -0.503631 -0.7481 0.432092
51.2402 45.5355 32.3988 0.162355 -0.583136 -3.04525 0 0.564629 0.666077 -0.487376
77.0329 35.0175 39.2805 0.398818 0 -0.4 0 0.517954 -0.783378 0.343572
56.728 56.25 49.871 0.542866 0 4.5 0 0.483418 0.612431 0.625487
64.5852 56.4954 62.9301 -1.3516 -0.844606 -3.5 0 -0.371101 0.115087 0.921433
59.49 56.2344 35.2996 0.329705 0 -3.5 0 0.911257 0.396528 -0.111252
36.5635 37.0368 56.1196 0.148068 0 -0.517387 0 -0.225515 -0.849628 0.476734
13.0996 55.0005 42.6441 0.655292 0 -3.9 0 0.34238 0.749215 -0.566967
33.7699 42.7966 35.7743 -0.380377 -0.676233 -0.450033 0 -0.113654 -0.793271 -0.598167
58.3115 44.0802 55.8994 -0.691898 -0.813812 -3.5 0 -0.432401 -0.798635 0.418583
23.5201 32.4219 47.2245 0.155072 0 4.5 0 -0.345896 -0.671641 0.655175
52.0132 50.3662 30.5716 -0.540731 -0.186483 -0.7 0 0.806227 -0.344486 -0.480964
62.782 63.9741 50.4275 0.900874 0 -4.5 0 -0.697773 0.669862 0.253767
31.6331 40.8631 42.924 -0.108525 0 1.27299 0 -0.604711 -0.795894 0.0296204
45.7861 56.9647 37.7894 1.22581 0.927049 -3.78479 0 -0.455299 0.871411 0.182608
36.0531 54.2829 55.574 -0.227738 -0.933448 -0.8 0 0.333077 -0.0435716 0.941892
54.12 43.2375 32.671 -6.1291 0 -0.4 0 0.823025 -0.35313 -0.444892
12.5201 36.893 45.7549 1.31662 0.815728 -3.5 0 0.0395732 -0.712032 0.701031
70.91 34.2378 50.2515 -0.659551 -0.515643 -3.58911 0 -0.60175 -0.743599 -0.291476
11.6759 41.5629 51.1872 0.062864 0 3.8 0 -0.995858 0.0909202 0.000159716
28.5979 33.4401 45.325 -0.264318 0 -3.5 0 0.254404 -0.966481 -0.0345496
33.0586 41.55 55.971 0.354975 0 -0.9 0 0.523595 -0.012946 0.851869
33.8438 40.53 55.2482 0.0989638 -0.914077 -0.8 0 0.346996 -0.0514689 0.936453
12.3022 56.8205 54.5585 0.428301 0 -4.5 0 -0.769652 0.226179 0.597058
73.699 58.5985 43.9388 0.568326 0 -3.9 0 0.0103834 -0.468777 0.883255
23.5974 56.9199 58.454 0.278931 0 3.8 0 0.346749 -0.0102147 0.937902
43.8015 40.8102 58.301 0.406335 0 2.8 0 -0.0589239 -0.484887 0.87259
45.5344 51.7651 55.1276 0.872236 0 -0.8 0 -0.239718 0.627225 0.741029
20.4317 50.6584 41.7993 0.205059 0 1.8 0 -0.566579 0.610966 -0.552909
35.7228 38.0277 46.2513 -1.45028 0 -3.5 0 0.715453 0.510809 -0.476655
58.2626 35.5516 39.682 -0.461013 -0.781658 -3.5 0 0.893273 0.00100111 -0.449514
16.0742 56.9744 46.6705 0.0573998 0 -3.5 0 -0.0988528 0.470596 -0.876794
39.3242 36.528 57.9805 0.321474 0 -1.3 0 -0.193729 -0.920621 0.339007
25.4769 32.0399 43.6468 0.0757696 0 4.5 0 0.471753 -0.406412 -0.782483
50.347 55.982 55.3075 0.163649 -0.706663 -3.9 0 0.689393 0.035883 0.723499
37.9301 59.362 39.4966 3.72007 0 -0.8 0 -0.305219 0.947839 0.0918817
71.6407 69.3542 46.0342 0.410624 0 1.9 0 0.928886 -0.322519 -0.182079
50.5711 37.6857 55.9193 0.232996 0 2.8 0 0.310375 0.262969 0.913518
18.1248 60.0157 55.1678 0.477463 0 -4.5 0 -0.281946 0.654852 0.701196
48.6735 60.9469 53.8285 0.895339 0.181842 -3.59286 0 0.33324 0.797072 0.503615
20.5053 44.7205 56.5375 0.275962 0 -3.5 0 -0.424917 -0.162236 0.890576
34.5251 34.0711 45.6481 0.445877 0 -4.5 0 -0.670958 -0.740152 -0.044606
14.8792 36.3498 45.5218 0.926633 0 -3.5 0 -0.256732 -0.311745 0.914824
53.3946 49.9793 59.0886 0.308889 0 -0.9 0 -0.0300665 0.0926894 0.995241
14.5293 50.8954 47.8761 0.220178 0 1.8 0 -0.956839 0.150696 -0.248495
12.0927 46.2832 46.461 0.280118 0 1.8 0 -0.715922 0.456931 0.527892
43.095 41.1567 35.3485 0.951679 0 -3.9 0 0.639982 -0.708786 -0.296725
18.7857 39.0581 54.6926 -0.537269 -0.428231 -3.5 0 -0.43118 -0.8698 0.239857
64.867 33.2098 39.3786 0.868531 0 -1.6 0 0.133623 -0.801718 -0.582575
58.1604 30.0287 42.4797 0.423674 0 -3.5 0 -0.31284 -0.58472 -0.748487
30.6719 36.2601 47.9598 -0.16595 0.71268 0.936068 0 0.217525 -0.50114 0.837581
25.6454 50.7915 38.1454 -0.318188 0 -3.5 0 0.364742 0.894345 0.259058
41.9745 40.773 33.3535 1.0216 0 -3.9 0 0.734683 -0.601325 -0.314084
38.9868 46.1167 53.9482 1.54565 0.871377 -3.9 0 -0.456057 0.572981 0.680959
18.1003 39.621 55.367 0.408432 0 -3.5 0 -0.332613 -0.835815 0.436787
33.5579 41.1715 38.3666 0.511745 0 3.8 0 -0.759227 -0.366939 -0.537523
63.431 52.6608 38.4173 0.981683 0 2.8 0 0.22901 0.0120601 -0.973349
60.9108 35.0376 41.4538 -0.415719 0 -1.7152 0 -0.326274 -0.753333 -0.570994
29.9595 39.2648 45.2215 -0.0295389 0 1.8 0 0.0699229 -0.195713 -0.978165
49.1468 58.107 45.3444 0.355103 -0.12788 -3.30718 0 0.0329987 0.85975 0.509647
68.8458 38.4506 35.9775 0.136092 -0.100176 -0.8 0 -0.456145 -0.203809 -0.866253
57.7412 40.4963 56.4605 -0.485656 0 -3.5 0 0.0375182 0.608912 0.79235
63.0752 30.8069 49.7161 0.501335 0 -3.9 0 0.576205 -0.232914 0.783415
48.2477 36.4297 47.175 0.883697 0 -4.5 0 0.0326721 -0.842539 -0.537644
68.036 42.949 36.2637 0.693235 0 2.8 0 0.490483 -0.520757 0.698741
63.0313 29.8617 49.2521 0.588587 0 -3.9 0 0.428261 -0.396051 0.812242
47.4692 39.8425 29.9599 1.14623 0 -3.9 0 0.10238 0.342526 -0.933913
72.8443 34.0952 51.1948 0.401608 0 -3.79666 0 0.699258 -0.704662 0.120374
48.7866 41.6928 55.5061 0.898959 0 -1.6 0 0.203204 -0.126076 0.970986
32.2583 54.7366 39.8267 0.674564 0 4.5 0 -0.748189 0.487242 -0.450343
30.3813 57.6073 53.408 0.397106 0 3.8 0 0.319279 0.576032 0.752494
71.7894 49.798 54.7706 -0.686519 0 -3.5 0 0.077374 0.827003 -0.556848
53.8089 43.633 59.055 0.156865 0 -0.7 0 -0.28779 0.392673 0.87349
25.6049 46.5889 57.8983 0.796278 0.432817 -3.5 0 0.12735 0.278886 0.951843
55.6399 49.2519 32.8327 0.245268 0 4.2 0 0.0461186 0.660333 -0.749556
75.5831 45.9615 46.7707 0.620096 0 -2.66477 0 0.917719 0.350939 -0.1861
53.4437 33.2304 47.9972 0.940318 0 -4.5 0 -0.241875 -0.969414 0.0416193
14.5241 41.2788 55.4925 -0.61363 -0.831091 -3.5 0 -0.439944 -0.296823 0.847553
63.9729 47.4835 34.0942 0.471802 0 2.8 0 -0.191161 0.470486 -0.861453
67.5779 51.8602 53.7077 0.452478 0 -0.904744 0 0.760635 0.433261 0.483445
66.5968 49.8424 63.3872 0.706989 0 -3.5 0 0.564339 0.0820083 0.82146
66.735 62.9798 41.4753 0.323159 0 -0.8 0 -0.598749 0.20259 -0.774892
53.6215 33.1222 46.5021 1.0492 0 -4.5 0 -0.261943 -0.93675 -0.232134
46.5075 34.4884 54.0751 0.201026 0 -0.741429 0 -0.155785 -0.731406 0.66391
73.8863 54.3228 40.609 1.40334 0 -3.09668 0 0.787666 -0.210044 -0.579192
79.8366 36.8651 46.8549 -0.143402 0 -1.3 0 0.597808 -0.301209 -0.742899
73.9358 43.8298 54.199 0.182166 0 4.5 0 0.929118 -0.161618 0.332595
25.758 38.704 51.6495 0.0900109 0 -0.67905 0 -0.240563 -0.76429 0.598323
35.1838 57.9886 42.9689 0.191863 0 -0.8 0 0.120534 0.869225 -0.4795
31.1985 59.19 49.5926 0.558407 0 3.8 0 -0.192793 0.952618 0.235265
68.3505 61.0085 39.593 0.849604 0 3.8 0 -0.0149025 0.827929 -0.560635
45.9482 60.4944 54.9336 1.62676 0 -3.9 0 -0.592245 0.804545 -0.0441846
19.8095 61.3085 47.4115 0.541643 0 -3.5 0 -0.0616364 0.981847 -0.179383
65.8823 37.7154 37.8 0.0627683 0 -0.8 0 -0.0176014 -0.311663 -0.95003
48.7371 42.2356 31.412 1.44516 0 -2.9345 0 -0.106962 0.149742 -0.982922
74.932 62.2555 42.0325 0.653829 0 -3.9 0 0.790267 0.609738 0.0608125
54.378 57.1802 37.2407 0.0110573 0 -0.8 0 -0.377838 0.688266 -0.619297
45.7295 32.1705 51.3475 0.556893 0 -4.5 0 -0.27047 -0.931556 -0.243
14.9959 35.0354 42.9396 0.65945 0 -3.5 0 -0.32826 -0.927858 -0.176985
56.189 34.0598 37.0179 -0.0582662 -0.385098 -3.5 0 0.531497 -0.376007 -0.759033
60.6686 48.0605 58.3702 -0.0968585 0 -0.9 0 -0.421748 -0.463174 0.779486
66.3564 57.9201 37.6526 0.951817 0 3.8 0 -0.145947 -0.00604885 -0.989274
45.3796 39.9607 57.3924 -0.0966338 -0.200359 -0.403768 0 0.167341 -0.186738 0.968053
43.512 44.5625 33.1965 0.573298 -0.953775 -0.7 0 -0.160717 -0.118002 -0.979921
28.2873 52.6563 39.7438 1.19093 0 -4.5 0 -0.728338 -0.390866 -0.562803
11.6641 43.2351 51.0348 0.253592 0 3.8 0 -0.973272 -0.228309 -0.0248404
19.2377 54.9955 53.6235 0.746501 0 -3.9 0 -0.0842596 0.113403 0.98997
18.6246 60.3668 49.9995 0.589845 0 -3.5 0 -0.812983 0.569378 0.121931
18.4513 38.2778 36.7206 0.285523 0 1.60561 0 -0.119647 -0.354234 -0.927471
41.6821 52.5854 54.5081 1.01975 0 1.18558 0 0.321214 0.289774 0.901583
17.3795 35.635 51.7212 0.275677 0 -1.6 0 -0.194207 0.208613 0.958522
49.1716 34.1674 50.4707 0.703667 0.157376 -3.80831 0 0.53654 -0.604685 -0.588626
36.4585 35.134 52.4215 -0.092328 -0.073997 -0.4 0 -0.0996125 -0.939941 -0.326479
63.2388 66.633 42.7887 0.475949 0 4.2 0 0.17411 0.703539 -0.688998
71.5853 43.5774 39.7001 0.449567 0 -0.7 0 0.4144 0.197512 -0.888404
66.0485 49.9746 64.4009 0.357702 0 4.2 0 0.860411 -0.0498845 0.507153
22.1234 53.3534 55.7127 0.40231 0 3.8 0 -0.516334 -0.495844 0.698239
32.2401 50.7186 54.2358 1.42226 0 -3.5 0 0.455636 -0.347063 0.819722
28.4541 37.3826 48.3223 0.276031 0 -3.5 0 -0.137071 -0.598021 0.789672
20.1144 33.4789 43.124 0.0911057 0 4.5 0 -0.135169 -0.641261 -0.755323
63.8566 32.6316 41.8519 0.46157 0 -1.6 0 0.371284 -0.928509 0.00429467
49.6555 50.8719 29.4076 0.267309 0 -0.7 0 -0.156922 0.174508 -0.972071
20.7988 50.0793 54.6272 0.83463 0 3.8 0 -0.249577 -0.122163 0.960618
34.3579 52.1103 53.9696 0.745292 0.187417 -1.38041 0 0.184889 -0.503139 0.844196
66.1681 48.6271 63.6073 0.365878 0 -1.86406 0 0.299608 -0.425115 0.854115
58.7353 54.2268 33.3129 0.254704 0 -3.5 0 0.611054 -0.24139 -0.753886
28.0758 48.6745 56.2713 0.493154 0 -3.5 0 -0.0236492 0.889469 0.456384
38.3105 39.7607 45.0495 0.0900031 0 -0.9 0 -0.702323 -0.653096 -0.283209
64.0176 49.7635 65.6024 0.183493 0 4.2 0 -0.241792 -0.24071 0.939997
66.867 34.9285 38.8198 0.611399 0 -0.7 0 0.324507 -0.425621 -0.844714
65.7712 32.9602 41.2149 0.481696 0 -1.20711 0 -0.130645 -0.991332 -0.0139134
52.0735 49.1305 31.701 0.567137 -0.611369 -0.7 0 0.696435 -0.383228 -0.606724
60.82 29.2805 47.2195 0.628749 0 -3.9 0 -0.35364 -0.92347 0.148805
65.7087 39.3162 37.2062 0.55538 0 2.8 0 0.664061 -0.0934543 -0.741815
11.9206 35.6139 44.4351 0.644234 0 -3.5 0 -0.384852 -0.819588 0.424459
21.2 55.776 42.4338 0.281695 0 3.8 0 0.398976 0.246444 -0.883223
52.8332 35.1732 42.3903 -0.121944 0 1.35443 0 -0.144492 -0.958321 0.246459
68.073 45.752 33.854 -0.313407 0 2.8 0 0.862015 0.186473 -0.471337
46.5947 55.0464 34.7166 2.17444 0 -3.9 0 -0.199428 -0.193238 -0.96067
39.987 46.6187 57.4372 1.41165 0.850077 -3.9 0 -0.169267 -0.868732 0.465461
57.662 60.02 48.027 0.597065 -0.688539 -3.60681 0 0.0986763 0.836768 0.538592
20.2655 61.0546 45.9977 0.521132 0 -3.5 0 0.178949 0.950489 -0.254062
65.3734 35.1059 45.9319 0.519093 0 3.8 0 0.678607 -0.650355 0.341366
68.2473 40.4668 38.7533 0.934374 0 -0.8 0 -0.288683 0.839475 -0.460373
62.5711 53.0849 37.9362 0.868164 0 2.8 0 0.378571 0.154848 -0.912527
16.2137 54.2271 50.5924 0.659541 0 -3.5 0 -0.540273 -0.0550012 0.83969
11.1757 51.8291 42.7915 1.91299 0.0141331 -3.9 0 -0.441031 -0.744295 -0.501514
17.2073 36.8831 51.0358 -0.123958 0 3.95893 0 -0.00238052 0.0673909 0.997724
44.2784 53.7257 54.0638 1.10063 0.00667202 -0.512136 0 -0.265378 0.0392243 0.963346
29.4744 61.5544 47.5245 0.0992182 0 -0.7 0 0.820112 0.398637 0.410493
66.5027 41.9081 39.0545 1.08663 0 2.67273 0 0.616169 -0.285503 -0.734046
30.4561 48.5568 56.0394 0.481796 0 -0.9 0 -0.127047 0.769983 0.625288
26.9748 43.1664 39.1149 -0.165116 0 -3.5 0 0.371323 -0.287954 -0.882724
34.7793 56.0666 52.2845 1.37 0 0.907826 0 0.0200013 0.753514 0.657128
27.4766 42.1994 52.9084 0.104806 0 0.52446 0 -0.0178845 0.110234 0.993745
46.2031 36.5918 56.3965 -1.42189 -0.371774 -2.86486 0 0.0672944 -0.550711 0.831979
61.9964 57.3004 49.7748 1.36392 0 -1.6 0 -0.94235 -0.334604 0.00395622
45.1945 35.878 38.8055 0.531792 0 -3.5 0 -0.73249 0.30478 -0.608743
58.0327 32.9455 40.5511 -0.135013 0 -3.5 0 0.847729 -0.456528 -0.270069
23.4888 58.681 56.9801 0.288674 0 3.8 0 0.418953 0.639382 0.644724
61.9511 46.9753 59.817 -0.0729222 0 -0.4 0 -0.905162 -0.175713 0.387049
65.7473 57.3071 55.5986 -0.402019 -0.504711 -1.53609 0 0.561593 0.71265 0.42041
45.4269 41.2201 57.8942 0.177125 0 2.8 0 0.49125 -0.384696 0.781462
37.7201 54.7228 51.9809 2.07627 0.05375 -0.8 0 0.70148 0.712127 0.0282841
31.943 40.0605 44.4683 -0.0536654 0 1.8 0 -0.706797 -0.433326 -0.559166
21.2487 55.8132 56.4454 0.356277 0 3.8 0 -0.962118 -0.222049 0.158186
44.7889 56.709 42.8433 0.0865282 0 -0.9 0 0.00213096 0.905403 -0.424548
62.801 35.5484 58.6776 0.303183 0 3.8 0 -0.0549324 -0.538846 0.840612
33.317 34.8794 45.6146 -0.159041 0 -4.5 0 -0.328 -0.94298 -0.0566166
72.6849 58.1814 43.1527 1.19425 0 -3.9 0 -0.120663 -0.361788 0.924419
61.0354 55.2028 55.0493 0.960848 0 -0.9 0 -0.639475 0.587074 -0.496404
53.6032 40.1467 36.9307 -1.29701 0 0.31205 0 0.0882944 0.136733 -0.986665
28.1051 33.9618 44.0952 -0.219065 0 -3.5 0 -0.0560996 -0.648309 -0.759308
52.1898 32.3117 54.522 0.621447 0 -3.5 0 0.191203 -0.938963 0.285988
43.0971 55.3559 53.9549 1.04982 0 -0.969161 0 -0.257914 0.127771 0.957682
25.4537 43.8219 35.8271 -0.365137 0 -0.7 0 0.991012 0.0262272 0.131179
15.673 37.421 47.0826 0.681117 0 4.2 0 -0.807986 -0.587688 -0.0422057
21.3808 34.5341 50.0228 0.499664 0 0.222234 0 0.490859 -0.844234 0.215234
12.967 46.0754 42.1193 0.793362 0 1.8 0 -0.763464 0.219221 -0.607508
36.8534 36.9729 44.9104 0.0683596 0 -4.5 0 0.12572 0.961351 -0.244944
68.4622 53.7069 47.1734 0.578431 0 -1.3 0 0.938052 0.174792 -0.299175
41.7397 57.0807 48.2808 0.363313 -0.673878 -3.5 0 -0.840007 0.541995 0.0250793
24.5866 52.0731 39.5754 0.467925 0 3.3398 0 0.397501 0.41479 -0.8185
48.2396 58.8871 40.5086 0.836518 0 -0.7 0 -0.841396 0.529409 -0.108528
36.2314 58.0016 42.6416 -0.477467 -0.0217627 -0.8 0 -0.0404045 0.999038 0.0170574
71.374 47.1315 61.21 -0.342543 0 -3.5 0 0.572443 -0.740818 -0.351423
65.0725 53.6869 64.6428 0.247206 0 4.2 0 0.654004 0.598573 0.462589
77.4519 36.3094 50.6976 -0.344876 -0.313655 1.62832 0 -0.203971 -0.57435 0.792791
12.3579 37.0259 54.7335 0.51277 0 -3.5 0 0.331924 -0.833831 0.44108
65.4435 57.5665 58.319 0.010897 0 -3.5 0 0.201725 0.641411 -0.740202
55.3653 32.1021 47.5138 0.663677 0 -0.4 0 -0.92068 -0.389104 0.0307561
22.5639 40.8143 56.695 0.408327 0 -3.5 0 0.726504 0.0628167 0.684285
39.345 32.812 45.65 0.541523 0 -4.5 0 0.122864 -0.870209 0.477117
71.8566 46.462 40.527 0.462119 0 -1.6 0 0.218839 -0.0535566 -0.97429
28.1672 59.8753 43.4201 0.337718 0 -0.7 0 -0.0476089 -0.220847 -0.974146
76.7113 44.9939 44.4011 1.86433 0 -3.9 0 0.686035 0.7253 -0.057401
26.8985 38.4479 51.9832 0.0138234 0 -0.9 0 -0.556938 -0.823775 0.105902
47.816 43.0985 55.78 0.457023 0 -0.532699 0 0.456427 -0.126869 0.880669
72.985 62.2326 38.8737 0.425984 -0.962069 -0.8 0 0.460173 -0.705875 -0.5385
22.4487 49.8491 55.3774 0.549535 0 3.8 0 -0.148719 0.42739 0.891751
11.1459 53.4808 45.2993 1.25157 0 -3.9 0 -0.600467 -0.313853 0.735483
12.7718 37.816 46.9605 2.22419 0.0453074 -3.9 0 0.337293 -0.929479 0.14934
66.8959 36.6605 47.782 1.20213 0 3.8 0 -0.0271891 -0.992099 -0.122478
25.756 38.2709 37.6721 -1.48718 -0.311342 -3.5 0 -0.157012 -0.850982 -0.501175
51.5891 49.2466 57.9506 0.111611 0 -0.880164 0 -0.431215 -0.110966 0.895399
14.6449 50.1921 46.8286 0.718537 0 1.8 0 -0.982327 0.167806 0.082912
72.8526 66.0612 40.6526 0.263697 0 -0.8 0 0.247756 0.946804 0.205375
36.486 50.947 38.788 0.541048 0 -3.5 0 -0.771677 0.264298 -0.578499
26.424 35.7144 42.3015 -0.405145 0 -0.7 0 0.641335 -0.711316 -0.28761
38.0098 40.8103 32.3932 2.24575 0 -3.9 0 -0.839468 -0.53961 -0.0641473
55.0902 50.1343 58.7828 0.274814 0 -4.00026 0 -0.149093 -0.0475769 0.987678
48.082 51.6685 31.2355 0.207576 0 -0.7 0 -0.488043 0.801226 -0.346193
26.4119 58.487 44.0345 0.362456 -0.0971236 1.89568 0 -0.294273 0.689636 -0.661669
46.9458 43.6797 56.906 0.330944 0 2.8 0 0.746758 0.151774 0.647548
16.3731 59.596 54.796 0.933531 0 -4.5 0 -0.3497 0.697154 0.625848
49.9481 38.1894 35.9463 0.711998 0 -3.5 0 -0.473907 -0.743213 -0.472278
33.9907 49.6771 37.9136 0.567815 0.114606 -4.5 0 0.785623 0.534187 -0.312154
46.4095 33.5944 53.507 0.320892 0 -4.5 0 0.176858 -0.442846 0.878981
53.4352 57.8911 38.2518 0.117823 0 -0.8 0 -0.173601 0.75509 -0.632219
47.766 35.9549 36.0002 1.20902 0.440671 -3.5 0 0.187777 0.416384 -0.889587
16.7338 55.2622 45.1256 0.129246 0 -3.5 0 -0.493503 0.759721 -0.423414
38.1795 48.4385 55.7033 1.21172 0 -3.9 0 -0.534205 -0.838466 0.107704
35.0489 40.358 43.216 0.117011 0 3.30806 0 0.67267 -0.737042 -0.0654559
63.9699 45.3307 61.0311 -0.158334 -0.0335695 -3.5 0 -0.340459 -0.475538 0.811142
57.8826 52.5906 53.4841 3.43672 0 -4.5 0 0.403654 0.912869 -0.0611082
49.1505 36.6758 46.3563 -0.431796 -0.459284 -4.5 0 -0.145208 -0.980919 -0.12928
56.5433 31.5557 59.0939 0.96597 0 -3.9 0 -0.663528 -0.728372 0.170897
48.7825 40.4575 55.3423 0.318395 0 -1.6 0 0.296749 -0.0138621 0.954855
68.7588 32.811 40.8613 0.294748 -0.103747 -0.7 0 0.26351 -0.827325 -0.496081
79.3391 40.9847 49.4239 0.278873 0.14482 -1.3 0 0.278277 0.765675 -0.579917
15.8676 34.4734 49.7777 0.773287 0 -1.6 0 -0.880165 -0.474616 0.00703538
16.4404 53.7215 53.1548 0.59488 0 -3.9 0 -0.933954 0.0769927 -0.349001
35.0055 38.4508 44.2355 0.137719 0 0.53688 0 0.867732 0.302142 -0.394653
10.9998 39.634 53.0555 0.509826 0 -3.5 0 -0.658149 0.674118 -0.335267
37.8631 57.4104 50.265 1.05379 0 -0.7 0 0.713877 0.182488 0.676075
45.539 41.8987 34.7471 0.872586 0 -0.7 0 -0.543292 -0.830562 0.122477
62.37 41.884 33.397 1.07597 0 -3.9 0 -0.367742 -0.34559 -0.863327
79.4015 34.1659 49.531 0.189206 0 -1.3 0 0.598723 -0.619513 0.507676
40.8823 36.337 49.0835 0.200282 0 4.2 0 -0.0131564 -0.800098 0.599725
61.8911 57.9126 38.3506 0.581955 -0.115837 2.66274 0 -0.149701 0.683782 -0.714166
75.4365 56.116 41.0978 0.83896 0 -3.9 0 0.791265 -0.61115 0.0199043
36.3783 43.5645 34.8205 0.290735 0 -0.8 0 0.0824732 0.14768 -0.985591
16.5659 37.9626 51.5276 0.361995 0 0.932252 0 0.368757 -0.439528 0.819045
14.9269 45.85 52.4389 0.207112 0 2.75019 0 -0.384878 0.908535 0.162581
63.0472 51.1398 65.112 0.230138 0 4.2 0 -0.601784 -0.14804 0.784818
65.869 36.5575 48.8075 0.809352 0.00647284 -2.61121 0 -0.15377 -0.959581 0.23571
68.8932 58.7524 47.0136 0.723774 0 -4.5 0 0.901707 -0.074125 0.425946
68.5096 67.6091 47.5844 0.699201 0 1.9 0 0.218018 -0.114677 0.969184
37.2972 53.8906 54.6125 0.186978 0 -0.8 0 0.605516 -0.0618219 0.793428
68.2396 54.3005 54.0261 0.582633 0 -3.9 0 0.440894 -0.678699 0.58735
64.2192 31.9376 45.293 0.847779 0 -3.9 0 0.888902 0.274441 -0.36679
20.6446 61.5647 53.4564 0.274122 -0.425691 -4.06906 0 -0.327823 0.940301 0.0914681
20.867 56.4685 55.7305 0.347657 0 3.8 0 -0.836316 -0.308555 0.453178
57.1976 37.2672 58.7047 0.306596 0 -3.9 0 0.636116 0.50208 0.585894
53.2542 45.8016 57.709 0.159538 0 -0.751827 0 -0.201022 0.0503334 0.978293
58.4245 35.826 59.463 0.42214 0 -3.9 0 0.389691 0.662138 0.640089
75.9821 44.7612 41.9622 3.10668 0.259921 -3.9 0 0.472632 0.436452 -0.765591
58.8541 41.6217 56.243 -0.470233 0 -3.5 0 -0.537401 0.352014 0.766346
48.1692 57.8537 37.6933 1.26788 0 -2.72263 0 -0.130616 0.954558 -0.267879
60.5949 32.4646 53.5461 -0.0845096 0 -3.5 0 0.907948 -0.266461 0.323463
72.6866 55.7529 42.9292 1.35147 0 -3.79192 0 -0.05316 0.235174 0.970498
27.9799 51.1292 54.2818 0.192487 0 -3.5 0 -0.507132 0.313478 0.802838
20.2346 44.7975 36.3008 0.540643 0.0235356 -0.7 0 -0.687659 -0.472184 -0.551514
44.1791 58.7811 49.4653 0.821477 0 -3.5 0 -0.468075 0.846927 -0.252229
75.4193 35.4569 45.5627 0.538669 0 -1.3 0 -0.286733 -0.308261 -0.907061
18.2207 54.0371 42.9263 0.220007 0 3.8 0 -0.195416 -0.507353 -0.839289
71.2347 54.084 37.7928 -0.0121188 -0.472352 -3.5 0 -0.00870674 0.700146 -0.713947
41.8973 43.6211 56.2704 0.448713 0 -3.9 0 0.23319 0.72278 0.650547
26.5028 51.3905 53.4268 -0.0178634 0 0.839991 0 -0.0861645 0.442828 0.892457
49.4598 60.5227 39.5801 0.488069 0 -0.7 0 -0.542388 0.73152 -0.413151
47.533 33.4943 53.012 0.503101 0 0.278246 0 -0.0672002 -0.66638 0.742578
65.9531 59.5611 51.2718 0.865861 0 -1.6 0 0.713554 0.652104 0.256127
39.253 54.948 45.9985 1.04174 0.646987 -2.8021 0 0.0616538 0.712638 -0.698817
10.3121 38.4231 48.8216 3.49744 0 -3.9 0 -0.617556 -0.384448 0.686167
70.4918 52.3841 35.7801 0.833896 0 -3.5 0 -0.0551746 0.681487 -0.729747
43.0109 50.1899 56.2824 1.03615 0 -2.53194 0 0.34355 0.516818 0.784138
31.1127 57.8995 45.5124 0.472935 0.49827 -0.786212 0 -0.0929856 0.299625 -0.949515
50.8257 34.9258 44.5169 0.455709 0 1.8 0 -0.134167 -0.918839 0.371127
69.2231 64.7911 46.8081 -0.394139 -0.907232 -0.8 0 0.553593 -0.126816 0.823075
42.8486 37.5394 56.6101 0.105128 0 -1.3 0 0.342078 -0.266908 0.900968
65.8627 35.253 45.0574 0.19418 -0.141594 2.00926 0 0.632172 -0.636478 0.441875
34.3602 37.565 55.5283 1.10919 0.189503 -0.4 0 -0.343255 -0.24191 0.907555
52.0949 38.6306 34.9619 -0.59834 0 -3.5 0 0.528344 -0.146922 -0.836221
17.1487 56.1157 46.246 0.322335 0 -3.41231 0 -0.249694 0.624288 -0.740214
75.747 46.4195 51.327 0.153484 0 4.5 0 0.888901 0.205744 0.409297
40.6867 36.5565 57.5311 0.246509 0 -1.3 0 0.345957 -0.881714 0.320772
18.709 45.7095 36.6314 0.581577 -0.297881 -0.7 0 -0.605989 -0.396136 -0.689822
71.878 37.77 37.136 0.352931 -0.992183 -0.8 0 0.677746 -0.537287 -0.501979
74.9756 45.7043 42.0257 1.05855 0.432296 -2.74952 0 0.576408 0.262021 -0.774015
60.3862 37.5274 57.4825 0.184607 0 -2.67635 0 -0.43657 0.239994 0.867069
71.1105 55.1551 43.05 0.768457 0 -1.6 0 0.0752508 0.259855 0.962711
33.5243 51.0105 39.017 0.832176 0.0865373 -4.5 0 0.857475 0.0384824 -0.513084
37.1297 47.2067 53.4024 0.918699 0 -3.5 0 0.102989 -0.116941 0.987784
19.2875 47.95 55.845 0.623771 0.109062 -3.64017 0 0.218128 0.401405 0.889547
40.3545 55.0687 46.1582 1.2936 0.738838 -3.5 0 -0.299717 0.841967 -0.448623
48.1986 32.8683 37.077 0.874563 0 -3.5 0 0.585757 -0.464786 -0.663975
75.4971 37.4002 45.2623 0.280419 0 -1.07761 0 0.331892 -0.015969 -0.943182
46.502 46.6003 56.8794 0.566379 0 -0.8 0 0.100729 -0.324299 0.940576
67.5909 65.7278 47.7891 0.711022 0 1.9 0 0.46914 0.174052 0.865802
47.7319 35.598 47.8633 1.4532 0 -4.5 0 0.290623 -0.644235 -0.70746
66.064 68.2521 44.6841 0.41857 0 1.9 0 -0.472597 0.601993 -0.643628
66.7375 41.3785 35.423 0.902563 0.602164 -3.9 0 0.789269 -0.573717 0.218867
61.148 53.7635 60.2375 -0.309987 -0.042039 0.633773 0 -0.757772 0.502192 0.416635
21.5013 58.3398 45.4709 0.356556 0 -2.00382 0 0.862995 0.502404 -0.0531996
36.7833 40.8938 57.5994 1.70644 0.122849 -3.54789 0 -0.970959 0.226398 0.0773418
74.0979 61.0701 43.9993 0.628898 0 -3.9 0 0.610955 0.0605652 0.789346
49.9736 44.5739 55.7571 0.779231 -0.340965 0.301652 0 -0.415142 -0.30797 0.856044
74.3139 42.1266 40.7254 1.03323 0 2.5 0 0.642204 0.453728 -0.617822
25.4272 56.3629 40.9077 0.291858 0 1.8 0 -0.556482 0.763467 -0.327789
18.7369 61.5091 53.0424 0.23127 0 -4.5 0 -0.39566 0.91237 -0.105043
56.956 30.4963 54.1515 0.0550597 0 -3.5 0 -0.717761 -0.689604 -0.0962635
44.6196 50.844 32.6418 -0.15224 -0.757885 -1.3 0 -0.720866 0.0114142 -0.69298
50.5703 46.292 31.138 0.383099 -0.274606 -3.5 0 0.946681 0.321039 -0.0269818
67.8098 51.6162 60.741 0.735497 0 -3.5 0 0.831684 0.335967 -0.442073
25.1669 60.4081 49.3904 0.224841 0 3.8 0 -0.392535 0.808518 -0.438424
51.8092 37.3659 55.6047 -0.019757 0 2.8 0 -0.0407744 0.122705 0.991605
22.9342 54.9221 57.2702 0.333869 0 3.8 0 0.117429 -0.646649 0.753695
31.8728 57.1521 53.5121 0.549428 0 3.8 0 0.471271 0.640273 0.606593
26.5388 51.0179 37.4408 -1.54793 -0.143965 -3.5 0 -0.012419 0.893672 0.448549
81.7133 38.2451 48.8423 -0.429179 0 -1.3 0 0.842768 0.287548 -0.455037
28.7329 44.0303 57.6429 -1.16544 -0.285002 -3.05148 0 -0.341994 -0.639217 0.688797
60.4366 52.3191 54.0566 2.09941 0 -1.44941 0 -0.186908 0.807243 -0.559843
15.9576 49.4954 55.8555 3.3334 0 -3.9 0 -0.675172 0.125262 0.726947
13.6799 37.9345 48.2341 0.642196 0.078619 2.25622 0 -0.0179771 -0.92512 -0.379248
14.2404 45.7179 56.2564 -0.246661 0 -3.5 0 -0.780442 0.244939 0.575252
65.193 39.552 35.082 3.12897 0 -3.9 0 0.414318 -0.851753 -0.320715
49.3027 38.6113 32.4259 1.20058 0 -3.9 0 0.91486 -0.393295 0.0913785
11.5623 38.2787 50.8724 0.127243 0 -3.5 0 -0.818715 -0.45765 -0.346787
9.57475 38.9431 47.7063 3.66408 0 -3.9 0 -0.924448 -0.00372878 0.38129
52.4171 59.5562 44.7758 0.938113 0 -3.9 0 -0.485446 0.868858 0.0970978
73.4146 35.0174 52.0317 1.94019 0.277258 -3.9 0 0.971052 -0.054551 0.232557
67.1125 64.6526 48.4979 0.595542 0 -3.33675 0 0.692255 0.408798 0.594699
51.1109 34.8476 47.1744 0.786211 0 -4.5 0 -0.797392 -0.584711 -0.149265
31.8318 37.2557 49.661 -0.12744 0 -0.9 0 -0.0464139 -0.947751 -0.315616
64.2211 29.6057 48.5714 1.01185 0 -3.9 0 0.299353 -0.246674 0.921705
72.9566 50.416 57.018 -1.61474 0 -3.5 0 0.248698 0.955033 0.161437
74.6895 43.7625 52.9625 0.122862 0 4.5 0 0.766518 0.135084 0.627855
15.6869 38.9055 37.7152 0.829842 0 1.8 0 -0.490128 0.190795 -0.850513
57.3201 59.9246 45.8641 0.95972 0 -1.51171 0 0.0822919 0.988515 0.126749
21.9464 60.8322 48.5439 0.268958 0 -3.5 0 0.529417 0.781443 -0.330249
73.5654 47.7695 45.6676 0.651221 0 -1.6 0 0.88665 0.460935 0.037294
12.952 46.3602 48.6912 0.242878 0 3.8 0 -0.624676 0.658342 -0.419959
52.792 41.4476 33.2576 0.530797 -0.50458 -2.2955 0 0.788449 -0.614065 -0.0356596
44.421 41.972 58.4453 0.328854 0 2.8 0 -0.099519 0.10895 0.989053
60.3295 31.0388 56.7952 -1.59474 -0.191435 -3.5 0 0.730695 -0.206629 0.650684
63.1041 63.8164 48.5481 0.293364 0 -3.52967 0 -0.802056 0.579862 0.143062
54.8049 56.7397 36.0353 -0.314385 -0.116983 -3.3572 0 -0.784177 0.615861 -0.0760323
40.8876 43.044 32.4025 1.55452 0 -3.9 0 0.341859 0.618889 -0.707184
16.8254 44.9789 39.052 0.460247 0 1.8 0 -0.0571901 -0.505594 -0.860874
55.472 52.469 33.9954 0.00329589 -0.41035 -2.03267 0 -0.181773 0.173771 -0.967865
40.4798 58.1432 42.3529 0.86646 0 -0.8 0 0.255195 0.60397 0.755046
34.0074 42.9757 54.3402 0.331298 0 -0.841499 0 0.217122 0.582539 0.783266
44.6672 57.3743 55.0606 1.09886 0 -3.56499 0 -0.726007 -0.174606 0.665151
49.5769 59.0057 48.1246 0.72018 0 -3.5 0 0.131113 0.128945 -0.982946
68.966 45.1623 34.7567 0.0994262 0 2.8 0 0.930316 0.0112037 -0.366587
20.2846 46.1996 35.3266 -0.847441 -0.104745 -0.7 0 -0.652243 0.229266 -0.722507
63.3148 28.5666 44.4222 1.2306 0 -3.9 0 -0.0418968 -0.498277 -0.866005
13.9029 49.3312 48.8934 0.242998 0 1.8 0 -0.983043 0.0612705 0.172836
45.4458 38.4977 32.7226 0.811554 0 -3.9 0 -0.76821 -0.262053 0.584107
35.843 58.5614 43.7479 0.379356 0 -0.8 0 0.367522 0.722246 -0.585908
24.9299 51.4688 37.547 -0.0314921 0 -3.5 0 0.228813 0.959433 0.16472
59.1241 52.0973 52.7325 3.72184 0 -4.5 0 0.232112 0.951655 -0.201187
27.408 32.5173 47.7295 -1.4757 -0.138147 4.5 0 0.544753 -0.796544 0.262227
18.683 49.6566 55.4895 3.76581 0 -3.9 0 0.643655 0.0849268 0.760589
28.0058 36.995 43.1562 -0.386327 -0.43341 -2.12938 0 0.889347 0.256222 -0.378698
13.9084 52.3445 41.825 0.434875 0 -3.9 0 0.165275 0.122963 -0.978552
37.0965 49.2025 55.1045 0.817071 0.219131 -3.75405 0 -0.703928 0.191189 0.684055
71.1085 56.6151 50.306 4.03313 0 -3.9 0 0.727886 -0.11254 -0.6764
43.5629 46.156 32.5503 0.247576 -0.402857 -3.24143 0 0.0580827 -0.614542 -0.786743
75.5391 39.2606 39.3111 1.17279 0 1.70873 0 0.552232 0.810677 -0.19453
71.5079 70.5364 46.8264 0.849245 0 1.9 0 0.905203 0.245277 0.347053
59.9837 58.7306 48.1071 -2.04246 -0.0944014 -3.44205 0 -0.202335 -0.642927 0.738719
74.3597 46.9698 52.3338 0.0334358 0 4.5 0 0.787619 0.363761 0.497327
37.065 33.2088 44.0298 0.42085 0 -4.5 0 -0.244296 -0.813201 -0.528226
38.6725 44.035 57.4548 1.16532 0 -3.9 0 -0.459354 0.773666 0.436388
68.6465 41.0855 36.43 0.576425 0 -0.8 0 -0.359419 0.926937 -0.107736
47.3315 38.692 29.528 2.31962 0 -3.9 0 0.101464 0.375555 -0.921229
58.8382 50.6652 59.0731 0.179791 0.103372 -0.9 0 -0.303066 -0.161816 0.939131
58.9429 44.3787 34.0568 0.831399 0 -3.9 0 -0.230153 -0.674231 -0.701742
32.653 53.0621 55.6717 1.21945 0.00219683 -3.5 0 0.41852 -0.438695 0.795228
20.1196 38.16 54.4846 -1.81478 -0.0224404 -3.5 0 -0.0830322 -0.982012 0.169582
23.9795 43.9025 56.0756 -0.366707 -0.0459686 -3.5 0 0.0155836 -0.925839 0.377597
10.3184 39.3625 39.9519 -0.0787286 0 -0.8 0 -0.99408 0.0686696 0.0841954
40.8999 32.7997 41.6098 0.708865 0 -0.4 0 -0.599114 -0.556218 -0.57592
73.838 47.681 53.252 -0.266028 0 4.5 0 0.977357 0.20635 0.0468338
68.0321 41.4323 59.0573 0.785422 0 -4.5 0 0.859835 -0.156069 0.486134
71.056 50.0876 57.5656 -0.110662 -0.0918181 -3.5 0 0.034376 0.959499 0.279607
49.79 41.7132 31.0541 0.749189 0 -2.35256 0 -0.164544 -0.189084 -0.968077
31.4317 48.3236 56.5559 0.481783 0 -0.9 0 0.36776 0.808077 0.460178
51.819 34.398 56.0345 0.516943 0 -3.5 0 -0.348853 -0.200601 0.915456
57.1279 59.8342 39.0252 0.315317 0 4.5 0 -0.206555 0.754179 -0.623336
65.7057 28.4251 45.8484 2.13763 0 -3.9 0 0.9445 -0.162085 -0.285742
26.102 64.3714 53.0085 0.406913 0 -3.5 0 0.563774 0.801201 -0.200586
59.3963 56.7113 47.7349 0.659294 0 -0.7 0 0.335002 0.110907 0.935667
25.6615 37.151 40.1135 -0.677653 -0.750901 -3.5 0 0.340119 -0.690116 -0.638795
31.3201 39.4388 45.129 0.321478 0 1.8 0 -0.381251 -0.243584 -0.891804
61.8423 51.9073 52.3573 4.20358 0 -0.967728 0 -0.550348 0.796991 -0.248843
24.8685 37.5836 50.9166 0.0769804 0 4.5 0 0.324183 -0.48811 0.810342
28.5844 54.1601 39.0382 0.644952 0 -4.5 0 -0.00861583 0.65406 -0.756393
30.3391 37.5856 45.2994 -0.345914 0 -0.591238 0 0.0640577 0.3761 -0.924362
70.3135 37.2769 46.838 0.954978 0 2.5 0 -0.354763 -0.931369 0.0818216
14.4575 56.4835 49.0793 -0.0236054 0 -3.5 0 -0.54521 0.825003 0.148715
75.5115 35.9847 37.3696 -0.0675234 0 -0.4 0 -0.219008 -0.689491 -0.69039
38.9226 43.9913 32.8358 0.755883 0 -3.9 0 -0.501683 0.705335 -0.500816
22.3233 40.5112 34.2079 0.220124 0 -0.640488 0 0.219768 -0.636593 -0.739223
53.7491 39.1271 56.1555 -0.446667 -0.194358 4.5 0 -0.664693 -0.193081 0.721736
42.1659 55.6666 51.0479 1.25379 0 1.27801 0 -0.546429 0.835379 -0.0596513
28.8333 55.0342 42.5708 0.86283 0 -2.27043 0 0.426613 0.834191 -0.349466
39.8909 50.6549 36.7631 -0.265379 -0.332557 -3.5 0 -0.361112 0.338639 -0.868862
67.6974 63.6273 47.6337 0.759043 0.095949 -0.288552 0 0.882218 -0.0703942 0.465549
36.7946 42.6195 57.3667 0.94879 0 -3.9 0 -0.936144 0.339478 0.0915892
71.3762 55.2903 52.4594 1.37875 0 -3.9 0 0.752274 -0.651099 0.100771
39.2136 47.7163 56.4452 3.02009 0.218245 -3.9 0 -0.753778 -0.612452 -0.238163
65.9981 57.0616 62.836 -1.07949 -0.00465232 -3.5 0 0.285817 0.367119 0.885173
69.0423 52.3338 36.3582 1.25357 0.335796 -3.5 0 -0.590887 0.744082 -0.31176
61.1283 51.3512 60.8295 -0.0267132 -0.0500963 3.38804 0 -0.793782 0.279288 0.540285
13.4195 53.4086 42.0959 0.863412 0 -3.9 0 0.237179 0.372239 -0.89732
68.8277 53.0939 46.026 0.446297 0 -1.3 0 0.908244 0.235159 0.346111
56.5687 31.9982 49.7285 0.122128 -0.163301 -0.4 0 -0.811587 -0.430313 0.395168
41.4164 37.6784 57.769 0.211351 0 -1.3 0 0.642374 -0.215302 0.735527
51.6985 42.8566 56.567 0.420857 0 -0.7 0 -0.747285 -0.314658 0.585283
44.8614 50.8141 56.2168 0.864276 0 -0.8 0 -0.391477 0.651391 0.64995
25.9034 54.0551 53.2674 0.376153 0 3.8 0 0.0892383 -0.674157 0.733177
68.3335 56.4675 38.244 1.03806 0 3.8 0 0.0808562 -0.403565 -0.911371
72.7343 54.371 38.447 0.70703 0 -3.85947 0 0.612238 0.0240773 -0.790307
72.1175 48.6596 40.0528 -0.0640953 -0.545818 1.60154 0 0.307071 -0.654815 -0.690598
24.0787 58.0116 48.0903 -0.693382 -0.0680501 3.8 0 -0.44537 -0.00346213 -0.89534
52.4005 43.2251 58.2483 0.194902 0 -0.7 0 -0.784102 -0.0229363 0.620209
68.9457 34.5375 51.7945 1.8341 0.283381 -3.9 0 -0.401527 -0.915507 0.024965
15.3254 51.3088 53.7257 1.51462 0 -3.9 0 -0.959901 0.241841 -0.141786
19.9112 42.1759 36.2967 0.251418 0 -0.4 0 -0.848126 0.52684 -0.0558729
27.1038 44.2789 38.427 -0.378749 -0.723733 -0.7 0 0.145563 -0.606602 -0.781566
35.1481 43.8928 54.2023 -0.461482 -0.478003 -3.9 0 -0.482109 0.39732 0.780838
27.2671 37.5179 40.8426 0.0496203 -0.581316 -0.7 0 0.78876 -0.353014 -0.503228
36.0104 40.0029 40.4331 0.416095 0.0319791 3.8 0 0.142439 -0.929058 0.341413
29.4247 48.1346 56.4958 0.252592 0 -1.84905 0 0.0645422 0.884177 0.462673
46.6852 36.9399 37.655 0.997882 0.230498 -4.5 0 -0.853037 0.161126 -0.496353
63.098 55.7962 51.682 0.490561 0 -3.9 0 -0.954034 -0.0810785 0.288521
64.0446 60.488 51.9276 0.599475 0 -1.6 0 -0.187785 0.596375 0.780432
69.4837 50.7241 52.4107 0.375463 0 -1.3 0 0.838625 0.274058 0.470744
19.4387 40.3233 56.9696 0.335912 0 -3.5 0 -0.198939 -0.323854 0.924955
61.1049 38.984 57.8317 -0.580991 0 -1.74139 0 -0.61318 -0.122456 0.780394
36.0635 49.4993 38.4972 0.413277 -0.14912 -3.87087 0 -0.542397 0.591797 -0.596307
27.2148 35.7864 43.1081 -0.248546 0 -3.5 0 0.33781 -0.558539 -0.757574
36.7251 52.9826 38.6201 0.671043 0 0.934278 0 -0.298016 0.0323185 -0.954014
67.0943 36.0966 44.8656 0.349173 0 3.8 0 0.428592 -0.811208 0.397807
69.4829 60.6072 45.4757 0.264807 0 0.0855503 0 0.722906 0.0883354 0.685276
59.0346 38.3851 57.3555 0.0578494 0 -3.5 0 0.125783 0.0837968 0.988512
24.1899 36.2976 50.6806 -0.31541 -0.0385728 4.5 0 0.271374 -0.244912 0.930792
24.7287 48.257 56.6862 0.511301 0 -3.5 0 0.264668 0.914462 0.306122
40.3143 49.7425 58.9276 3.40974 0 -3.9 0 0.294461 0.619536 0.727646
80.6816 35.9052 48.0987 0.0175699 0 -1.3 0 0.656204 -0.57678 -0.48654
68.3131 36.1167 52.9948 1.82445 0 -3.9 0 -0.688965 -0.675513 0.262696
53.7085 35.7041 58.1219 0.350662 0 -3.9 0 -0.916847 -0.212767 0.337818
15.7044 47.8751 56.0106 -1.39805 -0.182445 -3.5 0 -0.777768 0.442044 0.446849
62.2744 34.8385 53.9458 0.129552 0 -3.5 0 0.553692 -0.729541 -0.401491
14.5346 51.9023 46.5982 0.19681 0 -3.9 0 -0.86833 -0.421296 0.261749
27.7514 46.8224 36.8859 -0.152357 -0.563474 -2.78147 0 0.183859 -0.546337 -0.817136
66.6172 68.0585 47.7994 0.343145 0 1.9 0 -0.33521 0.493947 0.802278
47.8766 32.7165 49.5631 0.787641 0.03171 -4.5 0 0.25516 -0.626846 -0.736178
13.0693 56.013 55.7427 0.753661 0 -4.5 0 -0.531718 -0.0742362 0.843661
70.6909 50.4162 61.0659 0.710446 0.107601 -3.5 0 0.227438 0.962972 -0.144764
15.1216 59.6661 52.8125 0.709845 0.119984 -4.5 0 -0.459933 0.868656 -0.184117
52.2321 42.5091 57.487 0.156872 0 -0.7 0 -0.911777 -0.242976 0.331097
70.4801 47.0308 59.7347 0.108547 0 -3.5 0 0.657024 -0.748162 0.092586
39.3871 38.4456 43.2578 -0.615656 -0.286822 -4.5 0 -0.711438 0.0325147 -0.701997
29.5011 37.6461 49.0234 -0.105552 0 -0.221148 0 -0.383155 -0.788972 0.480328
33.5537 55.783 38.0863 0.482803 0 4.5 0 -0.346975 0.233365 -0.908377
32.0195 52.1297 37.5305 0.892136 0 -4.5 0 0.465538 0.538301 -0.702501
22.3628 42.7584 56.1399 0.194193 -0.855387 -3.5 0 0.656407 -0.261633 0.707586
73.2878 47.9762 40.3816 0.81139 0 -1.6 0 0.225998 -0.336766 -0.914064
19.9553 57.2988 55.0724 0.611735 0 -3.91198 0 -0.425589 -0.535577 0.729404
9.63781 38.5909 56.7969 0.551082 0 -3.5 0 -0.429468 0.139769 0.892201
25.2134 34.65 42.2034 -0.00769828 0 -0.7 0 0.297835 -0.896401 -0.328267
67.4526 43.6451 36.9286 0.57299 0 2.8 0 0.54044 -0.75322 0.374945
11.4972 39.5846 51.6577 0.0151489 0 -2.03885 0 -0.942872 0.309484 -0.12334
49.5367 32.2389 53.2991 0.5494 0 -3.5 0 -0.509743 -0.855396 0.0919783
46.3398 38.7577 37.7721 0.838419 0 -4.5 0 -0.782195 -0.277018 -0.55806
76.1967 42.9163 47.5575 0.528355 0 4.5 0 0.981667 -0.008686 -0.190407
13.6812 58.8042 53.7098 0.642888 0 -4.5 0 -0.364444 0.834155 0.413964
16.5452 48.0381 39.7152 0.34048 0 1.8 0 0.337988 0.81335 -0.473525
43.5764 32.1062 39.8404 0.588393 0 -2.0596 0 -0.687002 -0.671806 -0.276957
69.9931 54.2339 38.2621 -0.00391961 -0.889589 -3.5 0 -0.558474 0.396311 -0.728728
76.8416 43.3295 42.0594 2.84361 0.272591 -3.9 0 0.719154 -0.0207854 -0.69454
34.9705 39.6871 55.1819 0.154889 -0.260058 -0.74058 0 -0.266296 0.15969 0.950571
33.6626 47.6483 54.2674 0.35076 0 -3.5 0 0.546767 -0.378514 0.746842
25.9815 53.111 52.6975 0.377097 0 3.8 0 0.12771 -0.0922516 0.987512
64.3795 56.7373 36.9572 1.67278 0 -3.9 0 0.17947 0.196365 -0.963966
62.8503 48.9964 63.1493 0.191135 0 4.2 0 -0.618065 -0.70687 0.343993
23.6663 39.7099 36.9912 -0.573457 -0.442263 -0.7 0 0.264077 -0.7284 -0.632216
71.5525 40.3568 37.8413 0.484484 0 0.549684 0 0.453316 0.732329 -0.508133
19.8204 33.836 51.6125 0.201142 0 -1.6 0 0.327524 -0.529359 0.782628
73.5798 49.2501 44.4902 0.418204 -0.229085 -1.6 0 0.837201 0.129085 0.531443
68.5005 58.4775 49.126 0.661381 0 -4.20594 0 0.850677 0.525331 -0.01941
55.8008 40.3305 58.1592 -0.634869 -0.192171 -3.9 0 0.485154 0.296356 0.822678
47.5451 36.2375 28.933 3.47371 0.149958 -3.9 0 0.127219 -0.402938 -0.906342
71.3011 63.4533 44.942 0.234751 -0.474745 -2.34253 0 0.543055 0.0824841 0.835636
59.5845 33.5705 42.8978 0.83918 0.773965 -3.5 0 0.558079 -0.178649 -0.810329
80.4287 39.7489 48.7118 -0.135484 -0.149369 -1.3 0 0.400061 0.610515 -0.683537
54.7422 31.9264 38.6301 -2.27325 -0.63092 -3.5 0 -0.402682 -0.903563 -0.146359
49.3967 57.0281 37.0372 1.17178 0 -3.9 0 0.540998 0.815576 -0.205322
27.4885 57.7075 54.263 0.230241 0 3.8 0 0.0918899 0.341086 0.93553
27.3268 53.7088 39.4164 0.478961 0 1.8 0 -0.222961 -0.359324 -0.906187
54.0944 38.2303 36.7319 -3.71577 0 1.90892 0 0.181601 0.412665 -0.892597
73.0488 36.5851 43.8519 1.10359 0 2.5 0 0.139187 -0.971434 -0.192203
56.7035 58.424 48.4579 2.13369 0.303291 -2.6306 0 0.566203 0.208573 0.79744
67.849 42.0576 35.8014 0.656759 0 2.8 0 0.609439 -0.723302 0.324681
46.2183 56.0938 34.1005 2.5069 0.279546 -3.9 0 -0.28658 -0.214963 -0.933629
37.1213 58.7441 46.799 0.237161 0 -0.773207 0 0.455205 0.853186 -0.254679
32.7973 42.677 38.7779 0.568886 0 3.8 0 -0.929799 -0.218352 -0.296305
57.159 47.4782 32.4798 0.471341 0 4.2 0 0.251567 0.14315 -0.957195
11.699 37.5074 48.4109 3.88668 0 -3.9 0 -0.0386134 -0.931953 0.360518
58.4353 53.5108 56.795 0.52532 0 -4.5 0 0.0307672 0.999259 0.0231251
61.088 53.6572 37.7648 0.789237 0 2.8 0 0.448574 0.268858 -0.852347
48.8546 39.4678 30.2069 0.941476 0 -3.9 0 0.456002 0.316594 -0.831763
21.9981 37.3095 37.8384 0.51507 0.314026 1.8 0 0.386339 -0.6704 -0.633488
53.3484 33.6942 56.3192 0.644384 0 -3.58814 0 -0.259294 -0.499522 0.826586
26.2105 32.0466 46.6475 -0.166216 -0.0384141 4.5 0 0.496964 -0.840158 0.217166
39.9513 59.1152 39.5954 1.9398 -0.106476 -0.8 0 0.268247 0.953764 -0.135562
59.1495 60.4859 45.9866 0.343395 0 -1.98658 0 -0.601663 0.798698 0.0091416
17.483 40.5715 56.5425 0.15482 0 -3.5 0 -0.306898 -0.554203 0.77374
33.3451 53.2854 38.8529 0.687953 0 4.5 0 0.136128 0.0338052 -0.990114
55.7374 50.4339 33.7668 -0.350054 0 3.49224 0 0.209441 0.414009 -0.88585
12.8434 39.7124 55.2795 0.353156 0 -3.5 0 0.244471 0.295349 0.923581
74.2233 49.1025 56.6283 -1.65599 -0.0526798 -3.5 0 0.933242 0.308903 0.183408
66.3084 65.9353 48.1932 -0.0425309 -0.68856 1.9 0 0.377466 0.43015 0.820055
65.673 61.2453 50.5928 0.62216 0 -4.04378 0 0.594996 -0.0547808 0.801859
26.0247 42.8781 38.4609 -0.197037 0 -3.5 0 0.715959 0.294082 -0.633182
68.6525 37.0331 45.2964 0.503683 0 3.55751 0 0.238659 -0.925585 0.293828
45.4335 59.3048 53.7895 1.6847 0 -3.9 0 -0.739296 0.658265 -0.141878
49.9496 33.1634 40.3131 0.00539646 -0.238601 -2.81038 0 0.406258 -0.902253 0.144545
81.0724 38.0242 47.2938 0.208163 0 -1.3 0 0.611628 0.0667879 -0.788322
42.7562 56.8081 46.6549 0.549323 0 -3.5 0 -0.621784 0.681645 -0.385674
32.39 46.8766 35.534 0.227496 0.504386 -2.73255 0 -0.178583 0.37768 -0.908551
10.9117 39.5814 44.2799 1.50293 0 -3.9 0 -0.805219 0.0222888 -0.592559
39.323 42.3971 30.2693 3.35516 0.32033 -3.9 0 -0.0333422 0.394689 -0.918209
47.6527 58.0207 40.9297 1.11671 0 -0.7 0 -0.72669 0.686923 0.00763482
53.2186 39.0324 36.6168 -3.27269 0 -2.10632 0 0.547196 0.191464 -0.814812
19.2114 41.0456 35.1505 0.440838 0 -0.4 0 -0.878118 0.334411 -0.342166
62.9192 54.5527 50.6343 1.0245 0 -3.18338 0 -0.876439 0.0733379 0.475895
49.6228 59.5048 38.7503 0.460825 0 -0.7 0 -0.323956 0.510627 -0.796437
56.0508 43.7171 57.9315 1.00443 0.180972 -0.7 0 0.804823 -0.278312 0.524216
59.7163 38.7253 37.7129 0.419564 0 2.8 0 -0.196569 -0.864015 -0.463507
51.4324 34.4272 45.9534 0.715935 0 -4.5 0 -0.810265 -0.571359 -0.130459
54.8165 33.3925 57.035 0.808019 0.0682816 -3.9 0 -0.658616 -0.717557 0.226575
72.04 43.6729 57.3199 0.262802 0 4.5 0 0.181082 -0.441213 0.878943
73.5222 36.9424 38.497 0.917386 0 -0.4 0 -0.471116 -0.762379 -0.443653
47.7523 31.9457 40.268 0.790833 0.0872745 -3.5 0 0.545941 -0.815654 0.191461
56.9275 29.0963 45.0373 -0.1859 -0.0257305 -3.5 0 -0.696866 -0.696908 -0.169405
9.77112 36.6978 54.4378 -0.672655 -0.3838 -3.5 0 -0.558481 -0.810496 0.176623
49.1306 47.0719 57.364 -0.372589 -0.183387 1.59847 0 -0.309773 -0.418958 0.853531
46.4789 60.3626 53.0497 1.49703 0 -3.6919 0 -0.759221 0.650463 0.0219356
22.7183 43.454 32.2402 0.177498 0 -0.7 0 -0.472875 0.451915 -0.756414
19.0163 36.364 39.588 0.158339 0 1.8 0 -0.0188302 -0.96953 -0.244247
46.666 58.7415 35.6515 2.63122 0.0296167 -3.9 0 -0.379496 0.925188 0.00319048
66.6035 36.1138 38.1765 -0.164417 -0.644088 -0.967129 0 0.0208441 -0.358094 -0.933453
45.877 31.974 43.2832 -1.17616 -0.275037 -3.5 0 0.304841 -0.714139 0.630141
44.2842 59.4751 51.1902 1.0968 0 -3.5 0 -0.513766 0.852697 0.0946145
32.2648 45.0089 37.9484 0.410397 0 2.81708 0 -0.812782 -0.46035 0.357019
37.9309 33.8915 43.2586 0.438541 0 -4.5 0 -0.425309 -0.51223 -0.746145
11.4178 43.9793 49.8374 0.266147 0 3.8 0 -0.845408 -0.457419 -0.275778
68.2399 44.4669 37.9224 0.404514 0 1.33207 0 0.456029 -0.849604 -0.264973
32.1166 42.9878 56.7654 0.25482 0 -0.9 0 0.759385 -0.20038 0.619017
54.5852 32.8386 43.7253 -0.40693 -0.814619 -3.5 0 -0.951325 -0.298864 -0.075244
71.3504 36.2798 48.1297 -0.022477 0 -3.5 0 -0.662027 -0.453901 -0.596401
60.5231 31.4233 52.8258 -0.299853 0 -3.72006 0 0.588233 -0.80159 0.106936
20.696 47.498 36.3605 0.583395 -0.155732 -0.7 0 -0.402633 0.648661 -0.645853
52.1409 58.2052 39.0373 1.36618 -0.898837 -0.8 0 0.18387 0.623922 -0.759548
47.7988 61.8096 50.4207 0.782 0 -3.5 0 -0.60379 0.704596 -0.372804
45.8265 34.398 43.8756 0.190418 0 -3.5 0 0.325878 -0.482465 0.813038
54.2267 47.0317 58.1813 0.164785 0 -0.883075 0 0.174478 -0.238123 0.955434
71.4635 49.0909 53.3489 -0.57262 -0.453521 4.5 0 0.221999 0.970365 -0.0954368
75.9747 35.6076 49.9658 -0.124463 0 -1.94921 0 0.03423 -0.578735 0.814797
49.0831 43.1751 55.6118 0.608452 0 -1.6 0 0.0583134 -0.132317 0.989491
32.2039 34.8739 45.7878 -1.08411 -0.55299 -3.68925 0 0.362241 -0.926849 0.0986498
41.6796 37.1461 52.1431 0.602935 -0.323783 -1.3 0 -0.00440917 -0.99994 -0.0100452
56.946 41.8823 55.664 -0.804933 0 -3.5 0 0.229428 0.464975 0.85508
59.7351 34.6751 41.8556 -0.533096 0 -3.11205 0 0.581278 -0.62989 -0.515125
31.6314 40.5879 56.0829 -0.163977 -0.701833 -0.9 0 -0.119981 -0.0896158 0.988723
61.7615 64.0061 46.2604 1.09941 0.0285474 -1.9429 0 -0.704046 0.417888 0.574185
45.341 57.403 35.6317 3.46924 0 -3.9 0 -0.873284 0.486617 0.0240554
48.153 38.5404 36.2262 0.922914 0.0708829 -4.32919 0 -0.124182 -0.728935 -0.673226
50.5514 34.1262 42.5238 0.257283 0 1.8 0 0.519793 -0.819843 0.240151
21.4233 61.3932 49.9705 -0.183954 0 -3.5 0 0.192932 0.861226 -0.470177
12.7065 48.4589 43.9465 0.325011 0 1.8 0 -0.902987 0.401939 -0.151855
75.3009 40.919 44.4635 0.304876 0 2.13137 0 0.940534 -0.330174 -0.0798795
50.2736 33.9208 55.1097 0.47333 0.0634448 -3.5 0 -0.407714 -0.26064 0.875121
51.1504 59.1314 44.66 0.438187 -0.56977 -3.9 0 -0.115136 0.84118 0.528355
38.7316 56.7071 48.9702 1.10579 0 -0.7 0 0.906611 0.189822 0.376861
62.2211 34.2311 55.2311 -0.129972 -0.0121376 3.20674 0 0.212384 -0.955055 -0.20679
56.3714 60.7965 43.699 0.597105 0 4.5 0 -0.137158 0.932126 0.335156
15.1245 55.5011 50.6369 0.278344 0 -3.5 0 -0.148253 -0.653257 0.74248
34.4001 37.4358 42.8398 0.688091 0.793646 -4.5 0 0.251311 -0.00883756 -0.967866
42.1493 31.9466 41.0227 0.358565 0 -0.4 0 -0.379455 -0.620461 -0.686325
38.6879 54.2241 52.6393 1.26088 0 -0.8 0 0.409801 0.901258 0.1407
21.2003 60.0741 45.3614 0.739638 0.32722 -3.5 0 0.875671 0.375056 -0.304194
48.8554 36.7816 37.0119 0.824103 0.0426762 -4.03591 0 0.159369 0.0066319 -0.987197
72.3614 38.1684 51.619 0.13085 0.60096 3.98006 0 0.808101 -0.179421 0.561053
54.3987 41.7565 37.1762 -0.307148 0 0.784721 0 0.0016035 -0.170507 -0.985355
38.8246 38.3916 44.9683 -0.507716 0 -3.23863 0 -0.937076 0.175333 -0.301905
56.4242 55.3226 32.8828 -0.456358 -0.149961 -3.5 0 -0.293251 -0.167315 -0.941281
28.8917 48.0073 35.9171 -0.0201742 0.110638 -3.91805 0 0.198826 -0.71998 -0.664903
14.6082 54.2998 49.8413 -0.808513 0 -3.5 0 -0.302835 -0.30985 0.901268
39.1821 33.9298 42.4523 0.244983 0 -4.5 0 -0.480944 -0.389259 -0.785602
45.852 60.4053 56.9753 3.17713 0 -3.9 0 -0.399382 0.911137 0.101607
64.8036 48.4872 34.3918 0.596929 0.00486954 2.8 0 -0.269632 0.640324 -0.719224
70.4154 68.5084 44.9292 -0.0174356 0 1.9 0 0.834769 -0.278274 -0.475105
59.7379 57.7443 47.5249 0.755669 0 -0.7 0 0.220828 -0.226462 0.948657
26.54 37.793 49.79 -0.0882168 0 4.5 0 0.466691 -0.706699 0.531766
30.6463 41.8207 40.1387 0.410675 0.583839 -0.8 0 -0.0795077 -0.166232 -0.982876
63.7579 59.5389 40.5599 0.989362 0 -3.9 0 0.214639 0.861764 -0.459666
44.9883 43.5817 32.6297 0.321776 -0.863156 -0.7 0 -0.326112 -0.188031 -0.926442
70.9051 38.1701 57.1029 0.325579 0 -3.9 0 0.603968 -0.19208 0.773517
72.8497 51.5016 37.7713 0.658258 0 -3.5 0 0.999891 -0.0129677 0.00704434
26.7854 33.4089 44.4027 0.0831294 0 3.36473 0 0.467841 -0.408603 -0.783688
15.5669 47.0031 37.8666 0.270788 0 1.8 0 0.0361266 0.192368 -0.980658
61.6332 52.3822 36.817 0.555545 0 -3.17447 0 0.595023 0.635143 -0.492485
68.8029 37.7918 57.9808 -0.525683 -0.0497534 -3.19248 0 0.413131 -0.591026 0.692828
37.8216 36.0914 54.2346 -0.161268 -0.272041 -0.4 0 0.377207 -0.734817 0.563701
26.7669 50.3931 38.7982 0.0330504 0 -3.5 0 -0.0665765 0.976356 0.20566
61.9875 48.2855 33.3997 -0.860374 -0.0798488 -3.9 0 0.347109 0.343869 -0.872507
71.0481 45.3852 40.2627 0.45081 0 -0.7 0 0.367835 0.27262 -0.889031
66.9378 43.4918 32.54 0.682899 0 2.8 0 0.275777 -0.468037 -0.839576
74.703 35.791 39.4585 0.293507 0 -0.4 0 -0.498628 -0.865618 0.0455667
69.1749 65.919 42.1849 0.195248 -0.0188313 -0.8 0 -0.074658 0.974904 -0.209732
38.1989 36.2822 43.1792 0.199896 0 -4.5 0 -0.458511 0.531315 -0.712371
48.5285 60.2952 56.576 1.71423 0.519737 -3.9 0 0.546181 0.731973 0.407312
46.5296 38.7648 57.4416 -0.991152 -0.0904051 -3.5 0 0.512008 0.294756 0.806825
22.7773 31.6454 44.9194 0.1535 0 4.5 0 -0.304398 -0.950882 -0.0562606
14.2346 48.1152 40.4755 0.55445 0 1.8 0 -0.795687 0.601529 -0.0710246
26.93 57.665 43.456 0.423779 0 4.5 0 0.250819 0.638507 -0.727598
18.1213 56.6941 44.5158 0.220805 0 3.8 0 -0.941057 0.335749 0.0410392
45.6135 47.8406 31.5691 0.414718 0 -3.5 0 -0.617832 0.302144 -0.725943
66.5648 65.4879 42.7054 0.977638 0.304332 0.808555 0 -0.104328 0.624193 -0.774273
65.6463 54.2026 63.4641 0.25353 0 0.257006 0 0.58167 0.182328 0.792727
17.4923 60.5599 54.1979 0.469728 0 -4.5 0 -0.291307 0.844468 0.44946
20.7505 54.113 41.845 0.233034 0 3.8 0 -0.226605 -0.296535 -0.927748
69.6429 53.8384 44.2139 0.159265 0 -1.3 0 0.656666 0.395635 0.642077
61.058 40.6315 34.8278 0.841563 0 4.5 0 0.0441176 -0.670221 -0.740849
73.2884 39.6641 37.9372 1.35464 0.697258 2.5 0 0.203294 0.54118 -0.815963
57.1031 56.7996 48.9832 1.09416 0 -0.7 0 0.508031 0.493588 0.705886
59.3496 56.1905 33.7999 0.211558 0 -3.5 0 0.892539 0.219026 -0.39421
11.7729 43.0477 52.6934 0.0252966 -0.594158 -1.17125 0 -0.994101 0.0421067 0.0999498
30.567 54.5252 41.9598 1.0206 0 -4.5 0 -0.0109734 0.94975 -0.312818
76.3753 57.9971 41.416 0.593633 0 -3.9 0 0.96112 -0.275982 -0.00909578
50.9318 49.0959 29.3689 0.604725 -0.366179 -0.7 0 0.615586 -0.182454 -0.766658
38.8544 46.2178 33.9431 0.216872 0 -3.5 0 -0.863033 -0.394124 -0.315975
46.0086 35.5479 37.4469 0.545005 -0.128724 -3.5 0 -0.61012 0.756389 -0.23586
16.1716 52.4611 53.3191 1.30167 0 -3.9 0 -0.933185 0.278773 -0.226831
51.3834 41.8276 55.6041 0.186749 0 -0.7 0 -0.615585 -0.361732 0.700147
67.6606 55.0778 62.5578 0.14314 0 -3.5 0 0.682278 -0.304824 0.664514
34.2357 54.8845 55.5352 0.939342 -0.0636982 -2.85604 0 0.333069 0.490605 0.805215
73.183 45.4269 41.3396 0.961375 0 -1.16514 0 0.480563 -0.192139 -0.855653
72.31 35.3929 54.5194 2.06306 0 -3.9 0 0.783722 -0.210449 0.584373
27.9889 60.2015 52.5031 0.0365459 -0.060966 -2.44202 0 0.791539 0.439351 0.424779
67.1929 60.9471 38.3479 0.621002 0 3.8 0 -0.192514 0.849985 -0.49037
60.4143 37.5213 39.1299 0.107643 0 0.0659915 0 -0.112162 -0.793157 -0.5986
29.3271 36.3577 43.796 -0.657555 0 -3.5 0 0.162095 0.475762 -0.864509
13.8855 46.257 51.3911 0.259709 0 3.8 0 -0.0375843 0.775395 0.630358
68.3854 65.3295 41.3455 0.143251 -0.457623 -0.8 0 -0.608976 0.539917 -0.581066
20.7886 57.433 55.9991 0.416176 0 3.8 0 -0.782192 -0.221332 0.582399
73.1484 47.0433 57.2627 -0.804898 0 0.87777 0 0.734408 -0.103108 0.670831
30.3063 47.6634 36.7224 0.324691 0 -4.5 0 -0.409277 -0.73159 -0.545224
26.0417 43.4345 54.6056 0.0323961 0 1.04504 0 0.518093 -0.845293 0.130608
51.3066 35.011 49.1716 0.74733 0.665389 -4.5 0 -0.577613 -0.814731 -0.05077
15.3477 35.4562 49.5024 0.702373 0 -1.6 0 -0.825452 -0.546214 -0.142404
20.8491 48.6138 38.9014 0.453171 0 -1.07336 0 -0.78621 0.603734 -0.131828
52.7057 60.5335 48.5765 1.02197 0.641645 -3.85237 0 -0.222778 0.973739 0.0469281
33.1715 51.6096 38.1081 1.26598 0.0780129 -4.5 0 0.727388 0.394514 -0.561485
47.614 46.13 29.2914 0.759961 0 -3.5 0 -0.606503 -0.30609 -0.7338
17.5711 42.3663 56.4726 0.277086 -0.019936 -3.5 0 -0.0496452 -0.0791696 0.995624
29.8445 61.4532 45.8741 0.411311 0 -0.7 0 0.943499 0.316592 -0.0978743
66.5242 35.9024 49.6361 3.88071 0.178219 -3.9 0 -0.694498 -0.70601 -0.138644
24.0289 52.7326 54.302 0.382453 0 3.8 0 0.75278 -0.21063 0.623664
14.3831 43.1448 39.9433 0.491161 0.815536 1.8 0 -0.0853779 0.195352 -0.97701
51.494 55.4281 36.2006 0.352911 -0.0612848 -3.9 0 0.310055 0.67953 -0.664909
48.764 54.8512 34.0643 0.743976 0 -3.9 0 0.341087 0.105438 -0.9341
68.3889 50.2954 35.0313 0.729436 0 -3.17294 0 -0.327806 0.225711 -0.917387
71.9234 61.7052 39.673 1.30331 0.592193 -0.8 0 0.10097 -0.707609 -0.699353
70.7506 54.505 51.4729 1.20346 0.823283 -1.3 0 0.946307 -0.322593 0.020883
60.7412 33.1808 60.2783 2.88181 0 -3.9 0 0.851941 -0.043367 0.521838
71.6367 58.2463 50.5327 2.53731 0.840995 -3.9 0 0.84182 0.356297 -0.405453
44.7989 55.8821 37.5745 0.898747 -0.0296501 -2.25652 0 -0.626397 0.747885 -0.219763
45.1376 31.4352 37.6599 0.41149 0 -3.5 0 -0.54565 -0.691721 -0.473063
71.4961 50.7879 46.45 -0.520212 -0.81251 -1.6 0 0.262621 0.770536 0.580779
49.2421 52.1973 56.6232 0.430724 0 -0.8 0 -0.302873 0.611751 0.730773
43.6752 38.667 39.4196 0.582374 0.660861 -3.5 0 -0.549389 -0.413698 -0.725966
53.9022 60.8914 48.3507 4.01274 0.0276408 -3.9 0 -0.293152 0.839152 0.458133
65.6285 62.3988 42.168 1.43031 0.0918797 -0.8 0 -0.306812 -0.062732 -0.949701
17.6396 56.5441 42.8153 0.216827 0 3.8 0 -0.866114 0.453021 -0.211232
67.4242 64.1689 41.602 0.147486 0 -0.8 0 -0.497578 0.373216 -0.783024
20.0649 39.9338 34.1775 0.339146 0 -0.4 0 -0.264349 -0.233962 -0.935618
44.3369 49.5246 33.0499 0.0601856 0 -1.3 0 -0.493722 0.342684 -0.799253
78.4262 42.9173 50.9081 0.178234 0 4.5 0 0.725095 0.686178 0.0582896
28.3202 33.7388 47.1879 -0.943009 -0.902973 4.5 0 0.661217 -0.695932 0.280125
52.536 33.2716 46.645 1.19152 0 -4.5 0 -0.324459 -0.925852 -0.19371
52.4034 59.8937 42.9154 0.653213 0 -3.9 0 0.0783211 0.981263 -0.176037
28.1652 44.4304 54.4967 -1.1174 0 -3.5 0 -0.460212 -0.880923 0.110359
43.4995 35.3957 47.7993 0.0272544 -0.306957 4.2 0 -0.133732 -0.918531 0.372045
11.2224 45.6924 43.7174 0.341928 0 1.8 0 -0.972332 -0.187261 -0.139657
63.852 32.9864 47.1583 0.542392 0 -3.9 0 0.90117 0.229362 0.367811
52.94 41.0285 36.679 0.391136 0 -3.5 0 0.69816 -0.0827998 -0.711138
29.133 47.3114 37.3849 0.19001 0.00898528 -4.17028 0 0.157157 -0.581682 -0.79809
69.4685 34.3438 54.0975 0.976832 0 -3.9 0 -0.49713 -0.800531 0.334683
61.9916 51.1544 63.6118 0.175672 0 4.2 0 -0.938578 -0.0768247 0.336407
57.5176 29.6696 49.4308 -0.478893 -0.0961804 -0.4 0 -0.310116 -0.900125 0.305945
21.8617 54.7175 42.3009 0.319049 0.108183 3.86642 0 -0.00229456 0.417708 -0.908579
44.4355 58.9372 55.6255 1.22222 0 -3.9 0 -0.977417 0.0594491 0.202786
50.8237 35.4371 55.7036 0.185915 0 -3.44434 0 -0.171009 -0.12151 0.977748
71.7688 46.628 58.148 -0.0803495 0 0.597012 0 0.554729 -0.33067 0.763501
14.3471 45.6335 38.3444 0.368006 0 1.8 0 -0.335762 -0.473516 -0.814277
61.8404 35.5252 51.1231 0.523511 0 4.5 0 0.971157 -0.235053 -0.0400546
14.292 55.1469 45.5426 -1.60019 0 -3.5 0 0.106477 0.65526 -0.747861
68.1159 58.4594 52.0592 1.38445 0.661144 -3.9 0 0.063359 0.988847 0.134784
25.7016 42.8671 34.3195 -0.208913 0 -0.7 0 0.976508 -0.125779 0.174961
44.2812 35.657 55.337 -1.52003 -0.0695363 -3.5 0 -0.526047 -0.802726 0.280902
71.5951 56.3178 51.2904 2.29354 0 -3.9 0 0.89733 -0.192748 -0.397048
45.7283 37.4851 38.7065 0.869325 0 -3.5 0 -0.564606 -0.0490286 -0.823903
61.8968 30.4165 50.2506 0.448599 0 -3.9 0 0.455422 -0.545332 0.703708
24.1453 64.4699 52.0663 -0.471906 -0.208591 -3.5 0 0.0734643 0.651118 -0.755412
35.1711 45.3985 34.8052 0.508998 0 -0.8 0 0.326856 0.20429 -0.92273
39.067 47.0955 30.9815 -0.774652 -0.287507 -3.5 0 -0.66044 -0.411666 -0.627973
39.3271 47.1183 53.8384 1.11108 0.216949 -3.9 0 -0.745117 -0.0807723 0.662024
61.8641 55.5501 37.8543 1.04234 0 -1.80829 0 -0.0573055 -0.125426 -0.990447
35.0256 33.9085 47.3377 0.899079 0 -4.5 0 -0.499226 -0.714978 0.489469
50.4842 60.2979 52.5509 0.405294 0 -3.64726 0 0.806262 0.306979 0.505673
59.6384 29.5646 54.49 -1.14908 -0.0973549 -3.5 0 0.139308 -0.838481 -0.526824
59.2822 54.41 49.0831 1.57731 0 4.5 0 0.493748 0.602365 0.627192
57.3388 49.7767 33.1156 0.245307 0 4.2 0 0.258584 0.588351 -0.766144
64.8259 40.7105 62.0713 0.929032 0.848322 -4.5 0 -0.304684 -0.172805 0.936646
50.8867 33.9579 51.3408 0.264174 -0.507335 -3.5 0 -0.124075 -0.547617 -0.827479
16.1366 49.3051 52.7662 0.971273 0 -3.9 0 -0.913302 -0.397086 -0.0905594
74.9785 38.3381 44.7436 0.0756012 0 2.5 0 0.884955 -0.197515 -0.421714
71.5947 56.0762 38.6426 3.45684 0 -3.89796 0 -0.0720311 0.00125023 -0.997402
66.3173 54.5709 57.4125 0.309101 0 -3.5 0 0.935712 0.158955 -0.314924
20.8573 35.8944 40.1691 -0.178675 0 1.8 0 -0.00399694 -0.987777 -0.155823
77.2742 42.1348 49.1025 0.4042 0 4.5 0 0.637687 0.398816 -0.659015
13.7517 54.8441 44.4613 0.228779 0 -3.9 0 0.418375 0.86609 -0.273588
61.6829 37.4103 38.0639 0.25267 0 2.8 0 -0.444116 -0.794481 -0.4142
12.4099 53.6049 46.5022 -1.58153 -0.284628 -3.5 0 -0.67513 -0.646016 0.356178
69.217 41.9193 57.5054 0.542014 0 -4.18848 0 0.74545 0.0857133 0.661028
38.9865 56.2495 47.6745 1.0232 0 -0.7 0 0.925437 0.346722 -0.152808
42.5796 56.6667 43.8371 1.49532 0.579441 -0.9 0 -0.684811 0.670761 0.284804
32.4093 59.5228 47.9876 0.560847 0 2.84432 0 -0.0693328 0.942815 0.326025
24.8107 50.453 35.6442 -1.11119 -0.0593703 -3.5 0 -0.42063 0.423421 -0.802362
45.8754 56.1884 55.2006 0.991202 0.0734693 -3.82836 0 -0.239955 -0.560085 0.792923
40.262 49.0375 34.2368 -0.0138729 0 -3.5 0 -0.406353 0.844461 -0.348947
66.711 52.3804 59.1689 0.95544 0.190598 -2.40638 0 0.95815 -0.072879 -0.276836
75.3652 39.5855 40.5246 0.83353 0 0.28116 0 0.925375 0.342888 -0.161581
39.021 57.5682 48.0928 0.820668 0 -0.7 0 0.968464 0.234324 0.0846716
74.1831 63.1471 40.1614 0.517287 0 -0.8 0 0.90959 -0.266793 -0.318539
32.66 45.453 54.4437 -0.58426 0 -0.9 0 0.973498 0.0516229 0.222794
66.094 35.8462 58.0515 0.249085 0 3.8 0 0.561308 -0.629125 0.537713
50.1285 55.0698 35.2238 0.588074 0 -3.9 0 0.558699 0.198275 -0.805322
38.0935 55.961 50.4325 1.30722 0 -0.7 0 0.638635 0.363451 0.678269
53.5995 60.7396 45.805 1.06759 0 -3.9 0 -0.446132 0.890237 -0.0918907
43.6133 39.9411 57.2681 0.138989 0 2.8 0 -0.162498 -0.574421 0.802269
26.2108 53.4669 39.7024 0.51905 0 1.8 0 -0.0251044 -0.488407 -0.872255
59.3504 30.3071 41.8001 0.376811 0 -3.5 0 -0.0461899 -0.0704151 -0.996448
63.9416 32.93 43.6209 0.420889 0.462121 -3.2104 0 0.795313 -0.602981 -0.0623741
37.3184 51.4665 37.6648 0.285255 0 -3.5 0 -0.690986 0.291054 -0.661684
69.3354 35.2967 43.407 0.342584 0 -0.7 0 0.362481 -0.329356 0.871856
72.783 49.3553 49.9231 0.408635 0 4.5 0 0.212093 0.968963 0.126995
66.8988 53.1287 55.0087 0.275418 0 -1.13267 0 0.90599 -0.0283724 0.422346
25.5088 50.8797 39.5196 0.326462 0 -3.24285 0 0.548986 0.800502 -0.24044
50.9964 32.5172 55.2631 0.760535 0.452512 -3.5 0 -0.192139 -0.584256 0.788497
55.704 60.7772 48.837 3.66915 0 -3.9 0 0.303092 0.481102 0.822603
62.6944 28.3901 48.5205 0.883026 0.163399 -3.9 0 -0.0137528 -0.516538 0.856154
12.4476 37.9442 55.7133 0.305102 0 -3.5 0 0.521712 -0.263201 0.811506
66.8051 51.8228 58.0026 0.864621 -0.376674 -2.6042 0 0.950155 0.29452 0.102292
42.0662 45.756 32.8008 -0.239703 0 -3.5 0 0.119341 -0.526064 -0.84203
43.033 50.6768 34.6587 -0.49823 0 -3.12966 0 -0.43492 0.0511492 -0.899015
20.981 38.2552 52.3825 0.0833952 0.36155 1.71471 0 0.650054 -0.573745 0.498244
55.8452 32.5702 55.9165 0.644212 0 -3.5 0 -0.668587 -0.720954 0.182256
36.0755 57.8135 39.2656 1.65744 0 -0.8 0 -0.373124 0.784349 -0.495555
43.7833 52.4684 53.9531 1.38335 0.81048 -0.595413 0 -0.191882 0.299522 0.934595
58.2381 60.3026 39.2793 0.386082 0 4.5 0 -0.0773398 0.672314 -0.736215
77.8183 37.2824 51.7842 -0.816841 -0.580452 3.71798 0 0.105985 -0.358484 0.9275
21.7004 59.0786 46.57 0.502842 0 -3.5 0 0.917921 0.0309405 -0.395556
65.5575 44.665 61.0573 0.122471 0 -4.26463 0 0.0559007 -0.332674 0.941384
19.7591 32.8854 46.4906 0.285429 0 1.8 0 0.163502 -0.943653 0.287724
30.9651 38.7696 55.912 -1.25212 -0.0461468 -0.9 0 -0.525061 -0.343362 0.778725
25.8319 43.2188 56.113 0.295252 0.111575 -3.5 0 0.0345035 -0.998813 -0.034387
60.7752 61.5504 42.4461 -0.659416 -0.373672 -3.5 0 -0.315543 0.805103 -0.502236
56.579 54.7755 52.0165 0.658998 0 4.5 0 0.134439 0.654251 0.744233
32.8413 35.229 44.1755 -0.258179 -0.0150246 -4.48479 0 0.023243 -0.776223 -0.63003
65.8264 56.3866 37.5785 4.0696 0 -3.9 0 0.413471 0.0385109 -0.909702
48.203 45.7567 55.9552 0.443495 0 2.47788 0 0.00362145 -0.400025 0.916497
47.332 54.3968 54.5614 0.533862 0 -3.5 0 -0.0182865 0.0951364 0.995296
71.9601 47.0624 62.3543 0.47582 0.490793 -3.5 0 0.504519 -0.692244 0.516003
29.4584 58.291 45.0109 -1.01001 0 -0.7 0 0.474755 -0.0442636 -0.879004
66.4796 53.3352 61.9877 0.722523 0 0.780036 0 0.778807 0.0322752 0.626432
74.6769 53.7589 41.3548 0.824356 0 -1.6 0 0.854428 0.264298 -0.447325
48.3997 35.9538 30.7476 2.97457 0.00670548 -3.9 0 0.670829 -0.70779 0.221409
14.034 50.0143 48.1266 0.228996 0 1.8 0 -0.957448 0.246485 -0.150128
18.2718 32.9394 49.819 0.318743 0 -1.6 0 0.0439846 -0.998853 0.0188976
46.6529 34.5692 48.15 1.52967 0 -4.5 0 0.0318422 -0.765101 -0.643123
56.0506 58.2106 34.2786 -1.21941 -0.0620974 -3.5 0 -0.277124 0.889215 -0.364003
49.1131 60.5624 41.2296 0.499486 0 -0.7 0 -0.464029 0.856531 0.225904
30.5955 58.684 52.5324 0.431688 0 3.8 0 0.247793 0.881519 0.4019
22.8769 44.5311 33.5664 0.236205 0 -0.7 0 -0.375214 0.500106 -0.780454
36.4746 42.4987 55.2917 0.587434 0 -3.9 0 -0.766422 0.233449 0.598413
70.6697 44.3177 39.2977 0.390167 0 -0.7 0 0.517755 0.176825 -0.837056
67.0762 48.058 63.5173 0.220346 0 -3.5 0 -0.0320495 -0.464961 0.884751
52.0927 33.9411 39.6154 0.0336427 0 -3.5 0 0.0263143 -0.939572 0.341337
42.4227 38.9131 41.9325 -1.16875 -0.182332 -3.5 0 -0.821586 -0.148156 -0.550496
59.3976 47.3988 58.0486 -0.852439 -0.0106674 -3.5 0 0.0166332 -0.080862 0.996587
64.1092 26.8503 45.1721 2.5392 0.704868 -3.9 0 -0.0713661 -0.7583 -0.647988
75.7773 45.8213 44.8231 1.36196 0 -3.9 0 0.643454 0.765468 0.00500319
66.6469 55.375 63.2724 0.0724943 0 -3.5 0 0.224082 0.135705 0.965076
49.418 58.0364 47.7673 0.49223 0 -3.5 0 0.132818 0.661362 -0.738214
64.4605 64.203 41.7815 0.652233 0 4.2 0 0.169713 -0.078177 -0.982388
53.0051 33.5638 50.1312 0.743428 -0.149239 -4.19024 0 -0.261728 -0.956256 -0.130665
33.2479 55.9684 52.6692 1.13381 0 2.36882 0 0.510606 0.517636 0.686538
64.1463 64.7885 49.1774 0.20126 0 -4.5 0 -0.477897 0.796364 0.370701
46.1453 30.6603 38.524 0.38287 0 -3.5 0 -0.098577 -0.989122 -0.109183
59.8869 34.4729 60.7441 2.46343 0.875046 -3.9 0 0.239543 0.586104 0.774016
55.0686 33.0628 52.0177 0.726646 0 -3.5 0 -0.315417 -0.883871 -0.345376
71.2325 65.6925 42.1603 0.763659 0 -0.8 0 0.0976884 0.957889 0.270009
62.2145 63.058 49.9767 0.921175 0.0527812 -4.5 0 -0.873042 0.438542 0.213257
67.8545 44.0124 38.7767 0.42035 0 -0.7 0 0.386158 -0.801934 -0.455833
73.1108 54.0694 39.7194 1.14984 0 -2.92918 0 0.894301 -0.14442 -0.423519
50.534 58.7285 48.2293 0.619473 0 -3.5 0 -0.104974 0.403159 -0.909089
34.4939 50.9521 53.6567 0.801817 0 -3.5 0 0.0525887 0.0342332 0.998029
29.9341 58.6169 51.5794 0.494808 0 3.8 0 0.236406 0.961321 -0.141327
45.7776 48.8749 31.9897 0.0466259 -0.303477 -2.36753 0 -0.740821 0.176601 -0.648071
73.85 35.2789 46.4016 0.719578 0.854074 -1.52687 0 -0.468849 -0.509214 -0.721722
21.5541 54.4681 55.4164 0.371247 0 3.8 0 -0.832932 -0.257432 0.489849
68.5716 32.8029 43.4225 0.421701 0 -0.7 0 0.403057 -0.622414 0.670929
68.3376 57.099 47.7656 0.727618 0.613276 -4.5 0 0.998361 -0.0412229 0.0396945
70.315 54.2933 43.2691 0.0612512 0 -1.45578 0 0.385952 0.340278 0.857469
45.3031 37.7845 57.429 -1.21392 -0.533569 -3.5 0 -0.20669 -0.253334 0.94504
17.522 50.2902 56.5669 1.8756 0.838982 -3.9 0 0.064326 0.279914 0.957868
51.2909 31.5427 53.2384 0.0300596 0 -3.5 0 0.0965709 -0.991928 -0.0821701
47.1904 37.2356 36.7806 1.11555 0.720255 -4.00921 0 -0.357897 0.122405 -0.925703
71.7974 37.3478 38.3543 1.0098 0.515255 -0.8 0 0.210356 -0.877729 -0.430513
65.6708 29.7325 46.9851 1.58255 0 -3.9 0 0.978889 0.15736 0.13044
63.7741 47.786 62.3944 -0.0875215 -0.316067 -3.5 0 -0.563062 -0.542077 0.62379
38.6871 36.2889 49.8424 -0.266392 0 -3.5 0 0.428299 -0.896942 0.109798
28.9258 43.1466 39.8128 0.0688625 0 -0.8 0 0.401036 -0.0472051 -0.914845
50.0372 35.6201 36.9328 0.733024 0 -3.5 0 -0.158777 0.0297931 -0.986865
27.6806 45.2952 37.3703 0.760111 0.100212 -0.7 0 0.0684168 -0.567586 -0.820466
44.5004 56.3874 40.6621 0.113158 -0.181089 -0.9 0 -0.0101384 0.995326 0.096035
25.8779 36.0556 48.9606 0.113297 0 4.5 0 0.550473 -0.117803 0.8265
40.3885 52.881 36.8205 0.458182 0 -3.5 0 -0.581282 0.501671 -0.640653
26.7514 38.873 53.4921 0.930091 0.569395 -0.9 0 -0.654105 -0.451974 0.60652
62.2835 40.3401 35.3712 1.95071 0 -3.9 0 -0.248767 -0.822078 -0.512155
44.2323 34.547 50.5245 0.870461 0 -4.5 0 -0.906621 -0.274577 -0.320384
54.5036 38.5944 57.1836 0.0425116 0 -3.9 0 -0.856427 0.2604 0.445785
69.8548 65.8866 40.0634 -1.11889 -0.192347 -0.8 0 -0.347083 0.868202 -0.354625
46.1626 45.113 56.7809 0.571061 0 2.8 0 0.113895 0.323668 0.939291
75.9688 42.3686 46.7104 0.67096 0 -3.34034 0 0.923275 -0.384128 0.00306465
36.9157 39.8587 59.0187 1.55724 0.645556 -3.9 0 -0.852242 -0.209396 0.479413
59.8265 55.4191 36.6646 0.881247 0.269812 -3.5 0 0.879548 0.179348 -0.440715
19.583 43.467 56.0783 -0.0446187 0 -3.5 0 -0.0749007 0.159209 0.984399
17.9445 54.7658 53.8843 0.590394 0 -3.9 0 0.280367 0.0948113 0.955199
72.9129 51.8067 38.9319 0.937442 0 -3.5 0 0.937687 0.00380662 -0.347459
60.8742 46.2546 33.0148 0.489877 -0.166461 -3.9 0 0.14295 0.145287 -0.979008
56.6543 35.4951 60.1955 0.462698 0 -3.9 0 0.190506 0.299472 0.934893
73.7455 51.8301 39.9898 0.971456 0 -1.6 0 0.657897 0.012878 -0.752998
13.3097 46.079 40.2797 0.506237 0 1.8 0 -0.973944 0.22348 -0.0385963
75.227 38.638 41.5619 0.343076 0 0.262593 0 0.888664 -0.014164 0.45834
12.8734 39.3717 37.9216 0.278631 0 -0.8 0 -0.0852475 -0.0545992 -0.994863
11.9517 40.956 55.0568 0.0918624 0 -3.5 0 -0.651416 0.264315 0.711192
21.3507 34.4679 48.9909 0.524899 0 3.61024 0 0.250876 -0.957746 0.140654
71.4021 35.5719 55.8961 0.507708 0 -3.9 0 0.3569 -0.488099 0.796481
56.7855 31.5091 53.0446 0.272765 0 -3.5 0 -0.70108 -0.679079 -0.217573
20.3785 47.8088 55.8085 0.896534 0 -3.5 0 -0.215211 0.831552 0.51206
21.2805 34.7259 42.6425 -0.58623 -0.140576 4.5 0 -0.0680141 -0.387084 -0.919532
13.7277 43.2766 45.6581 0.389486 0 -2.32843 0 -0.934879 0.288079 0.207395
38.4069 39.2814 59.0289 1.07487 0.0902215 -3.21127 0 0.0191895 -0.337156 0.941253
40.787 37.0925 54.3225 -0.0413164 0 -1.3 0 0.0649194 -0.990631 -0.120152
56.2503 31.9916 57.5267 0.410391 0 -3.9 0 -0.717987 -0.692464 -0.0706365
22.6634 49.1456 56.6326 1.16041 0.887492 -3.5 0 -0.221271 0.879095 0.422175
9.93644 53.4907 44.6474 3.07848 0 -3.9 0 -0.539839 -0.20237 0.81708
62.6829 50.7613 35.6898 0.0488005 -0.693017 -3.5 0 0.530936 0.610768 -0.587426
68.0259 57.6842 38.0086 1.02385 0 3.8 0 0.155989 -0.302178 -0.940402
75.5665 40.4531 52.8154 0.154676 0 4.5 0 -0.0407838 -0.306869 0.950877
60.406 55.4183 47.8133 2.11388 0 2.59584 0 -0.146372 0.596786 0.788937
54.7151 48.5462 31.9559 0.370721 0 4.2 0 -0.091812 0.412309 -0.906406
29.3981 37.611 54.2401 0.0970635 0 -0.9 0 -0.234717 -0.377337 0.895837
59.6839 29.0209 42.5628 0.488932 0 -3.5 0 -0.038964 -0.744753 -0.666202
52.6768 34.2395 45.318 1.26047 0 -4.5 0 -0.285501 -0.871699 -0.398284
47.4842 34.8239 44.0967 0.34561 0 1.8 0 0.0477222 -0.510151 0.85876
63.9598 31.9338 48.5975 0.574525 0 -3.9 0 0.720502 0.410273 0.559065
61.1791 59.676 49.8296 -1.17914 -0.40955 -3.32219 0 -0.544781 -0.077772 0.834964
14.3695 39.364 38.136 0.328514 0 -0.000347012 0 -0.100015 -0.0609406 -0.993118
46.4693 37.1689 32.2344 2.05473 0 -3.9 0 -0.44775 -0.505171 0.737782
63.0897 45.0145 33.2006 0.565329 0 -3.38737 0 -0.0840845 0.100636 -0.991364
22.4421 39.6727 54.9105 0.548393 0.224208 -3.5 0 0.62597 -0.684968 -0.372801
31.1027 42.7918 57.6316 0.45237 0 -0.9 0 0.348396 -0.641014 0.683902
32.0995 50.5983 36.2067 0.258892 0 -4.5 0 0.498288 0.440997 -0.746479
13.2909 55.1627 53.4761 0.457395 0 -4.5 0 -0.239278 -0.8769 -0.416884
26.2416 57.0479 54.6431 0.239838 0 3.8 0 0.444571 0.0424015 0.89474
28.3059 60.5469 50.0179 0.637034 0.00494813 -0.655387 0 0.880043 0.472009 0.0522718
66.2795 52.2214 62.692 0.617567 0 4.2 0 0.758697 0.288985 0.583837
30.6803 47.9109 58.3324 0.608779 0 -0.9 0 0.0294909 0.733071 0.679513
21.8762 38.0378 36.3078 0.422346 0.10005 -0.126795 0 0.399844 -0.800121 -0.447136
50.1787 39.9398 32.2887 0.356232 0 -3.9 0 0.639227 -0.64223 -0.423
13.3366 38.4158 38.3544 0.466357 0 -0.8 0 0.0471706 -0.432277 -0.900506
28.4572 62.8674 47.8027 0.992913 -0.421778 -0.7 0 0.211144 0.711648 0.670056
17.335 43.8196 57.2513 -1.17084 0 -3.5 0 0.376141 -0.417619 0.827111
14.854 37.7509 38.1953 0.536714 0 0.427318 0 -0.482588 -0.41254 -0.772606
15.8476 34.6306 43.4357 0.348066 -0.0814416 -0.45188 0 -0.594471 -0.800164 0.0796376
30.7419 52.1375 36.8186 0.874172 0 -4.5 0 0.197942 0.598832 -0.776028
71.5997 39.5715 56.0371 0.397386 0 -3.9 0 0.893609 -0.00809294 0.448773
15.3007 36.8589 39.4159 0.715132 0.210724 0.409066 0 -0.413383 -0.839878 -0.351737
16.0036 53.9369 43.2323 0.219993 0 -3.9 0 -0.0537562 0.52763 -0.847772
32.8901 46.5117 53.7027 -0.163994 0 -1.56444 0 0.815264 -0.385423 0.432196
56.5472 53.8714 57.1193 0.968216 0.0262135 -4.5 0 -0.203176 0.955135 0.215492
71.5637 36.4011 46.9481 1.11698 0 -3.5 0 -0.568045 -0.808858 -0.151901
43.3493 34.3452 45.5812 0.115716 0.0120921 4.2 0 0.254944 -0.889384 0.379472
42.4447 56.2438 52.0977 1.06014 0.0240278 0.953348 0 -0.73373 0.673297 -0.0911672
30.2271 36.1452 51.8722 0.0330129 0 -0.9 0 -0.313186 -0.948086 -0.055212
70.8006 55.4489 50.0239 2.05917 0.0165025 -1.3 0 0.882084 0.10591 -0.459032
51.1183 52.4745 56.7843 0.370506 0 -0.9 0 -0.392789 0.487779 0.779608
26.323 61.2144 49.5225 0.273711 0 -3.5 0 -0.466707 0.787854 -0.401834
46.0291 50.0376 57.4048 0.169289 -0.376375 -0.8 0 -0.415488 0.224322 0.881504
74.0062 36.7518 44.5861 0.693807 0 2.5 0 0.449019 -0.771603 -0.450567
53.4595 42.5945 36.6515 -0.831704 0 -3.5 0 0.489905 -0.507507 -0.708823
38.386 39.327 46.206 -0.205288 0 -0.9 0 -0.600138 -0.458519 -0.655435
68.7216 46.6004 38.0785 0.269738 -0.317102 0.0673651 0 0.989552 -0.0557485 -0.132961
70.7761 40.453 36.4108 0.304675 0 -0.8 0 0.394035 0.581025 -0.712142
42.7866 58.247 48.2397 -0.950497 -0.604244 -3.5 0 -0.443194 0.882979 -0.154684
65.8252 52.6854 63.7689 0.47528 0 4.2 0 0.893262 0.177064 0.413196
37.1369 35.6297 50.7346 -0.803486 -0.312 -2.28322 0 0.0999177 -0.975791 -0.194545
69.4321 71.3716 44.8849 0.0182341 0 1.9 0 0.0532591 0.720267 -0.691649
61.9812 52.3014 64.5803 0.162344 0 4.2 0 -0.914172 0.0923337 0.394669
19.7185 61.6465 52.1525 -0.312627 -0.293576 -3.5 0 -0.529528 0.84749 0.0368916
66.2645 52.0975 39.0322 0.620068 -0.754336 2.8 0 0.439074 0.63359 -0.637007
49.2267 59.6915 42.978 -0.0182813 -0.108243 -2.15619 0 -0.512594 0.821147 0.250929
63.0146 33.8107 57.3505 0.245961 0 3.8 0 -0.0492979 -0.944899 0.323629
49.0857 36.2127 44.8842 0.0610413 -0.0613578 1.13534 0 -0.129975 -0.740877 0.658945
28.1796 61.6786 51.9795 -1.46257 -0.106026 -3.5 0 0.922079 0.305934 0.237012
49.239 32.5866 51.5106 0.582174 0.619803 -3.69593 0 0.229889 -0.747774 -0.622884
18.0234 59.7885 43.8317 0.938304 0.815122 -3.5 0 -0.687755 0.22635 -0.689753
42.6037 37.0158 53.1135 0.274588 0 -1.3 0 -0.177336 -0.984147 0.00259456
68.9023 44.5821 36.4475 0.463022 0 2.8 0 0.919874 -0.333526 0.206378
72.7054 49.0501 61.9427 0.44738 0 -3.5 0 0.92741 0.355864 0.115204
43.1821 36.6175 40.7318 0.280006 0 -3.5 0 -0.58463 0.0919573 -0.806072
60.0192 31.9508 57.6771 0.572623 -0.083693 -3.76071 0 0.922055 -0.385966 0.0290676
48.5339 33.5262 42.7844 0.686379 0 1.8 0 0.205469 -0.747471 0.63172
56.0306 45.4834 58.1741 0.242801 0.267409 -0.7 0 0.0304573 0.182924 0.982655
60.1969 53.9197 59.2021 0.414162 0 -0.9 0 -0.641731 0.528395 0.555859
22.5758 43.4975 56.8176 -0.262468 -0.843592 -3.5 0 0.140529 -0.646797 0.749603
24.1054 56.8315 45.7261 0.250786 0.273152 4.16383 0 -0.404407 0.861238 0.307774
36.3778 34.4215 43.7958 0.875997 0.872174 -4.5 0 -0.236227 -0.494466 -0.836481
62.9456 37.7358 50.0475 0.53869 0 3.8 0 0.706989 -0.527718 0.470829
38.106 40.4395 43.485 0.695476 -0.146941 -0.8 0 -0.466587 -0.882062 -0.0652909
34.05 57.9165 42.1717 0.317361 0 4.5 0 -0.31073 0.948383 -0.0633722
39.957 55.587 47.441 1.07309 0 -3.5 0 0.127325 0.989339 -0.0706903
60.6646 32.1217 59.1196 3.39693 0.182795 -3.9 0 0.787608 -0.615208 0.034529
64.834 43.0459 61.0665 0.0937859 0 -4.5 0 -0.315843 0.385569 0.866937
13.608 54.402 49.98 -1.09906 -0.536026 -3.5 0 -0.262038 -0.428396 0.864762
61.3395 35.6674 58.9087 0.377235 0 3.8 0 -0.044107 0.00452263 0.999017
41.2591 46.4312 55.691 0.362363 -0.0969846 2.8 0 0.246367 -0.259988 0.933654
19.0816 61.5575 49.0745 0.231994 0 -3.5 0 -0.366127 0.930047 0.031035
27.1178 36.8358 48.404 0.158344 0 2.94116 0 0.346741 -0.215838 0.91279
40.2801 52.2165 54.8128 0.876272 0 -3.9 0 -0.188589 0.665209 0.722448
13.6883 35.9713 45.2804 0.80993 0.0568573 -3.5 0 -0.134359 -0.628539 0.766085
45.5973 56.68 40.4543 0.341386 0.284592 -0.9 0 -0.3588 0.929044 0.0902198
52.4303 53.6126 57.2679 1.37921 0.853601 -0.9 0 -0.191628 0.749324 0.633871
22.9144 63.9732 56.1196 0.597669 0.0160394 -3.5 0 -0.532806 0.0933561 0.841072
39.4943 48.177 33.4249 -0.435415 0 -3.5 0 -0.812607 0.575871 -0.0896787
71.4625 36.774 43.4123 0.590349 0 2.5 0 0.150394 -0.986246 0.0685559
43.332 31.625 41.7405 0.141873 0 -2.0017 0 -0.0493389 -0.972636 -0.227036
44.6278 33.2286 53.296 0.669401 0 -4.5 0 -0.472946 -0.437246 0.764943
10.8858 38.8838 38.5492 0.0875194 0 -0.8 0 -0.725333 -0.211347 -0.655152
28.1056 51.6804 36.7434 0.70609 0.655426 -4.5 0 -0.199128 0.906858 -0.371424
36.1497 32.7739 46.4516 0.961188 0 -4.5 0 -0.164595 -0.97257 0.164365
45.22 57.6605 43.914 0.411249 0 -0.9 0 -0.0839041 0.850856 -0.518657
64.4904 34.6584 46.3778 0.711015 0 3.8 0 0.829524 -0.464778 0.309631
35.2526 58.7774 49.0872 0.670991 0 -0.7 0 -0.0284343 0.906858 0.420476
14.2507 48.2916 49.6414 0.275883 0 1.8 0 -0.774883 0.180328 0.605837
49.2604 49.5421 58.0547 -0.310217 -0.139091 -0.8 0 0.210334 0.0262935 0.977276
31.3615 44.6239 40.3446 0.23515 0 3.13556 0 -0.247021 -0.249187 -0.936422
38.8247 55.6177 42.2277 1.5498 0 -0.8 0 0.0345393 -0.252865 0.966885
48.8894 57.6135 47.0081 0.519242 0 -2.23261 0 0.308968 0.940322 -0.142597
18.3345 39.0988 52.8446 -0.103381 0 -3.5 0 -0.164803 -0.954237 0.249545
47.0508 61.7129 52.0186 0.956323 0 -3.5 0 -0.670388 0.741203 0.0346188
46.1372 31.895 36.3597 0.548953 -0.0278218 -3.5 0 -0.198381 -0.533501 -0.822206
25.9969 49.3659 34.8416 -0.90491 0 -3.5 0 -0.192708 -0.036192 -0.980588
49.9478 53.2184 30.9017 0.262872 0 -0.7 0 -0.452457 0.82456 -0.33968
66.0903 64.9984 49.7429 0.410127 0 -4.5 0 0.297403 0.852706 0.429469
22.6179 56.5723 43.0815 0.152464 0 3.8 0 0.228374 0.582593 -0.78002
37.958 40.0949 60.1288 3.05608 0.528848 -3.9 0 -0.128026 -0.743003 0.656929
53.1632 37.5376 56.3389 -1.04286 0 -3.5 0 -0.670534 0.344385 0.657102
52.5741 46.5693 33.2951 1.24012 0 4.2 0 -0.0901306 0.161761 -0.982705
32.9015 38.4997 44.4087 0.269043 0.140004 0.643014 0 -0.747702 -0.210761 -0.629699
74.1301 45.6958 53.2625 0.0434567 0 4.5 0 0.906984 0.201212 0.36999
38.5666 49.5291 58.5321 2.67066 0.304525 -3.9 0 -0.676012 0.208293 0.706839
19.3131 39.5183 56.3717 0.360281 0 -3.5 0 -0.288516 -0.711655 0.640551
79.148 39.1859 51.7878 -0.52767 -0.0312444 0.0589291 0 0.0275404 -0.0455955 0.99858
38.0597 46.9342 35.2972 0.405551 0 -2.73917 0 -0.679122 0.0792762 -0.729732
77.4586 41.7172 53.1135 0.112399 0 4.5 0 0.227862 -0.0929962 0.969242
37.3988 43.7203 56.3368 0.786026 0 -3.9 0 -0.692334 0.60357 0.395445
19.8693 51.0793 54.9858 0.78531 0 -2.44397 0 0.226771 0.0548902 0.9724
42.5238 51.0573 55.7809 1.09598 0 -3.9 0 0.463648 0.753004 0.466922
34.0495 59.3768 48.3178 0.473719 0 -0.8 0 0.136645 0.780333 0.610253
14.5359 36.101 49.7714 -1.01331 -0.0860246 -2.30087 0 -0.558977 -0.817236 -0.140252
45.5574 45.0662 32.0658 1.3022 0.539299 -1.89181 0 -0.598826 -0.376225 -0.707009
33.2211 51.2647 54.1019 0.754812 0 -3.0395 0 0.390435 -0.362743 0.846155
63.6493 39.9074 61.2323 0.871944 0.00184643 -4.5 0 -0.535859 -0.367809 0.759981
31.3934 44.543 58.8726 0.441097 0 -0.9 0 0.469875 -0.294155 0.83228
47.7361 56.1456 33.8376 1.61112 0 -3.9 0 0.0818901 0.0308691 -0.996163
13.7108 49.0915 44.9195 0.130131 0 0.563527 0 -0.815685 0.254185 0.519662
19.1165 35.8406 41.2467 0.0476104 0 1.8 0 0.253182 -0.742121 -0.620609
65.5397 38.1109 50.6036 0.927363 0 2.55837 0 -0.615339 -0.778192 0.125598
35.5762 38.3555 56.0257 0.458894 -0.0662844 -1.3 0 -0.786109 -0.100956 0.609787
76.0231 45.4007 45.8079 1.19209 0 -3.9 0 0.722623 0.659871 0.205879
36.5716 55.3271 38.8154 1.29786 0 4.5 0 0.152353 -0.129199 -0.979845
72.8195 40.9146 39.3156 0.851057 0 2.5 0 0.259423 0.603251 -0.75418
62.3256 56.3143 55.8929 0.65743 0 -0.9 0 -0.592369 0.78747 -0.170265
70.3391 50.5969 49.8548 0.411721 0.804313 4.5 0 0.888604 0.432334 -0.153196
64.8662 27.3619 47.9647 3.36562 0.303633 -3.9 0 0.328061 -0.46106 0.824499
44.2026 35.3722 53.3013 0.262615 0.427404 -4.5 0 -0.916067 -0.241569 0.320101
48.9304 54.7368 55.0488 -0.471095 0 -3.9 0 -0.335681 -0.227227 0.914159
63.6019 55.9768 59.6054 0.313382 0.279613 -1.22887 0 -0.705427 0.69631 0.132385
20.1944 61.4151 48.3531 0.360307 0 -3.5 0 0.152096 0.983462 -0.0983311
39.9601 40.5115 37.1113 0.226802 0 -3.9 0 -0.472555 -0.821074 -0.320201
54.1582 52.6462 34.7806 -0.666913 -0.240794 -0.4 0 -0.234786 0.690701 -0.683965
74.4235 47.1954 41.1661 0.865919 0 -1.6 0 0.717352 -0.254505 -0.648562
76.296 38.291 46.0071 0.064179 0 -1.3 0 0.410627 0.515866 -0.751843
73.6515 38.2846 51.2051 0.371249 0.682927 4.5 0 0.115586 -0.21584 0.969563
37.0266 40.6205 44.9568 -0.0206483 0 -0.9 0 0.169194 -0.915636 -0.364669
16.8385 44.9164 58.1442 -2.08845 -0.719812 -3.5 0 0.381633 -0.0950057 0.919418
73.7002 64.1721 38.4372 -0.381985 -0.124405 -0.8 0 0.734119 0.140093 -0.664412
66.9994 57.5308 54.5778 0.32423 0 -3.9 0 0.227876 0.632262 0.740485
50.4756 47.4619 31.7074 0.98082 0 -3.5 0 0.896654 -0.366531 -0.248328
74.2309 60.2191 39.779 0.741882 0 -3.9 0 0.257686 0.303333 -0.917381
47.2364 35.3753 30.2965 3.17307 0 -3.9 0 0.000823235 -0.988988 -0.147994
36.0954 55.7849 53.5946 0.41197 0 -0.8 0 0.0157032 0.954379 0.298183
15.261 36.083 40.6872 0.741486 -0.0326408 1.43993 0 -0.330917 -0.759165 -0.560502
63.1546 65.3316 41.3643 0.448033 0 4.2 0 -0.109777 0.260594 -0.959187
20.8827 38.2157 35.9584 0.599905 0 -0.4 0 -0.101363 -0.908894 -0.404522
56.0213 57.0579 32.8362 -1.28527 0 -3.5 0 -0.198699 0.454947 -0.868068
43.9712 57.399 44.4326 0.597618 0 -0.9 0 -0.520907 0.819184 -0.239985
39.6792 54.0739 53.2657 0.88455 0 1.8 0 -0.411279 0.706282 0.576208
68.4195 51.195 61.8035 0.550615 0 -3.5 0 0.626776 0.661849 0.411228
65.1957 38.7523 59.3609 0.462103 -0.0849795 -3.43543 0 0.198039 -0.6527 0.731275
79.0498 41.7805 50.3564 0.090913 -0.0459101 4.23061 0 0.600767 0.715006 -0.357554
49.1152 61.4344 48.4707 0.750106 0 -3.5 0 -0.0911211 0.691629 -0.716482
51.6481 36.9525 35.1735 -0.18493 -0.369562 -3.5 0 -0.430149 -0.367112 -0.824742
51.2469 50.9531 57.5815 0.236783 0 -0.9 0 -0.45093 0.337667 0.826222
12.4309 55.9239 47.2074 -1.57876 0 -3.5 0 -0.635087 0.769677 0.0652883
33.7158 40.0798 38.754 0.218528 0 3.8 0 -0.362435 -0.684809 -0.6322
16.1791 36.4762 37.7583 0.346423 0 1.8 0 -0.334567 -0.841565 -0.424069
62.7325 54.9302 60.8027 -0.590677 -0.336112 0.284641 0 -0.583187 0.753731 0.302957
32.9181 43.9784 54.3497 -0.063161 0 -0.9 0 0.713145 0.474968 0.515586
48.3927 38.7215 34.5408 0.82336 0 -3.9 0 -0.114295 -0.962924 0.244366
72.7776 51.2501 36.3068 0.164967 -0.00616954 -3.5 0 0.859465 0.17013 -0.482053
19.095 55.1431 41.5266 0.226334 0 3.8 0 -0.230748 -0.230596 -0.945294
49.098 38.5391 55.7085 0.117816 0 2.8 0 0.244085 0.521341 0.817696
33.9961 35.6867 50.6983 -1.23607 -0.347031 -0.9 0 -0.168651 -0.874945 -0.453904
45.4227 32.0326 52.9554 1.28178 0.62715 -4.5 0 -0.127019 -0.843017 0.522675
45.3679 40.7874 37.4176 0.939983 0.00251265 -4.48533 0 -0.501137 -0.560308 -0.659482
52.3488 59.1739 49.7724 0.404497 -0.274514 -3.73886 0 0.666929 0.509938 0.543294
19.2043 58.4862 43.3614 0.280707 0 2.19362 0 -0.340959 0.580703 -0.739277
30.8452 55.7919 56.1461 -0.212111 -0.166348 -3.5 0 -0.145303 0.578561 0.802592
69.5931 45.9414 39.6432 0.0421758 -0.507071 -0.7 0 0.674549 0.19501 -0.712008
23.2396 56.3438 47.251 0.277288 0 2.5596 0 0.105298 0.908413 -0.404595
48.92 36.5421 56.6535 0.319746 0 2.8 0 0.170121 -0.33182 0.927876
12.782 44.53 53.542 -0.0341618 0 -3.5 0 -0.805076 0.551656 0.21801
75.0921 60.8929 43.3628 0.544684 0 -3.9 0 0.574757 0.268686 0.772957
57.8898 38.2505 57.8353 -0.176454 0 -3.81873 0 0.535042 0.0625071 0.84251
48.9557 34.3094 44.0402 0.405092 0 1.8 0 0.0273086 -0.707698 0.705987
65.5662 34.9909 38.1346 0.706741 0 -1.6 0 0.101838 -0.405604 -0.908358
74.3281 62.1678 40.6885 1.31642 0 -3.9 0 0.768868 0.31912 -0.55408
40.7118 40.2113 36.0416 0.516952 0 -3.9 0 -0.18317 -0.980665 -0.0688778
36.2689 38.6226 58.3433 0.805379 -0.0253895 -1.3 0 -0.733763 -0.17883 0.655448
12.2832 45.2363 52.3387 0.171946 0 3.8 0 -0.427606 0.647253 0.631044
63.1815 53.72 51.7685 2.55913 0 -3.78321 0 -0.938689 0.332586 0.0908299
76.2161 38.4369 37.4093 0.421156 0 -0.4 0 0.410841 0.599641 -0.686761
69.6591 51.122 48.7623 0.397664 0 4.06314 0 0.797174 0.535211 -0.279397
25.6949 63.9217 55.2757 0.794506 0.175862 -3.5 0 0.785002 0.43401 0.442048
65.7361 44.4924 32.2125 0.58688 0 2.8 0 -0.169348 -0.341216 -0.924604
58.7963 60.4818 44.4272 0.371069 0 -2.14982 0 -0.25966 0.913895 0.312046
40.7863 34.7637 46.9311 0.614181 0 4.2 0 0.050544 -0.769738 0.636356
74.943 50.6321 41.8446 1.09184 0 -1.6 0 0.970852 -0.115901 -0.209796
46.5503 42.339 57.9189 0.474405 0 2.8 0 0.781775 -0.224032 0.581926
64.101 58.7596 38.5915 1.31747 0 -3.9 0 -0.0786768 0.858731 -0.506351
73.58 37.421 37.492 0.524989 0 -0.4 0 -0.465542 -0.227515 -0.855282
33.3466 36.5705 43.6616 0.0868045 0.0628969 -4.5 0 -0.452078 -0.0819534 -0.888206
70.2438 39.5336 57.3676 0.445323 0 -3.9 0 0.577819 0.104215 0.809484
12.7894 35.9394 41.8315 -0.171525 -0.0682997 -3.5 0 -0.346804 -0.802688 -0.4852
37.6632 32.8588 45.7096 0.930243 0 -4.5 0 0.0472957 -0.973335 0.22446
64.1949 32.8978 46.1831 0.538369 0 -3.9 0 0.986279 0.164269 0.016425
66.5794 59.9015 49.589 0.743137 0 -1.84681 0 0.696275 0.315947 0.644499
41.0576 39.9037 57.4852 0.301354 0 -3.52819 0 0.547372 -0.139855 0.825121
26.022 60.9169 55.2459 -0.612355 0 1.20353 0 0.611322 0.10006 0.785031
70.994 35.04 42.0073 0.732184 0 -0.7 0 0.778819 -0.143944 0.610509
56.7295 60.4837 40.2059 0.38803 0 4.5 0 -0.518427 0.784957 -0.339227
51.0643 48.5064 30.9361 0.580528 -0.956557 -0.7 0 0.803235 -0.484927 -0.345917
28.2176 44.3232 38.5007 0.352636 -0.372578 -0.7 0 0.378703 -0.628062 -0.679796
75.449 61.1135 40.9098 0.625977 0 -3.9 0 0.728689 0.409196 -0.549155
18.7996 57.2111 41.9233 0.242936 0 3.8 0 -0.304834 0.460245 -0.833817
47.8027 60.4093 48.9395 1.24714 0 -3.5 0 -0.537902 0.520458 -0.663163
45.9223 60.0658 52.1226 1.36133 0 -3.5 0 -0.679311 0.718447 0.149565
52.7215 44.4641 58.3344 0.20707 0 -0.7 0 -0.466191 0.274964 0.840869
26.788 61.8025 44.1027 0.267004 0 -0.7 0 -0.659244 0.580039 -0.478488
58.5689 49.6053 58.5845 0.114405 0 -4.5 0 0.1197 -0.325553 0.937916
54.5761 32.7586 55.1019 0.740513 0 -3.5 0 -0.19333 -0.92886 0.315979
47.0109 42.3209 31.5116 1.0765 0.122786 -3.9 0 -0.385722 0.436026 -0.81308
26.5588 61.7562 46.8195 -0.650787 -0.672209 -0.7 0 -0.853641 0.518364 0.0509422
58.3236 57.9135 48.2018 2.4302 0.571162 -0.7 0 0.265483 0.0409315 0.963246
41.5539 35.2904 48.3009 0.321168 0 4.2 0 -0.0726111 -0.815306 0.574459
66.3337 53.7827 56.2875 0.302092 -0.0788107 -3.5 0 0.948009 0.138615 0.286468
19.3316 56.288 53.9246 0.150757 -0.513999 -4.01056 0 -0.0634634 -0.445258 0.89315
23.4364 44.3249 57.8872 -1.04489 -0.399691 -3.5 0 -0.0271937 -0.64903 0.760276
59.8128 44.781 58.6981 -0.438933 -0.0771883 1.1446 0 -0.555243 -0.0992581 0.825744
20.098 51.2384 42.9459 0.0923695 0 3.80959 0 -0.34522 0.55772 -0.754832
39.8176 43.4974 59.041 1.2131 0 -3.9 0 0.300686 0.742773 0.598228
30.6042 41.5855 56.1461 0.172518 0 -0.9 0 -0.342933 -0.591964 0.729366
30.5807 54.0921 56.75 0.473227 0 -3.5 0 -0.18668 0.0103552 0.982366
64.1412 61.4339 51.2454 0.380607 0 -4.15195 0 0.00435257 0.125257 0.992115
70.8597 34.7108 49.0094 -0.763425 -0.334273 -3.5 0 -0.56578 -0.497129 -0.657842
23.6038 65.3978 55.6169 0.819343 0.090666 -3.5 0 -0.179651 0.892414 0.413912
42.1905 33.2946 44.5382 0.898308 0 -1.2249 0 0.179814 -0.683883 0.707087
79.803 34.302 48.593 -0.00984605 0 -1.3 0 0.809055 -0.573333 -0.129304
63.1691 49.2267 64.9368 0.157636 0 4.2 0 -0.490944 -0.628059 0.603752
45.6351 37.062 31.2729 2.32434 0 -3.9 0 -0.900205 -0.30811 0.307733
19.9113 41.5786 57.0134 0.5794 0.00208233 -3.5 0 -0.129841 0.216034 0.967714
27.3868 59.379 53.6324 0.142962 0 3.8 0 0.632593 0.392456 0.667686
13.7429 48.0504 42.3358 0.254837 0 1.8 0 -0.758325 0.39152 -0.521205
61.7667 33.9226 56.7629 0.217012 0 3.8 0 0.15221 -0.988193 0.0175204
73.5049 50.1147 55.2915 -1.76864 -0.0364541 -3.5 0 0.449593 0.869406 -0.204939
26.4794 32.2832 44.4618 0.0362237 0 4.5 0 0.740138 -0.569987 -0.356807
81.9219 37.1655 51.4781 -2.29142 -0.773389 -1.3 0 0.412663 -0.666514 0.620861
23.9976 59.7041 56.1976 0.446399 -0.10712 3.8 0 0.293007 0.310343 0.904342
59.6865 61.4816 48.9093 -2.04297 -0.0158324 -3.5 0 -0.46877 0.735697 0.48888
56.3451 34.0051 60.4475 0.726918 0 -3.9 0 -0.414367 0.0733629 0.907148
12.105 55.3182 44.6396 0.944663 0 -3.9 0 -0.22245 0.972781 -0.0649158
12.39 52.8209 45.4233 0.851336 0 -3.9 0 -0.456868 -0.533965 0.711444
12.221 36.5129 53.2287 0.106993 0 -3.5 0 0.0647945 -0.997882 0.00582687
55.0523 35.631 60.0304 0.328163 0 -3.9 0 -0.522942 0.043344 0.851266
47.1179 36.3885 46.98 0.854823 0 -4.5 0 0.405484 -0.802841 -0.437069
59.9729 31.9086 60.462 3.04314 0.158876 -3.9 0 0.498877 -0.63307 0.591899
14.1838 48.0736 47.8462 0.152102 0 2.3248 0 -0.9712 0.234706 0.0410271
26.7364 61.0391 53.6459 0.0836322 -0.29255 -1.28552 0 0.832895 0.0969266 0.544877
52.3832 52.4947 32.4313 0.032868 0 -0.7 0 0.65923 0.724382 0.201708
59.4855 36.1831 57.9248 0.480965 0 -3.87002 0 0.077588 0.636676 0.767218
56.284 55.816 50.7355 0.52618 0 4.5 0 0.317028 0.679895 0.661238
30.1553 40.8523 40.9261 0.117502 0.0792321 -0.8 0 -0.159432 -0.979087 -0.126371
73.7151 46.9622 55.3104 -1.07495 0 -2.45016 0 0.983282 -0.178876 0.0340545
32.7863 58.1201 52.3717 0.621916 0 3.8 0 0.46387 0.634327 0.618429
16.2119 51.1382 50.9618 0.313311 0 -2.70289 0 -0.914539 0.376632 0.147536
76.7882 39.9212 47.7492 0.163611 0 4.5 0 0.311318 0.537015 -0.784025
15.9781 48.6343 51.1246 0.439696 0 3.79071 0 -0.83966 -0.104333 0.532998
64.9073 57.6698 63.0689 -1.71256 -0.00660881 -3.5 0 -0.207953 0.396883 0.894002
71.6728 64.5959 43.5949 0.670489 -0.16992 -1.29923 0 0.348707 0.732073 0.585211
52.9191 51.3978 58.788 0.499896 0 -0.9 0 -0.0573405 0.445501 0.893443
75.5269 52.1421 41.8823 0.627317 0 -1.6 0 0.992092 0.00127856 -0.125505
36.2666 40.0683 38.2246 0.712542 0 3.8 0 0.0900086 -0.828767 -0.552307
70.8597 49.6852 54.3624 -0.0580408 0 -3.5 0 0.195713 0.857918 -0.475051
11.5049 55.9469 53.2058 1.2055 0.778806 -4.5 0 -0.92583 -0.375905 -0.0391705
27.5484 36.984 41.7851 -1.1446 -0.910361 -0.7 0 0.773559 -0.478021 -0.416055
30.7313 46.0466 39.2199 0.260608 0 2.63828 0 -0.127785 -0.897388 -0.422334
66.2268 60.984 42.2567 1.24143 0.633771 -0.8 0 -0.716412 0.322925 -0.618444
56.9001 29.1227 46.9211 -0.596771 -0.33211 -3.5 0 -0.594622 -0.790835 0.14493
69.87 55.6461 38.8093 0.632938 -0.186446 -0.60866 0 -0.104146 -0.045687 -0.993512
26.1243 36.4465 40.7839 -0.122621 -0.140329 -0.7 0 0.548856 -0.490588 -0.676817
13.3251 49.8402 43.2954 0.337376 0 -3.9 0 -0.717197 -0.269892 -0.642484
47.6185 50.4371 58.2427 -1.3919 -0.29657 -0.8 0 -0.204622 0.591559 0.779864
52.1529 40.1722 55.57 -1.36013 -0.622494 4.5 0 -0.538424 -0.251258 0.804344
34.0968 44.9762 34.3559 0.169476 0 -0.8 0 0.189242 0.0103572 -0.981876
13.4929 44.4324 46.6046 0.430025 0 3.8 0 -0.838281 -0.543158 0.047584
68.3453 52.7933 39.088 1.80731 0.9243 -3.5 0 -0.405395 0.691448 -0.597959
17.6178 58.5512 48.9009 -0.0218438 0 -3.5 0 -0.841126 0.507929 0.185782
24.3749 33.8336 49.3343 -0.734734 -0.296855 4.5 0 0.0472169 -0.761886 0.645987
68.2965 50.6604 55.3907 0.8088 0 -1.01405 0 0.465289 0.87702 0.11976
72.4218 41.8191 55.8166 0.625506 0 4.5 0 0.687587 -0.457173 0.564107
55.7817 40.9132 36.669 -0.438796 0 4.5 0 -0.32608 0.072671 -0.942545
74.1192 54.9313 43.6561 0.592017 0 -1.6 0 0.569056 0.458996 0.682274
61.7206 55.2448 58.3377 0.471528 0.114718 -0.9 0 -0.460975 0.77983 0.423518
75.797 41.6122 42.1376 1.29595 0 -2.54028 0 0.891632 -0.281175 -0.354871
37.5355 57.822 37.6468 3.09108 0 -0.8 0 -0.456056 0.185485 -0.870407
40.6333 36.6133 42.2626 -0.412747 -0.801253 -1.13576 0 -0.405729 0.542555 -0.735539
42.9959 41.7943 33.8875 1.56023 0.299767 -0.870972 0 0.514672 -0.746289 -0.422097
62.0916 27.9459 47.1213 1.97307 0.820297 -3.9 0 -0.721385 -0.679703 0.132693
36.6932 41.6254 35.4999 -0.127177 -0.00352531 3.8 0 -0.399162 -0.720217 -0.567413
57.7429 29.7724 56.4508 -1.67637 0 -3.5 0 -0.533255 -0.816741 0.220394
69.1401 35.4626 54.6959 1.07078 0 -3.9 0 -0.670585 -0.596529 0.440985
49.5574 61.9956 52.6746 -0.419279 -0.724634 -3.5 0 0.219709 0.623415 0.750387
77.036 35.613 45.149 0.196486 0 -1.3 0 0.309861 -0.240028 -0.919985
33.6799 35.7901 47.8904 0.102949 0.311154 -4.5 0 -0.472876 -0.630874 0.615131
30.8092 55.7481 43.6771 0.434283 0 1.8 0 -0.0813225 0.769708 -0.633195
53.8123 54.1483 55.188 0.340022 0 -0.9 0 0.386402 0.900784 0.198196
74.4391 47.2008 46.5324 0.524423 0 4.5 0 0.682384 0.565785 -0.462859
69.0329 34.3278 43.3067 0.395082 0 -0.7 0 0.393781 -0.0940209 0.914383
41.3199 53.8499 34.3278 1.42598 0.880174 -3.5 0 -0.733859 0.138386 -0.665057
62.9013 56.0429 54.6411 0.776481 0 -0.9 0 -0.710381 0.540846 -0.450382
71.8132 57.6785 38.3825 2.01845 0.768515 -3.9 0 0.0299774 0.284483 -0.958212
32.6377 49.6821 54.1029 1.40513 0 -3.5 0 0.340442 0.235087 0.910403
56.8195 58.4697 37.7964 -0.0259073 0 3.48229 0 -0.229255 0.876745 -0.422802
37.9329 35.0154 47.5286 0.0932065 0 -3.21489 0 0.408398 -0.66672 0.623455
14.1471 39.9626 55.0841 -0.091372 -0.40178 -3.5 0 0.0796016 -0.111316 0.990592
56.2691 46.5379 57.5276 -0.327658 0 -2.93883 0 -0.074689 0.197599 0.977434
64.8874 33.8824 44.5757 -0.554716 -0.628829 -1.6 0 0.609369 -0.706543 0.359814
28.921 41.284 42.803 -0.673172 -0.54897 -0.8 0 0.23815 -0.952789 -0.188357
66.4174 48.5085 33.464 0.828638 0 2.8 0 0.142168 0.680133 -0.719171
14.9539 37.3684 48.2671 0.427899 0 4.2 0 -0.50366 -0.634619 -0.586161
36.0177 37.002 43.5628 0.301161 0 -4.5 0 0.469712 0.591673 -0.655205
62.7751 32.062 50.2799 0.476175 0 -3.9 0 0.878768 0.0449707 0.475126
67.2659 39.9835 59.4403 0.228509 0 2.80391 0 0.678585 -0.381297 0.627802
25.1595 33.8296 43.4292 0.159086 0 3.02709 0 0.458794 -0.308288 -0.833346
63.0265 37.3677 52.6188 0.636839 0 -2.01009 0 0.588859 -0.519471 -0.619189
71.132 53.1784 44.2099 0.294862 0 -1.6 0 -0.0611259 0.479557 0.875379
46.4463 41.3295 56.4927 -0.213424 0 2.8 0 0.692409 -0.245759 0.67836
47.9633 34.1893 48.9253 1.05775 0.433908 -4.5 0 0.392975 -0.566249 -0.724523
62.2682 47.3225 60.9959 0.13498 0 -0.4 0 -0.609119 -0.545593 0.575589
11.2192 40.2324 54.2479 0.511035 0 -3.5 0 -0.635225 0.767681 -0.0845864
69.7647 57.4679 45.7841 -0.499736 -0.481374 -4.5 0 0.792901 -0.321165 0.517843
69.8056 50.2219 57.285 0.75127 0 -3.5 0 0.149712 0.972425 0.178816
64.345 40.1472 33.5986 3.95318 0.220052 -3.9 0 0.0617681 -0.572981 -0.817237
13.185 44.1452 39.9015 0.256133 0 1.54587 0 -0.648278 0.198352 -0.735113
62.5638 51.4463 37.1479 0.766044 -0.0119269 -3.5 0 0.579828 0.591031 -0.560786
47.9515 37.8309 29.2462 2.77584 0 -3.9 0 0.334994 0.193756 -0.922083
66.5557 68.8744 46.2165 0.288096 0 1.9 0 -0.701106 0.677117 0.223522
42.1128 48.6383 56.8787 1.59443 0.123557 -3.9 0 0.697432 -0.352049 0.62422
35.1451 43.7152 34.5591 0.242537 0 -0.8 0 0.149709 -0.284384 -0.946949
60.5709 31.128 51.6071 -0.68048 -0.298351 -3.9 0 0.298814 -0.821379 0.485847
65.4455 59.0446 38.444 0.945329 0 -3.10108 0 -0.594075 0.605731 -0.529306
18.02 51.4717 43.0505 0.248698 0 1.39501 0 0.19242 0.336254 -0.921905
42.6099 57.1632 42.3504 0.832237 0.0402364 -0.893621 0 0.259702 0.893219 0.367036
65.8938 36.3568 46.8882 0.677252 0 3.8 0 0.460581 -0.850041 0.25553
61.2365 51.8017 34.9627 -0.991565 -0.159142 -3.5 0 0.35716 0.442363 -0.822649
59.7606 51.9466 50.5859 4.17988 0 -4.5 0 0.277517 0.816096 0.506923
29.6249 39.7348 54.3961 -0.0486652 0 -0.9 0 -0.57794 -0.0922626 0.810847
55.9132 32.6156 59.7346 0.931898 0 -3.9 0 -0.746735 -0.36251 0.55765
11.8866 57.4544 51.7006 1.04608 0.00875601 -4.5 0 -0.718459 0.083437 -0.690547
73.8905 35.5542 51.0728 -0.170597 0 -3.5 0 0.532577 -0.42543 0.731691
54.8647 53.0209 56.8942 0.358691 0 -3.96281 0 -0.0516505 0.825531 0.561988
11.3216 39.9344 55.9539 0.644982 0.474204 -3.5 0 0.179512 0.740272 0.647899
79.3091 38.8688 47.1032 0.279207 0 -1.3 0 0.223197 0.656143 -0.720874
56.6118 51.4999 34.2174 -0.224493 0 2.44535 0 0.1751 -0.118482 -0.977395
37.8428 45.9583 53.5761 0.995134 0.575564 -3.9 0 -0.157832 0.528323 0.834245
44.7574 42.1141 33.4822 0.196552 -0.983029 -0.7 0 -0.325958 -0.814282 -0.480309
47.7091 31.1268 37.9437 0.407999 0 -3.5 0 0.596952 -0.798861 -0.0739566
29.4469 60.7295 43.8789 0.366208 0 -0.7 0 0.691823 -0.0392078 -0.721002
27.6315 37.5168 52.7458 -0.0708164 0 -0.9 0 -0.736862 -0.627153 0.252418
16.971 33.7945 45.0569 0.580568 0 1.8 0 -0.792721 -0.592708 0.142443
26.1168 48.1702 57.0532 0.58806 0 -3.5 0 -0.0396878 0.874866 0.482737
41.9724 36.6302 56.2435 0.355501 0 -1.3 0 0.244765 -0.94968 0.195444
30.1928 43.3814 57.9534 0.155127 0 -0.9 0 -0.247934 -0.652294 0.716269
38.1226 50.1867 55.2982 1.60048 0 -3.9 0 -0.86034 0.505115 0.0683718
70.1371 55.9166 54.8724 0.530094 0 -3.9 0 0.389796 -0.106924 0.914673
29.5394 52.9398 37.3471 1.5413 0 -4.5 0 -0.227911 0.645748 -0.728743
75.1234 48.2694 42.4383 1.03462 0 -1.6 0 0.991276 -0.0949591 -0.0914038
26.2962 51.7726 35.9896 -2.21389 -0.436873 -3.5 0 -0.068486 0.976372 -0.204957
62.171 52.9316 50.4916 4.90507 0 2.01073 0 -0.648327 0.553772 0.522502
33.7817 58.3416 40.6493 0.433922 0 4.5 0 -0.373355 0.920556 0.114812
15.5569 38.7583 53.9964 0.104353 0 -3.5 0 0.385401 -0.71558 0.58259
47.2675 58.5663 34.8385 3.27836 0.502147 -3.9 0 0.215417 0.901378 -0.375649
67.9441 38.3151 59.0824 -1.53845 -0.305933 3.8 0 0.370892 -0.298752 0.87931
46.9496 33.3882 43.1309 0.111679 -0.682003 -3.35974 0 0.239981 -0.566926 0.788038
77.2191 37.3764 45.5271 0.205066 0 -1.3 0 0.132128 0.302784 -0.943856
10.4281 37.181 48.024 3.37902 0.447739 -3.9 0 -0.494203 -0.750342 0.439033
15.2364 51.4132 49.5755 0.29108 0 1.8 0 -0.657353 0.353089 0.665744
70.6239 50.055 51.1029 0.0753075 0 4.5 0 0.661402 0.687407 0.300031
71.2571 56.9094 43.0095 0.72836 0 -3.9 0 0.398718 -0.208856 0.892975
69.2684 68.756 43.6387 -0.420317 0 1.9 0 0.239853 0.0358517 -0.970147
65.08 57.414 57.364 -0.162962 -0 -0.9 0 0.328873 0.908379 0.258244
43.8007 52.0758 33.9204 -0.13077 -0.03983 -1.71924 0 -0.543216 0.088387 -0.834928
73.9912 65.5918 39.5549 0.184985 0 -0.8 0 0.656557 0.734639 -0.170992
59.9202 60.362 40.127 0.766548 0.0813697 4.5 0 0.363078 0.770006 -0.524657
72.8818 33.7459 53.3862 3.83817 0.160803 -3.9 0 0.657584 -0.728825 0.190783
64.3606 49.9385 35.7304 1.24681 0.520038 2.8 0 0.0530065 0.827376 -0.559141
44.8395 33.4642 35.7167 -0.845809 -0.0112425 -3.5 0 -0.516469 -0.180151 -0.837141
49.5064 40.4894 31.0382 0.641531 0 -3.9 0 0.48294 0.0356873 -0.874926
75.2265 49.665 42.9265 0.630878 0 -1.6 0 0.93161 0.0299887 0.362219
30.8512 46.2975 37.6845 0.304278 0 -0.724858 0 -0.556759 -0.749447 -0.358259
27.3677 48.1808 34.8159 -1.53545 -0.390004 -3.5 0 0.183787 -0.356427 -0.916069
25.655 39.733 52.0802 0.156726 0.140682 -0.9 0 -0.436259 -0.425978 0.792604
23.3342 42.3827 32.0392 0.154599 0 -0.7 0 -0.230623 -0.25432 -0.93922
66.9327 52.0905 56.2767 0.394321 0 -0.8 0 0.872831 0.455304 0.175686
57.4402 31.1891 60.3848 0.785047 0 -3.9 0 -0.199576 -0.76892 0.607398
32.8471 59.772 50.0648 0.5393 0 3.8 0 0.0709253 0.971193 0.227494
51.5088 60.015 41.5211 0.618273 0 -0.7 0 0.444308 0.88664 0.128295
18.3711 44.2635 38.6719 0.0056798 -0.345301 -0.628157 0 -0.51142 -0.313784 -0.799993
60.9431 55.8411 56.4041 0.523383 0 -0.9 0 -0.649968 0.755675 0.0806081
62.5687 34.9359 39.3834 0.471818 0 -1.6 0 -0.634486 -0.27544 -0.722191
52.0076 47.8259 57.9841 0.14476 0 -0.66503 0 -0.30833 -0.200091 0.929998
58.0661 30.04 53.4615 -0.0412441 0 -3.5 0 -0.0831509 -0.898575 -0.430869
67.7055 43.1007 39.3528 0.57777 -0.756984 -0.7 0 0.399919 -0.494691 -0.771587
14.3573 57.2414 47.5636 0.00840256 0 -3.5 0 -0.461654 0.873859 -0.152469
73.0553 36.9625 42.1686 0.384926 -0.431648 1.02808 0 0.114812 -0.92321 0.366744
39.2517 59.0279 40.8789 1.45319 0 -0.8 0 -0.00898339 0.965676 0.259595
71.5269 49.7273 60.3426 0.382633 0.0250605 -3.5 0 0.538714 0.783071 -0.310785
23.029 65.2711 53.5104 -0.613212 -0.236185 -3.5 0 -0.155296 0.968564 -0.194337
56.205 30.281 46.421 0.178637 0 -3.5 0 -0.845248 -0.529662 -0.0708075
27.0971 48.2098 57.4016 0.547498 0 -3.5 0 -0.238569 0.652105 0.719613
72.2664 39.5912 53.4904 -0.82902 -0.409699 4.5 0 0.822616 -0.380428 0.422585
67.7706 62.318 48.7904 0.972586 0.549742 -4.5 0 0.967205 0.0315068 0.252034
45.9902 40.9404 31.2157 0.816488 0 -3.9 0 -0.896612 0.381205 -0.225321
17.2429 48.4404 40.8425 0.123403 0 1.8 0 0.0287999 0.759576 -0.649781
34.2566 44.7146 52.7381 -0.896438 -0.666515 -3.5 0 -0.198391 0.538359 0.81903
30.3402 37.0064 48.7389 0.0268713 0.0635053 0.53914 0 0.0707547 -0.906901 0.41536
63.3041 65.212 47.522 0.0946458 -0.615311 2.71746 0 -0.66507 0.428774 0.61142
72.6905 37.845 37.7405 0.619325 -0.279392 -0.619026 0 0.117555 -0.46536 -0.877281
45.0788 40.0545 38.4719 0.883259 0.717126 -3.83432 0 -0.354343 -0.549345 -0.756744
72.7698 62.9393 44.865 -1.36964 -0.606759 -3.9 0 0.259812 0.0785407 0.96246
49.6102 33.0599 41.9665 0.383936 0 1.8 0 0.448057 -0.841964 0.30057
16.7869 33.0346 50.03 0.306701 0 -1.6 0 -0.503909 -0.856256 0.113583
70.6042 53.0406 50.848 0.593485 -0.132474 -1.3 0 0.980122 -0.198347 0.00437515
18.1903 36.3882 37.8626 0.217148 0 1.8 0 0.225086 -0.828629 -0.512553
67.6101 40.0106 36.2661 0.596388 0 -0.8 0 -0.594475 0.263124 -0.759845
39.6224 40.6214 35.3846 0.698768 0 -3.9 0 -0.39907 -0.903933 0.15378
12.3245 45.6367 47.285 0.291926 0 1.8 0 -0.911939 0.40722 0.0503948
30.0896 41.2031 42.1724 -0.424427 0 -0.8 0 -0.100027 -0.98159 0.162714
39.5766 43.3146 31.9242 2.01285 0 -3.9 0 0.127183 0.828509 -0.545341
67.5629 66.8018 47.8143 0.606543 0 1.9 0 0.242131 0.0412215 0.969368
30.7567 36.7967 50.1936 -0.00913296 0 -0.9 0 -0.393261 -0.853583 -0.341675
16.1545 36.4635 51.414 0.165624 0 -2.60819 0 0.00044748 -0.5252 0.850978
33.3148 58.5301 51.2261 0.676966 0 3.8 0 0.396789 0.71215 0.579138
18.4417 52.4544 54.9681 0.970205 0 -3.9 0 0.21856 0.41891 0.881332
16.08 53.2735 54.4005 0.485154 0 -3.9 0 -0.669578 0.37399 0.641714
59.3447 40.2598 57.2837 -0.320292 0 -3.5 0 -0.466715 0.186158 0.864594
50.183 38.423 34.7625 0.631023 0 -3.5 0 -0.087353 -0.888233 -0.451012
27.6055 40.3268 43.9106 0.12566 0 1.20441 0 0.690764 -0.609408 -0.389188
53.355 33.4966 36.9726 0.476979 0 -3.5 0 -0.14498 -0.888676 -0.435014
29.738 59.4417 49.1635 0.798558 0.871413 -0.7 0 0.487612 0.743932 0.456947
78.6885 35.1465 46.9195 -0.515737 0 -1.3 0 0.672802 -0.368112 -0.64174
54.2518 48.7942 58.9537 0.34338 0 -0.9 0 0.219641 -0.285731 0.9328
65.184 40.9813 38.0364 0.916649 0 2.8 0 0.836205 0.239153 -0.493526
68.0648 67.7584 44.0106 0.532745 0 1.9 0 -0.172559 0.204299 -0.963579
45.3768 59.4229 49.5807 1.35765 0 -3.5 0 -0.365971 0.850556 -0.377651
61.12 57.3765 47.4 1.34715 0 -0.7 0 -0.33825 -0.0763987 0.93795
29.125 38.0202 50.2695 -0.477513 0 -0.9 0 -0.357458 -0.928952 -0.0962915
16.424 51.9305 42.541 0.336284 0 -3.9 0 0.349283 0.233034 -0.907577
38.243 55.873 45.8515 0.833814 -0.464394 -0.766619 0 0.767843 -0.0193448 -0.640345
58.109 28.9541 44.014 0.358718 0 -3.5 0 -0.305476 -0.854445 -0.420247
28.0116 56.7984 43.6156 0.793655 0 4.5 0 0.615527 0.462883 -0.63786
50.129 51.0425 57.2586 0.394522 0 -0.8 0 -0.0730639 0.468006 0.8807
32.3494 56.6286 54.927 1.36454 0.415296 -3.5 0 0.281483 0.948697 0.14402
62.6136 31.5544 42.355 0.636377 0 -3.5 0 0.473528 -0.228856 -0.850527
70.482 61.87 39.17 0.848128 0.49536 -0.8 0 -0.455136 -0.131427 -0.880669
18.9766 53.8259 54.1586 0.674583 0 -3.9 0 0.0370402 0.429259 0.902422
29.5965 54.4069 40.6596 0.885267 0 -4.5 0 0.162084 0.963758 -0.211894
67.8355 56.3092 54.8762 0.457736 0 -3.9 0 0.284298 0.279976 0.916945
50.4421 51.8069 29.6068 0.0213893 0 -0.7 0 -0.121954 0.366948 -0.922213
15.8967 35.0719 45.1396 0.633874 0 -3.5 0 -0.52102 -0.669166 0.529863
14.967 52.8481 42.385 0.419393 0 -3.9 0 0.296854 0.434294 -0.850451
19.1752 44.7255 37.4628 -0.227361 -0.265643 -0.7 0 -0.544994 -0.546214 -0.636107
66.6695 35.4771 51.2658 2.69703 0.264669 -3.9 0 -0.693235 -0.613802 0.37772
15.5667 48.274 54.6017 1.3056 0.87683 -3.9 0 -0.976978 -0.106736 -0.184721
29.146 45.479 37.6432 0.614416 0.630613 -0.7 0 0.483634 -0.632577 -0.604933
74.0463 55.1708 39.6535 2.49924 0.520163 -3.9 0 0.74681 -0.55803 -0.361769
35.1287 39.4556 44.456 0.0451359 0 1.8 0 0.810699 -0.422263 -0.405538
61.8931 34.2481 41.0872 0.389498 0 -1.6 0 -0.779568 -0.493889 -0.385159
47.4561 58.4756 46.8395 0.932065 0 -0.9 0 0.228124 0.942999 -0.242304
17.8746 59.767 51.6928 0.729567 0 -4.5 0 -0.515627 0.676017 -0.526432
32.2815 45.3745 56.183 -0.406033 0 -0.9 0 0.981405 -0.0112164 0.191619
48.7728 52.2228 31.9668 0.44476 0 -0.7 0 -0.570823 0.794352 -0.207765
53.0833 35.3978 56.5743 0.711811 0 -3.7756 0 -0.645652 -0.189869 0.739651
13.2353 55.5918 50.543 0.136884 -0.0199156 -3.86654 0 -0.893768 -0.311407 0.322806
62.1158 55.7446 49.2048 2.31948 0 1.83116 0 -0.824224 0.263089 0.501437
38.2394 40.2586 38.7998 0.607226 -0.0635786 2.59207 0 -0.0313348 -0.884756 -0.464999
24.807 53.5914 39.8687 0.417693 0 1.8 0 -0.367161 0.232566 -0.900614
63.7062 34.2001 47.9071 -0.40063 0 3.8 0 0.756866 -0.320591 0.56954
70.0665 53.8327 52.7685 0.645907 0 -2.78647 0 0.660955 -0.46732 0.587154
40.6297 58.9595 40.8003 0.722098 -0.266497 -0.8 0 0.0968394 0.970739 0.219746
53.2812 58.4372 39.4103 -0.562977 -0.848339 -0.8 0 0.0928007 0.943897 -0.316933
25.7527 39.5227 36.8101 -2.10777 -0.368083 -3.5 0 0.224546 -0.212596 -0.95099
32.8618 36.6483 54.3487 0.654784 0 -0.455406 0 -0.274748 -0.667888 0.691693
39.8769 38.3775 58.6799 0.362515 0 -1.3 0 0.372638 0.0299968 0.927492
28.4137 52.6835 38.5658 1.23576 0 -4.5 0 -0.880327 0.271363 -0.389084
18.3021 50.1834 42.2824 0.999359 0 1.52671 0 -0.159272 0.676614 -0.718906
46.8833 59.0926 48.4184 1.04536 0 -3.5 0 -0.281048 0.794212 -0.538738
27.2464 39.3106 42.582 -0.664011 -0.964539 -0.7 0 0.999567 0.00531966 -0.0289251
59.452 54.4497 34.84 0.683637 0.102343 -3.5 0 0.928092 0.0157423 -0.372019
18.5623 37.0317 51.4581 0.104738 0 -1.6 0 -0.205752 -0.0451343 0.977563
65.6865 52.5475 38.1835 0.842494 -0.109236 -0.495844 0 0.181923 0.293392 -0.938523
28.9858 50.919 54.9872 0.593713 0 -3.5 0 -0.443985 0.00740204 0.896004
19.6322 44.9784 56.1203 -0.0992279 0 -3.5 0 -0.150101 -0.152692 0.976808
57.9574 47.1676 58.3261 -1.09349 -0.606959 -3.5 0 -0.222543 -0.0659423 0.97269
61.9471 34.5206 49.7617 0.536304 0 -0.860465 0 0.922132 0.0570118 0.382651
36.769 42.536 59.122 2.57653 0.134166 -3.9 0 -0.87983 0.467544 0.0854505
63.6907 38.6242 59.8954 0.601816 0.0466475 -1.54138 0 -0.180801 -0.437804 0.880704
61.8839 43.5129 33.2937 0.906314 0 -3.9 0 -0.133523 -0.236124 -0.962506
15.706 50.544 55.222 2.29186 0 -3.9 0 -0.790273 0.261997 0.553919
51.4567 39.4586 33.8036 0.130612 -0.349676 -3.85065 0 0.636988 -0.63927 -0.430789
73.5733 53.0168 40.2838 0.470479 0 -2.03417 0 0.731049 0.178495 -0.658564
66.8429 40.7035 38.9673 1.10085 0 2.8 0 0.212056 0.48837 -0.846479
67.6742 55.4438 59.2585 0.209756 0 -3.5 0 0.830724 0.13893 -0.53907
16.9398 57.5207 49.5547 -0.12555 0 -3.5 0 -0.674382 0.737993 -0.0239757
48.0898 32.404 52.3675 0.663449 0.297942 -4.5 0 0.0854763 -0.816437 0.571073
32.5024 39.5184 43.0267 -0.0529369 0 3.56368 0 -0.793966 -0.602903 -0.0782709
50.1068 57.2866 55.6575 0.62278 0 -3.9 0 0.695963 -0.119085 0.708134
22.6187 34.6746 50.0705 -0.7258 -0.00894912 4.5 0 -0.0172179 -0.745522 0.666258
49.7642 35.7388 48.0727 0.516162 0 -4.5 0 -0.172293 -0.906244 -0.386052
59.0783 53.3952 57.7945 0.166461 0 -0.9 0 -0.534651 0.767394 0.353914
68.5045 44.0495 58.5035 0.343552 -0.0726164 -3.5 0 0.768704 -0.338977 0.542392
20.7921 35.8068 41.5883 -1.64882 -0.224239 3.05084 0 0.101208 -0.89305 -0.438428
37.3936 55.5679 51.1215 1.76695 0 -0.7 0 0.727734 0.435752 0.529644
36.9104 48.3298 54.2533 0.940625 0 -3.5 0 -0.0380151 -0.670528 0.74091
73.9433 64.8143 41.4367 0.286097 0 -0.8 0 0.749813 0.55079 0.366621
37.4255 43.107 34.3232 0.368001 0 -3.9 0 -0.671551 0.624854 -0.398217
17.2035 51.9184 55.4573 1.52968 0 -3.9 0 -0.0680115 0.489265 0.869479
30.109 60.0555 45.335 0.296428 0 -0.7 0 0.691441 0.152673 -0.706117
27.328 38.1115 50.698 -0.239803 0 -0.9 0 -0.296094 -0.945904 -0.132642
38.9384 39.8601 42.8699 0.47664 -0.961403 -0.925019 0 -0.395378 -0.686378 -0.610378
39.6017 45.67 56.6975 0.773075 0.84983 -3.9 0 -0.281442 0.482581 0.829401
20.7458 37.2775 37.8806 0.390387 0 1.8 0 -0.0354793 -0.785239 -0.618175
12.0011 44.6292 44.7544 0.466378 0 1.8 0 -0.858934 -0.449365 0.245568
75.3225 58.0448 43.4354 0.602585 0 -3.9 0 0.487999 -0.314779 0.814107
53.0246 56.6335 50.6727 0.312413 0 4.5 0 0.484119 0.327767 0.811294
36.5718 44.7277 35.5001 0.771221 0 -0.8 0 0.367559 0.121085 -0.922084
37.2622 40.8461 37.8913 0.309086 0 3.8 0 0.172808 -0.851155 -0.495653
49.3715 34.3887 36.7565 0.593659 0.0999236 -3.5 0 0.241305 -0.180289 -0.953555
11.3708 40.935 47.0474 1.54187 0 -3.9 0 -0.437094 0.858271 0.268923
68.7056 40.2425 58.1744 0.332076 0 -3.9 0 0.6154 0.0568288 0.786164
17.6896 57.5329 55.2 1.2397 0 -4.5 0 0.206462 -0.495451 0.843743
26.4557 42.6621 53.4561 0.142386 0 1.8 0 0.583441 -0.369239 0.723367
13.9755 45.5936 53.2357 0.42662 0 -3.5 0 -0.458985 0.882556 -0.102113
76.8257 44.5898 43.2466 3.1221 0 -3.9 0 0.869892 0.435952 -0.230723
30.881 49.777 55.422 0.520481 0 -0.9 0 0.178201 0.221277 0.958791
71.831 35.8805 40.8475 0.490456 -0.801378 -0.641778 0 0.565184 -0.824425 -0.029836
32.7834 58.0988 44.2486 0.586662 0 -0.8 0 -0.723838 0.269331 -0.635231
12.365 41.7375 45.9889 0.776037 0 -3.9 0 -0.556023 0.809537 0.188384
28.648 55.025 41.0985 0.748217 0 -2.83695 0 0.692685 0.688892 -0.213576
13.1071 52.0796 45.4525 0.399803 0 -3.9 0 -0.479543 -0.513098 0.711877
73.571 44.0714 41.7074 1.84875 0 -3.14532 0 0.493342 0.156282 -0.855681
43.8862 58.028 46.5769 0.697738 0 -0.9 0 -0.4379 0.876744 -0.198903
25.5069 42.0402 36.8889 -0.330455 0 -3.36646 0 0.92849 0.108826 -0.355053
71.6781 58.7075 43.505 1.07029 0 1.75897 0 0.361043 -0.460601 0.810861
44.7768 31.4981 41.1921 0.781412 0 -3.5 0 -0.224901 -0.953996 0.198269
17.266 39.5119 54.71 0.156156 0 -3.5 0 -0.107758 -0.919308 0.378499
11.4315 39.9894 42.9987 0.733518 -0.189831 -3.30741 0 -0.976285 0.176112 -0.125907
46.8746 57.3759 43.6767 0.358875 0 -0.769599 0 -0.226951 0.877066 -0.423377
60.4829 44.7918 32.9912 0.736931 0 -3.9 0 -0.22058 -0.358233 -0.907201
42.2462 56.3517 49.6828 1.0129 -0.00882855 -3.5 0 -0.749274 0.500059 0.434199
29.1545 42.4868 54.108 -0.112679 0 -0.9 0 -0.857025 0.00692414 0.515228
23.2886 57.2677 44.3609 -0.0189522 -0.00363313 3.85799 0 0.133444 0.98407 -0.117466
24.4161 55.5089 56.9827 0.298197 0 3.8 0 0.699026 -0.389767 0.599537
21.6174 41.6977 33.6705 0.634061 0 -0.4 0 -0.368938 -0.246166 -0.896263
62.9362 32.6628 41.2929 0.429357 0 -1.6 0 -0.339353 -0.88744 -0.311912
51.612 60.8185 49.1325 0.565027 0 -3.5 0 0.683785 0.689168 -0.239762
28.1419 50.9646 39.4193 0.668114 0 -4.5 0 -0.82867 0.527957 -0.185922
28.052 40.9015 39.535 -0.11086 0 -2.50463 0 0.711591 -0.260895 -0.652358
23.7115 41.0482 54.6292 0.142388 0 -2.92875 0 0.67407 -0.590244 0.444119
38.6184 53.2123 43.7932 0.669082 -0.515249 -2.10622 0 -0.243938 0.955732 0.164528
58.5685 49.5085 34.1625 0.25885 0 4.2 0 0.437556 0.6227 -0.648683
68.2345 61.1646 47.714 1.19519 0 -4.5 0 0.859666 0.263791 0.43748
37.1694 53.774 43.964 0.877525 -0.703073 -0.8 0 0.722766 0.690634 -0.0251939
57.6722 51.9147 34.3914 -0.159702 0 -3.5 0 0.323479 -0.410739 -0.852441
21.5702 53.115 41.16 0.206463 -0.696426 4.2 0 -0.721187 0.507374 -0.471658
60.4054 41.1387 58.4663 -1.52027 -0.726357 -3.5 0 -0.772707 -0.000195596 0.634763
75.723 44.5783 51.5262 0.1519 0 4.5 0 0.669633 0.60307 0.433472
51.4384 35.8126 36.1129 -0.0270309 -0.178499 -3.5 0 -0.586232 -0.218665 -0.780075
47.9643 36.4804 32.3022 1.51529 0 -3.9 0 0.240161 -0.747623 0.619179
27.5824 52.2746 40.5854 0.395232 0 -3.11876 0 -0.344779 -0.0709853 -0.935996
72.959 49.5825 39.436 0.380694 0 -1.86697 0 0.693144 -0.303959 -0.653576
61.5022 65.4713 45.7004 0.464445 0 4.2 0 -0.819589 0.147792 0.553563
41.129 47.718 58.1235 3.40802 0 -3.9 0 0.594146 -0.610071 0.524217
14.0246 36.7326 52.6082 0.154098 0 -3.5 0 0.303088 -0.837314 0.45502
68.1645 66.4007 43.3785 0.915474 0 0.62364 0 0.106917 0.669965 -0.734653
39.6174 40.1691 34.0168 1.27065 0 -3.9 0 -0.271234 -0.929164 0.251171
44.0041 49.1435 56.5791 0.88349 0 -0.8 0 -0.239397 -0.0146972 0.970811
33.504 42.2115 37.4138 0.761457 -0.884581 -0.8 0 -0.647653 -0.718441 -0.25375
62.7504 27.8014 45.6944 2.99653 0 -3.9 0 -0.631598 -0.670552 -0.389159
11.476 55.301 43.385 2.4148 0 -3.9 0 -0.0785991 0.980549 -0.179849
12.9801 42.0164 47.7848 0.391489 0 -0.704697 0 -0.795987 0.592241 -0.125122
38.2357 57.5962 43.4625 0.49331 -0.323471 -0.8 0 0.632773 0.597469 0.492574
20.7043 44.0525 35.4089 0.220997 -0.192524 -0.7 0 -0.960701 0.103731 -0.257476
49.8382 53.4062 32.5387 0.304827 0 -0.7 0 -0.123996 0.991793 -0.0311795
67.4772 42.8984 33.7604 0.622104 0 2.8 0 0.592366 -0.60299 -0.534328
12.0344 41.3483 52.7205 0.43362 0 3.8 0 -0.990643 0.126535 0.0511398
57.7929 53.2042 52.1486 2.05342 0 4.5 0 0.651785 0.618084 0.439486
31.5014 54.6603 40.8659 0.775128 0 -4.5 0 -0.529872 0.823191 -0.203941
24.3734 47.0685 35.7535 0.0967566 0.0162907 -2.74281 0 0.0313397 0.469044 -0.882619
54.9861 31.9662 41.8074 -0.103656 -0.0052339 -3.5 0 -0.667325 -0.70802 -0.231054
32.8932 39.2994 39.7388 0.114793 0 3.8 0 -0.384749 -0.729432 -0.565594
34.1334 58.7726 49.6853 0.739106 0 3.8 0 0.357797 0.876961 0.320814
49.4127 43.8363 30.9912 0.798857 0 -1.67848 0 -0.326152 -0.466388 -0.822257
52.3101 48.0682 32.8566 1.09423 0.412199 -0.7 0 0.195204 -0.554202 -0.80917
53.2879 34.155 41.0493 -1.49919 -0.273367 1.89732 0 -0.544865 -0.733017 0.407195
55.4684 57.5027 37.5382 -0.205242 0 -1.17879 0 -0.341634 0.871684 -0.351359
53.2828 45.1453 32.6036 0.693937 0 -0.4 0 0.299247 0.252178 -0.920249
13.0178 56.1256 51.8838 -0.0314404 0 -4.5 0 -0.401739 -0.72925 -0.553895
23.3457 34.983 42.0539 -0.0514721 0 -0.7 0 -0.17892 -0.627804 -0.757529
19.1367 52.4855 43.6807 -0.138161 0 3.66401 0 0.0377855 -0.0110535 -0.999225
10.9096 37.1545 45.15 0.83003 0 -3.9 0 -0.732713 -0.668555 0.127144
25.2213 63.3951 51.5482 0.426607 0 -3.5 0 0.179341 0.637832 -0.749004
50.0619 41.2976 54.9649 0.693404 0 -1.6 0 -0.0175642 -0.269043 0.962968
47.6504 31.8378 50.8013 1.39675 0.160264 -4.5 0 0.238307 -0.938237 -0.250843
22.9041 33.9215 48.1586 0.189761 0 4.5 0 -0.325521 -0.76709 0.55282
46.9085 53.6273 34.2048 0.556709 0 -3.51746 0 -0.171783 0.394709 -0.902605
43.4053 56.6558 41.7692 0.743843 0 -0.9 0 0.436867 0.897633 -0.0583357
28.9011 43.6132 54.8467 -0.897467 0 -0.9 0 -0.789371 -0.612781 -0.0373234
18.8017 35.0245 51.8226 0.355422 0 -1.6 0 0.0631377 -0.059761 0.996214
45.1922 39.2934 31.4313 0.913415 0 -3.9 0 -0.99403 0.105259 -0.0287376
45.7687 33.9373 49.2755 0.876062 0 -4.5 0 -0.387232 -0.656886 -0.646956
20.6014 32.6833 45.538 0.253383 0 4.2426 0 -0.23895 -0.902202 0.359073
55.4647 32.7694 49.3378 0.277229 0 -1.57714 0 -0.515362 -0.823478 0.237249
32.2181 43.2769 37.1238 -0.321212 -0.751972 -0.8 0 -0.766995 -0.48277 0.422673
55.2988 60.6352 45.7031 1.52573 0 -3.9 0 0.250148 0.953202 -0.169796
31.6476 58.9714 51.014 0.535282 0 3.8 0 -0.117643 0.947584 0.29706
38.4915 48.1745 57.3314 2.87052 0 -3.9 0 -0.792239 -0.589542 0.157472
61.2635 33.879 58.2025 1.32411 0 0.0761789 0 0.732899 -0.613157 0.294784
15.5705 57.174 48.552 0.158899 0 -3.5 0 -0.324464 0.918745 0.225011
13.9908 50.9126 45.3937 0.502272 0 -3.9 0 -0.735659 -0.204863 0.645629
27.7378 56.1471 41.7551 0.540909 0 1.8 0 0.687724 0.706005 -0.169094
16.5233 53.0968 51.2882 0.341866 0 -3.9 0 -0.946216 0.0901295 0.31073
36.5545 47.1248 35.7451 0.0330183 0 -0.8 0 0.025567 0.416247 -0.908892
20.9861 47.0933 57.2821 0.558227 0 -3.5 0 -0.528486 0.445777 0.722485
57.2798 31.6943 40.8335 0.141336 0 -3.5 0 0.30513 -0.840842 -0.44708
14.4571 51.8454 48.5899 0.021036 0 -3.28301 0 -0.946764 -0.153468 0.282993
64.791 35.6055 48.1845 0.0929264 -0.780769 3.8 0 0.499771 -0.501128 0.70647
62.2016 67.2664 46.1948 0.299308 0 4.2 0 -0.403559 0.668644 0.624544
46.7863 39.1435 36.2798 1.594 0.744419 -4.5 0 -0.781068 -0.539812 -0.313903
75.0407 42.7104 41.6341 3.02013 0 -3.9 0 0.328724 0.200021 -0.923002
67.4315 63.9728 49.5473 1.15909 0.110536 -4.5 0 0.888226 0.362395 0.282357
69.1368 55.6439 44.3597 0.236151 0 -1.3 0 0.726662 -0.182583 0.662288
39.9974 57.0924 38.5191 2.68814 -0.134032 -0.8 0 0.46163 -0.170381 -0.870556
68.325 50.2076 59.099 1.60725 0.0413632 -3.5 0 0.29446 0.929731 -0.221121
56.3036 40.9898 57.0205 -0.286867 0 -0.7 0 0.763179 0.380914 0.52198
16.2143 58.291 46.9533 0.0264126 0 -3.5 0 -0.873755 0.450498 -0.183311
60.6118 32.0894 55.4699 -0.86079 -0.0187122 -3.5 0 0.998143 0.044761 0.0413169
26.189 41.24 53.361 0.17076 0.165655 -0.548842 0 0.0916496 -0.254511 0.962717
47.6199 56.7674 56.0236 1.39948 0 -3.9 0 -0.0807149 -0.737109 0.670936
25.2162 48.5998 55.0513 0.612605 0 2.25234 0 0.0495232 0.848753 0.526466
46.2693 40.8338 34.739 0.884054 0 -3.9 0 -0.947853 -0.245421 0.203331
69.0018 61.7798 45.6058 0.430987 0 -4.5 0 0.691013 0.113351 0.7139
35.1427 52.4143 39.5326 0.559828 0 4.5 0 -0.123217 -0.442524 -0.888251
19.5017 38.2115 36.9615 0.682076 0 -0.4 0 -0.0284009 -0.81974 -0.572031
13.4656 37.1285 53.898 0.290954 0 -3.5 0 0.445993 -0.791578 0.417727
34.7278 59.9999 43.9775 0.416894 0 -0.8 0 0.23178 0.666989 -0.708098
69.7215 60.9135 39.203 0.799387 0 3.8 0 0.453978 0.351062 -0.818938
53.0016 42.076 31.4837 3.28593 0 -0.4 0 0.715211 -0.489963 -0.498407
67.9575 50.3321 62.7831 0.545381 0 -3.5 0 0.295464 0.582573 0.757172
28.8843 52.5283 55.1785 0.486957 0 -3.5 0 -0.695574 -0.166712 0.698845
64.3442 33.8711 56.2825 0.258917 0 3.8 0 0.475479 -0.859265 -0.188634
24.2907 62.186 55.6766 0.318879 0 -3.5 0 -0.00972855 -0.125513 0.992044
62.7854 37.7084 36.9281 0.477531 0 2.8 0 -0.0478289 -0.526484 -0.848839
29.9119 50.994 36.0396 0.721012 0 -4.5 0 -0.062282 0.551095 -0.832115
14.3389 44.1946 56.4409 -0.273437 0 -3.5 0 -0.578877 -0.137976 0.803657
50.8071 57.5717 54.5542 0.674243 0 -3.9 0 0.881201 0.176453 0.438576
64.8905 62.7816 51.2932 0.35845 0 -4.5 0 0.228456 -0.18064 0.956649
75.0986 34.4837 49.1771 0.0264899 0 -2.43816 0 -0.0377794 -0.637765 0.769304
62.4281 44.1378 60.5312 0.116958 0 2.8 0 -0.385779 -0.0278122 0.922172
68.0875 53.3551 53.2349 0.373811 0 -1.3 0 0.577447 -0.168551 0.79884
66.2658 55.8553 55.7837 0.294759 -0.0158489 -1.32143 0 0.765384 0.307579 0.565317
31.0272 53.9333 39.4015 1.37909 0 -4.5 0 -0.116334 0.915016 -0.38628
66.825 34.9543 43.8064 0.0447281 0 -0.7 0 0.343837 -0.422963 0.838378
65.7487 37.4068 58.6598 0.244307 -0.185148 3.8 0 0.305375 -0.327388 0.894183
79.3843 40.8558 51.8386 -0.303229 -0.337786 2.40672 0 0.461486 0.265311 0.846546
31.032 44.7295 36.3785 1.0649 0.0183211 -0.8 0 -0.964355 -0.0129851 0.264294
40.6101 45.2014 32.6649 0.250139 0 -3.5 0 -0.225322 -0.412973 -0.88243
46.5675 43.6053 32.233 1.23857 0.671066 -3.25927 0 -0.45751 -0.161898 -0.874342
68.2568 36.8753 56.4595 0.417634 0 -3.17932 0 0.00496715 -0.911038 0.412292
65.2061 58.1335 54.1451 0.406985 0 -3.41892 0 0.000871334 0.849607 0.527416
61.1952 65.6569 43.6534 0.42645 0 4.2 0 -0.94941 0.131048 -0.285391
9.46106 39.7441 46.1446 1.41322 0 -3.9 0 -0.982925 0.140018 -0.119392
38.9187 51.6672 54.4782 0.841482 0 -3.9 0 -0.579109 0.567066 0.585721
11.9585 44.8848 48.2277 0.302688 0 3.8 0 -0.781189 -0.264855 -0.565328
51.2155 52.5983 33.5458 -0.357349 0 -2.32386 0 0.432851 0.898208 -0.0765711
65.2131 59.3157 40.4264 1.20301 0 -1.25707 0 -0.37423 0.905994 -0.197803
62.3898 56.5881 50.6489 1.86819 0 -1.6 0 -0.869625 -0.299925 0.39217
11.1159 40.2414 40.8605 -0.0371872 0 -0.8 0 -0.909306 0.311711 0.275679
41.7194 37.2974 50.6014 -0.0683796 0 2.16266 0 0.0158114 -0.989299 0.145042
15.6815 54.3365 54.3925 0.471768 0 -4.5 0 -0.427774 -0.903883 -0.00227699
43.4392 56.6333 39.7024 0.654275 -0.195127 -0.9 0 0.22001 0.771431 -0.597067
20.3664 55.1459 54.0225 -0.0471643 -0.202122 -1.9552 0 -0.587608 -0.135607 0.797701
54.7398 54.6518 35.2084 -0.0707623 0 -3.05331 0 -0.624533 -0.137171 -0.768858
45.9999 45.7104 30.6266 0.784386 0 -3.5 0 -0.646431 -0.412625 -0.64177
56.592 44.7992 32.9221 -1.52404 0 4.2 0 0.200376 -0.613886 -0.76354
70.7159 58.8546 51.7992 2.91105 0 -3.9 0 0.348494 0.93522 0.0625702
70.4975 49.0996 63.2267 0.0943712 0 -3.5 0 0.105873 0.149001 0.983153
35.7631 52.0379 53.9939 0.980052 0 -0.8 0 0.0821373 -0.331825 0.939758
62.717 46.7242 33.7465 0.346472 0 -3.9 0 0.234764 0.29207 -0.927136
64.568 67.3757 45.8393 0.451503 0 2.63876 0 -0.349895 0.889987 0.292397
82.8402 38.1034 50.6989 -2.25905 -0.934867 -1.3 0 0.999776 0.00867632 0.0193297
75.9961 59.7574 43.0035 0.474512 0 -3.9 0 0.79945 0.252776 0.544962
64.9235 47.447 63.0759 -0.412296 0 -3.5 0 -0.0561585 -0.550294 0.83308
62.1576 33.1277 42.5103 0.474753 0 -3.5 0 -0.610318 -0.0613545 -0.789777
68.4629 49.095 63.2564 0.55657 0 -3.5 0 0.10047 0.159813 0.982021
36.6312 57.6669 50.9498 1.49403 0.42084 -0.7 0 0.166392 0.581932 0.796033
64.5262 59.6311 52.8759 1.04094 0 -1.6 0 -0.174691 0.762921 0.622442
24.6249 50.1376 54.2956 0.537537 0 3.8 0 0.313431 0.39087 0.865437
69.5034 42.8975 39.224 -0.0266671 0 -0.7 0 -0.0015842 -0.212623 -0.977133
70.132 41.0955 38.2005 0.335232 0 -0.8 0 -0.0120492 0.881446 -0.47213
49.4027 38.6992 33.755 0.636627 0 -3.9 0 0.533608 -0.837499 -0.117719
50.5869 47.4943 29.8087 0.633841 -0.387313 -1.97866 0 0.91882 0.0805121 -0.386378
72.342 48.746 59.3585 -0.00816731 -0.276377 -3.5 0 0.94787 -0.0187387 0.318105
27.9999 39.573 44.7857 -0.339788 0 1.66238 0 0.646566 -0.19193 -0.738319
44.4014 54.9649 34.7359 1.0466 0.471461 -3.5 0 -0.204269 0.619633 -0.757845
64.991 40.8125 36.804 3.57431 0 -3.9 0 0.89416 -0.148773 0.422309
66.1219 36.8898 52.6782 0.258058 -0.703072 3.8 0 -0.458022 -0.880291 -0.123709
52.5532 41.8527 35.1261 -0.349842 0 -3.34526 0 0.88672 -0.450364 -0.104398
18.976 60.9948 54.5236 0.357576 0 -4.5 0 -0.44585 0.776876 0.444613
45.3349 58.6274 47.6874 0.706745 0 -3.5 0 -0.191275 0.957479 -0.215982
54.3687 40.0733 57.8978 -0.119681 0 -2.73654 0 -0.541286 -0.432115 0.721309
29.2469 36.0266 48.098 0.0096907 0 -3.5 0 0.145914 -0.39489 0.907067
12.4396 42.9504 44.183 0.484646 0 -2.24423 0 -0.907013 0.273811 0.319929
30.5484 45.8326 59.0628 0.471137 0 -0.9 0 -0.126533 0.101945 0.98671
65.447 47.0353 32.6203 0.486713 0 2.8 0 -0.354059 0.554365 -0.753208
63.636 30.4345 44.0405 1.1345 0 -3.5 0 0.71241 -0.0351704 -0.700881
55.6839 39.1097 36.5723 -1.99942 0 3.8 0 -0.201501 0.133067 -0.970407
64.93 37.8484 48.9414 0.627384 0 3.8 0 -0.176805 -0.73947 0.649557
66.0242 40.1405 35.9534 1.84261 0 -3.9 0 0.927066 -0.37391 0.0272087
19.3837 60.7243 44.1227 0.229453 0 -3.5 0 0.0223292 0.669128 -0.742811
31.8963 36.0553 52.7896 0.332938 0 -0.9 0 -0.26164 -0.913209 0.312402
31.8043 59.4777 45.646 0.445169 0 -0.8 0 -0.357224 0.691142 -0.628262
68.9049 57.2971 54.4675 0.705826 0 -3.9 0 0.0434828 0.403342 0.914015
39.4476 53.3195 37.5694 0.673981 0 -3.5 0 -0.0873458 0.803 -0.589544
55.3902 55.3826 51.0604 0.522172 0 4.5 0 0.0227037 0.569221 0.821871
11.2395 41.148 40.384 0.158793 0 -0.8 0 -0.93056 0.360477 0.0641426
14.6063 37.4863 53.2587 0.329604 0 -3.5 0 0.473777 -0.707289 0.524669
64.8065 37.3205 37.7435 0.430891 0 2.8 0 0.226138 -0.318968 -0.920392
51.786 40.3873 32.6622 -0.432361 -0.283926 -3.42855 0 0.505746 -0.720708 -0.474132
11.8782 51.8913 44.8592 0.910133 0 -3.9 0 -0.372624 -0.438821 0.817672
51.4605 53.678 56.0616 0.390058 0 -0.9 0 -0.310433 0.703927 0.638841
39.701 36.3578 49.3416 0.0420966 0 4.2 0 0.112215 -0.904725 0.410952
48.4497 60.701 55.1635 1.04794 0 -3.9 0 0.353211 0.905252 0.236138
53.888 33.24 51.43 0.176285 0 -4.5 0 0.106887 -0.958122 -0.265663
61.3182 60.6665 41.608 0.467134 -0.445946 0.554418 0 0.121056 0.742378 -0.658954
3 12 1741 2675
3 3466 2301 2776
3 2301 12 2776
3 1689 3150 3392
3 2180 4127 2675
3 458 3685 2803
3 3105 2042 4050
3 4050 2410 2638
3 658 2638 2410
3 2638 1029 4050
3 2638 658 1745
3 1745 3244 2638
3 3244 1745 3392
3 1689 3392 1745
3 3428 1326 3190
3 3190 2331 2426
3 2331 3392 2936
3 4383 4127 3780
3 3780 434 4383
3 4149 2431 3685
3 4149 3685 3440
3 2431 2803 3685
3 3440 771 4112
3 2994 4112 2906
3 771 581 4112
3 4168 581 4524
3 4442 4524 581
3 4442 4371 4524
3 4371 712 4229
3 4229 712 657
3 712 1029 657
3 657 1029 881
3 4229 1248 1539
3 657 3916 4229
3 4229 3916 1248
3 1248 3916 3582
3 3582 3916 2448
3 881 2309 4117
3 3240 4117 2309
3 3240 2309 3118
3 3118 2309 3428
3 1496 3428 4173
3 4173 3428 3190
3 673 4326 2099
3 4326 2426 17
3 17 2426 2089
3 2089 2426 2331
3 1484 2089 2936
3 3022 1484 2936
3 3477 3022 1350
3 3559 1588 3022
3 1588 1350 3022
3 1588 3559 3979
3 1588 3979 3987
3 2396 461 3979
3 49 3979 153
3 461 153 3979
3 461 3241 153
3 246 2745 2396
3 2745 246 1089
3 1089 142 2745
3 2906 1641 2994
3 1641 142 2994
3 2906 574 3437
3 4343 2906 4168
3 4168 1591 1269
3 4343 1269 3895
3 2560 3159 1591
3 2560 4371 4229
3 3027 4229 1539
3 2560 4229 3159
3 4287 3027 4406
3 4287 4406 2700
3 4406 2080 3408
3 1539 1248 3147
3 3582 3147 1248
3 782 1241 3147
3 4219 3147 1241
3 3051 1668 3876
3 163 164 1496
3 164 4398 1496
3 164 163 4469
3 3245 4469 163
3 3451 816 677
3 677 816 1377
3 816 2099 2578
3 816 2578 1377
3 4326 4378 4335
3 1787 4378 1421
3 1421 4471 1787
3 1421 3477 4471
3 4082 4471 4224
3 2592 4224 2962
3 4471 2496 4224
3 3575 3987 199
3 2083 511 3987
3 3241 2815 2687
3 2522 4452 1559
3 1641 2509 4452
3 1559 4452 2509
3 2509 3818 1559
3 3587 1641 2906
3 3587 3437 2241
3 3895 2834 2964
3 4287 2700 1599
3 2834 1599 3689
3 2834 3689 3297
3 2700 1448 792
3 1096 1448 2700
3 1096 2700 4406
3 69 3094 1096
3 3094 69 1133
3 69 1477 1133
3 3408 2080 1477
3 2080 3712 1477
3 877 1241 795
3 877 795 2272
3 2519 2272 1055
3 795 1055 2272
3 1757 1241 782
3 1055 1757 1177
3 1757 2448 593
3 4257 1709 3820
3 4157 3820 322
3 322 3820 2488
3 778 1709 1668
3 2841 778 1668
3 778 2841 4001
3 2841 3051 2490
3 3051 4398 2490
3 1706 174 4398
3 174 632 4398
3 3451 2114 1706
3 174 1706 2114
3 632 174 2114
3 4475 1499 358
3 1499 1973 4510
3 4320 4082 2592
3 1875 2573 3616
3 3501 2573 1851
3 1851 2962 2205
3 1851 2205 32
3 3922 32 4054
3 32 2205 4054
3 1634 1200 3258
3 1634 3258 4054
3 1330 227 2865
3 1330 2865 3890
3 227 3575 2865
3 1026 2687 1751
3 160 159 4261
3 3648 4261 159
3 159 160 4296
3 3239 4296 160
3 4261 3371 3239
3 2903 305 3371
3 3371 305 3239
3 3239 305 896
3 2398 1601 2903
3 2398 2522 1601
3 2398 165 2522
3 165 3241 2522
3 2241 4038 3771
3 2192 86 3386
3 2192 3386 3861
3 2277 3861 4025
3 86 2556 3386
3 455 4038 3357
3 481 436 2167
3 2167 436 3908
3 3908 436 3357
3 2167 570 3297
3 3297 330 2167
3 2167 330 3806
3 330 401 3806
3 401 9 2386
3 792 1461 3689
3 1917 2065 1461
3 1448 774 1917
3 3365 774 4305
3 2065 3365 3314
3 1806 3760 1629
3 3525 1629 3760
3 2214 1806 4085
3 4085 1298 2214
3 1298 1417 2214
3 4305 4402 4085
3 1674 4085 4402
3 3094 1133 3781
3 544 2775 4409
3 2153 3781 1657
3 1657 3697 2153
3 3697 2440 4409
3 284 4409 2010
3 4409 2440 274
3 2010 4409 274
3 1625 2078 4157
3 821 1625 322
3 4157 322 1625
3 821 2193 193
3 2193 2724 193
3 193 2724 3036
3 2724 3923 1327
3 173 1368 404
3 173 1183 1368
3 2881 1368 1183
3 2488 2375 173
3 2375 2488 3820
3 3820 3015 2375
3 979 3949 2375
3 1183 2375 3949
3 3949 979 4001
3 3015 778 979
3 2841 2490 4001
3 710 2490 2189
3 2189 2832 710
3 2189 2490 632
3 2114 2189 632
3 2832 2189 1320
3 710 938 4001
3 4001 938 238
3 938 2832 1060
3 2832 1942 3299
3 1942 4475 3299
3 4475 4523 1260
3 4523 2558 262
3 262 1260 4523
3 652 262 2558
3 1640 652 2530
3 652 4131 973
3 652 973 2530
3 3627 4131 2686
3 2686 4131 3777
3 3616 2838 80
3 512 358 393
3 393 358 1499
3 393 4510 1750
3 2838 2573 999
3 999 2573 3501
3 4040 3501 4078
3 1513 4078 624
3 1513 624 2917
3 4078 3501 624
3 4054 3711 786
3 4054 3274 3711
3 154 1416 4423
3 3711 3274 2023
3 3711 2023 4423
3 4174 4423 2023
3 4174 871 4062
3 4062 871 1610
3 871 3890 4064
3 548 3346 3565
3 548 3565 4062
3 4062 3565 4419
3 925 2082 4477
3 4314 2378 4232
3 4231 2378 4314
3 4314 4296 3749
3 3749 4296 3239
3 4231 1358 3913
3 3280 1358 3749
3 3280 3913 1358
3 4421 3784 3210
3 3280 896 3210
3 1022 3784 4421
3 1148 2633 4421
3 2957 4290 3771
3 2957 2192 2277
3 2277 807 2633
3 807 1308 2633
3 1211 1308 4025
3 1211 4025 830
3 830 1636 1211
3 830 842 1636
3 830 4025 3298
3 3298 842 830
3 2848 4356 4435
3 2476 4435 3762
3 3806 4356 2909
3 2909 4356 3108
3 1489 1254 4189
3 1254 1489 959
3 959 2065 1254
3 3762 3004 3113
3 3004 1254 3314
3 3525 3760 3874
3 3760 2214 1417
3 144 1417 928
3 3874 144 261
3 928 261 144
3 3611 261 928
3 3279 1838 3611
3 3611 1838 2937
3 1838 3279 3434
3 1838 3434 4043
3 3434 3279 2613
3 2706 3434 715
3 2613 715 3434
3 1298 1674 2613
3 715 1674 2927
3 2927 1121 715
3 2927 4402 544
3 544 2894 2927
3 2927 2894 1121
3 2914 2021 3545
3 2021 2914 2247
3 2021 2247 2727
3 1412 2247 2914
3 1412 1361 4396
3 3432 4319 3814
3 4221 2392 2881
3 3470 2881 2392
3 2881 1349 23
3 23 1349 3963
3 3949 3823 1349
3 3823 3963 1349
3 3949 238 844
3 3823 844 2548
3 844 238 938
3 844 938 2548
3 2548 3816 3819
3 3819 3816 3803
3 3779 1640 2530
3 679 1260 1640
3 3803 3779 1602
3 37 1602 2184
3 1602 2530 516
3 1602 516 2184
3 2018 1938 2068
3 865 1938 3627
3 1938 2018 3627
3 2686 3777 2640
3 4040 1194 3095
3 1194 3546 3777
3 1301 936 3546
3 3546 936 1682
3 936 2857 4211
3 936 4211 3397
3 936 3397 1682
3 4211 2857 1883
3 1883 2857 4283
3 936 1105 2857
3 1301 1294 936
3 1105 936 1294
3 2822 1105 1294
3 1294 1301 2540
3 4245 2822 4258
3 2822 3282 4258
3 2822 1294 3282
3 3282 1294 2851
3 1513 1779 2851
3 3063 2917 390
3 390 2917 3791
3 4527 4337 4049
3 4337 624 4417
3 4417 624 3922
3 1143 2479 301
3 301 3656 1143
3 3870 3519 3508
3 3870 2910 3519
3 2910 154 4423
3 4477 3809 2505
3 2505 3809 4395
3 2082 1397 2579
3 2579 1397 3377
3 3377 2471 2940
3 2471 553 731
3 731 553 2211
3 731 2211 2032
3 553 2445 2211
3 2211 2445 4328
3 2445 139 4328
3 4232 4253 411
3 411 4253 3772
3 139 411 2470
3 2251 4253 4231
3 4253 2251 1712
3 2589 2251 3913
3 1829 2589 71
3 3913 71 2589
3 71 3913 3039
3 3790 2771 395
3 3366 2771 2433
3 2433 375 2611
3 1308 375 2633
3 2633 375 4421
3 919 4158 3366
3 2611 2990 919
3 4158 919 2990
3 2990 4207 4158
3 2990 2703 4207
3 2990 2611 1211
3 157 2990 1211
3 2703 157 2359
3 157 1636 2359
3 2359 1636 2106
3 2106 615 3237
3 3237 615 2093
3 615 3699 1259
3 615 1259 2093
3 3580 1946 4329
3 4329 1946 2848
3 4329 4435 3071
3 229 4435 2476
3 3762 2541 2476
3 3762 4156 2541
3 3113 4156 3762
3 4144 2541 3797
3 3797 271 4144
3 271 3698 4144
3 989 4316 4244
3 3035 4509 3383
3 4509 261 2670
3 4509 2670 2967
3 2967 2670 2802
3 384 1687 4101
3 384 4101 1607
3 4101 1432 3641
3 1687 1881 3491
3 1687 3491 1432
3 3641 1432 2958
3 2908 1789 2183
3 1881 2937 1789
3 2937 3089 1789
3 1789 3089 2183
3 3531 3089 2937
3 3531 2937 1838
3 1838 4043 3531
3 3531 2950 4121
3 2950 2247 4121
3 3089 3360 1085
3 4077 4072 3125
3 2460 3390 4396
3 2460 3311 4077
3 2460 4396 1530
3 1530 4396 2128
3 1530 2128 2581
3 2581 2128 3652
3 804 2728 1353
3 2728 804 3432
3 3432 2875 2728
3 2728 3406 2753
3 4319 3951 3814
3 1193 3951 4441
3 448 2135 3025
3 3254 2135 569
3 3254 3803 2758
3 37 688 2758
3 1041 688 2248
3 2184 595 688
3 419 595 2006
3 419 2006 4195
3 4195 2864 3203
3 3203 2864 1626
3 2864 3532 1059
3 2864 1059 2504
3 2864 2504 1626
3 3532 2886 1059
3 1059 2886 3397
3 4139 4283 1731
3 4139 1731 4245
3 4283 4139 4027
3 4139 4245 1237
3 307 2439 3629
3 3654 917 1915
3 1065 3654 2924
3 1915 2924 3654
3 4258 1915 917
3 3333 4258 3282
3 3333 1130 2924
3 2924 1130 4377
3 2673 3333 547
3 1130 2673 2627
3 1779 2673 547
3 2627 2673 1119
3 1084 1119 3063
3 1119 1084 2539
3 2539 1084 422
3 422 3791 2539
3 3117 3791 4049
3 3117 2047 3791
3 2047 3117 1818
3 1818 3117 3656
3 3117 4049 3656
3 1143 3656 1416
3 1818 4048 2047
3 4048 1415 3654
3 3629 3654 1415
3 3654 1065 4048
3 3629 1415 11
3 3629 11 2165
3 11 1415 3961
3 11 3961 2511
3 2511 4201 11
3 2165 11 4201
3 4146 2782 4395
3 2782 2849 744
3 2782 744 1969
3 2849 3396 744
3 2280 2940 893
3 3377 2940 2555
3 2940 4071 2555
3 4071 4395 2555
3 2555 4395 3809
3 2555 3809 2579
3 731 952 3396
3 952 731 2032
3 952 2032 3131
3 2955 2789 1782
3 2789 4328 1782
3 3082 2846 2668
3 2846 3233 2668
3 2668 3233 1107
3 3233 1080 1536
3 2907 1080 3033
3 2907 3033 1829
3 2907 3590 1080
3 1080 3590 2692
3 2242 766 3590
3 2146 766 4495
3 1632 3043 2843
3 2359 1245 2703
3 1449 2359 1763
3 2359 3237 1763
3 2359 2106 3237
3 1763 3237 968
3 1259 4405 2093
3 2093 4405 1870
3 3237 1870 4029
3 204 2227 4029
3 3495 2227 3698
3 1126 2938 3495
3 1126 2878 2552
3 3198 2552 4280
3 2878 3698 2742
3 2878 2742 4280
3 1093 4518 2742
3 1093 2188 3830
3 1874 2738 4518
3 2738 413 4518
3 413 2738 3970
3 1874 4228 3250
3 2170 191 898
3 2958 3085 1992
3 2958 1992 748
3 3702 3085 3491
3 3491 2705 3702
3 3491 2908 2705
3 2705 2343 3702
3 3702 2343 3999
3 2343 1541 1683
3 2307 3574 1541
3 3574 2307 1250
3 3574 1250 1085
3 1085 1250 3089
3 2183 3089 1250
3 1085 3360 3574
3 3281 3574 3360
3 3360 4072 3281
3 3281 4285 1351
3 1146 4225 2603
3 578 1700 3350
3 578 3350 2747
3 4077 3311 3350
3 2747 3350 3311
3 3311 1809 2747
3 1809 3311 3120
3 1940 3120 3311
3 1940 2753 3120
3 4279 3406 2442
3 1099 2195 1903
3 2195 2875 1344
3 1344 2875 3814
3 1661 3951 1193
3 1193 4441 1395
3 3608 2160 3455
3 3455 2593 3608
3 1927 2160 853
3 853 3025 2758
3 2758 3025 2135
3 2160 1395 853
3 853 1395 3025
3 1927 196 3347
3 3455 3347 1172
3 447 756 1626
3 363 756 3583
3 447 2504 864
3 447 864 702
3 702 864 2403
3 1726 3583 2060
3 1697 2403 1883
3 1883 4283 1697
3 4283 4027 2945
3 4397 1887 1981
3 693 4362 2265
3 3052 3623 3553
3 3052 1108 1178
3 326 4012 1108
3 3548 398 3606
3 3974 3606 398
3 3974 398 2226
3 2226 3852 3974
3 445 3182 1888
3 2948 307 2165
3 307 3629 2165
3 2948 4201 4433
3 4201 4416 4433
3 4416 4201 3318
3 4416 3318 2461
3 2678 1969 2623
3 1969 3379 2623
3 2623 3379 1056
3 1056 3379 700
3 3379 3396 182
3 3379 182 700
3 3396 952 182
3 700 182 3131
3 4267 1056 2896
3 2896 3552 3226
3 3226 3552 4506
3 3552 3131 2955
3 1782 1840 2955
3 4506 2955 1840
3 1840 828 4506
3 1428 1840 1782
3 828 1840 1589
3 1380 3577 3082
3 3388 4328 4024
3 1107 4350 2942
3 3185 2146 4495
3 3185 4495 1681
3 1681 1653 3178
3 2843 3178 1653
3 1769 4289 2843
3 4289 1769 4332
3 3352 2823 405
3 3352 405 950
3 950 405 3813
3 2823 1245 405
3 3813 4511 1000
3 3479 3807 4029
3 3479 4029 3495
3 3479 3495 2938
3 3479 2938 2200
3 3268 2200 1678
3 2938 2939 1678
3 2939 1827 1678
3 1827 2939 3401
3 1990 3925 3986
3 3986 3925 166
3 960 4280 2097
3 2164 960 2097
3 2097 2827 3029
3 2049 1379 898
3 3029 3842 626
3 2049 3755 3842
3 4529 1495 2583
3 3755 2049 4111
3 4111 2049 485
3 4111 485 1180
3 1180 485 2806
3 2806 485 191
3 1180 2806 4002
3 2812 1180 3109
3 4002 3109 1180
3 214 3290 3886
3 4002 3886 3290
3 3863 3290 214
3 1992 1772 3863
3 1772 1992 3702
3 1772 2382 2506
3 2382 4118 2506
3 4118 3096 1242
3 4118 3509 3149
3 245 3139 2707
3 2707 1106 2646
3 3509 3999 2594
3 2646 2594 4303
3 1541 3574 3316
3 3312 3316 2975
3 1738 1677 128
3 1502 4115 91
3 4225 1146 4059
3 1189 4059 820
3 4059 2720 3526
3 4059 3526 820
3 820 3526 1648
3 3892 552 3756
3 3444 4355 1015
3 662 4355 578
3 662 2747 1809
3 1015 2069 1227
3 4351 1903 3321
3 4351 3608 2593
3 4190 2885 3469
3 671 1172 2772
3 2772 1172 4380
3 3272 4380 3179
3 3203 1788 3179
3 3179 1788 3272
3 1788 3483 3272
3 1626 756 3483
3 756 363 3483
3 3272 3483 1176
3 1726 2303 3483
3 363 3583 1726
3 2293 140 1726
3 115 1726 140
3 2293 2060 2039
3 2039 2060 1504
3 4362 1504 857
3 2102 4362 857
3 2293 79 426
3 79 303 426
3 426 303 1556
3 426 1556 2441
3 2441 1556 3277
3 303 1408 889
3 889 1408 693
3 889 693 2265
3 2176 4274 969
3 3052 3901 1774
3 107 1935 1108
3 1178 1108 1935
3 107 4012 3974
3 4517 3974 3852
3 4012 3606 3974
3 3852 2226 2887
3 2887 2226 100
3 474 1916 2177
3 2761 2177 1916
3 2177 3024 474
3 3873 474 3024
3 2761 4433 2177
3 2177 4433 4084
3 2623 1864 2678
3 4084 1011 2177
3 2443 3226 3845
3 2443 3845 2407
3 3226 3168 3845
3 3168 4506 618
3 781 3168 618
3 477 1786 3879
3 2502 1805 1628
3 3879 1786 1438
3 900 1771 1805
3 900 1159 1771
3 1589 1267 900
3 1159 900 1267
3 3076 4045 1159
3 1402 2084 1618
3 1618 2084 42
3 1618 42 1877
3 701 2692 2796
3 2054 2796 3339
3 3339 1425 2054
3 4447 3178 4289
3 3178 4447 2238
3 87 2238 4447
3 2238 3185 3178
3 4289 4332 2130
3 2130 4332 280
3 3305 2429 834
3 2429 4268 834
3 527 1000 4511
3 508 3920 3807
3 4268 3479 1310
3 4268 1310 3668
3 3349 3268 1835
3 1835 3718 3349
3 3221 1246 1990
3 3986 3769 1990
3 1324 3769 3902
3 3986 880 3787
3 3769 3787 3902
3 880 2264 3787
3 2264 880 1593
3 1593 2949 2264
3 0 166 2923
3 1889 3535 2923
3 2923 3535 143
3 2923 143 984
3 2923 984 1593
3 3535 1889 2061
3 3535 2061 1285
3 1889 408 2061
3 408 3029 2061
3 2535 1290 3788
3 1 2666 1285
3 2158 1285 2666
3 2666 1293 2158
3 526 2666 1
3 2583 4022 3155
3 3994 2812 1866
3 1866 402 3994
3 1866 2812 3109
3 1866 3109 1336
3 4002 2007 3109
3 1336 2007 2422
3 2007 3476 141
3 2007 141 2422
3 2422 141 155
3 3520 3476 2454
3 2506 3863 1772
3 2506 4118 743
3 743 4118 1242
3 743 1242 3542
3 743 3542 2454
3 3542 1242 1847
3 1847 2389 3542
3 3096 1847 1242
3 2389 1847 3516
3 2946 2734 3096
3 3139 245 1244
3 2707 2646 138
3 4388 1643 3962
3 3962 1643 2972
3 1643 1648 276
3 276 3426 1643
3 3426 1175 4411
3 1482 3892 4073
3 3892 3756 2147
3 4262 3758 3374
3 3518 3374 929
3 3758 4010 3348
3 3348 4010 3069
3 1227 4340 3444
3 3092 4340 1762
3 1762 3631 3092
3 1762 1099 3631
3 29 1378 1984
3 890 867 664
3 2516 3469 3717
3 3717 3469 2885
3 3717 2885 2772
3 2772 4380 2154
3 2154 4380 3272
3 2154 1999 2642
3 1210 2303 2813
3 663 2813 3898
3 2813 3661 3898
3 3661 2178 2441
3 2178 140 2441
3 703 4165 3661
3 3277 4165 703
3 4165 3277 3235
3 2176 3674 4274
3 3099 1556 303
3 3674 236 3419
3 4282 3419 3315
3 343 669 1791
3 2397 3225 969
3 232 2397 2913
3 2913 2324 232
3 3547 1964 2324
3 232 2324 1964
3 3225 1964 2338
3 573 2257 1450
3 1450 2660 573
3 2324 4349 1450
3 4349 2324 2913
3 4349 2913 3901
3 4349 3901 672
3 672 2391 3220
3 3512 2391 680
3 680 2391 4517
3 3695 3512 1222
3 3058 1222 3512
3 4517 1994 3058
3 3058 1994 1916
3 1222 3058 3009
3 1222 3009 1997
3 1916 474 3009
3 3935 3009 3873
3 474 3873 3009
3 3009 3935 1997
3 3873 1077 3935
3 3500 1077 520
3 1077 3873 2407
3 520 1077 2407
3 2407 3873 3024
3 3024 2443 2407
3 2667 520 2648
3 591 2648 2087
3 2087 2648 216
3 2648 3845 2304
3 2648 2304 216
3 216 2304 46
3 3636 180 591
3 2667 591 1962
3 180 1962 591
3 180 4399 1962
3 934 46 477
3 934 477 332
3 4033 3879 2830
3 4205 1630 874
3 1630 2830 3991
3 2830 3879 2096
3 3879 1438 2096
3 3991 1686 2131
3 4006 4449 4045
3 4045 4449 1771
3 1686 4006 2131
3 4006 4055 2131
3 4006 859 4039
3 4039 859 1230
3 54 859 1483
3 1483 1877 54
3 2529 2054 582
3 582 2323 2529
3 1437 2323 582
3 2529 2323 697
3 2529 697 3418
3 3975 2229 4030
3 4030 1437 1808
3 2411 4030 1808
3 4030 2411 2478
3 3068 3305 4332
3 1113 834 3402
3 1113 3402 1127
3 1663 1821 1740
3 1466 2432 194
3 4152 194 2432
3 1821 194 3209
3 3209 4311 1821
3 4152 2432 2362
3 2432 1910 2362
3 2362 1910 3912
3 1910 3718 3912
3 3718 3327 3912
3 970 3912 3327
3 970 3291 3912
3 2482 970 4293
3 3327 4293 970
3 3327 3221 4293
3 4293 1324 2612
3 1025 2612 1324
3 3902 1584 1025
3 1584 3902 1076
3 3202 4159 3336
3 1049 4159 3788
3 3788 1293 3853
3 3492 3853 1293
3 4476 2666 1102
3 1642 3155 4022
3 1642 4022 99
3 1514 1637 3764
3 3764 1637 4408
3 3615 4022 1608
3 1399 3615 584
3 1608 584 3615
3 1608 4022 3994
3 402 1608 3994
3 1608 402 3828
3 584 1608 3828
3 2422 456 4034
3 456 1672 4034
3 1672 456 2086
3 456 2422 660
3 456 660 2086
3 2086 660 2754
3 2422 155 660
3 2754 660 3300
3 155 3300 660
3 735 1123 3520
3 735 1603 4093
3 4093 1123 735
3 3542 2389 1603
3 1603 2904 4093
3 1976 2904 4317
3 4317 3865 1057
3 1057 3865 2777
3 1057 2777 797
3 3351 594 797
3 594 4273 797
3 797 4273 1281
3 348 3962 4069
3 348 3351 1151
3 1151 3351 138
3 4388 3962 1151
3 4069 745 1218
3 745 2046 1218
3 2972 2046 745
3 2972 4375 2046
3 4411 2298 4375
3 4375 2298 2925
3 4375 2925 2046
3 2046 2925 1284
3 2925 2298 1474
3 1474 4136 2925
3 2246 4411 4463
3 967 3475 1482
3 1122 287 1092
3 2741 1122 1092
3 287 2463 1092
3 3579 1679 131
3 287 4463 2463
3 545 3808 1719
3 2576 1679 3518
3 1679 3579 3518
3 4188 2181 3518
3 2181 2576 3518
3 604 2181 4188
3 2284 604 3898
3 604 4188 3898
3 4188 255 3898
3 1511 1054 1733
3 1511 255 929
3 1733 551 2642
3 2576 587 4451
3 2284 4165 3885
3 4165 3235 3885
3 3536 3235 2968
3 4367 2495 3674
3 3536 2968 3681
3 4163 1441 2140
3 2140 1441 4459
3 1441 4282 3315
3 3315 3419 732
3 732 3419 236
3 4418 2338 1964
3 4248 4418 3547
3 1964 3547 4418
3 96 2449 3111
3 3707 96 4315
3 3588 2175 4315
3 2115 982 1819
3 1819 982 1907
3 982 2521 4020
3 1907 982 4020
3 2619 573 2660
3 2660 752 2619
3 2400 2790 3343
3 1509 1292 3862
3 2790 2660 3862
3 1192 3695 85
3 85 1997 3256
3 2400 811 3231
3 1962 1609 2667
3 1962 2015 1019
3 4399 2015 1962
3 4399 2139 369
3 369 2139 845
3 845 2139 3850
3 2139 1595 1005
3 2139 1005 3850
3 874 3309 2831
3 2831 3309 3636
3 4399 3636 3309
3 1595 3991 2131
3 1005 2131 4055
3 4055 3850 1005
3 2015 747 1086
3 473 2052 3817
3 747 3850 3811
3 2052 3811 4237
3 288 3571 4039
3 1815 288 3741
3 288 3716 3741
3 318 4039 3418
3 3716 2987 992
3 2987 318 430
3 318 3418 430
3 2987 697 597
3 992 3234 4061
3 4250 259 3234
3 3234 259 3730
3 3234 3730 4061
3 4250 2172 1619
3 1239 1619 1977
3 1619 2172 3568
3 1619 3568 1977
3 3975 2478 944
3 944 2478 3296
3 2663 1229 3918
3 3740 3918 4109
3 3918 1229 3034
3 3402 1740 1127
3 2902 1127 1740
3 1740 4311 2902
3 1740 3402 1663
3 3283 4311 3138
3 3329 4318 3056
3 728 47 4318
3 47 3912 3291
3 531 1069 104
3 104 1069 3184
3 1170 4028 1718
3 4028 3291 2482
3 1549 1718 2482
3 4028 1170 2121
3 915 1510 1170
3 1510 2121 1170
3 1076 1510 915
3 2121 1510 483
3 4281 3336 4005
3 4005 3336 3196
3 333 1685 3748
3 3196 4159 2124
3 2721 2124 3632
3 1049 3853 668
3 3492 4476 847
3 1168 2764 3713
3 1399 2774 2764
3 1238 74 817
3 817 74 3473
3 74 2086 2088
3 74 2088 3473
3 2086 3882 2088
3 3882 4342 2088
3 3882 2086 2754
3 3398 3882 1006
3 3510 1006 3882
3 2762 933 1842
3 1842 933 1775
3 3856 588 1154
3 1166 1154 1442
3 1166 3722 2311
3 1976 4317 1101
3 2532 1281 2249
3 1135 1051 2119
3 2601 1051 698
3 2643 2601 3985
3 698 3985 2601
3 3936 3985 698
3 3985 3936 4223
3 4223 2118 2035
3 4096 2118 4324
3 2118 4223 1666
3 2035 4096 1338
3 2035 1338 785
3 3158 4096 1284
3 1284 4136 3158
3 278 4324 1218
3 4136 4323 3158
3 4136 4081 3637
3 4081 4136 1474
3 4081 1122 2741
3 4081 1909 3637
3 3637 1909 4420
3 4420 1909 2567
3 1092 3450 1909
3 1317 3450 131
3 1679 1317 131
3 1673 1719 3808
3 3885 4163 4451
3 4163 2140 3821
3 4459 4254 4385
3 4254 3560 4385
3 3324 2584 4102
3 2891 1515 1322
3 1515 3707 3193
3 4334 40 1497
3 927 3866 4167
3 40 4443 1497
3 737 4519 773
3 773 4519 452
3 221 452 1749
3 1014 362 3006
3 2872 3066 2401
3 3588 1781 3066
3 2854 2115 1781
3 1781 2115 1819
3 3066 3817 2401
3 4237 2401 2052
3 1815 3811 649
3 4413 4061 4230
3 4230 4061 1419
3 3730 1419 4061
3 1419 887 4230
3 1367 4230 887
3 1977 3948 1239
3 563 3948 1977
3 860 2882 3568
3 2172 860 3568
3 860 3296 2882
3 2882 3296 2663
3 3740 1127 1756
3 1756 1127 2902
3 2902 3283 718
3 4161 3283 2416
3 3283 2902 4311
3 2416 3283 3138
3 4161 2416 1522
3 3138 3329 4414
3 2510 4414 1479
3 4370 3056 2190
3 104 3184 1506
3 1506 3184 1834
3 1834 1575 1506
3 1850 1069 1268
3 1435 1850 484
3 1268 2121 1850
3 1850 2121 1810
3 1850 1810 484
3 484 1810 3260
3 3260 1810 2943
3 2121 483 1810
3 3079 1617 3260
3 3079 3996 1617
3 3079 2943 3019
3 3544 3019 3748
3 2943 3673 3019
3 3019 3673 333
3 3019 333 3748
3 420 3019 3544
3 3019 420 3079
3 3079 420 4124
3 3544 611 1923
3 767 1923 3978
3 611 3072 1923
3 3748 2721 3072
3 3072 2721 76
3 2721 3632 76
3 76 3632 367
3 76 367 3000
3 367 3632 2590
3 2590 3632 3932
3 3883 3932 892
3 3883 631 1839
3 631 3764 2075
3 4408 3376 2786
3 3713 4408 1168
3 794 2228 998
3 794 998 3800
3 3800 4171 3982
3 4171 3473 827
3 4171 827 3858
3 2523 3473 4342
3 2523 4342 2360
3 3473 2088 4342
3 4342 302 2360
3 302 3732 2360
3 3600 2599 3732
3 302 4342 3398
3 1052 1652 2163
3 2163 661 1052
3 3398 1006 1383
3 1842 1383 1006
3 661 502 2326
3 1885 2850 3856
3 1885 3634 3074
3 1885 3856 3603
3 3394 3972 4426
3 2963 1145 2643
3 1777 2601 1145
3 2601 2643 1145
3 1095 2963 2643
3 1095 2643 2701
3 2643 3985 2701
3 4373 2701 4223
3 2701 2969 1095
3 2969 528 1347
3 1347 528 35
3 1347 35 2853
3 35 528 2899
3 2899 1612 35
3 4373 2899 528
3 4373 785 2899
3 2899 785 3126
3 2899 3126 2787
3 1717 1338 2568
3 1374 3126 1717
3 2568 813 1717
3 1374 1717 813
3 2568 3320 813
3 3320 4226 813
3 813 4226 3452
3 3320 4313 2138
3 3320 2138 1270
3 2567 2735 4420
3 2567 2230 2735
3 2125 2735 1318
3 2230 2567 1656
3 3133 1656 1673
3 3133 1673 3585
3 3385 2140 2305
3 2890 1142 3384
3 3384 1142 783
3 2986 4385 1117
3 1117 4385 269
3 783 77 3384
3 77 253 3384
3 3384 253 145
3 253 2836 3691
3 2245 3691 2952
3 1807 2836 3101
3 4443 1524 2585
3 1357 1524 773
3 1524 1357 1199
3 1199 480 1524
3 1199 1664 3915
3 1199 3915 651
3 1701 651 3889
3 3915 3660 4389
3 4389 3660 4193
3 1664 221 3915
3 3915 221 3660
3 4193 3660 1014
3 4493 1367 521
3 521 1367 887
3 521 887 1493
3 3080 1736 3511
3 1068 3954 1100
3 1100 3954 749
3 1736 2616 3511
3 3511 2616 3954
3 3165 985 2616
3 383 4470 4161
3 4414 3907 2416
3 4414 2510 3907
3 3907 3367 947
3 3907 947 2912
3 2795 1538 3367
3 1538 2795 4370
3 2510 1479 2795
3 4370 2795 1479
3 947 3367 1846
3 389 3367 2315
3 2671 2315 3367
3 1814 4135 2190
3 1814 2190 1895
3 2011 1655 2487
3 2011 530 3767
3 1617 2487 3260
3 3260 2487 484
3 484 2487 1435
3 3130 3996 1111
3 3996 4124 1111
3 1111 4124 2348
3 2985 2348 3144
3 3490 2985 4400
3 4400 3144 1555
3 868 1555 1007
3 148 2954 3969
3 2954 1007 3969
3 3883 1839 3971
3 2786 4401 3014
3 4408 3713 4125
3 4408 4125 3376
3 4306 3216 2980
3 3216 4306 1458
3 3216 1458 4125
3 2980 3142 4306
3 3858 18 4218
3 18 1272 4218
3 827 2523 3464
3 2523 1867 3464
3 113 1867 4154
3 4154 1867 3732
3 3897 995 374
3 3897 3600 1052
3 1052 4184 3897
3 4184 1826 3897
3 1826 922 1832
3 1832 922 596
3 922 3564 596
3 3751 596 3353
3 3564 3353 596
3 596 3751 3136
3 3513 3136 3751
3 3513 3751 3498
3 3751 3353 4426
3 4426 3353 3394
3 977 4426 34
3 4426 4438 34
3 2024 2963 4094
3 2969 2337 4094
3 2337 2969 1347
3 1347 475 2337
3 475 1959 2337
3 2337 1959 3264
3 1047 3452 1959
3 2234 2438 2787
3 2787 1374 2234
3 2438 2234 3452
3 3264 4226 1118
3 314 3264 1118
3 2867 3687 4464
3 2867 3285 3687
3 2867 733 3285
3 2208 733 2867
3 4464 3638 2867
3 2208 2570 2268
3 733 2208 2268
3 1792 2268 2570
3 1792 904 2268
3 904 365 2268
3 2726 3880 791
3 3880 2726 308
3 3880 308 883
3 2726 3638 308
3 883 308 3563
3 883 3910 3880
3 2554 3880 3910
3 3910 609 2554
3 4420 2735 609
3 609 2125 2554
3 1533 2554 2125
3 3761 708 450
3 708 3677 450
3 3677 1318 3124
3 3361 3677 988
3 3124 988 3677
3 3361 988 4440
3 2751 3361 4440
3 949 4440 1936
3 3927 2751 2890
3 949 2890 2751
3 3927 770 1167
3 2719 1167 4092
3 2245 4092 3691
3 729 2952 3435
3 2952 2677 4203
3 2952 1807 2677
3 2677 281 4379
3 4203 2677 4379
3 2585 3276 4443
3 2585 509 2404
3 509 480 1231
3 514 2637 3666
3 3151 3671 3505
3 3505 3671 2363
3 2210 818 43
3 1068 2501 3323
3 43 3323 4347
3 2501 1100 3829
3 3829 1100 1116
3 3829 1116 1950
3 1100 980 1116
3 1950 1116 1104
3 3026 675 3875
3 962 3875 1525
3 675 3954 3875
3 2912 1525 383
3 1525 2912 1846
3 1525 1846 2779
3 2779 1846 389
3 3914 2315 3192
3 233 3192 4374
3 233 4374 3338
3 2350 263 201
3 1770 4374 1895
3 2011 768 1655
3 3767 2240 3214
3 3223 3490 1954
3 1797 3223 687
3 1954 687 3223
3 4400 3566 1954
3 3337 1954 3566
3 3566 3380 3337
3 2105 2266 4508
3 825 4080 868
3 2063 1186 4270
3 3232 2954 3978
3 388 3978 1046
3 3503 1243 2767
3 3503 2767 1480
3 1480 775 3503
3 3134 3971 4302
3 4302 3971 819
3 3971 3014 819
3 819 3014 4401
3 3393 3851 2652
3 4302 4401 3851
3 3393 3750 2037
3 3750 2652 1445
3 2652 3647 1445
3 1445 3647 879
3 3647 2652 3851
3 3028 3851 4401
3 3249 2538 2145
3 2538 3612 1024
3 3612 3460 3799
3 3982 208 3194
3 3858 4218 3982
3 3982 4218 3499
3 4218 3447 2027
3 2027 3447 3721
3 3721 3447 275
3 605 3464 2537
3 3447 605 58
3 2537 58 605
3 58 2537 1801
3 2537 4154 3212
3 4154 3464 113
3 3212 995 2435
3 995 1826 2435
3 3132 3959 2385
3 3959 3199 1667
3 4498 4234 3966
3 2609 4498 3966
3 2609 3966 1507
3 977 34 243
3 34 572 243
3 243 572 3275
3 4153 3528 409
3 4019 4210 409
3 3528 2542 3917
3 3285 891 1002
3 4481 2235 2503
3 891 1755 2672
3 3609 1457 2465
3 1755 904 636
3 338 636 3663
3 338 3663 8
3 636 791 3663
3 8 3663 428
3 428 3663 2066
3 428 2066 3688
3 3688 2066 2629
3 2629 2066 2481
3 2081 2629 4106
3 2629 3761 753
3 2629 753 4106
3 897 2279 2781
3 2313 2719 2781
3 2719 4430 2781
3 2781 4430 2591
3 2475 4430 2253
3 2475 2253 1213
3 1213 2253 4092
3 729 1213 2952
3 2475 3435 2695
3 2695 3435 907
3 907 3435 4277
3 3267 4277 4203
3 3267 2818 4277
3 2044 4246 4379
3 3658 2690 172
3 2404 3425 2690
3 3425 172 2690
3 4347 3098 2210
3 976 3098 3449
3 976 3449 2543
3 3840 4339 3449
3 270 4339 3840
3 270 3840 3180
3 4507 270 3180
3 799 1665 3840
3 1665 3180 3840
3 3180 1665 129
3 4347 1665 799
3 129 1665 1016
3 1578 427 755
3 755 427 1950
3 427 1016 1950
3 3446 2271 3624
3 755 1104 2271
3 2271 3269 3624
3 3269 1104 1622
3 1622 1104 3091
3 3624 3269 22
3 1622 3662 3269
3 3269 3662 22
3 2156 3662 621
3 583 2156 3065
3 621 3065 2156
3 621 1622 3091
3 3065 1472 3692
3 1780 3914 97
3 263 2350 3834
3 2698 2508 1219
3 2350 3214 200
3 3467 2873 1219
3 1219 2873 3891
3 3891 2873 1579
3 337 4198 2339
3 337 2468 397
3 2468 504 1797
3 397 1797 687
3 687 4015 397
3 687 3344 4015
3 4015 1045 3171
3 2716 1045 2399
3 2989 4015 3344
3 2322 4508 3765
3 1305 2322 955
3 3765 955 2322
3 3370 1406 1305
3 986 1305 1406
3 1406 3370 1918
3 3370 2063 4270
3 955 3903 2063
3 4270 1186 3625
3 3503 3682 3306
3 3306 3682 178
3 3682 3090 178
3 3090 3750 839
3 839 3750 1445
3 3090 839 940
3 1920 839 1445
3 1920 3729 4531
3 1920 879 3729
3 360 3729 1024
3 879 3647 239
3 879 239 3729
3 3729 239 1024
3 1024 239 3581
3 3028 1585 1583
3 2993 659 360
3 2999 3612 3799
3 739 1155 3194
3 739 3194 3499
3 3499 3194 208
3 739 3499 1215
3 1191 275 3447
3 1191 58 2286
3 1191 2286 2447
3 58 1801 2286
3 1801 4325 1650
3 1650 2286 1801
3 118 470 67
3 118 67 2120
3 470 1776 67
3 1776 1667 3420
3 1905 1776 4514
3 3420 4514 1776
3 3454 1667 3199
3 3454 3088 4514
3 3454 1760 3618
3 3199 4297 1760
3 3199 4234 4297
3 3243 4498 2609
3 4366 1507 3804
3 3804 1507 3275
3 3804 3275 4037
3 4407 3275 4210
3 4037 4407 2513
3 2911 4019 3011
3 4390 2635 1197
3 1486 3917 4481
3 4481 1197 1486
3 1197 4481 3586
3 3586 4481 2503
3 1409 463 3228
3 463 1409 3742
3 3742 1409 2498
3 1409 2858 187
3 1409 187 2498
3 2858 1594 2413
3 3055 3593 4403
3 1594 1271 4403
3 1271 779 4179
3 1271 4179 1087
3 4502 1087 2050
3 4179 2050 1087
3 2050 4179 2081
3 779 3228 4179
3 579 753 320
3 2050 1912 4502
3 1897 882 320
3 1897 2604 1606
3 1606 2604 1554
3 2591 2604 2781
3 1554 4430 2695
3 16 1396 4478
3 3599 4478 203
3 1396 1430 4478
3 203 4478 3759
3 4404 4140 3083
3 3267 1033 1329
3 3659 1329 1723
3 2384 869 4360
3 4357 2302 2739
3 3659 613 2033
3 2033 3449 3953
3 3953 3659 2033
3 2420 2002 4339
3 4242 3180 3474
3 1552 3008 3446
3 3521 1552 317
3 317 2531 3521
3 2531 317 2222
3 1725 2095 2222
3 4436 1624 1725
3 1169 1725 1624
3 3602 1321 2499
3 2419 2944 3338
3 2419 3834 4079
3 4079 3834 2508
3 2499 4079 1009
3 1009 3602 2499
3 4249 1009 1579
3 3891 1579 1009
3 1579 3960 4249
3 1388 3960 500
3 3960 1579 3121
3 3121 500 3960
3 1196 4198 622
3 1196 622 2960
3 4239 2960 622
3 4239 600 1746
3 2152 1746 339
3 4291 1360 4113
3 3859 3458 537
3 3859 537 2356
3 2356 537 2580
3 537 3458 1519
3 537 1519 2580
3 3458 2399 2329
3 2329 2399 2989
3 2399 1045 2989
3 1233 2132 3411
3 3411 2132 4508
3 2132 2662 4508
3 3411 4508 2656
3 2656 4508 2322
3 1737 3411 932
3 932 106 1737
3 3981 106 932
3 3981 3364 106
3 2656 2289 3981
3 3170 3981 2289
3 2289 1572 3170
3 2322 2289 2656
3 2289 986 1572
3 3170 3775 3172
3 1463 3170 3172
3 298 3775 4047
3 2588 298 4047
3 3775 4051 4047
3 4051 926 4047
3 4047 926 4145
3 926 1918 2641
3 3433 4270 3306
3 3433 4018 3461
3 4018 3090 940
3 4018 940 2217
3 2217 1036 4018
3 3690 4018 1724
3 1036 1724 4018
3 1036 2217 3734
3 3783 1036 3734
3 3729 4410 1063
3 1179 4410 3107
3 4410 1179 3335
3 2664 2999 1836
3 2664 1836 2596
3 2596 1836 3480
3 3799 2733 1464
3 1980 1928 4387
3 4387 353 1980
3 3480 1980 353
3 3416 1341 1352
3 3721 2447 1352
3 1352 2447 4236
3 4236 3416 1352
3 4236 2447 2286
3 806 2770 2270
3 2270 2770 4365
3 1650 4365 2770
3 806 2053 4236
3 2120 2842 2053
3 3016 829 2077
3 2077 829 316
3 1181 2071 1905
3 1905 2225 1181
3 2071 2120 1905
3 2225 1905 1038
3 4514 3088 4088
3 3836 1165 1340
3 2515 2933 694
3 1841 694 2076
3 694 2933 2168
3 694 2168 2076
3 2076 2168 4482
3 2379 2016 1296
3 942 4526 635
3 4526 4297 3815
3 716 2723 3710
3 4366 3710 2723
3 1798 2513 1078
3 4037 2513 1798
3 2684 3412 1078
3 4133 3412 2684
3 3293 630 2810
3 3293 2810 2983
3 630 2513 2810
3 2810 2513 4407
3 2911 2983 2351
3 2911 3011 4185
3 4390 1197 2043
3 2043 494 2533
3 4499 2497 2792
3 2792 2497 2159
3 2159 2497 2752
3 2497 3586 2752
3 1456 2752 2527
3 2354 1456 2527
3 2503 2527 2752
3 2354 2498 2759
3 2863 2759 3128
3 2759 3038 2792
3 3038 2863 4256
3 4256 2863 3899
3 2863 3128 3899
3 3899 3128 4269
3 3899 4269 4381
3 4381 4269 51
3 1478 3921 3424
3 3055 3424 3921
3 2070 4502 1451
3 1451 3497 2070
3 4502 92 935
3 935 92 3599
3 3599 92 268
3 3599 268 30
3 3599 203 2931
3 203 3877 2931
3 1342 3877 3453
3 3953 4140 3659
3 4345 3887 2714
3 3887 2420 2714
3 4345 2714 2014
3 2340 2014 170
3 170 2014 1079
3 2714 4266 2014
3 2014 4266 2976
3 2014 2976 1079
3 4013 249 1001
3 2345 4013 4284
3 3485 2345 978
3 2345 4242 1302
3 1302 4014 978
3 978 4014 3896
3 3468 4014 3446
3 3468 3008 2624
3 3468 2624 1778
3 3896 3468 1778
3 4530 2956 2624
3 1778 2624 2956
3 4530 2624 2837
3 2624 3008 2837
3 283 3008 1552
3 1552 3521 283
3 2837 3521 486
3 1680 486 3521
3 2821 132 2095
3 2187 1039 2821
3 1039 2187 331
3 331 2187 736
3 331 736 119
3 119 736 231
3 2187 1624 736
3 736 1624 4436
3 736 4436 549
3 231 549 4304
3 2452 2951 556
3 4304 598 2951
3 2951 598 556
3 556 598 3933
3 2951 2452 4453
3 1564 2452 1904
3 2388 1904 1150
3 2452 556 1904
3 222 556 3933
3 3933 2608 222
3 3602 222 2608
3 3602 4249 3832
3 3832 1388 3878
3 4067 1817 1388
3 3878 1388 1817
3 1978 2960 3127
3 1032 3127 2425
3 2425 3127 136
3 2425 2862 1032
3 1794 1032 2862
3 2862 1644 1794
3 1644 2862 2491
3 1647 2862 2031
3 1647 2031 3294
3 3294 1974 1647
3 3294 2895 1974
3 2031 136 2152
3 2031 4017 3294
3 801 339 4291
3 2373 3723 3017
3 2356 3723 4291
3 3723 2356 2617
3 2617 2356 4026
3 2617 4026 1455
3 2356 2580 4026
3 1737 106 4233
3 1261 4233 4363
3 106 3364 4233
3 4363 4233 2022
3 1463 3172 4057
3 497 3172 696
3 497 696 3733
3 696 2588 2855
3 696 2855 3733
3 3733 2855 1921
3 114 625 4192
3 4145 3143 625
3 4145 2641 3143
3 3143 2641 3789
3 2641 3461 3789
3 1724 2898 3690
3 101 3227 788
3 4199 788 3227
3 788 4199 3643
3 1443 4199 1411
3 1443 1411 2549
3 1411 2553 2549
3 3783 1411 4199
3 2553 1411 2019
3 3783 3734 763
3 2553 725 2549
3 2549 725 1845
3 3622 1596 2553
3 3622 2019 478
3 3622 478 2780
3 2019 3335 478
3 478 1179 2367
3 2366 2596 386
3 386 4206 2366
3 386 721 1711
3 386 1711 124
3 721 4387 1711
3 4387 4422 341
3 1341 3416 184
3 184 3416 2746
3 184 2746 4422
3 2746 623 1386
3 623 3016 1386
3 3016 1855 1044
3 1855 4236 1044
3 3016 1044 2071
3 2077 2423 1386
3 1481 961 3075
3 3573 637 2001
3 2947 316 1911
3 1911 316 1181
3 1911 1181 2225
3 1911 2225 1553
3 1553 2169 1439
3 1439 2169 2038
3 2038 2801 1439
3 2169 4514 2569
3 3618 3836 3515
3 2142 27 2569
3 1820 2765 2312
3 1865 224 1841
3 4482 1841 2076
3 4482 36 1841
3 36 1865 1841
3 3796 2991 2174
3 3439 2260 1020
3 2991 3796 2260
3 2260 3796 987
3 33 2016 3904
3 3904 2016 4394
3 894 2852 2282
3 4499 2282 2811
3 2852 2111 2282
3 2282 2111 2533
3 2282 2533 2811
3 2111 4390 2533
3 4009 4499 3562
3 2928 2297 2126
3 2126 2297 4256
3 2297 3038 4256
3 2126 2321 2679
3 4056 2595 4381
3 2025 3899 2595
3 2327 3670 3592
3 3592 921 2327
3 921 3592 2276
3 3593 1823 3670
3 3921 2201 1823
3 2883 1823 2201
3 2201 1478 4169
3 1291 4169 1478
3 315 3471 3497
3 3471 315 501
3 3175 643 248
3 248 643 809
3 1315 3175 248
3 1315 248 3457
3 809 3457 248
3 809 3100 3457
3 3186 3457 3100
3 809 137 3100
3 3453 3100 137
3 137 1342 3453
3 380 3877 862
3 862 3877 1734
3 4345 862 3083
3 3453 1849 2340
3 2340 628 3453
3 3100 3453 628
3 628 3847 3715
3 2417 189 3847
3 189 3715 3847
3 3715 189 937
3 2417 2428 189
3 1079 3504 2417
3 1079 1812 3504
3 1339 3504 1812
3 249 589 3270
3 902 3958 3485
3 4013 3485 3958
3 902 250 3958
3 250 902 738
3 123 3485 3896
3 3896 264 123
3 123 264 4099
3 123 4099 836
3 2956 1744 1646
3 1744 4453 134
3 2755 135 4453
3 331 119 3543
3 1564 1459 2452
3 4453 2452 1459
3 93 1459 1564
3 93 1564 2897
3 2897 1564 2388
3 2897 2388 265
3 265 4103 1521
3 3701 2418 1713
3 4103 2388 1150
3 4103 2797 1521
3 2418 1521 1713
3 2797 1070 1523
3 971 4103 3878
3 1150 3878 4103
3 971 1817 4148
3 3826 4148 1794
3 382 1817 4067
3 3826 2491 3429
3 3429 2491 4307
3 3860 4307 542
3 1974 3860 542
3 2107 645 1561
3 3332 1974 2895
3 2895 536 3332
3 536 2895 1843
3 3332 536 784
3 536 167 784
3 784 167 2889
3 784 2889 3621
3 724 2889 167
3 908 2889 3405
3 169 724 4126
3 4126 724 1501
3 1501 3077 4126
3 633 1501 1843
3 633 1843 2373
3 3017 633 2373
3 1455 127 3077
3 3077 127 1764
3 3077 1764 4126
3 4456 158 1546
3 824 2406 1546
3 2674 2406 4363
3 4363 824 2524
3 1261 2151 3174
3 2978 3174 3493
3 4456 543 1568
3 1947 1031 2209
3 1947 3919 1031
3 3919 1947 4294
3 1947 2022 1955
3 4294 1955 2064
3 1955 2022 3358
3 1955 3358 2064
3 2064 3358 13
3 13 3206 903
3 497 3733 2820
3 2064 903 3871
3 3084 2064 3871
3 3733 3597 2820
3 1921 4053 3597
3 1957 4053 2855
3 1957 1943 4053
3 4053 1943 3868
3 1957 832 1943
3 1943 832 2254
3 2254 832 496
3 496 3143 3789
3 3789 2898 496
3 2254 313 3261
3 3261 313 2737
3 313 4097 2122
3 4097 2898 101
3 313 2122 2737
3 4199 1365 3643
3 1845 3635 4137
3 4137 3635 1462
3 3635 1845 2657
3 2657 1845 282
3 2332 1845 725
3 2332 725 1596
3 3622 831 1596
3 522 1596 831
3 192 522 831
3 2780 4206 4075
3 4075 4206 3465
3 4206 124 3465
3 3465 124 4247
3 4247 2267 3465
3 1711 2094 2966
3 4422 2094 341
3 4422 2746 2423
3 4422 2423 3075
3 3075 961 2517
3 3675 634 1465
3 1481 2380 961
3 3494 961 2380
3 3494 2380 2974
3 4265 2974 1103
3 2688 637 3573
3 3655 3573 3459
3 3655 1300 4450
3 2369 1300 2801
3 3555 2369 2801
3 1300 3459 2801
3 335 1695 3555
3 1147 3555 1695
3 1695 335 2765
3 1695 2765 1053
3 1053 2765 1469
3 1053 4295 3153
3 4346 3295 1013
3 4346 1469 3295
3 1023 4482 2387
3 2387 1013 1023
3 3427 52 344
3 3427 344 2174
3 2174 344 78
3 52 4482 344
3 78 344 1296
3 3427 2174 3645
3 2387 565 1922
3 2696 4358 1922
3 1922 4358 1676
3 4358 3645 1754
3 3645 2991 3439
3 309 3266 1020
3 2244 3266 197
3 3266 309 3937
3 197 3266 1454
3 1454 3937 4480
3 4480 327 2327
3 4480 1083 2561
3 921 2276 1520
3 921 1520 1083
3 2561 1083 3263
3 3013 3135 4393
3 2276 2402 3135
3 3135 2402 3484
3 1306 3484 1996
3 1996 3457 1306
3 1996 2402 2484
3 2883 3417 2575
3 1306 539 1112
3 1306 1112 3484
3 1112 4278 3484
3 539 4194 1112
3 4194 3613 2123
3 3613 334 181
3 334 2294 2689
3 334 2689 359
3 2689 1926 359
3 1742 1926 2689
3 2428 3246 3613
3 2294 3613 3246
3 1405 2294 3246
3 2689 1405 4412
3 4412 3507 2689
3 1742 2689 3507
3 4412 3672 2807
3 1856 4412 2807
3 2807 3672 1173
3 2807 1173 3604
3 3672 3246 981
3 4353 3958 2196
3 2196 3958 250
3 2196 1021 4353
3 2041 1021 3642
3 3642 1400 2041
3 4099 1646 3642
3 134 3642 1646
3 1400 2755 1354
3 2755 1459 2003
3 2755 2003 1354
3 1021 2041 4353
3 244 1362 3973
3 713 4322 997
3 4522 1884 3701
3 4522 3701 4058
3 3701 646 4058
3 646 2884 920
3 3278 3141 1573
3 2655 1691 90
3 90 1691 1573
3 1691 3429 1289
3 3087 1289 4196
3 3429 2655 3826
3 3826 2655 1523
3 4307 19 1003
3 1003 19 689
3 1003 689 4196
3 3964 2030 2107
3 3219 2107 2030
3 2030 3860 3219
3 3964 808 1960
3 1960 808 2288
3 2 1561 3621
3 3621 3844 2
3 3621 2889 908
3 3621 908 3161
3 3621 3161 3844
3 3161 4036 3045
3 4036 3405 2730
3 169 4126 3754
3 3754 62 2186
3 2186 3140 2817
3 3869 4456 1527
3 4456 1568 1527
3 3646 1527 1031
3 1768 994 3646
3 1662 3956 4170
3 4170 3956 4461
3 3956 1768 4294
3 4461 4294 2582
3 1768 3919 4294
3 2064 3084 2582
3 2582 3084 1279
3 3597 3868 4415
3 3084 4415 3848
3 3506 3848 4041
3 4434 2028 1365
3 2028 3643 1365
3 888 3482 4137
3 888 2809 2051
3 1732 2051 3372
3 116 4119 2231
3 1462 4119 116
3 4119 734 2231
3 2231 734 4292
3 4119 3801 1813
3 691 2256 3801
3 2979 691 3801
3 2256 691 3251
3 2982 3684 3251
3 3251 3684 44
3 3251 44 3931
3 2220 3684 4095
3 4095 2657 3049
3 1503 522 192
3 3049 1503 2768
3 2328 1987 192
3 2267 4247 2328
3 1987 2328 4247
3 2483 1987 125
3 4247 125 1987
3 2281 2483 1223
3 4376 2281 3273
3 3798 2966 3675
3 391 1307 1516
3 1465 1307 391
3 4197 2197 4265
3 4197 1103 2688
3 4197 2688 206
3 1983 206 3655
3 1370 1983 328
3 4525 4450 1833
3 3242 2415 1569
3 2415 1833 4450
3 2415 4450 1249
3 2415 1249 1569
3 4130 1569 1147
3 2876 4130 1153
3 1138 217 4130
3 1138 2424 217
3 1147 3153 1138
3 4295 4346 1972
3 4346 1013 3774
3 1922 209 3774
3 1922 1676 209
3 3537 4486 3774
3 4486 3805 3774
3 1876 1206 4512
3 3 3537 1961
3 3 1961 1139
3 3537 1676 1961
3 1961 1676 2250
3 1961 1715 3792
3 3792 3533 4132
3 3533 4142 2725
3 4286 1109 759
3 4142 1715 760
3 4142 760 1109
3 295 899 3042
3 295 3517 899
3 3517 197 620
3 620 2545 3517
3 1454 620 197
3 2545 620 4480
3 3952 2718 3517
3 815 3714 3952
3 3714 815 223
3 223 1420 3714
3 3714 2691 2149
3 1120 2691 2040
3 1120 2040 2922
3 2040 2598 2744
3 2598 2278 4110
3 3307 4110 1124
3 2278 1420 4110
3 1232 4393 2793
3 2793 1124 1232
3 2793 4278 4
3 692 4 4278
3 4 722 2793
3 722 1124 2793
3 4008 3693 3307
3 722 1926 4008
3 1926 1742 4008
3 1742 381 4008
3 4008 381 924
3 381 14 924
3 14 1226 924
3 2335 3993 3507
3 2335 3507 3255
3 3255 3507 81
3 39 3255 4412
3 39 4412 1856
3 3422 3683 2798
3 1488 2798 3604
3 4021 3422 3557
3 48 772 2571
3 2920 2571 997
3 1767 2920 4058
3 3557 1767 1262
3 1262 4021 3557
3 1767 920 3644
3 3644 1144 3795
3 3795 1144 102
3 1431 2414 4143
3 2414 3278 1645
3 1956 1505 3087
3 4107 3087 3929
3 3929 3087 4196
3 1003 4196 1289
3 3929 1816 2870
3 3929 394 1816
3 1694 394 2756
3 4090 2756 394
3 689 19 4090
3 1949 385 1597
3 2219 1890 1949
3 1334 1949 1890
3 1890 2219 861
3 861 4065 3330
3 3330 4065 2921
3 2921 3726 3330
3 2921 2892 2722
3 2722 2892 1960
3 2722 1960 1476
3 2615 1960 2288
3 2722 3551 3726
3 4490 2730 3754
3 2730 4490 3041
3 21 4490 2817
3 21 2817 906
3 906 3720 21
3 3869 2182 3696
3 2182 1951 376
3 1951 2458 376
3 2458 683 376
3 683 4120 3302
3 4327 4120 4170
3 4120 1576 994
3 994 1576 2626
3 1576 2458 2626
3 1951 3869 1986
3 994 2626 3646
3 2626 1986 3646
3 4120 1662 4170
3 4170 2682 4327
3 2682 4000 4327
3 2455 3534 4466
3 312 3534 777
3 777 3669 312
3 3669 777 4461
3 1279 41 4461
3 41 3669 4461
3 1732 3372 3506
3 2534 2694 3372
3 2295 3372 2694
3 2534 4122 133
3 2239 2166 133
3 2715 3628 4122
3 686 4122 3628
3 3864 686 3628
3 4424 875 803
3 2622 803 875
3 875 3864 2622
3 4275 3888 4424
3 4424 3888 3059
3 3617 2057 4003
3 2057 378 3167
3 3753 2658 378
3 2658 3753 3308
3 2256 642 3753
3 2346 3753 642
3 642 2256 3251
3 3753 2346 3308
3 225 2346 1487
3 3931 1487 2346
3 2220 3931 3684
3 1355 258 2220
3 258 1355 3724
3 3724 1355 4376
3 3273 3724 4376
3 202 3273 4513
3 4513 3273 706
3 4513 706 410
3 4352 4265 2197
3 291 796 2965
3 796 1730 2965
3 796 4197 1730
3 1082 3472 1273
3 3472 1082 2157
3 1082 2194 70
3 2977 70 4222
3 3423 3218 4382
3 257 2876 1153
3 1153 1440 257
3 4382 257 1440
3 3539 1440 1366
3 1366 3805 726
3 3992 726 1876
3 2424 4295 3805
3 4295 1972 3805
3 2901 2173 3992
3 2173 2901 4512
3 2620 4116 2708
3 2708 4116 3522
3 3522 4183 2708
3 3792 4183 1139
3 2708 2365 1094
3 2365 4183 2824
3 2824 1185 2365
3 2824 4288 1185
3 2444 1152 3770
3 4286 2922 3770
3 179 2744 1886
3 1886 2058 1492
3 1492 2058 3156
3 1492 3156 1899
3 1899 3156 2757
3 2058 2374 2306
3 2306 2374 3693
3 2602 2306 4181
3 2808 558 4181
3 4181 558 4532
3 3700 558 1491
3 1226 1224 1491
3 3700 1491 1224
3 4532 3700 2879
3 2814 2879 2778
3 2879 3700 2202
3 2778 2879 1822
3 1224 1623 3700
3 2202 3700 1623
3 1623 1283 2202
3 1004 2202 1283
3 2334 852 695
3 3436 2372 121
3 121 2372 923
3 923 4046 2108
3 4046 3802 2108
3 3736 2108 2364
3 2816 3802 433
3 571 1369 3802
3 3802 1600 433
3 1369 3288 3802
3 433 1600 3073
3 3288 1369 311
3 57 311 1369
3 3288 311 4021
3 3524 4021 3310
3 3795 102 4272
3 4272 102 2129
3 4272 2129 3456
3 4272 3456 4474
3 4474 3456 3354
3 2129 1027 4166
3 3988 4166 3313
3 3988 3313 746
3 1956 4107 1467
3 185 2870 4467
3 185 4467 2562
3 2870 2520 4467
3 2562 4467 4494
3 4467 2520 3078
3 3078 3944 4467
3 3078 4178 4458
3 4255 4458 1518
3 499 3106 1334
3 1184 1334 3106
3 524 3106 2645
3 2645 4300 524
3 909 2645 82
3 2645 2218 82
3 2308 1890 861
3 82 2218 1747
3 3567 2916 2473
3 3567 3708 2916
3 3567 3726 3551
3 3841 3551 3103
3 3103 2371 3841
3 2371 720 3032
3 3032 720 2437
3 720 1548 2437
3 2437 1548 3045
3 4446 2997 4492
3 3032 3041 2997
3 2997 3041 4492
3 4492 3041 3720
3 666 1660 4492
3 666 3720 769
3 1660 666 769
3 1660 769 2358
3 769 1560 55
3 769 55 2358
3 376 1401 1263
3 683 3302 1401
3 3302 966 1401
3 4308 3657 709
3 1287 1862 3462
3 3302 4327 3657
3 1157 3657 4327
3 4000 762 1157
3 762 699 1157
3 3534 3529 2682
3 2455 1716 3529
3 1058 3529 1716
3 3782 1058 1716
3 3782 1716 2639
3 4466 1716 2455
3 3669 1528 1684
3 1684 1528 941
3 941 1528 2179
3 4504 479 2166
3 2694 479 2179
3 4260 4504 1892
3 1258 1061 1391
3 2020 4260 2915
3 3589 1028 2155
3 1389 2480 3119
3 3119 2480 1028
3 2480 1389 3445
3 1389 3119 4141
3 4141 3059 3197
3 4141 3197 3362
3 3362 1389 4141
3 3059 4114 3197
3 4460 3197 4114
3 4513 3167 378
3 4513 378 2658
3 2136 2880 3308
3 3308 225 2136
3 3724 3273 2136
3 3037 665 2825
3 2825 665 3047
3 3047 2098 2825
3 3047 323 2098
3 2965 2750 2760
3 3046 1309 2750
3 2157 2526 1309
3 901 1500 2486
3 1500 3204 396
3 396 3204 3752
3 761 3839 1551
3 3292 1140 4497
3 2711 1140 3292
3 3423 2981 2408
3 1544 1214 3067
3 2981 886 3854
3 3854 886 3271
3 3054 3271 612
3 3271 4382 612
3 3054 612 495
3 612 454 495
3 454 3539 3992
3 495 678 2393
3 2393 4116 2162
3 3594 2620 1094
3 3594 1094 2005
3 561 1185 1161
3 561 1161 1615
3 1615 2005 561
3 1615 3331 2005
3 2390 4288 1861
3 1359 1534 2973
3 1690 2390 1473
3 1473 2390 3703
3 3703 2783 3404
3 3404 2783 750
3 3404 750 2800
3 1062 2800 750
3 2800 3640 1899
3 3018 1547 4138
3 3997 2757 1658
3 3997 354 3527
3 1658 2602 354
3 1446 354 2602
3 3527 1446 798
3 4532 798 1446
3 4473 267 2285
3 3527 277 1253
3 2681 2778 3728
3 3605 3728 1348
3 3030 2274 3950
3 1822 1004 4468
3 1822 4468 349
3 4369 1283 2334
3 4369 3496 1635
3 1930 695 513
3 513 695 923
3 923 695 121
3 2108 3736 513
3 2929 3736 1722
3 3355 2364 870
3 2364 3355 4031
3 4031 1722 2364
3 4031 2269 1722
3 2269 4031 4454
3 870 1376 2816
3 300 2816 2562
3 2816 4474 346
3 2816 346 2562
3 2562 346 805
3 3354 3456 3988
3 3354 2528 805
3 4494 1136 3355
3 1136 4494 2412
3 2650 3944 1429
3 4467 2650 2412
3 2650 1429 1853
3 1853 2412 2650
3 1429 357 3630
3 913 357 2056
3 357 1429 4520
3 4520 2056 357
3 4255 2600 4520
3 4520 2600 4162
3 3166 1518 3680
3 1413 3680 4191
3 1424 4300 3651
3 3651 4300 190
3 3651 190 3686
3 909 2473 4300
3 1879 3230 190
3 190 3230 3664
3 190 3664 3686
3 285 4431 3230
3 787 546 3812
3 3955 3378 285
3 3378 1891 45
3 45 1891 482
3 1891 4484 482
3 4446 4484 1891
3 4446 4492 4484
3 109 83 3706
3 83 431 3706
3 3706 431 3102
3 3102 84 3381
3 3626 3381 2621
3 3381 84 2500
3 84 2358 2500
3 2621 4308 2748
3 2805 515 3462
3 1532 2352 3462
3 3462 555 1532
3 4087 1532 555
3 4087 555 699
3 699 555 1157
3 699 762 590
3 3822 590 762
3 762 4000 3822
3 945 1971 2563
3 2563 1971 1064
3 1971 3529 1058
3 1971 1058 1064
3 1058 3782 1064
3 3570 3782 1188
3 1188 2869 3570
3 2518 3570 2869
3 2665 1188 3782
3 2639 4098 2665
3 4098 3620 2665
3 991 149 4098
3 3620 4098 2213
3 4098 149 3369
3 4098 3369 2213
3 2915 3345 2020
3 3345 2213 2020
3 3345 1034 1639
3 3345 1639 2273
3 112 95 866
3 112 866 4032
3 866 3481 4032
3 3827 1906 667
3 2525 2237 676
3 2525 676 3678
3 3678 4460 4105
3 2067 3145 723
3 723 3145 2361
3 1517 279 3145
3 2361 3145 279
3 2361 835 568
3 568 10 4333
3 2526 1225 10
3 1390 10 1225
3 1225 3752 1390
3 1390 3752 72
3 72 3752 3463
3 3998 3319 3463
3 3463 3319 1727
3 1470 2485 3998
3 3998 3556 1470
3 2485 1470 3989
3 1470 3556 1091
3 1470 1091 3286
3 3286 3989 1470
3 3286 1863 3989
3 1091 3556 1967
3 1967 3556 3928
3 1967 3928 2092
3 3407 3556 1551
3 3928 3407 4497
3 3928 4497 1925
3 4497 1140 3060
3 4299 4240 3067
3 1214 3737 4200
3 3391 3478 3737
3 4200 3737 4496
3 3031 3719 3538
3 3838 833 3854
3 3719 4496 833
3 833 4496 3478
3 833 3478 3854
3 3838 601 1932
3 1209 1620 601
3 601 1620 1932
3 1209 2393 2162
3 1620 117 1932
3 2685 1132 1933
3 1132 2100 1933
3 1933 2100 2336
3 2457 3191 2161
3 3331 2161 3191
3 2457 2161 3183
3 3183 2161 3399
3 3399 2161 610
3 610 2161 446
3 610 446 4083
3 846 1473 2113
3 1473 3703 2113
3 2574 4138 24
3 3997 4473 4138
3 4138 4473 1256
3 4138 1256 24
3 3007 297 1328
3 1948 1328 176
3 176 1328 2998
3 1256 1081 297
3 1348 3607 2998
3 3728 2274 3550
3 2451 681 2274
3 3550 2274 681
3 681 863 3550
3 2104 2451 1563
3 1671 939 4425
3 4487 4425 2287
3 4487 2287 2258
3 2258 2287 4214
3 4214 2287 4369
3 4454 3443 150
3 3443 4454 4031
3 3443 4031 1136
3 1136 4031 3355
3 1136 3188 3443
3 2412 3188 1136
3 3188 2412 1853
3 1149 3630 913
3 218 1212 1149
3 218 4483 1212
3 218 913 4483
3 183 4520 4162
3 183 4162 1433
3 1433 4162 1221
3 2381 1221 3328
3 1125 3166 4276
3 1018 4457 2586
3 2586 4457 2996
3 4191 2405 1413
3 4086 1413 2405
3 2405 3686 1953
3 1953 4431 4129
3 3303 2232 1537
3 4500 3855 1979
3 503 4484 3706
3 1979 3102 4500
3 3102 2791 4500
3 2621 2805 3626
3 3578 2805 2325
3 228 3578 1137
3 3578 2325 4060
3 3578 4060 1137
3 1137 4060 63
3 2709 4060 2325
3 1468 2709 764
3 2709 2352 764
3 2352 1532 2355
3 2352 2355 3003
3 4087 2310 2355
3 3794 1638 2632
3 2632 714 3940
3 1265 466 2563
3 1265 2563 2330
3 2330 2518 3247
3 4182 3247 2518
3 403 4182 2029
3 2869 2029 4182
3 963 3620 2273
3 3345 2273 3620
3 2029 963 2273
3 963 2029 2869
3 2984 403 1171
3 2984 1171 2395
3 2669 2984 2395
3 2395 1171 2935
3 2984 2669 1543
3 2669 432 1944
3 1208 1944 1611
3 1944 432 212
3 1944 212 629
3 629 273 1944
3 1611 1944 273
3 1526 212 4032
3 1526 3481 3827
3 1526 667 3743
3 3835 667 3421
3 1627 3835 3213
3 3213 1893 1627
3 3181 1627 1893
3 2868 3835 3421
3 2868 3421 4202
3 4202 1129 2868
3 655 1129 4202
3 4007 3678 4105
3 4007 4105 272
3 272 1550 1837
3 2067 1550 3745
3 2067 723 1550
3 1837 1550 723
3 765 655 946
3 4007 568 4333
3 1129 3778 2868
3 3649 1314 2659
3 3778 2607 1567
3 2743 2607 2860
3 2607 765 3540
3 2607 3540 2860
3 3540 765 3463
3 1567 885 1707
3 822 1707 1995
3 822 1863 1707
3 1707 1863 1363
3 1863 3286 1363
3 3665 3224 4091
3 3224 1967 2092
3 3224 2092 965
3 965 2092 50
3 965 50 2101
3 2101 50 3031
3 1925 3719 3031
3 2101 188 4338
3 4338 188 3569
3 3538 3110 188
3 3569 188 3110
3 3110 1669 3569
3 3342 3387 2893
3 3110 2893 3387
3 2893 1075 3342
3 2893 2206 1075
3 690 2085 352
3 1075 2206 2085
3 352 2085 1721
3 469 3387 4368
3 352 1758 690
3 690 1758 3530
3 690 3530 4368
3 4368 3530 3773
3 3530 1758 3967
3 3967 476 3530
3 476 3967 1848
3 2336 1848 3967
3 1848 2336 3191
3 2457 3183 2845
3 3183 4076 3650
3 2874 4076 3340
3 3340 1739 2113
3 586 3007 4444
3 2697 1948 176
3 2697 176 177
3 177 2262 2697
3 3607 177 176
3 2262 3576 3766
3 3576 3541 3766
3 3766 3541 3735
3 2456 4372 4241
3 4372 3541 3550
3 1563 1802 2104
3 2104 1802 4487
3 2104 4487 3217
3 4487 4134 3217
3 4134 4487 3375
3 94 2258 1264
3 1264 3375 94
3 2493 1264 2258
3 1264 2493 3442
3 3375 1264 4227
3 3442 4227 1264
3 3442 2493 3900
3 3900 2493 3731
3 2493 4214 3731
3 2450 3731 2929
3 905 73 2450
3 73 4454 2450
3 3900 266 4428
3 266 1604 4428
3 1274 150 3443
3 4209 1274 2766
3 1274 4209 4428
3 4359 2318 421
3 98 3363 1580
3 329 617 3163
3 329 3163 4128
3 1598 329 4128
3 1212 876 1371
3 3163 421 974
3 1160 876 3284
3 3284 3598 3633
3 3633 3598 707
3 707 3598 4483
3 707 638 3633
3 1433 2381 638
3 3633 3328 3596
3 3596 3831 3633
3 4220 4276 377
3 4220 130 2150
3 377 1018 2283
3 3356 2283 1018
3 1018 2586 3356
3 2828 4070 1141
3 4070 2368 2988
3 2368 983 3252
3 4129 983 2828
3 2828 4086 4129
3 1537 260 3303
3 4042 3441 2462
3 3441 63 2462
3 2988 849 599
3 849 1939 599
3 3906 1468 764
3 3906 3253 506
3 3906 506 3289
3 3201 506 4364
3 2333 2474 4364
3 1427 3794 3911
3 3794 1785 3911
3 2632 1529 3794
3 2330 3247 2091
3 2091 3247 4147
3 2091 4147 855
3 2984 1543 4147
3 4147 1543 4455
3 4455 237 3489
3 2427 2702 1857
3 2729 1919 1208
3 1919 2103 2702
3 1919 2729 1295
3 1295 2103 1919
3 2148 252 1720
3 2148 3181 252
3 1893 3213 4172
3 2659 3502 1343
3 2647 1067 4091
3 2659 1542 3502
3 2659 1314 1542
3 4091 1542 2618
3 1314 2618 1542
3 2647 2840 2357
3 2840 2647 4331
3 4331 3400 3173
3 4427 89 3173
3 4331 3173 1205
3 1828 3205 3938
3 3173 89 3205
3 3938 3205 3569
3 3938 3569 1669
3 3387 2489 3938
3 2489 2013 4164
3 469 4368 2013
3 207 2013 4368
3 3773 3776 4368
3 4263 3341 2207
3 2207 3341 3650
3 2494 1621 2661
3 2494 2661 1384
3 2661 4108 2763
3 310 2763 2680
3 2680 4108 2874
3 2680 2874 2198
3 2198 2874 2794
3 2680 2198 4444
3 4444 310 2680
3 1931 2466 2009
3 3766 2466 2262
3 4252 230 2466
3 230 2262 2466
3 3766 1913 1804
3 1804 1913 3123
3 953 3735 2731
3 3735 1313 4066
3 2456 1201 2651
3 2651 1201 1393
3 3523 1201 2456
3 2456 4177 3523
3 4241 4177 2456
3 3523 2459 2953
3 3843 639 2127
3 3843 2127 2292
3 2215 2127 639
3 2215 4134 2221
3 2221 4134 3375
3 3375 3164 2221
3 3195 355 3215
3 3164 355 2847
3 3326 366 3248
3 3326 3248 4428
3 366 3215 3248
3 4209 4359 603
3 3195 1688 2409
3 4439 617 3363
3 2804 98 1131
3 1131 4217 2804
3 1580 614 1131
3 810 1131 614
3 1364 4341 1598
3 1580 1598 4341
3 1364 2199 4176
3 4128 843 4429
3 843 4128 751
3 751 4128 3746
3 3284 1447 1160
3 3284 3831 1447
3 1859 1795 88
3 1859 88 3097
3 1894 3097 3334
3 1824 1795 2150
3 1795 4220 2150
3 2446 3930 2492
3 1008 850 2839
3 3679 2839 850
3 910 3679 2740
3 1512 850 1304
3 2467 1304 3289
3 850 2353 1304
3 2467 1512 1304
3 1512 2467 2550
3 2467 1471 789
3 2467 789 2550
3 2550 789 684
3 2474 3610 460
3 3957 3610 4462
3 464 4462 3610
3 4462 2676 3957
3 4462 1785 3909
3 3909 1785 1860
3 1860 1785 1529
3 1860 3694 1558
3 3694 619 3104
3 4147 351 855
3 619 1570 351
3 351 1570 1410
3 351 1410 855
3 3104 2427 856
3 1605 1251 856
3 3694 856 1558
3 1251 1558 856
3 1605 2877 1251
3 198 1251 931
3 198 931 4044
3 2427 1857 3154
3 111 3154 1857
3 3154 111 4035
3 111 392 4035
3 392 4238 4035
3 2299 2103 1295
3 4238 53 4100
3 53 1720 4100
3 4100 1720 252
3 2835 4100 602
3 4100 4172 602
3 670 2749 4150
3 670 4150 3448
3 2074 2749 3939
3 2191 3939 1343
3 3768 2840 168
3 2693 854 168
3 168 854 3395
3 3112 3725 3926
3 3257 372 1316
3 3725 1205 1828
3 1316 4186 3409
3 1316 3409 3257
3 2320 4186 3995
3 3995 1498 2320
3 1498 3995 4068
3 1346 2223 1207
3 4068 207 1098
3 3776 1098 207
3 3773 4298 3776
3 4298 1735 3738
3 3157 4263 1356
3 1356 1460 3157
3 1460 1356 559
3 1356 2494 559
3 559 2141 1460
3 2141 841 2344
3 2344 841 3946
3 4011 2344 3946
3 1384 2631 841
3 3946 841 2631
3 3984 3946 2773
3 3115 2773 3595
3 1311 3943 3667
3 2236 156 3943
3 156 2236 2009
3 2009 2469 156
3 2469 3123 4180
3 1913 953 3123
3 953 4312 3123
3 4312 2731 108
3 108 2731 1675
3 108 1675 1381
3 1675 2731 4066
3 758 3413 1692
3 4066 1692 3413
3 1675 4066 3413
3 3413 758 2409
3 1381 873 1187
3 873 4217 3222
3 3222 4217 810
3 324 3980 3222
3 3222 585 324
3 3980 324 4321
3 324 585 2941
3 324 2941 4321
3 4341 2941 614
3 614 1580 4341
3 290 3086 3177
3 3177 3086 4176
3 1163 3207 1574
3 3554 1613 4123
3 3601 1670 1900
3 3334 3554 1894
3 3601 1557 1072
3 1557 1531 1072
3 1531 2216 1072
3 4123 1072 2216
3 3409 793 1557
3 220 793 2320
3 1531 220 1207
3 1346 1207 220
3 2216 1207 1163
3 4089 2223 2905
3 1998 2905 3157
3 2141 990 3561
3 990 2141 2344
3 990 2344 1066
3 1565 4312 1048
3 3012 1048 1381
3 3012 1381 1187
3 1187 3980 3012
3 656 4489 1066
3 990 1066 4489
3 3980 4489 656
3 1187 3222 3980
3 3409 205 1871
3 205 3601 1871
3 730 1871 704
3 730 704 910
3 1729 4104 2992
3 2992 3926 1729
3 296 848 321
3 296 321 2112
3 2112 321 1471
3 3395 3653 459
3 459 3653 1941
3 3653 2112 460
3 3653 460 234
3 2112 4364 460
3 234 460 3610
3 3653 3957 242
3 242 3957 3146
3 3146 3957 2676
3 3415 2785 3146
3 3415 493 1765
3 1765 493 4488
3 4488 493 226
3 4488 226 2079
3 226 2059 2079
3 1558 2536 3909
3 1558 3909 1860
3 1558 198 4044
3 4488 1590 1765
3 1590 931 1811
3 3236 564 3448
3 3368 1811 2877
3 2877 4035 3368
3 3368 4035 4238
3 3002 4238 2835
3 2835 670 3002
3 3002 670 3448
3 3236 1097 3415
3 3415 1765 3236
3 3415 1097 4150
3 4150 2785 3415
3 242 2785 4063
3 4063 1941 242
3 3195 758 1831
3 758 1393 1831
3 1201 2847 1831
3 1854 2847 3523
3 3523 2953 1854
3 1418 2564 1854
3 2564 2847 1854
3 3287 498 1453
3 498 2953 2459
3 1418 2605 2564
3 1475 2215 2559
3 2559 299 2605
3 2564 2605 299
3 2127 1475 580
3 2683 2259 4134
3 4134 2259 3217
3 4241 3217 2259
3 3286 3665 1363
3 3665 2618 3778
3 1363 3665 3778
3 2984 3247 4182
3 377 4276 1018
3 1563 3030 2073
3 4468 1873 407
3 4468 407 349
3 1873 3030 407
3 1309 1517 2760
3 1517 323 2760
3 2825 2275 4114
3 2098 1937 2275
3 2275 1937 4460
3 2275 4460 4114
3 2825 4114 3676
3 3669 2203 1528
3 4448 1528 2203
3 1949 1334 1184
3 3693 4110 3307
3 467 2149 1120
3 2718 2149 467
3 2718 3952 2149
3 4130 2876 3242
3 4516 3242 2876
3 3050 3010 1833
3 2768 4095 3049
3 2615 2288 3844
3 1488 3604 3584
3 4353 3584 1275
3 692 4278 2123
3 2123 4278 1112
3 2123 1112 4194
3 1884 4322 2376
3 3186 3100 3715
3 3937 309 1333
3 1333 309 1128
3 1333 1128 4056
3 309 1020 1128
3 4056 1128 2679
3 1820 2312 2038
3 2038 2569 1820
3 4390 1872 3304
3 3304 1872 635
3 635 4185 3304
3 3304 3011 4390
3 3431 4185 2572
3 4133 68 716
3 4133 716 3412
3 68 2723 716
3 1196 500 3121
3 3393 775 1480
3 1616 4153 4094
3 3020 1616 399
3 399 1616 3264
3 3264 1616 2337
3 1616 4094 2337
3 2762 1842 1006
3 2762 1006 3510
3 473 4020 523
3 3833 523 1562
3 4020 752 1562
3 1562 752 2400
3 2400 3231 1562
3 2015 3833 1019
3 3231 1019 3833
3 1654 3695 1952
3 2400 3343 1115
3 1654 1509 3695
3 2516 606 867
3 867 606 3631
3 3092 3631 606
3 2535 2949 984
3 984 2949 1593
3 1189 650 4303
3 1189 2930 4225
3 3081 4303 3312
3 2975 4501 1502
3 3081 2930 4303
3 3552 2955 4506
3 4377 1130 1012
3 4377 1012 592
3 146 592 1012
3 592 146 2539
3 2539 146 1119
3 2047 4048 4377
3 1940 3311 1530
3 3830 989 4228
3 4144 204 4348
3 4144 4348 1407
3 2505 4395 488
3 3819 3963 3823
3 3545 28 1121
3 1942 1320 4344
3 4157 1055 1177
3 2964 3908 2971
3 1377 2578 4335
3 2776 12 2675
3 4127 2180 4149
3 3105 4050 4442
3 4050 2042 2410
3 1029 2638 3244
3 2309 1326 3428
3 1326 2309 3244
3 3244 2309 1029
3 1029 2309 881
3 3190 1326 2331
3 2331 1326 3244
3 3392 2331 3244
3 4383 2936 3392
3 1073 4383 3392
3 3392 3150 1073
3 4127 1073 3150
3 4383 1073 4127
3 3559 4383 434
3 3780 4127 4149
3 370 3780 3440
3 3440 3780 4149
3 4168 2906 4112
3 581 4168 4112
3 2448 3916 4117
3 1614 4117 3240
3 1614 3240 1705
3 3118 1705 3240
3 3118 1276 1705
3 1276 3118 2934
3 2934 3118 1496
3 3428 1496 3118
3 3245 673 4469
3 4378 2826 1421
3 2826 4378 17
3 17 4378 4326
3 2089 2826 17
3 1421 1484 3477
3 1484 1421 2826
3 1484 2826 2089
3 3022 3477 1484
3 4330 3987 3979
3 4330 3979 49
3 3241 461 4452
3 4452 461 2745
3 2745 461 2396
3 2994 142 1089
3 4112 2994 370
3 4112 370 3440
3 3780 370 246
3 246 370 1089
3 1089 370 2994
3 4343 2971 3437
3 4343 3437 574
3 4168 1269 4343
3 1114 3895 1591
3 3895 1269 1591
3 1114 3159 4287
3 3159 1114 1591
3 3159 3064 4287
3 3027 3064 4229
3 4229 3064 3159
3 4287 3064 3027
3 840 593 3093
3 593 840 4257
3 4257 840 2959
3 4117 3093 2448
3 2448 3093 593
3 2185 3093 1614
3 2185 1614 1276
3 1705 1276 1614
3 1614 3093 4117
3 3093 2185 840
3 840 2185 2959
3 3876 2959 2185
3 3876 2185 2934
3 2934 2185 1276
3 1496 4398 2934
3 3451 2377 816
3 2099 4326 2578
3 4335 2578 4326
3 4082 1325 1787
3 1325 3786 4378
3 4335 4378 3786
3 4335 3786 996
3 1325 4378 1787
3 4471 4082 1787
3 4082 4224 2592
3 2205 2962 4224
3 2205 4224 1200
3 1200 4224 3258
3 3258 4224 2496
3 1330 3258 2496
3 3160 3575 199
3 3160 199 4330
3 3987 4330 199
3 4261 1751 3371
3 3371 1751 2815
3 2815 1751 2687
3 2522 3241 4452
3 2509 1641 3587
3 3818 2509 3587
3 4343 2964 2971
3 1599 2834 823
3 823 2834 3895
3 4287 1599 823
3 4287 823 1114
3 1114 823 3895
3 2700 792 1599
3 1599 792 3689
3 774 1448 4305
3 3094 4305 1096
3 1096 4305 1448
3 2272 1657 877
3 877 1657 3712
3 1055 795 1757
3 1757 795 1241
3 4257 1177 593
3 1757 593 1177
3 4157 1177 4257
3 4157 4257 3820
3 3015 3820 1709
3 778 3015 1709
3 2189 2114 1320
3 4344 1320 2114
3 4344 2114 3451
3 2377 3451 1706
3 677 4344 3451
3 4475 1942 4344
3 4475 4344 2012
3 2012 4344 1973
3 4475 2012 1499
3 1973 1499 2012
3 1750 4510 4320
3 4510 1973 1377
3 4510 1377 4335
3 3786 4510 996
3 4335 996 4510
3 4082 3786 1325
3 4510 3786 4082
3 4320 4510 4082
3 1750 4320 3616
3 3922 3501 1851
3 3922 1851 32
3 1200 1634 2205
3 2205 1634 4054
3 3890 3274 4054
3 3890 4054 1330
3 3258 1330 4054
3 2865 2546 3890
3 4064 3890 2546
3 4064 2546 2110
3 2110 2546 2865
3 2110 2865 3575
3 872 1043 3160
3 872 3160 1026
3 3575 3160 2110
3 2110 3160 1043
3 2110 1043 4064
3 4330 1026 3160
3 4261 1586 872
3 1586 350 872
3 1043 872 350
3 1043 350 4064
3 1751 4261 872
3 1751 872 1026
3 4064 350 3648
3 3648 1586 4261
3 1586 3648 350
3 3210 2844 4421
3 2844 3210 2636
3 2636 3210 5
3 2636 5 2903
3 2903 5 305
3 305 5 3210
3 305 3210 896
3 1601 2636 2903
3 4290 2636 1252
3 1601 1252 2636
3 2636 4290 2844
3 3771 1252 1050
3 1050 1252 3818
3 2241 3771 3587
3 3587 3771 1050
3 3587 1050 3818
3 3771 4038 2192
3 2277 2192 3861
3 4356 2263 3386
3 2263 3298 3386
3 2556 4356 3386
3 2848 2263 4356
3 3861 3386 3298
3 4356 2556 3108
3 3806 401 437
3 437 401 2386
3 437 2386 2300
3 884 2300 1963
3 2300 1489 1963
3 1489 837 959
3 1489 2300 837
3 837 2300 2386
3 1461 959 3689
3 9 3689 2386
3 2386 3689 837
3 837 3689 959
3 2065 959 1461
3 3365 2065 1917
3 3365 1917 774
3 3365 1629 3314
3 3760 1806 2214
3 1674 1298 4085
3 3781 4402 4305
3 3781 4305 3094
3 4402 2775 544
3 2153 2775 3781
3 3781 2775 4402
3 4409 2775 2153
3 4409 2153 3697
3 2272 3697 1657
3 3036 274 2440
3 193 3036 2440
3 193 2440 1625
3 193 1625 821
3 3036 1327 3785
3 3785 1327 4309
3 3036 2724 1327
3 3923 3652 4309
3 3923 4309 1327
3 3923 3470 3652
3 3470 3923 2881
3 2881 3923 1368
3 404 1368 3923
3 2375 1183 173
3 710 4001 2490
3 938 1060 2548
3 1640 1260 262
3 1640 262 652
3 3591 973 4131
3 2018 3591 4131
3 2018 4131 3627
3 1090 3777 4131
3 3095 3777 1090
3 1090 4131 512
3 3095 1090 80
3 3095 80 2838
3 80 1090 393
3 393 1090 512
3 1750 3616 80
3 1750 80 393
3 3777 3095 1194
3 999 4040 3095
3 999 3095 2838
3 4040 999 3501
3 4040 2540 1301
3 2851 1294 4078
3 2851 4078 1513
3 4078 2540 4040
3 2540 4078 1294
3 3922 624 3501
3 3922 3122 4417
3 3122 786 3711
3 3922 786 3122
3 3711 2961 3122
3 4423 2961 3711
3 4419 1752 4062
3 4062 1752 4174
3 1610 548 4062
3 4064 3648 1610
3 4064 1610 871
3 3148 4419 3565
3 3565 3346 4232
3 4477 3148 4232
3 3565 4232 3148
3 4231 4314 1358
3 1358 4314 3749
3 3913 1696 3039
3 1696 3913 3280
3 2957 1148 4290
3 3771 4290 1252
3 2633 1148 2277
3 2957 2277 1148
3 1211 2611 1308
3 3699 842 3298
3 3699 3298 1946
3 1946 2263 2848
3 2263 1946 3298
3 3580 3699 1946
3 4189 3762 4435
3 4189 1963 1489
3 4356 1963 4435
3 4435 1963 4189
3 884 4356 437
3 2300 884 437
3 437 4356 3806
3 4356 884 1963
3 3762 4189 3004
3 4189 1254 3004
3 4316 4156 3113
3 4316 3113 3004
3 4316 3004 3525
3 3525 3004 3314
3 1629 3525 3314
3 1869 4244 4316
3 1869 4316 3525
3 3035 4244 1869
3 3874 3035 1869
3 3874 1869 3525
3 4509 3035 3874
3 144 3874 3760
3 144 3760 1417
3 2670 261 3611
3 1881 2802 2670
3 1881 2670 2937
3 2937 2670 3611
3 715 2613 1674
3 3545 1121 2894
3 4121 2247 1412
3 3390 4121 4396
3 4396 4121 1412
3 1392 4396 3785
3 1392 3785 4309
3 1361 3785 4396
3 3036 3785 1361
3 2128 4396 1392
3 3652 2128 4309
3 4309 2128 1392
3 4319 2392 4441
3 4441 2392 4221
3 3823 3949 844
3 3779 3803 3816
3 37 3803 1602
3 2530 973 516
3 2068 3591 2018
3 3591 2068 516
3 3591 516 973
3 516 2068 2184
3 595 2184 2068
3 595 2068 2006
3 2006 2068 1938
3 3265 2006 1938
3 3265 1938 865
3 3546 1194 4040
3 4283 2857 1731
3 1105 1731 2857
3 1105 4245 1731
3 3373 4337 4417
3 3373 4417 3122
3 3373 3122 2961
3 4337 3373 3656
3 3656 3373 1416
3 1416 3373 4423
3 4423 3373 2961
3 2859 4271 1332
3 3870 3508 4271
3 488 4395 4271
3 488 4271 3508
3 2910 4423 4174
3 3062 3519 4419
3 4174 1752 2910
3 2910 1752 4419
3 2910 4419 3519
3 3508 3519 3062
3 4419 293 319
3 319 293 616
3 616 293 3148
3 911 319 616
3 911 616 2505
3 319 911 3508
3 3508 911 488
3 488 911 2505
3 4477 2505 616
3 3148 293 4419
3 3062 4419 319
3 3062 319 3508
3 4477 616 3148
3 4232 411 4477
3 4477 411 925
3 925 411 139
3 2470 411 3772
3 4253 3023 3772
3 4231 4253 2378
3 1712 2589 3744
3 2589 1712 2251
3 3033 3744 1829
3 1829 3744 2589
3 3784 1022 2004
3 2004 1022 3116
3 3116 1022 3790
3 3784 2004 776
3 3784 776 3210
3 3210 776 1696
3 3210 1696 3280
3 1696 776 3039
3 3039 776 2004
3 2242 3116 4495
3 4495 3116 395
3 395 3116 3790
3 4437 4495 395
3 4437 395 3366
3 4437 3366 4158
3 2771 3366 395
3 1308 2611 375
3 157 2703 2990
3 1259 3699 3580
3 3614 1259 1030
3 1030 3580 4329
3 3580 1030 1259
3 2712 3614 741
3 741 3614 1030
3 4405 3614 2712
3 4329 741 1030
3 4348 4405 2712
3 3071 741 4329
3 741 3071 2712
3 4435 229 3071
3 2476 1407 229
3 229 1407 4348
3 229 4348 3071
3 1407 2476 4144
3 4144 2476 2541
3 2227 204 4144
3 3698 2227 4144
3 3383 4244 3035
3 3383 4228 4244
3 4228 989 4244
3 4213 4228 3383
3 4213 3383 4509
3 2967 4213 4509
3 384 1607 705
3 705 3250 4213
3 1217 3250 1607
3 1687 384 2967
3 2967 384 705
3 2967 705 4213
3 4213 3250 4228
3 1607 3250 705
3 1432 4101 1687
3 3085 2958 1432
3 3085 1432 3491
3 1968 3089 3531
3 356 1968 4121
3 3360 3089 1968
3 3360 1968 356
3 3360 356 3125
3 3125 356 3390
3 3390 356 4121
3 3531 4121 1968
3 1530 3311 2460
3 1353 1940 2581
3 1353 2581 804
3 1530 2581 1940
3 2753 1940 1353
3 1353 2728 2753
3 4279 3120 2753
3 4279 2753 3406
3 2875 3406 2728
3 4441 3951 4319
3 3025 4441 4221
3 1395 4441 3025
3 3819 3803 3254
3 2758 3803 37
3 688 1041 2758
3 2248 595 419
3 595 2248 688
3 2008 196 2248
3 2008 4195 4259
3 4195 2008 419
3 419 2008 2248
3 2864 4195 3265
3 865 2864 3265
3 2006 3265 4195
3 864 2504 171
3 3397 171 1059
3 1059 171 2504
3 864 1398 2403
3 1398 171 3397
3 171 1398 864
3 2403 1398 1883
3 1883 1398 4211
3 4211 1398 3397
3 4397 4027 4139
3 1887 3182 3553
3 3182 1887 4397
3 3182 4397 1237
3 1237 4397 4139
3 1888 3182 3824
3 3824 1237 4245
3 1237 3824 3182
3 4245 4258 3824
3 3137 1699 1888
3 3137 1888 3824
3 3137 3824 2439
3 307 3137 2439
3 2439 3824 917
3 3629 2439 3654
3 917 3654 2439
3 3333 2924 1915
3 4258 3333 1915
3 2673 1130 3333
3 3063 1119 2673
3 3063 2673 1779
3 4337 3656 4049
3 3318 4201 2511
3 465 1332 4271
3 465 4271 4395
3 465 4395 2782
3 2859 3318 2511
3 3318 2859 1332
3 2461 3318 1332
3 2461 1332 465
3 2461 465 1969
3 1969 465 2782
3 3396 3379 744
3 2955 3131 2789
3 4024 4328 2470
3 4024 2470 3772
3 4479 4024 3023
3 3023 4024 3772
3 3023 4253 4479
3 3744 3169 4479
3 1712 4479 4253
3 4479 1712 3744
3 3082 3169 3744
3 2846 3082 3744
3 3590 766 2146
3 2242 4495 766
3 1653 4495 4437
3 1653 4437 1632
3 1632 4437 4158
3 1449 1245 2359
3 4160 968 3237
3 2093 1870 3237
3 4405 4348 1870
3 1259 3614 4405
3 4348 2712 3071
3 4029 2227 3495
3 2552 2939 1126
3 4280 2552 2878
3 2742 271 3797
3 2742 3797 1093
3 271 2742 3698
3 4518 1093 3830
3 3250 2738 1874
3 1607 4101 1217
3 1217 1880 3250
3 3250 1880 2738
3 2738 1880 3970
3 2170 975 4101
3 1217 4101 975
3 1217 975 1880
3 975 3970 1880
3 975 1379 3970
3 1379 975 898
3 975 2170 898
3 485 2049 898
3 898 191 485
3 1992 3085 3702
3 3905 3999 1683
3 1683 3999 2343
3 1677 1738 3281
3 1677 3281 1351
3 3574 3281 1738
3 3125 4072 3360
3 4501 1677 1351
3 4501 1351 4285
3 4235 4501 4285
3 4115 2603 4225
3 2045 2603 4285
3 4235 4285 2603
3 4235 2603 4115
3 1146 2603 2045
3 2045 4285 1700
3 4355 2720 2045
3 4355 2045 578
3 578 2045 1700
3 2045 2720 1146
3 3321 1903 2195
3 1344 3321 2195
3 3321 1344 1661
3 1041 853 2758
3 1927 853 1041
3 3347 3455 1927
3 2547 1800 2008
3 2547 2008 4259
3 196 2008 1800
3 196 1800 3347
3 4380 1172 3347
3 4380 2547 3179
3 1800 2547 4380
3 1800 4380 3347
3 3583 756 447
3 3583 447 702
3 1323 2060 3583
3 1323 3583 993
3 993 3583 702
3 993 2403 1697
3 2403 993 702
3 2945 4027 2102
3 4027 4397 1981
3 4027 1981 2102
3 2102 1981 3553
3 3553 1981 1887
3 3553 4362 2102
3 693 1408 4362
3 3623 4362 3553
3 2265 4362 550
3 550 4362 3623
3 2833 2226 398
3 3548 2833 398
3 3200 1335 3137
3 307 3200 3137
3 1699 3137 1335
3 3548 1699 1335
3 3200 307 2948
3 1766 120 2948
3 120 3200 2948
3 2833 3548 120
3 2833 120 100
3 120 1766 100
3 1335 3200 120
3 1335 120 3548
3 4433 100 1766
3 4433 1766 2948
3 4433 4416 4301
3 4301 4416 519
3 2678 519 2461
3 2678 4301 519
3 2678 2461 1969
3 2461 519 4416
3 1864 4301 2678
3 1267 1589 3577
3 3577 1589 1428
3 1428 1589 1840
3 3577 1380 1267
3 3388 3577 1428
3 3169 3082 3577
3 3169 3577 3388
3 4479 3169 3388
3 4479 3388 4024
3 4350 3233 1536
3 2146 3403 3590
3 3403 3339 340
3 3403 340 3590
3 3590 340 2692
3 2692 340 1793
3 1793 340 3339
3 3185 2238 3403
3 2146 3185 3403
3 1425 3339 3403
3 1425 3403 2238
3 1425 2238 87
3 4495 1653 1681
3 3178 2843 4289
3 1769 2843 3043
3 3352 1769 3043
3 4332 1769 3068
3 3068 1769 3352
3 3352 3043 2823
3 950 3068 3352
3 4511 3813 405
3 4511 405 1449
3 1449 405 1245
3 4160 3807 3920
3 1310 3479 2200
3 3965 1310 2200
3 2200 3268 3965
3 1126 2939 2938
3 3401 2939 2552
3 3401 2552 3198
3 3925 1246 3401
3 1246 3925 1990
3 3198 3925 3401
3 166 3925 2923
3 2923 3925 1110
3 1110 3925 3198
3 3842 3029 1379
3 2827 1379 3029
3 3842 1379 2049
3 1379 2827 3970
3 526 626 3842
3 526 3842 3755
3 4529 3755 1495
3 4111 2583 1495
3 3755 4111 1495
3 1631 2583 4111
3 2812 1631 4111
3 2812 4111 1180
3 3886 4002 2806
3 3096 4118 2946
3 2243 2946 3149
3 2243 3149 4264
3 3149 2946 4118
3 3139 4264 443
3 3139 443 2707
3 3509 443 3149
3 3149 443 4264
3 1106 2707 443
3 1106 443 3509
3 2646 1106 2594
3 2594 1106 3509
3 4303 2594 3905
3 3999 3905 2594
3 3312 4303 3905
3 3312 3905 878
3 3316 3312 878
3 3316 878 1683
3 3316 1683 1541
3 1683 878 3905
3 128 2975 3316
3 128 3316 1738
3 1738 3316 3574
3 4501 2975 128
3 128 1677 4501
3 4501 4235 1502
3 1502 4235 4115
3 1372 91 4115
3 4115 4225 1372
3 1189 4225 4059
3 276 1648 3526
3 2464 3426 276
3 2464 276 3526
3 2464 3526 1898
3 1898 3526 3892
3 3892 3526 552
3 2147 3756 1434
3 1434 4010 4262
3 4010 1434 3756
3 3069 3756 4355
3 3069 4355 3444
3 3756 3069 4010
3 1015 4355 662
3 1015 662 2069
3 4279 4340 1227
3 4279 1227 2069
3 1762 4340 2442
3 2442 4340 4279
3 2195 1099 1762
3 2195 1762 2442
3 2885 4190 4351
3 2885 4351 2772
3 2772 4351 671
3 4259 3203 3179
3 4259 3179 2547
3 1210 1176 3483
3 1210 3483 2303
3 115 2178 2303
3 115 2303 1726
3 426 2441 140
3 426 140 2293
3 2945 1504 993
3 2945 993 1697
3 993 1504 1323
3 1323 1504 2060
3 2102 857 2945
3 2945 857 1504
3 3099 303 889
3 3099 889 4274
3 2265 4274 889
3 969 4274 754
3 969 754 2397
3 754 4274 2265
3 1774 2397 550
3 1774 550 3623
3 1774 3623 3052
3 550 754 2265
3 754 550 2397
3 2913 2397 1774
3 3901 2913 1774
3 2391 1935 3974
3 2391 3974 4517
3 3974 1935 107
3 2833 100 2226
3 4084 4301 1864
3 4301 4084 4433
3 1011 4084 1864
3 3024 2177 1011
3 1011 1864 4267
3 4267 1864 2623
3 3024 1011 4267
3 2443 3024 4267
3 3226 2443 4267
3 3226 4267 2896
3 46 2304 1403
3 1403 2304 781
3 781 2304 3168
3 3168 2304 3845
3 477 46 1403
3 1786 477 1403
3 1786 1403 1628
3 1628 1403 781
3 1628 781 2502
3 4449 1438 1786
3 4449 1805 1771
3 1628 1805 4449
3 1628 4449 1786
3 1483 4045 1618
3 1618 4045 3076
3 1618 3076 1402
3 1483 1618 1877
3 701 1877 42
3 701 42 4350
3 4350 42 2084
3 3810 1877 701
3 3810 701 2796
3 3810 2796 2054
3 1793 3339 2796
3 1793 2796 2692
3 582 2054 1425
3 1437 582 4447
3 4447 582 1425
3 4447 1425 87
3 1808 1437 4447
3 4447 4289 2130
3 3305 3068 950
3 1310 3965 3668
3 3349 1989 3268
3 1989 3965 3268
3 1799 3718 1835
3 1799 1835 1827
3 3327 3718 2784
3 2784 3718 1799
3 1246 2784 1799
3 3221 3327 2784
3 3221 2784 1246
3 1246 1799 3401
3 3401 1799 1827
3 1324 4293 3769
3 3221 3769 4293
3 3769 3221 1990
3 3787 3769 3986
3 4281 3787 2264
3 2923 1593 0
3 757 2535 984
3 757 984 143
3 757 143 3535
3 2535 757 1290
3 1290 757 3535
3 1290 3535 2158
3 2158 3535 1285
3 1293 3788 1290
3 1290 2158 1293
3 364 2666 526
3 364 526 3755
3 1102 2666 364
3 1102 364 3755
3 3994 4022 2583
3 3994 2583 1631
3 3994 1631 2812
3 1336 3109 2007
3 3520 141 3476
3 3863 3476 3290
3 2454 3476 743
3 743 3476 3863
3 743 3863 2506
3 3516 1847 75
3 75 1847 3096
3 2734 2946 1702
3 1577 1702 2946
3 1577 2946 2243
3 1577 2243 4264
3 2472 1702 1577
3 1702 2472 3837
3 3044 3837 2472
3 3044 2472 3941
3 3941 2472 1577
3 3941 1577 4264
3 3044 3941 627
3 3044 627 3865
3 1581 627 3941
3 1581 3941 4264
3 1244 1581 3139
3 1244 3865 627
3 3139 1581 4264
3 627 1581 1244
3 2777 3865 1244
3 3351 2777 1244
3 3351 1244 245
3 138 3351 245
3 138 245 2707
3 2972 1643 3426
3 4375 2972 3426
3 4375 3426 4411
3 1482 1175 2464
3 3426 2464 1175
3 3892 1482 2464
3 3892 2464 1898
3 4073 3892 1878
3 3892 2147 1878
3 6 1878 1434
3 6 1434 4262
3 2147 1434 1878
3 4073 1878 6
3 4073 6 4262
3 4187 967 4073
3 3475 967 4187
3 3475 4187 4463
3 4187 4073 4262
3 3518 3619 3374
3 3374 3619 4262
3 3579 3619 3518
3 2544 3374 1633
3 1511 2544 2514
3 2514 2544 489
3 1054 1511 2514
3 489 1054 2514
3 1633 489 2544
3 3758 1633 3374
3 3374 2544 929
3 929 2544 1511
3 2606 489 1633
3 489 2606 3092
3 489 3092 1054
3 1633 3348 2900
3 2900 4340 2606
3 3069 3444 2900
3 3069 2900 3348
3 1633 2900 2606
3 2606 4340 3092
3 3444 4340 2900
3 2642 3717 2154
3 2154 3717 2772
3 1210 4386 1176
3 1176 4386 1999
3 1999 4386 2642
3 2813 663 4386
3 1210 2813 4386
3 3235 3277 2968
3 3681 1556 3099
3 1556 3681 3277
3 2968 3277 3681
3 3099 4274 3674
3 1964 3225 232
3 2397 232 3225
3 3547 3129 2449
3 3129 3547 2257
3 1182 3111 2449
3 1182 2449 2619
3 2619 2449 3129
3 2619 3129 573
3 2257 573 3129
3 2660 1450 3862
3 3862 1450 4349
3 3220 4349 672
3 3512 3695 3220
3 3512 3220 2391
3 3935 1077 3500
3 1609 3256 3500
3 2667 1609 3500
3 2667 2648 591
3 4399 180 3636
3 3309 874 3991
3 3991 874 1630
3 4006 1686 4449
3 4039 3571 4055
3 4039 4055 4006
3 3850 4055 3571
3 3418 4039 1230
3 3810 1230 54
3 3810 3418 1230
3 1877 3810 54
3 859 54 1230
3 2529 3418 3810
3 2529 3810 2054
3 597 697 2323
3 597 2323 4250
3 4250 2323 3975
3 4250 3975 719
3 538 280 1649
3 4332 1649 280
3 1229 1649 3034
3 4332 4109 1649
3 4109 3034 1649
3 1127 4109 1113
3 1113 4109 4332
3 3402 834 3825
3 3825 834 4268
3 3825 4268 3668
3 1663 3402 3825
3 1319 3668 3965
3 3965 1989 4212
3 4212 1989 3349
3 4212 3349 1466
3 3965 4212 1319
3 4212 1821 2048
3 1663 2048 1821
3 1821 4212 1466
3 4311 1740 1821
3 194 1821 1466
3 4152 3209 194
3 728 2970 4152
3 728 4152 2362
3 1076 3902 3787
3 1076 3787 4281
3 3155 1642 1102
3 1102 1642 4476
3 1514 1074 1637
3 1637 1074 99
3 99 1074 1642
3 1642 1074 4476
3 1168 4408 1637
3 1168 1637 3615
3 1168 3615 1399
3 4022 3615 99
3 99 3615 1637
3 1238 3828 4034
3 1238 4034 1672
3 4034 3828 402
3 1866 4034 402
3 1154 4093 1442
3 1442 4093 2904
3 3722 1442 2904
3 3722 2904 1976
3 3382 4317 2904
3 4317 1057 1101
3 3044 3865 4317
3 3516 3044 3382
3 3516 3382 2389
3 3382 3044 4317
3 797 2777 3351
3 2249 1281 4273
3 3936 2249 4273
3 3936 1666 4223
3 1666 4273 4324
3 4273 1666 3936
3 1218 4324 4069
3 1151 3962 348
3 1284 2925 4136
3 4463 4411 3475
3 1482 3475 1175
3 1175 3475 4411
3 3450 2463 131
3 3579 2463 4187
3 3619 3579 4187
3 4187 2463 4463
3 131 2463 3579
3 587 2576 2181
3 587 2181 604
3 587 604 2284
3 663 3898 255
3 1511 663 255
3 4386 663 1511
3 4386 1511 1733
3 4386 1733 2642
3 4451 587 3885
3 3885 587 2284
3 4163 3885 4282
3 1375 4282 3885
3 1375 3885 3235
3 1375 3235 3536
3 4282 1375 4354
3 4354 1375 3536
3 4367 2394 2495
3 2495 2394 3681
3 3681 2394 3536
3 4354 3536 2394
3 4354 2394 4367
3 3099 3674 2495
3 3099 2495 3681
3 4282 4354 3021
3 4367 3021 4354
3 3419 3021 3674
3 4367 3674 3021
3 4282 3021 3419
3 4254 4459 1441
3 3315 4336 4254
3 3315 4254 1441
3 732 4336 3315
3 4254 4336 3324
3 3324 4336 4418
3 2584 4418 4248
3 1545 4248 3547
3 1545 3547 2449
3 1545 2449 96
3 577 4248 1545
3 577 1545 3707
3 3707 1545 96
3 4519 3193 4315
3 3193 3707 4315
3 2619 752 2521
3 2619 2521 1182
3 2400 752 2660
3 2400 2660 2790
3 20 2790 3862
3 3343 2790 20
3 20 3862 3977
3 1292 3977 3862
3 4349 1509 3862
3 3220 1509 4349
3 3220 3695 1509
3 1952 3695 1192
3 1952 1192 1115
3 811 2400 1115
3 811 1115 1192
3 1192 3256 811
3 3256 1192 85
3 1997 3935 3256
3 3935 3500 3256
3 811 1708 3231
3 3231 1708 1019
3 1019 1708 1962
3 1962 1708 1609
3 1609 1708 3256
3 3256 1708 811
3 2015 4399 369
3 845 2015 369
3 1005 1595 2131
3 3833 2015 1086
3 3833 1086 2052
3 2401 3817 2052
3 3811 1086 747
3 1086 3811 2052
3 649 3811 3850
3 1815 649 3571
3 3571 649 3850
3 532 1815 3741
3 3716 4413 3741
3 3234 992 2987
3 4250 3234 597
3 597 3234 2987
3 3040 2663 3918
3 3740 3040 3918
3 4109 3918 3034
3 3138 4311 2171
3 2171 110 3639
3 2171 3639 1728
3 4152 2970 3639
3 4152 3639 110
3 4152 110 3209
3 59 2296 3329
3 1278 2296 3639
3 2296 59 3639
3 1728 59 3329
3 2970 1278 3639
3 3639 59 1728
3 1728 3329 3138
3 4318 3329 2296
3 4318 2296 1278
3 728 4318 1278
3 728 1278 2970
3 4318 3291 531
3 3291 4318 47
3 104 4318 531
3 2482 1718 4028
3 970 2482 3291
3 4005 483 1076
3 4005 1076 4281
3 1510 1076 483
3 1810 483 2566
3 1810 2566 2943
3 2943 2566 3673
3 3673 2566 1373
3 1373 2566 4005
3 4005 2566 483
3 3196 1373 4005
3 3196 895 1373
3 895 3673 1373
3 3673 895 333
3 895 1685 333
3 1685 895 3196
3 2124 2721 1685
3 2124 1685 3196
3 668 3632 2124
3 1049 668 2124
3 1049 2124 4159
3 3853 1299 668
3 668 1299 3632
3 3632 1299 3932
3 2653 1299 3853
3 1414 3932 2653
3 847 2653 3492
3 3492 2653 3853
3 1299 2653 3932
3 1414 2653 1514
3 1514 2653 847
3 1074 1514 847
3 1074 847 4476
3 2764 1168 1399
3 2764 2774 2228
3 2228 2774 998
3 3486 998 1966
3 3486 1966 817
3 1966 2774 3828
3 2774 1966 998
3 3828 1238 1966
3 1966 1238 817
3 3398 4342 3882
3 2850 2072 3856
3 588 3856 933
3 933 3856 2072
3 933 2072 1775
3 1166 3856 1154
3 2119 3603 1135
3 1135 3603 2311
3 3603 1166 2311
3 1796 294 912
3 912 294 438
3 912 438 1976
3 438 3722 1976
3 557 1796 912
3 557 912 1101
3 1101 912 1976
3 3722 438 294
3 3722 294 2311
3 2311 294 1796
3 2311 1796 1135
3 2532 1135 1796
3 2532 1796 557
3 2532 557 1281
3 1281 557 1057
3 1057 557 1101
3 4216 3603 2119
3 4216 2119 1777
3 1777 2119 2601
3 1051 2601 2119
3 4373 4223 2035
3 4096 2035 2118
3 1666 4324 2118
3 4313 1338 4096
3 4313 4096 3158
3 2568 1338 4313
3 256 3450 1202
3 1202 3450 1317
3 1909 3450 256
3 1909 256 2567
3 2463 3450 1092
3 1656 2567 256
3 1656 256 1202
3 1656 1202 1673
3 1673 1202 1719
3 1317 1719 1202
3 4385 2986 4459
3 3324 3560 4254
3 4102 3560 3324
3 2891 4102 2584
3 2891 2584 4248
3 4418 2584 3324
3 2891 577 1515
3 1515 577 3707
3 577 2891 4248
3 4334 1322 3193
3 3193 1322 1515
3 4519 4334 3193
3 1991 3866 927
3 3866 1991 1497
3 1497 1991 4334
3 1749 452 4519
3 1749 4519 2175
3 2175 4519 4315
3 3660 1749 2872
3 3660 221 1749
3 1014 3660 362
3 362 3660 2872
3 362 2872 1970
3 2175 2872 1749
3 4237 3006 1970
3 4237 1970 2401
3 2401 1970 2872
3 362 1970 3006
3 1781 3588 2854
3 1037 3006 4237
3 1037 4237 532
3 532 4237 3811
3 532 3811 1815
3 3006 1037 4413
3 4413 1037 3741
3 532 3741 1037
3 4389 4193 4230
3 4389 4230 1367
3 1493 887 3070
3 1493 3070 3948
3 3070 887 1419
3 1239 3948 3070
3 1619 1239 1761
3 4250 1619 1761
3 4250 1761 259
3 259 1761 3730
3 1419 3730 3070
3 3070 3730 1761
3 3070 1761 1239
3 3740 4485 3040
3 4485 3740 1756
3 1844 4485 718
3 1844 718 916
3 3283 4161 916
3 3283 916 718
3 1756 718 4485
3 4135 2671 4370
3 4135 4370 2190
3 4318 1506 3872
3 1506 4318 104
3 3056 4318 2190
3 2190 4318 3872
3 1575 3872 1506
3 1655 1834 1435
3 1655 1435 2487
3 1435 1834 3184
3 1850 1435 3184
3 3184 1069 1850
3 420 1908 4124
3 2348 4124 3144
3 3144 4124 1908
3 3544 1908 420
3 3144 567 3969
3 3969 567 767
3 767 567 1923
3 1923 567 3544
3 3544 567 1908
3 1908 567 3144
3 1046 3978 1923
3 1046 1923 3072
3 2590 3000 367
3 3000 2590 3883
3 3883 2590 3932
3 2980 3216 4052
3 2228 4052 2764
3 2764 4052 3216
3 2228 1759 4052
3 3849 3142 1759
3 3849 1759 794
3 3849 794 3982
3 3982 794 3800
3 2228 794 1759
3 4171 3800 3486
3 3486 3800 998
3 3858 3982 4171
3 2523 827 3473
3 1052 3600 1652
3 502 661 2163
3 502 2163 1383
3 1592 2326 502
3 1775 1592 502
3 1775 502 1383
3 2850 1592 1775
3 2850 1775 2072
3 3074 2326 1592
3 1885 3074 2850
3 2850 3074 1592
3 3564 2326 3074
3 3634 3353 3074
3 3074 3353 3564
3 1166 3603 3856
3 462 3394 3634
3 3634 3394 3353
3 3972 3394 4216
3 1777 3972 4216
3 462 3603 4216
3 462 4216 3394
3 1331 3972 1198
3 654 4426 3972
3 654 3972 1331
3 1331 1198 948
3 1198 3972 1777
3 2024 948 1198
3 2024 1198 2963
3 1145 2963 1198
3 1145 1198 1777
3 4223 2701 3985
3 4094 2963 1095
3 4094 1095 2969
3 1612 2853 35
3 1374 2787 3126
3 1118 4226 3320
3 1118 3320 4464
3 308 3638 4464
3 308 4464 3563
3 3563 4464 1270
3 1270 4464 3320
3 2255 3563 1270
3 2255 1270 2138
3 2255 2138 1228
3 1228 31 1158
3 31 1228 4313
3 2138 4313 1228
3 3158 4323 1158
3 3158 1158 31
3 3158 31 4313
3 1901 4323 151
3 1901 151 3910
3 1901 3910 1382
3 1382 3910 3563
3 3910 883 3563
3 4420 3910 151
3 3359 1318 2735
3 2034 3359 2230
3 3359 2735 2230
3 2034 2230 1656
3 2034 1656 3133
3 3124 1318 3359
3 1587 3133 3585
3 1587 3585 3208
3 3133 1587 2034
3 2034 1587 1958
3 2034 1958 3359
3 1936 3585 3438
3 1936 3438 949
3 2305 3438 3585
3 2305 3585 3385
3 2890 949 1142
3 1142 949 3438
3 1142 3438 2305
3 2986 783 1142
3 2986 1142 4459
3 4459 1142 2305
3 4459 2305 2140
3 1117 783 2986
3 269 4385 2143
3 2143 4385 3560
3 1982 927 269
3 1982 2143 1748
3 1748 2143 4102
3 4102 2143 3560
3 2143 1982 269
3 4334 1748 1322
3 1322 1748 4102
3 1748 1991 1982
3 1982 1991 927
3 1991 1748 4334
3 3691 145 253
3 1807 2952 3691
3 1807 3691 2836
3 3101 2836 3005
3 3866 3005 2836
3 3866 2836 4167
3 4443 3005 1497
3 1497 3005 3866
3 3005 3276 3101
3 4443 3276 3005
3 1231 480 1199
3 651 1231 1199
3 1231 651 1701
3 3889 651 3915
3 3889 3915 4389
3 4493 2736 3889
3 4493 3889 1367
3 1367 3889 4389
3 4310 3151 4493
3 4310 4493 521
3 4310 521 1493
3 3671 3151 4310
3 3080 4310 1493
3 1216 3080 3511
3 1216 3511 1882
3 1882 3954 1068
3 3954 1882 3511
3 4470 3954 2616
3 3875 3954 4470
3 4485 1844 985
3 985 1844 2616
3 2616 1844 4470
3 4161 4470 916
3 1844 916 4470
3 1525 4470 383
3 389 1846 3367
3 3192 2315 4135
3 3192 4135 4374
3 4135 2315 2671
3 1814 4374 4135
3 1895 4374 1814
3 1575 1770 3872
3 3872 1770 1895
3 3872 1895 2190
3 768 1770 1655
3 1655 1770 1834
3 1834 1770 1575
3 3130 3767 530
3 3114 3130 1111
3 2985 3490 3114
3 2985 3114 2348
3 2348 3114 1111
3 4080 3566 4400
3 4080 304 868
3 868 304 1555
3 4400 1555 304
3 4400 304 4080
3 3969 1007 1555
3 3969 1555 3144
3 3978 2954 148
3 3883 3134 3000
3 3028 4125 1458
3 3028 1458 1585
3 1585 1458 4306
3 1585 4306 3581
3 3581 4306 3249
3 3581 3249 2145
3 3142 1993 4306
3 38 3249 1993
3 1993 3249 4306
3 3142 2980 1759
3 4052 1759 2980
3 3460 3249 38
3 3460 38 812
3 812 38 1993
3 3194 3460 812
3 3194 812 3849
3 3194 3849 3982
3 3142 3849 1993
3 1993 3849 812
3 1272 3464 605
3 113 3464 1867
3 2385 3513 1236
3 2385 1236 3132
3 3966 4234 3498
3 3498 1236 3513
3 1236 3498 4234
3 1236 4234 3132
3 977 3966 4426
3 4426 3966 3498
3 4426 3498 3751
3 3152 4438 654
3 3152 654 1331
3 3152 1331 948
3 4426 654 4438
3 2024 3152 948
3 4153 3152 2024
3 4094 4153 2024
3 4226 3264 1959
3 3452 4226 1959
3 314 1118 4464
3 3020 399 3687
3 3687 399 314
3 3687 314 4464
3 314 399 3264
3 3020 3687 3285
3 3663 3880 2554
3 609 3910 4420
3 2125 609 2735
3 2554 1162 3663
3 1162 2554 1533
3 3325 2066 1162
3 2481 2066 3325
3 1533 3325 1162
3 1162 2066 3663
3 2481 3325 3761
3 3761 3325 708
3 708 3325 1533
3 972 450 3677
3 3361 972 3677
3 3124 3359 1958
3 988 1958 4440
3 4440 1958 2717
3 1936 4440 2717
3 1936 2717 3208
3 988 3124 1958
3 3585 1936 3208
3 1587 3208 2717
3 1587 2717 1958
3 2279 972 3361
3 2279 3361 957
3 957 3361 3927
3 3927 3361 2751
3 2313 957 3927
3 2313 3927 1167
3 2313 1167 2719
3 3691 4092 1167
3 3691 1167 770
3 3691 770 145
3 4203 3435 2952
3 2404 4379 3276
3 2404 3276 2585
3 3101 4379 281
3 4379 3101 3276
3 2404 509 3425
3 1231 3425 509
3 1701 3425 1231
3 3658 2363 3867
3 2363 3658 3505
3 3505 3658 3666
3 2210 976 3867
3 2210 3867 818
3 3867 2363 818
3 3323 43 2829
3 3323 2829 1068
3 2829 2363 3671
3 2363 2829 818
3 818 2829 43
3 1882 1068 2829
3 3080 1216 4310
3 4310 1216 3671
3 3671 1216 2829
3 2829 1216 1882
3 858 4347 3323
3 1665 4347 858
3 1665 858 1016
3 1016 858 3829
3 3829 3323 2501
3 3323 3829 858
3 1950 1016 3829
3 1104 1116 3091
3 3091 1116 980
3 3914 1780 962
3 3026 962 1780
3 3026 1780 1035
3 3026 1035 1472
3 3875 962 3026
3 958 233 3338
3 958 97 233
3 233 97 3192
3 3192 97 3914
3 201 263 4374
3 201 4374 1770
3 3214 201 3767
3 3767 201 768
3 3767 768 2011
3 768 201 1770
3 2240 3704 3214
3 200 3214 3704
3 200 3704 3467
3 3467 3704 504
3 3490 3223 3704
3 3223 504 3704
3 2240 3490 3704
3 1797 504 3223
3 3114 3490 2240
3 3114 2240 3130
3 3337 687 1954
3 687 3337 3344
3 3380 3344 3337
3 2266 2105 3380
3 2266 3380 3566
3 2266 3566 4080
3 3322 4508 2266
3 4508 3322 3765
3 3322 2266 4080
3 3903 955 3765
3 3903 3765 3322
3 3232 3903 825
3 3232 825 868
3 3232 868 2954
3 4080 825 3322
3 3322 825 3903
3 2063 3903 1186
3 1186 3903 3232
3 3625 1186 3232
3 3625 3232 3978
3 3503 3625 1243
3 3625 3503 3306
3 3187 2767 3000
3 3187 3000 3134
3 4302 3187 3134
3 3393 1480 4302
3 4302 1480 3187
3 3187 1480 2767
3 3851 3393 4302
3 186 3851 3028
3 3851 186 3647
3 3647 186 3028
3 3581 1583 1585
3 2538 1024 2145
3 3194 1155 3799
3 3194 3799 3460
3 2027 3499 4218
3 3721 4392 1494
3 3721 1494 2027
3 3447 1272 605
3 1801 2537 3212
3 1801 3212 4325
3 1832 2435 1826
3 4325 1985 3757
3 3513 3757 1985
3 3513 1985 3136
3 3757 3513 2385
3 4365 3757 2385
3 4365 2385 3959
3 1507 3966 977
3 1507 243 3275
3 243 1507 977
3 4153 1255 3152
3 3152 1255 4438
3 4210 3275 572
3 4210 572 1255
3 4210 1255 409
3 409 1255 4153
3 409 4465 4019
3 4465 409 3528
3 4465 3528 3917
3 3020 3285 2542
3 3917 2235 4481
3 3285 1002 2235
3 3285 2235 2542
3 2542 2235 3917
3 2503 2235 3549
3 3549 2235 1002
3 3549 1002 2672
3 2672 1002 891
3 3609 3742 2672
3 463 3742 3609
3 463 3609 3228
3 3609 2672 1755
3 3549 2672 3742
3 2465 3228 3609
3 1457 3609 1755
3 338 1457 1755
3 338 1755 636
3 711 2465 1457
3 711 1457 338
3 711 338 8
3 3688 2465 711
3 428 711 8
3 711 428 3688
3 2465 4179 3228
3 4179 2465 3688
3 4179 3688 2081
3 2629 2081 3688
3 320 753 3761
3 2577 1897 3761
3 1897 2577 2604
3 897 2577 4521
3 4521 2577 3761
3 320 3761 1897
3 2781 2604 897
3 2279 897 4521
3 2577 897 2604
3 2313 2781 957
3 957 2781 2279
3 4430 2475 2695
3 4203 4277 3435
3 3893 4379 2732
3 2732 4379 15
3 15 4379 4246
3 3893 2732 869
3 869 2732 1423
3 869 1423 4360
3 1423 2732 1929
3 4246 1929 15
3 15 1929 2732
3 1337 4360 1929
3 1934 4360 1337
3 1337 1929 4246
3 1423 1929 4360
3 4246 1934 1337
3 3658 4246 2690
3 2690 4246 2044
3 3867 4246 3658
3 3211 3867 976
3 2210 3098 976
3 4507 4339 270
3 1485 1578 2271
3 1485 2271 3446
3 755 2271 1578
3 3269 2271 1104
3 3091 3065 621
3 682 3065 3692
3 682 3692 2944
3 2944 3692 958
3 97 958 3692
3 97 3692 1780
3 1780 3692 1035
3 1035 3692 1472
3 1714 682 2944
3 3338 2944 958
3 2350 2508 3834
3 1219 2508 200
3 200 2508 2350
3 3467 1219 200
3 3121 1579 2873
3 3121 2873 4198
3 4198 2873 2339
3 3171 2421 4198
3 4015 3171 397
3 397 3171 4198
3 397 4198 337
3 1797 397 2468
3 3487 2421 3171
3 3487 3171 2716
3 1045 2716 3171
3 2989 1045 4015
3 2289 2322 986
3 986 2322 1305
3 435 2217 940
3 435 940 839
3 435 839 1920
3 3734 2217 435
3 3734 435 4531
3 4531 435 1920
3 3581 239 1583
3 1583 3647 3028
3 3647 1583 239
3 4410 659 2993
3 4410 2993 1017
3 4410 1017 3107
3 2999 1017 2993
3 3799 1836 2999
3 1494 4392 3053
3 1494 3053 1215
3 1215 3053 739
3 1155 739 2733
3 2733 739 3053
3 1494 1215 2027
3 3499 2027 1215
3 1464 2733 1945
3 1464 1945 3480
3 4392 1945 3053
3 3053 1945 2733
3 1980 3480 1945
3 1980 1945 4392
3 1980 4392 1928
3 727 1928 4392
3 727 4392 3721
3 2447 3721 1191
3 1191 3721 275
3 4365 1650 3757
3 3757 1650 4325
3 1905 2120 1776
3 67 1776 2120
3 3454 4514 3420
3 3454 3420 1667
3 3088 3454 3618
3 4505 3618 1760
3 3259 4505 4297
3 4297 4505 1760
3 4234 4498 4297
3 3815 4297 4498
3 3815 4498 3243
3 3947 3710 4366
3 4019 2635 3011
3 3011 2635 4390
3 2635 4465 1486
3 4465 2635 4019
3 1197 2635 1486
3 1486 4465 3917
3 2527 2503 3549
3 2527 3549 3742
3 2759 2498 3128
3 3128 2498 187
3 4269 3128 2413
3 2413 3128 187
3 2413 187 2858
3 4403 2413 1594
3 3055 4403 4502
3 4502 4403 325
3 4502 325 1271
3 325 4403 1271
3 1087 4502 1271
3 268 1897 1606
3 92 1897 268
3 1897 92 882
3 345 268 1606
3 345 1554 4478
3 4478 1554 16
3 1554 345 1606
3 4430 1554 2591
3 2591 1554 2604
3 4478 30 345
3 3599 30 4478
3 345 30 268
3 4404 4478 1430
3 4478 4404 3759
3 4140 4404 1430
3 3659 4140 1329
3 1329 4140 3267
3 2818 3267 4140
3 175 1235 2739
3 1235 1723 2739
3 3211 175 2302
3 2302 175 2739
3 1033 2739 1723
3 1329 1033 1723
3 3659 1723 1235
3 1156 4357 2739
3 3893 1156 1033
3 1033 1156 2739
3 3893 869 1156
3 1156 869 2384
3 1156 2384 4357
3 4360 4357 2384
3 3189 2302 2512
3 2512 2302 4357
3 2512 4357 4360
3 3189 2512 4246
3 4246 2512 1934
3 1934 2512 4360
3 613 3659 1235
3 613 1235 2543
3 175 2543 1235
3 2543 175 3211
3 3867 3189 4246
3 3189 3867 3211
3 3449 2033 613
3 3449 613 2543
3 4507 2420 4339
3 4284 4266 4507
3 4014 3474 1485
3 4014 1485 3446
3 1169 2095 1725
3 1783 2156 3705
3 3705 2156 583
3 1783 3662 2156
3 3662 1783 4436
3 1783 3705 3933
3 1783 3933 4436
3 2608 1321 3602
3 1321 2608 1714
3 1714 2608 3705
3 3705 2608 3933
3 1404 1321 1714
3 2499 1321 1404
3 2419 1404 2944
3 2944 1404 1714
3 2499 1404 4079
3 4079 1404 2419
3 3602 1009 4249
3 2152 136 3127
3 2152 3127 1746
3 1746 3127 4239
3 339 1360 4291
3 1360 339 1746
3 1360 1746 600
3 2716 4113 3487
3 3487 4113 1360
3 3859 4113 2716
3 600 3487 1360
3 2356 4291 4113
3 2356 4113 3859
3 1519 3458 1394
3 1452 1394 3458
3 4432 1233 3411
3 4432 3411 1737
3 298 3172 3775
3 3461 2641 964
3 964 2641 1918
3 4270 3433 3461
3 4270 3461 964
3 3370 4270 964
3 1918 3370 964
3 3789 3461 3690
3 4018 3690 3461
3 1724 1036 3783
3 1724 3783 3227
3 763 3734 342
3 763 342 3335
3 763 3335 2019
3 3335 342 1063
3 1063 342 3734
3 1063 4410 3335
3 2596 2366 2664
3 2999 2664 1017
3 1017 2664 3107
3 3107 2664 2366
3 1464 3480 1836
3 1464 1836 3799
3 1352 727 3721
3 727 1352 1341
3 727 1341 1928
3 2770 806 4236
3 2120 2053 118
3 3016 2071 829
3 316 829 1181
3 1181 829 2071
3 3515 4088 3088
3 3618 3515 3088
3 3618 4505 3836
3 4505 2515 1165
3 4505 1165 3836
3 1340 224 2142
3 2515 2134 1165
3 1165 2134 1340
3 224 1340 1841
3 1841 1340 2134
3 1841 2134 694
3 694 2134 2515
3 2016 2379 4394
3 4394 2379 2168
3 4394 2168 2933
3 4482 2168 2379
3 4394 1535 894
3 2852 894 1535
3 942 4445 3259
3 635 3815 4185
3 635 4526 3815
3 2572 4185 3815
3 3243 2572 3815
3 2983 2911 3431
3 3304 4185 3011
3 2533 4390 2043
3 2792 3562 4499
3 2354 2792 1456
3 2159 1456 2792
3 2752 1456 2159
3 2759 2792 2354
3 51 1220 4381
3 4403 3593 1220
3 4403 1220 51
3 4403 51 2413
3 2413 51 4269
3 2341 4381 1220
3 3670 2341 3593
3 1220 3593 2341
3 3424 3055 2070
3 2070 3055 4502
3 3599 3497 1451
3 3599 1451 935
3 4502 935 1451
3 2931 3497 3599
3 1342 643 2819
3 1342 2819 2931
3 3175 2819 643
3 809 643 137
3 137 643 1342
3 3877 1342 2931
3 1734 3877 3759
3 1734 3759 4404
3 862 1734 3083
3 4404 3083 1734
3 2340 1849 2014
3 4345 2014 1849
3 3894 2976 4266
3 3894 4266 3727
3 3270 1001 249
3 3727 4266 1001
3 3727 1001 3270
3 4013 1001 4284
3 4266 4284 1001
3 3485 4013 2345
3 1302 978 2345
3 4014 3468 3896
3 3543 4530 2837
3 3521 2837 283
3 283 2837 3008
3 231 736 549
3 4453 4304 2951
3 1564 1904 2388
3 3878 1150 4528
3 4528 1150 1904
3 3832 222 3602
3 222 1904 556
3 1388 3832 3960
3 3960 3832 4249
3 3127 1032 1978
3 3127 2960 4239
3 382 1978 1794
3 1794 1978 1032
3 2491 2862 1647
3 1843 2895 2373
3 2373 2895 3294
3 3294 4017 2373
3 3723 2373 4017
3 3723 4017 801
3 3723 801 4291
3 3017 3723 2617
3 3017 2617 1444
3 824 4026 2524
3 2524 4026 2580
3 3493 3174 1924
3 1924 3174 2151
3 1924 2151 2926
3 2926 2151 2580
3 2580 2151 2524
3 1924 2926 2551
3 2551 2926 1519
3 3493 1924 1385
3 1385 1924 2551
3 2551 1519 1394
3 1385 2551 1394
3 2580 1519 2926
3 3493 1385 4432
3 1452 1385 1394
3 2978 3493 4432
3 1737 2978 4432
3 3174 2978 4233
3 3174 4233 1261
3 1737 4233 2978
3 3364 3358 4233
3 3358 2022 4233
3 3358 3364 3206
3 4057 1698 1463
3 1698 4057 3364
3 3364 4057 3206
3 1463 1698 3170
3 3170 1698 3981
3 3981 1698 3364
3 3206 4057 903
3 3172 497 4057
3 4057 497 2820
3 4057 2820 3871
3 4057 3871 903
3 696 298 2588
3 298 696 3172
3 2898 3789 3690
3 101 2898 3227
3 3227 2898 1724
3 1443 956 4199
3 763 2019 1411
3 763 1411 3783
3 1845 4137 2549
3 2549 4137 1443
3 1596 725 2553
3 2366 4206 2367
3 124 4206 386
3 2094 1711 341
3 4387 341 1711
3 2077 1386 3016
3 2380 1481 2947
3 637 2380 2001
3 2947 2001 2380
3 507 3573 2001
3 507 2001 1914
3 1911 1914 2947
3 2947 1914 2001
3 3459 3573 1704
3 1704 1914 1911
3 1914 1704 507
3 507 1704 3573
3 1553 1704 1911
3 2801 3459 1439
3 1553 1439 1704
3 1704 1439 3459
3 2569 2038 2169
3 4088 2569 4514
3 2142 2569 4088
3 4088 3515 2142
3 1340 2142 3515
3 1340 3515 3836
3 1195 3295 1469
3 3295 1195 161
3 161 1195 36
3 161 36 4482
3 1865 36 1195
3 1023 3295 161
3 1023 161 4482
3 344 4482 2379
3 344 2379 1296
3 2174 2991 3645
3 3439 2991 2260
3 2928 2679 3048
3 562 987 3796
3 987 562 1240
3 1240 562 3048
3 1240 3048 2679
3 4009 3048 4391
3 4391 3048 562
3 4391 562 33
3 4391 33 3904
3 3945 4391 2634
3 3945 2634 3229
3 3229 2634 2918
3 2918 2634 3904
3 4391 3904 2634
3 3904 894 2918
3 4394 894 3904
3 3229 2282 4499
3 2282 2918 894
3 2918 2282 3229
3 4009 3945 4499
3 3945 4009 4391
3 3229 4499 3945
3 2597 3937 1333
3 2597 1333 4472
3 4056 4472 1333
3 4472 4056 4381
3 2316 4472 2341
3 2316 2341 3670
3 2341 4472 4381
3 2290 4472 2316
3 2290 2316 2327
3 2327 2316 3670
3 540 2276 3592
3 2484 2402 540
3 2484 540 3592
3 2276 540 2402
3 2575 3417 3592
3 3592 3417 2484
3 1478 2201 3921
3 1190 501 2819
3 1190 2819 3175
3 2883 1190 3417
3 3417 1190 3175
3 3417 3175 1315
3 1849 3453 380
3 1849 380 862
3 1849 862 4345
3 3847 628 2340
3 4194 937 189
3 4194 189 2428
3 4194 2428 3613
3 3246 2428 3504
3 3504 2428 2417
3 981 3246 1339
3 1339 3246 3504
3 3727 1773 943
3 1773 1812 943
3 3894 943 2976
3 2976 943 1812
3 2976 1812 1079
3 3894 3727 943
3 3739 1773 3727
3 3270 3739 3727
3 1646 4099 2956
3 2956 4099 264
3 135 134 4453
3 2003 1459 93
3 790 4322 1247
3 1247 4322 2003
3 1247 2003 93
3 2003 4322 1354
3 2376 4322 790
3 2376 790 1247
3 2897 2376 1247
3 2897 1247 93
3 1868 2897 265
3 2897 1868 2376
3 1884 2418 3701
3 1521 2418 1868
3 1521 1868 265
3 2376 1868 2418
3 2376 2418 1884
3 2797 1071 1713
3 2655 1071 1523
3 1523 1071 2797
3 1521 2797 1713
3 3826 1523 4148
3 4148 1523 1070
3 4148 1070 971
3 971 1070 4103
3 1794 4148 382
3 382 4148 1817
3 1647 1974 542
3 1647 542 4307
3 1647 4307 2491
3 3219 3860 645
3 3219 645 2107
3 645 3860 1974
3 3332 645 1974
3 645 3332 1561
3 3405 2889 169
3 169 2889 724
3 7 3077 1501
3 7 1501 3017
3 3017 1501 633
3 3077 1444 1455
3 2617 1455 1444
3 3017 1444 7
3 7 1444 3077
3 1764 127 4456
3 543 4456 2406
3 543 2406 2674
3 2406 4456 1546
3 824 4363 2406
3 2674 2209 543
3 543 2209 1568
3 4294 1947 1955
3 13 3358 3206
3 2855 4053 1921
3 496 832 3143
3 3857 3868 1943
3 1943 3261 3857
3 1943 2254 3261
3 4137 3482 1443
3 1443 3482 956
3 2982 2979 2657
3 2657 2979 3635
3 3049 2657 282
3 2332 3049 282
3 2332 282 1845
3 3049 2332 522
3 3049 522 1503
3 1596 522 2332
3 4075 831 2780
3 2780 831 3622
3 3675 2966 640
3 640 2966 2094
3 640 2094 4422
3 634 3675 640
3 640 2517 634
3 3075 2517 4422
3 640 4422 2517
3 634 2517 3414
3 2517 3494 3414
3 2517 961 3494
3 1103 2974 2380
3 2688 1103 637
3 637 1103 2380
3 1257 206 2688
3 206 1257 3655
3 1257 2688 3573
3 3655 1257 3573
3 1249 3763 1569
3 3763 1249 2369
3 3763 2369 3555
3 1569 3763 1147
3 1147 3763 3555
3 1195 2765 1865
3 2765 1195 1469
3 565 2387 3427
3 565 3427 2696
3 2696 1922 565
3 1571 66 4358
3 1715 2250 1571
3 1571 2250 66
3 4358 66 1676
3 1676 66 2250
3 760 1571 918
3 1109 760 4361
3 4361 760 918
3 918 4358 1754
3 1109 4361 759
3 4361 918 1754
3 1571 4358 918
3 1715 1571 760
3 914 759 4361
3 2244 914 4361
3 2244 4361 4151
3 4151 4361 1754
3 4151 1754 3439
3 3439 1754 3645
3 3266 4151 3439
3 4151 3266 2244
3 3266 3439 1020
3 1454 3266 3937
3 327 4480 3937
3 2327 327 2290
3 2290 2597 4472
3 3937 2597 2290
3 3937 2290 327
3 1083 4480 921
3 3263 1083 1520
3 3263 1520 3013
3 3013 1520 2276
3 223 3263 1420
3 1420 3263 4393
3 4393 3263 3013
3 3484 4278 3135
3 1315 1996 2484
3 1315 2484 3417
3 692 2123 181
3 3613 181 2123
3 4 692 2625
3 4 2625 722
3 334 2625 181
3 181 2625 692
3 1926 722 2625
3 359 1926 2625
3 334 359 2625
3 1405 2689 2294
3 81 3507 4412
3 1173 3672 981
3 3584 2109 1275
3 2109 3584 1173
3 2109 1173 981
3 1275 2109 3739
3 3739 2109 1773
3 1773 2109 1812
3 1812 2109 1339
3 1339 2109 981
3 1400 3642 134
3 135 2755 1400
3 135 1400 134
3 4353 3973 3584
3 3973 1488 3584
3 3973 2041 244
3 2041 3973 4353
3 2370 1488 3973
3 713 2370 4322
3 4322 2370 3973
3 2571 772 2370
3 2571 2370 713
3 2571 713 997
3 4322 3973 1362
3 4322 1362 1354
3 2884 4384 1431
3 1431 4384 3141
3 1431 3141 3278
3 90 3141 1071
3 90 1071 2655
3 1071 3141 4384
3 1071 4384 1713
3 1573 3141 90
3 1573 1691 1505
3 1505 1691 1289
3 1505 1289 3087
3 4307 1003 1289
3 4307 1289 3429
3 4090 3860 2030
3 4090 2030 2756
3 3934 2756 2030
3 3964 3934 2030
3 385 3934 1858
3 385 1858 2892
3 385 2892 1597
3 1858 3934 3964
3 1960 2892 1858
3 1858 3964 1960
3 2 3844 2288
3 2 2288 1561
3 808 1561 2288
3 3754 2730 3405
3 169 3754 3405
3 62 3754 4126
3 3140 2186 62
3 62 1764 3140
3 3140 1764 4456
3 62 4126 1764
3 64 3696 3140
3 3696 2817 3140
3 3869 3696 64
3 3869 64 4456
3 4456 64 3140
3 3646 1986 3869
3 1527 3646 3869
3 1031 1527 2209
3 2209 1527 1568
3 4461 3956 4294
3 4415 3871 2820
3 4415 2820 3597
3 3084 3871 4415
3 4041 3848 4415
3 4041 4415 2204
3 4415 3868 3857
3 4041 2204 1743
3 3857 4434 2204
3 4434 1743 2204
3 3261 4434 3857
3 3857 2204 4415
3 3506 1743 1732
3 1732 1743 4434
3 1743 3506 4041
3 3176 1732 4434
3 3176 3482 888
3 3482 3176 1365
3 1365 3176 4434
3 3482 1365 956
3 1732 3176 2051
3 2051 3176 888
3 2715 3372 2051
3 2715 2051 2809
3 3628 2715 2809
3 3628 2809 122
3 122 2809 2231
3 4292 122 2231
3 3635 2979 4119
3 3635 4119 1462
3 4292 734 607
3 1813 607 734
3 607 1813 4275
3 607 4275 803
3 1813 734 4119
3 3617 1813 3801
3 1813 3617 4275
3 2982 3251 691
3 2982 691 2979
3 3684 3931 44
3 2768 1503 292
3 2483 292 1987
3 1987 292 1503
3 1503 192 1987
3 4095 2768 4376
3 2768 292 2281
3 2281 292 2483
3 4376 2768 2281
3 706 3273 2281
3 1516 706 2281
3 1516 2281 1223
3 4491 1307 1465
3 1312 4491 1465
3 1312 1465 634
3 1312 634 3414
3 838 1312 3414
3 4265 4491 2974
3 2974 4491 838
3 2974 838 1651
3 1651 838 3414
3 4491 1312 838
3 2974 1651 3494
3 3494 1651 3414
3 4251 4491 4352
3 4265 4352 4491
3 1370 4197 206
3 1370 206 1983
3 328 1730 1370
3 1370 1730 4197
3 1273 3472 3010
3 328 1983 3472
3 328 3472 3983
3 3010 4525 1833
3 3050 1833 2415
3 1249 4450 2369
3 3010 3050 2194
3 3010 2194 1273
3 3050 2415 4516
3 4516 2415 3242
3 70 2194 4222
3 2424 1366 217
3 217 1366 1153
3 217 1153 4130
3 1153 1366 1440
3 3153 2424 1138
3 3805 4486 1206
3 3805 1206 1876
3 4512 1206 2995
3 4486 2995 1206
3 3522 4512 2995
3 3522 2995 1139
3 1139 2995 3
3 3 2995 4486
3 3 4486 3537
3 1961 2250 1715
3 4132 1803 3792
3 3792 1803 4183
3 4132 3533 3061
3 3430 3533 1152
3 2725 1152 3533
3 3533 3430 3061
3 4286 2725 1109
3 1109 2725 4142
3 1152 2725 4286
3 1454 4480 620
3 1120 2149 2691
3 2922 2040 179
3 179 2040 2744
3 2744 2598 2374
3 3693 2374 4110
3 4110 2374 2598
3 1232 4110 4393
3 1232 1124 4110
3 4393 4110 1420
3 195 3993 3436
3 1226 3993 1224
3 1224 3993 195
3 3436 3993 3255
3 3255 3993 2335
3 2372 3436 240
3 2372 240 3057
3 3255 240 3436
3 3057 240 39
3 3057 39 1856
3 3255 39 240
3 3057 3683 3422
3 2370 2798 1488
3 3422 4021 3057
3 3057 4021 311
3 3057 311 57
3 3557 3422 2571
3 3557 2571 2920
3 48 2571 3422
3 3557 2920 1767
3 3310 4021 1262
3 3644 1436 1262
3 1436 3310 1262
3 3644 3795 1436
3 1767 3644 1262
3 1027 1144 4143
3 4143 1144 533
3 2884 4143 533
3 1431 4143 2884
3 2884 533 920
3 920 533 3644
3 3644 533 1144
3 2414 4166 65
3 3313 4166 2414
3 4143 2414 65
3 4143 65 1027
3 1027 65 4166
3 1645 3313 2414
3 3238 3313 1645
3 3278 3238 1645
3 213 3238 1505
3 213 1505 1956
3 1505 3238 1573
3 1573 3238 3278
3 2870 4107 3929
3 1694 1816 394
3 1659 4178 1694
3 4178 1659 3106
3 3106 1659 1184
3 2756 1659 1694
3 3934 1184 1659
3 3934 1659 2756
3 1949 1184 385
3 385 1184 3934
3 3551 2722 1476
3 2921 2722 3726
3 3551 1476 3103
3 1548 2861 3161
3 1548 3161 3045
3 3041 4490 21
3 3041 21 3720
3 906 554 1560
3 554 906 2817
3 1560 3696 1203
3 2182 1203 3696
3 2817 3696 554
3 554 3696 1560
3 4327 3302 4120
3 3534 2682 4170
3 4466 3534 312
3 2203 3669 41
3 2203 41 2116
3 2116 41 1279
3 3084 3848 2116
3 3084 2116 1279
3 2179 1528 4448
3 2694 2179 4448
3 3372 2295 3506
3 2694 2534 2166
3 133 2166 2534
3 4122 2239 133
3 1258 4122 1282
3 1282 686 3864
3 686 1282 4122
3 122 4292 3628
3 2622 4292 607
3 2622 607 803
3 1387 4515 875
3 875 4515 3864
3 3864 4515 1061
3 875 4424 1387
3 4515 4424 3162
3 1387 4424 4515
3 3589 3162 3119
3 3119 3162 4141
3 4141 3162 4424
3 3059 4141 4424
3 3888 4275 3617
3 3888 3617 4003
3 225 3308 2346
3 1286 4513 4251
3 1286 4251 4352
3 1286 4352 3037
3 4491 4251 1307
3 3046 2750 3983
3 2157 3046 3472
3 3472 3046 3983
3 1500 2157 1082
3 1500 1082 2486
3 2977 2486 70
3 70 2486 1082
3 4382 3218 257
3 257 3218 2876
3 726 3992 1366
3 1366 3992 3539
3 726 3805 1876
3 1139 4183 3522
3 2824 1803 4132
3 1803 2824 4183
3 2973 1534 1703
3 4132 1703 2824
3 2824 1703 1534
3 2824 1534 4288
3 2973 1703 3061
3 3061 1703 4132
3 1359 2973 3061
3 1359 3061 1062
3 1359 1062 1861
3 2800 1062 1784
3 1784 1062 3061
3 3640 2800 1784
3 3640 1784 3430
3 3640 3430 2444
3 3430 1784 3061
3 1152 2444 3430
3 1886 2444 3770
3 2922 179 3770
3 3770 179 1886
3 3640 2444 1886
3 1492 3640 1886
3 1899 3640 1492
3 1658 2757 3156
3 2602 3156 2058
3 3156 2602 1658
3 2306 2602 2058
3 4532 558 3700
3 277 798 2879
3 277 2879 2814
3 4532 2879 798
3 1004 1822 2202
3 2879 2202 1822
3 2334 1283 1623
3 852 2334 1623
3 852 1623 195
3 852 195 3436
3 195 1623 1224
3 695 852 3436
3 695 3436 121
3 2364 1376 870
3 3802 1376 2108
3 2108 1376 2364
3 2816 1376 3802
3 1600 3802 3288
3 4021 3524 3288
3 1436 3795 3310
3 215 3795 4272
3 4166 3988 3456
3 2129 4166 3456
3 219 2314 1467
3 1467 2314 1956
3 746 2314 3988
3 3988 2314 219
3 213 1956 2314
3 213 2314 3313
3 3313 2314 746
3 213 3313 3238
3 3354 3988 219
3 3354 219 2528
3 2528 219 1467
3 1467 4107 2528
3 805 2528 185
3 805 185 2562
3 4107 185 2528
3 2870 185 4107
3 4255 3944 4458
3 4458 3944 3078
3 1234 4458 4178
3 1234 4178 3106
3 1234 3106 1424
3 1424 3106 524
3 4300 2645 909
3 3551 3708 3567
3 3551 3841 3708
3 3708 3841 3812
3 787 3841 2371
3 787 2371 3032
3 769 906 1560
3 906 769 3720
3 2500 2358 55
3 1560 2500 55
3 1560 2871 2500
3 2871 1203 1263
3 2182 1263 1203
3 1263 2182 376
3 1560 1203 2871
3 4308 2871 1263
3 4308 1263 966
3 966 1263 1401
3 709 1287 4308
3 4308 1287 2748
3 1862 1287 709
3 555 3462 1862
3 555 1862 1157
3 1157 1862 3657
3 709 3657 1862
3 991 2639 1716
3 991 1716 4466
3 1042 4466 1684
3 1684 4466 312
3 1684 312 3669
3 941 1042 1684
3 2261 149 1042
3 2261 1042 941
3 2261 941 479
3 2261 479 4504
3 2166 479 2694
3 3369 149 2261
3 3369 2261 4504
3 3369 4504 951
3 4260 951 4504
3 2137 4504 2239
3 4504 2137 3924
3 1391 1061 3924
3 1391 3924 2137
3 1391 2137 4122
3 4122 2137 2239
3 3864 1258 1282
3 1258 1391 4122
3 1061 1258 3864
3 1892 4504 3924
3 3162 3589 4515
3 4515 3589 3924
3 4515 3924 1061
3 3924 3589 1892
3 1028 3589 3119
3 95 1028 2347
3 2347 487 3317
3 1852 3317 487
3 1852 487 3445
3 3445 487 2480
3 2480 487 2347
3 2480 2347 1028
3 3362 4460 2342
3 3197 4460 3362
3 535 4114 3888
3 535 3888 4003
3 535 4003 3167
3 3888 4114 3059
3 3676 4114 535
3 3676 535 4513
3 4513 535 3167
3 3676 4513 1286
3 3037 2825 3676
3 3037 3676 1286
3 2275 2825 2098
3 2760 3047 2965
3 2965 3047 665
3 2760 323 3047
3 279 1517 1309
3 279 1309 2526
3 1225 2526 1500
3 2157 1500 2526
3 3752 1225 396
3 1500 396 1225
3 3752 4215 3463
3 3463 4215 3998
3 4215 3752 3204
3 3556 3998 4215
3 3556 4215 1551
3 3204 1551 4215
3 2408 3218 3423
3 2408 4503 3218
3 1544 4503 1214
3 1214 4503 2408
3 1214 2408 3391
3 3391 2408 2981
3 3391 3737 1214
3 3737 3478 4496
3 3478 3391 3854
3 3854 3391 2981
3 495 2393 3054
3 3594 1508 2162
3 3594 2162 2620
3 2620 2162 4116
3 1185 561 2365
3 2365 561 1094
3 1094 561 2005
3 3331 446 2161
3 446 3331 1615
3 4083 446 1615
3 4083 1615 1161
3 1693 4083 3846
3 1753 1693 3846
3 1690 1753 3846
3 1690 3846 4288
3 1161 4288 3846
3 1161 3846 4083
3 2390 1690 4288
3 1359 1861 4288
3 1534 1359 4288
3 3703 1547 3018
3 3703 3404 1547
3 3997 4138 1547
3 3997 1547 2757
3 1446 3527 354
3 4473 3527 267
3 4074 2285 3605
3 3605 2285 1253
3 267 3527 1253
3 267 1253 2285
3 2814 2681 1253
3 2814 1253 277
3 3605 1253 2681
3 3605 2681 3728
3 2451 2274 3030
3 2451 3030 1563
3 407 3030 3950
3 3496 4369 2334
3 1635 3496 1975
3 1635 1975 3262
3 3262 1975 3736
3 1930 1975 3496
3 513 3736 1975
3 513 1975 1930
3 2816 300 4494
3 2816 4494 870
3 4272 4474 3073
3 4243 2117 3288
3 2117 1600 3288
3 3524 3310 4243
3 3524 4243 3288
3 1600 2117 3073
3 215 4272 4243
3 4272 2117 4243
3 3073 2117 4272
3 3795 215 4243
3 3795 4243 3310
3 4474 3354 346
3 346 3354 805
3 913 3630 357
3 4255 4520 1429
3 2996 4457 3680
3 1413 2996 3680
3 3680 4457 3166
3 4191 3680 4023
3 1518 4023 3680
3 4023 4458 3651
3 4458 4023 1518
3 1424 3651 1234
3 1234 3651 4458
3 1879 190 4300
3 3230 2587 3664
3 2587 3686 3664
3 4431 2587 3230
3 285 3230 3955
3 546 3955 3812
3 3708 3812 3955
3 3708 3955 2916
3 2916 3955 3230
3 4446 3955 546
3 2997 4446 787
3 2997 787 3032
3 787 4446 546
3 3706 4484 109
3 2621 3381 2500
3 2621 515 2805
3 515 2621 2748
3 1287 3462 515
3 1287 515 2748
3 2310 4087 1010
3 1010 4087 590
3 4208 1010 3822
3 4208 3822 945
3 945 3822 1971
3 590 3822 1010
3 466 945 2563
3 945 466 4208
3 2665 2869 1188
3 991 4098 2639
3 2020 2213 3369
3 2020 3369 951
3 2020 951 4260
3 2273 1639 2935
3 2273 2935 1171
3 4032 2935 1639
3 4032 1639 112
3 112 1639 1034
3 112 1034 2155
3 3481 717 3827
3 717 3481 866
3 3317 717 2347
3 95 2347 866
3 866 2347 717
3 717 3317 3827
3 1906 3827 3317
3 667 1906 2614
3 667 2614 3421
3 3881 3421 2614
3 3881 2614 2237
3 3881 2237 2525
3 676 2237 3445
3 2342 3678 676
3 2342 676 3445
3 2342 3445 3362
3 1852 3445 2237
3 4460 3678 2342
3 3463 765 4333
3 4333 765 946
3 1390 4333 10
3 72 3463 4333
3 72 4333 1390
3 1967 3286 1091
3 3556 3407 3928
3 1925 4497 4496
3 105 4496 4497
3 105 4497 3060
3 2711 4299 3060
3 2711 3060 1140
3 4240 4299 2799
3 2799 4299 2711
3 2799 2711 2194
3 2799 2194 3050
3 4516 4503 4240
3 4516 4240 3050
3 2194 2711 4222
3 3050 4240 2799
3 4503 4516 3218
3 3067 4240 1544
3 4503 1544 4240
3 1490 4200 4496
3 4200 1490 3067
3 1214 4200 3067
3 4299 3067 1490
3 3060 4299 105
3 4496 105 1490
3 1490 105 4299
3 2206 2893 3976
3 3976 2893 3538
3 3976 3538 3719
3 3538 2893 3110
3 2206 3976 1790
3 833 3838 3976
3 833 3976 3719
3 1508 1132 117
3 1508 117 2162
3 2162 117 1620
3 2162 1620 1209
3 1932 117 1721
3 1721 117 1132
3 1721 1132 2685
3 1739 3399 2644
3 1739 4076 3399
3 2644 610 4083
3 610 2644 3399
3 846 1739 2644
3 846 2644 1753
3 1473 846 1690
3 1690 846 1753
3 1753 2644 1693
3 1693 2644 4083
3 1739 846 2113
3 3793 3340 2113
3 3793 2113 3703
3 3793 3703 3018
3 1948 3007 1328
3 2998 457 3605
3 3605 457 4074
3 457 1328 1081
3 297 1081 1328
3 1328 457 2998
3 4074 1081 4473
3 2285 4074 4473
3 1256 4473 1081
3 457 1081 4074
3 3550 3576 3607
3 3550 3607 1348
3 3550 1348 3728
3 681 2451 2104
3 94 4487 2258
3 4214 3262 3731
3 1635 3262 4214
3 3188 3630 235
3 2430 3630 1149
3 1853 3630 3188
3 235 2430 4004
3 2766 4004 2318
3 3410 2318 4004
3 3410 4004 2430
3 3630 2430 235
3 3188 235 4004
3 421 2318 974
3 974 2318 3410
3 3410 2430 1371
3 1371 2430 1149
3 4457 1018 4276
3 3166 4457 4276
3 1141 2586 4086
3 1141 4086 2828
3 1413 4086 2996
3 2996 4086 2586
3 2405 4191 3686
3 2587 4431 1953
3 2587 1953 3686
3 4129 4431 2232
3 4129 2232 3303
3 2232 4431 285
3 1537 2232 4204
3 4204 2232 3378
3 1537 4500 260
3 4500 1537 4204
3 2791 3102 3381
3 2791 3381 3626
3 4500 2791 228
3 228 2791 3626
3 3578 3626 2805
3 228 3626 3578
3 2709 1468 4060
3 3003 764 2352
3 3003 1345 3253
3 3253 1345 1204
3 1204 1427 2333
3 3003 254 1345
3 254 3003 2355
3 2291 1204 1345
3 1427 1204 3794
3 3794 1204 2291
3 2291 1345 254
3 1638 3794 2291
3 1638 2291 2310
3 2355 2310 254
3 254 2310 2291
3 2632 1638 714
3 714 1638 4208
3 466 1265 3514
3 466 3514 4208
3 4208 3514 714
3 714 3514 3940
3 2091 3514 286
3 286 3514 1265
3 3940 3514 2091
3 2330 2091 286
3 2330 286 1265
3 2518 2330 3570
3 3570 2330 2563
3 2665 3620 963
3 2665 963 2869
3 4455 1543 2669
3 1208 1919 4455
3 1208 4455 1944
3 1944 4455 2669
3 3743 273 629
3 1526 3743 629
3 1526 629 212
3 667 3835 1627
3 3743 667 1627
3 1627 3181 3743
3 3213 3835 3649
3 1314 3649 2868
3 3835 2868 3649
3 3881 4202 3421
3 3678 4007 2525
3 3881 2525 1988
3 4007 1988 2525
3 272 4105 1550
3 3745 1550 4105
3 4333 4202 1988
3 655 4202 946
3 946 4202 4333
3 4007 4333 1988
3 3881 1988 4202
3 2618 1314 3778
3 3778 1314 2868
3 1567 2743 885
3 2743 1567 2607
3 1967 3665 3286
3 4091 4427 3400
3 4427 4091 3224
3 4338 4427 965
3 4338 965 2101
3 3224 965 4427
3 1925 3031 50
3 1925 50 3928
3 3928 50 2092
3 3719 1925 4496
3 89 4427 4338
3 3205 89 4338
3 3569 3205 4338
3 4368 3342 2085
3 4368 2085 690
3 2085 3342 1075
3 3342 4368 3387
3 1932 1721 2888
3 1932 2888 1280
3 2206 2888 2085
3 2085 2888 1721
3 1280 1790 3838
3 3838 1932 1280
3 3976 3838 1790
3 1790 1280 2888
3 1790 2888 2206
3 2845 3183 3341
3 3341 3183 3650
3 4108 3650 4076
3 4108 4076 2874
3 1739 3340 4076
3 4252 4444 3007
3 230 4252 2697
3 3007 1948 4252
3 4252 1948 2697
3 230 2697 2262
3 3576 2262 177
3 3576 177 3607
3 1313 3735 3541
3 1313 3541 4372
3 1313 4372 2651
3 2651 4372 2456
3 3217 4241 863
3 863 4241 4372
3 863 4372 3550
3 681 2104 863
3 863 2104 3217
3 94 3375 4487
3 3215 4227 3442
3 3215 3442 3248
3 3248 3442 3900
3 3248 3900 4428
3 2450 3900 3731
3 4004 2766 3443
3 4004 3443 3188
3 3443 2766 1274
3 1580 3363 1598
3 1598 3363 329
3 329 3363 617
3 4128 3163 3746
3 3163 974 3746
3 3746 974 3410
3 3746 3410 2628
3 1371 2628 3410
3 1160 1371 876
3 3831 3284 3633
3 3596 3328 4276
3 4220 3596 4276
3 2839 2492 4175
3 2283 4175 3930
3 2283 3930 130
3 3930 4175 2492
3 247 3488 4175
3 247 4175 3356
3 2283 3356 4175
3 3488 247 490
3 3488 490 4070
3 4070 490 1141
3 1141 3356 2586
3 3356 490 247
3 3356 1141 490
3 3303 983 4129
3 3252 983 3303
3 4070 2988 3488
3 599 3488 2988
3 1008 2353 850
3 2353 1008 3488
3 2353 3488 599
3 1304 2353 3289
3 3289 2353 3301
3 1939 3301 599
3 599 3301 2353
3 3906 3289 3301
3 3906 3301 1468
3 1468 3301 4060
3 4060 3301 1939
3 1204 4364 3253
3 4364 506 3253
3 2333 4364 1204
3 1529 1785 3794
3 1410 1570 1529
3 1410 1529 2632
3 1410 3940 855
3 3940 1410 2632
3 2091 855 3940
3 2984 4147 3247
3 3489 4147 4455
3 2749 4172 3939
3 1343 3939 3649
3 1343 3649 2659
3 3649 3939 3213
3 3213 3939 4172
3 2191 1343 2062
3 1343 3502 2062
3 2357 3502 1067
3 2357 1067 2647
3 1542 4091 1067
3 3502 1542 1067
3 3112 1205 3725
3 1205 3112 4331
3 1828 1205 3205
3 3205 1205 3173
3 1828 4164 1316
3 3995 4164 2013
3 207 4068 3995
3 207 3995 2013
3 4298 3773 1735
3 1735 3773 3530
3 3738 3341 4263
3 3341 3738 2845
3 3738 1735 2845
3 2144 2631 491
3 491 2631 1384
3 491 1384 2661
3 2144 2763 310
3 2763 2144 491
3 2763 491 2661
3 2680 2763 4108
3 1297 310 4444
3 1297 4444 4252
3 1297 4252 3595
3 1804 2009 2466
3 1804 2466 3766
3 953 1913 3735
3 4066 2731 3735
3 1692 4066 1313
3 1313 2651 1692
3 1393 1692 2651
3 1831 1393 1201
3 2221 2559 2215
3 299 2559 2221
3 299 2221 3164
3 4227 355 3164
3 3215 355 4227
3 1831 2847 355
3 355 3195 1831
3 1688 3195 3326
3 603 1688 3326
3 603 3326 4209
3 366 3326 3195
3 4209 3326 4428
3 2434 2409 1688
3 2434 1688 4439
3 4439 1688 603
3 4439 603 4359
3 2804 2434 4439
3 2804 4439 98
3 98 4439 3363
3 4217 3413 2804
3 2434 2804 3413
3 2434 3413 2409
3 810 4217 1131
3 4176 3086 4341
3 4176 4341 1364
3 3177 4176 3207
3 3207 4176 2199
3 3747 3207 4429
3 3207 2199 4429
3 4429 2199 4128
3 3554 3747 4429
3 1894 3554 4429
3 1894 4429 2769
3 2769 843 751
3 4429 843 2769
3 1859 3097 2317
3 3097 1894 2317
3 751 2317 2769
3 2769 2317 1894
3 2628 1447 3746
3 1447 2628 1160
3 3746 2317 751
3 2317 3746 1447
3 2317 1447 1859
3 1371 1160 2628
3 306 3097 88
3 306 88 1824
3 1824 88 1795
3 3990 2150 3930
3 1824 2150 3990
3 1900 3990 2446
3 3930 2446 3990
3 3601 1900 802
3 802 1900 2446
3 802 2446 2492
3 1871 3601 802
3 1871 802 704
3 910 704 2492
3 2492 704 802
3 3679 910 2492
3 2839 3679 2492
3 848 684 789
3 321 848 789
3 321 789 1471
3 460 4364 2474
3 3201 4364 1471
3 856 3694 3104
3 3489 237 3104
3 3489 3104 351
3 3489 351 4147
3 351 3104 619
3 198 1558 1251
3 931 1251 1811
3 1811 1251 2877
3 4100 2835 4238
3 4063 4150 2074
3 4150 4063 2785
3 2191 4063 3939
3 3939 4063 2074
3 459 1941 2191
3 459 2191 3768
3 2062 3768 2191
3 4063 2191 1941
3 3395 459 3768
3 3395 3768 168
3 2112 3395 854
3 2112 854 296
3 296 854 2992
3 2992 854 3926
3 3926 854 2693
3 4104 1729 372
3 4104 372 3257
3 3725 372 1729
3 1828 1316 372
3 1828 372 3725
3 793 3409 2320
3 2320 3409 4186
3 4164 3995 4186
3 2905 152 3157
3 152 2905 3709
3 3709 2905 2223
3 152 3709 3001
3 4298 3001 3709
3 4298 3709 1098
3 3001 4298 3738
3 1098 3776 4298
3 4263 3001 3738
3 152 3001 4263
3 152 4263 3157
3 1311 3667 3115
3 3115 3667 2773
3 2773 3667 3984
3 406 3595 2773
3 406 2773 2631
3 406 2631 2144
3 2631 2773 3946
3 3595 406 1297
3 1297 2144 310
3 2144 1297 406
3 1048 4312 108
3 1048 108 1381
3 3222 1187 873
3 3086 2941 4341
3 1998 4321 290
3 1998 290 954
3 3177 4089 954
3 3177 954 290
3 1163 4089 3177
3 3207 1163 3177
3 4123 3747 3554
3 3747 4123 3207
3 3207 4123 1574
3 1072 1288 3601
3 1613 1288 4123
3 4123 1288 1072
3 2649 1670 1613
3 2649 1613 3334
3 1613 1670 1288
3 1288 1670 3601
3 1582 1900 1670
3 1582 1670 2649
3 306 1824 60
3 1824 1582 60
3 3990 1900 1582
3 3990 1582 1824
3 3097 306 3334
3 3334 306 2649
3 2649 306 60
3 2649 60 1582
3 220 1531 793
3 793 1531 1557
3 2905 1998 954
3 2905 954 4089
3 3984 3012 4011
3 3984 1048 3012
3 1048 3667 1565
3 3667 1048 3984
3 3257 730 4104
3 3409 1871 3257
3 1871 730 3257
3 242 1941 3653
3 1558 4044 2536
3 3236 1765 1590
3 1240 2679 1128
3 1240 1128 2260
3 1240 2260 987
3 1020 2260 1128
3 3293 2983 3431
3 1382 2255 1228
3 1382 1228 1901
3 1158 4323 1901
3 1158 1901 1228
3 2255 1382 3563
3 110 2171 4311
3 110 4311 3209
3 3138 2171 1728
3 523 3833 2052
3 523 2052 473
3 1562 523 4020
3 3343 1088 1952
3 1654 1952 3977
3 3977 1952 1088
3 1115 3343 1952
3 3977 1088 20
3 20 1088 3343
3 1509 1654 1292
3 1292 1654 3977
3 1319 4212 2048
3 1319 2048 3825
3 1319 3825 3668
3 3825 2048 1663
3 3837 3516 2713
3 2713 3516 75
3 2713 75 2734
3 2734 1702 2713
3 3096 2734 75
3 3044 3516 3837
3 3837 2713 1702
3 2930 1189 4303
3 3081 3312 1426
3 3312 2975 1426
3 1426 1502 91
3 1502 1426 2975
3 3081 1426 1277
3 1277 1426 91
3 2930 3081 1277
3 2930 1277 4225
3 4225 1277 1372
3 1372 1277 91
3 2711 3292 4222
3 4262 3619 4187
3 3758 3348 1633
3 1371 1149 1212
3 2301 3466 2252
3 2301 2252 3389
3 3389 1741 2301
3 1741 12 2301
3 458 2803 2252
3 458 2252 3466
3 2252 2803 3389
3 3389 2180 1741
3 1741 2180 2675
3 3105 458 2042
3 2042 458 3466
3 3105 3685 458
3 2410 3466 2866
3 658 2410 2866
3 2866 2776 1689
3 2866 1689 1745
3 658 2866 1745
3 2410 2042 3466
3 2866 3466 2776
3 2776 2675 1689
3 1689 2675 3150
3 3150 2675 4127
3 2431 4149 2180
3 2431 2180 3389
3 2431 3389 2803
3 3685 3105 771
3 3685 771 3440
3 581 771 4442
3 4442 771 3105
3 4050 1029 712
3 4442 4050 4371
3 712 4371 4050
3 881 4117 3916
3 657 881 3916
3 3190 2426 3245
3 3245 2426 673
3 673 2426 4326
3 2331 2936 2089
3 3559 3022 2936
3 3559 2936 4383
3 2396 415 3780
3 2396 3780 246
3 415 2396 3979
3 3559 415 3979
3 415 3559 434
3 3780 415 434
3 574 2906 4343
3 1591 4168 2560
3 2856 2080 4406
3 2856 4406 3027
3 2856 3027 1539
3 2448 782 3582
3 3582 782 3147
3 4398 3051 2934
3 3876 2934 3051
3 4173 163 1496
3 4173 3190 3245
3 4173 3245 163
3 4469 673 2099
3 4469 2099 816
3 4469 816 2377
3 4471 2090 2496
3 3477 2090 4471
3 511 2083 2383
3 511 2383 56
3 511 56 2090
3 511 2090 1350
3 1350 2090 3477
3 2090 56 2383
3 2090 2383 2496
3 2083 3987 3575
3 511 1588 3987
3 511 1350 1588
3 153 2687 49
3 49 2687 4330
3 3241 2687 153
3 2745 142 4452
3 4452 142 1641
3 3437 3587 2906
3 2241 3437 3908
3 2241 3908 3357
3 2241 3357 4038
3 3908 3437 2971
3 3895 2964 4343
3 3408 1477 69
3 69 1096 3408
3 4406 3408 1096
3 1539 3147 4219
3 1539 4219 2856
3 2856 4219 2080
3 2080 4219 3712
3 4219 1241 877
3 4219 877 3712
3 2448 1757 782
3 2959 3876 4257
3 4257 3876 1709
3 1668 1709 3876
3 3051 2841 1668
3 4398 164 1706
3 164 4469 1706
3 1706 4469 2377
3 677 1377 1973
3 4344 677 1973
3 1851 2573 1875
3 2592 1875 3616
3 2592 3616 4320
3 2592 2962 1875
3 1875 2962 1851
3 227 2383 2083
3 227 2083 3575
3 227 1330 2383
3 2496 2383 1330
3 2687 1026 4330
3 3239 160 4261
3 2903 3371 2398
3 2398 3371 2815
3 3241 165 2815
3 2398 2815 165
3 3942 2522 1559
3 3942 1559 3818
3 3942 3818 1252
3 1252 1601 3942
3 2522 3942 1601
3 3108 2556 86
3 3108 86 455
3 455 86 4038
3 4038 86 2192
3 436 481 455
3 436 455 3357
3 455 481 3108
3 3908 2964 570
3 3908 570 2167
3 3689 330 3297
3 3297 570 2964
3 2834 3297 2964
3 3689 9 330
3 330 9 401
3 792 1448 1917
3 1461 792 1917
3 1806 423 4085
3 1806 1629 3365
3 1806 3365 423
3 423 3365 4305
3 423 4305 4085
3 1133 1477 3712
3 3712 1657 1133
3 1133 1657 3781
3 2272 2519 453
3 2272 453 3697
3 3697 453 2440
3 2519 1055 4157
3 2078 1625 2440
3 2078 2440 453
3 2078 453 2519
3 2078 2519 4157
3 2193 821 2488
3 2193 2488 173
3 173 404 2193
3 2193 404 3923
3 2193 3923 2724
3 2488 821 322
3 2375 3015 979
3 979 778 4001
3 2490 4398 632
3 1320 1942 2832
3 2832 938 710
3 2558 358 512
3 4131 2558 512
3 652 2558 4131
3 1499 4510 393
3 3616 2573 2838
3 786 3922 4054
3 2023 3274 3890
3 3890 871 2023
3 2023 871 4174
3 3346 548 1610
3 3346 1610 159
3 159 1610 3648
3 4296 3346 159
3 4232 3346 4296
3 4232 4296 4314
3 3239 896 3749
3 3749 896 3280
3 2844 4290 1148
3 2844 1148 4421
3 2192 2957 3771
3 4025 1308 807
3 4025 807 2277
3 4025 3861 3298
3 2909 3108 481
3 2909 481 2167
3 2909 2167 3806
3 2065 3314 1254
3 928 1417 648
3 3279 928 648
3 3279 648 2613
3 3279 3611 928
3 1298 648 1417
3 2613 648 1298
3 4402 2927 1674
3 4409 2894 544
3 2894 284 3545
3 4409 284 2894
3 2914 2010 3036
3 2914 3036 1361
3 1412 2914 1361
3 2914 3545 2010
3 2010 3545 284
3 2010 274 3036
3 2710 4319 3432
3 3652 3470 2392
3 3652 2392 2710
3 2710 2392 4319
3 1183 1349 2881
3 1183 3949 1349
3 4001 238 3949
3 780 3884 3779
3 780 3779 3816
3 780 3816 2548
3 2548 1060 780
3 780 1060 3884
3 679 1640 3884
3 2832 3884 1060
3 2832 3299 3884
3 3779 3884 1640
3 3299 1260 3884
3 3299 4475 1260
3 679 3884 1260
3 2530 1602 3779
3 4040 1301 3546
3 1105 2822 4245
3 1513 3063 1779
3 624 4337 2917
3 2917 3063 1513
3 4527 2917 4337
3 3870 2859 517
3 1143 1416 154
3 1143 154 517
3 517 154 3870
3 3870 154 2910
3 2859 3870 4271
3 2859 2479 517
3 1143 517 2479
3 553 2471 3377
3 553 3377 1397
3 2082 3809 4477
3 925 2445 1397
3 925 139 2445
3 1397 2445 553
3 925 1397 2082
3 4232 2378 4253
3 4231 3913 2251
3 3039 2004 3116
3 2771 3790 742
3 742 3790 4421
3 4421 3790 1022
3 375 2433 4421
3 742 4421 2433
3 742 2433 2771
3 2611 919 2433
3 919 3366 2433
3 1636 157 1211
3 289 3699 615
3 289 615 2106
3 289 2106 1636
3 1636 842 289
3 3699 289 842
3 2848 4435 4329
3 3830 644 989
3 989 644 4316
3 4316 644 4156
3 4509 3874 261
3 1881 1687 2802
3 2802 1687 2967
3 1881 2908 3491
3 2908 1881 1789
3 28 3545 2021
3 28 2021 2727
3 28 2727 2224
3 2224 4043 3434
3 2224 3434 2706
3 2950 4043 2224
3 4043 2950 3531
3 2950 2224 2727
3 2706 1121 28
3 2706 28 2224
3 715 1121 2706
3 2247 2950 2727
3 147 2460 4077
3 3125 147 4077
3 147 3125 3390
3 147 3390 2460
3 3432 804 2710
3 804 2581 2710
3 2710 2581 3652
3 2875 3432 3814
3 2881 23 4221
3 569 2135 448
3 569 448 3963
3 3963 448 4221
3 3963 4221 23
3 4221 448 3025
3 3254 569 3819
3 3963 3819 569
3 3823 2548 3819
3 688 37 2184
3 3532 865 3627
3 2864 865 3532
3 2686 2640 1134
3 2686 1134 3627
3 3532 3627 1134
3 3532 1134 2886
3 2886 1134 2640
3 2640 3777 3546
3 2640 3546 1682
3 1682 3397 2886
3 1682 2886 2640
3 917 3824 4258
3 2851 1779 547
3 2851 547 3282
3 547 3333 3282
3 390 422 1084
3 1084 3063 390
3 390 3791 422
3 3961 1818 301
3 301 1818 3656
3 1818 3961 4048
3 4048 3961 1415
3 2859 2511 2479
3 2479 3961 301
3 3961 2479 2511
3 4146 2849 2782
3 2849 4146 2280
3 2849 2280 893
3 2849 893 3396
3 4071 4146 4395
3 4071 2940 2280
3 4071 2280 4146
3 2579 3377 2555
3 2579 3809 2082
3 731 3396 2471
3 2471 3396 893
3 2471 893 2940
3 2211 4328 2789
3 2211 2789 2032
3 2032 2789 3131
3 139 2470 4328
3 3033 2846 3744
3 2846 1080 3233
3 3033 1080 2846
3 3039 3116 71
3 2242 71 3116
3 2242 1829 71
3 1829 2242 2907
3 2907 2242 3590
3 2703 1245 4207
3 4207 3043 4158
3 1632 4158 3043
3 1870 4348 204
3 1870 204 4029
3 2878 1164 3698
3 1126 1164 2878
3 3495 1164 1126
3 3698 1164 3495
3 644 3830 2188
3 3797 2188 1093
3 3797 2541 2188
3 2188 2541 4156
3 2188 4156 644
3 1874 4518 3830
3 4228 1874 3830
3 3641 2170 4101
3 191 2170 3641
3 2705 2183 424
3 2307 2343 424
3 424 2343 2705
3 2705 2908 2183
3 424 2183 1250
3 424 1250 2307
3 2307 1541 2343
3 1700 4072 3350
3 4077 3350 4072
3 4072 1700 3281
3 3281 1700 4285
3 2875 2195 3406
3 2442 3406 2195
3 3814 3951 1661
3 1661 1344 3814
3 1661 1193 3608
3 1661 3608 3321
3 2160 3608 1193
3 2160 1193 1395
3 2160 1927 3455
3 3254 2758 2135
3 2248 196 1927
3 2248 1927 1041
3 4195 3203 4259
3 1626 2504 447
3 326 3052 3553
3 3968 326 3553
3 3968 3553 3182
3 3968 445 4012
3 4012 445 3606
3 445 3968 3182
3 3968 4012 326
3 326 1108 3052
3 1699 3606 1888
3 3606 445 1888
3 3548 3606 1699
3 1065 2924 4048
3 2924 4377 4048
3 1012 2627 146
3 2627 1012 1130
3 2627 1119 146
3 2704 2539 3791
3 2704 3791 2047
3 2704 4377 592
3 2704 592 2539
3 4377 2704 2047
3 2948 2165 4201
3 744 3379 1969
3 3131 182 952
3 2896 1056 700
3 2896 700 3552
3 3552 700 3131
3 4328 3388 1782
3 1428 1782 3388
3 1107 1896 2668
3 1896 1303 2668
3 2668 1303 3082
3 3233 4350 1107
3 1107 2942 1896
3 1896 1380 1303
3 1303 1380 3082
3 1380 1896 529
3 529 1896 2942
3 529 2942 1402
3 529 1402 3076
3 1080 2692 1536
3 1632 2843 1653
3 4207 1245 2823
3 4207 2823 3043
3 1763 4511 1449
3 3920 4511 968
3 968 4160 3920
3 4511 1763 968
3 3237 4029 4160
3 4029 3807 4160
3 2938 1678 2200
3 4518 4280 2742
3 2097 4280 4518
3 4518 413 2097
3 2097 413 2827
3 2827 413 3970
3 3886 2806 3641
3 3641 2806 191
3 2958 748 3641
3 3641 748 3886
3 1992 214 748
3 748 214 3886
3 3863 214 1992
3 3999 1772 3702
3 2382 1772 3999
3 3999 3509 2382
3 2382 3509 4118
3 4059 1146 2720
3 3526 2720 4355
3 3526 4355 3756
3 3526 3756 552
3 578 2747 662
3 1809 541 4279
3 211 1809 4279
3 211 4279 2069
3 541 3120 4279
3 2069 662 211
3 211 662 1809
3 3120 541 1809
3 1099 1903 1378
3 1378 1903 400
3 400 1903 4351
3 3608 4351 3321
3 2593 671 4351
3 2593 3455 1172
3 1172 671 2593
3 1626 3483 1788
3 1626 1788 3203
3 1726 3483 363
3 2060 2293 1726
3 4283 2945 1697
3 1408 79 2039
3 4362 1408 2039
3 79 2293 2039
3 2039 1504 4362
3 79 1408 303
3 1178 3901 3052
3 107 1108 4012
3 2887 1994 3852
3 3852 1994 4517
3 2761 1916 1994
3 2761 1994 2887
3 2761 2887 4433
3 100 4433 2887
3 1056 4267 2623
3 4506 3168 3226
3 900 2502 828
3 900 828 1589
3 900 1805 2502
3 2502 618 4506
3 2502 4506 828
3 618 2502 781
3 529 3076 1159
3 1380 529 1159
3 1159 1267 1380
3 1771 1159 4045
3 2084 1402 2942
3 2942 4350 2084
3 2692 4350 1536
3 2692 701 4350
3 1681 3178 3185
3 3813 2429 3305
3 3305 950 3813
3 3813 1000 2429
3 4268 2429 527
3 527 2429 1000
3 508 4268 3920
3 3920 527 4511
3 527 3920 4268
3 508 3807 3479
3 508 3479 4268
3 1827 1835 1678
3 3268 1678 1835
3 468 0 1593
3 468 1593 880
3 880 3986 468
3 468 3986 166
3 0 468 166
3 1110 1889 2923
3 1110 3198 2164
3 960 2164 3198
3 1110 2164 1889
3 3198 4280 960
3 408 1889 2164
3 2164 2097 408
3 408 2097 3029
3 2133 626 526
3 2133 526 1
3 2133 1 1285
3 2133 1285 2061
3 2133 2061 626
3 626 2061 3029
3 2583 3155 4529
3 3290 2007 4002
3 3476 2007 3290
3 650 1189 820
3 650 820 4388
3 650 4388 2646
3 4388 820 1648
3 4388 1648 1643
3 4303 650 2646
3 4262 4010 3758
3 3444 1015 1227
3 400 4351 4190
3 400 4190 1378
3 1099 1378 29
3 1099 29 3631
3 664 1984 4190
3 664 4190 890
3 890 2516 867
3 4190 1984 1378
3 890 4190 3469
3 890 3469 2516
3 1999 2154 3272
3 1999 3272 1176
3 2178 2813 2303
3 2178 3661 2813
3 2178 115 140
3 3277 703 2441
3 3661 2441 703
3 669 343 2176
3 2176 343 236
3 3674 2176 236
3 2176 969 669
3 2257 2324 1450
3 3547 2324 2257
3 3901 1178 1935
3 3901 1935 672
3 672 1935 2391
3 680 4517 3058
3 680 3058 3512
3 3058 1916 3009
3 520 3845 2648
3 2407 3845 520
3 3500 520 2667
3 4205 2087 216
3 216 934 4205
3 4205 2831 3636
3 4205 3636 2087
3 591 2087 3636
3 934 216 46
3 3879 4033 332
3 4033 4205 934
3 4033 934 332
3 332 477 3879
3 4033 2830 1630
3 4033 1630 4205
3 2096 4449 1686
3 2096 1686 3991
3 3991 2830 2096
3 2096 1438 4449
3 859 4006 1483
3 4006 4045 1483
3 2229 3975 2323
3 2229 2323 1437
3 2229 1437 4030
3 2130 2411 4447
3 4447 2411 1808
3 280 538 2411
3 2411 2130 280
3 3305 1113 4332
3 3305 834 1113
3 1466 3349 2432
3 1910 2432 3349
3 1910 3349 3718
3 3902 1025 1324
3 3336 510 3202
3 510 3336 4281
3 4281 2264 510
3 510 2264 2949
3 510 2949 3202
3 2949 2535 3202
3 2535 3788 4159
3 2535 4159 3202
3 2666 4476 3492
3 1293 2666 3492
3 1336 2422 1866
3 1866 2422 4034
3 141 3520 3300
3 141 3300 155
3 3520 2454 735
3 735 2454 1603
3 1603 2454 3542
3 1603 2389 3382
3 1603 3382 2904
3 4273 594 4069
3 4273 4069 4324
3 348 4069 594
3 348 594 3351
3 2646 4388 1151
3 2646 1151 138
3 2972 745 3962
3 3962 745 4069
3 1122 1474 2298
3 1122 2298 641
3 641 2298 2246
3 2298 4411 2246
3 1482 4073 967
3 1902 4463 287
3 1122 1902 287
3 1902 1122 641
3 1902 641 2246
3 2246 4463 1902
3 1679 2576 545
3 545 2576 674
3 545 674 3808
3 674 2576 4451
3 3518 929 4188
3 255 4188 929
3 1054 3092 606
3 606 1733 1054
3 551 2516 3717
3 551 1733 2516
3 606 2516 1733
3 361 1984 664
3 361 664 867
3 361 867 3631
3 361 3631 29
3 361 29 1984
3 3717 2642 551
3 3661 4165 2000
3 2000 4165 2284
3 2284 3898 2000
3 2000 3898 3661
3 4163 4282 1441
3 969 3225 669
3 669 3225 1791
3 343 1791 2699
3 343 2699 732
3 343 732 236
3 732 2699 4336
3 4418 2699 2338
3 2699 4418 4336
3 2338 2699 1791
3 3225 2338 1791
3 4155 96 3111
3 96 4155 4315
3 4016 982 2115
3 4016 2115 1710
3 4016 1710 2212
3 2212 3111 1182
3 3111 2212 4155
3 4315 4155 3588
3 412 4155 2212
3 1710 412 2212
3 2521 982 4016
3 1182 4016 2212
3 4016 1182 2521
3 3695 1222 85
3 1997 85 1222
3 2139 3309 1595
3 3309 2139 4399
3 2831 4205 874
3 3309 3991 1595
3 3850 747 845
3 845 747 2015
3 318 3716 288
3 318 288 4039
3 3571 288 1815
3 318 2987 3716
3 3418 697 430
3 430 697 2987
3 2172 4250 719
3 2172 719 944
3 719 3975 944
3 4030 2478 3975
3 1649 1229 538
3 538 1229 3296
3 538 3296 2478
3 538 2478 2411
3 1229 2663 3296
3 47 2362 3912
3 47 728 2362
3 531 3291 4028
3 531 4028 1069
3 1268 1069 4028
3 1549 4293 2612
3 1549 2482 4293
3 2612 1025 1549
3 1718 1549 1584
3 1584 1549 1025
3 915 1718 1584
3 1584 1076 915
3 915 1170 1718
3 4159 3196 3336
3 3788 3853 1049
3 1414 1514 3764
3 3828 1399 584
3 1399 3828 2774
3 1238 1672 74
3 74 1672 2086
3 2754 3510 3882
3 2754 3300 3510
3 1123 2762 3520
3 3300 3520 2762
3 588 933 1123
3 588 1123 4093
3 588 4093 1154
3 2762 1123 933
3 1442 3722 1166
3 1057 797 1281
3 647 2249 3936
3 647 3936 698
3 647 698 1051
3 1135 647 1051
3 647 1135 2532
3 647 2532 2249
3 4324 278 4096
3 4096 278 1284
3 278 2046 1284
3 2046 278 1218
3 4136 3637 4323
3 1122 4081 1474
3 2741 1909 4081
3 2741 1092 1909
3 1679 545 1317
3 1317 545 1719
3 4451 3821 674
3 674 3821 3808
3 3808 3821 3385
3 4443 40 737
3 40 4334 4519
3 40 4519 737
3 2872 2175 3066
3 3588 3066 2175
3 2854 1710 2115
3 2854 3588 4155
3 2854 4155 412
3 2854 412 1710
3 575 1819 3817
3 1819 1907 3817
3 575 3817 3066
3 575 3066 1781
3 575 1781 1819
3 1907 4020 473
3 1907 473 3817
3 2521 752 4020
3 3231 3833 1562
3 4061 3716 992
3 3716 4061 4413
3 3165 563 2932
3 2932 563 1977
3 2932 1977 3568
3 2882 2932 3568
3 2932 2882 4485
3 2932 4485 985
3 2932 985 3165
3 944 3296 860
3 944 860 2172
3 2663 3040 2882
3 2882 3040 4485
3 1127 3740 4109
3 1756 2902 718
3 3138 4414 2416
3 4414 3329 3056
3 4414 3056 1479
3 4370 1479 3056
3 4028 2121 1268
3 3079 3260 2943
3 611 3544 3748
3 611 3748 3072
3 1685 2721 3748
3 631 3883 892
3 892 3932 1414
3 3764 892 1414
3 3764 631 892
3 3764 4408 2075
3 2075 2786 3014
3 2786 2075 4408
3 3713 2764 3216
3 4171 3486 3473
3 3473 3486 817
3 302 3600 3732
3 302 3398 1652
3 302 1652 3600
3 2163 1652 1383
3 3398 1383 1652
3 1383 1842 1775
3 3300 2762 3510
3 1885 3603 3634
3 3634 3603 462
3 2701 528 2969
3 528 2701 4373
3 2035 785 4373
3 3126 785 1717
3 1717 785 1338
3 4313 3320 2568
3 4323 3637 151
3 4420 151 3637
3 3585 3808 3385
3 1673 3808 3585
3 2140 3385 3821
3 4451 4163 3821
3 4102 2891 1322
3 2836 253 442
3 4167 2836 442
3 4167 442 2507
3 269 2507 1117
3 2507 269 927
3 2507 927 4167
3 442 253 77
3 442 77 2507
3 2507 77 783
3 1117 2507 783
3 773 1524 737
3 737 1524 4443
3 221 1357 452
3 773 452 1357
3 1199 1357 1664
3 1664 1357 221
3 4193 4413 4230
3 4193 1014 3006
3 4193 3006 4413
3 1736 3080 1493
3 1736 1493 563
3 1736 563 3165
3 3948 563 1493
3 3165 2616 1736
3 1522 383 4161
3 1522 2416 3907
3 2795 3907 2510
3 2795 3367 3907
3 1538 4370 2671
3 3367 1538 2671
3 1617 851 2487
3 2011 2487 851
3 2011 851 530
3 3996 560 1617
3 530 3996 3130
3 3996 530 560
3 560 530 851
3 560 851 1617
3 4124 3996 3079
3 2985 3144 4400
3 148 3969 767
3 148 767 3978
3 76 3000 1040
3 76 1040 3072
3 3072 1040 1046
3 631 2075 1839
3 1839 2075 3014
3 2786 3376 4401
3 3713 3216 4125
3 827 3464 18
3 827 18 3858
3 1272 18 3464
3 2523 2360 1867
3 1867 2360 3732
3 374 4154 2599
3 374 2599 3897
3 4154 3732 2599
3 2599 3600 3897
3 922 4184 1266
3 4184 661 1266
3 1266 661 2326
3 1266 2326 3564
3 1266 3564 922
3 4184 922 1826
3 4184 1052 661
3 475 2853 1047
3 475 1047 1959
3 475 1347 2853
3 1612 2787 2438
3 2438 2853 1612
3 1612 2899 2787
3 3452 2234 813
3 813 2234 1374
3 2570 2208 3638
3 2726 1792 2570
3 2570 3638 2726
3 2726 791 1792
3 2208 2867 3638
3 1318 3677 576
3 1318 576 2125
3 2125 576 1533
3 708 1533 576
3 708 576 3677
3 949 2751 4440
3 770 2890 3384
3 3384 145 770
3 770 3927 2890
3 2677 1807 3101
3 2677 3101 281
3 2585 480 509
3 480 2585 1524
3 3151 3505 2637
3 3666 2637 3505
3 2736 2637 1701
3 2736 1701 3889
3 3425 1701 514
3 514 1701 2637
3 472 2736 4493
3 472 4493 3151
3 472 3151 2637
3 472 2637 2736
3 1100 2501 1068
3 675 3026 1472
3 675 1472 3091
3 675 3091 980
3 675 980 749
3 749 980 1100
3 749 3954 675
3 4470 1525 3875
3 2912 1522 3907
3 2912 947 1846
3 2912 383 1522
3 389 2315 2779
3 962 2779 3914
3 3914 2779 2315
3 3130 2240 3767
3 4400 1954 3490
3 2954 868 1007
3 388 1243 3978
3 3978 1243 3625
3 2767 1040 3000
3 2767 1243 1040
3 1040 1243 388
3 1040 388 1046
3 3971 3134 3883
3 1839 3014 3971
3 4302 819 4401
3 3393 2652 3750
3 3028 4401 3376
3 3028 3376 4125
3 2538 3460 3612
3 2538 3249 3460
3 3499 208 3982
3 1272 3447 4218
3 3464 4154 2537
3 374 995 3212
3 374 3212 4154
3 3897 1826 995
3 3136 1985 2435
3 3136 2435 1832
3 596 3136 1832
3 3132 4234 3959
3 3959 4234 3199
3 34 4438 572
3 572 4438 1255
3 1616 3020 2542
3 1616 2542 3528
3 1616 3528 4153
3 2438 3452 2853
3 2853 3452 1047
3 891 2268 365
3 1755 891 365
3 1755 365 904
3 2268 891 733
3 3285 733 891
3 791 3880 3663
3 791 636 1792
3 1792 636 904
3 2481 3761 2629
3 2279 450 972
3 2253 4430 2719
3 2253 2719 4092
3 2952 1213 2245
3 1213 4092 2245
3 1213 729 2475
3 729 3435 2475
3 61 4203 4379
3 4203 61 3267
3 3267 61 4379
3 4379 2404 2690
3 4379 2690 2044
3 3666 172 514
3 172 3666 3658
3 172 3425 514
3 43 4347 2210
3 3840 3098 799
3 3098 3840 3449
3 4347 799 3098
3 427 1578 3474
3 427 3474 129
3 1016 427 129
3 3474 3180 129
3 755 1950 1104
3 3662 1622 621
3 1472 3065 3091
3 1525 2779 962
3 4374 263 3834
3 201 3214 2350
3 2468 2339 3467
3 2339 2468 337
3 2873 3467 2339
3 3467 504 2468
3 2105 4508 2662
3 2105 2662 3344
3 2105 3344 3380
3 955 2063 1305
3 2063 3370 1305
3 3625 3306 4270
3 3682 775 2037
3 3682 2037 3090
3 775 3682 3503
3 775 3393 2037
3 2037 3750 3090
3 879 1920 1445
3 3581 2145 1024
3 1024 2993 360
3 2999 2993 3612
3 3612 2993 1024
3 1191 3447 58
3 2435 4325 3212
3 4325 2435 1985
3 1667 1776 470
3 2270 1667 470
3 2270 3959 1667
3 3959 2270 4365
3 118 2270 470
3 3199 1760 3454
3 4366 2723 2609
3 2609 1507 4366
3 2609 2723 3243
3 4037 3275 4407
3 4019 2351 4210
3 2351 4019 2911
3 2858 1409 3228
3 2858 3228 779
3 2858 779 1271
3 2858 1271 1594
3 4106 753 579
3 4106 579 1912
3 4106 1912 2050
3 2050 2081 4106
3 882 579 320
3 579 882 1912
3 907 1396 2695
3 16 2695 1396
3 2695 16 1554
3 1430 2818 4140
3 1430 1396 2818
3 2818 1396 907
3 4277 2818 907
3 3893 1033 4379
3 4379 1033 3267
3 3211 2302 3189
3 976 2543 3211
3 4339 3953 3449
3 3953 4339 2002
3 4507 3180 4242
3 4507 4242 4284
3 1578 1485 3474
3 3446 3624 1552
3 317 1552 3624
3 317 3624 2222
3 22 1725 3624
3 2222 3624 1725
3 1725 3662 4436
3 3662 1725 22
3 3065 682 583
3 3705 583 1714
3 1714 583 682
3 4374 3834 3338
3 2419 3338 3834
3 1219 3891 2698
3 2698 3891 4079
3 4079 3891 1009
3 4079 2508 2698
3 4198 1196 3121
3 4239 622 2421
3 4239 2421 3487
3 4239 3487 600
3 622 4198 2421
3 3859 2716 2399
3 2399 3458 3859
3 2329 2132 1233
3 2329 2989 1422
3 2329 1422 2132
3 2329 1233 3458
3 2662 2132 1422
3 1422 3344 2662
3 2989 3344 1422
3 1233 1452 3458
3 932 2656 3981
3 2656 932 3411
3 1572 4051 3775
3 3170 1572 3775
3 4051 1572 986
3 986 1406 4051
3 1406 1918 4051
3 4051 1918 926
3 178 3090 4018
3 3306 178 3433
3 3433 178 4018
3 3729 360 659
3 3729 659 4410
3 2733 3799 1155
3 4387 1928 1341
3 2770 2286 1650
3 4236 2286 2770
3 2270 118 2053
3 2270 2053 806
3 2120 2071 2842
3 4514 1038 1905
3 4505 3259 2515
3 2515 3259 2933
3 2933 4445 1535
3 2933 1535 4394
3 4445 2933 3259
3 449 4037 1798
3 1798 3947 449
3 449 3947 4366
3 449 4366 3804
3 449 3804 4037
3 630 2684 2513
3 3293 2684 630
3 3293 4133 2684
3 2684 1078 2513
3 2351 2810 4210
3 4210 2810 4407
3 2810 2351 2983
3 1174 494 425
3 494 2043 425
3 425 2043 1197
3 425 1197 3586
3 2497 4499 1174
3 2497 1174 425
3 2497 425 3586
3 2503 2752 3586
3 2527 3742 2498
3 2527 2498 2354
3 2759 2863 3038
3 3593 3055 3921
3 492 3593 3921
3 882 92 4502
3 4502 1912 882
3 203 3759 3877
3 4140 3953 3083
3 3887 3953 2002
3 3887 2002 2420
3 2714 2420 4507
3 4266 2714 4507
3 4242 2345 4284
3 3474 4014 1302
3 3474 1302 4242
3 3446 3008 3468
3 132 1680 2531
3 2531 2095 132
3 2531 2222 2095
3 3521 2531 1680
3 2821 1169 1624
3 2821 1624 2187
3 2821 2095 1169
3 4436 3933 598
3 4436 598 549
3 549 598 4304
3 4067 2960 1978
3 1388 500 4067
3 500 1196 4067
3 2960 4067 1196
3 2031 2425 136
3 2425 2031 2862
3 2152 4017 2031
3 4017 2152 801
3 801 2152 339
3 1452 1233 4432
3 1452 4432 1385
3 114 2855 2588
3 2588 4047 4145
3 2588 4145 625
3 2588 625 114
3 926 2641 4145
3 3783 4199 3227
3 3622 2553 2019
3 3107 2366 2367
3 3107 2367 1179
3 1179 478 3335
3 3480 353 2596
3 2596 353 721
3 4387 721 353
3 721 386 2596
3 184 4387 1341
3 623 3416 1855
3 1855 3416 4236
3 623 2746 3416
3 623 1855 3016
3 2053 1044 4236
3 1044 2053 2842
3 1044 2842 2071
3 373 2077 316
3 373 316 2947
3 373 2947 1481
3 3075 373 1481
3 373 3075 2423
3 373 2423 2077
3 1038 4514 2169
3 2225 1038 2169
3 1553 2225 2169
3 224 1865 27
3 224 27 2142
3 27 1865 1820
3 1820 1865 2765
3 2016 33 1296
3 1296 33 3796
3 33 562 3796
3 2111 1872 4390
3 2111 2852 371
3 371 2852 1535
3 371 1535 4445
3 4445 942 1872
3 371 4445 1872
3 1872 942 635
3 1872 2111 371
3 3431 2911 4185
3 2572 3243 2723
3 2572 2723 68
3 68 3431 2572
3 3293 3431 4133
3 4133 3431 68
3 505 3947 3412
3 3412 716 505
3 505 716 3710
3 505 3710 3947
3 1798 1078 3947
3 1078 3412 3947
3 2811 1174 4499
3 2811 2533 494
3 2811 494 1174
3 2792 3038 3562
3 2928 3562 2297
3 2928 3048 4009
3 2928 4009 3562
3 3038 2297 3562
3 2321 2126 740
3 740 2025 2321
3 740 2126 4256
3 740 4256 2025
3 2595 4056 2321
3 2595 2321 2025
3 4256 3899 2025
3 2321 4056 2679
3 2126 2679 2928
3 3899 4381 2595
3 3592 3670 2575
3 492 3921 1823
3 492 1823 3593
3 1291 1478 3424
3 3424 2070 1291
3 3497 1291 2070
3 315 3497 2931
3 501 315 2819
3 2819 315 2931
3 3453 3877 380
3 3953 3887 3083
3 3083 3887 4345
3 3847 170 2417
3 2417 170 1079
3 3847 2340 170
3 3958 589 249
3 4013 3958 249
3 3485 123 738
3 902 3485 738
3 3896 3485 978
3 264 1778 2956
3 1778 264 3896
3 1744 444 4453
3 4453 444 4304
3 3543 486 1039
3 3543 2837 486
3 3543 1039 331
3 486 1680 1039
3 132 2821 1680
3 2821 1039 1680
3 4304 119 231
3 4304 444 119
3 119 444 1744
3 119 1744 3543
3 265 2388 4103
3 2797 4103 1070
3 971 3878 1817
3 3878 4528 3832
3 1978 382 4067
3 1644 2491 3826
3 1644 3826 1794
3 167 536 518
3 724 518 1501
3 518 724 167
3 1843 518 536
3 1501 518 1843
3 4456 127 158
3 4026 158 1455
3 127 1455 158
3 824 1546 4026
3 4026 1546 158
3 2151 1261 2524
3 2524 1261 4363
3 2022 2674 4363
3 2022 1947 2674
3 1947 2209 2674
3 903 2064 13
3 3733 1921 3597
3 3143 4192 625
3 114 4192 2855
3 2855 4192 1957
3 4192 832 1957
3 4192 3143 832
3 496 2898 4097
3 2254 496 4097
3 313 2254 4097
3 2122 4097 788
3 2122 788 3643
3 788 4097 101
3 4199 956 1365
3 2367 2780 478
3 2780 2367 4206
3 124 1711 4247
3 4247 1711 2966
3 4387 184 4422
3 2423 2746 1386
3 3655 3459 1300
3 335 2349 2312
3 335 2312 2765
3 335 3555 2349
3 2349 3555 2801
3 2038 2349 2801
3 2349 2038 2312
3 27 1820 2569
3 4346 1053 1469
3 4346 4295 1053
3 4482 52 2387
3 2387 52 3427
3 1296 3796 78
3 2174 78 3796
3 4358 2696 3645
3 3645 2696 3427
3 2327 921 4480
3 3013 2276 3135
3 3484 2402 1996
3 1823 2575 3670
3 2883 2575 1823
3 4169 3471 501
3 4169 501 1190
3 4169 1190 2883
3 4169 2883 2201
3 4169 1291 3471
3 3497 3471 1291
3 3457 1996 1315
3 471 3457 3186
3 471 3186 534
3 471 534 539
3 471 539 1306
3 3457 471 1306
3 3715 937 534
3 3715 534 3186
3 534 937 4194
3 534 4194 539
3 3715 3100 628
3 3613 2294 334
3 3672 1405 3246
3 4412 1405 3672
3 3958 4353 589
3 589 4353 1275
3 589 1275 3739
3 589 3739 3270
3 418 451 2319
3 2319 451 836
3 451 738 836
3 836 4099 2319
3 3642 2319 4099
3 3642 1021 2319
3 2319 1021 418
3 418 1021 2196
3 418 2196 451
3 250 451 2196
3 451 250 738
3 836 738 123
3 1744 134 1646
3 1459 2755 4453
3 1400 1354 2041
3 1354 244 2041
3 1354 1362 244
3 646 3701 4384
3 646 4384 2884
3 4384 3701 1713
3 1691 2655 3429
3 4307 3860 19
3 1561 808 2107
3 3964 2107 808
3 1561 784 3621
3 784 1561 3332
3 4036 3161 908
3 3405 4036 908
3 1768 3956 1662
3 1768 1662 994
3 2582 4294 2064
3 3868 3597 4053
3 417 2737 608
3 2028 417 608
3 2028 608 3643
3 4434 417 2028
3 417 4434 3261
3 417 3261 2737
3 2737 2122 608
3 608 2122 3643
3 116 2809 888
3 1462 116 888
3 2809 116 2231
3 888 4137 1462
3 4119 2979 3801
3 4095 3684 2657
3 2982 2657 3684
3 2328 4075 2267
3 192 831 2328
3 831 4075 2328
3 2267 4075 3465
3 2483 125 3798
3 125 4247 3798
3 1223 2483 3798
3 2966 3798 4247
3 3798 1516 1223
3 1516 3798 391
3 3675 391 3798
3 1465 391 3675
3 4197 4265 1103
3 4450 1983 3655
3 1983 4450 4525
3 1300 2369 4450
3 1138 4130 1147
3 1053 3153 1695
3 1147 1695 3153
3 3295 1023 1013
3 3774 1013 1922
3 1922 1013 2387
3 209 3537 3774
3 3537 209 1676
3 4142 3533 3792
3 1715 4142 3792
3 914 3042 759
3 759 3042 4286
3 295 3042 2244
3 2244 3042 914
3 295 2244 197
3 295 197 3517
3 3952 2545 2561
3 815 3952 2561
3 223 2561 3263
3 2561 223 815
3 3517 2545 3952
3 4480 2561 2545
3 2278 2691 1420
3 1420 2691 3714
3 2040 2278 2598
3 2040 2691 2278
3 2793 3135 4278
3 4393 3135 2793
3 3307 1124 4008
3 722 4008 1124
3 3507 381 1742
3 3507 3993 14
3 3507 14 381
3 1226 14 3993
3 81 4412 3255
3 429 1856 2807
3 429 3604 3683
3 429 3683 3057
3 1856 429 3057
3 429 2807 3604
3 1173 3584 3604
3 2798 772 48
3 2370 772 2798
3 2798 48 3422
3 4058 2920 997
3 1884 997 4322
3 646 920 1767
3 646 1767 4058
3 3278 2414 1431
3 4196 689 4090
3 4196 4090 394
3 4196 394 3929
3 19 3860 4090
3 4065 2219 1597
3 2921 4065 1597
3 2921 1597 2892
3 2219 1949 1597
3 861 2219 4065
3 1960 2615 1476
3 2615 2861 2436
3 1476 2615 2436
3 1476 2436 3103
3 2861 3844 3161
3 3844 2861 2615
3 347 3045 4036
3 347 4036 2730
3 347 2730 3041
3 347 3041 3032
3 4490 3754 2186
3 2817 4490 2186
3 2458 1576 683
3 1951 2182 3869
3 683 1576 4120
3 2458 1986 2626
3 2458 1951 1986
3 1768 3646 3919
3 3919 3646 1031
3 1662 4120 994
3 3534 4170 777
3 4461 777 4170
3 1279 4461 2582
3 4448 3848 3506
3 2534 3372 2715
3 2534 2715 4122
3 803 4275 4424
3 3753 378 2057
3 2057 3617 3801
3 3801 2256 2057
3 2057 2256 3753
3 2346 642 3931
3 3931 642 3251
3 1355 4095 4376
3 4095 1355 2220
3 1516 410 706
3 4513 410 4251
3 1307 4251 410
3 1307 410 1516
3 796 291 2197
3 2197 4197 796
3 2197 291 4352
3 328 3983 1730
3 1082 1273 2194
3 26 2977 4222
3 4516 2876 3218
3 1569 4130 3242
3 4382 1440 3539
3 1366 2424 3805
3 4295 2424 3153
3 3774 1972 4346
3 3805 1972 3774
3 2901 3992 1876
3 2901 1876 4512
3 4512 3522 4116
3 3792 1139 1961
3 2708 4183 2365
3 4286 3770 1152
3 3558 1120 2922
3 3558 2922 4286
3 467 1120 3558
3 3042 3558 4286
3 2718 467 3558
3 2718 3558 3042
3 2718 3042 899
3 2718 899 3517
3 3714 2149 3952
3 2374 2058 2744
3 1886 2744 2058
3 3693 2808 2306
3 2306 2808 4181
3 2565 924 1491
3 2565 1491 2808
3 558 2808 1491
3 2808 3693 2565
3 2565 3693 4008
3 2565 4008 924
3 1226 1491 924
3 571 3802 4046
3 2372 4046 923
3 57 4046 3057
3 2372 3057 4046
3 4046 57 571
3 57 1369 571
3 3604 2798 3683
3 102 1144 1027
3 102 1027 2129
3 3087 4107 1956
3 2520 1816 1694
3 1694 4178 2520
3 4178 3078 2520
3 2520 2870 1816
3 2645 441 2788
3 2645 2788 2308
3 441 499 2788
3 2788 499 1334
3 2788 1334 1890
3 2788 1890 2308
3 2308 2218 2645
3 3106 441 2645
3 499 441 3106
3 3330 2218 861
3 861 2218 2308
3 3726 3567 1747
3 3726 1747 3330
3 3330 1747 2218
3 720 368 2436
3 368 720 2371
3 368 2371 3103
3 368 3103 2436
3 2436 2861 1548
3 2436 1548 720
3 2437 347 3032
3 2437 3045 347
3 4492 3720 666
3 683 1401 376
3 3302 3657 966
3 966 3657 4308
3 1157 4327 4000
3 2455 3529 3534
3 525 3848 4448
3 2203 525 4448
3 525 2203 2116
3 525 2116 3848
3 2179 479 941
3 3506 2295 4448
3 4448 2295 2694
3 2239 4504 2166
3 3864 3628 2622
3 2622 3628 4292
3 3589 4260 1892
3 2915 4260 3589
3 2057 3167 4003
3 2880 2658 3308
3 2658 2880 4513
3 3724 2136 225
3 225 1487 3724
3 3724 1487 258
3 258 1487 2220
3 2220 1487 3931
3 202 4513 2880
3 2880 3273 202
3 2880 2136 3273
3 291 2965 665
3 291 665 4352
3 4352 665 3037
3 3983 2750 2965
3 1730 3983 2965
3 1309 3046 2157
3 1500 901 2557
3 1500 2557 3204
3 2557 901 414
3 414 901 2486
3 414 2486 2977
3 761 387 653
3 761 1551 3204
3 387 761 3204
3 2557 387 3204
3 387 2557 414
3 653 387 414
3 653 414 2977
3 4222 3292 3839
3 26 4222 3839
3 26 3839 653
3 26 653 2977
3 653 3839 761
3 3423 4382 103
3 3423 103 886
3 886 2981 3423
3 3271 103 4382
3 103 3271 886
3 454 612 3539
3 3539 612 4382
3 2173 4512 678
3 2173 454 3992
3 454 2173 495
3 678 495 2173
3 2393 678 4116
3 4116 678 4512
3 2620 2708 1094
3 1185 4288 1161
3 2783 3703 2390
3 2390 1861 2783
3 1062 2783 1861
3 1062 750 2783
3 3404 1899 1547
3 1547 1899 2757
3 1899 3404 2800
3 1658 354 3997
3 1446 2602 4181
3 277 3527 798
3 2778 2681 2814
3 2778 3950 3728
3 2274 3728 3950
3 1283 4468 1004
3 4369 4468 1283
3 2334 695 3496
3 3496 695 1930
3 923 2108 513
3 2364 1722 3736
3 870 4494 3355
3 2816 433 4474
3 4474 433 3073
3 4494 300 2562
3 3944 2650 4467
3 3944 4255 1429
3 1429 3630 1853
3 4255 1518 2600
3 2600 1518 3166
3 524 4300 1424
3 1566 82 1747
3 1566 1747 3567
3 1566 3567 2473
3 2473 909 1566
3 1566 909 82
3 2473 2916 1879
3 3230 1879 2916
3 787 3812 3841
3 3378 3955 4446
3 3378 4446 1891
3 1660 109 4484
3 1660 4484 4492
3 83 1660 2358
3 2358 84 431
3 431 84 3102
3 431 83 2358
3 1660 83 109
3 2871 4308 2500
3 2500 4308 2621
3 4087 699 590
3 1971 3822 3529
3 3529 3822 4000
3 3529 4000 2682
3 3782 2639 2665
3 991 4466 1042
3 991 1042 149
3 2915 1034 3345
3 3589 2155 2915
3 2155 1034 2915
3 112 2155 1028
3 112 1028 95
3 1852 1906 3317
3 2614 1906 2237
3 1852 2237 1906
3 1389 3362 3445
3 4460 1937 4105
3 251 2098 2067
3 2067 2098 323
3 2067 1517 3145
3 323 1517 2067
3 2750 1309 2760
3 279 2526 835
3 2361 279 835
3 835 10 568
3 10 835 2526
3 3998 2485 1540
3 1540 2485 3319
3 3998 1540 3319
3 1551 3839 3407
3 3839 4497 3407
3 3839 3292 4497
3 3854 601 3838
3 3854 3271 601
3 601 3271 1209
3 3054 1209 3271
3 3054 2393 1209
3 1132 1965 2100
3 1132 1508 1965
3 1965 1508 3594
3 2453 3191 2100
3 2453 1965 3594
3 1965 2453 2100
3 2005 2453 3594
3 3191 2453 2005
3 3191 2005 3331
3 2574 3018 4138
3 2574 2794 3018
3 3018 2794 3793
3 3997 3527 4473
3 24 1256 297
3 24 297 3572
3 3572 297 3007
3 1348 2998 3605
3 4468 4369 939
3 1802 2073 4425
3 1671 4425 2073
3 2073 1802 1563
3 4487 1802 4425
3 1671 2073 1873
3 1671 1873 939
3 1873 2073 3030
3 1873 4468 939
3 3950 1822 349
3 3950 349 407
3 3950 2778 1822
3 2287 4425 4369
3 4425 939 4369
3 4214 4369 1635
3 3736 2929 3262
3 3262 2929 3731
3 4494 4467 2412
3 913 218 1149
3 183 2056 4520
3 2056 183 1433
3 2056 1433 25
3 2056 25 4483
3 2056 4483 913
3 4162 2600 1125
3 4162 1125 1221
3 2600 3166 1125
3 4276 3328 1125
3 1221 1125 3328
3 3651 3686 4023
3 4023 3686 4191
3 2473 1879 4300
3 285 3378 2232
3 3378 45 2026
3 482 2026 45
3 2026 482 3855
3 2026 3855 4204
3 2026 4204 3378
3 482 4484 503
3 482 503 3855
3 4204 3855 4500
3 1979 336 3706
3 1979 3855 336
3 3855 503 336
3 336 503 3706
3 1979 3706 3102
3 2709 2325 2036
3 2036 2325 2805
3 2036 2805 3462
3 2036 3462 2352
3 2036 2352 2709
3 4087 2355 1532
3 1010 4208 2310
3 2310 4208 1638
3 1064 3570 2563
3 1064 3782 3570
3 2518 2869 4182
3 3345 3620 2213
3 1171 2029 2273
3 2029 1171 403
3 432 1830 212
3 2669 2395 432
3 432 2395 1830
3 1830 2395 2935
3 1830 2935 4032
3 1830 4032 212
3 1526 4032 3481
3 667 1526 3827
3 3745 251 2067
3 3745 4105 1937
3 3745 1937 2098
3 3745 2098 251
3 568 4007 1837
3 1837 4007 272
3 1837 723 2361
3 1837 2361 568
3 2607 1129 655
3 2607 655 765
3 3778 1129 2607
3 1727 3540 3463
3 2055 885 2919
3 2055 2919 416
3 2055 416 2477
3 2919 2860 416
3 416 2860 3319
3 3319 2860 1727
3 416 3319 2477
3 2477 1995 2055
3 2055 1995 1707
3 2055 1707 885
3 2919 885 2743
3 2919 2743 2860
3 1727 2860 3540
3 2485 3989 2477
3 2485 2477 3319
3 2477 3989 1995
3 822 3989 1863
3 822 1995 3989
3 1967 3224 3665
3 188 2101 3031
3 188 3031 3538
3 3387 1669 3110
3 1758 379 930
3 930 379 2685
3 930 2685 1933
3 930 1933 3967
3 3967 1758 930
3 1758 352 379
3 379 352 1721
3 379 1721 2685
3 2100 3191 2336
3 1933 2336 3967
3 3191 2457 1848
3 3183 3399 4076
3 2574 24 3572
3 3572 1825 2574
3 2574 1825 2794
3 2794 2874 3793
3 1825 3572 586
3 586 3572 3007
3 3607 176 2998
3 3576 3550 3541
3 4214 2493 2258
3 2269 905 2929
3 2269 2929 1722
3 2269 4454 73
3 2269 73 905
3 905 2450 2929
3 266 3900 2450
3 1604 266 2450
3 2450 4454 1604
3 4454 150 1604
3 150 1274 1604
3 1604 1274 4428
3 2318 4359 2766
3 4359 4209 2766
3 4359 421 617
3 421 3163 617
3 3598 1212 4483
3 3598 3284 876
3 876 1212 3598
3 1221 2381 1433
3 1433 638 25
3 25 638 707
3 4483 25 707
3 210 638 2381
3 210 3633 638
3 210 2381 3328
3 3328 3633 210
3 377 2283 4220
3 130 4220 2283
3 2828 2368 4070
3 2368 2828 983
3 2405 1953 4129
3 2405 4129 4086
3 3441 126 1137
3 126 3441 3252
3 126 4500 1137
3 1137 4500 228
3 3252 260 126
3 4500 126 260
3 3303 260 3252
3 4042 2988 2368
3 2368 3252 4042
3 4042 3252 3441
3 63 3441 1137
3 2462 849 4042
3 2462 63 4060
3 2462 4060 1939
3 2462 1939 849
3 849 2988 4042
3 764 3003 3253
3 764 3253 3906
3 2654 2474 2333
3 2333 1427 3911
3 2333 3911 2654
3 403 2984 4182
3 1919 2702 4455
3 4455 2702 2427
3 4455 2427 237
3 1720 2729 2148
3 2729 1611 2148
3 2729 1720 1295
3 2729 1208 1611
3 3743 1611 273
3 3743 2148 1611
3 2148 3743 3181
3 2618 3665 4091
3 3778 1567 1363
3 1707 1363 1567
3 3400 4331 2647
3 2647 4091 3400
3 3400 4427 3173
3 3938 4164 1828
3 3387 3938 1669
3 3387 469 2489
3 2489 469 2013
3 476 1848 2845
3 2845 1735 476
3 1848 2457 2845
3 3530 476 1735
3 3650 1621 2207
3 3650 4108 1621
3 1621 4108 2661
3 3793 2874 3340
3 586 4444 2198
3 586 2198 1825
3 1825 2198 2794
3 4252 2466 1931
3 1931 440 4252
3 4252 440 3595
3 3766 3735 1913
3 2630 4177 2259
3 639 2630 2683
3 639 2683 2215
3 2630 639 3843
3 2630 3843 4177
3 4177 3843 2459
3 2459 3523 4177
3 4177 4241 2259
3 2259 2683 2630
3 2215 2683 4134
3 3164 3375 4227
3 366 3195 3215
3 4359 617 4439
3 1131 98 1580
3 4128 2199 1364
3 1598 4128 1364
3 566 3596 4220
3 566 3831 3596
3 566 1795 162
3 566 162 3831
3 566 4220 1795
3 162 1795 1859
3 1447 162 1859
3 3831 162 1447
3 130 3930 2150
3 4175 3488 1008
3 2839 4175 1008
3 1512 2740 850
3 850 2740 3679
3 3201 1471 2467
3 3289 3201 2467
3 3201 3289 506
3 3911 464 2654
3 2654 3610 2474
3 464 3610 2654
3 3911 1785 4462
3 464 3911 4462
3 3694 1570 619
3 3694 1860 1529
3 3694 1529 1570
3 2427 3104 237
3 2427 3154 1605
3 2877 1605 3154
3 1605 856 2427
3 2103 814 1857
3 1857 814 111
3 1857 2702 2103
3 392 111 814
3 392 814 2299
3 2299 814 2103
3 392 2299 4238
3 1720 53 2299
3 1720 2299 1295
3 2299 53 4238
3 4172 4100 1893
3 1893 4100 252
3 1893 252 3181
3 4150 2749 2074
3 2062 3502 2357
3 2062 2357 3768
3 2840 3768 2357
3 2693 3112 3926
3 2840 2693 168
3 4331 2693 2840
3 2693 4331 3112
3 1316 4164 4186
3 3938 2489 4164
3 2223 1346 4068
3 4068 1346 1498
3 4068 1098 3709
3 3709 2223 4068
3 4368 3776 207
3 4263 2207 1356
3 1356 2207 2494
3 2494 2207 1621
3 2141 559 841
3 841 559 2494
3 841 2494 1384
3 4011 3946 3984
3 2236 439 1931
3 2236 3943 439
3 439 3943 1311
3 439 1311 3115
3 3115 3595 440
3 3115 440 439
3 439 440 1931
3 2236 1931 2009
3 2469 2009 1804
3 2469 1804 3123
3 953 2731 4312
3 1393 758 1692
3 3195 2409 758
3 3523 2847 1201
3 2953 498 3287
3 2953 3287 1418
3 2953 1418 1854
3 1475 2233 580
3 580 2233 2017
3 2017 3287 1453
3 1453 498 2459
3 1453 2459 3843
3 2017 2605 3287
3 3287 2605 1418
3 2605 2017 2233
3 1475 2127 2215
3 2292 2127 580
3 2292 580 2017
3 2292 2017 1453
3 2292 1453 3843
3 2605 2233 2559
3 2233 1475 2559
3 299 3164 2564
3 2847 2564 3164
3 873 1675 4217
3 1381 1675 873
3 1675 3413 4217
3 614 2941 585
3 614 585 810
3 810 585 3222
3 3086 290 2941
3 4321 2941 290
3 3554 3334 1613
3 1557 205 3409
3 1557 3601 205
3 2740 2550 800
3 2740 1512 2550
3 2550 684 685
3 2550 685 800
3 800 685 4104
3 800 4104 730
3 800 730 2740
3 910 2740 730
3 684 848 2992
3 684 2992 685
3 685 2992 4104
3 2992 848 296
3 1471 4364 2112
3 3395 2112 3653
3 234 3610 3957
3 234 3957 3653
3 226 826 2676
3 2676 4462 2059
3 2676 2059 226
3 226 493 826
3 493 3415 826
3 3415 3146 826
3 826 3146 2676
3 3909 2059 4462
3 2059 2536 2079
3 3909 2536 2059
3 4488 2079 4044
3 4488 4044 1590
3 931 1590 4044
3 4044 2079 2536
3 564 1811 3368
3 564 1590 1811
3 1590 564 3236
3 2877 3154 4035
3 3002 3368 4238
3 2835 602 670
3 670 602 2749
3 2749 602 4172
3 3448 1097 3236
3 3448 4150 1097
3 242 3146 2785
3 3926 3725 1729
3 1346 2320 1498
3 220 2320 1346
3 1163 1574 2216
3 1207 2216 1531
3 1207 2223 4089
3 1207 4089 1163
3 1460 3561 3157
3 3157 3561 2610
3 3157 2610 1998
3 2141 3561 1460
3 2344 4011 1066
3 1565 4180 4312
3 1565 3667 3943
3 1565 3943 4180
3 4312 4180 3123
3 4180 3943 2469
3 2469 3943 156
3 3980 656 3012
3 656 4011 3012
3 4011 656 1066
3 4321 4489 3980
3 4321 1998 2610
3 2216 1574 4123
3 241 4489 4321
3 241 4321 3561
3 241 3561 990
3 4489 241 990
3 4321 2610 3561
3 564 3368 3448
3 3448 3368 3002
3 450 2279 4521
3 450 4521 3761
3 2560 4168 4524
3 2560 4524 4371
3 358 2558 4523
3 358 4523 4475
3 4181 4532 1446
3 997 1884 4522
3 997 4522 4058
3 3472 1983 4525
3 3472 4525 3010
3 3259 4297 4526
3 3259 4526 942
3 222 3832 4528
3 222 4528 1904
3 1744 2956 4530
3 1744 4530 3543
3 3791 2917 4527
3 3791 4527 4049
3 1102 3755 4529
3 1102 4529 3155
3 1063 3734 4531
3 1063 4531 3729
