ply
format ascii 1.0
comment Generated by PyMesh
element vertex 3134
property float x
property float y
property float z
property float charge
property float hbond
property float hphob
property float iface
property float nx
property float ny
property float nz
element face 6264
property list uchar int vertex_indices
end_header
39.488 -18.551 -27.336 0.260414 0 2.5 0 0.57546 0.375882 -0.726332
41.1055 -28.2405 -7.643 0.355151 0 3.80003 0 -0.0151016 0.141756 -0.989786
35.4025 -19.233 -5.5045 2.05626 0 1.79948 0 0.449198 0.263874 0.853576
15.777 -12.655 -5.0345 -0.399962 -0.00259309 -3.49821 0 -0.549777 0.833047 0.0614641
11.024 -27.174 -11.6485 -0.321149 0 -3.9 0 -0.251129 -0.450671 -0.856639
30.8775 -16.936 -2.912 0.808932 -0.650648 -3.9 0 0.847102 -0.0185112 0.531108
16.718 -16.7095 -23.834 -0.880763 0 2.8 0 -0.788011 0.183029 0.587826
18.76 -27.891 -30.294 -0.419002 -0.0121993 -4.46443 0 -0.0256224 0.233183 -0.972095
34.1395 -4.7865 -29.062 -0.897045 0 -3.5 0 0.571564 -0.649442 -0.501536
20.016 -18.878 -33.609 0.183398 0 -3.5 0 -0.677871 -0.733549 -0.0489447
24.1445 -9.167 -3.9245 0.309438 0 -1.6 0 -0.792727 0.458294 0.401932
27.059 -5.5 -15.781 0.0524611 0 -0.8 0 0.349402 0.595715 0.723216
29.9925 -9.064 -4.958 -0.695331 0 1.8 0 -0.300256 0.816411 0.493273
9.347 -27.051 -19.156 -0.236899 0 2.5 0 -0.958118 0.166808 0.232775
37.141 -3.9415 -23.758 -0.762693 -0.0251622 -1.6 0 0.350257 0.871234 -0.343906
15.583 -24.4995 4.6275 0.496927 0 -4.5 0 0.686975 -0.517197 0.510463
32.317 -3.573 -21.711 0.259284 0 -0.8 0 0.10714 0.322486 0.940491
13.819 -4.427 -17.598 -0.661518 0 -3.2 0 -0.699986 0.299851 -0.648158
26.361 -32.951 -28.86 -0.181741 0 3.8 0 0.109833 -0.612813 -0.782558
40.2865 -30.03 -4.7305 0.603094 0 4.5 0 0.280212 -0.665599 0.691707
31.391 -34.007 -21.884 0.0879401 0 4.2 0 0.679065 -0.505915 -0.531904
18.1205 -3.631 -9.096 0.141528 0 1.9 0 -0.119145 0.567871 0.814449
21.467 -8.015 4.794 -1.40316 0 -3.5 0 0.0787051 0.882289 0.464081
40.059 -29.5035 -3.7595 0.67637 0.820246 3.8 0 0.0285066 -0.690433 0.722834
19.7825 -34.711 -21.5095 -0.680605 0 -3.5 0 -0.733605 -0.661502 -0.155689
35.3095 -20.5355 -2.572 0.993679 0 -3.5 0 0.34795 0.871654 0.345181
22.82 -12.44 -33.678 -0.229776 0 1.8 0 -0.663467 0.205229 -0.719508
9.9515 -31.138 -17.0415 -0.948569 -0.138757 2.8 0 -0.790155 -0.093629 -0.605714
12.5725 -23.089 0.537 0.567365 0.41255 -4.5 0 -0.475237 0.497355 -0.725802
31.0025 -6.4555 -15.0675 -0.598155 0 -3.9 0 0.664843 0.695774 0.271813
8.502 -18.5835 -10.0815 0.0712423 0 -4.5 0 -0.816349 0.275866 -0.507417
20.551 -11.399 -21.008 -0.426577 -0.648707 1.9 0 -0.933706 0.346253 -0.0911181
25.3835 -32.88 -5.9245 2.03815 0.0327507 -3.9 0 0.224187 -0.543816 -0.808705
18.9285 -25.5925 -2.55 -0.0695931 0 2.5 0 0.608485 -0.206978 0.766098
34.64 -7.652 -12.493 0.00219011 0 2.5 0 -0.0905852 0.747297 -0.658286
20.225 -10.6855 -18.2545 -0.779394 0 -3.5 0 -0.946421 -0.230167 -0.226516
32.4955 -15.6755 3.792 0.932116 0.566003 -4.5 0 0.491453 0.716023 0.495768
28.716 -30.468 -2.159 -0.234803 0 -1.6 0 0.460538 -0.848965 0.259158
9.7275 -25.85 -13.5275 -1.33563 -0.67108 -0.4 0 -0.681971 -0.640709 -0.352715
32.399 -22.952 0.157 0.664873 0.0627359 -3.5 0 0.12467 0.093586 0.987775
33.9945 -19.6675 -29.517 -0.0407171 0 -1.39963 0 0.642013 0.512928 -0.569846
35.267 -10.408 -15.0005 0.694508 0.159571 -2.82431 0 0.212127 0.948378 0.235756
11.867 -11.754 -10.641 -0.811969 -0.12054 -3.5 0 -0.797201 0.447588 -0.405136
11.405 -30.31 -13.4545 -0.896673 -0.184922 0.452492 0 -0.612254 0.365923 0.700889
35.595 -31.3295 -21.281 -0.720138 -0.041706 1.9 0 0.148792 -0.942529 -0.299166
36.743 -4.4635 -7.708 -0.873965 -0.2353 -3.5 0 0.344651 0.476934 -0.808548
22.158 -14.2805 8.077 -0.290578 0 2.5 0 -0.542025 0.429934 0.722056
36.3225 -9.0625 -16.462 1.14141 0.178816 -3.5 0 -0.0605366 0.656225 0.752133
38.1615 -13.407 -4.3775 0.790254 0 -0.4 0 0.509106 -0.649658 0.564585
26.351 -2.883 -32.877 -1.07067 -0.0840834 -3.5 0 -0.500656 0.628453 -0.595306
34.587 -25.267 -24.064 1.03573 0 -3.57261 0 0.356961 -0.916286 0.181654
35.6665 -7.205 -17.9445 1.50947 0.333001 -3.9 0 0.488947 0.608998 0.624542
7.7625 -20.9965 -7.4075 0.519891 0 -4.5 0 -0.738927 -0.660158 -0.134826
22.0105 -36.432 -14.818 -0.987362 -0.816657 -3.5 0 -0.2889 -0.794734 0.533792
30.4835 -10.9905 1.3465 1.11718 0.8435 -0.9 0 0.769128 0.360363 0.527807
23.352 -7.909 -29.284 -0.0981307 0 -3.9 0 -0.407801 0.243684 -0.879953
26.739 -7.094 1.197 -0.36985 -0.726951 -3.5 0 0.388714 0.704162 -0.594186
14.478 -24.0655 -27.82 -0.370973 -0.0688015 1.8 0 -0.682732 0.693604 -0.229762
38.679 -24.264 -26.963 -0.290049 -0 -0.4 0 0.430249 -0.902595 0.0144562
45.093 -26.545 -7.396 0.309061 0 3.8 0 0.64838 0.7085 -0.278622
9.732 -16.335 -13.364 -1.02782 -0.655396 -3.9 0 -0.995675 0.059701 -0.071188
24.271 -7.094 -28.9815 0.241387 0 -3.9 0 -0.393934 0.390196 -0.832204
44.011 -14.3955 -21.1715 -0.193167 -0.676935 -0.4 0 0.82668 -0.235044 -0.511228
18.9055 -2.62775 -21.2542 -0.706969 -0.137598 -3.5 0 -0.857199 0.514985 -0.00103723
25.2307 -7.0395 -31.1042 -0.188074 0 -3.5 0 -0.966769 0.142873 -0.212004
40.738 -7.038 -22.545 0.213463 0 -1.6 0 0.863011 0.505066 -0.0109522
46.434 -6.403 -17.224 2.94877 0 -3.9 0 0.718814 0.0627978 0.692361
22.949 -33.607 -3.221 2.89244 0 -3.9 0 -0.611638 -0.388161 0.689369
33.3215 -18.7568 -30.897 -1.25232 -0.502644 -1.3 0 0.918464 0.311181 -0.244111
19.5147 -29.106 -5.55125 -0.0121848 0 4.2 0 -0.181676 -0.327388 0.92726
8.1635 -19.394 -15.5465 0.0173553 0 2.8 0 -0.966085 0.174855 0.190014
40.1395 -29.0268 -18.2615 0.836513 0 1.9 0 0.645644 -0.175175 0.743275
10.8405 -26.401 -4.53 -0.163141 -0.0214355 -3.5 0 -0.700817 -0.242195 0.670967
34.988 -24.1243 -28.1252 0.830448 0.981673 4.2 0 0.588629 -0.662854 -0.462753
29.6938 -13.1628 4.183 -0.206217 -0.960366 -3.5 0 0.7797 -0.194907 0.595045
19.7153 -3.29225 -24.1876 -1.05158 0 -3.5 0 -0.227317 0.783914 -0.577759
31.4849 -14.8464 -0.361 0.65235 0 -0.9 0 0.952567 -0.0960019 -0.288789
26.9995 -7.6455 3.282 3.03268 -0.0494237 -3.5 0 0.299461 0.725021 0.620216
25.4705 -17.6825 4.7205 0.160772 0 -4.5 0 -0.153382 -0.47164 0.868349
40.582 -24.396 -23.18 3.18799 0 -3.9 0 0.668124 0.0560005 -0.741939
36.103 -30.4324 -8.75138 0.58383 0 4.5 0 -0.728326 0.443484 -0.522363
12.8643 -15.349 -15.69 0.536921 0 -3.9 0 -0.577921 -0.628988 -0.519982
17.7027 -11.5273 -16.14 -0.292118 0 4.2 0 -0.0954104 -0.092733 -0.991109
36.853 -9.636 -27.4533 0.0784458 0.0923572 -3.5 0 -0.850582 0.520981 -0.071338
33.2565 -32.9344 -16.4624 -0.830077 0 -3.5 0 0.207536 -0.978156 -0.011808
33.851 -22.333 0.343 0.988464 0 -3.5 0 0.104902 0.216901 0.970541
9.9045 -15.8857 -10.05 -1.67469 -0.203169 -3.5 0 -0.955333 0.174887 -0.238231
23.0715 -38.294 -20.927 0.152344 0 -3.9 0 -0.209097 -0.517858 -0.829519
22.4906 -8.55125 5.05288 -0.836366 0 -3.5 0 0.124293 0.841321 0.526052
15.8702 -3.732 -13.7875 -0.102621 -0.0525976 1.4319 0 -0.705598 0.596889 0.38191
18.6707 -16.6875 -33.855 1.79833 0 -3.9 0 -0.114991 -0.223142 -0.96798
26.4827 -5.0505 -33.2025 -1.19144 -0.0617793 -3.5 0 -0.447334 -0.0229336 -0.894073
13.4765 -13.5098 -5.78 -1.14312 0 -3.4465 0 -0.42748 0.390578 0.815297
40.6879 -7.552 -24.3959 0.140118 0 -1.6 0 0.945373 0.2825 -0.162678
36.1865 -8.9485 -0.141 -0.636207 0 -3.5 0 -0.563984 0.0777618 0.822116
39.92 -20.802 -23.7738 1.46909 0.0150577 1.7241 0 0.839268 -0.334374 0.428746
12.736 -24.171 4.7065 0.387741 0.310404 -4.5 0 -0.74279 -0.0784948 0.664908
32.06 -8.66425 -3.881 0.0861328 -0.395437 -3.5 0 -0.741375 0.670657 0.0241138
23.9885 -29.1075 0.8145 0.357798 0 -1.6 0 -0.550195 -0.737035 0.39251
23.828 -18.9328 3.051 -1.36261 -0.142407 -4.5 0 -0.187288 -0.951042 0.245849
37.5495 -7.8715 -16.643 0.559308 0 -3.5 0 0.0132619 0.676172 0.736624
32.897 -11.033 -26.74 -1.96464 -0.90493 -0.8 0 0.248441 0.920369 -0.301991
10.0625 -24.9505 -26.38 -0.137539 0 -3.5 0 0.273469 0.525503 -0.805644
14.5705 -36.483 -11.9105 -0.122235 0 -3.2 0 -0.945297 -0.32457 0.0326737
28.2773 -2.9605 -28.3838 -0.0380895 0 -3.5 0 0.364893 0.354088 -0.861089
19.3083 -15.2895 -31.3962 2.09961 0.544121 -3.9 0 0.359037 0.908737 -0.212812
35.8413 -28.9823 -17.2895 1.18853 0.0391802 1.71684 0 0.544177 -0.379069 0.74845
27.8522 -35.5965 -18.03 0.759767 0.365388 -0.752202 0 -0.11812 -0.213759 0.969719
39.2923 -24.2362 -13.727 1.05342 0 -3.9 0 0.262423 -0.795495 -0.546189
16.526 -14.7773 -22.5535 -1.15221 -0.00257624 -3.5 0 -0.763955 0.0292072 -0.644608
34.037 -16.2995 -30.1647 -0.153244 0 2.8 0 0.692455 -0.456518 -0.558657
29.7197 -10.5755 4.70725 -0.910845 -0.820425 -3.5 0 0.687077 0.488 0.538313
32.397 -25.4575 3.0195 1.62178 0.700534 -3.9 0 0.615716 0.567795 0.546353
37.1795 -30.4885 -17.981 0.47785 0 1.9 0 0.0543613 -0.814518 0.577586
35.8335 -29.812 -7.9925 0.624517 0 4.5 0 -0.828149 0.327716 -0.454721
27.8585 -24.029 1.3765 -0.836403 -0.0842002 4.5 0 -0.188214 -0.0382406 0.981383
14.921 -31.5985 -10.559 -0.177438 0 -1.3 0 -0.71913 0.00596281 0.69485
28.4595 -20.179 3.538 0.58973 0.311814 -4.11268 0 -0.321409 -0.782535 0.533231
42.268 -8.823 -22.062 -0.0620442 0 -3.9 0 0.52752 0.559506 -0.639277
35.0695 -28.882 -3.8645 -0.763884 -0.0524145 -0.4 0 -0.418813 -0.805261 0.419703
15.8923 -17.9405 -24.311 -0.0563535 0 -3.2 0 -0.717816 0.281166 0.636935
8.5 -27.2255 -6.95725 1.70443 0 -3.9 0 -0.510306 0.42859 0.745586
27.3075 -9.478 0.368 1.71295 0 -0.9 0 -0.0828431 0.697515 -0.711765
14.4963 -7.66225 -18.1045 0.053113 0 -3.2 0 -0.189138 -0.524352 -0.83023
41.6413 -10.4059 -23.6186 -1.37858 -0.16538 -3.9 0 0.654707 0.0768833 -0.751962
15.099 -36.2673 -19.854 0.0665416 0 -1.6 0 -0.623445 -0.286013 -0.727677
26.62 -3.157 -22.355 0.0984528 0 -3.5 0 -0.556212 0.799839 -0.225578
10.6675 -33.4238 -13.223 -1.41117 -0.702778 2.8 0 -0.256599 -0.403497 0.878264
44.428 -13.04 -22.0093 -1.08977 -0.403646 -0.4 0 0.844091 -0.0179973 -0.535898
43.8838 -17.3062 -15.6473 0.539779 0 -0.9 0 0.623118 0.576428 0.528635
37.7007 -13.824 -29.0777 -0.210661 0 -3.5 0 -0.160729 -0.230386 -0.959733
9.943 -19.6695 -4.85125 0.636027 0.0540392 -4.5 0 -0.0355653 -0.49197 0.869886
12.774 -15.3518 -5.7775 -0.0874831 0 -3.2619 0 -0.194285 0.212135 0.957733
16.817 -21.3005 -26.714 0.0476233 0 -3.2 0 -0.548693 0.271349 -0.790763
10.7495 -25.246 -7.383 -0.518966 0 -3.89975 0 -0.742143 0.612094 -0.273065
20.6831 -13.8369 -27.9522 -1.40459 -0.028828 4.2 0 0.00701841 0.959379 0.282034
17.3246 -2.01475 -15.4995 0.262303 0.0768281 -1.07029 0 -0.338919 0.92124 0.190922
40.007 -25.016 -19.882 2.95587 0 -3.9 0 0.558643 -0.0225653 0.829101
21.657 -8.552 -26.052 0.186391 0 -3.9 0 -0.511992 -0.846397 0.146551
20.5335 -10.2615 3.052 -1.24453 -0.00578216 -3.5 0 -0.79092 -0.520934 -0.32105
31.3715 -25.4605 3.1525 2.89258 0 -3.9 0 -0.0776967 0.692855 0.716879
33.345 -27.3423 0.63775 0.715462 0 -3.9 0 0.891284 -0.347717 0.291044
40.2002 -28.6413 -3.22725 1.48634 0.379887 3.8 0 0.0203601 -0.537147 0.843243
22.6015 -8.1665 2.6755 -0.884791 0 -3.5 0 -0.0782228 0.996902 0.00823634
12.029 -14.7207 -15.7808 0.829996 0 -3.9 0 -0.573608 -0.685171 -0.448904
22.4405 -1.05925 -17.6085 0.126077 0 -0.4 0 0.48321 0.859964 0.164227
15.019 -35.973 -8.219 -0.395243 0 -3.2 0 -0.74743 0.187523 0.637325
14.069 -12.145 -19.2 2.44852 0 -3.9 0 0.043778 0.552192 -0.832567
43.4305 -13.817 -22.5315 -0.71194 -0.42513 -0.4 0 0.605576 -0.267847 -0.749357
36.2845 -6.562 -1.6355 -0.0623125 0 -3.5 0 -0.0175108 0.942013 0.335119
23.2698 -33.7815 -24.3165 -1.15178 -0.659449 -3.5 0 0.511538 -0.812535 -0.279492
29.7208 -29.8932 -10.0597 0.107583 -0.769084 -4.5 0 0.389944 -0.615157 0.68522
24.6715 -6.902 2.2805 -0.944747 -0.72469 -3.5 0 -0.642164 0.76069 0.0947403
20.392 -15.0325 -30.331 -0.231504 -0.0777456 4.2 0 -0.109712 0.808052 -0.578805
13.76 -28.3 -27.663 -0.346723 0 -4.5 0 -0.93304 -0.124174 -0.337664
17.5033 -2.51625 -12.993 0.814766 0.0230527 1.9 0 -0.276012 0.96058 0.0332208
26.1178 -5.648 -15.45 -0.0447074 0 -0.8 0 0.313653 0.37041 0.87431
33.5775 -9.03225 -15.7945 0.191101 0 -3.0684 0 0.604762 0.634713 0.481043
32.0933 -19.0928 -0.043625 0.829305 0 4.5 0 0.893983 0.410524 -0.179622
15.496 -24.5697 -30.6945 -0.0116367 0 1.8 0 -0.733939 0.146375 -0.663255
14.075 -35.647 -12.206 -0.569195 0 -3.2 0 -0.877899 -0.452044 0.157953
38.8445 -9.67875 -10.823 0.622213 0.569578 -3.5 0 0.615033 0.782125 0.100076
37.3205 -5.796 -21.4165 0.874905 0 -1.6 0 0.427752 0.630542 0.647646
20.824 -15.097 -33.065 0.126043 0 -3.5 0 -0.496456 0.842017 -0.211043
39.14 -19.4317 -4.889 0.788465 0 1.8 0 0.364868 0.225215 0.90341
18.644 -2.5 -13.243 0.386285 0 1.9 0 0.0396897 0.986884 0.156476
14.266 -10.064 -14.308 0.0659464 0 4.2 0 -0.893275 0.439831 -0.0927851
20.302 -14.5393 5.5765 -0.171151 0 2.5 0 -0.853996 0.50431 0.127913
20.2598 -34.0477 -9.10125 -0.925815 -0.0478844 -1.3 0 0.491948 -0.831052 0.259498
29.696 -1.63 -27.38 0.0491995 0.264679 -0.8 0 0.0512342 0.778281 -0.625822
23.1957 -10.0642 -6.80225 0.265378 0 -1.6 0 -0.437912 0.841629 0.316059
31.825 -20.2685 3.611 0.920858 0.526951 -4.5 0 0.655544 -0.70562 0.269002
14.227 -33.051 -23.297 -0.0850027 0 -1.3 0 -0.839338 -0.54037 -0.0592696
19.923 -15.602 6.0185 -0.149521 0 2.5 0 -0.88993 0.0715395 0.450452
10.492 -29.1385 -10.6573 0.0388134 0 -3.9 0 -0.245465 -0.666935 -0.703523
29.852 -21.0925 -33.219 -0.681436 0 -3.10684 0 -0.529901 0.164473 -0.831958
18.3662 -7.10775 -23.775 -1.60823 -0.186694 -3.5 0 -0.56628 -0.82421 0.00235828
25.8895 -25.6443 -30.217 -0.209625 0 -0.7 0 -0.0750663 -0.763176 -0.641816
41.333 -21.4085 -16.3535 0.411359 0 -0.9 0 0.679205 -0.726753 0.102521
43.1855 -16.1185 -24.2 0.332425 0.388578 -3.5 0 0.611095 0.302287 -0.731564
15.1965 -14.7785 -30.7234 0.648516 0 -3.9 0 -0.893245 0.432772 0.12174
33.358 -11.499 -29.645 -0.536529 0 2.8 0 0.638028 0.766302 0.0755132
14.5472 -21.6875 0.53225 0.879941 0.318025 -4.5 0 -0.57757 0.534629 -0.616916
35.8035 -4.0405 -23.82 -0.245065 -0.441684 -1.00701 0 0.156116 0.984154 0.084075
25.546 -36.079 -12.216 2.41408 0 -3.9 0 -0.553795 -0.706397 0.440811
16.4685 -21.73 -2.6215 -0.377406 0 -0.8 0 -0.741569 -0.570722 0.352634
37.4461 -24.4696 -27.0675 -0.951837 -0.523333 -0.880943 0 -0.0101209 -0.971068 -0.238589
40.6147 -21.9235 -18.9579 0.426099 0 -0.9 0 0.695176 -0.713827 -0.0847425
13.192 -25.119 -28.297 -0.885898 -0.501439 1.8 0 -0.930123 0.286223 -0.230104
8.41 -21.6532 -16.6798 -0.399284 0 2.8 0 -0.755181 -0.615313 0.226036
38.8483 -13.2635 -11.6058 0.738181 0 -3.5 0 0.77969 -0.135495 0.611331
40.348 -21.3925 -24.5058 1.30969 0.145108 -0.4 0 0.7876 -0.314803 0.529703
9.11175 -16.6917 -4.6665 -0.0339846 0 -4.5 0 -0.555372 0.157368 0.816576
23.4025 0.0805 -11.1945 1.47801 0.483585 -3.9 0 -0.375813 0.420384 0.825858
33.9645 -25.0065 -12.8918 1.39816 0 -0.4 0 0.769107 -0.410122 0.490178
17.0165 -22.351 -1.842 -0.958281 0 -2.59842 0 -0.983083 -0.178886 -0.0393318
7.48275 -27.0373 -27.8368 -1.56175 -0.149638 -3.5 0 0.190671 -0.556936 -0.808373
33.2523 -17.3585 -30.3293 -0.49674 -0.136394 2.23889 0 0.803915 -0.191046 -0.563225
13.9677 -27.9145 -4.367 0.703678 0.657446 -3.5 0 0.319741 -0.872405 0.369696
19.403 -2.471 -12.56 0.257752 0 1.9 0 -0.141226 0.984909 -0.100052
20.1755 -0.762 -17.0877 -0.547991 0 -0.4 0 -0.156211 0.983573 -0.0904526
15.525 -17.631 -25.5855 -0.02991 0 -3.52651 0 -0.987224 0.149417 0.0553428
33.6362 -6.714 -8.53 -0.0234883 0 -3.5 0 -0.276241 0.537022 -0.797056
33.4738 -8.792 -14.184 -0.303609 0 4.5 0 0.62671 0.747369 -0.220623
24.9815 -36.3543 -15.0913 -1.62733 -0.760377 -3.53716 0 0.695942 -0.694449 0.182773
15.903 -3.5815 -11.7865 0.0786581 0 1.9 0 -0.855216 0.423202 0.299173
17.647 -33.537 -21.719 -0.553948 -0 -1.3 0 0.202113 -0.978986 0.0271342
35.554 -8.392 -8.226 0.381112 0 -3.5 0 0.983976 -0.0965982 0.149869
23.517 -29.812 -3.599 0.508081 0 -3.9 0 -0.879822 0.141665 0.453701
24.5737 -35.393 -20.7215 1.45704 0.832292 -3.9 0 0.0990966 -0.343974 -0.933735
26.801 -24.9905 -32.371 -0.242241 0 -0.7 0 -0.539525 -0.374449 -0.754123
11.1705 -17.716 -15.0087 -0.742094 -0.474055 -3.9 0 0.225127 0.418354 -0.879942
38.561 -24.339 -15.427 1.10807 0 -1.6 0 0.882626 -0.465431 0.0659143
17.5385 -34.7293 -24.4765 -0.875139 -0.260607 -1.3 0 -0.287304 -0.943131 -0.167212
25.2065 -5.5725 -31.326 -0.444125 0 -3.5 0 -0.953353 0.301703 -0.00961199
32.1442 -14.026 1.26475 0.881247 0 -0.9 0 0.949809 0.275927 0.147401
32.3423 -32.2295 -27.0268 -1.51943 -0.662955 -3.5 0 0.530467 -0.540971 -0.652652
24.172 -10.3095 -33.4945 -0.129855 0 1.8 0 0.125255 0.424029 -0.896945
32.3462 -10.8287 -29.548 -0.484642 0 2.8 0 0.550083 0.822396 0.145169
30.508 -31.0385 -14.4725 -0.519833 -0.132218 -2.20855 0 -0.032194 -0.653257 0.756451
34.476 -3.7875 -29.692 -1.44545 -0.00992432 -3.5 0 0.603284 -0.406156 -0.686357
13.858 -21.45 -25.306 -0.156902 0 1.8 0 -0.301388 0.658784 -0.689325
31.4465 -33.4745 -25.4648 -1.07462 0 -3.5 0 0.459339 -0.886581 0.0545945
28.681 -6.881 -13.659 -0.219214 -0.149902 1.07439 0 -0.379327 0.846534 0.373486
18.501 -11.005 -16.6545 -0.469108 0 4.2 0 -0.403017 -0.300597 -0.864418
19.0713 -22.5135 1.39725 0.114417 0 -4.5 0 0.808557 -0.568264 0.152681
16.0112 -37.416 -12.7125 0.350651 0.0185175 -3.2 0 -0.0147209 -0.906074 -0.422863
21.8228 -28.8813 -5.38575 -0.558514 -0.229856 4.2 0 -0.40535 -0.393894 0.824948
33.1242 -29.4815 -27.3985 -0.187243 0 4.2 0 0.77604 -0.573538 -0.262327
32.464 -5.1995 -20.74 0.477517 7.64745e-05 -3.9 0 -0.347371 0.806816 0.477893
18.7612 -9.137 -19.4735 -0.67533 0 -3.5 0 -0.56992 -0.6112 -0.549205
19.3935 -7.2465 -23.7105 -2.36669 -0.159997 -3.5 0 -0.257783 -0.958823 -0.119188
9.58325 -17.0605 -9.68775 -0.361885 0 -3.89892 0 -0.83905 0.235095 -0.490638
30.192 -11.772 2.162 0.514093 0 -0.9 0 0.90098 0.263035 0.345034
14.2828 -37.0028 -9.1425 0.0602313 0 -3.2 0 -0.975625 -0.0250094 0.218017
34.258 -5.64525 -8.31725 -0.0496031 0 -3.5 0 -0.142945 0.511821 -0.847116
15.3665 -35.0805 -8.75225 -1.25385 0 -3.2 0 -0.712354 0.598834 0.365992
33.0467 -1.915 -29.9088 -1.56982 -0.82995 -3.5 0 -0.392835 0.691435 -0.6063
24.892 -29.729 0.626 0.517817 0 -1.6 0 -0.434945 -0.844786 0.311704
21.1637 -14.2405 3.82675 0.0370167 0 2.5 0 -0.775485 0.592938 -0.216903
35.912 -29.3818 -4.39575 -0.81768 -0.121104 -0.4 0 -0.176199 -0.900833 0.396804
25.4142 -9.80725 -15.5492 -0.331318 0 2.8 0 0.00204009 0.676567 0.736378
16.369 -19.8783 -21.122 0.255767 0.0542043 -1.38857 0 0.235144 0.94374 -0.232514
45.3815 -26.9608 -6.5205 0.284577 0 3.8 0 0.838834 0.490141 -0.236896
31.972 -8.2265 -9.942 0.27156 0.820589 2.5 0 -0.485471 0.87266 -0.0527559
34.6175 -5.6385 -3.5625 -0.857822 -0.0679767 -3.5 0 -0.298824 0.404001 0.864573
24.579 -22.68 -30.469 -0.319467 0 4.2 0 -0.185532 -0.066513 -0.980385
18.4417 -5.714 -27.672 1.24908 0.854966 -3.9 0 -0.931095 -0.123216 -0.343336
21.5465 -14.7645 -30.602 0.441507 -0.119445 -0.277122 0 -0.643024 0.686871 -0.338714
22.3337 -38.777 -20.07 0.139662 0 -3.9 0 -0.390847 -0.749929 -0.533709
45.828 -29.171 -7.16025 0.248904 0 3.8 0 0.927443 -0.324803 -0.185343
10.8678 -26.1535 -12.69 -0.831608 -0.00362781 -0.4 0 -0.229538 -0.900189 -0.370097
41.69 -11.051 -26.795 -0.826062 -0.266723 -3.5 0 0.97805 0.0822278 0.191459
21.712 -11.779 3.447 -0.852954 0 -3.5 0 -0.900892 -0.407377 -0.149795
31.2215 -28.5555 -1.511 0.474613 0 -3.9 0 0.194303 -0.973896 0.117361
21.932 -14.107 -28.7115 -0.271307 0 4.2 0 -0.0966987 0.984 0.149643
39.7535 -25.8095 -11.039 0.783471 0 -3.9 0 0.283744 -0.918404 -0.275725
32.381 -32.5295 -24.9653 -0.704072 0 -3.5 0 0.648388 -0.688546 0.324803
26.6553 -33.441 -28.0155 -0.172335 0 3.8 0 0.21825 -0.934669 -0.280643
12.6565 -17.671 -19.9163 0.911436 0.279944 -4.5 0 -0.0961471 0.965341 -0.242635
11.4335 -20.6665 -22.236 -0.0727877 0 -4.5 0 -0.271885 0.374426 -0.886501
29.945 -24.854 -31.554 -0.711401 0 -0.7 0 0.45471 -0.794122 -0.403248
14.866 -33.243 -20.011 -0.106359 0 2.8 0 -0.681602 -0.553348 -0.478774
17.764 -13.3103 -17.0327 -0.844364 0 -1.78813 0 -0.22976 0.832893 -0.503486
37.1958 -28.279 -3.66775 -0.280842 -0.582028 -0.4 0 0.151731 -0.361388 0.919987
22.3965 0.21175 -13.7282 1.6776 0.161932 -3.9 0 -0.569829 0.786037 -0.239667
26.2975 -9.836 -15.0775 -0.866768 -0.324894 1.15925 0 -0.69484 0.577116 0.429109
35.6942 -9.00125 -7.32525 0.606964 0.0287658 -3.5 0 0.939135 0.195501 -0.282496
14.99 -2.41975 -15.6547 0.102031 0 -3.2 0 -0.244519 0.925111 0.290481
29.7055 -5.2725 -17.5613 0.314757 0.56663 -3.57693 0 0.481889 0.784437 0.390437
34.041 -25.312 -1.12475 -0.112082 -0.967328 -3.50762 0 0.835161 -0.338926 0.433169
42.003 -12.5765 -22.789 -0.498488 -0.0670132 -2.09826 0 0.460608 0.110574 -0.880689
20.759 -14.1135 -2.054 -0.698539 0 1.8 0 -0.241973 0.933839 0.263428
33.646 -4.44 -4.918 -1.01075 -0 -3.5 0 -0.775908 0.593623 0.21349
17.1485 -6.3565 -20.5025 -1.49476 -0.476256 -3.5 0 -0.677182 0.0493263 -0.73416
29.473 -26.1605 -30.708 -0.671585 -0.92246 -0.7 0 0.313555 -0.753173 -0.578285
16.0947 -20.5942 0.02575 0.427625 0 -4.5 0 -0.953699 0.23815 -0.18369
28.4498 -13.2537 -33.0935 -0.342408 0 -0.4 0 0.902023 0.224686 -0.368606
18.148 -19.2325 3.325 -0.0485227 0 -4.5 0 -0.0669172 0.170717 0.983045
11.7375 -18.8265 -18.2735 0.365073 0.00390144 -4.5 0 -0.162392 0.869298 0.46685
23.149 -11.661 -2.8655 0.312443 0 2.8 0 -0.322048 0.816723 0.478799
36.6525 -11.4315 -2.634 0.492295 -0.0648473 -0.844863 0 -0.0404907 -0.829348 0.557263
20.276 -22.152 -2.799 0.0203314 0 -0.9 0 -0.0698742 -0.898823 0.432705
28.298 -32.252 -10.9375 0.716045 0 -3.9 0 0.801822 -0.340356 0.491161
13.7423 -25.621 -29.426 -1.01025 -0.132245 1.8 0 -0.67593 -0.0073595 -0.736929
43.9935 -16.453 -23.451 0.705673 0.551988 -3.5 0 0.953723 0.135028 -0.268661
30.3995 -11.2935 4.102 -0.378418 -0.28531 -3.5 0 0.937574 0.222686 0.267144
17.7685 -6.2825 -23.698 -1.39985 -0.0508084 -3.5 0 -0.983241 -0.17704 -0.0435141
36.1753 -5.5475 -7.89525 -1.21055 -0.710749 -3.5 0 0.307889 0.191128 -0.932027
21.182 -20.383 -35.393 0.0985412 0.762931 -3.5 0 -0.328322 -0.943861 -0.0364853
24.4185 0.00275 -29.0187 -1.81583 0 -3.5 0 -0.926493 0.35131 -0.134879
36.2205 -9.322 -6.466 0.964462 0.601592 -3.5 0 0.768863 0.288335 -0.570712
17.169 -13.346 -31.993 0.306247 0 -3.9 0 0.108923 0.925797 -0.361989
18.8475 -22.6513 -1.962 -0.934886 -0.019203 -4.5 0 0.67582 -0.687432 0.265905
25.8705 -34.3302 -17.1248 -0.71004 -0.154583 4.2 0 0.603346 -0.621924 0.499183
38.482 -12.9125 -10.364 0.495066 0 -3.5 0 0.940582 -0.249024 0.230851
25.8455 -25.3853 1.504 0.428678 0 -1.6 0 0.159562 0.499582 0.851445
23.058 -14.533 8.4465 -0.241635 0 2.5 0 0.214125 0.331428 0.918861
35.487 -6.731 -11.153 -0.100914 0 2.5 0 0.173486 0.983939 -0.042022
28.0215 -36.384 -21.2803 1.23254 0.367303 -3.9 0 0.211863 -0.0274338 -0.976914
40.819 -29.8307 -22.1558 0.545202 0 1.9 0 0.963388 -0.168686 -0.208398
13.159 -23.123 -26.308 -0.0480746 0 1.8 0 -0.352447 0.345106 -0.869875
32.4432 -0.9205 -23.7852 -0.00379416 0 -0.8 0 0.403877 0.782784 0.473426
24.051 -8.99875 -30.2033 -0.417127 0 -1.34554 0 -0.610093 0.676915 -0.411793
27.522 1.173 -26.95 -1.22486 -0.125546 -3.5 0 0.695937 0.680922 0.228071
30.199 -27.9975 1.21 2.46254 0 -3.9 0 -0.422289 -0.86388 0.274558
12.9008 -27.33 -13.2448 -0.722919 0 4.2 0 -0.933091 -0.223306 -0.281915
37.7262 -31.8097 -5.47375 0.298748 0 4.5 0 0.0391496 -0.604486 0.795654
37.222 -26.5805 -14.498 0.894304 0 -1.6 0 0.59531 -0.648419 0.474509
9.89125 -25.5683 -6.973 -0.119439 -0.0825581 -3.70356 0 -0.676263 0.716996 -0.169069
16.6895 -13.3162 -18.9202 -1.0447 0.00423266 -3.52187 0 0.134418 0.990577 -0.0262506
15.944 -38.099 -8.2655 0.577021 0 -3.2 0 -0.135154 -0.807162 0.57465
16.7547 -27.02 -4.0815 -0.093247 0 2.5 0 -0.157698 -0.873758 0.460085
23.328 -24.8072 -3.6205 0.397935 0 -3.5 0 -0.708053 -0.509945 0.488484
31.9061 -14.2331 -31.5909 -0.822981 0 2.8 0 -0.426767 -0.260805 -0.865939
35.491 -4.58 -21.767 0.351883 0.0418307 -2.89652 0 0.126899 0.912315 0.38933
36.606 -17.8778 -27.6817 -0.185372 0.28853 0.899967 0 0.369045 0.106582 -0.92328
34.6017 -4.45975 -21.2785 0.770631 0.694274 -3.9 0 0.183952 0.966119 0.181039
15.8645 -17.0305 -31.7975 1.49414 0 -3.9 0 -0.74358 -0.54918 -0.381433
33.263 -18.4755 2.1665 1.03904 0.747155 -4.5 0 0.878963 -0.307877 -0.364191
34.692 -20.703 -1.6525 1.06959 0.336546 -3.5 0 0.298143 0.890226 0.344396
25.2197 -0.01475 -13.9925 2.71806 0.0440957 -3.9 0 0.759208 0.443779 -0.476092
37.1785 -9.85375 -6.03875 0.748016 0.0334544 -0.521873 0 0.514633 0.631213 -0.580278
23.9445 -28.4583 1.60175 0.327079 0 -1.6 0 -0.681107 -0.291369 0.671712
38.9292 -26.0985 -18.4193 0.969039 0 0.0286966 0 0.74082 0.138275 0.657317
14.9045 -13.1665 -3.7065 -0.268854 0 -3.5 0 -0.875652 0.400967 0.269182
34.852 -2.0795 -28.3193 -1.38968 -0.718003 -3.5 0 0.74074 0.62499 0.246356
8.1285 -20.456 -15.7105 -0.353983 0 2.8 0 -0.9278 -0.250453 0.276516
29.496 -9.6145 2.5785 6.82589 0 -3.5 0 0.979514 0.194243 0.0531131
28.8735 -31.3463 -13.2835 -0.135703 0 -3.30265 0 0.865197 -0.478765 0.14906
10.6235 -24.177 -20.1642 -0.0825385 -0.157748 0.696175 0 -0.967935 0.215114 0.129722
23.326 -27.0145 -31.043 -0.375834 0 -3.5 0 0.316556 -0.00184643 -0.948572
25.862 -30.151 -28.952 -0.282321 0 3.8 0 -0.024545 0.203038 -0.978863
27.396 -2.408 -20.5025 0.262358 0.599403 -3.5 0 -0.224061 0.973465 -0.0465012
19.2725 -34.521 -9.946 -0.120311 0 -2.23328 0 0.718101 -0.690406 0.0875824
13.6725 -24.179 -3.2465 0.188465 0 -3.5 0 -0.111708 0.216355 0.969903
9.1195 -31.0065 -16.485 -1.65351 -0.0801311 2.8 0 -0.769253 0.0386818 -0.637773
20.2358 -5.0305 -8.84525 -0.696138 0 1.9 0 0.223156 0.216645 0.950403
30.3908 -6.15175 -14.321 -0.476038 -0.319828 -3.9 0 0.295508 0.801022 0.520615
39.8835 -13.019 -12.318 0.515912 0 -3.5 0 0.75273 -0.0285828 0.657708
43.4495 -26.5355 -7.89975 0.370626 0 3.8 0 0.071402 0.686823 -0.723309
40.417 -9.39975 -27.1472 -0.618717 -0.200697 -3.5 0 0.826181 0.559158 -0.0690448
27.296 -38.676 -20.64 1.67213 0 -3.9 0 0.566095 -0.5303 -0.631125
40.9805 -14.15 -27.482 -0.113891 0 -3.5 0 0.887582 -0.195356 -0.417173
43.3865 -16.5732 -16.424 0.427372 0 -0.637636 0 0.526776 0.589669 0.612208
41.2217 -11.2865 -17.379 0.592861 0.155789 -3.7002 0 0.64076 0.21487 0.73706
8.0205 -26.4102 -20.6022 -1.31901 -0.353135 -3.5 0 -0.574305 0.240295 0.78258
34.4432 -16.469 -4.11225 2.66405 0.500576 -3.9 0 0.156602 0.279203 0.947376
39.491 -32.3228 -8.6165 0.305926 0 4.5 0 0.676867 -0.643318 -0.35776
41.0255 -19.1415 -13.8345 -0.269149 0 -3.62504 0 0.806373 0.186149 0.561348
19.0085 -13.8083 -1.04275 -0.666744 0 -3.33969 0 0.405266 0.887992 0.217324
17.4784 -7.05312 -7.738 -0.502967 -0.133432 -0.8 0 -0.241395 0.810986 0.532944
43.0662 -7.58225 -16.7259 0.656011 0 -3.9 0 -0.530101 0.166128 0.831501
5.30475 -25.8803 -25.7847 -1.55461 0 -3.5 0 -0.777996 0.609061 0.154169
35.2573 -19.8555 -28.993 0.225962 0 -0.7 0 0.545441 0.304231 -0.780985
11.2452 -13.8462 -15.942 0.217944 0 -3.9 0 -0.82023 -0.264146 -0.507395
32.1403 -23.2278 -34.06 -1.32401 -0.568202 -3.5 0 0.0339786 -0.686143 -0.726673
12.1608 -23.0155 2.36 -0.158082 0 -4.5 0 -0.690657 0.709743 0.138775
32.1995 -11.2385 -31.779 -0.155698 0 2.8 0 0.176249 0.53413 -0.826826
8.586 -19.1715 -18.177 0.115262 0 2.8 0 -0.53411 0.704892 -0.466749
7.5005 -20.7725 -6.2115 0.284369 0 -4.5 0 -0.695891 -0.591142 0.407783
27.5168 -29.706 0.49325 0.631854 0 -1.6 0 0.689383 -0.488982 0.53446
30.6362 -30.2008 -10.516 -0.742714 -0.439872 -4.5 0 0.510896 -0.611056 0.604645
8.22225 -17.6873 -5.31475 0.163836 0 -4.5 0 -0.634413 -0.0867055 0.768116
30.1978 -18.9363 -32.9897 -0.712397 0 -1.3 0 0.0324872 0.358155 -0.933097
15.9445 -28.8188 -5.65475 -1.29331 -0.0532198 -3.5 0 -0.227183 -0.820719 0.524222
42.9095 -20.4853 -16.0145 0.270035 0 -0.9 0 0.630215 -0.703254 0.329034
31.7875 -8.28675 -2.6015 0.753972 0.0412362 -3.53116 0 -0.557014 0.828283 0.0606882
23.2515 -18.1922 4.81225 -0.0888357 -0.368433 -1.14428 0 -0.0128876 -0.843521 0.536941
39.7682 -30.8645 -22.7605 0.63206 0 1.9 0 0.284789 -0.84729 -0.448325
12.9825 -25.1857 4.08825 0.444454 0.389675 -4.5 0 -0.376153 -0.821148 0.429214
40.4453 -31.8325 -8.26975 0.312542 0 4.5 0 0.602755 -0.667978 -0.436455
8.4345 -19.8455 -9.4125 0.533358 0 -4.5 0 -0.918867 0.00596962 -0.394522
18.8265 -26.408 -30.269 -0.409539 -0.00673584 1.75548 0 0.108578 -0.175068 -0.978551
12.6245 -34.0235 -16.5375 -0.593225 -0.898792 -1.35925 0 -0.605727 -0.708607 -0.361899
15.0085 -25.1045 -29.98 -0.00367521 -0.0699549 1.8 0 -0.643271 0.0403052 -0.764577
30.5465 -20.271 -33.4975 -0.953039 -0.241125 -2.4242 0 -0.271646 0.458089 -0.846382
26.696 -6.713 2.3615 -0.558754 -0.550568 -3.5 0 0.299186 0.912004 0.2806
44.2375 -18.223 -15.2725 0.498199 0 -0.9 0 0.640203 0.119739 0.758816
40.4505 -19.0155 -12.9373 0.245458 0 -0.506822 0 0.847411 0.105284 0.520394
13.422 -26.2768 -26.332 0.202496 0.101375 -1.74332 0 -0.944685 -0.140598 -0.296315
20.0362 -37.3625 -18.7447 -0.691425 -0.627618 -3.9 0 -0.39933 -0.901653 -0.166003
41.2575 -23.641 -11.7025 0.615063 0 -3.9 0 0.913401 -0.302008 -0.272929
13.4707 -20.8272 -5.08275 0.119032 0 -3.34748 0 -0.728106 -0.0295531 0.684827
19.012 -35.8817 -15.3975 0.0188573 -0.324659 -3.67019 0 -0.132505 -0.976278 0.171239
31.1518 -3.0155 -29.801 -0.609624 0 -3.5 0 -0.35884 0.702613 -0.614466
38.2622 -30.8223 -5.24975 0.40818 0 4.5 0 0.0440356 -0.542414 0.838956
44.2523 -26.1583 -6.8215 0.324518 0 3.8 0 0.362132 0.834264 -0.415769
20.9275 -13.4633 -24.346 -0.504863 -0.10363 2.3447 0 -0.4217 0.698623 -0.57801
37.362 -27.3705 -17.1213 1.68619 0.529423 1.9 0 0.724849 -0.341283 0.598431
40.4385 -30.827 -21.6765 0.359796 0 1.9 0 0.712031 -0.689256 0.133934
27.5938 -39.1525 -19.6052 0.815025 0 -3.9 0 0.823243 -0.56768 -0.00320079
16.2185 -13.4447 -21.8878 -1.74693 -0.224737 -3.5 0 -0.479644 0.641398 -0.598791
13.3527 -11.4108 -18.7722 2.49525 0.14659 -3.9 0 -0.362883 0.589166 -0.721941
13.2017 -6.4235 -14.8525 -0.240515 0.348478 -3.2 0 -0.704595 -0.395772 0.588991
33.048 -16.682 3.935 0.73139 0 -4.5 0 0.819618 0.268742 0.505969
28.606 -22.152 -33.1483 -0.387672 0 -0.7 0 -0.287254 0.236115 -0.928297
22.1385 -13.5837 -30.5047 0.0471133 0 1.8 0 -0.834607 0.550195 0.026777
10.005 -17.636 -15.1012 -0.275886 0 -0.717043 0 -0.374882 0.697266 -0.61097
25.895 -13.5603 -35.8763 -0.232109 0 -0.4 0 -0.152837 0.307081 -0.939331
32.8452 -19.7435 -33.958 -1.90807 -0.588404 -3.5 0 0.205573 0.645209 -0.73583
14.439 -28.7495 -11.728 -0.104947 -0.279739 -2.37201 0 -0.649333 -0.397509 0.648346
17.1623 -5.01 -19.743 -1.09959 0 -3.2 0 -0.706893 0.15565 -0.689982
17.939 -22.7715 -30.5365 0.0768886 0 1.8 0 0.113772 0.874253 -0.471952
24.7 -32.934 -1.7225 0.700533 0 -3.9 0 -0.295039 -0.245348 0.923448
25.6688 -10.607 -1.72825 0.605815 0 -1.53361 0 -0.394466 0.866247 0.306614
28.3137 -37.815 -20.1133 2.2818 0.12509 -3.9 0 0.854359 -0.487813 -0.179188
11.1255 -8.57075 -8.0875 0.311699 0.82266 -3.5 0 -0.740349 0.671146 -0.0380194
25.1785 -34.2995 -10.827 0.450639 0 -3.9 0 -0.48811 -0.623118 0.611123
30.139 -12.1695 4.6955 -0.973487 -0.271487 -3.5 0 0.833239 -0.270438 0.482262
21.9615 -13.4878 1.55875 -0.337038 -0.482317 -3.5 0 -0.851581 0.508207 -0.128589
13.7765 -10.6187 -6.53 -0.73291 -0.309649 -3.5 0 0.427719 0.224302 0.87564
19.2375 -22.5355 -2.911 -0.332017 -0.0831332 -0.574277 0 0.536084 -0.695454 0.478494
30.2482 -35.4178 -21.4942 0.131449 0 4.2 0 0.34026 -0.837473 -0.427624
18.9023 -11.6528 -2.6945 -1.53555 0 -3.5 0 0.464678 0.504942 0.727398
8.3785 -30.287 -8.9355 2.60784 0.0426743 -3.9 0 -0.287355 -0.907961 -0.305013
15.013 -33.757 -23.2885 -0.00532188 0 -1.3 0 -0.487271 -0.873176 -0.0114459
7.23025 -15.7472 -7.70875 0.559723 0.484554 -4.5 0 -0.950429 0.243942 -0.192815
17.045 -32.6948 -27.5045 0.425714 0.50278 -4.5 0 -0.772211 -0.635338 -0.00604499
12.5715 -33.132 -18.371 -0.160127 0 2.8 0 -0.497755 -0.695165 -0.518638
30.654 -26.6645 3.708 2.83328 0 -3.9 0 -0.19033 0.0580458 0.980003
12.7985 -5.138 -16.6397 -0.80877 0 -3.2 0 -0.915179 0.162789 -0.36871
30.6895 -18.1165 -32.642 -0.772447 0 -1.3 0 0.073567 0.415362 -0.906676
32.439 -7.697 -4.203 -0.227488 -0.978772 -3.5 0 -0.835531 0.514285 0.193387
16.6595 -13.276 -17.5925 -0.459309 0.373789 -3.9 0 0.454509 0.830066 -0.32313
21.513 -3.81775 -25.0182 -1.67689 -0.454358 -3.5 0 0.445737 0.852596 -0.272761
30.162 -20.018 4.91 0.683049 0 -4.5 0 0.0102149 -0.670126 0.742177
33.752 -27.552 -13.2421 0.699883 0 -0.4 0 0.366484 -0.265396 0.89177
15.748 -7.6155 -10.9915 0.386006 0 -3.27583 0 -0.565424 0.759942 0.3206
25.3605 -23.62 -30.6995 -0.463881 0 -0.7 0 -0.389325 -0.0155894 -0.920968
24.1975 -15.95 7.83675 -0.0228754 0 2.5 0 0.624268 -0.500669 0.599683
20.9065 -10.9745 3.7955 -0.999694 0 -3.5 0 -0.749128 -0.660865 -0.0454439
35.6825 -31.7835 -8.9135 0.36854 0 4.5 0 -0.940662 -0.00448001 -0.339315
28.6187 -2.417 -19.4175 0.378761 0.0309167 -3.5 0 0.419273 0.894317 0.156228
14.3475 -6.4905 -18.532 -0.233775 0 -3.2 0 -0.48901 -0.117587 -0.864316
32.3372 -6.6345 -7.94525 -0.748281 -0.371608 -3.5 0 -0.586057 0.684354 -0.433818
10.873 -11.908 -5.7755 -1.77616 -0.055864 -3.5 0 -0.24284 0.252967 0.936502
32.3165 -27.2985 -8.51625 1.13408 0 -4.5 0 0.392234 -0.893493 -0.218684
37.826 -26.8902 -3.2805 0.579577 0.161738 -0.4 0 -0.346843 -0.311891 0.884547
25.117 -13.0848 -35.0057 -0.249154 0 0.463636 0 -0.368209 0.570398 -0.734213
24.4202 -38.1645 -21.218 0.34514 0 -3.9 0 -0.109996 -0.133586 -0.984914
24.1122 -17.2262 -35.088 -0.306344 0 -3.5 0 0.286414 -0.441737 -0.850197
10.2788 -22.6082 -21.2623 -0.0310242 0.315523 -1.36765 0 -0.946198 -0.0165978 0.323163
13.244 -4.0565 -16.608 -0.500147 0 -3.2 0 -0.858293 0.462123 -0.223104
37.326 -8.2025 -10.8217 0.710187 0 2.5 0 0.823507 0.535175 0.188212
22.784 -4.338 -10.217 0.271136 0 1.9 0 0.7901 -0.207242 0.576881
23.2885 -10.657 -25.5683 -0.112667 0 -1.24958 0 -0.803789 -0.237214 -0.545575
13.2859 -25.5648 -27.3709 -0.602431 -0.0483608 1.8 0 -0.99683 -0.0452666 -0.0654211
36.586 -24.2995 -10.3125 1.72817 0.0835933 -4.20003 0 -0.0832358 -0.926334 -0.367392
24.9515 -15.8195 6.1555 0.677043 0 2.5 0 0.637206 -0.281863 0.717301
18.5015 -12.5195 -2.1945 -0.642228 0 -3.5 0 0.513899 0.473934 0.715049
7.26575 -19.9457 -6.99075 0.71904 0 -4.5 0 -0.99074 -0.134585 -0.0178945
36.0008 -23.769 -28.0128 0.187589 -0.675455 -0.4 0 0.136027 -0.800703 -0.583414
40.8655 -9.51425 -24.111 -0.333067 -0.0735513 -2.72976 0 0.904962 0.152371 -0.397274
20.3067 -7.469 -28.774 0.159723 0 -3.9 0 -0.466016 -0.386291 -0.795996
37.498 -4.46925 -7.0375 -1.12388 -0.124924 -3.5 0 0.871278 0.415519 -0.261186
8.701 -30.5562 -14.7925 -1.61878 -0.237096 2.8 0 -0.869048 0.343438 0.356097
23.058 -13.695 7.81175 -0.223402 0 2.5 0 -0.0273395 0.830989 0.555616
43.418 -18.4613 -22.5522 0.937339 0.277072 -3.5 0 0.799319 -0.597955 -0.0594919
19.503 -14.775 -26.3115 0.0263631 -0.0743485 1.62355 0 -0.165938 0.985631 0.0315698
31.1995 -28.6187 0.89375 1.24502 0.534067 -3.9 0 -0.118313 -0.986945 0.109281
24.2482 -9.24875 5.7285 0.0285572 0 -3.5 0 0.334384 0.598014 0.7284
31.7965 -18.2925 4.897 0.378914 0 -4.5 0 0.540021 -0.1965 0.818392
20.7795 -18.6437 -36.913 0.134429 0 -3.5 0 -0.710419 -0.0375609 -0.702776
8.767 -28.5217 -6.28875 1.75951 0.682698 -3.9 0 -0.248533 -0.13101 0.959723
36.9647 -6.251 -20.5912 1.797 0 -2.75003 0 0.518578 0.777705 0.35532
8.1025 -25.1075 -22.1645 -0.680343 -0.685658 -3.5 0 -0.463928 0.735888 0.493193
10.4272 -13.747 -6.03225 -0.947753 -0.796475 -3.5107 0 -0.273526 0.227182 0.934651
29.631 -10.0355 1.6545 2.15591 0.185336 -2.17238 0 0.873227 0.41383 0.257331
10.099 -20.1555 -22.057 0.0731971 0 -4.5 0 -0.378978 0.265851 -0.886397
25.226 -24.9605 -30.7603 -0.89449 0 -0.7 0 -0.286287 -0.243339 -0.926728
31.984 -32.5827 -23.143 0.0192556 0 -3.5 0 0.770752 -0.632472 -0.0769465
33.971 -17.0623 -29.4425 -0.376424 0 2.72214 0 0.651707 -0.240645 -0.719283
32.604 -10.4023 -25.6562 -1.09472 -0.494109 1.87231 0 0.513064 0.63219 -0.580604
11.9075 -23.3892 1.3455 0.450546 0 -4.5 0 -0.857419 0.460467 -0.22979
33.4325 -3.37875 -22.5513 -0.00180953 0 -0.599016 0 0.560098 0.635489 0.531455
12.0421 -10.099 -10.8341 -0.114125 0 -3.5 0 -0.81023 0.199199 -0.551223
40.2315 -6.8585 -20.4195 0.735849 0.812615 -3.5 0 0.49904 0.851248 -0.162285
29.7048 -2.483 -28.1402 -0.144963 0 -3.5 0 -0.0995452 0.591427 -0.800191
14.0195 -13.801 -4.897 -1.26647 -0.0527231 -3.2 0 -0.756235 0.243365 0.607356
33.942 -27.5355 -1.9375 0.359239 0 -3.9 0 0.691846 -0.625795 0.360179
34.5443 -23.7127 -32.7173 -0.138108 0 -3.5 0 0.778484 -0.46899 -0.417146
32.181 -13.343 -31.9737 -0.545577 0 2.8 0 -0.246276 -0.0937796 -0.964652
45.234 -14.3815 -18.7745 0.352444 0 -0.4 0 0.953978 -0.0450276 0.296478
43.219 -12.5568 -22.6297 -1.36433 -0.275787 -0.4 0 0.361751 0.139358 -0.9218
31.7405 -31.4342 -14.1555 -1.52876 -0.528075 -3.5 0 -0.266065 -0.611465 0.745198
35.785 -30.3975 -22.1645 -1.02414 -0.407878 1.9 0 0.0500567 -0.411481 -0.910043
20.9923 -33.6982 -12.915 -0.199286 0 -2.40111 0 0.366605 -0.733223 0.5727
17.236 -14.1745 -32.9113 1.13422 0 -3.9 0 0.109955 0.768295 -0.630581
28.6295 -4.9915 -17.225 0.379043 0.557827 -2.8383 0 0.355908 0.660979 0.660634
16.0002 -14.4108 0.48875 -1.48962 -0.00439754 -3.5 0 -0.676013 0.555028 0.484717
30.5395 -20.5715 4.0425 0.808283 0.00803866 -4.5 0 0.122086 -0.922379 0.366485
38.4803 -14.4405 -6.526 0.827863 0 -2.24974 0 0.925314 -0.149283 0.34858
27.982 -16.979 6.429 1.01943 0 -4.5 0 -0.360605 -0.0343789 0.932085
11.015 -28.047 -7.809 1.36251 0 -3.89979 0 0.338367 -0.857148 0.388335
32.815 -32.474 -14.4175 -0.845694 0 -3.5 0 -0.0228737 -0.704071 0.709761
21.8067 -0.8845 -15.0553 0.101622 -0.419701 -2.2802 0 -0.329565 0.929922 -0.163194
17.057 -25.4315 -1.6365 0.631734 0 2.5 0 -0.0572079 -0.0690016 0.995975
34.449 -6.687 -3.1515 -0.183526 0 -3.5 0 -0.377162 0.68559 0.622668
29.7851 -27.2299 3.374 1.9952 0.640483 -3.9 0 -0.634622 -0.209146 0.743985
12.942 -27.7122 -3.83975 0.349317 0 -3.5 0 0.10305 -0.515179 0.850865
14.8425 -37.5698 -8.36425 1.00341 0 -3.2 0 -0.69024 -0.448996 0.567426
24.3272 -8.60775 -4.781 0.354579 0 -1.6 0 -0.640132 0.768252 -0.00436893
33.8325 -32.852 -17.455 0.0142446 0 -3.5 0 0.388832 -0.905151 -0.171788
44.4408 -12.3923 -20.695 -0.354639 -0.00145292 -0.4 0 0.989144 0.129421 -0.0696072
43.4523 -14.7282 -22.1105 -0.0179421 -0.617506 -0.4 0 0.855495 -0.0557264 -0.514803
23.1815 -18.952 -35.563 -0.6843 0 -3.5 0 0.886363 -0.431423 -0.168029
11.6735 -10.929 -10.0005 -0.851017 0 -3.5 0 -0.868483 0.218361 -0.445035
21.8267 -34.5535 -25.6245 -1.73628 -0.057345 -3.5 0 0.255408 -0.818098 -0.51525
20.869 -33.3975 -11.654 0.00456571 0 -1.3 0 0.711941 -0.668486 0.215094
8.4875 -26.2593 -10.1875 0.232026 0 -3.9 0 -0.737137 0.250558 -0.627575
36.977 -30.5877 -10.1705 0.550797 0 4.5 0 -0.241707 0.387078 -0.889803
24.361 0.43025 -11.2255 1.13634 0.860423 -3.9 0 0.342904 0.526399 0.778024
11.2478 -28.2267 -11.3833 -0.261936 0 -3.7435 0 -0.426808 -0.359748 -0.829709
32.7643 -27.1168 -24.5483 0.663701 0 4.2 0 0.737174 -0.37817 0.559966
40.887 -31.6575 -7.288 0.322881 0 4.5 0 0.636009 -0.765603 -0.0966635
11.1345 -12.3495 -12.414 -0.0534656 0 -3.9 0 -0.61183 0.732427 0.298688
37.7655 -19.3148 -28.2878 -1.1706 -0.0458838 2.5 0 0.0327223 0.104045 -0.994034
30.887 -7.1515 -12.7078 0.226305 0 4.5 0 0.238466 0.825405 0.511703
38.7677 -27.555 -3.318 0.686196 0.314353 0.845021 0 -0.303533 -0.488984 0.817779
18.6315 -32.288 -7.922 0.41091 0.209916 -1.3 0 -0.151086 -0.346518 0.925796
22.3302 -22.3825 -0.41025 -0.742147 -0.686207 -3.5 0 -0.620771 -0.221123 0.752163
9.711 -29.6525 -21.9795 -0.519666 0 2.5 0 -0.845098 -0.517872 -0.132732
28.52 -32.9875 -16.2065 0.091608 0 -1.3 0 0.392261 -0.732838 0.55595
22.9695 -18.47 3.41675 -0.777705 -0.775352 -4.5 0 -0.246643 -0.935811 0.251843
20.813 -27.035 -4.41775 0.0144328 0 3.33723 0 0.0743185 -0.44069 0.894577
45.2988 -28.854 -3.876 0.256376 0 3.8 0 0.405175 -0.681934 0.608932
28.8633 -30.9845 -10.6597 0.372677 -0.219037 -4.19701 0 0.588846 -0.614604 0.524902
21.2 -13.8588 0.582 -0.283984 0 1.8 0 -0.455686 0.87729 0.150708
39.8167 -18.633 -7.51475 0.652752 0 1.8 0 0.934592 0.332598 -0.126158
29.487 -19.7185 -33.2095 -0.622684 0 -1.3 0 -0.184706 0.0537138 -0.981325
25.3673 -31.786 -6.89975 0.287305 0 0.117587 0 0.400346 -0.731039 -0.552544
28.0798 -35.6213 -13.4875 2.05357 0.208759 -3.9 0 0.766542 -0.573215 -0.289549
10.6427 -34.0493 -14.1327 -1.71356 -0.706892 2.8 0 -0.274563 -0.944306 0.181389
27.7305 -34.9572 -11.1173 1.30882 0 -3.9 0 0.455691 -0.466742 0.757957
9.2845 -18.156 -14.4952 -0.0876064 0 2.8 0 -0.775966 0.630773 -0.00118804
33.6162 -27.7845 -7.11175 -0.00611323 0 -0.4 0 -0.0260444 -0.827057 -0.561515
14.498 -5.8855 -13.323 -1.67293 -0.499535 1.9 0 -0.784311 -0.0290523 0.619687
27.2173 -33.7412 -17.194 -0.302735 0 4.2 0 0.0581282 -0.92682 0.370979
35.199 -12.2607 -3.562 -0.222805 0 -0.4 0 -0.108892 -0.736952 0.667116
41.023 -13.0415 -27.4242 -0.221932 -0.458306 -3.5 0 0.952657 -0.127294 -0.276117
20.3895 -35.586 -21.3805 -0.21465 0 -3.68486 0 -0.517082 -0.742009 -0.426673
25.445 -35.461 -15.3925 -1.44082 -0.507279 -3.54707 0 0.783256 -0.505058 -0.362527
15.0005 -3.61275 -18.2465 -0.328923 0 -3.2 0 -0.608723 0.35345 -0.710302
13.4132 -30.4023 -24.735 -0.189309 -0.131823 -0.0980854 0 -0.370505 -0.746019 -0.553336
9.64825 -14.312 -12.5165 -0.0628013 0 -3.9 0 -0.964841 0.247651 -0.0880403
37.2955 -15.7845 -28.5928 -0.482879 -0.677425 -1.55014 0 0.1722 -0.542208 -0.82241
25.9535 -28.006 2.42975 0.381027 0 -1.6 0 0.143482 -0.0956704 0.985018
23.1895 -25.5895 -4.248 0.396859 -0.11018 0.890437 0 -0.489278 -0.271035 0.828943
14.5335 -14.593 -1.57925 -0.14914 0 -3.5 0 -0.940363 0.29116 0.17591
44.321 -25.5758 -5.6175 0.308368 0 3.8 0 0.330145 0.942401 -0.0537094
40.4253 -24.104 -13.454 0.691247 0 -3.9 0 0.433352 -0.754709 -0.492565
28.1262 -0.7245 -27.7225 -0.848316 -0.00111748 -3.5 0 0.70236 0.606079 -0.373309
15.6932 -18.2925 -29.8835 0.132178 0 -3.9 0 -0.759786 -0.631053 -0.156516
10.1565 -29.3557 -18.309 -1.36726 -0.8911 2.5 0 -0.926403 -0.376259 -0.0143632
22.429 -4.892 -24.6165 -1.15632 -0.0998097 -3.65813 0 0.583903 0.810313 -0.0495009
37.9365 -9.1485 -11.337 0.747558 0 -1.3556 0 0.699736 0.709023 -0.0875007
35.1242 -25.2865 -23.0615 0.597704 0.116315 -3.7 0 0.0163491 -0.983429 -0.180556
15.0095 -19.747 -2.4365 0.122503 0 -0.8 0 -0.890474 0.00576734 0.454997
16.301 -31.1955 -28.418 0.390091 0 -4.5 0 -0.78018 -0.624597 -0.0346096
12.568 -6.098 -15.9225 -0.466309 0.204726 -3.2 0 -0.944672 -0.317532 0.0822671
9.9705 -12.576 -8.536 -1.46017 0 -3.5 0 -0.900645 0.230158 -0.368599
40.9842 -8.40925 -18.255 0.321694 0 -3.70054 0 0.0525779 0.353524 0.933947
35.5788 -4.23425 -7.374 -1.09303 -0.00722192 -3.5 0 -0.108922 0.723125 -0.682075
10.4283 -29.5088 -19.4443 -0.767109 -0.462521 2.53429 0 -0.753678 -0.646756 0.11695
28.4163 -7.8415 1.17125 8.27609 0 -3.5 0 0.140794 0.625099 -0.767743
39.4442 -23.159 -18.3888 1.22748 0 -2.42986 0 0.817882 -0.523837 0.238043
44.9562 -18.051 -18.3025 0.414275 0 -0.9 0 0.981517 -0.0964986 -0.165266
23.9443 -1.31125 -15.0057 1.10485 0 -3.9 0 0.519758 0.430924 -0.73767
9.7685 -15.5972 -12.6362 -0.0757594 0 -3.9 0 -0.995638 -0.0916821 0.0173012
36.6815 -18.9295 -28.1425 -0.504925 0 -0.7 0 0.293152 0.205452 -0.93373
24.242 -31.255 -2.694 1.11486 0 -3.9 0 -0.724345 -0.0384147 0.688366
37.8815 -6.1435 -25.1025 0.534831 0 -1.6 0 0.0707014 0.629573 -0.773718
10.3778 -29.7388 -9.51225 0.406395 0.331434 -3.9 0 0.259001 -0.951768 -0.16449
10.6395 -31.1182 -21.532 -0.636601 0 2.5 0 -0.634831 -0.699926 0.32725
14.2695 -22.0885 -3.8955 -0.937352 -0.804877 -3.5 0 -0.600743 0.116575 0.790897
43.3898 -25.338 -6.0945 0.28032 0 3.8 0 0.326601 0.914013 -0.240649
20.89 -4.2295 -9.1385 0.152097 0 1.9 0 0.205149 0.0641523 0.976626
19.727 -3.94 -25.2275 -1.17814 0.226457 -3.66892 0 -0.257963 0.892798 -0.36928
22.0058 -13.4517 -0.196 -0.267502 0 0.420254 0 -0.643048 0.765615 -0.0179669
30.28 -5.70575 -15.2205 -0.88 0 -3.9 0 0.334869 0.916352 0.219458
32.756 -22.1453 -34.6852 -1.6686 0 -3.5 0 0.341385 -0.243333 -0.907879
32.2537 -24.8363 1.977 1.26567 0 -3.9 0 0.440169 0.708844 0.551173
38.997 -30.645 -20.557 0.573179 0 1.9 0 0.301233 -0.899877 0.315404
39.6775 -21.793 -23.5935 1.16359 0 -0.418356 0 0.979453 -0.00693867 0.201555
22.681 -9.61 -31.6915 -0.105125 0 1.8 0 -0.564089 0.806597 -0.17665
37.1852 -25.9422 -8.26625 1.98322 0.322575 -0.968758 0 -0.219045 -0.310211 -0.925088
14.02 -25.3145 1.773 -0.134509 0 -4.5 0 0.304806 -0.921102 -0.242207
7.75025 -24.7747 -27.3915 -1.87262 -0.139745 -3.5 0 0.127849 0.81411 -0.566462
28.1187 -7.099 -14.6768 -1.04225 0 -3.9 0 -0.535634 0.685945 0.492519
26.6155 -34.0895 -4.314 0.792684 0 -3.9 0 0.677372 -0.693847 -0.244427
27.4562 -21.6558 -32.6208 -0.25903 0 -1.01835 0 -0.530738 0.0411818 -0.846535
22.329 -35.7575 -14.02 -1.62434 -0.269291 -3.5 0 -0.40436 -0.503971 0.763221
29.7535 -21.9905 1.84 0.478826 0 4.5 0 0.26402 -0.449624 0.853306
12.923 -34.1333 -13.7975 -0.599267 -0.780867 -1.71472 0 -0.683242 -0.659241 0.313977
27.791 -8.06075 -5.688 0.381389 0 -1.6 0 0.380428 0.922965 0.0584045
25.2865 -2.06875 -13.4198 1.44012 0.333645 -3.9 0 0.957799 -0.27872 0.0702601
18.178 -3.3755 -22.3925 -0.410218 0 -3.5 0 -0.916189 0.390602 -0.0895971
18.7412 -23.5282 -2.7645 -0.448137 -0.0619883 0.809868 0 0.736228 -0.198874 0.646852
35.9545 -7.187 -0.75175 -0.0481975 0 -3.5 0 -0.339251 0.624206 0.703758
21.5145 -19.98 1.5765 -1.17062 -0.637918 1.8 0 0.119008 -0.818122 0.562595
17.2679 -2.30837 -13.9476 0.999432 0.740629 1.9 0 -0.295882 0.919732 0.257966
25.228 -8.9425 0.76125 0.867546 0 -3.5 0 -0.180893 0.14681 -0.972484
22.917 -3.41075 -10.6263 0.411822 0 1.9 0 0.759495 0.0622507 0.647528
18.1445 -13.9333 1.26175 -1.7459 -0.107346 -3.5 0 0.23975 0.788666 0.566149
26.1108 -8.2775 -8.24875 0.166118 0 -3.2 0 -0.0227941 0.982924 0.182595
31.921 -28.5228 -6.318 -0.667089 -0.414433 -3.9 0 -0.171064 -0.976667 -0.129842
37.9505 -12.8355 -29.5662 -0.12847 0 -3.5 0 -0.181172 -0.0985473 -0.978501
38.7663 -9.33625 -2.4885 0.0608233 0.167907 -3.5 0 0.938834 -0.244851 -0.242156
32.2448 -32.7545 -26.1572 -1.30771 -0.0401993 -3.5 0 0.674308 -0.714509 -0.186509
41.1235 -19.2693 -22.6068 0.799872 0.688858 -1.71239 0 0.48552 -0.865461 -0.123482
27.7057 -9.97025 -0.51325 0.850264 0 -0.9 0 -0.0260439 0.916135 -0.400023
20.352 -0.59675 -20.6665 -1.33255 -0.0448836 -3.5 0 0.183296 0.982509 -0.0328536
32.8285 -24.3732 -32.3703 -0.24332 0 -3.5 0 0.012202 -0.982369 -0.186553
21.8032 -12.9443 3.61675 -1.01996 -0.249789 -0.230282 0 -0.968792 0.196705 -0.150829
43.0798 -25.9128 -7.115 0.317668 0 3.8 0 0.320061 0.769422 -0.552766
18.7488 -10.8053 -3.4225 -1.51932 -0.547591 -3.5 0 0.36383 0.866231 0.34245
40.928 -27.714 -20.613 -0.271394 0 1.9 0 0.99147 0.0378993 0.124704
10.571 -25.8385 -14.1995 -1.58307 -0.336338 -0.4 0 -0.131377 -0.889351 -0.437944
16.622 -10.084 -7.294 -0.93912 -0.997242 -0.8 0 -0.315027 0.178464 0.932153
20.2515 -0.64275 -15.7657 -1.55096 -0.099635 -0.4 0 -0.147323 0.971179 0.187371
21.6623 -31.8768 -9.853 -0.0284137 -0.116102 -1.3 0 0.638743 -0.735046 -0.227408
12.2677 -24.5217 3.67325 0.567118 0.209069 -4.5 0 -0.887965 -0.0818719 0.452566
18.733 -6.1295 -26.785 1.77498 0.0705999 -3.9 0 -0.935941 -0.330459 0.121701
10.5913 -31.9018 -18.0175 -0.383664 0 2.8 0 -0.686568 -0.345234 -0.639873
21.0155 -1.02825 -21.2987 -1.03063 -0.0671507 -3.5 0 0.269118 0.802414 -0.532642
32.8657 -13.6187 -4.27475 1.18907 0 -3.9 0 0.754613 -0.382663 0.533037
8.3585 -25.9678 -27.8843 -1.41577 -0.160076 -3.5 0 0.64338 0.107598 -0.757947
38.2573 -27.3517 -17.768 1.23849 0 1.9 0 0.511859 -0.021452 0.858802
16.658 -31.5325 -27.0583 0.0254095 0.24006 -4.5 0 -0.820177 -0.570271 -0.0458285
22.8083 -9.5875 -7.67125 -0.169035 -0.421049 -1.38951 0 0.0432585 0.710508 0.702359
26.0688 -26.9055 2.1665 0.398568 0 -1.6 0 0.248265 0.361767 0.898604
44.071 -19.284 -15.6665 0.419049 0 -0.9 0 0.713221 -0.589734 0.378851
23.342 -24.3393 -2.60025 0.182734 0 -3.5 0 -0.806458 -0.590719 -0.0260152
36.866 -20.533 -28.0343 0.080202 -0.658052 2.5 0 0.147908 0.0241556 -0.988706
45.189 -28.5215 -8.372 0.289287 0 3.8 0 0.567116 -0.104516 -0.81698
22.5807 -16.8395 -36.5615 -0.908734 -0.713801 -3.5 0 0.429507 0.426158 -0.796187
35.338 -24.1203 -13.12 1.66138 0 -1.6 0 0.468864 -0.702195 0.535806
34.2518 -20.3368 -32.067 -1.1285 -0.015249 -3.5 0 0.808718 0.548393 -0.212698
40.3298 -23.167 -5.059 0.302033 -0.77651 3.11849 0 0.525817 0.850596 0.00144747
44.135 -11.8825 -21.9482 -0.541008 0 -1.18147 0 0.791664 0.168655 -0.587216
16.98 -38.1135 -10.2325 -0.196518 0 -3.2 0 0.633513 -0.772724 0.0394866
33.891 -13.301 -5.1235 1.07834 -0.592123 -0.807078 0 0.350334 -0.538497 0.766347
31.2645 -29.4023 -10.8927 -0.584162 -0.0101554 -4.5 0 0.907038 -0.354104 0.227801
33.323 -5.522 -7.843 -0.0206665 0 -3.5 0 -0.542125 0.684852 -0.486907
25.055 -21.6348 -30.494 -0.317715 0 1.93319 0 -0.187865 -0.10512 -0.976553
32.8665 -27.068 1.9115 2.36189 0 -3.9 0 0.952583 -0.222859 0.20717
27.999 -30.912 -3.36475 0.234775 -0.0572299 -3.47153 0 0.62079 -0.752479 0.219989
17.3507 -26.9788 -3.2375 0.430866 0 2.5 0 -0.0664277 -0.941224 0.331186
21.181 -25.949 -4.32575 0.302655 0 3.61479 0 0.363043 -0.192027 0.911771
31.3135 -33.4113 -15.4248 -1.38772 -0.246975 -3.5 0 -0.140636 -0.911456 0.386612
34.631 -6.249 -26.728 -0.352525 0 -0.4 0 0.3519 -0.593867 -0.723525
32.9888 -15.9235 2.9285 1.11256 0.482162 -4.5 0 0.702351 0.709809 0.0536118
34.4465 -30.1745 -15.2515 -0.345547 -0.160769 -3.5 0 0.888467 -0.259551 0.378497
32.985 -6.85475 -3.92825 -0.259119 -0.513697 -3.5 0 -0.70779 0.551613 0.441313
46.0591 -8.5615 -19.0879 1.07366 0 -3.9 0 0.942591 -0.307574 -0.13008
42.0612 -8.021 -21.194 0.211902 0 -3.9 0 0.175028 0.79995 -0.573973
24.376 -22.75 0.003 -0.0610603 0 -3.5 0 -0.0164337 -0.189629 0.981718
15.4246 -16.9765 -29.2421 0.239865 0 -3.9 0 -0.994927 -0.0951968 0.032528
26.9487 -1.90675 -29.505 -1.03017 0 -3.5 0 0.833513 0.100449 -0.543291
34.6396 -18.3314 -4.88263 2.87047 0 -3.9 0 0.412241 0.0974454 0.905849
35.3517 -6.28075 -18.2447 2.28797 0.0535187 -3.9 0 0.434143 0.617225 0.656166
35.0445 -16.5666 -28.8498 -0.933538 -0.0326732 -0.79339 0 0.525624 -0.353472 -0.773807
8.57963 -21.4268 -6.90394 0.82661 0 -4.5 0 -0.29171 -0.928993 0.227765
19.6976 -27.1151 -30.385 -0.954184 -0.6616 -3.5 0 -0.230284 0.11349 -0.966483
38.6536 -28.5715 -17.8096 1.30137 0 1.9 0 0.371956 -0.000197702 0.92825
42.7603 -7.16525 -19.0128 1.14974 0 -3.9 0 -0.570916 0.820661 -0.0238874
31.0499 -24.273 -31.5643 -0.550727 0 -3.5 0 0.139934 -0.885853 -0.44236
38.1015 -21.7995 -28.202 0.232295 0 -0.4 0 -0.107331 0.21153 -0.97146
45.8228 -7.39775 -16.9083 1.91861 0 -3.9 0 0.595045 -0.0470358 0.802315
12.0206 -32.1024 -18.8603 -0.446894 0 2.8 0 -0.592169 -0.605599 -0.531587
32.4212 -1.98012 -28.7943 -1.5526 -0.178325 -3.5 0 -0.312869 0.922939 -0.224268
13.6304 -27.8714 -5.9045 0.366399 0 -3.5 0 0.191739 -0.96715 -0.166902
31.0876 -29.4064 -28.5491 -0.199724 0 4.2 0 0.482823 -0.615078 -0.623346
8.6455 -14.5849 -7.62 0.162725 0 -4.5 0 -0.448969 0.739591 -0.501429
13.6076 -34.8824 -12.9851 -0.405659 0 -3.2 0 -0.866991 -0.46098 0.18927
25.9832 -4.6145 -30.5075 -0.929858 0 -3.5 0 -0.914144 0.399394 -0.0694574
27.5224 -8.53288 -7.1165 0.66846 0 -3.11398 0 0.223755 0.963953 -0.143972
29.0343 -26.4118 1.32675 1.27538 0 -3.9 0 -0.656727 0.255632 0.70948
25.4657 -34.2323 -4.84275 1.94928 0 -3.9 0 0.361749 -0.759676 -0.540399
13.06 -17.3336 -4.90163 0.560659 0 -3.2 0 -0.303863 0.119334 0.945212
29.5025 -20.3638 4.08075 0.714552 0.0730994 -4.5 0 -0.271342 -0.87722 0.396055
16.5655 -36.6753 -15.8293 0.474074 0 -2.94022 0 0.38075 -0.86702 0.321411
33.6675 -25.9515 -23.006 1.25457 0.601533 -3.5 0 0.545638 -0.833497 -0.0869644
38.3576 -13.4795 -5.44175 0.937549 0 -0.4 0 0.839922 -0.507903 0.191222
40.66 -25.382 -22.893 3.12175 0 -3.9 0 0.70391 -0.294311 -0.646445
38.6311 -25.183 -23.5093 1.88457 0.0340854 -3.9 0 0.208778 -0.567878 -0.796195
14.8065 -17.0486 -17.8571 0.285279 0 -1.3 0 -0.835056 0.459473 -0.302599
23.8288 -9.73312 -14.0785 -0.12267 0 1.92613 0 0.808582 0.581822 -0.0876236
45.928 -5.036 -17.677 2.56775 0 -3.9 0 0.456589 0.877308 0.147841
29.6973 -9.76975 0.6405 1.71186 0.144742 -0.9 0 0.575136 0.807104 -0.133424
32.423 -11.143 -0.539 3.36541 0 -3.9 0 0.607406 -0.34322 0.71642
30.7825 -31.8505 -27.3515 -1.15608 -0.274615 -3.5 0 0.163032 -0.438793 -0.883675
17.472 -20.3574 -27.1755 0.942837 0 -3.2 0 -0.44834 -0.142359 -0.882454
18.0849 -28.7831 -30.7214 0.427282 0 -4.5 0 0.0241165 0.34049 -0.939939
21.839 -23.377 -31.096 -0.0900882 0 4.2 0 0.0259214 -0.585248 -0.81044
31.211 -9.88225 -27.731 -0.420592 0 4.25226 0 0.940003 0.332479 -0.0765043
31.788 -15.1775 0.62325 0.732328 0 -0.9 0 0.95539 -0.108618 -0.274647
23.6206 -11.3401 0.563375 0.311037 0 -0.9 0 -0.624651 0.724938 -0.290303
30.4185 -3.22 -29.097 -0.442916 0 -3.5 0 -0.508782 0.658156 -0.554952
45.5191 -5.34888 -19.7635 2.3611 0.0875185 -3.9 0 0.247268 0.747785 -0.616178
34.144 -32.4198 -16.104 -0.296047 0 -3.5 0 0.669398 -0.707418 0.22686
27.5655 -7.69375 -13.8593 -0.264228 0 4.5 0 -0.608888 0.765432 0.208253
15.896 -12.8494 -18.4371 0.90714 0 -3.9 0 0.559368 0.704269 -0.437164
39.4422 -23.5492 -27.2884 -0.0156551 0 -0.4 0 0.608398 -0.74298 -0.278984
23.1737 -11.7596 5.80975 -0.067027 0 -3.5 0 -0.244943 -0.179442 0.952787
23.177 -34.484 -13.368 -1.02906 0 -3.5 0 -0.216852 -0.217556 0.951654
34.0129 -24.0906 -31.7259 -0.0356123 0 -3.5 0 0.476966 -0.876395 -0.066593
14.8035 -32.9277 -24.268 -0.122666 0 -1.3 0 -0.564918 -0.523933 -0.637465
28.9805 -8.74275 1.08375 4.63802 0 -3.34837 0 0.618814 0.423807 -0.661405
20.3 -34.1075 -13.6257 -1.05438 -0.510681 -3.5 0 0.21206 -0.74298 0.634832
20.2845 -2.195 -10.645 0.72208 0 1.9 0 -0.274861 0.943644 0.184358
6.932 -28.2423 -8.053 1.99287 0.0237086 -3.9 0 -0.933268 0.246535 0.26121
37.54 -20.649 -4.394 1.74607 0 1.8 0 0.181883 0.662125 0.726986
22.1268 -24.5614 -4.06875 0.721761 0.450575 4.2 0 -0.204997 -0.4043 0.891357
24.6289 -9.18487 -11.7685 -0.126659 0 -1.31493 0 0.691797 0.495097 -0.525638
19.6935 -10.0208 -19.3398 -0.571732 0 -3.5 0 -0.756058 -0.530398 -0.383477
24.9158 -4.2375 -14.3445 0.234462 0 -3.9 0 0.943608 -0.117048 0.309683
30.8626 -14 -30.9951 -0.986437 0 2.8 0 -0.21567 -0.242152 -0.945965
31.813 -34.0802 -20.622 0.123378 0 4.2 0 0.864341 -0.502392 -0.0227339
27.4105 -18.9246 4.62337 0.69713 0 -4.5 0 -0.380403 -0.775465 0.503932
33.3467 -8.11625 -16.1647 0.561146 0 -3.9 0 0.491021 0.40184 0.772932
45.831 -28.1024 -6.06925 0.253785 0 3.8 0 0.977116 -0.0194803 -0.211815
35.2556 -30.7499 -17.1565 0.426721 0 -3.5 0 0.840948 -0.421279 0.339603
9.057 -27.989 -25.1659 -0.268335 0 -3.5 0 0.127928 -0.914782 -0.383156
9.36413 -22.177 -9.21175 0.423681 0 -3.51652 0 -0.563791 -0.741535 0.363683
9.786 -14.335 -8.30375 -0.314828 0 -3.5 0 -0.70533 0.447781 -0.549547
13.9009 -10.4595 -12.8096 -0.0371176 -0.367507 -3.5 0 -0.874592 0.321387 -0.363043
12.3398 -11.3582 -15.1372 0.224685 0 -3.9 0 -0.664737 0.734083 -0.138731
43.8005 -17.3436 -22.9258 0.469328 0 -3.5 0 0.960706 -0.246245 0.128092
23.7486 -18.2386 -34.302 0.0517465 0 -2.25254 0 0.435895 -0.650298 -0.622181
8.66775 -21.314 -9.93688 0.295539 0 -4.5 0 -0.954238 -0.29151 -0.0667167
36.9055 -29.8415 -9.0055 0.718799 0 4.5 0 -0.419975 0.613335 -0.66891
22.1515 -33.3768 -13.1285 -0.30589 0 -3.5 0 0.205332 -0.279954 0.937798
11.0591 -25.1059 -15.9274 -0.518938 -0.124447 -0.4 0 -0.935709 -0.2765 -0.219083
32.8047 -14.6924 -4.41706 1.44765 0 -3.9 0 0.738156 -0.0746117 0.670491
18.2765 -25.0045 -31.135 -0.0811541 0 1.8 0 0.35515 -0.166929 -0.919784
26.4336 -31.5626 -6.6135 0.323674 0 -3.9 0 0.602973 -0.471379 -0.643603
35.013 -4.996 -7.74525 -0.574165 -0.0366032 -3.5 0 -0.0488435 0.605312 -0.794488
16.9324 -11.3915 -4.54413 -0.704727 0 -3.5 0 -0.592151 0.805298 -0.0291975
25.3037 -0.90225 -26.496 -0.986604 -0.0396514 -3.5 0 -0.621505 0.201843 0.756962
33.8128 -26.259 -12.9008 1.13586 0 -0.4 0 0.602507 -0.185704 0.776208
30.4412 -3.91637 -30.1863 -0.62284 0 -3.5 0 -0.304412 0.820504 -0.483846
32.961 -30.4042 -25.2728 -0.970163 -0.0628089 -3.5 0 0.999944 -0.00844497 0.00643457
39.2296 -11.3744 -9.85413 0.658555 0 -3.5 0 0.897571 -0.139016 0.418379
33.4053 -13.1018 -32.0238 -0.256339 0 2.8 0 0.321975 0.252485 -0.91246
31.883 -7.86325 -14.5895 0.365668 0 -0.0589046 0 0.700042 0.706351 0.104926
20.4918 -25.582 -30.7138 -0.267516 0 -3.5 0 -0.116076 0.100911 -0.988101
26.323 -3.603 -31.0295 -1.8109 -0.315781 -3.5 0 -0.964172 0.217634 -0.15168
23.7755 -11.886 -33.8255 0.0610926 0 1.8 0 -0.0345608 0.273734 -0.961184
26.7211 -31.466 -8.98837 0.385473 0 -3.9 0 0.394561 -0.633672 0.665418
31.3205 -13.8073 2.087 0.673666 0 -0.9 0 0.627288 0.408374 0.663129
9.30475 -20.8515 -19.7323 0.0228317 0 2.8 0 -0.936869 -0.117299 -0.32942
22.0395 -3.81925 -9.58475 0.557097 0 1.9 0 0.526829 0.185892 0.829394
19.9275 -37.033 -19.7201 -0.0831817 0 -3.9 0 -0.524237 -0.68921 -0.500165
29.0613 -3.56075 -32.0783 -1.96104 -0.376097 -3.5 0 0.535472 0.835627 -0.122467
11.8483 -26.0047 -13.8334 -0.775887 -0.24552 0.588656 0 -0.484486 -0.814537 -0.319064
38.4279 -11.4404 -29.3394 0.0964453 0 -3.5 0 -0.0746577 0.0726865 -0.994557
36.9697 -7.86 -4.527 0.551976 0 -3.5 0 0.898616 0.279398 -0.338269
15.99 -24.0422 2.22325 0.64689 0 -4.5 0 0.560069 -0.821327 -0.108374
39.7649 -25.5149 -1.89244 0.578029 0 -0.4 0 0.310441 -0.290689 0.905056
41.25 -23.3505 -13.0183 0.483684 0 -3.9 0 0.935729 -0.213607 -0.280682
35.724 -31.0045 -6.518 0.327111 0 4.5 0 -0.859419 -0.346235 0.376192
21.931 -1.8685 -21.2625 -0.0950725 0 -3.5 0 0.644722 0.729337 -0.228912
15.1811 -7.86 -8.97462 0.342742 0.667505 -1.459 0 -0.289166 0.938949 0.186435
35.624 -4.891 -20.325 2.78999 0 -3.9 0 0.400881 0.895094 0.195197
23.255 -31.4759 -12.5996 0.0226773 0 -1.44583 0 -0.105061 -0.867719 0.485825
29.828 -4.9185 -18.7792 0.320624 0.00901114 -3.57784 0 0.769718 0.569908 0.287646
33.6398 -12.7459 -4.0235 0.90705 0 -1.51377 0 0.434547 -0.777996 0.453753
16.655 -19.7393 -22.1735 -0.73 0 -3.2 0 -0.0996634 0.888173 0.448571
12.7241 -29.7835 -25.1346 -0.343803 -0.746683 -4.5 0 -0.736473 -0.436266 -0.516991
19.1495 -30.0718 -6.1195 0.0313144 0 4.2 0 -0.353867 -0.54634 0.759138
34.7098 -11.9862 -28.2878 -0.576266 0 -0.8 0 0.298857 0.71915 -0.627301
41.754 -14.1799 -24.2555 -0.077361 0 -3.5 0 0.657842 0.457794 -0.598054
26.0252 -37.3052 -16.6992 0.229156 0 -3.9 0 0.621503 0.21612 0.753012
42.9104 -17.284 -15.3721 0.440109 0 -0.9 0 0.338488 0.457925 0.822028
31.5911 -32.9777 -18.0977 -0.235843 0 2.91531 0 0.588115 -0.808777 0.000928754
29.6685 -8.4915 2.656 4.56356 0 -3.5 0 0.951934 0.277533 0.129606
16.8635 -18.683 -30.2355 0.350732 0 -3.9 0 -0.0798805 -0.947829 -0.308607
24.0732 -5.35563 -13.1589 0.348192 0 -3.9 0 0.844984 -0.0593915 0.531483
23.0725 -8.0685 -9.31312 -0.254824 0.802943 -3.2 0 0.120668 0.918528 0.376491
27.2065 -34.5545 -17.9164 -0.583935 -0.0241999 4.2 0 -0.0732506 -0.501392 0.862114
18.7954 -14.9952 -32.3343 3.07734 0 -3.9 0 0.577502 0.791879 -0.198541
37.6896 -25.318 -8.98925 3.69555 0.649587 -3.9 0 -0.299965 -0.773742 -0.557982
30.9935 -9.30625 -10.344 0.573459 0.320081 2.0138 0 -0.441785 0.847765 0.293464
22.4708 -32.4058 -4.824 2.60603 0.00475577 -3.9 0 -0.970969 0.161364 -0.176578
11.8195 -30.127 -24.478 -0.138792 0 2.5 0 -0.351334 -0.373813 -0.858387
24.7879 -16.0863 -35.255 -0.374744 0 -1.54723 0 -0.172954 0.0276142 -0.984543
28.9735 -28.9118 -4.2875 0.372526 -0.361343 -2.74994 0 0.879726 -0.474815 0.0251457
33.261 -6.141 -28.662 -0.440641 0 -3.5 0 0.785856 -0.41684 -0.45681
27.1917 -2.96887 -29.9346 -0.792449 0 -3.5 0 0.78755 0.569716 -0.234921
34.8281 -21.9194 -0.143875 0.68385 0 -3.5 0 0.606909 0.330927 0.722598
15.8689 -12.2665 -3.709 -0.167641 -0.0360396 -3.5 0 -0.660119 0.732661 0.165684
17.7625 -36.0327 -15.83 0.595278 0.732495 -3.2 0 0.271891 -0.945301 0.180224
17.1378 -35.2972 -20.5325 0.113083 0 -1.6 0 0.312502 -0.348123 -0.883828
17.1456 -21.7201 3.77113 0.99922 0 -4.5 0 0.4688 0.107384 0.876753
26.5508 -26.4224 1.28325 0.693851 0 -1.6 0 0.50912 0.303425 0.805438
24.376 -8.102 -29.819 -0.148465 0 -3.9 0 -0.701543 0.416173 -0.578479
29.5408 -10.2415 -4.56862 -0.393052 -0.176191 1.8 0 -0.419508 0.632996 0.650638
36.3532 -10.7335 -27.6406 -0.0624205 0.602778 -3.00739 0 -0.807332 0.366003 -0.462879
26.8043 -30.744 -29.0107 -0.182764 0 3.8 0 0.171179 0.0175758 -0.985083
11.7981 -24.7466 1.48375 0.480577 0 -4.5 0 -0.836056 -0.434082 -0.335534
10.1528 -13.7926 -13.4382 0.0425934 0 -3.9 0 -0.932 0.325911 -0.158616
40.5035 -22.117 -20.1505 0.941803 0.0364246 -1.08487 0 0.909147 -0.402304 0.107716
10.6941 -13.5498 -11.0623 -0.246455 0 -3.81457 0 -0.872525 0.488219 0.0185204
36.448 -5.75275 -25.669 -0.0939154 0 -0.4 0 0.519823 0.0278132 -0.853821
25.32 -1.112 -12.25 2.64412 0 -3.9 0 0.819781 -0.260226 0.510139
14.2065 -3.36 -17.5025 -0.114994 0 -3.2 0 -0.605944 0.528282 -0.594768
20.725 -15.3701 -31.2346 0.831339 0 -3.5 0 -0.295691 0.946386 -0.130082
20.671 -19.4691 -34.2914 0.4462 0.072123 -3.5 0 -0.649396 -0.750264 0.12405
18.363 -22.725 -0.837 -1.27383 -0.767244 -4.5 0 0.52033 -0.82216 0.230891
16.2764 -28.7148 -30.6941 0.0641402 0 -4.5 0 -0.437681 0.316436 -0.841608
21.021 -32.2878 -7.96275 0.466049 0 -1.3 0 0.353052 -0.648716 0.674182
36.9524 -6.766 -4.00262 0.0603004 0 -3.5 0 0.824461 0.56357 0.0515141
38.9442 -16.5368 -27.6593 0.750705 0 -3.5 0 0.284033 -0.419983 -0.86194
31.049 -27.2773 -29.557 -0.0512581 0 4.2 0 -0.0731779 -0.252413 -0.964848
30.3361 -30.939 -28.183 0.0664499 0 -3.5 0 0.351084 -0.60522 -0.714457
32.777 -11.377 -27.8258 -1.62781 -0.114156 -0.8 0 0.303176 0.92215 -0.240257
24.5961 -3.1395 -27.9426 -0.354502 0 -3.5 0 -0.622452 -0.182334 -0.761122
16.729 -17.2615 -33.2765 2.45516 0.0868653 -3.9 0 -0.525836 -0.559842 -0.64037
32.8355 -26.4665 -10.673 1.85317 0.0969169 -4.5 0 0.714771 -0.699357 -0.00169851
15.277 -14.4791 -31.8859 0.801464 0 -3.9 0 -0.814687 0.502148 -0.290056
14.7122 -20.2345 -24.812 -0.798569 0 -3.2 0 -0.831139 0.348897 -0.432988
31.913 -10.8836 -28.1399 -0.786529 -0.111521 2.37202 0 0.65886 0.75195 0.0217769
23.7897 -27.756 -30.3633 -0.597396 0 -3.5 0 0.6737 -0.347178 -0.652377
38.903 -17.5667 -27.3184 0.253212 0 -3.06788 0 0.445685 -0.101887 -0.889373
23.8731 -12.3608 -26.3582 -0.168451 0 1.87318 0 -0.849316 0.279169 -0.448025
12.5267 -13.8372 -5.844 -0.603871 0 -3.5 0 -0.0677736 0.240633 0.968247
40.3657 -19.879 -23.5082 0.94416 0.581782 -0.433511 0 0.769246 -0.592616 0.238887
15.2907 -34.6102 -20.1502 -0.0614885 0 -1.6 0 -0.761901 -0.182303 -0.621508
25.3927 -34.7318 -16.1597 -1.78973 -0.113817 -3.5 0 0.826403 -0.485218 -0.285697
24.0607 -25.8218 -2.515 0.439955 0 -2.91004 0 -0.936567 -0.345763 -0.0573641
30.9967 -34.971 -20.9176 0.142812 0 4.2 0 0.639204 -0.764654 -0.0819859
22.308 -30.683 -29.67 -1.41595 -0.953184 -3.5 0 0.129487 -0.811461 -0.56988
27.8113 -27.3333 1.16175 0.600237 0 -1.71334 0 0.0493307 -0.00553747 0.998767
26.633 -16.9535 -35.974 -1.33571 -0.223506 -0.4 0 -0.102802 -0.411536 -0.905577
43.4015 -13.7845 -16.676 1.18535 0.559294 -0.4 0 0.55637 0.395192 0.730942
31.9883 -12.2273 -31.8913 -0.294347 0 2.8 0 -0.115976 0.043317 -0.992307
22.2607 -37.5506 -17.0761 0.0502071 0 -3.9 0 -0.178237 -0.774007 0.607573
12.9215 -30.624 -12.0675 -0.700005 -0.023773 -1.3 0 -0.458422 -0.0534703 0.887125
6.899 -27.3 -23.315 -0.519646 0 -3.5 0 -0.724627 -0.329117 0.605473
28.631 -19.0519 -33.099 -0.723185 0 -1.3 0 0.00809534 0.0501943 -0.998707
16.1443 -19.9 2.74575 0.412478 0 -4.5 0 -0.565637 0.670276 0.480401
35.4796 -22.8351 -30.1856 0.252792 0 -3.5 0 0.913401 -0.213659 -0.346479
44.258 -29.9691 -7.50413 0.27601 0 3.8 0 0.0493329 -0.993625 -0.101369
29.1022 -25.4165 -31.6737 -1.26327 -0.331627 -0.7 0 0.304615 -0.738652 -0.601335
41.8985 -7.6885 -18.2385 0.474439 0 -3.9 0 -0.441914 0.745989 0.498209
11.1202 -24.1741 -16.4484 -0.523852 -0.042027 0.715969 0 -0.963092 -0.26463 0.0492416
11.1097 -24.6187 -8.58788 0.235822 0 -3.9 0 -0.944306 0.279097 0.17433
30.9018 -18.1268 -0.98 0.703066 0 4.5 0 0.888295 0.38526 -0.250014
36.9841 -30.7929 -5.3255 0.306511 0 4.5 0 -0.285528 -0.428452 0.857264
15.3582 -16.2447 -0.06575 -1.12803 -0.0170782 -3.5 0 -0.951595 -0.200191 0.233218
26.4285 -12.6733 -35.0293 -0.188494 0 -0.4 0 0.0701929 0.80289 -0.59198
26.709 -30.3792 0.83725 0.392444 0 -1.6 0 0.260191 -0.864714 0.429616
11.3364 -13.3538 -5.88737 -1.61928 -0.41107 -3.5 0 -0.0357705 0.0715501 0.996795
20.1665 -20.7046 -28.392 0.582797 0 4.2 0 -0.90677 -0.178232 -0.382102
23.4158 -2.877 -18.3347 0.123371 0 -0.4 0 0.847362 0.443367 -0.292237
31.6899 -13.1167 0.535 0.767498 0 -0.9 0 0.943665 0.270978 0.189914
42.711 -15.139 -23.583 0.327753 0 -3.5 0 0.710217 0.447452 -0.543486
28.978 -29.3584 -1.12262 -0.347641 -0.7109 -1.6 0 0.412574 -0.771833 0.483794
16.9573 -19.2149 -20.1571 0.758134 0.233375 0.201231 0 -0.246165 0.631757 -0.735041
10.0586 -23.3125 -18.7224 -0.127414 0 1.13185 0 -0.891626 -0.39448 -0.222236
37.0171 -9.80912 -26.4144 -0.0341992 0 -2.38606 0 -0.838146 0.50007 -0.21781
12.3317 -11.1251 -11.3826 -0.252564 0 -3.5 0 -0.820722 0.288039 -0.493406
20.861 -3.642 -27.1275 1.30193 0.24557 -3.9 0 -0.0285016 0.99728 -0.0679666
32.8565 -20.5055 -1.30963 0.962135 0.213295 1.39081 0 0.498926 0.858792 -0.116403
36.4299 -10.1357 -7.0955 0.314526 -0.811111 -3.5 0 0.635702 0.719221 -0.280364
14.9043 -36.6738 -16.0645 0.797547 0 -1.6 0 -0.512522 -0.819856 0.255259
34.5732 -15.5083 -4.89925 4.2548 0 -3.9 0 0.109626 0.524258 0.844474
11.1302 -33.075 -16.4124 -0.867999 -0.0281453 2.8 0 -0.489714 -0.773596 -0.402156
31.5072 -28.1092 -4.91125 -0.0195886 -0.612717 -3.9 0 -0.201255 -0.97793 0.0561184
24.58 -33.771 -5.89 2.91984 0 -3.9 0 0.211679 -0.501862 -0.838645
28.217 -29.3972 -8.31325 0.439045 -0.111989 -4.40645 0 0.510481 -0.803638 0.305901
22.7765 -14.565 -34.969 -0.555395 -0.342795 -0.482778 0 -0.203817 0.574976 -0.792377
38.868 -10.0575 -29.405 -0.547575 0 -3.5 0 0.0839359 0.195982 -0.977009
44.4347 -15.1915 -20.357 0.328139 0 -0.4 0 0.854092 -0.307775 -0.419286
8.37463 -20.8294 -18.2717 -0.0653616 0 2.8 0 -0.897362 -0.0328402 -0.440071
32.502 -6.901 -29.1425 -0.36415 0 -3.5 0 0.597034 -0.53856 -0.594562
14.824 -11.1702 -6.74375 -1.88567 -0.12286 -3.5 0 0.279555 0.251897 0.926497
18.9524 -6.92063 -22.5588 -1.44323 -0.37293 -3.5 0 -0.477956 -0.863008 0.16363
31.8211 -16.1974 -31.1901 -0.516563 0 0.539525 0 0.479646 0.252886 -0.840231
40.5936 -21.9188 -28.0025 0.236456 0 -0.4 0 0.699794 -0.225323 -0.677877
37.7986 -30.8008 -18.8202 0.540599 0 1.9 0 0.177387 -0.910089 0.374528
29.7941 -3.82312 -20.6129 0.479593 0.0498219 -3.5 0 0.737966 0.494891 0.458791
17.8409 -37.005 -10.1664 -0.468829 0 -3.2 0 0.834005 -0.54744 0.0688897
20.1682 -18.3682 -34.787 0.255049 0 -3.5 0 -0.898883 -0.323666 -0.295382
20.2891 -8.1145 -27.5975 0.703026 0 -3.9 0 -0.542261 -0.834002 -0.101948
13.6825 -27.247 -27.4106 -0.163321 -0.461684 -1.3512 0 -0.961051 -0.153481 -0.229837
24.3694 -30.4016 -29.2862 -0.555823 -0.0960603 -1.04379 0 0.263453 -0.149965 -0.952944
37.4217 -24.4425 -25.8196 0.318023 0 -2.22513 0 0.324225 -0.944368 -0.0551958
24.2195 -29.2455 -2.86775 0.626213 0 -3.9 0 -0.864139 0.221423 0.451923
39.8942 -22.1121 -22.1461 1.48805 0.433188 -2.90003 0 0.869535 0.359533 -0.338593
31.3125 -27.919 -8.7175 0.733957 0 -4.5 0 0.617581 -0.776269 0.12649
33.2508 -20.8875 -34.3257 -1.40386 0 -3.5 0 0.597216 0.169639 -0.783936
22.945 -10.0367 -33.2195 -0.112333 0 1.8 0 -0.460984 0.668477 -0.583637
16.5425 -13.954 -29.3895 0.164548 0 -3.9 0 -0.186064 0.925538 0.329786
23.8953 -33.341 -25.2515 -0.722543 -0.192163 0.435041 0 0.249609 -0.917761 -0.308886
21.2631 -19.676 -36.6242 0.192984 0 -3.5 0 -0.236323 -0.69041 -0.683729
18.1305 -24.7435 -1.7835 -0.177548 0 2.5 0 0.351845 -0.139221 0.925647
41.02 -29.2885 -8.155 0.496328 0 4.5 0 0.119659 0.0450206 -0.991794
29.771 -10.5875 3.246 -0.414883 -0.195217 -3.5 0 0.917853 0.396907 -0.00337658
19.1278 -29.14 -30.806 0.0718232 -0.123159 -3.93173 0 -0.0472792 0.19121 -0.98041
30.3125 -13.1591 2.48725 0.217033 0 -0.9 0 0.826761 0.240066 0.508758
27.9245 -12.6788 -33.759 -0.100723 0 -0.4 0 0.608708 0.634176 -0.476755
42.1512 -28.8442 -8.357 0.422576 0 3.8 0 -0.248989 0.00336518 -0.9685
39.4575 -17.4354 -10.982 0.671155 0 -0.172452 0 0.96423 -0.0272299 0.263665
23.8971 -10.3766 -28.8151 -1.4236 -0.243695 -3.9 0 -0.876362 -0.374419 0.302984
24.4328 0.6015 -14.194 2.50608 0.0452275 -3.9 0 0.444636 0.623821 -0.642765
44.7435 -4.73975 -17.9473 2.26376 0.169363 -3.9 0 0.0501337 0.993044 0.106533
43.5033 -28.1491 -8.85575 0.379644 0 3.8 0 -0.0808118 0.0260011 -0.99639
28.8606 -32.7719 -23.578 0.368854 -0.497917 -0.363091 0 0.0221898 -0.979651 -0.199477
21.5257 -13.8835 -29.7145 -0.17611 -0.458114 2.93231 0 -0.353819 0.902084 -0.247097
18.5659 -22.2733 2.35737 0.391194 0 -4.5 0 0.748079 -0.329291 0.576147
23.2197 -32.1361 -6.73163 0.355634 0.253086 -1.87031 0 -0.585881 -0.760597 -0.279707
25.8848 -8.90725 -15.7327 -1.07837 -0.895066 -0.8 0 -0.514372 0.0816645 0.85367
21.8757 -12.5574 -24.5189 0.415116 0 1.9 0 -0.653691 0.410724 -0.635605
41.3693 -13.0874 -23.4734 -0.146333 -0.0897598 -3.7046 0 0.691418 0.325829 -0.644808
31.7997 -30.4956 -13.2195 -0.136634 -0.738757 -3.5 0 0.0882272 -0.495605 0.864055
35.9155 -25.3372 -8.17838 1.65192 0.164364 -4.25115 0 0.102392 -0.697279 -0.709449
25.0658 -11.4669 -33.4408 0.401133 0 1.32348 0 0.126712 0.438154 -0.889924
22.1325 -18.1437 4.21287 0.109489 0 2.5 0 -0.142421 -0.90734 0.395537
41.56 -12.5099 -16.8009 0.881519 0.393142 -3.66688 0 0.710824 0.522271 0.471128
23.3389 -33.155 -13.1371 -0.830591 0 -3.72819 0 -0.351947 -0.215065 0.910978
37.004 -13.1292 -4.1135 1.14992 0 -0.4 0 -0.0735408 -0.604927 0.792878
18.362 -23.2202 1.68425 0.260465 0 -4.5 0 0.561356 -0.800074 0.211568
38.8268 -7.9155 -27.04 0.136568 0.343724 -3.24689 0 0.170317 0.815519 -0.553101
16.8687 -1.885 -16.9545 0.12364 0 -3.2 0 -0.282568 0.953689 0.103119
28.4228 -8.25925 3.952 4.44841 0 -3.5 0 0.398674 0.726519 0.559669
14.8409 -4.2075 -14.226 -0.535789 -0.71364 1.15669 0 -0.48647 0.634688 0.600432
42.7135 -12.9137 -17.4932 1.0645 0.379461 -3.57004 0 0.513526 0.490791 0.703857
20.0739 -35.1314 -22.498 -0.249762 0 -3.5 0 -0.488105 -0.869813 -0.0719646
16.1791 -2.4665 -15.9421 0.135443 0 -3.2 0 -0.217297 0.949445 0.226576
23.0615 -9.383 -29.9445 -0.159887 0 -2.0817 0 -0.922204 0.386692 -0.0028794
24.8055 -8.029 -31.3635 -0.164342 0 -3.5 0 -0.832743 0.422008 -0.358398
36.1279 -25.4906 -23.6187 0.538342 0 -3.9 0 -0.0184459 -0.974083 -0.225437
41.776 -16.6315 -24.8115 -0.0474196 -0.189177 -3.5 0 0.637234 -0.170727 -0.751522
32.9046 -7.9955 -9.28375 -0.147352 0 2.37719 0 -0.2445 0.867343 -0.433516
39.2395 -23.659 -26.0788 0.826429 0 -0.4 0 0.554038 -0.824044 0.118295
26.0907 -7.64625 -9.8205 0.284107 0 -3.2 0 0.161911 0.97671 0.140791
29.1572 -27.8514 0.782 1.07389 0 -2.11937 0 -0.0835019 -0.783532 0.615715
15.2691 -23.1795 -27.2868 -0.294789 -0.0999181 0.412073 0 -0.538929 0.826701 -0.161619
38.97 -12.656 -4.9815 0.548184 0 -0.4 0 0.929683 -0.359282 0.0812823
16.7815 -17.1485 -19.9115 -1.2658 0 -3.5 0 -0.267819 -0.496505 -0.825685
35.85 -19.061 -28.751 -0.111046 0 -0.7 0 0.448941 0.142231 -0.882169
27.9896 -32.8666 -27.0675 -0.346644 0 3.0465 0 0.342694 -0.870513 -0.353225
34.2552 -18.6022 -29.0815 -0.170656 0 -0.7 0 0.457723 0.0841156 -0.885107
31.365 -28.5725 -11.589 0.615228 0 -4.5 0 0.930109 -0.332901 0.155158
10.339 -32.197 -16.886 -0.928253 0 2.8 0 -0.651805 -0.580341 -0.488216
35.3796 -7.00513 -10.037 -0.159991 0 2.5 0 0.111798 0.989591 0.0906163
41.3041 -18.2201 -14.2354 0.435764 0 2.39598 0 0.717554 -0.104707 0.688588
17.6384 -32.503 -8.098 0.1629 0 -1.3 0 -0.324182 -0.226832 0.918397
38.0337 -10.2156 -14.8924 0.837683 0 -3.5 0 0.26416 0.938238 0.223449
10.22 -17.7145 -12.4467 -0.455727 0 -3.9 0 -0.97359 0.117202 0.195922
34.682 -13.8713 -5.466 1.78795 -0.727986 -0.897011 0 -0.155398 -0.257658 0.953658
39.0399 -14.8084 -8.095 0.895396 0 -3.5 0 0.981675 0.119796 0.148197
19.4697 -6.2635 -8.414 -0.336988 0 0.488163 0 0.0988925 0.512479 0.852986
46.7095 -5.6675 -17.9328 2.83209 0.15488 -3.9 0 0.840675 0.444681 0.30907
42.1934 -13.4426 -16.1917 0.655924 0.0222811 -1.07957 0 0.854815 0.431369 0.288465
14.913 -11.9246 -18.5171 3.90384 0 -3.9 0 0.441261 0.660936 -0.607003
33.1152 -8.0845 -10.6615 0.463565 0 2.5 0 -0.327424 0.943807 -0.0449698
25.7884 -4.46637 -24.6104 -0.433093 0 -3.5 0 -0.693052 0.67719 0.247169
25.4076 -17.0486 -35.228 -1.06989 -0.00176114 -0.4 0 -0.165074 -0.67953 -0.714835
41.9801 -29.8326 -7.96488 0.380026 0 3.8 0 0.195555 -0.546485 -0.814317
45.08 -13.4245 -19.1795 0.374994 0 -0.4 0 0.898329 0.425098 0.110886
41.482 -21.3866 -18.3094 0.210145 0 -0.9 0 0.59453 -0.782582 -0.184661
21.0401 -0.66475 -17.8011 0.0735277 -0.038807 -0.4 0 -0.0495316 0.998047 0.0380722
35.752 -12.6213 -28.2122 -0.217871 0 -2.23135 0 0.160563 0.503984 -0.848658
14.2677 -28.2944 -28.9601 -0.144314 0 -4.5 0 -0.740978 -0.172781 -0.648921
42.0699 -26.2299 -7.78662 0.302017 0 -2.57602 0 0.362626 0.355959 -0.861276
12.529 -28.275 -25.81 -0.310776 -0 -4.5 0 -0.787717 -0.130988 -0.601951
41.3006 -17.7237 -24.614 0.0879627 0 -0.653585 0 0.585696 -0.341254 -0.735191
14.9471 -24.0543 5.29325 0.427977 0 -4.5 0 0.168564 -0.141422 0.975493
45.1375 -6.55662 -20.3064 1.95409 0.256241 -3.9 0 0.352561 0.377165 -0.856415
30.6532 -4.7375 -21.324 0.370547 0 -3.52907 0 0.481638 0.516957 0.707659
33.5565 -2.363 -25.038 0.125915 0 -0.8 0 0.826763 0.561682 0.0312597
13.1964 -17.1254 -14.9895 -0.0424757 0 -1.3 0 -0.553997 -0.134258 -0.821622
39.0249 -6.6855 -25.6807 0.175255 0 -1.6 0 0.230337 0.619129 -0.750749
17.534 -33.8319 -25.5124 -0.833047 0 -1.3 0 -0.50773 -0.644544 -0.571641
33.955 -8.25725 -24.5344 -0.183861 0.28018 -0.4 0 0.0390124 -0.434586 -0.899785
21.7967 -31.362 -11.443 -0.0201059 0 1.31422 0 0.508581 -0.858317 0.0680931
14.9923 -19.0325 -21.2754 0.396809 0 -4.5 0 0.243308 0.83162 -0.499209
36.004 -4.2475 -25.789 -0.186559 0 -0.4 0 0.68153 0.595526 -0.425282
9.92612 -16.8428 -4.0955 0.333909 0 -4.5 0 -0.251694 0.0738585 0.964984
19.177 -10.5974 -4.8645 -0.0869835 0 2.8 0 0.114426 0.904734 0.410321
16.0289 -16.9295 -24.5368 -0.899521 -0.158712 -3.9 0 -0.785728 0.253275 0.564343
21.737 -4.4505 -28.1915 0.72432 0.568287 -3.9 0 0.0301195 0.760332 -0.648836
18.9109 -5.406 -26.0481 2.31133 0 -3.9 0 -0.995873 0.0819429 -0.0390141
22.7165 -2.488 -19.7565 0.000267864 0 -0.4 0 0.833102 0.52837 -0.163604
6.094 -25.347 -24.9498 -0.698921 0 -3.5 0 -0.678766 0.701148 0.218331
28.1702 -24.6216 -32.6562 -0.377369 0 -0.7 0 -0.130374 -0.534573 -0.835006
24.0695 -20.2701 -31.6938 -1.13009 -0.739916 -1.3 0 0.377809 -0.648148 -0.661184
39.254 -12.1601 -11.6056 0.759615 0 -3.5 0 0.896263 -0.2257 0.381801
34.085 -26.651 -21.0935 0.362636 0.403565 -0.680623 0 0.311191 -0.409543 -0.857575
11.7288 -8.78575 -8.996 0.449223 0.305328 -3.5 0 -0.745517 0.486704 -0.455327
34.8307 -13.056 -4.87125 0.323018 -0.787218 -0.4 0 -0.0869108 -0.756917 0.647707
36.7469 -16.7221 -27.8242 -0.220478 -0.0813884 0.878412 0 0.31123 -0.423698 -0.850656
37.6268 -25.428 -23.7148 0.843324 0 -3.9 0 0.10077 -0.803966 -0.586075
23.4291 -7.83388 -10.7388 0.000394482 0.349992 -3.5278 0 0.383584 0.794013 0.471601
31.9783 -18.1551 1.18338 0.88021 0 -4.21618 0 0.803825 0.168004 -0.570648
14.4202 -17.6156 -18.8423 0.545338 0 -4.5 0 -0.541263 0.83655 -0.0849625
23.2682 -3.45487 -20.5467 0.113322 -0.0661036 3.31666 0 0.588508 0.798332 0.12777
17.9277 -5.541 -20.8905 -1.26015 -0.300477 -3.5 0 -0.821256 -0.0466888 -0.568646
12.517 -9.054 -10.903 0.125439 0 -3.5 0 -0.761668 0.384019 -0.521911
40.3525 -15.1069 -13.4768 0.153812 0 -3.14364 0 0.644506 0.0232899 0.764244
13.1993 -22.387 -5.152 0.00695115 -0.272301 -3.5 0 -0.687657 0.397626 0.607472
30.434 -33.706 -26.6589 -1.72883 -0.608291 -3.5 0 0.0234956 -0.889951 -0.45545
11.6128 -19.231 -16.3253 -0.475288 0 2.8 0 0.213389 0.945978 -0.244112
32.938 -8.49775 -15.233 0.0438482 0 -1.07676 0 0.640738 0.750255 0.163006
36.3494 -3.95187 -22.7346 -1.10938 -0.363584 -1.6 0 -0.0391964 0.97461 0.220454
39.3629 -25.8081 -19.3271 1.44652 0 -2.89705 0 0.783473 0.119542 0.60982
39.9635 -19.568 -5.77763 0.705817 0 1.8 0 0.88717 0.121342 0.445203
12.2098 -17.2875 -14.6958 -0.41772 -0.119535 -2.95818 0 -0.110821 -0.0085835 -0.993803
37.0624 -7.14375 -0.804125 -0.830476 -0.215445 -3.5 0 -0.00244343 0.895214 0.445629
15.2984 -16.7926 -19.3487 -0.355106 -0.627636 -3.35136 0 -0.734375 0.506105 -0.452273
20.7393 -8.0495 -22.0828 -0.169866 0 4.5 0 -0.855057 -0.479311 -0.197835
44.744 -4.922 -18.9865 2.81852 0.0409779 -3.9 0 -0.31611 0.880256 -0.353869
34.9478 -24.2275 -1.09025 -0.147901 0 -3.5 0 0.602391 -0.48995 0.630138
33.5074 -11.7172 -28.6085 -1.0662 0 -0.160943 0 0.511916 0.850086 -0.123679
40.6451 -21.4081 -21.0429 0.906523 0 -0.9 0 0.823541 -0.336426 -0.456725
39.1749 -31.1248 -21.8989 0.645014 0 1.9 0 -0.00878697 -0.998649 -0.0512069
21.7394 -12.7779 4.93888 -0.307496 0 2.05468 0 -0.913596 0.343851 0.217047
9.577 -25.6315 -9.14325 0.974924 0 -3.9 0 -0.238147 0.877371 0.416541
10.8842 -23.9223 -9.317 0.11394 -0.0617106 -3.9 0 -0.797024 -0.0973698 0.596047
19.3792 -6.83862 -25.4762 -0.139761 -0.722903 -3.60181 0 -0.798177 -0.59981 0.0560486
17.1966 -20.2096 3.444 0.24334 0 -4.5 0 0.0126363 0.408388 0.912721
12.6833 -28.2423 -10.7111 0.0771377 0 -3.9 0 0.424468 -0.869634 0.252118
13.9109 -15.3293 -17.3436 0.377744 0 -3.9 0 -0.505988 -0.561827 -0.654466
25.1241 -22.0315 0.2485 0.160262 0 -3.5 0 0.025934 -0.414694 0.909591
14.2491 -32.473 -20.905 -0.11304 0 0.606953 0 -0.435622 -0.80742 -0.397878
16.3377 -27.7674 -5.01463 -0.984171 -0.901143 -3.5 0 -0.0244441 -0.672728 0.739486
18.2078 -14.8897 -33.4263 2.29315 0.0989777 -3.9 0 0.456277 0.721909 -0.52025
33.406 -26.9085 -8.16912 0.843848 0 -1.73061 0 0.273815 -0.773655 -0.571387
44.1475 -7.94438 -16.4457 1.29355 0 -3.9 0 -0.126998 -0.228431 0.965241
39.8698 -29.8909 -8.62537 0.55782 0 4.5 0 0.376765 0.204544 -0.903444
35.546 -7.02112 -25.7944 0.00580451 0 -0.4 0 0.259711 -0.34361 -0.902487
34.1743 -25.8434 -22.1252 0.768698 0.959436 -3.5 0 0.233755 -0.833091 -0.501317
25.7768 -14.8776 5.78 0.368678 0 -2.01311 0 0.245755 0.249601 0.936645
24.908 -21.08 0.767 0.45172 0.504638 -3.5 0 -0.0642997 -0.384404 0.920923
17.5648 -9.86088 -6.595 -0.546856 -0.494439 0.936027 0 -0.435723 0.330076 0.837374
10.5884 -23.0382 -20.2899 -0.0429704 0 2.5277 0 -0.982225 -0.187697 -0.00176086
9.2635 -14.673 -5.508 0.342266 0.617841 -4.5 0 -0.216173 0.567678 0.794362
43.0965 -29.9767 -5.5215 0.294735 0 3.8 0 0.185117 -0.963633 0.192725
28.3224 -2.92825 -18.4124 0.467802 0 -3.5 0 0.157961 0.752488 0.639383
10.5503 -25.1264 -9.27075 0.504212 0 -3.9 0 -0.587804 0.546187 0.596797
41.1281 -22.439 -11.5212 0.64212 0 -3.9 0 0.9505 0.248128 -0.187036
37.4543 -9.24337 -10.2338 0.669324 0 0.413708 0 0.578572 0.610019 0.541416
24.6841 -27.6476 2.16175 0.397069 0 -1.6 0 -0.460237 0.0230813 0.887496
41.1239 -15.6299 -14.2216 0.141875 -0.1664 -0.633691 0 0.766656 -0.00851452 0.642001
37.5135 -4.04087 -22.5152 -1.29178 -0.465774 -1.6 0 0.492676 0.76875 0.407792
20.2035 -7.64213 -21.0114 -0.0291867 0 -3.5 0 -0.622976 -0.589046 -0.51471
23.8657 -4.834 -23.334 -1.30929 0 4.5 0 0.156067 0.693578 -0.703273
27.895 -21.758 1.5995 0.309368 -0.0103449 4.5 0 -0.504796 -0.482038 0.716115
12.3474 -24.048 -25.8545 0.0911559 0 1.8 0 -0.506746 0.125154 -0.852962
34.6039 -27.1937 -27.3958 0.222998 0 4.2 0 0.869832 -0.431732 -0.238745
23.9974 -31.9501 -27.5705 -0.333865 0 3.8 0 -0.385114 -0.667738 -0.637035
22.169 -7.4665 -28.8035 0.340364 0 -3.9 0 -0.0859453 -0.126404 -0.988249
20.9653 -20.6667 -31.63 -0.13982 0 4.2 0 -0.780581 -0.0760219 -0.620414
13.2823 -11.41 -13.2209 -0.225956 -0.0910571 -3.83121 0 -0.635375 0.767372 -0.0862494
29.7241 -6.42263 -30.8416 -1.10039 -0.792812 -3.5 0 0.834419 -0.29735 -0.464034
8.97112 -20.9721 -13.9259 -0.466276 -0.135831 1.64457 0 -0.933231 -0.350687 -0.0780944
18.0448 -36.5234 -19.9165 0.109014 0 -1.6 0 0.329345 -0.483053 -0.81129
26.7118 -8.04675 -4.89825 0.667137 0 -1.6 0 0.0636577 0.958675 0.27729
40.5435 -20.6747 -27.7892 0.13881 0 -0.4 0 0.765435 0.409716 -0.496228
34.4907 -25.073 -28.3517 1.12845 0.421586 4.2 0 0.871831 -0.311715 -0.377815
15.661 -7.1925 -18.82 0.174775 0.132247 -3.2 0 -0.361801 -0.60838 -0.706381
12.2675 -8.127 -8.3885 0.126199 0.255438 -3.5 0 -0.302364 0.952723 0.0299236
34.4665 -11.073 -27.0055 -0.696916 0 -0.8 0 -0.0119087 0.96174 -0.273706
31.813 -7.81625 -8.879 -0.719698 -0.142519 -3.5 0 -0.467067 0.68909 -0.554079
37.1479 -8.22188 -11.9764 0.920583 0 2.5 0 0.698148 0.557266 -0.449494
14.1962 -36.8618 -17.2397 0.247717 0 -1.6 0 -0.677796 -0.689583 0.255083
27.9702 -30.7606 -4.87925 0.376902 0 -3.9 0 0.826642 -0.474729 -0.302152
36.3779 -24.6195 -9.26325 1.74984 0.495905 -4.16579 0 -0.0630783 -0.908556 -0.412973
7.85038 -19.9242 -5.62775 0.676538 0 -4.5 0 -0.727945 -0.0584335 0.683141
42.5207 -13.744 -22.991 -0.268619 0 -1.98153 0 0.564824 0.230925 -0.792242
41.5619 -11.6383 -27.6978 -1.2014 -0.345585 -3.5 0 0.886561 -0.187081 -0.423096
27.6334 -2.511 -21.9601 0.207414 0 -3.5 0 -0.255544 0.965138 -0.0566164
34.3665 -31.2423 -21.2245 -0.377618 -0.782505 1.63247 0 0.00947987 -0.879819 -0.475215
24.2463 -3.75425 -22.5882 -1.23389 -0.450656 4.5 0 0.296928 0.844267 -0.446147
25.5085 -36.0941 -14.2446 0.0488743 -0.469262 -3.67364 0 0.20708 -0.950817 -0.230358
9.0335 -18.97 -11.03 -0.299782 0 -4.5 0 -0.827901 0.507049 -0.239752
32.6012 -32.7417 -17.4895 -0.684712 0 -3.5 0 0.165713 -0.961759 -0.218079
9.5705 -18.8245 -19.982 0.407576 0.675018 -4.5 0 -0.769688 0.636753 -0.0461031
26.6488 -15.8665 -36.0107 -1.26353 -0.82467 -0.4 0 0.28603 0.103889 -0.952572
18.6893 -26.6034 -3.15788 0.0147243 0 2.5 0 0.265363 -0.783572 0.561781
33.4984 -18.6453 -29.7913 -0.747077 -0.286598 -1.15009 0 0.87394 0.153094 -0.461293
15.7555 -34.0988 -21.389 -0.142859 0 -1.58754 0 -0.674187 -0.578072 -0.459679
28.4573 -18.7743 5.99075 0.599179 0 -4.5 0 -0.190684 -0.655528 0.7307
14.2276 -30.322 -26.5204 -1.42582 -0.244879 -4.5 0 -0.38578 -0.831394 -0.399948
18.0868 -5.06025 -24.1702 -1.36897 0 -3.5 0 -0.90325 0.250764 -0.348219
14.0625 -7.834 -10.3275 0.18028 0 -3.5 0 -0.196279 0.96894 -0.150435
16.6518 -13.6873 -0.25725 -1.42728 -0.539528 -3.5 0 -0.350819 0.857418 0.37651
26.2178 -4.70825 -16.2134 -0.353664 0 -0.8 0 0.336328 0.766303 0.547415
40.7598 -28.5637 -19.5206 0.7088 0 1.9 0 0.967345 0.0237715 0.252347
36.226 -7.956 -6.6735 0.633553 0.236391 -3.5 0 0.901119 -0.236865 -0.363151
23.209 -38.801 -17.791 0.232542 0 -3.9 0 -0.333787 -0.720704 0.607595
19.0518 -33.7337 -27.3526 -0.0183743 0 -4.5 0 0.0633214 -0.922994 -0.379569
16.1679 -33.1516 -9.73413 -0.213173 0 -2.62545 0 -0.748234 0.0918682 0.657044
16.481 -13.0365 -20.7415 -1.63403 0 -3.5 0 -0.150936 0.978419 -0.141121
19.3465 -1.913 -21.983 -0.712093 -0.715447 -3.5 0 -0.536884 0.741139 -0.403074
23.1479 -9.69525 -26.523 -0.131275 0 -3.9 0 -0.651304 -0.718482 -0.244103
21.5101 -8.28938 -28.178 0.378069 0 -3.9 0 -0.316208 -0.705098 -0.634704
29.5855 -30.792 -12.5557 -0.494414 -0.186731 -4.5 0 0.554749 -0.828336 -0.0781921
21.382 -21.321 -0.4445 0.0334927 -0.0966017 -3.75837 0 -0.284117 -0.647317 0.707289
9.9035 -18.5818 -11.8612 -0.519805 -0.864218 -4.5 0 -0.848508 0.528926 -0.0164659
18.895 -17.9967 -31.8678 0.746701 -0.354663 -3.66518 0 -0.209966 -0.958571 -0.1925
41.0365 -15.1165 -26.688 -0.619201 -0.106473 -3.5 0 0.939073 -0.0431241 -0.341003
29.1104 -33.1654 -26.5171 -1.75353 0 -3.5 0 -0.13553 -0.893401 -0.42833
24.3552 -36.9012 -20.8196 0.949304 0 -3.9 0 0.113623 0.174544 -0.978072
10.097 -24.6432 -5.0755 -1.04847 0 -3.5 0 -0.786702 0.446157 0.426665
15.0763 -34.4292 -10.0596 -0.567106 0 -3.2 0 -0.698595 0.349076 0.624589
12.918 -35.4538 -15.377 -1.43751 0 -1.6 0 -0.700537 -0.709392 0.0775281
10.6925 -20.5755 -5.90675 0.638492 0 -4.5 0 -0.0133068 -0.631054 0.775625
14.4485 -7.77975 -15.0255 -0.208096 0 2.05954 0 -0.901023 -0.288666 0.323773
40.4077 -28.7859 -23.0434 0.50878 0 1.9 0 0.816361 0.130815 -0.562532
20.325 -22.813 -3.5885 0.0425665 0 2.5 0 0.298948 -0.397495 0.867541
34.8425 -25.3183 -13.5645 1.51737 0 -1.6 0 0.402869 -0.351945 0.844885
33.763 -19.8106 -30.8751 -0.461913 -0.0583867 -2.56909 0 0.769359 0.624807 -0.133054
20.5535 -18.6273 2.87175 -0.419774 0 1.95358 0 0.0846504 -0.729313 0.678923
41.1292 -21.0273 -25.5355 0.937653 0.0918235 -0.4 0 0.996103 0.0250557 0.0845694
29.817 -10.0326 -1.31138 1.90048 0 -3.6236 0 -0.604741 0.794662 -0.052923
13.5457 -7.2235 -15.8435 -0.265042 0 -3.2 0 -0.718019 -0.5842 0.378363
9.324 -25.7013 -11.1523 -0.0656451 0 -2.15074 0 -0.911804 -0.178093 -0.369996
27.7535 -8.422 -4.727 0.462628 0 -1.6 0 0.463277 0.588116 0.662943
26.5923 -31.8635 -2.56794 0.974768 0 -3.9 0 0.669274 -0.219284 0.709921
16.0818 -14.6209 -32.8311 1.54025 0 -3.9 0 -0.559886 0.490356 -0.667891
24.8554 -3.31588 -14.9434 0.33794 0 -3.9 0 0.883132 0.238177 -0.404165
36.2812 -31.416 -9.77888 0.42966 0 4.5 0 -0.689215 0.00983334 -0.72449
10.0516 -29.8275 -16.8301 -0.802492 -0.893453 2.8 0 -0.881821 0.390921 -0.263767
34.755 -3.81675 -23.6558 0.487409 0 -0.4 0 0.497948 0.807135 0.317146
40.8408 -14.184 -26.138 -0.542283 0 -3.5 0 0.982603 0.172969 0.0676269
29.5338 -29.9303 -2.4455 -0.82043 -0.140772 -1.6 0 0.66897 -0.743049 -0.0189066
17.535 -36.2887 -7.74125 -0.42121 0.0130627 -3.2 0 0.709694 -0.298811 0.638002
36.031 -25.0545 -25.9694 0.436945 0 -3.9 0 0.589725 -0.78147 -0.203788
31.6038 -9.21925 -26.0322 -0.6023 0 4.5 0 0.792144 0.111533 -0.600057
36.651 -12.37 -3.435 1.06111 0 -0.4 0 -0.0184089 -0.624927 0.780466
40.1645 -25.837 -9.771 0.998257 0 -3.9 0 0.172437 -0.93406 -0.312727
11.5603 -12.6145 -15.0905 0.451271 0 -3.9 0 -0.77985 0.581852 -0.230829
33.6034 -25.7231 -11.8603 1.47173 0.858355 -4.058 0 0.842432 -0.531197 0.0902119
38.045 -26.2878 -17.386 1.19858 0 -1.6 0 0.813448 -0.241334 0.529207
23.5215 -2.6995 -16.7313 0.14161 0 -0.4 0 0.856349 0.437655 -0.274089
36.6004 -21.9126 -28.2974 0.215772 0.0788277 -0.672649 0 0.421191 0.232881 -0.876564
14.5758 -35.8742 -9.247 -0.403726 0 -3.2 0 -0.904022 0.36468 0.223055
31.4586 -2.28475 -28.7534 -0.614759 0 -3.5 0 -0.316299 0.80336 -0.504547
34.8916 -9.16125 -24.4311 -0.211504 0.957604 -0.4 0 -0.283007 0.0505896 -0.957783
42.1956 -9.89375 -22.7615 -0.947545 -0.371527 -3.9 0 0.607486 0.349099 -0.713506
39.4692 -8.82137 -1.4205 -1.24647 -0.0868649 -3.5 0 0.93107 -0.197001 -0.307081
8.78063 -26.5217 -27.1297 -1.42059 -0.0826104 -3.5 0 0.590529 -0.364506 -0.720008
39.0184 -11.7188 -4.38275 0.537625 0 -0.4 0 0.920579 -0.0641157 0.385258
30.3455 -33.4131 -16.6173 -0.290316 -0.18695 0.0369119 0 0.00714535 -0.815571 0.578613
25.124 -33.4575 -25.1112 -0.24259 0 3.8 0 -0.150626 -0.969373 -0.19398
38.3976 -13.4195 -6.615 0.849358 0 -1.9606 0 0.991206 -0.0652713 -0.115109
12.8094 -27.0648 -14.237 -0.606347 0 4.2 0 -0.969517 -0.244263 -0.0192741
20.9766 -13.6201 5.252 -0.209444 0 2.5 0 -0.772304 0.633166 0.051455
14.48 -37.448 -10.976 0.423632 0 -3.2 0 -0.940365 -0.30418 -0.152277
13.5133 -7.3625 -17.8027 0.185757 0 -3.2 0 -0.74876 -0.339997 -0.569
7.8625 -16.4242 -5.74975 -0.129628 0 -4.5 0 -0.769028 0.210511 0.603557
34.23 -8.70375 -13.1967 0.212423 -0.0164117 3.4175 0 0.28589 0.618429 -0.731992
18.2644 -6.18988 -22.6364 -1.92807 -0.804121 -3.5 0 -0.916159 -0.365478 0.164556
11.6701 -23.3806 -25.2796 0.200501 0 0.727076 0 -0.666473 0.442172 -0.600248
30.3646 -34.32 -17.618 0.0739303 0 4.2 0 0.516024 -0.716734 0.469055
18.9499 -34.485 -11.3241 -0.033044 0 -1.77502 0 0.772473 -0.634129 -0.034139
22.9106 -33.2069 -26.3848 -1.3199 -0.446216 -1.83125 0 0.269491 -0.661221 -0.700115
17.9444 -33.2309 -28.2153 0.522382 0.0138673 -4.5 0 -0.332027 -0.882261 -0.333728
29.1075 -7.825 -32.042 -0.401595 0 -3.5 0 0.794748 -0.319861 -0.515815
29.6982 -22.1454 -33.4446 -0.90995 0 -2.67959 0 -0.476758 0.0778607 -0.87558
13.3079 -26.3643 -28.2756 -1.38412 -0.697354 1.8 0 -0.953567 -0.254515 -0.161035
20.9368 -37.3498 -20.5955 -0.00203719 0 -3.9 0 -0.42201 -0.571044 -0.704142
28.4021 -7.1765 -12.5304 0.0953075 0 4.5 0 -0.197532 0.888722 0.413708
30.5945 -27.9159 -6.04563 0.224824 -0.971447 -3.9 0 -0.102909 -0.994484 0.0202661
13.8745 -35.1043 -18.0907 0.530593 0 -1.6 0 -0.932179 -0.167213 -0.321063
46.9772 -7.13725 -18.1565 1.71098 0.662377 -3.9 0 0.955724 -0.248805 0.157122
30.4233 -8.5675 -6.583 -0.353652 0 1.8 0 -0.394654 0.907459 0.144104
32.9977 -24.1338 0.54875 0.710492 0.521144 -3.67105 0 0.472318 0.165023 0.865842
44.5875 -11.3555 -19.177 0.358122 0 -3.9 0 0.919944 -0.378764 0.101201
23.8366 -24.6271 -0.1225 0.119328 0 -2.67377 0 -0.654328 0.0535307 0.754314
16.7825 -2.67738 -11.9663 0.221084 0 1.9 0 -0.52127 0.843177 0.131647
20.1108 -26.2948 -3.48312 0.150422 0 2.5 0 0.484167 -0.329079 0.810734
34.485 -9.869 -13.812 -0.190774 -0.666403 4.5 0 0.438486 0.800475 -0.408619
41.3436 -10.183 -17.4019 0.199703 -0.127605 -3.66075 0 0.418031 0.0715609 0.90561
37.0029 -7.7715 -25.8277 0.162476 0 -1.6 0 -0.668482 0.26814 -0.693709
19.6665 -2.64725 -13.6725 0.239134 -0.00735175 1.79624 0 -0.263481 0.947414 0.181617
19.3905 -20.3207 -27.464 0.744444 0.726254 -3.2 0 -0.542798 -0.427958 -0.72265
43.8817 -16.3953 -19.9592 0.322623 0 -0.4 0 0.908819 -0.188878 -0.371985
29.744 -9.616 -9.45325 1.07092 0 -3.2 0 0.0275001 0.98571 -0.166192
44.582 -13.4411 -20.89 -0.294364 -0.312504 -0.4 0 0.9421 -0.14422 -0.302734
29.455 -29.158 -9.1165 0.583366 0 -4.5 0 0.440629 -0.719977 0.536171
15.1547 -18.5611 -24.8048 -0.0285066 0 -3.2 0 -0.909961 0.397724 0.11742
33.183 -31.5005 -21.0415 0.498078 0.32957 -3.5 0 0.440249 -0.839723 -0.317879
22.5545 -36.9108 -15.8988 -0.798741 -0.509916 -3.58174 0 -0.204841 -0.887896 0.411924
45.73 -26.1877 -5.51363 0.283352 0 3.8 0 0.754308 0.576492 -0.314126
16.5537 -22.7265 -2.95175 -0.288288 0 0.825656 0 -0.729321 0.0158679 0.683987
28.4045 -21.1961 2.53325 0.404013 0 4.5 0 -0.208579 -0.645346 0.734863
29.5605 -28.1245 -6.5355 -0.0486678 -0.000513452 -3.9 0 0.497477 -0.867051 0.0272111
14.9585 -25.12 3.141 0.0326806 0 -4.5 0 0.483672 -0.870188 -0.093987
35.3667 -11.3853 -2.7895 0.481041 -0.0184769 -0.4 0 0.00437997 -0.753203 0.657774
26.7122 -24.7108 0.88525 0.147738 -0.0901043 -0.899021 0 -0.024262 0.226165 0.973787
38.7229 -9.044 -16.732 0.40215 0 -3.5 0 0.334467 0.626619 0.703904
46.3208 -8.07038 -18.1894 1.91153 0 -3.9 0 0.932099 -0.358338 0.0527749
21.7126 -11.75 4.6485 -0.494715 0 -2.66344 0 -0.930304 -0.297545 0.21448
26.5186 -36.5168 -17.8051 1.8013 0.0810912 -3.9 0 0.420786 0.266503 0.86713
39.6629 -24.3061 -1.57925 0.515697 0 -0.4 0 0.454996 0.0159405 0.890351
39.885 -16.701 -27.288 0.131423 0 -3.5 0 0.485078 -0.392326 -0.781524
34.3332 -7.263 -11.4812 -0.0455679 0 2.5 0 -0.376792 0.898047 -0.227021
37.5625 -14.8783 -5.835 1.46556 0.296239 -2.07847 0 0.466831 -0.606696 0.64342
22.4656 -23.5976 -3.07675 0.148126 0.769266 3.33213 0 -0.696117 -0.676357 0.240752
25.437 -1.85225 -29.526 -1.56878 -0.699298 -3.5 0 -0.770771 -0.377071 -0.513546
37.8244 -30.5088 -22.7325 0.578623 0 1.9 0 -0.41891 -0.737307 -0.529993
12.9672 -15.1418 -16.9945 0.726368 0 -3.9 0 -0.518961 -0.751585 -0.407185
17.5305 -16.5305 -34.075 2.21829 0.15698 -3.9 0 -0.161687 -0.228319 -0.960066
15.6045 -17.2673 0.5575 -1.27381 0 -3.5 0 -0.890026 -0.193364 0.412873
21.4018 -0.4575 -13.258 0.526105 0 -3.9 0 -0.71393 0.691113 0.112549
23.798 -28.7155 -29.7984 -1.78229 -0.144017 -3.5 0 0.724136 -0.146031 -0.674019
26.9876 -34.6343 -22.0696 0.120298 0 4.2 0 0.0551966 -0.722177 -0.689503
14.6759 -9.52087 -15.7639 0.0712042 0 -2.5966 0 -0.978006 0.16439 0.128376
17.6822 -19.337 -22.103 0.0365261 0.267109 2.80555 0 -0.569691 0.478721 0.668041
19.2932 -5.29012 -28.4205 2.43543 0.310131 -3.9 0 -0.483124 0.183699 -0.856064
22.0063 -0.690875 -18.9597 -0.0660471 0 -0.4 0 0.38127 0.891106 -0.246095
41.131 -23.6445 -22.486 3.03362 0.134364 -3.9 0 0.885196 0.268165 -0.380153
40.0298 -22.7146 -23.0602 1.39694 0.129164 -3.9 0 0.896974 0.284514 -0.338361
29.159 -15.0112 4.8765 0.717051 0.0234254 -4.5 0 0.199935 0.542282 0.816062
18.4538 -12.3158 -16.6663 -0.413101 0 2.8 0 -0.497388 0.384154 -0.777837
31.7294 -13.7974 -0.4025 0.754654 0 -1.7915 0 0.966797 -0.180998 -0.180397
7.7705 -28.1777 -6.796 2.35749 0.131674 -3.9 0 -0.631008 0.303766 0.713832
21.8654 -6.69863 -10.3457 -0.211568 0 1.84429 0 0.668526 0.277335 0.690042
38.4666 -6.1535 -18.3489 0.9929 0.417673 -3.5 0 -0.0922524 0.948824 0.302032
30.845 -28.1075 -3.854 0.696735 0 -3.9 0 0.024238 -0.928425 -0.370729
44.2775 -6.783 -16.5818 1.70944 0.00901352 -3.9 0 -0.0593169 0.210907 0.975705
39.195 -29.1211 -24.1564 0.259488 0 1.9 0 0.00725005 0.0572905 -0.998331
36.128 -15.5219 -29.2484 -1.82101 -0.371595 -0.8 0 0.412709 -0.28651 -0.864629
9.45212 -19.8231 -21.2603 0.180299 0 -4.5 0 -0.815917 0.293387 -0.4982
26.4662 -25.3298 -31.3869 -0.201491 0 -0.7 0 -0.515181 -0.705723 -0.486357
39.8421 -6.903 -21.4504 0.45156 0.373577 -2.95371 0 0.498716 0.83865 0.218972
37.263 -21.1612 -3.55275 1.3098 0.189598 -0.839243 0 0.37915 0.761436 0.525795
30.3845 -28.8708 -2.8705 0.220927 0 -2.78146 0 0.33891 -0.900153 -0.273615
34.6772 -32.1054 -16.9914 0.0417783 0 -3.5 0 0.8375 -0.538371 0.0935417
19.1635 -14.2043 0.4305 -0.933446 0 -1.99237 0 0.158789 0.928129 0.336694
33.2277 -10.5782 -0.87875 3.28069 0.0987973 -3.9 0 0.507784 -0.172897 0.843956
39.92 -19.3178 -11.974 0.344645 0 -0.550236 0 0.838601 0.328329 0.434681
39.361 -8.882 -28.9272 0.26364 0.0562954 -3.5 0 0.423766 0.623757 -0.656772
24.8551 -32.4461 -9.73175 0.170162 0 -3.9 0 -0.276456 -0.835645 0.474625
40.0373 -23.2144 -2.24362 0.600471 0 -0.4 0 0.580046 0.464783 0.668972
25.308 -29.3285 -28.5823 -0.368582 0 -1.94649 0 0.0873884 0.0705669 -0.993672
34.8831 -20.3587 -29.8384 0.183605 0 -2.09589 0 0.745612 0.610111 -0.268009
40.8042 -12.5288 -26.517 -0.661174 -0.858169 -3.5 0 0.935324 -0.188893 0.299145
40.5106 -24.8039 -2.40488 0.286895 0 0.576961 0 0.700617 0.1367 0.700321
10.1655 -14.9209 -13.6252 -0.0264395 0 -3.9 0 -0.91837 0.0670222 -0.390005
33.284 -14.2656 -32.0872 -0.216278 0 2.8 0 0.0117763 -0.268662 -0.963162
22.875 -29.8655 -5.14375 0.276429 0 -2.55977 0 -0.711503 -0.268411 0.6494
13.9529 -3.617 -14.9721 0.0619482 0 -3.2 0 -0.582024 0.571451 0.578526
19.0217 -12.6228 -17.9619 -0.592827 0 -0.498986 0 -0.68142 0.709921 -0.177989
35.2738 -9.21062 -13.0125 0.322983 0 1.4956 0 0.225197 0.420084 -0.879099
13.8298 -28.059 -11.206 0.0425391 0.47922 -3.9 0 -0.0838056 -0.931021 0.355214
40.7368 -9.70825 -26.0513 -0.370606 -0.196589 -2.72019 0 0.932599 0.357568 -0.0490286
32.207 -27.9699 -7.22538 -0.525624 -0.183787 -3.98134 0 0.177908 -0.856175 -0.48509
20.9609 -1.20788 -14.3859 0.0292274 -0.0450368 -2.30099 0 -0.488226 0.871774 0.0405556
28.244 -32.275 -27.9935 -0.268554 0 3.8 0 0.498617 -0.690959 -0.52341
39.6297 -31.0421 -8.9325 0.417513 0 4.5 0 0.487896 -0.0297987 -0.872393
43.537 -6.40825 -17.148 1.3939 0 -3.9 0 -0.666387 0.571658 0.478681
22.1472 -32.0695 -13.0625 -0.138051 0 0.150169 0 0.120971 -0.38817 0.913614
31.047 -9.31487 -9.3425 0.516632 0.121427 -1.79253 0 -0.576591 0.750587 -0.322742
23.682 -12.843 -34.384 -0.884515 -0 1.8 0 -0.244722 0.477255 -0.844001
26.5961 -21.3256 -31.3215 -0.214966 0 -0.993156 0 -0.701197 -0.0786547 -0.708616
20.4976 -19.6824 -31.0425 -0.497509 0 -2.12727 0 -0.830066 -0.245077 -0.500927
17.7693 -18.057 -31.3913 1.37621 0.234543 -3.9 0 -0.00321852 -0.960073 -0.279732
25.2794 -36.6635 -16.3161 -0.135409 -0.0237429 -3.84302 0 0.878463 -0.139463 0.457005
19.0058 -14.2258 -27.8413 -0.857332 -0.718777 4.2 0 -0.167678 0.947621 0.271844
40.9328 -20.4546 -12.6155 -0.417495 -0.350737 -3.9 0 0.876531 0.276796 0.393798
21.3779 -12.0045 -23.4627 0.484978 0.00105471 1.9 0 -0.707166 0.390113 -0.589685
20.3784 -11.708 -20.0249 -0.632401 -0.000409962 1.9 0 -0.881765 0.391949 -0.262426
11.6325 -28.8757 -16.316 -0.694146 -0.00710773 2.78548 0 -0.525478 0.705027 0.476245
14.8236 -15.7506 -1.921 -0.115901 0 -3.5 0 -0.953705 -0.299901 -0.022512
30.8544 -12.999 -31.5274 -0.659807 0 2.8 0 -0.0879882 -0.294071 -0.951725
22.1855 -25.7731 -4.5335 0.286189 -0.277157 4.2 0 -0.0373493 -0.0880452 0.995416
17.1737 -17.3662 -22.8325 -0.192554 0 2.8 0 -0.842521 0.0613156 0.535162
22.8059 -23.4186 -0.131375 -1.54112 -0.467283 -3.5 0 -0.47525 -0.262299 0.839843
15.0691 -21.3421 -3.48875 -0.39717 -0.0848802 -1.77243 0 -0.575154 -0.253849 0.777663
20.478 -2.007 -12.6503 0.286291 0 -0.79296 0 -0.617291 0.785844 0.0374167
9.91413 -18.4408 -4.31625 0.837727 0.0216381 -4.5 0 -0.119565 -0.314996 0.941532
10.4285 -28.9415 -8.18425 2.23292 0 -3.9 0 0.598665 -0.693841 0.400232
11.798 -18.538 -15.147 -0.147317 0 0.771584 0 0.144356 0.623013 -0.768776
13.323 -27.9215 -26.7628 -0.349045 0 -4.5 0 -0.862587 0.0639457 -0.501851
11.9307 -29.3575 -14.1915 -1.46714 -0.931477 -1.3 0 -0.661028 0.712729 0.234649
11.6285 -29.0505 -9.6525 0.11501 0 -3.9 0 0.463894 -0.868484 0.174753
35.6259 -3.76163 -6.26038 -1.2449 -0.037629 -3.5 0 -0.171843 0.953808 -0.246416
33.7481 -32.1497 -14.6073 -0.946554 0 -3.5 0 0.648453 -0.561363 0.514179
23.3695 -5.40875 -24.3816 -0.518975 0 0.581896 0 0.234319 0.931173 -0.279307
39.6668 -22.4357 -4.11613 0.836399 0 -0.4 0 0.557529 0.822079 0.115535
22.5807 -21.2455 -0.32375 0.0108512 -0.312326 -2.19753 0 -0.220637 -0.40705 0.886358
17.9164 -13.3953 -18.0853 -0.709205 0 -3.5 0 -0.288957 0.95683 0.0313244
21.3008 -7 -28.9805 0.503833 0 -3.9 0 -0.00553247 -0.116686 -0.993153
18.358 -31.6082 -31.0173 0.458702 0 -4.5 0 0.206488 -0.612775 -0.762804
29.2195 -1.9475 -23.987 0.357983 0.878727 -3.35826 0 -0.381767 0.839673 0.386268
26.2759 -17.2111 5.16237 0.726161 0 -4.5 0 -0.250706 -0.338105 0.907101
29.4659 -2.758 -21.4923 0.759394 0.815488 -3.5 0 0.24017 0.847974 0.472502
35.9689 -13.499 -4.69362 1.40775 0 -0.4 0 -0.274547 -0.513328 0.813092
15.9257 -34.998 -20.883 -0.105288 0 -1.6 0 -0.413565 -0.431686 -0.80163
31.8638 -0.6575 -24.9499 -0.0632302 0 -0.8 0 0.0286945 0.999557 -0.00794816
18.7374 -15.6829 -33.7995 1.78961 0.135928 -3.9 0 0.296164 0.454991 -0.839803
34.218 -11.939 -3.12 0.579934 -0 -0.4 0 0.303194 -0.763737 0.569894
31.553 -23.385 0.593 0.673433 0 -3.9 0 0.387697 0.380601 0.839544
25.3342 -9.64188 -32.7404 -0.352446 -0.296255 -1.43335 0 -0.0188728 0.586962 -0.809394
29.5252 -3.843 -18.7288 0.324497 0 -3.5 0 0.822929 0.489195 0.288922
43.3923 -18.7652 -15.0364 0.560656 0 -0.9 0 0.367789 -0.174102 0.913466
24.9305 -4.4305 -19.9571 -0.101957 -0.624798 1.00813 0 0.0190967 0.997533 0.0675467
40.6545 -9.23425 -17.7434 0.176743 -0.233053 -3.70511 0 0.233603 0.548901 0.802582
34.0249 -28.4111 -4.989 0.137279 -0.109747 -2.33105 0 -0.2691 -0.938877 0.2147
11.2867 -13.1465 -16.8485 0.126375 0 -3.9 0 -0.902936 0.186523 -0.387189
7.23875 -26.8016 -22.3571 -1.14158 -0.11776 -3.5 0 -0.858247 -0.344398 0.380529
43.2443 -29.4595 -4.4905 0.314266 0 3.8 0 0.117422 -0.804282 0.582531
40.9668 -24.942 -20.3498 2.85408 0.180389 -3.9 0 0.727504 0.017505 0.68588
13.391 -14.55 -5.529 -0.889492 0 -3.5 0 -0.47302 0.0501205 0.879625
34.5234 -9.79125 -15.3153 0.43252 0.386858 0.585437 0 0.481396 0.809276 0.336646
24.4355 -28.681 -28.8913 -0.905099 -0.797272 -3.5 0 0.637958 -0.133789 -0.75836
13.3391 -7.6955 -9.253 0.0855726 0 -3.5 0 -0.148236 0.983014 0.108208
37.5207 -9.43675 -29.0345 0.290316 0.031801 -3.5 0 -0.573907 0.531632 -0.622895
41.8591 -25.0702 -3.54569 0.635912 0 3.8 0 0.682439 0.390657 0.617789
35.6974 -26.545 -7.87962 1.63122 0.0366439 4.09308 0 -0.0436592 -0.183098 -0.982125
14.7145 -21.8475 3.8345 0.432331 0 -4.5 0 -0.459916 0.716696 0.524237
15.5677 -9.77425 -7.30775 -0.389999 -0.394356 -1.93541 0 0.16333 0.317041 0.934242
25.0265 -36.0409 -13.3387 0.873879 -0.249351 -3.68287 0 -0.198541 -0.87356 0.444382
14.7131 -14.9012 -17.9379 0.419526 0 -3.9 0 -0.564434 -0.567915 -0.599072
29.2418 -28.6432 -7.9735 0.0193623 0 -4.19011 0 0.5057 -0.847295 0.162351
31.8355 -10.397 -26.462 -0.854557 0 4.5 0 0.720482 0.599549 -0.348492
10.4665 -13.318 -14.5913 0.043422 0 -3.9 0 -0.879564 0.266935 -0.393844
38.27 -16.121 -28.289 0.0518192 0 -3.5 0 0.261935 -0.468872 -0.843534
9.08138 -22.8943 -10.0782 0.165812 0 -0.738715 0 -0.723983 -0.292487 0.62474
25.4715 -39.3052 -17.1444 0.402298 0 -3.9 0 0.32613 -0.721709 0.610553
23.5456 -34.623 -3.60425 2.9198 0.176192 -3.9 0 -0.339692 -0.795646 0.501555
39.4195 -16.2329 -11.4779 0.693582 0.294904 -1.31312 0 0.955761 0.257937 0.141383
38.2665 -6.94287 -0.6595 -1.5553 -0.521427 -3.5 0 0.147403 0.910387 0.386611
40.9659 -21.985 -12.4235 0.559781 -0.568468 -3.9 0 0.99187 0.0717643 0.105087
12.0315 -33.4975 -17.411 -0.232724 0 2.8 0 -0.510471 -0.798535 -0.319001
32.095 -15.2155 1.921 0.721884 0.235397 -2.7 0 0.94976 0.305086 -0.069844
23.9515 -9.46362 -32.6106 -0.129866 0 1.8 0 -0.114166 0.848254 -0.517137
39.9437 -27.9608 -18.2463 1.07579 0 1.9 0 0.584663 0.168655 0.793552
14.3706 -9.75263 -7.07013 -0.366794 0 -3.5 0 0.276375 0.434256 0.857344
18.7693 -4.78237 -27.2595 2.52271 0.152468 -3.9 0 -0.838652 0.539942 -0.0715972
38.3792 -6.4055 -20.8302 0.53417 0 -3.12569 0 0.268009 0.937592 0.221567
25.8254 -32.6702 -2.00087 1.06353 0 -3.9 0 0.492098 -0.282285 0.823502
39.2588 -9.99387 -12.7481 0.517706 0 -3.5 0 0.704728 0.707548 -0.0522884
36.4995 -7.753 -9.926 0.0719429 0 2.5 0 0.676906 0.594219 0.434399
39.4905 -8.81625 -0.23625 -1.2547 -0.818332 -3.5 0 0.907991 -0.146714 0.392464
10.54 -27.2482 -17.3342 -1.34877 -0.331342 0.939449 0 -0.584228 0.0777272 0.807859
38.5083 -32.9415 -9.20463 0.292609 0 4.5 0 0.366976 -0.764666 -0.52973
29.1332 -27.185 1.98175 1.3611 0.224043 -3.9 0 -0.743139 -0.408766 0.529768
22.6206 -2.17525 -10.7169 0.561796 0 -2.63097 0 0.423918 0.363312 0.829637
40.4738 -29.9242 -19.3062 0.451498 0 1.9 0 0.697772 -0.643306 0.315074
18.9809 -35.0545 -13.4279 -0.348319 -0.187453 -3.29023 0 0.667021 -0.555493 0.496499
30.8853 -34.1582 -19.2191 0.150847 0 4.2 0 0.697244 -0.660894 0.277615
39.065 -18.2922 -9.805 0.681818 -0.037677 -1.9986 0 0.993138 -0.0220988 0.114841
16.5904 -31.4091 -8.50925 0.0783857 0 -1.3 0 -0.640021 -0.0971963 0.762185
7.539 -17.091 -6.572 0.284317 0 -4.5 0 -0.974641 0.0469504 0.218793
8.99 -28.1944 -24.0537 -0.112134 0 -3.5 0 -0.170367 -0.964516 -0.201701
37.2977 -14.259 -4.67025 1.85945 0.546764 -0.4 0 0.368084 -0.590334 0.718346
8.7305 -17.164 -8.918 0.384585 0 -4.5 0 -0.585099 0.366802 -0.723267
35.9665 -7.71938 -8.9255 0.185564 0 -1.58914 0 0.969385 0.238973 0.0564379
21.8994 -18.4761 2.95887 -0.375431 -0.0794958 1.92765 0 0.0489424 -0.881207 0.47019
29.9051 -35.086 -18.1979 0.204629 0 4.2 0 0.622292 -0.717568 0.31281
30.9457 -10.773 0.389 1.86285 0.741415 -1.00499 0 0.670243 0.465718 0.577824
35.7653 -17.2019 -28.3295 -0.62263 0 -0.748074 0 0.538339 0.0207392 -0.842473
27.8517 -9.609 -4.53925 0.843693 0 -1.6 0 0.572698 0.436787 0.69371
39.4318 -14.997 -12.8055 0.447458 0 -0.361987 0 0.781242 0.0380565 0.623067
37.8005 -11.0913 -0.289875 -1.27265 -0.685244 -3.5 0 0.1755 -0.882889 0.435553
14.2736 -27.6292 -7.82275 0.123754 0 -3.5 0 -0.346093 -0.915196 0.206485
17.815 -14.811 1.86 -1.79166 -0.957348 -3.5 0 -0.0887469 0.325519 0.941361
35.029 -2.828 -27.6635 -1.54525 -0.610481 -3.5 0 0.864238 0.450065 0.224799
14.4823 -7.75087 -13.1026 0.0945106 0.00444432 3.26107 0 -0.921435 0.384698 0.0544502
22.2656 -11.2832 -3.89719 0.201633 0 2.8 0 -0.208266 0.842604 0.496633
38.0272 -12.6341 -3.62625 0.650209 0 -0.4 0 0.422616 -0.496038 0.758513
30.394 -9.844 -0.363 2.8366 0.136725 -0.9 0 -0.105858 0.916792 0.38508
28.3078 -4.084 -29.3675 -0.960278 0 -3.5 0 0.501862 0.792997 -0.345384
21.7932 -14.4913 -32.7842 0.00974056 -0.199613 -2.36039 0 -0.697962 0.70709 -0.11346
8.439 -19.5825 -11.804 -1.06802 -0.104315 -4.5 0 -0.920245 0.389767 0.0350786
17.4211 -18.1966 -19.8008 0.0128257 0.291309 3.06795 0 -0.177393 0.131493 -0.975316
14.6304 -25.2216 4.345 0.376976 0 -4.5 0 0.302318 -0.897291 0.321671
39.8467 -8.48275 -26.7763 0.0955918 0.290682 -3.2415 0 0.684687 0.669662 -0.287673
13.1914 -32.5904 -12.2321 -0.455193 -0.45579 -2.64986 0 -0.765986 -0.0956229 0.635706
46.224 -27.4465 -5.03237 0.252192 0 3.8 0 0.990072 0.140563 -0.000315875
24.2835 -12.439 -28.5615 0.578019 0 1.8 0 -0.941442 0.281213 0.186029
16.1182 -13.6099 -31.5689 0.612307 0 -3.9 0 -0.466165 0.882883 -0.0566402
16.1047 -37.4663 -16.5506 0.149611 0 -1.6 0 -0.00482986 -0.921353 0.388697
38.374 -7.678 -17.209 0.736317 0 -3.5 0 0.28655 0.491805 0.822203
43.7573 -15.7861 -17.1707 0.658732 0 -0.434705 0 0.751532 0.16256 0.639355
15.544 -14.3814 -29.5933 0.175348 0 -3.9 0 -0.687844 0.67045 0.278148
14.0837 -22.8511 0.178375 0.964167 0.769335 -4.5 0 -0.161021 0.135789 -0.977565
30.8759 -11.3919 -31.7206 -0.291626 0 2.8 0 0.201858 0.331382 -0.92165
15.2359 -6.25612 -18.9695 -0.183407 0 -3.2 0 -0.476661 -0.0223001 -0.878804
28.2486 -34.4963 -13.7487 1.60873 0.1014 -3.9 0 0.88224 -0.361031 -0.302173
39.0094 -11.4501 -5.64288 0.515165 0 -0.4 0 0.963836 0.127485 -0.234026
38.2012 -9.66175 -4.9235 0.802388 0.178767 -3.5 0 0.732428 0.507957 -0.453353
17.3775 -35.3641 -7.28725 -0.134621 0.744668 -3.2 0 0.504133 0.175979 0.845506
10.541 -30.7948 -18.0866 -0.554017 0 2.8 0 -0.787193 -0.176299 -0.590971
31.6736 -12.1027 -0.27575 1.34974 0.24345 -3.9 0 0.802006 -0.0586242 0.594432
6.8565 -28.1642 -24.5033 -0.684479 0 -3.5 0 -0.275787 -0.907566 0.316646
7.56175 -25.8673 -21.3778 -1.71267 -0.422593 -3.5 0 -0.77943 0.362127 0.511227
9.71 -17.2008 -14.1198 -1.01355 -0.22979 -3.9 0 -0.903216 0.426553 -0.0474638
18.231 -22.897 0.2765 -0.057312 -0.300094 -4.5 0 0.410753 -0.905167 -0.109336
31.4064 -15.468 3.95788 0.865458 0.242296 -4.5 0 0.476466 0.756054 0.448734
45.0295 -14.2395 -19.871 0.37237 0 -0.4 0 0.920303 -0.0606936 -0.38647
36.895 -10.3035 -28.7796 0.402263 0.658713 -3.5 0 -0.668269 0.123933 -0.733523
40.0825 -31.1874 -5.16713 0.368995 0 4.5 0 0.175738 -0.627342 0.758655
29.9093 -27.8624 -29.023 0.0418906 0 0.887356 0 -0.0260039 -0.17419 -0.984369
13.024 -17.8044 -18.9615 0.624638 0.249304 -4.5 0 -0.200219 0.954289 0.221911
12.7384 -22.2816 -25.7992 -0.0228209 0 1.8 0 -0.401901 0.454529 -0.794908
22.423 -10.5314 -6.29388 0.303278 0.215248 0.706795 0 -0.177104 0.922782 0.342209
40.3737 -22.9705 -27.2955 0.44314 0 -0.4 0 0.604094 -0.681341 -0.413334
40.6198 -23.0266 -3.17125 0.47757 0 -0.4 0 0.692424 0.652716 0.307427
20.5147 -34.8775 -25.5357 -1.44308 -0.0425747 -3.5 0 -0.0270173 -0.923443 -0.382784
16.6401 -26.5177 -1.94413 0.644891 0 2.5 0 -0.381719 -0.549689 0.743056
12.3954 -8.52575 -6.93988 -0.0633802 0 -3.5 0 -0.0828543 0.861943 0.50019
41.1623 -7.71475 -20.5284 0.338858 0.535272 -3.65182 0 0.353669 0.905063 -0.236177
16.2458 -33.0924 -24.989 -0.714366 -0.0170099 -1.3 0 -0.535736 -0.538756 -0.650176
22.7132 -0.712625 -11.4966 2.27726 0 -3.9 0 -0.100732 0.319148 0.942336
23.616 -16.7148 7.28325 -0.182101 0 2.5 0 0.144943 -0.844293 0.515907
15.9345 -38.5018 -9.47475 0.331338 0 -3.2 0 0.0439895 -0.979892 0.19462
37.2677 -9.975 -14.1978 0.72805 0 -3.5 0 0.00910842 0.99736 -0.0720416
17.8447 -2.39725 -11.7235 0.313698 0 1.9 0 -0.13435 0.973046 0.187436
46.0315 -8.54425 -17.0007 0.629918 0 -3.9 0 0.672757 -0.446692 0.5898
35.1444 -17.9634 -28.7536 -0.357316 0 -0.7 0 0.423856 0.0416327 -0.904772
32.0211 -3.9305 -30.636 -0.546252 0 -3.5 0 0.238733 0.113689 -0.964407
28.7086 -17.7056 6.4095 1.08413 0 -4.5 0 -0.00905255 -0.27039 0.962708
14.3664 -24.5601 -29.1322 -0.848785 -0.430417 1.8 0 -0.658715 0.589406 -0.467648
24.198 -18.7148 4.19175 -1.11412 -0.272812 -4.5 0 -0.0574362 -0.82645 0.560072
32.4931 -32.3784 -20.0555 0.190533 0 -1.62557 0 0.781417 -0.605161 -0.152205
36.2714 -8.56713 -12.7483 0.673179 0 2.5 0 0.269443 0.431987 -0.86069
21.3325 -35.055 -24.5475 -0.80755 0 -3.5 0 0.218717 -0.96242 -0.160969
12.5325 -11.349 -17.631 1.88215 0.583667 -3.9 0 -0.805617 0.511495 -0.298921
31.476 -15.1287 -31.0877 -0.828609 0 2.8 0 -0.0398201 0.00528905 -0.999193
18.657 -37.0101 -17.5345 -0.147437 0 -3.9 0 -0.282571 -0.942979 0.175912
20.366 -19.3347 -35.8677 0.323007 0 -3.5 0 -0.893978 -0.387291 -0.225409
31.2961 -7.12463 -13.9251 0.082913 0 4.5 0 0.596323 0.767708 0.234572
15.58 -37.043 -7.77825 0.229471 0 -3.2 0 -0.236445 -0.287361 0.92818
23.318 -8.768 5.593 -0.120743 0 -3.5 0 0.0526218 0.704637 0.707614
27.7173 -18.2313 -33.3467 -0.494983 -0.2603 -0.812554 0 0.42975 -0.286352 -0.85634
13.0139 -24.8958 0.52825 0.636586 0.0696909 -4.5 0 -0.0442745 -0.703019 -0.709792
7.7335 -20.592 -17.0335 -0.0298042 0 2.8 0 -0.966068 -0.23788 -0.100631
18.2458 -17.8302 -20.5859 -0.0592127 0.73895 4.5 0 -0.887963 -0.0333911 -0.458702
24.4246 -32.4308 -6.766 0.813693 0.802556 -2.88714 0 0.154046 -0.854057 -0.496847
34.501 -26.2857 -2.4095 0.0864925 -0.408251 -3.59422 0 0.756879 -0.352831 0.550131
38.8905 -23.5252 -1.45025 0.644932 0 -0.4 0 0.111162 0.373918 0.920776
33.2575 -4.1215 -21.6318 -0.0124635 0.453909 -3.04827 0 0.201157 0.735892 0.646528
45.1661 -8.10087 -16.5154 1.33439 0 -3.9 0 0.212804 -0.167003 0.962717
28.4783 -1.67438 -24.8076 0.647116 0.255945 -3.00687 0 -0.214133 0.8255 0.522203
15.3446 -13.4768 -2.37225 -0.190903 0 -3.5 0 -0.692565 0.644032 0.324924
20.118 -8.93262 -6.68687 0.49891 0.183391 -0.8 0 0.340148 0.526569 0.779118
8.1095 -26.1815 -8.1315 1.07269 0 -3.9 0 -0.466406 0.807318 0.361529
35.209 -3.76075 -5.0435 -1.77668 -0.426458 -3.5 0 -0.0331269 0.981686 0.187602
27.0802 -29.8746 -7.60238 0.177798 0 -3.9 0 0.707285 -0.703607 0.0684547
41.8765 -20.9242 -15.4318 0.365612 0 -0.9 0 0.655219 -0.741315 0.145396
18.639 -3.70637 -23.8684 -0.7338 0 -3.5 0 -0.759558 0.487698 -0.430375
22.1157 -23.4193 -1.546 -1.08936 -0.292622 -3.5 0 -0.860338 -0.464233 0.21049
45.9975 -28.886 -4.898 0.240045 0 3.8 0 0.815092 -0.562181 0.139921
36.7935 -3.85363 -6.187 -1.49305 -0.750796 -3.5 0 0.382704 0.92387 0.00125253
23.5653 -25.4282 -1.059 0.236401 0 -1.6 0 -0.975968 -0.216992 0.0200398
20.0658 -36.061 -20.5182 -0.284436 0 -3.9 0 -0.563141 -0.492988 -0.6632
30.3486 -23.1117 -33.563 -0.874936 -0.232889 -2.03597 0 -0.186589 -0.468503 -0.863533
36.2349 -32.7924 -9.251 0.298818 0 4.5 0 -0.587802 -0.587174 -0.556522
32.3205 -2.58713 -22.2545 0.233282 0 -0.8 0 0.293672 0.634583 0.714885
26.716 -36.2999 -11.6196 1.93181 0.925671 -3.9 0 0.142248 -0.801435 0.580919
10.3105 -31.9228 -13.304 -1.16048 -0.676608 2.8 0 -0.454685 0.0949036 0.885582
12.0595 -28.6595 -24.5245 0.094021 -0.321648 -1.54764 0 -0.518059 -0.398651 -0.756764
41.84 -23.5855 -5.432 -0.548348 -0.0623845 3.8 0 0.606251 0.795158 0.0135738
39.6184 -26.1475 -8.845 0.942938 0 -3.9 0 -0.133095 -0.749772 -0.648172
36.4857 -4.25825 -24.77 -0.182973 -0.169875 -1.0279 0 0.374279 0.892078 -0.253206
33.0015 -12.1766 -31.8691 -0.222598 0 2.8 0 0.344318 0.313427 -0.884991
15.782 -2.0605 -17.931 -0.0249995 0 -3.2 0 -0.451591 0.838206 -0.305739
17.8843 -23.6979 -31.1542 0.00107435 0 1.8 0 0.267579 0.336561 -0.902844
44.1098 -29.7588 -6.16031 0.271539 0 3.8 0 0.116949 -0.985536 0.122642
36.72 -29.557 -22.3265 0.0616548 0 1.9 0 -0.41004 -0.0753578 -0.908949
28.8731 -35.9917 -20.8381 0.523225 0.156171 -0.28253 0 0.481586 -0.670475 -0.564392
22.3032 -9.39225 5.761 -0.604986 -0.10313 -3.5 0 -0.229487 0.210171 0.950349
10.0159 -25.9886 -26.4081 -0.216337 0 -3.5 0 0.39405 -0.0503561 -0.917708
25.2073 -4.85975 -15.1482 0.0153197 0 -0.8 0 0.812518 0.38833 0.434758
13.091 -5.871 -17.446 -0.527792 0 -3.2 0 -0.790884 0.0750346 -0.607349
22.1786 -12.4319 -31.8643 0.0702812 0 1.8 0 -0.996706 -0.0114398 -0.080287
22.7165 -10.676 -4.84363 0.267894 0 0.757851 0 -0.307171 0.859105 0.409371
30.6565 -9.4275 -3.816 0.747127 -0.128899 -2.15716 0 -0.626528 0.770056 0.120318
26.055 -18.8679 -33.6512 -0.234641 0 -1.3 0 0.0320272 -0.670029 -0.741643
29.4991 -5.41275 -33.2313 -2.07307 0 -3.5 0 0.518441 -0.177736 -0.836438
13.0417 -29.7826 -26.3586 -1.56828 -0.163498 -4.5 0 -0.706938 -0.563006 -0.428093
8.65888 -20.5055 -10.5317 -0.00606604 0 -4.5 0 -0.996278 0.0797051 -0.0328187
16.1413 -12.1082 -5.81425 -0.495504 0 -3.5 0 -0.512681 0.814653 0.271106
42.4285 -20.9095 -17.43 0.193359 0 -0.9 0 0.608165 -0.793557 -0.0200686
16.5537 -24.6619 -31.5514 -0.0461601 0 1.8 0 -0.211921 -0.0280793 -0.976883
38.693 -10.2052 -0.782875 -1.1015 -0.332642 -3.5 0 0.775701 -0.55567 0.299196
22.944 -31.4276 -9.9885 0.00957917 0 -3.9 0 -0.11365 -0.980091 -0.162806
39.4987 -16.822 -9.4055 0.545955 0 -3.5 0 0.989682 -0.0582939 0.130883
13.9628 -29.383 -27.6042 -0.999573 -0.403155 -4.5 0 -0.733781 -0.458393 -0.50144
36.7607 -27.3503 -3.43825 -0.238553 0 -0.4 0 0.105122 -0.0842615 0.990883
8.57025 -18.8764 -14.669 0.132372 0 2.8 0 -0.842648 0.500103 0.199603
31.3913 -32.9917 -26.7402 -1.07812 -0.36985 -3.5 0 0.339316 -0.644766 -0.684939
35.3068 -3.796 -26.3603 -0.745978 -0.0744008 -0.638271 0 0.868435 0.487046 -0.0927731
36.9495 -26.1961 -3.57125 0.329828 0 -0.4 0 -0.0568936 -0.265341 0.962474
25.567 0.610375 -30.1909 -1.95428 -0.587755 -3.5 0 -0.320951 0.646337 -0.692271
4.638 -26.7375 -26.209 -1.47027 -0.169774 -3.5 0 -0.997493 -0.00506427 -0.0705877
21.5815 -19.364 2.3835 -1.13436 0 1.8 0 0.189117 -0.694555 0.694139
21.1701 -36.2325 -21.12 -0.00316392 0 -3.9 0 -0.251258 -0.57555 -0.778211
32.7395 -27.982 -21.9737 0.717187 0 -3.5 0 0.782388 0.237 -0.575934
24.3585 -29.3856 -0.382 0.56261 0 -1.6 0 -0.816164 -0.566954 -0.11153
31.8412 -28.5642 -0.0965 0.782147 0 -3.9 0 0.202542 -0.979177 -0.0137619
17.7383 -34.0962 -20.5886 -0.209636 0 -1.6 0 0.335638 -0.640143 -0.691061
7.53575 -29.62 -9.297 2.70603 0.175033 -3.9 0 -0.540812 -0.504294 -0.673208
10.6838 -12.5915 -13.5813 0.0274113 0 -3.9 0 -0.758559 0.646475 -0.0815971
32.8322 -31.0748 -23.0245 0.688051 0.274444 -3.5 0 0.790589 -0.585503 -0.179319
42.0429 -7.392 -19.7409 0.435703 0.219739 -3.7368 0 -0.172514 0.973761 -0.148417
27.0905 -32.3815 -5.8785 0.432083 0 -3.9 0 0.595833 -0.461844 -0.657026
13.3182 -34.1317 -17.337 -0.0891828 0 -1.6 0 -0.68604 -0.616332 -0.386632
14.9143 -37.4696 -12.2365 0.373655 0.395373 -3.2 0 -0.550716 -0.719223 -0.423592
37.1463 -5.34025 -24.9128 -0.0384372 0 -1.06431 0 0.589189 0.401538 -0.701159
35.9585 -4.336 -4.4 -1.39806 -0.800353 -3.5 0 0.535061 0.573027 0.620766
20.3323 -10.2354 4.97013 -1.45031 0 -3.5 0 -0.81131 -0.350445 0.467936
34.5519 -13.9878 -31.6681 0.021293 0 2.8 0 0.754196 -0.0481064 -0.654885
22.4702 -12.9084 0.59 -0.237327 0 -0.9 0 -0.764658 0.635334 -0.107927
24.102 -3.42 -16.0499 0.151851 0 -3.9 0 0.75707 0.575679 -0.308933
29.064 -9.6055 4.04375 1.06616 -0.380712 -3.5 0 0.808236 0.365494 0.461702
31.402 -6.24363 -16.4384 0.302777 0 -3.9 0 0.465656 0.838107 0.28415
32.9113 -26.224 2.593 2.23337 0.346862 -3.9 0 0.92814 0.0521551 0.368561
37.4246 -4.98413 -5.68425 -1.52416 -0.363845 -3.5 0 0.934823 0.0810858 0.345732
28.77 -9.24775 -5.07225 0.15513 -0.269967 -0.403929 0 0.286378 0.61303 0.73633
16.7155 -23.3855 -30.8253 0.0565147 0 1.8 0 -0.404884 0.671958 -0.620114
23.9097 -33.3249 -2.64325 2.18324 0 -3.9 0 -0.465978 -0.301352 0.831896
35.6534 -28.1434 -16.1765 1.17374 0.1694 0.369315 0 0.678523 -0.617825 0.397365
19.661 -16.5327 5.116 -0.99712 -0.202778 2.5 0 -0.816139 -0.161787 0.554745
16.034 -7.30788 -8.05325 0.805441 0.115102 -0.8 0 -0.499101 0.764318 0.40831
41.8614 -15.5445 -24.7192 -0.101973 -0.0231868 -3.5 0 0.604822 0.25841 -0.753269
25.549 -7.66512 -32.164 -0.211998 0 -3.5 0 -0.721899 0.0436025 -0.690624
35.1975 -20.8092 -31.3755 -0.213509 0 -3.5 0 0.784653 0.547942 -0.289965
28.9484 -8.78137 -6.193 0.0961554 -0.202379 -1.21408 0 0.123684 0.986314 0.109028
6.85087 -24.7871 -24.5641 -0.425771 0 -3.5 0 -0.546604 0.824802 0.144657
23.9526 -26.2341 -3.59663 0.433128 -0.0253407 -3.12627 0 -0.845077 -0.243229 0.476113
20.653 -12.909 -23.494 0.11296 0.133586 1.95502 0 -0.424735 0.658324 -0.621458
19.594 -2.40337 -11.5433 0.453826 0 1.9 0 -0.286322 0.953669 0.0923833
41.236 -28.332 -3.2005 0.636002 0 3.8 0 0.117186 -0.578137 0.807481
35.501 -27.5585 -13.7841 0.877243 0 -0.4 0 0.57306 -0.340389 0.745478
36.3966 -6.66488 -7.73663 -0.0913296 -0.288865 -3.5 0 0.837434 -0.114945 -0.534314
21.2496 -32.9147 -9.1145 -0.600592 -0.437527 -1.3 0 0.747675 -0.649958 0.136148
37.3177 -11.6678 -28.8764 0.144584 0 -3.5 0 -0.622605 0.0605124 -0.780193
16.4363 -18.0979 -31.2169 0.59371 0.322783 -3.9 0 -0.464475 -0.799831 -0.380175
40.991 -22.2146 -13.7879 0.223148 -0.0745772 -3.9 0 0.899007 -0.400408 -0.177369
44.5085 -10.8255 -18.1435 0.458832 0 -3.9 0 0.482374 -0.431719 0.76219
25.3894 -9.03763 4.62862 0.594301 0 -3.5 0 0.0174174 0.710626 0.703354
9.29212 -23.7679 -22.8081 -0.0919261 0 -3.5 0 -0.554813 0.826601 0.0944063
36.542 -10.3329 0.169 -1.11626 0 -3.5 0 -0.475409 -0.384542 0.791274
7.57538 -27.2599 -7.96562 2.08131 0 -3.9 0 -0.803699 0.463394 0.373276
11.3532 -10.783 -5.974 -0.150972 0.615615 -3.5 0 -0.357139 0.230333 0.905206
13.876 -26.9893 -28.8307 -0.768765 -0.529621 1.8 0 -0.79206 -0.283535 -0.5406
16.046 -15.295 -21.5605 -1.92807 -0.386155 -3.5 0 -0.829744 -0.417777 -0.370118
23.0924 -1.67562 -18.1835 0.0947115 0 -0.4 0 0.844011 0.515425 -0.148263
35.8283 -26.8375 -21.4295 0.017564 -0.763383 -0.896685 0 -0.283005 -0.324084 -0.902706
30.178 -28.8293 -1.27075 0.306623 -0.416326 -2.76555 0 0.45653 -0.836511 0.303036
15.965 -10.2816 -16.9048 0.0517721 0 4.2 0 0.0674571 0.0301999 -0.997265
7.53375 -26.4722 -9.32425 0.394794 0 -3.9 0 -0.856418 0.417922 -0.303131
30.4853 -5.77825 -16.7512 0.198595 -0.24841 -3.9 0 0.339189 0.932968 0.120505
22.4385 -27.6642 -4.1945 -1.32359 -0.215069 4.2 0 -0.287881 -0.200106 0.936527
24.7501 -25.3219 1.138 0.589129 0 -1.6 0 -0.412845 0.475388 0.776895
24.5764 -28.7415 -1.765 0.773048 0 -1.6 0 -0.999369 0.00265646 -0.0354186
19.8425 -36.4669 -15.835 -0.369815 -0.0959003 -3.54247 0 -0.241765 -0.813354 0.529154
34.7542 -25.9301 -27.8569 0.464249 0 4.2 0 0.900335 -0.161823 -0.403993
17.9331 -8.33375 -19.4015 -1.9306 -0.57204 -3.5 0 -0.557553 -0.656799 -0.507691
21.903 -33.864 -26.365 -1.85231 -0.673427 -3.5 0 0.251094 -0.613699 -0.748549
43.4219 -17.2764 -21.1224 0.346281 0 -0.9 0 0.960817 -0.142476 -0.237763
18.8164 -21.4006 -27.1362 0.671327 0.00366359 -0.111671 0 -0.395162 0.186456 -0.899489
23.4734 -28.9697 -4.153 0.297733 -0.0515414 -3.08332 0 -0.662112 0.010009 0.749338
24.4498 -7.95325 1.26825 -0.0229794 -0.318603 -3.5 0 -0.604375 0.479088 -0.636558
24.2649 -9.5775 -13.1536 -0.0323834 0 1.8 0 0.436165 0.752465 -0.493514
16.3638 -3.26362 -13.0205 0.215542 0 1.9 0 -0.718063 0.68875 0.100046
21.5928 -9.8925 -6.9525 0.228887 0.793895 -0.8 0 0.334446 0.671953 0.660776
15.3445 -17.0975 -30.6685 0.316959 0 -3.9 0 -0.911832 -0.383907 -0.145526
9.94325 -33.1468 -15.575 -1.57875 -0.142663 2.8 0 -0.496891 -0.758179 -0.422212
36.9345 -28.4433 -21.9062 0.295833 0 1.9 0 -0.483711 0.273117 -0.831523
32.0622 -20.9975 -34.8655 -2.22352 -0.387034 -3.5 0 -0.00433906 0.415747 -0.90947
8.24375 -21.8125 -12.3599 -0.284133 -0.313049 -2.07494 0 -0.96842 0.0533665 -0.243544
26.9778 -0.53975 -29.7415 -1.64527 0 -3.5 0 0.757642 0.17785 -0.627971
33.0631 -31.6449 -25.8994 -1.82703 -0.00759038 -3.5 0 0.957255 -0.281435 -0.0667569
12.0653 -24.1614 0.58175 0.860634 0.206153 -4.5 0 -0.621677 -0.0754193 -0.779635
14.571 -35.2762 -19.229 0.245711 0 -1.6 0 -0.808523 -0.107197 -0.578618
34.5262 -28.6345 -6.05263 0.449721 0 0.13513 0 -0.435898 -0.873473 -0.21688
45.133 -29.5236 -7.96163 0.267121 0 3.8 0 0.470706 -0.743865 -0.474447
20.6325 -16.0936 -34.3754 0.0886689 -0.0179162 -3.5 0 -0.675971 0.620019 -0.398295
35.513 -16.6625 -4.507 2.42118 0.620072 -3.9 0 0.59004 -0.0156908 0.807222
34.772 -4.59525 -19.865 2.97456 0.306123 -3.9 0 0.130424 0.928661 0.347245
18.3423 -19.794 -27.5305 0.986393 0.532555 -3.48359 0 -0.273732 -0.583956 -0.764242
33.2411 -28.7756 -26.1968 -0.0429423 0 4.2 0 0.899206 -0.423923 0.108245
34.6107 -4.163 -4.06437 -1.55977 -0.376496 -3.5 0 -0.262707 0.712844 0.650261
32.3985 -20.5898 -2.22925 0.763108 0.0187381 -1.59537 0 0.551329 0.833497 0.0363344
39.5745 -18.497 -11.404 0.197902 -0.591078 4.4274 0 0.9215 0.065172 0.382871
23.3072 -17.8266 -35.5561 -0.480418 0 -3.5 0 0.868478 -0.198924 -0.454066
34.1328 -5.4265 -18.7188 2.18926 0 -3.9 0 0.187558 0.860485 0.473696
17.2342 -3.67625 -9.60812 0.255039 0 1.9 0 -0.5289 0.583459 0.616313
9.4275 -28.4375 -19.3118 -0.697539 -0.204654 2.5 0 -0.879676 -0.379168 0.287059
43.4385 -15.5413 -22.928 0.509354 0.448884 -3.5 0 0.839483 0.472439 -0.268458
22.7784 -2.80638 -21.5451 0.00433535 0 -3.5 0 0.62219 0.763156 -0.174565
12.1835 -28.3924 -12.2889 -0.683131 -0.044938 -1.87444 0 -0.864073 -0.00779724 -0.503306
37.066 -10.542 -8.647 0.150331 -0 -3.5 0 0.462052 0.858276 0.223317
36.1595 -20.9025 -3.2015 1.18073 0 -3.5 0 0.390236 0.809767 0.43817
33.3957 -18.1607 3.377 1.023 0.0771747 -4.5 0 0.916316 -0.233232 0.325526
20.1483 -2.409 -9.52875 0.207272 0 1.9 0 -0.236717 0.808945 0.538119
18.7803 -37.054 -18.8395 -0.0358308 -0.133537 -2.77892 0 0.0209541 -0.949452 -0.313211
20.0885 -9.34513 3.50075 -1.59255 -0.662825 -3.5 0 -0.980334 -0.0310854 -0.194881
22.1313 -1.57175 -19.8302 -0.153146 0 -0.4 0 0.668523 0.61712 -0.415017
16.365 -6.607 -11.148 0.313576 0 1.9 0 -0.876795 0.321175 0.357878
43.2326 -10.025 -17.5866 0.706322 0 -3.9 0 0.0823597 -0.338877 0.937219
44.0617 -6.986 -20.7652 0.614355 0 -3.9 0 -0.0222985 0.495321 -0.868424
45.8708 -27.4603 -3.80275 0.259615 0 3.8 0 0.767692 0.0187616 0.640544
22.2833 -31.4147 -7.35125 -0.0319429 0.312282 0.0170421 0 -0.361766 -0.857508 0.365794
28.5344 -14.009 -34.3747 -0.245421 0 -0.4 0 0.941103 0.11947 -0.316309
25.0683 -9.86425 -2.9 0.620804 0 -1.6 0 -0.487612 0.543606 0.683174
42.4818 -16.1017 -16.031 0.567098 0 2.8 0 0.696336 0.226548 0.681023
17.838 -7.1765 -20.6796 -2.3537 0 -3.5 0 -0.503955 -0.421048 -0.754154
34.1654 -4.23063 -6.00987 -1.07627 0 -3.5 0 -0.514251 0.846874 -0.135462
22.9212 -13.6372 -34.3573 -1.43265 -0.200925 1.8 0 -0.628503 0.407649 -0.662424
40.1418 -16.7778 -12.4295 0.500213 0 2.8 0 0.814679 0.206936 0.541734
21.8822 -11.8616 -3.10875 -0.268726 0 2.8 0 -0.32537 0.740201 0.588419
39.3645 -26.9912 -18.3015 0.911181 0 1.9 0 0.570587 0.336887 0.748957
24.8895 -23.798 0.03225 0.198893 0 -3.07527 0 -0.183911 0.0673882 0.98063
10.0619 -30.6257 -13.9134 -1.55106 0 2.8 0 -0.448379 0.601437 0.661233
32.1493 -5.7125 -17.8329 0.549852 0 -3.9 0 -0.00252342 0.948063 0.318072
10.5903 -13.8475 -9.57175 -0.802741 0 -3.5 0 -0.950216 0.200883 -0.238194
23.9565 -25.9525 -30.702 -0.327168 0 -1.82854 0 0.159308 0.106049 -0.981516
20.6795 -8.3945 3.359 -1.31639 -0.580151 -3.5 0 -0.607876 0.69399 -0.385829
38.7977 -25.37 -9.74512 2.1328 0 -3.9 0 -0.362144 -0.900453 -0.240906
44.624 -5.312 -16.8739 1.66635 0.856269 -3.9 0 -0.367483 0.626573 0.687286
11.2633 -17.0362 -4.35675 0.574683 0 -4.5 0 0.410892 -0.0353115 0.911
12.6173 -10.6991 -5.838 0.277915 0.528285 -3.5 0 0.0896029 0.141773 0.985836
21.602 -13.6228 -1.4285 -0.327965 0 2.29348 0 -0.532314 0.802683 0.268963
40.2388 -14.1185 -28.1768 -0.0655437 0 -3.5 0 0.579516 -0.208757 -0.78777
34.0288 -4.77175 -7.20888 -0.311947 0 -3.5 0 -0.467159 0.777528 -0.420966
17.4988 -11.875 -2.208 -1.08659 -0.411517 -3.5 0 -0.183237 0.67405 0.715598
23.0382 -5.7055 -11.9928 0.575284 0.136955 -3.9 0 0.770819 0.120364 0.62558
35.0214 -2.913 -29.4792 -2.14218 -0.251699 -3.5 0 0.919448 0.0891527 -0.382971
26.4338 -0.19825 -25.8528 -1.31926 -0.747542 -3.5 0 -0.2677 0.378911 0.885869
36.2436 -30.0866 -17.643 0.691984 0 -0.462924 0 0.369246 -0.54604 0.751996
28.0665 -31.9525 -9.911 0.422534 0 -3.9 0 0.662034 -0.400069 0.633763
10.541 -18.216 -15.8265 -0.188867 0 2.8 0 0.269227 0.794965 -0.543644
33.5801 -8.014 -12.1914 0.170509 0 2.62848 0 -0.220546 0.939716 -0.261329
32.6147 -2.85425 -30.0643 -1.54987 -0.712961 -3.5 0 -0.234923 0.487245 -0.841073
35.4765 -22.1291 -31.3569 -0.0524971 0 -3.5 0 0.967308 -0.0343657 -0.251264
33.9889 -29.8053 -13.9003 0.219278 -0.529426 -2.84218 0 0.718339 -0.205032 0.664794
29.0875 -5.9485 -14.574 -1.11957 -0.0440828 -3.9 0 -0.315725 0.817669 0.481388
41.9551 -14.7896 -14.971 -0.312572 -0.194799 1.24192 0 0.826424 -0.0920918 0.555466
33.7012 -5.551 -4.219 -1.13522 -0.913586 -3.5 0 -0.629756 0.384795 0.674789
9.74562 -33.3693 -14.0743 -1.60547 -0.951952 2.8 0 -0.774427 -0.530162 0.345242
32.9469 -30.1523 -26.4149 -1.17597 -0.769618 -3.5 0 0.95877 -0.164052 -0.232048
17.4875 -13.7522 -30.3841 0.483844 0 -3.9 0 0.255284 0.963112 0.0851154
10.593 -16.6108 -14.8818 -1.29169 -0.0913405 -3.9 0 -0.454497 0.213585 -0.864762
27.6806 -37.5004 -21.2729 2.53739 0.65158 -3.9 0 0.487335 -0.311135 -0.815904
20.043 -20.863 -30.315 0.159155 0 4.2 0 -0.951952 0.0228407 -0.305396
13.453 -22.8897 -4.17475 -0.0714248 -0.631987 -3.5 0 -0.497149 0.47176 0.728207
25.487 -3.8555 -28.3643 -0.454871 0 -3.5 0 -0.798247 -0.0236511 -0.601866
18.6589 -6.71313 -21.4761 -0.904 0 -3.5 0 -0.594163 -0.707061 -0.383452
17.0884 -18.0077 -32.6574 1.60849 0.831507 -3.9 0 -0.282601 -0.910488 -0.301907
17.562 -13.1341 -21.4543 -1.65815 -0.322688 -3.5 0 -0.163655 0.9245 -0.344263
42.644 -8.9765 -17.3083 0.551947 0 -3.9 0 -0.284292 -0.0194103 0.958541
11.0765 -10.8877 -8.613 -1.48112 -0.534279 -3.5 0 -0.844994 0.338614 -0.413914
26.3855 -3.7155 -19.802 -0.04723 0 -3.5 0 -0.559927 0.811306 0.168121
28.5245 -29.577 -5.58 0.537871 -0.0866467 -3.9 0 0.699511 -0.66818 -0.253416
30.1998 -8.936 -30.0625 -0.341131 0 -3.5 0 0.705177 0.242029 -0.666444
27.1642 -29.5443 -28.9587 -0.0453582 0 -3.5 0 -0.0890133 -0.0686799 -0.99366
23.49 1.002 -14.15 1.50732 0.813502 -3.9 0 -0.216643 0.8234 -0.524479
10.4689 -28.6536 -17.23 -1.49898 -0.129591 2.5 0 -0.702349 0.311086 0.640259
7.18875 -27.869 -26.8811 -1.41221 0 -3.5 0 0.181266 -0.815987 -0.548915
28.6155 -34.0973 -12.7844 1.93936 0 -3.9 0 0.963724 -0.266026 -0.0215809
41.7663 -19.5417 -21.3025 0.989519 0.00743875 -0.9 0 0.520025 -0.678539 -0.518806
30.2437 -21.1115 2.1255 0.609578 0 4.5 0 0.294152 -0.67122 0.680396
15.0487 -2.58363 -16.8428 0.133503 0 -3.2 0 -0.40489 0.900417 -0.159103
24.49 -5.7995 -28.7035 -0.254456 0 -3.9 0 -0.322958 0.404035 -0.855835
38.3119 -27.7011 -8.32575 1.09643 -0.17298 4.5 0 -0.0835485 0.152225 -0.984808
24.7437 -0.852875 -29.8666 -1.71856 -0.626495 -3.5 0 -0.762336 -0.191452 -0.618215
32.4697 -17.513 4.55775 0.0037909 0 -4.5 0 0.623145 -0.118554 0.773069
18.9298 -4.54563 -25.0877 -0.977723 0.263341 -3.72593 0 -0.76504 0.492296 -0.415159
15.0863 -26.5885 -3.8445 0.123912 0.0650249 1.83182 0 -0.170838 -0.58247 0.794697
20.5818 -11.2855 -4.37125 -0.0706296 0 2.8 0 -0.0426608 0.791553 0.60961
15.1943 -38.4235 -11.2505 1.0804 0.649248 -3.2 0 -0.510237 -0.83813 -0.192863
24.0725 -10.5918 -26.3329 -0.157781 0 0.194452 0 -0.864096 -0.317752 -0.390347
27.1974 -32.6738 -4.91594 0.810271 0 -3.9 0 0.842822 -0.493533 -0.214655
23.5824 -8.751 -14.204 -0.192369 -0.323237 -1.84684 0 0.984217 0.0996453 0.146244
16.0749 -24.1134 3.51225 0.446063 0 -4.5 0 0.68323 -0.712285 0.160771
22.166 -11.5878 5.59837 -0.245022 0 -3.5 0 -0.550741 -0.0340185 0.833983
20.7507 -14.6475 6.54425 -0.242683 0 2.5 0 -0.646621 0.528563 0.550003
33.8862 -2.33337 -30.3207 -2.33218 -0.369335 -3.5 0 0.220677 0.185399 -0.957564
34.5295 -4.28113 -22.4021 -0.157432 0 -0.4 0 0.217341 0.919843 0.326575
18.6205 -14.0642 -29.2728 -0.408344 -0.380453 2.01384 0 0.0726028 0.996335 -0.0452333
27.9576 -9.0065 5.22713 0.349856 0 -3.5 0 0.319112 0.564262 0.76143
28.317 -9.61 -32.399 -0.354308 0 -3.5 0 0.571282 0.16094 -0.80482
41.4314 -30.0893 -5.50375 0.421364 0 4.40519 0 0.341846 -0.77552 0.530765
17.1685 -32.657 -26.1531 -0.202896 0 -3.73664 0 -0.761117 -0.545405 -0.351048
36.7103 -32.4867 -6.92206 0.288831 0 4.5 0 -0.234203 -0.80915 0.538911
37.8165 -7.4415 -26.361 -0.00116407 0 -1.6 0 -0.262708 0.605559 -0.751187
17.2585 -37.462 -11.909 -0.117421 0 -3.2 0 0.564664 -0.811254 -0.151725
28.6251 -6.95988 -33.0247 -0.616355 -0.0879034 -3.5 0 0.401736 -0.304464 -0.86366
10.762 -16.133 -4.1745 0.620564 0.581152 -4.5 0 0.176029 0.471602 0.864064
27.5987 -11.5871 -33.0799 -0.357924 -0.462962 -3.5 0 0.529834 0.251653 -0.809905
16.0661 -18.3123 0.769875 -0.51014 -0.0387541 -3.53006 0 -0.972906 -0.0284989 0.229438
12.2245 -14.2549 -17.4679 1.10364 0 -3.9 0 -0.662627 -0.541005 -0.517918
33.0008 -1.13013 -25.113 -0.127935 0 -0.8 0 0.637983 0.740096 -0.212688
7.22575 -28.2577 -9.38412 1.97562 0.204926 -3.9 0 -0.83462 0.0493674 -0.548609
18.795 -17.8619 -33.2095 0.839266 0 -3.63558 0 -0.412829 -0.732128 -0.541813
8.9865 -20.6875 -5.558 1.05969 0 -4.5 0 -0.1351 -0.631335 0.763652
19.9918 -14.0096 -0.5965 -0.451097 0 1.8 0 -0.0487231 0.998682 0.0161545
8.77775 -18.5945 -16.1885 -0.0314388 0 2.8 0 -0.423358 0.865799 -0.266757
38.3365 -31.8072 -9.87362 0.387767 0 4.5 0 0.454355 -0.115291 -0.883329
37.5207 -24.507 -24.8245 0.753842 0 -3.9 0 0.421656 -0.798652 -0.429372
8.05575 -18.4918 -9.05062 0.89293 0.426207 -4.5 0 -0.839738 0.0600808 -0.539658
28.124 -30.773 -9.6265 0.921875 0.680858 -4.45363 0 0.599053 -0.469738 0.648446
23.8054 -2.41088 -11.3715 1.08749 0 -3.9 0 0.594328 -0.0872742 0.799474
25.2524 -3.37425 -13.8175 0.341025 0 -3.9 0 0.977689 -0.189706 0.0902026
8.348 -20.4028 -12.4443 -1.24057 -0.372016 -4.5 0 -0.992077 0.0525097 -0.114134
15.7397 -20.4535 3.5525 0.339756 0 -4.5 0 -0.359905 0.692698 0.62501
26.1339 -9.6055 0.54 1.42068 0 -3.31618 0 -0.196192 0.465945 -0.862788
38.6628 -9.97587 -9.85125 1.09279 0.115905 -3.5 0 0.584524 0.616591 0.527397
32.4772 -27.5928 2.81975 3.22415 0 -3.9 0 0.775051 -0.439542 0.45398
16.0531 -33.7625 -22.3573 -0.238132 0 -1.3 0 -0.443791 -0.895735 -0.0266026
41.6847 -16.7052 -14.964 0.421126 0 2.8 0 0.714288 0.162686 0.680681
35.9735 -10.1121 -13.5881 0.591618 0 -3.5 0 0.0253918 0.894364 -0.446619
10.987 -18.0086 -4.35162 0.86046 0 -4.5 0 0.301845 -0.235428 0.923831
35.8332 -13.8256 -28.8552 -1.27794 0 -0.188117 0 0.31617 0.402959 -0.858872
40.5961 -22.5105 -21.0701 1.72189 0.755674 -3.9 0 0.993944 0.109874 -0.00148999
16.8307 -32.2246 -29.0001 0.269917 0 -4.5 0 -0.718563 -0.663374 -0.208813
26.6954 -9.23775 5.25625 0.516943 0 -3.5 0 -0.138579 0.557491 0.818535
11.306 -31.676 -23.4775 -0.360153 0 2.5 0 -0.424278 -0.717367 -0.552605
22.9854 -18.4934 -36.8104 0.25357 0.0945926 -3.5 0 0.818968 -0.0816452 -0.568001
16.4296 -37.7374 -18.3975 0.0764153 0 -1.6 0 0.0812283 -0.996399 0.0243261
19.6534 -12.5658 -20.8325 0.0413401 0 -0.0534032 0 -0.44102 0.892612 -0.0935181
32.4065 -31.2502 -27.45 -1.8433 -0.680283 -3.5 0 0.60962 -0.165863 -0.775147
39.7762 -21.0872 -28.6458 0.0493721 0 -0.4 0 0.13244 0.197652 -0.971285
9.24737 -29.9942 -15.5985 -1.70501 -0.526253 2.8 0 -0.667313 0.744616 -0.015511
28.696 -32.4424 -12.9976 0.511818 0 -3.9 0 0.994671 -0.0987415 0.0296456
35.9663 -28.6519 -3.34612 -1.21806 -0.283147 -0.4 0 0.0794997 -0.48101 0.873103
25.977 -0.654 -30.551 -1.69473 -0.298781 -3.5 0 0.167518 0.293772 -0.941082
35.4328 -29.7962 -6.96287 0.442089 0 4.5 0 -0.960781 -0.183056 -0.208304
31.3283 -19.326 -33.0073 -0.930407 -0.436245 -3.07847 0 -0.102988 0.524594 -0.8451
36.9731 -17.7447 -6.77425 1.45724 0 -2.49308 0 0.364255 0.406972 0.837671
23.9478 -13.6245 7.1355 0.468833 0 2.5 0 0.336811 0.761556 0.553707
9.50025 -27.977 -18.1025 -1.7355 0 2.5 0 -0.873302 -0.0348271 0.485934
44.397 -12.5188 -19.3144 0.820535 0 -1.70467 0 0.964943 0.234876 0.117123
20.4625 -8.08175 4.579 -1.38109 -0.236635 -3.5 0 -0.664012 0.717055 0.211945
36.347 -27.206 -14.9132 0.996676 0 -1.41498 0 0.657463 -0.654065 0.374089
27.4195 -30.519 -8.9375 0.634188 0.0948084 -4.23536 0 0.594529 -0.525693 0.608426
21.9436 -39.0583 -18.8354 0.0275312 0 -3.9 0 -0.421068 -0.907003 -0.00685924
45.7588 -5.71525 -16.9226 2.67962 0.10011 -3.9 0 0.372984 0.419147 0.827767
10.9327 -25.6628 -16.8721 -0.442806 0 -0.4 0 -0.784401 -0.184504 0.592177
36.023 -9.94788 -8.626 0.204043 -0.0224415 -2.96938 0 0.800073 0.563199 0.206617
19.1693 -33.1156 -28.5164 -0.554663 0 -4.5 0 0.141574 -0.827785 -0.542889
28.9635 -35.0476 -17.6064 0.234612 0 4.2 0 0.166708 -0.52173 0.836664
22.917 -24.3822 -1.16925 -0.701411 -0.473534 -3.5 0 -0.771644 -0.617687 0.15175
14.9812 -27.8229 -5.20575 -0.214982 0.250211 -3.5 0 -0.112168 -0.831398 0.544239
19.252 -34.5648 -23.1769 -0.216312 0.0634991 -2.257 0 -0.442243 -0.890049 0.110609
37.4297 -9.65125 0.469875 -1.40302 -0.303488 -3.5 0 0.0553003 -0.141134 0.988445
17.955 -23.5074 -1.53725 -0.315442 -0.0710687 0.587588 0 0.649361 -0.336562 0.681951
31.3965 -7.845 -28.9603 -0.560258 0 -3.5 0 0.739171 -0.44046 -0.50953
8.2215 -21.4421 -8.85375 0.18953 0 -4.5 0 -0.756069 -0.643558 -0.119134
11.8996 -27.6268 -16.9655 -0.690611 -0.123902 0.71933 0 -0.5984 0.0464282 0.799851
30.8617 -18.1448 -2.28375 0.252454 -0.815372 -3.9 0 0.89857 0.363106 0.246426
19.46 -13.4362 -23.9508 -1.49786 -0.441757 2.8 0 -0.38117 0.76578 -0.517968
9.78019 -21.3499 -21.7052 0.453336 0.549817 -4.5 0 -0.889132 -0.215339 -0.403824
25.5397 -6.41375 1.905 -1.56388 -0.267445 -3.5 0 -0.198689 0.956804 -0.212246
24.618 -27.2897 -2.115 0.891329 0.352679 -2.75047 0 -0.960706 -0.244755 -0.130915
21.7805 -7.99388 3.81975 -1.15738 -0.0159927 -3.5 0 0.0269576 0.998755 -0.0419702
28.7062 -3.8475 -17.6528 0.860603 0.589048 -3.5 0 0.401427 0.551959 0.730888
25.3027 -8.65625 -7.26762 0.258668 0 -1.6 0 -0.367003 0.918255 0.148718
14.214 -9.20225 -13.2531 0.293294 0.0255702 -3.01353 0 -0.919702 0.180329 -0.348756
26.4576 -39.726 -20.3461 0.819751 0 -3.9 0 0.282287 -0.863645 -0.417649
21.0928 -9.09013 5.683 -2.26839 -0.815156 -3.5 0 -0.237875 0.264476 0.934595
41.233 -20.302 -24.814 0.726644 0.832275 -0.4 0 0.919039 -0.237029 0.314937
36.976 -27.108 -21.8295 0.305104 0 1.9 0 -0.442099 -0.155556 -0.883375
24.3867 -11.2983 -28.0863 -0.440732 -0.798422 -3.38047 0 -0.999246 -0.038809 0.00140665
20.163 -7.414 -22.7493 -0.739327 0 0.820536 0 -0.515673 -0.856735 -0.00930746
17.9102 -13.4598 -0.195 -1.25293 -0.811714 -3.5 0 0.168535 0.921677 0.349438
36.6385 -30.7752 -21.4455 -0.473517 -0.00981766 1.9 0 0.0737326 -0.874293 -0.479767
35.976 -23.2785 -12.5677 1.95934 0.227273 -2.45955 0 0.225288 -0.927719 0.297629
25.804 -10.592 -33.025 -0.598487 -0.865144 -3.5 0 0.0789817 0.297684 -0.951392
20.7989 -28.0135 -5.29 -0.393445 0 4.2 0 -0.218434 -0.467054 0.856824
16.3811 -35.5829 -7.17025 -0.197766 0.624656 -3.2 0 -0.148344 0.0531254 0.987508
14.7537 -13.0188 -4.89575 -1.0006 -0.489633 -3.31644 0 -0.597913 0.69633 0.39702
12.776 -8.196 -9.988 0.138217 0 -3.5 0 -0.595509 0.729328 -0.336825
40.898 -13.482 -24.327 -0.120422 0 -3.5 0 0.831997 0.258136 -0.491067
13.8271 -35.9154 -14.7409 -0.704019 0 -2.33798 0 -0.577823 -0.812867 0.0732673
38.1253 -4.723 -23.8305 -0.474577 -0.00798123 -1.6 0 0.540933 0.750385 -0.379887
27.4242 -35.4745 -21.368 1.08837 0 3.43766 0 0.0509737 -0.381433 -0.92299
22.3422 -7.70944 -9.93563 -0.214475 0 1.8 0 0.399032 0.761615 0.510604
40.3765 -10.816 -14.735 0.475482 0 -3.5 0 0.670579 0.686087 0.28215
35.9465 -21.0732 -28.583 0.608573 0.795127 -3.5 0 0.628909 0.124507 -0.767444
25.2418 0.938625 -28.587 -1.48619 -0.407052 -3.5 0 -0.48776 0.872929 -0.00919403
32.5122 -18.8832 -32.8988 -1.0232 -0.3701 -2.24109 0 0.261219 0.673487 -0.691506
31.1231 -8.9855 -28.534 -0.758008 0 0.278529 0 0.983973 -0.0468241 -0.172058
25.7763 -0.821125 -13.3457 2.35238 0.780262 -3.9 0 0.989696 -0.027992 -0.140422
37.1785 -32.3291 -9.95525 0.347942 0 4.5 0 -0.0919818 -0.487353 -0.868347
12.7122 -20.7367 -22.6448 -0.120971 0 -1.55951 0 -0.293401 0.644781 -0.705814
19.9435 -33.3988 -8.091 0.273613 -0.100488 -1.3 0 0.233668 -0.559513 0.795201
22.3054 -19.3786 -36.9173 0.282805 0.0734372 -3.5 0 0.447246 -0.634052 -0.630832
26.552 1.36125 -26.5645 -1.85209 -0.330549 -3.5 0 0.0405978 0.799666 0.599071
7.403 -25.8302 -28.277 -1.98427 -0.570397 -3.5 0 -0.139812 0.269678 -0.952747
14.1657 -6.70225 -14.384 -0.379123 -0.191828 -1.46839 0 -0.850679 -0.289912 0.438517
20.2423 -13.4995 -2.99675 -0.538443 0 0.256546 0 0.107501 0.560439 0.821189
28.4942 -13.635 4.59925 -0.418831 -0.260882 -3.5 0 0.294166 0.000456119 0.955754
20.2154 -13.6319 -28.9226 -2.11339 -0.242582 4.2 0 -0.0261495 0.993296 -0.112605
24.7327 -14.7843 7.44725 0.6015 0 2.5 0 0.703539 0.0976913 0.70391
27.4767 -7.713 -12.1488 0.139526 0 4.5 0 -0.413961 0.864843 0.284046
43.9079 -5.99512 -19.7845 1.89548 0.525246 -3.9 0 -0.503119 0.709233 -0.493821
5.44312 -26.0917 -26.8438 -1.13126 -0.202044 -3.5 0 -0.698805 0.439648 -0.564252
39.417 -7.5785 -1.394 -1.43461 -0.36059 -3.5 0 0.847273 0.525815 -0.0751506
33.963 -20.1755 -33.372 -1.71597 0 -3.5 0 0.739514 0.485914 -0.46584
42.1265 -18.2272 -14.81 0.372246 0 0.0407502 0 0.479111 0.0301151 0.877238
18.9141 -23.3615 -30.4464 -0.111817 0 1.8 0 0.247542 0.456339 -0.85468
10.239 -27.147 -6.02838 0.220922 0.160387 -3.65695 0 -0.680928 0.0120026 0.732252
38.9452 -29.8819 -18.2669 0.905049 0 1.9 0 0.358899 -0.513236 0.779602
24.702 -11.987 4.812 0.377101 0 -3.5 0 0.324387 -0.0137151 0.945825
16.621 -14.9873 -24.9823 -1.50786 -0.0559915 -3.9 0 -0.542216 0.808249 0.229643
18.5541 -9.1445 -6.69037 -0.709387 0 -0.8 0 -0.0338283 0.258578 0.965398
17.9317 -26.1367 -2.06912 0.705361 0 2.5 0 0.369191 -0.534983 0.759929
25.8385 -3.99 -18.8035 -0.29892 -0.994272 -0.8 0 -0.150396 0.985121 -0.0831705
30.0168 -6.97025 -13.279 -0.0494785 0 4.5 0 0.0792037 0.861877 0.500893
11.5243 -27.6793 -25.3895 -0.0524456 0.0101707 -3.55598 0 -0.135458 -0.449874 -0.88276
20.2354 -35.1104 -23.6698 -0.540743 -0.0601522 -3.5 0 -0.163398 -0.982975 -0.0840266
20.195 -7.39937 -24.3739 -0.849927 -0.350089 -3.57203 0 -0.544159 -0.838982 -0.000684185
34.7612 -27.5807 -21.0818 0.585186 -0.550067 -0.512746 0 0.0267382 0.227906 -0.973316
29.274 -30.3466 -29.2676 0.445807 0.388597 -3.5 0 0.0482944 -0.423429 -0.904641
30.8722 -21.0899 -34.6572 -1.99643 -0.804396 -3.5 0 -0.566962 0.327974 -0.755637
40.1755 -30.0801 -23.2631 0.645261 0 1.9 0 0.635854 -0.418989 -0.648181
23.8516 -8.5435 -12.5529 0.196454 0 1.8 0 0.900028 0.300598 -0.315579
25.8509 -38.4765 -16.5894 0.254163 0 -3.9 0 0.323406 -0.377301 0.867786
18.4762 -36.2611 -16.513 0.0899896 -0.0513326 -3.37715 0 -0.215185 -0.83665 0.503699
9.058 -31.793 -14.3673 -1.61614 -0.682551 2.8 0 -0.794246 -0.0714032 0.603386
15.6455 -23.0607 5.03788 1.13249 0.801383 -4.5 0 0.536051 -0.0319701 0.84358
44.4442 -19.2254 -17.932 0.132722 0 -0.9 0 0.773794 -0.628302 -0.0804891
36.478 -24.9964 -24.846 0.594939 0 -3.9 0 0.33476 -0.90267 -0.270413
39.388 -20.1395 -28.1395 -0.0197071 -0.0990416 1.48522 0 0.299308 0.396488 -0.867878
41.953 -27.3184 -2.8445 0.501297 0 3.8 0 0.171426 0.0327695 0.984652
14.9113 -37.5669 -17.7669 0.139079 0 -1.6 0 -0.37425 -0.927206 0.0150533
9.215 -20.7952 -20.8415 0.498652 0.0912573 -4.5 0 -0.985689 -0.107976 -0.129451
45.9683 -7.591 -19.817 1.43294 0 -3.9 0 0.864048 -0.0616161 -0.499624
19.5129 -11.8054 -3.49062 -1.01319 -0.13101 -3.5 0 0.479697 0.593264 0.646474
39.129 -5.40637 -24.6397 0.05438 0 -1.6 0 0.396134 0.810449 -0.431568
37.4007 -5.61425 -7.09737 -1.22778 -0.394187 -3.5 0 0.850224 -0.239728 -0.468668
13.9093 -24.5654 5.3485 0.693423 0.356126 -4.5 0 -0.203744 -0.356905 0.911651
33.057 -5.89425 -4.92075 -0.331436 -0.438842 -3.5 0 -0.84239 0.478757 0.247327
26.8395 -17.8983 -34.3078 -0.65185 -0.789012 -0.4 0 0.27953 -0.709106 -0.647326
13.673 -36.0146 -17.6011 0.169614 0 -1.6 0 -0.967967 -0.173356 -0.181626
14.2507 -36.9092 -18.8855 -0.0303537 0 -1.6 0 -0.754803 -0.509391 -0.413271
20.7194 -8.2265 -7.87437 -0.108035 -0.205816 -0.8 0 0.484444 0.61822 0.618966
12.6084 -5.0235 -15.3888 -0.326627 0.310348 -3.2 0 -0.917647 0.251363 0.3078
24.3988 -39.807 -17.6049 0.159372 0 -3.9 0 -0.254086 -0.852324 0.457148
8.169 -15.181 -8.34525 0.596162 0.314941 -4.5 0 -0.493769 0.511341 -0.703365
21.51 -2.18613 -10.4908 0.780308 0 1.9 0 0.043125 0.758656 0.650062
20.0595 -11.5203 -19.079 -0.566421 0 -3.5 0 -0.917206 0.380829 -0.117057
30.9244 -15.449 -1.62863 0.806886 0 -3.9 0 0.958925 -0.283316 0.0139183
11.8056 -27.8171 -4.06012 0.552869 0 -3.5 0 -0.442918 -0.414514 0.794985
18.4182 -4.78975 -8.87775 0.176362 0 1.9 0 -0.184063 0.230137 0.955593
12.1362 -11.8876 -12.0546 -0.198119 0 -3.87314 0 -0.687603 0.723602 -0.0600205
12.7968 -28.2015 -13.9392 -1.21064 -0.261897 -1.0096 0 -0.952013 0.297793 -0.0706442
36.837 -23.321 -11.551 2.51798 0 -3.9 0 -0.423328 -0.899932 -0.104478
22.7948 -11.9116 1.12325 -0.190975 -0.0622116 -2.43186 0 -0.788757 0.386429 -0.478054
27.2862 -19.471 3.39 0.46512 0 1.05933 0 -0.420269 -0.75292 0.506445
23.698 -21.8696 0.202 0.178755 0.103158 -3.5 0 -0.265268 -0.236904 0.934617
17.189 -15.2146 -33.9571 1.69159 0.722314 -3.9 0 -0.190353 0.407324 -0.893226
29.717 -28.4792 -3.759 0.479717 0.292929 -2.75236 0 0.532587 -0.706953 -0.465369
34.4564 -12.6626 -29.0709 -0.696169 0 -0.8 0 0.67133 0.63882 -0.375799
27.38 -32.5484 -28.5998 -0.192757 0 3.8 0 0.455522 -0.466357 -0.758295
42.6715 -14.6508 -16.0952 1.04283 0.374642 0.699987 0 0.677983 0.209029 0.704731
28.7445 -2.80875 -20.5029 0.451852 0 -3.5 0 0.442727 0.894458 0.0627558
9.89062 -12.4797 -6.10663 -1.52743 -0.206446 -3.5 0 -0.605179 0.159267 0.779995
26.1385 -10.6217 -0.4235 0.746516 0 -0.9 0 -0.32594 0.873168 -0.362409
16.0749 -15.912 1.243 -1.31358 -0.0302859 -3.5 0 -0.656754 0.0726676 0.750595
17.6548 -10.7015 -3.14325 -1.62351 -0.0266234 -3.5 0 -0.26403 0.890024 0.371679
40.2607 -29.9452 -20.4928 0.412356 0 1.9 0 0.815352 -0.565123 0.125845
30.743 -30.4377 -13.2285 -0.166117 -0.910176 -4.5 0 0.0643604 -0.839225 0.539962
19.0105 -2.80525 -10.6205 0.529037 0 1.9 0 -0.361964 0.852487 0.377157
30.8816 -3.43625 -21.6011 0.603627 0.138176 -2.15398 0 0.25406 0.398766 0.881158
33.6381 -27.2835 -0.696125 0.484903 0 -3.9 0 0.874606 -0.388681 0.289814
25.4084 -33.8829 -2.41475 1.41489 0 -3.9 0 0.0667922 -0.697587 0.71338
29.9745 -13.9408 3.12225 0.345424 0.736344 -4.5 0 0.84241 0.290628 0.45374
31.1465 -8.5145 -27.284 -0.340404 0 -2.83334 0 0.974425 -0.145614 -0.17115
27.0591 -8.33663 4.08012 2.28413 0 -3.5 0 0.0475272 0.787175 0.614896
36.9739 -8.81938 -5.47337 0.812428 0.441176 -3.5 0 0.778017 0.31308 -0.544674
11.0231 -25.48 -4.10725 -0.290329 0 -3.5 0 -0.582863 0.06889 0.809645
19.4632 -13.9443 -2.11775 -0.427447 0 -3.5 0 0.432217 0.83019 0.352097
37.017 -33.3662 -8.46575 0.266444 0 4.5 0 -0.0893308 -0.991649 -0.0930149
17.5522 -34.5975 -8.11075 -0.148888 0 -3.2 0 0.391374 0.436756 0.809982
22.9765 -34.017 -25.6 -1.45667 -0.0216624 -3.5 0 0.550941 -0.746568 -0.372962
23.792 -9.484 -4.94625 0.412127 0 -1.6 0 -0.74028 0.671053 0.0409127
40.2412 -9.97425 -16.2962 -0.633306 -0.328934 -3.5 0 0.52221 0.584155 0.621337
25.6935 -7.49425 0.7015 -0.806602 0 -3.5 0 -0.107938 0.377876 -0.919543
10.2181 -24.5624 -18.8815 -0.0897942 0 -0.4 0 -0.993926 0.0239631 -0.107411
19.8101 -7.63163 -26.4748 0.880832 0 -3.9 0 -0.768387 -0.639954 0.006298
8.9665 -21.8857 -13.363 -0.300571 0 -0.278685 0 -0.874129 -0.143664 -0.463959
23.5425 -24.9 -30.148 -0.157288 0 -1.19096 0 -0.099084 0.141209 -0.985009
25.3797 0.71625 -26.901 -1.97982 -0.0113369 -3.5 0 -0.70914 0.583336 0.396031
26.2865 -29.6308 1.3625 0.466092 0 -1.6 0 -0.0167 -0.617828 0.786136
31.9244 -4.7065 -21.5077 0.25706 0 -2.18571 0 -0.098773 0.538704 0.836685
38.084 -20.7432 -28.0487 -0.156488 -0.89878 2.5 0 -0.116857 0.0657058 -0.990973
19.657 -21.5451 0.196375 0.12159 0 -4.5 0 0.665903 -0.737043 0.115502
30.0492 -26.4895 -29.7165 0.000927356 -0.22751 2.10763 0 0.123649 -0.577707 -0.806825
11.7491 -25.9464 -16.2751 -0.532453 0 -0.4 0 -0.73009 -0.608797 0.310378
35.1403 -5.04275 -26.7763 -0.968007 0 -0.648346 0 0.716108 -0.15591 -0.680354
29.839 -13.6333 -31.23 -1.11591 -0.595022 2.8 0 0.484881 -0.296679 -0.822722
17.5571 -30.8439 -7.69537 0.0326159 0 -0.103975 0 -0.524854 -0.270694 0.807003
40.5622 -11.0439 -28.7763 -0.658926 0 -3.5 0 0.512883 0.0800292 -0.85472
19.9074 -19.2494 -30.0514 -0.0886893 0 -1.19052 0 -0.708574 -0.635584 -0.306524
9.8735 -25.8202 -5.71175 -0.730758 -0.860759 -3.5 0 -0.926018 0.0609953 0.372519
32.3965 -27.8263 -23.827 0.557873 0 -3.5 0 0.9739 0.101896 0.20282
14.53 -37.56 -9.961 0.163021 0 -3.2 0 -0.86585 -0.496192 0.0640022
25.3485 -33.4313 -26.6147 -0.215813 0 3.8 0 -0.213165 -0.974209 -0.0740168
8.38775 -14.6818 -6.13287 0.395964 0.0164193 -4.5 0 -0.613441 0.521641 0.592942
13.8182 -31.6041 -11.2513 -0.182115 0 -1.3 0 -0.604241 0.0889766 0.791818
26.8862 -39.695 -18.9281 0.555161 0 -3.9 0 0.452541 -0.825201 0.338009
39.5864 -15.9406 -9.95763 1.39966 0.654301 -3.5 0 0.950143 0.277303 0.142592
35.633 -24.604 -10.147 1.87944 0 -4.5 0 0.320972 -0.852523 -0.41253
23.517 -26.596 -0.9165 0.408231 0 -1.6 0 -0.933108 -0.279687 -0.226018
28.4223 -23.3148 -33.276 -0.340081 0 -0.7 0 -0.304716 -0.112074 -0.945826
34.9953 -28.8555 -15.0775 0.849065 0 -0.4 0 0.784359 -0.535721 0.312705
35.5098 -23.8846 -11.1945 1.97666 0.912559 -4.5 0 0.314081 -0.846665 -0.429547
29.6014 -24.4031 -32.9324 -0.338371 0 -0.7 0 0.168872 -0.674686 -0.718527
8.4855 -27.4287 -26.4207 -0.905846 0 -3.5 0 0.319542 -0.784715 -0.531146
35.3195 -26.1161 -26.3774 0.358753 0 4.2 0 0.883674 -0.463651 -0.0644079
45.6963 -8.9395 -20.5777 0.292063 0 -3.9 0 0.811975 -0.327403 -0.483222
25.6567 -8.0615 -4.41525 0.418891 0 -1.6 0 0.0122752 0.956145 0.292636
14.7253 -15.5334 -4.1795 0.500929 0 -3.2 0 -0.836615 -0.0543861 0.545085
36.9656 -11.2321 -1.6545 -0.764917 -0.375358 -3.5 0 0.0102023 -0.954022 0.299564
19.772 -12.4392 -22.4832 0.244886 0.235745 -1.85881 0 -0.601245 0.761656 -0.241627
27.6734 -7.18687 2.23062 3.09609 -0.513435 -3.5 0 0.28699 0.957695 0.0213704
14.574 -22.6751 4.9205 0.594568 0.0146656 -4.5 0 -0.155836 0.537676 0.828625
39.7154 -22.2698 -6.192 1.00663 0 1.8 0 0.81303 0.448994 0.370656
41.062 -16.3253 -26.4048 -1.24858 -0.00520991 -3.5 0 0.820118 -0.206297 -0.533712
39.0607 -10.3392 -14.14 0.633419 0 -3.5 0 0.356142 0.933852 -0.032922
7.67613 -15.1318 -6.93062 0.437694 0 -4.5 0 -0.81193 0.576244 0.0933422
23.8916 -7.35825 -14.5601 -0.418301 -0.871512 -3.9 0 0.834979 -0.356486 0.419199
12.793 -19.1021 -16.0291 0.000628869 0 -2.62668 0 -0.401429 0.847958 -0.346152
20.7302 -0.917 -19.3988 -0.604076 -0.173832 -0.957544 0 -0.146422 0.984122 -0.100327
25.297 -8.3815 -5.805 0.8813 0 -1.6 0 -0.458258 0.867111 -0.195236
22.608 -15.6409 8.33375 -0.432605 0 2.5 0 -0.159929 -0.336544 0.927988
11.5381 -24.3485 2.57212 0.831852 0.132133 -4.5 0 -0.968358 0.0138961 0.249177
10.7664 -14.8857 -14.848 -0.0160358 0 -3.9 0 -0.725078 -0.132366 -0.675827
22.5189 -32.6369 -3.359 1.83052 0.76491 -3.9 0 -0.829268 0.0767476 0.553556
26.3668 -33.8179 -24.5094 -0.0623694 0 3.8 0 0.126614 -0.971922 -0.198334
38.0076 -29.5251 -17.578 0.723099 0 1.9 0 0.303594 -0.391568 0.868623
14.7436 -31.0136 -25.0621 -0.329983 0 -1.3 0 -0.493803 -0.716556 -0.492653
41.2231 -21.687 -26.7346 0.405269 0 -0.4 0 0.954575 -0.0563883 -0.292585
30.1545 -4.637 -32.4529 -2.57114 -0.615308 -3.5 0 0.848428 0.260211 -0.460934
21.2865 -10.621 5.11013 -1.43706 -0.284453 -3.5 0 -0.536803 -0.467667 0.702232
13.7245 -23.8651 0.27075 0.644855 0.331462 -4.5 0 0.079023 -0.181056 -0.980293
37.7951 -29.28 -23.3097 0.645175 0 1.9 0 -0.613962 0.0296751 -0.788778
22.247 -29.337 -30.923 -1.03121 0 -3.5 0 0.174124 -0.536022 -0.826052
33.3561 -24.0964 -33.2779 -0.2759 0 -3.5 0 0.166417 -0.847608 -0.50385
27.2489 -16.0749 5.83175 0.692183 0 -4.5 0 -0.324396 0.253338 0.911366
14.6058 -17.9401 -20.3013 0.559766 0 -4.5 0 -0.0253544 0.795202 -0.605814
23.9681 -37.055 -14.5996 -1.96532 -0.394595 -3.5 0 0.138255 -0.913676 0.382206
23.3759 -28.344 0.45 0.330261 0 -1.6 0 -0.968724 -0.243299 -0.0487719
9.8595 -22.0391 -19.8848 0.0340655 0 2.8 0 -0.825932 -0.479993 -0.295707
32.1771 -32.1125 -21.75 0.519279 0.539908 -3.5 0 0.816474 -0.549905 -0.175997
31.908 -33.2385 -19.6231 0.108913 0 4.2 0 0.72363 -0.663077 0.191545
33.1758 -31.3943 -13.6307 -1.73032 -0.515038 -3.5 0 0.3482 -0.382507 0.85583
22.0815 -14.0689 -31.5566 0.133497 0 1.50181 0 -0.901833 0.431038 -0.0300442
20.9171 -3.04 -9.176 0.344689 0 1.9 0 0.192709 0.350725 0.916436
33.1647 -18.7885 -32.1154 -0.813294 0 -1.3 0 0.745254 0.589291 -0.311981
26.4654 -14.8621 -35.7114 -0.311805 0 -0.4 0 0.0880111 0.071742 -0.993533
7.62175 -18.6 -6.09225 0.498118 0 -4.5 0 -0.841177 -0.0104548 0.540658
17.2599 -25.6292 -31.1518 -0.00577848 0 1.8 0 0.108044 -0.463858 -0.879296
23.3088 -29.9123 -30.193 -1.95133 -0.00639073 -3.5 0 0.444047 -0.487742 -0.751618
15.4528 -20.6803 -2.1445 0.00927382 0 -0.8 0 -0.843549 -0.38208 0.377412
14.955 -6.77563 -12.8094 -0.469044 -0.595986 1.9 0 -0.81941 0.105063 0.563497
29.4123 -6.70275 -31.9722 -1.60713 -0.889281 -3.5 0 0.884523 -0.321996 -0.337547
16.0397 -21.8531 4.26188 0.859488 0.14599 -4.5 0 0.199445 0.434648 0.878238
37.1401 -29.5154 -4.4585 0.183017 0 4.5 0 -0.0869255 -0.66885 0.738298
9.073 -19.162 -12.9945 -0.76776 -0.372239 -3.98744 0 -0.832899 0.547101 0.0834266
33.7817 -5.61613 -17.3615 0.515489 0 -3.9 0 0.152873 0.809468 0.566914
9.03088 -26.3153 -7.0645 0.717403 0 -3.9 0 -0.677787 0.559726 0.476772
12.9482 -33.789 -12.7035 -0.697861 -0.00252345 -3.2 0 -0.862654 -0.407557 0.299542
36.6465 -31.891 -6.015 0.290756 0 4.5 0 -0.431234 -0.645818 0.630045
23.1581 -31.24 -11.4742 0.0731533 0 -2.62984 0 -0.324301 -0.929306 0.176689
27.1443 1.21175 -27.9965 -1.7625 -0.504031 -3.5 0 0.437104 0.856476 -0.274571
13.5258 -24.3814 -26.9471 -0.144962 -0.0142347 1.8 0 -0.717672 0.46946 -0.514349
41.3438 -8.73713 -22.6345 -0.235049 -0.467881 -3.58661 0 0.748633 0.408449 -0.522224
38.2931 -24.4604 -1.40425 0.59505 0 -0.4 0 -0.18961 -0.0703337 0.979337
34.2566 -24.3225 -12.0661 1.62569 0.576108 -4.2458 0 0.673024 -0.738593 0.0389607
34.4453 -23.2394 0.288875 1.6319 0.350181 -3.5 0 0.525765 -0.15755 0.835912
40.7226 -21.2035 -11.1314 0.510709 0 -3.9 0 0.871595 0.468076 0.145697
26.8167 -38.185 -17.4673 0.68178 0 -3.9 0 0.707597 -0.24499 0.662786
38.5213 -21.9137 -3.563 1.40217 0.13534 -0.835331 0 0.607862 0.694757 0.38447
15.757 -16.0548 -25.065 -1.76216 -0.165156 -3.9 0 -0.893612 0.370723 0.253027
19.4021 -1.156 -21.0672 -1.70169 -0.440313 -3.5 0 -0.565043 0.778005 -0.274653
20.1085 -20.1199 1.94237 -0.237001 -0.245873 -0.826718 0 0.419281 -0.566727 0.709242
37.1564 -26.8787 -16.1299 1.03367 0.0397448 -1.37506 0 0.755318 -0.586083 0.293261
37.5098 -9.3795 -15.9878 0.798428 0 -3.5 0 0.093853 0.699844 0.708103
31.861 -28.765 -3.1575 0.369994 0 -3.9 0 0.146496 -0.978966 -0.142005
18.1129 -18.0075 2.05312 0.261652 -0.207617 -4.25223 0 -0.510606 0.393337 0.76457
38.7492 -30.4751 -23.3949 0.74467 0 1.9 0 -0.161269 -0.678845 -0.716353
38.4842 -23.8871 -25.3254 0.869638 0 -0.720659 0 0.459222 -0.884257 0.0848808
15.2604 -14.7664 -19.3776 -0.520303 -0.440856 -3.5 0 -0.811772 -0.47505 -0.339638
18.3196 -18.9534 -28.578 0.607041 0 -3.9 0 -0.253911 -0.855686 -0.450922
25.3529 -28.8931 1.76188 0.477908 0 -1.6 0 -0.0543883 -0.60516 0.794244
15.6369 -3.0505 -14.7201 0.105625 0 -3.2 0 -0.448197 0.746004 0.492541
21.3393 -38.1465 -18.0047 -0.154139 0 -3.9 0 -0.345486 -0.877112 0.333637
11.818 -9.61 -9.82213 0.000725968 0 -3.5 0 -0.879195 0.295618 -0.373666
11.29 -32.7345 -17.8485 -0.25193 0 2.8 0 -0.521242 -0.58655 -0.619892
16.5944 -29.9245 -8.51775 -0.209095 0 -2.78863 0 -0.69555 -0.364932 0.618898
15.6753 -22.6785 -26.281 -0.633753 0 -3.2 0 -0.496278 0.630746 -0.596546
28.6426 -4.38363 -33.3266 -2.04633 -0.0333675 -3.5 0 0.376082 0.332378 -0.86492
39.003 -21.9772 -4.92325 1.90951 0.0489897 1.60103 0 0.784891 0.551739 0.28201
28.776 -7.2865 2.0925 3.02048 0 -3.5 0 0.560667 0.816241 -0.139295
8.59112 -19.8516 -14.1455 -0.248784 0 2.8 0 -0.980009 0.0395094 0.194991
26.8166 -36.4789 -12.7555 3.23694 0.0119635 -3.9 0 0.158483 -0.987107 -0.0224071
41.6105 -21.0513 -13.9111 -1.29513 -0.27372 -3.9 0 0.930802 -0.270996 0.245292
26.6569 -11.762 -33.4576 0.306308 0 -1.14817 0 0.134872 0.556703 -0.81969
33.7389 -20.8592 -0.35475 0.94778 0.524765 -3.5 0 0.402041 0.742744 0.535439
23.0379 -1.80338 -16.5165 0.147782 0 -1.06828 0 0.625609 0.750996 -0.211228
21.9016 -18.0783 -37.4769 0.757458 0.804991 -3.5 0 0.00526484 0.0365181 -0.999319
38.9105 -14.895 -9.6815 1.11472 0.0391791 -3.5 0 0.935698 0.352794 0.00228554
38.5855 -10.1955 -4.11713 1.13361 0.549082 -3.5 0 0.986548 0.163206 -0.00933015
41.0851 -22.7385 -26.3059 0.432244 0 -0.4 0 0.873581 -0.484232 0.0487379
15.2493 -15.3595 -29.301 0.115764 0 -3.9 0 -0.946792 0.171856 0.272122
33.712 -17.4447 -4.1585 2.52098 0 -3.9 0 0.281946 -0.165086 0.945121
27.2722 -3.91887 -33.5902 -2.22077 -0.05443 -3.5 0 -0.168849 0.179086 -0.969236
20.6819 -4.003 -26.0718 1.09903 0 -3.5613 0 0.111226 0.993559 -0.0216378
28.7556 -19.4134 4.90912 1.07699 0.26693 -4.5 0 -0.283688 -0.769062 0.572769
24.3845 -11.4294 -2.00612 0.535787 0 -0.9 0 -0.564767 0.781078 0.266374
18.7502 -12.7635 -21.6707 -0.431778 0 -3.5 0 -0.396486 0.888302 -0.231773
29.7073 -30.7115 -13.7437 -0.305258 0 -1.3 0 0.50356 -0.715105 0.484822
15.6294 -7.88575 -9.897 0.290577 0.396694 -2.27998 0 -0.437165 0.898718 0.0345361
20.376 -6.73175 -8.723 -0.281539 0 1.23343 0 0.616894 0.331565 0.713797
29.3827 -31.9615 -27.4879 -0.54029 -0.0213816 -3.5 0 0.185 -0.606992 -0.772875
11.568 -19.3735 -21.8235 -0.150073 0 -4.5 0 -0.0656103 0.554825 -0.829376
13.7889 -3.0095 -16.1905 0.160394 0 -3.2 0 -0.672575 0.739107 -0.0369183
34.2352 -24.2385 -0.25275 0.693613 0.349932 -3.5 0 0.68715 -0.398273 0.607622
30.0504 -1.204 -24.8776 0.371599 0 -0.8 0 -0.306183 0.928942 0.208133
28.0684 -36.6455 -18.1685 1.79538 0.885525 -3.61237 0 0.51777 -0.35391 0.778885
30.5739 -30.705 -11.415 -1.21071 -0.197883 -4.5 0 0.622991 -0.777246 0.0881519
44.7936 -26.7099 -3.342 0.300389 0 3.8 0 0.283324 0.511278 0.81137
33.9129 -14.6979 -5.38075 3.15683 0.326377 -3.9 0 0.348617 0.154347 0.924469
25.3216 -6.12437 -32.5482 -0.351386 0 -3.5 0 -0.755652 -0.0509075 -0.652992
10.3752 -24.3175 -6.039 -1.34896 -0.543773 -3.5 0 -0.816771 0.57083 -0.0838996
37.307 -14.7712 -28.9701 -0.4504 -0.482244 -1.61906 0 0.158843 -0.13268 -0.978348
24.8255 -18.9855 2.5255 -0.83997 -0.703747 -4.5 0 -0.0815109 -0.951571 0.296426
22.8791 -3.17088 -22.7684 -0.409474 0 -3.5 0 0.400804 0.731143 -0.552074
11.8582 -11.8081 -13.6254 0.0392337 0 -3.9 0 -0.50421 0.863084 0.0293045
17.0723 -28.8463 -5.7655 -2.18103 -0.384445 -3.5 0 0.0251389 -0.810538 0.585146
5.47762 -27.8356 -26.9422 -2.02427 -0.591258 -3.5 0 -0.526344 -0.482911 -0.699828
13.4604 -14.1599 -18.3641 1.67032 0.192519 -3.9 0 -0.457888 -0.572313 -0.680291
13.06 -7.0115 -16.7869 -0.0155773 0 -3.2 0 -0.932287 -0.342349 -0.116782
7.8225 -29.3446 -6.73175 2.75531 0.38356 -3.9 0 -0.433647 -0.391844 0.811424
15.5315 -14.4635 -21.1275 -2.46374 -0.773897 -3.5 0 -0.896745 -0.130653 -0.422821
24.8118 -26.4451 1.68712 0.672587 0 -1.6 0 -0.399217 0.348045 0.848228
10.4565 -13.3533 -12.2509 -0.000375186 0 -3.9 0 -0.773773 0.57152 0.273203
25.7111 -12.383 -34.2501 -0.119512 0 0.0306844 0 -0.108122 0.767183 -0.63225
11.0633 -23.4329 -8.40469 -1.39076 0 -3.9 0 -0.950268 -0.277298 0.141763
20.441 -2.60363 -23.0632 -0.551231 0 -3.5 0 0.0398288 0.841332 -0.539048
28.8159 -10.3299 -0.741 0.713998 0 -0.9 0 -0.0465691 0.943299 -0.328661
27.7537 -10.5126 -2.83612 0.853006 0 -1.6 0 0.544668 0.795886 0.264391
38.4116 -13.3449 -8.89094 0.978001 0 -3.5 0 0.981239 0.189825 0.0337248
16.2518 -12.8116 -2.40575 -0.174298 0 -3.5 0 -0.573769 0.670447 0.470415
21.5312 -17.2336 5.63056 0.0637837 0 2.5 0 -0.212223 -0.814487 0.539975
20.433 -32.8568 -28.1095 -0.371859 0 -4.5 0 0.357367 -0.828273 -0.43157
27.9345 -29.5203 -0.443563 1.06955 0 -1.6 0 0.540498 -0.740872 0.398711
18.5761 -33.9709 -8.54788 0.0252688 -0.0147577 -1.74747 0 0.190721 -0.427054 0.883884
37.5242 -24.1045 -11.6119 1.92855 0 -3.9 0 -0.486343 -0.809504 -0.328897
31.2454 -15.9101 -2.94706 1.24858 0 -3.9 0 0.815549 -0.260734 0.51662
20.5863 -14.7032 1.46 -0.258112 0 1.8 0 -0.325216 0.865844 0.380196
18.14 -4.90075 -23.0063 -1.56105 0 -3.5 0 -0.990751 0.131884 0.0319334
34.5626 -25.1935 -9.61213 1.74151 0 -4.5 0 0.540747 -0.772963 -0.331846
26.8254 -8.9995 -3.92631 0.893688 0 -1.6 0 0.455619 0.649279 0.608973
40.7747 -24.6761 -11.1545 0.86378 0 -3.9 0 0.748982 -0.593691 -0.294205
27.6607 -2.17825 -28.739 -0.667477 0 -3.5 0 0.688006 0.210898 -0.694384
10.9881 -9.98694 -8.07 -0.311371 0 -3.5 0 -0.923948 0.225396 -0.309059
32.9852 -5.19494 -29.4883 -0.685012 0 -3.5 0 0.469724 -0.67017 -0.574658
32.207 -6.9935 -27.6384 -0.0530681 0 -3.5 0 0.737244 -0.67201 -0.069818
18.4318 -14.4852 -30.8848 1.11207 0 -3.9 0 0.561065 0.803473 -0.199092
18.8322 -34.857 -12.4189 0.0102888 0 -3.2 0 0.856095 -0.49655 0.143314
33.7275 -26.0357 -24.2491 0.795215 0 -2.28759 0 0.562963 -0.701177 0.437521
20.8682 -12.5677 -3.257 -0.574207 0 2.8 0 -0.327836 0.589193 0.738495
27.1984 -3.63106 -18.1887 0.104686 0 -3.5 0 -0.305094 0.817889 0.487828
34.2782 -26.6916 -25.096 0.502287 0 4.2 0 0.581601 -0.500438 0.641328
38.13 -11.0938 -7.27425 0.271059 0 -0.4 0 0.747638 0.597168 -0.290564
23.455 -38.0595 -17.0959 0.18637 0 -3.9 0 -0.364605 -0.627777 0.687721
12.9631 -32.4884 -20.0333 -0.136262 0 2.8 0 -0.580659 -0.701988 -0.412368
17.1184 -11.2216 -6.51638 -0.827406 0 2.8 0 -0.595362 0.631818 0.496337
22.681 -13.9515 -27.724 -0.0760334 0 4.2 0 -0.43371 0.898774 0.0640441
32.3469 -28.2359 1.24462 1.77379 0.33893 -3.9 0 0.617398 -0.77586 0.129847
10.4055 -23.7421 -15.089 -0.610808 -0.0520241 -0.4 0 -0.87478 -0.218991 -0.432207
43.4398 -25.5991 -4.8665 0.30535 0 3.8 0 0.303354 0.877505 0.371431
19.0539 -12.4156 -19.324 -0.504072 0 -3.5 0 -0.561584 0.822252 -0.0923336
39.7416 -24.2437 -23.7924 1.81457 0.452958 -3.9 0 0.543569 -0.352694 -0.761669
16.7527 -36.5636 -14.8124 0.879268 0 -3.2 0 0.235259 -0.943532 -0.233238
18.1314 -32.5087 -29.3388 0.639609 0 -4.5 0 -0.016993 -0.836384 -0.54788
32.532 -26.9125 -9.491 2.06258 0 -4.5 0 0.600296 -0.781313 -0.170866
34.7035 -24.632 -10.889 1.88249 0.62145 -4.5 0 0.560688 -0.731834 -0.387361
10.4019 -25.5768 -8.33463 0.658435 0 -3.9 0 -0.591988 0.801421 0.0852928
21.4391 -23.119 -3.7475 0.32607 0.451231 2.03602 0 -0.311993 -0.613961 0.72506
18.0371 -14.2457 -32.1409 1.55774 0 -3.9 0 0.623248 0.752151 -0.214083
19.278 -10.0992 -17.4972 -0.637781 0 -3.5 0 -0.468609 -0.637448 -0.611609
33.9319 -27.9514 -27.6839 0.109053 0 4.2 0 0.795126 -0.583549 -0.165059
19.8787 -33.9086 -12.2207 -0.165343 0 -1.3 0 0.49971 -0.844325 0.193402
10.1429 -26.3624 -18.1906 -0.768525 -0.310559 2.44123 0 -0.89351 0.226931 0.387482
18.0446 -33.4624 -26.4193 0.0413777 0 -4.5 0 -0.470265 -0.839673 -0.271664
19.2356 -14.7244 1.3445 -0.898371 -0.00416574 1.18146 0 0.0924272 0.763443 0.639228
19.1775 -35.878 -14.207 -0.0673981 0 -3.42865 0 0.274683 -0.925232 0.261714
32.0537 -13.1492 -1.62131 1.35688 0 -3.9 0 0.880864 -0.360338 0.306978
14.5288 -27.7986 -6.35244 -0.456245 0 -3.5 0 -0.170572 -0.985234 -0.014831
24.2452 -11.4776 -0.802125 0.489882 0 -0.9 0 -0.519439 0.826493 -0.217008
32.6876 -28.27 -4.0285 0.574695 0 -3.9 0 0.00196543 -0.999793 -0.0202656
38.0236 -18.0019 -27.5419 -0.044326 -0.0711066 2.5 0 0.190629 0.259364 -0.946779
17.5788 -14.4031 -28.1231 -0.125984 0 -3.9 0 -0.212462 0.930689 0.297789
20.1628 -34.1468 -26.4225 -1.93269 -0.734514 -3.5 0 -0.0080546 -0.789296 -0.61396
33.3421 -6.97231 -16.5611 0.623751 0 -3.9 0 0.249506 0.378482 0.891347
9.1015 -18.9342 -5.05587 0.972252 0 -4.5 0 -0.505329 -0.163996 0.8472
38.2445 -13.3245 -7.7605 1.29676 0 -3.5 0 0.974223 0.220311 0.048508
13.3647 -35.1079 -14.0654 -1.00779 -0.634465 -1.93324 0 -0.791177 -0.522446 0.317946
40.308 -26.6766 -20.0349 0.495999 0.169267 0.264427 0 0.837598 0.151913 0.52474
18.513 -30.6287 -7.33206 0.041612 0 4.2 0 -0.310818 -0.470566 0.825808
36.3577 -24.4015 -27.1777 0.0849142 -0.984933 -0.4 0 0.224349 -0.852198 -0.47268
34.3471 -28.4999 -13.7392 0.858402 0 -0.4 0 0.574583 -0.378059 0.725896
25.5755 -31.2085 -1.51 0.537952 0 -1.6 0 0.0219947 -0.404548 0.914252
15.478 -21.7335 -0.342 0.243259 0.449993 -4.5 0 -0.832998 0.343778 -0.433511
29.6871 -15.9148 5.79431 1.02069 0 -4.5 0 0.374022 0.60322 0.704438
40.6707 -12.512 -13.6076 -0.0343325 0 -3.5 0 0.745018 0.377652 0.549842
44.6179 -28.3214 -3.27262 0.286201 0 3.8 0 0.136957 -0.475304 0.869096
10.1264 -25.36 -19.7133 0.15377 0 -0.4 0 -0.88718 0.414477 0.202783
35.5095 -21.5798 -29.6812 0.938079 0.391974 -3.5 0 0.877468 0.253459 -0.407196
27.9666 -28.5138 0.618125 0.936969 0 -1.6 0 0.466803 -0.487674 0.737746
25.9884 -37.5399 -21.2873 1.93993 0 -3.9 0 -0.0292406 -0.0347761 -0.998967
12.3788 -16.4662 -5.17588 0.258008 0.0161199 -3.84152 0 0.166045 0.332084 0.92852
36.1869 -30.4956 -18.6117 0.786245 0 1.9 0 0.118019 -0.916593 0.382006
35.4265 -25.467 -24.681 0.586521 0 1.34386 0 0.376929 -0.89701 0.230864
38.1595 -12.1305 -7.24762 0.47674 0 -3.5 0 0.989993 0.0274487 -0.138421
10.6838 -24.3004 -25.2811 0.206609 0 -2.52796 0 -0.174499 0.620442 -0.764592
39.1974 -13.8644 -28.7324 0.0123897 0 -3.5 0 0.356693 -0.321637 -0.877109
32.7513 -21.7743 0.25425 0.690952 0 4.5 0 0.368378 -0.000131683 0.929676
26.2593 -15.8933 5.58231 0.524114 0 -4.5 0 0.0363585 -0.137173 0.98988
35.393 -25.0931 -27.0345 0.520947 0 4.2 0 0.737732 -0.432789 -0.518116
12.1047 -18.0034 -5.00981 0.469887 0 -3.95007 0 0.145433 -0.061229 0.987472
35.8925 -18.0339 -5.5075 2.60339 0 -2.7999 0 0.553046 0.0844995 0.828855
11.5036 -22.9971 -24.1493 0.670428 0 1.8 0 -0.656481 0.640076 -0.399167
44.5677 -29.3864 -5.01066 0.264834 0 3.8 0 0.152142 -0.89526 0.418763
14.503 -7.765 -11.502 0.421285 0 -3.5 0 -0.394755 0.912058 0.110989
24.4464 -31.2986 -28.6528 -0.381157 0 3.8 0 -0.403997 -0.559601 -0.723625
24.927 -3.82744 -21.2196 -0.868402 0 4.5 0 0.00787584 0.985704 0.168303
12.2699 -11.8763 -16.2242 1.28053 0 -3.9 0 -0.708868 0.680472 -0.185645
15.5679 -8.47331 -17.1733 -0.162078 0 -0.0178097 0 -0.111801 -0.502742 -0.857176
25.2899 -36.3457 -20.7505 2.57249 0.0493896 -3.9 0 -0.241946 0.0438676 -0.969297
21.0475 -18.0944 4.22069 -0.329013 0 2.5 0 -0.0154666 -0.902841 0.429695
25.7559 -34.3035 -23.0828 -1.19727 -0.00848628 3.8 0 0.132155 -0.918836 -0.371853
37.4826 -25.64 -14.1088 1.19199 0 -1.6 0 0.404105 -0.542857 0.73621
35.7173 -26.3293 -13.9646 1.49817 0 -1.6 0 0.3809 -0.245861 0.891329
38.1928 -25.2386 -16.5321 1.18436 0 -1.6 0 0.900317 -0.412865 0.137738
17.4696 -27.0365 -30.2987 0.010576 0 -4.5 0 0.00476921 -0.0862393 -0.996263
25.0292 -14.4447 -35.2152 -0.229892 0 -0.4 0 -0.34101 0.142296 -0.929228
17.5091 -19.5705 -21.0561 0.73718 0.594292 4.5 0 -0.631497 0.753183 -0.184191
11.9751 -15.6094 -15.0627 0.188693 0 -3.9 0 -0.36687 -0.343538 -0.864516
13.269 -22.476 1.3875 0.387121 0 -4.5 0 -0.550674 0.807252 -0.212374
35.9836 -5.39738 -19.5076 3.10787 0.0629393 -3.9 0 0.42077 0.76291 0.490837
37.9954 -26.6159 -22.7323 0.446222 0 -3.63769 0 -0.243256 -0.404642 -0.881528
35.414 -11.3821 -27.5944 -0.281681 0 -0.8 0 -0.177943 0.753789 -0.632565
18.1905 -4.05281 -21.3259 -0.58273 0 -3.5 0 -0.955919 0.245058 -0.161756
32.7742 -25.6812 1.335 2.04377 0 -3.9 0 0.9276 0.224209 0.298813
26.48 -36.525 -21.2001 3.60213 0 -3.9 0 -0.127137 -0.0577967 -0.9902
28.6478 -2.03063 -28.1782 -0.287611 0 -3.5 0 0.490656 0.423831 -0.76133
36.9464 -23.5393 -28.4443 -0.802112 -0.149487 -0.4 0 0.0369318 -0.558466 -0.828705
40.1517 -23.9735 -19.9032 2.66373 0 -3.9 0 0.795267 -0.0362181 0.605177
16.8164 -6.64756 -9.21875 0.24164 0.161528 -0.8 0 -0.7116 0.629382 0.312257
21.2558 -38.0344 -19.6427 0.145968 0 -3.9 0 -0.567593 -0.754545 -0.329392
13.811 -25.3095 3.146 0.204542 0 -4.5 0 0.129462 -0.988993 0.0716469
16.8431 -32.846 -8.63387 -0.0386829 0 -1.3 0 -0.703081 -0.128679 0.699371
20.4716 -5.80253 -28.6275 2.1307 0 -3.9 0 -0.210839 0.114811 -0.970755
32.9426 -8.74963 -1.38488 2.03767 0.0695107 -3.9 0 0.132956 0.635202 0.760816
27.9035 -33.6332 -22.6402 0.309666 0 3.96089 0 0.242021 -0.734836 -0.633595
39.6864 -6.33456 -19.2841 0.560924 0 -3.5 0 0.345841 0.93621 0.0624944
24.1768 -38.8597 -17.0627 0.232391 0 -3.9 0 -0.376047 -0.565613 0.733942
28.8544 -35.9834 -19.6366 1.06369 0 3.52841 0 0.803486 -0.594146 0.0374113
26.6865 -3.145 -20.9659 0.312714 0.00158638 -3.5 0 -0.680737 0.732521 -0.0033139
19.5809 -11.5259 -17.3214 -0.903602 0 2.8 0 -0.773746 0.209101 -0.597992
41.5293 -21.1192 -19.2905 0.0834503 0 -0.9 0 0.677523 -0.707017 -0.202707
33.7359 -20.7572 -2.01831 1.10849 0.401923 -3.5 0 0.0611001 0.983675 0.169263
32.8525 -11.7063 -1.64475 3.18219 0 -3.9 0 0.619059 -0.545319 0.565148
25.0946 -10.9026 -0.178625 1.05999 0 -0.9 0 -0.350196 0.90244 -0.250928
35.8339 -6.41862 -2.85138 0.00733461 0 -3.5 0 0.0469778 0.883721 0.465651
19.6695 -22.1244 -30.0503 0.034912 0 4.2 0 -0.665928 0.449586 -0.595326
24.8748 -1.24812 -14.4403 1.82455 0.146246 -3.9 0 0.736558 0.0802705 -0.671595
29.5557 -4.08319 -30.8021 -1.43632 0 -3.5 0 0.291741 0.947085 -0.133856
21.2941 -8.13894 -24.8682 -0.121452 0 -2.33314 0 -0.490852 -0.869447 0.0559184
13.1123 -18.1911 -15.2169 0.0449344 0 -1.3 0 -0.628826 0.398392 -0.667728
15.9641 -4.97575 -18.9888 -0.585138 0 -3.2 0 -0.484857 0.11128 -0.867485
30.6151 -7.09644 -29.7024 -0.931661 0 -3.5 0 0.541301 -0.256033 -0.8009
19.0014 -10.217 -5.942 0.480538 0 2.8 0 -0.120659 0.726467 0.676526
39.2036 -19.4905 -9.02325 0.646215 0 2.09755 0 0.954141 0.224193 -0.198372
33.6003 -28.8534 -21.8594 0.610257 0 1.45101 0 0.635316 0.485736 -0.600361
31.7636 -26.5084 3.7605 2.71702 0.201213 -3.9 0 0.302227 -0.100766 0.947895
21.7035 -35.0046 -23.0609 -0.272893 0 -3.5 0 0.161606 -0.96279 -0.216607
39.6188 -8.70113 -17.468 0.241324 -0.111147 -3.5 0 0.438108 0.421887 0.793771
12.4543 -31.5366 -23.5224 0.3332 0 2.5 0 -0.053416 -0.876683 -0.478093
19.5912 -31.3695 -30.3302 0.230155 0 -4.5 0 0.424494 -0.588775 -0.687858
14.9205 -25.0799 -3.47931 0.0212771 0 -1.48255 0 -0.289241 -0.170699 0.941914
43.5148 -16.0058 -21.5227 0.252328 0 -1.21839 0 0.99421 -0.0614514 -0.0881497
21.8626 -13.7336 -25.472 -0.251789 0 3.62848 0 -0.386708 0.816001 -0.42965
31.7052 -28.499 2.53137 2.32709 0.323767 -3.9 0 0.25129 -0.84514 0.471797
16.0512 -36.8913 -13.8302 0.299416 0 -3.2 0 -0.170774 -0.919876 -0.353078
16.8615 -34.2435 -21.8743 -0.231745 -0.170986 -1.3 0 0.0996513 -0.936985 -0.334855
17.981 -27.3573 -4.77625 -0.671642 0 2.5 0 0.0596116 -0.818269 0.571736
31.6793 -16.246 0.211 0.986464 0 -0.9 0 0.931243 -0.0715776 -0.357299
12.4813 -31.5814 -20.8685 -0.311191 0 2.71219 0 -0.521719 -0.853117 0.000454022
23.4983 -9.49094 -28.0964 -0.259557 -0.0235462 -3.9 0 -0.697679 -0.703439 -0.135713
22.5713 -28.6379 -4.59956 -0.532599 -0.653999 4.2 0 -0.509936 -0.462239 0.725465
37.8497 -16.9316 -27.6301 0.738195 0 -2.08396 0 0.127839 -0.377402 -0.917183
10.0335 -23.2046 -9.8345 0.930482 0 -0.4 0 -0.499702 -0.404665 0.765862
16.5119 -13.2105 -1.43709 -0.432002 0 -3.5 0 -0.43679 0.772396 0.461107
28.2922 -15.7305 -32.5069 -0.203361 0 -1.0017 0 0.84227 -0.0164896 -0.538803
15.64 -14.0009 -0.740812 -0.489473 0 -3.5 0 -0.579953 0.706548 0.405517
23.1121 -13.815 -26.656 -0.231689 0 3.77175 0 -0.558485 0.788899 -0.256386
22.4699 -4.73719 -25.8563 -0.0577872 0 -3.9 0 0.295635 0.943618 0.14895
12.3525 -21.6497 -24.7799 -0.00100525 0 1.8 0 -0.616819 0.667805 -0.416619
41.1267 -14.4659 -25.1532 -0.358933 0 -3.5 0 0.860027 0.308434 -0.406474
21.6626 -14.0706 2.74675 -0.0797654 -0.0825697 -2.20739 0 -0.817982 0.57468 -0.0254501
32.8092 -28.4748 -2.6165 0.416275 0 -3.9 0 0.37319 -0.904854 0.204859
22.7272 -8.54925 -28.7701 -0.0412907 0 -3.9 0 -0.607486 -0.18357 -0.772828
34.2196 -12.8123 -30.9478 -0.184584 0 2.8 0 0.781581 0.478011 -0.400794
25.6935 -24.2675 0.4295 0.325053 0 -3.35965 0 -0.252566 0.435418 0.864073
15.4037 -23.9498 -29.8154 0.136294 0 1.8 0 -0.64957 0.569136 -0.504126
11.7107 -29.1082 -11.107 -0.204552 0 -3.9 0 -0.0946459 -0.972425 -0.213145
24.8261 -4.11875 -16.3084 -0.269063 -0.750486 -0.8 0 0.562644 0.825664 0.0413545
17.4016 -18.7035 2.39263 0.00399553 0 -4.5 0 -0.398228 0.569284 0.719256
17.9941 -34.2783 -22.9684 -0.292347 0 -1.3 0 -0.0783111 -0.959837 0.269406
16.5952 -33.9177 -8.67 -0.28327 0 -3.2 0 -0.513943 0.434741 0.739501
37.9906 -25.5422 -15.4742 1.26728 0 -1.6 0 0.857556 -0.496073 0.136045
44.2637 -17.5885 -19.4953 0.36596 0 -0.9 0 0.875821 0.0222971 -0.482122
40.2213 -7.32844 -18.2465 0.397416 0 -3.5 0 0.447794 0.550907 0.70426
44.3631 -10.9137 -20.5645 0.149264 0 -3.9 0 0.969831 -0.0978891 -0.223262
10.3729 -22.4864 -8.81106 0.450353 0.00267696 -2.80985 0 -0.696 -0.641665 0.322258
44.5886 -18.4205 -16.4984 0.35438 0 -0.9 0 0.968111 -0.0547656 0.244462
21.9653 -24.2246 -30.3692 -0.00874689 0 0.375923 0 0.106917 -0.104908 -0.988718
9.47038 -30.4254 -8.69312 1.77381 0.882633 -3.9 0 0.414361 -0.909337 -0.0375694
9.669 -24.1314 -24.9089 -0.0504791 0 -3.5 0 -0.182076 0.91294 -0.365224
36.7704 -6.02688 -4.84206 -0.329971 0 -3.5 0 0.944133 0.138676 0.298968
16.521 -5.37253 -10.647 0.727471 0 1.9 0 -0.91926 0.0913404 0.382907
31.2491 -23.8956 -32.7061 -0.625317 0 -3.2072 0 0.00355872 -0.870799 -0.491626
34.7651 -31.2413 -20.2282 -0.380717 -0.190143 1.9 0 0.207216 -0.976039 -0.0664025
18.4322 -34.813 -20.208 -0.200289 0 -2.25429 0 -0.132222 -0.398989 -0.907372
27.8765 -17.1012 -33.3802 -0.48939 -0.0643931 -0.4 0 0.805549 -0.150685 -0.573048
10.2711 -22.8906 -15.9358 -0.657497 0 2.8 0 -0.825536 -0.56332 0.0340769
28.9835 -16.3685 6.4505 0.890276 0 -4.5 0 0.203167 0.257197 0.944761
30.5572 -25.1386 -30.6169 -0.448305 -0.225225 3.00829 0 0.377814 -0.670303 -0.63871
21.3101 -22.2261 -31.7039 -0.088636 0 4.2 0 -0.464219 -0.278395 -0.840831
29.1153 -33.6022 -22.5025 0.359219 0 4.2 0 -0.0508039 -0.651068 -0.757317
26.3895 -30.8714 -7.66087 0.267959 0 -3.9 0 0.699716 -0.714415 0.00297363
15.3719 -20.6627 1.40969 0.789347 0 -4.5 0 -0.817316 0.548724 -0.175774
15.0075 -8.77938 -7.69812 0.0820877 0 -2.122 0 -0.238046 0.523438 0.818136
40.5044 -24.4937 -12.324 0.723526 0 -3.9 0 0.498475 -0.772813 -0.392788
11.1786 -24.1692 -7.46263 -0.357465 -0.00877109 -3.71216 0 -0.965486 0.213702 -0.148891
15.8035 -21.114 -1.307 0.0758848 0 -0.8 0 -0.947286 -0.259165 -0.18837
35.8957 -16.5415 -5.7045 3.81031 0 -3.9 0 0.856621 -0.0959406 0.506948
36.8653 -27.2324 -8.22684 2.47326 0.765889 4.5 0 -0.202756 -4.74451e-05 -0.979229
23.1273 -6.691 -28.802 0.190059 0 -3.9 0 -0.141691 0.223633 -0.96432
10.1868 -11.3717 -7.44025 -1.89755 -0.854992 -3.5 0 -0.896888 0.438954 0.053952
34.1785 -9.57475 -1.26888 1.1606 0.290019 -3.62117 0 0.00880082 0.106114 0.994315
30.8884 -24.9076 2.2205 2.2092 0 -3.9 0 -0.0992721 0.721731 0.685018
11.5215 -24.0518 -4.67819 -0.297254 -0.0995303 -3.5 0 -0.456218 0.663576 0.592902
22.765 -35.4279 -21.6034 0.385984 0 -3.69809 0 0.146498 -0.701741 -0.697207
42.2001 -30.0416 -6.99056 0.347394 0 4.23306 0 0.474209 -0.875471 -0.0931446
19.6701 -1.30709 -18.1178 0.300033 0 -0.4 0 -0.424595 0.88264 -0.201656
14.5206 -18.4049 -3.97231 1.07712 0.116607 -2.3307 0 -0.7569 0.0624444 0.65054
33.234 -6.46031 -26.9161 -0.411113 0 -2.75585 0 0.477866 -0.773953 -0.4155
29.6315 -9.46025 -10.4875 0.582664 0 4.5 0 0.0939923 0.895335 0.435362
35.8765 -32.8659 -7.95275 0.279005 0 4.5 0 -0.792785 -0.588535 0.158487
28.2256 -8.75125 -10.9491 0.377122 0 0.922532 0 0.303666 0.87706 0.372228
25.5032 -20.502 -30.9077 -0.317758 -0.621585 -1.21048 0 -0.171092 -0.500331 -0.848761
31.477 -14.8149 -2.62525 1.25455 0 -3.9 0 0.810136 -0.377451 0.448564
40.2775 -21.9621 -7.303 1.12062 0 -1.06606 0 0.865182 0.41073 0.287682
11.4586 -21.8859 -6.54881 0.211519 0 -3.5 0 -0.398916 -0.240743 0.884821
26.0736 -8.82275 -32.3364 -0.241249 -0.357098 -3.5 0 -0.342971 0.176406 -0.922633
9.32019 -26.1413 -20.1476 -0.287705 0 1.71984 0 -0.76809 0.341065 0.541952
15.2548 -15.8831 -30.2092 0.662225 0 -3.9 0 -0.986445 -0.0763012 0.145271
17.7129 -3.78212 -19.872 -0.330145 0 -3.2 0 -0.564203 0.424021 -0.708436
17.5107 -16.6038 1.59225 -1.04652 -0.829359 -3.5 0 -0.359959 0.0448208 0.931891
41.2855 -7.8795 -22.044 0.128387 0 -1.8073 0 0.631627 0.740865 -0.228401
27.6691 -29.6938 -6.3485 0.150876 -0.610645 -3.9 0 0.574629 -0.767201 -0.284963
24.0896 -34.7109 -21.6616 0.3494 0.0766812 -2.99998 0 0.27467 -0.764281 -0.583465
33.1265 -5.47188 -18.7956 1.45807 0 -3.9 0 -0.148799 0.964098 0.219941
9.9075 -30.3943 -22.6695 -0.720962 0 2.5 0 -0.859381 -0.504389 -0.0840026
27.586 -33.706 -15.569 0.196636 0.0267497 -0.793168 0 0.53997 -0.823744 -0.172852
36.0045 -15.344 -4.96 1.27381 0.26642 -2.60045 0 0.283698 -0.187432 0.940417
39.8672 -22.8234 -19.2437 1.30791 0 -1.96948 0 0.859537 -0.478387 0.179837
39.9811 -22.9495 -14.5865 0.92844 0 -3.9 0 0.601277 -0.638528 -0.480363
23.9727 -38.8139 -20.2005 0.766226 0 -3.9 0 -0.193636 -0.861071 -0.470172
17.1667 -16.2984 -22.4223 -0.382152 0 -0.0421474 0 -0.876836 -0.465908 -0.118695
40.1205 -11.3425 -13.7005 0.617178 0 -3.5 0 0.78519 0.522601 0.332213
33.6128 -22.9111 -33.9665 -0.549458 0 -3.5 0 0.540086 -0.296019 -0.787833
30.3384 -9.96319 -30.6573 -0.0214399 0 2.8 0 0.508848 0.5572 -0.656202
32.0259 -7.32875 -5.61825 0.23813 0 -3.5 0 -0.814114 0.509166 0.279229
25.5815 -6.5725 -15.187 -0.0237681 0 -0.8 0 0.431609 -0.0486966 0.900745
18.2124 -6.11756 -8.647 -0.097141 0 -0.8 0 -0.312139 0.531443 0.787489
13.7276 -35.7668 -16.465 0.0439434 -0.0115707 -1.6 0 -0.831285 -0.540175 -0.131058
15.9191 -34.8607 -7.85663 -0.477369 0.0209671 -3.2 0 -0.52235 0.6206 0.584813
35.6491 -31.2997 -7.58497 0.369688 0 4.5 0 -0.996296 -0.0795217 -0.0327141
18.1602 -2.55588 -19.1834 0.105952 0 -3.2 0 -0.413304 0.689108 -0.59524
23.7313 -26.7425 0.6985 0.744797 0 -1.6 0 -0.913493 0.147446 0.379196
38.8054 -24.906 -12.4222 1.09436 0 -3.9 0 -0.316161 -0.886612 -0.337583
20.1585 -15.1155 2.4205 -0.383879 0 2.48661 0 -0.49502 0.849162 0.184064
17.039 -10.6797 -16.7059 -0.282616 0 4.2 0 0.109561 -0.36976 -0.922645
23.9562 -7.88725 2.66537 0.432521 -0.162844 -3.5 0 -0.488051 0.872731 0.0121463
42.8783 -26.0207 -3.89881 0.522184 0 3.8 0 0.357194 0.587103 0.726445
12.7991 -25.2904 -26.0292 0.246432 0.396112 -1.19365 0 -0.658461 -0.140927 -0.739303
40.8614 -7.16862 -19.3988 0.716267 0.204752 -3.5 0 0.407889 0.912609 0.0277601
32.9289 -30.9305 -24.3769 -0.336527 0 -3.5 0 0.970053 -0.242214 -0.0181641
16.5812 -19.3048 -27.2979 0.377425 0 -3.8796 0 -0.574476 -0.531947 -0.622101
32.1871 -17.0377 1.47175 0.750093 0 -2.07818 0 0.825641 0.0398995 -0.562783
40.9026 -30.575 -8.35262 0.406774 0 4.5 0 0.587516 -0.225145 -0.777261
23.566 -3.95375 -19.3062 0.317997 0 -0.4 0 0.677182 0.712264 -0.184672
29.072 -8.76531 -31.3707 0.3687 0 -3.44225 0 0.769642 0.0531425 -0.63626
9.77094 -29.1912 -7.25731 3.00061 0 -3.9 0 0.44263 -0.688262 0.574782
24.9679 -27.5296 -29.0201 -0.309517 0 -3.5 0 0.362861 -0.369805 -0.855322
24.0958 -3.65875 -18.1168 -0.0752044 -0.537073 -0.735006 0 0.481399 0.860252 -0.167994
39.7689 -11.796 -12.7393 0.732409 0 -3.5 0 0.898257 0.203211 0.389665
16.9556 -7.91962 -6.753 -1.04618 -0.971884 -0.8 0 -0.286367 0.325466 0.901147
30.4711 -9.07231 -2.39037 2.12545 0.497776 -3.9 0 -0.732745 0.678366 -0.0539016
34.535 -27.6364 -26.0912 0.175165 0 4.2 0 0.779777 -0.591999 0.20368
12.016 -29.401 -12.134 -0.707741 -0 -1.3 0 -0.928307 -0.0496819 0.36848
13.7695 -16.0785 -16.0837 0.0732308 0 -2.93052 0 -0.712117 -0.326109 -0.621725
9.57125 -27.1856 -26.216 -0.345195 0 -3.5 0 0.324265 -0.599572 -0.731687
30.0234 -25.9314 3.04594 2.93575 0.189599 -3.9 0 -0.624804 0.460044 0.630856
13.9505 -15.4975 -5.12375 0.338629 0 -3.2 0 -0.546045 0.193431 0.815119
38.4012 -5.33544 -22.5225 -0.038727 -0.110344 -1.6 0 0.574709 0.718318 0.392082
14.3421 -35.5945 -10.8958 -0.737522 -0.807779 -3.2 0 -0.957567 -0.217154 0.189497
28.8363 -31.2703 -28.3804 -0.255845 0 -2.6486 0 0.280015 -0.58766 -0.759109
9.52787 -21.802 -15.1402 -0.599908 0 2.8 0 -0.807188 -0.586463 0.0671446
30.7712 -4.53538 -31.0229 -0.691966 0 -3.5 0 0.366871 0.348913 -0.862361
42.0988 -20.1059 -20.3261 0.200378 0 -0.9 0 0.616002 -0.68915 -0.381594
15.8144 -11.3976 -6.98375 -0.917704 0 -2.40872 0 -0.0462901 0.485344 0.873097
30.4515 -28.0394 2.8755 3.15023 0 -3.9 0 -0.319423 -0.798449 0.510341
39.3356 -27.4618 -8.26237 0.0763431 -0.174764 2.24146 0 0.0763149 -0.0620931 -0.995148
15.6528 -19.2551 -22.2835 -0.533474 0.188041 -3.2 0 0.0103506 0.917604 0.397362
9.89175 -22.8515 -22.2558 -0.122089 0.529571 -3.30268 0 -0.888055 0.408698 -0.210532
31.2174 -17.693 -0.107813 0.894099 0 -0.9 0 0.883094 0.187624 -0.43005
36.9174 -28.4452 -17.2577 1.74687 0.631473 1.9 0 0.403086 -0.331551 0.852992
44.6689 -17.2801 -17.2671 0.561358 0 -0.9 0 0.855462 0.361913 0.37041
22.6554 -28.0436 -31.0755 -0.8609 0 -3.5 0 0.403418 -0.151625 -0.902366
22.0136 -8.51125 -8.03 -1.34168 -0.0440619 -0.8 0 0.250121 0.722988 0.643993
33.5649 -1.68753 -27.9938 -1.76479 -0.00222871 -3.5 0 0.13667 0.938479 0.317142
19.1114 -19.5281 2.67013 -0.0540087 0 -4.5 0 0.379995 -0.413206 0.827565
31.2432 -14.3439 -1.45662 0.862772 0 -2.20939 0 0.937516 -0.347851 0.00797211
43.9555 -5.3935 -18.466 2.77836 0 -3.9 0 -0.737088 0.675589 0.0167863
35.9119 -23.1263 -1.43556 0.649416 0 -3.5 0 0.646502 -0.196584 0.73715
27.4539 -33.2771 -25.6146 -0.134336 0 3.8 0 0.144163 -0.982964 -0.114012
37.9729 -19.441 -5.022 1.14073 0 1.8 0 -0.00669168 0.434324 0.900732
28.2867 -14.6319 -33.0955 -0.0556022 0 -0.4 0 0.934932 -0.178539 -0.306637
16.2803 -38.417 -11.2257 0.72632 0.0184416 -3.2 0 0.209673 -0.907268 -0.364558
23.1593 -18.9505 1.70638 -0.256463 -0.397498 -0.791814 0 0.0103666 -0.867765 0.496866
37.3779 -9.45944 -12.7876 0.991759 0 -2.61377 0 0.281621 0.766896 -0.57668
34.7875 -3.64575 -24.9155 0.351331 0 -0.8 0 0.538442 0.84116 0.0502949
36.5725 -9.57 -9.57794 0.526118 0 2.5 0 0.582142 0.465858 0.666398
12.8092 -27.0187 -25.5424 0.23145 0.372291 -3.83967 0 -0.508439 0.0179714 -0.860911
22.3762 -5.57837 -11.0786 0.119083 0 1.9 0 0.802376 -0.0129413 0.596679
42.0349 -24.9665 -7.20569 0.309395 0 2.85424 0 0.811073 0.387652 -0.438048
31.3178 -1.79275 -27.5728 0.0104175 0.0125634 -0.932663 0 0.0718906 0.879663 -0.470133
19.9046 -15.4966 -32.7073 1.08719 0.127405 -3.69613 0 -0.0384987 0.938214 -0.343909
17.9121 -14.7136 -26.5231 0.0567502 0 -3.9 0 -0.195055 0.975143 0.10512
15.4814 -16.148 -28.4329 0.0406732 0 -3.9 0 -0.971352 0.151553 0.183049
16.4923 -9.361 -17.2162 -0.332858 0 4.2 0 -0.284373 -0.364999 -0.886514
31.6255 -33.0243 -22.0121 0.164404 0 0.434229 0 0.736 -0.622818 -0.265331
26.2666 -33.2669 -5.39219 1.12006 0 -3.9 0 0.443226 -0.615025 -0.652147
27.9797 -37.9246 -19.0912 2.88668 0 -3.9 0 0.858707 -0.431991 0.275693
27.9926 -30.3249 -28.8479 -0.00230061 0 -3.5 0 -0.0129322 -0.201763 -0.979349
17.1173 -15.1948 -23.5529 -0.634101 -0.14441 -3.66261 0 -0.844761 0.527116 0.0923409
37.208 -18.8149 -5.64119 1.31089 0 1.8 0 0.0399594 0.593521 0.803826
31.3727 -33.4465 -17.144 -0.451067 -0.569296 -0.852815 0 0.368443 -0.929649 -0.00120616
40.8451 -28.5851 -21.8765 -0.180034 0 1.9 0 0.993474 0.00130319 -0.114049
10.2719 -14.806 -9.27888 -0.545207 0 -3.5 0 -0.902701 0.359351 -0.236638
17.9545 -12.8547 -1.17575 -0.435765 0 -3.5 0 0.261203 0.807565 0.528783
11.4078 -19.5437 -5.28281 0.654406 0.612073 -3.83022 0 0.0948769 -0.42301 0.901144
43.048 -6.75 -18.0251 1.49237 0 -3.9 0 -0.736075 0.676153 -0.0317881
40.3254 -17.7047 -26.0504 -0.0790252 -0.363497 -1.62899 0 0.749458 -0.319798 -0.579691
38.9813 -29.9579 -4.58462 0.576669 0 4.5 0 -0.091261 -0.58167 0.808289
27.5916 -6.36675 -15.4823 -0.179776 0 -0.8 0 -0.0357621 0.577341 0.815719
8.77888 -31.8853 -15.6516 -1.53546 -0.445489 2.8 0 -0.922658 -0.28437 -0.260453
31.6982 -30.0324 -27.7905 -0.551062 0 -2.14323 0 0.461682 -0.489486 -0.739765
19.126 -3.5205 -9.47725 0.194975 0 1.9 0 -0.154472 0.617419 0.771318
22.2569 -20.0726 -35.3573 0.26724 0.100546 -3.5 0 0.393172 -0.914694 -0.0935443
35.0998 -8.32469 -1.10775 0.142105 0 -3.5 0 -0.511715 0.18573 0.83884
32.9051 -8.34663 -24.9034 -0.610172 0 4.5 0 0.51144 -0.347575 -0.785888
17.9643 -10.8885 -5.25731 -0.38577 -0.289015 -1.9165 0 -0.375085 0.902139 0.213206
22.8939 -34.6875 -23.3193 -0.236464 0 -3.5 0 0.4175 -0.8587 -0.297202
25.7565 -34.8466 -21.556 0.242794 0.133125 -1.16369 0 -0.171905 -0.700943 -0.69219
26.715 -7.4925 -14.947 -0.273888 0 1.11637 0 -0.426752 0.335032 0.840022
15.7883 -26.0979 -3.16022 0.422061 0 2.5 0 -0.504072 -0.602059 0.619222
36.3148 -24.9535 -2.71419 0.379834 0 -1.88282 0 0.213029 -0.525648 0.823597
25.8495 -30.4865 -0.543063 0.648491 0 -1.6 0 -0.22317 -0.903813 0.365125
33.0319 -15.9146 -4.41869 2.32942 0 -3.9 0 0.307637 0.271789 0.911861
18.4224 -36.0545 -11.2074 -0.181744 0 -3.2 0 0.881338 -0.471418 0.0317628
9.94594 -17.711 -10.6649 0.183682 0 -4.5 0 -0.768236 0.44372 -0.46144
36.8124 -6.69588 -25.6432 0.236124 0 -0.637045 0 -0.00217574 0.1894 -0.981898
40.8424 -8.17006 -23.5481 0.0325606 0 -1.6 0 0.963063 0.200701 -0.179523
23.0975 -12.2322 -0.498313 0.0247426 0 -0.9 0 -0.694703 0.705083 -0.142288
11.7774 -28.5765 -8.589 0.356718 0 -3.9 0 0.244053 -0.853365 0.460658
24.4004 -28.186 -3.47863 0.949652 0.664961 -3.9 0 -0.875705 0.0808659 0.476026
19.1338 -36.0981 -19.8596 -0.122087 0 -3.9 0 -0.13208 -0.503289 -0.853964
7.74969 -28.1356 -25.3622 -0.754844 0 -3.5 0 0.163931 -0.967325 -0.193413
22.549 -17.3768 5.97862 0.00898215 0 2.5 0 0.0176128 -0.837598 0.546003
30.5998 -0.832 -26.2695 1.34114 0.743001 -0.8 0 0.0174964 0.953717 -0.300197
41.3122 -21.999 -9.6375 0.807769 0 -3.9 0 0.78731 0.591704 0.17329
27.0985 -30.676 -5.97188 0.516175 0 -3.9 0 0.794791 -0.377214 -0.475413
13.3835 -19.6847 -4.8095 0.943415 0.705781 -1.90766 0 -0.469522 -0.126752 0.873775
24.5331 -1.2535 -27.1057 -0.486872 0 -3.5 0 -0.85018 0.228241 0.474447
24.9408 -4.96425 -23.5974 -0.585893 0 4.5 0 -0.255391 0.892619 -0.371493
34.061 -25.5874 -10.4577 2.46642 0.12535 -4.5 0 0.707444 -0.669248 -0.227223
21.9559 -37.2333 -20.8665 0.188532 0 -3.9 0 -0.245437 -0.447918 -0.859727
25.8908 -18.6513 4.3545 0.109542 0 -4.5 0 -0.237017 -0.790307 0.565012
38.9574 -20.7474 -5.1405 1.6242 0.0270569 1.8 0 0.674964 0.145496 0.723363
36.7479 -28.6963 -8.26462 1.21014 0 4.5 0 -0.416318 0.275329 -0.866529
15.7304 -18.8603 -20.3522 0.747997 0 -4.5 0 0.335964 0.502614 -0.79656
34.5954 -6.66375 -17.0964 0.796202 0 -3.9 0 0.490156 0.497043 0.716027
12.4631 -28.5128 -5.1695 0.240587 0 -3.5 0 0.0904189 -0.98688 0.133762
22.0489 -14.7445 -33.9315 -0.297682 -0.317618 -1.82252 0 -0.66797 0.678558 -0.305574
32.5824 -16.9601 -31.0156 -0.612514 -0.432288 0.272411 0 0.537793 0.0879534 -0.838476
24.0384 -32.4529 -12.4856 -0.380412 0 -3.9 0 -0.707209 -0.43088 0.560534
28.9915 -31.5298 -11.7658 0.162766 0 -4.5 0 0.849259 -0.516446 0.109734
9.05606 -25.2136 -9.89462 0.196626 0 -3.9 0 -0.705299 0.647403 0.288829
8.32725 -27.6971 -10.2007 1.03527 0 -3.9 0 -0.642038 -0.0811935 -0.762361
28.8671 -10.8899 -32.2705 -0.498751 -0.256751 -2.6911 0 0.446772 0.152268 -0.881595
23.9299 -31.971 -8.61738 -1.37457 -0.0316735 4.2 0 -0.231078 -0.971884 -0.0452226
27.2756 -25.798 -30.2625 0.119172 0 -0.7 0 -0.29669 -0.82677 -0.47794
38.8592 -24.3205 -18.3407 1.44599 0 -3.4582 0 0.879968 -0.233383 0.41375
23.3479 -31.0159 -3.6745 1.17593 0.0181321 -3.9 0 -0.829154 0.200933 0.52166
23.5774 -27.2706 -4.08819 0.138063 -0.195179 4.2 0 -0.42686 -0.00765004 0.904285
29.1118 -28.7954 -29.2532 0.346442 0.485368 -3.5 0 0.0339244 -0.0196582 -0.999231
22.9726 -13.1574 -25.7474 -0.105833 0 1.9 0 -0.627489 0.43104 -0.648431
29.3394 -3.71575 -28.6806 -0.356269 0 -3.5 0 -0.176155 0.850599 -0.49543
40.6574 -8.37113 -25.4481 0.00525804 0 -1.6 0 0.854553 0.343389 -0.389646
27.2989 -17.3414 -35.3311 -1.48204 -0.129694 -0.4 0 0.56498 -0.590826 -0.575953
27.0352 -10.3271 -1.52013 0.573932 0 -1.26689 0 0.0695106 0.997351 0.0214175
21.6082 -25.7781 -30.705 -0.327939 0 -3.5 0 0.113541 0.198257 -0.973552
40.1349 -28.6681 -8.047 0.623269 0 4.5 0 0.262537 0.0786738 -0.961709
40.2933 -22.6605 -15.7948 0.676079 0 -0.9 0 0.697799 -0.715434 -0.0350736
18.5669 -14.5996 -25.2868 -0.621631 -0.782579 2.8 0 -0.116427 0.993187 0.00492961
41.8123 -29.0946 -4.44963 0.490356 0 3.8 0 0.169982 -0.734727 0.656721
32.0326 -19.5065 -1.20312 0.877424 0 4.5 0 0.800628 0.558153 -0.217852
11.4395 -31.7507 -21.9235 -0.522383 0 2.5 0 -0.294361 -0.938373 0.18113
33.2352 -4.22556 -29.9971 -0.957746 -0.0571665 -3.5 0 0.339112 -0.338595 -0.8777
6.13831 -25.8915 -24.033 -0.579302 0 -3.5 0 -0.774333 0.342342 0.532175
21.2324 -35.3756 -22.2593 -0.0298244 0 -3.5 0 -0.0334337 -0.922231 -0.385191
27.1168 -10.3422 -33.167 -1.68384 -0.0651703 -3.5 0 0.114269 0.213679 -0.970198
24.379 -0.74175 -11.2812 2.23877 0.197013 -3.9 0 0.411141 -0.159127 0.897575
20.9361 -28.6108 -31.4256 -1.86325 0 -3.5 0 -0.0737886 -0.0599555 -0.99547
16.7307 -11.5431 -3.323 -1.56523 -0.335888 -3.5 0 -0.664418 0.698218 0.266534
25.0298 -8.5215 -3.54338 0.291404 0 -1.6 0 -0.415878 0.634733 0.651275
27.0872 -17.744 5.57175 1.07085 0 -4.5 0 -0.472962 -0.328773 0.817444
12.8339 -22.9101 3.33562 0.00842166 0 -4.5 0 -0.671807 0.660682 0.334925
38.2402 -30.1641 -9.45837 0.588209 0 4.5 0 0.209144 0.395612 -0.894287
15.126 -19.855 -25.869 -0.130344 0 -3.2 0 -0.85459 -0.0560387 -0.516271
8.64363 -21.8089 -10.9966 -0.172959 0 -3.01231 0 -0.965724 -0.00462793 0.259529
16.7612 -17.6108 1.53219 -1.00502 -0.715332 -3.5 0 -0.518906 0.198707 0.831416
15.3581 -15.8713 -18.3291 -0.431756 -0.0191954 -2.6808 0 -0.860175 -0.0464477 -0.507879
38.9574 -14.73 -11.681 0.563489 0 -3.5 0 0.907794 0.156385 0.38917
29.6651 -20.6139 2.98525 0.700082 0 -4.5 0 0.00965906 -0.914394 0.40471
31.0974 -14.8067 2.73537 0.651205 0.173901 -2.18432 0 0.605152 0.670821 0.428708
30.4126 -34.2239 -22.3487 0.0822623 0 4.2 0 0.212083 -0.622778 -0.753106
29.8254 -7.51788 -30.3144 -1.04863 0 -3.5 0 0.839047 -0.120581 -0.530528
22.3725 -31.7236 -8.76175 -0.0394473 -0.0310302 3.03334 0 0.341312 -0.939581 0.0263324
33.5476 -25.8299 -29.5465 0.228483 0 4.2 0 0.466285 -0.423278 -0.776798
33.79 -10.932 -25.5849 -1.58239 -0.000880786 -3.5 0 0.129093 0.897893 -0.42086
21.3878 -32.217 -12.254 -0.0308553 0 -1.3 0 0.667133 -0.589673 0.455214
40.3092 -6.16556 -23.4906 0.298509 0 -1.6 0 0.762743 0.639916 0.093436
26.8029 -19.8696 -32.627 -0.164232 0 -1.3 0 -0.267614 -0.492089 -0.828391
12.3503 -12.618 -6.21788 -1.17978 -0.0617152 -3.5 0 0.0616991 0.0938338 0.993674
34.4499 -25.8707 -8.48975 1.32196 0 -4.11057 0 0.473637 -0.61372 -0.631676
17.2593 -16.4692 -21.1154 -0.670402 0 -3.5 0 -0.693731 -0.690368 -0.205255
32.7151 -12.7266 -2.3585 1.92959 0 -3.9 0 0.709941 -0.566875 0.417896
24.9557 -33.3593 -10.221 0.23383 0 -3.9 0 -0.544204 -0.494098 0.678019
23.1694 -30.8831 -28.7064 -1.06691 -0.133115 -3.5 0 0.0357991 -0.816348 -0.57645
30.1313 -12.1669 3.32169 -0.94247 -0.294653 -3.5 0 0.995998 -0.0656448 0.0606543
43.6858 -12.232 -18.3571 1.02024 0 -2.25433 0 0.663963 0.00798163 0.747723
16.3551 -36.4499 -20.4777 0.0156014 0 -1.6 0 -0.0604227 -0.471209 -0.87995
40.5764 -10.9796 -16.2222 -0.0870019 -0.947541 -3.5 0 0.82192 0.439871 0.361885
13.2226 -29.1459 -11.8173 -0.561047 -0.844523 -1.3 0 0.0413333 -0.460922 0.886477
41.1321 -26.4171 -2.759 1.03193 0 3.8 0 0.38895 -0.00946542 0.92121
18.3564 -36.7364 -13.1301 0.13857 0 -3.2 0 0.711323 -0.698791 -0.0755684
34.9347 -4.2115 -28.2336 -1.66345 -0.0842049 -3.5 0 0.888797 -0.365074 -0.277059
32.6739 -26.7559 -22.7951 0.773857 0.0842887 -3.5 0 0.804061 -0.569911 -0.169373
27.8388 -2.508 -23.7474 0.848065 0.190614 -3.5 0 -0.418159 0.862923 0.283737
15.4607 -30.7542 -9.44462 0.16692 0 -1.3 0 -0.793599 -0.0782015 0.603394
24.3966 -10.0676 -14.8491 -0.184526 0 2.8 0 0.528632 0.768359 0.360795
26.8694 -8.57413 -13.9938 -0.379152 0 4.5 0 -0.873862 0.455639 0.169583
14.4785 -4.95909 -18.2954 -0.845815 0 -3.2 0 -0.531639 0.220394 -0.817794
25.0911 -19.2123 -32.9031 -0.276572 -0.0249086 -1.3 0 0.0673556 -0.776601 -0.626382
33.3406 -5.39594 -6.41244 -0.346246 0 -3.5 0 -0.798925 0.594944 -0.0880967
14.6101 -8.70638 -14.1993 0.0729835 0 4.2 0 -0.999644 -0.0100553 -0.0247167
24.2153 -32.8554 -26.8467 -0.324151 0 3.8 0 -0.261351 -0.864263 -0.42982
17.3555 -37.635 -19.5282 -0.0371855 0 -1.6 0 0.202799 -0.905699 -0.372265
16.6057 -18.3631 -23.2334 -0.36293 0 0.315474 0 -0.621023 0.501474 0.602374
16.2861 -16.1497 -20.6621 -1.42345 -0.106522 -3.5 0 -0.715413 -0.473347 -0.513933
22.0193 -13.5828 6.466 -0.276632 0 2.5 0 -0.474022 0.707439 0.524245
38.8573 -15.9544 -8.39062 1.19187 0 -3.5 0 0.935378 0.108917 0.336459
24.7353 -4.49738 -27.84 -0.339157 0 -3.66688 0 -0.431377 0.338095 -0.836425
11.3444 -18.1597 -19.5979 0.77901 0.4808 -4.5 0 -0.297859 0.943949 0.142268
40.4184 -18.8739 -25.9522 0.957101 0 2.5 0 0.866606 0.245783 -0.434262
35.0822 -29.5153 -16.4562 0.699454 0 -3.5 0 0.840487 -0.258577 0.47615
31.3034 -22.4969 -34.8802 -2.44193 -0.38735 -3.5 0 -0.253263 -0.440132 -0.861476
15.559 -7.13588 -11.8844 0.231545 0 -2.31591 0 -0.699507 0.503051 0.507572
31.0219 -12.6969 1.361 0.653017 0 -0.9 0 0.776977 0.387699 0.49598
18.3641 -28.5568 -5.94919 -1.00364 -0.0181518 -1.87847 0 -0.150884 -0.567182 0.809653
10.3085 -16.5049 -11.6713 -0.103461 -0.77822 -3.57781 0 -0.998602 -0.0365179 -0.0382243
39.4558 -12.1986 -29.2272 0.161496 0 -3.5 0 0.448925 -0.170678 -0.877117
20.8908 -3.13037 -23.802 -1.29832 0 -3.5 0 0.223637 0.80872 -0.544021
7.79637 -20.1261 -8.17394 0.877651 0 -4.5 0 -0.916176 -0.11509 -0.383895
10.227 -28.2542 -24.4517 0.073723 0 -1.485 0 -0.0994435 -0.777983 -0.620366
20.2523 -18.7463 -32.1535 -0.625995 -0.446725 -3.5 0 -0.61267 -0.775735 -0.151229
38.753 -29.0321 -9.05925 0.685794 0 4.5 0 0.160748 0.339757 -0.926674
15.1886 -29.092 -29.5781 -0.0243122 0 -4.5 0 -0.726462 -0.184798 -0.661893
33.2271 -28.0577 -24.9674 0.215828 0 4.2 0 0.793792 -0.196794 0.57547
10.017 -26.2044 -12.1425 -0.401699 -0.339367 -1.94472 0 -0.494299 -0.724472 -0.480426
35.1341 -6.6675 -8.755 0.0601128 0 -3.5 0 0.231123 0.609137 -0.75864
20.5907 -35.5434 -14.4522 -0.211813 0 -3.5 0 -0.0289283 -0.665484 0.745851
30.2908 -29.7695 -29.1283 0.463937 0.213967 -3.5 0 0.303847 -0.313155 -0.899784
14.4979 -16.4795 -17.0791 0.0126418 0 -1.3 0 -0.802634 0.000730928 -0.596471
43.1759 -28.5372 -3.77881 0.347403 0 3.8 0 0.0310691 -0.692512 0.720737
21.959 -11.906 2.36781 -1.00449 0 -3.5 0 -0.919964 -0.0914556 -0.381186
39.2689 -17.788 -8.39475 0.572429 0 1.18761 0 0.967445 0.236665 0.0896601
16.256 -22.9865 -0.3575 0.202849 0.0121514 -4.5 0 -0.379752 -0.819806 -0.428609
21.4151 -5.09462 -9.43437 -0.406798 0 1.9 0 0.605577 -0.148972 0.781718
8.33813 -27.57 -20.8538 -1.24343 -0.35341 -0.230241 0 -0.829161 -0.331865 0.449842
17.2353 -37.2588 -8.32825 -0.352655 0 -3.2 0 0.559272 -0.631449 0.537109
36.4499 -5.04012 -21.2436 0.565044 0 -1.6 0 0.454172 0.781333 0.428073
30.805 -28.727 -9.6675 0.546775 0 -4.5 0 0.613375 -0.61681 0.493272
33.2274 -11.2568 -30.8978 -0.00159673 0 2.8 0 0.665273 0.711234 -0.227062
31.4876 -17.1108 -31.696 -0.749012 0 -1.3 0 0.336714 0.477917 -0.811307
20.461 -4.38675 -28.3424 2.23518 0.190237 -3.9 0 -0.143385 0.724121 -0.674603
19.8484 -31.6234 -7.39575 0.574738 0.960309 -1.3 0 -0.0411173 -0.554404 0.831232
23.3399 -8.70562 -8.37862 -0.63654 0 -3.2 0 -0.128611 0.796909 0.59025
19.6133 -17.0997 -34.1568 0.500278 0 -3.61257 0 -0.578107 0.181371 -0.795549
27.49 -34.545 -14.862 0.558121 0.460649 -3.9 0 0.549461 -0.48565 -0.67988
15.397 -4.5195 -12.7207 -0.534268 -0.109144 1.9 0 -0.783508 0.470632 0.405733
17.2676 -31.6841 -30.5893 0.84621 0 -4.5 0 -0.473427 -0.591891 -0.652329
32.4429 -31.8151 -23.8838 -0.269401 0 -3.5 0 0.803552 -0.582636 0.121818
31.1637 -8.26838 -11.3617 0.953889 0.618787 2.60226 0 -0.203903 0.914973 0.348207
26.1509 -35.1406 -11.1355 1.87412 0.121064 -3.9 0 -0.327854 -0.548297 0.769339
21.3082 -30.7712 -29.5224 -0.148815 -0.464149 -3.97907 0 0.326836 -0.677502 -0.658915
28.956 -32.625 -14.1015 0.0649315 0 -3.58062 0 0.843422 -0.510023 0.168868
31.6637 -18.6992 -3.26781 1.04565 -0.0748143 -3.09897 0 0.665949 0.314367 0.676524
21.6134 -22.3958 -1.78006 -0.149599 0 -2.0081 0 -0.606904 -0.724311 0.327172
42.8156 -7.15981 -20.4594 0.397922 0 -3.9 0 -0.376466 0.76212 -0.526732
19.4254 -21.4561 1.53912 0.14781 0 -4.5 0 0.74321 -0.461908 0.484025
33.6063 -4.812 -20.144 1.83933 0.32974 -3.9 0 -0.258262 0.887988 0.380497
23.3015 -39.3455 -18.8924 0.230762 0 -3.9 0 -0.3732 -0.926557 0.0470472
28.8546 -1.12587 -26.5097 0.0446257 0.234846 -1.88922 0 0.279203 0.959948 -0.0233543
11.8744 -21.5283 -23.2031 0.025459 0 1.8 0 -0.612326 0.619392 -0.491335
27.0653 -38.7547 -18.3549 1.56019 0 -3.9 0 0.618306 -0.566231 0.545051
7.34375 -24.8498 -25.7817 -1.40481 0 -3.5 0 -0.270862 0.957382 -0.100266
20.836 -9.70675 2.01575 -2.04411 -0.488779 -3.5 0 -0.768905 -0.201479 -0.606788
33.3717 -2.25475 -26.2516 -0.554587 0 -2.75698 0 0.611968 0.787063 0.0776337
16.114 -30.8337 -29.6067 0.5604 0 -4.5 0 -0.808201 -0.488541 -0.328844
37.592 -25.248 -2.71012 1.12577 0 -0.4 0 -0.424647 -0.461502 0.778903
26.413 -1.8485 -30.7725 -0.579755 -0.580739 -3.5 0 -0.14099 0.118158 -0.982935
23.5583 -3.84425 -11.9975 0.604863 0 -3.9 0 0.793083 -0.275458 0.54327
26.716 -35.8973 -14.455 1.45037 0.208598 -3.9 0 0.32414 -0.775703 -0.541496
18.6605 -1.41963 -16.7378 -0.293081 -0.11472 -1.96847 0 -0.333092 0.942894 0.000266943
32.958 -7.45931 -2.59675 -1.59064 -0.0646848 -3.5 0 -0.429352 0.702573 0.567492
45.2412 -7.919 -20.8337 0.531337 0 -3.9 0 0.402436 0.0932611 -0.910685
15.8507 -17.64 -19.9499 -0.130136 0 -4.5 0 0.00820279 0.112829 -0.993581
38.1712 -11.4199 -3.27806 0.669243 0 -0.413151 0 0.604675 -0.476827 0.637969
26.5842 -33.8009 -3.013 1.00052 0 -3.9 0 0.653326 -0.531346 0.539293
42.0339 -23.4231 -10.3604 0.550318 0 -3.9 0 0.97958 -0.0351957 -0.197951
28.6268 -10.769 -4.20925 1.04789 0 -2.3843 0 0.143474 0.859597 0.490416
25.9932 -3.50556 -29.677 -0.581818 0 -3.5 0 -0.929897 0.0558906 -0.363549
40.3874 -31.7249 -6.17112 0.338074 0 4.5 0 0.510088 -0.781236 0.359834
22.8202 -12.5435 -1.616 0.0536246 0 2.44221 0 -0.552811 0.767047 0.325637
15.3068 -36.6219 -15.0331 0.309845 0 -1.95828 0 -0.185376 -0.976133 0.113137
19.4291 -25.1952 -30.4018 -0.2762 0 -1.2576 0 0.158079 -0.0768079 -0.984435
31.2372 -21.4473 1.13412 0.654639 0 4.5 0 0.581464 -0.393972 0.711818
31.9951 -15.7222 -3.77294 1.37241 0 -3.9 0 0.695384 -0.183307 0.694867
15.6637 -18.4656 -26.713 0.23246 0 -3.28286 0 -0.961568 -0.0909624 -0.259063
36.3447 -10.2754 -14.9811 0.808722 0.024416 -3.5 0 -0.0793024 0.938599 0.335773
26.6163 -11.7331 5.16919 -0.507934 0 -3.5 0 -0.0915736 -0.152024 0.984126
22.615 -22.2516 -31.5382 -0.158787 0 4.2 0 0.38339 -0.432867 -0.815866
42.6588 -18.894 -21.757 0.650594 0.449886 -3.5 0 0.661548 -0.729998 -0.171633
26.7994 -8.09737 -11.2901 0.295882 0 -2.78915 0 0.166671 0.980654 -0.102656
30.0846 -5.05931 -19.8616 -0.0189738 0 -3.5 0 0.734265 0.639019 0.229151
40.0872 -12.8609 -28.4171 0.0215231 0 -3.5 0 0.615008 -0.234913 -0.752716
25.3591 -0.016 -12.2836 3.08062 0 -3.9 0 0.823526 0.481919 0.299265
38.6941 -28.5573 -3.74044 0.862315 0.0292767 3.86372 0 -0.191531 -0.412867 0.890425
9.05863 -29.1616 -20.7136 -0.330915 0 2.5 0 -0.780773 -0.610347 0.133681
16.9961 -5.39463 -9.54163 0.572041 0 1.9 0 -0.723249 0.195022 0.662479
44.4289 -27.0467 -8.51013 0.34818 0 3.8 0 0.245433 0.57331 -0.781715
18.6292 -6.28675 -25.0499 -1.62511 -0.756589 -3.5 0 -0.750121 -0.459262 -0.475812
23.7026 -8.87381 1.24856 1.00257 0.112816 -3.5 0 -0.334247 0.413089 -0.847134
27.3474 -8.4365 0.98475 4.62474 0 -3.5 0 0.123137 0.402981 -0.906887
28.6474 -22.8041 1.3775 -0.35111 -0.0813753 4.5 0 -0.170144 -0.292285 0.941074
30.3517 -33.2437 -23.2071 -0.111205 -0.175677 -1.79694 0 0.108127 -0.864687 -0.490535
8.83525 -30.135 -7.371 2.97536 0 -3.9 0 -0.0460154 -0.882321 0.468392
27.8332 -25.761 0.634938 0.145419 0 -3.3731 0 -0.0492873 -0.00888906 0.998745
34.3997 -31.2432 -15.4237 -0.846338 0 -3.5 0 0.881781 -0.230073 0.41174
19.4002 -24.4613 -3.33175 -0.319134 0 2.5 0 0.659671 0.0571034 0.749382
24.3719 -6.2215 -13.962 0.17438 0 -3.9 0 0.879372 -0.210073 0.427287
22.1491 -5.85231 -28.6104 0.764557 0 -3.9 0 0.0750714 0.242182 -0.967322
41.1142 -23.6073 -21.1136 3.71803 0.201736 -3.9 0 0.908672 0.348516 0.229896
16.6004 -7.21825 -19.7549 -1.59733 -0.296672 -3.46578 0 -0.628071 -0.345547 -0.697226
10.4011 -18.6048 -20.9986 0.822782 0.247517 -4.5 0 -0.302479 0.79404 -0.527264
33.5413 -29.7395 -23.2174 0.248837 0 -3.22055 0 0.90849 -0.00417469 -0.417885
19.7994 -21.975 -28.535 -0.112769 0 4.2 0 -0.748783 0.567741 -0.342045
13.1714 -10.564 -11.813 -0.304862 -0.0558976 -3.5 0 -0.693106 0.373138 -0.616743
8.11287 -23.0601 -11.9937 -0.0580958 0 -0.4 0 -0.986268 -0.160804 -0.0376463
22.3562 -10.1382 1.30425 -1.28659 -0.62667 -3.5 0 -0.424541 0.0210198 -0.905165
26.3405 -9.39325 -2.843 0.555582 0 -1.6 0 0.165211 0.770815 0.615264
19.03 -2.59144 -23.1384 -0.387246 0 -3.5 0 -0.510021 0.756733 -0.408943
33.8769 -5.46263 -27.7454 -1.08082 -0.0769333 -3.5 0 0.626846 -0.577278 -0.523273
28.5141 -8.601 -7.79262 0.361021 0 -3.2 0 0.124337 0.986595 -0.105694
40.6104 -9.78744 -28.1276 -0.638449 -0.253307 -3.5 0 0.78557 0.471197 -0.401065
7.78975 -28.0144 -23.2241 -0.370348 0 -3.5 0 -0.44911 -0.833957 0.320649
27.6504 -8.72456 -32.8404 -0.224687 0 -3.5 0 0.309344 -0.120149 -0.94333
18.4342 -18.5708 -29.5739 0.476065 0 -3.9 0 -0.135196 -0.956658 -0.257931
22.5669 -13.2529 -32.8956 -0.319466 -0.770567 1.8 0 -0.93378 0.223625 -0.279369
38.1493 -24.1381 -28.2069 -1.13724 -0.392235 -0.4 0 0.269934 -0.750504 -0.603224
15.0741 -15.2112 -0.287187 -0.446791 0 -3.5 0 -0.912372 0.0358362 0.407792
38.399 -13.8962 -10.7306 0.633074 0 -3.5 0 0.979801 0.0443494 0.194996
20.8379 -11.0941 -22.2949 -0.0995733 0.28385 1.9 0 -0.843921 0.324881 -0.426907
24.9893 -3.98913 -26.2734 -0.33 0 -3.5 0 -0.689529 0.396103 0.606343
30.276 -8.77188 -8.06581 0.185289 -0.607683 -3.491 0 -0.203229 0.925358 -0.320015
17.1068 -37.3472 -13.1311 0.201192 0 -3.2 0 0.128803 -0.939901 -0.316222
16.7253 -29.9328 -30.9202 0.409697 0 -4.5 0 -0.471689 -0.105983 -0.875372
24.8087 -26.3091 -29.9444 -0.528927 0 -2.96578 0 0.441377 -0.452403 -0.774931
44.2656 -13.7244 -17.9373 0.788487 0 -0.4 0 0.722883 0.306023 0.619508
16.1348 -31.4193 -25.7582 -0.234046 0 -3.25705 0 -0.611341 -0.569812 -0.54916
16.7135 -22.4061 -27.4363 0.277715 0 1.8 0 -0.333759 0.846713 -0.414346
35.6773 -5.47119 -3.57519 -0.628792 0 -3.5 0 0.43289 0.511377 0.742361
22.3956 -8.91963 -25.1884 -0.0622093 0 0.217312 0 -0.734947 -0.657414 -0.166314
31.4736 -5.58887 -20.3528 0.382265 0 -3.9 0 0.00123976 0.954977 0.296678
34.9431 -13.8716 -30.0002 -0.45468 0 2.8 0 0.834886 0.284025 -0.471481
15.9804 -19.1844 1.63425 0.1151 0 -4.5 0 -0.856554 0.399196 0.327043
22.5974 -33.9984 -4.1365 2.81179 0 -3.9 0 -0.875192 -0.483713 0.00774868
20.4987 -17.4377 5.09756 -0.891322 -0.777642 2.5 0 -0.289817 -0.693348 0.659754
15.2727 -16.5469 -2.828 0.291529 0 -3.5 0 -0.977466 -0.0930215 0.189492
14.8923 -19.0697 -23.5382 -0.558306 0.114774 -3.2 0 -0.654462 0.756086 0.00386094
34.7419 -15.2498 -30.0077 -0.458112 -0.0533437 2.46547 0 0.678285 -0.379683 -0.629103
10.2684 -25.0516 -14.7867 -1.70345 -0.201289 -0.4 0 -0.71575 -0.463337 -0.522514
27.5688 -13.2214 -35.0514 -0.129238 0 -0.4 0 0.529073 0.361897 -0.767536
42.9545 -11.1631 -22.4014 -0.386761 0 -3.9 0 0.512998 0.0637776 -0.856017
18.3315 -30.4298 -31.4598 0.300142 0 -4.5 0 0.0100991 0.0548703 -0.998442
15.2939 -27.1944 -29.433 0.0182227 0 1.8 0 -0.467876 -0.15314 -0.870425
16.6065 -3.867 -19.505 -0.172848 0 -3.2 0 -0.485766 0.0832814 -0.870112
21.2191 -16.6051 -36.3013 -0.888628 -0.219105 -3.5 0 -0.54946 0.502668 -0.667397
44.1062 -9.29706 -17.282 1.30679 0 -3.9 0 0.132595 -0.538719 0.831986
28.0389 -35.3786 -12.2325 2.52051 0 -3.9 0 0.823536 -0.539907 0.174038
10.3781 -29.1864 -23.8554 -0.264615 0 2.5 0 -0.601495 -0.429631 -0.673514
24.7254 -34.1011 -12.0331 0.942533 0 -3.9 0 -0.796564 -0.4093 0.444926
15.2536 -32.8358 -10.4808 -0.467956 -0.0785739 -2.7687 0 -0.608395 -0.0676232 0.790748
28.7631 -30.0298 -3.84663 -0.0733626 -0.955624 -1.6 0 0.794622 -0.58301 -0.169338
26.0331 -31.6401 -29.3283 -0.222082 0 3.8 0 -0.0246754 -0.17216 -0.98476
13.5273 -18.0247 -20.3368 0.77526 0 -4.5 0 0.0541257 0.843377 -0.53459
27.4904 -13.1401 4.98125 -1.27158 0 -3.5 0 0.0871889 -0.137219 0.986696
13.4742 -8.625 -11.8286 1.65766 0.793507 -3.5 0 -0.755886 0.488763 -0.4356
13.9701 -20.5979 -23.7512 -0.388733 0.0544127 -1.51537 0 -0.57871 0.723443 -0.376463
6.82212 -29.316 -8.2755 1.99092 0.446685 -3.9 0 -0.844249 -0.53494 0.0329187
35.3963 -26.201 -3.03175 0.414628 -0.0715033 -3.5 0 0.375944 -0.300083 0.876708
36.8571 -30.9237 -19.74 0.310401 0 1.9 0 0.164483 -0.979341 0.117631
28.5847 -21.0933 -32.7716 -0.320286 0 -1.3 0 -0.251274 0.0664933 -0.965629
24.4619 -10.5429 0.747187 0.966869 0 -2.17484 0 -0.395315 0.519295 -0.757667
38.9479 -23.6524 -14.7365 1.32238 0 -1.87234 0 0.622974 -0.760206 -0.184363
22.965 -11.8792 -25.4076 0.242493 0 1.9 0 -0.721486 0.171261 -0.670915
31.3629 -19.6618 4.58206 0.579348 0 -4.5 0 0.509626 -0.48022 0.713912
42.8753 -11.1584 -17.9686 1.00566 0 -3.9 0 0.332375 -0.0249882 0.942816
38.6917 -26.2913 -2.28494 1.60563 0.333753 -0.4 0 -0.302819 -0.484784 0.820539
39.358 -10.2043 -15.4675 0.101247 -0.130783 -3.5 0 0.357614 0.834178 0.419833
20.4039 -14.387 -26.6963 -0.2673 0 4.2 0 -0.246244 0.957862 0.147867
13.803 -32.9975 -10.9808 -1.02887 -0.827967 -3.2 0 -0.728418 0.114739 0.675457
6.48825 -26.3958 -27.8818 -1.70018 -0.798105 -3.5 0 -0.46541 -0.0724583 -0.882124
19.1066 -1.75713 -15.0533 -0.271476 -0.939005 -0.323075 0 -0.233003 0.87156 0.431385
23.9271 -11.2945 -29.5291 0.167369 -0.151278 -1.13308 0 -0.807931 -0.0820912 0.583531
27.8393 -6.25e-05 -26.6458 -1.42891 -0.314192 -3.5 0 0.735106 0.607615 0.300704
21.6531 -8.48294 1.91475 -2.18621 -0.433259 -3.5 0 -0.323365 0.746116 -0.582019
27.7919 -10.3617 5.56744 0.0185674 0 -3.5 0 0.188347 0.172997 0.966746
34.8306 -7.05863 -1.8635 0.0593948 0 -3.5 0 -0.417198 0.748489 0.51547
33.2874 -28.5314 -28.3744 -0.0101598 0 4.2 0 0.560971 -0.561326 -0.608461
8.68975 -24.7493 -26.3984 -0.619931 0 -3.5 0 0.205659 0.826101 -0.524654
18.5397 -18.3878 -30.6262 0.223078 0 -3.9 0 -0.224461 -0.923968 -0.309677
31.0686 -7.72725 -7.68363 -1.51553 -0.226126 -3.5 0 -0.724907 0.682762 -0.0913565
40.4476 -13.1334 -25.214 -0.166972 0 -3.5 0 0.984996 0.151244 -0.083118
27.141 -2.48275 -19.34 0.727202 0.609303 -3.5 0 -0.427013 0.878075 0.215973
21.5918 -15.2941 -35.506 -1.69549 -0.0720222 -3.5 0 -0.351415 0.717802 -0.601055
25.8662 -10.1564 -13.5431 -0.07588 0 2.8 0 -0.311824 0.931472 -0.187419
13.372 -18.3965 -4.88 0.794353 0 -3.2 0 -0.386157 0.0113916 0.922363
31.6424 -17.2735 -3.58262 1.15516 -0.0615024 -3.9 0 0.576528 0.0544864 0.815259
22.5441 -25.5089 -30.475 -0.187006 0 -3.5 0 0.0806361 0.283268 -0.955645
22.0597 -10.6212 -31.9179 -0.055843 0 1.8 0 -0.97545 0.216569 0.0399381
16.7811 -27.9309 -30.3159 0.130583 0 -4.5 0 -0.243516 0.212369 -0.946361
25.4144 -33.2176 -28.3624 -0.207363 0 3.8 0 -0.443683 -0.708754 -0.548464
23.3724 -4.79056 -28.1276 -0.152737 0 -3.9 0 0.0476408 0.446701 -0.893414
34.5025 -27.8301 -3.14419 0.147185 -0.449815 -2.06652 0 0.252672 -0.807272 0.533356
12.942 -12.6364 -18.7451 2.90839 0 -3.9 0 -0.637087 -0.012001 -0.770698
28.7396 -11.7486 5.46725 -1.38074 0 -3.5 0 0.297197 -0.167878 0.939942
21.945 -8.90231 -27.0153 0.154435 0 -3.9 0 -0.49369 -0.867095 -0.0664539
29.0031 -34.8241 -21.8423 0.207908 0 4.2 0 -0.0045707 -0.572026 -0.820223
15.6431 -37.3799 -19.177 0.0956181 0 -1.6 0 -0.306812 -0.818214 -0.486202
43.365 -29.4149 -8.4745 0.336964 0 3.8 0 -0.00708892 -0.717125 -0.696908
19.205 -1.79919 -19.1892 -0.270561 -0.383102 -3.48153 0 -0.539283 0.818096 -0.199732
36.8151 -12.8941 -28.6526 -0.164733 0 -3.5 0 -0.408447 0.192131 -0.892332
16.1374 -19.673 -0.667625 0.287375 0 -4.5 0 -0.991387 0.0376286 0.12544
40.1133 -6.67075 -25.0389 0.168733 0 -1.6 0 0.713385 0.487261 -0.503645
11.8298 -18.6077 -20.9385 0.485885 0 -4.5 0 -0.0579121 0.808974 -0.584985
27.3496 -8.57231 -8.80119 0.44913 0 -3.2 0 0.341325 0.939941 0.0028852
26.8311 -30.8227 -2.30531 0.754002 0 -3.29325 0 0.530035 -0.607104 0.59202
31.7394 -28.6 -29.2598 -0.0885212 0 4.2 0 0.310265 -0.514817 -0.799186
12.8022 -9.29788 -6.24738 -0.324919 0 -3.5 0 0.251514 0.488644 0.835444
44.8361 -10.1193 -20.1246 0.365036 0 -3.9 0 0.764632 -0.334567 -0.55082
19.2819 -7.354 -6.98163 -0.122273 0 -0.8 0 0.243908 0.494547 0.834225
30.436 -23.2756 1.15256 0.506517 0 -3.9 0 0.243 0.0154129 0.969904
15.1288 -24.3495 1.33875 0.358793 0 -4.5 0 0.427577 -0.716252 -0.551508
34.2876 -26.9319 -28.8547 0.107048 0 4.2 0 0.759392 -0.318516 -0.567337
39.0634 -6.66288 -17.6224 1.11404 0.630894 -3.5 0 0.176412 0.616853 0.767054
27.796 -2.81775 -32.7324 -2.40123 -0.892046 -3.5 0 0.361667 0.84779 -0.387877
9.76525 -24.165 -10.0413 0.318968 0 -0.62769 0 -0.521955 0.104768 0.846514
40.2056 -20.56 -6.86637 0.714726 0 1.8 0 0.974998 -0.00363826 0.222184
24.1244 -34.5829 -13.0562 -0.630071 0.44529 -3.70869 0 -0.449603 -0.306389 0.839037
30.5676 -27.9207 -7.45544 0.343144 0 -4.5 0 0.247084 -0.965416 0.083188
34.8205 -10.4493 -24.7286 -1.17701 -0.715228 -3.5 0 -0.118959 0.578247 -0.807143
18.9915 -33.989 -21.0282 -1.14957 -0.0965552 -3.24087 0 -0.464803 -0.837722 -0.286671
14.0642 -36.2071 -13.4235 -0.0638295 0 -3.2 0 -0.762158 -0.646307 0.0374371
25.5489 -39.0158 -21.0843 0.905254 0 -3.9 0 -0.0998153 -0.612508 -0.784137
10.5948 -29.8057 -15.1175 -1.80175 -0.271228 2.8 0 -0.438199 0.839058 0.322432
20.2149 -21.8976 -1.645 -0.0214381 0 -2.37854 0 0.196112 -0.922307 0.333002
9.9145 -22.8159 -14.5336 -0.281546 0 -0.4 0 -0.84197 -0.273906 -0.464825
14.6119 -20.1729 -3.76588 0.587248 0.00382256 -0.8 0 -0.816154 -0.0635374 0.574331
40.2245 -20.0492 -22.363 1.27418 0.230174 1.56729 0 0.715507 -0.599407 -0.358834
29.0781 -5.58887 -15.9956 -0.364145 -0.936375 -3.9 0 0.0889937 0.942118 0.323255
24.2619 -5.31537 -25.4829 -0.399899 0 -3.83337 0 -0.176925 0.926762 0.331377
19.3806 -4.38438 -26.0934 2.13325 0 -3.9 0 -0.591367 0.79913 -0.108056
26.0273 -27.8472 -28.828 -0.145585 0 -3.5 0 -0.147185 -0.128458 -0.980732
33.7391 -15.377 -31.1834 -0.353475 0 2.8 0 0.578327 -0.464816 -0.670436
24.4881 -8.94131 -31.6583 -0.153168 0 -2.63591 0 -0.546568 0.703297 -0.454574
20.9881 -10.4276 -5.80594 0.36251 0.490706 -0.556343 0 0.149675 0.846942 0.510183
46.7822 -6.18813 -19.1056 3.09059 0.250147 -3.9 0 0.745061 0.445102 -0.496757
20.6286 -33.2173 -26.9906 -0.47238 0 -4.5 0 0.321237 -0.71416 -0.621918
24.2924 -16.6635 5.59412 0.3121 0 -0.0508976 0 0.351658 -0.710838 0.609135
22.7656 -11.0311 -33.6995 -0.120113 0 1.8 0 -0.660547 0.141517 -0.737327
14.9184 -14.4542 -3.41106 -0.121955 0 -3.40604 0 -0.980219 0.0637938 0.187352
38.1722 -22.1774 -2.49688 1.35644 0.432798 -2.59326 0 0.252694 0.722598 0.643426
34.2875 -1.39275 -29.219 -1.77832 -0.154343 -3.5 0 0.284581 0.928551 -0.238341
12.6346 -21.2719 -5.92425 0.395747 0 -3.2 0 -0.467706 -0.188548 0.86354
38.5419 -25.9972 -8.45938 2.0379 -0.179088 -2.25271 0 -0.202353 -0.447275 -0.871205
19.6075 -6.76469 -28.0856 1.68799 0.0247292 -3.9 0 -0.7308 -0.440277 -0.521621
18.0665 -9.46475 -17.9363 -0.550923 0 -1.08428 0 -0.483446 -0.664406 -0.569952
7.53094 -16.9025 -8.17412 0.502797 0.32599 -4.5 0 -0.827116 0.0908744 -0.554636
20.2122 -17.5723 -35.4818 0.109371 0 -3.5 0 -0.895916 0.194805 -0.399231
27.826 -1.067 -28.6225 -0.817142 0 -3.5 0 0.782496 0.285027 -0.553588
30.0084 -35.2679 -20.0894 0.276153 0 4.2 0 0.546687 -0.821628 0.161433
39.2417 -30.3799 -19.2976 0.747091 0 1.9 0 0.357662 -0.90807 0.217914
24.4891 -1.326 -28.1764 -0.893542 0 -3.5 0 -0.986126 0.0362919 -0.161983
41.3575 -12.2788 -14.8678 -0.0595523 0 -3.5 0 0.80285 0.567355 0.18314
12.461 -13.3695 -18.053 2.09858 0 -3.9 0 -0.770574 -0.023338 -0.636923
32.1809 -13.9982 -2.88025 1.292 0 -3.9 0 0.804465 -0.407823 0.431875
38.8537 -22.4786 -28.5322 -0.121808 -0.0599078 -0.4 0 0.212449 -0.207384 -0.954912
32.6229 -20.2751 0.177375 0.768693 0 4.5 0 0.863798 0.363811 0.348561
38.6427 -8.08525 0.4525 -1.66777 -0.225226 -3.5 0 0.420324 0.218421 0.880693
39.6185 -21.17 -22.3503 1.43948 0 2.5 0 0.975447 -0.133802 -0.174928
45.5511 -26.2297 -4.40069 0.282941 0 3.8 0 0.582039 0.729856 0.358526
10.7036 -23.3464 -23.4464 0.117117 0 1.8 0 -0.562301 0.697199 -0.44467
32.7921 -33.1046 -15.2683 -1.42818 0 -3.5 0 0.195991 -0.909903 0.365601
23.8478 -21.4663 -30.82 -0.284393 0 4.2 0 0.359671 -0.376334 -0.853821
19.4032 -14.7431 -30.2296 -0.216399 0.0468911 3.31609 0 0.224878 0.85819 -0.461453
13.5101 -31.7543 -21.9711 0.0500379 0 -0.807613 0 -0.331734 -0.926777 -0.176172
22.6741 -32.0216 -27.3589 -0.13432 0 -3.84514 0 0.174853 -0.722341 -0.669067
30.8873 -5.62925 -18.6847 0.407941 0 -3.9 0 0.326449 0.930782 0.164545
18.9967 -17.0832 4.28631 -1.62603 -0.0246131 2.5 0 -0.905369 0.0138279 0.4244
22.9285 -0.601125 -14.7586 1.14831 0 -3.9 0 -0.0814837 0.762661 -0.641645
23.2406 -36.7337 -21.0927 0.372419 0 -3.9 0 0.139554 -0.149908 -0.978801
41.4246 -23.6057 -6.76188 0.471015 0 -3.9 0 0.764355 0.641008 0.0697889
33.4427 -9.7205 -24.5737 -1.45908 -0.0238122 3.58844 0 0.359539 0.282073 -0.889475
13.8184 -31.598 -23.7473 0.00824152 0 0.387752 0 -0.632658 -0.661792 -0.402214
18.6085 -35.2529 -9.28413 0.0130757 0 -3.2 0 0.843366 -0.356473 0.402069
12.2719 -26.3393 -3.64563 -0.0802981 0 -3.5 0 -0.2019 -0.123311 0.971612
16.8969 -23.5559 1.80406 1.14132 0 -4.5 0 0.360804 -0.922832 -0.134912
23.8821 -13.0116 -27.4641 -0.0530772 0 1.8 0 -0.834306 0.544849 -0.0841021
38.8945 -23.6974 -17.0938 1.17849 0 -0.933079 0 0.800461 -0.598169 0.0381576
11.2808 -9.19481 -6.79787 0.299121 0 -3.5 0 -0.628081 0.489906 0.604572
31.2418 -2.17419 -22.5674 0.471083 0.0115999 -0.938112 0 0.113954 0.692497 0.712364
22.55 -4.328 -23.5948 -0.811387 -0.29943 3.12345 0 0.502176 0.622491 -0.60027
26.0155 -4.24813 -32.7284 -1.63156 -0.612354 -3.5 0 -0.894753 0.309653 -0.321765
34.6039 -10.9052 -1.82238 0.75668 0 -3.5 0 0.194199 -0.678083 0.708865
41.2399 -11.6734 -23.6973 -0.758228 -0.0247158 -3.59925 0 0.780696 -0.0667696 -0.621334
34.528 -30.2079 -22.2598 -0.634782 -0.102849 1.9 0 0.320368 -0.155984 -0.934362
43.3468 -17.5759 -23.8664 0.368224 0 -3.5 0 0.630853 -0.376809 -0.678262
22.9735 -20.2389 0.531 0.127755 0.603818 -3.5 0 -0.0169076 -0.636234 0.771311
24.5173 -19.5457 1.15175 0.0462282 0.107353 -3.18987 0 -0.187369 -0.725848 0.661844
39.6519 -20.5492 -10.0192 0.503474 -0.00647664 -0.75428 0 0.866248 0.464156 0.18486
16.8827 -14.1021 1.361 -2.07344 -0.038901 -3.5 0 -0.387173 0.593892 0.705258
8.90319 -28.4424 -22.1861 -0.426642 0 2.5 0 -0.703128 -0.708808 -0.0565941
6.50856 -24.9142 -26.5123 -1.35557 0 -3.5 0 -0.447556 0.861293 -0.240559
43.3992 -27.4371 -2.96419 0.3389 0 3.8 0 0.0643548 -0.0773771 0.994923
26.438 -8.05675 -6.37362 0.938585 0 -1.6 0 -0.0508033 0.992992 -0.1067
25.801 -3.77881 -21.8487 -0.325454 0 -3.5 0 -0.364939 0.915542 -0.169121
34.9382 -22.7687 -32.1869 -0.176226 0 -3.5 0 0.88929 -0.354152 -0.289379
32.3444 -19.3931 1.46687 0.796109 0.0241538 4.07006 0 0.942127 -0.334172 -0.0269363
19.9165 -14.416 -25.4463 -1.02689 -0.699546 2.8 0 -0.350964 0.88095 -0.317413
23.8573 1.03906 -12.5731 3.11153 0 -3.9 0 -0.0565776 0.980778 0.186743
24.528 -37.4875 -16.1164 -0.153254 0 -3.9 0 0.169635 -0.614056 0.770817
36.0955 -23.0658 -29.0882 0.177681 0 -0.570635 0 0.748165 -0.429276 -0.505935
20.2695 -32.1743 -29.2375 -0.0213206 0 -4.5 0 0.350428 -0.689281 -0.634107
25.5007 -3.92512 -17.7754 -0.948256 -0.899349 -0.8 0 0.106981 0.966052 0.235155
12.1792 -27.0221 -12.3678 -0.547886 0 -3.9 0 -0.571068 -0.503601 -0.64828
40.7023 -11.2782 -25.3261 -0.444979 -0.240327 -3.63141 0 0.997765 -0.0655875 0.0127895
15.6069 -16.5759 -26.6833 -0.187939 -0.4425 -3.9 0 -0.970515 0.235716 0.0503817
27.2791 -32.9116 -10.0763 0.640772 0 -3.9 0 0.436219 -0.466214 0.769648
9.24512 -24.9596 -12.8415 -0.982031 -0.594079 -0.4 0 -0.86436 -0.393304 -0.313358
35.6265 -28.5725 -21.6555 0.252298 0 1.9 0 -0.214105 0.244573 -0.945697
16.7916 -8.18044 -17.9216 -0.618368 -0.0873913 3.28486 0 -0.455321 -0.659089 -0.598568
40.2723 -19.9001 -27.2145 0.13765 0 0.168225 0 0.777509 0.425185 -0.463355
27.121 -23.382 -32.4196 -0.245927 0 -0.7 0 -0.629576 0.0192844 -0.7767
21.3411 -15.3211 7.38325 -0.432724 0 2.5 0 -0.697608 0.0511591 0.714651
21.0678 -8.25937 -23.6639 -0.339245 0 4.5 0 -0.764745 -0.608166 -0.212835
12.9493 -19.0754 -17.3449 0.265631 0 -4.5 0 -0.308488 0.914053 0.26333
18.0918 -18.3573 -21.8756 0.180025 0.719798 4.14435 0 -0.95862 -0.038654 0.282052
38.6665 -25.3778 -11.5333 1.09912 0 -3.9 0 -0.311704 -0.890224 -0.332177
14.931 -32.9724 -21.755 -0.0786016 0 -1.3 0 -0.718717 -0.694621 0.0307802
15.0574 -18.7257 -2.74688 0.339502 0 -0.8 0 -0.891308 0.0996192 0.44232
26.5602 -33.4577 -26.2735 -0.142722 0 3.8 0 0.134976 -0.98644 -0.093364
40.7702 -26.6336 -21.699 0.787221 0 1.9 0 0.950521 -0.153823 -0.269905
20.0901 -37.8485 -16.9881 -1.84041 -0.244871 -3.9 0 -0.333088 -0.873269 0.355604
16.2619 -2.72463 -19.0094 -0.00463521 0 -3.2 0 -0.344769 0.561123 -0.752512
31.1946 -8.90094 -1.14294 3.917 0.0738435 -3.9 0 -0.314365 0.826682 0.46666
33.038 -32.3495 -18.8438 0.079408 0 -3.5 0 0.441844 -0.867541 -0.228358
16.3696 -34.1164 -23.8028 -1.26162 -0.857629 -1.3 0 -0.418365 -0.882565 -0.214591
14.0708 -17.9848 -17.5153 0.348473 0 -3.65963 0 -0.762015 0.622479 -0.178474
29.3666 -2.38287 -22.8463 0.499544 0.0244114 -1.7222 0 -0.211272 0.906571 0.365366
30.2052 -14.5821 4.35988 0.643462 0.809889 -4.5 0 0.552205 0.578115 0.60071
12.0101 -34.0908 -15.1496 -1.07967 -0.641145 0.594634 0 -0.566031 -0.820811 -0.0766656
43.7633 -8.42725 -21.2507 0.336135 0 -3.9 0 0.245448 0.281645 -0.927595
39.2935 -18.4081 -5.86144 0.733656 0 1.8 0 0.394438 0.700953 0.594208
14.8346 -15.7277 -31.6044 0.364705 0 -3.9 0 -0.964503 -0.0830052 -0.250687
20.5916 -33.3741 -10.5649 -0.784927 -0.131528 -1.3 0 0.738732 -0.672523 -0.0445875
18.5286 -22.8486 -28.4862 0.487959 0 2.03742 0 -0.276457 0.916758 -0.288316
8.75825 -21.7486 -18.626 0.0294166 0 2.8 0 -0.829082 -0.468861 -0.304618
27.027 -22.9741 0.473437 -0.201235 0 4.5 0 -0.463889 -0.0203793 0.885659
30.8622 -0.950375 -23.5289 0.104623 0 -0.8 0 -0.26563 0.86611 0.423432
12.7068 -28.2792 -15.386 -0.656338 0 3.58608 0 -0.895287 0.368606 0.250182
42.0835 -13.3851 -14.2919 -1.55623 -0.0117833 -3.5 0 0.848539 0.225387 0.47873
21.1048 -1.71337 -11.7118 0.743827 0 -3.9 0 -0.513003 0.808531 0.28828
37.3424 -7.946 0.216 -0.834 0 -3.5 0 -0.284281 0.448092 0.847583
35.9939 -10.6018 -25.5876 -0.298479 0 -1.6 0 -0.453008 0.702555 -0.548818
31.2278 -20.6124 2.33544 0.916358 0.70992 -4.5 0 0.422291 -0.8617 0.281325
43.988 -10.0639 -21.8186 0.0371767 0 -3.9 0 0.653392 0.239649 -0.718086
38.5703 -8.41844 -28.4991 0.535254 0.152332 -3.5 0 -0.0751812 0.821776 -0.564829
11.4408 -25.7802 -25.6838 0.869335 0.83259 -3.5 0 0.153684 -0.0342214 -0.987527
32.899 -28.6513 -5.52125 -0.919023 0 -3.9 0 -0.0230982 -0.996744 -0.07725
36.6265 -7.29 -11.5778 0.173161 0 2.5 0 0.446778 0.806258 -0.387734
20.661 -8.97169 -21.1336 -0.256813 0 -2.13361 0 -0.8313 -0.18416 -0.524428
20.1152 -23.5997 -30.3961 -0.372825 0 4.2 0 -0.182708 -0.135694 -0.973758
11.9951 -33.5341 -13.4459 -1.07891 -0.90882 2.60591 0 -0.307374 -0.670861 0.674883
31.8517 -19.7226 -2.60019 1.11738 0 -2.44766 0 0.802194 0.544844 0.244194
8.61887 -24.3029 -11.0352 0.0296176 0 -0.4 0 -0.92758 -0.188924 0.32234
28.6308 -9.802 0.329375 1.56928 0 -0.9 0 0.171487 0.738126 -0.652504
9.34394 -15.7896 -8.8845 -0.210209 0 -4.5 0 -0.588493 0.429781 -0.684809
12.5411 -25.656 2.31387 0.385435 0.15351 -4.5 0 -0.381241 -0.923921 0.0320193
42.5218 -24.7914 -5.14 -0.760324 -0.120072 3.8 0 0.719112 0.690832 0.0750279
17.8196 -22.7121 3.02075 0.819124 0 -4.5 0 0.679053 -0.457945 0.573737
13.347 -23.1179 4.68631 0.109986 0 -4.5 0 -0.537687 0.513325 0.668872
9.90325 -14.8068 -11.2089 -0.19572 -0.0515686 -3.83862 0 -0.964317 0.206653 0.165492
9.04025 -22.3091 -17.2747 -0.555411 0 2.8 0 -0.760206 -0.647689 0.0508548
37.5272 -24.6634 -10.2878 1.98255 0 -3.9 0 -0.477013 -0.820666 -0.31459
11.4928 -30.9109 -19.5455 -0.621598 0 2.50065 0 -0.754373 -0.589848 -0.288098
15.0759 -23.1645 -28.6214 -0.0276433 0 1.8 0 -0.620067 0.752312 -0.222584
30.0156 -27.9786 -5.1275 0.652668 -0.0549981 -3.9 0 0.445342 -0.89508 -0.0224112
23.8281 -8.44019 3.79194 -0.0142907 0 -3.5 0 0.0405303 0.932093 0.359945
26.3458 -33.8175 -15.8745 -1.14172 -0.0513058 -3.5 0 0.456359 -0.837155 -0.301511
9.35513 -19.4784 -18.9508 0.0359023 0.0867728 -0.877046 0 -0.788935 0.591168 -0.167637
5.70669 -28.3749 -25.8033 -2.74091 -0.109087 -3.5 0 -0.382218 -0.923643 0.0281676
12.8245 -26.7065 -15.75 -0.49187 0 4.2 0 -0.853492 -0.476671 0.210561
15.5101 -30.7074 -26.5259 -0.157294 0 -4.5 0 -0.506089 -0.824999 -0.251497
15.3895 -28.8449 -8.44738 -0.296335 0 -3.5 0 -0.604513 -0.71853 0.343917
17.5814 -36.9938 -17.6101 0.275826 0 -1.6 0 0.277657 -0.897348 0.343035
42.2966 -18.8554 -23.5282 0.747784 0.359062 -3.5 0 0.49095 -0.773903 -0.400052
16.873 -23.5235 3.822 0.50274 0.105945 -4.5 0 0.679218 -0.538818 0.498335
21.2259 -20.4409 0.56525 -0.05791 0.27906 -3.26735 0 0.237802 -0.824092 0.514123
7.21863 -18.7157 -7.54437 1.36471 0.000766047 -4.5 0 -0.997949 -0.0112825 -0.0630102
14.0324 -12.3444 -6.22344 -0.965108 -0.254328 -3.27271 0 0.00562464 0.43068 0.902487
32.3672 -9.94588 -0.287875 3.23632 0 -3.9 0 0.354429 0.281828 0.891601
17.9509 -14.1215 -22.901 -0.869189 -0.170281 0.822946 0 -0.433579 0.676254 -0.595559
26.1432 -9.25269 -12.6114 0.0665613 0 3.57109 0 -0.379564 0.760293 -0.527148
14.3355 -30.2323 -11.5263 -0.0304905 -0.159372 -1.3 0 -0.629453 0.118935 0.767883
21.4649 -9.6725 -22.7329 -0.273409 0 4.5 0 -0.896155 -0.0756752 -0.43724
17.3034 -29.5103 -7.0615 -0.320413 -0.773228 -2.41967 0 -0.435925 -0.695499 0.571184
23.2623 -36.3844 -13.7361 -1.96637 0 -3.5 0 -0.330122 -0.572877 0.750221
25.2442 -35.8423 -17.2286 0.0538849 0 -3.9 0 0.888458 0.0991878 0.448112
45.1496 -29.5588 -6.17737 0.248502 0 3.8 0 0.514267 -0.850931 0.106985
7.32463 -25.1223 -23.0994 -0.302072 -0.0751917 -3.5 0 -0.726352 0.565791 0.390248
19.0537 -8.38244 -20.3189 -0.774692 -0.0279591 -3.5 0 -0.439638 -0.52975 -0.725316
45.5174 -27.733 -7.67206 0.282768 0 3.8 0 0.890588 0.27095 -0.365293
39.5146 -10.6024 -11.0225 1.35117 0.7297 -3.5 0 0.939318 0.320107 0.123342
41.6523 -23.323 -8.67234 1.41004 0 -3.9 0 0.987451 0.136788 0.0789214
20.5205 -10.2816 -20.4246 -1.87702 -0.251354 0.814214 0 -0.937805 -0.0325071 -0.345636
30.0223 -10.4518 -3.065 2.13029 0 -3.9 0 -0.670365 0.742031 -4.96306e-05
40.53 -13.7395 -13.1055 -0.248038 -0.104522 -3.5 0 0.651412 -0.152892 0.74316
10.7777 -12.5367 -10.1288 -1.4873 0 -3.5 0 -0.833617 0.396984 -0.384038
30.5742 -16.5659 -1.78125 0.621304 -0.175093 -3.33716 0 0.992127 -0.109666 -0.0604806
18.7938 -2.613 -20.2056 -0.469672 0 -3.5 0 -0.83058 0.508499 -0.22708
24.6366 -8.02572 -9.33616 -0.728523 0 -3.2 0 -0.0852825 0.953997 0.287431
5.46588 -27.3253 -24.7249 -1.83188 -0.771787 -3.5 0 -0.818566 -0.148809 0.554803
40.1661 -27.3756 -2.70813 0.959283 0.0975759 2.97531 0 -0.0700619 -0.334927 0.939636
19.8694 -19.5341 -29.0144 0.526799 0 3.50522 0 -0.770437 -0.542631 -0.33463
29.1513 -12.3345 -32.1605 -0.409012 -0.0271869 2.8 0 0.523189 -0.0734959 -0.849041
21.336 -36.9015 -15.9353 -0.653519 -0.0328734 -3.62463 0 -0.0675235 -0.829736 0.554057
13.6554 -5.17938 -14.3096 -0.377047 0.0429532 -1.11831 0 -0.676877 0.177327 0.714417
26.1593 -21.9687 0.135125 0.290636 0 -3.5 0 -0.192097 -0.25859 0.946694
9.44325 -27.6005 -11.3204 -0.0664366 0 -3.9 0 -0.496581 -0.284197 -0.820146
29.839 -28.4478 -0.12225 0.586345 0 -3.67245 0 0.109154 -0.916263 0.385418
10.9869 -21.9117 -22.3568 0.11898 0.251088 -3.00915 0 -0.519878 0.30782 -0.796852
13.3395 -34.372 -11.173 -1.61945 -0.0974854 -3.2 0 -0.725851 -0.0908901 0.681821
8.8065 -23.7575 -13.1482 0.0188548 0 -0.4 0 -0.808691 -0.174074 -0.561886
24.8355 -31.866 -8.2015 -0.888652 -0.841915 4.2 0 0.343017 -0.927074 0.151236
14.5576 -28.5053 -9.37362 0.126726 0 -2.60228 0 -0.597421 -0.770959 0.220704
14.4637 -21.2835 2.24144 0.587393 0 -4.5 0 -0.654187 0.754727 0.049248
24.3752 -4.01234 -12.9183 0.491881 0 -3.9 0 0.772716 -0.340393 0.535764
38.3013 -12.2731 -9.0815 0.827336 0 -3.5 0 0.963363 -0.0738927 0.257822
29.4885 -8.16147 -11.8888 0.280792 0 4.5 0 0.0651559 0.722266 0.688539
25.8493 -20.649 0.908875 0.372456 0.028567 0.576386 0 -0.286359 -0.537753 0.792982
33.2849 -17.0976 2.47081 0.910738 0 -4.5 0 0.894814 0.190901 -0.403565
12.3982 -23.1615 -5.05766 0.274947 0 -3.5 0 -0.558097 0.632964 0.536548
15.3645 -23.258 0.1905 0.694912 0.175492 -4.5 0 -0.278321 -0.519972 -0.807568
22.386 -30.5142 -6.32137 0.229142 0 4.2 0 -0.573502 -0.600531 0.557188
35.0524 -27.6688 -7.59706 1.12225 0 0.558419 0 -0.26867 -0.423146 -0.865312
21.1281 -30.6607 -6.90088 0.300972 0 4.2 0 0.00212654 -0.697278 0.716797
14.785 -16.5415 -3.964 0.766293 0 -3.2 0 -0.800951 0.0802516 0.593328
33.0935 -29.4879 -13.5098 0.671327 -0.00289038 -3.38648 0 0.398018 -0.20648 0.893839
24.1561 -27.6782 -0.989688 0.866179 0 -1.6 0 -0.912207 -0.218961 -0.346314
21.7402 -14.1772 -27.3135 -0.100855 0 4.2 0 -0.0444557 0.99883 0.0190418
24.4938 -9.30928 -6.76334 0.406156 0 -2.01042 0 -0.549984 0.822919 0.142556
35.446 -9.91941 -1.036 -0.200794 -0.560746 -3.5 0 -0.479596 -0.536054 0.694718
38.0423 -30.9365 -20.7572 0.293883 0 1.9 0 0.0626898 -0.997437 0.034499
9.38178 -13.7128 -6.88294 -0.161325 0.0437215 -3.83194 0 -0.831102 0.554752 0.0389786
22.8785 -31.4675 -5.0715 1.40691 0 -3.9 0 -0.991845 -0.0485239 0.11785
29.6838 -10.0398 -31.4929 -0.223343 0 1.74265 0 0.599972 0.410094 -0.686918
21.824 -34.7539 -13.792 -0.621675 0 -3.5 0 -0.196805 -0.45532 0.868304
38.0052 -7.02025 -2.35838 -0.314157 -0.320471 -3.5 0 0.465194 0.861118 -0.205112
29.0375 -18.021 -32.557 -0.969298 0 -1.3 0 0.283393 0.252732 -0.925103
31.9228 -27.6022 -10.801 0.972874 0 -4.5 0 0.813078 -0.572011 0.108199
15.546 -11.5984 -17.663 2.56835 0.0980616 -3.9 0 0.492395 0.442368 -0.749572
8.82725 -29.2119 -9.86191 2.33491 0 -3.9 0 -0.281968 -0.562795 -0.777017
28.2321 -27.0427 -29.4988 0.198339 -0.0646325 -3.31818 0 -0.0719689 -0.501776 -0.861998
39.0777 -6.11487 -22.1946 0.955088 0 -1.6 0 0.504858 0.746901 0.432732
32.2228 -7.19506 -16.2006 0.635399 0 -3.9 0 0.505128 0.633978 0.585591
29.2131 -32.4301 -15.5863 0.0482789 0 -2.99867 0 0.101768 -0.955986 0.275199
27.2641 -6.20234 -33.2227 -0.782772 0 -3.5 0 -0.10656 -0.164114 -0.980669
33.1569 -2.13569 -23.6111 -0.0290642 0 -0.8 0 0.666334 0.632485 0.39492
38.0139 -24.6711 -13.1464 1.33924 0 -3.9 0 0.150212 -0.988241 0.0285821
24.2105 -32.2851 -11.2238 0.146708 0 -3.9 0 -0.762227 -0.632539 0.137495
33.2818 -18.3883 -4.27594 2.19144 0 -3.9 0 0.383251 0.12262 0.915469
33.9961 -7.59394 -9.58237 0.00158686 0 2.5 0 -0.401647 0.870523 -0.284375
41.0856 -24.858 -9.98475 1.38265 0 -3.9 0 0.787193 -0.57713 -0.217365
15.6754 -28.7433 -7.22113 -1.64139 -0.278454 -3.5 0 -0.504396 -0.850868 0.146998
13.8088 -8.42431 -8.15244 0.310421 0 -3.5 0 0.152401 0.807536 0.569789
39.9917 -21.0181 -8.48519 0.992666 0 -1.14749 0 0.906327 0.413929 -0.0850506
35.7794 -21.5804 -1.95362 0.974063 0.0451538 -3.5 0 0.544446 0.562951 0.621823
15.1871 -29.995 -28.04 0.0991078 0 -4.5 0 -0.634406 -0.709404 -0.307043
36.6932 -24.3838 -13.55 2.02646 0 -1.6 0 -0.0874943 -0.577025 0.812027
26.6238 -2.69925 -24.9205 0.0639682 0 -3.5 0 -0.631036 0.468744 0.61812
37.311 -23.723 -1.894 0.802225 0 -0.4 0 -0.145323 -0.170458 0.97459
9.5865 -15.7201 -4.99087 0.408008 0.000596703 -4.5 0 -0.344115 0.5014 0.793841
44.5537 -15.9667 -18.6986 0.374786 0 -0.813268 0 0.995872 -0.0907159 0.00308713
13.5175 -10.824 -15.33 0.327843 0 -2.88773 0 -0.641081 0.767279 0.0172753
26.4636 -3.90237 -23.351 0.234293 0 -3.5 0 -0.650526 0.753419 -0.0957888
11.1428 -15.0855 -5.68675 0.0595659 0.287633 -4.02817 0 0.0654608 0.357122 0.931761
23.6938 -10.9803 -3.65025 0.52633 0 -1.6 0 -0.578994 0.595785 0.556603
25.5044 -39.9233 -18.9454 0.73947 0 -3.9 0 -0.0220057 -0.999684 0.0121858
31.592 -6.09363 -29.6532 -0.362399 0 -3.5 0 0.468728 -0.32205 -0.822543
13.9812 -33.8511 -19.2309 -0.0207761 0 2.8 0 -0.634494 -0.5296 -0.562975
31.3911 -16.6947 4.93625 0.627941 0 -4.5 0 0.458659 0.270771 0.846354
21.0966 -16.5618 6.30944 -0.117699 0 2.5 0 -0.422825 -0.639497 0.642077
28.134 -33.817 -16.6675 0.0824931 0 4.2 0 0.00459187 -0.701712 0.712446
27.906 -15.4496 -34.8173 -0.386748 0 -0.4 0 0.852267 -0.083081 -0.516468
24.4445 -2.59134 -12.2939 1.54744 0 -3.9 0 0.74468 -0.334114 0.577772
23.5211 -13.2965 -29.2393 0.187679 0 1.8 0 -0.637602 0.678424 0.364971
16.688 -22.8364 -29.2906 0.205279 0 1.8 0 -0.221966 0.944419 -0.242496
32.4811 -28.2027 -1.13681 0.618149 0 -3.9 0 0.451744 -0.88331 0.125266
23.0742 -19.2509 -33.7567 -0.304374 0 -3.5 0 0.611443 -0.705042 -0.35924
40.7611 -22.211 -17.1382 0.62687 0 -0.9 0 0.66299 -0.747684 -0.0375892
26.9628 -33.9997 -10.4828 1.16194 0 -3.9 0 0.161298 -0.4375 0.884634
38.1574 -10.602 -2.32544 -0.0924694 0 -3.5 0 0.800549 -0.594071 0.0787443
27.6707 -33.1493 -24.2565 0.37097 0 3.8 0 0.287695 -0.957459 -0.0224398
11.9915 -27.8368 -6.92772 0.251282 0 -3.5 0 0.122831 -0.992421 0.00359262
34.3488 -22.0121 -33.0857 -0.628883 0 -3.5 0 0.824664 0.099324 -0.556834
17.4135 -1.95537 -18.0129 0.0699718 0 -3.2 0 -0.203354 0.90478 -0.374192
16.0877 -18.4992 -1.27569 -0.0108977 -0.776263 -2.94809 0 -0.958947 -0.0965223 0.266652
29.6679 -15.0365 -31.0775 -0.714565 0 2.8 0 0.325641 0.158602 -0.932096
15.012 -13.3532 -19.9115 -0.0970666 0.653035 -3.9 0 -0.389719 0.628966 -0.672697
20.8988 -29.9545 -5.90731 0.176217 0 4.2 0 -0.0781102 -0.571148 0.817122
15.8927 -16.0182 -32.9941 1.61533 0 -3.9 0 -0.723591 -0.158395 -0.671809
25.337 -5.722 -29.553 -0.324293 0 -3.5 0 -0.863617 0.363012 -0.349839
39.878 -23.163 -24.8005 0.842303 0.0235657 -1.1561 0 0.771543 -0.63065 0.0836768
36.9129 -16.159 -6.86144 1.76265 0 -3.5 0 0.478936 -0.352699 0.803881
22.4955 -10.6012 -24.2504 0.0123535 0 1.9 0 -0.834701 -0.0121845 -0.550568
31.3812 -8.44213 -5.49431 -0.0856312 -0.0253399 -1.45368 0 -0.585855 0.734591 0.342272
31.7576 -7.8145 -26.2863 -0.299176 0 4.5 0 0.680491 -0.560351 -0.472164
18.7999 -34.6503 -25.0934 -1.32203 -0.301858 -3.5 0 -0.234901 -0.935723 -0.263142
25.9474 -32.1421 -9.53413 0.392869 0 -3.9 0 0.109025 -0.644635 0.756676
33.0864 -29.1434 -24.2524 0.1058 0 -3.5 0 0.988257 0.144109 -0.0508102
26.3061 -35.5438 -18.0488 0.487411 -0.233208 2.49133 0 0.337508 -0.0745408 0.938367
26.4377 -26.6708 -29.2412 0.0378296 0 -1.03462 0 -0.0630779 -0.48394 -0.872825
32.4306 -19.1178 3.51775 1.03461 0.0208613 -4.5 0 0.760425 -0.519697 0.389447
17.0349 -12.3772 -16.4035 -0.277042 0.262141 1.48728 0 0.34493 0.328395 -0.879307
14.3245 -9.5325 -16.9583 0.0420321 0 -3.29241 0 -0.596611 -0.00940845 -0.802476
29.3547 -25.1696 1.54725 0.888841 0 -3.9 0 -0.469805 0.246523 0.84765
16.782 -23.454 -1.263 0.0345477 0 -4.5 0 -0.356456 -0.745564 0.563093
43.6948 -18.7354 -20.2915 0.408145 0 -0.9 0 0.774443 -0.461087 -0.433171
32.5148 -6.46909 -6.38969 -0.0238215 0 -3.5 0 -0.765721 0.640731 0.055992
45.5361 -9.45487 -18.5283 0.798151 0 -3.9 0 0.812194 -0.563074 0.152606
41.1706 -19.4132 -24.2069 0.649022 0.155728 -2.92167 0 0.888328 -0.400027 -0.225505
41.7976 -27.2624 -7.91094 0.337812 0 3.8 0 -0.00555113 0.0794613 -0.996822
15.4047 -17.5769 -28.2598 0.070115 0 -3.9 0 -0.947803 -0.31812 -0.021679
27.1101 -1.20144 -25.1876 -0.0931868 0 -3.5 0 -0.056579 0.555101 0.829857
25.4826 -7.4055 3.41625 -0.125243 0 -3.5 0 -0.130151 0.751017 0.647328
26.9451 0.652188 -29.0763 -1.61007 -0.0707308 -3.5 0 0.552832 0.626182 -0.549794
24.6112 -30.0401 -1.65806 0.539644 0 -1.64279 0 -0.85599 -0.283457 0.432357
31.551 -10.067 -30.1529 -0.260531 0 2.8 0 0.592907 0.749002 -0.295732
17.6665 -21.994 -27.252 0.487 0 1.04403 0 -0.284538 0.389093 -0.876153
22.3918 -4.40106 -27.2943 0.397218 0.146885 -3.9 0 0.103842 0.993125 0.0540366
35.8838 -29.6112 -5.509 0.218658 -0.0458196 0.30076 0 -0.612255 -0.686106 0.392941
22.6419 -12.0192 -30.5583 0.0071162 0 1.8 0 -0.867656 0.110436 0.484745
10.293 -23.6538 -17.5246 -0.317871 0 1.98046 0 -0.890957 -0.386334 0.238623
33.6253 -7.18456 -25.7792 -0.234614 0 -0.4 0 0.165004 -0.70751 -0.687171
20.6477 -24.2281 -4.00381 0.417058 0.0336347 4.03809 0 0.281937 -0.116501 0.952334
18.1506 -12.9232 -20.2933 -1.00546 0 -3.5 0 -0.221379 0.974617 0.0333533
23.44 -15.7104 -35.5457 -1.21011 0 -3.5 0 0.367088 0.25297 -0.895127
42.4315 -20.1145 -15.0435 0.482642 0 -0.9 0 0.670819 -0.247867 0.698973
38.3087 -8.05075 -3.03031 -0.000548301 -0.0110896 -3.5 0 0.791143 0.362215 -0.492842
13.8996 -10.7159 -17.5684 2.12793 0.0719962 -3.9 0 -0.174573 0.869659 -0.461754
23.7547 -12.7366 5.78494 0.170223 0 1.72895 0 0.18838 0.361754 0.913043
25.1295 -17.8297 -34.2113 0.0845046 -0.0268457 -1.25606 0 0.0146125 -0.696432 -0.717474
26.5344 -22.8821 -31.6075 -0.141665 0 -0.7 0 -0.629686 0.05054 -0.775204
12.7443 -24.7864 -3.53681 0.45138 0 -3.5 0 -0.307547 0.177186 0.93489
37.0914 -6.52787 -19.027 0.966237 0.43355 -3.72521 0 0.203174 0.880281 0.42875
32.6971 -24.424 -30.923 0.162097 0 -3.5 0 0.187007 -0.88503 -0.426323
23.8531 -34.835 -5.08306 2.53581 0.513704 -3.9 0 -0.15452 -0.884476 -0.440256
24.6159 -33.797 -23.6828 -0.569745 -0.684787 3.8 0 0.0161539 -0.928055 -0.372092
21.1015 -2.13734 -22.3097 -0.23579 0 -3.5 0 0.224676 0.78384 -0.578891
15.585 -17.6225 -2.054 0.0332323 0 -0.8 0 -0.943946 -0.217609 0.248218
8.59547 -24.1288 -24.1374 -0.13228 0 -3.5 0 -0.3123 0.946103 -0.0857779
36.0468 -19.9879 -5.03547 1.50212 0 1.8 0 0.108481 0.639526 0.761077
25.5479 -2.16444 -25.9897 -0.383125 0 -3.5 0 -0.643208 0.167373 0.747174
18.9055 -18.348 3.5505 -0.2127 -0.140922 2.5 0 -0.557547 -0.345841 0.754676
32.5576 -26.9401 -29.4992 0.0754575 0 4.2 0 0.265507 -0.327423 -0.906808
28.0493 -25.9785 -31.1076 -0.752386 -0.358109 -0.7 0 -0.150017 -0.8445 -0.514116
41.393 -25.2467 -21.4397 3.97846 0.1784 -3.9 0 0.986598 -0.160812 0.027619
31.699 -25.6075 -30.12 -0.00111899 0 4.2 0 0.113393 -0.520485 -0.846308
36.0754 -25.876 -22.2441 0.4442 0 -3.9 0 -0.242969 -0.763099 -0.59887
36.2107 -8.51013 -25.1925 0.197831 0.245994 -0.445489 0 -0.502174 -0.137225 -0.85381
15.8356 -5.59113 -12.0074 -0.156749 0 1.9 0 -0.805435 0.0726353 0.588217
20.1963 -15.194 4.4575 -0.278935 0 2.5 0 -0.839566 0.539491 -0.0638654
21.8487 -1.26225 -16.2173 -0.711276 -0.88531 -0.4 0 0.153387 0.987673 -0.0312201
16.7314 -18.9388 -28.7555 0.289098 0 -3.9 0 -0.286669 -0.923397 -0.255263
10.9685 -23.2575 -6.663 -0.0747619 -0.734832 -3.5 0 -0.896493 0.072549 0.437079
27.2782 -4.48028 -17.0552 0.0930628 0 -0.8 0 0.202797 0.746819 0.633353
36.6942 -6.84719 -5.95791 -0.0289433 -0.00591596 -3.5 0 0.967235 -0.224468 -0.118615
28.2493 -3.76319 -30.6236 -1.45751 0 -3.5 0 0.330912 0.926244 0.180471
28.8601 -10.9103 -2.24291 0.867706 0 -3.42061 0 -0.0813498 0.986791 -0.140095
18.8089 -15.8763 2.25384 -0.453514 -0.55605 2.41999 0 -0.557092 0.426125 0.712787
16.4683 -24.1831 -2.08725 -0.210372 0 2.5 0 -0.701787 0.0657783 0.709343
23.2664 -10.4194 6.10131 -0.124429 0 -3.5 0 0.102184 -0.0582325 0.99306
26.4754 -7.17356 -32.8797 -0.351093 0 -3.5 0 -0.30086 -0.187093 -0.935136
40.8444 -17.4899 -13.3875 0.458266 0 2.8 0 0.816154 -0.0138755 0.577668
28.6248 -9.14491 -9.28295 0.720874 0 -3.2 0 0.319975 0.934016 -0.15884
23.6318 -23.4002 -30.3493 -0.158717 0 -0.7 0 0.14844 -0.274407 -0.950088
21.6678 -27.1735 -31.0035 -1.12675 0 -3.5 0 -0.0445382 0.200376 -0.978706
16.2686 -26.0967 -30.5209 0.108645 0 1.8 0 -0.412762 -0.364811 -0.83459
28.773 -33.4169 -11.5307 1.04242 0 -3.9 0 0.866942 -0.232909 0.440642
25.1154 -34.7839 -3.965 1.46639 0 -3.9 0 0.179684 -0.960917 0.2106
15.0863 -23.4289 -3.68044 -0.317258 0 -3.5 0 -0.338245 0.166465 0.926218
27.3146 -30.1623 -1.27319 0.985705 0 -1.6 0 0.370055 -0.875897 0.30962
18.0952 -7.747 -6.816 -0.838289 0 -0.8 0 -0.0540013 0.586916 0.807845
13.7942 -19.5471 -21.8903 -0.0357017 0 -4.5 0 -0.206791 0.81607 -0.539692
37.5613 -8.73331 -27.4215 -0.0221689 0 -3.47101 0 -0.692047 0.603905 -0.395437
29.1938 -16.773 -32.2091 -0.779121 0 -1.3 0 0.404105 0.354727 -0.84313
10.2045 -28.321 -5.92575 0.283332 0.790279 -3.5 0 0.0804675 -0.895121 0.438501
34.6196 -8.80363 -16.6764 1.07381 0.563406 -3.57265 0 0.247351 0.557372 0.792562
15.4369 -21.3282 -25.5917 -0.549169 0 -3.2 0 -0.507882 0.104957 -0.855009
19.3496 -27.7411 -5.23322 -0.263242 0 3.68931 0 -0.038975 -0.656324 0.753472
26.9902 -21.1545 1.32413 0.339223 0 4.5 0 -0.536737 -0.526781 0.659102
18.4898 -21.0623 2.69062 0.348151 0 -4.5 0 0.594533 -0.175157 0.784761
10.4485 -30.1131 -20.5634 -0.449665 0 2.5 0 -0.63673 -0.690787 0.34262
29.8923 -18.5114 5.597 0.857534 0 -4.5 0 0.327656 -0.327485 0.886225
27.5431 -14.5938 5.03503 0.216618 0 -4.5 0 0.157286 0.388393 0.907971
33.0062 -20.0457 -3.59819 1.18123 0 -3.9 0 0.385145 0.646765 0.658299
36.1105 -7.925 -17.186 0.858598 0 -3.5 0 -0.00369585 0.658035 0.752978
26.7225 -2.4775 -31.8285 -1.02206 0 -3.5 0 -0.222288 0.97391 -0.0456779
16.5926 -15.2588 -27.2569 -0.116788 -0.156694 -3.9 0 -0.652183 0.711011 0.262908
11.7819 -31.3195 -13.1691 -0.815668 0 -1.24201 0 -0.478239 -0.112323 0.871017
38.561 -32.241 -6.75019 0.309705 0 4.5 0 0.234264 -0.881564 0.409835
34.8181 -31.4019 -18.394 0.209437 0 -3.5 0 0.611439 -0.791273 -0.00539151
23.3134 -33.1788 -6.00938 3.42983 0.211712 -3.9 0 -0.519385 -0.418173 -0.745232
10.7481 -19.0282 -17.7502 -0.122211 0 2.8 0 -0.0277863 0.998235 -0.0524874
16.781 -3.54281 -10.6736 0.39245 0 1.9 0 -0.645119 0.559052 0.520848
14.5245 -23.1691 -26.3923 -0.605461 0 1.8 0 -0.249019 0.627143 -0.738025
41.0085 -26.0548 -8.54372 0.651782 0 -3.9 0 0.5534 -0.35235 -0.754717
26.7882 -27.6055 1.74575 0.529661 0 -1.6 0 0.568682 -0.122091 0.813446
38.4634 -33.0962 -8.08281 0.275309 0 4.5 0 0.338338 -0.904737 0.258803
33.5029 -25.9868 0.177062 0.726284 0 -3.9 0 0.888729 -0.0540593 0.455235
24.8059 -8.36094 -15.6771 -0.241536 -0.587119 -3.9 0 0.350987 -0.066017 0.93405
27.2067 -32.5056 -3.42644 0.980035 0 -3.9 0 0.868121 -0.367207 0.333953
34.5373 -24.0278 -30.583 0.208794 0 -3.5 0 0.676716 -0.645517 -0.354066
22.522 0.160719 -12.3771 2.46204 0 -3.9 0 -0.563045 0.722504 0.401209
30.0585 -32.4025 -14.8345 -0.137095 -0.4654 -3.5 0 0.0908081 -0.632794 0.768977
31.5784 -29.3001 -12.5288 0.11781 -0.0858475 -2.02668 0 0.696219 -0.507337 0.507827
39.6115 -15.2578 -27.9207 0.205461 0 -3.5 0 0.485759 -0.347627 -0.801993
8.16094 -19.1206 -16.8729 0.14995 0 2.8 0 -0.814879 0.563199 -0.137036
9.67394 -24.8908 -21.3224 0.112987 0 -3.5 0 -0.693274 0.496943 0.521937
34.734 -20.0475 -4.041 1.17292 0 -3.5 0 0.402324 0.682865 0.609779
24.1105 -7.8015 -11.6585 0.145065 0.425415 -3.85771 0 0.777518 0.62873 -0.0128332
30.0296 -33.464 -24.8493 -2.48789 -0.834845 -3.5 0 0.106598 -0.980783 0.163409
30.2865 -5.487 -30.741 -1.14489 -0.107634 -3.5 0 0.724662 -0.453416 -0.518922
20.3325 -30.278 -30.3625 0.46695 -0.583224 -3.91126 0 0.306015 -0.407169 -0.860563
38.257 -16.741 -7.109 0.876453 0 -0.724096 0 0.656626 0.0193077 0.753969
32.3221 -7.85828 -13.189 0.869309 0 4.18091 0 0.418985 0.906844 0.0456627
15.2107 -29.6374 -9.8335 -0.000928531 0 -3.1037 0 -0.81132 -0.240786 0.532712
43.3215 -19.8318 -18.1632 -0.050878 0 -0.9 0 0.640618 -0.74795 -0.17372
32.4953 -27.3279 -12.512 1.02437 0 -0.429329 0 0.698835 -0.482492 0.528045
23.962 -3.853 -27.4215 -0.260259 0 -3.72733 0 -0.687816 0.723614 -0.0573773
26.2169 -19.5209 2.37761 0.19206 0 4.5 0 -0.396503 -0.773938 0.493767
13.5507 -28.2222 -9.325 0.289589 0 -3.9 0 0.136254 -0.979091 0.151049
38.078 -11.1247 -8.40256 0.452157 0.271385 -3.5 0 0.785511 0.449455 0.425397
9.7895 -21.7868 -7.3475 0.62761 0 -4.5 0 -0.3928 -0.821932 0.412475
25.762 -13.4675 5.01725 0.174227 0 -3.5 0 0.266058 0.271605 0.924902
39.4992 -26.4595 -22.9009 0.821439 0.0727542 -2.24506 0 0.334282 -0.0747952 -0.9395
39.7245 -19.9295 -10.943 0.248064 -0.586751 3.19358 0 0.869896 0.356279 0.341095
22.8699 -10.7106 -30.154 -0.107222 0 1.8 0 -0.794231 -0.110819 0.597424
25.0977 -11.0199 5.10731 0.361039 0 -3.5 0 0.0306386 -0.229556 0.972813
23.0054 -20.3512 -32.1646 -0.748956 0 -1.15705 0 0.319729 -0.659655 -0.680168
18.0227 -36.1927 -8.76544 -1.01847 0 -3.2 0 0.851694 -0.448051 0.271787
20.787 -23.106 -31.055 -0.119454 0 4.2 0 -0.476298 -0.357485 -0.803333
21.4701 -7.29775 -9.51377 -0.240169 0 -0.01371 0 0.61367 0.503696 0.60803
32.2461 -2.00156 -26.9756 -0.41497 0 -1.88102 0 0.215801 0.962995 -0.161466
20.453 -7.9925 -25.495 0.00586667 0 -3.9 0 -0.547022 -0.814884 0.191652
11.024 -28.195 -4.736 0.625951 0.727391 -3.5 0 -0.575596 -0.493659 0.651913
16.3366 -13.787 -30.4473 0.622849 0 -3.9 0 -0.382989 0.911169 0.151954
18.239 -36.0015 -14.622 0.373235 0.299197 -3.2 0 0.267761 -0.939709 -0.212723
24.011 -17.4848 4.957 -0.196279 -0.0742474 -4.33579 0 0.25051 -0.58256 0.773219
41.0813 -24.1594 -3.36642 0.140921 -0.0233325 0.351573 0 0.748413 0.350312 0.563169
18.0928 -2.02276 -14.6062 0.513388 0.51465 1.9 0 -0.14212 0.953516 0.265723
13.7786 -8.34681 -16.7172 0.0928238 0 -3.2 0 -0.900821 -0.392014 0.18667
21.7634 -32.3693 -27.8256 -0.339521 0 -4.5 0 0.474894 -0.727723 -0.494869
38.3365 -27.818 -22.8805 -0.0914022 0 1.9 0 -0.52019 0.22933 -0.822684
21.9345 -20.1825 -32.777 -0.245215 0.00267681 -3.5 0 -0.336893 -0.787289 -0.516411
41.3149 -23.545 -4.21962 -0.24714 -0.372516 3.8 0 0.699811 0.648021 0.300556
25.4167 -10.0057 5.343 0.272935 0 -3.5 0 0.104333 0.0992875 0.989574
14.1334 -26.8458 -4.03075 0.363723 0.393755 -3.5 0 0.189149 -0.31534 0.929937
3 353 2887 988
3 2432 2887 840
3 2856 1393 2887
3 840 2887 1393
3 1393 2856 2390
3 2390 2856 1660
3 2856 2035 1660
3 2035 2657 1660
3 2657 196 1660
3 196 1146 1660
3 1660 1146 1912
3 1912 1146 2313
3 2313 1146 1471
3 1146 627 2665
3 1146 2665 1471
3 627 588 2665
3 588 2778 2665
3 2778 2657 1799
3 1528 2540 988
3 1528 988 2432
3 1528 2875 3026
3 466 2875 1394
3 1394 2875 1307
3 2875 2432 840
3 1307 840 2600
3 2600 2777 1307
3 1352 2390 724
3 724 1912 2313
3 1812 2313 2833
3 1471 102 2833
3 102 2227 2122
3 2227 2665 3026
3 2875 466 1541
3 3094 1541 466
3 3094 2265 2114
3 2265 3094 346
3 2265 346 2513
3 13 2265 1589
3 2513 1589 2265
3 2513 2777 2573
3 2573 3068 1589
3 1589 3068 564
3 1589 564 554
3 3068 2573 522
3 574 3068 2273
3 522 2273 3068
3 2777 522 2573
3 574 2430 3068
3 3068 2430 2196
3 3068 2196 2850
3 2430 2751 2196
3 2751 2186 2759
3 2751 2759 2804
3 2804 2759 172
3 1479 770 969
3 770 1479 544
3 1479 1087 1935
3 2858 1087 2943
3 1487 2943 1087
3 2501 1487 967
3 1280 154 1487
3 967 1487 154
3 1052 301 1970
3 447 1970 188
3 1403 1158 2206
3 2206 1158 2129
3 2129 1158 2122
3 2129 2122 2227
3 2129 2747 2538
3 1754 469 2896
3 752 1829 1947
3 752 1947 2822
3 1829 1754 1947
3 861 1882 3008
3 2822 861 3008
3 3008 2090 1740
3 2114 2265 2090
3 2090 13 1733
3 13 1589 1733
3 1733 1342 2090
3 2090 1342 1740
3 1733 554 1659
3 1725 1127 336
3 1391 624 27
3 624 947 27
3 27 947 336
3 336 947 2368
3 947 624 1993
3 1391 2850 1993
3 670 419 1993
3 670 2955 419
3 1993 419 1331
3 1169 2955 1575
3 1169 1575 1837
3 2955 2072 1028
3 1711 416 2812
3 416 708 2812
3 708 172 2759
3 708 1411 2812
3 2858 559 629
3 1717 559 2543
3 2630 2501 967
3 2630 967 1545
3 154 1545 967
3 2630 284 375
3 2630 375 3053
3 3053 375 159
3 284 1421 375
3 375 2213 159
3 2213 1421 2851
3 1421 1970 57
3 1421 57 2851
3 2962 2851 2615
3 693 133 3064
3 3081 221 3064
3 3064 221 822
3 3064 822 2442
3 2206 2129 2538
3 2206 2538 2643
3 2624 2643 3059
3 2020 1787 260
3 752 2822 876
3 2822 2848 876
3 876 2848 1435
3 1435 2848 189
3 189 2848 2319
3 2848 3008 2234
3 2712 2076 2626
3 2794 2898 2712
3 2794 38 2503
3 1121 2503 2894
3 38 618 2503
3 2503 618 251
3 1892 734 1740
3 1269 1281 2825
3 1849 1281 2311
3 1822 2368 1641
3 2368 1568 1641
3 869 1568 947
3 869 947 1331
3 2816 374 2286
3 1828 1838 2684
3 2684 1838 125
3 125 1838 1575
3 1575 829 125
3 2812 2217 2193
3 794 1295 2193
3 213 977 2983
3 977 1411 1685
3 2091 1685 418
3 1411 2614 1685
3 1162 1717 2081
3 418 1717 1162
3 2676 2142 694
3 1956 736 2560
3 1466 2560 736
3 2237 2173 1646
3 403 2962 1803
3 1803 2962 2173
3 3004 2821 2615
3 693 1581 3004
3 1581 693 2299
3 1988 1581 3039
3 2299 3039 1581
3 2299 3064 2442
3 2442 2563 2299
3 2299 2563 2998
3 1186 2624 2482
3 822 2624 1186
3 2325 2482 2624
3 2403 980 1944
3 2325 2624 3059
3 2325 3059 980
3 2690 2589 2487
3 1081 2487 2589
3 3079 2855 359
3 1081 1829 2855
3 359 2855 876
3 3093 1489 1699
3 3093 70 1489
3 3093 327 70
3 2898 1571 1884
3 1571 1706 1884
3 1571 2593 2443
3 2443 1706 1571
3 2840 1325 2443
3 2443 1325 731
3 731 1325 725
3 725 1750 731
3 1750 725 3109
3 2702 2840 2410
3 2410 510 1551
3 2840 2794 1121
3 1121 2894 510
3 510 2894 2411
3 1849 2311 1592
3 3107 1282 1025
3 2869 2467 839
3 839 1903 2869
3 3075 2311 43
3 3075 43 1459
3 1459 43 1615
3 43 2311 1281
3 43 1281 1615
3 1615 1281 2710
3 3075 127 2838
3 2656 1966 2897
3 533 2816 2838
3 2104 2816 1110
3 1568 2816 533
3 594 2104 675
3 1776 2708 2104
3 1776 1110 2286
3 2286 1069 867
3 1060 794 2389
3 2389 794 2232
3 1454 2232 2707
3 1454 2707 24
3 2433 541 930
3 2433 1496 541
3 1454 541 1496
3 2184 1813 1425
3 1813 930 1746
3 2983 1746 2217
3 2983 1407 1813
3 2723 2100 1095
3 1095 2100 2091
3 2723 1095 2050
3 2081 2187 2788
3 3099 2187 1290
3 3099 2629 901
3 3099 901 2436
3 694 2629 2676
3 2676 2629 2611
3 901 694 7
3 901 7 664
3 901 664 2436
3 373 2142 1956
3 2424 3052 747
3 664 747 3052
3 2436 664 3052
3 2424 2674 3052
3 2225 2424 747
3 2225 747 2837
3 2837 695 2225
3 2837 3117 695
3 2424 2225 2674
3 2749 3051 2566
3 2566 2237 3130
3 1056 1646 1262
3 1262 1646 1897
3 1262 1897 2499
3 3039 2602 1988
3 2998 553 3039
3 2998 658 553
3 2998 2351 658
3 2009 2351 3074
3 2998 2563 2792
3 2792 2563 201
3 201 1186 984
3 201 984 1978
3 1186 120 984
3 1807 2350 3074
3 2427 1807 2357
3 2427 2357 2784
3 2784 2357 2867
3 1807 984 2357
3 2483 2459 942
3 1436 2802 2144
3 1436 2144 860
3 942 2551 2483
3 2551 1944 1013
3 2551 1013 2483
3 1944 999 1013
3 2483 1013 2445
3 999 1944 1402
3 1402 1944 2640
3 1402 2640 259
3 2640 1944 980
3 259 2640 2690
3 1402 2487 279
3 279 2487 3079
3 1633 3079 1699
3 3079 3093 1699
3 1011 211 1644
3 1633 1699 398
3 1633 398 211
3 211 398 1644
3 1699 535 398
3 398 535 1395
3 398 1395 1644
3 1963 1489 1999
3 1706 1963 1999
3 1999 1059 1706
3 1963 1079 1103
3 2383 1079 30
3 1079 1372 1480
3 30 1079 372
3 1480 372 1079
3 1372 1706 1480
3 1480 731 2497
3 2497 731 1750
3 1702 2497 2864
3 2497 1750 52
3 2497 52 451
3 1750 3109 52
3 52 3109 663
3 1021 1445 2084
3 2084 1445 1965
3 1543 1222 121
3 1543 1551 1695
3 712 1543 1695
3 1695 1551 2411
3 1695 2927 1501
3 2927 573 2226
3 573 1278 2226
3 2226 1278 2304
3 1278 1282 2387
3 2387 3107 2969
3 2900 3102 2859
3 2473 2869 116
3 116 2869 1903
3 2656 1903 1376
3 3075 1903 839
3 2656 2897 2637
3 2637 2897 1109
3 1109 2897 2317
3 1141 2317 1900
3 1966 160 2317
3 1966 675 160
3 675 2708 160
3 2708 2192 1507
3 1507 2192 226
3 2192 2708 2559
3 2559 2708 1776
3 2559 1776 867
3 1380 867 1069
3 2559 1380 682
3 682 2080 2559
3 1380 2860 682
3 2080 682 793
3 2860 1380 1721
3 2481 1597 2860
3 1597 1428 2860
3 1597 381 1428
3 1060 1597 2481
3 1597 1060 2389
3 1454 754 2389
3 754 1166 2157
3 1166 2399 2157
3 1166 1496 2399
3 2271 2375 3023
3 2271 3023 2376
3 2376 3023 2138
3 2375 1878 150
3 1425 508 1878
3 508 2100 1559
3 2752 1161 2723
3 1559 2723 1161
3 2723 3128 2752
3 2723 2050 3128
3 2050 2788 3128
3 3099 2529 2187
3 2788 2187 2529
3 3099 2436 1941
3 1941 2436 2330
3 2436 3052 2330
3 331 2330 3052
3 824 2330 331
3 824 1211 2330
3 1618 470 2612
3 2674 1885 1618
3 470 1618 1885
3 2612 470 177
3 177 470 1230
3 1230 470 3018
3 429 1885 3051
3 3051 2749 246
3 246 645 3018
3 3130 809 2371
3 3130 9 809
3 9 3130 2499
3 1263 778 1537
3 1263 1537 1650
3 1537 1567 318
3 318 1567 2819
3 2266 2009 180
3 1383 180 2009
3 2819 2266 180
3 180 1383 3122
3 1383 895 3122
3 2099 895 3074
3 2350 1265 2099
3 1530 1753 1918
3 1753 2867 2015
3 1987 2039 1546
3 1546 2483 1987
3 2974 1987 2036
3 2507 2312 1026
3 2312 1207 1026
3 2312 2813 2177
3 1011 1644 2145
3 1931 1644 1245
3 1644 60 1245
3 1245 60 569
3 60 952 2494
3 2383 1354 232
3 2383 232 2494
3 2494 232 86
3 1354 30 1702
3 30 372 1702
3 417 2733 1351
3 2864 2497 451
3 1072 2864 451
3 1072 1955 2864
3 2251 2907 2029
3 3040 2029 2907
3 2907 2251 3019
3 1874 1898 72
3 1898 1804 72
3 72 1804 1846
3 1898 2029 309
3 1898 309 1965
3 1965 309 2084
3 1804 121 464
3 464 121 1222
3 464 2304 3062
3 2038 2644 2581
3 2644 2038 712
3 1222 712 2038
3 1501 415 2644
3 2581 2644 415
3 415 1501 2927
3 1278 2387 494
3 72 2761 1874
3 2939 2095 1363
3 1363 2859 2939
3 2939 2871 2034
3 950 520 2106
3 2520 520 1788
3 950 2159 2218
3 2287 1877 2218
3 2159 1350 2637
3 2637 1350 2473
3 2287 2218 236
3 146 2287 1141
3 236 1141 2287
3 2287 146 1772
3 1431 1772 146
3 1772 1431 2514
3 1772 2514 1131
3 641 884 2514
3 641 1414 2340
3 2340 1414 1672
3 1672 1414 1900
3 1672 1900 1153
3 1153 1900 2317
3 1507 226 2340
3 1688 2340 226
3 226 2610 1688
3 1688 2610 2469
3 1688 2469 2382
3 2469 2610 2080
3 1556 1821 2808
3 1556 2808 2891
3 1556 2891 2505
3 1188 838 2071
3 2808 1991 2891
3 1094 1991 1738
3 1738 1991 2157
3 1094 1738 2536
3 1094 2536 2164
3 2164 2536 1841
3 2278 249 87
3 249 2399 87
3 2278 87 440
3 2278 440 2709
3 87 2756 440
3 440 2756 1107
3 440 1107 2136
3 2376 2138 1212
3 2136 2376 2152
3 1933 2138 3023
3 3023 1149 1933
3 1933 2337 2968
3 1933 2968 2138
3 2806 1149 1901
3 258 2677 18
3 2677 2480 1054
3 1054 2480 2752
3 2677 1054 2132
3 2462 2752 2529
3 2529 833 2462
3 1957 888 2462
3 2462 888 2132
3 888 2639 2132
3 1211 888 1957
3 2639 888 332
3 1957 833 1941
3 2305 2987 2718
3 2987 177 2414
3 2414 177 1230
3 989 2798 1908
3 2964 3115 3130
3 2964 3130 2371
3 2371 897 1789
3 885 1429 809
3 809 9 885
3 2522 2734 885
3 1696 1104 1650
3 1650 1104 1263
3 819 1208 1696
3 1208 819 2976
3 1650 318 819
3 2976 819 318
3 318 2819 2976
3 1124 1854 2976
3 1124 821 1379
3 1854 488 1030
3 488 2086 1030
3 2064 2086 1643
3 1643 895 1681
3 2750 2064 1681
3 1681 1795 2750
3 1795 1681 1265
3 2750 1795 153
3 1951 397 3007
3 135 2915 1795
3 255 1795 2915
3 2915 2074 255
3 2915 135 2655
3 1267 1530 2607
3 2980 1267 2870
3 2607 2870 1267
3 1918 31 2607
3 31 2880 2607
3 1722 1918 2015
3 1722 2015 3011
3 2015 1651 3011
3 2078 1288 1249
3 2167 1249 1220
3 3015 2926 958
3 147 393 3015
3 147 958 2974
3 2680 393 147
3 2036 2740 2680
3 2036 1693 2740
3 2680 2740 1426
3 2740 2134 1426
3 2740 1306 2134
3 1136 1306 355
3 1136 355 1323
3 1323 355 1931
3 1323 802 1502
3 802 1245 545
3 802 545 2041
3 2041 2847 804
3 2361 2847 86
3 2847 2494 86
3 2842 2361 86
3 2842 1354 1842
3 2947 1155 192
3 1155 363 192
3 192 363 2102
3 2102 363 1955
3 1697 3109 1111
3 1004 1647 575
3 335 3056 1647
3 575 1647 3056
3 3056 2188 3046
3 335 3019 2188
3 3046 2188 2378
3 1745 365 1029
3 672 2095 198
3 1745 198 2095
3 365 1745 2939
3 2095 2939 1745
3 2378 312 648
3 1029 2034 2194
3 69 2493 771
3 2493 2034 2871
3 2493 2871 771
3 771 2871 2106
3 771 2520 2975
3 2520 812 2911
3 2911 812 1604
3 812 1788 1535
3 1390 1131 1877
3 1788 2052 168
3 2760 334 2052
3 2052 334 168
3 2760 2382 334
3 168 334 2820
3 2065 2382 2469
3 592 2505 53
3 592 53 2872
3 2505 2891 53
3 2872 53 1188
3 2922 592 2872
3 2704 2872 1319
3 2704 1319 2636
3 1319 2872 1945
3 1319 2000 184
3 1945 204 1319
3 1319 204 1078
3 1319 1078 2000
3 204 1945 2786
3 1264 2786 774
3 774 2786 1820
3 1820 2786 2164
3 1945 1188 2786
3 2786 1188 2071
3 2164 1841 1326
3 1841 2953 1326
3 1645 342 2117
3 2117 2136 2152
3 1778 299 2152
3 2449 2683 2238
3 2683 1212 2162
3 2968 2162 2138
3 1212 2138 2162
3 2337 3097 2968
3 2337 1106 3097
3 1857 800 2356
3 1657 800 332
3 1657 332 2718
3 1657 2928 2356
3 2356 2928 2418
3 2356 2418 1816
3 3031 275 2928
3 1891 275 2236
3 2236 3033 1891
3 261 2236 845
3 845 1911 261
3 989 1911 845
3 1911 2230 261
3 667 261 2230
3 1911 1908 1455
3 1908 396 1164
3 1455 1164 2490
3 2490 1164 1817
3 396 591 2647
3 2647 591 2456
3 2456 1477 1433
3 1433 841 2456
3 1477 1836 1433
3 1477 3017 1836
3 2422 1836 961
3 3017 961 1836
3 1477 2477 3017
3 3017 2477 730
3 463 2734 2632
3 1429 885 2734
3 1578 2734 2522
3 1297 2522 90
3 1208 1297 90
3 105 2349 782
3 808 163 2349
3 808 1371 163
3 1371 2406 163
3 1578 163 2406
3 2406 2670 1578
3 1610 2406 2603
3 1371 2603 2406
3 2074 2961 255
3 2763 826 1765
3 2980 2870 2800
3 2800 1014 1766
3 1766 1814 2800
3 1766 231 1814
3 1766 879 231
3 2880 716 2836
3 2876 230 1558
3 2876 1558 1608
3 230 716 2732
3 230 2732 1558
3 2167 1220 224
3 1558 2796 2588
3 1426 2134 3015
3 2949 3015 2134
3 2134 728 2949
3 2642 1760 727
3 2949 728 2033
3 2033 728 1136
3 2033 1136 1502
3 2033 516 1848
3 2592 863 476
3 476 507 1992
3 1653 561 2248
3 1653 2883 561
3 2883 1617 561
3 2847 2361 1617
3 561 2919 2248
3 2061 2248 2765
3 436 1544 2248
3 1544 436 2457
3 2457 1623 1544
3 854 827 2457
3 827 854 2951
3 854 1860 467
3 1040 467 2919
3 467 1860 2919
3 1040 2919 1902
3 674 1924 2919
3 2919 1924 1902
3 1902 2947 1040
3 192 982 2947
3 982 1714 1622
3 2127 1714 2363
3 2395 2127 2363
3 1277 131 2363
3 1111 2363 131
3 1277 2102 131
3 2255 2395 2713
3 2395 2729 383
3 575 383 1004
3 2713 1275 1958
3 575 3056 1275
3 3046 898 2992
3 2992 898 1748
3 2511 2992 1396
3 2584 1748 898
3 2584 598 1748
3 598 293 1748
3 810 1748 293
3 2584 33 1176
3 33 1809 1083
3 33 1083 1176
3 1809 648 1083
3 1083 648 2194
3 69 2975 1771
3 1771 2975 227
3 1771 227 2198
3 1247 2975 2909
3 871 3022 3078
3 871 3078 32
3 2354 32 1505
3 2899 1437 2413
3 1437 913 2413
3 1437 3078 913
3 1505 531 737
3 2899 2413 1239
3 1535 2820 621
3 2454 2820 509
3 2454 509 487
3 2454 487 733
3 509 2089 487
3 733 487 2922
3 710 1347 2505
3 2935 2408 2636
3 2922 706 733
3 706 2872 2704
3 1319 184 2636
3 2528 2966 408
3 2528 1458 534
3 1458 2634 534
3 532 2634 2000
3 532 2000 2547
3 2634 532 1387
3 2634 1387 1661
3 830 2523 542
3 774 1976 1199
3 1199 1976 2024
3 2024 1976 2355
3 1976 1326 2539
3 1904 2539 2953
3 2355 391 342
3 2355 342 406
3 406 342 1645
3 2165 2355 406
3 2165 1645 1469
3 2736 1469 413
3 1645 299 1469
3 413 1469 2683
3 2736 832 1348
3 2736 1348 1357
3 832 719 1348
3 2449 2580 20
3 2353 20 2580
3 471 2353 3097
3 2580 3097 2353
3 2238 2580 2449
3 222 1490 609
3 216 1490 692
3 1490 2019 692
3 692 2019 816
3 1106 944 2019
3 1255 2019 944
3 1255 1857 2318
3 2318 1857 2356
3 2318 2356 1816
3 2318 1816 816
3 1816 2506 816
3 2506 2693 673
3 2418 1401 2506
3 2693 2506 815
3 1401 815 2506
3 1401 2418 2928
3 815 3033 3030
3 3021 3033 667
3 3088 3021 707
3 1942 2230 356
3 356 2230 2490
3 356 581 2281
3 1942 356 2281
3 581 1570 893
3 1570 1730 400
3 1570 1817 376
3 364 376 530
3 376 1817 175
3 376 175 530
3 364 2924 422
3 841 530 2647
3 2924 841 1433
3 2233 1433 1836
3 1836 2422 2233
3 2959 1082 1954
3 1082 787 1954
3 1720 2005 636
3 636 2005 2632
3 2670 873 3012
3 2143 873 1610
3 873 2670 2406
3 2406 1610 873
3 1260 439 2143
3 1610 26 1260
3 749 1260 26
3 26 2725 749
3 26 1610 2603
3 2725 26 2603
3 749 2725 217
3 2725 894 217
3 749 919 1260
3 919 217 1770
3 1525 2720 933
3 3113 2659 906
3 1099 2682 2197
3 2197 2682 1100
3 2617 138 2682
3 886 2682 138
3 886 138 2176
3 1023 1883 3120
3 1023 3120 1814
3 1814 2576 1023
3 231 2576 1814
3 623 986 1336
3 2056 1157 2150
3 1157 879 1649
3 2178 2588 1386
3 1386 2588 1064
3 2588 2796 1064
3 1064 434 1386
3 1064 123 434
3 123 1064 2135
3 434 2476 1386
3 1473 17 2476
3 1473 2037 421
3 421 2037 560
3 1120 560 2037
3 560 1120 394
3 1213 166 2479
3 1760 2642 1366
3 2479 1760 1366
3 1366 2642 2131
3 1366 2131 2491
3 1959 1366 2491
3 537 1959 3036
3 1089 2131 2642
3 2642 1774 1089
3 1002 2642 2592
3 1992 2061 993
3 1992 993 1774
3 1065 1774 993
3 1065 1313 1774
3 1409 2940 1065
3 1313 1065 2940
3 2694 1335 2940
3 1335 2694 411
3 2694 1623 411
3 792 1773 325
3 1773 479 2726
3 1773 2726 325
3 479 1310 1916
3 1916 1310 2315
3 1310 479 92
3 1310 92 827
3 479 1773 92
3 1310 827 2951
3 1690 1622 2118
3 2912 680 2672
3 2912 2672 2255
3 2713 2805 2255
3 558 1958 2688
3 2908 182 2110
3 2110 2244 2908
3 2688 2240 2620
3 2146 2901 182
3 2146 1384 28
3 28 1384 1939
3 1384 2908 2698
3 2511 2762 2908
3 2908 2762 2698
3 924 2762 1396
3 2762 924 2845
3 2845 924 912
3 2534 912 225
3 1890 225 1396
3 1396 810 1890
3 2711 1890 810
3 1450 521 2532
3 2532 2711 282
3 2584 1176 3010
3 3010 1176 649
3 3010 649 714
3 649 1176 525
3 649 525 1272
3 1272 525 1553
3 1176 3065 525
3 1553 525 1771
3 1562 1553 2198
3 890 1562 208
3 208 2920 2416
3 2416 2920 785
3 2416 1932 1520
3 2416 1520 571
3 1932 67 1520
3 1327 67 2621
3 3078 2621 785
3 1520 1327 3055
3 3022 679 3055
3 679 871 2354
3 2354 1674 590
3 1070 1505 2394
3 750 1737 2239
3 1632 1703 1737
3 362 527 2025
3 283 1632 2793
3 2793 3054 283
3 3054 2793 2966
3 2793 2984 2966
3 2966 2984 2461
3 3054 2634 1661
3 3054 1661 1726
3 2931 2274 523
3 2958 1159 1148
3 1159 1348 776
3 1949 719 1423
3 2811 1423 1187
3 719 2353 1948
3 2526 1503 471
3 1948 471 1503
3 1187 1948 1503
3 3097 2526 471
3 257 2526 3097
3 257 1573 2526
3 257 609 1573
3 609 1490 216
3 2298 1573 743
3 2298 743 2985
3 1642 228 1582
3 1642 1723 2369
3 1642 2369 228
3 2506 2369 816
3 2369 1723 692
3 2369 692 816
3 2693 2664 2369
3 3030 2699 2664
3 2664 2699 2088
3 1053 2699 1557
3 1557 2699 1063
3 2782 3088 707
3 2782 707 481
3 2970 2782 481
3 2970 893 1801
3 1801 893 400
3 893 1570 400
3 1801 1953 638
3 1526 638 1116
3 1953 1783 2518
3 1730 422 1783
3 2518 422 3061
3 422 2924 3061
3 2339 2959 1605
3 2339 1605 277
3 1894 2339 2890
3 277 2890 2339
3 1605 903 277
3 903 852 2002
3 1691 2002 2434
3 852 2042 2002
3 852 439 2042
3 439 1260 2042
3 1300 2434 1770
3 1333 2720 1300
3 2264 1300 2720
3 2264 2720 1525
3 3048 1525 2028
3 1525 933 64
3 1525 64 2028
3 2028 64 214
3 55 2247 61
3 2210 1055 2247
3 1055 2210 1100
3 1289 1055 1100
3 1289 2160 2586
3 2160 454 2731
3 2160 2731 1215
3 886 1100 2682
3 1883 623 2731
3 1336 2519 1215
3 2519 1336 2717
3 2717 1336 986
3 986 1669 2717
3 1669 578 2717
3 1669 75 578
3 2596 75 1449
3 1449 597 2596
3 2267 2631 2809
3 543 2631 2178
3 543 2809 2631
3 807 2476 17
3 543 807 1664
3 1664 1465 543
3 2809 543 1465
3 2892 1248 1840
3 1840 1248 443
3 1840 443 421
3 443 17 421
3 421 17 1473
3 2524 2892 537
3 394 1792 2892
3 1792 537 2892
3 1366 1792 2479
3 1248 928 1990
3 1565 2524 205
3 3036 205 2524
3 3036 3080 205
3 2229 1600 2156
3 428 2131 2017
3 2017 2131 1089
3 1089 1313 764
3 1313 2940 764
3 2940 1335 2241
3 2241 1335 1318
3 1318 619 2241
3 1335 411 878
3 1481 792 2437
3 2048 2437 792
3 1443 2201 2048
3 2203 1443 549
3 549 1443 2726
3 1090 2203 490
3 490 2203 2605
3 2605 3025 851
3 2623 2805 3025
3 851 2972 1209
3 2972 558 2688
3 1692 2688 2620
3 1209 1692 2444
3 2620 2444 1692
3 842 2620 2240
3 1707 842 2240
3 2440 2901 2146
3 2901 2440 1317
3 2440 2146 357
3 474 1574 801
3 1574 1434 801
3 1434 1939 2698
3 1193 759 1676
3 1676 759 2862
3 759 2698 2762
3 1676 2862 1823
3 2862 795 1961
3 1961 1823 2862
3 3067 1980 2333
3 1117 1980 600
3 1980 2863 600
3 521 1274 1853
3 1274 657 1853
3 657 1274 1614
3 1614 1274 1174
3 1614 1174 2212
3 2212 1174 1554
3 1554 1174 2290
3 1274 1744 1174
3 1174 1744 1453
3 1174 1453 2290
3 1744 1450 1204
3 1453 831 1907
3 2290 1907 2914
3 2914 1907 1756
3 1555 890 3002
3 571 2109 3002
3 590 3087 2553
3 590 1674 3087
3 1070 2638 647
3 1070 647 3087
3 2852 2638 1655
3 1070 2270 1655
3 1655 1192 2852
3 2705 1321 1185
3 1321 2270 872
3 1185 872 1737
3 1185 1703 151
3 362 2516 151
3 643 2516 362
3 643 946 2925
3 946 643 3091
3 643 2025 3091
3 2913 917 1950
3 2025 1101 3091
3 3091 1101 1865
3 3091 1865 917
3 1950 917 485
3 3090 2748 485
3 485 2748 495
3 485 495 1950
3 2359 1080 2748
3 84 2748 1080
3 1080 503 84
3 776 2359 1159
3 2359 650 1148
3 2359 1148 1159
3 1234 701 503
3 84 503 701
3 2231 3077 2811
3 1187 1076 2231
3 1503 2771 1187
3 1076 1187 2771
3 2069 2502 2310
3 2310 1582 2088
3 2310 2088 1053
3 2069 1913 2120
3 2120 1913 1132
3 1913 2126 1132
3 1913 1557 2126
3 186 2107 2154
3 2107 186 889
3 58 889 186
3 1132 2107 889
3 1986 58 937
3 58 704 937
3 2742 1405 704
3 2742 881 1405
3 668 1724 2742
3 2742 2154 1140
3 1889 634 517
3 1526 1242 1636
3 2115 1636 1242
3 1526 1116 1242
3 943 354 945
3 197 68 2407
3 110 197 2719
3 2407 2719 197
3 1953 2518 2407
3 880 2518 1427
3 1271 2890 1385
3 1385 837 1271
3 837 1385 358
3 2303 2921 1683
3 2412 1683 2921
3 1683 2412 1691
3 2434 2601 1683
3 2028 91 2932
3 91 2028 2768
3 676 214 2977
3 676 2977 2556
3 2247 2678 1665
3 2678 985 3105
3 3005 3105 985
3 985 2678 2586
3 2586 2519 985
3 2160 2519 2586
3 2012 3005 864
3 425 2012 578
3 578 2012 2717
3 2767 555 425
3 2205 425 555
3 555 2716 2205
3 425 2496 2767
3 2767 2496 2032
3 2032 2496 3024
3 2496 75 2044
3 2044 75 2596
3 2596 1098 2044
3 3024 2044 1098
3 1098 1979 3024
3 597 63 2596
3 1098 2596 63
3 1979 1098 2885
3 63 2885 1098
3 3024 625 763
3 612 1927 763
3 1599 763 1927
3 1216 1599 1927
3 1927 965 1216
3 1927 2686 2254
3 2971 2289 2809
3 2971 1465 926
3 926 931 136
3 601 1990 1565
3 1565 1175 155
3 155 601 1565
3 1175 3080 1416
3 1523 2156 764
3 351 1523 2308
3 1523 2241 2308
3 2308 3058 351
3 3058 2308 1808
3 1808 2308 1038
3 2308 619 1038
3 616 983 2374
3 983 616 1831
3 983 1831 1671
3 616 414 1831
3 1671 2067 1612
3 450 414 1627
3 1627 2362 450
3 1627 2201 2362
3 2201 1090 2362
3 1767 2362 1090
3 2203 1090 2201
3 2092 604 1364
3 2092 1364 3045
3 3037 3045 3029
3 1364 2776 2268
3 2268 2776 1862
3 2776 490 1862
3 1862 851 1209
3 2216 2444 2620
3 842 1707 1024
3 842 1024 2216
3 1707 795 1024
3 1317 1920 1961
3 1823 1961 1920
3 1920 1317 2846
3 1024 795 3067
3 2845 3067 795
3 278 1984 2216
3 1984 278 3029
3 278 2333 3029
3 3029 1117 2137
3 1117 1495 1356
3 1117 1356 2137
3 1356 1495 2341
3 524 1356 2341
3 2341 99 524
3 1495 600 2773
3 1037 2773 1853
3 2031 99 2774
3 3106 2905 3066
3 2823 1195 115
3 1195 2582 115
3 1195 296 796
3 796 296 631
3 296 1554 631
3 631 1554 2040
3 2290 323 1046
3 1046 323 1989
3 323 98 1989
3 98 1498 238
3 98 1946 1498
3 238 1887 98
3 98 1887 1989
3 1887 3083 1989
3 1989 3083 547
3 3083 361 2116
3 2116 361 2051
3 2116 2051 2895
3 2051 361 3057
3 859 2051 3057
3 1123 3087 2692
3 2692 3087 647
3 2692 647 3057
3 3057 647 37
3 647 2638 37
3 1130 1549 859
3 2895 1549 254
3 1130 1855 1233
3 1983 1233 1225
3 870 1168 606
3 870 2834 2097
3 870 2097 1225
3 1225 2097 1983
3 2097 2834 1305
3 119 1305 3006
3 1305 2834 1576
3 2834 1253 536
3 606 2705 1253
3 437 892 2082
3 2925 892 2516
3 820 2082 2925
3 820 2925 3104
3 427 3104 2913
3 2108 2913 1637
3 2583 653 1637
3 1637 653 2108
3 2108 653 1909
3 2489 653 2583
3 1284 1950 495
3 1631 2119 113
3 723 1631 2489
3 1934 1805 665
3 882 113 2119
3 2646 3077 2231
3 1768 2918 2646
3 2918 1768 1206
3 1768 486 1468
3 1468 1206 1768
3 1468 1940 1206
3 2795 1468 486
3 2795 2771 1815
3 1497 1899 2471
3 3034 996 2148
3 996 934 1825
3 1825 889 1701
3 1825 1701 996
3 1701 2978 2079
3 704 2978 937
3 704 1405 2978
3 2978 2008 1118
3 2978 1118 191
3 2008 1936 1118
3 1936 1405 881
3 1936 1062 1118
3 1118 1062 2797
3 2797 1062 1826
3 1826 1724 1889
3 1826 1889 517
3 825 2098 2199
3 2098 517 570
3 943 1418 1359
3 995 1359 662
3 1418 945 472
3 662 110 2625
3 662 2625 1228
3 1511 2625 2719
3 2719 2407 1246
3 745 482 1464
3 482 314 718
3 2517 2211 1464
3 2211 745 1464
3 218 2517 3003
3 2517 358 3003
3 2517 218 181
3 1784 3003 1656
3 1656 1749 1784
3 2303 1683 2601
3 1163 2303 2601
3 1163 1689 1960
3 1960 1689 1478
3 3048 2932 1689
3 2932 1996 1478
3 2701 1996 2011
3 2011 91 2768
3 1996 2701 755
3 755 2701 3043
3 2060 790 659
3 2735 659 1572
3 1728 1572 2545
3 1667 1728 2545
3 1667 1205 2738
3 3028 740 2396
3 3028 3105 2608
3 3028 2608 2945
3 2945 2608 960
3 1050 1077 2397
3 2781 1077 2133
3 2781 2166 126
3 2302 1000 987
3 2133 1077 1000
3 1000 1077 1591
3 1000 1591 987
3 1591 1077 2032
3 1050 2767 1077
3 2032 1077 2767
3 3024 763 1591
3 987 763 1599
3 3038 145 965
3 965 200 3038
3 200 965 2254
3 3126 2658 2548
3 136 601 3126
3 601 155 165
3 199 165 1416
3 155 1416 165
3 2370 1866 3080
3 2370 3080 1588
3 3058 2696 955
3 1847 955 337
3 2696 2018 955
3 337 955 2018
3 1444 1839 2018
3 2180 983 2721
3 1444 2180 2721
3 1475 1671 1367
3 1367 1671 1612
3 1367 1612 280
3 2558 2067 1624
3 528 1624 1698
3 579 1512 2386
3 2055 2092 2292
3 2092 3045 2292
3 2292 3045 3037
3 167 3037 173
3 1522 173 3037
3 1522 2957 173
3 2622 2957 1522
3 2049 2622 920
3 2137 920 2622
3 1356 920 2137
3 2391 2957 2049
3 2957 2391 1413
3 3124 2724 2391
3 2724 1413 2391
3 3124 368 1422
3 368 920 524
3 368 524 1422
3 78 1422 2400
3 2439 78 2400
3 2031 2400 1422
3 2400 1852 720
3 1191 117 1852
3 2013 117 681
3 117 1191 2447
3 2447 681 117
3 593 1191 2579
3 3066 1051 1191
3 2579 2582 2991
3 2991 678 2314
3 2314 678 1344
3 2116 2895 939
3 460 1499 2075
3 2209 2963 1983
3 254 1983 2963
3 1983 2679 2209
3 119 1727 2679
3 2209 2679 480
3 1727 1488 2645
3 519 2653 438
3 264 1727 1962
3 1727 240 1962
3 1962 240 3006
3 762 3006 1729
3 2288 114 432
3 114 80 432
3 80 114 732
3 1316 2246 2910
3 1316 2910 2458
3 2398 2458 2082
3 2057 2398 2083
3 2140 1533 1736
3 1736 308 2140
3 308 1736 1981
3 1736 1909 1521
3 2328 389 1981
3 1613 628 665
3 628 1613 324
3 1138 628 324
3 324 2415 1138
3 2105 1092 617
3 1092 1334 71
3 1092 1864 617
3 2360 1864 390
3 2737 1864 1346
3 390 1864 583
3 583 2737 2918
3 2918 1019 583
3 1940 1468 1569
3 2360 1113 3111
3 3111 685 2807
3 2587 1309 3032
3 187 803 2168
3 2321 1018 1662
3 2587 891 1716
3 1662 1018 2714
3 1763 2488 2996
3 2488 1118 2797
3 0 825 2488
3 2365 2488 825
3 825 1201 2365
3 2098 825 0
3 825 814 1201
3 1201 3092 1922
3 1922 3092 1105
3 343 3092 1625
3 3092 814 1324
3 2199 814 825
3 2123 3092 2030
3 2123 2030 130
3 2030 546 1228
3 1228 546 995
3 1715 2687 2030
3 2030 2687 130
3 2687 607 130
3 1715 1228 2619
3 2211 2517 1856
3 1856 181 1017
3 1017 772 1856
3 772 1017 817
3 2453 1066 101
3 817 101 1066
3 2453 101 473
3 2758 473 1133
3 1871 1322 696
3 2982 1871 2063
3 2063 789 2256
3 789 2954 2597
3 2597 2954 2062
3 2597 2062 8
3 8 2062 2431
3 2431 2062 2954
3 2179 3098 2954
3 2179 2954 877
3 2179 877 1749
3 1656 2450 2179
3 1058 2450 1960
3 1058 1960 3098
3 1937 2320 3098
3 2954 2320 1419
3 2320 1937 2175
3 2320 2175 742
3 1419 2320 385
3 742 385 2320
3 2735 552 2153
3 2153 552 2537
3 2660 2735 1969
3 3001 1969 2735
3 1782 1969 3001
3 1782 290 2738
3 290 1667 2738
3 1969 1782 1886
3 1886 740 1630
3 1630 2999 2660
3 2999 2537 2660
3 2537 2999 1442
3 2824 2023 1291
3 1442 2999 2945
3 2945 2472 1442
3 2472 2945 2950
3 2945 2999 3028
3 2472 2950 1075
3 1075 2950 126
3 2950 2781 126
3 2814 1075 1293
3 1859 1075 333
3 333 1075 2166
3 2166 2669 333
3 2789 2068 1810
3 2068 2669 1654
3 2068 1654 1810
3 3041 2789 1091
3 2306 856 1139
3 2789 1810 2306
3 2302 987 856
3 856 987 1599
3 1547 145 2004
3 145 3038 2004
3 3038 620 1254
3 620 2658 1254
3 1210 3089 265
3 265 3089 2785
3 711 2827 1531
3 2827 1210 1276
3 1416 1866 1531
3 1866 711 1531
3 1866 1596 711
3 711 1843 2827
3 2827 1843 3089
3 3089 1843 1412
3 1843 1345 1412
3 1952 2370 577
3 577 2370 337
3 2512 577 337
3 2512 1223 2346
3 1223 2018 3118
3 780 2331 2521
3 1879 2916 170
3 2331 1566 630
3 1566 2331 1839
3 1566 1839 1444
3 1475 1367 2952
3 1879 1928 2916
3 1928 1759 2916
3 2438 2952 1606
3 280 2558 2014
3 2096 2386 698
3 1512 1851 2386
3 2594 2509 2541
3 614 253 2509
3 2541 2509 253
3 2541 253 431
3 1152 614 239
3 3037 239 2292
3 3037 167 1152
3 2484 1678 2799
3 2484 3016 1677
3 1677 3016 705
3 2484 1732 3016
3 720 1086 2439
3 720 2013 1086
3 2013 426 3069
3 2013 3069 1086
3 426 681 491
3 426 2651 3069
3 3069 2651 462
3 2651 2988 462
3 491 681 2447
3 2447 1663 2830
3 2561 593 2697
3 1299 2697 2250
3 2991 2314 2250
3 140 2314 420
3 140 420 2183
3 2183 420 2323
3 646 1710 2075
3 2075 141 646
3 2075 2963 141
3 2963 480 1868
3 1438 1016 270
3 1016 2645 2379
3 1972 2946 2653
3 2653 760 1972
3 1972 760 1200
3 1827 2468 2888
3 2653 519 2888
3 142 2888 2572
3 519 2572 2888
3 2888 142 1532
3 142 2428 1532
3 2428 23 19
3 23 2366 19
3 19 2366 1400
3 2572 1962 2366
3 1962 850 2366
3 386 2366 850
3 307 386 850
3 386 307 3076
3 386 3076 1400
3 1400 3076 2557
3 1967 1686 3076
3 3076 1686 3084
3 2288 2258 762
3 762 2258 1686
3 1456 432 1126
3 1700 2441 1256
3 2500 2441 2402
3 732 2402 2441
3 2246 1666 2402
3 2500 2402 1666
3 2730 2246 586
3 783 1071 2849
3 448 1906 1910
3 448 1910 2053
3 2849 448 2053
3 2139 2944 2140
3 2944 2139 2934
3 2219 2934 2139
3 2219 1981 2141
3 2141 2415 2764
3 2141 2764 212
3 2764 566 2965
3 2965 2276 187
3 2168 964 187
3 1662 2714 610
3 1662 610 2567
3 2321 2567 2993
3 458 729 2567
3 2567 729 1560
3 2567 1560 2993
3 458 2772 729
3 2772 2861 970
3 2189 1560 729
3 1922 2207 935
3 935 2207 1524
3 935 1524 179
3 1524 2207 773
3 1129 2207 1105
3 1105 343 1129
3 3092 343 1105
3 1129 540 1243
3 1243 540 1074
3 540 1625 2570
3 540 2570 1074
3 2570 1625 2123
3 2570 2123 2495
3 757 1536 1399
3 1856 772 966
3 1399 1314 874
3 1314 3060 2832
3 1687 3060 1179
3 3035 862 2829
3 83 1399 799
3 2829 1066 2453
3 2758 1133 2373
3 2373 1133 2982
3 2373 2982 3009
3 651 1034 3009
3 3035 3009 1034
3 651 1893 1034
3 1893 651 2597
3 1893 2597 2470
3 1893 2470 1491
3 1491 981 1893
3 1491 2343 981
3 974 2542 1694
3 326 1365 1629
3 2470 1629 1365
3 1629 2470 220
3 2431 1419 1635
3 2431 1635 1679
3 1679 1635 237
3 1635 1142 671
3 671 237 1635
3 385 699 1142
3 478 1142 699
3 2537 169 2153
3 2348 169 2392
3 2537 2392 169
3 671 2348 3119
3 671 3119 2332
3 1694 2348 2392
3 1694 2392 1296
3 1296 2392 2023
3 2766 2824 2814
3 2766 2814 1293
3 2824 1291 2814
3 2766 1867 1457
3 1457 1867 16
3 883 1867 1293
3 1293 1859 883
3 883 1301 2569
3 11 156 2367
3 156 1091 1472
3 1472 1091 2215
3 717 1472 1125
3 717 1705 2902
3 2902 779 717
3 2960 1705 596
3 806 596 1785
3 1705 2174 596
3 596 2174 1785
3 2174 1125 568
3 568 1125 1139
3 907 568 2755
3 2174 907 321
3 1412 193 3089
3 1704 2435 1412
3 193 1412 2435
3 2435 1704 2960
3 2435 2960 806
3 2435 806 2571
3 321 2571 1785
3 321 907 2571
3 1704 2546 2960
3 1704 1345 603
3 603 1345 753
3 753 1345 1843
3 603 445 2546
3 2546 445 2346
3 997 1223 1779
3 1779 780 997
3 2886 997 780
3 2521 1759 2886
3 1759 2780 605
3 1759 605 2886
3 2780 1759 1928
3 1915 1061 1928
3 1061 1915 2058
3 1061 2058 1122
3 1915 2438 2595
3 2595 2438 1606
3 405 1606 2014
3 2014 2096 405
3 2096 2171 405
3 2096 698 2648
3 2577 2594 2661
3 2577 2661 2294
3 143 2294 2661
3 143 2661 1757
3 1757 2661 1619
3 1619 2661 2541
3 1619 2541 1598
3 1598 2541 139
3 139 431 1598
3 1598 431 1510
3 431 1938 1510
3 1938 431 1198
3 1020 1677 1198
3 1938 1198 1677
3 1677 705 3047
3 1938 1677 1470
3 1470 1762 1938
3 1806 3047 3016
3 3110 3016 1732
3 3070 1036 2125
3 3110 449 1036
3 2125 1943 3070
3 2439 2125 1292
3 493 1420 2235
3 2111 2235 2956
3 2235 3069 2956
3 462 2988 1668
3 1668 395 2956
3 395 2906 652
3 998 2906 319
3 998 319 2783
3 158 998 2783
3 319 2988 2783
3 2783 2830 2561
3 2743 2561 2124
3 1299 582 1172
3 85 1172 1974
3 582 2151 1172
3 1516 2151 112
3 582 112 2151
3 112 582 140
3 2250 140 582
3 2151 1516 646
3 3085 2151 141
3 646 141 2151
3 85 1974 791
3 1974 2022 2336
3 1439 2727 1972
3 2946 1972 2727
3 1439 1200 1240
3 1200 760 1244
3 1315 1244 2468
3 1827 2295 2468
3 2295 1315 2468
3 2295 1827 2779
3 1827 1532 2779
3 2779 1532 2508
3 2508 1532 2428
3 2508 2428 1308
3 1308 2130 2508
3 2508 2130 2113
3 1308 1041 1467
3 2253 1041 1684
3 2253 1684 2557
3 1041 1308 1684
3 1684 1308 2428
3 2557 1684 1400
3 1467 2253 2685
3 2253 2301 962
3 2253 962 2685
3 3084 348 3076
3 3076 348 371
3 348 1700 1256
3 348 1256 371
3 2301 1256 1033
3 1033 2500 2425
3 2500 1666 2324
3 783 2849 1620
3 1620 2849 2803
3 2934 2291 2053
3 256 1135 1620
3 1462 1620 1135
3 2059 2938 256
3 1135 256 2938
3 2803 2291 2242
3 212 2764 2649
3 108 2649 2277
3 1538 2426 2001
3 2965 178 2426
3 1448 178 1482
3 3103 1482 2168
3 1482 964 2168
3 2220 1560 1182
3 1182 875 2948
3 875 1182 2189
3 1184 505 148
3 858 1590 179
3 858 179 1524
3 773 1073 858
3 148 1073 484
3 916 773 1775
3 1252 2599 341
3 341 2599 1375
3 1896 1074 2495
3 1896 874 2599
3 1238 2599 874
3 874 1896 757
3 3060 1687 925
3 925 2832 3060
3 976 925 1687
3 2832 925 1375
3 2384 1687 1179
3 2384 1034 805
3 805 1893 1508
3 1508 1893 981
3 1508 1463 14
3 2343 183 1463
3 14 1463 1008
3 183 1008 1463
3 2343 974 2933
3 302 1296 2824
3 1457 2933 2766
3 1457 475 2933
3 1128 475 1680
3 317 1440 2535
3 2618 2272 2535
3 2272 2618 1616
3 1616 2618 2753
3 2272 1616 1964
3 1515 2930 1616
3 2930 1964 1616
3 2930 2101 1964
3 29 1515 580
3 1552 580 1515
3 580 1552 2715
3 269 1552 2753
3 269 2753 767
3 1758 269 767
3 1758 767 1301
3 1758 2068 3041
3 11 2367 3041
3 2715 3041 2367
3 1638 2715 2367
3 29 338 1430
3 1430 338 1811
3 1430 1811 518
3 338 1638 223
3 223 1638 589
3 1167 223 702
3 156 1472 2284
3 2585 2284 717
3 1472 717 2284
3 2585 779 3096
3 2546 2346 1628
3 1527 2598 677
3 677 595 1527
3 677 2780 595
3 1122 1518 595
3 1527 595 1518
3 1171 1527 12
3 1518 12 1527
3 1360 1518 1122
3 12 1518 798
3 1360 1122 2058
3 1360 2058 2046
3 2046 2058 2595
3 2046 2595 2423
3 611 2423 1861
3 2810 2309 1119
3 611 2841 2045
3 611 122 2841
3 122 2578 2841
3 709 2841 2578
3 122 611 1861
3 122 1861 1708
3 602 1881 2578
3 1881 602 1563
3 602 2577 1563
3 2577 2294 1563
3 1563 2294 152
3 2853 2294 143
3 2853 143 1757
3 88 1432 2853
3 88 1757 22
3 88 1762 1470
3 88 1470 1432
3 1432 461 2853
3 2853 461 1540
3 1540 3000 2853
3 1540 461 3132
3 3132 1718 1540
3 3047 3132 461
3 2565 2662 3132
3 2681 2641 1794
3 3070 2111 1219
3 2956 36 1397
3 36 652 1397
3 2448 652 1332
3 2448 1332 751
3 751 1332 215
3 652 2906 1332
3 215 1332 697
3 2429 2327 158
3 2743 865 2429
3 2743 2003 865
3 2003 2169 865
3 320 25 2169
3 25 320 2942
3 791 2003 85
3 2336 2946 2942
3 1232 1594 2942
3 713 1232 2401
3 1977 2401 1232
3 1977 2727 1286
3 1240 1244 1406
3 1315 2844 3131
3 2077 2295 2026
3 2026 2295 2779
3 2746 1377 1189
3 1189 722 243
3 243 722 2877
3 1603 2113 526
3 2877 722 250
3 722 1451 2874
3 722 2874 250
3 1451 2130 2874
3 2874 2130 1467
3 844 2874 1467
3 904 899 2425
3 904 2685 962
3 904 962 899
3 962 2301 899
3 3082 2425 2324
3 3082 2324 1462
3 2554 2879 2938
3 2393 2554 1975
3 1975 2554 1044
3 1044 2554 382
3 1330 1044 761
3 382 761 1044
3 2059 382 2554
3 382 2242 761
3 1330 761 1538
3 1266 1330 2001
3 1538 2001 1330
3 1975 1266 1237
3 1266 349 379
3 1585 379 3049
3 349 2001 3013
3 3013 2001 1448
3 3013 366 1302
3 1302 366 632
3 366 3103 632
3 2329 129 2224
3 2613 2948 483
3 483 2948 1398
3 2948 875 1398
3 875 62 1398
3 1184 1398 62
3 2222 504 640
3 640 2831 2222
3 484 2628 640
3 2628 2831 640
3 2628 484 271
3 2628 271 2770
3 1144 2831 2628
3 1144 1971 118
3 1144 124 453
3 2385 2421 93
3 93 2421 2689
3 1375 925 2421
3 2421 925 976
3 2316 2455 1832
3 2316 1832 1777
3 2455 2316 2929
3 2929 2316 1337
3 162 1337 2316
3 3020 2515 2147
3 1008 315 2515
3 315 317 2515
3 765 2515 317
3 1680 1008 183
3 183 1128 1680
3 2147 765 1580
3 1580 1587 2147
3 1580 2535 1587
3 1587 1964 2404
3 1587 2404 661
3 721 2101 2930
3 518 2904 3101
3 3101 2904 2527
3 1811 1167 2904
3 2259 2904 1797
3 2259 1797 2568
3 1797 2868 2568
3 2568 2868 3096
3 2474 241 3086
3 2474 1564 2671
3 1183 3050 2609
3 244 959 2527
3 1067 435 202
3 202 435 644
3 435 2994 644
3 644 2994 2478
3 2994 2667 2283
3 2981 2667 1171
3 2981 12 1476
3 423 367 2549
3 367 2810 2161
3 367 2161 2549
3 709 328 690
3 1358 468 54
3 328 777 1514
3 900 328 1514
3 1514 111 900
3 1514 927 1682
3 927 1872 1682
3 1872 1919 77
3 77 1919 377
3 377 1919 56
3 1919 565 2578
3 1919 2578 56
3 3000 152 2294
3 2294 2853 3000
3 1872 3000 1540
3 1872 1540 1718
3 1514 1682 2662
3 1514 2662 111
3 111 2662 2681
3 900 2463 233
3 54 233 2492
3 2492 902 751
3 2463 409 74
3 409 2681 74
3 2815 1397 2448
3 2866 1392 691
3 857 1221 2094
3 1221 76 2334
3 1221 2334 2094
3 697 2195 76
3 2128 2010 660
3 3095 1594 3027
3 3027 1594 713
3 3027 713 2358
3 713 2401 2338
3 2338 2401 164
3 164 2401 1010
3 1286 1997 1977
3 639 1286 1406
3 639 1406 3131
3 1461 639 3131
3 1406 3125 3131
3 2844 2757 1461
3 576 2844 2077
3 2077 550 576
3 550 1189 387
3 387 1189 243
3 387 243 59
3 340 615 387
3 615 576 387
3 3082 2879 2347
3 615 2347 2844
3 2879 2262 2757
3 1975 2775 2393
3 2775 3112 1585
3 1585 1611 905
3 905 1611 1328
3 905 1328 1486
3 1486 1328 1905
3 3049 1712 1047
3 775 1712 1802
3 1802 1302 775
3 3013 1302 1802
3 1639 1858 957
3 1639 957 2826
3 836 929 1858
3 1858 929 957
3 2826 957 2739
3 2613 963 1734
3 2464 1734 1173
3 2464 1173 1539
3 1734 963 1398
3 1734 1398 1184
3 1173 1734 2222
3 504 2222 1734
3 2222 2695 1173
3 2831 2695 2222
3 2695 2831 2817
3 2817 2550 2695
3 1914 2695 2550
3 2817 2831 656
3 656 2831 118
3 2817 656 2533
3 2269 656 118
3 2269 118 1971
3 65 2269 1971
3 65 2455 1231
3 477 1337 2163
3 2163 1337 3020
3 2147 661 3020
3 1224 3020 2700
3 51 2404 3072
3 2101 721 2404
3 157 721 1007
3 1311 1007 203
3 721 2930 1007
3 203 1007 3101
3 203 3101 1156
3 1156 3101 1634
3 1156 1634 34
3 34 1634 1202
3 3101 2527 1634
3 1634 2527 959
3 959 1202 1634
3 959 2937 1202
3 1156 1250 1177
3 1156 1177 203
3 1424 2342 1250
3 1713 1250 2342
3 2342 1415 1713
3 444 1340 1045
3 1340 2344 1045
3 1093 1355 1534
3 1340 948 1355
3 1355 948 2504
3 1355 2504 1534
3 948 2937 2504
3 2504 2937 202
3 2504 202 235
3 644 738 235
3 644 1626 738
3 1609 1626 2478
3 1835 2478 2994
3 273 1835 1640
3 654 2283 423
3 654 423 2549
3 654 2549 498
3 654 498 1640
3 1640 498 245
3 2663 2549 2372
3 2161 1236 2249
3 2249 1236 2769
3 2917 2249 2769
3 691 1236 2866
3 2810 1369 2866
3 2094 2460 2170
3 2741 2094 2334
3 2741 2334 2261
3 2261 2334 1845
3 2261 2562 2741
3 2054 2673 2562
3 2381 2562 2673
3 1752 5 2884
3 2381 2010 347
3 347 868 2381
3 1579 2275 868
3 1294 2275 1353
3 2245 2275 1579
3 1353 2275 1203
3 2245 1579 2128
3 2358 2128 3027
3 2358 2818 1731
3 1731 2818 3100
3 529 2941 2181
3 1010 2401 2703
3 2775 1349 2181
3 1349 2510 2181
3 3100 2485 954
3 2485 1486 1905
3 2485 1905 2006
3 2485 2006 954
3 2006 1328 2446
3 1361 1328 1611
3 1361 1611 1003
3 1611 3049 1047
3 1003 1047 2882
3 2882 1047 1639
3 1361 2882 339
3 2112 339 2882
3 2112 2307 339
3 2739 1780 2112
3 2280 2112 1780
3 2633 1539 2995
3 2995 655 1197
3 1170 1830 2722
3 1830 2550 972
3 2550 1602 972
3 972 1602 1798
3 1602 2533 1798
3 2533 666 1798
3 666 2533 1504
3 2297 1504 1410
3 477 2297 1410
3 2297 2163 2221
3 2221 2163 2700
3 2163 3020 1224
3 2185 1196 1880
3 2700 1381 2185
3 1381 2700 3072
3 100 1381 3072
3 1381 1982 1196
3 1196 1982 2654
3 1982 3072 47
3 2564 47 3063
3 1415 2564 1713
3 2564 3063 1311
3 1923 1415 2342
3 1068 556 2342
3 2342 556 1339
3 444 1045 556
3 556 1045 161
3 161 1045 1709
3 1339 2878 2307
3 744 1709 3108
3 3108 1709 2344
3 744 295 991
3 991 190 339
3 339 190 2446
3 2903 2047 295
3 2606 295 2047
3 3108 2344 1593
3 3108 1593 2070
3 2070 1593 866
3 291 1093 1873
3 1093 1534 3042
3 3042 1534 1833
3 1534 2504 288
3 1534 288 1833
3 288 2504 738
3 738 563 288
3 1283 1446 1452
3 1283 1609 1446
3 1609 2478 273
3 1509 1452 1446
3 1509 1517 1452
3 813 2616 2172
3 813 2172 2923
3 2616 245 2172
3 149 2172 2663
3 1012 599 2828
3 2828 599 2372
3 2828 2372 94
3 1542 1747 94
3 1484 2744 1747
3 2744 1484 1341
3 2967 1917 2552
3 1134 281 1194
3 1917 2917 281
3 281 2917 2769
3 281 2769 1194
3 1298 2769 2170
3 539 1298 994
3 768 994 1298
3 2460 2094 2741
3 2460 2741 626
3 1194 539 1134
3 539 994 1294
3 1294 1353 923
3 1294 923 1134
3 923 1353 48
3 48 1353 684
3 48 684 941
3 1353 1203 492
3 492 1203 3100
3 492 1150 684
3 492 2103 1150
3 941 1150 2121
3 1388 2070 2007
3 2007 2070 1389
3 3042 1517 2228
3 758 813 2923
3 2228 1517 1509
3 1145 3014 1800
3 2923 1800 3014
3 1800 2923 1329
3 1012 1329 2923
3 3014 1145 608
3 608 1145 1484
3 1341 1484 1145
3 3014 608 2007
3 608 2967 2007
3 2552 1147 2007
3 2967 2552 2007
3 1147 941 1388
3 684 1150 941
3 1147 1388 2007
3 2121 1150 2103
3 1368 1134 923
3 2744 2828 1747
3 2828 1329 1012
3 2307 2280 1339
3 2280 1780 1923
3 2280 1923 1339
3 1780 2654 1923
3 2654 1780 2466
3 2654 2466 1880
3 2654 1982 951
3 1923 2342 1339
3 2185 1880 1304
3 1304 1880 1178
3 1304 1178 1652
3 1880 2466 1178
3 1652 1178 1601
3 846 1652 352
3 352 1652 1032
3 2633 1441 1032
3 1417 1197 669
3 66 669 1170
3 1197 1170 669
3 956 1739 66
3 1739 956 689
3 689 956 2722
3 700 2722 972
3 1015 908 700
3 2722 700 908
3 908 1015 2335
3 2335 1257 1621
3 1226 1621 1257
3 1621 1226 1739
3 669 1739 1226
3 2936 2673 2531
3 2936 2531 3071
3 2866 1369 1358
3 2257 2527 2904
3 2933 1128 2343
3 2565 3110 2641
3 2332 1365 326
3 1291 1442 2472
3 1309 2155 137
3 2155 1309 2587
3 1309 2105 3032
3 2807 3032 2105
3 617 2807 2105
3 2079 3111 686
3 2079 686 1701
3 1374 971 1834
3 971 2846 1834
3 2158 370 2843
3 2843 370 622
3 370 96 622
3 96 2846 622
3 1600 2229 3036
3 1916 2315 2912
3 1743 2958 107
3 2024 107 1199
3 781 294 2986
3 107 2024 1743
3 1743 2024 1357
3 2024 2355 2165
3 2024 2165 1357
3 2935 2461 1239
3 2064 782 2086
3 2819 1567 2266
3 2080 2192 2559
3 2432 988 2887
3 2540 2665 2778
3 3026 2540 1528
3 840 1307 2875
3 2635 522 2777
3 522 2635 2273
3 2635 2777 1352
3 1352 2777 2600
3 2498 1352 724
3 1352 2498 2635
3 2390 1912 724
3 1812 969 1460
3 786 2635 1460
3 786 1460 770
3 770 1460 969
3 2498 1812 1460
3 2635 2498 1460
3 2345 1280 969
3 2345 969 1812
3 2345 1812 2833
3 1471 2833 2313
3 1052 2833 2122
3 1052 2122 1158
3 2122 2833 102
3 2540 3026 2665
3 2747 2227 1541
3 2896 2747 2326
3 2896 2326 1754
3 2326 2747 1541
3 442 1754 2326
3 442 2326 3094
3 1541 3094 2326
3 2573 1589 2513
3 554 564 2850
3 554 2850 1391
3 2850 564 3068
3 2850 2196 2072
3 1028 2072 2751
3 1028 2751 2804
3 2196 2751 2072
3 544 2186 786
3 544 786 770
3 2759 2186 544
3 1935 2759 544
3 1935 544 1479
3 2614 1935 2858
3 1087 2858 1935
3 2501 2943 1487
3 1545 154 887
3 1545 887 1165
3 887 154 1280
3 887 1280 380
3 887 380 1165
3 1165 380 447
3 447 380 2296
3 2296 2345 2833
3 2345 2296 380
3 2345 380 1280
3 1970 447 2296
3 1970 2296 1052
3 1052 2296 2833
3 57 940 2851
3 940 57 3081
3 301 3081 1970
3 1970 3081 57
3 3081 301 1403
3 2747 2129 2227
3 2747 2896 2538
3 260 2538 2896
3 260 2896 469
3 1039 442 3094
3 442 1039 1754
3 1754 1039 1947
3 861 2822 1947
3 861 1947 1039
3 861 1039 1882
3 1882 1039 330
3 330 1039 3094
3 2114 1882 330
3 2114 330 3094
3 2076 2234 847
3 2626 2076 734
3 734 2076 847
3 734 847 1740
3 1740 847 3008
3 847 2234 3008
3 1751 1740 1342
3 1269 1751 1659
3 1659 1751 1342
3 2710 1127 1725
3 1127 2710 1659
3 1269 1659 2710
3 27 336 1127
3 27 1127 1391
3 1391 1127 554
3 554 1127 1659
3 1568 2368 947
3 2850 670 1993
3 670 2850 2072
3 1506 1331 419
3 1506 419 2955
3 1506 2955 1169
3 829 1575 2955
3 262 1085 829
3 2804 1085 262
3 1295 829 1085
3 1085 2804 1711
3 1028 2804 262
3 1028 262 2955
3 2955 262 829
3 2193 1295 1085
3 2812 2193 1711
3 1711 2193 1085
3 418 1685 629
3 2858 629 2614
3 2614 629 1685
3 418 629 1717
3 1717 629 559
3 2543 559 2943
3 2543 2943 2501
3 2676 811 2501
3 2676 2501 2630
3 2213 375 1421
3 693 3004 133
3 133 3004 2615
3 1995 2615 940
3 940 2615 2851
3 2615 1995 133
3 133 1995 3064
3 3081 1995 940
3 2643 822 221
3 2643 221 2206
3 2624 822 2643
3 3059 1787 2020
3 2538 1787 2643
3 2643 1787 3059
3 260 1787 2538
3 876 2855 752
3 752 2855 1829
3 2319 2848 2234
3 2319 2234 2712
3 2076 2712 2234
3 1121 2794 2503
3 4 2894 2503
3 4 2503 2790
3 2790 2503 251
3 306 2790 756
3 306 756 1151
3 756 251 618
3 251 756 2790
3 1892 2857 2626
3 2626 2857 756
3 734 1892 2626
3 2626 756 618
3 756 2857 1151
3 2825 2857 1751
3 2825 1151 2857
3 1269 2825 1751
3 1740 1751 1892
3 1892 1751 2857
3 1849 1151 2825
3 1849 2825 1281
3 374 2816 1331
3 1331 2816 869
3 869 2816 1568
3 1506 2286 374
3 1506 374 1331
3 1506 1169 2286
3 2286 1169 1837
3 2286 1837 1069
3 794 1500 2232
3 1500 2193 206
3 206 2193 2217
3 794 2193 1500
3 2217 2707 206
3 206 2707 1500
3 1500 2707 2232
3 24 2707 1746
3 24 1746 930
3 1746 2707 2217
3 2983 2091 2100
3 2091 2983 977
3 1685 2091 977
3 2081 1742 1162
3 2142 2676 3053
3 2630 3053 2676
3 2142 3053 1956
3 1803 2837 2560
3 1803 2560 1466
3 747 2560 2837
3 2173 2837 1803
3 2591 1646 2173
3 2591 2173 2821
3 2821 2173 2962
3 2962 2615 2821
3 2591 2821 3004
3 2591 3004 1561
3 1561 3004 1581
3 1181 855 1561
3 855 2591 1561
3 1646 2591 855
3 1181 1561 1581
3 2889 855 1581
3 1581 855 1181
3 1988 2889 1581
3 2889 1646 855
3 6 984 2482
3 6 2482 1273
3 2482 984 120
3 860 2144 242
3 860 242 2403
3 2403 242 980
3 980 242 2325
3 2325 242 769
3 769 242 2144
3 2690 2640 3059
3 3059 2640 980
3 2020 2690 3059
3 3079 2487 2855
3 2855 2487 1081
3 1059 2319 1884
3 2712 2898 1884
3 2712 1884 2319
3 1706 1059 1884
3 1480 1706 2443
3 731 1480 2443
3 725 1325 2200
3 2702 2200 1325
3 2200 2702 1022
3 1043 1022 2702
3 2702 2410 1043
3 1043 2410 1021
3 1121 510 2410
3 1121 2410 2840
3 513 1592 2214
3 2214 1592 2311
3 2790 1592 513
3 2790 513 4
3 4 513 2894
3 1849 1592 306
3 1849 306 1151
3 1592 2790 306
3 174 2894 513
3 174 513 2214
3 2467 1025 2214
3 1025 1282 2214
3 2311 2467 2214
3 3107 1025 1251
3 1251 1025 2467
3 2869 3102 401
3 401 3102 2900
3 401 2900 1251
3 2869 401 2467
3 2467 401 1251
3 1251 2900 3107
3 1376 1966 2656
3 1966 1376 2838
3 3075 2838 1376
3 675 1966 594
3 2104 594 2816
3 2816 594 2838
3 2838 594 1966
3 675 2104 2708
3 1454 2389 2232
3 541 24 930
3 24 541 1454
3 2252 2399 1496
3 2252 1496 2433
3 2252 2433 2184
3 2252 2184 2375
3 2983 1813 1746
3 2723 1559 2100
3 694 901 2629
3 2142 664 7
3 664 2142 373
3 2142 7 694
3 747 664 2560
3 2560 664 373
3 1885 2225 3051
3 3051 2225 695
3 2566 3051 695
3 1262 3130 1056
3 3130 1262 2499
3 2602 2666 1897
3 2499 1897 2666
3 1897 2889 1988
3 2602 1897 1988
3 1646 2889 1897
3 3074 2351 2792
3 201 1978 2792
3 2427 2350 1807
3 109 2867 2357
3 2279 1546 109
3 2279 109 2357
3 2279 2357 1273
3 1273 2357 6
3 6 2357 984
3 2483 1546 2279
3 2483 2279 2459
3 2802 1436 2459
3 942 2459 1436
3 942 1436 1373
3 1273 2802 2279
3 2279 2802 2459
3 2144 2802 1214
3 2144 1214 769
3 769 1214 2325
3 2325 1214 2482
3 2482 1214 1273
3 1273 1214 2802
3 942 1373 2551
3 2403 2551 1373
3 2403 1373 860
3 860 1373 1436
3 2445 1013 687
3 999 687 1013
3 2813 2507 687
3 2813 687 999
3 2813 999 1402
3 2813 1402 2801
3 2801 3079 1006
3 1006 3079 1633
3 3079 2801 279
3 1402 279 2801
3 1926 2801 1006
3 1279 1006 1633
3 1279 1633 211
3 1963 1395 535
3 952 1395 1103
3 1103 1395 1963
3 1963 535 1489
3 1079 2383 1103
3 372 1480 2497
3 2497 1702 372
3 1022 2043 2223
3 1022 2223 2200
3 725 2223 3109
3 2200 2223 725
3 3040 2243 2029
3 2043 2243 3040
3 2043 3040 2223
3 2223 3040 3109
3 134 2029 2243
3 134 2243 2084
3 2084 2243 848
3 848 2243 2043
3 1043 2084 848
3 1021 2084 1043
3 1022 848 2043
3 848 1022 1043
3 712 1222 1543
3 2927 1695 2411
3 2969 494 2387
3 672 2969 2095
3 3107 1363 2969
3 2969 1363 2095
3 2859 1363 2900
3 2900 1363 3107
3 1994 2859 3102
3 3102 1350 1994
3 1350 3102 2473
3 116 2637 2473
3 116 1903 2637
3 2637 1903 2656
3 1376 1903 3075
3 2218 1096 1109
3 1109 1096 2637
3 236 2218 1109
3 1141 236 1109
3 1141 1109 2317
3 103 1153 2317
3 160 103 2317
3 160 2708 103
3 1507 1153 103
3 1507 103 2708
3 226 2192 2610
3 867 1380 2559
3 1821 1428 2808
3 1428 1821 2860
3 2860 1821 793
3 793 682 2860
3 754 381 1597
3 754 1597 2389
3 1991 2808 381
3 1991 381 2157
3 2157 381 754
3 2756 2399 2252
3 2271 2756 2252
3 2271 2252 2375
3 3023 2375 150
3 1425 1878 2375
3 2184 1425 2375
3 896 1149 3023
3 896 150 1878
3 150 896 3023
3 1161 2480 896
3 1161 896 1878
3 896 2480 1149
3 1149 2480 1901
3 2752 2480 1161
3 2529 3099 1941
3 2529 1941 833
3 2305 824 2612
3 2987 2612 177
3 2305 2612 2987
3 1885 2674 2225
3 429 3018 470
3 246 3018 429
3 246 429 3051
3 2260 645 2749
3 2260 3018 645
3 990 2260 2749
3 2749 645 246
3 990 2749 2566
3 1696 2499 1104
3 2666 1263 1104
3 2666 1104 2499
3 778 1263 2666
3 1537 318 1650
3 1567 658 2266
3 2009 2266 2351
3 658 2351 2266
3 1681 895 2099
3 1681 2099 1265
3 2655 1265 459
3 2784 459 2427
3 2427 459 2350
3 2350 459 1265
3 2655 459 2784
3 2190 2915 2655
3 2190 388 915
3 388 2190 2784
3 388 2784 1753
3 2784 2190 2655
3 1267 915 388
3 1267 388 1530
3 1753 1530 388
3 1918 1753 2015
3 1651 2015 2867
3 310 3011 2974
3 310 2974 703
3 2974 3011 1097
3 958 2926 703
3 958 703 2974
3 1987 2974 2039
3 2036 1320 1026
3 2445 1320 1987
3 1987 1320 2036
3 1026 1320 2445
3 1026 2445 2507
3 687 2507 2445
3 2813 2312 2507
3 2177 2813 1926
3 2801 1926 2813
3 1279 2177 1926
3 1279 1926 1006
3 1011 2177 1279
3 1011 1279 211
3 975 2177 1011
3 2312 81 1207
3 2145 81 2312
3 1011 2145 2312
3 1011 2312 975
3 1207 81 144
3 144 81 2145
3 1693 1207 144
3 355 1693 144
3 355 144 2145
3 355 2145 1931
3 1931 2145 1644
3 2494 2847 569
3 2494 569 60
3 2494 952 1103
3 2494 1103 2383
3 2842 86 232
3 1354 2842 232
3 2733 1354 1702
3 2263 3109 3040
3 1804 1898 1965
3 2084 309 134
3 134 309 2029
3 464 3062 1804
3 2969 2405 3062
3 2969 3062 494
3 494 3062 1278
3 2304 1278 3062
3 2761 72 1846
3 3019 2761 3133
3 2859 2871 2939
3 1994 2871 2859
3 2871 1994 1895
3 1895 1994 1350
3 2871 1895 2106
3 2106 520 2520
3 2052 1788 520
3 2052 520 950
3 2052 2218 1877
3 2218 2052 950
3 1096 2218 2159
3 1096 2159 2637
3 641 1688 884
3 2469 2093 1347
3 384 2093 3123
3 2093 1556 2505
3 1556 2093 384
3 1821 1556 384
3 1821 384 793
3 3123 793 384
3 793 3123 2080
3 53 2891 1188
3 838 1188 2891
3 2071 838 1094
3 1094 838 1991
3 1991 838 2891
3 2071 1094 2164
3 2536 2278 2953
3 2709 2953 2278
3 2136 1107 209
3 209 1107 2756
3 209 2756 2271
3 2271 2376 209
3 2136 209 2376
3 1778 2152 2376
3 1778 2376 1212
3 2132 1054 2462
3 2752 2462 1054
3 2718 332 1241
3 1211 1312 888
3 1241 888 1312
3 888 1241 332
3 1241 2305 2718
3 2305 1312 824
3 824 1312 1211
3 1312 2305 1241
3 2987 2414 2928
3 591 2798 1261
3 3018 1261 2798
3 591 1261 2456
3 2456 1261 2260
3 2456 2260 2477
3 2477 2260 990
3 2260 1261 3018
3 1477 2456 2477
3 730 2477 2964
3 2371 506 2964
3 1696 1208 90
3 1696 90 2522
3 488 1854 1124
3 782 1030 2086
3 105 2064 2750
3 2349 105 808
3 2750 153 808
3 2750 808 105
3 397 1951 248
3 911 397 248
3 911 248 153
3 911 153 1795
3 153 248 808
3 808 248 1951
3 808 1951 1371
3 255 911 1795
3 911 2961 397
3 397 2961 3007
3 2961 911 255
3 2204 2915 2190
3 2204 2190 2419
3 915 2650 2419
3 915 2419 2190
3 915 1267 2980
3 2836 2870 2607
3 2836 2607 2880
3 1268 2880 31
3 2078 1268 1722
3 1722 1268 1918
3 1918 1268 31
3 3011 2078 1722
3 716 2880 1268
3 716 1268 1844
3 1844 1268 2078
3 35 1844 2167
3 716 35 2087
3 2087 2732 716
3 2087 35 2167
3 1249 2167 1844
3 2078 1249 1844
3 1844 35 716
3 1220 1249 263
3 263 1249 1288
3 2989 263 424
3 263 1288 424
3 2989 1220 263
3 2989 424 2926
3 2926 424 703
3 310 703 424
3 310 424 1288
3 3011 310 1288
3 1220 2989 82
3 1550 2293 2926
3 2926 2293 2989
3 1550 2352 2293
3 2990 1550 2926
3 2990 2926 3015
3 1136 728 2134
3 1136 2134 1306
3 1502 1136 1323
3 1617 2883 804
3 1617 804 2847
3 1617 2361 726
3 674 726 2842
3 674 2842 1842
3 2842 726 2361
3 2919 726 674
3 1111 3109 2263
3 2363 1111 2729
3 2729 2263 3040
3 2263 2729 1111
3 383 2729 1004
3 1004 2729 3040
3 2907 1004 3040
3 1004 2907 1647
3 2188 3056 335
3 2378 2188 1670
3 1670 2188 3133
3 1745 1029 1670
3 1029 2378 1670
3 312 2378 1029
3 198 1745 3133
3 3133 1745 1670
3 648 312 2194
3 2194 312 1029
3 2194 2493 3065
3 3065 2493 69
3 2194 2034 2493
3 2520 771 2106
3 2911 2975 2520
3 2413 913 1604
3 2413 1604 2451
3 2451 1604 812
3 2451 812 1535
3 2760 2052 1877
3 2760 1877 1131
3 3116 2760 1131
3 2820 334 1160
3 2820 1160 2089
3 1160 334 2382
3 2065 1160 2382
3 2089 1160 2065
3 1347 2065 2469
3 2093 2505 1347
3 710 2505 2922
3 2922 2505 592
3 2547 1078 542
3 542 1078 204
3 204 2786 1264
3 2164 2786 2071
3 2152 1645 2117
3 2683 1469 1778
3 1778 1469 299
3 2238 2683 2162
3 910 2162 2968
3 910 2968 3097
3 944 1106 2337
3 944 2337 2806
3 800 1657 2356
3 2414 3031 2928
3 1401 1891 815
3 1891 2928 275
3 2928 1891 1401
3 815 1891 3033
3 667 3033 2236
3 261 667 2236
3 2490 2230 1455
3 1455 2230 1911
3 1164 1455 1908
3 175 1817 1164
3 530 175 2647
3 2647 175 1164
3 2647 1164 396
3 961 3017 441
3 441 3017 730
3 441 730 1586
3 506 1586 2964
3 2964 1586 730
3 163 1578 2349
3 1297 2349 2522
3 2522 2349 1578
3 2349 1297 782
3 782 1297 1030
3 2603 1951 1474
3 1951 2603 1371
3 2659 3007 2961
3 1378 2961 2763
3 2763 2961 2074
3 826 2763 2204
3 826 2204 2419
3 826 2419 2650
3 2204 2763 2074
3 2915 2204 2074
3 446 1099 1673
3 446 1673 2650
3 2650 1673 826
3 826 1673 1765
3 2682 1099 2617
3 2650 2980 446
3 446 2980 2617
3 446 2617 1099
3 2800 1814 2176
3 2176 1814 3120
3 1766 1014 1049
3 879 1766 1649
3 1649 1766 1049
3 1649 1049 2876
3 2876 1049 2836
3 2836 1049 1014
3 2796 1558 2732
3 2796 2732 2352
3 2732 2087 2293
3 2293 2087 224
3 224 2087 2167
3 2293 82 2989
3 1220 82 224
3 224 82 2293
3 2135 1064 2796
3 2135 2796 2352
3 2990 2135 1550
3 1550 2135 2352
3 3127 2990 1213
3 2990 3015 2949
3 2990 2949 1213
3 727 1760 166
3 1057 727 166
3 1057 166 2949
3 2592 2642 727
3 2592 727 1057
3 1848 2592 1057
3 1848 1057 2033
3 2033 1057 2949
3 863 2592 1848
3 42 863 1848
3 507 476 863
3 507 863 42
3 507 42 2883
3 2883 42 1848
3 804 2883 1848
3 804 1848 2041
3 2041 1848 516
3 2061 1992 1653
3 1653 1992 507
3 1653 507 2883
3 2248 2061 1653
3 1544 2765 2248
3 2865 1623 2457
3 1773 2865 92
3 92 2865 2457
3 827 92 2457
3 2951 854 467
3 2947 2951 1040
3 1040 2951 467
3 1622 2127 2118
3 2118 2127 680
3 2127 1622 1714
3 2672 680 2127
3 2672 2127 2395
3 2255 2672 2395
3 383 2713 2395
3 2713 383 575
3 1275 2713 575
3 3056 1190 1275
3 185 1958 1275
3 185 1275 1190
3 1190 3056 3046
3 185 195 2244
3 2908 2244 2511
3 2511 2244 195
3 2511 195 2992
3 2992 195 3046
3 1190 3046 195
3 1190 195 185
3 1958 185 2244
3 1748 810 2992
3 2992 810 1396
3 282 2711 412
3 293 598 412
3 2711 293 412
3 1114 282 412
3 3010 1114 2584
3 2584 1114 598
3 412 598 1114
3 525 3065 1771
3 69 1771 3065
3 1247 227 2975
3 1247 2909 2920
3 2909 2975 2911
3 2920 2909 1604
3 2920 1604 913
3 2920 913 3078
3 1604 2909 2911
3 3078 785 2920
3 32 2354 871
3 531 1505 32
3 531 32 1437
3 531 1437 2899
3 3078 1437 32
3 737 531 2239
3 2239 2899 750
3 2984 750 2899
3 531 2899 2239
3 2461 2984 1239
3 2899 1239 2984
3 2935 1239 2413
3 1485 2451 621
3 621 2451 1535
3 2413 2451 1485
3 2413 1485 2935
3 1968 1485 979
3 979 1485 621
3 979 621 2820
3 1968 2935 1485
3 979 2820 2454
3 2089 509 2820
3 1968 979 2454
3 1258 2454 733
3 710 2922 487
3 710 487 2089
3 710 2089 1347
3 2065 1347 2089
3 2408 766 1258
3 922 2408 1258
3 922 1258 733
3 1258 766 2454
3 2636 2408 922
3 2636 922 2704
3 706 2704 922
3 733 706 922
3 2528 408 2636
3 2528 2636 184
3 534 2966 2528
3 2530 2274 2931
3 2274 2530 1387
3 2274 1387 2523
3 523 2274 2958
3 538 2274 2854
3 830 2854 2523
3 2523 2854 2274
3 2958 2274 538
3 542 204 1264
3 2547 542 2523
3 830 542 2873
3 2873 542 1264
3 774 2873 1264
3 2986 2873 1199
3 774 1199 2873
3 2539 2355 1976
3 391 2355 2539
3 2736 2165 1469
3 2580 2238 910
3 2580 910 3097
3 910 2238 2162
3 2318 2019 1255
3 2318 816 2019
3 1730 376 364
3 376 1730 1570
3 422 1730 364
3 2233 2924 1433
3 1954 787 2143
3 1586 3012 441
3 441 3012 787
3 441 787 961
3 636 3012 1586
3 636 1586 1720
3 873 2143 787
3 873 787 3012
3 2720 1333 585
3 797 933 2720
3 797 2720 303
3 797 303 932
3 797 932 2210
3 797 2210 55
3 932 303 2720
3 932 2720 585
3 932 2197 2210
3 932 906 2197
3 906 932 3113
3 3113 3007 2659
3 1765 906 2659
3 1378 1765 2659
3 2961 1378 2659
3 2197 906 1673
3 1673 1099 2197
3 1765 1673 906
3 2176 138 2617
3 2176 2617 2800
3 2800 2617 2980
3 986 623 1023
3 1883 1023 623
3 986 1023 2576
3 1669 986 2576
3 1669 2576 1088
3 1001 2150 1157
3 1001 1157 1649
3 1001 1649 1608
3 1001 1608 274
3 2876 1608 1649
3 2150 1001 402
3 2150 402 2267
3 274 402 1001
3 2178 2631 402
3 2178 402 2588
3 2588 402 274
3 1792 1112 2479
3 1112 1792 1120
3 1120 1792 394
3 1213 2479 3127
3 3127 2479 1112
3 3127 1112 1120
3 1760 2479 166
3 1002 1774 2642
3 2865 878 411
3 2865 411 1623
3 2322 878 2865
3 2322 2865 1481
3 3 1481 1773
3 1773 1481 2865
3 1481 3 792
3 792 3 1773
3 1916 2726 479
3 132 2315 1310
3 2118 2315 132
3 2118 132 2951
3 2118 2951 1690
3 2951 132 1310
3 2912 2315 680
3 680 2315 2118
3 2726 1916 2912
3 2726 2912 2623
3 2726 2623 1270
3 2623 2912 2805
3 2805 2912 2255
3 2110 276 2244
3 2244 276 2688
3 2244 2688 1958
3 276 2110 2240
3 276 2240 2688
3 2240 2110 182
3 2901 2240 182
3 2698 1939 1384
3 3067 2845 912
3 1980 3067 2534
3 912 2534 3067
3 1890 2534 225
3 2532 1102 2711
3 2863 1890 2711
3 2863 2711 1102
3 1102 2532 521
3 1450 2532 1204
3 1204 2532 2085
3 2085 1114 3010
3 282 1114 2085
3 282 2085 2532
3 714 1204 2085
3 714 2085 3010
3 1272 714 649
3 714 1272 548
3 714 548 313
3 313 548 1529
3 313 1529 831
3 1529 548 2417
3 2417 548 1272
3 1756 1907 831
3 2388 1756 1529
3 2388 1529 2417
3 1529 1756 831
3 890 2388 1562
3 1562 2417 1553
3 2417 1562 2388
3 2920 208 1247
3 1247 208 1562
3 1247 1562 2198
3 227 1247 2198
3 571 3002 2416
3 1327 1520 67
3 871 679 3022
3 1070 1674 1505
3 2270 1070 2394
3 1447 2394 2239
3 2239 2394 737
3 737 2394 1505
3 527 151 1703
3 151 527 362
3 527 1703 1632
3 2025 527 2409
3 2409 283 3054
3 1632 283 527
3 527 283 2409
3 1101 2025 2409
3 1726 2409 3054
3 1101 329 2016
3 2016 329 2530
3 2530 329 1726
3 1726 329 2409
3 2409 329 1101
3 3090 2016 2530
3 2931 3090 2530
3 1148 2931 523
3 1148 650 2931
3 2958 1148 523
3 3090 2931 650
3 1348 1159 1357
3 1080 776 2811
3 2811 776 1949
3 1348 1949 776
3 1949 1423 2811
3 1187 1423 1948
3 1948 1423 719
3 471 1948 2353
3 1503 2526 2298
3 2298 2526 1573
3 2985 743 1642
3 2985 1642 1582
3 673 2693 2369
3 673 2369 2506
3 1053 2088 2699
3 1063 2126 1557
3 3088 1063 2452
3 2452 1063 2699
3 3021 3088 2452
3 3033 3021 2452
3 3033 2452 3030
3 73 1063 2787
3 73 2787 452
3 452 2787 2154
3 843 2787 3088
3 3088 2787 1063
3 1140 2154 2787
3 1140 2787 2115
3 2115 2787 843
3 638 1526 2970
3 638 2970 1801
3 1116 638 1953
3 1116 1953 68
3 3061 2924 2233
3 3061 2233 2202
3 2973 3061 2202
3 2973 2202 1894
3 1894 2202 2339
3 1691 2412 2890
3 903 1691 277
3 277 1691 2890
3 2002 1691 903
3 2434 2002 1770
3 1770 2002 919
3 919 2002 2042
3 2264 2434 1300
3 3048 2264 1525
3 2977 214 64
3 2977 797 61
3 61 797 55
3 797 2977 933
3 933 2977 64
3 61 2247 1665
3 61 1665 2977
3 1289 2586 1055
3 2586 2247 1055
3 2519 2160 1215
3 63 597 2150
3 2289 2885 2267
3 2289 2267 2809
3 2267 2885 2150
3 2150 2885 63
3 2892 2524 928
3 1248 2892 928
3 1959 537 1792
3 1959 1792 1366
3 1990 928 89
3 1565 89 2524
3 2524 89 928
3 2229 3080 3036
3 2491 3036 1959
3 1600 2491 428
3 428 2491 2131
3 3036 2491 1600
3 2156 2017 764
3 428 2017 1600
3 1600 2017 2156
3 764 2017 1089
3 2241 1523 764
3 2241 764 2940
3 1318 1335 878
3 1038 619 2073
3 2073 619 2322
3 2322 1318 878
3 1318 2322 619
3 2073 1481 739
3 1481 2073 2322
3 2374 2073 739
3 2201 1443 2203
3 2972 851 3025
3 2972 3025 2805
3 2688 1692 2972
3 1209 2972 1692
3 1317 2440 2846
3 622 2846 2440
3 2762 2862 759
3 1287 2863 1102
3 1287 1102 521
3 2773 2863 1287
3 1287 1853 2773
3 1853 1287 521
3 657 1027 1853
3 831 1453 633
3 633 1453 1744
3 313 831 633
3 313 633 1204
3 313 1204 714
3 1204 633 1744
3 1555 2914 1756
3 1555 1756 2388
3 890 1555 2388
3 2380 3002 2109
3 3057 2380 2692
3 2109 2692 2380
3 1123 2692 2109
3 1123 2109 1338
3 1070 3087 1674
3 788 1855 2638
3 788 2638 2852
3 2852 1192 1168
3 2705 606 1168
3 1321 2705 1192
3 1192 2705 1168
3 1185 1321 872
3 1737 872 1447
3 1737 1447 2239
3 1447 872 2270
3 2394 1447 2270
3 2516 1185 151
3 2925 2516 643
3 2913 3104 3091
3 2913 3091 917
3 917 1865 485
3 219 1865 2016
3 3090 485 219
3 3090 219 2016
3 1101 2016 1865
3 1865 219 485
3 1080 2359 776
3 723 1234 3077
3 723 3077 1631
3 1631 3077 2119
3 2590 2771 1503
3 2590 1503 2298
3 2182 2771 2590
3 2182 2590 2985
3 514 1899 2502
3 514 2502 2069
3 2502 1899 2985
3 1582 2310 2502
3 2985 1582 2502
3 2120 1825 934
3 1132 1825 2120
3 2107 1132 2126
3 452 2154 2107
3 452 2107 73
3 1063 73 2126
3 2126 73 2107
3 1986 889 58
3 1140 668 2742
3 1781 1140 2115
3 1889 668 634
3 1140 1781 634
3 1140 634 668
3 570 517 634
3 570 634 1781
3 1781 943 570
3 1781 354 943
3 354 1781 2115
3 1242 354 2115
3 843 1636 2115
3 40 1242 1116
3 945 354 40
3 945 40 1084
3 1084 40 1116
3 1084 1116 68
3 1242 40 354
3 110 472 197
3 197 1084 68
3 1084 197 472
3 1084 472 945
3 2518 880 2407
3 1246 2407 1427
3 1427 2407 880
3 718 1427 2973
3 1894 718 2973
3 2518 2973 1427
3 1427 718 314
3 1271 718 1894
3 2890 1271 1894
3 3003 358 1385
3 3003 1385 2282
3 2282 1385 2921
3 2264 2601 2434
3 2264 3048 2601
3 2556 748 676
3 676 748 2768
3 1648 2977 2486
3 2486 2977 1665
3 1665 2678 2486
3 2556 2977 1648
3 818 1648 2486
3 818 2486 3105
3 3105 2486 2678
3 2205 3005 2012
3 2205 2012 425
3 2717 2012 864
3 1285 2716 555
3 1285 555 2767
3 1285 2767 1050
3 3024 2496 2044
3 2254 965 1927
3 2971 2686 2289
3 2885 2289 2686
3 1664 931 926
3 931 1664 268
3 1664 926 1465
3 136 931 1990
3 136 1990 601
3 1990 931 268
3 89 1565 1990
3 2285 1847 2574
3 2285 2574 2156
3 351 2285 2156
3 351 2156 1523
3 1038 2180 1808
3 2374 2180 1038
3 2073 2374 1038
3 2180 2374 983
3 2067 1671 1831
3 1875 450 2362
3 450 1875 1793
3 450 1793 414
3 414 1793 1831
3 1831 1793 2067
3 2201 1627 2048
3 2048 1627 2437
3 1698 272 1875
3 1624 2067 1793
3 1624 1793 272
3 1624 272 1698
3 1698 1875 350
3 350 1875 2362
3 1875 272 1793
3 1235 1698 350
3 1235 350 1767
3 1767 350 2362
3 2055 1235 2092
3 2092 1235 604
3 2268 3045 1364
3 2216 1984 2444
3 2444 1984 2268
3 2268 1984 3045
3 3045 1984 3029
3 1980 1117 2333
3 3029 2333 1117
3 1356 524 920
3 2773 2774 2341
3 2774 99 2341
3 1037 2774 2773
3 2773 2341 1495
3 2863 2773 600
3 2905 3106 2774
3 2905 2774 1037
3 2031 2774 3106
3 3066 2905 2893
3 2893 2905 1037
3 1027 2893 1037
3 2893 1027 657
3 2893 657 1614
3 2893 1614 2212
3 2823 2212 1195
3 2991 2582 678
3 796 2582 1195
3 2914 1555 1498
3 2914 1498 1946
3 2895 2051 859
3 1549 2895 859
3 1983 254 1233
3 1233 254 1549
3 1233 1549 1130
3 1225 1233 1855
3 1225 1855 2852
3 2852 1855 788
3 870 2852 1168
3 1225 2852 870
3 3006 1305 1576
3 3006 1576 1729
3 2910 1729 1576
3 536 2910 1576
3 536 1576 2834
3 1031 2910 536
3 1031 536 1253
3 1031 1253 437
3 892 437 2705
3 2705 437 1253
3 2925 2082 892
3 2398 2082 820
3 2398 820 1137
3 820 3104 1137
3 1137 3104 741
3 741 3104 427
3 946 3091 3104
3 946 3104 2925
3 1909 653 2489
3 2328 106 1631
3 1631 106 2489
3 628 389 2328
3 628 2328 665
3 665 2328 1934
3 2646 2119 3077
3 1569 1468 2795
3 2182 1815 2771
3 1497 2182 2985
3 1497 2985 1899
3 992 1815 1497
3 1035 992 2471
3 2471 992 1497
3 1035 2471 683
3 2182 1497 1815
3 2066 683 2471
3 2069 2066 514
3 514 2066 2471
3 514 2471 1899
3 1815 992 1548
3 1548 992 1035
3 934 3034 557
3 557 3034 1035
3 557 1035 683
3 1035 3034 1548
3 934 557 2120
3 2120 50 2066
3 2120 2066 2069
3 2066 50 683
3 683 50 557
3 557 50 2120
3 1548 1764 2795
3 1764 1548 3034
3 1569 2795 1764
3 1569 1764 3129
3 3129 1764 2148
3 2148 1764 3034
3 3111 3129 2148
3 3111 2148 686
3 686 2148 996
3 2978 1701 1986
3 889 1986 1701
3 937 2978 1986
3 1217 79 1218
3 1218 79 2079
3 2978 1218 2079
3 2978 191 584
3 2978 584 1218
3 1724 668 1889
3 316 2199 2098
3 2098 570 316
3 316 570 943
3 943 1359 316
3 316 1359 995
3 316 995 2199
3 662 1359 1418
3 662 472 110
3 472 662 1418
3 2619 1228 2625
3 817 1017 218
3 817 218 823
3 823 218 3003
3 181 218 1017
3 1322 101 817
3 1322 817 823
3 1322 823 696
3 696 823 3003
3 1871 696 1784
3 1871 1784 2063
3 1784 696 3003
3 2063 1749 877
3 1749 2063 1784
3 1656 2282 2921
3 2282 1656 3003
3 2450 1656 2303
3 2303 1656 2921
3 1163 2450 2303
3 2932 1478 1689
3 3043 3073 790
3 2545 659 790
3 2545 790 3073
3 1572 659 2545
3 1205 1667 2545
3 2556 1205 2545
3 2556 2545 748
3 748 2545 3073
3 2716 2608 3105
3 2716 3105 2205
3 3005 2205 3105
3 1285 2397 2716
3 960 2608 2716
3 960 2716 2397
3 1050 2397 1285
3 2950 2945 960
3 2950 960 2397
3 2781 2950 2397
3 2781 2397 1077
3 2166 1654 2669
3 1654 2166 2781
3 1654 2781 2133
3 1810 1654 1303
3 2133 1303 1654
3 2306 1810 1303
3 2306 1303 2302
3 2133 1000 1303
3 1303 1000 2302
3 2686 2971 2548
3 2686 2548 2254
3 1180 1254 2658
3 1254 1276 1210
3 1276 1254 1180
3 1276 1180 199
3 165 199 1180
3 165 1180 2658
3 1175 1416 155
3 2370 1596 1866
3 955 1847 2285
3 955 2285 3058
3 1779 1839 2331
3 2180 1444 1808
3 1808 1444 2696
3 3058 1808 2696
3 2721 1671 1475
3 280 2952 1367
3 579 2558 1624
3 579 1624 528
3 2386 2558 579
3 1851 1512 410
3 1851 410 2509
3 410 1512 528
3 528 1512 579
3 2208 2509 410
3 2292 2208 2055
3 2055 2208 528
3 528 2208 410
3 2957 2622 2049
3 3106 1852 2400
3 3106 2400 2031
3 720 1852 2013
3 2013 1852 117
3 1663 2447 1191
3 1663 1191 593
3 1051 2579 1191
3 2823 2579 1051
3 2823 1051 3066
3 3066 2893 2823
3 2212 2823 2893
3 2697 593 2579
3 2697 2991 2250
3 2991 2697 2579
3 678 834 1344
3 3083 834 796
3 2582 796 834
3 2582 834 678
3 939 1344 834
3 939 834 2116
3 2116 834 3083
3 305 2323 1344
3 305 1344 939
3 460 2323 305
3 2895 460 305
3 939 2895 305
3 2679 1983 2097
3 2679 2097 1305
3 2679 1305 119
3 2679 2645 1438
3 2645 2679 1727
3 2679 1438 480
3 2544 2379 1492
3 1492 2379 2645
3 1492 2645 1488
3 2544 1492 438
3 2544 438 2653
3 438 1492 1488
3 264 2572 1488
3 1488 2572 438
3 438 2572 519
3 1962 2572 264
3 850 1962 3006
3 1967 850 3006
3 762 1967 3006
3 2402 732 114
3 2910 2402 1729
3 1729 2402 114
3 918 1316 2458
3 2398 2057 2458
3 1031 2082 2458
3 1031 2458 2910
3 437 2082 1031
3 194 741 1115
3 741 194 1137
3 1137 194 1973
3 1137 1973 2398
3 2398 1973 2083
3 1115 2140 2944
3 1521 1981 1736
3 1981 1521 2328
3 106 2328 1521
3 106 1521 2489
3 1909 2489 1521
3 1981 389 1138
3 1138 389 628
3 1981 1138 2141
3 2415 324 1009
3 2415 1009 2155
3 1009 324 1613
3 137 2155 1009
3 137 1009 2105
3 137 2105 1309
3 2105 1009 1613
3 2360 617 1864
3 583 1864 2737
3 2807 685 3032
3 2276 2155 803
3 1716 803 2155
3 2276 803 187
3 1716 2155 2587
3 2321 2168 1018
3 1018 2168 803
3 1018 803 1716
3 1716 891 1018
3 1018 891 2745
3 2714 1018 2745
3 1218 584 2745
3 1763 95 191
3 191 95 584
3 584 95 2745
3 891 1218 2745
3 1763 828 95
3 95 828 2745
3 2745 828 2714
3 2996 610 828
3 2567 610 2861
3 2861 610 2996
3 1763 2996 828
3 2714 828 610
3 970 2861 2996
3 2365 970 2996
3 2365 2996 2488
3 1201 1922 2365
3 2199 1324 814
3 2123 1625 3092
3 995 546 2199
3 2199 546 1324
3 966 2687 1715
3 966 1715 1856
3 2619 1856 1715
3 2758 2706 2453
3 2758 2453 473
3 1133 1322 1871
3 1322 473 101
3 1133 473 1322
3 2982 1133 1871
3 2597 651 2256
3 2597 2256 789
3 2450 1058 2179
3 2179 1058 3098
3 1163 1960 2450
3 2954 3098 2320
3 699 385 742
3 2420 699 742
3 2420 742 2175
3 1370 2420 3043
3 3043 2420 2175
3 104 2420 1370
3 2060 2153 104
3 2060 104 1370
3 2060 1370 790
3 790 1370 3043
3 2735 2060 659
3 2153 2060 2735
3 552 2735 2660
3 1630 740 3028
3 1630 3028 2999
3 1442 2023 2537
3 2537 2023 2392
3 1291 2023 1442
3 1291 2472 2814
3 2814 2472 1075
3 1293 1075 1859
3 3041 2068 2789
3 1472 2215 1125
3 2215 1091 2789
3 1513 1125 2215
3 1139 1125 1513
3 1513 2306 1139
3 2306 2215 2789
3 2215 2306 1513
3 2302 856 2306
3 3038 2755 2004
3 3038 496 2755
3 265 2755 1254
3 265 1254 1210
3 1254 496 3038
3 496 1254 2755
3 199 1531 1276
3 1276 1531 2827
3 1223 3118 1779
3 780 1779 2331
3 630 2521 2331
3 2916 2521 170
3 630 170 2521
3 1404 170 630
3 1404 1879 170
3 630 1566 1404
3 1475 1879 1404
3 1475 1404 2721
3 2721 1404 1566
3 2952 1879 1475
3 1759 2521 2916
3 2014 2952 280
3 2952 2014 1606
3 2096 2014 2386
3 2386 2014 2558
3 2648 698 1851
3 2648 1851 2594
3 2386 1851 698
3 1851 2509 2594
3 1198 431 253
3 614 1198 253
3 1198 614 1020
3 1020 614 1152
3 239 2208 2292
3 2208 239 614
3 2208 614 2509
3 1020 1152 2484
3 1020 2484 1677
3 3016 3047 705
3 1036 449 2125
3 1292 2125 2724
3 2724 2125 449
3 78 2439 1292
3 78 1292 2724
3 2561 2830 1663
3 2561 2697 2124
3 2124 2697 1299
3 2314 140 2250
3 3085 1868 270
3 270 1868 1438
3 1438 1868 480
3 3085 270 2022
3 2022 270 1016
3 2336 2379 2946
3 2379 2336 1016
3 2544 2653 2946
3 2544 2946 2379
3 1684 19 1400
3 2428 19 1684
3 2366 386 1400
3 1033 1256 2441
3 1033 2441 2500
3 2730 586 783
3 2730 1666 2246
3 1666 2730 2324
3 1071 783 918
3 1071 918 1906
3 918 586 1316
3 1316 586 2246
3 586 918 783
3 2057 1906 918
3 2057 918 2458
3 1071 448 2849
3 448 1071 1906
3 2944 2934 1850
3 2944 1850 1769
3 1769 1850 1910
3 637 2944 1769
3 1769 1910 637
3 2053 1850 2934
3 1973 637 1910
3 1910 1850 2053
3 1115 1973 194
3 1910 2083 1973
3 637 1973 1115
3 637 1115 2944
3 2649 108 2934
3 2649 2934 212
3 212 2934 2219
3 2141 212 2219
3 2426 2764 2965
3 566 2764 2415
3 566 2415 2155
3 2276 2965 566
3 2276 566 2155
3 2567 2321 1662
3 1182 1560 2189
3 2365 1922 935
3 2365 935 970
3 970 935 2772
3 2668 2207 1129
3 1243 2668 1129
3 2495 1074 2570
3 1399 874 757
3 1536 2687 799
3 1536 799 1399
3 799 2687 2149
3 2149 966 772
3 966 2149 2687
3 3035 1179 3060
3 862 3035 3060
3 862 3060 83
3 862 799 2149
3 2829 862 2149
3 2829 2149 1066
3 799 862 83
3 2829 1143 3035
3 1143 2829 2706
3 2453 2706 2829
3 978 3035 1143
3 978 1143 2758
3 978 2758 2373
3 2706 2758 1143
3 3009 3035 978
3 2373 3009 978
3 2063 2256 2982
3 2982 2256 3009
3 3035 2384 1179
3 2384 3035 1034
3 2343 1491 2542
3 974 2343 2542
3 2542 1365 2332
3 1142 2348 671
3 169 2348 478
3 169 478 2153
3 478 2348 1142
3 104 2153 478
3 104 478 2420
3 2420 478 699
3 2660 2537 552
3 2542 2332 3119
3 1888 16 1867
3 1888 2618 229
3 973 1888 1867
3 2569 2618 973
3 2569 973 883
3 883 973 1867
3 1888 973 2618
3 1301 767 2569
3 2569 767 2753
3 2569 2753 2618
3 2367 156 2284
3 806 2960 596
3 907 2174 568
3 2960 2546 2902
3 603 2546 1704
3 3096 1628 2346
3 3096 2346 997
3 997 2346 1223
3 997 2886 3096
3 2598 2691 677
3 677 2691 2780
3 2780 2691 605
3 2595 2058 1915
3 405 2595 1606
3 2423 2595 405
3 2423 405 1861
3 1861 405 2171
3 2648 1708 1861
3 2648 1861 2171
3 2577 602 2648
3 2648 602 1708
3 2096 2648 2171
3 2594 2577 2648
3 3114 3110 2565
3 3016 3110 1806
3 3114 1806 3110
3 2641 3110 3070
3 3070 3110 1036
3 2641 3070 1794
3 2439 493 1943
3 2439 1943 2125
3 2327 998 158
3 998 2300 2906
3 2300 998 2327
3 2300 2327 2195
3 2830 2783 171
3 171 2783 2988
3 85 2003 2124
3 2124 2003 2743
3 1172 85 39
3 1172 39 1299
3 2124 1299 39
3 2124 39 85
3 2022 1974 1172
3 2022 1172 3085
3 2151 3085 1172
3 1016 2336 2022
3 1467 2130 1308
3 1467 1041 2253
3 2324 2425 2500
3 2730 1462 2324
3 1620 2730 783
3 2730 1620 1462
3 2554 2938 2059
3 2277 2649 2426
3 2426 2649 2764
3 1538 761 2277
3 2426 1538 2277
3 178 1448 2426
3 2426 1448 2001
3 2965 1482 178
3 2948 2220 1182
3 505 1184 62
3 505 2189 1590
3 2189 505 875
3 875 505 62
3 1590 858 505
3 505 858 1073
3 505 1073 148
3 2770 271 916
3 916 271 1073
3 916 1073 773
3 1073 271 484
3 2770 916 1775
3 2207 2668 1775
3 2207 1775 773
3 2791 2668 1243
3 2668 2791 1775
3 1775 2791 2770
3 453 124 2770
3 453 2770 2791
3 453 2791 1252
3 453 1252 2421
3 1375 2421 1252
3 1375 1252 341
3 1508 572 2384
3 1508 2384 805
3 2384 572 1687
3 1687 572 976
3 976 572 1832
3 1777 1832 572
3 1777 572 1508
3 183 2343 1128
3 2933 475 1128
3 317 1680 1440
3 1440 1680 475
3 2535 229 2618
3 229 2535 1888
3 1888 2535 1440
3 1888 1440 16
3 29 2930 1515
3 2715 1552 269
3 2715 269 489
3 489 269 1758
3 3041 2715 489
3 3041 489 1758
3 1430 2930 29
3 1811 223 1167
3 223 1811 338
3 702 589 2377
3 2377 589 2367
3 2475 702 2377
3 2377 2367 2284
3 2367 589 1638
3 223 589 702
3 2475 2377 914
3 914 2377 3086
3 2284 3086 2377
3 1925 2585 3096
3 2585 1925 2284
3 2284 1925 3086
3 1628 779 2546
3 2902 2546 779
3 1675 3086 1925
3 1675 1819 1564
3 1819 1675 3096
3 3096 1675 1925
3 3096 715 1819
3 2598 3050 2691
3 2609 3050 2598
3 1171 2667 2609
3 1527 1171 2609
3 1527 2609 2598
3 798 1518 2555
3 2555 1518 1360
3 2046 2555 1360
3 2555 2046 3044
3 2423 2045 3044
3 2423 3044 2046
3 611 2045 2423
3 1369 2045 690
3 690 2045 2841
3 690 2841 709
3 1119 2045 1369
3 2810 1119 1369
3 1708 2578 122
3 2565 3132 3114
3 1794 3070 1219
3 74 2681 1794
3 74 1794 2815
3 2815 1794 1219
3 652 2448 1397
3 697 1332 2195
3 2300 2195 1332
3 2300 1332 2906
3 2429 849 2327
3 2839 2429 1584
3 2839 1584 3071
3 3071 1584 2169
3 2169 1584 865
3 865 1584 2429
3 3095 3071 2169
3 1594 1232 713
3 1997 2401 1977
3 3125 1406 1244
3 2844 1315 2295
3 2844 2295 2077
3 243 2877 59
3 340 2575 2997
3 340 2997 968
3 3082 968 2997
3 1 2997 904
3 1 904 2425
3 2997 1 2425
3 2997 2425 3082
3 1266 1975 1330
3 1330 1975 1044
3 2059 2242 382
3 1237 1266 379
3 1237 379 1585
3 949 3049 379
3 949 379 349
3 349 3013 949
3 344 129 2329
3 344 2329 1382
3 2613 1382 2948
3 2948 1382 2329
3 118 2831 1144
3 2421 2385 453
3 453 2385 1971
3 453 1971 1144
3 465 1337 162
3 465 162 2515
3 465 2515 3020
3 765 2147 2515
3 317 315 1680
3 1680 315 1008
3 2272 1587 2535
3 746 1007 2930
3 1007 746 3101
3 1430 3101 746
3 1430 746 2930
3 2257 2259 3050
3 2257 2904 2259
3 3050 2259 2691
3 2691 2259 2568
3 715 1564 1819
3 1564 715 3096
3 1564 3096 2868
3 2475 2671 2868
3 2868 2671 1564
3 2474 2671 241
3 241 2671 266
3 266 2671 2475
3 914 241 266
3 914 266 2475
3 914 3086 241
3 688 2474 1675
3 688 1675 1564
3 3086 1675 2474
3 2474 688 1564
3 3050 1183 2257
3 784 1259 244
3 784 244 2527
3 244 1259 1067
3 1067 1259 2667
3 2667 1259 2609
3 2609 1259 1183
3 2937 959 936
3 1067 936 244
3 244 936 959
3 202 2937 936
3 202 936 1067
3 2981 2283 2667
3 97 423 2981
3 2283 2981 423
3 367 423 97
3 367 97 1476
3 367 1476 2309
3 1476 97 2981
3 798 2881 1476
3 1476 2881 2309
3 3044 2881 2555
3 798 2555 2881
3 1358 1369 690
3 1358 690 468
3 468 690 328
3 233 54 468
3 233 468 900
3 468 328 900
3 1872 77 3000
3 377 3000 77
3 902 2492 233
3 902 233 2463
3 2448 751 1870
3 2448 1870 2815
3 2815 1870 74
3 2463 74 1870
3 2463 1870 902
3 902 1870 751
3 1358 1392 2866
3 1392 1358 2492
3 1392 2492 857
3 2094 1392 857
3 1845 2334 2195
3 2195 2334 76
3 2054 1845 2884
3 5 2054 2884
3 2884 1845 2195
3 1752 2884 849
3 1752 849 2429
3 2327 849 2884
3 2327 2884 2195
3 2673 1752 2531
3 2531 1752 2839
3 2839 1752 2429
3 2839 3071 2531
3 2936 3071 3095
3 2 3095 3027
3 2338 2358 713
3 1286 639 1921
3 1286 1921 1997
3 1921 2703 2401
3 2401 1997 1921
3 1921 2757 2262
3 2262 2703 1921
3 2757 639 1461
3 639 2757 1921
3 2347 2757 2844
3 550 387 576
3 2347 615 968
3 2347 968 3082
3 968 615 340
3 2941 2703 2262
3 2941 2262 2393
3 2393 2262 2879
3 1237 1585 3112
3 1585 905 1349
3 1349 905 1486
3 1607 1639 1712
3 1047 1712 1639
3 1607 1712 775
3 949 3013 1802
3 1858 1607 1382
3 1382 1607 344
3 344 1607 775
3 344 775 129
3 1639 1607 1858
3 921 2739 957
3 921 929 2652
3 957 929 921
3 1539 2652 2464
3 2464 2652 929
3 2464 929 2613
3 836 2613 929
3 2464 2613 1734
3 1410 656 2269
3 1410 2269 477
3 477 2269 1231
3 1231 2269 65
3 1231 2455 2929
3 1337 477 1231
3 1337 1231 2929
3 465 3020 1337
3 3072 2700 3020
3 2404 51 661
3 661 51 3020
3 3020 51 3072
3 3063 3072 2404
3 2404 721 3063
3 1311 3063 157
3 1311 157 1007
3 721 157 3063
3 1250 1713 1177
3 2342 1424 1068
3 2344 1709 1045
3 1741 1593 2344
3 1741 2344 207
3 1593 1741 866
3 866 1741 267
3 267 1741 207
3 267 207 1093
3 1093 207 1355
3 1355 207 2344
3 2478 1835 273
3 1640 1835 654
3 245 498 2172
3 2172 498 2663
3 2663 498 2549
3 2249 2372 2549
3 2249 2549 2161
3 2917 2372 2249
3 2170 2769 1236
3 691 2170 1236
3 2094 2170 1392
3 1392 2170 691
3 2054 2261 1845
3 2261 2054 2562
3 2673 2054 5
3 2673 5 1752
3 2741 2562 735
3 735 2562 2381
3 660 2010 2936
3 660 2936 3095
3 735 2381 2027
3 868 2027 2381
3 2027 868 2275
3 2027 2275 953
3 1294 953 2275
3 953 1294 994
3 1203 2979 3100
3 2979 2275 2245
3 2275 2979 1203
3 3100 2979 1731
3 2358 1731 2128
3 2245 2128 1731
3 2245 1731 2979
3 2 3027 2128
3 2 2128 3095
3 3095 2128 660
3 2181 2941 2775
3 2510 1349 1486
3 3100 2510 2485
3 190 2606 2446
3 2446 2606 2006
3 1361 2446 1328
3 2882 1361 1003
3 1047 1003 1611
3 2280 2307 2112
3 2466 1780 2739
3 345 2466 921
3 345 921 2652
3 921 2466 2739
3 1178 2466 345
3 1178 2652 1601
3 345 2652 1178
3 1539 1601 2652
3 2633 1601 1539
3 1170 1197 1830
3 1197 655 1830
3 972 2722 1830
3 2364 2335 1798
3 2364 1798 666
3 1410 1504 656
3 656 1504 2533
3 2364 666 846
3 846 666 1504
3 846 1504 2297
3 2221 846 2297
3 1652 846 562
3 562 846 2221
3 1304 1652 562
3 2185 1304 562
3 2185 562 2221
3 1381 1196 2185
3 2654 1880 1196
3 951 1982 1415
3 47 2564 1982
3 1982 2564 1415
3 3063 47 3072
3 2564 41 1177
3 1177 41 1311
3 1713 2564 1177
3 41 2564 1311
3 951 1415 1923
3 2878 1339 556
3 2878 556 161
3 2307 991 339
3 2878 991 2307
3 744 991 2878
3 991 295 2606
3 991 2606 190
3 322 2070 866
3 1873 322 291
3 291 322 866
3 1093 291 267
3 866 267 291
3 3042 1873 1093
3 2228 2616 813
3 2917 94 2372
3 1542 94 2917
3 1134 1368 2552
3 1134 2552 281
3 281 2552 1917
3 1194 1298 539
3 2769 1298 1194
3 768 1298 2460
3 768 2460 626
3 2027 953 642
3 2027 642 626
3 626 642 768
3 994 642 953
3 735 2027 626
3 735 626 2741
3 768 642 994
3 1294 1134 539
3 492 684 1353
3 2903 2121 2047
3 2047 2121 2103
3 2070 2121 3108
3 3108 2121 2903
3 322 1873 1389
3 322 1389 2070
3 3014 1389 1873
3 3014 1873 758
3 758 1873 3042
3 813 758 2228
3 2228 758 3042
3 951 1923 2654
3 2633 1032 1652
3 1601 2633 1652
3 1739 669 66
3 1257 2335 2364
3 1183 1259 784
3 1183 784 2257
3 2257 784 2527
3 2881 3044 1119
3 2881 1119 2309
3 1119 3044 2045
3 996 1701 686
3 1815 1548 2795
3 2986 1199 107
3 2986 107 781
3 781 107 2958
3 294 781 538
3 294 538 2854
3 294 2854 830
3 2958 538 781
3 2986 294 2873
3 830 2873 294
3 2408 2935 1968
3 2408 1968 766
3 766 1968 2454
3 2610 2192 2080
3 3081 3064 1995
3 2856 2887 1494
3 2035 2856 1494
3 1799 2035 1494
3 2035 1799 2657
3 2887 353 1494
3 1494 353 1799
3 988 2540 2778
3 353 988 2778
3 353 2778 1799
3 1528 2432 2875
3 1393 2390 1352
3 2600 1393 1352
3 840 1393 2600
3 2390 1660 1912
3 627 196 1791
3 1791 2657 2778
3 588 1791 2778
3 1791 588 627
3 627 1146 196
3 1791 196 2657
3 1812 2498 2313
3 2498 724 2313
3 2665 102 1471
3 2665 2227 102
3 3026 2875 1541
3 2227 3026 1541
3 346 1394 2513
3 3094 1394 346
3 3094 466 1394
3 1307 2513 1394
3 2777 2513 1307
3 2430 574 2273
3 1719 2430 2273
3 1719 2273 2635
3 1719 2635 786
3 1719 786 2186
3 2751 2430 2186
3 1719 2186 2430
3 1479 1487 1087
3 1479 969 1280
3 1280 1487 1479
3 1158 1403 1052
3 1052 1403 301
3 469 1754 1229
3 1229 1754 1829
3 2114 2090 1882
3 1882 2090 3008
3 13 2090 2265
3 1589 554 1733
3 1733 1659 1342
3 1391 1993 624
3 2955 670 2072
3 708 416 172
3 1711 2804 416
3 416 2804 172
3 1935 2614 708
3 1935 708 2759
3 1411 708 2614
3 2943 559 2858
3 284 1165 188
3 1421 284 188
3 1165 447 188
3 1970 1421 188
3 2630 1545 284
3 284 1545 1165
3 2213 2851 2962
3 1403 2206 221
3 1403 221 3081
3 1229 2589 469
3 469 2589 2020
3 469 2020 260
3 2020 2589 2690
3 2822 3008 2848
3 618 38 2626
3 2626 38 2794
3 2626 2794 2712
3 2710 1281 1269
3 1615 1725 456
3 1822 456 2368
3 336 2368 1725
3 456 1725 2368
3 1822 1615 456
3 1615 2710 1725
3 947 1993 1331
3 1838 1837 1575
3 1838 1828 1069
3 1838 1069 1837
3 125 829 1295
3 125 1295 2465
3 2465 1295 794
3 977 213 2812
3 2983 2217 213
3 213 2217 2812
3 2812 1411 977
3 2091 418 1162
3 1717 2525 2081
3 2525 1717 2543
3 2543 2501 2611
3 2611 2501 811
3 1483 159 1519
3 1483 1956 3053
3 3053 159 1483
3 159 2213 1519
3 1483 1466 736
3 1466 1483 1519
3 2213 2962 1519
3 1483 736 1956
3 2962 403 1519
3 1519 403 1466
3 1466 403 1803
3 3064 2299 693
3 2563 2442 1186
3 1186 2442 822
3 120 1186 2482
3 1081 2589 1229
3 1081 1229 1829
3 3093 359 876
3 3093 876 1435
3 1435 189 327
3 1435 327 3093
3 327 189 2319
3 2898 2593 1571
3 2840 2593 2794
3 2794 2593 2898
3 2443 2593 2840
3 1325 2840 2702
3 839 2311 3075
3 2467 2311 839
3 1615 1822 1459
3 127 1459 1641
3 533 127 1641
3 1568 533 1641
3 533 2838 127
3 127 3075 1459
3 1641 1459 1822
3 2816 2286 1110
3 2104 1110 1776
3 1721 1828 2684
3 2465 2684 125
3 2465 794 1060
3 2433 930 1813
3 2433 1813 2184
3 2100 1407 2983
3 1742 2050 1095
3 1095 1162 1742
3 1162 1095 2091
3 2543 2611 2525
3 2525 1290 2081
3 2081 1290 2187
3 2629 1290 2525
3 2629 3099 1290
3 2525 2611 2629
3 2611 811 2676
3 2560 373 1956
3 3117 2237 695
3 695 2237 2566
3 1646 1056 2237
3 3130 2237 1056
3 2998 3039 2299
3 2351 2998 2792
3 1186 201 2563
3 1978 984 1807
3 1978 3074 2792
3 3074 1978 1807
3 2403 1944 2551
3 2487 259 2690
3 2487 1402 259
3 359 3093 3079
3 1699 1489 535
3 1999 1489 70
3 2319 1059 327
3 327 1059 1999
3 70 327 1999
3 1706 1372 1963
3 1963 1372 1079
3 1965 1445 1543
3 2410 1445 1021
3 1965 1543 121
3 2411 1551 510
3 1445 2410 1551
3 1445 1551 1543
3 2927 2894 174
3 2894 2927 2411
3 1282 1278 573
3 1282 573 2214
3 573 174 2214
3 573 2927 174
3 1282 3107 2387
3 2473 3102 2869
3 2317 2897 1966
3 2286 867 1776
3 1380 1828 1721
3 1828 1380 1069
3 2465 1060 2481
3 2860 1721 2481
3 2481 1721 2684
3 2481 2684 2465
3 1454 1166 754
3 1454 1496 1166
3 1407 2100 508
3 1813 1407 1425
3 508 1425 1407
3 508 1559 1878
3 1878 1559 1161
3 1742 2081 2788
3 1742 2788 2050
3 2674 1618 331
3 2674 331 3052
3 824 331 2612
3 2612 331 1618
3 1885 429 470
3 2602 778 2666
3 3039 778 2602
3 3039 553 778
3 778 553 1537
3 553 1567 1537
3 553 658 1567
3 1383 2009 3074
3 1383 3074 895
3 2350 2099 3074
3 2867 1753 2784
3 392 2039 2974
3 2974 1097 392
3 392 1097 1651
3 392 1651 2867
3 392 2867 109
3 392 109 2039
3 1546 2039 109
3 1651 1097 3011
3 2483 2445 1987
3 1395 60 1644
3 60 1395 952
3 30 1354 2383
3 2733 1702 2864
3 2864 1351 2733
3 360 1072 451
3 360 451 52
3 360 52 663
3 360 663 1697
3 360 1697 1072
3 1874 1108 1898
3 1108 1874 2251
3 1108 2251 2029
3 1108 2029 1898
3 121 1804 1965
3 464 1222 2038
3 2038 2581 2304
3 2038 2304 464
3 1501 2644 1695
3 1695 2644 712
3 2304 2581 2226
3 415 2226 2581
3 2226 415 2927
3 1846 3121 2405
3 3062 2405 3121
3 2969 672 2405
3 1846 2405 500
3 1846 500 2761
3 3133 2761 500
3 1350 950 1895
3 2106 1895 950
3 2159 950 1350
3 1414 2514 311
3 311 1431 501
3 311 501 1900
3 1414 311 1900
3 146 1141 234
3 501 146 234
3 1900 501 234
3 1414 641 2514
3 2514 1431 311
3 1431 146 501
3 234 1141 1900
3 1507 2340 1672
3 1507 1672 1153
3 381 2808 1428
3 2278 1738 249
3 249 1738 2157
3 2278 2536 1738
3 2399 249 2157
3 2756 87 2399
3 2806 2337 1933
3 2806 1933 1149
3 258 1901 2677
3 2677 1901 2480
3 258 2806 1901
3 1957 2462 833
3 2330 1211 1957
3 1957 1941 2330
3 3031 1230 210
3 1230 3031 2414
3 989 3031 210
3 989 210 2798
3 210 3018 2798
3 3018 210 1230
3 3115 2477 990
3 3115 2964 2477
3 289 1429 897
3 289 897 2371
3 289 2371 809
3 289 809 1429
3 9 2499 1696
3 9 1696 885
3 885 1696 2522
3 1650 819 1696
3 2819 180 821
3 2819 821 1124
3 2819 1124 2976
3 1379 821 180
3 180 3122 1379
3 292 1379 1643
3 292 1643 2086
3 292 2086 488
3 292 488 1124
3 292 1124 1379
3 1681 2064 1643
3 2655 1795 1265
3 1795 2655 135
3 1918 2607 1530
3 2078 3011 1288
3 147 3015 958
3 2974 2036 2680
3 2974 2680 147
3 2036 1026 1207
3 2312 2177 975
3 1207 1693 2036
3 355 1306 1693
3 1693 1306 2740
3 1245 802 1323
3 1245 1323 1931
3 2041 545 2847
3 545 1245 569
3 545 569 2847
3 417 1351 1924
3 417 1924 1842
3 1842 1924 674
3 1842 1354 2733
3 1842 2733 417
3 1955 363 1155
3 1955 1155 1351
3 1351 2864 1955
3 663 3109 1697
3 1072 1697 2102
3 1072 2102 1955
3 2907 3019 1647
3 1647 3019 335
3 1874 3019 2251
3 2761 3019 1874
3 198 2405 672
3 2405 198 500
3 198 3133 500
3 365 2034 1029
3 365 2939 2034
3 812 2520 1788
3 1131 1390 1772
3 1390 1877 1772
3 2287 1772 1877
3 3116 1131 2514
3 2382 2760 884
3 884 1688 2382
3 1688 641 2340
3 2872 1188 1945
3 1841 2536 2953
3 342 2709 2117
3 2709 342 1761
3 2709 1761 2953
3 440 2136 2117
3 440 2117 2709
3 1212 2683 1778
3 2677 2132 2639
3 2677 2639 18
3 258 18 1857
3 258 1857 944
3 258 944 2806
3 18 2639 1857
3 1857 2639 800
3 332 800 2639
3 2718 2987 1657
3 2928 1657 2987
3 3031 845 275
3 845 2236 275
3 989 845 3031
3 1908 1911 989
3 591 1908 2798
3 1908 591 396
3 1429 463 897
3 2371 1789 506
3 506 1720 1586
3 1720 506 1789
3 463 1429 2734
3 1578 2632 2734
3 1854 1030 1297
3 1208 1854 1297
3 1854 1208 2976
3 782 2064 105
3 3007 1474 1951
3 2650 915 2980
3 2800 2870 1014
3 2836 1014 2870
3 230 2876 716
3 2836 716 2876
3 2352 2732 2293
3 1426 3015 393
3 393 2680 1426
3 2041 1502 802
3 2041 516 1502
3 2033 1502 516
3 561 1617 2919
3 726 2919 1617
3 1860 436 2248
3 2248 2919 1860
3 854 436 1860
3 436 854 2457
3 1155 2947 1902
3 1155 1924 1351
3 1924 1155 1902
3 1277 982 2102
3 2102 982 192
3 982 1277 1714
3 1714 1277 2363
3 1697 1111 131
3 1697 131 2102
3 2729 2395 2363
3 3046 497 898
3 2584 898 33
3 33 898 1809
3 1809 898 497
3 1408 2378 648
3 648 1809 1408
3 1408 1809 497
3 1408 497 3046
3 1408 3046 2378
3 1083 2194 3065
3 2975 69 771
3 1535 168 2820
3 168 1535 1788
3 2922 2872 706
3 1458 2000 2634
3 1458 2528 184
3 1458 184 2000
3 1078 2547 2000
3 2523 532 2547
3 532 2523 1387
3 1820 1326 1976
3 1820 1976 774
3 1820 2164 1326
3 2539 1326 2953
3 391 1904 1761
3 391 2539 1904
3 1904 2953 1761
3 1761 342 391
3 1645 2152 299
3 2165 406 1645
3 832 413 2449
3 2449 413 2683
3 413 832 2736
3 2449 20 832
3 832 20 719
3 719 20 2353
3 2019 1490 1005
3 1005 1490 222
3 1005 222 3097
3 1106 1005 3097
3 2019 1005 1106
3 944 1857 1255
3 2506 1816 2418
3 815 3030 2693
3 667 2230 613
3 667 613 3021
3 2230 1942 613
3 3021 613 707
3 1570 2490 1817
3 1570 581 2490
3 2490 581 356
3 841 2924 364
3 841 364 530
3 2647 2456 841
3 2422 835 1082
3 2422 1082 2959
3 2422 2959 2233
3 961 835 2422
3 1082 835 787
3 961 787 835
3 1720 1789 2005
3 1789 897 2005
3 2005 897 463
3 2005 463 2632
3 2670 3012 636
3 2670 636 2632
3 2670 2632 1578
3 1260 2143 1610
3 2725 2675 894
3 2725 2603 1474
3 2725 1474 2675
3 585 1333 894
3 585 894 2675
3 1474 3007 2675
3 894 1333 217
3 749 217 919
3 2675 932 585
3 2763 1765 1378
3 2576 176 287
3 1088 287 2056
3 1088 2576 287
3 2576 231 176
3 879 176 231
3 879 1157 176
3 176 1157 287
3 287 1157 2056
3 1558 2588 1608
3 274 1608 2588
3 434 1154 1473
3 434 1473 2476
3 1473 1154 2037
3 1154 434 123
3 2990 1154 123
3 2990 123 2135
3 2037 3127 1120
3 166 1213 2949
3 2592 476 1002
3 1002 476 1992
3 1409 407 2765
3 2765 407 2061
3 1409 1065 407
3 407 1065 993
3 407 993 2061
3 2694 1409 2765
3 2940 1409 2694
3 1623 2694 2765
3 1623 2765 1544
3 1622 1690 982
3 1690 2951 2947
3 1690 2947 982
3 558 2713 1958
3 2908 1384 182
3 2146 182 1384
3 1396 2762 2511
3 225 924 1396
3 225 912 924
3 293 2711 810
3 1083 3065 1176
3 1771 2198 1553
3 1553 2417 1272
3 1932 2621 67
3 785 1932 2416
3 785 2621 1932
3 2621 3078 3022
3 3022 1327 2621
3 3022 3055 1327
3 2354 1505 1674
3 2984 2793 750
3 750 2793 1632
3 750 1632 1737
3 2636 2461 2935
3 2636 408 2461
3 2966 2461 408
3 3054 2966 534
3 2634 3054 534
3 1387 2530 1661
3 1661 2530 1726
3 2958 1743 1159
3 1159 1743 1357
3 2165 2736 1357
3 1949 1348 719
3 222 609 257
3 222 257 3097
3 1573 216 1723
3 1573 1723 1642
3 1642 743 1573
3 1573 609 216
3 216 692 1723
3 2664 2693 3030
3 2699 3030 2452
3 1636 843 3088
3 3088 2782 1636
3 481 1942 2281
3 2281 2970 481
3 1942 481 707
3 1942 707 613
3 2281 893 2970
3 2281 581 893
3 1801 400 1783
3 1801 1783 1953
3 1783 400 1730
3 1783 422 2518
3 2339 2202 2959
3 2233 2959 2202
3 1605 2959 2627
3 903 1605 2627
3 852 903 2627
3 1954 2627 2959
3 399 852 2627
3 399 2627 1954
3 399 1954 2143
3 439 399 2143
3 399 439 852
3 2042 1260 919
3 1333 1300 217
3 217 1300 1770
3 55 2210 2247
3 1100 2210 2197
3 1289 454 2160
3 454 1289 1100
3 454 1100 886
3 454 886 2731
3 1883 2731 886
3 1336 1215 247
3 247 623 1336
3 247 1215 2731
3 623 247 2731
3 2056 1449 1088
3 1449 1669 1088
3 1669 1449 75
3 2150 597 2056
3 2056 597 1449
3 402 2631 2267
3 1386 2476 2178
3 807 543 2476
3 2178 2476 543
3 807 443 2021
3 1664 807 2021
3 443 807 17
3 2021 443 1248
3 394 2892 1840
3 560 394 1840
3 1840 421 560
3 2524 537 3036
3 1089 1774 1313
3 1992 1774 1002
3 2437 739 1481
3 2726 1443 325
3 325 1443 792
3 2048 792 1443
3 2203 549 2605
3 2605 549 1270
3 549 2726 1270
3 3025 1270 2623
3 1270 3025 2605
3 2713 558 2805
3 2805 558 2972
3 1939 1434 1574
3 28 1574 474
3 28 474 2146
3 1574 28 1939
3 2698 1193 587
3 587 1193 2158
3 759 1193 2698
3 2845 795 2862
3 2845 2862 2762
3 1890 2863 2534
3 2534 2863 1980
3 1450 1274 521
3 1274 1450 1744
3 1453 1907 2290
3 3002 890 2416
3 208 2416 890
3 1869 1338 404
3 1869 404 1520
3 571 1520 404
3 571 404 2109
3 2109 404 1338
3 1520 3055 1869
3 1338 1869 2553
3 1338 2553 1123
3 1123 2553 3087
3 2553 1869 3055
3 2553 3055 590
3 590 3055 679
3 590 679 2354
3 1070 1655 2638
3 2270 1321 1655
3 1655 1321 1192
3 1703 1185 1737
3 643 362 2025
3 3090 650 2748
3 2748 650 2359
3 503 2811 3077
3 503 3077 1234
3 503 1080 2811
3 1187 2231 2811
3 2985 2590 2298
3 2664 228 2369
3 228 2664 2088
3 1582 228 2088
3 1913 2310 1053
3 2069 2310 1913
3 1053 1557 1913
3 2154 2742 2604
3 2604 2742 704
3 2604 704 58
3 58 186 2604
3 2604 186 2154
3 1636 2782 2970
3 2970 1526 1636
3 68 1953 2407
3 2973 2518 3061
3 2890 2412 1385
3 1385 2412 2921
3 1691 2434 1683
3 2028 214 2768
3 2028 2932 3048
3 2768 214 676
3 2247 2586 2678
3 2519 2717 864
3 3005 985 2519
3 3005 2519 864
3 75 2496 578
3 425 578 2496
3 1979 2885 2686
3 1927 1979 2686
3 1927 612 1979
3 763 625 612
3 625 3024 1979
3 625 1979 612
3 1465 2971 2809
3 268 2021 1248
3 268 1248 1990
3 268 1664 2021
3 1175 205 3080
3 1175 1565 205
3 2574 3080 2229
3 2229 2156 2574
3 619 2308 2241
3 414 616 1863
3 2437 1627 1863
3 1863 1627 414
3 616 2374 1863
3 2374 739 1863
3 2437 1863 739
3 2776 1364 604
3 604 1235 1767
3 604 1767 2776
3 1090 2776 1767
3 2776 1090 490
3 2605 851 1862
3 2605 1862 490
3 1862 1209 2444
3 1862 2444 2268
3 842 2216 2620
3 1707 2240 2901
3 795 1707 1961
3 1961 1707 1317
3 1317 1707 2901
3 1920 2846 971
3 971 1374 15
3 1676 15 1374
3 1676 1374 1193
3 1193 1374 2158
3 1834 2846 96
3 1834 96 370
3 1834 370 1374
3 2158 1374 370
3 1930 801 2843
3 2843 622 1930
3 1930 622 2440
3 1434 2698 587
3 587 2843 1434
3 1434 2843 801
3 801 1930 474
3 474 1930 357
3 474 357 2146
3 2440 357 1930
3 2843 587 2158
3 1823 15 1676
3 15 1823 971
3 1920 971 1823
3 1024 3067 278
3 2333 278 3067
3 1024 278 2216
3 600 1495 1117
3 1037 1853 1027
3 2212 1554 296
3 2212 296 1195
3 2040 1554 2290
3 98 323 1946
3 1946 323 2290
3 1946 2290 2914
3 1555 3002 1498
3 1498 3002 2380
3 2380 1887 238
3 238 1498 2380
3 853 2380 3057
3 853 3057 361
3 853 361 1887
3 3083 1887 361
3 853 1887 2380
3 2638 1855 1130
3 2638 1130 37
3 3057 37 859
3 37 1130 859
3 870 606 2834
3 606 1253 2834
3 2516 2705 1185
3 2516 892 2705
3 2913 2108 427
3 2583 1950 1284
3 2583 1637 1950
3 2913 1950 1637
3 701 1284 2748
3 701 2583 1284
3 1284 495 2748
3 84 701 2748
3 1234 2583 701
3 723 2583 1234
3 1934 113 882
3 1934 882 1805
3 2328 1631 1934
3 1934 1631 113
3 2119 2646 882
3 1805 882 2737
3 2231 1076 44
3 2231 44 2646
3 2646 44 1768
3 1768 44 486
3 486 2771 2795
3 2771 486 1076
3 44 1076 486
3 934 996 3034
3 1132 889 1825
3 1936 2008 1405
3 1405 2008 2978
3 1062 1936 881
3 1724 1826 1062
3 1724 1062 881
3 1724 881 2742
3 1826 517 2098
3 943 945 1418
3 2719 2625 110
3 1427 314 1246
3 1246 482 745
3 1246 314 482
3 482 1271 837
3 1271 482 718
3 1464 482 837
3 2517 1464 358
3 1464 837 358
3 3048 1689 2601
3 2601 1689 1163
3 2011 1996 2932
3 2011 2932 91
3 2011 2768 49
3 2701 2011 49
3 3073 49 2768
3 49 3073 2701
3 3073 3043 2701
3 3073 2768 748
3 2556 1648 1205
3 2738 1205 818
3 818 1205 1648
3 3105 2396 2738
3 3105 2738 818
3 3028 2396 3105
3 3024 1591 2032
3 987 1591 763
3 1599 1216 1547
3 1547 1216 145
3 145 1216 965
3 200 2254 2548
3 3126 2548 136
3 926 136 2548
3 926 2548 2971
3 3080 1866 1416
3 1847 21 1588
3 1588 2574 1847
3 1847 2370 21
3 1588 21 2370
3 1588 3080 2574
3 2285 351 3058
3 2696 1444 2018
3 983 1671 2721
3 1612 2067 2558
3 1612 2558 280
3 1698 1235 528
3 528 1235 2055
3 3037 3029 2754
3 3037 2754 1522
3 1522 2754 2622
3 3029 2137 2622
3 3029 2622 2754
3 368 3124 2391
3 2391 920 368
3 2391 2049 920
3 524 99 1422
3 1422 99 2031
3 3106 3066 1852
3 1852 3066 1191
3 2823 115 2579
3 2579 115 2582
3 3083 631 547
3 631 3083 796
3 547 631 2040
3 547 2040 1046
3 547 1046 1989
3 2040 2290 1046
3 2963 1499 254
3 254 1499 2895
3 460 2895 1499
3 264 1488 1727
3 1727 119 240
3 240 119 3006
3 1729 114 2288
3 2288 762 1729
3 427 2108 1533
3 427 1533 741
3 741 1533 2140
3 1533 1909 1736
3 1909 1533 2108
3 2583 723 2489
3 1334 2105 1613
3 1334 1613 665
3 71 1334 1805
3 1805 1334 665
3 1334 1092 2105
3 1346 1864 1092
3 1346 1092 71
3 71 1805 1346
3 1346 1805 2737
3 2646 2918 882
3 882 2918 2737
3 1113 300 1818
3 1818 369 1985
3 1985 1206 1940
3 1940 1569 3129
3 1206 1985 1019
3 1206 1019 2918
3 369 1019 1985
3 300 1113 2360
3 1113 1227 3111
3 1227 1113 1818
3 1227 1818 1985
3 1227 1985 1940
3 2079 685 3111
3 2079 79 685
3 891 1217 1218
3 891 2587 1217
3 1118 2488 1763
3 1118 1763 191
3 1826 2098 0
3 2797 1826 0
3 2797 0 2488
3 3092 1201 814
3 3092 1324 2030
3 546 2030 1324
3 662 1228 995
3 1715 2030 1228
3 1511 1246 745
3 2211 1511 745
3 2619 1511 2211
3 2619 2625 1511
3 1511 2719 1246
3 2619 2211 1856
3 2517 181 1856
3 817 1066 2149
3 817 2149 772
3 789 2063 877
3 789 877 2954
3 1749 1656 2179
3 1937 1478 1996
3 1996 755 1937
3 1937 3098 1960
3 1937 1960 1478
3 1937 755 2175
3 755 3043 2175
3 2735 1572 3001
3 3001 1728 1493
3 1493 1728 1667
3 290 1493 1667
3 1782 1493 290
3 1782 3001 1493
3 1728 3001 1572
3 2396 740 1886
3 2396 1886 2738
3 2738 1886 1782
3 2166 1075 126
3 2669 2068 1042
3 2669 1042 433
3 433 1859 2669
3 2669 1859 333
3 1547 856 1599
3 200 620 3038
3 620 200 2548
3 620 2548 2658
3 1210 2827 3089
3 199 1416 1531
3 1843 1596 1952
3 1596 1843 711
3 2370 1952 1596
3 337 2018 2512
3 1847 337 2370
3 2018 1223 2512
3 1444 2721 1566
3 2952 10 1879
3 1879 10 502
3 1879 502 1928
3 1928 502 1915
3 10 2952 2438
3 1678 1152 167
3 1152 1678 2484
3 167 173 1678
3 1678 173 2799
3 2799 173 2957
3 1732 457 297
3 1796 1732 297
3 1796 297 1929
3 430 1796 1929
3 430 1929 1413
3 457 2484 46
3 297 457 46
3 297 46 1929
3 1929 46 2799
3 1929 2799 2957
3 1929 2957 1413
3 1413 2724 430
3 430 2724 449
3 430 449 1796
3 457 1732 2484
3 46 2484 2799
3 2439 2400 720
3 2013 681 426
3 491 2651 426
3 2561 1663 593
3 420 499 2323
3 499 420 2314
3 2314 1344 499
3 1344 2323 499
3 2191 2323 460
3 460 2075 2191
3 2075 1710 2191
3 2075 1499 2963
3 480 2963 2209
3 1438 2645 1016
3 760 2653 2468
3 2468 2653 2888
3 23 2572 2366
3 23 142 2572
3 142 23 2428
3 307 1967 3076
3 307 850 1967
3 1686 1967 762
3 1876 2258 1456
3 1456 2258 432
3 1876 1686 2258
3 2258 2288 432
3 1700 1343 1786
3 1786 1456 1126
3 80 1126 432
3 1456 1786 1876
3 1343 1876 1786
3 1876 1343 3084
3 1686 1876 3084
3 2441 1700 511
3 511 1700 1786
3 511 1786 1126
3 511 1126 80
3 511 80 732
3 511 732 2441
3 2402 2910 2246
3 2057 2083 1906
3 1906 2083 1910
3 741 2140 1115
3 2219 308 1981
3 2140 308 2139
3 308 2219 2139
3 2415 2141 1138
3 2807 617 2360
3 2807 2360 3111
3 390 1818 300
3 390 300 2360
3 390 583 1019
3 390 1019 369
3 390 369 1818
3 79 1217 685
3 2587 3032 1217
3 1217 3032 685
3 2772 458 2861
3 2567 2861 458
3 2207 1922 1105
3 343 540 1129
3 540 343 1625
3 607 757 2495
3 2495 2123 607
3 130 607 2123
3 607 1536 757
3 1536 607 2687
3 83 1314 1399
3 83 3060 1314
3 651 3009 2256
3 1491 2470 1365
3 1491 1365 2542
3 8 2470 2597
3 8 220 2470
3 220 8 2431
3 2431 2954 1419
3 1635 1419 385
3 1635 385 1142
3 2660 304 1790
3 304 1969 1790
3 1630 1790 1886
3 1790 1630 2660
3 304 2660 1969
3 1790 1969 1886
3 2766 1293 1867
3 433 1042 1301
3 1859 433 1301
3 1859 1301 883
3 1091 156 11
3 1125 2174 1705
3 1125 1705 717
3 2902 1705 2960
3 1139 2004 568
3 568 2004 2755
3 1547 2004 1139
3 1547 1139 856
3 1658 265 2785
3 1658 2785 907
3 907 2755 1658
3 1658 2755 265
3 1345 1704 1412
3 577 2512 753
3 577 753 1952
3 1952 753 1843
3 2346 445 2512
3 2512 445 753
3 753 445 603
3 2521 2886 780
3 1928 1061 2780
3 2438 1915 502
3 2438 502 10
3 2661 2594 2541
3 2541 431 139
3 239 3037 1152
3 1677 3047 1470
3 3110 1796 449
3 1796 3110 1732
3 1420 3069 2235
3 1420 493 2439
3 1086 3069 1420
3 1086 1420 2439
3 1668 2956 462
3 3069 462 2956
3 1595 2906 395
3 1595 395 1668
3 1595 1668 2988
3 2906 1595 319
3 1595 2988 319
3 2447 2830 491
3 2651 491 171
3 2651 171 2988
3 2830 171 491
3 2561 2743 2783
3 1299 2250 582
3 1516 112 2183
3 2183 1710 1516
3 1516 1710 646
3 112 140 2183
3 1710 2183 2191
3 2191 2183 2323
3 141 2963 1868
3 3085 141 1868
3 1200 1439 1972
3 760 2468 1244
3 1532 1827 2888
3 2557 3076 515
3 2253 2557 515
3 2253 515 2301
3 1700 348 1343
3 348 3084 1343
3 1256 2301 371
3 371 515 3076
3 515 371 2301
3 2803 2242 256
3 256 2242 2059
3 256 1620 2803
3 187 964 2965
3 964 1482 2965
3 3103 2168 2321
3 3103 2321 2993
3 2993 1560 2220
3 285 2772 179
3 1590 285 179
3 285 1590 2189
3 285 2189 729
3 285 729 2772
3 2772 935 179
3 858 1524 773
3 1074 1896 2599
3 252 1074 2599
3 252 2599 1252
3 252 1252 2791
3 252 2791 1243
3 252 1243 1074
3 1896 2495 757
3 2832 874 1314
3 2832 1238 874
3 1034 1893 805
3 2343 1463 981
3 981 1463 1508
3 2933 1694 302
3 2933 974 1694
3 1694 1296 302
3 326 2728 2332
3 2728 1629 1679
3 1679 237 2728
3 2728 237 671
3 2728 671 2332
3 2728 326 1629
3 1629 220 1679
3 1679 220 2431
3 2824 2766 302
3 2023 2824 1296
3 2933 302 2766
3 475 1457 1440
3 1440 1457 16
3 1552 1515 2753
3 1515 1616 2753
3 2068 1758 1042
3 1042 1758 1301
3 11 3041 1091
3 338 580 1638
3 580 2715 1638
3 580 338 29
3 779 2585 717
3 1785 2174 321
3 806 1785 2571
3 907 2785 2571
3 2571 512 2435
3 512 2785 193
3 512 193 2435
3 2571 2785 512
3 2785 3089 193
3 1628 3096 779
3 3096 2886 938
3 938 2886 605
3 938 605 2691
3 1061 1122 595
3 1061 595 2780
3 2578 1708 602
3 2853 1757 88
3 22 1735 1762
3 1762 1735 1510
3 1735 1619 1598
3 1510 1735 1598
3 1510 1938 1762
3 1762 88 22
3 1735 22 1757
3 1735 1757 1619
3 461 1432 3047
3 1432 1470 3047
3 2662 2565 2681
3 2641 2681 2565
3 3070 2235 2111
3 2235 3070 1943
3 493 2235 1943
3 395 652 36
3 395 36 2956
3 2783 2743 158
3 2429 158 2743
3 791 2942 2003
3 2003 320 2169
3 320 2003 2942
3 791 1974 2336
3 2942 791 2336
3 2942 2946 2727
3 2942 2727 1232
3 1232 2727 1977
3 1200 1244 1240
3 1240 2727 1439
3 2779 2508 2113
3 2026 2779 2113
3 1377 2746 1603
3 1603 2026 2113
3 2130 526 2113
3 2026 1603 2746
3 2026 2746 2077
3 1377 722 1189
3 1377 1451 722
3 1451 1377 1603
3 1451 1603 526
3 1451 526 2130
3 250 2874 1577
3 250 1577 635
3 250 635 2877
3 1577 2874 844
3 1467 2685 844
3 844 2685 1577
3 1577 2685 635
3 2877 635 2575
3 909 2575 635
3 909 2997 2575
3 909 635 2685
3 2685 904 909
3 909 904 2997
3 2425 899 1033
3 899 2301 1033
3 1462 1135 3082
3 3082 1135 2938
3 2053 2291 2849
3 2849 2291 2803
3 2554 2393 2879
3 2242 551 761
3 761 551 2277
3 2291 2934 2242
3 108 551 2934
3 2242 2934 551
3 551 108 2277
3 1266 2001 349
3 1482 3103 366
3 1482 366 1448
3 1448 366 3013
3 1824 2224 632
3 1824 632 3103
3 2993 2220 567
3 2993 567 1824
3 2993 1824 3103
3 1824 567 2224
3 2224 567 2329
3 2220 2948 567
3 567 2948 2329
3 640 128 484
3 128 640 504
3 128 504 1184
3 1184 148 128
3 128 148 484
3 2628 2770 124
3 2628 124 1144
3 1238 2832 1375
3 1238 1375 2599
3 976 2689 2421
3 976 1832 2689
3 2689 1832 2455
3 1008 2515 1048
3 1048 2515 162
3 2316 1048 162
3 1048 2316 1777
3 1048 1777 14
3 14 1008 1048
3 14 1777 1508
3 317 2535 1580
3 317 1580 765
3 2404 1964 2101
3 1964 1587 2272
3 2904 518 1811
3 1430 518 3101
3 2904 1167 1797
3 1797 1167 702
3 1797 2475 2868
3 1797 702 2475
3 2568 3096 938
3 2568 938 2691
3 1067 2667 435
3 435 2667 2994
3 12 2981 1171
3 12 798 1476
3 2309 2810 367
3 777 1998 927
3 1998 1919 927
3 777 927 1514
3 777 328 709
3 777 709 1998
3 1998 709 565
3 565 1919 1998
3 927 1919 1872
3 2578 565 709
3 3000 1755 152
3 1881 1563 1755
3 3000 377 1755
3 1755 377 56
3 1755 56 1881
3 1881 56 2578
3 1755 1563 152
3 3132 2662 1718
3 1682 1872 1718
3 1682 1718 2662
3 286 111 2681
3 409 286 2681
3 409 2463 286
3 2463 900 286
3 111 286 900
3 2111 2956 1397
3 2111 1397 2815
3 2111 2815 1219
3 857 2492 215
3 751 215 2492
3 857 215 1221
3 1221 215 697
3 697 76 1221
3 1594 25 2942
3 25 3095 2169
3 3095 25 1594
3 1240 1406 2727
3 2727 1406 1286
3 3131 2844 1461
3 1189 550 2746
3 2077 2746 550
3 2575 387 59
3 2575 59 2877
3 2575 340 387
3 2879 3082 2938
3 2879 2757 2347
3 1585 3049 1611
3 949 1802 3049
3 1712 3049 1802
3 378 632 2224
3 129 378 2224
3 129 775 378
3 378 775 1302
3 378 1302 632
3 1858 1382 836
3 2613 836 1382
3 483 1398 963
3 483 963 2613
3 504 1734 1184
3 2455 2385 93
3 2455 65 2385
3 1971 2385 65
3 2689 2455 93
3 661 2147 1587
3 444 2835 1340
3 1424 34 2835
3 298 2835 1202
3 948 1202 2937
3 1202 948 298
3 298 948 1340
3 298 1340 2835
3 2835 444 1068
3 2835 1068 1424
3 1424 1250 1156
3 1424 1156 34
3 2835 34 1202
3 2344 1340 1355
3 644 2478 1626
3 644 235 202
3 1835 2283 654
3 1835 2994 2283
3 2161 2866 1236
3 2866 2161 2810
3 54 2492 1358
3 2673 2936 2010
3 2673 2010 2381
3 1579 2010 2128
3 2010 1579 347
3 868 347 1579
3 1010 2818 164
3 2818 2358 2338
3 2818 2338 164
3 2818 1010 529
3 2818 529 2510
3 2818 2510 3100
3 529 1010 2703
3 529 2703 2941
3 2844 576 615
3 2393 2775 2941
3 1585 1349 2775
3 1486 2485 2510
3 2006 1905 1328
3 2112 2826 2739
3 2826 2112 2882
3 2826 2882 1639
3 1539 1173 2995
3 2995 1173 2695
3 2695 1914 2995
3 2995 1914 655
3 655 1914 1830
3 1830 1914 2550
3 2817 1602 2550
3 2817 2533 1602
3 2163 2297 477
3 2700 2185 2221
3 2700 2163 1224
3 1381 100 1982
3 1982 100 3072
3 1311 203 1177
3 444 556 1068
3 2878 161 1709
3 1709 744 2878
3 744 3108 2903
3 295 744 2903
3 235 738 2504
3 1626 563 738
3 563 1626 1283
3 1283 1626 1609
3 2616 1509 1583
3 1583 1446 1609
3 1583 1609 273
3 1640 1583 273
3 1583 1640 245
3 2616 1583 245
3 2616 2228 1509
3 1509 1446 1583
3 2372 599 2663
3 1012 149 599
3 599 149 2663
3 1362 1747 1542
3 1362 1542 2917
3 1362 2917 1917
3 1362 1917 2967
3 1484 1362 2967
3 1362 1484 1747
3 2170 2460 1298
3 492 3100 954
3 492 954 2103
3 529 2181 2510
3 2047 954 2006
3 954 2047 2103
3 2606 2047 2006
3 1361 339 2446
3 2633 1417 1441
3 2633 2995 1417
3 1417 669 1441
3 1417 2995 1197
3 1170 2722 956
3 66 1170 956
3 700 1798 1015
3 700 972 1798
3 1798 2335 1015
3 2364 846 1257
3 352 1257 846
3 1257 352 1226
3 1226 352 1032
3 1388 2121 2070
3 1833 455 1517
3 1517 455 1452
3 455 1833 45
3 455 45 1452
3 45 563 1452
3 1452 563 1283
3 1517 3042 1833
3 45 1833 288
3 45 288 563
3 2923 3014 758
3 149 1012 2923
3 149 2923 2172
3 1341 1145 1800
3 1341 1800 2744
3 2744 1800 1329
3 2744 1329 2828
3 1747 2828 94
3 1484 2967 608
3 2552 1368 1147
3 1147 1368 941
3 941 1368 48
3 48 1368 923
3 2121 1388 941
3 2007 1389 3014
3 1441 1226 1032
3 669 1226 1441
3 1621 908 2335
3 908 1739 689
3 1739 908 1621
3 908 689 2722
3 1975 1237 3112
3 1975 3112 2775
3 2675 3007 3113
3 2675 3113 932
3 3047 1806 3114
3 3047 3114 3132
3 884 2760 3116
3 884 3116 2514
3 2566 3130 3115
3 2566 3115 990
3 2188 3019 3133
3 1839 1779 3118
3 1839 3118 2018
3 1694 2542 3119
3 1694 3119 2348
3 2173 2237 3117
3 2173 3117 2837
3 1804 3062 3121
3 1804 3121 1846
3 2469 2080 3123
3 2469 3123 2093
3 886 2176 3120
3 886 3120 1883
3 1643 1379 3122
3 1643 3122 895
3 78 2724 3124
3 78 3124 1422
3 1315 3131 3125
3 1315 3125 1244
3 1227 1940 3129
3 1227 3129 3111
3 1154 2990 3127
3 1154 3127 2037
3 165 2658 3126
3 165 3126 601
3 2529 2752 3128
3 2529 3128 2788
