ply
format ascii 1.0
comment Generated by PyMesh
element vertex 1489
property float x
property float y
property float z
property float charge
property float hbond
property float hphob
property float iface
property float nx
property float ny
property float nz
element face 2974
property list uchar int vertex_indices
end_header
46.271 36.252 26.773 -0.850626 0 -3.5 0 -0.704837 -0.00354285 -0.70936
48.9375 37.144 43.424 -0.741536 0 -0.311492 0 -0.698946 0.336897 -0.630852
53.132 34.041 37.211 -0.55347 0 4.2 0 -0.806882 0.348048 -0.477288
64.3865 33.3635 43.5695 -0.3973 0 -0.7 0 0.551632 -0.818951 0.158179
61.3155 30.712 29.5635 -0.42386 0 -3.5 0 0.202426 0.485492 -0.850483
52.7055 33.712 50.3255 -0.104239 0 3.8 0 0.3785 -0.373256 0.847005
64.449 33.564 47.0145 -0.166255 0 -0.7 0 0.364736 -0.674123 0.642282
66.243 39.895 35.4705 -0.281985 0 3.8 0 0.478552 -0.774699 -0.413316
51.4695 31.3995 39.6465 -0.695878 -0.454072 2.90357 0 -0.68588 0.697802 -0.206498
53.1415 36.95 27.054 -0.0392153 0.321042 -0.862391 0 -0.100002 -0.774582 -0.624517
57.364 30.151 28.2705 -2.7701 -0.546688 -3.5 0 -0.887134 0.394888 -0.238863
49.684 37.588 25.384 -0.15722 0 -3.5 0 0.0313041 0.116532 -0.992693
61.5275 42.899 25.255 -0.197847 0 3.8 0 0.419381 0.883532 0.208546
62.244 31.615 42.255 -0.0227412 0 4.5 0 0.445471 -0.773783 0.450351
49.486 50.018 42.951 0.277499 0.494611 -4.5 0 0.425207 0.119455 0.897179
55.6225 31.549 44.3785 -0.11751 0 4.5 0 0.444041 -0.347408 0.825915
67.327 43.5315 39.392 -0.760327 0.788447 -0.8 0 0.961236 -0.250907 -0.114333
56.646 28.646 29.494 -1.46873 -0.188288 -3.5 0 -0.909344 -0.204142 0.362519
47.918 51.296 42.131 0.190207 0.296898 -4.5 0 -0.553653 0.291166 0.780186
61.6775 51.4345 35.6835 -0.376926 0 -3.5 0 0.430809 -0.431621 -0.792532
66.2635 33.54 32.3365 -0.23975 -0.211706 -0.579771 0 0.942164 0.244163 0.22959
65.1485 25.166 32.6265 -0.995293 0 -3.5 0 0.940926 -0.309631 0.137063
48.7455 44.2205 44.916 0.00615252 0 1.9 0 -0.443133 0.807756 0.388798
52.7975 34.4475 31.4805 -0.496711 0 3.8 0 -0.565492 -0.162508 0.808585
45.927 39.3005 30.8428 0.404267 0.652492 -3.5 0 -0.955973 -0.287517 0.0587378
57.9695 41.3365 50.989 1.63955 0 -3.9 0 0.175603 -0.581116 0.794649
53.83 51.3225 35.941 -0.0784791 0 -0.663776 0 0.0385159 0.94131 0.335337
47.77 40.9835 26.7703 0.2122 0 -3.5 0 0.360312 -0.179846 -0.915331
49.4748 42.1442 26.1968 0.0580759 0 1.8 0 -0.317625 0.0346441 -0.947583
65.2002 42.0708 30.5125 -0.241109 0 3.8 0 0.998702 0.0508641 0.00270667
65.6385 36.1765 36.12 -0.690634 -0.892526 4.2 0 0.463856 0.0774972 -0.882514
63.6175 26.6305 36.0585 -0.00171951 0 -3.5 0 0.623897 0.0482336 0.780017
49.467 47.0768 27.8125 -0.179449 0 -0.7 0 -0.0100215 0.359634 -0.93304
67.2343 42.595 42.24 -0.382629 0 -0.8 0 0.921494 -0.355232 0.15703
56.2885 44.541 50.162 1.31684 0.147416 -3.9 0 -0.487101 0.872471 -0.0390892
66.755 46.268 42.7355 0.255533 0 -0.8 0 0.642497 0.689585 0.33417
46.2095 36.3792 29.9042 -2.04657 -0.381536 -3.5 0 -0.63943 -0.139157 0.756151
66.9175 37.6565 37.6533 -0.576652 -0.688833 3.33423 0 0.666151 0.1555 -0.729427
55.541 44.5617 43.5283 -0.369685 0 4.5 0 -0.0309293 0.406978 0.912914
57.1585 40.2305 50.0585 0.264567 0 -3.9 0 -0.0193335 -0.770757 0.636836
55.013 39.2912 41.561 -0.453651 0 4.5 0 -0.310045 0.217479 -0.925514
54.429 44.327 49.2518 -0.246872 0 -3.5 0 0.364477 0.667678 0.649125
51.9835 30.9465 34.8478 -0.44425 0 1.8 0 -0.479336 0.521908 -0.705584
48.8867 34.885 49.857 1.42545 0 3.8 0 -0.20985 -0.183879 0.960287
61.9365 39.0648 22.9625 -0.241056 0 3.8 0 0.290194 -0.713028 -0.638262
43.51 41.4162 29.7593 -1.40279 -0.428435 -3.5 0 -0.674541 0.0429437 0.736988
47.035 42.188 32.995 -1.18668 -0.597743 -0.7 0 -0.139604 -0.0516514 0.988859
62.313 35.5045 27.6415 -0.780451 -0.646289 4.2 0 0.741917 -0.624707 -0.243519
46.4847 47.4825 35.1297 -0.272229 0 -0.630311 0 -0.702454 0.203711 0.681953
51.1361 29.6215 45.1191 0.795309 0.645243 3.89708 0 0.298767 -0.595093 0.746058
50.861 27.916 43.753 -1.27516 -0.462981 -0.8 0 -0.138278 -0.441944 0.886321
44.054 40.081 29.0235 -1.1224 -0.0950365 -3.5 0 -0.564883 -0.784417 0.256119
63.0685 50.2757 44.181 -0.688514 0 -3.5 0 -0.15282 0.988063 -0.0194329
56.899 50.126 33.361 -0.126675 0 1.8 0 0.912311 0.226749 -0.340988
56.527 45.619 30.1632 -0.202325 0 3.8 0 0.496777 0.201483 -0.844167
61.223 47.162 45.498 -0.543112 -0.687868 -3.5 0 -0.789197 0.103205 0.605407
51.1353 50.258 33.1253 -1.22904 -0.0165624 1.8 0 -0.653044 0.713595 0.253604
49.328 33.4897 42.5488 -0.598673 -0.0974852 2.11089 0 -0.0167751 0.572902 -0.819452
49.1603 44.0815 35.1522 -0.716998 0 -4.5 0 -0.438947 -0.895528 -0.0731764
66.5368 43.033 43.8737 -0.0266564 0 -0.8 0 0.467309 -0.25474 0.846599
51.7295 26.5455 41.954 -0.606734 0 -0.8 0 -0.503311 -0.741689 0.443369
48.0132 36.5083 43.443 -0.858378 0 -0.4 0 -0.346593 0.598226 -0.722495
64.7345 25.6635 30.6275 -1.20596 -0.761908 -3.5 0 0.703816 0.130597 -0.698275
45.173 43.11 27.071 -0.502917 0 -3.5 0 -0.0419725 0.993683 -0.104078
62.0575 29.258 27.9765 -0.342317 0 -3.5 0 0.866235 0.165584 -0.4714
48.4665 40.1948 44.7248 -0.456114 0 1.9 0 -0.914271 -0.40494 -0.0114581
66.4835 31.703 30.2225 -0.295087 0 -0.7 0 0.521314 0.202463 -0.829
58.4235 26.827 42.2267 -0.151592 0 3.8 0 -0.448598 -0.0480076 0.892443
56.3732 47.6113 32.4002 -0.410816 0 3.8 0 0.525902 0.610643 -0.592066
63.24 31.785 42.191 -0.1054 0 4.5 0 0.392614 -0.79438 0.463481
50.615 48.1135 30.7575 -0.270169 0 -0.7 0 0.0868746 0.930165 -0.356716
56.4058 48.6312 32.858 -0.227355 0 2.79307 0 0.573976 0.358209 -0.736368
52.195 29.344 44.446 -0.0816243 0 4.5 0 0.396462 -0.55229 0.733344
54.423 40.3322 24.049 -0.266768 0 -0.7 0 -0.7375 0.387663 -0.553002
65.0273 35.5588 46.8553 -0.232872 0 -0.7 0 0.470792 0.402294 0.785184
54.4085 47.8973 42.0348 -0.384937 0 -0.7 0 -0.625962 -0.219861 0.748219
64.181 36.1555 46.851 -0.761153 -0.0141699 -0.7 0 0.513957 0.460968 0.723433
57.7685 30.9867 27.8503 -2.20342 -0.821529 -3.5 0 -0.927382 0.315177 -0.201558
65.179 49.217 43.735 -1.34174 -0.376098 -3.5 0 0.785207 0.445453 -0.430141
45.7808 37.2925 46.2202 -1.76817 -0.72624 -0.4 0 -0.784795 0.524088 0.330798
51.0025 40.2762 35.985 -0.515059 0 -0.9 0 -0.068054 -0.973253 -0.219424
63.8623 25.6699 35.607 -0.143948 0 -3.5 0 0.686626 -0.238323 0.686838
55.798 32.6935 32.9972 -0.447973 0 3.8 0 -0.937327 -0.0154542 0.348109
45.2425 35.9495 29.0285 -1.68711 -0.781489 -3.5 0 -0.936919 -0.0960428 0.336094
58.6775 35.649 36.3325 -0.389852 0 4.2 0 -0.808227 0.392303 -0.439167
44.592 41.392 30.298 -0.773994 0 -3.5 0 -0.658238 0.0328365 0.752093
50.7375 32.6825 47.8625 -0.00580777 0 3.8 0 -0.0920103 -0.895611 0.435219
50.3675 28.563 40.0885 -0.861509 -0.455967 0.510597 0 -0.954367 -0.255059 0.155336
59.4082 39.4383 24.1265 -0.282744 0 3.8 0 -0.245534 -0.798075 -0.550263
65.56 48.5365 38.804 -0.41292 0 -3.5 0 0.360657 0.929835 0.0730335
60.496 52.7306 38.6385 0.10974 0 -3.5 0 -0.0890984 0.680846 0.726987
62.4515 34.087 46.952 -0.185669 0 -0.7 0 -0.698229 -0.430847 0.571705
49.4976 37.9041 50.8451 -1.03075 -0.659178 -3.5 0 -0.751683 -0.242174 0.613452
61.0628 36.453 46.4995 0.258676 -0.645328 -0.7 0 -0.12908 -0.167788 0.977336
50.9815 43.9427 48.005 -0.0718502 0.118077 -3.5 0 -0.817864 0.451001 0.357347
62.894 25.38 36.1077 -0.138199 0 -3.5 0 0.162416 -0.545336 0.822332
45.7435 45.3945 30.2717 -0.53619 -0.301078 0.355998 0 -0.920214 -0.237527 -0.311107
53.5515 31.119 44.8415 -0.0136672 0 4.5 0 0.345737 -0.504963 0.790872
46.183 38.2595 29.9575 -1.06053 -0.496282 -3.5 0 -0.940783 -0.148811 0.304601
57.2687 29.2195 41.2072 0.043536 -0.0588353 3.8 0 0.195911 -0.211261 0.957595
50.8445 39.0213 52.663 -1.25135 -0.160968 -3.5 0 -0.661168 0.50918 0.550993
49.684 34.892 43.116 -0.575547 0 1.78092 0 -0.127227 -0.0214344 -0.991642
65.8265 31.7435 38.9995 0.267235 -0.029049 -3.32047 0 0.525902 -0.441543 0.726957
52.6097 25.3582 40.408 -0.303051 0 -0.8 0 -0.420233 -0.882119 -0.212767
44.566 29.083 43.715 -0.280504 0 3.8 0 -0.685207 -0.646048 -0.336323
55.847 24.834 35.332 -0.258381 0 1.8 0 -0.543329 -0.835892 0.077959
52.8165 32.5207 30.3678 -0.463776 0 3.8 0 -0.277018 -0.826014 0.490879
58.121 28.3167 31.3013 -0.86636 0 -3.5 0 -0.925655 -0.377215 0.029528
61.8727 48.5265 37.8045 -0.360264 0 -3.5 0 0.329123 0.0721922 -0.941524
53.6647 48.583 42.0895 -0.60083 -0.257464 -3.5 0 -0.45231 -0.462528 0.762551
52.0655 38.6765 26.13 -0.233505 0.266409 -0.7 0 -0.277268 0.0239197 -0.960495
45.6675 34.5275 46.4123 -1.41883 -0.425181 -0.4 0 -0.653485 -0.1789 0.735494
68.6045 40.0542 38.9665 -1.26024 -0.699553 -0.4 0 0.848678 0.513021 -0.128667
56.32 50.475 32.4685 -0.118687 0 1.8 0 0.72043 0.27184 -0.638031
60.721 42.8802 30.443 -0.522338 0 3.8 0 -0.196548 0.829137 -0.523355
49.662 30.1702 38.9365 -1.64612 -0.259787 1.8 0 -0.943558 0.330796 0.0164686
53.0923 47.4302 41.474 -0.441328 0 -2.23747 0 -0.250336 -0.180318 0.951219
60.313 30.6285 28.9745 -1.2392 0 -3.5 0 0.642326 0.590013 -0.489185
49.415 41.5312 32.8102 -0.819824 0 4.2 0 -0.457707 0.446891 0.768631
54.58 43.3105 29.3305 -0.285085 0 1.8 0 -0.116869 0.556222 -0.822775
50.826 47.5285 28.518 -0.227764 0 -0.7 0 0.340097 0.650318 -0.67928
67.9335 47.1068 38.9562 -1.75838 -0.00482438 -3.5 0 0.638102 0.579125 0.507386
51.9375 47.6185 41.1325 -0.765344 0 -3.23217 0 -0.208352 -0.268415 0.940501
60.0405 32.945 29.288 -0.774113 0 4.2 0 0.572298 -0.540466 -0.616742
65.8405 33.6372 33.3565 0.100899 0.080325 -1.75443 0 0.772402 0.588344 0.239263
51.8885 39.5235 52.7393 -1.4702 -0.0641271 -3.5 0 0.0350387 0.810384 0.584851
53.9168 42.2762 39.3895 -0.738916 0 1.20317 0 0.332279 -0.942756 -0.0283106
58.7775 35.4285 35.1255 -0.377658 0 3.8 0 -0.856204 0.467756 0.219361
67.9037 45.4845 42.2375 -0.36566 0 -0.8 0 0.811779 0.555492 0.18012
52.271 33.2658 28.1658 -0.378456 0 3.8 0 -0.486251 -0.393261 -0.780324
65.162 41.151 26.452 -1.09404 -0.283421 3.8 0 0.695043 0.440964 -0.567861
64.373 37.9125 36.46 -0.0118537 -0.0463073 3.96278 0 0.540838 -0.0157987 -0.840978
46.0602 50.5265 32.176 -0.111687 0 1.8 0 -0.411299 0.857592 -0.308818
59.2593 24.935 41.1565 -0.171826 0 3.8 0 -0.144208 -0.893637 0.424991
61.2955 43.3582 37.2352 -0.198185 0 3.8 0 0.331222 0.584322 -0.740851
64.0583 44.9287 30.6068 -0.254541 0 3.8 0 0.359976 0.902664 -0.23583
52.332 47.0385 49.073 -1.92308 -0.604416 -3.5 0 -0.0297412 0.970276 0.240167
60.7255 33.7275 26.0515 -0.415112 0 4.2 0 0.469963 -0.815225 -0.338441
49.1833 43.9188 27.6195 0.251029 0 -0.581879 0 -0.307892 0.370556 -0.876294
61.0635 53.517 37.927 -0.373227 0 -3.5 0 0.0189491 0.818623 0.574019
58.6115 43.8042 45.0005 0.191743 0 4.35005 0 -0.723281 0.462795 0.512528
60.1685 29.9198 26.849 -1.61821 -0.282944 -3.5 0 0.496563 0.254377 -0.82989
54.052 32.1548 28.6577 -0.470281 0 3.8 0 0.270369 -0.869309 -0.413766
52.658 32.7567 49.6712 -0.105394 0 3.8 0 0.49287 -0.776947 0.391704
44.807 28.9265 47.5827 -0.193004 0 3.8 0 -0.570886 -0.331245 0.751242
67.1355 32.268 35.4335 2.06884 0.137099 -3.9 0 0.843165 -0.333387 -0.421812
59.8683 39.2835 48.601 -0.00413385 0 -3.9 0 0.652992 -0.497665 0.570904
54.882 36.1797 47.2593 -0.227374 0 2.88734 0 0.479468 -0.406423 0.777772
50.9642 44.4115 46.9507 -0.239523 0.039197 -3.5 0 -0.873693 0.464667 0.144032
52.981 30.972 34.4823 -0.491496 0 1.8 0 -0.0125681 0.511082 -0.85944
61.4318 49.7923 37.2205 -0.271123 -0.00918687 -3.5 0 0.414085 -0.491767 -0.765963
55.0445 38.736 49.9305 0.0493664 0 -3.5 0 0.836467 -0.390065 0.384931
50.8985 39.2785 33.0363 -0.57566 0 4.2 0 0.11683 -0.551242 0.826126
44.8558 30.1138 47.5353 -0.210634 0 3.8 0 -0.522815 0.484464 0.701398
53.475 34.8828 38.139 -0.536322 0 4.2 0 -0.863219 0.494433 -0.101928
49.8052 38.444 40.722 -0.633213 0 3.8 0 -0.747366 -0.227859 -0.624119
45.8405 37.4615 44.849 -1.54308 -0.947242 -0.4 0 -0.6025 0.719129 -0.346189
51.6375 32.2707 37.276 -0.567453 0 1.8 0 -0.562032 0.79493 -0.228488
64.9857 34.793 35.755 1.31296 0.0207879 -3.9 0 0.454646 0.536376 -0.711054
68.69 39.0913 38.2132 -1.15652 -0.0094925 -0.4 0 0.723214 0.000574548 -0.690624
67.2665 29.7085 32.8295 -0.171548 0 -0.7 0 0.754344 -0.550469 0.3577
52.6382 37.095 52.39 -1.69406 0 -3.5 0 0.517636 -0.760155 0.392706
67.871 32.83 38.1232 1.31715 0.712643 -3.9 0 0.795774 -0.258248 0.54777
44.3985 39.878 28.0018 -0.518842 0 -3.5 0 -0.461115 -0.866676 -0.190381
58.9588 26.2847 36.2687 -0.332997 0 -1.82258 0 0.109788 -0.924973 0.363828
47.9948 44.7407 36.405 -0.719859 -0.679479 -4.5 0 -0.531129 -0.760615 0.373319
47.931 35.6437 42.8665 -0.705519 0 -0.4 0 -0.276118 0.312817 -0.908793
55.4243 42.8835 45.6235 -0.557089 0 -2.48342 0 0.363354 0.912723 0.186846
56.2928 34.2282 28.4743 -0.479934 0 4.16933 0 -0.297765 -0.684167 -0.665772
54.5325 41.4125 26.9335 -0.49904 0 1.46918 0 0.0621133 0.798848 -0.598317
48.9448 51.02 42.477 0.368802 0.460872 -4.5 0 0.283525 0.508697 0.812921
47.8787 40.5353 43.9795 -0.864115 0 1.9 0 -0.741595 -0.559553 0.37005
60.276 24.775 40.5565 -0.175591 0 3.8 0 0.353956 -0.935175 -0.0127531
62.2965 32.329 42.961 0.0220472 0 4.5 0 0.262025 -0.709652 0.654016
57.8325 32.8747 44.1717 -0.0420814 0 2.34177 0 0.29359 -0.649605 0.701298
64.935 50.1395 46.1115 -1.29966 -0.319073 -3.5 0 0.439471 0.550051 0.710147
52.3913 46.768 47.7616 -2.14047 -0.349752 -3.5 0 -0.0728845 0.980239 -0.183902
47.2378 27.986 45.363 -0.225415 0 3.8 0 0.239883 -0.964285 -0.112298
50.096 41.6595 50.3955 -0.829448 -0.381462 -0.8 0 0.134652 0.5947 0.792591
47.128 40.225 42.9085 -1.0406 0 1.9 0 -0.828282 -0.511517 0.228688
54.0605 31.3615 35.601 -0.411008 0 1.97032 0 -0.121455 0.766713 -0.630396
47.895 48.2002 40.313 0.285311 0 -4.5 0 -0.855914 -0.434652 0.280159
53.384 41.7785 27.007 -0.377636 0 1.8 0 0.396549 0.610346 -0.685731
47.286 33.911 48.5525 2.6495 0 3.8 0 -0.57567 -0.700117 0.422422
58.651 33.7873 26.4757 -0.414497 0 4.2 0 -0.228135 -0.671472 -0.705038
45.8063 36.4593 33.6613 -1.70624 -0.323535 -3.5 0 -0.562939 -0.811906 -0.154624
58.026 30.952 26.7485 -1.57121 -0.596588 -3.5 0 -0.571407 0.332813 -0.750153
57.216 35.89 33.103 -0.351242 0 3.75794 0 -0.621316 0.370763 0.69029
58.4588 42.9243 23.8145 -0.193529 0 3.8 0 -0.612861 0.64315 -0.459086
57.1475 31.0688 29.9653 -0.836061 -0.143904 0.018664 0 -0.93511 -0.0486608 -0.351002
64.4735 41.0742 43.6665 -0.288269 -0.80383 3.8 0 0.361175 -0.582579 0.728117
59.754 51.7472 35.5838 0.071105 0 -3.5 0 -0.446779 -0.0303106 -0.894131
65.0295 28.9845 30.8585 -0.312055 0 -0.7 0 0.548668 -0.445212 -0.707637
59.4635 43.6125 50.6825 1.1565 0.0129625 -3.9 0 0.899485 0.252976 0.356273
58.4675 34.461 25.5875 -0.362161 0 4.2 0 -0.582908 -0.332771 -0.74127
51.3032 46.4845 48.4495 -1.73973 -0.424495 -3.5 0 -0.780517 0.585475 0.219117
63.7533 25.6755 30.2523 -1.82112 -0.683321 -3.5 0 0.226371 0.0847469 -0.970347
54.7713 48.156 29.5015 -0.1898 0 3.8 0 0.185874 0.746734 -0.638623
48.311 41.5993 32.5518 -0.827726 -0.220196 -1.03005 0 0.08588 0.195413 0.976954
62.5845 41.6258 22.9013 -0.21503 0 3.8 0 0.67904 0.503022 -0.534672
66.7002 30.7775 37.216 0.815103 0 -3.9 0 0.538018 -0.791862 0.288948
57.1577 27.836 28.9745 -1.53396 -0.137664 -3.5 0 -0.730491 -0.682398 -0.0267391
66.527 37.722 31.264 -0.792578 -0.98221 3.8 0 0.841068 -0.0568547 0.537933
51.9598 33.2323 41.4043 -0.762953 -0.266529 4.10537 0 -0.551569 0.42308 -0.718871
45.214 41.603 31.0725 -0.475101 0 -3.5 0 -0.683483 -0.138394 0.716727
53.277 32.1063 29.5795 -0.458262 0 3.8 0 -0.195828 -0.974613 0.108542
63.0827 50.37 42.9142 -0.332278 0 -3.5 0 -0.172434 0.960253 -0.219501
49.3963 44.223 42.6695 0.1334 0 1.9 0 -0.248306 0.949782 0.190416
63.0955 47.9315 46.75 -1.50717 -0.645655 -3.5 0 0.11793 -0.222484 0.967777
49.3807 52.521 40.959 0.32978 0 -4.5 0 0.637584 0.728538 0.250438
67.548 43.1642 41.3257 -0.24796 0 -0.8 0 0.939946 -0.332182 -0.0784613
61.973 46.9085 46.1452 -0.968128 0 -3.5 0 -0.40734 -0.160789 0.899011
65.3952 29.9013 30.5938 -0.256228 0 -0.7 0 0.31095 -0.501885 -0.807107
62.677 39.7783 23.1357 -0.235742 0 3.8 0 0.796068 -0.338091 -0.501966
56.3112 38.4668 34.0788 -0.774938 0 2.8 0 -0.528349 -0.72338 0.444488
47.2402 52.1615 39.7663 0.31051 0 -4.5 0 -0.873421 0.432945 -0.222921
53.3117 52.0173 38.5025 0.0111854 0 -3.5 0 -0.0395338 0.996117 -0.078663
48.1878 45.9888 38.5298 -0.0438609 0 -4.5 0 -0.837033 -0.350022 0.420548
45.7655 42.769 25.769 0.195387 0 -3.5 0 0.215521 0.809638 -0.545927
46.5115 37.865 45.595 -1.51343 -0.598184 -0.4 0 -0.433542 0.866487 -0.247469
61.5955 54.196 36.757 0.0367655 0 -3.5 0 0.249125 0.951797 0.17894
45.3905 46.9105 29.897 -1.63828 -0.620959 1.8 0 -0.673767 -0.0116811 -0.738852
48.5462 40.1382 40.489 -1.13575 0 1.9 0 -0.534789 -0.645412 -0.545384
54.1915 27.9165 34.7245 -0.375068 0 1.8 0 -0.57635 -0.503708 -0.643505
59.4897 41.0093 50.5373 0.146743 0 -3.9 0 0.731863 -0.298888 0.612408
51.9588 32.897 29.84 -0.448242 0 3.8 0 -0.773936 -0.624036 0.107711
51.811 47.9593 30.5815 -0.326749 0 3.8 0 -0.18839 0.786734 -0.587843
53.623 45.6795 42.3122 -0.360942 0 1.9461 0 -0.3992 0.636526 0.659904
67.1413 33.409 34.824 1.27468 0.895801 -3.9 0 0.66306 0.188091 -0.72455
64.764 24.5042 30.748 -1.73178 -0.0699456 -3.5 0 0.586688 -0.526941 -0.614923
43.249 41.7858 27.6287 -0.989152 -0.404931 -3.5 0 -0.949271 0.242758 -0.199883
63.8787 32.0103 41.1722 -0.188524 -0.381617 4.5 0 0.615018 -0.727045 0.305219
65.4238 48.1717 44.3032 -0.891884 -0.0354432 -3.5 0 0.927806 -0.360545 -0.0958271
57.6587 33.9935 26.5025 -0.411555 0 4.2 0 -0.66818 -0.435282 -0.603379
57.425 48.7402 44.8515 -0.273985 0 -0.7 0 0.186037 0.438574 0.879229
50.0255 43.5757 35.026 -0.836092 0 -4.5 0 -0.736384 -0.661799 -0.140575
63.6582 44.765 36.8985 -0.372743 0 -3.5 0 -0.152353 0.0180062 -0.988162
46.8095 47.1985 29.8048 -0.621275 -0.262591 1.8 0 -0.195481 0.616596 -0.762625
65.6395 48.226 45.3475 -1.56362 -0.0301999 -3.5 0 0.796239 -0.512017 0.322246
51.4095 43.512 26.3477 -0.0398728 0 1.8 0 0.238383 0.434777 -0.868414
43.9975 29.5045 46.7207 -0.229054 0 3.8 0 -0.97624 0.0207286 0.215697
61.865 46.533 36.9415 -0.925558 0 -3.5 0 0.461658 0.125165 -0.878183
56.1423 44.0568 51.3983 2.57328 0.141178 -3.9 0 -0.755068 0.494446 0.430576
44.739 35.1157 44.6063 -1.74401 -0.872655 -0.4 0 -0.935402 0.211774 -0.283151
62.548 27.9587 29.9237 0.260644 0.29552 -3.5 0 0.704115 -0.294377 -0.646192
50.2697 29.9393 45.8688 0.22294 0.337218 3.8 0 0.494095 -0.457731 0.739157
47.0853 50.882 40.224 -0.394884 0 -4.5 0 -0.999677 0.0186447 -0.0172704
46.433 50.468 34.5228 -0.0501868 0 1.8 0 -0.332312 0.729439 0.597902
47.8672 28.22 44.3765 -0.269663 0 3.8 0 -0.0340754 -0.904316 -0.4255
61.992 48.0942 46.7103 -1.87615 -0.617033 -3.5 0 -0.392155 0.0950117 0.914979
58.442 28.7017 26.806 -1.30534 0 -3.5 0 -0.369937 -0.354759 -0.858657
56.7337 29.0028 28.3407 -2.14502 -0.547442 -3.5 0 -0.940888 -0.0151866 -0.338377
53.5467 35.3377 32.0595 -0.473087 0 3.8 0 -0.36103 0.0979617 0.927395
65.8037 40.6165 30.4202 -0.333737 -0.17812 3.8 0 0.871812 0.488871 -0.0308047
57.091 37.4275 47.0755 0.570135 0 1.8 0 0.199369 -0.328094 0.923367
53.961 39.112 41.5935 -0.296889 0 3.8 0 -0.00749182 0.494332 -0.869241
54.62 36.9025 48.239 0.00535376 0 -3.5 0 0.674261 -0.576942 0.460988
64.28 39.5355 26.0795 -0.777891 -0.511195 3.8 0 0.69903 -0.321235 -0.638878
51.1276 41.6418 50.1424 -0.579333 -0.946187 -0.8 0 0.0563355 0.533446 0.843956
64.427 36.796 45.738 -0.677172 -0.141057 -0.7 0 0.681798 0.664689 0.305516
60.43 45.5757 33.812 -0.257223 0 3.8 0 0.955569 0.281864 0.0862587
57.751 29.4387 31.407 -0.85443 0 3.2613 0 -0.867127 -0.491109 -0.0830886
55.435 37.9965 24.0215 -0.569038 0 -0.7 0 -0.142823 -0.63587 -0.758466
66.1835 37.0545 28.1195 -0.208821 0 -0.4 0 0.598196 0.146798 -0.787789
67.6247 36.287 38.1932 -0.247897 0 -0.4 0 0.773424 0.0942066 -0.626849
45.9002 27.9475 44.8438 -0.249295 0 3.8 0 -0.14159 -0.906438 -0.397898
64.2235 26.687 35.1768 -0.0718301 0 -3.5 0 0.877709 0.10237 0.468133
67.1535 45.0455 36.967 -1.69468 0 -3.5 0 0.456012 -0.449587 -0.768066
55.362 37.147 25.983 -0.654386 0 -0.7 0 -0.0267257 -0.945113 -0.325648
52.4055 41.2918 50.1738 0.231311 0 -3.5 0 0.126565 0.468466 0.874369
61.4785 24.1362 33.5392 -0.318074 0 -3.5 0 -0.593852 -0.802138 -0.0625632
58.3265 47.572 32.296 -0.203503 0 3.8 0 0.236067 0.801233 -0.549816
52.508 36.6307 51.196 -0.788318 0 -3.5 0 0.375076 -0.769926 0.516267
48.5778 38.6795 44.8065 -0.744356 -0.170785 2.82812 0 -0.905923 0.116107 -0.407212
52.6632 51.5078 35.5827 -0.421809 0 1.12122 0 -0.108644 0.991113 0.0767556
60.2197 53.683 35.231 0.607533 0.309378 -3.5 0 -0.236501 0.545891 -0.803785
52.3995 43.593 26.9443 -0.100781 0 1.8 0 0.544147 0.611519 -0.574411
53.4755 46.4912 48.5928 -1.80328 -0.0532629 -3.5 0 0.66099 0.71399 0.230891
48.872 51.3375 37.8715 0.556417 0.608807 -4.5 0 0.0931985 0.74368 -0.662008
50.9743 31.4893 37.132 -0.512743 0 1.8 0 -0.777262 0.591234 -0.215189
64.4463 24.4433 34.7868 -0.254979 0 -3.5 0 0.629477 -0.560985 0.537638
47.3613 37.304 35.3805 -2.12054 -0.0335826 -3.5 0 0.227603 -0.295455 0.927849
60.8155 38.82 23.763 -0.226839 0 3.8 0 -0.215593 -0.885583 -0.411414
54.331 41.469 49.4925 0.625383 0 -3.5 0 -0.132332 0.280747 0.950615
57.135 36.8785 32.7982 -0.237583 0 3.0064 0 -0.633032 -0.236572 0.737092
56.3872 35.5295 36.8405 -0.450588 0 4.2 0 -0.0294676 0.741412 -0.670403
57.27 43.351 47.448 0.210576 0 -3.9 0 -0.254786 0.790296 -0.557239
46.267 33.729 46.3343 -1.34648 -0.748956 -0.4 0 -0.620286 -0.258231 0.74065
67.256 41.6305 36.2045 -0.36032 0 3.8 0 0.857862 0.327757 -0.395789
63.858 31.3625 29.559 -0.335501 0 -0.7 0 0.366435 -0.0346247 -0.929799
47.931 41.6893 47.495 0.30592 0 -0.8 0 -0.823006 0.551969 -0.13413
45.975 46.3078 35.1712 -1.06935 -0.543731 -4.5 0 -0.88273 0.000292666 0.46988
49.764 29.4955 37.8807 -1.89213 -0.455235 1.8 0 -0.88499 0.104995 -0.453617
52.9945 41.224 41.619 -0.644594 0 4.5 0 0.0231722 -0.58347 -0.811804
54.71 46.5177 42.622 -0.348883 0 -0.7 0 -0.763395 0.313626 0.564683
55.1915 37.3418 25.0025 -0.884882 -0.647648 -0.7 0 0.0167734 -0.94005 -0.340625
45.1225 47.8903 30.5435 -1.71002 -0.187123 1.8 0 -0.651482 0.55774 -0.514293
65.1413 25.0777 31.5525 -1.84493 -0.0332224 -3.5 0 0.96554 -0.186185 -0.181846
47.9588 38.4238 35.2412 -1.71029 0 -3.5 0 0.434034 -0.104088 0.894863
67.3595 36.838 30.1715 -0.267547 0 -0.4 0 0.972182 -0.0430366 0.230239
50.267 35.9992 26.5837 -0.245574 0 -3.5 0 0.546741 -0.658072 -0.517702
47.5224 48.7433 39.2245 0.362001 0 -4.5 0 -0.982861 -0.182633 0.0250723
51.954 50.6019 40.5358 -0.373088 0 -3.5 0 -0.236419 0.906505 0.349792
61.5737 49.385 40.9757 -1.4111 0 -3.5 0 0.104759 0.930373 0.351329
63.346 37.979 46.012 0.00511575 -0.982449 -0.7 0 0.81751 0.572648 0.0612485
65.9001 45.4108 44.0469 0.0967452 0 -0.8 0 0.331377 0.273668 0.902937
54.5795 28.845 34.517 -0.471392 0 1.8 0 -0.387968 -0.0294163 -0.921203
45.1146 48.3963 33.1701 -0.146854 0 1.8 0 -0.976611 0.0908602 0.194875
65.5863 37.7438 41.8659 -0.268561 -0.293783 0.908732 0 0.561807 0.238519 0.792137
63.9137 39.8177 35.0597 -0.18115 0 3.8 0 0.460956 -0.751798 -0.471507
59.7679 43.6324 25.4541 -0.203528 0 3.8 0 0.0138542 0.944169 0.329171
54.2791 40.2863 35.2514 -0.388878 0 4.2 0 -0.0156166 -0.649877 0.759879
51.0166 30.6647 36.2469 -0.377212 0 1.8 0 -0.836793 0.44241 -0.322569
48.3162 41.2954 40.0229 -0.490223 0 1.42076 0 -0.873614 -0.310245 -0.374894
59.4588 44.5714 31.793 -0.238196 0 3.8 0 0.493457 0.207645 -0.844621
53.9183 34.6387 27.889 -0.269069 0 3.8 0 0.132103 -0.115609 -0.984471
55.706 28.9715 33.9683 -0.38061 0 1.8 0 -0.498378 -0.0303275 -0.866429
55.6906 44.232 29.2346 -0.189239 0 1.8 0 -0.123612 0.540755 -0.832048
45.0617 42.907 29.1978 -0.367431 0 -3.5 0 -0.587148 0.793604 0.159528
60.1144 38.7105 47.4057 0.0747779 0 -3.9 0 0.486663 -0.550095 0.678642
45.576 40.1948 30.4996 -0.0800865 0.15165 -3.5 0 -0.802344 -0.440796 0.40242
55.933 34.8369 33.0281 -0.472243 0 3.8 0 -0.48164 0.418953 0.769741
64.1269 43.7804 32.8366 -0.325801 0 3.8 0 0.210466 0.694889 0.687629
57.3581 29.5891 30.4357 -1.55525 0 -3.5 0 -0.881168 -0.38425 0.275489
55.363 46.7565 43.836 -0.407479 0 -0.7 0 -0.522469 -0.231942 0.820506
59.6157 28.7553 26.6891 -1.20589 0 -3.5 0 0.120501 -0.223781 -0.967162
59.6942 37.8153 46.956 0.301205 0 -3.9 0 0.253904 -0.437578 0.862588
53.0423 44.78 43.2518 -0.461786 0 4.5 0 -0.370025 0.884401 0.284458
46.4848 30.7831 47.3566 -0.176786 0 3.8 0 -0.100414 0.5727 0.813592
52.4224 27.7661 43.3107 -1.34186 0 -0.8 0 0.40617 -0.454102 0.79298
48.472 36.1387 29.577 -0.91059 0 -3.5 0 0.32876 -0.708852 0.624056
47.7012 41.0931 45.0725 -0.0664419 0 1.9 0 -0.883958 -0.389482 0.258691
56.649 42.498 39.5482 -0.395366 0 3.8 0 -0.672718 -0.719199 -0.173792
53.8414 36.922 32.0542 -0.335587 0 3.8 0 -0.208689 -0.0799397 0.974709
50.0791 40.1445 39.023 -0.601013 0 -0.9 0 -0.311902 -0.930355 -0.192761
47.432 38.6465 48.4555 -0.314821 0 1.09917 0 -0.900716 -0.0253595 0.433668
55.0247 33.0466 28.9067 -0.485421 0 3.8 0 0.455809 -0.697913 -0.552408
50.328 36.956 51.248 -1.3398 -0.581841 -3.5 0 -0.569784 -0.486773 0.662117
55.529 31.6005 32.793 -0.493993 0 3.8 0 -0.981325 -0.157373 -0.110609
59.2735 40.0624 23.2271 -0.235792 0 3.8 0 -0.474107 -0.438528 -0.76349
47.2012 30.3808 42.777 -0.370055 0 3.8 0 0.0300697 -0.323052 -0.945903
64.779 26.584 31.132 -1.73992 -0.392551 -3.5 0 0.76887 0.214354 -0.602405
56.8198 34.805 33.9972 -0.423075 0 3.8 0 -0.593261 0.704655 0.389233
67.0993 41.6935 41.8272 -0.255048 0 3.13458 0 0.920764 -0.222122 0.320712
52.404 42.3764 26.5494 0.143152 0 1.8 0 0.440184 0.340363 -0.830898
54.3495 35.5817 37.0714 -0.510446 0 4.2 0 -0.544913 0.686418 -0.48156
56.7012 24.836 34.713 -0.220252 0 1.8 0 0.0178284 -0.967484 -0.252303
47.5583 41.2503 48.4624 -0.0450529 0 -0.8 0 -0.934355 0.32875 0.137489
57.0207 25.4816 33.4576 -0.306524 0 1.8 0 0.00492888 -0.748619 -0.662982
53.0137 35.3882 40.1095 -0.622068 0 3.83066 0 -0.586299 0.100867 -0.80379
48.1405 36.1885 25.4005 -0.311385 0 -3.5 0 -0.0103538 -0.149391 -0.988724
51.6772 28.477 43.968 -1.08405 -0.431974 0.427077 0 0.179057 -0.544583 0.819371
60.6926 42.3824 27.3228 -0.164958 0 3.8 0 0.0358155 0.953677 0.298691
62.9306 27.069 30.4621 -0.610468 -0.243428 -3.5 0 0.474587 -0.0649439 -0.87781
52.533 35.868 50.4625 -0.289497 0 3.8 0 0.447037 -0.302974 0.841644
67.0911 36.4326 41.9084 -0.132912 0 -0.4 0 0.542566 -0.235368 0.806365
59.4499 30.5089 42.2508 -0.0474309 0 4.5 0 0.14134 -0.608929 0.780531
49.0725 42.4715 49.678 -0.309384 0 -0.8 0 -0.164508 0.871238 0.462474
49.678 39.772 40.0545 -0.484067 0 1.9 0 -0.421026 -0.730183 -0.538117
52.2465 40.8106 38.5098 -0.910974 0 -0.9 0 0.72055 -0.573538 0.389695
46.0348 39.3488 29.8006 0.0725031 0 -3.5 0 -0.919441 -0.340567 0.196575
62.1744 42.4642 29.073 -0.195632 0 3.8 0 0.161563 0.818873 -0.550767
52.8151 50.9114 41.2448 -0.315224 0 -3.5 0 -0.374449 0.788847 0.487348
48.5801 39.2694 43.9801 -0.732454 0 1.9 0 -0.895093 -0.405859 0.184628
64.917 41.0137 33.316 -0.346493 0 3.8 0 0.89559 0.375482 -0.238606
54.6329 33.2426 36.5086 -0.177319 0 4.2 0 -0.363061 0.083695 -0.927999
58.2476 35.4901 26.009 -0.269576 0 4.2 0 -0.685975 -0.0964265 -0.721207
56.999 30.3015 41.5477 -0.278956 0 4.15142 0 0.0683565 -0.561386 0.824726
55.7635 26.4428 40.4925 0.0903703 0 1.88225 0 0.264298 -0.963224 0.0484302
46.5909 27.7358 46.8988 -0.188183 0 3.8 0 0.315335 -0.879525 0.35637
64.0854 44.8956 44.991 0.425557 0.00322588 3.76027 0 0.705946 0.256852 0.660051
47.655 39.678 41.3045 -1.18779 0 1.9 0 -0.741977 -0.517803 -0.425852
48.3865 41.43 38.2295 -0.401983 0 -0.9 0 -0.978997 -0.183776 -0.0882675
61.2487 29.6182 27.3639 -0.59561 0 -3.5 0 0.570517 0.506614 -0.646415
51.2594 35.5946 29.592 -0.42936 0 -0.357625 0 -0.656568 -0.516029 0.550121
47.722 35.2175 49.675 1.47635 0 3.8 0 -0.520746 0.174839 0.835616
50.3952 45.095 28.0011 -0.185895 0 -0.7 0 0.204973 0.354674 -0.912246
65.5461 28.8304 31.9484 -0.316449 0 -0.7 0 0.665735 -0.7166 -0.208039
56.45 38.5835 38.459 -0.463903 0 4.2 0 -0.843107 0.456975 -0.283452
59.79 25.973 38.463 -0.204234 0 3.8 0 0.0210732 -0.967448 -0.252191
58.6814 26.9848 32.4309 -1.49817 0 -3.5 0 -0.406786 -0.731875 -0.546703
66.716 32.5126 34.4061 0.478301 0.556952 -3.9 0 0.948771 -0.0104602 -0.315792
55.6908 47.4925 29.313 -0.187358 0 3.8 0 0.66096 0.477099 -0.579231
65.6074 41.2126 34.2754 -0.338008 0 3.8 0 0.700202 0.154761 -0.69697
52.4647 44.6333 28.7393 -0.17679 0 3.58559 0 0.549003 0.355811 -0.756303
52.321 44.0342 27.8385 -0.101556 0 1.8 0 0.544621 0.675482 -0.497104
57.0281 25.0024 35.8646 -0.143405 0 1.8 0 0.147123 -0.850114 0.50563
51.5199 34.0529 28.5823 -0.400193 0 3.8 0 -0.730348 -0.519704 -0.443282
51.933 48.4895 41.7435 -1.25941 -0.378434 -3.5 0 -0.281883 -0.246037 0.927366
60.1393 26.586 31.297 0.217558 0 -3.5 0 -0.323552 -0.945053 -0.0467897
57.7315 44.6311 48.6292 0.856999 0 -3.9 0 -0.0287168 0.919013 -0.39318
51.909 38.8095 53.546 -1.63143 -0.136225 -3.5 0 -0.0922599 0.272974 0.957587
65.6022 35.5764 43.2569 -1.02786 -0.893202 -0.7 0 0.943139 0.100934 0.316702
47.9533 39.5207 43.0625 -1.18525 0 1.9 0 -0.687749 -0.670412 0.278476
58.106 49.0207 42.4065 -0.0467319 0 -0.7 0 0.434223 0.886063 0.162305
65.2465 33.843 40.8775 -0.203783 -0.381169 1.68121 0 0.861343 -0.480898 0.163784
68.1061 44.3543 42.6369 -0.275177 0 -0.8 0 0.874853 -0.0591323 0.480766
61.199 26.4102 41.0008 -0.140545 0 3.8 0 0.582391 -0.418257 0.697052
51.7706 44.1613 42.8696 -0.361733 0 3.48857 0 -0.19217 0.877233 0.439924
56.9725 39.4941 38.0211 -0.448654 0 4.12519 0 -0.994213 0.107285 -0.00548513
65.8339 46.326 43.5081 0.41547 0 -0.8 0 0.502765 0.497111 0.707183
50.6046 49.2583 33.4745 0.0970441 -0.00388795 1.8 0 -0.45199 0.830418 0.325748
55.7106 46.1849 29.539 -0.199346 0 3.8 0 0.563223 -0.0386179 -0.825402
56.6891 30.975 42.4919 -0.21539 0 4.5 0 0.204545 -0.778213 0.593756
58.691 26.504 37.3737 0.0187187 0 3.15094 0 -0.0782263 -0.994659 -0.0673324
53.2503 37.4455 51.6705 -0.870818 0 -3.5 0 0.687598 -0.596039 0.414664
61.1746 26.383 31.0149 0.020672 0 -3.5 0 -0.347446 -0.933979 -0.0834503
65.1555 29.0208 33.3446 0.118231 0 -0.7 0 0.684658 -0.634699 0.358329
61.148 40.7948 47.1771 0.0233285 0 -0.266101 0 0.472932 -0.486678 0.734493
60.6349 39.1774 22.8316 -0.232979 0 3.8 0 -0.336066 -0.782479 -0.5242
64.2523 50.0724 43.9652 -1.27188 -0.176624 -3.5 0 0.365327 0.876823 -0.312598
60.5583 49.2603 41.2323 -1.31348 0 -3.5 0 -0.0910929 0.901618 0.422832
66.2751 43.1641 36.4523 -0.527949 0 3.8 0 0.574424 0.579432 -0.578183
65.2507 43.6445 30.449 -0.278589 0 3.8 0 0.879723 0.3897 -0.272435
49.2692 45.0325 27.7932 -0.0445973 0 -0.7 0 -0.0673247 0.243895 -0.967462
66.5155 43.9945 37.0868 -1.42977 0 -3.5 0 0.483126 0.0713513 -0.872639
53.0264 37.0331 40.3078 -0.531653 0 3.87109 0 0.0838583 0.244757 -0.965951
51.6495 50.9157 35.1143 -0.982506 -0.623436 -1.74906 0 -0.661103 0.709099 -0.245196
56.8764 46.9601 31.5075 -0.249155 0 3.8 0 0.381506 0.76613 -0.517202
51.844 34.1177 50.6683 -0.0987361 0 3.8 0 0.107481 -0.196236 0.974648
63.0955 24.6114 35.3071 -0.229509 0 -3.5 0 0.0694554 -0.704153 0.706643
46.7586 42.8116 27.1518 0.278666 0.367357 -3.5 0 0.174572 0.839188 -0.515061
55.7739 25.4398 34.3939 -0.247765 0 1.8 0 -0.626494 -0.597896 -0.500026
61.2615 48.5392 45.583 -1.62925 -0.234473 -3.5 0 -0.857559 0.332073 0.392835
53.4459 42.0848 49.5504 0.607436 0 -3.5 0 0.218029 0.271552 0.937402
57.9391 27.9875 32.3044 -1.30231 0 -3.5 0 -0.764037 -0.342709 -0.546624
56.7005 46.253 44.0768 -1.11775 -0.724121 -0.7 0 -0.41563 -0.300517 0.858453
55.7265 25.7134 36.3571 -0.201555 0 1.8 0 -0.444123 -0.747352 0.494186
52.3397 46.4155 28.9375 -0.242885 0 1.71234 0 0.301326 0.269271 -0.914711
56.2665 46.9767 30.3013 -0.202953 0 3.8 0 0.771188 0.473712 -0.425284
62.4354 30.6241 29.494 0.0780927 0 -0.7 0 0.183591 0.184283 -0.965574
53.4939 34.7846 39.2952 -0.630634 0 4.2 0 -0.868075 0.380149 -0.319271
60.286 29.7512 41.6043 -0.0384495 0 3.8 0 0.23229 -0.192249 0.953458
63.3896 43.5075 36.8208 -0.336832 0 0.533337 0 -0.137544 0.504773 -0.852224
60.871 28.704 41.7573 -0.113838 0 3.8 0 0.20029 0.0761887 0.97677
57.8008 35.3125 36.7745 -0.402952 0 4.2 0 -0.308623 0.585258 -0.749817
46.4178 44.8255 33.3368 -0.77167 -0.480454 -2.62938 0 -0.854465 -0.318736 0.410241
44.6922 42.9635 26.0485 0.0349617 0 -3.5 0 -0.244114 0.872834 -0.422575
55.782 43.322 28.243 -0.181641 0 1.8 0 -0.180278 0.645565 -0.742123
49.3545 36.657 31.5325 -0.117212 0 -3.5 0 0.188748 -0.981211 -0.0399966
47.9885 31.4691 46.9159 -0.526666 -0.105454 3.8 0 0.0846614 0.0322595 0.995887
52.5119 26.815 42.5259 -0.649335 0 -0.8 0 0.144566 -0.637691 0.756605
49.1113 38.2985 43.2005 -0.755271 0 1.8799 0 -0.949127 -0.186488 -0.253731
48.7085 47.4555 40.9125 0.236257 0.699393 -4.5 0 -0.50321 -0.658982 0.559038
44.5993 40.4996 29.786 -0.989152 -0.574778 -3.5 0 -0.532609 -0.562332 0.632543
54.8005 38.1415 50.7835 -0.109215 0 -3.5 0 0.821536 -0.389698 0.41619
54.0793 49.433 43.0293 0.17655 0.673271 -3.5 0 -0.462877 -0.169639 0.870039
62.4907 35.8375 26.5641 -0.657266 -0.0172698 4.2 0 0.763539 -0.548476 -0.340855
55.5654 48.6609 32.2004 -0.0904305 0 1.8 0 0.71946 0.382249 -0.579882
66.8914 37.7016 41.7034 0.128386 0 -0.4 0 0.371966 0.257457 0.891828
64.0729 48.0769 40.2724 0.311231 0 -3.5 0 0.253697 0.965467 0.0592514
67.17 31.5155 31.031 -0.235355 0 -0.7 0 0.921464 0.200271 -0.332859
60.712 44.932 47.3022 -0.0760072 0 4.2 0 0.154885 0.794322 0.58742
61.957 51.9442 39.164 -1.49309 0 -3.5 0 0.500889 0.355392 0.789181
52.7412 46.2566 41.6755 -0.0529926 0 -0.9 0 -0.282462 0.32955 0.900895
64.1036 38.5201 27.117 -0.0542831 -0.385034 3.95924 0 0.642277 -0.410596 -0.647218
65.5725 48.2945 37.3225 -0.45574 0 -3.5 0 0.176206 0.675456 -0.716038
66.2952 39.164 37.098 -0.231723 0 3.8 0 0.610043 -0.291226 -0.736909
47.5214 45.6398 28.5345 0.0374348 0 -0.7 0 -0.480495 0.25399 -0.839413
47.4245 45.746 36.8225 -0.555756 0 -4.5 0 -0.757466 -0.259346 0.599153
50.6982 38.139 26.0112 0.131244 0 -3.5 0 0.17522 0.238294 -0.955256
47.8377 47.7041 30.0431 -0.222684 0 0.588884 0 -0.321404 0.831087 -0.453865
61.1413 38.2014 24.535 -0.214506 0 3.99907 0 -0.0525865 -0.669222 -0.741199
60.7911 33.7611 27.4881 -0.535499 0 4.2 0 0.610962 -0.789436 -0.0593008
68.541 45.8655 38.2282 -1.72185 -0.560252 -3.5 0 0.972317 -0.202684 0.116267
53.3021 39.0008 24.9471 -0.533149 -0.830633 -0.7 0 -0.687783 0.194118 -0.69948
51 39.5894 51.7724 -0.844193 0 -3.5 0 -0.444899 0.696824 0.562584
49.8317 49.1231 42.358 0.142125 0 -4.5 0 0.341452 -0.319154 0.884054
63.834 36.4492 27.2528 -1.19148 -0.208606 4.2 0 0.471066 -0.470947 -0.745859
59.2207 46.5235 44.407 -0.315017 -0.858085 -0.7 0 -0.0995271 0.526542 0.844303
58.3213 29.5553 41.5537 -0.0219509 0 3.8 0 -0.271497 -0.281928 0.920221
58.1695 28.033 41.4275 -0.0278265 0 3.8 0 -0.304554 0.252691 0.918365
56.7378 41.2406 26.5571 0.185903 0 0.561833 0 -0.372986 0.860686 -0.346555
62.4755 36.9787 26.0462 -0.86369 -0.000625619 4.2 0 0.636197 -0.205911 -0.743541
63.8705 32.671 42.6495 -0.184178 -0.0774387 3.28733 0 0.491321 -0.777666 0.392223
48.3641 42.7562 27.4513 0.31522 0.131494 -0.42655 0 -0.189408 0.563459 -0.804138
51.2842 28.4748 37.014 -0.14335 0 1.8 0 -0.541171 -0.812444 -0.216952
57.8279 42.2993 26.7461 -0.226659 0 3.8 0 -0.600415 0.779173 -0.179975
60.7991 35.377 46.1814 -0.0821501 0 0.79581 0 -0.102831 -0.484366 0.868801
66.691 39.8867 31.4555 -1.42262 -0.253983 3.8 0 0.824386 0.520619 0.222136
53.2681 40.0359 35.3046 -0.479861 0 4.2 0 0.0915454 -0.802289 0.589875
55.1527 43.136 46.7397 -0.717445 0 -3.5 0 0.654693 0.72133 -0.225964
61.534 48.8155 44.2598 -1.2007 -0.445175 -3.5 0 -0.783528 0.620373 0.0349463
49.4784 44.9644 41.075 0.104784 0.469279 -0.9 0 -0.842512 0.485455 0.233468
53.7487 46.3036 47.4481 -1.06356 -0.01882 -3.5 0 0.619011 0.779578 -0.0953061
56.627 42.1942 38.2298 -0.407948 0 3.8 0 -0.721177 -0.590947 0.361504
63.2319 39.1229 34.7088 -0.119712 0 3.8 0 0.921818 -0.296709 -0.249431
46.401 50.7999 33.3331 -0.0639886 0 1.8 0 -0.170532 0.985336 -0.00568604
47.1245 41.2855 33.4205 -0.939448 -0.125017 -3.5 0 -0.313873 0.631885 0.708665
49.3354 49.0109 33.7039 0.97661 0.789761 1.8 0 0.121501 0.934984 0.33323
56.604 35.4147 47.4593 -0.11015 0 1.8 0 0.0377192 -0.15655 0.98695
55.1225 41.9426 40.5504 -0.439387 0 4.5 0 -0.0475728 -0.587283 -0.807983
49.1138 38.1514 34.1364 -1.07495 0 -3.5 0 0.71613 -0.0570562 0.695631
46.7385 42.7811 43.3656 0.238574 0 1.9 0 -0.968329 0.247559 -0.0324684
59.2985 44.3614 47.1146 0.0346908 0 4.2 0 -0.569879 0.803048 0.174219
49.3715 35.6504 26.1702 -0.34615 0 -3.5 0 0.371266 -0.490919 -0.788137
53.2677 45.5028 29.0416 -0.198688 0 3.8 0 0.260932 -0.127556 -0.956893
65.4771 30.3559 36.9601 0.839604 0 -3.9 0 0.368138 -0.90674 0.205661
60.6227 46.553 44.7891 -0.300756 0 4.2 0 -0.500348 0.528219 0.68603
54.0984 46.548 41.7815 -0.310023 0 -0.788658 0 -0.463454 0.309707 0.830236
58.8418 25.996 33.8271 -0.337997 0 -2.06677 0 -0.0723522 -0.887709 -0.454684
65.3724 33.8751 46.0425 -0.180364 0 -0.7 0 0.778305 -0.582698 0.233889
59.6185 31.0306 26.8386 -1.94987 -0.712374 -3.5 0 0.350167 0.331273 -0.876151
45.9269 29.8743 48.0951 -0.169516 0 3.8 0 -0.0818855 0.238916 0.967581
62.674 42.6309 35.111 -0.31882 0 3.8 0 0.240908 0.92986 0.278071
67.9833 36.0023 40.6275 -0.0220771 0 -0.4 0 0.764195 -0.510209 0.394579
57.2481 27.0219 41.4216 -0.0867811 0 3.8 0 -0.293873 -0.159707 0.942408
66.4065 41.5605 34.9125 -0.340235 0 3.8 0 0.695176 0.264231 -0.668515
63.9886 48.3802 39.0752 -0.217698 0 -3.5 0 0.142197 0.924922 0.352562
63.115 37.9715 26.1865 -0.617867 -0.000162051 3.8397 0 0.632933 -0.380278 -0.674377
51.2861 48.6075 31.3125 -0.372195 -0.672489 1.05294 0 -0.256937 0.58945 -0.765854
49.6185 43.3481 26.8781 0.162781 0 1.8 0 -0.427592 0.598377 -0.677577
50.154 38.3104 51.7369 -1.60923 -0.273084 -3.5 0 -0.796236 -0.0624041 0.60176
61.0832 25.5955 40.3755 -0.161496 0 3.8 0 0.685386 -0.707282 0.173202
58.0332 44.0978 29.4909 -0.136483 0 1.8 0 0.457019 0.724506 -0.51597
49.1871 45.406 39.2445 -0.171973 0 -3.37219 0 -0.90912 -0.0232221 0.415886
63.0986 35.9164 47.3105 -0.994624 -0.250224 -0.7 0 0.0211256 0.180175 0.983408
51.1141 44.2129 44.8266 -0.0149671 -0.085253 -1.83919 0 -0.0731903 0.955008 -0.287406
48.2735 43.2775 41.0083 -0.12886 0 0.500129 0 -0.824517 0.500914 -0.263166
61.1954 53.9411 35.5351 0.0398785 0 -3.5 0 0.150991 0.834446 -0.530002
51.4249 28.6157 35.1705 -0.342928 0 1.8 0 -0.517467 -0.59747 -0.612582
60.492 30.395 27.843 -1.48078 0 -3.5 0 0.700123 0.607143 -0.375773
55.2842 43.95 49.6955 0.295275 0 -3.83258 0 -0.370587 0.815437 0.444665
63.144 48.5843 39.701 -0.236858 0 -3.5 0 0.595114 0.80019 0.0744035
62.5009 38.8164 24.0669 -0.262016 0 3.8 0 0.502495 -0.754251 -0.422617
62.9555 32.695 29.4265 -1.05623 -0.0738058 1.32607 0 0.16159 0.00321492 -0.986853
50.0638 50.5615 36.971 0.0403963 -0.176066 -4.00698 0 -0.212319 0.870007 -0.444981
52.9507 41.6507 38.8418 -0.949602 0 -0.9 0 0.518629 -0.790697 0.325304
57.3125 26.3105 39.352 -0.12981 0 3.8 0 -0.428434 -0.858596 -0.281527
50.534 32.4795 46.8817 -0.638543 -0.0446857 3.8 0 0.217304 -0.856806 0.467613
56.7887 50.8495 38.8155 -0.0765562 0 -3.5 0 0.110817 0.993797 -0.0092998
60.0597 36.2356 46.6086 -0.054152 0 1.8 0 0.198514 -0.15855 0.967189
65.4307 40.7011 31.6963 -0.747496 -0.727399 3.8 0 0.789911 0.559354 0.251323
61.8338 30.0395 28.8435 -0.21596 0.0172907 -3.5 0 0.534516 0.644013 -0.547303
65.4015 43.278 31.406 -0.304921 0 3.8 0 0.983591 0.0747977 0.164177
52.049 33.6874 31.0039 -0.500416 0 3.8 0 -0.697834 -0.321086 0.640259
51.5621 34.0981 41.7746 -0.640961 0 3.8 0 -0.657216 0.0272488 -0.75321
57.1663 33.2284 45.1744 -0.0548592 0 1.8 0 0.137676 -0.793057 0.593385
51.4026 45.1732 28.3219 -0.202402 0 -0.371157 0 0.382084 0.325989 -0.864721
66.4594 33.1394 31.4 -0.458674 0 -0.533517 0 0.979468 0.134605 -0.150082
54.8771 41.6712 36.5802 -0.402774 0 0.203039 0 0.131503 -0.834032 0.535815
62.218 40.6592 22.4163 -0.212903 0 3.8 0 0.536899 -0.0647113 -0.841161
62.934 40.796 23.3525 -0.229659 0 3.8 0 0.932798 0.0487584 -0.357085
51.2316 49.6879 34.5277 0.122819 -0.0806306 0.656416 0 -0.738427 0.670993 -0.067035
59.972 38.7171 24.8201 -0.17851 0 3.8 0 -0.349033 -0.656069 -0.669141
51.587 40.4965 34.9945 -0.591648 0 1.04846 0 -0.287389 -0.952299 0.102637
54.9319 37.0079 32.3556 -0.436002 0 3.8 0 -0.187541 -0.178999 0.965809
57.769 26.376 36.8647 0.582649 0 1.8 0 0.227797 -0.874772 0.427647
54.6894 26.9186 42.4922 -1.28946 -0.914191 -0.8 0 0.288859 -0.289395 0.912585
43.9642 29.8825 43.9459 -0.2905 0 3.8 0 -0.922853 -0.33921 -0.182426
65.8905 42.6995 35.5148 -0.394249 0 3.8 0 0.347696 0.770432 -0.534361
59.0628 47.4782 33.7864 -0.16716 0 3.8 0 0.529969 0.828292 -0.181839
56.2185 45.5207 43.5255 -0.767963 0 1.89995 0 -0.410586 -0.00346329 0.911815
47.681 49.777 41.9715 0.113183 0 -4.5 0 -0.854417 -0.15424 0.496166
61.2715 31.0605 42.8052 -0.0718568 0 4.5 0 0.394396 -0.670462 0.628437
51.3395 27.0767 43.1657 -1.76181 -0.567071 -0.8 0 -0.158547 -0.787918 0.595019
62.4475 33.2761 44.2565 0.184315 0 -0.7 0 -0.258576 -0.887032 0.382509
65.9143 49.1273 44.9405 -1.16192 -0.657719 -3.5 0 0.976418 0.169644 0.133524
64.5159 35.3834 28.8025 0.153454 0 -0.4 0 -0.0153554 -0.773775 -0.633274
57.0085 39.2282 39.6413 -0.303639 0 3.8 0 -0.912504 0.356279 -0.201001
53.8672 36.0537 48.3003 0.0783724 0 -2.47958 0 0.837246 -0.344205 0.424902
58.192 52.2738 38.2952 -0.0464445 0 -3.5 0 -0.635189 0.743864 0.207849
63.7188 46.507 45.3111 -0.188357 0.0292752 -2.35939 0 0.743577 -0.266247 0.613357
57.4095 38.7315 23.7913 -0.292135 0 -0.7 0 0.516846 -0.441031 -0.733732
63.8241 44.8136 31.8919 -0.282916 0 3.8 0 0.167008 0.898668 0.405592
62.2347 28.7292 28.918 0.223393 0.677118 -3.5 0 0.840721 -0.196051 -0.504729
47.9002 42.1997 46.407 0.67668 0.826412 1.9 0 -0.838749 0.469203 0.276312
63.6287 42.4103 34.586 -0.330324 0 3.8 0 0.280506 0.913321 0.295229
62.1665 37.863 25.523 -0.261529 0 3.80733 0 0.590109 -0.486631 -0.644176
53.891 40.1973 41.7897 -0.264898 0 4.5 0 -0.176543 -0.184674 -0.966813
58.277 40.3527 50.3725 0.332096 0 -3.9 0 0.108399 -0.678197 0.726842
49.6884 51.16 38.6689 0.288362 0 -4.5 0 0.345291 0.871722 -0.34767
54.892 40.628 41.369 -0.37269 0 4.5 0 -0.273242 -0.308358 -0.911183
64.518 27.0303 33.7907 -0.831567 0 -3.5 0 0.907367 0.146944 0.393818
52.5455 25.4496 41.7279 -0.306234 0 -0.8 0 -0.274463 -0.861838 0.426504
52.981 25.8285 39.261 -0.287636 0 -0.8 0 -0.380587 -0.714993 -0.586463
57.1355 45.1306 50.7444 1.67627 0.644132 -3.9 0 -0.135743 0.988251 0.0702447
57.134 46.1624 30.8794 -0.215093 0 3.8 0 0.568768 0.424358 -0.704573
66.7917 45.9697 36.5648 -1.38838 0 -3.5 0 0.0692419 -0.196919 -0.977972
63.8535 29.0695 35.8225 0.644347 0 -3.9 0 0.650372 -0.608628 0.45452
50.1926 44.9251 41.9795 0.269828 0.483862 -0.9 0 -0.248697 0.665375 0.703865
65.2515 33.5117 42.6932 -1.51208 -0.144544 -0.7 0 0.625785 -0.745689 0.228781
52.7943 51.4675 37.154 -0.00718086 0 -3.5 0 -0.138211 0.989277 -0.0472173
68.0546 37.2386 41.1019 0.0239405 0 -0.4 0 0.757414 0.0516402 0.650889
65.9165 40.2055 34.441 -0.319165 0 3.8 0 0.651679 -0.583056 -0.48514
55.3761 26.609 39.1524 -0.171977 -0.191148 0.84927 0 0.332129 -0.935154 -0.123196
57.6115 36.2576 26.3978 -0.287874 0 3.80538 0 -0.445885 -0.453408 -0.771756
65.471 48.267 39.912 -0.230599 0 -3.5 0 0.145396 0.917949 0.369094
63.032 29.3575 29.4625 0.423272 0.805242 -3.5 0 0.652285 -0.0784783 -0.7539
64.6351 34.5895 47.2438 -0.21235 0 -0.7 0 0.59553 -0.093689 0.797851
46.5692 45.696 36.234 -1.54259 -0.0463772 -4.5 0 -0.686193 -0.160543 0.709483
48.1166 42.017 49.5643 -0.191785 0 -0.8 0 -0.675381 0.5808 0.454458
52.9557 32.4147 28.5982 -0.418726 0 3.8 0 -0.455203 -0.778144 -0.432761
49.9634 36.7539 32.3709 -0.530044 0 -3.5 0 0.480455 -0.763942 0.430762
49.6399 36.7919 41.3431 -0.610677 0 3.8 0 -0.816906 -0.344714 -0.462424
56.3964 39.7016 49.2926 0.0800387 0 -3.70687 0 0.331724 -0.657629 0.676376
66.6579 29.4347 31.7644 -0.260601 0 -0.7 0 0.612747 -0.770587 -0.175319
59.5345 52.8797 35.4183 0.319268 0.672639 -3.5 0 -0.749655 0.177486 -0.637586
65.5615 41.3635 29.5133 -0.227942 0 3.8 0 0.953934 0.2995 -0.017608
47.4131 34.3766 28.2274 -1.58977 -0.265187 -3.5 0 0.0295928 -0.993006 0.114299
62.394 50.7605 36.6685 -0.81362 -0.0168773 -3.5 0 0.621785 -0.466386 -0.62918
46.2275 48.4729 30.7838 -0.674445 0 1.8 0 -0.165174 0.564092 -0.809023
55.0176 45.8345 43.3776 -0.403178 0 -0.0100274 0 -0.440575 0.107746 0.891227
66.2418 36.9543 36.3755 -1.44952 -0.306459 4.2 0 0.545227 0.259698 -0.797047
56.1256 39.1329 40.8795 -0.433067 0 4.42751 0 -0.604024 0.323479 -0.728366
58.9526 25.949 42.1029 -0.158251 0 3.8 0 -0.168953 -0.494261 0.852737
53.7415 50.711 32.3372 -0.247339 0 1.8 0 -0.0434168 0.631533 -0.774132
63.7291 50.3481 45.1657 -1.46292 0 -3.5 0 -0.120955 0.959964 0.252666
51.8817 40.0908 37.5375 -0.584981 0 -0.9 0 0.502649 -0.858547 0.101196
44.5703 28.3959 46.3754 -0.214894 0 3.8 0 -0.779801 -0.624007 0.0502501
54.1413 44.5865 46.431 -1.12594 0 -3.5 0 0.883858 0.423526 -0.198546
55.3305 42.7998 39.8042 -0.454775 0 -0.298803 0 0.0862136 -0.910137 -0.405237
59.768 46.1289 31.7965 -0.229185 0 3.8 0 0.538482 0.275491 -0.79633
49.4686 35.9211 29.1369 -0.613322 0 -3.5 0 0.0630195 -0.694793 0.716444
63.3775 37.819 44.9831 0.293614 0 -0.7 0 0.764788 0.58198 0.276403
44.9364 29.8123 42.7691 -0.338221 0 3.8 0 -0.503363 -0.218481 -0.835998
57.7533 44.1213 44.3506 -0.0194611 -0.20803 2.26345 0 -0.347651 0.39774 0.849083
55.6975 36.4365 27.3445 -0.252778 0 -0.658425 0 -0.233302 -0.688557 -0.686629
46.7434 42.1011 44.4873 -0.0886568 0 1.9 0 -0.881489 0.0815872 0.465103
63.4695 40.841 43.8735 -0.154398 -0.00112589 4.1314 0 0.633518 -0.573492 0.519386
48.4179 40.106 26.9645 0.346687 0 -3.5 0 0.0103347 0.0339512 -0.99937
60.1625 25.6968 41.7455 -0.152782 0 3.8 0 0.469977 -0.470702 0.7467
53.3879 26.3062 42.3131 -0.549331 0 -0.8 0 -0.00293925 -0.49324 0.869888
57.388 37.6584 34.1746 -0.792169 0 2.8 0 -0.642602 -0.625533 0.442461
57.0296 28.1619 41.0619 0.267033 -0.189077 2.74817 0 0.0793717 0.0613445 0.994956
48.0625 36.124 32.028 -0.612587 0 -3.5 0 -0.134572 -0.990901 0.00217812
58.5813 32.088 43.6792 -0.114695 0 4.5 0 0.0455248 -0.495903 0.867184
52.9902 37.971 53.04 -1.70367 -0.531966 -3.5 0 0.652527 0.0624738 0.755186
60.8015 52.6066 34.9774 -0.118165 0 -3.5 0 -0.0762266 -0.185944 -0.979599
44.791 34.611 45.7692 -1.40777 -0.916087 -0.4 0 -0.877373 -0.0056554 0.479776
48.376 43.9695 41.8195 -0.0355745 0 1.9 0 -0.562243 0.791712 -0.238904
51.6079 32.528 46.3577 -0.112077 0 4.14386 0 0.01739 -0.863826 0.50349
48.5289 49.1427 34.3703 1.09829 0.0589402 1.8 0 0.474186 0.86042 0.186615
48.0067 44.3335 35.3085 -1.08901 -0.282092 -4.5 0 -0.110403 -0.968607 0.222736
48.6249 41.5775 37.2057 -0.505362 0 -0.9 0 -0.903459 0.126588 -0.409558
57.105 45.154 44.1746 -0.808744 -0.438186 2.16622 0 -0.444249 0.0330371 0.895294
51.6915 38.6695 32.515 -0.813506 0 -2.65397 0 0.11084 -0.577327 0.808955
61.0752 50.1265 40.3018 -0.344031 0 -3.5 0 0.237869 0.695442 0.67807
44.5546 46.8582 30.9618 -1.59025 -0.140811 1.8 0 -0.976415 -0.0863061 -0.197901
49.6782 47.99 41.851 0.522476 0.421123 -4.5 0 0.105611 -0.601034 0.792215
56.8785 50.5965 40.5047 0.114395 0.662978 -3.5 0 0.505439 0.790262 0.346434
57.8585 26.6719 38.2154 0.0829613 0 3.12309 0 -0.127828 -0.981354 -0.143541
67.0228 42.7018 38.675 -0.401954 -0.242316 0.166362 0 0.992791 -0.0177243 -0.118544
53.86 34.4605 32.6475 -0.51894 0 3.8 0 -0.478231 -0.0318933 0.877655
60.8628 42.4074 23.3662 -0.192153 0 3.8 0 0.169237 0.674521 -0.718596
64.3705 24.1315 32.3915 -1.38266 -0.185406 -3.5 0 0.520728 -0.852505 0.0455724
48.1577 42.4948 48.475 -0.0796883 0 -0.8 0 -0.634573 0.772816 -0.00847723
56.735 42.2281 52.0771 2.33948 0.365612 -3.9 0 -0.460113 -0.455824 0.761918
64.5348 29.589 35.0925 0.25449 -0.476832 -1.79982 0 0.751274 -0.550142 0.364596
65.688 32.8802 39.1925 -0.223246 -0.0338098 4.5 0 0.723048 -0.188831 0.664488
50.5185 29.6345 36.9585 -0.763029 0 1.8 0 -0.934574 -0.11905 -0.335258
56.589 31.5976 30.7859 -0.565425 0 3.8 0 -0.697314 -0.523329 -0.489775
51.5552 50.4876 31.9296 -1.31003 -0.298578 1.8 0 -0.456294 0.807989 -0.37276
52.444 41.4334 26.0103 -0.0217858 0 1.8 0 0.0729984 0.300741 -0.950908
66.9275 36.2972 36.9646 -1.32316 -0.255533 4.2 0 0.745172 0.151909 -0.649339
44.2956 40.746 25.7511 0.0413593 0 -3.5 0 -0.397256 -0.599628 -0.694719
63.3587 32.976 43.6145 0.0258134 0 1.47244 0 0.181203 -0.963623 0.19646
51.2497 39.8115 26.39 0.0725673 0 -3.5 0 -0.221977 0.0170563 -0.974903
55.6217 37.7998 38.9995 -0.486998 0 4.2 0 -0.630641 0.646111 -0.429921
50.5397 49.7028 35.7542 -0.320957 0 -4.15878 0 -0.512466 0.682222 -0.52149
67.6988 40.8766 39.1834 -0.566886 0 3.8 0 0.873927 0.468247 -0.130371
45.3129 27.902 46.9915 -0.194594 0 3.8 0 -0.370178 -0.786432 0.494462
59.7617 44.1833 49.3167 0.196546 0 -3.9 0 0.832334 0.523859 0.181084
58.636 38.1867 25.5702 -0.755155 0 1.74994 0 0.0968066 -0.496707 -0.862503
55.8125 40.2321 50.0904 0.0750627 0 -3.9 0 0.0772177 -0.452316 0.888509
46.6376 40.5462 32.6393 -0.654753 0 -3.5 0 -0.900759 0.322119 0.291329
50.3941 48.0583 29.5714 -0.277647 0 -0.7 0 0.222519 0.959471 -0.172919
60.5395 42.8645 48.102 0.0799844 0 4.19995 0 0.568933 0.272894 0.775786
56.2866 38.7409 23.3069 -0.307629 0 -0.7 0 0.0496454 -0.423 -0.904769
67.4952 30.8544 32.2955 -0.171239 0 -0.7 0 0.998493 -0.0542016 -0.00853719
48.6935 49.6331 32.9174 0.332683 0.0448806 1.8 0 0.438996 0.896835 -0.0544951
60.6785 43.662 24.5537 -0.200925 0 3.8 0 0.35563 0.900937 -0.248676
60.8325 42.4345 29.5085 -1.02578 0 3.8 0 -0.151561 0.91333 -0.377965
46.0901 45.9244 29.4072 -0.314155 -0.0869443 -0.482579 0 -0.652606 0.160922 -0.740412
58.9731 48.7434 41.915 0.170513 0 -0.7 0 0.152616 0.932551 0.327196
55.6427 51.5293 32.6548 -0.113504 0 1.8 0 0.218403 0.885431 -0.410259
57.1575 43.8645 28.5675 -0.135875 0 1.8 0 0.138255 0.673796 -0.725868
49.327 37.9266 42.2361 -0.706688 0 3.8 0 -0.943631 -0.169891 -0.284072
49.2523 46.056 40.0185 0.0304879 0.0397963 -2.61222 0 -0.777577 -0.351866 0.521118
62.665 51.7995 36.5667 -0.536937 -0.0090924 -3.5 0 0.873977 -0.183659 -0.449926
53.9524 41.7835 40.6769 -0.616651 0 4.5 0 -0.0183203 -0.750544 -0.660566
46.6281 42.189 25.7621 0.515716 0.319818 -3.5 0 0.464128 0.391146 -0.794726
43.3732 42.3535 28.6535 -1.51008 -0.402936 -3.5 0 -0.721235 0.660894 0.20746
67.6387 46.8215 36.4852 -1.99678 -0.012028 -3.5 0 0.218857 0.354079 -0.909247
60.3783 46.4258 32.8995 -0.248404 0 3.8 0 0.808901 0.56553 -0.160792
50.4496 43.0299 26.047 0.0181786 0 1.8 0 -0.190955 0.429431 -0.882681
68.405 36.09 39.1375 -0.121407 0 -0.4 0 0.894661 -0.332493 -0.298378
46.4015 38.1661 31.6191 -0.196191 0 -3.5 0 -0.971715 -0.222631 -0.0787698
55.4125 39.7308 35.2878 -0.532028 0 2.95964 0 -0.390433 -0.688971 0.61064
60.2934 44.6641 35.5449 -0.253134 0 3.8 0 0.993322 0.0745928 0.0880179
52.9478 36.1722 32.0055 -0.462451 0 3.8 0 -0.290958 -0.118325 0.949391
46.955 37.084 26.583 -0.93356 0 -3.5 0 -0.541479 0.387317 -0.746181
64.6995 28.0805 33.279 -0.107032 0.109975 -0.7 0 0.919129 -0.089928 0.383555
56.2832 36.4755 47.233 -0.397388 0 -2.4729 0 0.113577 -0.124876 0.98565
52.3225 42.4115 49.8079 0.124741 -0.139458 -3.10126 0 -0.0143825 0.244297 0.969594
45.5585 38.5065 34.0588 -1.5871 -0.0401267 -3.5 0 -0.949176 0.314271 0.0172948
57.5194 28.1714 27.8927 -1.97224 0 -3.5 0 -0.57412 -0.610234 -0.545894
44.8925 34.2299 44.0283 -2.1404 -0.972254 -0.4 0 -0.803175 0.044664 -0.594066
51.661 40.761 50.625 0.320879 0 -3.5 0 -0.033407 0.668768 0.74272
48.7921 34.5395 42.8185 -0.411511 0 -0.4 0 0.105958 0.15473 -0.982258
65.7394 32.9414 30.6155 -0.527952 0 -0.55049 0 0.354615 0.0394778 -0.934179
58.8339 36.6416 35.635 -0.410407 0 2.8 0 -0.965545 -0.230604 0.120602
52.856 51.34 33.3257 -0.219033 0 1.8 0 -0.300401 0.883355 -0.359783
68.3723 44.528 41.57 -0.341321 0 -0.8 0 0.994464 -0.000967194 -0.105071
53.1785 29.0002 43.2957 -0.24445 0 0.608536 0 0.485655 -0.508681 0.710903
58.6994 42.8596 27.7647 -0.167063 0 1.8 0 0.0354448 0.998103 -0.0503355
47.2518 43.762 42.6171 -0.0303735 0 1.9 0 -0.698618 0.698085 -0.156877
49.6105 43.3095 46.218 0.274894 0.0363754 -0.0735252 0 -0.53649 0.675823 0.505412
62.219 33.7134 29.0985 -2.1093 -0.00600116 4.2 0 0.422193 -0.376881 -0.824448
52.5371 39.7064 41.8371 -0.3249 0 3.91681 0 0.286235 0.163273 -0.944146
53.637 39.237 34.3435 -0.44829 0 4.2 0 -0.16098 -0.829349 0.535038
59.5735 26.491 33.014 -0.649408 0 -3.5 0 -0.277274 -0.856511 -0.435325
52.968 42.042 40.093 -0.984029 0 0.375341 0 0.278119 -0.944163 -0.176653
55.3198 39.116 34.073 -0.578822 0 2.92228 0 -0.2954 -0.828158 0.476333
56.787 26.3646 40.5775 -0.100892 0 3.8 0 -0.296004 -0.926331 0.23301
55.2715 40.7281 35.7499 -0.251974 0 3.18177 0 -0.369682 -0.57112 0.73291
51.387 36.8797 31.765 -0.834846 0 2.39874 0 -0.0285525 -0.513329 0.857717
52.0518 36.3312 40.0211 -0.604957 0 3.8 0 -0.0606461 -0.312295 -0.948048
65.2807 47.8618 40.81 0.300027 0 -3.5 0 0.446929 0.869913 0.208584
60.812 47.8541 44.2892 -0.490548 0 -3.5 0 -0.72352 0.526265 0.446726
45.611 28.6225 43.1306 -0.308333 0 3.8 0 -0.216084 -0.772236 -0.597461
66.0636 36.4469 42.3419 -0.147252 -0.133473 -0.469254 0 0.641528 0.10066 0.760467
62.6501 49.5353 46.2245 -1.52643 -0.35707 -3.5 0 -0.34408 0.676327 0.651299
47.492 38.7346 46.1386 -1.40969 -0.673599 3.01619 0 -0.794122 0.401676 -0.4561
61.9393 28.265 37.4053 7.96547e-05 0 0.153102 0 0.97587 -0.175862 0.129424
64.9531 46.878 44.1646 0.0674478 0 -2.21873 0 0.837956 -0.108865 0.534769
46.9248 28.7036 43.7331 -0.298682 0 3.8 0 0.186838 -0.738339 -0.648033
51.871 31.951 38.776 -0.764045 -0.800921 4.2 0 -0.766983 0.640052 0.0454993
50.565 29.326 35.7497 -0.424061 0 1.8 0 -0.942306 -0.152976 -0.297755
54.9174 31.413 35.0262 -1.65388 0 3.8 0 -0.600232 0.554482 -0.57643
61.7214 45.9381 46.1856 -0.137253 0 0.84612 0 -0.206594 0.42433 0.881625
48.8185 43.4541 37.7262 -0.70181 0 -0.9 0 -0.97713 -0.043932 -0.208056
63.4683 23.8481 31.2366 -2.32173 -0.867162 -3.5 0 -0.0389156 -0.961912 -0.270576
65.2272 26.5155 32.2375 -1.646 -0.0230548 -3.5 0 0.996624 0.081875 -0.00611355
47.6343 48.9697 37.8955 0.652324 0 -4.5 0 -0.992444 0.100612 -0.070224
53.1674 51.9683 34.7557 -0.10297 0 1.8 0 -0.204702 0.974964 0.086848
46.0457 37.9845 35.3005 -2.46955 -0.844708 -3.5 0 -0.547722 0.0118034 0.836577
47.7625 44.1787 28.0315 0.508376 0.210876 -1.44042 0 -0.288335 0.308124 -0.9066
48.9917 38.3742 25.8123 -0.052353 0 -3.5 0 -0.0474122 0.452484 -0.890511
48.3475 34.9935 29.0012 -1.00748 0 -3.5 0 0.304457 -0.672728 0.674346
56.823 26.052 36.834 0.43312 0 1.8 0 0.0469345 -0.848523 0.527073
51.591 34.4205 29.6712 -0.446458 0 3.8 0 -0.90203 -0.270715 0.336236
46.5353 34.9429 27.2728 -1.86557 -0.163358 -3.5 0 -0.509336 -0.608124 -0.608903
47.4501 52.1483 41.3262 0.425493 0.110627 -4.5 0 -0.798956 0.429531 0.420918
63.3259 28.1141 35.8016 0.920321 0 -3.54324 0 0.66783 -0.0656334 0.741414
66.209 39.211 32.447 -1.1776 -0 3.8 0 0.834334 0.0358404 0.550092
53.7774 38.0986 40.7882 -0.476503 0 3.8 0 -0.0203238 0.541147 -0.840683
56.5776 39.2254 36.1774 -0.838431 0 2.8 0 -0.728675 -0.622091 0.286419
45.8927 38.062 32.8408 -1.28859 0 -3.5 0 -0.920891 0.11447 -0.372634
55.1942 49.6727 43.3345 0.210025 0.377664 -2.05101 0 -0.197257 0.380653 0.903434
65.0645 50.2723 44.8993 -1.84828 -0.128008 -3.5 0 0.476805 0.853568 -0.209949
61.683 44.7705 31.789 -0.256798 0 3.8 0 -0.212204 0.953666 -0.213284
58.971 25.6804 34.9016 -0.213479 0 -1.24056 0 0.0659138 -0.990674 0.119249
66.9049 34.8324 31.4911 -1.22145 -0.338624 -0.4 0 0.967286 0.00399768 0.253655
58.7542 27.3961 28.042 -1.06988 0 -3.5 0 -0.460528 -0.788671 -0.407324
52.0755 44.0885 44.4403 -0.398588 0 2.03174 0 -0.280614 0.921949 -0.266956
57.4871 51.0895 37.5871 -0.172848 -0.297802 -3.5 0 -0.422711 0.90617 -0.013061
55.1408 41.034 50.0605 0.173635 0.0907241 -3.58344 0 -0.262663 0.243027 0.933781
66.9824 38.0028 30.3551 -0.457742 -0.295022 1.76792 0 0.95741 0.249043 -0.146095
60.5552 45.9984 35.1794 -0.259999 0 3.8 0 0.969294 0.072641 -0.234932
51.789 26.1606 40.7004 -0.274492 0 -0.8 0 -0.682913 -0.726855 -0.0728867
48.7503 52.293 41.9254 0.689339 0.691057 -4.5 0 0.131785 0.685918 0.715646
63.489 32.893 44.665 -0.084945 0 -0.7 0 -0.066125 -0.996911 0.0423719
46.606 33.5391 43.1813 -0.548351 0.0783152 -0.4 0 -0.428486 0.109548 -0.896883
57.5933 28.9333 32.65 -0.589054 0 -0.57177 0 -0.797645 -0.347019 -0.493295
57.1465 44.6908 49.5552 1.51569 0 -3.9 0 -0.130344 0.966213 -0.22236
50.1922 29.9596 40.3851 -0.726561 -0.0884404 2.03366 0 -0.972192 -0.00504354 0.23413
63.0189 45.9058 45.9206 -0.13834 0 4.2 0 0.478448 -0.0718598 0.875171
61.607 26.0175 36.3114 -0.0561456 0 -3.5 0 -0.0754321 -0.817479 0.570997
55.281 38.4175 40.8046 -0.531799 0 4.2369 0 -0.344817 0.681867 -0.645103
64.9607 43.4616 36.506 -0.458109 0 3.8 0 0.0194485 0.632155 -0.774598
46.3896 44.6855 29.0369 0.462634 0 -0.7 0 -0.641638 0.264947 -0.719794
63.1841 39.6259 24.9639 -0.173021 0 3.8 0 0.830958 -0.328488 -0.449003
61.048 33.6769 28.77 -0.837121 0 4.2 0 0.425186 -0.778938 -0.460948
48.8841 44.247 33.9271 -0.924711 0 -4.5 0 -0.292224 -0.910444 0.292742
65.3576 34.5773 44.3368 -0.479464 -0.193663 -0.7 0 0.947596 -0.31411 0.0582749
51.2676 36.8576 51.8084 -1.04298 0 -3.5 0 -0.308718 -0.796385 0.520061
57.1855 49.0339 33.9121 -0.234553 0 2.68665 0 0.731076 0.32437 -0.60026
50.5725 27.5646 39.3144 -0.522905 0 -0.8 0 -0.736965 -0.592753 -0.324848
52.0503 35.3112 31.1012 -0.502958 0 3.8 0 -0.7469 -0.300142 0.593343
48.9342 44.0542 40.045 -0.0485598 0 -0.9 0 -0.903714 0.416982 0.0970901
51.884 50.8408 33.57 -0.814328 -0.108014 1.8 0 -0.659147 0.751679 -0.0224478
48.3797 50.0711 42.8951 0.884675 0.737451 -4.5 0 -0.445772 -0.0480351 0.893857
45.6889 43.2485 28.1371 0.236666 0.0302525 -3.5 0 -0.40448 0.874173 -0.268734
56.6575 37.2617 25.697 -0.346103 0 -0.7 0 -0.10602 -0.865445 -0.489657
50.118 43.2738 33.9685 -0.918904 0 4.2 0 -0.796937 -0.456111 0.396049
66.909 42.2965 43.2175 -0.205033 0 -0.8 0 0.756538 -0.401646 0.516072
56.9625 41.2355 50.8223 1.46113 0.0181458 -3.9 0 -0.0342862 -0.6351 0.771669
65.888 37.8503 32.0465 -0.737695 -0.647316 3.8 0 0.505131 -0.280424 0.816214
55.5597 39.5165 23.0725 -0.262158 0 -0.7 0 -0.158692 0.0719469 -0.984703
48.3099 44.1201 43.4475 0.457781 0 1.9 0 -0.314063 0.949298 0.0140514
50.8102 37.7967 52.9388 -1.62797 -0.9068 -3.5 0 -0.698307 -0.281612 0.658074
58.2439 37.1701 36.9043 -0.393056 0 4.2 0 -0.722047 -0.182689 -0.667288
62.3065 26.4809 40.1879 -0.146672 0 3.8 0 0.755488 -0.634524 0.163147
43.0015 41.0154 28.7679 -1.52886 -0.200914 -3.5 0 -0.92135 -0.318825 0.222407
65.0111 42.8059 29.4778 -0.287804 0 3.8 0 0.664095 0.534038 -0.523241
48.024 40.787 33.28 -1.67775 -0.906113 -3.5 0 0.0146543 0.806923 0.590475
66.2009 30.7161 30.112 -0.282943 0 -0.7 0 0.249321 -0.304864 -0.919183
45.4834 36.0526 27.7635 -1.75592 -0.0426542 -3.5 0 -0.888514 -0.0670541 -0.453923
58.316 38.9091 24.6544 -0.418731 0 1.06417 0 0.444823 -0.580318 -0.682175
47.8614 34.0074 49.5369 1.62954 0 3.8 0 -0.427221 -0.496284 0.755768
51.366 51.3195 36.1427 -1.41517 -0.189392 -3.5 0 -0.468271 0.865369 -0.178493
59.0202 42.8638 52.0723 1.68747 0.809041 -3.9 0 0.584172 -0.259122 0.769154
48.8569 41.3242 50.6466 -0.268224 0 -0.8 0 -0.216571 0.362528 0.906461
52.6105 32.8618 37.9198 -0.672521 -0.0377707 2.73678 0 -0.815418 0.570309 -0.0992033
53.7168 29.3565 34.6582 -0.397799 0 1.8 0 -0.0556436 -0.206171 -0.976933
56.1608 48.7435 44.3058 -0.259281 0 -0.7 0 -0.270562 0.621603 0.735123
49.5984 48.1245 28.8809 -0.214041 0 -0.7 0 0.101769 0.848859 -0.51873
48.4905 28.273 45.253 -0.187969 0 3.8 0 0.357751 -0.883725 0.301736
61.6198 34.1732 26.0955 -0.392296 0 4.2 0 0.649247 -0.685684 -0.329115
66.887 40.6608 35.5769 -0.314519 0 3.8 0 0.79933 -0.20744 -0.563951
43.9944 30.9011 43.8066 -0.341699 0 3.8 0 -0.906304 0.321795 -0.273973
54.5374 31.7584 44.8349 -0.0751702 0 4.5 0 0.393978 -0.310419 0.865114
51.245 45.7985 47.08 -1.40323 -0.0628688 -3.5 0 -0.833114 0.506178 -0.222947
59.1169 52.7325 36.6425 0.267477 0.0501962 -3.5 0 -0.856893 0.437687 -0.272331
64.6325 32.98 41.3924 -0.361916 -0.207735 3.78967 0 0.743205 -0.646994 0.170427
53.6712 27.6895 36.2323 -0.451355 -0.693611 1.8 0 -0.546877 -0.80527 -0.229056
67.7875 33.7924 35.7429 2.64766 0.188894 -3.9 0 0.824936 0.259248 -0.502266
67.7625 44.4412 38.0915 -2.07403 -0.784873 -3.5 0 0.913101 -0.35071 -0.207967
60.7431 46.8387 36.3569 -0.757469 0 -3.5 0 0.693732 0.313498 -0.648425
51.909 37.3283 53.2425 -1.90421 -0.21525 -3.5 0 0.00751314 -0.650018 0.759881
63.2822 34.2049 47.5705 -0.172425 0 -0.7 0 -0.157747 -0.208467 0.965224
57.898 45.1157 30.6925 -0.202652 0 3.8 0 0.478552 0.541519 -0.691191
66.8558 39.0732 30.8242 -1.44451 0 3.8 0 0.982746 0.179758 0.0435689
47.1123 35.4748 30.0007 -1.64883 -0.00927291 -3.5 0 0.0880846 -0.630895 0.770852
44.6415 31.3407 45.3203 -0.348444 0 3.8 0 -0.775045 0.49702 0.390227
63.7285 41.454 26.1423 -0.634046 -0.175293 3.8 0 0.538334 0.770881 -0.340497
52.2131 44.9258 49.8838 -1.70598 -0.823926 -3.5 0 -0.243843 0.00145645 0.969814
50.562 28.868 44.335 0.0362341 0 3.8 0 0.148603 -0.785814 0.600345
54.0112 35.6745 39.123 -0.529442 0 4.2 0 -0.751883 0.570578 -0.330322
65.7559 37.911 36.8205 -0.829733 0 4.2 0 0.469691 0.206026 -0.858454
57.038 27.8897 33.2357 -0.196536 0 0.605385 0 -0.528609 -0.0307806 -0.848307
55.1775 34.0729 32.879 -0.499136 0 3.8 0 -0.526507 -0.13343 0.839635
54.216 37.4658 24.5443 -1.20936 -0.926317 -0.7 0 -0.236723 -0.767796 -0.595359
46.7122 43.8078 27.9685 0.659785 0.608065 -3.5 0 -0.352216 0.598608 -0.719453
65.2551 34.8686 32.9603 -0.237105 0 4.2 0 0.625269 0.462348 0.628707
53.5306 48.5839 30.0251 -0.220921 0 3.8 0 -0.0426482 0.780741 -0.623397
54.0397 34.5879 36.6861 -0.475957 0 4.2 0 -0.53363 0.301368 -0.7902
64.9307 31.378 30.1475 -0.285016 0 -0.7 0 0.184558 -0.00146437 -0.982821
49.0732 36.2669 33.2786 -0.642177 0 -3.5 0 0.224868 -0.953803 0.199234
64.01 36.0635 33.8175 0.0252648 0 4.2 0 0.88867 0.392831 0.236534
56.562 37.7542 24.0565 -0.330673 0 -0.7 0 0.117375 -0.788577 -0.60363
52.7765 31.937 46.095 -0.0675171 0 4.5 0 0.191161 -0.690259 0.697854
60.4749 31.8582 43.6846 -0.106683 0 4.5 0 0.0702466 -0.512072 0.856065
45.7363 27.4485 45.921 -0.216492 0 3.8 0 -0.283505 -0.949575 -0.133911
50.8735 26.732 40.124 -0.33703 0 -0.8 0 -0.764421 -0.635129 -0.110778
56.7342 51.279 34.536 -0.129332 0 1.8 0 0.660066 0.7506 -0.0302209
50.1562 36.65 25.666 -0.21614 0 -3.5 0 0.275492 -0.36683 -0.888561
49.1567 36.1255 42.6406 -0.635803 0 1.35707 0 -0.594172 -0.0392151 -0.803381
65.2376 36.0747 27.8144 -0.247022 0 -0.4 0 0.354473 -0.466342 -0.810477
47.1666 36.0129 25.9521 -0.503228 0 -3.5 0 -0.579573 -0.0679442 -0.812083
47.771 41.9323 40.6608 -0.681826 0 1.9 0 -0.916088 0.0123109 -0.400789
68.1025 47.7397 37.745 -2.1149 -0.525281 -3.5 0 0.757987 0.641327 -0.118976
52.2935 51.275 38.386 0.0129284 0 -3.5 0 -0.442405 0.89627 0.0312781
68.461 45.909 37.2259 -1.94179 -0.842896 -3.5 0 0.755441 -0.243415 -0.608323
64.235 39.4302 43.0008 -0.598344 -0.0991758 2.81025 0 0.406619 -0.233503 0.883254
52.9658 32.6317 47.2289 -0.0766386 0 3.8 0 0.337729 -0.839199 0.426244
59.643 48.5115 42.7149 -0.233581 0 -1.45186 0 -0.0232497 0.899588 0.436121
62.2285 27.8784 41.1082 -0.124922 0 3.8 0 0.644412 -0.138971 0.751945
53.4468 30.0312 44.355 -0.09169 0 4.5 0 0.37009 -0.603185 0.706542
68.2059 33.6775 37.1945 2.51979 0.274012 -3.9 0 0.950152 0.304435 0.06731
56.1836 26.3085 33.329 -0.336842 0 1.8 0 -0.552897 -0.227927 -0.80147
59.5099 40.275 49.4279 0.139137 0 -3.9 0 0.594157 -0.547566 0.589193
47.722 47.1483 29.0753 -0.222823 0 -0.7 0 -0.529536 0.516626 -0.672822
48.8534 40.5364 38.9261 -0.511994 0 -0.431058 0 -0.628871 -0.765659 -0.135231
49.4137 44.3499 44.0368 0.148217 0 1.9 0 -0.0600575 0.998089 -0.0145281
59.0628 42.0555 50.9113 1.69714 0.0272203 -3.9 0 0.651442 -0.321829 0.687058
56.5558 38.5115 48.0755 -0.192138 0 -3.81195 0 0.195048 -0.676297 0.710337
48.3052 30.917 42.2723 -0.572567 0 3.8 0 -0.431306 -0.371182 -0.822313
51.089 40.2723 33.7345 -0.545141 0 4.2 0 -0.139541 -0.753054 0.642991
59.2878 47.1701 32.1898 -0.210746 0 3.8 0 0.438311 0.703181 -0.559839
49.145 34.4796 27.8301 -0.507027 0 -3.5 0 0.217009 -0.964221 0.152264
55.8068 30.0678 42.1835 -0.655549 0 4.1444 0 0.533422 -0.533967 0.656003
52.5107 50.3058 31.5595 -1.65843 -0.110592 1.8 0 -0.0992067 0.52376 -0.84607
54.7781 25.9445 40.0039 -0.317901 0 -0.8 0 0.492771 -0.856618 -0.15291
45.6699 36.458 44.2467 -1.7778 -0.439706 -0.4 0 -0.605093 0.489207 -0.628123
62.8408 41.5243 24.29 -0.227422 0 3.8 0 0.84986 0.470496 -0.237428
61.8932 52.8857 35.1605 0.103259 0 -3.5 0 0.446085 0.057372 -0.89315
64.5735 45.7472 44.3456 0.576839 0.869271 -3.5 0 0.547467 0.137631 0.825432
67.2753 41.362 40.8025 0.0559414 0 3.8 0 0.9692 0.00528885 0.246218
64.2395 35.5687 35.2211 0.0803465 -0.801424 4.2 0 0.80215 0.323713 -0.501762
61.4627 35.5433 24.9788 -0.265373 0 4.2 0 0.579108 -0.183541 -0.794321
45.217 48.53 31.565 -0.591662 0 1.8 0 -0.906943 0.275666 -0.318532
67.9454 40.1414 40.3756 -0.645568 -0.214758 -0.4 0 0.788905 0.449779 0.418721
46.3939 29.7143 42.745 -0.363324 0 3.8 0 0.177744 -0.322249 -0.929819
47.3515 49.552 41.0135 -0.487266 0 -4.5 0 -0.947258 -0.25429 0.195034
65.5435 43.8792 44.3573 0.524266 0.128471 3.43923 0 0.506731 0.0223102 0.861815
62.7829 27.9678 40.0155 -0.11317 0 3.8 0 0.994783 -0.00723911 0.101758
47.9313 37.8058 44.8558 -0.965531 -0.517716 1.41225 0 -0.518098 0.603046 -0.606556
66.2279 35.184 32.3096 -1.19495 0 -0.4 0 0.765218 0.179068 0.618366
62.2564 25.9823 30.2717 -0.543464 0 -3.5 0 -0.144438 -0.701748 -0.69763
48.9342 29.7074 46.8521 -0.123386 0 3.8 0 0.4673 -0.432857 0.770886
60.4072 51.383 39.6478 -0.132336 0 -3.5 0 0.086117 0.551031 0.830029
53.905 44.626 29.6155 -0.214826 0 3.8 0 0.409905 0.23251 -0.881996
57.5832 29.6096 27.1439 -1.91416 -0.164048 -3.5 0 -0.787894 0.0123092 -0.615688
47.0306 38.9209 47.4649 -0.555456 0 -0.0911363 0 -0.991419 0.0921298 0.0927359
48.1551 52.5099 38.7739 0.900072 0.876281 -4.5 0 -0.225684 0.758434 -0.611429
63.6749 37.2299 46.7874 -1.15317 -0.908685 -0.7 0 0.597177 0.454958 0.6606
50.3209 30.9325 40.1606 -0.893172 -0.126627 3.27503 0 -0.823771 0.482995 -0.296844
64.1901 28.2695 34.7969 0.715094 0.109406 -1.33076 0 0.880141 -0.139483 0.453758
51.2858 39.951 40.7625 -0.35275 0 1.9 0 0.901084 0.0399932 -0.431796
48.9468 39.1189 41.4761 -1.31327 0 1.9 0 -0.649265 -0.653523 -0.389053
46.1519 35.6045 43.524 -1.36914 0 -0.4 0 -0.439628 0.303078 -0.8455
61.9118 52.8575 38.3787 -0.661793 0 -3.5 0 0.308706 0.664888 0.680165
61.3937 33.119 43.8244 0.130564 0 4.5 0 0.101649 -0.560349 0.821995
59.1134 27.8706 27.0226 -0.780014 0 -3.5 0 -0.233628 -0.540381 -0.808335
50.6091 34.0382 42.6156 -0.610652 0 4.5 0 -0.479436 0.331203 -0.812678
62.767 53.0365 37.2422 -0.16106 0.129508 -3.5 0 0.780067 0.554803 0.289289
45.7863 37.4227 27.6227 -1.3465 -0.020736 -3.5 0 -0.796812 0.14569 -0.586401
56.1183 36.0944 32.3986 -0.474222 0 3.8 0 -0.276917 0.115188 0.953965
62.0503 49.6348 45.0747 -1.2521 -0.00169851 -3.5 0 -0.631581 0.765008 0.125967
52.3565 29.4365 34.4475 -0.372804 0 1.8 0 -0.205302 -0.183329 -0.961375
48.0795 43.0326 45.284 0.396072 0.193832 1.9 0 -0.684426 0.450178 0.573498
44.4748 42.2885 29.8037 -1.11165 -0.0198652 -3.5 0 -0.562111 0.597738 0.571612
45.7699 32.3927 43.2981 -0.539607 0 3.8 0 -0.55785 0.217146 -0.801031
45.6232 34.5869 28.2208 -2.16432 -0.0582403 -3.5 0 -0.674122 -0.709379 -0.205767
48.645 47.9124 28.6206 -0.183757 0 -0.7 0 -0.450752 0.716957 -0.531785
58.0559 39.8773 23.7674 -0.293965 0 0.418752 0 0.14332 -0.292135 -0.945577
57.2707 49.3896 43.7206 -0.225599 0 -0.7 0 0.292295 0.898068 0.328689
62.2455 35.2875 46.802 -0.629344 -0.0542937 -0.7 0 -0.52531 -0.143854 0.838663
64.7746 32.0445 39.9987 -1.0966 -0.755368 4.5 0 0.583285 -0.652571 0.483663
54.0433 29.693 43.243 -0.135472 0 4.5 0 0.445232 -0.61215 0.653484
63.329 24.556 30.3822 -2.29341 -0.029906 -3.5 0 -0.375471 -0.558247 -0.739852
46.6859 36.8872 30.7229 -0.84735 -0.0330018 -3.5 0 -0.783686 -0.491754 0.379491
57.8871 46.3623 44.6534 -1.54663 -0.877894 -0.7 0 -0.183716 0.0876085 0.979067
53.152 42.6657 27.4265 -0.0689412 0 1.8 0 0.596532 0.516977 -0.613909
62.5467 44.8561 30.6665 -0.246647 0 3.8 0 -0.254632 0.877565 -0.406253
48.2369 44.9239 37.4791 -0.391121 0 -4.5 0 -0.882026 -0.413997 0.225028
63.3416 31.1074 39.1704 -0.165542 -0.136832 -0.0831666 0 0.629023 -0.63852 0.443421
47.2895 48.1372 36.9955 0.0890857 0 -4.5 0 -0.965072 0.16728 0.201628
55.024 50.9994 32.0039 -0.137739 0 1.8 0 0.0162381 0.519751 -0.854163
64.4611 24.2081 33.71 -0.459876 0 -3.5 0 0.632142 -0.768522 0.0988433
50.2234 36.8016 40.455 -0.604399 0 3.8 0 -0.641043 -0.488934 -0.591614
68.7343 39.0205 40.378 -1.10479 -0.0161279 -0.4 0 0.791065 0.141484 0.595146
55.381 40.766 23.5344 -0.21516 0 -0.7 0 -0.331275 0.808748 -0.485987
64.2398 42.0098 28.2992 -0.462833 -0.0826013 3.8 0 0.220028 0.865952 -0.449127
55.8896 33.7969 45.509 -0.00347072 0 1.8 0 0.0821599 -0.78364 0.615758
61.1162 30.5532 41.8322 -0.0325715 0 4.5 0 0.437948 -0.634752 0.636624
45.0426 47.0441 32.4765 -0.664719 0 1.8 0 -0.984982 -0.0954101 0.143898
56.6766 40.3423 37.2928 -0.290622 0 2.8 0 -0.86567 -0.313167 0.390567
57.1101 41.5713 39.7802 -0.253847 0 3.8 0 -0.899725 -0.244115 -0.361806
67.7574 43.457 42.3612 -0.274857 0 -0.8 0 0.858373 -0.450383 0.245665
53.8507 35.0654 47.8041 0.0598084 0 3.8 0 0.807817 -0.185868 0.55936
59.128 36.947 46.7892 0.140699 0 -3.9 0 0.234763 -0.19752 0.951773
53.4582 41.1412 36.3456 -0.370372 0 -0.9 0 0.307713 -0.779726 0.545289
54.574 37.5649 49.5951 0.0139636 0 -3.5 0 0.762142 -0.586108 0.274985
60.315 49.8 36.5339 0.239707 0 -3.5 0 0.535778 -0.399281 -0.743987
62.5807 26.7044 36.6994 0.0257545 0 -3.5 0 0.682461 -0.144857 0.716424
61.1326 43.7064 31.1553 -0.284146 0 3.8 0 -0.317118 0.639024 -0.700775
50.6189 40.1326 36.9061 -0.614923 0 -0.9 0 -0.0918944 -0.982224 -0.163678
58.0699 35.6738 34.1462 -0.356309 0 3.8 0 -0.731925 0.398148 0.552959
65.3583 39.2841 28.1493 -0.164292 -0.0108979 3.8 0 0.92056 -0.0380521 -0.388743
57.8329 31.459 28.8109 -1.42682 -0.367273 -3.5 0 -0.927029 0.177063 -0.330554
58.5298 48.4764 43.6738 -0.366859 0 -0.7 0 0.508915 0.697305 0.504749
56.1184 33.8806 33.6291 -0.454149 0 3.8 0 -0.882464 0.20583 0.422955
45.0714 30.9411 46.4777 -0.270899 0 3.8 0 -0.626806 0.599611 0.497575
49.6662 51.3382 41.4198 -0.0786651 0 -4.5 0 0.745887 0.479606 0.462202
50.1732 29.9282 41.5721 -0.491963 0 1.70526 0 -0.888563 -0.315293 -0.333235
64.8757 40.0723 34.8391 -0.264212 0 3.8 0 0.105612 -0.889594 -0.444375
58.4639 44.0894 47.7868 0.589732 0 -3.9 0 -0.228531 0.918596 -0.32242
59.9147 42.8594 49.0659 0.638009 0 -3.9 0 0.949264 0.119273 0.290984
53.8256 37.3234 50.6266 -0.299595 0 -3.5 0 0.634112 -0.626684 0.452956
59.4701 26.7359 28.6902 -0.60019 0 -3.5 0 -0.352089 -0.891267 -0.28579
62.6388 43.5028 47.2277 0.00454699 0 4.2 0 0.489166 0.178084 0.853817
59.7821 37.6127 25.4759 0.0765469 0 3.92468 0 -0.225322 -0.0234176 -0.974003
63.2606 38.2086 33.6293 -0.0423873 0 4.2 0 0.923733 0.203914 0.324247
54.4497 51.553 39.9105 0.343095 0 -3.5 0 0.13972 0.985807 0.0930769
47.37 34.5994 42.8797 -0.327789 0 -0.4 0 -0.273394 0.161976 -0.948166
59.528 34.5131 44.8979 -0.443722 0 1.8 0 0.258424 -0.795061 0.548721
47.3785 50.9982 41.193 -0.152829 0 -4.5 0 -0.909007 0.0211833 0.416242
63.4383 42.5269 28.9421 -0.244924 0 3.8 0 0.00648021 0.781706 -0.623613
47.1198 46.8641 36.2574 -0.185933 0 -4.5 0 -0.838324 0.15266 0.523362
47.2598 42.2395 41.7234 -0.63003 0 1.9 0 -0.864268 0.223745 -0.450532
56.6699 40.3416 40.6118 -0.374808 0 4.14811 0 -0.766491 0.00834469 -0.6422
57.9724 37.9873 36.0395 -0.859809 0 2.8 0 -0.772177 -0.635343 -0.00903027
47.8671 36.2811 30.4894 -0.777991 0 -3.5 0 0.144305 -0.944988 0.293553
57.1734 30.2847 31.17 -0.660293 0 0.288346 0 -0.897666 -0.42759 -0.106597
58.8183 27.1523 31.3679 -0.551913 0 -3.5 0 -0.625552 -0.780163 0.00558166
62.36 27.7584 36.3656 1.12754 0 -3.5 0 0.721374 0.0715539 0.68884
54.595 33.0568 44.9655 -0.0431824 0 4.5 0 0.49218 -0.552289 0.672856
48.1963 36.0848 49.4346 2.33764 0 3.8 0 -0.479221 0.171568 0.860762
47.7346 46.7822 37.7024 0.287627 0 -4.5 0 -0.921897 -0.235552 0.307605
56.4185 34.4883 35.3185 -0.464545 0 4.12104 0 -0.677878 0.70663 -0.202866
56.4547 49.8759 42.6932 -0.0352099 0 -1.27526 0 0.395312 0.776119 0.491292
49.8772 40.6769 26.6988 0.683776 0 1.8 0 -0.229785 -0.178702 -0.956695
55.8139 32.8396 44.6187 -0.057038 0 4.5 0 0.192843 -0.475184 0.858494
55.9025 47.4635 31.1314 -0.226238 0 3.8 0 0.67622 0.692886 -0.25027
52.1831 26.606 39.181 -0.298885 0 -0.8 0 -0.427907 -0.681657 -0.593497
58.0185 51.0131 39.5807 -0.0208409 0 -3.5 0 -0.216281 0.802682 0.555809
64.7485 42.373 34.0865 -0.346366 0 3.8 0 0.635358 0.721999 -0.273931
62.5424 49.4561 41.5628 -0.116948 0 -3.5 0 -0.0765867 0.977557 -0.196255
50.7373 44.252 27.3401 0.00862509 0 1.8 0 0.0123293 0.697423 -0.716553
59.8423 47.6315 36.2206 0.347917 0 3.8 0 0.694242 0.482819 -0.533774
67.9251 38.3481 40.8191 -0.144385 -0.020961 -0.4 0 0.619158 0.0781781 0.781365
51.178 50.8305 39.513 -0.0542532 0 -4.31737 0 0.0692904 0.994839 0.074127
51.6955 50.1312 41.4091 -0.806048 0 -3.5 0 -0.141297 0.56187 0.815069
46.1275 48.6651 34.7234 -0.0532882 0 1.8 0 -0.696398 0.156534 0.700376
52.6999 28.0635 37.2649 0.25005 0 1.8 0 -0.359801 -0.887288 -0.288555
60.2361 43.9759 36.3742 -0.244981 0 3.8 0 0.888583 0.276789 -0.365797
51.6214 45.2307 45.6226 -1.50601 0 -3.5 0 -0.529437 0.678257 -0.509573
57.391 42.7631 27.7418 -0.0923966 0 1.8 0 -0.160999 0.780071 -0.604623
54.9399 35.7661 32.3231 -0.449687 0 3.8 0 -0.218863 0.211204 0.952624
45.2972 41.7479 25.1625 0.0557198 0.00839192 -3.5 0 -0.0134301 0.13131 -0.99125
53.9699 41.639 37.2546 -0.276719 0 -0.9 0 0.510706 -0.810751 0.286115
56.814 44.6483 29.8044 -0.172097 0 3.78823 0 0.227283 0.645346 -0.729295
45.899 44.268 29.826 0.285586 0 -0.7 0 -0.931445 0.264771 -0.249612
48.577 40.5705 37.104 -0.649383 0 -0.9 0 -0.742183 -0.65072 -0.160396
50.4641 33.2435 41.7887 -1.40677 0 4.5 0 -0.270437 0.638894 -0.720193
58.1734 51.3536 36.3472 -0.0474879 0 -3.5 0 -0.53551 0.700237 -0.47212
49.9405 40.1548 37.8019 -0.53492 0 -0.9 0 -0.298979 -0.953556 -0.0366393
64.9366 38.7062 42.6024 -0.685799 0 1.46767 0 0.643564 0.0761055 0.761599
53.9234 32.7206 45.7503 -0.0674533 0 4.06872 0 0.626273 -0.562582 0.539707
64.0153 29.625 36.9292 0.299307 0 -3.9 0 0.44713 -0.830195 0.332944
61.7583 44.1579 47.3183 -0.0132606 0 4.2 0 0.280983 0.457944 0.843407
62.9887 41.9569 27.3536 0.155414 0 3.8 0 0.298593 0.946865 -0.11954
48.8527 48.1895 30.7402 -0.0190257 0 -0.258501 0 -0.0149055 0.921493 -0.388109
45.1519 49.7052 31.9153 -0.195126 0 1.8 0 -0.761243 0.436353 -0.479692
66.854 42.8801 37.4323 -0.707737 -0.101619 -3.02896 0 0.953028 0.134897 -0.271184
57.8887 48.0361 33.3785 -0.219297 0 3.8 0 0.377263 0.774202 -0.508217
56.7599 42.6144 46.1954 -0.183942 0 -3.89271 0 -0.115894 0.986599 -0.114854
62.1102 26.754 37.7443 -0.165328 0 -2.5145 0 0.76589 -0.611579 0.198454
58.6587 50.4178 35.6942 -0.125039 0 -3.5 0 0.136445 0.274714 -0.951796
52.6709 34.0405 40.654 -0.77198 -0.0931501 4.02535 0 -0.81631 0.105168 -0.567959
52.1088 45.0994 42.0003 -0.480911 0 3.44134 0 -0.200263 0.60278 0.772367
45.9331 45.8545 33.7779 -0.617423 -0.435569 -1.29329 0 -0.867507 -0.468592 0.16689
57.9728 37.413 25.3475 -0.342339 0 2.89526 0 0.075954 -0.468532 -0.880176
61.9087 34.523 46.1697 -0.227561 0 -0.7 0 -0.660675 -0.554444 0.506064
59.6068 42.4646 50.1668 1.13135 0 -3.9 0 0.91296 -0.00148246 0.408047
67.3119 35.1279 39.4129 0.087614 0 -0.4 0 0.639486 -0.717732 0.275534
52.5804 40.3676 36.174 -0.402128 0 2.32511 0 0.188011 -0.972846 0.13499
56.37 26.7536 38.5364 -0.168368 0 1.83258 0 -0.0574334 -0.998339 0.0045683
53.2493 32.6264 36.8767 -0.392237 0 3.26963 0 -0.387878 0.479577 -0.787119
66.87 35.8125 30.436 -0.460044 -0.194189 -0.4 0 0.959402 -0.245198 -0.139378
54.5824 43.7884 45.2853 -0.455619 0 -3.5 0 0.699781 0.706649 0.104659
63.0877 44.6698 46.6985 -0.0435883 0 4.2 0 0.518686 0.382073 0.764843
63.0119 35.5589 28.7502 -0.362033 -0.809274 4.2 0 0.466093 -0.700723 -0.540134
57.1771 50.9159 35.6005 -0.416038 0 1.8 0 0.17159 0.935344 -0.309336
56.9643 29.8316 29.3849 -2.02813 -0.473549 -3.5 0 -0.984883 0.140885 0.10078
65.4363 39.668 42.6782 -1.89543 -0.0711099 3.8 0 0.432046 -0.36118 0.826369
52.6507 39.6738 25.8429 0.0112628 0 1.43594 0 -0.487561 0.17129 -0.856121
50.0573 28.9691 42.4325 -0.898208 0 -0.8 0 -0.854167 -0.258202 -0.451366
59.4204 51.9893 39.1046 0.0908601 0 -3.5 0 -0.176011 0.669783 0.721395
60.7298 27.3102 41.6522 -0.123756 0 3.8 0 0.403669 -0.0811098 0.911302
51.0592 35.9886 27.5995 -0.18565 0 -3.5 0 0.326101 -0.55687 -0.763907
47.0223 48.3633 35.5047 0.0528046 0 -1.34582 0 -0.822302 0.208801 0.52936
66.9949 44.261 43.7211 -0.0861225 0 -0.8 0 0.606528 -0.0970492 0.789117
47.5529 48.7011 31.2016 0.262374 0 1.8 0 0.0478298 0.590111 -0.805904
62.543 42.5685 26.138 -0.195297 0 3.8 0 0.463513 0.885216 0.0393519
56.0035 43.0798 47.473 -0.404286 0 -3.61795 0 0.177378 0.85366 -0.489695
55.0471 45.0028 29.5096 -0.208028 0 3.8 0 0.156673 0.0193602 -0.987461
56.327 38.406 39.7265 -0.342284 0 4.2 0 -0.636662 0.722312 -0.270049
48.0075 37.5337 49.285 0.848236 0 3.16014 0 -0.761739 -0.0236773 0.647451
48.1562 41.952 26.5667 0.0776701 0.0194858 1.40955 0 0.0516176 0.199315 -0.978575
64.8313 34.3527 34.4622 0.617883 0 2.00969 0 0.706048 0.707521 -0.0301644
57.7313 26.502 32.9461 -0.452724 0 0.617355 0 -0.116946 -0.574247 -0.810287
61.2043 43.3345 34.7886 -0.329009 0 3.8 0 0.623399 0.665221 0.410918
51.5191 32.1951 40.4782 -0.940591 -0.762894 4.35045 0 -0.619103 0.591013 -0.517122
67.4498 45.8228 41.3554 -0.80569 0 -0.8 0 0.782553 0.621721 0.0327502
59.0175 47.9205 34.8399 -0.133718 0 3.8 0 0.661292 0.636991 -0.396151
66.3656 41.0506 42.6531 -0.847109 -0.150026 3.8 0 0.649904 -0.38001 0.658192
55.0429 26.401 37.1198 -1.04293 -0.0184093 1.8 0 -0.323154 -0.946139 0.0197927
55.0625 30.3612 43.978 -0.143303 0 4.5 0 0.406736 -0.632544 0.659131
48.1116 52.9552 40.1606 0.513767 0 -4.5 0 -0.124621 0.991902 0.0244764
49.5452 48.8189 34.804 0.934604 0.415047 1.8 0 -0.148859 0.984327 -0.0945588
55.5361 30.5362 33.7684 -0.516503 0 3.8 0 -0.831954 0.115116 -0.542771
53.5037 45.2424 49.4761 -1.44077 -0.160087 -3.5 0 0.536366 0.222275 0.81419
52.1319 36.949 27.3689 -0.835496 0 -3.5 0 0.0379962 -0.744054 -0.667038
44.9458 32.4697 44.5524 -0.804386 -0.277437 1.38963 0 -0.97011 0.22692 -0.0859834
62.1186 37.3579 47.0925 0.728997 -0.494569 -0.7 0 -0.159003 0.131843 0.978435
56.7467 36.02 26.9621 -0.357809 0 0.812285 0 -0.468802 -0.365722 -0.804035
50.4036 40.1744 50.8932 0.337777 0 -1.99779 0 -0.112252 0.419582 0.90075
59.5317 28.7658 41.5877 -0.0508438 0 3.8 0 -0.0215812 -0.0606728 0.997924
66.6239 34.5896 30.3915 -1.72831 -0.808692 -0.4 0 0.7153 -0.371176 -0.592093
53.1455 35.96 27.713 -0.2096 0.0490526 2.9575 0 0.0375267 -0.275138 -0.960672
57.2327 44.6866 51.8701 2.29693 0.227691 -3.9 0 -0.159589 0.655887 0.737796
57.7635 49.4982 41.0312 0.0962232 0 -2.19304 0 0.312736 0.777604 0.545462
65.1735 41.3467 27.754 -1.54483 -0.494736 3.8 0 0.827887 0.480649 -0.2891
58.3581 43.0721 25.6276 -0.205715 0 3.8 0 -0.483361 0.867327 0.11877
54.836 39.6674 50.7144 0.00592095 0 -3.5 0 0.637362 0.0908273 0.765193
59.7751 47.5354 43.7913 -0.275242 0 -1.73813 0 -0.02879 0.572363 0.819495
46.9777 35.2105 48.68 2.80707 0 3.8 0 -0.874797 -0.00719422 0.484436
60.054 42.1686 28.2033 -0.49411 -0.528817 2.1629 0 0.247313 0.968876 0.0107332
49.5686 31.6279 46.8525 -0.918092 -0.774938 3.8 0 0.416359 -0.366632 0.832001
66.1964 34.149 35.077 1.8333 0.0950888 -3.9 0 0.44028 0.730438 -0.522124
48.8084 37.1326 34.2044 -0.996641 0 -3.5 0 0.589347 -0.472529 0.655276
65.7217 40.3063 29.1441 -0.0562173 0 3.8 0 0.914847 0.231121 -0.331117
50.3397 42.2634 35.5784 -0.845794 0 -0.331383 0 -0.949695 0.0353348 -0.311176
50.1268 38.322 33.0116 -0.528943 0 -3.5 0 0.552835 -0.278742 0.785287
55.1006 34.0071 28.3744 -0.390365 0 3.8 0 0.279917 -0.413834 -0.866249
67.6926 38.1104 38.0956 -0.693906 -0.0123427 -0.4 0 0.572452 -0.161579 -0.80386
54.9031 49.5981 31.7719 -0.101801 0 1.8 0 0.429862 0.263763 -0.863509
46.6571 34.5477 47.5356 1.4948 0 3.8 0 -0.829626 -0.311958 0.463036
54.6376 51.5815 38.7331 0.212288 0 -3.5 0 0.300613 0.931919 -0.202878
54.3285 36.9736 39.8908 -0.524034 0 4.2 0 -0.523445 0.519696 -0.675219
48.2873 49.4073 31.6025 0.0106485 0 1.8 0 0.369907 0.709681 -0.599601
50.7941 31.5182 45.7083 0.0435205 0 3.8 0 0.32244 -0.460253 0.827164
57.8293 28.0093 30.1663 -1.51401 -0.581572 -3.5 0 -0.777743 -0.442286 0.446653
44.9009 28.7694 44.9591 -0.244268 0 3.8 0 -0.759115 -0.624556 -0.183504
62.0477 43.9741 37.4842 -0.199476 0 3.8 0 0.013138 0.157451 -0.987439
64.826 47.3871 37.0075 -0.485704 0 -3.5 0 -0.11686 0.335845 -0.93464
55.1798 34.8039 46.8908 -0.0997225 0 1.8 0 0.159134 -0.413703 0.896396
57.5552 34.622 35.6965 -0.401203 0 4.0167 0 -0.305202 0.937211 -0.168785
47.9306 40.3831 45.9259 0.224959 0 0.39171 0 -0.950652 0.00667934 -0.310186
62.4895 28.9996 36.7573 0.645769 0 -3.52963 0 0.631098 -0.598093 0.493963
60.55 25.9837 39.1365 -0.175155 0 3.8 0 0.308261 -0.863627 -0.398902
66.4143 38.9051 41.5756 -0.0755531 -0.0198489 -0.0494455 0 0.51951 -0.110363 0.847307
61.934 24.8919 35.0921 -0.165936 0 -3.5 0 -0.397537 -0.748354 0.53097
47.4055 39.7455 26.6755 0.0084488 0 -3.5 0 -0.0958613 0.050453 -0.994115
67.2514 45.5411 43.4663 -0.158565 0 -0.8 0 0.63598 0.556628 0.534504
46.1479 39.5921 32.2618 -0.194581 0.171833 -3.5 0 -0.986422 0.0622828 0.151962
55.5429 42.8891 38.7104 -0.368236 0 -0.9 0 -0.0864568 -0.968813 0.23222
64.3988 47.8478 46.1235 -1.64582 -0.0395539 -3.5 0 0.622332 -0.374424 0.687394
55.9264 41.6195 50.8853 0.442696 0.864564 -3.9 0 -0.545538 -0.354085 0.759613
56.9306 34.3705 27.319 -0.417072 0 4.2 0 -0.640753 -0.459811 -0.614825
61.7039 42.1435 28.0656 -0.0207076 0 3.8 0 0.0520499 0.996248 -0.0691375
47.836 28.6724 46.4739 -0.153501 0 3.8 0 0.52856 -0.6853 0.500988
55.3822 50.8508 37.9118 0.161927 0 -3.5 0 0.142339 0.968112 -0.206152
64.216 42.5938 35.6878 -0.335932 0 3.8 0 -0.0374877 0.919464 -0.391383
58.4705 38.0861 47.4762 0.607577 0 -3.9 0 0.171761 -0.542801 0.822111
64.5445 33.9224 30.1789 -0.380215 0 -0.4 0 0.285675 -0.368505 -0.884644
67.3491 39.5609 41.0137 -0.222358 0 -0.4 0 0.688934 0.0313894 0.724144
50.3019 50.2499 41.7744 -0.236792 0 -4.5 0 0.59828 0.414387 0.685816
66.7299 46.6424 40.8646 -0.47887 -0.222123 -0.8 0 0.700591 0.680512 0.214654
56.0308 50.6407 36.5723 -0.736081 -0.753186 -3.5 0 0.0648332 0.989999 0.125291
65.7728 35.416 45.9105 -0.200083 0 -0.7 0 0.934783 0.204967 0.290119
45.511 37.6435 28.8755 -1.96246 -0.562301 -3.5 0 -0.963534 0.0525654 0.262371
47.3835 36.296 33.5931 -1.87421 -0.106196 -3.5 0 0.0391023 -0.995141 0.0903675
47.239 37.9685 26.9635 -1.15983 0 -3.5 0 -0.527048 0.144032 -0.837541
52.7221 40.1399 51.5967 -0.347226 -0.00115099 -3.5 0 0.155537 0.745155 0.6485
65.4777 39.0744 36.3158 -0.179525 0 3.8 0 0.420737 -0.596102 -0.683844
56.5778 29.6546 33.1571 0.434285 0 2.20776 0 -0.663493 -0.337345 -0.667813
53.5602 27.9806 42.6481 -0.497586 -0.755921 -0.8 0 0.31612 -0.283837 0.905265
53.2969 51.6497 39.974 0.145226 0 -3.5 0 -0.263656 0.929338 0.258488
47.4345 43.3724 44.223 0.57612 0 1.9 0 -0.681492 0.642782 0.349858
45.3257 45.6599 31.1594 -1.16133 -0.0879975 1.8 0 -0.891344 -0.453259 -0.00785074
57.9659 39.7265 49.1591 0.310238 0 -3.9 0 0.085598 -0.77952 0.620501
43.5891 40.6049 27.6171 -0.923494 -0.179656 -3.5 0 -0.740096 -0.604147 -0.295405
52.7824 37.4924 31.8451 0.023128 0 3.8 0 -0.11284 -0.273384 0.955264
58.6203 43.1201 28.8611 -0.0114297 0 1.8 0 0.438949 0.809779 -0.389335
49.2112 43.4919 36.4886 -0.760876 0 -3.10353 0 -0.826727 -0.449144 -0.338811
51.2542 30.1715 35.0471 -0.394702 0 1.8 0 -0.701537 0.309752 -0.641794
65.2691 44.5648 36.9639 -1.01354 0 -1.93701 0 0.00497851 0.0346471 -0.999387
60.5452 48.6632 37.0259 0.0238764 0 -3.5 0 0.528381 0.0273735 -0.848566
54.3868 33.6903 46.8241 -0.0802702 0 3.8 0 0.646252 -0.574964 0.501772
54.4501 32.4599 29.9902 -0.492673 0 3.8 0 0.215304 -0.953963 0.208804
63.4818 39.2264 32.8953 -0.115916 0 3.8 0 0.668484 -0.336639 0.663177
56.0599 44.1582 48.4724 -0.00513862 0 -3.9 0 -0.141032 0.909864 -0.390203
63.0358 43.853 32.806 -0.305408 0 3.8 0 0.279157 0.769023 0.575044
53.0816 49.2939 31.2612 -0.561825 0 2.34443 0 -0.0490091 0.654244 -0.754694
53.9536 43.3557 49.6175 0.0487421 0 -3.5 0 -0.0513148 0.13858 0.989021
54.5439 30.3851 34.4956 -0.892601 0 3.44308 0 -0.365682 0.196044 -0.909859
47.3604 32.0394 42.6034 -0.332124 0.0853109 2.83474 0 -0.312954 0.0900668 -0.945488
49.597 42.7494 47.4567 0.271826 0.21974 0.0792873 0 -0.495549 0.849899 0.179173
49.7366 28.8304 39.0252 -1.78124 -0.372862 1.8 0 -0.867484 -0.481502 -0.125009
57.9856 33.0512 28.1742 -0.61695 0 4.2 0 -0.769332 -0.491262 -0.4084
56.2076 37.8511 32.8391 -0.479022 0 2.91468 0 -0.393603 -0.557126 0.731223
53.706 40.8276 25.9388 -0.119248 0 0.220123 0 -0.0402203 0.717742 -0.695146
56.0595 32.3011 34.0589 -0.377117 0 3.8 0 -0.94202 0.332078 -0.0481898
51.0765 37.1964 39.6418 -0.598142 0 3.8 0 -0.119443 -0.18872 -0.97474
54.3746 25.8123 41.5731 -0.873347 0 -0.8 0 0.399628 -0.814605 0.420375
63.2716 34.7431 29.399 -0.565796 -0.101277 4.2 0 0.222485 -0.547754 -0.806515
49.7271 39.2801 26.5886 0.805954 0 1.8 0 -0.0462374 0.370872 -0.927532
65.2805 48.5419 42.7506 -0.171009 0 -3.5 0 0.879657 0.412194 -0.237275
47.5384 29.9232 47.6097 -0.145013 0 3.8 0 0.403001 0.043208 0.914179
49.5366 35.0438 26.9608 -0.405677 0 -3.5 0 0.458517 -0.72529 -0.513533
64.7134 33.1969 44.8551 -0.169953 0 -0.7 0 0.514188 -0.856214 -0.050091
66.1138 29.6549 33.3845 -0.299843 -0.1258 -0.7 0 0.513798 -0.776102 0.36562
61.7389 34.3971 27.6131 -0.488572 0 4.2 0 0.715555 -0.660717 -0.226791
53.8034 38.9089 52.0062 -0.48898 0 -3.5 0 0.715897 -0.025882 0.697726
64.9877 41.7845 31.8164 -0.313859 0 3.8 0 0.961126 0.214091 0.174361
54.8719 48.4046 43.0185 -0.204055 0.146754 -1.72964 0 -0.746891 -0.150207 0.647759
60.887 37.8864 46.659 -0.398205 0.153568 -1.69167 0 0.204854 -0.127977 0.97039
58.9835 36.1075 25.2005 -0.24159 0 4.2 0 -0.454839 0.0305276 -0.89005
46.2827 36.4352 34.989 -2.27456 -0.150688 -3.5 0 -0.286548 -0.756883 0.587382
62.0051 25.5903 31.5335 -0.996919 0 -3.5 0 -0.663078 -0.654998 -0.362361
66.8217 32.2649 32.8795 -0.0422577 0 -0.7 0 0.92582 0.372062 0.0665366
54.4096 42.7016 28.1679 -0.856456 0 1.8 0 0.235525 0.648371 -0.723977
48.4015 48.4799 42.1288 0.329179 0 -4.5 0 -0.515196 -0.55349 0.654387
65.0117 27.7746 31.8762 -1.50469 -0.0805282 -3.013 0 0.943785 -0.221727 -0.245166
50.1632 40.8317 34.599 -0.757393 -0.0772121 -1.38427 0 -0.872925 -0.28624 0.395056
59.8089 43.4113 31.1857 -0.271806 0 3.8 0 0.288611 0.623609 -0.726509
66.9236 33.7122 38.556 2.15117 0 -3.9 0 0.650658 -0.0986892 0.752931
48.9933 40.2375 34.6398 -0.888947 -0.204952 -3.5 0 0.289414 -0.130852 0.948218
57.2521 34.0466 46.5921 -0.0278003 0 1.8 0 0.164642 -0.693084 0.701804
63.6781 28.1661 30.7176 -0.423159 -0.259497 -2.17405 0 0.525739 -0.162232 -0.835033
55.9516 51.7652 33.784 -0.0905351 0 1.8 0 0.4297 0.891334 -0.144506
52.8604 49.6025 42.198 -1.36312 -0.393567 -3.5 0 -0.456483 0.0209538 0.889486
65.1503 37.2151 43.2134 -0.29058 0 -0.7 0 0.824167 0.385431 0.41496
49.2491 31.835 41.2115 -2.22992 -0.287494 4.5 0 -0.554506 0.144056 -0.819616
51.1233 36.5033 30.685 -0.852964 0 -1.85528 0 -0.338826 -0.884443 0.320871
58.7052 26.775 29.5931 -0.578473 0 -3.5 0 -0.512496 -0.856108 -0.0665339
46.465 44.6268 35.3721 -1.94648 -0.272309 -4.5 0 -0.668727 -0.664503 0.333525
57.8493 25.4909 40.8335 -0.176982 0 3.8 0 -0.580379 -0.733797 0.353131
58.8588 30.1031 26.2852 -2.28184 -0.037414 -3.5 0 -0.0565461 0.0139638 -0.998302
56.7132 37.471 37.7631 -0.462912 0 4.2 0 -0.580067 0.145458 -0.801476
61.1305 41.3834 22.2752 -0.198406 0 3.8 0 0.0845882 0.526659 -0.845858
50.9711 48.7048 41.5747 -0.411663 -0.00713483 -3.73617 0 0.212281 -0.232639 0.949113
51.2692 46.8307 40.8563 -0.204281 0 -0.9 0 -0.108101 0.214056 0.970821
51.4173 33.2551 49.9985 -0.0119767 0 3.8 0 -0.284898 -0.74004 0.60924
43.6071 42.3903 26.0436 0.704545 0.749045 -3.5 0 -0.80785 0.311125 -0.500579
66.6621 47.668 39.4856 -0.791533 0 -3.5 0 0.570561 0.719472 0.396006
65.5903 35.0703 29.2233 -0.0575842 -0.119871 -0.4 0 0.374333 -0.658843 -0.652534
64.8794 44.2726 31.6866 -0.29546 0 3.8 0 0.662143 0.702196 0.261701
54.1621 37.0026 26.6525 0.352953 -0.657789 -0.7 0 -0.114708 -0.918248 -0.379029
64.2718 36.503 32.9044 -0.0659551 0 0.482546 0 0.769823 0.303932 0.561247
49.2752 29.8839 42.8314 -0.495529 0 3.8 0 -0.514208 -0.536043 -0.669513
63.6805 48.8645 46.5625 -1.94925 0 -3.5 0 0.103171 0.310322 0.945017
66.8466 30.1726 30.9759 -0.252673 0 -0.7 0 0.651963 -0.483111 -0.584422
51.3898 27.6567 38.6385 -0.44897 0 1.37724 0 -0.38984 -0.718807 -0.575623
53.591 45.773 45.671 -1.54257 -0.0186239 -3.5 0 0.723387 0.54488 -0.424048
64.8556 38.1564 27.8194 0.344385 0 -0.4 0 0.612322 -0.080924 -0.786456
61.7701 29.6414 41.087 -0.090196 0 3.95937 0 0.698196 0.0156896 0.715735
47.9396 40.6769 50.4434 -0.169304 0 -0.8 0 -0.772078 0.0743912 0.631159
51.1979 35.9741 50.7454 -0.591379 0 2.31412 0 -0.174637 -0.482653 0.858224
46.5383 36.8703 32.2391 -0.926946 -0.128664 -3.5 0 -0.667981 -0.684038 -0.293077
49.0895 40.6155 36.0153 -0.742536 0 -0.9 0 -0.708978 -0.47571 -0.520624
60.3911 42.7031 26.3996 -0.181327 0 3.8 0 0.125052 0.923283 0.363195
58.751 26.1194 38.6618 -0.111912 0 3.8 0 -0.163696 -0.923326 -0.347379
52.9672 44.9661 44.7183 -0.760726 -0.808699 -3.5 0 -0.00233029 0.87656 -0.481287
48.6739 46.2501 28.103 -0.16691 0 -0.7 0 -0.335428 0.159642 -0.928441
56.1646 41.5666 40.7052 -0.29362 0 4.5 0 -0.382192 -0.464296 -0.798973
52.747 38.9435 32.7811 -0.109126 0 4.09399 0 -0.163388 -0.772387 0.613778
45.3785 37.402 33.634 -1.9947 0 -3.5 0 -0.985605 -0.154248 -0.0692133
62.5224 28.9025 39.0804 -0.0488595 0 3.8 0 0.976926 -0.205393 0.0585678
58.3587 30.6606 42.3806 -0.0693791 0 4.5 0 -0.114957 -0.659351 0.742995
66.4948 30.8273 35.7287 0.428762 0 -3.9 0 0.759052 -0.647456 -0.0681148
53.5999 33.7593 48.2784 -0.0342547 0 3.8 0 0.794927 -0.507889 0.331873
54.1704 42.1894 38.171 -0.449704 0 -0.9 0 0.351275 -0.891692 0.285466
59.7804 41.4006 22.6936 -0.201569 0 3.8 0 -0.333463 0.281471 -0.899765
50.5859 27.6481 41.4116 -0.735008 -0.0735124 -0.8 0 -0.877439 -0.479493 -0.0136723
62.1701 49.6174 43.1119 -0.363679 0 -3.5 0 -0.655121 0.753316 -0.0577262
58.0454 43.1564 52.4721 3.03726 0.119718 -3.9 0 0.15437 -0.0394443 0.987225
49.7119 29.1765 45.3068 0.376004 0 3.8 0 0.42906 -0.76477 0.480661
50.6436 34.8059 28.4647 -0.422338 0 0.209822 0 -0.347952 -0.935629 0.0593942
57.2592 41.6232 25.0806 -0.229516 0 -0.513389 0 -0.64036 0.759405 -0.115078
53.7439 25.2949 40.3661 -0.359068 0 -0.8 0 0.189234 -0.974101 -0.123767
66.1967 35.1171 41.2626 0.0834806 0 -0.553941 0 0.741795 -0.580196 0.336322
66.927 47.8775 37.6409 -2.10241 -0.826653 -3.5 0 0.286883 0.914997 -0.283688
44.057 42.6625 27.636 -0.506774 -0.0205704 -3.5 0 -0.485256 0.874361 0.00433617
55.7028 34.7796 36.1091 -0.460111 0 4.2 0 -0.341411 0.50638 -0.791844
47.3504 50.0187 39.1123 0.231869 0 -4.5 0 -0.9798 0.00101362 -0.199977
47.716 50.5357 33.3177 0.040294 0 1.8 0 0.490316 0.869602 0.0581515
54.1323 38.7204 24.1162 -0.815937 -0.212455 -0.7 0 -0.596934 -0.139219 -0.790119
51.6862 37.3679 26.3102 -0.216134 0.434642 -0.949509 0 0.272169 -0.529866 -0.803223
58.7601 25.1089 39.8924 -0.178016 0 3.8 0 -0.235147 -0.884475 -0.403002
56.8505 49.936 41.4935 -0.0334202 0.0261675 -1.96701 0 0.582613 0.772635 0.252186
54.1674 26.1231 38.5947 -0.313711 0 0.398458 0 0.0560343 -0.893442 -0.445669
57.293 38.5395 35.2555 -1.33671 0 2.8 0 -0.616875 -0.709238 0.341243
67.7126 44.6776 40.1499 -0.79158 0 -1.55014 0 0.988581 -0.0793315 -0.128121
65.3633 30.3 35.5635 0.284947 -0.0672136 -3.67886 0 0.501196 -0.836863 0.220142
48.6782 44.3907 38.6708 -0.335195 0 -1.6114 0 -0.966871 0.0124837 0.254961
63.8018 29.6252 30.2154 0.295975 0 -0.7 0 0.425701 -0.233215 -0.874294
59.9105 46.9772 34.476 -0.192312 0 3.8 0 0.783756 0.591889 -0.188133
46.6063 36.2307 47.344 -0.38288 -0.186922 3.00759 0 -0.82031 0.120655 0.559047
50.0065 48.4409 31.829 0.00322544 -0.0751322 -0.454027 0 0.0581008 0.851668 -0.520851
61.9849 42.4287 24.0247 -0.207903 0 3.8 0 0.515744 0.781163 -0.351841
49.69 52.1631 39.8467 -0.0795068 0 -4.5 0 0.651792 0.741561 -0.158918
55.8597 41.9222 37.0744 -0.395056 0 2.85709 0 -0.440037 -0.675183 0.592027
49.5137 39.3241 33.6461 -0.886862 0 -3.5 0 0.580072 -0.268455 0.769057
52.0249 41.0826 41.4014 -0.392338 0 2.21945 0 0.647586 -0.380524 -0.660177
56.314 43.15 51.988 2.42886 0 -3.9 0 -0.636437 0.0692673 0.768212
47.6082 39.6995 49.1396 -0.0813714 0 -0.8 0 -0.894248 -0.0913183 0.438158
52.6779 46.6897 46.4273 -2.4225 -0.715846 -3.5 0 -0.100054 0.891976 -0.440872
59.232 35.075 46.5865 -0.0225011 0 1.8 0 0.192241 -0.652352 0.733131
65.8925 34.2924 42.7686 -1.42277 -0.262811 -0.7 0 0.909622 -0.403429 0.0991607
45.5967 31.0315 42.5918 -0.412698 0 3.8 0 -0.323064 0.217783 -0.920978
49.6339 36.6171 30.0767 -0.401429 0 -3.5 0 -0.0695682 -0.901257 0.427664
55.6283 32.1116 31.7481 -0.495894 0 3.8 0 -0.830944 -0.556356 -0.000578324
60.0477 26.9655 27.3525 -0.459166 0 -3.5 0 -0.061951 -0.816118 -0.574554
55.8994 27.162 41.8645 -0.441288 -0.839932 -0.8 0 0.404719 -0.448586 0.796852
60.442 26.1831 29.9391 -0.312076 0 -3.5 0 -0.171841 -0.984248 -0.0415407
58.8185 44.8531 45.2681 -0.0043475 -0.120865 3.18837 0 -0.707381 0.272613 0.652146
64.1999 49.7643 42.5591 -0.308508 0 -3.5 0 0.465193 0.78854 -0.402244
60.4386 50.7806 35.8165 0.119005 0 -3.5 0 0.227406 -0.462041 -0.857207
53.4349 36.5247 49.967 -0.18144 0 -0.276279 0 0.714181 -0.533243 0.453428
56.78 42.884 45.0734 0.132404 0 3.06479 0 -0.137834 0.852745 0.503814
52.9823 37.6681 25.4541 0.889743 -0.0186166 -0.7 0 -0.508798 -0.532109 -0.676745
66.7207 31.0889 33.7296 -0.0417097 0 -0.7 0 0.927642 -0.105036 0.358396
55.2878 32.5288 30.638 -0.508954 0 3.8 0 -0.223141 -0.946323 -0.233839
65.9532 47.2487 42.4442 0.602935 0.701002 -0.8 0 0.723832 0.658086 0.20734
53.5467 33.2767 27.8671 -0.375472 0 3.8 0 0.0621999 -0.308244 -0.949272
57.2412 50.044 34.8349 -0.443019 0 2.05758 0 0.763313 0.373004 -0.527468
58.7397 45.3582 31.1943 -0.219515 0 3.8 0 0.422542 0.397327 -0.81461
63.0164 41.5457 47.3248 -0.0458563 0 4.2 0 0.54147 -0.327642 0.774248
46.46 40.7043 25.9428 0.624456 0.304818 -3.5 0 0.294418 -0.435303 -0.850782
46.9515 37.3815 44.617 -1.64452 -0.971966 -0.4 0 -0.206529 0.683851 -0.699781
48.4045 33.1353 42.132 -0.105001 -0.0380689 2.21711 0 -0.297882 0.323027 -0.898287
55.3326 35.3306 27.8605 -0.266701 0 3.8 0 -0.203656 -0.369802 -0.906516
45.8088 44.6056 31.3525 -0.440984 -0.00793645 -0.7 0 -0.990678 -0.113103 0.075925
60.8037 40.0629 22.0704 -0.21387 0 3.8 0 -0.159236 -0.244033 -0.956604
53.777 40.9116 50.3253 0.190015 0 -3.5 0 0.208909 0.6422 0.737521
63.2779 33.1676 46.255 -0.15398 0 -0.7 0 -0.233756 -0.916875 0.323571
55.9196 47.6094 44.41 -0.380202 0 -0.7 0 -0.432328 -0.0573928 0.899888
44.888 33.335 45.287 -1.96431 -0.62891 -0.4 0 -0.880937 -0.208705 0.424727
64.4051 39.1959 35.8931 -0.106534 0 3.8 0 0.499356 -0.476386 -0.723671
62.6545 24.0879 32.3909 -1.02117 -0.443664 -3.5 0 -0.388053 -0.882603 -0.26538
54.1839 36.1821 27.8028 0.193004 0 3.8 0 -0.0254617 -0.477048 -0.878508
46.202 34.7551 29.632 -2.21373 -0.045042 -3.5 0 -0.35886 -0.618154 0.699361
66.1602 36.4048 31.7257 -0.254179 0 -0.4 0 0.681901 0.139482 0.718022
67.7581 46.1018 39.5092 -1.24263 0 -3.5 0 0.882847 0.211316 0.419436
46.229 41.4121 31.8057 -0.506688 0 -3.5 0 -0.801707 -0.0407374 0.596327
51.921 30.8218 45.2575 0.0911505 0 4.12869 0 0.315906 -0.434993 0.843199
60.1578 35.9352 24.6278 -0.235678 0 4.2 0 -0.0940015 0.141485 -0.985467
58.4844 44.453 51.351 3.02154 0 -3.9 0 0.532299 0.710914 0.45963
62.1468 26.8748 38.9006 -0.145959 0 3.8 0 0.727528 -0.647848 -0.225821
45.1529 36.1678 45.7224 -2.27752 -0.791843 -0.4 0 -0.906594 0.300433 0.296357
59.3596 53.0085 37.771 0.108723 0 -3.5 0 -0.521898 0.794218 0.311193
46.0402 43.5508 32.5646 -2.17395 0 -0.7 0 -0.861863 -0.130212 0.490139
50.6208 30.8743 38.3825 -1.43687 -0.179691 1.8 0 -0.754835 0.635494 -0.162395
57.3058 38.2966 36.9932 -0.550869 0 3.82176 0 -0.890954 -0.321796 -0.320388
48.6953 49.0942 35.7955 0.703722 0 -4.5 0 0.131838 0.936619 -0.324597
59.3202 33.4078 43.9988 -0.46219 0 4.5 0 0.162988 -0.515429 0.84129
51.6665 35.5064 40.8878 -0.617728 0 3.8 0 -0.536923 -0.503717 -0.676744
65.9685 38.4577 28.8888 -0.302411 0 3.54374 0 0.772221 0.265257 -0.577333
63.404 40.5521 25.3493 -0.215986 -0.559766 3.8 0 0.790429 0.120301 -0.600624
52.0646 43.6084 49.6239 -0.345083 0 -3.5 0 -0.368947 0.0717409 0.926678
52.2659 34.7372 27.7506 -0.306017 0 3.8 0 -0.170755 -0.284985 -0.9432
50.0756 34.7819 50.2241 0.111895 0 3.8 0 -0.368203 -0.330877 0.868877
63.1876 51.8071 38.0828 -1.75749 -0.874485 -3.5 0 0.96678 0.19854 0.160992
53.3979 34.5914 49.7024 -0.0691225 0 3.8 0 0.834171 -0.132938 0.535244
65.5445 46.6472 36.8787 -0.91014 0 -3.5 0 -0.0300337 0.176771 -0.983794
56.5249 33.1792 29.4478 -0.547882 0 3.8 0 -0.199781 -0.704336 -0.681174
47.013 50.2393 31.7502 -0.0503561 0 1.8 0 0.116572 0.714891 -0.689451
55.6742 42.9808 50.4899 1.53837 0.00118335 -3.9 0 -0.74839 0.022183 0.662888
50.4897 44.2965 42.7822 0.00389015 0 1.9 0 0.0303189 0.976836 0.211832
65.694 39.86 33.1245 -0.388285 -0.0921102 3.8 0 0.712891 -0.141933 0.686761
65.2295 39.6951 26.9587 -1.81695 -0.0335227 3.8 0 0.831221 -0.252075 -0.495509
45.6319 42.7299 30.9877 -0.689463 -0.0412561 -3.08889 0 -0.869679 0.268733 0.414054
59.5574 43.3747 23.8398 -0.192157 0 3.8 0 -0.166867 0.762188 -0.625479
61.7587 42.7799 36.1709 -0.289352 0 3.8 0 0.183646 0.933392 -0.308306
60.0315 53.9736 36.3299 0.480255 0.125424 -3.5 0 -0.505887 0.862496 -0.0133989
52.7685 46.3737 49.7735 -1.91861 -0.0818578 -3.5 0 -0.0823961 0.44095 0.893742
56.49 30.6765 31.82 -0.440752 0 3.8 0 -0.741122 -0.539662 -0.399378
46.6437 28.625 47.9345 -0.162845 0 3.8 0 0.216624 -0.481521 0.849242
65.4444 41.9904 43.834 -0.0257529 0 -0.8 0 0.470334 -0.442923 0.763286
67.2959 35.0045 37.2948 1.95016 0 -2.43932 0 0.961433 0.0574156 -0.26898
58.1076 36.6828 34.1292 -0.411015 0 2.8 0 -0.82387 -0.305342 0.477498
59.4567 27.2139 42.3806 -0.142726 0 3.8 0 0.0818506 0.134856 0.987479
61.0306 28.2739 27.0562 -0.540928 0 -3.5 0 0.510231 -0.24396 -0.82471
60.5143 39.8442 47.1478 0.0878204 0 -3.9 0 0.749483 -0.20577 0.629233
67.2197 41.8695 39.7665 0.219851 0 -0.8 0 0.99296 0.102412 -0.0595137
63.9559 44.2038 29.7206 -0.249964 0 3.8 0 0.248967 0.634138 -0.732041
63.8931 46.4562 36.8815 -0.344792 0 -3.5 0 -0.169162 0.191739 -0.966758
62.9622 39.2627 43.8476 0.514537 0 1.52686 0 0.836991 0.0488056 0.545036
67.482 40.496 36.787 -0.346001 0 3.8 0 0.915531 -0.294144 -0.274375
46.6906 37.8629 47.1479 -1.3895 -0.0843674 3.8 0 -0.879231 0.362853 0.308691
48.2149 42.6279 39.1615 -0.157815 0 -0.9 0 -0.974067 0.150878 -0.168608
51.1916 44.8623 48.7581 -1.31962 0 -3.5 0 -0.90389 0.0989718 0.416157
62.7668 53.4636 36.049 0.893398 0.887138 -3.5 0 0.805283 0.471475 -0.359486
48.0146 34.9023 26.2318 -0.46464 0 -3.5 0 -0.031345 -0.789734 -0.612648
65.8255 34.4251 39.4899 0.729674 -0.0325064 -0.0384385 0 0.67639 -0.537265 0.503828
50.7941 35.4334 42.2051 -0.543724 0 3.8 0 -0.602263 -0.48797 -0.631795
59.9837 41.7151 48.9699 0.355348 0 -3.9 0 0.847309 -0.141552 0.511889
57.4576 32.5799 29.1922 -0.671068 0 3.8 0 -0.757647 -0.308879 -0.574947
66.5062 31.4976 38.2404 1.11987 0 -3.9 0 0.548039 -0.566994 0.614956
60.5164 25.2967 33.893 -0.249418 0 -3.5 0 -0.490262 -0.861174 -0.134249
63.9259 41.8066 46.5446 -0.0316143 0 4.2 0 0.811694 -0.19822 0.549419
65.147 36.5508 44.785 -0.209665 0 -0.7 0 0.830084 0.512882 0.218889
57.0216 36.2854 37.5382 -0.414363 0 4.2 0 -0.274576 0.376681 -0.884714
58.0095 25.258 35.2257 -0.149758 0 1.8 0 0.396677 -0.917952 -0.00348204
53.1181 33.5745 39.1015 -1.17461 0 4.2 0 -0.877838 0.430138 -0.210668
54.2733 50.6134 42.894 0.178613 0.259474 -3.5 0 -0.266589 0.64034 0.720344
52.7649 28.2334 35.2943 -0.263523 0 1.8 0 -0.286242 -0.759761 -0.583805
58.3784 43.2464 46.0778 0.0745069 0 -1.97999 0 -0.579914 0.81325 0.0482151
50.0594 44.289 45.6127 -0.0973272 0 1.9 0 -0.448403 0.86938 0.207635
64.3067 41.6392 44.8621 -0.00413733 0 4.2 0 0.736092 -0.534371 0.415472
62.712 45.4092 37.1744 -0.124384 0 -3.5 0 0.0383539 0.00455762 -0.999254
48.4295 43.3204 32.8655 -1.21187 0 -0.7 0 -0.0995211 -0.47641 0.873572
61.6159 32.0934 29.8078 -0.94992 -0.788141 3.69034 0 0.0921761 -0.120123 -0.988471
66.4741 35.0899 36.227 2.56422 -0.0869173 -0.379071 0 0.53916 0.501244 -0.676802
52.1964 39.782 34.1745 -0.46978 0 4.2 0 -0.315326 -0.815221 0.485783
62.723 31.2011 40.59 -0.0399396 0 4.5 0 0.604542 -0.691421 0.395559
63.0323 23.8298 34.2434 -0.362568 0 -3.5 0 -0.0324286 -0.95677 0.289031
60.4354 26.6138 37.3984 -0.771266 0 0.776707 0 0.0938632 -0.994412 0.0483195
54.3741 44.5505 43.9707 -0.461373 0 4.5 0 0.0618883 0.787683 0.612965
55.7555 51.0251 41.9717 0.434605 0 -3.5 0 0.359405 0.798474 0.482977
64.2286 36.6685 35.5136 -0.0928862 0 4.2 0 0.487268 0.323359 -0.811177
55.2368 28.6046 42.1284 -0.218108 -0.799855 -0.453882 0 0.450473 -0.118977 0.884827
48.1 49.7135 36.6535 0.234274 0.229484 -4.5 0 -0.582225 0.671796 -0.457935
58.4045 47.4635 44.2926 -0.789007 0 -0.7 0 0.278206 0.229879 0.932608
56.3103 33.1191 35.111 -0.395439 0 3.97597 0 -0.910205 0.257437 -0.324427
61.237 37.1569 25.0755 -0.171377 0 4.2 0 0.307348 -0.0728838 -0.948802
58.3349 32.3019 27.3278 -0.753569 -0.19313 -3.5 0 -0.675581 -0.0266175 -0.736805
59.0137 49.15 35.789 0.0779806 0 -2.75101 0 0.613697 0.105429 -0.782471
44.1801 30.2514 45.6139 -0.270797 0 3.8 0 -0.972584 0.141333 0.184676
59.4331 49.5007 40.7212 0.25233 0 -3.5 0 -0.0238991 0.731967 0.68092
59.5587 44.422 48.2103 0.11747 0 -3.10609 0 0.349513 0.909823 0.223747
53.9488 51.7723 33.5241 -0.0465444 0 1.8 0 -0.104491 0.921431 -0.374228
55.1906 36.2809 37.8631 -0.501527 0 4.2 0 -0.398993 0.657798 -0.638831
67.4899 39.7559 37.7798 -0.680132 -0.0893738 0.867553 0 0.750459 0.116019 -0.650654
47.8825 51.0915 38.3315 0.626243 0.124462 -4.5 0 -0.782585 0.305408 -0.542482
66.8385 36.7718 28.8616 -0.196778 0 -0.4 0 0.840483 -0.13925 -0.52364
59.4793 42.786 29.8086 -0.253447 -0.0663361 1.8 0 0.440792 0.812456 -0.381599
60.7369 25.7153 35.2562 -0.0389871 0 -3.5 0 -0.211264 -0.89309 0.397187
60.7415 45.252 32.2235 -0.255109 0 3.8 0 0.551975 0.665865 -0.501943
61.9114 43.4911 30.0235 -0.275324 0 3.8 0 -0.354602 0.6826 -0.638995
47.5375 49.5745 35.469 0.0407557 0 1.8 0 -0.187025 0.857939 0.478499
64.7586 30.7518 37.9271 0.793532 0 -3.9 0 0.318294 -0.776849 0.543319
47.6625 39.79 35.5645 -0.940714 -0.198058 -3.5 0 0.287171 0.361533 0.887033
47.3579 36.2673 48.6422 2.19073 0 3.8 0 -0.753943 0.260732 0.602983
58.5175 44.6135 50.234 1.94687 0 -3.9 0 0.341819 0.939742 0.00671844
52.0524 47.5088 29.5784 -0.293074 0 1.08925 0 0.00226198 0.809405 -0.587246
48.1687 29.4286 43.3745 -0.334407 0 3.8 0 -0.107192 -0.559163 -0.822099
46.2904 39.8522 34.6804 -2.03662 -0.699608 -3.5 0 -0.833969 0.494503 0.24487
54.847 32.1416 36.1944 -0.0758539 0 3.8 0 -0.533015 0.489955 -0.68981
64.598 42.929 33.254 -0.342236 0 3.8 0 0.64062 0.521521 0.56358
63.18 50.017 37.999 -0.414602 -0 -3.5 0 0.905985 -0.11132 -0.40841
64.0888 37.9207 44.1135 -0.16496 0 -0.7 0 0.707562 0.521582 0.476769
49.8545 49.5905 32.6165 -0.0789204 -0.0371126 1.8 0 -0.426808 0.847395 -0.315841
55.3725 51.463 40.4847 0.707003 0.255378 -3.5 0 0.160923 0.972581 0.167897
57.136 40.8688 38.7737 -0.323027 0 3.8 0 -0.978532 -0.12952 0.160314
47.4518 33.2048 47.2235 0.452682 0 3.8 0 -0.60438 -0.436567 0.666434
64.1988 43.5645 45.7746 0.396206 0.249982 4.2 0 0.778334 0.137064 0.612707
58.8109 50.4704 40.0758 0.0091878 0 -3.5 0 -0.0259528 0.595347 0.80305
49.6676 33.7691 49.0615 1.48941 0 3.8 0 -0.186005 -0.799353 0.571347
56.7393 40.916 23.7623 -0.217957 0 -0.7 0 -0.147831 0.675106 -0.722757
57.8719 35.9855 47.0432 0.0808675 0 1.8 0 0.210551 -0.199847 0.956938
56.8172 31.8361 43.6066 -0.109945 0 4.5 0 0.319109 -0.656037 0.683948
54.9116 51.5972 35.0371 -0.0369373 0 1.8 0 0.119745 0.971462 0.204751
55.9129 42.074 27.8516 0.186747 0 1.8 0 -0.0737828 0.644854 -0.760737
55.3989 37.795 48.2402 -0.489014 0 -3.5 0 0.577746 -0.554212 0.599215
61.2955 48.9167 42.7553 -0.328312 0 -3.5 0 -0.46036 0.861121 0.215732
49.8775 42.4895 33.207 -0.795975 0 4.2 0 -0.741213 -0.122361 0.660024
63.4043 37.7038 34.9865 -0.0517241 0 4.2 0 0.937467 0.180085 -0.297869
61.1281 34.3379 44.934 -0.161687 0 -0.219685 0 -0.248447 -0.775582 0.580298
55.3538 27.4535 33.9241 -0.308476 0 1.8 0 -0.586064 -0.102064 -0.803811
54.18 40.323 25.061 -0.461505 0 -0.7 0 -0.569982 0.672012 -0.472779
62.1705 49.6273 39.7311 -0.389474 -0.809083 -3.5 0 0.596875 0.692757 0.404756
46.9977 40.2945 47.5096 -0.174875 0 -0.8 0 -0.96434 0.242548 -0.105921
50.9376 41.1965 26.1002 0.0901775 0 1.8 0 -0.060907 -0.0507726 -0.996851
50.4697 42.7564 48.9107 -0.190694 0 -3.36905 0 -0.279073 0.727825 0.626409
50.5798 50.8416 40.5912 -0.146458 0 -4.5 0 0.454641 0.79991 0.391722
58.5923 34.0386 45.3675 0.0988816 0 1.8 0 0.400273 -0.71374 0.574767
53.2784 27.2054 38.3479 -0.138934 -0.0641667 0.101606 0 -0.448956 -0.671633 -0.589362
64.1426 32.7573 30.2043 -0.448978 0 2.86489 0 0.41508 0.0989681 -0.904386
49.6442 28.2617 43.522 -0.412148 -0.0348133 -0.8 0 -0.382436 -0.92046 0.080604
55.7664 41.1084 26.0462 0.0468036 0 -0.7 0 -0.177563 0.941321 -0.287028
64.2568 38.3569 32.5398 -0.0949835 0 4.2 0 0.420444 -0.0661248 0.904906
59.866 31.8455 29.4185 -0.819641 -0.0127173 0.3944 0 0.747111 0.130646 -0.651733
60.9127 45.4504 36.6959 -0.800517 0 -2.6131 0 0.683089 -0.176619 -0.708658
54.9283 44.2764 47.9835 -0.302824 0 -3.5 0 0.719356 0.684458 -0.118512
51.689 41.3651 39.6304 -0.9439 0 0.958606 0 0.754688 -0.634985 0.165046
55.9056 43.5261 44.4855 -0.171733 0 4.5 0 0.0350769 0.64307 0.765004
45.9495 39.524 27.3116 -0.115966 0 -3.5 0 -0.438123 -0.621348 -0.649596
57.6135 41.4152 23.7365 -0.213848 0 3.8 0 -0.426529 0.244619 -0.870767
52.012 32.762 47.9232 0.0197134 0 3.8 0 0.0473939 -0.968979 0.242557
51.1232 50.9015 37.5849 -0.489278 -0.812866 -3.5 0 -0.208518 0.977598 0.0286877
62.1725 47.313 37.4985 -0.449747 0 -3.5 0 0.280544 0.324216 -0.903426
58.5814 38.7523 48.4065 0.180667 0 -3.9 0 0.124072 -0.720086 0.682702
59.7634 45.5082 45.9605 -0.130732 0 4.2 0 -0.297166 0.78017 0.550479
45.4069 39.423 28.8729 -0.332031 -0.0637814 -3.5 0 -0.788747 -0.560523 0.252373
61.5684 41.9054 47.8358 -0.0101449 0 4.2 0 0.380119 -0.143152 0.913793
54.8525 48.6011 30.9903 -0.172076 0 3.8 0 0.517373 0.743732 -0.423306
47.6316 47.4135 38.8753 0.381842 0 -4.5 0 -0.923096 -0.287141 0.255818
54.062 51.0825 37.0248 0.720971 0 -3.5 0 0.235777 0.969863 -0.061433
48.3424 37.434 25.8369 -0.279256 0 -3.5 0 -0.350237 0.130777 -0.927486
46.8821 41.2224 43.2406 -0.544575 0 1.9 0 -0.936589 -0.343598 0.0688601
54.9331 26.7588 35.3699 -0.175836 0 1.8 0 -0.805403 -0.539299 -0.245932
68.8675 37.9903 39.2832 -1.33686 -0.872901 -0.4 0 0.986669 -0.159289 0.0333342
47.2361 43.9282 33.7159 -1.15879 -0.454821 -2.01043 0 -0.431183 -0.677612 0.595755
61.4945 26.7973 28.8349 -0.347762 0 -3.5 0 0.620895 -0.535783 -0.572212
64.1618 48.4231 41.3849 0.68204 0 -3.5 0 0.561176 0.744299 -0.362077
64.0768 40.2883 33.6616 -0.269939 0 3.8 0 0.347969 -0.932128 0.100275
53.8176 33.3169 31.6926 -0.490094 0 3.8 0 -0.387356 -0.695004 0.605743
50.1157 47.1937 41.0851 0.0678611 0.818013 -4.5 0 -0.173835 -0.154459 0.972586
59.7946 34.377 24.8612 -0.330134 0 4.2 0 -0.0718677 -0.540105 -0.838524
52.3434 31.6583 36.0322 -0.396502 0 1.8 0 -0.387263 0.765633 -0.513648
61.0659 25.8902 32.5924 -0.361659 0 -3.5 0 -0.553988 -0.714182 -0.427833
52.3466 38.4584 40.661 -0.477605 0 3.8 0 0.486771 0.409649 -0.771519
61.0517 44.2347 34.215 -0.306569 0 3.8 0 0.616184 0.644608 0.452547
45.1629 47.2589 33.9806 -0.247814 0 1.8 0 -0.900078 -0.0553002 0.432205
50.9963 46.4566 28.1814 -0.25501 0 -0.7 0 0.239931 0.161202 -0.957312
45.435 49.9027 33.6768 -0.0969252 0 1.8 0 -0.825481 0.475023 0.304851
67.6097 32.1475 36.5754 2.23226 0 -3.9 0 0.887588 -0.451983 -0.088876
63.0095 29.6462 38.1836 0.0762333 0 -3.9 0 0.68744 -0.671483 0.276654
64.8099 25.9282 33.8825 -0.53981 0 -3.5 0 0.925728 0.025093 0.377356
49.0161 39.2723 50.5399 0.11856 0 -0.803005 0 -0.607714 -0.0469203 0.792769
54.0166 47.0431 28.9224 -0.195685 0 3.8 0 0.0520692 0.187407 -0.980901
54.1666 38.419 32.6501 -0.291376 0 3.99621 0 -0.216529 -0.611516 0.761028
49.2952 33.0734 47.9546 0.943583 0 3.8 0 -0.134839 -0.686538 0.714481
51.142 39.647 39.5452 -0.56713 0 3.24672 0 0.367968 -0.818358 -0.441463
46.277 32.0945 46.5995 -0.333778 0 3.8 0 -0.549385 0.177825 0.816428
59.6442 32.5822 27.1495 -0.603419 0 -2.82509 0 0.720763 -0.44774 -0.529178
63.7957 48.9152 38.1377 -0.329233 0 -3.5 0 0.239155 0.894572 -0.377553
62.4675 39.588 45.932 -0.0388607 0.177913 -0.7 0 0.690614 -0.0151325 0.723065
50.3109 43.5191 47.106 0.51493 0.72596 -3.5 0 -0.694804 0.642519 0.323138
63.1828 40.6569 46.0596 -0.0604645 0 4.2 0 0.77177 -0.57308 0.27559
67.2514 41.2506 38.0572 -0.359769 0 3.8 0 0.970278 0.213687 -0.113573
49.2649 36.7337 50.0251 0.700008 -0.20135 0.452754 0 -0.561622 -0.192305 0.804736
3 1136 230 1199
3 230 682 1238
3 230 1238 1199
3 318 1238 682
3 45 85 913
3 1327 913 85
3 1327 85 204
3 85 45 444
3 444 204 85
3 444 320 204
3 444 51 1450
3 1136 163 51
3 1125 1450 908
3 163 1443 1450
3 1450 1443 908
3 908 1443 1127
3 1284 1443 655
3 1443 1136 655
3 1238 783 63
3 783 1238 318
3 783 318 1005
3 1005 1288 96
3 96 1288 1134
3 1288 1327 1307
3 204 1300 1327
3 1327 1300 1307
3 320 1109 1300
3 320 24 1109
3 1403 1109 748
3 687 748 1109
3 687 24 98
3 1125 83 36
3 1125 908 798
3 908 1127 691
3 421 218 63
3 421 63 783
3 783 834 421
3 218 421 681
3 414 737 1219
3 737 834 771
3 1219 458 863
3 863 673 237
3 237 673 221
3 673 96 221
3 221 96 1134
3 863 237 461
3 863 461 916
3 296 882 601
3 882 1016 601
3 1322 601 1016
3 938 882 296
3 882 307 1016
3 1288 1307 436
3 1288 436 1134
3 1134 436 1024
3 436 1307 1459
3 1024 436 1459
3 1191 1459 633
3 1367 1459 46
3 1459 1300 46
3 488 665 1403
3 1086 1215 634
3 1398 1258 1182
3 1258 1398 492
3 492 1398 298
3 298 1398 736
3 1403 736 1398
3 736 1403 695
3 748 1222 695
3 1222 1214 185
3 1214 1126 185
3 330 975 824
3 1214 923 625
3 975 625 923
3 975 923 824
3 824 923 36
3 1297 824 36
3 824 599 739
3 739 599 871
3 599 742 1349
3 1349 742 850
3 798 83 1125
3 0 850 742
3 850 0 691
3 1161 1107 620
3 511 28 1052
3 681 1052 1284
3 28 984 1052
3 138 414 991
3 991 511 138
3 1471 414 1219
3 32 807 1471
3 807 916 1015
3 1470 996 307
3 1472 307 996
3 291 1470 1024
3 1024 1470 938
3 981 459 927
3 1191 165 590
3 459 590 165
3 165 927 459
3 1191 633 165
3 731 634 1346
3 372 1346 634
3 372 864 313
3 313 864 222
3 1009 334 864
3 334 358 864
3 1009 1006 949
3 80 545 1029
3 480 1029 1370
3 545 1370 1029
3 1258 1087 152
3 869 152 1370
3 1258 492 1087
3 1084 281 1173
3 298 736 281
3 1084 1173 1126
3 1084 1126 839
3 839 1126 1214
3 625 439 839
3 839 439 593
3 613 871 1233
3 1164 1233 871
3 387 1233 1316
3 1164 871 1349
3 871 599 1349
3 1164 495 300
3 300 495 847
3 495 350 1455
3 1455 847 495
3 850 1455 350
3 1455 850 691
3 1455 738 11
3 1161 657 460
3 1039 653 1156
3 344 653 1429
3 685 991 239
3 1401 226 1148
3 1094 1015 1046
3 489 632 1063
3 996 1044 1396
3 1378 1396 929
3 1044 929 1396
3 1378 734 1240
3 929 1453 734
3 981 217 1453
3 1250 217 927
3 1250 927 731
3 1346 518 780
3 630 518 972
3 851 1346 313
3 179 393 1456
3 1456 393 171
3 677 901 155
3 155 358 1480
3 155 1480 1158
3 1009 949 1480
3 1468 1158 1480
3 608 359 1480
3 359 608 527
3 527 608 1003
3 608 1029 1003
3 1221 1370 636
3 636 1087 716
3 593 716 1087
3 779 690 716
3 593 439 1189
3 1189 439 1266
3 779 535 23
3 779 23 690
3 23 535 1463
3 23 1463 643
3 535 106 1463
3 1144 106 205
3 1280 1088 336
3 315 1287 1088
3 1276 1203 9
3 315 1316 1073
3 300 1243 1043
3 847 460 1243
3 295 268 1203
3 617 268 784
3 295 833 262
3 262 841 295
3 833 1242 262
3 1242 465 1426
3 1242 1426 73
3 1242 789 668
3 1436 1426 1156
3 1156 169 1436
3 1176 169 182
3 1176 438 1419
3 385 925 276
3 1176 182 925
3 276 925 344
3 538 385 991
3 496 428 1477
3 1471 120 428
3 428 120 1401
3 1477 428 1401
3 1452 836 1148
3 873 606 1148
3 702 606 873
3 606 1387 930
3 781 417 702
3 56 543 781
3 781 543 417
3 543 659 417
3 801 274 417
3 417 274 735
3 582 274 801
3 1446 853 582
3 216 582 853
3 1446 801 526
3 1446 526 571
3 571 526 278
3 278 526 1378
3 571 278 1256
3 1256 278 896
3 278 1390 896
3 1240 301 885
3 301 1240 734
3 301 1453 181
3 301 181 885
3 181 1453 443
3 1177 181 443
3 443 1453 678
3 483 580 1464
3 443 1464 639
3 580 1023 1464
3 1324 580 207
3 1324 207 865
3 580 483 207
3 207 483 630
3 790 207 630
3 865 790 22
3 1133 706 493
3 706 972 493
3 22 790 1133
3 22 1133 912
3 1133 618 912
3 912 618 331
3 912 331 566
3 566 331 1102
3 618 1456 331
3 1345 895 723
3 895 1428 723
3 1253 1345 79
3 1345 723 219
3 1345 219 79
3 1305 243 629
3 166 1285 61
3 166 902 1285
3 967 166 699
3 699 166 848
3 166 61 848
3 594 848 677
3 594 1351 848
3 1351 594 932
3 717 349 1312
3 1441 900 1480
3 1259 900 1441
3 712 527 126
3 1227 126 527
3 126 680 712
3 715 747 939
3 1247 688 713
3 713 688 710
3 688 715 311
3 713 710 1478
3 1137 636 716
3 716 690 1137
3 690 333 1137
3 252 643 1001
3 321 832 954
3 832 1463 1267
3 832 1267 82
3 1157 82 338
3 1267 338 82
3 1463 1278 1267
3 336 1278 1144
3 336 1321 1278
3 651 1278 1321
3 168 1088 1287
3 168 1287 1113
3 784 1069 617
3 1113 1069 366
3 586 366 1069
3 1025 784 841
3 1025 563 799
3 1444 917 1415
3 339 1444 1228
3 188 1444 1234
3 1415 1436 1234
3 676 1000 1419
3 1004 438 317
3 1477 1049 496
3 113 675 1185
3 735 1418 1387
3 1418 735 26
3 26 735 274
3 26 274 1454
3 1454 274 582
3 1092 1454 216
3 582 216 1454
3 1132 853 994
3 1132 302 362
3 1256 956 1431
3 969 246 885
3 246 1390 1240
3 467 1177 639
3 467 639 1196
3 1197 1023 454
3 1023 327 227
3 227 454 1023
3 227 1374 294
3 294 1374 602
3 294 602 1170
3 1170 602 324
3 1218 1374 327
3 912 566 707
3 1152 707 566
3 1152 566 290
3 1152 290 646
3 290 566 1102
3 1102 1428 290
3 290 1428 347
3 290 347 646
3 1261 347 1428
3 1261 895 335
3 335 895 1345
3 1488 1051 980
3 1051 1399 980
3 980 1399 375
3 375 1399 1080
3 1080 1399 1253
3 1080 1091 183
3 287 1091 111
3 1091 1253 111
3 111 1305 629
3 1481 287 1293
3 1293 697 1067
3 1067 697 914
3 697 243 902
3 902 243 875
3 875 243 1305
3 763 902 967
3 1286 1151 763
3 763 1151 914
3 1151 1265 914
3 699 57 1286
3 1188 1286 1007
3 57 1007 1286
3 957 1188 898
3 1153 766 115
3 766 898 115
3 115 898 1308
3 1007 1056 1188
3 1022 536 1312
3 1239 1404 365
3 1388 829 1093
3 1388 1093 658
3 1194 658 378
3 658 1050 378
3 1050 658 769
3 973 604 572
3 769 658 1093
3 769 1093 746
3 746 1468 255
3 572 569 680
3 491 1220 572
3 1220 973 572
3 747 1309 939
3 399 939 1309
3 399 1309 378
3 378 1309 1194
3 974 1247 1336
3 623 1336 1247
3 1247 214 623
3 187 909 321
3 1404 1157 729
3 1157 338 1064
3 1064 729 1157
3 805 149 1150
3 1332 1130 338
3 1064 338 1130
3 1332 338 1267
3 1353 189 651
3 1154 233 1382
3 77 1382 186
3 233 184 1382
3 186 1382 502
3 233 194 184
3 1465 184 194
3 194 233 366
3 366 1172 194
3 1465 137 1482
3 809 881 447
3 88 282 544
3 88 409 282
3 282 409 44
3 213 542 772
3 542 541 199
3 1328 644 1228
3 1216 310 1077
3 1216 1077 705
3 705 1077 477
3 705 477 1000
3 1000 1138 705
3 577 1004 54
3 429 577 402
3 54 402 577
3 382 429 402
3 429 986 418
3 1282 418 271
3 271 418 1018
3 1090 777 71
3 71 777 1018
3 71 1018 68
3 53 1281 777
3 1281 846 1036
3 1021 1036 1008
3 1418 1123 846
3 1036 846 1123
3 1409 1092 966
3 530 640 988
3 1375 983 640
3 1245 640 983
3 1186 1361 362
3 1361 1409 362
3 362 1409 1132
3 1409 966 1132
3 362 995 1186
3 956 761 170
3 956 170 1121
3 761 18 170
3 170 18 782
3 18 969 782
3 782 969 553
3 1121 467 1196
3 1121 1196 995
3 388 995 1196
3 1361 1186 446
3 1186 109 446
3 116 1186 388
3 116 388 122
3 122 454 116
3 122 1197 454
3 324 426 1292
3 1440 1209 484
3 484 1262 176
3 176 1262 813
3 813 195 176
3 813 1347 195
3 357 1430 1152
3 94 1347 148
3 591 646 347
3 1430 357 178
3 803 591 1212
3 1476 1070 803
3 1476 466 1070
3 1476 512 466
3 512 1476 92
3 1476 1212 1261
3 1476 1261 1051
3 1261 335 1051
3 1051 1488 1476
3 92 1488 337
3 980 43 1488
3 43 980 375
3 43 800 1414
3 43 1414 1317
3 1414 183 1479
3 1479 183 1411
3 1481 955 328
3 1384 955 825
3 240 1384 1097
3 811 1067 1265
3 884 1265 340
3 340 1265 1151
3 868 340 1151
3 868 1402 340
3 957 87 1229
3 957 766 87
3 87 766 1153
3 87 1153 778
3 845 87 778
3 1153 1208 778
3 292 650 1153
3 476 1153 650
3 476 650 728
3 1308 650 292
3 650 312 728
3 279 1308 727
3 312 279 1466
3 312 1466 1140
3 1466 157 1031
3 1031 157 804
3 1031 804 2
3 804 157 727
3 180 729 1150
3 1150 149 180
3 42 911 1140
3 1150 1130 316
3 306 316 1425
3 316 1130 831
3 1096 323 1037
3 201 1190 1096
3 696 1190 201
3 696 251 894
3 1037 10 251
3 894 251 10
3 10 77 894
3 894 1193 250
3 250 1193 325
3 325 1193 141
3 141 1338 325
3 141 373 1338
3 502 521 141
3 521 373 141
3 1482 521 502
3 373 521 533
3 137 463 1482
3 463 1167 773
3 773 1167 708
3 1167 447 47
3 1035 47 447
3 558 468 849
3 468 1210 849
3 849 1210 263
3 1326 455 257
3 1381 473 881
3 447 881 473
3 282 524 462
3 568 524 772
3 509 772 257
3 257 772 1314
3 1210 951 1313
3 951 1326 1076
3 951 1076 1085
3 1085 1076 598
3 598 1076 795
3 795 935 970
3 1014 935 826
3 826 1047 1014
3 826 876 1047
3 1255 644 671
3 671 644 1328
3 1255 671 12
3 1255 12 1047
3 671 310 12
3 12 310 1216
3 12 1216 1047
3 1216 1114 1047
3 822 1392 514
3 870 551 684
3 551 1018 1058
3 551 271 1018
3 1058 777 1383
3 1383 1021 1273
3 1273 946 1383
3 1273 191 628
3 1273 1021 191
3 628 191 597
3 1021 1008 191
3 191 1008 814
3 191 814 597
3 1008 1306 814
3 597 814 1330
3 814 1306 1330
3 1041 90 1306
3 892 1041 1413
3 1041 561 988
3 988 561 756
3 988 756 530
3 561 1008 756
3 756 1123 1116
3 1116 1092 530
3 1245 918 394
3 983 1375 749
3 749 806 983
3 749 446 1170
3 806 749 1292
3 1170 1292 749
3 674 394 857
3 953 857 394
3 1292 426 924
3 924 426 635
3 924 1379 1292
3 924 469 1379
3 469 924 1271
3 1271 1449 469
3 616 1271 635
3 1275 616 1442
3 635 1442 616
3 1033 481 167
3 1033 167 1442
3 1065 41 1440
3 484 176 277
3 41 1065 1149
3 1149 1065 1315
3 827 1315 1065
3 827 1347 1315
3 1149 1315 694
3 1290 269 698
3 1315 1430 694
3 1430 258 694
3 269 258 698
3 698 466 1128
3 1128 466 125
3 125 466 100
3 466 512 100
3 100 512 791
3 337 776 512
3 776 791 512
3 1317 419 1213
3 1213 419 354
3 1213 354 272
3 776 1213 272
3 942 1319 1226
3 86 1445 1414
3 86 1414 1479
3 86 529 1445
3 86 1479 529
3 529 1479 1082
3 1479 440 1082
3 1082 440 891
3 1115 891 1163
3 1115 1333 369
3 661 609 844
3 1097 720 265
3 1097 265 844
3 720 726 265
3 248 726 1402
3 248 808 177
3 1232 808 1435
3 1435 1402 1205
3 50 351 1435
3 1435 351 828
3 828 351 49
3 329 704 351
3 72 351 704
3 555 441 329
3 441 555 60
3 441 60 622
3 622 60 574
3 1229 60 555
3 760 1229 845
3 760 845 987
3 987 778 1208
3 1208 1433 987
3 997 1208 476
3 476 520 1362
3 805 306 1362
3 223 1362 306
3 1457 816 223
3 1362 223 816
3 831 1425 316
3 380 1054 425
3 831 425 1054
3 861 831 1054
3 380 425 977
3 1270 389 977
3 711 977 389
3 1268 962 754
3 754 905 1268
3 905 250 325
3 325 1338 905
3 565 64 533
3 565 533 588
3 1368 525 430
3 430 525 289
3 525 1434 289
3 1434 708 1119
3 1119 708 1160
3 1119 1160 1201
3 1201 1160 558
3 1032 1072 1201
3 1085 1313 951
3 1313 1085 758
3 1313 758 1391
3 253 823 1085
3 598 253 1085
3 534 29 413
3 29 598 795
3 29 795 413
3 970 361 1395
3 612 684 1394
3 260 684 1252
3 260 1252 759
3 260 759 689
3 689 1469 260
3 1439 759 819
3 1439 819 241
3 1252 819 759
3 819 1142 1447
3 600 150 1273
3 600 679 1318
3 903 907 139
3 903 90 892
3 637 1427 892
3 1427 453 892
3 637 1385 411
3 303 637 411
3 1421 857 719
3 1079 719 857
3 482 1230 1421
3 910 482 423
3 482 719 423
3 498 1449 730
3 730 55 498
3 730 211 55
3 249 423 211
3 55 211 423
3 1449 1013 730
3 249 211 208
3 494 1271 1363
3 1146 390 286
3 576 765 34
3 1440 41 522
3 1149 522 41
3 242 34 522
3 522 1149 1323
3 1290 1168 1078
3 627 1168 1128
3 627 1128 125
3 627 161 1168
3 1168 161 405
3 161 272 405
3 272 161 776
3 1168 405 961
3 405 272 1274
3 1274 272 354
3 1274 354 1319
3 1274 1319 560
3 1274 560 256
3 942 1143 1100
3 1226 1445 856
3 490 1100 1183
3 1100 1143 936
3 1100 936 1183
3 1011 856 842
3 1011 97 812
3 812 97 1061
3 842 1301 97
3 1301 842 1095
3 1301 49 72
3 859 921 1061
3 471 506 67
3 67 506 1192
3 1269 1159 368
3 1269 368 714
3 548 622 1159
3 1192 714 528
3 585 874 1246
3 1246 1060 585
3 1433 1060 1246
3 575 987 1433
3 1060 816 1457
3 427 1060 1457
3 427 386 740
3 1060 427 740
3 386 547 740
3 752 1359 500
3 1054 500 1359
3 1355 752 500
3 348 422 861
3 711 1467 1355
3 1268 1460 1270
3 962 1268 1270
3 922 890 196
3 890 1460 353
3 1251 588 430
3 430 289 1251
3 838 1251 289
3 1434 838 289
3 797 838 66
3 1119 1201 1072
3 700 1072 539
3 700 539 66
3 66 539 451
3 1072 753 539
3 451 539 1175
3 753 889 539
3 539 889 20
3 539 20 1175
3 889 753 1298
3 1298 753 1032
3 1298 1032 299
3 1072 1032 753
3 299 758 202
3 202 758 823
3 202 788 1298
3 788 1325 1437
3 1204 1437 965
3 745 479 532
3 1202 564 1147
3 1147 751 1394
3 1147 1394 1469
3 1439 241 1366
3 1366 241 1447
3 1366 1447 1342
3 508 1483 523
3 1461 1427 990
3 990 1272 1461
3 206 52 1272
3 410 1272 52
3 1230 52 206
3 1230 910 52
3 607 722 1206
3 725 1111 562
3 725 562 878
3 1111 1206 208
3 1111 208 767
3 767 208 211
3 767 730 1034
3 370 1034 1412
3 1034 963 1412
3 1412 963 1356
3 1013 667 1451
3 1013 1451 963
3 452 1386 667
3 667 1386 960
3 960 1386 662
3 960 1027 1352
3 193 1400 1303
3 1400 1386 959
3 1303 1400 576
3 765 576 1400
3 1303 1074 1231
3 1260 242 1323
3 647 1231 1260
3 647 787 1231
3 1231 787 802
3 25 787 570
3 787 664 39
3 445 151 1078
3 595 151 1420
3 945 445 961
3 961 1274 945
3 945 1274 1420
3 1420 1274 256
3 1416 693 490
3 1263 1416 1432
3 1417 537 985
3 936 985 537
3 1417 985 15
3 15 985 812
3 403 1224 1417
3 1417 1061 872
3 872 1377 99
3 471 1337 1071
3 471 1071 470
3 1071 1337 1042
3 1071 1042 434
3 1042 1337 621
3 1337 605 621
3 379 1104 1217
3 1244 528 641
3 641 528 1030
3 528 714 1030
3 379 1217 404
3 1359 164 547
3 1393 752 1355
3 768 1393 1106
3 1106 1355 270
3 270 1355 1467
3 732 1295 922
3 1295 732 645
3 645 931 1295
3 645 297 21
3 297 62 341
3 196 341 62
3 196 1184 341
3 1178 692 733
3 733 692 1475
3 1166 377 596
3 377 1178 192
3 1178 1184 192
3 596 377 1207
3 192 212 377
3 1207 377 212
3 192 1251 212
3 212 797 1207
3 1207 669 596
3 1277 1175 381
3 145 381 228
3 145 1473 1225
3 817 860 1473
3 860 817 1369
3 1369 817 1083
3 1369 30 654
3 840 1053 835
3 1204 835 1298
3 1294 958 1129
3 958 7 1129
3 507 989 550
3 1117 550 989
3 1405 322 1147
3 1405 1147 567
3 567 1469 504
3 1117 504 1329
3 1117 1329 433
3 1141 236 1320
3 1099 456 1320
3 1320 456 1237
3 89 1483 587
3 1272 410 1162
3 78 1162 410
3 410 750 78
3 78 557 232
3 78 232 1162
3 305 1108 400
3 305 886 1045
3 1365 1334 886
3 59 886 1334
3 1484 1283 1451
3 1339 862 146
3 146 862 1448
3 1135 570 39
3 595 1420 867
3 1448 867 1118
3 1416 943 1118
3 1118 943 326
3 531 1263 478
3 531 478 93
3 919 478 1026
3 478 1263 1424
3 478 1424 1026
3 537 174 1432
3 1311 1432 174
3 174 626 1311
3 1311 626 843
3 626 1224 843
3 843 1224 356
3 1071 356 1224
3 1071 1224 470
3 432 434 1211
3 432 1211 937
3 356 937 554
3 858 434 1042
3 1211 1223 1371
3 858 397 793
3 947 31 978
3 95 420 81
3 280 81 420
3 420 95 1106
3 81 280 1475
3 81 1475 266
3 931 21 1475
3 21 931 645
3 1012 579 1249
3 648 899 692
3 648 692 407
3 407 1249 648
3 1249 1225 497
3 497 200 1397
3 1397 200 1354
3 162 1354 1473
3 1354 162 1181
3 1181 102 1354
3 860 1335 1181
3 1181 1335 1028
3 1335 686 1028
3 686 1335 264
3 1369 654 1335
3 654 603 37
3 603 30 1376
3 131 1294 1129
3 288 550 412
3 412 770 415
3 415 770 1141
3 267 415 1141
3 415 267 818
3 267 578 854
3 578 1320 683
3 267 854 464
3 464 818 267
3 1237 1200 121
3 1200 89 587
3 1122 1200 718
3 718 1279 1122
3 1057 1122 1108
3 1279 35 1122
3 1108 1122 35
3 128 1108 396
3 786 941 1045
3 786 1045 59
3 343 786 1059
3 1334 1059 786
3 1334 190 1038
3 897 259 304
3 614 304 259
3 1407 614 1357
3 259 1357 614
3 259 897 76
3 1124 259 74
3 76 74 259
3 897 516 76
3 76 516 74
3 74 516 821
3 516 919 821
3 821 919 91
3 1026 91 919
3 1026 1424 1291
3 843 904 1311
3 1291 556 762
3 843 554 904
3 173 554 13
3 173 13 69
3 554 937 13
3 656 173 474
3 762 656 1165
3 231 815 474
3 815 581 474
3 815 231 920
3 102 1397 1354
3 1397 1474 1012
3 920 102 649
3 581 815 1264
3 395 1264 815
3 395 649 1350
3 1236 1350 1028
3 993 583 1458
3 933 993 1458
3 264 1089 686
3 1458 686 1089
3 933 1120 993
3 1120 883 879
3 883 112 660
3 159 1389 112
3 1487 1389 1344
3 1089 1389 159
3 642 818 16
3 1299 818 464
3 1299 1057 1248
3 1248 703 210
3 1248 210 1340
3 703 941 210
3 1340 210 879
3 660 642 1340
3 1059 1038 1105
3 1010 855 1343
3 1010 1343 1407
3 449 721 355
3 775 1357 1124
3 392 775 1264
3 775 501 1165
3 775 1165 3
3 3 581 775
3 1264 775 581
3 392 1236 721
3 1236 355 721
3 583 993 449
3 1105 449 993
3 1448 1118 319
3 1118 326 319
3 1304 793 1104
3 1104 793 513
3 793 397 513
3 224 866 570
3 1027 866 224
3 1260 1231 1074
3 1230 990 1421
3 1421 990 411
3 411 990 303
3 903 1318 907
3 907 1318 679
3 907 679 1348
3 828 245 1232
3 1232 245 891
3 891 245 1082
3 808 1232 891
3 519 877 275
3 275 877 628
3 708 1368 773
3 144 503 153
3 1488 92 1476
3 187 342 950
3 187 950 1336
3 954 982 342
3 342 982 1101
3 1358 285 1388
3 973 940 1410
3 1408 873 510
3 1254 70 666
3 1084 1087 492
3 1327 1005 318
3 1327 318 913
3 360 24 320
3 360 320 1450
3 1450 320 444
3 163 1450 51
3 1005 834 783
3 771 834 1005
3 673 771 1005
3 1005 96 673
3 488 46 1300
3 488 1300 665
3 1109 1403 665
3 1109 665 1300
3 1214 748 687
3 923 1214 687
3 923 687 98
3 923 98 1125
3 1450 1125 98
3 1450 98 360
3 360 98 24
3 1125 36 923
3 1443 1107 1127
3 1284 1107 1443
3 421 475 1052
3 511 1052 475
3 834 475 421
3 421 1052 681
3 511 475 138
3 414 138 737
3 737 138 475
3 737 475 834
3 458 1219 737
3 458 737 771
3 461 237 1046
3 1046 237 601
3 1046 601 1322
3 307 882 938
3 307 938 1470
3 633 774 58
3 774 633 1459
3 1367 785 774
3 235 58 774
3 235 774 785
3 1422 785 1367
3 1459 1367 774
3 796 118 198
3 118 1422 198
3 1422 118 1179
3 1179 118 796
3 1179 796 1182
3 1182 796 1398
3 1398 796 488
3 488 796 198
3 488 198 46
3 46 198 1367
3 1367 198 1422
3 1179 1215 1086
3 1179 1086 1422
3 634 1215 1006
3 949 1006 1215
3 949 1215 80
3 1179 80 1215
3 1214 1222 748
3 975 439 625
3 1455 691 1127
3 1052 984 620
3 1052 620 27
3 1161 620 984
3 1284 27 1107
3 1107 27 620
3 1052 27 1284
3 376 991 414
3 376 414 1471
3 461 1046 1015
3 916 461 1015
3 1322 1094 1046
3 670 1241 632
3 670 632 489
3 632 1241 1396
3 1044 996 48
3 48 996 1470
3 971 929 1044
3 971 1044 48
3 590 971 291
3 291 971 48
3 291 48 1470
3 981 929 971
3 981 971 459
3 459 971 590
3 731 927 1139
3 1139 927 165
3 58 1139 165
3 58 165 633
3 1422 1086 785
3 785 1086 235
3 58 235 1139
3 1139 235 1086
3 372 313 1346
3 358 222 864
3 1370 545 869
3 869 545 1179
3 152 869 1182
3 152 1182 1258
3 1182 869 1179
3 1179 545 80
3 1266 439 975
3 1266 975 330
3 613 1266 330
3 613 330 739
3 374 1266 1233
3 374 1233 741
3 613 1233 1266
3 387 741 1233
3 1316 1233 1043
3 1164 1043 1233
3 1164 300 1043
3 460 738 1161
3 657 1161 984
3 657 984 1429
3 657 110 460
3 657 1039 110
3 110 1039 1276
3 465 1276 1039
3 1426 465 1039
3 1426 1039 1156
3 169 1156 182
3 182 1156 653
3 925 182 344
3 344 182 653
3 991 376 538
3 538 376 1471
3 1401 120 666
3 1148 226 510
3 1148 510 873
3 510 226 70
3 70 226 1401
3 70 1401 666
3 70 1254 510
3 510 1254 1408
3 1408 1254 670
3 670 1254 1094
3 1094 1254 1015
3 401 56 1408
3 401 1408 489
3 670 489 1408
3 1063 543 401
3 659 543 1063
3 489 1063 401
3 401 543 56
3 659 1063 1310
3 1310 1063 632
3 1310 632 1396
3 1378 1310 1396
3 981 1453 929
3 678 1453 217
3 678 217 515
3 217 1250 515
3 678 515 483
3 483 515 780
3 780 515 1250
3 630 483 518
3 780 518 483
3 518 851 972
3 851 518 1346
3 331 1456 171
3 331 171 65
3 331 65 1102
3 65 363 273
3 1102 65 273
3 1102 273 723
3 723 273 888
3 363 171 393
3 171 363 65
3 219 723 888
3 219 888 1285
3 273 442 888
3 61 1285 888
3 61 888 1
3 1 888 442
3 442 363 393
3 363 442 273
3 848 61 1
3 848 1 442
3 848 442 677
3 901 677 442
3 901 442 393
3 358 155 901
3 358 901 222
3 1480 358 334
3 1480 334 1009
3 900 1468 1480
3 359 1441 1480
3 1441 359 527
3 944 1003 1029
3 944 1029 480
3 540 1003 944
3 540 944 715
3 311 715 944
3 311 944 480
3 1478 710 1221
3 1478 1221 1137
3 1137 1221 636
3 1087 636 152
3 152 636 1370
3 1189 779 716
3 1189 716 593
3 779 374 741
3 779 741 535
3 374 1189 1266
3 1189 374 779
3 252 690 23
3 252 23 643
3 1144 1278 1463
3 1203 1296 9
3 9 1296 1073
3 1073 1296 315
3 315 1296 1287
3 1276 9 1066
3 1066 9 1073
3 1066 1073 1043
3 1243 1066 1043
3 1316 1043 1073
3 1276 1066 1243
3 110 1276 1243
3 110 1243 460
3 1296 617 1287
3 1296 1203 617
3 617 1203 268
3 841 784 295
3 295 784 268
3 472 1436 1419
3 1419 1436 169
3 1419 169 1176
3 317 438 119
3 317 119 1049
3 1049 119 893
3 1049 893 496
3 893 119 1176
3 1176 119 438
3 893 925 384
3 384 496 893
3 385 384 925
3 1176 925 893
3 428 496 538
3 428 538 1471
3 538 384 385
3 384 538 496
3 606 930 1090
3 606 1090 1148
3 1452 1148 1090
3 1387 606 702
3 994 853 1446
3 571 994 1446
3 1378 526 659
3 659 526 801
3 1310 1378 659
3 1177 885 181
3 1464 678 483
3 678 1464 443
3 1197 1464 1023
3 1324 398 580
3 580 398 1023
3 1023 398 327
3 790 865 207
3 723 1428 1102
3 967 902 166
3 101 906 57
3 699 101 57
3 1007 57 906
3 906 101 1351
3 848 1351 101
3 848 101 699
3 536 1007 906
3 536 906 1351
3 349 829 431
3 431 829 154
3 416 1093 349
3 1093 829 349
3 416 349 717
3 746 1093 416
3 1468 746 416
3 255 1468 709
3 255 709 569
3 569 293 680
3 293 569 709
3 900 1259 1468
3 1468 1259 709
3 709 1259 293
3 1441 712 1259
3 680 293 712
3 527 712 1441
3 1259 712 293
3 491 680 611
3 1110 611 1227
3 1227 611 126
3 126 611 680
3 1257 485 1110
3 1257 1110 1227
3 485 1257 1410
3 939 1410 1257
3 540 1257 1227
3 540 1227 1003
3 939 1257 715
3 715 1257 540
3 713 214 1247
3 311 710 688
3 1155 713 1478
3 1155 214 713
3 1155 1478 546
3 333 546 1478
3 1137 333 1478
3 1001 546 333
3 1001 333 252
3 252 333 690
3 321 1001 832
3 832 1001 643
3 82 954 832
3 1353 1321 1154
3 1154 1321 168
3 1154 168 1113
3 1088 168 1321
3 336 1088 1321
3 617 1069 1287
3 1113 1287 1069
3 586 1069 784
3 1172 366 1025
3 586 784 1025
3 586 1025 366
3 544 964 663
3 544 663 88
3 88 663 799
3 1025 799 663
3 1025 663 964
3 1025 964 1172
3 917 88 799
3 339 409 88
3 339 88 917
3 917 799 563
3 917 1444 339
3 644 1195 1228
3 1415 1234 1444
3 477 1077 1234
3 477 472 1000
3 472 477 1234
3 472 1234 1436
3 1419 1000 472
3 402 54 1049
3 1049 1004 317
3 1004 1049 54
3 1477 402 1049
3 448 1452 1090
3 1454 1418 26
3 302 1132 994
3 302 994 1431
3 1431 994 1256
3 571 1256 994
3 1121 1431 956
3 553 969 885
3 122 388 1196
3 1197 122 1464
3 1464 122 1196
3 639 1464 1196
3 499 454 227
3 294 499 227
3 999 1218 755
3 999 755 517
3 517 755 1324
3 1324 755 398
3 398 755 327
3 1218 327 755
3 1364 999 517
3 1364 517 865
3 865 517 1324
3 1347 813 148
3 148 813 999
3 148 999 1364
3 148 1364 1485
3 1485 1364 707
3 1152 1485 707
3 1051 335 1345
3 1411 1091 287
3 1411 287 1481
3 1067 825 1481
3 1293 1067 1481
3 914 1265 1067
3 763 914 697
3 902 763 697
3 868 1151 1286
3 868 1286 1188
3 1205 1402 868
3 1205 868 957
3 898 766 957
3 8 1308 898
3 8 898 1056
3 1056 898 1188
3 727 1308 8
3 727 8 1056
3 203 1022 1056
3 1360 1056 1022
3 536 1022 203
3 536 203 1007
3 1007 203 1056
3 1351 1312 536
3 431 1360 349
3 349 1360 1022
3 349 1022 1312
3 154 1360 431
3 1380 982 954
3 982 1380 1239
3 1239 1380 1404
3 1358 1388 1194
3 658 1194 1388
3 769 604 1050
3 40 572 604
3 255 40 769
3 255 769 746
3 769 40 604
3 255 569 40
3 40 569 572
3 973 1220 940
3 332 611 1110
3 491 611 1220
3 1220 611 332
3 1220 332 940
3 1410 332 485
3 485 332 1110
3 1410 940 332
3 1410 559 973
3 1410 399 559
3 559 399 378
3 939 399 1410
3 974 1309 747
3 1247 974 747
3 1194 1309 792
3 792 1309 974
3 1358 1194 792
3 1358 792 435
3 435 792 84
3 84 792 701
3 974 701 792
3 84 701 127
3 127 701 950
3 435 84 1101
3 84 127 1101
3 950 1101 127
3 1336 950 701
3 1155 623 214
3 1336 623 284
3 1336 284 187
3 909 187 284
3 546 909 1155
3 1155 909 284
3 1155 284 623
3 321 909 1001
3 1001 909 546
3 82 1157 954
3 1150 729 1064
3 189 976 651
3 1037 323 976
3 1037 976 189
3 651 976 1332
3 1278 651 1267
3 1267 651 1332
3 10 1037 952
3 10 952 77
3 952 189 1353
3 189 952 1037
3 952 1353 1154
3 952 1154 1382
3 952 1382 77
3 1482 502 1382
3 1482 1382 184
3 1482 184 1465
3 964 1302 1172
3 1381 1302 964
3 1381 964 462
3 462 964 544
3 462 544 282
3 1314 772 542
3 876 1314 542
3 1081 352 1216
3 1081 1216 705
3 1392 672 1081
3 1392 1081 1138
3 705 1138 1081
3 1004 514 676
3 822 514 1004
3 577 822 1004
3 1282 822 577
3 418 1282 577
3 418 577 429
3 68 1018 418
3 68 418 986
3 448 986 1452
3 71 448 1090
3 448 71 68
3 448 68 986
3 1383 1281 1021
3 1036 1021 1281
3 777 1281 1383
3 756 1008 1036
3 1454 1123 1418
3 1116 1123 1454
3 1116 1454 1092
3 530 1092 1409
3 530 1409 640
3 1075 988 640
3 1075 640 1245
3 1431 995 302
3 302 995 362
3 995 1431 1121
3 1170 446 109
3 1170 109 75
3 499 75 116
3 294 1170 75
3 294 75 499
3 499 116 454
3 1186 116 109
3 109 116 75
3 635 552 1442
3 635 426 552
3 552 426 324
3 1374 38 602
3 602 38 552
3 602 552 324
3 552 38 1442
3 1374 1218 1033
3 610 1033 1209
3 1209 1033 1218
3 1440 610 1209
3 94 1430 1315
3 94 1315 1347
3 94 1152 1430
3 1213 337 1488
3 43 1317 1488
3 440 1479 1481
3 1411 1481 1479
3 440 1481 328
3 440 328 1163
3 825 955 1481
3 1097 1384 549
3 726 884 340
3 726 340 1402
3 957 1040 1205
3 87 845 1229
3 476 1208 1153
3 312 650 1308
3 312 1308 279
3 1360 804 727
3 1031 1404 180
3 180 1404 729
3 1404 1031 365
3 1466 1031 180
3 316 306 1150
3 1150 306 805
3 261 1332 976
3 261 976 323
3 1332 261 764
3 764 261 107
3 764 107 425
3 107 261 323
3 107 323 1096
3 977 425 107
3 107 1096 977
3 1190 977 1096
3 962 1190 754
3 754 1190 696
3 1438 1368 117
3 1368 4 117
3 533 117 4
3 1438 117 1482
3 1482 117 521
3 521 117 533
3 123 1368 1438
3 773 1368 123
3 773 123 1482
3 1482 123 1438
3 773 1482 463
3 47 1035 1167
3 1160 708 1035
3 1167 1035 708
3 1160 1035 558
3 558 1035 468
3 1210 455 1326
3 455 1210 468
3 257 455 509
3 509 455 468
3 568 509 473
3 568 473 1381
3 462 524 568
3 462 568 1381
3 951 1210 1326
3 935 795 1076
3 970 935 1014
3 1314 876 826
3 1114 1395 361
3 672 1395 1114
3 672 1114 1081
3 1081 1114 352
3 114 1395 672
3 114 672 1392
3 948 1395 114
3 948 114 1180
3 1392 1180 114
3 1282 314 1180
3 1394 948 1180
3 1394 1180 314
3 1282 1180 822
3 822 1180 1392
3 612 1394 314
3 1252 684 551
3 1252 551 1058
3 992 1058 1383
3 1142 992 1383
3 1142 1383 946
3 1413 1041 988
3 1116 530 756
3 1075 1413 988
3 1385 1413 1075
3 674 1385 1075
3 674 1075 394
3 394 1075 1245
3 1079 1379 469
3 498 719 1079
3 1449 498 469
3 1079 469 498
3 140 1271 616
3 1033 1442 1374
3 38 1374 1442
3 167 481 1048
3 1146 1048 1440
3 1440 1048 481
3 610 1440 481
3 424 1149 694
3 424 694 269
3 424 269 1290
3 258 269 694
3 1070 466 698
3 1070 698 258
3 776 337 1213
3 842 856 631
3 631 856 1445
3 631 1445 529
3 529 1095 631
3 842 631 1095
3 1082 1095 529
3 245 1095 1082
3 1163 891 440
3 808 891 1115
3 1097 844 609
3 177 265 726
3 177 726 248
3 1115 177 808
3 1232 1435 828
3 1205 1040 1435
3 72 49 351
3 1131 704 329
3 622 548 1131
3 622 1131 441
3 441 1131 329
3 760 574 60
3 760 60 1229
3 997 1433 1208
3 861 1425 831
3 425 831 764
3 764 1130 1332
3 1130 764 831
3 711 380 977
3 244 1460 565
3 244 565 588
3 430 588 533
3 1368 430 4
3 4 430 533
3 758 1085 823
3 532 479 253
3 532 253 1169
3 1169 253 598
3 1169 598 29
3 1169 29 534
3 361 970 1114
3 1114 970 1014
3 1114 1014 1047
3 926 1395 751
3 1395 948 751
3 751 948 1394
3 260 1469 1394
3 260 1394 684
3 689 759 1439
3 992 1142 819
3 992 819 1252
3 1058 992 1252
3 1447 1142 108
3 1447 108 1483
3 1483 108 1406
3 150 1406 1142
3 1142 1406 108
3 600 1406 150
3 946 1273 150
3 1142 946 150
3 892 453 903
3 1041 892 90
3 1427 637 303
3 857 411 1385
3 857 1385 674
3 1421 411 857
3 1079 857 953
3 1379 1079 953
3 910 1230 482
3 55 423 719
3 55 719 498
3 767 211 730
3 1013 1034 730
3 1386 452 494
3 494 452 1449
3 959 1386 494
3 286 390 959
3 286 959 1363
3 1363 959 494
3 1019 286 1363
3 1019 1363 1275
3 1275 1363 616
3 616 1363 140
3 140 1363 1271
3 1048 1019 167
3 167 1019 1275
3 167 1275 1442
3 1019 1048 286
3 286 1048 1146
3 34 765 1146
3 34 1146 522
3 522 1146 1440
3 522 1323 242
3 1112 1323 757
3 757 1323 283
3 283 1323 1149
3 757 283 1290
3 1290 283 424
3 424 283 1149
3 1078 757 1290
3 1274 961 405
3 942 560 1319
3 256 560 147
3 693 147 1100
3 693 1100 490
3 1100 147 942
3 942 147 560
3 985 936 979
3 1011 979 1143
3 1143 979 936
3 812 985 979
3 812 979 1011
3 859 1061 97
3 859 97 1301
3 1377 921 1131
3 704 1131 921
3 704 921 859
3 872 1061 921
3 872 921 1377
3 471 624 506
3 506 624 1269
3 624 1377 1269
3 1192 506 714
3 714 506 1269
3 368 1159 874
3 1030 714 368
3 1030 368 585
3 585 368 874
3 1030 585 1060
3 816 1060 1433
3 816 1433 997
3 641 740 547
3 641 547 404
3 641 404 1217
3 164 404 547
3 1054 380 711
3 1054 711 500
3 500 711 1355
3 406 1467 389
3 406 389 1270
3 1174 1467 406
3 922 1174 890
3 890 1174 406
3 890 406 1270
3 196 890 353
3 196 353 1184
3 1184 353 244
3 1184 244 588
3 244 353 1460
3 192 1184 1251
3 1251 1184 588
3 212 1251 838
3 212 838 797
3 700 1119 1072
3 1119 700 1434
3 1434 700 838
3 838 700 66
3 381 1175 1083
3 381 1083 228
3 835 124 889
3 889 124 20
3 20 124 1175
3 124 1083 1175
3 1083 124 1053
3 835 1053 124
3 1298 835 889
3 1298 299 202
3 1204 1298 1437
3 788 1437 1298
3 1145 965 1437
3 1462 1145 1325
3 1325 1145 1437
3 1462 1325 584
3 1462 584 958
3 383 584 364
3 364 1325 1169
3 1169 1325 532
3 532 1325 745
3 1325 364 584
3 1147 322 1202
3 751 1147 564
3 504 1469 1055
3 1329 504 1055
3 998 1329 1055
3 134 1329 998
3 689 998 1055
3 689 1055 1469
3 1439 998 689
3 998 1098 134
3 134 1098 1329
3 998 1439 1098
3 433 1329 1098
3 433 1098 236
3 236 1098 1366
3 1366 1098 1439
3 1099 1342 1483
3 1342 1447 1483
3 523 1483 1427
3 523 1427 1461
3 1427 1483 1406
3 303 990 1427
3 232 238 1111
3 232 1111 725
3 305 400 878
3 878 400 725
3 370 878 562
3 370 562 767
3 370 767 1034
3 767 562 1111
3 1013 963 1034
3 1352 1451 667
3 1352 667 960
3 866 1027 193
3 866 802 25
3 866 25 570
3 25 802 787
3 664 757 1078
3 757 664 1112
3 787 1112 664
3 595 39 664
3 664 1078 595
3 151 595 1078
3 945 1420 151
3 445 945 151
3 147 693 1420
3 147 1420 256
3 254 693 1416
3 174 1417 626
3 1417 174 537
3 1224 403 367
3 367 403 872
3 872 403 1417
3 470 1224 367
3 99 470 367
3 99 367 872
3 471 470 624
3 624 470 99
3 624 99 1377
3 397 1042 621
3 397 621 513
3 641 1030 740
3 641 1217 1244
3 1020 1304 1373
3 1020 1373 768
3 1020 768 947
3 379 1373 1104
3 1104 1373 1304
3 164 1373 404
3 404 1373 379
3 1393 1373 164
3 1393 164 752
3 752 164 1359
3 1106 1393 1355
3 1174 922 1295
3 1174 1295 1467
3 573 1475 692
3 899 573 692
3 1166 407 377
3 377 407 1178
3 1178 407 692
3 145 1225 381
3 381 1225 1277
3 158 1369 1083
3 158 1083 1053
3 1369 158 30
3 30 158 880
3 158 1053 880
3 1376 30 880
3 1376 880 1423
3 1423 880 840
3 840 880 1053
3 1204 1423 840
3 1423 965 486
3 965 1145 486
3 486 1145 1462
3 486 1462 309
3 1462 958 309
3 1423 486 1294
3 1294 486 309
3 1294 309 958
3 989 507 383
3 1169 1405 989
3 1169 989 364
3 364 989 383
3 1117 989 567
3 567 989 1405
3 567 504 1117
3 1141 770 433
3 1141 433 236
3 1117 433 770
3 1099 1320 1342
3 508 587 1483
3 450 587 508
3 450 523 1461
3 523 450 508
3 718 587 450
3 718 450 1461
3 1162 1461 1272
3 1279 1162 725
3 1279 725 400
3 232 725 1162
3 35 1279 400
3 35 400 1108
3 886 59 1045
3 886 878 370
3 305 878 886
3 1171 1484 1339
3 1171 1339 319
3 408 1339 1484
3 1068 1484 1171
3 1451 408 1484
3 862 1339 1352
3 408 1451 1352
3 408 1352 1339
3 1448 862 1135
3 867 1448 595
3 595 1135 39
3 1135 595 1448
3 1118 867 254
3 1118 254 1416
3 1171 326 943
3 1171 943 93
3 531 93 943
3 1171 93 1068
3 919 1068 93
3 919 93 478
3 968 1424 1263
3 1432 968 1263
3 1432 1311 968
3 937 356 432
3 1071 434 432
3 1071 432 356
3 13 937 1371
3 13 1371 69
3 1371 937 1211
3 928 1371 1223
3 928 1223 1474
3 1020 1223 1304
3 724 1020 947
3 724 1223 1020
3 978 724 947
3 573 266 1475
3 744 899 579
3 648 1249 579
3 648 579 899
3 1249 407 1166
3 1249 1166 1225
3 1277 1225 1166
3 1012 1249 497
3 1397 1012 497
3 649 102 1181
3 649 1181 1350
3 1028 1350 1181
3 264 1335 654
3 264 37 1089
3 37 264 654
3 1389 1089 457
3 1389 457 1344
3 830 457 37
3 830 37 603
3 37 457 1089
3 1344 457 1129
3 1129 457 830
3 131 830 1376
3 131 1376 1423
3 1294 131 1423
3 1376 830 603
3 830 131 1129
3 415 1017 412
3 412 1017 288
3 1299 1200 1122
3 1279 1461 1162
3 1461 1279 718
3 1122 1057 1299
3 33 941 786
3 343 33 786
3 190 1334 1365
3 855 619 1343
3 1486 619 1365
3 1365 619 190
3 190 619 855
3 190 855 1038
3 1343 619 1486
3 614 1484 304
3 1357 259 1124
3 1291 1424 556
3 556 1424 904
3 904 1424 1311
3 968 1311 1424
3 656 762 556
3 554 173 904
3 904 173 556
3 556 173 656
3 3 1165 656
3 581 3 474
3 474 3 656
3 1371 920 231
3 1371 928 920
3 920 928 1397
3 920 1397 102
3 1397 928 1474
3 1103 1012 1474
3 1103 724 978
3 724 1103 1474
3 724 1474 1223
3 579 1012 1103
3 579 1103 744
3 978 744 1103
3 1236 1264 395
3 1236 395 1350
3 883 1120 933
3 660 1340 883
3 879 883 1340
3 1389 660 112
3 642 1487 1017
3 1017 1487 1344
3 1340 642 16
3 1248 16 818
3 16 1248 1340
3 1248 818 1299
3 33 879 210
3 33 210 941
3 33 343 879
3 1105 1120 1059
3 1010 308 1105
3 1010 1105 1038
3 1105 308 449
3 1407 1187 1010
3 855 1010 1038
3 308 721 449
3 721 308 1187
3 1187 308 1010
3 392 1187 1357
3 1187 392 721
3 392 1357 775
3 1486 1484 1343
3 1343 1484 1407
3 1407 1484 614
3 1171 319 326
3 1393 768 1373
3 1380 954 1157
3 1404 1380 1157
3 950 342 1101
3 435 1101 285
3 285 1101 1239
3 1239 1101 982
3 285 1358 435
3 559 378 1050
3 604 973 559
3 604 559 1050
3 45 682 794
3 1136 794 230
3 794 1136 51
3 51 444 794
3 794 444 45
3 45 913 682
3 318 682 913
3 230 794 682
3 1199 1238 437
3 437 1002 1199
3 1199 1002 655
3 655 1136 1199
3 1327 1288 1005
3 1300 204 320
3 24 687 1109
3 1443 163 1136
3 437 1238 63
3 218 437 63
3 437 218 1002
3 655 1002 1284
3 771 673 458
3 458 673 863
3 296 221 638
3 221 1134 638
3 1134 938 638
3 638 938 296
3 221 296 237
3 296 601 237
3 1300 1459 1307
3 488 1403 1398
3 695 1403 748
3 599 1297 915
3 1297 83 915
3 915 798 742
3 915 742 599
3 1297 599 824
3 1297 36 83
3 915 83 798
3 798 908 0
3 798 0 742
3 0 908 691
3 1127 1107 1455
3 1455 1107 738
3 738 1107 1161
3 681 1284 1002
3 218 681 1002
3 511 685 28
3 685 1429 28
3 28 1429 984
3 916 807 32
3 32 1219 916
3 863 916 1219
3 1472 487 132
3 1322 132 487
3 1322 487 1241
3 1016 307 1472
3 1016 1472 132
3 1016 132 1322
3 1134 1024 938
3 1191 590 291
3 1191 291 1024
3 1024 1459 1191
3 634 731 1139
3 634 1139 1086
3 1009 864 1006
3 634 1006 372
3 372 1006 864
3 1029 949 80
3 1029 608 949
3 281 1084 298
3 1084 492 298
3 1173 736 1222
3 185 1173 1222
3 1126 1173 185
3 281 736 1173
3 1222 736 695
3 1214 625 839
3 824 739 330
3 871 613 739
3 1349 495 1164
3 350 1349 850
3 495 1349 350
3 1429 653 657
3 657 653 1039
3 511 991 685
3 239 1429 685
3 344 1429 239
3 807 1015 666
3 807 666 120
3 807 120 1471
3 32 1471 1219
3 1094 1241 670
3 1322 1241 1094
3 996 247 1472
3 1472 247 487
3 487 247 1241
3 1396 1241 247
3 1396 247 996
3 929 734 1378
3 927 217 981
3 1250 731 1346
3 1250 1346 780
3 371 179 1456
3 851 371 1456
3 851 1456 972
3 851 313 371
3 222 371 313
3 901 371 222
3 371 901 393
3 393 179 371
3 608 1480 949
3 1087 1084 593
3 839 593 1084
3 535 225 106
3 535 741 225
3 315 1088 1280
3 129 1280 592
3 129 592 387
3 387 592 225
3 387 225 741
3 225 592 205
3 225 205 106
3 1463 106 1144
3 129 387 1280
3 1280 387 1316
3 1280 1316 315
3 11 847 1455
3 300 847 1243
3 11 460 847
3 460 11 738
3 1242 833 1276
3 295 1203 833
3 833 1203 1276
3 1242 1276 465
3 934 789 73
3 934 73 1426
3 934 1415 789
3 789 1242 73
3 276 239 991
3 239 276 344
3 276 991 385
3 836 1401 1148
3 652 56 781
3 652 781 702
3 652 702 873
3 652 873 1408
3 652 1408 56
3 1015 1254 666
3 659 801 417
3 582 801 1446
3 1378 1240 1390
3 1390 278 1378
3 1453 301 734
3 706 1133 790
3 706 790 630
3 706 630 972
3 1456 493 972
3 618 1133 493
3 618 493 1456
3 79 156 1305
3 1305 156 875
3 79 1305 1253
3 156 79 219
3 156 219 1285
3 156 1285 875
3 155 1158 932
3 155 932 594
3 155 594 677
3 1351 932 1312
3 416 1158 1468
3 416 717 1158
3 1312 1158 717
3 1158 1312 932
3 1227 527 1003
3 688 747 715
3 747 688 1247
3 1221 710 1370
3 1370 710 480
3 480 710 311
3 832 643 1463
3 142 1280 336
3 336 1144 142
3 142 1144 205
3 142 205 592
3 142 592 1280
3 668 563 841
3 668 841 262
3 1025 841 563
3 1415 917 789
3 668 789 917
3 668 262 1242
3 668 917 563
3 1228 1444 1328
3 1328 1444 188
3 1426 1436 934
3 934 1436 1415
3 438 676 1419
3 1004 676 438
3 836 1452 197
3 836 197 1477
3 836 1477 1401
3 930 675 113
3 930 113 1090
3 675 930 1387
3 735 1387 702
3 735 702 417
3 216 853 1132
3 216 1132 966
3 216 966 1092
3 215 1390 246
3 215 246 743
3 215 743 1062
3 1062 209 1256
3 1256 209 956
3 743 246 969
3 896 215 1062
3 1062 1256 896
3 896 1390 215
3 1240 885 246
3 1177 553 885
3 639 1177 443
3 1374 227 327
3 1364 865 22
3 1364 22 707
3 707 22 912
3 1428 895 1261
3 1253 1399 1051
3 1051 1345 1253
3 1253 1091 1080
3 111 1253 1305
3 629 243 1293
3 243 697 1293
3 287 111 1293
3 111 629 1293
3 1285 902 875
3 967 699 1286
3 967 1286 763
3 868 1188 957
3 829 1388 345
3 829 345 154
3 154 345 837
3 837 1239 365
3 491 572 680
3 974 1336 701
3 651 1321 1353
3 1113 233 1154
3 233 1113 366
3 1465 194 1172
3 1465 1172 1302
3 1465 1302 881
3 1465 809 137
3 809 1465 881
3 1289 1195 541
3 44 1289 541
3 1289 44 409
3 44 541 213
3 213 541 542
3 1195 1289 1228
3 1289 409 339
3 1289 339 1228
3 1234 1077 188
3 188 1077 1328
3 310 1328 1077
3 514 1138 676
3 1000 676 1138
3 382 402 1477
3 382 1477 197
3 382 197 1452
3 986 382 1452
3 429 382 986
3 1387 1418 675
3 675 1418 1185
3 113 1185 846
3 113 846 53
3 1090 113 777
3 53 777 113
3 1281 53 846
3 846 1185 1418
3 1409 1375 640
3 1375 1409 1361
3 743 18 761
3 761 956 209
3 761 209 1062
3 761 1062 743
3 743 969 18
3 782 1177 467
3 782 467 14
3 14 467 1121
3 14 1121 170
3 14 170 782
3 782 553 1177
3 388 1186 995
3 324 1292 1170
3 1209 1262 484
3 1209 1218 1262
3 999 1262 1218
3 1262 999 813
3 357 646 591
3 357 1152 646
3 803 1070 178
3 803 178 357
3 803 357 591
3 1212 591 347
3 1261 1212 347
3 1212 1476 803
3 800 183 1414
3 43 375 800
3 375 1080 800
3 800 1080 183
3 1091 1411 183
3 811 549 1384
3 1384 825 811
3 811 825 1067
3 1265 884 615
3 811 1265 615
3 549 811 615
3 549 615 104
3 549 104 1097
3 957 1229 1040
3 292 1153 115
3 1308 292 115
3 279 727 157
3 157 1466 279
3 1056 1360 727
3 837 365 1031
3 837 1031 2
3 837 2 154
3 154 2 804
3 154 804 1360
3 954 342 321
3 321 342 187
3 345 1239 837
3 1388 285 1239
3 1388 1239 345
3 149 42 1466
3 149 1466 180
3 42 149 911
3 911 149 805
3 1130 1150 1064
3 201 1096 17
3 201 17 251
3 696 201 251
3 251 17 1037
3 17 1096 1037
3 1193 894 186
3 502 1193 186
3 502 141 1193
3 894 77 186
3 447 1167 809
3 137 809 463
3 809 1167 463
3 468 447 473
3 447 468 1035
3 509 468 473
3 1302 1381 881
3 524 44 213
3 524 213 772
3 44 524 282
3 568 772 509
3 1076 1326 130
3 1326 257 1314
3 1326 1314 130
3 130 1314 826
3 935 1076 826
3 130 826 1076
3 876 199 1255
3 876 542 199
3 199 541 1195
3 199 1195 1255
3 644 1255 1195
3 671 1328 310
3 352 1114 1216
3 1138 514 1392
3 1282 271 870
3 1282 870 612
3 1282 612 314
3 870 271 551
3 777 1058 1018
3 561 1041 1306
3 561 1306 1008
3 1036 1123 756
3 983 918 1245
3 1361 749 1375
3 749 1361 446
3 983 806 918
3 953 394 918
3 1271 924 635
3 610 481 1033
3 277 1065 1440
3 277 1440 484
3 136 195 1331
3 1331 195 1347
3 827 1331 1347
3 827 1065 1331
3 1331 1065 277
3 1331 277 136
3 277 176 136
3 195 136 176
3 1070 258 178
3 1430 178 258
3 92 337 512
3 1317 1414 1198
3 419 1317 1198
3 1445 1198 1414
3 354 419 1319
3 1319 419 5
3 5 419 1198
3 1163 503 1333
3 1333 1115 1163
3 503 1163 328
3 609 661 144
3 1333 144 661
3 144 1333 503
3 153 503 328
3 955 153 328
3 1333 661 369
3 153 955 240
3 609 240 1097
3 240 609 144
3 240 144 153
3 955 1384 240
3 720 615 884
3 720 884 726
3 720 1097 104
3 720 104 615
3 248 1402 1435
3 1435 808 248
3 555 329 351
3 555 351 50
3 1435 555 50
3 555 1435 1229
3 1229 1435 1040
3 987 845 778
3 1140 520 728
3 520 476 728
3 728 312 1140
3 1362 911 805
3 1466 42 1140
3 1140 911 520
3 520 911 1362
3 476 1362 997
3 306 1425 223
3 223 1425 1457
3 977 1190 1270
3 1270 1190 962
3 894 250 696
3 696 250 905
3 696 905 754
3 1338 565 1460
3 64 1338 373
3 373 533 64
3 1338 64 565
3 1368 708 525
3 708 1434 525
3 558 849 1201
3 1201 849 1391
3 1391 849 263
3 1313 1391 263
3 1313 263 1210
3 1391 1032 1201
3 970 1341 795
3 413 795 1341
3 876 1255 1047
3 684 612 870
3 19 679 600
3 1273 19 600
3 139 1330 1306
3 220 1330 139
3 1330 220 519
3 1273 628 19
3 19 628 877
3 19 877 679
3 220 139 907
3 628 597 275
3 1330 275 597
3 275 1330 519
3 1306 90 139
3 139 90 903
3 637 892 1385
3 1385 892 1413
3 234 806 1292
3 234 1292 1379
3 234 1379 953
3 234 953 918
3 234 918 806
3 719 482 1421
3 1449 1271 494
3 1449 452 1013
3 765 390 1146
3 698 1128 1290
3 1290 1128 1168
3 627 391 820
3 161 627 820
3 391 125 100
3 820 391 791
3 791 391 100
3 820 791 776
3 820 776 161
3 391 627 125
3 1226 1143 942
3 143 1445 1226
3 143 1226 1319
3 143 1319 5
3 143 5 1198
3 143 1198 1445
3 856 1011 1143
3 856 1143 1226
3 842 97 1011
3 1095 245 1301
3 1301 245 49
3 245 828 49
3 844 265 177
3 844 177 369
3 369 177 1115
3 844 369 661
3 704 859 72
3 1301 72 859
3 1131 548 1377
3 1269 1377 548
3 1269 548 1159
3 574 103 1235
3 574 1235 1159
3 574 1159 622
3 574 760 103
3 1159 1235 874
3 1235 103 575
3 575 103 760
3 760 987 575
3 575 1246 1235
3 874 1235 1246
3 1246 575 1433
3 1362 816 997
3 346 386 105
3 105 422 346
3 386 427 105
3 105 427 1457
3 105 1457 422
3 348 1054 1359
3 348 1359 346
3 348 346 422
3 861 422 1457
3 1425 861 1457
3 346 1359 386
3 386 1359 547
3 1054 348 861
3 389 1467 711
3 1268 905 1338
3 1268 1338 1460
3 1460 890 1270
3 299 1391 758
3 299 1032 1391
3 823 479 745
3 745 788 202
3 745 202 823
3 823 253 479
3 745 1325 788
3 1341 135 1202
3 1341 1202 413
3 413 1202 534
3 564 1202 135
3 1341 970 1395
3 1395 926 1341
3 1341 926 135
3 135 926 564
3 751 564 926
3 819 1447 241
3 1406 1318 453
3 1406 453 1427
3 1318 903 453
3 600 1318 1406
3 1348 220 907
3 1348 679 877
3 1348 877 519
3 519 220 1348
3 206 1272 990
3 206 990 1230
3 722 607 910
3 910 607 52
3 52 607 410
3 722 910 423
3 249 722 423
3 249 208 1206
3 249 1206 722
3 452 667 1013
3 1400 662 1386
3 1400 193 662
3 193 960 662
3 193 1027 960
3 390 765 1400
3 390 1400 959
3 242 1260 1074
3 576 1074 1303
3 242 1074 576
3 34 242 576
3 647 1323 1112
3 647 1260 1323
3 787 647 1112
3 1078 1168 445
3 1168 961 445
3 1416 490 1183
3 1416 1183 1432
3 1061 1417 15
3 1061 15 812
3 1337 67 605
3 1337 471 67
3 1244 133 1192
3 133 605 1192
3 1192 605 67
3 621 605 133
3 1104 1244 1217
3 1244 1192 528
3 1060 740 1030
3 1467 1295 270
3 1106 270 1372
3 1372 270 1295
3 297 645 229
3 229 645 732
3 229 732 922
3 229 922 196
3 62 229 196
3 62 297 229
3 1178 341 1184
3 341 1178 733
3 1207 66 451
3 1207 797 66
3 1175 669 451
3 451 669 1207
3 669 1175 1277
3 228 1083 817
3 228 817 145
3 145 817 1473
3 1204 840 835
3 965 1423 1204
3 383 507 810
3 383 810 584
3 584 810 7
3 584 7 958
3 1202 1405 534
3 1169 534 1405
3 1202 322 1405
3 1469 567 1147
3 1366 1342 236
3 236 1342 1320
3 1483 456 1099
3 1237 456 89
3 89 456 1483
3 557 175 1111
3 238 557 1111
3 557 750 175
3 1111 175 1206
3 175 750 607
3 175 607 1206
3 238 232 557
3 557 78 750
3 750 410 607
3 1045 1108 305
3 1412 886 370
3 1365 886 1412
3 963 1283 1356
3 1283 963 1451
3 224 1352 1027
3 224 862 1352
3 862 224 570
3 862 570 1135
3 802 866 193
3 802 193 1303
3 802 1303 1231
3 787 39 570
3 254 1420 693
3 1420 254 867
3 1416 1263 531
3 1416 531 943
3 936 537 1183
3 1183 537 1432
3 1417 1224 626
3 434 858 1211
3 1042 397 858
3 858 887 1211
3 1211 887 1223
3 1223 887 1304
3 793 1304 887
3 793 887 858
3 1104 172 1244
3 172 1104 513
3 172 513 621
3 172 621 133
3 172 133 1244
3 768 1106 95
3 95 947 768
3 81 31 95
3 947 95 31
3 1295 931 1372
3 1372 420 1106
3 280 1372 931
3 280 931 1475
3 280 420 1372
3 733 297 341
3 297 733 21
3 21 733 1475
3 573 899 266
3 266 899 744
3 160 596 669
3 160 669 1277
3 1277 1166 160
3 1166 596 160
3 1473 200 1225
3 200 497 1225
3 860 162 1473
3 162 860 1181
3 1369 1335 860
3 30 603 654
3 288 507 550
3 507 288 810
3 7 810 1344
3 1344 1129 7
3 1117 770 550
3 770 412 550
3 1141 1320 578
3 267 1141 578
3 854 852 464
3 464 852 121
3 852 854 683
3 683 1237 852
3 121 852 1237
3 121 1299 464
3 683 854 578
3 683 1320 1237
3 89 1200 1237
3 1200 587 718
3 941 396 1045
3 1045 396 1108
3 1057 1108 128
3 59 1334 786
3 1356 1486 1365
3 1365 1412 1356
3 897 1068 516
3 897 304 1484
3 897 1484 1068
3 516 1068 919
3 1339 146 319
3 319 146 1448
3 843 356 554
3 69 474 173
3 474 69 231
3 231 69 1371
3 81 266 31
3 31 266 744
3 31 744 978
3 1354 200 1473
3 649 395 920
3 815 920 395
3 505 1458 583
3 505 1236 1028
3 686 505 1028
3 505 686 1458
3 1458 159 112
3 933 1458 112
3 933 112 883
3 1458 1089 159
3 288 1017 1344
3 288 1344 810
3 415 818 1017
3 1017 818 642
3 121 1200 1299
3 703 396 941
3 703 1248 1057
3 703 1057 128
3 703 128 396
3 1059 1120 343
3 343 1120 879
3 1334 1038 1059
3 1357 1187 1407
3 1124 501 775
3 1124 74 589
3 1124 589 501
3 1165 501 1291
3 6 1291 501
3 6 501 589
3 589 74 821
3 1291 821 91
3 1291 91 1026
3 821 1291 6
3 821 6 589
3 1165 1291 762
3 392 1264 1236
3 583 449 355
3 583 355 505
3 505 355 1236
3 1105 993 1120
3 94 148 1485
3 94 1485 1152
3 660 1389 1487
3 660 1487 642
3 1283 1484 1486
3 1283 1486 1356
3 1317 1213 1488
