ply
format ascii 1.0
comment Generated by PyMesh
element vertex 4220
property float x
property float y
property float z
property float charge
property float hbond
property float hphob
property float iface
property float nx
property float ny
property float nz
element face 8436
property list uchar int vertex_indices
end_header
17.615 34.083 26.54 -0.289926 0 2.5 0 -0.638966 0.404687 -0.654179
16.655 30.172 36.299 -0.307135 0 2.8 0 -0.713515 -0.49634 -0.494512
46.271 36.252 26.773 -0.817894 0 -3.5 0 -0.656237 -0.0111132 -0.754473
34.954 24.983 37.522 0.119802 0 4.2 0 0.600659 -0.737233 0.309348
21.939 21.217 32.277 1.93249 0 -3.9 0 -0.449123 0.360923 -0.817327
20.24 24.7775 41.3835 0.498871 0 -4.5 0 -0.995799 -0.00691505 -0.0913025
30.9345 33.7115 48.572 1.72109 0 3.72325 0 0.774379 0.443459 0.45131
43.5315 39.2775 56.542 -1.23947 -0.162743 -3.5 0 0.548315 -0.268079 0.792139
31.308 45.3075 50.9645 0.0380531 -0.0195273 -0.865079 0 0.179075 -0.0895757 0.979749
41.747 53.9705 47.5295 0.31275 0.369642 -3.53482 0 -0.200434 0.748263 0.632399
46.578 35.306 30.3345 -1.54367 -0.0256128 -3.5 0 -0.847297 0.0199174 0.530746
25.839 44.442 22.91 -1.57333 0 -3.5 0 0.132536 0.624879 -0.76939
61.3155 30.712 29.5635 -0.286411 0 -3.5 0 0.202426 0.485492 -0.850483
37.014 28.801 55.13 0.242296 0 -3.5 0 -0.718677 0.620226 -0.314362
36.411 59.0755 40.4565 -0.051916 0 -3.5 0 -0.14145 0.918048 -0.370377
48.9865 44.41 39.221 0.275357 0 -0.9 0 -0.697165 0.358255 0.620978
37.965 57.6335 38.231 -0.122103 0 -3.5 0 0.270241 0.761966 -0.588538
35.4115 35.583 53.0595 0.596415 0 -1.6 0 -0.17719 0.575999 0.798015
52.7055 33.712 50.3255 0.172617 0 3.8 0 0.55145 -0.385068 0.740017
40.8985 54.1835 31.65 0.213533 0 -0.4 0 0.67927 0.731498 -0.059187
64.449 33.564 47.0145 -0.0407026 0 -0.7 0 0.364736 -0.674123 0.642282
66.243 39.895 35.4705 -0.197165 0 3.8 0 0.478552 -0.774699 -0.413316
39.948 54.7475 31.9695 0.0733637 0 -0.4 0 0.316421 0.948531 0.0128819
24.6965 40.001 31.774 0.927952 0 4.5 0 -0.970844 -0.0141439 0.239295
20.313 40.7885 39.877 -0.920546 0 -3.5 0 -0.99121 0.12763 -0.0348463
53.506 31.677 35.2485 0.424615 0.190488 2.70224 0 0.421971 0.356732 -0.833476
46.284 34.128 28.1975 -1.96416 -0.782098 -3.5 0 -0.411373 -0.860738 -0.299839
32.7475 27.5345 27.756 -0.14062 0 -1.3 0 0.853591 -0.0391347 -0.519471
53.1415 36.95 27.054 -0.032659 0.321042 -0.862391 0 -0.100002 -0.774582 -0.624517
34.521 52.7085 28.441 0.080391 0.00183848 -3.23181 0 0.6618 0.342916 -0.666656
22.8155 54.9415 52.5325 -1.4823 -0.413105 -3.5 0 -0.561287 -0.176359 0.808612
44.475 24.0915 46.278 0.769451 0.316107 -4.5 0 0.0566283 -0.829041 -0.556314
31.108 51.9285 50.46 0.682253 0 -0.8 0 0.543691 -0.419437 0.726961
30.028 22.1515 49.538 -0.840147 0 -3.5 0 -0.531385 -0.721887 0.443293
57.364 30.151 28.2705 -2.66153 -0.546688 -3.5 0 -0.887134 0.394888 -0.238863
43.725 42.075 54.359 -1.04513 -0.158688 -3.5 0 0.663222 0.398594 -0.63345
24.912 45.5 24.237 -0.962408 0 -3.5 0 0.0983687 0.869883 -0.48335
24.117 41.27 21.232 -0.226496 0 -4.5 0 0.201685 0.40716 -0.890811
43.953 25.526 42.576 -0.0986068 0 4.5 0 0.505521 -0.828849 0.239704
37.7057 35.7848 24.8153 -0.179529 0 4.2 0 0.593976 -0.767919 -0.239778
35.6375 44.5055 21.861 -1.2035 -0.00255317 -3.5 0 0.572179 0.197652 -0.795955
20.7655 23.311 39.758 0.0701791 0 -4.5 0 -0.527569 -0.622675 -0.577881
21.427 38.412 22.783 0.107081 0.637093 -4.5 0 -0.663463 -0.562468 -0.493403
42.4615 31.5745 53.2825 1.32435 0.700793 -1.03353 0 0.688086 -0.0426157 0.724376
12.3815 33.439 26.2865 -1.69125 -0.00795218 -3.5 0 0.119653 -0.148276 -0.981681
46.8092 42.132 26.1068 0.521515 0.22741 -3.5 0 0.566761 0.423758 -0.706549
29.3205 56.855 44.2065 -0.42061 0 -3.5 0 0.338187 0.59214 -0.731437
49.684 37.588 25.384 -0.0540947 0 -3.5 0 0.0313041 0.116532 -0.992693
52.2225 32.9775 31.366 -0.0082329 0 3.8 0 0.0471151 -0.996032 0.0755078
27.4025 26.193 24.83 -2.45242 0 -1.6 0 0.696746 -0.686004 -0.209627
61.5275 42.899 25.255 -0.122995 0 3.8 0 0.419381 0.883532 0.208546
41.9405 37.455 55.055 -0.608583 -0.37274 -3.5 0 -0.39306 -0.365262 0.843853
11.7845 32.4085 28.339 -1.65857 -0.324482 -3.5 0 -0.275391 -0.856088 0.437347
21.8805 36.8795 53.8865 -0.530892 0 1.9 0 -0.762143 -0.330611 0.556628
41.93 24.192 41.1975 -0.4466 -0.633596 3.69108 0 0.083343 -0.867517 0.490376
30.923 23.203 30.554 0.0881425 0 -1.3 0 0.0111203 -0.998811 0.0474659
45.651 35.751 27.4285 -1.23198 -0.00424546 -3.5 0 -0.757569 -0.159188 -0.633047
21.1895 36.396 53.1935 -0.873695 -0.197245 1.9 0 -0.720658 -0.392513 0.571477
37.878 43.811 29.7155 0.927384 0.729055 -2.97153 0 0.0714435 0.600552 -0.796387
22.728 37.253 43.665 -0.97237 0.00729869 -3.9 0 0.00486404 0.799185 0.601065
24.396 48.9 31.11 -0.475768 -0.235764 1.50879 0 0.0353005 0.59228 -0.804959
39.345 46.078 46.888 0.83452 0.250085 -3.5 0 0.0392897 0.228425 0.972768
22.7472 19.5427 32.46 3.7967 0 -3.9 0 0.0863169 -0.675542 -0.732251
40.952 28.038 57.06 -0.344319 0 -3.5 0 0.174889 -0.119933 0.977256
38.626 24.1345 57.098 -0.201988 0 -3.5 0 0.473176 -0.381202 0.794223
39.91 22.662 35.0685 0.316888 0 -1.70791 0 -0.630664 -0.717133 -0.296619
45.1755 43.612 43.0875 0.896699 0.0589269 2.23593 0 0.571915 0.545472 0.612677
15.012 31.372 30.622 -1.22701 -0.662881 -3.5 0 -0.566543 -0.560688 0.603869
42.78 21.7845 37.4325 0.4077 0 -1.6 0 0.805104 -0.590566 -0.0551304
20.272 29.8515 34.3465 -0.620118 -0.0864385 0.934553 0 -0.749414 -0.612397 -0.25169
55.6225 31.549 44.3785 0.198228 0 4.5 0 0.444041 -0.347408 0.825915
19.326 28.919 40.623 -0.500548 0 -0.550625 0 -0.708081 -0.447845 0.545946
17.713 49.424 45.812 0.774359 0.857209 -3.9 0 -0.927228 0.0127002 -0.374281
38.219 20.886 48.556 -0.0874194 0 2.5 0 0.208699 -0.703633 -0.679224
43.908 54.0445 38.85 0.324702 0.376128 -3.5 0 0.713518 0.699631 0.0375246
56.646 28.646 29.494 -1.0311 -0.188288 -3.5 0 -0.909344 -0.204142 0.362519
47.647 25.259 40.779 1.45926 0.157407 -3.9 0 0.644309 0.170667 0.745478
19.5765 53.9355 31.9305 -0.556593 -0.451527 -3.5 0 0.0513796 0.994034 -0.0962071
40.329 45.499 50.317 0.094542 0 2.5 0 -0.18208 0.967884 0.173344
20.016 24.747 28.034 -1.70785 -0.932531 2.8 0 -0.67977 -0.733423 0.00207429
20.016 25.3605 28.989 -1.51115 -0.929281 2.8 0 -0.731751 -0.212189 0.6477
51.459 46.429 49.571 -1.01322 -0.141087 -3.5 0 -0.628571 0.396172 0.669288
43.773 42.859 55.143 -0.905572 -0.192475 -3.5 0 0.753047 0.636392 -0.167108
22.033 58.887 45.771 -1.1704 -0 -3.5 0 -0.65203 0.736371 0.180596
23.697 56.018 32.8 -1.46373 -0.589039 -0.4 0 0.0614023 0.879496 -0.471929
42.4135 54.8525 41.6845 -1.08503 -0.336463 -0.4 0 -0.015205 0.961276 -0.275167
61.6775 51.4345 35.6835 -0.270853 0 -3.5 0 0.430809 -0.431621 -0.792532
39.0085 22.0165 37.9835 0.28639 0 -1.6 0 -0.95612 -0.247649 -0.156541
42.5955 30.5195 53.3645 0.843394 0.840158 -0.9 0 0.845079 0.181176 0.503008
45.614 40.547 50.806 0.443903 0 -0.4 0 0.0519803 0.931311 0.360496
66.2635 33.54 32.3365 -0.194759 -0.211706 -0.579771 0 0.942164 0.244163 0.22959
20.684 41.3175 30.943 4.60082 0 1.8 0 0.132556 -0.142838 0.980829
33.5195 39.3785 47.615 0.546045 0 4.5 0 -0.0330461 -0.905235 0.423624
22.777 40.069 30.293 0.251867 0 3.8 0 -0.31197 -0.110197 0.94368
40.3885 54.262 32.9025 0.156851 0 -0.4 0 0.516927 0.819067 0.24883
31.905 51.496 49.3505 0.15692 0 -2.34685 0 0.372694 -0.425959 0.824414
65.1485 25.166 32.6265 -0.867168 0 -3.5 0 0.940933 -0.309616 0.137054
31.3608 35.5325 21.8983 1.23345 0.232038 -3.9 0 -0.0564675 0.735617 -0.67504
30.0028 57.2425 37.443 -0.357726 0 2.8 0 -0.294422 0.945378 -0.139913
29.6532 39.6955 50.6045 0.367691 0.460431 -3.9 0 0.888639 0.428598 -0.163167
22.2725 55.0373 34.1102 -0.25624 0 -0.4 0 -0.762365 0.512754 -0.394821
21.5397 44.5448 51.7725 0.373212 0 -3.5 0 -0.75028 -0.632232 0.193296
26.042 57.9743 44.2228 -1.82594 -0.609882 -3.5 0 0.813592 0.382624 -0.437799
38.9733 24.6562 36.3065 1.354 0.690263 -3.9 0 -0.755747 -0.646787 0.102533
57.9695 41.3365 50.989 1.74657 0 -3.9 0 0.175603 -0.581116 0.794649
47.2585 38.582 54.2525 -0.779701 -0.0825399 -3.5 0 0.532436 0.830802 -0.162113
25.9172 42.6605 56.045 0.414937 -0.0320474 -3.77304 0 -0.579563 0.711999 0.39644
54.328 33.157 32 0.0570826 0 3.8 0 -0.264474 -0.863332 0.42978
23.5802 23.9725 38.0798 -0.940793 0 -3.9 0 -0.613826 -0.772183 -0.164168
53.83 51.3225 35.941 0.0761094 0 -3.40264 0 0.0385159 0.94131 0.335337
43.0558 26.8556 34.6562 -1.12346 -0.645984 -1.6 0 0.413488 0.488405 -0.768432
44.0565 44.8175 26.062 0.245372 0 1.9 0 0.446169 -0.316688 -0.837043
29.853 42.387 56.48 2.79563 0 -3.9 0 0.993318 -0.0114178 -0.114844
45.168 38.582 33.195 -0.179892 -0 -3.5 0 -0.747419 -0.639857 -0.178743
22.9665 44.311 32.1125 0.898294 0 4.2 0 -0.844508 -0.48463 0.227905
21.321 19.655 33.837 2.34416 0 -3.9 0 -0.837206 -0.514502 0.185404
37.9945 40.528 23.7978 -0.0513058 0 4.2 0 0.750692 0.485563 -0.447984
28.5483 45.691 24.73 -0.290142 0 -3.5 0 -0.617594 0.590031 -0.520039
50.4132 36.8545 51.1673 -1.49441 -0.56938 -3.5 0 -0.0936356 -0.764581 0.63769
47.77 40.9835 26.7703 0.35366 0 -3.5 0 0.360312 -0.179846 -0.915331
26.4447 20.5492 34.9663 0.405768 0 -3.5 0 0.186158 -0.0136883 -0.982424
39.751 55.915 46.648 0.127645 0 -1.6 0 0.657358 0.576079 0.485812
49.4748 42.1442 26.1968 0.178587 0 1.8 0 -0.317625 0.0346441 -0.947583
65.2002 42.0708 30.5125 -0.151746 0 3.8 0 0.998702 0.0508641 0.00270667
22.9195 38.4842 30.1585 -0.266997 -0.27718 3.8 0 -0.50816 0.238983 0.827442
65.6385 36.1765 36.12 -0.594202 -0.892526 4.2 0 0.463856 0.0774972 -0.882514
22.7385 55.2673 32.5735 -1.09501 -0.0894329 -0.4 0 -0.604681 0.531172 -0.593479
33.424 30.4813 51.0795 0.112662 0 2.8 0 -0.147263 -0.210529 0.966432
63.6175 26.6305 36.0585 0.134766 0 -3.5 0 0.623897 0.0482336 0.780017
49.467 47.0768 27.8125 -0.0187751 0 -0.7 0 -0.0100215 0.359634 -0.93304
35.7152 44.8392 49.5853 0.328461 0 4.5 0 0.399587 0.555497 0.729214
43.6092 31.0968 45.1875 1.69992 0 3.8 0 0.123719 0.517182 0.846886
41.0508 22.815 48.7962 -0.10501 0 -4.5 0 0.360796 -0.924617 0.122103
43.627 26.9755 52.6465 -0.575122 -0.926932 -3.5 0 0.964521 -0.253181 0.0748261
66.755 46.268 42.7355 0.35149 0 -0.8 0 0.642497 0.689585 0.33417
42.952 48.954 33.2477 2.43101 0.00454191 -3.9 0 0.121161 0.9787 0.165729
66.9175 37.6565 37.6533 -0.333998 -0.688833 3.33423 0 0.666151 0.1555 -0.729427
51.3088 33.825 29.1385 -0.165842 0 3.8 0 -0.536771 -0.724115 -0.433053
55.541 44.5617 43.5283 -0.0519914 0 4.5 0 -0.0309293 0.406978 0.912914
46.4977 30.4862 35.119 -0.471693 -0.29391 -0.4 0 0.126082 -0.670885 -0.730764
57.1585 40.2305 50.0585 0.392776 0 -3.9 0 -0.0193335 -0.770757 0.636836
45.5575 23.815 38.1188 2.32424 0 -3.9 0 -0.274617 -0.822357 -0.498312
22.4555 39.7965 55.0695 0.411598 0.733919 1.9 0 -0.453703 0.22368 0.862625
49.668 44.4482 44.41 0.60591 0 1.9 0 -0.0561814 0.998416 0.00303042
37.6177 30.1488 56.951 -1.04351 -0.000525335 -3.5 0 -0.445896 0.869302 0.213286
20.762 28.1257 48.8893 -1.94513 -0.692281 -3.5 0 -0.957683 -0.0344411 0.285758
26.5853 46.8893 26.8202 -1.40972 0 -0.7 0 -0.142815 0.522121 -0.840829
39.917 50.315 30.3305 0.679875 0 -3.9 0 0.515521 0.0585971 -0.854871
24.5928 40.3759 32.7625 0.821867 0 4.5 0 -0.983892 -0.0137836 -0.178232
20.8307 54.51 36.1043 -1.76565 0 1.8 0 -0.712925 0.700978 -0.0191529
33.741 54.221 28.3487 -0.168279 0 -3.5 0 0.679865 0.551878 -0.482923
61.9365 39.0648 22.9625 -0.162571 0 3.8 0 0.290194 -0.713028 -0.638262
27.521 23.605 42.329 -0.0504427 0.0812744 -0.8 0 -0.897702 -0.355473 0.260328
17.8315 28.9975 39.875 -0.109903 0 2.8 0 -0.672746 -0.625015 0.395941
28.6488 24.7283 45.5655 1.81838 0 -0.8 0 -0.898751 -0.304848 0.315141
21.3705 44.2925 39.8625 -1.27131 -0.551992 2.8 0 -0.695811 0.453403 0.557021
31.4275 55.193 51.2875 -0.0823275 0 -0.8 0 0.747163 0.448509 0.490497
42.879 24.7635 44.93 0.333753 0 4.5 0 0.173686 -0.937671 -0.30101
45.7025 47.1085 41.4637 0.611456 0 2.8 0 0.870588 -0.230687 0.43458
62.313 35.5045 27.6415 -0.579376 -0.646289 4.2 0 0.741917 -0.624707 -0.243519
18.5238 52.5979 33.9697 -1.37761 -0.0945737 -3.5 0 -0.844644 0.136993 0.517503
22.762 23.1085 39.7845 0.205491 0 -4.5 0 -0.217149 -0.73522 -0.642104
23.922 23.9675 27.5575 -1.83227 -0.551229 2.8 0 0.568944 -0.80572 -0.164676
40.5255 33.6865 53.681 1.6854 0.279995 -3.9 0 -0.728129 -0.0139457 0.685298
22.4055 51.461 47.4912 -0.25062 0 -3.9 0 -0.231908 -0.0108452 0.972677
28.2647 40.3423 57.4118 1.54682 0.00652346 -3.9 0 -0.0146495 -0.736421 0.676365
32.8887 21.8517 48.6048 -0.945342 -0.545746 -1.48493 0 0.107999 -0.890035 0.442915
30.4715 32.3918 19.833 -0.0131619 0 -3.9 0 -0.472676 -0.323383 -0.819757
16.801 40.637 28.4785 -0.88617 -0.903323 1.8 0 -0.928593 0.17363 0.327976
19.732 41.6435 22.335 0.534892 0 -4.5 0 -0.811617 0.355583 -0.463506
20.2197 52.1157 38.358 0.00897985 0 1.8 0 -0.813 -0.552452 -0.183925
25.847 41.4455 56.9215 0.47313 0 -3.9 0 -0.713363 -0.205248 0.670065
43.61 37.122 55.299 -0.154569 0 -3.5 0 -0.286189 -0.315195 0.904847
63.0685 50.2757 44.181 -0.539372 0 -3.5 0 -0.15282 0.988063 -0.0194329
34.8759 45.1734 21.9216 -2.16473 -0.315243 -3.5 0 0.0754797 0.557024 -0.827059
33.4545 24.157 41.5933 -0.274301 0 -0.969606 0 0.765556 -0.418204 -0.488906
20.122 53.474 37.419 -0.304858 0 1.8 0 -0.936629 0.228441 -0.265597
56.899 50.126 33.361 -0.0234035 0 1.8 0 0.912311 0.226749 -0.340988
30.846 30.054 21.078 -1.2499 -0.135004 -3.9 0 0.0858031 -0.563085 -0.821933
21.443 37.122 33.832 -3.12882 -0.334212 3.8 0 -0.0168528 0.998953 -0.0425389
56.527 45.619 30.1632 -0.113022 0 3.8 0 0.496777 0.201483 -0.844167
27.954 35.6595 54.5835 -0.788888 0 1.9 0 0.616076 -0.585212 0.527236
22.5985 52.6668 49.3397 -0.380742 0 -3.5 0 -0.648384 -0.711596 0.270609
20.4568 46.0093 46.291 -2.03543 -0.243126 -3.5 0 -0.171053 -0.369353 -0.913411
42.729 47.1345 47.3013 0.647306 0 -3.5 0 0.142293 0.609237 0.780117
61.223 47.162 45.498 -0.617789 -0.687868 -3.5 0 -0.789197 0.103205 0.605407
43.9785 40.3172 53.991 0.213391 0.00524601 -3.5 0 0.785766 0.616058 -0.0551769
33.45 51.037 27.409 0.18838 0 4.2 0 -0.0284893 0.778918 -0.626478
31.2703 28.1995 50.4408 -0.781509 0 -3.5 0 0.684218 -0.260058 0.681333
35.197 57.7892 38.6172 -0.179603 0 -3.5 0 -0.56486 0.687115 -0.456952
51.1353 50.258 33.1253 -0.95226 -0.0165624 1.8 0 -0.653044 0.713595 0.253604
42.5197 23.153 47.7185 0.291927 0 -4.5 0 0.230066 -0.835869 -0.49839
24.9189 36.1869 55.815 0.393441 0 1.9 0 -0.237254 -0.106515 0.965591
27.6655 47.9053 50.9777 -0.0788756 0 -3.5 0 -0.663991 -0.239342 0.708401
66.5368 43.033 43.8737 0.0658157 0 -0.8 0 0.467309 -0.25474 0.846599
28.712 28.4615 51.621 -1.08501 -0.0612374 -3.5 0 -0.564053 0.184326 0.804903
24.6693 57.5938 41.8978 -0.451454 0 -3.5 0 0.322197 0.809028 -0.491592
37.849 29.4303 54.7028 0.41872 0 -3.5 0 -0.648733 0.742843 -0.165319
40.8605 55.0658 37.915 -0.556706 -0.120938 -3.5 0 0.434326 0.882455 -0.180648
20.2095 40.377 30.6737 -0.525434 0 1.8 0 0.180485 -0.0540545 0.982091
51.7295 26.5455 41.954 -0.06325 0 -0.8 0 -0.318973 -0.789357 0.524568
28.4977 35.9789 53.6864 -1.2005 0 1.9 0 0.908991 -0.267163 0.319936
64.7345 25.6635 30.6275 -1.6323 -0.761908 -3.5 0 0.703816 0.130597 -0.698275
29.9855 49.454 26.16 -0.837605 -0.919475 -0.7 0 0.0637792 0.282975 -0.957004
19.1497 24.765 45.812 0.0903956 0.70389 -4.5 0 -0.931894 0.316435 0.177322
42.565 40.7125 51.5575 0.513124 0 -3.5 0 0.771167 0.618926 -0.149104
27.748 26.383 50.282 -0.2379 0 -3.5 0 -0.712099 -0.259948 0.652183
27.7033 38.0575 56.55 0.59245 0 1.9 0 0.344453 0.0824595 0.935175
27.1525 26.76 49.2725 -0.808321 0 -3.5 0 -0.847524 -0.0876858 0.523464
62.0575 29.258 27.9765 -0.230046 0 -3.5 0 0.866235 0.165584 -0.4714
66.4835 31.703 30.2225 -0.209882 0 -0.7 0 0.521314 0.202463 -0.829
58.4235 26.827 42.2267 0.0616537 0 3.8 0 -0.448598 -0.0480076 0.892443
21.005 56.347 49.819 -1.41744 -0.273753 -3.5 0 -0.944355 0.122678 -0.305196
25.7763 23.7332 40.347 0.669643 0 -3.5 0 -0.110013 0.0517698 0.992581
53.6113 25.1998 40.791 -0.0582214 0 -0.8 0 0.0500747 -0.99833 0.0288002
22.3717 28.675 25.2895 -0.187244 0 2.8 0 -0.554741 -0.308748 -0.772617
56.3732 47.6113 32.4002 -0.305033 0 3.8 0 0.525902 0.610643 -0.592066
27.913 41.123 22.124 -0.581903 0 3.8 0 -0.264238 0.155651 -0.951815
21.2194 35.5471 49.7315 -0.115923 0 4.2 0 -0.99357 -0.0906718 -0.0678095
37.6978 24.1175 44.3778 0.119867 0.686656 -3.5 0 0.297931 -0.954272 -0.0245359
30.962 46.5375 22.916 0.164583 0.397123 -3.5 0 -0.385267 0.581119 -0.716847
50.615 48.1135 30.7575 -0.128583 0 -0.7 0 0.0688214 0.935775 -0.345818
31.464 26.8285 27.1335 -0.41704 0 -1.3 0 0.148484 -0.508087 -0.848411
13.785 32.1353 28.465 -0.627128 0 -3.5 0 -0.339996 -0.93832 -0.0629222
23.2983 24.2952 26.5678 -1.84573 -0.94424 2.8 0 0.129245 -0.616305 -0.776829
27.8526 27.2521 25.0518 -3.2659 0 -1.6 0 0.848334 -0.418719 -0.324042
50.6217 29.02 35.9905 -0.0153712 0 1.8 0 -0.722048 -0.647288 -0.244263
45.753 50.073 35.6113 0.351485 0 -0.765347 0 0.0441564 0.959812 -0.277148
38.9198 23.8503 46.5062 -0.336018 -0.0443156 -4.5 0 0.28635 -0.553737 -0.781907
42.125 28.803 56.0625 -0.69243 -0.0383454 -3.5 0 0.929627 0.148781 0.337132
31.9223 33.3155 19.2605 0.200591 0 -3.9 0 -0.255258 -0.00138842 -0.966872
25.8487 54.84 36.1505 -0.467254 -0.266108 1.40012 0 0.730438 0.651154 -0.206056
56.4058 48.6312 32.858 -0.133013 0 2.79307 0 0.573976 0.358209 -0.736368
19.913 26.709 35.122 -1.35134 -0.325613 -0.4 0 -0.928583 -0.219849 -0.298998
36.823 49.4868 28.445 0.42114 0 4.2 0 0.645241 0.535355 -0.545031
35.252 34.7955 23.0215 0.628118 -0.593094 4.00882 0 0.51906 -0.744099 0.420586
20.141 27.593 34.426 -1.2496 0 -0.4 0 -0.805266 0.0991183 -0.584569
52.195 29.344 44.446 0.35254 0 4.5 0 0.386028 -0.555972 0.736124
54.423 40.3322 24.049 -0.175069 0 -0.7 0 -0.7375 0.387663 -0.553002
34.2035 51.0105 49.854 1.81499 0.1481 -3.9 0 -0.218376 0.0184611 0.97569
65.0273 35.5588 46.8553 -0.119465 0 -0.7 0 0.470792 0.402294 0.785184
38.812 25.7515 30.661 1.09287 0.294643 -3.9 0 0.0444732 0.487611 -0.871928
18.141 38.348 26.182 -0.26785 -0.0454071 -4.5 0 -0.965662 -0.119559 -0.230656
34.0385 47.3075 50.478 0.200755 0 -3.9 0 0.196005 0.128764 0.972112
54.4085 47.8973 42.0348 -0.0751912 0 -0.7 0 -0.625962 -0.219861 0.748219
64.181 36.1555 46.851 -0.662707 -0.397646 -0.7 0 0.513957 0.460968 0.723433
57.7685 30.9867 27.8503 -2.22562 -0.821529 -3.5 0 -0.927382 0.315177 -0.201558
65.179 49.217 43.735 -1.13035 -0.376098 -3.5 0 0.785207 0.445453 -0.430141
63.8623 25.6699 35.607 -0.0172124 0 -3.5 0 0.686626 -0.238323 0.686838
34.9295 42.0955 22.4165 -1.13666 -0.547966 -3.5 0 0.230693 -0.553071 -0.800558
47.8192 36.2658 55.8418 -1.53699 0 -3.5 0 0.252398 -0.596448 0.761935
50.7375 32.6825 47.8625 0.688937 0 3.8 0 -0.102497 -0.898103 0.427674
31.6305 30.0872 21.8107 -1.23346 0 -3.9 0 0.547547 -0.660911 -0.513215
59.4082 39.4383 24.1265 -0.189406 0 3.8 0 -0.245534 -0.798075 -0.550263
22.886 26.651 30.4905 -1.55962 -0.881286 -1.06009 0 -0.691696 -0.209781 0.691049
65.56 48.5365 38.804 -0.332876 0 -3.5 0 0.360657 0.929835 0.0730335
22.195 37.87 54.455 0.240976 0 1.9 0 -0.844966 -0.0879879 0.527532
31.1232 58.1838 49.071 -1.76138 -0.26656 -3.5 0 0.360425 0.488426 0.794691
32.1945 44.3125 21.9587 -0.610134 -0.0110717 -0.0967876 0 -0.0545173 0.460929 -0.885761
60.496 52.7306 38.6385 0.299835 0 -3.5 0 -0.0890984 0.680846 0.726987
39.295 21.956 30.36 2.19092 0.130217 -3.9 0 0.189245 -0.963526 -0.189218
34.2455 54.2365 29.2393 -0.0978452 0 -3.5 0 0.802554 0.581735 -0.132256
62.4515 34.087 46.952 -0.0299173 0 -0.7 0 -0.698229 -0.430847 0.571705
61.0628 36.453 46.4995 0.318865 -0.645328 -0.7 0 -0.12908 -0.167788 0.977336
14.4555 31.8853 29.318 -1.01032 -0.29503 -3.5 0 -0.500711 -0.865498 -0.0141635
48.8365 29.3465 38.057 -0.303251 -0.252893 1.8 0 0.0658283 -0.608228 -0.791028
16.987 30.4745 29.6065 -0.661425 -0.0671161 2.06403 0 -0.304185 -0.916408 0.260133
37.6237 40.5705 49.9183 0.957807 0.368524 2.5 0 -0.491984 -0.438818 0.751924
50.9815 43.9427 48.005 0.349819 0 -3.5 0 -0.812003 0.412516 0.412895
22.644 50.1022 42.838 -0.103605 0 -3.9 0 -0.526245 -0.385201 -0.75808
48.6675 42.6945 27.3172 0.496588 0.0156153 1.53483 0 -0.395209 0.573372 -0.717673
44.5418 52.4603 49.16 0.68218 0 -3.9 0 -0.274806 -0.744221 0.608783
19.704 36.992 36.9525 0.633341 0 -4.5 0 -0.428434 0.898964 0.0911451
41.9588 29.6625 54.997 -0.390261 0 -3.5 0 0.924267 0.355279 0.139671
62.894 25.38 36.1077 -0.00165552 0 -3.5 0 0.162416 -0.545336 0.822332
24.693 31.643 22.143 -0.192478 0 -1.6 0 -0.612589 0.425877 -0.665856
20.6045 45.968 53.0088 -1.21895 -0.318994 -3.5 0 -0.847358 -0.0689618 0.526525
32.7415 39.518 22.3875 0.150716 0 3.8 0 0.323537 0.16977 -0.930861
21.1257 27.8871 33.7924 -1.48227 -0.780168 -0.4 0 -0.480205 -0.136117 -0.866531
34.8505 27.8185 50.6515 -0.293847 0 0.93197 0 -0.657461 -0.194267 0.728015
26.7022 53.4487 50.8797 0.299654 0.0733496 -3.5 0 0.00459822 -0.229907 0.973202
37.7262 29.9942 24.3205 2.43605 0.0631406 -3.9 0 0.0656173 -0.274409 -0.959372
42.562 28.0135 55.548 -1.00654 -0.757252 -3.5 0 0.774637 0.370775 0.512312
53.5515 31.119 44.8415 0.409543 0 4.5 0 0.345737 -0.504963 0.790872
20.796 47.0407 45.8773 -0.726893 -0.334966 -3.69445 0 -0.242881 -0.619412 -0.74655
42.003 37.792 26.648 -0.842281 0 -3.5 0 0.884702 -0.0974101 -0.455866
46.183 38.2595 29.9575 -0.754791 -0.496282 -3.5 0 -0.968405 -0.204519 0.142698
22.4265 25.2965 29.736 -1.05875 0 2.8 0 -0.333426 -0.540222 0.77265
24.5427 41.5747 31.6947 -0.445651 -0.0985383 3.8 0 -0.953223 -0.166865 0.252037
57.2687 29.2195 41.2072 0.237551 -0.0588353 3.8 0 0.195911 -0.211261 0.957595
24.9618 39.1152 55.3527 0.182371 0 1.9 0 -0.443556 0.313231 0.839729
36.357 34.521 22.0215 1.17608 0.837317 -3.9 0 0.738835 -0.56403 0.368773
40.1273 30.854 53.867 0.209503 0 -0.9 0 -0.239424 0.718715 0.652783
35.672 47.68 25.0135 -0.168085 0 4.2 0 0.835096 0.302561 -0.459425
47.302 43.2837 40.961 0.467379 0 1.22781 0 0.23197 0.964851 -0.123498
43.839 36.107 55.019 -0.20075 0 -3.5 0 -0.190835 -0.581071 0.791163
26.848 52.2195 29.868 -0.343418 0 -1.3 0 -0.586697 0.672786 -0.450717
65.8265 31.7435 38.9995 0.247378 0 -3.9 0 0.483022 -0.441024 0.756431
21.8365 24.8083 34.0967 -0.373429 0 -3.9 0 -0.687263 0.0496403 -0.724711
35.1642 44.46 50.4067 -0.42632 0 4.5 0 0.521698 0.404133 0.751337
39.5303 44.0283 51.6055 -0.26939 0 2.5 0 -0.573791 0.29335 0.764663
17.756 44.9582 37.5832 -0.0946548 0 -3.9 0 -0.522068 -0.13085 0.842807
46.423 55.854 49.999 2.79743 0 -3.9 0 0.444848 0.495518 0.746038
38.382 23.953 43.66 0.137068 0.452661 -3.5 0 0.269671 -0.952188 0.143579
24.7755 34.237 53.105 0.0859782 0 1.9 0 -0.522038 -0.714755 0.465404
55.847 24.834 35.332 -0.0219487 0 1.8 0 -0.543329 -0.835892 0.077959
47.8945 23.906 38.307 3.003 0.0299432 -3.9 0 0.703613 -0.513668 -0.490992
31.5818 53.062 44.0247 -0.805032 0 4.5 0 0.230475 0.910597 -0.343066
58.121 28.3167 31.3013 -0.620491 0 -3.5 0 -0.925655 -0.377215 0.029528
47.602 42.5175 27.4 0.631884 0.343642 -3.5 0 0.112259 0.634693 -0.764567
44.425 42.556 25.434 0.491862 0.0544531 -3.5 0 -0.115509 0.356617 -0.927082
16.5583 37.865 32.1792 -0.0563753 0 1.8 0 -0.961507 0.19174 0.196823
17.143 35.8305 34.99 -0.0990319 0 -4.5 0 -0.692555 0.721181 0.0162747
61.8727 48.5265 37.8045 -0.281298 0 -3.5 0 0.329123 0.0721922 -0.941524
45.754 36.9155 33.281 -1.27139 -0.0740254 -3.5 0 -0.709907 -0.366627 -0.601346
30.9155 55.103 32.394 -0.944545 -0.0305449 -1.41342 0 0.20815 0.856524 0.472271
43.7977 47.3652 25.5775 0.391123 0 1.9 0 0.497645 0.597069 -0.629173
27.458 25.683 32.2845 -0.0883181 0.027219 -1.53499 0 -0.610955 -0.777271 -0.150279
53.6647 48.583 42.0895 -0.237363 -0.416475 -3.5 0 -0.45231 -0.462528 0.762551
19.6143 27.7362 40.764 -1.12163 -0.880611 -4.5 0 -0.806757 -0.0669642 0.587077
52.0655 38.6765 26.13 -0.163771 0.00254262 -3.4052 0 -0.277268 0.0239197 -0.960495
68.6045 40.0542 38.9665 -1.17294 -0.699553 -0.4 0 0.85309 0.50529 -0.130072
29.52 21.647 36.438 -0.224171 0.334144 -3.5 0 0.535887 -0.730074 -0.424049
44.333 39.4912 36.5978 1.71001 0 -3.9 0 -0.192926 -0.285772 -0.938677
35.8435 19.8915 49.1297 -1.24529 -0.620841 2.5 0 0.257477 -0.960421 -0.106291
21.594 39.909 29.803 6.21805 0 2.80291 0 0.00898677 -0.351684 0.936076
20.784 37.1105 51.4435 -5.25344 -0.263966 1.9 0 -0.986958 0.0968099 -0.128618
56.32 50.475 32.4685 -0.0107182 0 1.8 0 0.72043 0.27184 -0.638031
60.721 42.8802 30.443 -0.404526 0 3.8 0 -0.196548 0.829137 -0.523355
30.3765 50.3172 50.5243 0.653149 0.0946049 -3.5 0 0.678056 -0.0293395 0.734425
38.253 39.4723 23.178 -0.102087 0 4.2 0 0.863388 0.10469 -0.49356
51.932 43.9437 44.241 0.259434 0 1.9 0 -0.221467 0.970124 -0.0990579
23.641 25.0818 44.6908 0.0678933 0 -4.44935 0 0.914749 0.0753536 -0.396932
23.5496 44.0396 55.034 -0.274114 0 -0.4 0 -0.221543 0.313849 0.923265
33.3825 17.303 45.508 0.427316 0 -4.5 0 0.221733 -0.51945 0.825231
34.342 25.3725 30.5882 0.168542 0 0.938865 0 0.778533 -0.523799 -0.345718
17.2589 43.8761 34.8496 0.057411 0 -3.9 0 -0.632532 -0.652271 -0.417667
30.2275 59.808 46.9785 -1.28575 -0.00217721 -3.5 0 0.23348 0.75309 -0.615096
27.752 27.645 39.2202 -2.97837 0 -0.4 0 -0.931852 0.352626 0.0854764
34.0298 33.4075 53.2195 0.176543 0 -1.6 0 -0.704831 0.0880845 0.703886
31.292 42.5875 49.7465 -0.499018 0 1.79867 0 -0.210342 -0.678364 0.703973
53.0923 47.4302 41.474 -0.154405 0 -2.23747 0 -0.250336 -0.180318 0.951219
22.616 55.153 39.386 -0.572169 0 1.8 0 -0.429958 0.893826 -0.127319
38.2555 39.051 52.43 -1.31572 -0.0171954 -3.5 0 -0.859601 -0.112249 0.498484
42.935 29.3695 52.702 0.142287 0.0261543 -1.07661 0 0.915575 0.239747 0.322868
24.5998 50.958 31.4625 -0.451726 -0.856453 -1.3 0 -0.0892921 0.0733525 -0.993301
60.313 30.6285 28.9745 -1.11886 0 -3.5 0 0.642326 0.590013 -0.489185
41.853 38.98 26.182 -0.362905 0 -3.5 0 0.733708 -0.11355 -0.669909
35.507 24.7805 34.4478 -0.769663 -0.163779 4.2 0 0.160687 -0.984408 -0.0715635
23.0632 41.4339 34.512 0.967472 0 2.8 0 -0.606931 -0.402128 -0.685513
23.5455 37.9717 43.4108 -1.21675 0 -1.82431 0 -0.563159 0.34235 0.752096
54.58 43.3105 29.3305 -0.199899 0 1.8 0 -0.116869 0.556222 -0.822775
31.0053 43.6488 21.1677 -0.326623 0 3.8 0 0.378954 0.157059 -0.91199
67.2753 41.362 40.8025 0.456487 0 3.8 0 0.971429 0.0573091 0.230307
27.5245 30.237 39.358 -2.71938 0 2.14019 0 -0.543885 -0.801409 -0.248863
23.31 55.8327 41.0125 -0.432363 0 -3.5 0 -0.674204 0.606119 -0.421982
40.5755 43.7865 25.3935 -0.993829 -0.225281 1.9 0 0.0817144 0.197168 -0.976958
32.728 47.1333 50.4705 0.167854 0 -3.9 0 0.200531 0.200056 0.959044
44.1155 40.3005 52.783 1.00127 0.816394 -3.5 0 0.550902 0.825295 -0.124075
50.826 47.5285 28.518 -0.109162 0 -0.7 0 0.340097 0.650318 -0.67928
24.6413 54.3592 32.3085 -0.918761 -0.612261 -0.4 0 0.3904 0.363313 -0.845927
20.2165 42.4345 21.7083 -0.0255181 0 -4.5 0 -0.57166 0.503338 -0.647963
20.8455 21.114 34.218 0.621501 0 -3.9 0 -0.997384 -0.0655105 -0.0305612
67.9335 47.1068 38.9562 -1.45079 -0.00482438 -3.5 0 0.638102 0.579125 0.507386
51.9375 47.6185 41.1325 -0.257058 0 -3.23217 0 -0.208352 -0.268415 0.940501
29.2255 40.7025 57.4265 1.32974 0.212846 -3.9 0 0.648732 -0.598507 0.470039
14.496 32.3265 30.469 -0.727513 -0.811547 -3.5 0 -0.577339 -0.543278 0.609532
60.0405 32.945 29.288 -0.637959 0 4.2 0 0.572298 -0.540466 -0.616742
46.5165 24.969 36.9705 0.387532 0 -3.9 0 0.274319 -0.310062 -0.91028
37.4795 29.6785 55.6845 -0.236399 0 -3.5 0 -0.520543 0.807649 -0.277014
65.8405 33.6372 33.3565 0.248701 0.080325 -1.75443 0 0.772402 0.588344 0.239263
38.1712 45.0358 30 0.333372 0.213156 -2.2669 0 -0.0901096 0.191536 -0.97734
22.162 24.5 26.571 -1.56803 -0.811194 2.8 0 -0.282216 -0.482184 -0.829369
49.0535 51.0515 42.489 0.568572 0.459957 -4.5 0 0.347746 0.451406 0.82177
29.826 40.1455 22.022 -0.418005 0 3.8 0 -0.0039731 -0.192707 -0.981248
44.017 40.228 30.802 -0.0903615 0 -0.4 0 0.161402 -0.91065 -0.38035
25.1572 55.939 46.7327 -1.39135 0 -3.5 0 0.114839 0.752742 0.648222
44.3825 36.5853 55.79 -0.0986755 0 -3.5 0 -0.339331 -0.387331 0.857222
38.5695 19.67 53.449 0.346373 0 2.5 0 -0.372059 -0.746789 0.551252
23.2725 53.3005 46.2035 -0.641123 0 -3.60163 0 -0.843943 0.474079 0.251019
67.9037 45.4845 42.2375 -0.285135 0 -0.8 0 0.811779 0.555492 0.18012
28.493 39.606 21.6155 -1.31189 -0.103283 -3.5 0 0.318862 0.0948643 -0.943042
20.397 41.5305 49.546 -2.01263 -0.349576 -3.5 0 -0.768741 -0.365588 0.524769
65.162 41.151 26.452 -0.784903 -0.283421 3.8 0 0.695043 0.440964 -0.567861
35.2465 55.093 49.6285 -0.941559 -0.657673 -1.6 0 -0.156613 0.142511 0.977324
64.373 37.9125 36.46 0.0933026 -0.0463073 3.96278 0 0.540838 -0.0157987 -0.840978
26.0025 26.831 22.984 0.803535 0 -1.6 0 -0.0654737 -0.85171 -0.519907
20.805 35.105 24.531 -0.410983 0 0.272536 0 -0.640421 0.173213 -0.748236
30.1658 18.6812 42.075 0.587581 0.440327 -4.5 0 -0.466353 0.761412 -0.450296
33.0515 25.994 49.7275 -0.590319 0 1.8 0 -0.222602 0.367818 0.902861
38.6587 57.1445 42.8 -0.327478 -0.024436 -2.65869 0 0.772602 0.590987 0.231992
40.79 22.231 50.713 -0.037931 0 1.9496 0 0.739998 -0.573655 -0.351174
44.3645 45.178 48.487 0.85338 0.640306 -3.5 0 0.839428 0.483357 0.248448
35.117 20.2558 49.7738 -1.16018 -0.0831797 2.5 0 -0.52867 -0.703627 0.474781
38.3475 30.0435 53.748 0.332342 0 -1.87262 0 -0.659366 0.627217 0.414531
44.5547 23.0117 48.3368 0.442585 0 -4.5 0 0.232033 -0.940254 -0.249164
59.2593 24.935 41.1565 0.0138549 0 3.8 0 -0.144208 -0.893637 0.424991
61.2955 43.3582 37.2352 -0.081372 0 3.8 0 0.331222 0.584322 -0.740851
46.5257 50.847 33.3145 0.36743 0 1.8 0 -0.155729 0.986338 0.0537191
36.56 24.049 40.7615 -1.00195 -0.589818 -3.5 0 -0.714777 -0.42411 -0.55608
15.932 46.9222 34.021 1.30987 0.0212633 -3.9 0 -0.677864 -0.253273 -0.690183
21.209 21.149 42.171 0.314963 0 -4.5 0 -0.342156 -0.939398 -0.0214799
39.2175 21.2045 48.605 -0.141804 0 2.5 0 0.500875 -0.572417 -0.649202
64.0583 44.9287 30.6068 -0.177926 0 3.8 0 0.359976 0.902664 -0.23583
37.2168 57.5825 46.5363 0.041644 0 -1.6 0 -0.154776 0.967962 0.19772
52.332 47.0385 49.073 -1.44041 -0.604416 -3.5 0 -0.0188002 0.979647 0.199847
34.155 43.0065 21.052 -1.59958 -0.0702348 -3.5 0 0.0367409 -0.382679 -0.92315
23.844 54.5245 52.826 -1.40007 -0.0630911 -3.5 0 0.0288411 -0.40941 0.911895
44.279 30.5125 34.173 -1.20999 -0.0678431 -3.9 0 -0.00747427 -0.253673 -0.967261
42.9 43.1485 55.735 -1.3078 -0.146994 -3.5 0 0.024722 0.931739 0.362286
60.7255 33.7275 26.0515 -0.315358 0 4.2 0 0.469963 -0.815225 -0.338441
49.1833 43.9188 27.6195 0.359211 0 -0.581879 0 -0.340153 0.370472 -0.864319
19.3878 46.0532 50.6572 -0.451181 0 -3.5 0 -0.872667 -0.194084 0.448088
19.536 43.5225 33.895 1.00856 0 -3.9 0 0.175339 -0.501989 -0.846914
28.906 36.887 52.49 -0.368076 0 1.84826 0 0.875412 -0.00640083 0.483335
36.149 36.2713 20.073 2.13346 0.103489 -3.9 0 0.785824 0.377812 -0.489632
21.4207 42.4772 40.587 -1.05849 0 1.50797 0 -0.804392 0.361466 0.471483
15.1228 48.5122 36.7465 0.699262 0 -3.9 0 -0.733522 0.404598 0.546119
42.1992 31.71 34.1032 -0.0805666 0 -4.5 0 0.388964 -0.290329 -0.874309
40.642 44.848 51.654 -0.0750018 0 2.5 0 -0.0351482 0.644028 0.764194
28.661 45.0475 23.8635 -0.320732 0 0.561523 0 -0.51089 0.76367 -0.394713
61.0635 53.517 37.927 -0.156186 0 -3.5 0 0.0189491 0.818623 0.574019
43.2515 30.2635 51.914 0.566907 0.00319933 -0.9 0 0.853369 0.0727646 0.516203
31.5395 54.7332 40.4277 -1.48352 0 -0.8 0 -0.0549564 0.737405 0.673211
12.316 32.5355 26.7575 -1.6497 -0.575438 -3.5 0 0.166835 -0.758227 -0.630284
25.992 31.662 53.093 -1.24469 -0.957566 -0.8 0 -0.404397 -0.349488 0.845175
33.3555 24.961 28.192 -0.936069 -0.0817448 -1.3 0 0.569201 -0.247621 -0.784024
21.393 56.498 51.341 -1.20629 -0.860181 -3.5 0 -0.704155 0.37329 0.604004
39.0295 48.0395 47.5165 0.965983 0.209039 -3.5 0 0.0555151 -0.498694 0.864999
32.27 22.06 37.062 -0.0925183 0 2.5 0 0.428582 -0.486628 -0.761256
22.167 20.24 32.0065 2.92471 0.0441521 -3.9 0 -0.338076 -0.246652 -0.908222
58.6115 43.8042 45.0005 0.417205 0 4.35005 0 -0.723281 0.462795 0.512528
25.941 29.154 44.2808 -0.969873 -0.0208267 3.8 0 0.259287 -0.792139 -0.552526
23.74 21.2838 37.0148 -0.22811 -0.0618289 -3.70348 0 -0.868605 0.113883 0.482241
18.6895 30.779 44.793 -0.0279015 0 -3.9 0 -0.976984 -0.202757 -0.0662713
23.3935 49.3445 38.6235 0.154145 0 3.30207 0 -0.660847 -0.214693 0.719158
60.1685 29.9198 26.849 -1.3787 -0.282944 -3.5 0 0.496563 0.254377 -0.82989
54.052 32.1548 28.6577 -0.241957 0 3.8 0 0.23066 -0.857356 -0.460149
38.152 29.1537 24.9158 1.09142 0.816471 -3.9 0 0.275801 -0.837141 -0.472365
34.702 33.9487 24.547 -0.987824 -0.176522 4.2 0 0.88974 -0.200812 -0.409923
50.2615 29.534 36.968 -0.256911 -0.353822 1.8 0 -0.666489 -0.71523 -0.210328
67.1355 32.268 35.4335 2.0432 0.137099 -3.9 0 0.843165 -0.333387 -0.421812
59.8683 39.2835 48.601 0.139262 0 -3.9 0 0.652992 -0.497665 0.570904
37.477 59.063 40.396 -0.724149 0 -3.5 0 0.196021 0.8907 -0.410159
44.192 51.3242 36.411 0.636063 0.239666 -2.07956 0 0.538689 0.140561 -0.830697
54.882 36.1797 47.2593 0.0614339 0 1.97762 0 0.479468 -0.406423 0.777772
50.9642 44.4115 46.9507 0.103362 0 -3.5 0 -0.853104 0.51117 0.104496
33.2743 17.291 42.312 0.467269 0 -4.5 0 0.639617 -0.0282875 -0.768173
61.4318 49.7923 37.2205 -0.220509 -0.00918687 -3.5 0 0.414085 -0.491767 -0.765963
16.7603 35.2233 32.6312 -0.0566325 0 1.8 0 -0.84956 0.368939 0.377003
55.0445 38.736 49.9305 0.234252 0 -3.5 0 0.836467 -0.390065 0.384931
50.9953 26.9767 42.6657 -1.23908 -0.823053 -0.8 0 -0.544826 -0.798078 0.257364
24.8215 20 38.5625 -1.18332 0 -3.5 0 -0.474752 -0.683346 0.554661
41.1855 23.1675 51.534 0.0766978 0 -3.60314 0 0.781371 0.381408 0.49395
30.621 55.7988 51.6662 -0.148913 0 -0.8 0 0.278489 0.597252 0.752153
18.825 53.8387 30.0557 0.196105 0.695871 -3.5 0 -0.320766 0.658593 -0.680709
27.569 34.7095 53.8485 -0.719638 0 1.45398 0 0.601844 -0.438481 0.667472
29.6025 43.0737 55.5988 1.029 0.335008 -3.9 0 0.86496 0.463902 -0.191414
64.9857 34.793 35.755 1.4647 0.0207879 -3.9 0 0.454646 0.536376 -0.711054
18.7575 49.7687 31.7712 0.146286 0 -3.5 0 -0.632265 -0.485197 -0.604007
39.1945 50.558 48.8535 0.644785 0.248253 -3.5 0 -0.0531287 -0.231056 0.971489
53.1985 38.1465 52.778 -1.09495 -0.630614 -3.5 0 0.720793 0.122947 0.682159
18.838 54.1177 31.1025 0.159289 0.600732 -3.5 0 -0.312195 0.949878 0.0162814
28.4443 54.3085 30.3057 -0.951186 -0.242628 -2.42367 0 -0.751654 0.65949 0.00944402
68.69 39.0913 38.2132 -1.31795 -0.0094925 -0.4 0 0.730166 -0.00958563 -0.683202
32.7945 14.9782 44.3895 0.372121 0 -4.5 0 0.21545 -0.560022 0.799973
22.617 48.491 50.4707 -0.438796 0 -3.5 0 0.0836853 0.921053 0.38034
43.763 40.0558 27.681 -0.820541 0 -3.5 0 -0.00530536 -0.979895 -0.199444
41.2578 38.736 55.673 -1.07809 -0.881655 -3.5 0 -0.664333 -0.443732 0.601468
47.124 53.8265 47.364 0.643234 0 -3.9 0 0.961041 -0.100137 -0.257629
33.1 27.064 49.207 -0.779279 0 1.8 0 -0.168151 0.0768958 0.982758
18.8685 42.2578 38.675 -1.24108 -0.0760866 -3.9 0 -0.721516 -0.42146 0.54935
23.4476 42.4301 33.6269 2.24687 0 2.8 0 -0.699047 -0.322586 -0.638179
67.2665 29.7085 32.8295 -0.0792766 0 -0.7 0 0.754344 -0.550469 0.3577
23.3878 50.9757 47.5165 -0.423 0 -3.69131 0 -0.0418386 -0.290759 0.955881
18.193 42.725 36.793 -0.557529 0 -3.9 0 -0.713244 -0.697741 0.0666378
67.871 32.83 38.1232 1.26855 0.712643 -3.9 0 0.795774 -0.258248 0.54777
40.4485 45.1175 48.4427 0.580471 0 -0.877289 0 -0.370979 0.878474 0.301093
39.671 19.8757 54.055 0.279694 0 2.5 0 0.22696 -0.446845 0.865343
45.736 54.0448 50.777 1.2844 0.857875 -3.9 0 0.21915 -0.406682 0.886895
39.8887 30.6553 56.4793 2.72446 0 -3.5 0 -0.215946 0.913239 0.345489
30.974 26.836 50.399 -0.636116 0 -3.5 0 0.822591 -0.114484 0.556989
25.2192 27.2025 37.792 -3.36893 -0.254044 -3.76669 0 0.342695 0.481656 0.806578
18.2225 31.054 34.1562 -0.24147 0 1.09576 0 -0.734675 -0.539765 -0.410982
22.9727 44.8995 40.4967 -0.535484 -0.107161 2.34418 0 -0.799401 0.462158 0.383887
18.7733 28.2892 39.9227 -0.402224 -0.075031 -0.798845 0 -0.764971 -0.386039 0.515552
47.173 27.2915 49.051 0.442937 0 -4.5 0 0.897559 -0.061456 0.436591
31.2295 34.5985 19.668 0.0321367 0 -3.9 0 -0.473155 0.558645 -0.681205
30.067 55.8855 28.4783 -1.73816 0 -3.5 0 -0.0793728 0.921709 -0.379674
43.1283 38.4485 36.2762 1.05312 0.878046 -4.5 0 0.325484 0.073997 -0.942648
58.9588 26.2847 36.2687 -0.203169 0 -1.82258 0 0.109788 -0.924973 0.363828
26.4415 22.0015 40.004 0.240962 0 -3.5 0 -0.356813 -0.509124 0.783247
44.4675 39.739 33.8525 0.370377 0 -2.24039 0 -0.35667 -0.831172 0.426545
24.403 51.06 47.638 -0.517326 0 -3.5 0 -0.487924 -0.37433 0.788548
38.566 44.02 26.0312 -0.0595289 -0.0616567 1.9 0 0.113532 0.966014 -0.232223
20.0205 52.1965 35.732 -0.35208 -0.440229 -0.89216 0 -0.888363 0.100872 0.447924
55.4243 42.8835 45.6235 -0.247091 0 -3.5 0 0.363354 0.912723 0.186846
24.55 27.871 48.899 -2.069 -0.835582 -3.5 0 0.515908 -0.72309 0.459327
41.4425 29.0058 57.1878 -0.344884 0 -3.5 0 0.507502 -0.0210123 0.861394
28.758 49.666 51.8505 0.426674 0.0529232 -3.5 0 -0.100138 0.559161 0.822989
56.2928 34.2282 28.4743 -0.29815 0 4.16933 0 -0.297765 -0.684167 -0.665772
54.5325 41.4125 26.9335 -0.332459 0 1.46918 0 0.0621133 0.798848 -0.598317
17.8955 35.086 27.0755 -0.0135794 -0.279827 -3.40954 0 -0.639103 0.157686 -0.752783
60.276 24.775 40.5565 -0.00982367 0 3.8 0 0.353956 -0.935175 -0.0127531
23.6675 40.5083 34.712 0.893445 0 2.8 0 -0.550988 -0.443139 -0.707135
40.64 22.0585 32.603 0.440102 0 -3.9 0 0.427394 -0.891211 0.151912
22.17 42.149 53.13 -2.62637 0 -0.4 0 -0.966055 -0.25137 -0.0595912
57.8325 32.8747 44.1717 0.190246 0 2.34177 0 0.29359 -0.649605 0.701298
64.935 50.1395 46.1115 -1.06476 -0.319073 -3.5 0 0.439471 0.550051 0.710147
52.3913 46.768 47.7616 -1.71445 -0.349752 -3.5 0 -0.0728845 0.980239 -0.183902
48.032 28.0605 44.6425 0.46104 0 3.8 0 0.173599 -0.958595 -0.22574
43.229 39.5378 36.2895 1.14108 0.104394 -1.99612 0 0.462337 -0.444278 -0.767373
29.181 42.454 20.5555 -0.300444 0 3.8 0 -0.262165 -0.217219 -0.940258
29.221 33.907 52.248 -0.0981386 -0.10453 -0.8 0 0.69171 0.0350528 0.721324
53.384 41.7785 27.007 -0.17094 0 1.8 0 0.396549 0.610346 -0.685731
47.286 33.911 48.5525 3.97296 0 3.8 0 -0.600083 -0.697011 0.392525
38.0635 23.6842 39.815 -0.00261113 -0.170962 -2.53515 0 -0.687966 -0.648223 -0.326359
23.6397 55.72 37.6423 0.547106 -0.0204472 -0.499482 0 -0.261055 0.965307 0.00576082
28.6138 37.3507 21.5185 -0.863858 -0.015606 -3.5 0 0.343819 0.070952 -0.936352
35.8175 32.7625 53.7575 0.10016 0 -1.6 0 0.368668 -0.234762 0.899428
58.651 33.7873 26.4757 -0.296731 0 4.2 0 -0.228135 -0.671472 -0.705038
27.3665 43.742 54.826 0.4797 0 -3.9 0 0.0365095 0.981171 0.189656
27.668 51.982 27.2735 -0.424723 0 -0.7 0 -0.539685 0.537223 -0.648175
43.2388 55.3908 48.4135 0.970125 0.362978 -3.9 0 -0.797318 0.372588 0.474829
39.216 29.9848 30.895 0.227984 0.287742 -4.22629 0 0.89023 -0.421526 -0.172646
58.026 30.952 26.7485 -1.6028 -0.596588 -3.5 0 -0.571407 0.332813 -0.750153
19.018 54.1022 32.972 -1.43214 -0.841579 -3.5 0 -0.435529 0.899765 -0.0271662
20.1073 37.0762 24.36 -0.906597 0 -4.5 0 -0.262075 -0.28645 -0.921554
18.515 50.6255 47.331 2.47812 0.0493455 -3.9 0 -0.683018 0.388459 0.618536
42.5967 44.0583 50.4632 1.01819 0 2.5 0 0.776437 0.320915 0.542364
19.511 48.47 44.6743 0.840729 0 -3.9 0 -0.55343 -0.649977 -0.520812
20.5508 43.503 49.6025 -1.79334 -0.354519 -3.5 0 -0.84692 -0.263055 0.462092
26.6553 53.8565 33.9442 -0.74774 0 -0.724136 0 0.0491412 0.990493 -0.128486
38.298 21.9575 30.612 2.59018 0 -3.9 0 -0.24602 -0.969217 0.00963685
18.6332 30.6695 40.7557 -0.313985 0 -0.714505 0 -0.692088 0.587129 0.419874
58.4588 42.9243 23.8145 -0.110751 0 3.8 0 -0.612861 0.64315 -0.459086
38.2 57.3325 46.934 0.0558218 0 -1.6 0 0.414748 0.840756 0.348015
57.1475 31.0688 29.9653 -0.601382 0 3.8 0 -0.820671 0.138572 -0.554344
64.4735 41.0742 43.6665 -0.169193 -0.80383 3.8 0 0.361175 -0.582579 0.728117
47.6468 31.8377 33.3155 -0.196273 -0.00443438 2.21668 0 -0.446577 -0.741861 -0.500212
18.9158 47.972 46.5622 1.42279 -0.0198704 -3.88366 0 -0.835853 -0.523382 -0.165593
18.6562 30.65 32.964 -0.268377 0 -0.4 0 -0.774334 -0.62947 0.0646133
20.1195 49.8205 35.8485 0.793742 -0.00141865 -3.45461 0 -0.59645 0.140365 0.790282
17.5317 43.4815 27.4198 -0.131442 0 1.8 0 -0.902393 0.318461 -0.290291
29.6168 58.9027 46.3493 -1.3538 -0.0140196 -3.5 0 0.124674 0.620741 -0.774039
11.3085 32.3643 27.422 -1.67736 -0.33551 -3.5 0 -0.518941 -0.852552 -0.0620848
43.649 23.807 51.1942 0.258255 0 -4.5 0 0.149394 -0.608995 0.778978
59.754 51.7472 35.5838 0.166243 0 -3.5 0 -0.446779 -0.0303106 -0.894131
36.5705 57.396 45.7962 0.145913 0 -1.6 0 -0.306399 0.931795 0.194621
40.251 22.3145 47.8655 -1.10225 -0.0385158 -4.5 0 0.279253 -0.848609 -0.449312
23.9815 31.4988 51.804 -0.0108544 -0.504237 -2.04149 0 -0.115899 0.0745771 0.990457
49.3937 52.5078 40.966 0.457137 0 -4.5 0 0.682232 0.682016 0.263463
65.0295 28.9845 30.8585 -0.214665 0 -0.7 0 0.548668 -0.445212 -0.707637
59.4635 43.6125 50.6825 1.25835 0.0129625 -3.9 0 0.899485 0.252976 0.356273
28.31 54.763 29.413 -1.7099 -0.786984 -3.5 0 -0.879057 0.437947 0.188314
58.4675 34.461 25.5875 -0.239826 0 4.2 0 -0.582908 -0.332771 -0.74127
34.84 33.1017 53.9308 0.0545678 0 -1.6 0 -0.29186 -0.0538647 0.954943
51.3032 46.4845 48.4495 -1.32558 -0.424495 -3.5 0 -0.771584 0.631658 -0.0752772
34.7995 27.9205 30.248 -0.192603 0 -3.9 0 0.00817046 -0.303877 -0.952676
63.7533 25.6755 30.2523 -1.71103 -0.683321 -3.5 0 0.226371 0.0847469 -0.970347
54.7713 48.156 29.5015 -0.0847238 0 3.8 0 0.185874 0.746734 -0.638623
30.024 55.3223 31.7787 -0.862843 -0.275233 -1.98331 0 -0.422192 0.835877 0.350804
26.5825 43.1032 56.7397 1.38875 0.0804674 -3.9 0 -0.563418 0.822885 0.0736255
28.2162 53.6102 29.3417 -1.10735 0 -3.5 0 -0.959706 0.264463 -0.0949926
23.5845 37.303 44.4105 -0.552412 0.13478 -0.0264351 0 -0.600157 0.789203 0.13027
62.5845 41.6258 22.9013 -0.143175 0 3.8 0 0.67904 0.503022 -0.534672
16.1585 30.6955 29.01 -0.917522 -0.199053 -0.0221599 0 -0.512353 -0.825446 -0.236924
33.537 44.0433 21.154 -1.51102 -0.753131 -3.5 0 -0.248118 0.333314 -0.909582
66.7002 30.7775 37.216 0.716026 0 -3.9 0 0.538018 -0.791862 0.288948
11.3085 32.8908 26.557 -1.29619 -0.0943907 -3.5 0 -0.445232 -0.353564 -0.822655
57.1577 27.836 28.9745 -1.59969 -0.137664 -3.5 0 -0.730491 -0.682398 -0.0267391
52.5015 37.8618 53.49 -1.37224 -0.217659 -3.5 0 0.450069 -0.27574 0.849356
66.527 37.722 31.264 -0.685184 -0.98221 3.8 0 0.841068 -0.0568547 0.537933
34.531 58.6095 41.6995 0.0394346 0 -3.5 0 -0.767499 0.641027 0.00551053
19.665 28.6405 30.4425 -1.74739 -0.351538 2.5 0 -0.294683 -0.812846 0.502437
27.9172 28.7962 22.6842 0.33553 0 -1.6 0 0.722778 -0.594313 -0.352682
26.028 52.273 30.6075 -0.2401 0 -1.3 0 -0.609828 0.427872 -0.66711
37.6845 41.3148 50.7658 0.507972 0.910141 2.5 0 -0.488274 -0.2611 0.832715
40.986 23.866 41.0075 0.167618 0 -3.00313 0 0.242891 -0.633393 0.734722
24.08 58.178 46.57 -1.66049 -0.228778 -3.5 0 0.343794 0.400158 0.849517
32.28 38.4967 22.0578 -1.19049 -0.0642053 3.8 0 0.109554 0.105535 -0.988362
22.521 32.2235 24.3808 -0.144671 0 -1.3 0 -0.374835 -0.605906 -0.701695
63.0827 50.37 42.9142 -0.210817 0 -3.5 0 -0.172434 0.960253 -0.219501
22.4 58.721 44.8085 -1.78412 0 -3.5 0 -0.556251 0.748856 -0.360276
29.7155 56 40.4435 -0.428756 0 2.8 0 0.4082 0.676106 0.613395
41.5923 26.8535 57.0305 -0.139121 0 -3.5 0 0.359075 -0.265245 0.894824
63.0955 47.9315 46.75 -1.5362 -0.645655 -3.5 0 0.11793 -0.222484 0.967777
40.0732 30.2153 32.839 -0.228213 -0.103504 -4.20415 0 0.711935 -0.251523 -0.655656
30.1173 16.9985 40.6338 0.403131 0 -4.5 0 -0.117996 0.196305 -0.973417
22.2987 38.1032 21.6195 0.298329 0.35587 -4.5 0 -0.547702 -0.572154 -0.610461
36.1222 45.3867 22.5403 -1.69292 -0.0103956 -3.5 0 0.73213 0.35916 -0.578782
37.6177 28.3445 57.94 -0.934782 -0.154198 -3.5 0 -0.484562 -0.129902 0.865058
61.973 46.9085 46.1452 -0.946573 0 -3.5 0 -0.40734 -0.160789 0.899011
65.3952 29.9013 30.5938 -0.1539 0 -0.7 0 0.31095 -0.501885 -0.807107
62.677 39.7783 23.1357 -0.161852 0 3.8 0 0.796068 -0.338091 -0.501966
46.164 36.2 51.4837 0.416247 -0.373287 -1.95003 0 -0.0976196 -0.852909 -0.512851
23.5665 26.335 43.513 -0.329518 0 -4.44819 0 0.967485 -0.208072 -0.143803
10.853 34.5005 28.0807 -1.07408 -0.148161 -3.5 0 -0.967148 0.223768 0.120636
26.168 19.1168 35.5308 0.484792 0.685252 -3.5 0 -0.212101 -0.886761 -0.410691
53.3117 52.0173 38.5025 0.181928 0 -3.5 0 -0.0395338 0.996117 -0.078663
20.836 41.526 40.4458 -1.29519 -0.213351 -3.5 0 -0.838093 0.367685 0.402998
30.4225 59.7588 49.1135 -1.66321 -0.603207 -3.5 0 0.317006 0.533805 0.783939
37.281 37.5135 50.4855 -1.6638 0 1.8 0 -0.965951 0.22169 0.133388
18.8923 46.0078 47.678 -1.73293 0 -3.5 0 -0.941153 -0.3295 -0.0752458
23.6055 27.1905 31.6815 -1.18765 -0.091736 -1.3 0 -0.960907 -0.231408 0.152012
61.5955 54.196 36.757 0.0358892 0 -3.5 0 0.249125 0.951797 0.17894
21.403 47.3625 29.519 -0.127158 0 4.2 0 -0.819843 0.320467 -0.474509
24.6793 56.8452 41.1113 -0.283922 0 -3.5 0 0.242262 0.814828 -0.526655
35.792 25.4492 39.728 0.1346 0.062658 0.139059 0 0.0767893 -0.966063 -0.246629
33.1515 14.8385 42.1297 0.305668 0 -4.5 0 0.632474 -0.374787 -0.677873
31.336 20.8135 44.3672 0.311167 0 -4.5 0 -0.957482 -0.22744 0.17748
17.5085 38.329 28.5445 -0.124048 0 1.8 0 -0.981836 -0.189459 -0.0101911
54.1915 27.9165 34.7245 -0.0535702 0 1.8 0 -0.576642 -0.503528 -0.643384
22.4648 48.428 29.7505 -0.254472 0 4.2 0 -0.131452 0.677473 -0.723707
59.4897 41.0093 50.5373 0.277562 0 -3.9 0 0.731863 -0.298888 0.612408
25.2283 42.9692 55.3225 -0.768789 -0.94887 -0.4 0 -0.0382871 0.53685 0.842808
48.2842 33.265 28.857 -0.460949 0 4.5 0 -0.0861923 -0.852947 -0.514833
45.669 26.917 50.4675 0.973304 0.222184 -4.5 0 0.618365 0.105404 0.778791
51.811 47.9593 30.5815 -0.215822 0 3.8 0 -0.18839 0.786734 -0.587843
18.3905 51.518 30.2055 0.335966 0 -3.5 0 -0.824389 -0.330174 -0.459748
20.2087 52.3877 29.723 -0.0436633 0 -3.5 0 0.488281 0.235774 -0.840233
20.5632 45.4905 52.0505 -1.00011 -0.0503826 -3.5 0 -0.888309 -0.415529 0.19556
18.1348 34.2105 43.6285 0.272554 0 -3.9 0 -0.935966 -0.203762 -0.287138
38.7363 19.7432 50.8473 -0.335013 0 2.5 0 0.139601 -0.86385 -0.48402
46.9945 40.092 50.737 0.408477 0.0311877 -0.671832 0 0.162252 0.779882 0.604531
22.4375 49.1317 48.12 -1.14706 -0.0403546 -3.82967 0 0.312332 0.687118 0.655986
46.3655 43.9398 40.7918 0.47509 0 2.58093 0 0.854638 0.519224 0.000741151
12.6435 35.4598 26.7992 -1.79688 -0.0373975 -3.5 0 0.0533104 0.43361 -0.899522
53.623 45.6795 42.3122 0.029601 0 3.9258 0 -0.383037 0.655468 0.65088
26.0107 53.3252 31.7292 -0.552815 0 -1.3 0 -0.21932 0.855261 -0.469497
39.8955 44.4263 26.014 -1.17314 -0.28132 1.9 0 -0.375773 0.792684 -0.480049
63.763 32.0322 41.8765 0.0114451 0 4.5 0 0.542577 -0.762387 0.352669
67.1413 33.409 34.824 1.56642 0.895801 -3.9 0 0.66306 0.188091 -0.72455
39.798 24.5175 46.3625 -0.241011 -0.570745 -3.72908 0 0.18287 -0.694971 -0.695394
20.9215 54.3942 40.4398 -0.183257 0 1.8 0 -0.584173 0.612875 0.532096
33.8997 21.5333 48.6732 -0.419141 -0.957509 2.5 0 -0.413776 -0.81153 0.412563
64.764 24.5042 30.748 -1.58763 -0.0699456 -3.5 0 0.586688 -0.526941 -0.614923
34.4975 25.4565 40.163 0.316858 0.309503 3.21265 0 0.46489 -0.879216 0.104194
24.1715 24.3673 46.1935 0.596652 0.244414 -4.5 0 0.849104 -0.17869 0.497085
28.638 32.6468 53.15 -0.145178 0 -0.8 0 0.530956 -0.38695 0.753894
20.676 43.655 39.2435 -0.625947 -0.529757 2.55954 0 -0.599584 0.272832 0.752371
42.3725 38.2145 29.9085 -0.145262 -0.475926 -1.94458 0 0.988395 -0.029041 -0.149107
28.2792 34.574 53.1227 -0.318503 0 -0.573219 0 0.635425 -0.0241058 0.771786
17.7695 36.0995 26.888 -0.203626 -0.084896 -4.40119 0 -0.768209 0.197703 -0.608907
36.3835 55.3015 49.5003 -0.994911 -0.45511 -1.6 0 0.394794 0.326148 0.858932
28.288 22.369 41.3725 -0.878154 -0.73811 -3.5 0 -0.299259 -0.869723 0.392462
13.4525 33.419 30.727 -0.313808 0 -3.5 0 -0.540996 -0.138226 0.829588
41.0565 37.136 54.3027 -0.456169 -0.695396 -3.5 0 -0.643921 -0.47139 0.602625
43.507 51.9235 47.0933 0.446885 0 -3.9 0 0.133879 -0.905719 0.40218
41.9027 27.9535 56.6753 -0.266249 0 -3.5 0 0.71111 0.0617363 0.700365
24.119 49.7988 41.8657 -0.345203 -0.110848 -0.169179 0 -0.795186 -0.466512 -0.387359
65.4238 48.1717 44.3032 -0.910035 -0.0354432 -3.5 0 0.927806 -0.360545 -0.0958271
29.6203 55.7643 44.2533 -0.282297 0 -3.5 0 0.763299 0.137634 -0.631214
57.6587 33.9935 26.5025 -0.272363 0 4.2 0 -0.66818 -0.435282 -0.603379
28.252 33.6 53.546 -0.178918 0 -0.8 0 0.448769 0.11372 0.886382
37.0518 35.0713 25.6828 -0.17623 0 1.41088 0 0.796092 -0.49574 -0.347101
50.7673 38.859 52.6815 -1.41325 -0.260291 -3.5 0 -0.523547 0.665626 0.531827
57.425 48.7402 44.8515 -0.0788026 0 -0.7 0 0.186037 0.438574 0.879229
23.4675 47.975 29.5805 -0.190015 0 4.2 0 0.0860195 0.650346 -0.754752
15.8837 49.5605 35.7993 1.79146 0.0826098 -3.9 0 -0.619913 0.707803 0.338708
46.821 35.9165 55.563 -0.555007 0 -3.5 0 -0.0191978 -0.660683 0.750419
64.2083 32.0633 40.6123 -0.656535 -0.825684 4.5 0 0.546756 -0.777893 0.309741
41.469 22.8395 47.884 -0.0693995 0 -4.5 0 0.334419 -0.909796 -0.245833
23.422 43.401 33.1335 1.82411 0 2.94502 0 -0.856603 -0.391697 -0.335866
28.2965 26.5152 44.83 3.61691 0 1.27337 0 -0.983866 -0.0178647 -0.17801
63.6582 44.765 36.8985 -0.27589 0 -3.5 0 -0.152353 0.0180062 -0.988162
65.6395 48.226 45.3475 -1.34062 -0.0301999 -3.5 0 0.796239 -0.512017 0.322246
34.8213 54.0148 49.339 -0.24405 -0.13509 -1.29849 0 0.0435976 -0.0403504 0.998234
21.098 36.12 50.5908 -0.838783 0 4.2 0 -0.952196 -0.296561 0.0733065
16.0823 32.922 27.3215 -0.24839 0 -0.315726 0 -0.273594 -0.330368 -0.903329
30.4035 29.3542 23.5212 -0.526307 -0.647043 -3.80237 0 -0.0708315 -0.948309 -0.309342
27.581 22.043 40.6305 -0.363175 -0.747896 -3.5 0 -0.111353 -0.643187 0.757569
38.682 29.9762 24.6965 1.52577 0.397018 -3.9 0 0.748625 -0.236814 -0.619257
18.4135 31.9447 24.7493 -0.505144 0 2.5 0 -0.383664 -0.438495 -0.812726
29.3905 32.66 20.3675 -0.129901 0 -3.9 0 -0.607834 -0.0524471 -0.792331
44.103 52.4375 36.1175 0.952153 0.68778 -3.5 0 0.658025 0.0929561 -0.747236
27.0793 19.0252 36.2337 0.051126 0 -3.5 0 0.165304 -0.986209 -0.00810935
51.4095 43.512 26.3477 0.0700035 0 1.8 0 0.238383 0.434777 -0.868414
28.0177 21.1248 40.1978 0.0652857 0 -3.5 0 0.0498362 -0.60251 0.796554
35.3408 59.2685 42.099 -0.09675 0 -3.5 0 -0.36025 0.922679 0.137417
45.386 34.6838 28.3493 -1.78828 -0.060682 -3.5 0 -0.778385 -0.551459 -0.300016
18.064 37.3223 25.2008 -1.46552 -0.505771 -4.5 0 -0.941588 0.0020052 -0.336761
61.865 46.533 36.9415 -0.731775 0 -3.5 0 0.461658 0.125165 -0.878183
18.062 36.502 35.723 -0.0902444 0 -4.5 0 -0.406564 0.901318 0.14944
35.9695 48.016 25.945 -0.0173938 0 4.2 0 0.829759 0.190952 -0.52444
31.3337 53.8807 26.9613 -0.46832 0 -3.5 0 -0.0978687 0.249393 -0.963444
56.1423 44.0568 51.3983 2.56442 0.141178 -3.9 0 -0.786194 0.471363 0.399644
30.9655 50.0905 27.0525 -0.400414 0 4.2 0 -0.0555072 0.525485 -0.84899
41.5137 50.6227 32.5228 0.963579 0.16946 -1.00568 0 0.918472 0.314528 0.239752
20.188 29.269 31.3105 -1.03154 0 -0.4 0 -0.067619 -0.872926 0.483143
22.3657 52.6075 43.711 0.00941966 0 -3.9 0 -0.874691 0.481057 0.0591589
49.236 44.2945 40.231 0.557419 6.46033e-05 -0.9 0 -0.808527 0.583459 0.0765514
62.548 27.9587 29.9237 0.314274 0.29552 -3.5 0 0.704115 -0.294377 -0.646192
32.5028 13.8802 43.2168 0.582733 0.333755 -4.5 0 0.161601 -0.952205 0.259211
50.2697 29.9393 45.8688 1.00909 0.510417 3.8 0 0.51957 -0.400196 0.754911
22.1355 52.5832 42.0877 -0.458563 0 -1.81575 0 -0.909845 0.189287 0.36926
19.6055 45.4238 46.7327 -1.6711 -0.102652 -3.5 0 -0.414369 -0.640284 -0.646788
23.953 28.2353 51.3685 -0.327866 0 -3.5 0 0.731337 -0.471523 0.49276
41.753 25.245 53.8 -1.05199 0 -3.5 0 0.401906 -0.903873 0.14658
30.006 14.8465 40.995 0.767383 0.698837 -4.5 0 -0.368284 -0.680183 -0.633812
61.992 48.0942 46.7103 -1.55503 -0.617033 -3.5 0 -0.392155 0.0950117 0.914979
42.808 42.8812 54.6365 -1.45589 -0.851864 -3.5 0 0.0544906 0.837127 -0.544287
48.7875 41.5103 50.5467 0.122962 0 -0.8 0 -0.335201 0.514088 0.789527
34.668 44.1095 21.1518 -1.62965 -0.317178 -3.5 0 0.311474 0.254893 -0.915431
32.053 57.705 48.7105 -1.26299 -0.835531 -3.5 0 0.664314 0.494568 0.560437
30.8057 41.2458 47.239 -0.35285 0 2.8 0 -0.292152 -0.284203 0.913168
29.8792 29.03 51.5835 -1.1018 -0.371918 -0.089756 0 0.0729643 0.23972 0.968096
19.229 50.5272 44.1128 0.0929462 0 -3.9 0 -0.648532 0.341329 -0.680368
58.442 28.7017 26.806 -1.09688 0 -3.5 0 -0.369937 -0.354759 -0.858657
40.29 26.518 30.954 0.127877 0 -3.9 0 0.312931 0.660999 -0.682023
40.1745 50.1205 48.4495 0.755054 0.0842079 -3.5 0 0.509648 -0.387109 0.768379
20.1968 51.231 29.6515 0.249714 0.79228 -3.5 0 0.373353 -0.381841 -0.845461
56.7337 29.0028 28.3407 -1.62402 -0.547442 -3.5 0 -0.940888 -0.0151866 -0.338377
25.2445 33.722 23.429 -0.617669 0 -1.35876 0 0.515478 -0.282877 -0.808865
65.8037 40.6165 30.4202 -0.200139 -0.17812 3.8 0 0.871812 0.488871 -0.0308047
28.693 38.8817 55.848 0.442626 0 1.9 0 0.786678 -0.201579 0.583528
57.091 37.4275 47.0755 0.642886 0 1.8 0 0.199369 -0.328094 0.923367
23.3355 28.0645 24.946 -0.120035 0 -1.6 0 -0.590152 -0.30566 -0.74719
45.8735 28.0365 35.5495 0.00907862 0 -3.9 0 0.440822 -0.176388 -0.880093
54.62 36.9025 48.239 0.317117 0 -3.5 0 0.674261 -0.576942 0.460988
18.834 30.715 43.799 -0.0694992 0 -3.9 0 -0.979559 -0.141267 -0.143208
49.2145 44.244 45.385 0.531433 0 1.9 0 -0.402136 0.803799 0.4384
64.28 39.5355 26.0795 -0.630875 -0.511195 3.8 0 0.69903 -0.321235 -0.638878
51.1276 41.6418 50.1424 -0.440709 -0.946187 -0.8 0 0.0573157 0.529984 0.846069
24.405 21.3892 32.6425 1.01533 0.597755 -3.9 0 0.812882 -0.16223 -0.559378
18.0898 42.487 30.1138 -0.0116282 0 1.8 0 -0.632661 0.362084 0.684569
51.308 32.6025 32.004 0.038609 0 4.5 0 0.257524 -0.945997 -0.196902
41.7505 24.401 45.546 0.176566 0 4.5 0 -0.019175 -0.954327 -0.298147
29.3472 41.1955 51.433 0.075991 0 -3.9 0 0.99945 0.0189289 -0.0272325
30.322 31.62 20.5135 -0.0211315 -0.0745451 -3.9 0 -0.379339 -0.498007 -0.779802
64.427 36.796 45.738 -0.610338 -0.141057 -0.7 0 0.681798 0.664689 0.305516
42.5443 26.9832 55.943 -0.539555 -0.254501 -3.5 0 0.780331 -0.12892 0.611934
60.43 45.5757 33.812 -0.169595 0 3.8 0 0.955569 0.281864 0.0862587
57.751 29.4387 31.407 -0.520966 0 3.2613 0 -0.867127 -0.491109 -0.0830886
55.435 37.9965 24.0215 -0.492535 0 -0.7 0 -0.142823 -0.63587 -0.758466
19.4415 51.0815 35.5925 0.0419345 0 -3.5 0 -0.596487 0.15794 0.786929
19.304 49.2578 35.6435 0.995346 0.667271 -3.81677 0 -0.23981 0.449479 0.8605
68.7343 39.0205 40.378 -1.09667 -0.0161279 -0.4 0 0.793741 0.150497 0.589344
35.3283 55.4543 36.289 -0.881838 -0.201887 -2.76794 0 -0.0932637 0.56612 -0.81903
24.0627 22.1765 32.1205 0.1172 0.0538435 -3.9 0 0.325442 -0.02864 -0.945128
35.951 28.9788 27.8102 0.046252 0 -3.9 0 -0.603574 -0.775232 -0.186314
31.2687 29.382 22.6588 -0.959758 -0.204272 -3.68401 0 0.254253 -0.913922 -0.316388
18.758 29.9443 41.578 -0.764135 -0.198397 -3.9 0 -0.906691 -0.275978 0.318981
21.3442 45.63 53.7275 -1.29332 -0.436323 -3.5 0 -0.487927 -0.0205722 0.872642
28.108 53.9678 35.5923 -0.665052 0 -0.952761 0 -0.303891 0.926385 -0.2224
34.8485 53.8573 42.816 -0.580827 0.176954 -1.04375 0 -0.748664 0.609061 0.261817
27.1545 43.3585 55.918 2.02025 0 -3.9 0 -0.347141 0.928231 0.133717
18.8363 31.2838 39.9082 -0.191922 0 2.8 0 -0.171259 0.750474 0.638326
66.1835 37.0545 28.1195 -0.129767 0 -0.4 0 0.598196 0.146798 -0.787789
19.01 26.3815 39.4185 -1.25117 -0.15821 -4.5 0 -0.926791 -0.374978 0.0212022
21.288 25.5987 34.374 -0.903299 -0.600641 -0.4 0 -0.510943 -0.350763 -0.784795
33.577 24.3598 29.0445 0.0937447 -0.0393397 -1.3 0 0.556353 -0.732249 -0.392789
25.6712 24.4753 33.4048 0.451605 0.751614 -3.9 0 0.484114 -0.293554 -0.824293
38.3988 25.1383 37.23 0.531861 0.621711 -3.11579 0 -0.534673 -0.841067 -0.0820444
67.6247 36.287 38.1932 -0.0982505 -0.35862 1.99282 0 0.773424 0.0942066 -0.626849
28.8487 40.8435 21.86 -0.460565 0 3.8 0 -0.161935 -0.189258 -0.968483
25.0303 44.9272 23.4205 -1.87346 0 -3.5 0 -0.00590757 0.700735 -0.713397
20.998 53.7535 32.8425 -0.65904 0 -3.5 0 0.0527968 0.864971 -0.499036
26.6197 19.4543 37.6535 0.0582395 0 -3.5 0 -0.0130505 -0.931838 0.362641
30.757 27.664 51.366 -1.6288 -0.0489917 -3.5 0 0.66245 -0.112958 0.740541
64.2235 26.687 35.1768 0.0527351 0 -3.5 0 0.877709 0.10237 0.468133
39.3525 31.7208 27.8627 0.665436 0 -3.9 0 0.960103 0.265953 0.0864356
67.1535 45.0455 36.967 -1.29384 0 -3.5 0 0.456012 -0.449587 -0.768066
55.362 37.147 25.983 -0.573272 0 -0.7 0 -0.0267257 -0.945113 -0.325648
33.6707 22.7232 38.867 -0.401086 0 2.5 0 0.916991 -0.364316 0.162484
52.4055 41.2918 50.1738 0.530027 0 -3.5 0 0.130794 0.480026 0.867449
28.38 54.3828 31.7987 -0.826512 0 -1.3 0 -0.397111 0.917019 -0.0371395
61.4785 24.1362 33.5392 -0.172133 0 -3.5 0 -0.593852 -0.802138 -0.0625632
21.8743 56.319 43.0028 -0.399657 0 -3.5 0 -0.813934 0.281621 -0.508136
23.4 49.035 30.6815 -0.547768 -0.123077 2.31704 0 0.235749 0.540825 -0.807422
58.3265 47.572 32.296 -0.109563 0 3.8 0 0.236067 0.801233 -0.549816
45.1222 27.9865 50.2675 0.896193 0.487138 -4.5 0 0.352398 0.307857 0.883765
23.1133 19.4005 35.072 1.60264 0.241325 -3.9 0 -0.0892923 -0.80614 0.584949
21.8263 34.4655 50.949 0.267994 -0.062908 -2.26079 0 -0.830251 -0.00709741 0.557345
37.9065 35.124 52.0858 -0.111746 -0.330884 -0.211477 0 0.256642 -0.240902 0.936003
30.9102 22.0815 50.0475 -2.043 -0.0035272 -3.5 0 -0.241501 -0.755874 0.608549
20.3843 44.1208 48.6423 -1.0302 -0.207152 -3.5 0 -0.926171 -0.327089 -0.187672
52.6632 51.5078 35.5827 -0.172259 -0.302614 -3.11821 0 -0.108644 0.991113 0.0767556
28.9285 40.8488 48.192 -0.502795 0 0.902456 0 0.867594 0.0843148 0.490073
60.2197 53.683 35.231 0.353795 0.309378 -3.5 0 -0.236501 0.545891 -0.803785
46.0975 56.3807 48.2368 2.21197 0.256541 -3.9 0 0.394358 0.86935 -0.297848
28.357 30.7523 21.3983 -0.187071 -0.180055 -2.79247 0 0.157885 -0.111353 -0.981159
24.3025 48.8805 48.4007 -0.755361 0 4.5 0 -0.424959 0.782187 0.455625
40.1263 42.6253 25.4417 -0.961877 -0.40859 1.9 0 0.195687 -0.120327 -0.973256
24.4282 48.8605 41.6535 -0.123526 0 1.80956 0 -0.992105 -0.0782688 -0.097985
52.3995 43.593 26.9443 -0.00908247 0 1.8 0 0.544147 0.611519 -0.574411
30.2022 56.8015 36.2492 -0.273878 0 2.8 0 -0.375204 0.647876 -0.662932
51.9342 37.0583 52.91 -1.51235 -0.111646 -3.5 0 0.0759119 -0.860931 0.503026
28.887 26.561 27.3113 0.683049 0 -1.3 0 0.37283 -0.5745 -0.728661
26.037 32.8192 23.574 -0.337319 0 -1.6 0 0.0819165 0.432277 -0.898012
35.5342 53.833 33.6527 -0.276933 -0.226885 0.968176 0 -0.118963 0.967902 -0.221391
53.4755 46.4912 48.5928 -1.46214 -0.0532629 -3.5 0 0.66099 0.71399 0.230891
30.8055 29.4408 51.1247 -0.373587 0 2.8 0 0.398153 -0.0359774 0.916613
23.2162 55.3623 38.513 -0.13507 -0.00103652 -0.472569 0 -0.433817 0.896567 0.0892765
34.1605 57.7595 41.146 0.358884 0.514549 -3.5 0 -0.8923 0.324933 -0.313399
56.167 33.466 34.099 0.29154 0 3.8 0 -0.926464 -0.360456 -0.108329
23.0527 44.4907 33.3915 1.33969 0 3.38552 0 -0.851029 -0.428918 -0.30295
32.688 46.0337 50.682 -0.327353 -0.51823 -3.9 0 0.181542 0.257194 0.949154
44.5942 42.9936 47.0006 0.605037 0 -3.5 0 0.985772 0.130852 -0.105504
21.0865 46.005 31.08 0.157357 0 4.2 0 -0.987134 -0.134792 0.0860106
30.4937 46.475 51.7607 0.280888 0.265491 -2.07815 0 0.403513 -0.244077 0.881818
46.398 26.964 45.7945 0.942868 0 3.8 0 0.76674 -0.34511 -0.541303
32.791 55.0045 28.9185 -0.567761 0 -3.5 0 0.478205 0.852526 -0.210994
64.4463 24.4433 34.7868 -0.129107 0 -3.5 0 0.629477 -0.560985 0.537638
18.579 36.624 24.6982 -1.42624 -0.359011 -4.5 0 -0.551131 -0.317371 -0.771706
38.9555 23.1017 33.2482 1.12462 0 -3.9 0 -0.290623 -0.847122 0.444886
24.7265 55.504 32.9935 -1.41049 0 -0.4 0 0.617121 0.571161 -0.541236
30.333 53.3745 43.906 -0.56266 0 4.5 0 0.432448 0.876239 -0.21259
60.8155 38.82 23.763 -0.14268 0 3.8 0 -0.215593 -0.885583 -0.411414
22.859 23.634 27.1842 -2.06566 -0.801274 2.8 0 -0.0988317 -0.889442 -0.446235
31.664 22.9722 51.046 -2.19066 -0.0104358 -3.5 0 -0.0102665 -0.155552 0.987774
39.1205 30.9805 53.5872 0.394477 0 -0.9 0 -0.36942 0.652876 0.661273
31.666 20.793 37.458 0.186697 0 2.5 0 0.00155888 -0.860922 -0.508735
18.922 41.384 23.265 -0.00742588 0 -4.5 0 -0.872164 0.197321 -0.447655
29.5047 17.9708 42.4795 0.601932 0.240763 -4.5 0 -0.856754 0.499107 0.129862
57.27 43.351 47.448 0.354289 0 -3.9 0 -0.254786 0.790296 -0.557239
19.053 51.2523 46.759 1.86102 0.202197 -3.9 0 -0.456626 0.881492 0.120265
35.2448 46.3047 22.6655 -1.65314 -0.696146 -3.5 0 0.233498 0.761959 -0.604068
65.0362 32.001 39.5855 -0.750858 -0.258998 -1.0763 0 0.558224 -0.613884 0.558151
18.0107 53.117 30.6957 0.540076 0.117854 -3.5 0 -0.923798 0.274573 -0.266845
67.256 41.6305 36.2045 -0.278544 0 3.8 0 0.857862 0.327757 -0.395789
23.9028 48.114 50.538 -0.963481 -0.872502 4.5 0 0.106757 0.7846 0.610742
20.9102 33.618 47.1367 -0.0924192 0 -3.9 0 -0.604185 -0.0419813 0.795737
44.334 25.66 43.6435 0.333135 0 4.5 0 0.646451 -0.759885 -0.0683806
27.5522 24.5462 30.2222 -0.221036 0 -1.3 0 -0.311754 -0.93771 0.153326
53.971 33.9637 33.0882 0.169257 0 3.8 0 0.140824 -0.925365 0.35195
37.9557 46.0807 47.4523 0.343029 0.36782 0.977985 0 0.463617 0.230214 0.855606
16.2647 34.2575 32.9935 -0.138991 0.590199 -4.22856 0 -0.965602 -0.122735 0.229236
21.1835 43.89 50.3595 -2.39577 -0.891228 -3.5 0 -0.66895 -0.435703 0.60222
20.786 42.6325 39.4995 -0.828466 0 2.29403 0 -0.759681 0.194218 0.620616
21.5028 54.661 34.9953 -0.473466 -0.207657 0.175095 0 -0.724926 0.667119 -0.171563
35.431 30.0285 23.7875 -1.33587 -0.725872 -3.5 0 0.560638 -0.351193 -0.749899
33.6109 28.3591 50.3047 -0.646635 0 2.8 0 -0.362984 -0.467074 0.806278
22.9635 44.1935 41.3995 -0.0429178 0.103384 1.92596 0 -0.688553 0.581897 0.43277
44.7142 23.9058 50.768 0.53614 0 -4.5 0 0.603872 -0.421428 0.676563
44.7707 39.7918 27.4935 -0.1337 0 -3.5 0 -0.302554 -0.820706 -0.484667
41.8005 45.231 50.0482 1.28804 0 2.5 0 0.502284 0.775094 0.383328
63.858 31.3625 29.559 -0.213917 0 -0.7 0 0.366435 -0.0346247 -0.929799
42.1805 38.819 27.3005 -0.708734 0 -3.5 0 0.970841 -0.13779 -0.196166
34.6348 36.0762 50.8555 0.922495 0 -1.6 0 -0.487577 0.828321 -0.27596
18.4565 38.4953 25.2087 -0.540309 0 -4.5 0 -0.871799 -0.080359 -0.483228
30.9622 23.6865 31.6542 -0.00569438 0 -1.3 0 0.123949 -0.96908 0.213354
17.8743 42.9723 35.4132 0.0571068 0 -3.9 0 -0.480876 -0.839721 -0.252243
22.9907 31.136 24.6815 -0.165121 0 2.8 0 -0.578486 -0.126878 -0.805764
36.9855 21.9697 47.3485 -0.505269 0 2.44202 0 0.467885 -0.73814 -0.486038
39.3667 22.6338 47.126 -1.87039 -0.431653 -4.5 0 0.16799 -0.609325 -0.77492
23.8025 50.378 40.9305 -0.55023 -0.814609 -3.44556 0 -0.817725 -0.574846 -0.0296306
54.71 46.5177 42.622 0.00842418 0 -0.7 0 -0.763395 0.313626 0.564683
55.1915 37.3418 25.0025 -0.917459 -0.647648 -0.7 0 0.0167734 -0.94005 -0.340625
31.0923 14.3038 42.84 0.469286 0.265863 -4.5 0 -0.399117 -0.908063 0.126995
65.1413 25.0777 31.5525 -1.85868 -0.0332224 -3.5 0 0.965533 -0.186195 -0.181873
38.4355 38.6185 24.4285 -0.176247 0 4.2 0 0.813886 -0.0824596 -0.575144
45.745 50.6323 36.5245 0.339805 0 -0.9 0 0.299841 0.779768 -0.549598
46.86 50.336 37.334 0.402649 0 -0.9 0 0.263258 0.752084 -0.604206
20.8808 29.8735 26.5317 -0.720547 0 2.73354 0 -0.718902 -0.26447 -0.642834
41.7702 36.3553 34.1917 0.697546 0.376838 -4.5 0 0.770264 0.0148017 -0.637553
44.157 52.1948 48.2118 0.619535 0 -3.9 0 -0.127925 -0.912897 0.387626
15.9185 45.7777 34.3112 0.248224 0 -3.9 0 -0.751139 -0.437602 -0.494261
24.783 54.8278 52.4505 -1.9007 -0.424665 -3.5 0 0.649234 0.120079 0.75105
21.3075 41.594 41.5815 -1.2638 0 -3.5 0 -0.689244 0.554924 0.465834
33.269 30.723 22.553 -1.0711 -0.0182105 -3.8874 0 0.198069 -0.76785 -0.609241
32.1775 50.387 49.074 0.254988 0 -3.9 0 0.011079 -0.00708815 0.999914
17.0347 31.982 27.325 -0.414639 0 2.5 0 -0.579811 -0.426849 -0.693989
37.5747 40.223 22.71 -0.0839553 0 4.2 0 0.584687 0.512814 -0.628619
24.281 28.5532 21.597 -0.103606 0 -1.6 0 -0.759532 -0.182255 -0.624415
31.4285 56.4878 49.2835 -0.380597 0 -2.43315 0 0.474468 0.455107 0.753497
67.3595 36.838 30.1715 -0.175098 0 -0.4 0 0.972182 -0.0430366 0.230239
31.7075 21.8873 41.5443 -0.423078 0 -2.82728 0 -0.836633 -0.528263 -0.144855
26.9445 50.8522 50.5936 0.182992 0 -3.5 0 -0.684909 0.0968784 0.72216
46.8145 53.916 48.6621 1.71044 0 -3.9 0 0.945002 -0.099368 0.311605
51.954 50.6019 40.5358 -0.121697 0 -3.5 0 -0.236419 0.906505 0.349792
39.6399 38.7632 53.7035 -0.0945037 0 -3.5 0 -0.730571 -0.306352 0.610258
61.5737 49.385 40.9757 -0.967953 0 -3.5 0 0.104759 0.930373 0.351329
25.9118 52.4603 50.5472 0.174962 0 -3.5 0 -0.142815 -0.616292 0.77446
36.5682 27.795 54.4945 0.264885 0 -3.5 0 -0.668714 0.658643 -0.344981
34.521 24.2768 32.8198 0.0596281 0 4.2 0 0.527346 -0.781241 -0.33402
24.027 25.77 47.829 -0.522224 0 -3.5 0 0.521897 -0.675825 0.520465
63.346 37.979 46.012 -0.0058267 -0.982449 -0.7 0 0.81751 0.572648 0.0612485
23.9605 34.8885 53.7415 0.592411 0 1.9 0 -0.563702 -0.797266 0.215887
23.7547 45.791 25.5072 -0.624217 0 -3.5 0 -0.476263 0.813639 -0.333414
23.691 26.0053 31.6397 -1.50985 -0.298212 -1.3 0 -0.929456 -0.270599 0.250774
65.9001 45.4108 44.0469 0.176345 0 -0.8 0 0.331377 0.273668 0.902937
15.4385 35.5692 31.041 -0.0318215 0 -3.5 0 -0.511191 0.483896 0.710301
45.4985 44.495 42.5815 0.466582 0 2.54061 0 0.627415 0.287924 0.723499
32.9318 55.5363 49.0887 0.457133 0 -0.710464 0 0.282397 0.528338 0.800694
36.1236 44.0499 50.2967 0.354118 0 4.5 0 0.301268 0.477261 0.825506
24.0595 27.943 23.997 0.562897 0 -1.6 0 -0.832999 -0.396159 -0.386227
37.6394 43.0158 50.4464 0.875594 0 2.5 0 -0.140215 0.419016 0.897087
23.5131 40.3461 43.5711 -0.552066 0 -3.5 0 -0.624908 0.205753 0.753097
54.5795 28.845 34.517 -0.116417 0 1.8 0 -0.371946 -0.0311282 -0.927732
44.7706 40.1696 35.5966 0.92303 0 -3.9 0 -0.429199 -0.855166 -0.290652
21.3547 20.4202 34.7805 1.64041 0 -3.9 0 -0.71735 -0.52114 0.462409
65.5863 37.7438 41.8659 -0.228072 -0.293783 0.908732 0 0.561807 0.238519 0.792137
37.4375 34.203 26.6981 -0.128456 0 -1.3 0 0.675409 -0.0526195 -0.735563
63.9137 39.8177 35.0597 -0.0911702 0 3.8 0 0.460956 -0.751798 -0.471507
31.3827 28.9331 24.0824 -0.317343 0 -3.5 0 0.138743 -0.945463 -0.294704
36.4794 40.1716 49.3631 0.699009 0 4.5 0 -0.327802 -0.63754 0.697201
32.977 47.2982 24.1071 -0.336234 0 1.21467 0 0.106929 0.661717 -0.742089
39.3094 49.4082 29.9373 0.610107 0 -3.9 0 0.340147 0.205539 -0.917635
59.7679 43.6324 25.4541 -0.122551 0 3.8 0 0.0138542 0.944169 0.329171
29.3778 40.8857 56.4287 1.83147 0 -3.9 0 0.925812 -0.37582 -0.0403855
40.6215 45.0795 26.569 -0.291738 0 1.9 0 -0.780666 0.516176 -0.352313
39.1746 33.1156 51.5166 0.927969 0 -3.9 0 -0.143534 0.400427 0.905017
59.4588 44.5714 31.793 -0.146639 0 3.8 0 0.493457 0.207645 -0.844621
26.4184 24.6165 28.192 -2.67484 0 -1.3 0 -0.0152141 -0.93966 -0.34177
18.439 37.1393 43.847 2.51781 0.0688794 -3.9 0 -0.788231 0.451264 -0.418392
34.0272 34.514 52.5807 0.582774 0 -1.6 0 -0.77568 0.36359 0.515871
53.9183 34.6387 27.889 -0.112806 0 3.8 0 0.155934 -0.116079 -0.980923
55.706 28.9715 33.9683 -0.01098 0 3.44619 0 -0.502289 -0.0169165 -0.864534
17.6712 48.4899 36.8694 1.07056 0 -3.9 0 0.303701 0.640248 0.705583
23.1978 24.3061 32.6045 -0.345912 0 -3.9 0 -0.444979 0.50288 -0.741016
21.4755 22.6852 33.7575 0.718316 0 -3.9 0 -0.882227 0.190632 -0.430506
55.6045 32.4285 30.306 -0.248477 0 3.8 0 -0.112132 -0.928685 -0.353512
24.3314 21.6965 38.3614 -1.21961 -0.0772445 -3.5 0 -0.910197 -0.173535 0.376067
33.487 54.538 49.529 0.201746 0 -0.4 0 0.298954 0.260086 0.91814
36.4621 33.5874 53.1256 0.500786 0 -1.6 0 0.561964 -0.0738013 0.823863
44.3647 39.0325 32.6893 -0.000244379 0 -0.4 0 -0.252435 -0.946763 0.19979
55.6906 44.232 29.2346 -0.0948733 0 1.8 0 -0.123612 0.540755 -0.832048
16.7288 38.1787 30.7675 -0.0735739 0 1.8 0 -0.888686 0.397853 -0.227926
20.6126 32.6374 38.5699 -0.0592514 0 -4.03617 0 -0.421366 0.286683 0.860386
29.2595 46.496 24.634 -0.118695 0 -3.5 0 -0.557768 0.622203 -0.549326
36.9745 31.8647 24.29 1.30055 0.219138 -3.9 0 -0.0370773 0.458416 -0.887964
38.1146 39.48 50.2145 1.62859 -0.153466 0.833101 0 -0.842131 0.0460037 0.537306
19.7701 31.624 39.1781 -0.437432 0 2.8 0 -0.140815 0.79585 0.588892
22.499 40.5549 21.2666 0.312826 0 -4.5 0 -0.0275599 0.126463 -0.991588
23.4344 49.0745 47.8166 -0.583833 0 2.04318 0 0.0745361 0.701766 0.708498
47.225 52.5245 41.814 0.478629 0.334737 -4.5 0 0.14627 0.670499 0.727349
42.5083 40.42 26.4735 -0.140979 0.0329661 -3.5 0 0.180612 -0.271737 -0.945272
60.1144 38.7105 47.4057 0.162096 0 -3.9 0 0.486663 -0.550095 0.678642
41.0563 45.71 27.6756 0.144835 0 1.9 0 -0.896857 0.433689 -0.0869534
26.3575 56.0319 40.6215 -0.301628 0 1.54668 0 0.10396 0.993929 -0.0360307
30.4631 45.533 22.8249 -0.256357 0 -3.5 0 -0.30934 0.688259 -0.656208
20.6475 27.286 42.1932 0.161354 0 -4.5 0 -0.960423 0.15505 0.231404
64.1269 43.7804 32.8366 -0.244609 0 3.8 0 0.210466 0.694889 0.687629
35.083 36.847 46.856 4.82651 0 -0.9 0 -0.127895 0.0525346 0.990395
57.3581 29.5891 30.4357 -1.3574 0 -3.5 0 -0.881168 -0.38425 0.275489
43.697 48.812 30.023 3.15666 0 -3.9 0 0.477466 0.676538 -0.560645
46.9567 45.0445 38.6975 -0.562786 0 -3.9 0 0.551702 -0.0110481 0.833968
55.363 46.7565 43.836 -0.106813 0 -0.7 0 -0.522469 -0.231942 0.820506
59.6157 28.7553 26.6891 -0.919603 0 -3.5 0 0.120501 -0.223781 -0.967162
59.6942 37.8153 46.956 0.434326 0 -3.9 0 0.253904 -0.437578 0.862588
42.8423 38.3997 32.6165 0.303292 0 -0.4 0 0.70875 -0.653957 0.264602
48.0469 34.1531 28.1768 -1.18071 0 -2.13343 0 -0.131666 -0.828198 -0.54475
38.0635 32.8065 51.7615 0.995178 0 -1.73218 0 0.450488 0.389976 0.803106
52.4224 27.7661 43.3107 -1.02201 0 -0.8 0 0.43385 -0.433478 0.789855
35.6841 54.3915 35.867 0.405942 -0.0950564 0.508852 0 -0.0683566 0.703872 -0.70703
15.6695 30.828 37.968 -0.0600541 0 2.8 0 -0.97241 -0.0411785 0.229617
16.9749 38.7876 31.8185 -0.104034 0 1.8 0 -0.724275 0.684744 0.0809422
36.0503 26.4357 30.5085 -1.48538 -0.504909 4.2 0 -0.0703321 -0.502012 -0.861996
34.7969 53.1702 29.4044 0.223951 0 -3.5 0 0.675799 0.619609 -0.399224
44.0448 51.6089 45.3041 0.908394 0 -3.9 0 0.576936 -0.721504 0.382853
22.43 18.834 33.188 2.23427 0 -3.9 0 -0.133865 -0.921862 -0.363662
22.52 53.5933 48.2535 -0.463764 0 -3.5 0 -0.931144 0.0137049 -0.364393
14.7063 36.1705 30.294 -0.194475 0 -3.5 0 -0.376787 0.674551 0.634832
23.1068 37.764 46.1263 -0.282074 0 4.2 0 -0.260299 0.650519 -0.713491
33.965 47.051 24.1345 -0.688589 0 3.66548 0 0.101253 0.613211 -0.783403
20.3666 22.9686 41.166 0.607772 0 -4.5 0 -0.801635 -0.496911 -0.332358
42.6895 24.3855 34.751 -0.105371 0 -1.6 0 0.601065 -0.472502 -0.644564
33.0197 42.9699 50.5966 -0.794118 0 0.893356 0 -0.374046 -0.167099 0.912232
36.247 56.0105 36.3397 -0.123388 0 -3.5 0 -0.131029 0.670668 -0.730092
21.3244 40.3769 47.9996 -1.62395 -0.712175 -3.5 0 -0.7847 -0.498322 -0.368675
39.5844 22.2634 32.5654 1.1537 0 -3.9 0 -0.228461 -0.881515 0.413204
55.0247 33.0466 28.9067 -0.275025 0 3.8 0 0.449673 -0.622047 -0.640977
17.3054 31.7593 31.323 0.0756418 0 -1.48006 0 -0.469458 -0.453752 0.757442
34.4847 34.0776 23.2089 -0.215274 0 2.024 0 0.900464 -0.386675 0.199117
33.952 18.557 42.5412 0.759622 0 -4.5 0 0.414451 -0.159886 -0.895917
55.529 31.6005 32.793 0.0337812 0 3.8 0 -0.984343 -0.13509 -0.113225
59.2735 40.0624 23.2271 -0.14783 0 3.8 0 -0.474107 -0.438528 -0.76349
25.3627 28.7052 21.1421 -0.00887217 0 -1.6 0 -0.221451 -0.231847 -0.94721
42.061 37.8335 35.4545 0.884783 0.305194 -2.51372 0 0.822122 0.142588 -0.551165
22.6231 21.9757 32.4391 1.55805 0 -3.9 0 -0.463663 0.244835 -0.851512
41.9231 24.8724 44.4873 0.273151 0 4.5 0 -0.0438506 -0.939021 -0.341053
43.087 55.7938 44.4995 -0.0200915 0 -3.9 0 0.0940121 0.986525 -0.133902
40.9193 36.3319 53.124 0.143116 -0.389416 -3.56941 0 -0.670089 -0.192244 0.716954
38.7482 21.7544 53.9048 -0.100255 0 1.59754 0 -0.0252319 -0.182521 0.982878
64.779 26.584 31.132 -1.68414 -0.392551 -3.5 0 0.768837 0.214359 -0.602446
20.063 44.459 27.03 -0.167383 0 1.8 0 -0.006369 0.805702 -0.592286
41.0895 25.8465 31.231 0.47797 0 -3.9 0 0.642712 0.432806 -0.632139
23.8164 23.6577 37.0612 0.185308 0 -3.9 0 -0.802708 -0.508887 0.310957
17.8589 32.8068 38.2075 -0.0713407 0 2.8 0 -0.333894 0.32776 0.883792
52.404 42.3764 26.5494 0.17556 0 1.8 0 0.440184 0.340363 -0.830898
28.0075 58.8355 47.7497 -1.15999 -0.415562 -3.5 0 -0.74061 0.584852 0.330823
40.143 27.1828 56.9399 -0.0306333 0 -3.5 0 0.0898366 -0.209324 0.973711
23.0912 46.8851 44.4982 -0.180392 0 4.5 0 -0.731412 -0.309844 -0.60748
28.7685 55.13 36.9965 -1.0328 0 2.8 0 -0.649791 0.501166 -0.571492
56.7012 24.836 34.713 -0.0161429 0 1.8 0 0.0178284 -0.967484 -0.252303
22.5026 49.5149 38.0477 0.0623316 0 4.2 0 -0.404008 -0.00531279 0.91474
34.7534 32.3099 24.0777 -2.22028 -0.157003 -3.5 0 0.811783 0.358235 -0.461168
21.4471 40.463 49.2451 -2.28485 0 -3.5 0 -0.682749 -0.4427 0.581266
22.7844 53.4885 43.9645 -0.0133559 0 -3.64937 0 -0.987843 0.0128243 0.154923
34.5424 53.4231 30.4295 0.871719 0.284881 -3.5 0 0.716996 0.681647 0.145858
24.6505 24.8517 27.6959 -1.57294 -0.993042 2.8 0 0.511956 -0.838454 -0.186806
40.1304 27.193 32.5036 0.176314 0 -3.9 0 0.555756 0.612105 -0.562551
43.113 32.6865 53.4038 3.10257 0.0941683 -3.9 0 0.681419 -0.380275 0.625348
57.0207 25.4816 33.4576 -0.107387 0 1.8 0 0.00492888 -0.748619 -0.662982
31.4366 47.8274 25.5459 -0.126964 0 1.12779 0 -0.455742 0.661723 -0.595333
19.1022 33.112 45.775 0.240096 0 -3.9 0 -0.836544 0.0522265 0.545405
30.134 27.3865 26.8752 -1.61776 -0.0680147 -2.76025 0 0.116825 -0.669613 -0.733464
48.1405 36.1885 25.4005 -0.218458 0 -3.5 0 -0.0883667 -0.0829479 -0.992628
51.6772 28.477 43.968 -0.490675 -0.431974 0.427077 0 0.275047 -0.549122 0.789186
18.8305 37.879 44.4615 2.02081 0.143749 -3.9 0 -0.447714 0.869872 0.207061
48.2051 34.9692 50.0843 1.79447 0 3.8 0 -0.132327 -0.67495 0.725901
20.8197 42.9777 47.8223 -2.64991 -0.0115079 -3.5 0 -0.607342 0.113773 -0.786251
60.6926 42.3824 27.3228 -0.0913246 0 3.8 0 0.0358155 0.953677 0.298691
62.9306 27.069 30.4621 -0.583703 -0.243428 -3.5 0 0.474587 -0.0649439 -0.87781
42.39 24.3885 51.4917 0.146814 0 -4.5 0 0.237275 -0.598376 0.765275
42.2519 32.082 46.117 1.57948 -0.443651 -3.9 0 0.903663 0.0766314 0.421333
52.533 35.868 50.4625 -0.0158302 0 3.8 0 0.435927 -0.300912 0.848186
42.8926 32.9836 49.9704 1.81906 0 -3.9 0 0.944713 -0.0717444 -0.319952
37.6925 21.0631 53.1396 -0.187614 0 2.5 0 -0.514045 -0.335496 0.78943
33.5967 41.9478 51.0558 -0.0279026 0 4.5 0 -0.0968347 -0.0937553 0.990875
67.0911 36.4326 41.9084 -0.00818684 0 -0.4 0 0.542566 -0.235368 0.806365
26.992 29.7983 43.3507 0.776436 0 2.84898 0 -0.22732 -0.942918 -0.243377
23.0965 41.5375 21.443 -0.0491308 0 -4.5 0 0.0683687 0.396496 -0.915487
42.043 29.888 56.283 -0.401271 0 -3.5 0 0.802405 0.452366 0.389244
37.4098 25.5485 37.7217 0.224705 0 -3.5 0 -0.250135 -0.968122 0.0131484
59.4499 30.5089 42.2508 0.174197 0 4.5 0 0.14134 -0.608929 0.780531
35.4196 25.3566 40.757 -0.0317488 -0.227075 -2.72796 0 -0.0989806 -0.922711 -0.372567
21.3065 32.4175 50.5713 0.364573 0 -3.5 0 -0.931443 0.184004 0.313938
45.63 46.0807 43.7673 -0.503597 0 -3.5 0 0.913689 -0.389024 0.11761
22.045 37.3171 36.6759 1.06847 0.0455197 -2.06081 0 -0.477444 0.85746 -0.19186
19.4217 45.6912 48.8257 -1.73256 0 -3.5 0 -0.864721 -0.489564 0.11218
22.9363 48.4897 43.6143 -0.14668 0 -3.9 0 -0.615876 -0.45026 -0.646501
23.7153 37.7327 21.3535 -0.0514879 0 -4.5 0 -0.389803 -0.364822 -0.845552
28.1642 56.4717 38.7966 -0.31804 0 2.8 0 -0.409322 0.885787 -0.218714
40.8895 30.7362 33.6265 -0.292579 0 -4.33421 0 0.684749 -0.357019 -0.635339
62.1744 42.4642 29.073 -0.12022 0 3.8 0 0.161563 0.818873 -0.550767
29.2424 42.0065 48.6404 -0.146782 -0.554464 -2.33302 0 0.83767 -0.506322 0.204808
21.0233 36.8479 32.1714 -0.888414 -0.802563 3.8 0 0.364277 0.930934 -0.0257643
52.8151 50.9114 41.2448 -0.0801808 0 -3.5 0 -0.374449 0.788847 0.487348
43.0197 54.5498 36.9087 0.210248 0.00402152 -3.5 0 0.167667 0.856039 -0.488963
44.3345 56.229 46.0831 0.29007 0 -3.9 0 0.042476 0.901365 -0.430972
48.0811 50.7407 42.4809 0.890222 0.460086 -4.5 0 -0.148797 0.297202 0.943149
16.5182 32.7505 35.8978 -0.00631834 0 2.71794 0 -0.977518 -0.17363 -0.119632
30.8949 54.4175 51.7489 -0.0107873 0 -0.8 0 0.426616 0.00307904 0.904427
47.3387 24.9093 37.549 1.47724 0.157113 -3.9 0 0.717504 -0.117521 -0.686569
19.6549 52.5057 39.3833 -0.110982 0 1.8 0 -0.916542 -0.357396 0.179494
64.917 41.0137 33.316 -0.262239 0 3.8 0 0.89559 0.375482 -0.238606
46.414 41.4044 46.1598 1.34213 0.306948 -0.193547 0 0.0610587 0.864702 0.498559
52.6954 32.5589 28.5656 -0.175899 0 3.8 0 -0.472479 -0.787099 -0.396534
25.35 52.063 49.658 -0.159783 0 -3.5 0 -0.417023 -0.688127 0.593779
47.6628 41.2735 47.5967 1.45829 0 -0.8 0 -0.714704 0.69384 0.0882288
48.694 37.453 51.666 -0.0778438 -0.955359 -3.5 0 0.0843548 0.945643 0.314074
28.4436 27.559 41.8596 0.687097 0 1.33359 0 -0.935787 0.00647558 0.352505
38.1016 25.1359 36.0084 0.523766 0.682849 -3.9 0 -0.308521 -0.907069 0.286427
24.208 40.1514 30.8062 1.44427 -0.017141 3.93458 0 -0.812431 0.0394167 0.581723
35.7668 46.4585 25.6 -0.250518 0 4.08102 0 0.927931 0.253237 -0.273523
24.5915 28.5685 50.5835 -0.976091 -0.238179 -3.5 0 0.630116 -0.586879 0.508456
28.6651 58.1976 48.8596 -1.38055 0 -3.5 0 -0.56602 0.333714 0.753828
25.716 29.9478 20.851 -0.0569275 0 -1.6 0 -0.459696 0.0651055 -0.885687
19.5548 53.4035 38.302 -0.168773 0 1.8 0 -0.944589 0.0801643 -0.318316
58.2476 35.4901 26.009 -0.158436 0 4.2 0 -0.685975 -0.0964265 -0.721207
37.7256 19.961 52.4586 -0.184668 0 2.5 0 -0.494169 -0.739511 0.457077
35.9003 36.1053 50.4997 3.28888 0 -1.6 0 -0.268489 0.896035 -0.353603
23.3542 27.6612 32.6614 -0.708998 0 4.2 0 -0.80419 -0.458767 -0.377903
56.999 30.3015 41.5477 -0.00210293 0 4.15142 0 0.0683565 -0.561386 0.824726
55.7635 26.4428 40.4925 0.317574 0 1.88225 0 0.287676 -0.955422 0.0664173
21.135 28.7461 49.8392 -1.31157 -0.199281 -3.5 0 -0.976214 0.00776914 0.216671
20.899 22.231 43.904 0.400354 0 -4.5 0 -0.661409 -0.720125 0.209662
21.4061 34.4022 49.4173 0.403205 0.0497079 -0.107417 0 -0.99882 -0.048448 -0.00346312
25.0575 57.9056 46.1079 -2.0449 -0.0787584 -3.5 0 0.334696 0.354311 0.87318
28.8752 42.3461 58.6104 2.53842 0.112335 -3.9 0 0.420435 0.21538 0.881389
30.244 18.9504 43.5014 1.21297 0.46265 -4.5 0 -0.867452 0.434566 0.242238
33.638 16.6635 44.6543 0.876915 0.0638492 -4.5 0 0.701514 -0.44098 0.559834
33.514 21.185 47.4465 0.174291 -0.16276 -3.73413 0 -0.252878 -0.718949 0.64743
30.9404 37.3084 48.1959 -0.533655 0 1.8 0 0.953943 -0.0202592 0.299303
27.2695 28.9657 44.3245 1.02463 0 2.25134 0 -0.433337 -0.670041 -0.602713
64.0854 44.8956 44.991 0.415034 0.0307703 3.3252 0 0.705946 0.256852 0.660051
14.8164 47.5685 36.446 0.718254 0 -3.9 0 -0.938342 -0.0586585 0.340697
43.203 35.602 34.944 1.12757 0 -4.5 0 0.368687 0.140158 -0.918926
40.7892 39.9435 55.6165 -1.36494 -0.131835 -3.5 0 -0.776638 -0.212968 0.592856
21.1935 32.5298 47.3092 -0.601511 -0.583565 -3.5 0 -0.766636 0.266718 0.584064
61.2487 29.6182 27.3639 -0.512655 0 -3.5 0 0.570517 0.506614 -0.646415
20.6526 34.0324 24.294 -0.0589013 0 0.653167 0 -0.551448 -0.0513307 -0.832628
50.3952 45.095 28.0011 -0.0753819 0 -0.7 0 0.204973 0.354674 -0.912246
30.0161 39.3228 48.4129 -0.0976638 0 1.92139 0 0.436005 0.650982 0.621387
21.1647 38.0555 39.5247 -1.24243 -0.211127 -3.5 0 -0.964958 -0.036315 -0.259878
65.5461 28.8304 31.9484 -0.235339 0 -0.7 0 0.665735 -0.7166 -0.208039
20.6362 37.0868 52.44 -3.86699 -0.203363 1.9 0 -0.982659 0.130021 0.132193
31.3476 55.1637 45.6594 -0.338607 0 -0.4 0 0.242267 0.299597 -0.922794
20.2819 25.6882 43.2109 0.0936098 0.074863 -4.5 0 -0.954829 0.295355 0.0326557
16.5874 31.1481 28.0662 -0.484226 0 2.5 0 -0.58412 -0.473584 -0.659183
59.79 25.973 38.463 -0.0308046 0 3.8 0 0.0210732 -0.967448 -0.252191
21.3673 32.7653 49.1995 0.212423 0.0358488 -3.5 0 -0.982995 0.150977 -0.104528
30.2431 42.9411 50.4625 -0.11184 0 -0.8 0 0.524763 -0.676033 0.517303
58.6814 26.9848 32.4309 -1.17741 0 -3.5 0 -0.406786 -0.731875 -0.546703
22.1084 38.1963 38.4761 -0.278861 0 -4.05175 0 -0.759381 0.424887 -0.49276
38.6586 24.3904 35.3319 0.614847 0 -3.9 0 -0.532458 -0.715419 0.452398
23.6397 24.8455 29.515 -1.14176 -0.375912 0.637869 0 -0.0601561 -0.86697 0.494717
41.869 20.7409 37.8221 0.220934 0 -1.6 0 0.387456 -0.916852 -0.096232
53.8299 33.0522 31.0859 -0.0147397 0 3.8 0 -0.204117 -0.919479 0.335998
46.4225 36.3797 50.108 1.67546 0 0.454479 0 -0.425348 -0.904987 0.00882354
22.198 37.4554 30.3119 0.892871 0 3.8 0 -0.179473 0.639766 0.747321
66.716 32.5126 34.4061 0.665423 0.556952 -3.9 0 0.948771 -0.0104602 -0.315792
67.2197 41.8695 39.7665 0.48518 0 -0.8 0 0.987773 0.15327 -0.0285121
18.1611 32.4404 32.4598 0.217138 -0.291828 0.608545 0 -0.832761 -0.442827 0.332286
55.6908 47.4925 29.313 -0.0896283 0 3.8 0 0.66096 0.477099 -0.579231
38.7735 50.2757 29.6011 0.181641 0 -2.81555 0 0.444793 -0.0751022 -0.892479
65.6074 41.2126 34.2754 -0.260122 0 3.8 0 0.700202 0.154761 -0.69697
52.4647 44.6333 28.7393 -0.0789426 0 3.58559 0 0.549003 0.355811 -0.756303
52.321 44.0342 27.8385 -0.00552849 0 1.8 0 0.544621 0.675482 -0.497104
22.5265 42.4694 21.8983 0.284059 0 -4.5 0 0.21142 0.6527 -0.727519
29.2 42.6114 53.1756 0.164768 0 -3.9 0 0.920077 0.381303 -0.0898073
45.504 35.3235 46.6335 0.404525 0.823703 -3.9 0 -0.302829 -0.412129 0.859328
29.5042 31.0194 21.192 -0.719583 -0.736805 -3.9 0 -0.292557 -0.34556 -0.891627
40.9473 30.8955 55.7215 -0.242025 0 -3.5 0 0.108587 0.93616 0.334386
35.2188 43.0745 21.5877 -1.66454 0 -3.5 0 0.515544 -0.442261 -0.733907
38.108 23.763 34.1055 0.473626 0 -3.9 0 -0.362983 -0.805527 0.468369
38.513 51.9085 48.7433 0.423761 0 -3.5 0 -0.0380591 0.199424 0.979174
46.1152 37.6517 32.5983 -1.15308 0 -3.5 0 -0.757552 -0.417252 -0.502012
57.0281 25.0024 35.8646 0.0359016 0 1.8 0 0.147123 -0.850114 0.50563
23.8037 42.3887 30.8875 1.85337 -0.944569 3.8 0 -0.673471 -0.458748 0.579644
19.7754 39.5589 31.0911 -8.0402 0.0940667 1.8 0 0.535091 0.424305 0.730509
29.0273 50.2487 26.417 -1.13135 -0.335242 -0.7 0 0.0681883 0.329617 -0.941649
44.619 56.2565 49.947 2.52375 0.0838546 -3.9 0 -0.247822 0.716789 0.651765
51.933 48.4895 41.7435 -0.738962 -0.378434 -3.5 0 -0.281883 -0.246037 0.927366
41.21 33.4528 32.8317 0.336067 0 -4.5 0 0.880141 -0.188736 -0.435581
60.1393 26.586 31.297 0.299029 0 -3.5 0 -0.323552 -0.945053 -0.0467897
25.5933 30.2635 40.1565 -2.30159 0 -1.3 0 0.163963 -0.950869 -0.262609
21.4785 47.328 52.0156 -0.918823 -0.343059 -3.5 0 -0.375703 0.851875 0.364904
44.8044 24.285 40.4535 1.19299 0 -3.9 0 -0.304734 -0.702894 0.642711
45.8341 39.5539 30.7084 0.105324 0.560956 -3.5 0 -0.707744 -0.660915 -0.24958
28.0705 28.9589 43.209 2.29305 0 1.9 0 -0.770245 -0.599253 -0.218215
57.7315 44.6311 48.6292 1.0255 0 -3.9 0 -0.0287168 0.919013 -0.39318
25.0203 24.865 30.2235 -0.959922 0 -1.3 0 -0.110028 -0.959038 0.261036
18.8158 36.0065 43.062 1.95674 0 -3.9 0 -0.707612 0.138049 -0.692984
36.2391 22.919 51.337 0.00151853 0 2.5 0 -0.803504 0.0547047 0.59278
65.6022 35.5764 43.2569 -0.754507 -0.587038 -0.7 0 0.943139 0.100934 0.316702
41.2555 20.842 51.8155 -0.312634 0 2.5 0 0.913373 -0.359259 -0.19153
34.7824 56.6475 42.5879 0.0693498 0.0244261 -3.5 0 -0.822527 -0.311735 0.475679
19.8232 40.3514 41.0084 -1.61871 -0.438177 -3.5 0 -0.988656 0.148255 -0.0240649
24.883 26.9503 23.5295 0.513253 -0.000880925 -1.6 0 -0.569591 -0.619213 -0.540501
58.106 49.0207 42.4065 0.126339 0 -0.7 0 0.434223 0.886063 0.162305
36.4479 45.5465 25.5875 -0.175588 0 -3.5 0 0.820643 0.554365 -0.138654
65.2465 33.843 40.8775 -0.0934006 -0.381169 1.68121 0 0.864946 -0.472628 0.168794
68.1061 44.3543 42.6369 -0.187853 0 -0.8 0 0.874853 -0.0591323 0.480766
43.1195 39.2192 30.639 -0.0683412 0 -0.4 0 0.775499 -0.563213 -0.285292
42.7557 28.7406 35.4456 0.465143 0.0166864 -3.9 0 0.376301 -0.0990964 -0.921183
43.2295 33.861 50.4651 2.25663 0 -3.9 0 0.911021 -0.242832 -0.333278
61.199 26.4102 41.0008 0.0179658 0 3.8 0 0.582391 -0.418257 0.697052
51.7706 44.1613 42.8696 0.183114 0 3.48857 0 -0.212768 0.859323 0.465074
65.8339 46.326 43.5081 0.423016 0 -0.8 0 0.502765 0.497111 0.707183
47.1515 26.7819 47.8964 0.355128 0 -4.5 0 0.944 -0.32992 0.00401294
30.3342 28.6537 24.842 -1.34001 0 -3.5 0 0.143602 -0.893276 -0.425953
30.2846 35.7865 21.7904 0.306733 0 -3.5 0 0.0916845 0.513976 -0.852891
50.6046 49.2583 33.4745 0.313254 0.464011 1.8 0 -0.45199 0.830418 0.325748
55.7106 46.1849 29.539 -0.10744 0 3.8 0 0.563223 -0.0386179 -0.825402
56.6891 30.975 42.4919 0.102642 0 4.5 0 0.204545 -0.778213 0.593756
47.0695 26.1315 41.127 0.829743 0 -3.9 0 0.596805 -0.0191098 0.802159
42.6665 42.13 26.3045 0.109576 0.47162 -1.01 0 -0.353053 -0.197439 -0.914533
32.0622 56.2308 36.3857 -0.350268 0 2.8 0 0.427202 0.692306 -0.581559
58.691 26.504 37.3737 0.223334 0 3.15094 0 -0.0782263 -0.994659 -0.0673324
31.7329 29.2307 50.6161 -0.426242 0 2.8 0 0.217336 -0.39604 0.892142
20.7202 48.7719 31.617 -0.460416 0 -3.5 0 -0.743687 -0.28798 -0.603321
33.2114 22.022 37.7554 0.0193859 0 2.5 0 0.729165 -0.573209 -0.373831
39.3327 23.22 34.241 0.493002 0 -3.9 0 -0.518893 -0.831384 0.198876
23.7775 37.4505 31.771 0.746884 0 3.8 0 -0.632326 0.703301 0.324856
33.5654 34.2347 51.7325 0.707026 0 -1.6 0 -0.825679 0.381216 0.415847
44.7912 48.137 45.1982 0.0960137 0 -3.5 0 0.65266 0.422581 0.628856
61.1746 26.383 31.0149 0.0994857 0 -3.5 0 -0.347446 -0.933979 -0.0834503
26.2455 43.3535 55.0569 0.273979 0 -3.9 0 -0.210583 0.812637 0.543393
29.4335 55.942 36.2395 -0.669531 0 2.8 0 -0.617584 0.389348 -0.683373
20.1511 44.9622 29.4355 -0.0149637 0 1.8 0 -0.534749 0.759505 0.370399
38.6145 39.7012 24.3349 -0.114204 0 4.2 0 0.842191 0.0526126 -0.536606
65.1555 29.0208 33.3446 0.264761 0 -0.7 0 0.684658 -0.634699 0.358329
61.148 40.7948 47.1771 0.165558 0 4.2 0 0.472932 -0.486678 0.734493
13.409 35.682 29.687 -1.15224 0 -3.5 0 -0.358682 0.508783 0.782615
60.6349 39.1774 22.8316 -0.151189 0 3.8 0 -0.336066 -0.782479 -0.5242
17.8785 49.9912 46.7603 1.99202 0.181516 -3.9 0 -0.895229 0.418549 0.152909
34.7323 34.2244 18.2225 0.644977 0 -3.9 0 -0.0365137 -0.0687724 -0.996964
32.213 42.96 49.878 -1.04658 -0 -3.9 0 -0.384454 -0.304009 0.87165
64.2523 50.0724 43.9652 -1.10854 -0.176624 -3.5 0 0.365327 0.876823 -0.312598
45.5605 35.325 52.1297 0.525057 0 -3.5 0 0.110187 -0.874366 -0.472592
60.5583 49.2603 41.2323 -1.14449 0 -3.5 0 -0.0910929 0.901618 0.422832
35.069 20.745 44.118 0.0551469 0 -4.5 0 0.900791 -0.280895 -0.33117
66.2751 43.1641 36.4523 -0.438241 0 3.8 0 0.574424 0.579432 -0.578183
36.1582 54.2305 49.4181 -0.862325 -0.109783 -1.6 0 0.392295 -0.217687 0.89371
32.2279 30.9391 21.6925 -0.0419624 0 -3.9 0 0.39786 -0.78716 -0.471261
65.2507 43.6445 30.449 -0.203751 0 3.8 0 0.879723 0.3897 -0.272435
49.2692 45.0325 27.7932 0.107088 0 -0.7 0 -0.066171 0.245053 -0.967249
44.0016 41.1727 54.702 -0.937209 0 -3.5 0 0.954619 0.16385 -0.248706
20.681 36.3219 46.4644 1.37321 0 4.2 0 -0.705639 0.160041 0.690261
66.5155 43.9945 37.0868 -1.3987 0 -3.5 0 0.483126 0.0713513 -0.872639
28.2785 27.1565 50.8947 -0.77734 -0.0238162 -3.5 0 -0.587095 -0.296292 0.753346
23.7862 37.6301 45.344 -0.306312 0 4.00335 0 -0.67795 0.667564 -0.307802
49.232 35.7702 25.88 -0.221222 0 -3.5 0 0.395881 -0.460073 -0.79474
51.6495 50.9157 35.1143 -0.49879 -0.847122 -2.99555 0 -0.661103 0.709099 -0.245196
56.8764 46.9601 31.5075 -0.150845 0 3.8 0 0.381506 0.76613 -0.517202
35.409 57.0015 37.9378 -0.24624 0 -3.5 0 -0.336138 0.709235 -0.619675
43.309 50.4272 45.0648 0.601402 0.141358 -3.70034 0 0.821009 -0.169205 0.545265
21.8764 35.7438 52.7954 -1.33566 0 1.9 0 -0.394836 -0.810923 0.431867
30.6127 54.6711 33.5365 -1.17173 -0.625414 -1.3 0 0.266225 0.951017 0.157135
39.576 41.3669 51.6964 -0.203574 0 1.21234 0 -0.728601 0.455194 0.5118
41.3862 49.9081 33.4416 1.49053 0 2.5 0 0.78269 0.622361 0.00794472
51.844 34.1177 50.6683 0.220617 0 3.8 0 0.0853699 -0.229784 0.96949
31.887 17.6147 45.552 0.305901 0 -4.5 0 -0.472818 -0.368966 0.800192
20.354 45.0573 33.9048 0.852361 0.0297939 -3.9 0 0.156224 -0.366024 -0.917399
63.0955 24.6114 35.3071 -0.0893141 0 -3.5 0 0.0694554 -0.704153 0.706643
35.0197 47.1429 49.7745 0.466975 0 -3.9 0 0.478762 -0.262443 0.837801
22.093 53.5735 49.458 -0.531833 0 -3.5 0 -0.922342 -0.385463 -0.0265395
55.7739 25.4398 34.3939 -0.00847919 0 1.8 0 -0.626494 -0.597896 -0.500026
61.2615 48.5392 45.583 -1.95391 -0.234473 -3.5 0 -0.857559 0.332073 0.392835
35.672 25.5968 38.7308 0.51738 0.35412 4.2 0 0.216722 -0.975999 -0.0213974
57.9391 27.9875 32.3044 -1.5165 0 -3.5 0 -0.764037 -0.342709 -0.546624
56.7005 46.253 44.0768 -0.879718 -0.724121 -0.7 0 -0.41563 -0.300517 0.858453
55.7265 25.7134 36.3571 0.0864793 0 1.8 0 -0.444123 -0.747352 0.494186
52.3397 46.4155 28.9375 -0.119641 0 1.71234 0 0.301326 0.269271 -0.914711
56.2665 46.9767 30.3013 -0.106674 0 3.8 0 0.771188 0.473712 -0.425284
24.0064 27.268 43.8494 -0.0609601 0 -3.5 0 0.868745 -0.340726 -0.359429
45.5911 25.6506 41.5083 1.01871 0 -3.9 0 0.369931 -0.47056 0.801077
28.7605 29.602 51.044 -0.280525 -0.28406 0.0812984 0 -0.331506 -0.129201 0.934564
62.4354 30.6241 29.494 0.167818 0 -0.7 0 0.183591 0.184283 -0.965574
44.5838 30.2165 50.5065 0.951838 0 -0.9 0 0.829988 0.385366 0.403252
60.286 29.7512 41.6043 0.142207 0 3.8 0 0.23229 -0.192249 0.953458
18.6075 41.9173 37.479 -1.57794 -0.141203 -3.9 0 -0.8393 -0.533979 0.10219
21.6682 45.7038 32.1845 0.463075 0 4.2 0 -0.712398 -0.648914 0.267206
17.9625 29.799 29.469 -0.627235 -0.0764774 2.5 0 -0.582226 -0.812466 0.0301931
20.8086 21.8107 35.1595 0.208503 0 -3.9 0 -0.940528 0.0644922 0.333539
19.817 28.874 41.677 -0.838161 -0 -3.9 0 -0.824421 -0.466503 0.320476
46.5906 42.9647 27.1985 0.526287 0.431305 -3.5 0 0.402847 0.684222 -0.60791
24.4341 19.6124 34.8896 0.575697 0 -3.9 0 0.502737 -0.863947 -0.0291827
39.5905 23.8752 41.2492 0.0152439 0 -2.88244 0 0.184039 -0.740793 0.64603
36.1256 35.3315 47.7685 8.56371 0.554661 -0.9 0 -0.287046 0.883543 0.370077
34.774 35.267 49.978 3.00618 0 -1.6 0 -0.561027 0.678214 -0.474631
35.0881 35.7313 47.1014 8.1901 0 -0.9 0 -0.168522 0.531029 0.830427
25.1345 43.6245 22.579 -1.86946 -0.799769 -3.5 0 -0.0608728 0.230176 -0.971243
63.3896 43.5075 36.8208 -0.239799 0 0.533337 0 -0.137544 0.504773 -0.852224
17.631 36.0191 36.832 -0.0543748 0 -4.5 0 -0.480943 0.835094 0.267043
27.3953 56.8105 49.0317 -0.283659 0 -1.97395 0 -0.515369 0.732241 0.445217
35.098 54.8095 43.826 0.0757421 0 -1.6 0 -0.837979 0.385207 -0.386532
46.1875 26.448 49.7145 0.700624 0 -4.5 0 0.786675 -0.237703 0.569771
43.383 28.7765 51.8853 0.168483 0 -0.9 0 0.906228 0.223147 0.359105
46.3932 49.5855 42.6908 0.831175 0.916878 -0.4 0 0.438399 -0.016964 0.898621
25.145 24.7529 28.6015 -0.0847785 0 -1.3 0 0.0231627 -0.996447 -0.0809729
60.871 28.704 41.7573 0.0439364 0 3.8 0 0.20029 0.0761887 0.97677
28.5362 31.7965 51.961 -0.0294824 0 -0.8 0 0.361309 -0.619806 0.696633
36.6904 34.6245 53.2327 0.292207 0 -1.6 0 0.49232 0.102244 0.864389
27.0845 41.1533 57.6517 2.06923 0 -3.9 0 -0.44117 -0.375802 0.814949
21.7708 34.201 22.7798 -0.157582 0 -1.3 0 -0.60554 -0.0852589 -0.791234
23.657 21.9189 45.049 0.287492 0 -4.5 0 0.394096 -0.896577 0.202087
45.464 37.3462 28.7467 -1.80533 -0.558583 -3.5 0 -0.961165 0.219398 0.167411
20.2675 29.5107 33.1965 -0.523954 0 -0.4 0 -0.635478 -0.767006 0.0887154
18.9814 29.5564 28.5451 -1.38013 -0.453412 2.5 0 -0.502139 -0.707533 -0.497246
55.782 43.322 28.243 -0.0909197 0 1.8 0 -0.180278 0.645565 -0.742123
46.4881 32.2796 34.0816 0.486988 0 -0.4 0 -0.477601 -0.246097 -0.843406
45.1594 23.4395 39.2155 2.09942 0.037416 -3.9 0 -0.469352 -0.882976 0.00788784
48.954 36.5285 55.2692 -1.41874 -0.611161 -3.5 0 0.750762 -0.397218 0.527801
25.9028 34.8285 22.627 -0.31738 -0.0214526 -1.95342 0 0.0896862 -0.800523 -0.592554
54.9432 33.54 32.7551 0.135412 0 3.8 0 -0.359758 -0.726658 0.585272
37.2214 26.8454 56.927 -0.155147 0 -3.5 0 -0.117895 -0.219064 0.968562
18.0269 44.1582 28.3269 -0.0422494 0 1.8 0 -0.710361 0.677257 0.191597
18.0068 48.9385 32.8605 0.906328 0 -3.69992 0 -0.403458 -0.0410864 -0.914075
25.5625 22.75 40.061 0.0844624 0 -3.5 0 -0.195138 -0.51759 0.83308
31.9895 47.7275 24.4565 -0.136536 0.0344821 3.76136 0 -0.340041 0.744721 -0.574249
37.3778 23.7451 45.2559 0.0027505 0.371303 -0.823183 0 0.596866 -0.724001 -0.345796
22.3943 21.9303 44.0228 0.757192 0 -4.5 0 -0.0368528 -0.969817 0.241033
52.5119 26.815 42.5259 -0.242885 0 -0.8 0 0.143653 -0.625032 0.767267
21.6815 43.7598 25.607 -0.85386 -0.871776 -3.5 0 -0.683873 0.683883 -0.254208
31.0435 33.2876 49.7274 0.798043 -0.0604152 1.58076 0 0.780166 0.622434 -0.0625859
45.894 42.7145 25.751 0.342101 0.00556035 -3.5 0 0.3825 0.680894 -0.624561
33.7363 20.6745 42.2918 -0.124849 -0.167991 -4.5 0 0.412637 -0.067751 -0.908373
22.3244 38.437 46.5591 -0.335871 0 4.2 0 -0.389248 0.476178 -0.788505
20.565 26.804 43.24 -0.40713 -0.161357 -3.57196 0 -0.993948 0.104669 0.0333528
43.4422 49.4103 32.3931 2.89154 0.0134137 -3.9 0 0.0892397 0.976247 0.197429
19.446 50.4266 30.6089 0.277397 0.273517 -3.5 0 -0.397772 -0.666928 -0.630067
42.4451 33.7557 47.8106 2.04457 0 -3.9 0 0.990756 -0.134949 -0.0138225
47.7028 28.6365 43.1175 0.549675 0 0.147474 0 0.06043 -0.991448 -0.115666
22.3025 49.2137 30.5605 -0.431447 0 2.60401 0 -0.0694338 0.42136 -0.904232
35.0685 27.0665 56.05 -1.08513 -0.0545895 -3.5 0 -0.63647 0.628822 0.446643
54.8005 38.1415 50.7835 0.0609413 0 -3.5 0 0.822491 -0.389155 0.414809
45.243 35.705 55.034 -0.0951734 0 -3.5 0 -0.128138 -0.732132 0.669002
54.0793 49.433 43.0293 0.594568 0.673271 -3.5 0 -0.462877 -0.169639 0.870039
46.9603 34.7615 52.8089 -1.31288 -0.138459 -3.5 0 0.0529444 -0.992608 -0.109204
32.851 44.0365 51.1925 -1.31327 -0.0467737 -3.9 0 -0.292502 -0.350637 0.889661
31.1065 34.7443 50.7832 -2.97286 -0.131584 -0.8 0 0.953956 0.230446 0.191997
62.4907 35.8375 26.5641 -0.578039 -0.0172698 4.2 0 0.763539 -0.548476 -0.340855
55.5654 48.6609 32.2004 0.0120055 0 1.8 0 0.71946 0.382249 -0.579882
66.8914 37.7016 41.7034 0.152853 0 -0.4 0 0.371966 0.257457 0.891828
64.0729 48.0769 40.2724 0.393254 0 -3.5 0 0.253697 0.965467 0.0592514
67.17 31.5155 31.031 -0.154754 0 -0.7 0 0.921464 0.200271 -0.332859
15.6554 31.8755 28.2372 -0.615581 0 -1.69003 0 -0.364856 -0.721404 -0.588605
60.712 44.932 47.3022 0.0693923 0 4.2 0 0.154885 0.794322 0.58742
26.7455 22.309 35.047 0.143686 0 -3.83203 0 0.420404 -0.443293 -0.791676
28.298 45.55 51.836 -0.852633 -0.916795 -0.8 0 0.0770724 0.218869 0.972706
61.957 51.9442 39.164 -1.19264 0 -3.5 0 0.500889 0.355392 0.789181
52.7412 46.2566 41.6755 0.318534 0 -0.9 0 -0.282462 0.32955 0.900895
26.1329 27.582 21.5524 0.0809862 0 -1.6 0 0.126336 -0.686128 -0.716427
30.1926 27.9128 25.9818 -3.74916 -0.0795655 -3.5 0 0.24664 -0.819547 -0.517215
20.4452 28.1175 43.3335 -0.629922 -0.916174 -3.5 0 -0.887695 -0.433691 -0.15463
28.1805 19.463 36.3995 0.418706 0 -3.5 0 0.555556 -0.821536 -0.128204
64.1036 38.5201 27.117 0.055728 -0.385034 3.95924 0 0.642277 -0.410596 -0.647218
48.6869 44.1971 44.2132 0.903089 0 1.9 0 -0.379395 0.912043 0.155679
30.9592 49.1031 26.3839 -0.153084 -0.312014 1.14445 0 -0.0340262 0.459309 -0.887625
38.8298 32.68 27.2565 0.435431 0 -3.9 0 0.870928 0.444843 -0.208805
43.9475 26.7778 51.7168 0.244254 0.760683 -4.5 0 0.755683 -0.157299 0.635767
30.1982 41.988 47.6725 -0.522463 -0.494707 1.0016 0 0.223834 -0.62102 0.751154
15.4705 49.21 34.2303 2.43298 0.0735201 -3.9 0 -0.854563 0.475917 -0.207906
42.936 27.6436 35.36 0.167171 0.297012 -2.79759 0 0.357704 0.381608 -0.852305
65.5725 48.2945 37.3225 -0.364032 0 -3.5 0 0.176206 0.675456 -0.716038
16.0449 34.393 34.6724 0.574827 0.630893 -4.5 0 -0.973154 0.15006 -0.174511
50.096 41.6595 50.3955 -0.34884 -0.432122 -0.8 0 0.0853808 0.639539 0.764003
41.4675 47.2518 47.1068 0.834896 0 -3.5 0 0.0770885 0.292171 0.953254
66.2952 39.164 37.098 -0.140454 0 3.8 0 0.610043 -0.291226 -0.736909
36.2815 52.6804 30.7496 0.0497322 0.337172 -1.57509 0 -0.0606228 0.9952 -0.076829
37.194 50.532 49.215 2.07516 0.921238 -3.9 0 0.425478 0.0723722 0.90207
44.786 26.0799 42.3546 0.35779 0 1.83076 0 0.666149 -0.649523 0.366559
29.107 54.6731 30.9741 -1.27494 -0.47043 -3.39244 0 -0.569217 0.807325 0.155621
24.6716 46.7079 51.278 0.224082 0 -0.200734 0 0.454071 0.668869 0.588586
29.4231 42.1846 50.9421 -0.0828266 0 -3.33835 0 0.91237 -0.405623 0.0552366
26.184 55.893 47.207 -0.40198 0 -3.5 0 -0.536618 0.740136 0.405265
33.2235 23.7083 50.2433 -1.52689 0 0.574451 0 0.277191 -0.0732784 0.958016
50.6982 38.139 26.0112 0.102247 0 -3.5 0 0.17522 0.238294 -0.955256
42.3527 31.0326 47.4505 1.20641 0 -2.60319 0 0.868957 0.490868 -0.0629546
47.7386 25.5806 38.2915 1.75787 0 -3.9 0 0.898852 -0.0816767 -0.430575
50.5329 44.308 45.7464 0.389263 0 1.05595 0 -0.407652 0.899375 0.15794
42.6053 39.729 27.2876 -0.331065 0 -3.5 0 0.665979 -0.687077 -0.290512
24.1982 24.3065 45.163 0.435004 0 -4.5 0 0.939595 0.0450029 -0.339316
21.3923 29.0876 52.2686 0.220341 0.731809 -3.5 0 -0.570553 -0.0953469 0.815707
45.5897 46.2875 42.4562 0.270368 -0.141235 -0.712135 0 0.988282 -0.138948 0.0631859
19.8696 47.8368 45.4421 0.557734 0 -3.9 0 -0.547091 -0.673524 -0.497049
23.5314 45.8402 41.2448 0.350374 0 1.9 0 -0.938886 0.31061 0.14837
61.1413 38.2014 24.535 -0.143758 0 3.99907 0 -0.0525865 -0.669222 -0.741199
33.176 23.923 34.727 -0.343358 0 4.2 0 0.34458 -0.933697 0.0973425
21.7283 54.2702 33.6071 -0.283191 0 -1.45252 0 -0.54641 0.764696 -0.341579
42.6143 34.8532 48.74 1.9724 0 -3.9 0 0.961088 -0.213687 -0.175065
27.12 31.4608 21.4711 0.0148511 0 -1.6 0 -0.0622647 0.644436 -0.762119
60.7911 33.7611 27.4881 -0.43559 0 4.2 0 0.610962 -0.789436 -0.0593008
68.541 45.8655 38.2282 -1.34519 -0.560252 -3.5 0 0.972317 -0.202684 0.116267
23.0475 51.2031 40.4886 -0.341625 -0.0250653 0.114407 0 -0.561145 -0.825579 0.0594536
47.335 34.8595 53.9342 -1.18212 -0.015292 -3.5 0 0.186124 -0.951109 0.246473
53.3021 39.0008 24.9471 -0.561783 -0.830633 -0.7 0 -0.687783 0.194118 -0.69948
42.6395 51.1745 35.698 0.884653 0.762417 -1.20107 0 0.475243 0.155365 -0.866029
32.3047 55.299 29.8447 -1.26867 0 -3.5 0 0.430437 0.902584 -0.00806941
23.9517 41.2025 30.5975 7.13705 -0.18627 3.8 0 -0.461643 -0.108285 0.880432
28.5098 27.9205 43.1227 3.56614 0 1.9 0 -0.975754 -0.186056 -0.115272
36.867 46.912 29.129 0.776206 0 0.454154 0 0.702773 -0.433129 -0.564367
54.9622 32.1973 35.4818 0.0156485 0 3.8 0 -0.526298 0.286089 -0.800727
28.5276 43.7174 55.5664 1.33972 0.374343 -3.9 0 0.217702 0.968163 -0.123555
29.8689 16.14 43.4733 -0.304295 0 -4.5 0 -0.693013 -0.313604 0.649142
46.6485 34.687 47.779 4.27381 0 3.8 0 -0.858073 -0.404189 0.316768
37.5918 53.3293 31.1215 -0.0470222 0 -0.4 0 -0.574755 0.802299 -0.161161
29.1415 56.5423 37.163 -0.617024 0 2.8 0 -0.63985 0.621798 -0.451618
21.8853 47.3527 45.1953 -0.257623 0 -3.9 0 -0.365813 -0.626605 -0.688148
24.5 29.6535 38.7594 -3.75292 0 -0.725918 0 0.820301 -0.427214 0.380255
63.834 36.4492 27.2528 -0.98925 -0.208606 4.2 0 0.471066 -0.470947 -0.745859
59.2207 46.5235 44.407 -0.106309 -0.858085 -0.7 0 -0.0995271 0.526542 0.844303
29.7057 50.1129 51.2528 0.296108 0.231216 -3.5 0 0.453046 0.437911 0.77652
58.3213 29.5553 41.5537 0.233754 0 3.8 0 -0.271497 -0.281928 0.920221
58.1695 28.033 41.4275 0.223549 0 3.8 0 -0.304554 0.252691 0.918365
56.7378 41.2406 26.5571 0.256817 0 0.561833 0 -0.372986 0.860686 -0.346555
62.4755 36.9787 26.0462 -0.425849 -0.000625619 4.2 0 0.636197 -0.205911 -0.743541
42.6538 40.8616 50.4851 0.275771 -0.235791 -3.5 0 0.603448 0.644566 0.469451
20.1115 23.8115 40.383 0.0485348 0 -4.5 0 -0.945899 -0.184815 -0.266679
22.3245 54.6125 43.4815 -0.290141 0 -3.5 0 -0.91289 -0.379773 0.14968
20.2844 29.4643 27.4077 -0.702759 0 2.72361 0 -0.71894 -0.414419 -0.558016
47.239 37.9685 26.9635 -0.91225 0 -3.5 0 -0.532856 0.206012 -0.820746
50.3543 27.978 40.7404 0.249295 -0.0258517 -0.8 0 -0.791883 -0.610005 0.0285599
57.8279 42.2993 26.7461 -0.133972 0 3.8 0 -0.600415 0.779173 -0.179975
49.671 37.882 51.602 -0.606727 -0.840862 -3.5 0 -0.537115 0.577299 0.615007
60.7991 35.377 46.1814 0.0764614 0 0.79581 0 -0.102831 -0.484366 0.868801
66.691 39.8867 31.4555 -1.45534 -0.253983 3.8 0 0.824386 0.520619 0.222136
49.0356 34.1761 28.012 -0.442651 0 -3.5 0 0.22884 -0.801054 -0.553122
20.3086 42.9048 25.6114 -0.210384 0 -3.93135 0 -0.475956 0.792001 -0.382362
27.9105 45.5177 25.561 -0.23141 0 -3.5 0 -0.518096 0.63581 -0.572121
15.952 48.503 33.39 2.65905 0 -3.9 0 -0.599054 0.159248 -0.784713
31.177 48.993 49.9352 0.00824575 0 -3.5 0 0.616639 0.461405 0.637858
55.1527 43.136 46.7397 -0.476649 0 -3.5 0 0.654693 0.72133 -0.225964
50.0153 31.699 33.7701 0.0495154 0 4.5 0 0.193897 -0.874188 -0.445196
31.2237 22.3937 34.9548 -1.35693 -0.144463 -3.5 0 0.528846 -0.77084 -0.355144
19.8801 25.2041 44.5216 0.258814 0.233615 -4.5 0 -0.861877 0.465904 -0.200253
40.6865 47.576 29.3265 0.650641 0 -3.9 0 -0.452523 0.25701 -0.853914
26.1671 56.9516 43.962 -1.12339 -0.780644 -3.5 0 0.563999 0.64956 -0.50988
15.206 33.7839 27.2232 -0.335037 0 -3.5 0 0.0875815 -0.132657 -0.987285
24.3061 22.836 45.8882 0.570363 0 -4.5 0 0.752629 -0.430534 0.498187
34.6423 30.1057 28.9236 -0.33064 0 -3.9 0 -0.248333 -0.902513 -0.351854
61.534 48.8155 44.2598 -1.00857 -0.445175 -3.5 0 -0.783528 0.620373 0.0349463
49.4784 44.9644 41.075 1.23654 0.469279 -0.9 0 -0.805238 0.530042 0.265795
42.193 27.4306 34.6446 0.0873207 -0.423582 -2.63364 0 0.654947 0.353164 -0.668071
53.7487 46.3036 47.4481 -0.943967 -0.01882 -3.5 0 0.619011 0.779578 -0.0953061
35.717 45.3975 27.8541 0.654718 0 -1.22561 0 0.993654 0.0205223 0.11059
43.2575 31.6446 50.0238 1.11195 0 -1.33757 0 0.792753 0.553964 -0.254297
63.2319 39.1229 34.7088 -0.00885164 0 3.8 0 0.921818 -0.296709 -0.249431
31.7022 40.4497 47.7578 -0.108805 0 2.8 0 -0.668821 0.234974 0.705313
39.7528 28.6047 57.3068 -0.153745 -0.2567 -3.5 0 0.15384 -0.0423381 0.987188
20.6066 53.4702 31.9526 -0.398324 0 -3.5 0 0.48305 0.825297 -0.292485
36.7238 37.746 46.6533 2.34665 0 -0.9 0 -0.255838 -0.00727484 0.966692
30.6222 15.1505 43.2245 0.00649546 0 -4.5 0 -0.568799 -0.578165 0.584972
29.0963 37.848 52.1032 0.146366 0 1.37278 0 0.836296 0.00642847 0.548241
50.1577 28.8266 37.7349 -1.39627 -0.0943739 1.8 0 -0.482806 -0.660617 -0.574877
28.8579 35.7321 52.4431 -0.411682 0 -0.547886 0 0.77747 0.0393508 0.627688
33.1681 24.2406 31.537 0.243589 0.438871 1.61154 0 0.354961 -0.920016 -0.166051
23.26 23.342 32.245 -0.0788034 0 -3.9 0 -0.385628 0.12979 -0.91348
39.3555 30.0098 32.0622 0.424517 0.039198 -4.5 0 0.848124 -0.387017 -0.361805
42.6821 34.9406 47.3699 2.58574 0 -3.9 0 0.879517 -0.342778 0.33008
20.747 54.292 37.8475 0.0298905 0 1.8 0 -0.543801 0.801737 -0.247987
29.6609 54.0006 41.864 -0.469944 0 3.08296 0 0.69666 0.580039 0.422161
26.0251 49.1823 50.0028 -0.561462 -0.163676 1.00581 0 -0.463488 0.523094 0.715228
49.3354 49.0109 33.7039 1.03428 0.789761 1.8 0 0.13931 0.935555 0.324547
20.9135 38.3215 47.901 -0.272337 0 4.2 0 -0.900072 0.389433 -0.195478
56.604 35.4147 47.4593 0.10164 0 1.8 0 0.0377192 -0.15655 0.98695
26.9045 35.3855 21.382 -0.381383 0 -3.5 0 -0.0521947 -0.549776 -0.83368
35.821 53.166 32.483 -0.0191503 -0.227831 1.26728 0 -0.109233 0.893531 -0.435512
49.186 49.8768 43.0358 0.919895 0.576581 -4.5 0 0.294273 0.146199 0.944473
20.9632 51.2685 30.7173 -0.0687863 0 -3.5 0 0.695426 0.00251185 -0.718593
25.4433 57.5843 43.2122 -1.43156 -0.902809 -3.5 0 0.654027 0.592845 -0.469876
28.1898 53.6022 51.2975 0.163842 0 -0.8 0 -0.376195 -0.158892 0.912814
32.0041 16.108 41.2499 -0.0568278 0 -4.5 0 0.414497 -0.117777 -0.902397
20.941 45.5894 30.0449 -0.0443713 0 4.2 0 -0.962457 0.239695 0.127366
42.6546 34.1049 46.6306 2.99863 0 -3.9 0 0.852779 -0.332497 0.402757
39.7661 30.4125 27.3079 0.238794 0 -3.9 0 0.953604 -0.301065 -3.81942e-05
26.0343 44.069 54.3275 0.0755091 0 -1.2133 0 0.30353 0.732985 0.608771
34.6229 53.497 32.7561 0.0444537 0 -0.7 0 0.0766264 0.977376 -0.197139
20.243 49.0003 36.4185 0.149593 -0.235865 4.2 0 -0.644234 0.569469 0.510557
41.538 42.3722 53.1161 -0.0254619 0 -3.5 0 -0.0879067 0.957599 0.274367
26.2575 50.4092 30.148 -0.273271 0 -1.00007 0 -0.891461 0.161777 -0.423231
36.7503 25.6564 39.1903 0.250582 0 -3.5 0 -0.280593 -0.916842 -0.284021
36.4949 24.762 32.9856 0.140025 0.00934767 -3.9 0 -0.514215 -0.85749 -0.0171733
59.2985 44.3614 47.1146 0.192773 0 4.2 0 -0.569879 0.803048 0.174219
27.0115 54.0233 36.1727 -1.27612 -0.000295655 2.8 0 0.227364 0.8943 -0.385401
57.1734 30.2847 31.17 -0.38245 0 0.288346 0 -0.862803 -0.503676 -0.0433795
53.2677 45.5028 29.0416 -0.110586 0 3.8 0 0.260932 -0.127556 -0.956893
27.5765 43.4901 22.4405 -0.455346 0 3.8 0 -0.535717 0.22733 -0.813221
34.5454 50.8401 27.3375 0.352083 0 4.2 0 0.462744 0.771055 -0.437427
65.4771 30.3559 36.9601 0.889859 0 -3.9 0 0.368138 -0.90674 0.205661
44.6025 52.1828 47.2043 1.01032 0 -3.9 0 0.296074 -0.953725 0.052429
28.102 25.735 26.8943 7.04215 0 -1.3 0 0.591935 -0.587121 -0.552179
42.7918 49.147 34.2219 1.32016 0 -0.9 0 0.309074 0.906517 -0.287577
26.7202 51.8348 50.386 0.494877 0 -3.5 0 -0.393065 -0.256053 0.88314
60.6227 46.553 44.7891 -0.141094 0 4.2 0 -0.500348 0.528219 0.68603
54.0984 46.548 41.7815 0.053413 0 -0.9 0 -0.463454 0.309707 0.830236
26.3118 43.4935 22.7579 -1.14073 -0.166832 -3.5 0 0.00256104 0.206162 -0.978514
58.8418 25.996 33.8271 -0.143296 0 -2.06677 0 -0.0723522 -0.887709 -0.454684
65.3724 33.8751 46.0425 -0.0663736 0 -0.7 0 0.778305 -0.582698 0.233889
39.1011 24.3573 53.5454 -0.0653892 0 -3.5 0 0.786685 -0.467137 0.40362
22.1313 22.7605 35.9692 0.752472 0 -3.9 0 -0.473825 -0.100714 0.874841
35.4726 56.9202 45.6719 0.0208 0 -1.6 0 -0.539737 0.829676 0.142553
59.6185 31.0306 26.8386 -1.96469 -0.712374 -3.5 0 0.350167 0.331273 -0.876151
18.8425 29.6415 44.8185 -0.152196 0 -3.9 0 -0.907635 -0.390084 0.155028
25.154 49.826 31.331 -0.39106 -0.437175 -1.25064 0 -0.312437 0.245491 -0.917669
23.2008 20.4587 31.86 2.30347 0.147402 -3.9 0 0.158512 -0.206768 -0.965464
62.674 42.6309 35.111 -0.225179 0 3.8 0 0.240908 0.92986 0.278071
67.9833 36.0023 40.6275 0.0716425 0 -0.4 0 0.767389 -0.506851 0.392704
31.067 42.1408 21.5783 -0.290848 0 3.8 0 0.387516 -0.197433 -0.900473
57.2481 27.0219 41.4216 0.169005 0 3.8 0 -0.293873 -0.159707 0.942408
48.535 36.2412 51.3358 0.119188 0 2.66008 0 0.705346 -0.668655 0.235347
66.4065 41.5605 34.9125 -0.258796 0 3.8 0 0.695176 0.264231 -0.668515
63.9886 48.3802 39.0752 -0.127267 0 -3.5 0 0.142197 0.924922 0.352562
25.6103 48.8408 29.413 -0.338591 0 -0.7 0 -0.794648 0.514668 -0.321948
23.4338 23.6532 39.147 -0.378005 0 -4.19107 0 -0.685508 -0.577516 -0.443345
36.6051 45.0369 26.4739 0.0693514 0 -3.5 0 0.823998 0.394118 0.407061
22.859 23.5392 28.191 -1.56845 -0.917317 2.8 0 -0.090988 -0.977937 0.188043
32.3625 45.1375 51.0705 -0.685782 -0.89213 -3.9 0 -0.0720256 0.153614 0.985502
63.115 37.9715 26.1865 -0.528221 -0.000162051 3.8397 0 0.632933 -0.380278 -0.674377
32.6888 28.691 27.4673 -0.310981 0 -2.3309 0 0.83047 -0.523089 -0.191565
27.2964 25.0299 27.4041 3.40536 0 -1.3 0 0.227093 -0.88778 -0.400344
21.3956 26.7504 26.4896 -1.11015 0 2.8 0 -0.56572 -0.219044 -0.794972
51.2861 48.6075 31.3125 -0.21664 -0.672489 1.05294 0 -0.264407 0.593659 -0.760038
45.599 52.2627 48.0412 1.35643 0 -3.9 0 0.323009 -0.939905 0.110649
28.653 36.7982 54.32 -0.440096 0 1.9 0 0.92473 -0.344192 0.162502
37.1025 57.1406 47.5645 -0.00034733 0 -1.6 0 0.0247562 0.78255 0.622095
49.6185 43.3481 26.8781 0.288026 0 1.8 0 -0.459099 0.604515 -0.650991
41.6484 24.9053 42.1101 -0.697316 0 4.5 0 -0.0935059 -0.866818 0.489779
16.881 36.291 32.5137 0.332214 0 1.8 0 -0.951365 0.0615355 0.301857
18.7184 28.0265 38.8739 -0.476824 -0.27906 -0.716695 0 -0.909926 -0.397695 -0.117789
24.228 30.769 23.108 -0.113202 0 -1.6 0 -0.859057 0.0159885 -0.51163
32.7378 48.109 49.9837 0.300703 0 -3.87546 0 0.060144 0.461111 0.885302
30.4587 15.841 40.5835 0.381712 0 -4.5 0 0.122003 -0.159232 -0.979674
40.329 38.4217 54.6177 -0.0917999 0 -3.5 0 -0.644249 -0.424382 0.636273
40.4905 31.42 32.5255 0.168091 0.0529585 -4.5 0 0.763566 -0.44104 -0.471647
19.9381 25.3261 38.5286 -0.30476 0 -3.15135 0 -0.729851 -0.678508 0.0833324
38.5078 23.4363 55.9941 -0.290502 0 -3.5 0 0.579214 -0.773262 0.258026
46.1885 27.745 44.9048 0.741118 0 3.8 0 0.594932 -0.610719 -0.522569
61.0832 25.5955 40.3755 -0.0110922 0 3.8 0 0.685386 -0.707282 0.173202
58.0332 44.0978 29.4909 -0.0495305 0 1.8 0 0.457019 0.724506 -0.51597
21.4344 37.9329 51.1502 -4.67777 0 1.9 0 -0.764784 0.637501 -0.0932639
39.265 37.4245 52.6982 -0.31904 -0.010863 -2.63354 0 -0.537634 -0.218649 0.814335
40.5687 20.7291 37.1379 0.220267 0 -1.6 0 -0.0975157 -0.946224 -0.308465
40.7811 43.3379 52.1395 -0.242039 0 2.5 0 0.0805456 0.452713 0.888011
63.0986 35.9164 47.3105 -0.715577 -0.431453 -0.7 0 0.0211256 0.180175 0.983408
51.1141 44.2129 44.8266 0.515178 0 1.9 0 -0.0991593 0.929837 -0.35436
54.0552 32.6415 35.6819 0.552771 0 3.8 0 0.158696 0.0844621 -0.983708
19.9877 28.691 45.3874 -0.310191 0 -3.71087 0 -0.786363 -0.466535 0.404943
61.1954 53.9411 35.5351 0.105318 0 -3.5 0 0.150991 0.834446 -0.530002
41.1535 53.5973 32.5868 0.574382 0 -0.4 0 0.847654 0.519544 0.107505
46.0235 35.89 34.3836 -0.559697 -0.681037 -3.5 0 -0.63268 -0.440674 -0.636806
42.0425 26.0667 55.8624 -0.420535 0 -3.5 0 0.481127 -0.708304 0.516549
60.492 30.395 27.843 -1.54363 0 -3.5 0 0.700123 0.607143 -0.375773
38.0317 46.8481 30.0051 0.612271 0.0467757 -3.7096 0 0.255311 -0.294335 -0.920969
29.2749 16.0956 41.0798 0.386622 0 -4.5 0 -0.72479 -0.121732 -0.67813
29.8995 22.087 48.2988 -1.41651 -0.0183756 -3.5 0 -0.649022 -0.753359 -0.105931
63.144 48.5843 39.701 -0.145607 0 -3.5 0 0.595114 0.80019 0.0744035
62.5009 38.8164 24.0669 -0.183344 0 3.8 0 0.502495 -0.754251 -0.422617
24.0077 39.4067 54.99 0.358302 0.0222881 1.9 0 -0.141658 0.219605 0.965249
29.4807 45.1862 23.1055 -0.239651 0 3.8 0 -0.372851 0.849315 -0.373693
62.9555 32.695 29.4265 -0.799063 -0.0738058 1.32607 0 0.16159 0.00321492 -0.986853
23.0525 38.276 35.762 2.21691 0 -4.5 0 -0.733985 0.553274 -0.393896
21.1451 38.1944 29.8615 2.19633 0 1.8 0 0.319265 0.432662 0.843133
48.6362 38.1823 50.891 0.0864539 -0.565719 -3.5 0 0.156545 0.428512 0.889871
49.3101 30.0106 37.3908 -0.276745 -0.829838 1.8 0 -0.0971639 -0.840936 -0.53234
50.0638 50.5615 36.971 0.325747 -0.176066 -4.00698 0 -0.300852 0.832003 -0.46611
23.8878 25.8384 32.746 -0.681042 0 -3.9 0 -0.920256 -0.0887427 -0.381122
36.9955 35.9668 47.364 4.59851 0 -0.9 0 -0.550545 0.520377 0.65277
25.1045 25.5693 24.2787 -1.15037 -0.0317381 -1.6 0 -0.340194 -0.744469 -0.574486
51.265 28.5695 35.2743 0.00242826 0 1.8 0 -0.52871 -0.666542 -0.525535
57.3125 26.3105 39.352 0.137719 0 3.8 0 -0.428434 -0.858596 -0.281527
27.6379 40.1756 21.6765 -1.30759 -0.507195 -1.87346 0 0.0596858 0.357625 -0.931956
50.534 32.4795 46.8817 0.166809 0 3.8 0 0.21671 -0.858651 0.464496
56.7887 50.8495 38.8155 0.0721119 0 -3.5 0 0.110817 0.993797 -0.0092998
34.3504 21.8009 49.6198 -0.880252 -0.377755 2.34891 0 -0.494616 -0.592519 0.635827
60.0597 36.2356 46.6086 0.0844685 0 1.8 0 0.198514 -0.15855 0.967189
65.4307 40.7011 31.6963 -0.6025 -0.727399 3.8 0 0.789911 0.559354 0.251323
36.3391 50.3633 28.9651 0.536906 0 4.2 0 0.33535 0.344666 -0.876782
22.139 41.9095 42.2487 -0.514476 0 -3.5 0 -0.603043 0.269775 0.750706
46.5592 28.4695 42.74 0.927911 0 -3.5 0 0.378699 -0.88672 0.265169
29.3546 54.9622 35.7859 -0.719943 0 2.8 0 -0.554897 0.676289 -0.484482
61.8338 30.0395 28.8435 -0.138686 0.0172907 -3.5 0 0.534516 0.644013 -0.547303
46.7904 23.7814 37.5411 2.01835 0.912364 -3.9 0 0.176483 -0.623016 -0.76204
50.2415 33.9594 29.3761 -0.275766 0 2.98198 0 0.128817 -0.777453 -0.615608
34.2551 51.682 28.1374 0.473166 0 1.26583 0 0.365032 0.355902 -0.860282
23.3384 25.4189 30.4676 -1.62708 -0.283371 -1.3 0 -0.554501 -0.69241 0.461625
44.3747 54.4673 43.3512 -0.102471 0 -3.9 0 0.772586 0.627259 -0.0982722
65.4015 43.278 31.406 -0.227143 0 3.8 0 0.983591 0.0747977 0.164177
24.5186 39.6625 45.9205 -0.845379 0 -0.154072 0 -0.837246 0.258153 -0.482053
31.961 14.4157 43.9005 0.455844 0 -4.5 0 -0.183276 -0.728411 0.660172
37.213 53.3489 48.2396 0.853351 0 -1.6 0 0.535216 0.0571285 0.842781
45.0711 29.1945 49.9151 0.751827 0.30009 -2.70098 0 0.621581 0.417785 0.662641
26.5935 57.3131 44.8213 -1.00168 -0.177915 -3.5 0 0.428836 0.681916 -0.592528
35.726 25.243 57.3368 -1.40772 0 -3.5 0 -0.132951 0.257628 0.957054
34.9675 58.3046 42.9935 0.134678 0 -3.5 0 -0.62702 0.537664 0.563706
42.6145 30.039 34.9045 -0.184056 -0.972217 -3.9 0 0.216463 -0.383139 -0.897969
19.3205 46.9895 38.222 -1.00443 -0.779246 4.2 0 -0.297047 0.177314 0.938255
46.2974 46.4464 40.5421 0.594072 0 2.8 0 0.810441 -0.217437 0.543973
57.1663 33.2284 45.1744 0.219053 0 1.8 0 0.137676 -0.793057 0.593385
20.5244 38.9284 40.3259 -1.8429 -0.195955 -3.5 0 -0.917657 -0.242051 -0.315146
23.4748 50.4712 31.1605 -1.84508 -0.546961 -1.3 0 0.127899 0.309555 -0.942241
36.0749 30.9699 24.1483 -0.224327 -0.466612 -3.66555 0 0.480904 0.158349 -0.862355
15.97 33.7844 36.483 0.380692 0 -4.5 0 -0.978079 -0.193273 0.0775095
51.472 40.5755 50.749 0.584601 -0.503974 -2.13815 0 -0.0274632 0.657824 0.752671
23.3135 44.2399 43.272 0.0874966 0.478982 1.9 0 -0.958208 0.0405579 0.283182
38.567 22.128 29.545 1.61822 0.909761 -3.9 0 -0.18842 -0.756572 -0.626176
51.4026 45.1732 28.3219 -0.103422 0 -0.371157 0 0.382084 0.325989 -0.864721
15.0218 36.777 29.1014 -0.196258 0 -3.5 0 -0.117769 0.992922 -0.015382
18.1579 43.9697 37.4966 -0.273272 -0.39994 -3.9 0 -0.712222 -0.336152 0.616232
66.4594 33.1394 31.4 -0.435111 0 -0.533517 0 0.979468 0.134605 -0.150082
23.09 27.9509 52.0265 -0.138547 0 -3.5 0 0.330327 -0.287099 0.899143
28.1087 47.9165 52.0962 0.195737 0.362044 -3.5 0 -0.73424 -0.260859 0.626773
62.218 40.6592 22.4163 -0.139144 0 3.8 0 0.536899 -0.0647113 -0.841161
16.947 35.7 27.319 -0.146541 0 -3.5 0 -0.257589 0.470675 -0.843868
31.362 28.6561 25.7834 -1.54899 -0.565884 -3.5 0 0.348561 -0.881146 -0.319511
30.8605 20.246 43.1955 0.226782 0.39442 -4.5 0 -0.981985 0.158163 -0.103388
26.4678 38.1073 56.4767 0.697249 0 1.9 0 -0.243083 0.0356494 0.96935
33.7118 22.7847 37.0832 -0.07926 0 2.5 0 0.573679 -0.661398 -0.483162
43.7085 30.8556 51.207 0.798043 0 -0.9 0 0.859841 0.172843 0.480415
49.302 44.2195 42.8343 0.825425 0 1.9 0 -0.222988 0.968771 0.108437
62.934 40.796 23.3525 -0.156356 0 3.8 0 0.932798 0.0487584 -0.357085
21.422 24.2495 35.083 -0.139155 0 -2.15 0 -0.958944 -0.0373215 -0.281128
36.18 20.0335 50.831 -0.32971 0 2.5 0 -0.58927 -0.761263 0.270628
19.041 47.5731 47.9945 -1.14085 0.0945227 -3.60371 0 -0.978526 0.0839109 0.188268
51.2316 49.6879 34.5277 0.395568 -0.0806306 0.656416 0 -0.738427 0.670993 -0.067035
22.852 24.3729 37.4507 0.39639 -0.0901796 -2.60565 0 -0.260092 -0.949218 0.177024
19.4505 36.714 34.4885 -0.202282 0 -4.20505 0 0.0456485 0.951398 0.304561
59.972 38.7171 24.8201 -0.0901991 0 3.8 0 -0.349033 -0.656069 -0.669141
41.235 44.528 25.7897 -0.317268 0 1.9 0 -0.0966069 0.184019 -0.978164
20.8503 47.719 44.653 0.0196299 0 -3.9 0 -0.196185 -0.723624 -0.661725
57.769 26.376 36.8647 0.809479 0 1.8 0 0.227797 -0.874772 0.427647
54.6894 26.9186 42.4922 -0.978549 -0.914191 -0.8 0 0.288859 -0.289395 0.912585
19.9543 45.0085 47.785 -2.67115 -0.805331 -3.5 0 -0.666784 -0.7264 -0.166561
41.3181 54.4449 37.0334 -0.185555 -0.358359 -3.5 0 0.312446 0.814022 -0.489638
65.8905 42.6995 35.5148 -0.311248 0 3.8 0 0.347696 0.770432 -0.534361
27.5115 25.366 43.1348 3.10693 0.0680704 -0.8 0 -0.89772 0.426529 0.110323
47.011 27.4678 41.1285 0.538378 0.444668 -3.69993 0 0.767177 -0.404077 0.498158
44.11 49.2715 31.3153 3.76145 0 -3.9 0 0.312816 0.834999 -0.452684
24.9988 51.3305 48.7075 -0.400246 0 -3.5 0 -0.593211 -0.436404 0.6765
59.0628 47.4782 33.7864 -0.067609 0 3.8 0 0.529969 0.828292 -0.181839
23.5103 29.1528 24.207 0.0383686 0 -0.51111 0 -0.735245 -0.258037 -0.626763
22.7369 43.0956 46.5947 -0.500622 0 -3.5 0 -0.756443 0.0525691 -0.651944
28.5417 41.8351 21.4765 -0.372435 0 3.8 0 -0.537933 -0.324401 -0.778069
56.2185 45.5207 43.5255 -0.474322 0 1.89995 0 -0.410586 -0.00346329 0.911815
40.9365 36.2395 25.9231 -1.78301 0 -3.5 0 0.445395 -0.426278 -0.787344
21.1611 33.3855 50.2449 0.234201 0.894349 -3.5 0 -0.955229 0.0899275 0.28187
61.2715 31.0605 42.8052 0.100589 0 4.5 0 0.360748 -0.681073 0.637182
62.4475 33.2761 44.2565 0.298354 0 -0.7 0 -0.233267 -0.899247 0.370055
39.5755 24.5615 43.0385 -0.0310114 0 -3.5 0 0.530868 -0.845951 0.0504607
49.3945 39.2364 50.8205 0.0386506 0 -2.15944 0 -0.259707 0.167694 0.951016
45.4132 52.7463 43.2245 0.992029 0 -2.45636 0 0.9 0.352764 0.256041
35.7235 37.9261 21.344 0.262355 0.208845 -0.298175 0 0.280705 0.408578 -0.868487
22.2575 53.78 42.7158 -0.243751 0 -3.5 0 -0.954252 -0.022283 0.298171
21.4069 19.5189 32.8276 2.3299 0.192968 -3.9 0 -0.588158 -0.686704 -0.42721
43.8845 28.389 35.6545 0.34374 0 -3.9 0 0.0564698 -0.0485328 -0.997224
30.4345 33.6175 51.4495 -0.505664 -0.763965 -0.8 0 0.586466 -0.0102668 0.809909
29.877 22.371 40.381 -0.4751 0 -0.524802 0 0.000438113 -0.895213 0.445638
65.9143 49.1273 44.9405 -1.30385 -0.657719 -3.5 0 0.976418 0.169644 0.133524
36.1063 27.9836 55.4254 0.712375 0.16845 -3.5 0 -0.730861 0.678931 0.0699589
27.4705 43.6935 53.6985 0.214088 0 -3.9 0 0.357379 0.90836 0.217168
54.7349 32.4236 29.6761 -0.243352 0 3.8 0 0.277239 -0.959406 -0.0517486
64.5159 35.3834 28.8025 0.170078 0 -0.4 0 -0.0153554 -0.773775 -0.633274
53.8672 36.0537 48.3003 0.434342 0 -2.47958 0 0.837246 -0.344205 0.424902
44.9642 26.8334 43.5054 0.573186 0 4.5 0 0.872597 -0.487821 -0.0245959
30.7791 40.4287 21.633 -0.2732 0 3.8 0 0.131327 -0.343004 -0.930108
21.3719 21.625 43.2292 0.826963 0 -4.5 0 -0.240861 -0.921529 0.304582
16.751 49.2355 36.7731 1.04266 0 -3.9 0 -0.0407687 0.778054 0.626873
44.1846 23.9007 38.472 0.851468 0 -3.39166 0 0.202062 -0.979188 0.0190383
58.192 52.2738 38.2952 0.0918205 0 -3.5 0 -0.635189 0.743864 0.207849
20.7428 29.3626 32.2721 -0.603561 0 -0.4 0 -0.222534 -0.974723 -0.0198192
19.785 45.071 38.3717 -0.0235739 0 -3.9 0 -0.250752 0.0643845 0.965908
46.4408 35.3278 54.6922 -0.628983 0 -3.5 0 -0.0062064 -0.899172 0.437551
63.7188 46.507 45.3111 -0.0283811 0.0292752 -2.35939 0 0.743577 -0.266247 0.613357
31.8948 32.4412 49.67 0.924872 0 2.8 0 0.255676 0.960667 0.108392
27.9142 24.566 31.2892 0.033391 0 -1.3 0 -0.492104 -0.861838 0.12276
57.4095 38.7315 23.7913 -0.199493 0 -0.7 0 0.516846 -0.441031 -0.733732
33.1805 38.8647 46.7907 0.375125 0 3.65044 0 0.124505 -0.657246 0.743321
34.0008 27.1814 49.8947 -0.508552 0 2.03688 0 -0.512544 -0.12507 0.849503
29.9111 48.5732 52.4814 0.324041 0 -3.5 0 0.332805 0.406288 0.850982
45.3125 46.8885 29.1882 -0.265976 -0.381406 1.84502 0 0.329885 0.663977 -0.671052
63.8241 44.8136 31.8919 -0.203036 0 3.8 0 0.167008 0.898668 0.405592
35.399 58.2527 39.9024 -0.000283935 0 -3.5 0 -0.500568 0.77638 -0.38297
44.3815 47.315 27.6475 -0.436722 0 1.9 0 0.687171 0.673556 -0.272249
62.2347 28.7292 28.918 0.283011 0.677118 -3.5 0 0.840721 -0.196051 -0.504729
23.586 41.2438 43.0993 -0.339569 0 -3.5 0 -0.65006 0.164934 0.741768
49.8228 30.8241 35.0303 -0.209645 -0.296553 1.8225 0 0.00854179 -0.76165 -0.647932
25.7568 25.6544 32.8889 0.00817816 0.490636 -3.9 0 0.299865 -0.807108 -0.508584
49.5083 37.1393 51.8363 -0.228965 -0.674059 -3.5 0 0.306354 -0.882854 0.355973
63.6287 42.4103 34.586 -0.241193 0 3.8 0 0.280506 0.913321 0.295229
42.2254 49.6599 32.72 1.99845 0.742053 -3.9 0 0.554618 0.752744 0.354649
62.1665 37.863 25.523 -0.191649 0 3.80733 0 0.590109 -0.486631 -0.644176
40.0798 38.2077 25.6647 -0.759091 0 -3.5 0 0.212577 -0.0801803 -0.973849
34.7368 24.2734 36.6681 -0.169109 -0.037676 3.32767 0 0.641722 -0.766521 0.0252893
33.4225 55.5445 36.392 -1.02633 -0.324281 -0.8 0 0.183331 0.797947 -0.57417
19.268 37.3105 33.7005 -0.581091 0 1.8 0 0.200735 0.610373 0.766257
58.277 40.3527 50.3725 0.471996 0 -3.9 0 0.108399 -0.678197 0.726842
21.8456 56.8691 45.1912 -1.91947 -0.690735 -3.5 0 -0.943797 -0.187364 0.27229
22.0375 56.1711 36.0723 -0.28543 0 -0.4 0 -0.707836 0.679861 0.191723
22.1362 44.5433 31.1893 0.0361656 0 4.2 0 -0.617747 -0.528998 0.58185
36.8158 22.8417 53.4793 -0.501808 0 2.5 0 -0.815125 -0.478806 0.326063
32.8811 24.9335 50.1628 -0.840665 0 -0.465481 0 -0.0348348 0.154431 0.987389
49.6884 51.16 38.6689 0.644159 0 -4.5 0 0.256316 0.849608 -0.460943
27.5933 42.1195 22.4186 -0.42513 0 1.544 0 -0.479217 0.112855 -0.870411
26.0059 46.1958 26.1176 -0.40385 0 -3.11489 0 0.216582 0.739782 -0.637035
38.3903 36.5881 24.3064 -0.217035 0 4.2 0 0.83784 -0.335151 -0.430926
64.518 27.0303 33.7907 -0.618198 -0.146269 -3.5 0 0.907367 0.146944 0.393818
24.3545 58.0132 42.9465 -1.28271 -0.136032 -3.5 0 -0.113753 0.82063 -0.560024
19.708 33.3838 46.7188 -0.0120739 0 -3.9 0 -0.636932 0.0427958 0.769731
45.446 32.245 45.656 2.10799 -0.043948 3.59733 0 -0.6581 0.137219 0.740321
19.8057 28.4254 36.3315 -0.483004 0 -0.4 0 -0.864915 -0.284333 -0.413615
52.5455 25.4496 41.7279 0.0838343 0 -0.8 0 -0.307261 -0.839845 0.447494
57.1355 45.1306 50.7444 2.14945 0.644132 -3.9 0 -0.159384 0.984594 0.0719182
57.134 46.1624 30.8794 -0.118922 0 3.8 0 0.568768 0.424358 -0.704573
35.2585 33.8285 22.152 1.3421 0.0208606 -3.9 0 0.681673 -0.247227 0.688622
27.1981 24.3529 43.3162 3.68376 0.857117 -0.8 0 -0.960142 -0.157468 0.230934
19.6133 42.1478 23.2407 0.326924 0 -4.5 0 -0.647244 0.739861 -0.183524
66.7917 45.9697 36.5648 -1.11197 0 -3.5 0 0.0692419 -0.196919 -0.977972
29.4848 40.1895 51.5472 0.395134 0.387987 -3.9 0 0.983652 0.167315 0.0665944
63.8535 29.0695 35.8225 0.741301 0 -3.9 0 0.650372 -0.608628 0.45452
23.5565 46.6912 28.7488 0.267641 0 0.470562 0 -0.0826078 0.643517 -0.760961
15.0565 31.0675 29.669 -1.64239 -0.0963803 -3.5 0 -0.669935 -0.73293 -0.118326
21.0866 33.7235 39.0531 0.24087 0 -4.5 0 -0.80767 -0.130544 0.575002
22.7757 37.0425 55.4505 0.0675996 0 1.9 0 -0.604924 -0.144659 0.783033
38.8997 57.374 38.6878 -0.187325 0 -3.5 0 0.607633 0.698441 -0.378105
28.9166 39.7411 54.816 0.516059 0 -3.41616 0 0.991642 -0.127125 0.0220189
53.23 25.4571 39.7384 0.0338381 0 -0.8 0 -0.273826 -0.851665 -0.446862
43.325 37.1162 35.8005 1.43335 0.627865 -4.5 0 0.176334 0.573479 -0.800018
50.1926 44.9251 41.9795 0.923138 0.483862 -0.9 0 -0.224507 0.679735 0.698252
19.319 33.4085 24.4832 0.233561 0 2.5 0 -0.299447 0.11899 -0.946664
65.2515 33.5117 42.6932 -1.54936 -0.144544 -0.7 0 0.602673 -0.762278 0.236044
52.7943 51.4675 37.154 0.158325 0 -3.5 0 -0.138211 0.989277 -0.0472173
28.2638 23.2283 43.0802 0.658722 0.0372363 -0.8 0 -0.648102 -0.699469 0.301175
29.967 14.5495 42.1295 0.317947 0.519749 -4.5 0 -0.471068 -0.859823 0.196973
29.6443 42.6596 54.4739 0.343268 0 -3.9 0 0.954188 0.242287 -0.175563
47.9793 28.4464 41.5606 0.783622 0.803744 -3.5 0 0.378188 -0.925651 0.0120296
34.4178 35.7891 52.2509 0.630381 0 -1.6 0 -0.617125 0.643002 0.453547
26.5818 44.4649 52.982 0.0278275 0 -0.4 0 0.482101 0.738119 0.471974
46.96 29.616 48.333 0.752806 0 3.8 0 0.51959 0.451642 0.72529
32.3312 19.1702 42.2052 0.795069 0 -4.5 0 0.210354 0.077276 -0.974566
23.4959 44.9566 42.2048 0.500551 0 1.9 0 -0.938753 0.321258 0.124642
44.6075 40.0078 51.5455 0.712974 0.371782 -1.9498 0 0.0833755 0.977982 0.191308
40.7365 23.282 47.2445 -0.831309 -0.330635 -4.5 0 0.175915 -0.611278 -0.771617
25.7684 35.3301 21.6825 -0.17052 0.0385847 -1.62875 0 0.101919 -0.649966 -0.753098
30.8151 56.144 30.2269 -1.78546 -0.0220505 -3.5 0 0.169437 0.98407 0.0538267
68.0546 37.2386 41.1019 0.0860262 0 -0.4 0 0.765661 0.0515225 0.641178
48.6053 29.224 40.3848 0.133168 -0.233709 -0.849639 0 0.311471 -0.946756 0.0814829
33.393 22.204 39.696 -0.39092 0 2.5 0 0.898077 -0.297912 0.323582
65.9165 40.2055 34.441 -0.235444 0 3.8 0 0.651679 -0.583056 -0.48514
18.8263 33.2049 43.5708 0.30579 0 -3.9 0 -0.799991 -0.15579 -0.579434
51.1771 28.4774 36.663 0.1655 0 1.8 0 -0.487911 -0.848158 -0.206326
23.3617 35.0877 21.4984 -1.33793 -0.5992 -1.3 0 -0.370929 -0.31042 -0.875243
21.9394 55.746 48.941 -1.67014 -0.795323 -3.5 0 -0.841719 0.0491186 -0.537677
55.3761 26.609 39.1524 0.0419649 -0.191148 0.84927 0 0.350952 -0.924981 -0.145746
41.8396 35.7993 28.3054 -2.12458 -0.674156 -3.5 0 0.512668 -0.856694 -0.0569832
24.0438 55.8703 38.7605 -1.03557 -0.238107 -3.5 0 -0.235649 0.963543 -0.126703
27.4485 44.5381 24.6537 -0.542858 -0.17344 -3.5 0 -0.244389 0.864809 -0.43861
38.7135 41.7995 25.3355 0.510707 0.266196 -3.5 0 0.378486 0.0963825 -0.920575
46.6193 25.8398 46.1965 1.01006 0.251094 -4.5 0 0.875891 -0.248041 -0.413873
20.1035 38.1847 31.1955 -0.266466 0 1.8 0 0.840922 0.432321 0.325498
44.669 46.7204 45.597 0.359509 0 -3.5 0 0.805135 0.042204 0.591587
57.6115 36.2576 26.3978 -0.169059 0 3.80538 0 -0.445885 -0.453408 -0.771756
65.471 48.267 39.912 -0.145021 0 -3.5 0 0.145396 0.917949 0.369094
63.032 29.3575 29.4625 0.33289 0.805242 -3.5 0 0.652285 -0.0784783 -0.7539
64.6351 34.5895 47.2438 -0.0932396 0 -0.7 0 0.59553 -0.093689 0.797851
19.2829 45.0449 33.7119 0.467947 0 -3.9 0 0.122158 -0.183785 -0.975346
27.584 26.37 25.8865 2.44308 0 -1.55242 0 0.677512 -0.645276 -0.352981
29.2533 54.5643 34.7519 -0.424868 0 -1.3 0 -0.236019 0.964643 -0.117299
23.2083 54.3997 45.8695 -0.835892 0 -3.5 0 -0.95353 -0.0518858 0.296798
23.1798 52.8915 50.1255 -0.525665 0 -3.5 0 -0.428358 -0.751653 0.501525
40.2235 45.7562 47.3068 0.636735 0 -3.5 0 -0.403185 0.493852 0.770423
32.9494 20.9909 38.9011 0.376183 0 2.5 0 0.697705 -0.712133 0.0779369
36.561 23.72 53.057 -1.22554 -0.787961 -3.5 0 -0.957134 -0.288641 -0.0240968
21.9907 27.1413 33.7183 -1.27134 -0.108957 -0.4 0 -0.281411 -0.33755 -0.898258
24.0035 23.018 42.493 1.26264 0 -4.5 0 0.996219 0.0648464 -0.0578096
30.4765 51.277 50.9075 0.70904 0.592515 -3.5 0 0.558358 -0.310662 0.769237
34.7425 25.3643 50.5928 -0.431631 0 1.8 0 -0.405872 0.00272059 0.913926
33.0844 29.2299 24.1656 -0.860163 -0.741988 -3.5 0 0.177568 -0.944495 -0.276403
56.3964 39.7016 49.2926 0.244546 0 -3.70687 0 0.331724 -0.657629 0.676376
42.8251 52.8075 35.5303 0.555605 0.174795 -3.5 0 0.393086 0.330747 -0.857957
66.6579 29.4347 31.7644 -0.171193 0 -0.7 0 0.612747 -0.770587 -0.175319
26.8118 25.4713 26.2428 9.01163 0 -1.41235 0 0.331207 -0.876051 -0.350481
28.915 39.7884 56.4404 0.611345 0 -3.9 0 0.671491 -0.609075 0.422052
28.0007 25.5936 44.2664 4.92714 0 -0.8 0 -0.961179 0.147022 0.233492
23.2122 53.4458 47.3083 -0.511619 0 -3.52959 0 -0.945325 0.114081 -0.305527
26.7612 32.2088 22.8388 0.203575 0 -1.6 0 -0.368543 0.576654 -0.729141
37.491 44.5088 25.7108 0.0546384 0 -3.5 0 0.64041 0.760251 -0.109052
59.5345 52.8797 35.4183 0.434978 0.672639 -3.5 0 -0.749655 0.177486 -0.637586
65.5615 41.3635 29.5133 -0.174975 0 3.8 0 0.953934 0.2995 -0.017608
14.5002 33.7385 31.2542 -0.202081 0 -3.5 0 -0.467947 -0.145287 0.871732
39.8905 44.8768 28.9964 0.0725001 -0.707981 -0.677912 0 -0.66757 0.580481 -0.466254
41.2979 23.1338 32.6866 0.879038 0 -3.9 0 0.908591 -0.410212 0.0786719
21.489 23.8652 47.5037 0.142719 0.568766 -4.5 0 -0.103102 -0.528187 0.842846
37.856 57.9627 39.2332 -0.325262 -0.115388 -3.5 0 0.272037 0.800213 -0.534467
62.394 50.7605 36.6685 -0.774483 -0.0168773 -3.5 0 0.621785 -0.466386 -0.62918
55.0176 45.8345 43.3776 -0.0895766 0 -0.0100274 0 -0.440575 0.107746 0.891227
21.7716 50.9329 43.0465 -0.0581155 0 -3.9 0 -0.716487 -0.216111 -0.663281
66.2418 36.9543 36.3755 -1.13459 -0.306459 4.2 0 0.545227 0.259698 -0.797047
40.5116 25.1061 44.0796 0.287925 0 2.45656 0 0.250583 -0.960527 -0.120815
32.3884 39.2643 47.8235 0.192118 0 3.7353 0 0.281391 -0.852955 0.439643
45.0351 39.5942 28.598 -0.20668 -0.0351142 -3.5 0 -0.499565 -0.851088 0.161502
58.9526 25.949 42.1029 0.0431655 0 3.8 0 -0.168953 -0.494261 0.852737
53.7415 50.711 32.3372 -0.0981059 0 1.8 0 -0.0434168 0.631533 -0.774132
63.7291 50.3481 45.1657 -1.24087 0 -3.5 0 -0.120955 0.959964 0.252666
50.376 28.6485 44.0985 0.322247 -0.11468 3.04457 0 -0.0402898 -0.84933 0.526323
24.7745 48.8425 49.982 -1.43861 -0.484488 4.5 0 -0.318467 0.796329 0.514236
48.0516 49.7406 31.5732 0.197239 0 1.8 0 0.466111 0.623947 -0.62724
54.1413 44.5865 46.431 -0.889908 0 -3.5 0 0.883858 0.423526 -0.198546
48.81 31.7875 33.0285 -0.127689 0 4.5 0 0.00143889 -0.981009 -0.193958
34.6323 54.112 35.1787 -0.236464 0 -0.749203 0 0.124535 0.877565 -0.463002
31.6728 46.3774 50.8496 0.145769 -0.571981 -3.81931 0 0.355005 0.0358037 0.934179
59.768 46.1289 31.7965 -0.142123 0 3.8 0 0.538482 0.275491 -0.79633
42.077 43.8203 51.2975 0.205916 0 2.5 0 0.744434 0.26384 0.613357
39.3865 44.0998 28.0198 0.634034 0 1.9 0 -0.601663 0.797229 -0.0492678
43.4168 41.292 53.775 -0.444956 -0.0721085 -3.5 0 0.712072 0.544625 -0.443099
24.3649 28.7604 40.6421 -1.7746 0 -1.3 0 0.934207 -0.349937 0.0692877
21.839 45.0093 26.982 -0.344855 0 -3.5 0 -0.550697 0.74508 -0.376282
22.742 41.5168 50.9069 -3.858 0 -3.5 0 -0.919399 -0.276377 0.27986
45.4426 36.6174 49.4539 1.95256 -0.00552141 -0.4 0 -0.149062 -0.971621 -0.183664
63.3775 37.819 44.9831 0.382113 0 -0.7 0 0.764788 0.58198 0.276403
57.7533 44.1213 44.3506 0.224805 -0.20803 2.26345 0 -0.347651 0.39774 0.849083
17.1772 30.8442 30.7062 -0.403491 0 1.4048 0 -0.386282 -0.712844 0.585355
20.9007 51.084 38.0974 0.0208638 0 1.8 0 -0.822535 -0.527637 0.212216
39.4326 33.0223 29.5748 -0.850317 0 -4.5 0 0.655792 -0.10393 -0.747753
55.6975 36.4365 27.3445 -0.107069 0 -0.658425 0 -0.233302 -0.688557 -0.686629
41.9155 41.5703 26.7695 0.17818 0 1.9 0 -0.0883238 -0.0287468 -0.995677
63.4695 40.841 43.8735 -0.032299 -0.00112589 4.1314 0 0.633518 -0.573492 0.519386
48.4179 40.106 26.9645 0.251337 0 -3.5 0 0.0103347 0.0339512 -0.99937
33.699 31.6915 19.189 -0.0154625 0 -3.9 0 -0.0890827 -0.738738 -0.66808
20.0884 28.6905 28.2881 -0.782175 -0.457782 2.64056 0 -0.855195 -0.268237 -0.443497
60.1625 25.6968 41.7455 0.0191971 0 3.8 0 0.469977 -0.470702 0.7467
19.9652 22.9882 42.9869 1.09337 0 -4.5 0 -0.876152 -0.47803 -0.0620073
20.6095 39.1785 22.775 0.32471 0 -4.5 0 -0.580732 -0.535608 -0.613086
28.0365 28.8415 41.9895 0.841059 0 1.9 0 -0.818563 -0.535182 0.20865
22.7122 37.1929 22.3065 -0.230055 0 -3.29943 0 -0.642045 -0.287806 -0.710595
53.3879 26.3062 42.3131 -0.191613 0 -0.8 0 -0.00293925 -0.49324 0.869888
41.1268 23.579 29.8328 0.395086 0 -3.9 0 0.595643 -0.000396823 -0.803249
36.9458 42.6269 23.5831 -0.153522 0 -3.5 0 0.795363 0.105361 -0.596906
37.6566 36.1859 23.2481 0.00399098 0 4.2 0 0.777523 -0.508057 -0.370588
41.559 39.986 26.1735 -0.178744 0 -3.5 0 0.288041 0.269901 -0.918796
16.3083 34.1517 37.6022 0.784557 0.808295 -4.5 0 -0.680827 0.0329927 0.731701
21.2966 22.9552 34.9813 0.16816 0 -3.9 0 -0.990668 0.100024 0.092582
18.6281 40.7094 24.2192 -0.0962823 0 -4.5 0 -0.938941 0.0377983 -0.341997
42.463 32.2135 49.1745 1.53326 0 -3.9 0 0.922275 0.154405 -0.354355
41.123 22.0295 51.853 -0.235841 0 2.5 0 0.991264 -0.0636454 0.115522
57.0296 28.1619 41.0619 0.490961 -0.189077 2.74817 0 0.0793717 0.0613445 0.994956
58.5813 32.088 43.6792 0.122003 0 4.5 0 0.0455248 -0.495903 0.867184
22.6912 43.0177 54.9825 -0.585917 -0.0116209 -0.4 0 -0.67367 0.0415753 0.737862
46.7915 28.719 48.8764 0.792706 0.0698727 0.272724 0 0.65403 0.453092 0.605766
60.8015 52.6066 34.9774 -0.0621875 0 -3.5 0 -0.0762266 -0.185944 -0.979599
38.4938 24.398 45.6213 -0.105538 0.355736 -2.63222 0 0.402076 -0.868691 -0.289327
26.398 34.0132 23.4998 -0.863391 -0.380906 -3.17966 0 -0.351795 -0.302943 -0.885701
38.1925 24.6987 38.5365 0.330931 0 -2.4356 0 -0.746464 -0.550298 -0.374117
23.4151 25.7537 25.9511 -0.887109 -0.365873 -0.60906 0 -0.388122 -0.432463 -0.813841
51.6079 32.528 46.3577 0.630656 0 4.14386 0 0.01739 -0.863826 0.50349
22.5561 54.5494 44.6754 -0.441067 0 -3.5 0 -0.915129 -0.307023 0.261298
22.0545 55.5461 51.7616 -1.62589 -0.197086 -3.5 0 -0.642099 0.00320373 0.766615
37.2176 41.2142 23.6085 -0.0322613 0 0.615367 0 0.615483 0.467732 -0.634356
30.6467 51.3838 27.5076 -0.577487 0 -3.5 0 0.103556 0.0817065 -0.991262
22.5145 44.778 25.5585 -1.17329 -0.635723 -3.5 0 -0.63788 0.732197 -0.238739
57.105 45.154 44.1746 -0.533508 -0.438186 2.16622 0 -0.444249 0.0330371 0.895294
36.1476 45.898 23.4552 -2.05935 -0.0962048 -3.5 0 0.781863 0.612904 -0.114185
48.3122 31.4395 46.9505 0.488952 -0.286893 3.8 0 -0.0227966 -0.139925 0.9899
44.9741 44.1556 48.241 1.19394 0.156589 -3.5 0 0.9848 0.137861 0.105658
43.9005 29.433 35.284 -0.361987 -0.155328 -3.9 0 0.022868 -0.503964 -0.863422
46.8701 29.6812 35.789 -0.0938922 -0.42475 -1.90735 0 0.34213 -0.620572 -0.705576
61.0752 50.1265 40.3018 -0.259127 0 -3.5 0 0.237869 0.695442 0.67807
39.6712 36.4169 25.4609 -1.56379 -0.42079 -3.5 0 0.12229 -0.501108 -0.8567
19.9916 41.7772 48.3937 -2.3568 -0.212879 -3.5 0 -0.950801 -0.175678 -0.255176
38.5796 40.6162 24.8509 0.0126736 0 -0.0291022 0 0.682392 0.354727 -0.639148
28.7936 24.1344 29.8091 -0.444093 0 -1.3 0 -0.35734 -0.929636 -0.0899159
42.8595 26.0266 52.5838 -0.674179 -0.23584 -3.5 0 0.685955 -0.673092 0.276429
35.2821 50.0321 26.1419 0.00694355 0 4.2 0 0.555388 0.645781 -0.523938
26.313 29.693 49.8117 -0.678269 0.231685 -2.77696 0 -0.0457698 -0.636954 0.769542
25.2565 27.5522 48.1281 -3.30821 0 -3.5 0 0.0565542 -0.520954 0.851709
48.1806 33.9512 49.513 2.98533 0 3.8 0 -0.29518 -0.687432 0.663556
19.3088 30.1292 45.7286 -0.129627 0 -3.9 0 -0.721316 -0.341954 0.602305
30.0389 41.6942 21.1448 -0.301176 0 3.8 0 0.102979 -0.376763 -0.920568
38.9692 56.7598 40.1572 -0.626453 -0.774576 -3.5 0 0.971246 0.237891 0.00947643
17.513 41.294 29.3657 -0.187046 0 1.8 0 -0.877777 0.148704 0.455406
31.5706 58.5976 48.1613 -2.03387 -0.568529 -3.5 0 0.658351 0.707682 0.256437
46.5375 40.7801 46.9909 1.61944 0 -2.0416 0 -0.0490981 0.869875 0.490823
30.4676 52.793 51.2034 0.539585 0.0805133 -1.83265 0 0.362586 -0.33239 0.87066
33.04 35.0355 47.2285 4.4465 0 3.8 0 -0.0690997 0.683037 0.727108
56.8785 50.5965 40.5047 0.287669 0.662978 -3.5 0 0.505439 0.790262 0.346434
33.998 35.9002 46.6065 4.82785 0 -0.519887 0 -0.28908 0.453787 0.842918
57.8585 26.6719 38.2154 0.362142 0 3.12309 0 -0.127828 -0.981354 -0.143541
21.2951 52.3599 46.3279 -0.147389 0 -3.9 0 -0.641425 0.748637 0.167681
26.4955 42.5942 57.6203 1.60062 0.419269 -3.9 0 -0.751246 0.29513 0.590363
67.0228 42.7018 38.675 -0.255933 -0.242316 0.166362 0 0.992791 -0.0177243 -0.118544
60.8628 42.4074 23.3662 -0.117626 0 3.8 0 0.169237 0.674521 -0.718596
39.572 49.277 48.56 0.498289 0 -3.5 0 0.201509 -0.420281 0.884736
64.3705 24.1315 32.3915 -1.49153 -0.357437 -3.5 0 0.520728 -0.852505 0.0455724
17.1993 32.9205 26.4294 -0.579991 0 2.5 0 -0.788922 -0.016358 -0.614276
56.735 42.2281 52.0771 2.29055 0.365612 -3.9 0 -0.460113 -0.455824 0.761918
22.0863 39.7448 47.4414 -0.762824 0 4.2 0 -0.720899 0.165575 -0.672971
17.1401 43.6601 36.0552 -0.0741662 0 -3.9 0 -0.787189 -0.594122 0.165384
28.8221 56.602 39.8659 -0.25294 0 2.8 0 -0.107859 0.925749 0.36243
46.6237 52.922 48.0062 1.17265 0 -3.9 0 0.736384 -0.658752 0.154222
11.9759 34.4777 26.4869 -1.31307 -0.124936 -3.5 0 -0.215314 0.276011 -0.936727
30.8885 55.8405 31.406 -1.57217 -0.164799 -3.5 0 0.106948 0.877834 0.466871
64.5348 29.589 35.0925 0.33892 -0.476832 -0.7 0 0.751274 -0.550142 0.364596
35.0689 53.1066 31.3013 0.635604 0.857926 -3.5 0 0.310125 0.943717 -0.114979
49.5817 29.105 39.9243 -0.170769 -0.670289 1.8 0 -0.486745 -0.836677 0.2511
65.688 32.8802 39.1925 -0.135265 -0.0338098 -2.12434 0 0.707274 -0.189408 0.681093
42.5477 47.5241 25.3277 0.470843 0 1.9 0 -0.134554 0.608841 -0.781798
20.6138 48.7069 37.7532 -1.16129 -0.838794 4.2 0 -0.45513 0.592634 0.664561
45.2789 45.4388 43.0231 0.339585 0 -3.5 0 0.89437 -0.299729 0.332062
29.9408 38.0829 51.0812 0.181882 0.05914 0.596501 0 0.88577 0.161949 0.434954
56.589 31.5976 30.7859 -0.279597 0 3.8 0 -0.745203 -0.428895 -0.51061
18.182 29.747 40.4782 -0.114174 0 2.8 0 -0.702242 -0.244474 0.668647
37.09 59.1575 41.508 -0.472366 -0.0161394 -3.5 0 0.131318 0.990115 0.0492756
15.7836 36.5843 30.1952 0.123595 0 -2.76573 0 -0.515765 0.811068 0.275962
37.9798 38.6338 51.195 0.313711 -0.349194 -0.885202 0 -0.907013 0.271725 0.321703
51.5552 50.4876 31.9296 -1.0715 -0.298578 1.8 0 -0.456294 0.807989 -0.37276
24.0514 39.9538 21.008 -0.567964 0 -4.5 0 0.0769431 0.188439 -0.979066
34.3446 23.3072 37.9105 0.0156449 0 2.5 0 0.860202 -0.481169 0.168907
46.8445 26.1327 48.6688 0.204267 0 -4.5 0 0.87147 -0.386872 0.301447
20.4334 29.0571 46.3963 -0.49458 -0.0575714 -3.69625 0 -0.931546 -0.236477 0.276225
41.8575 25.2878 43.2915 0.239175 0 4.5 0 -0.0716671 -0.997387 -0.0091419
36.579 56.2615 48.4885 -0.360082 -0.0423896 -1.6 0 0.255623 0.683114 0.684114
24.336 22.7815 43.4475 1.1006 0.688484 -4.5 0 0.958404 -0.165971 -0.232196
52.444 41.4334 26.0103 0.0440742 0 1.8 0 0.0729984 0.300741 -0.950908
40.8546 34.9622 30.2232 -0.5764 -0.68136 -3.96691 0 0.912631 -0.217904 -0.345866
23.8679 42.4137 55.7393 -1.36175 -0.0605855 -0.4 0 -0.165655 0.145327 0.975417
26.5898 49.4215 26.6847 -0.324671 0 -0.7 0 -0.711545 0.0761261 -0.698504
24.8638 34.4308 54.6974 0.229182 0 1.9 0 -0.263019 -0.865152 0.427004
42.5868 21.2157 38.493 0.215491 0 -1.6 0 0.726357 -0.586244 0.358782
66.9275 36.2972 36.9646 -1.1884 -0.255533 4.2 0 0.745172 0.151909 -0.649339
21.5771 37.8069 43.6401 0.786388 0 -3.9 0 0.215655 0.827492 0.518411
35.5155 26.94 51.576 -0.354869 0 -0.9 0 -0.862487 -0.0581054 0.502732
38.8107 29.626 26.0933 1.5534 0.154936 -3.9 0 0.801762 -0.569415 -0.181504
31.4083 30.8732 20.8752 -0.333055 0 -3.9 0 0.250775 -0.724639 -0.641881
41.8245 55.4435 43.1495 -0.837141 0 -3.9 0 0.122872 0.955397 -0.268551
28.6316 43.3146 57.9425 3.94303 0 -3.9 0 0.254861 0.662912 0.703984
19.0335 26.9918 40.2303 -1.45041 -0.121151 -4.5 0 -0.8683 -0.221808 0.443685
17.3715 33.5778 33.5137 -0.127941 -0.0118477 1.8 0 -0.676929 -0.7316 -0.080803
51.2497 39.8115 26.39 0.181778 0 -3.5 0 -0.221977 0.0170563 -0.974903
42.2733 38.7909 28.8436 -0.565471 -0.634169 -3.5 0 0.950559 -0.27318 -0.147681
20.4995 28.2994 42.2562 0.330551 0 -3.96866 0 -0.909869 -0.369861 0.18799
36.1502 24.0315 51.2726 -0.225143 -0.157192 -0.901983 0 -0.928523 -0.163414 0.333378
48.3618 51.6534 38.257 0.879585 0.284008 -4.5 0 0.22578 0.593967 -0.772157
31.1529 55.791 39.7448 -0.770827 0 2.17236 0 0.345078 0.638786 0.687658
37.4675 35.8856 48.4463 -7.82999 0 -1.15657 0 -0.764752 0.639812 -0.0761288
36.084 24.4655 35.6283 -1.17727 -0.0773782 4.2 0 0.209858 -0.97227 0.1032
43.7565 23.647 37.1847 0.715025 0 -1.6 0 0.776927 -0.568379 -0.270794
25.8211 49.5854 30.5863 -0.334221 0 -0.7 0 -0.738313 0.488388 -0.465156
35.5955 26.6434 53.9997 -1.24993 -0.558507 -3.5 0 -0.7091 0.406623 -0.576051
30.9252 33.4925 19.4832 0.0369032 0 -3.9 0 -0.481298 0.163082 -0.861253
22.0939 24.9765 47.961 -0.313501 0.0393102 -3.99307 0 0.151927 -0.750246 0.643466
50.5397 49.7028 35.7542 -0.0638399 0 -3.5 0 -0.522406 0.684897 -0.507946
43.9545 40.4497 50.2845 -0.000957634 -0.919904 -3.33232 0 0.252292 0.757462 0.602163
22.746 53.6395 50.939 -0.772796 0 -3.5 0 -0.46162 -0.731386 0.501978
47.803 29.8674 36.7679 -0.284525 -0.330204 -2.33591 0 0.525562 -0.729152 -0.438318
67.6988 40.8766 39.1834 -0.436872 0 3.8 0 0.873927 0.468247 -0.130371
23.0222 53.9951 51.9089 -1.57923 0 -3.5 0 -0.52168 -0.691571 0.49958
25.1483 48.0163 50.6475 -1.66916 -0.20923 4.5 0 0.0557788 0.421764 0.904988
31.0889 50.4302 49.4275 0.225243 0 -3.5 0 0.592452 0.00161973 0.805604
33.6804 54.8635 30.0833 -0.269849 0 -3.5 0 0.558376 0.815391 0.152821
59.7617 44.1833 49.3167 0.350942 0 -3.9 0 0.832334 0.523859 0.181084
58.636 38.1867 25.5702 -0.638655 0 1.74994 0 0.0968066 -0.496707 -0.862503
55.8125 40.2321 50.0904 0.231081 0 -3.9 0 0.0772177 -0.452316 0.888509
38.0805 50.6621 48.7266 0.831778 0.469316 -3.69831 0 0.320902 -0.0998856 0.941831
31.3703 31.8235 50.7808 0.203042 0.336633 0.768932 0 0.122323 0.0616176 0.990576
19.483 31.212 25.3005 -0.455156 0 2.5 0 -0.0817437 -0.789437 -0.608365
51.967 33.51 28.3018 -0.166611 0 3.8 0 -0.540227 -0.471527 -0.697006
50.3941 48.0583 29.5714 -0.135439 0 -0.7 0 0.220011 0.961487 -0.164734
30.8865 22.5379 41.2251 -0.362934 0 0.393678 0 -0.46703 -0.878328 0.102094
19.8715 28.425 44.2673 -0.430333 -0.545442 -3.60067 0 -0.800887 -0.597113 -0.0451187
42.8384 44.5083 25.8631 0.411944 0 1.9 0 0.105177 -0.271621 -0.95664
21.3932 44.6425 30.507 -0.413633 0 4.2 0 -0.691695 -0.163194 0.70351
23.112 37.1463 34.2675 0.57056 0 -3.69099 0 -0.356308 0.860339 -0.364501
60.5395 42.8645 48.102 0.198594 0 -3.89995 0 0.568933 0.272894 0.775786
23.8717 38.6183 45.951 -0.485798 0 3.51894 0 -0.68043 0.340504 -0.6489
34.6911 24.266 33.8301 -0.0367495 0 4.2 0 0.448602 -0.891318 0.0656444
11.2095 35.3013 28.7153 -1.75921 -0.254513 -3.5 0 -0.83714 0.449574 0.311576
56.2866 38.7409 23.3069 -0.210885 0 -0.7 0 0.0496454 -0.423 -0.904769
67.4952 30.8544 32.2955 -0.0809383 0 -0.7 0 0.998493 -0.0542016 -0.00853719
30.9972 53.689 41.2028 -1.64367 -0.931217 -0.8 0 0.0671407 0.709302 0.7017
27.0936 26.853 23.3695 0.775219 0 -1.6 0 0.611328 -0.664637 -0.429576
48.6935 49.6331 32.9174 0.605914 0.0448806 1.8 0 0.496542 0.868008 -0.00292753
27.8048 29.647 21.5625 0.0489758 0 -1.6 0 0.496196 -0.476181 -0.725976
24.2747 40.701 33.9347 0.801603 0 3.52738 0 -0.863127 -0.234601 -0.447184
21.16 21.6661 41.2995 0.428681 0 -4.5 0 -0.386485 -0.724347 -0.570921
16.2129 35.2049 36.8935 0.25018 0.00280909 -4.5 0 -0.764959 0.565739 0.307857
60.6785 43.662 24.5537 -0.124799 0 3.8 0 0.35563 0.900937 -0.248676
20.9897 44.5428 38.845 -0.328619 -0.970551 2.8 0 -0.480231 0.441904 0.757693
60.8325 42.4345 29.5085 -0.909713 0 3.8 0 -0.151561 0.91333 -0.377965
23.7511 24.2078 28.6581 -1.71425 -0.840558 2.315 0 0.3315 -0.838121 0.433199
46.3845 42.2885 44.678 1.30395 0.362453 -0.432401 0 -0.0946592 0.816759 0.569161
32.3124 55.1299 35.5552 -0.225056 0 2.8 0 0.273269 0.604249 -0.74847
58.9731 48.7434 41.915 0.291867 0 -0.7 0 0.152616 0.932551 0.327196
37.1691 24.6946 30.6526 2.28029 0.0669939 -3.9 0 -0.868237 -0.127688 -0.479437
29.115 38.498 54.839 0.127503 0 1.9 0 0.990663 -0.0797617 0.110566
32.91 15.863 41.695 -0.144152 0 -4.5 0 0.635547 -0.0407454 -0.770986
35.8008 42.5801 22.5966 -0.864272 0 -3.5 0 0.596993 -0.277591 -0.752691
35.2225 26.3455 50.8021 -0.408173 0 -0.556821 0 -0.731861 -0.0464168 0.679871
39.4606 56.1797 43.756 -0.403606 -0.0837038 -2.71292 0 0.604929 0.796065 -0.0184802
30.2987 47.5616 52.3535 0.368809 0 -3.5 0 0.408246 -0.179699 0.89501
55.6427 51.5293 32.6548 0.000448014 0 1.8 0 0.218403 0.885431 -0.410259
45.8192 47.7018 42.4043 0.488705 0 2.8 0 0.880633 -0.470783 0.0533753
57.1575 43.8645 28.5675 -0.0425925 0 1.8 0 0.138255 0.673796 -0.725868
62.665 51.7995 36.5667 -0.508333 -0.0090924 -3.5 0 0.873977 -0.183659 -0.449926
30.0121 43.0853 20.6786 -0.2797 0 3.8 0 0.208135 0.0565325 -0.976465
40.9058 55.8457 43.5265 -1.47082 -0.201092 -3.9 0 0.30922 0.943454 -0.119485
11.9508 35.263 29.5625 -1.41459 0 -3.5 0 -0.505143 0.2475 0.826786
19.5054 23.9201 43.5066 1.56251 0.554588 -4.5 0 -0.984692 -0.0272583 -0.172159
67.6387 46.8215 36.4852 -1.66108 -0.012028 -3.5 0 0.218857 0.354079 -0.909247
60.3783 46.4258 32.8995 -0.158584 0 3.8 0 0.808901 0.56553 -0.160792
50.045 28.093 41.9723 -0.395618 -0.0139988 -0.8 0 -0.741678 -0.668978 -0.0488144
41.2103 38.0305 25.8386 -0.682881 0 -3.5 0 0.494094 -0.154761 -0.855524
50.4496 43.0299 26.047 0.0985528 0 1.8 0 -0.190955 0.429431 -0.882681
68.405 36.09 39.1375 -0.0303621 0 -0.4 0 0.899787 -0.323868 -0.292391
25.7805 45.0675 24.5287 -1.66272 0 -3.5 0 0.378448 0.829951 -0.409828
48.1384 43.7559 41.6772 0.5942 0 1.9 0 -0.333648 0.900751 -0.278075
40.2248 55.6415 37.2303 -1.19712 -0.0283698 -3.5 0 0.549898 0.781119 -0.295746
60.2934 44.6641 35.5449 -0.139729 0 3.8 0 0.993322 0.0745928 0.0880179
47.541 26.457 37.426 0.418285 0 -3.9 0 0.733474 -0.102327 -0.671971
47.4116 49.5944 36.3976 0.461585 0.0601656 -2.58476 0 0.263811 0.900133 -0.346648
43.1932 31.0632 34.391 -1.06051 -0.48298 -3.9 0 0.0090264 -0.297142 -0.954791
16.0791 35.2769 31.8094 0.187193 0 1.3354 0 -0.691404 0.42091 0.587193
41.101 50.9995 33.746 1.40857 0 1.67422 0 0.980498 0.10894 -0.163574
27.7254 52.9929 29.9944 -0.488763 0 -1.22572 0 -0.727569 0.593354 -0.344348
21.9444 25.5099 49.4024 -1.74476 -0.461081 -3.5 0 -0.0903727 -0.787312 0.609896
16.0492 30.6454 30.2559 -1.66981 -0.397702 -3.5 0 -0.242688 -0.879768 0.408793
45.02 39.4355 31.4995 -0.074539 0.887672 -3.5 0 -0.236369 -0.843376 -0.482542
23.232 39.264 35.92 1.53786 0 2.8 0 -0.863601 -0.177544 -0.47188
23.5557 51.707 31.609 -0.41854 0 -1.3 0 -0.112 0.238406 -0.964686
46.955 37.084 26.583 -0.732935 0 -3.5 0 -0.528844 0.382095 -0.757844
44.9533 31.7997 34.2812 -0.797436 -0.694516 -3.50174 0 -0.0386182 -0.0512925 -0.997937
28.114 52.5373 50.767 0.558855 0.534769 -3.5 0 -0.306196 -0.167402 0.937134
19.8988 53.7251 30.3582 0.0433949 0.0430762 -3.5 0 0.464616 0.736423 -0.491746
64.6995 28.0805 33.279 -0.0839547 0.109975 -0.7 0 0.919133 -0.0899405 0.383543
53.1012 30.9065 34.4585 0.145752 0 1.8 0 0.109276 0.113378 -0.987524
20.441 52.4825 37.2962 -0.227445 -0.086344 1.8 0 -0.951868 -0.296556 -0.07747
56.2832 36.4755 47.233 -0.106213 0 -2.4729 0 0.113577 -0.124876 0.98565
37.9717 57.5778 45.5467 0.0976172 0 -1.6 0 0.213732 0.971106 0.106166
22.5619 45.309 32.4049 0.701634 0 4.2 0 -0.666051 -0.740399 0.0904719
52.3225 42.4115 49.8079 0.239008 -0.139458 -3.10126 0 -0.0160379 0.246797 0.968935
27.779 49.0685 51.5475 0.320503 0.239326 -3.5 0 -0.595935 0.108404 0.795682
16.1669 31.183 36.7556 -0.0349084 0 2.8 0 -0.971392 0.045867 -0.233011
40.6517 24.9914 53.0879 -0.998503 -0.0917122 -3.5 0 0.280053 -0.867218 0.411706
26.7996 57.2845 46.875 -0.656754 0 -3.5 0 -0.694799 0.538135 0.477143
19.3595 44.8745 27.8386 -0.0963573 0 1.8 0 -0.222158 0.968964 -0.108415
33.0589 29.8936 28.2966 -0.327586 0 -0.164215 0 0.626281 -0.778529 -0.0407983
27.3843 55.6937 41.9922 -0.204262 0 -1.01832 0 0.289302 0.954331 -0.0745502
57.5194 28.1714 27.8927 -1.49723 0 -3.5 0 -0.57412 -0.610234 -0.545894
21.29 55.116 50.6403 -1.63304 0 -3.5 0 -0.863097 -0.396895 0.312312
29.4963 32.3725 51.9916 0.475249 0.184537 -0.8 0 0.517006 -0.267457 0.813125
48.6711 28.5812 43.7824 0.476909 0 3.8 0 0.0607318 -0.996043 -0.0648917
22.052 28.3468 30.2297 -0.6911 0 2.8 0 -0.491493 -0.366123 0.790183
20.5844 29.1164 48.3586 -2.20315 -0.468759 -3.5 0 -0.972316 0.0992362 0.211553
65.7394 32.9414 30.6155 -0.430796 0 -0.55049 0 0.354615 0.0394778 -0.934179
36.9214 37.9238 22.2181 0.0881544 0 4.2 0 0.686389 -0.129116 -0.715681
23.8366 38.0159 34.8829 2.0767 0 -4.5 0 -0.707622 0.490093 -0.508998
18.4391 35.7956 26.0244 -0.787424 -0.678165 -4.5 0 -0.873694 -0.102106 -0.47564
28.062 36.4395 55.287 -0.0536376 0 1.9 0 0.583575 -0.617169 0.527771
52.856 51.34 33.3257 -0.0718294 0 1.8 0 -0.300401 0.883355 -0.359783
68.3723 44.528 41.57 -0.27074 0 -0.8 0 0.994464 -0.000967194 -0.105071
25.5151 25.2588 25.1817 -2.15611 -0.786884 -1.6 0 0.117213 -0.9787 -0.168545
36.6839 28.4239 29.2253 -0.0487544 0 -3.9 0 0.0278442 -0.87409 -0.484966
20.7405 44.8091 28.2507 -0.258696 0 1.8 0 -0.269563 0.8929 -0.360647
24.1315 22.4377 39.2663 -0.0628058 -0.733621 -3.60042 0 -0.593233 -0.799465 0.0945014
36.9225 22.1667 46.0337 -1.17425 -0.0509372 1.8 0 0.599184 -0.699506 -0.389448
17.9081 30.1048 35.3884 -0.558426 0 2.8 0 -0.361848 -0.766802 -0.53017
53.1785 29.0002 43.2957 0.119338 0 0.608536 0 0.485655 -0.508681 0.710903
38.7665 54.829 31.3516 -0.027536 0 -0.4 0 -0.274207 0.930449 -0.243055
22.315 44.6554 24.5002 -2.23612 -0.244976 -3.5 0 -0.646298 0.704997 -0.292024
45.183 48.9074 31.1835 0.740468 -0.103934 1.8 0 0.022501 0.638607 -0.769204
48.6261 52.4805 41.828 0.88846 0.746945 -4.5 0 0.240509 0.741757 0.626061
58.6994 42.8596 27.7647 -0.084663 0 1.8 0 0.0354448 0.998103 -0.0503355
39.1613 29.6105 29.456 0.0773694 0 -3.9 0 0.837212 -0.542363 -0.0701302
18.6206 31.6831 45.6219 -0.0342259 0 -3.9 0 -0.8785 -0.097206 0.467749
19.6375 47.2875 50.6613 -0.443688 0 -3.5 0 -0.727551 0.54089 0.422029
30.1985 36.5617 51.1875 -1.22946 0 1.8 0 0.846322 0.180369 0.501204
46.385 43.0245 43.72 1.36012 0.671919 -2.2026 0 -0.139295 0.808409 0.571902
19.1735 32.5139 38.4006 -0.156657 0 2.8 0 -0.0235157 0.389745 0.920623
20.1338 53.5021 36.2736 -1.5714 -0.294765 1.8 0 -0.890126 0.455698 -0.00384006
33.4766 32.9857 52.3722 0.221877 0 -1.6 0 -0.82203 -0.0368352 0.568251
49.643 47.8247 41.7368 0.811314 0.444271 -4.5 0 0.0229825 -0.689684 0.723746
62.219 33.7134 29.0985 -1.96313 -0.00600116 4.2 0 0.422193 -0.376881 -0.824448
37.9894 22.8866 46.8554 -0.607271 -0.319021 -1.11239 0 0.43954 -0.653475 -0.616259
30.6397 35.8343 50.2523 -4.89915 -0.45532 0.487276 0 0.961539 0.222018 0.161713
30.2423 42.6507 48.858 -0.693486 -0.64713 -0.8 0 0.0716629 -0.938142 0.338752
59.5735 26.491 33.014 -0.40167 0 -3.5 0 -0.277274 -0.856511 -0.435325
39.2271 54.4743 47.4511 0.400649 0.531591 -3.1001 0 0.368574 0.395796 0.84113
34.775 32.1683 53.3078 0.129567 0 -1.6 0 -0.407849 -0.571366 0.71218
56.787 26.3646 40.5775 0.173117 0 3.8 0 -0.296004 -0.926331 0.23301
36.3289 27.5016 30.1914 -1.26103 -0.0768011 2.77489 0 0.0955657 -0.364064 -0.926458
21.7906 57.2689 44.1788 -0.797212 -0.0895348 -3.5 0 -0.930537 0.277636 -0.238787
44.3647 43.9782 49.4943 0.898966 0.322587 -3.5 0 0.565487 0.259039 0.783022
36.0535 48.0047 50.0185 0.39802 0 -3.9 0 0.457085 -0.260874 0.850305
29.1133 21.6505 35.3149 -0.342773 0.381752 -3.5 0 0.409744 -0.730946 -0.545736
34.9738 22.5384 43.676 0.00204818 0 -4.5 0 0.732012 -0.261522 -0.629098
26.5221 48.3815 50.488 -0.360712 0 0.568395 0 -0.332314 0.00479569 0.943156
40.4338 51.1011 30.8327 0.956292 0 -0.4 0 0.602059 0.0253124 -0.79805
18.2122 39.7697 24.946 -0.21021 0 -4.5 0 -0.873724 -0.0322531 -0.485351
37.4168 43.3372 24.8715 0.500737 0.278663 -3.5 0 0.66925 0.268141 -0.692968
48.8961 34.8039 26.54 -0.34886 0 -3.5 0 0.28476 -0.807051 -0.517281
30.634 53.1749 42.1406 -0.854748 -0.0833298 4.04755 0 0.427961 0.874956 0.226497
46.4319 33.9055 30.3258 -0.643166 0 3.71112 0 -0.956079 -0.230669 0.180845
43.2369 30.3791 47.3988 1.37437 0 -0.0832142 0 0.299705 0.953076 -0.0426908
30.753 56.1825 50.277 -0.317294 0 -0.8 0 0.356156 0.839965 0.409405
20.8715 54.7887 39.4453 -0.165571 0 1.8 0 -0.407605 0.913153 0.00312287
14.5632 32.2825 27.528 -0.431159 0 -3.5 0 0.00799099 -0.668264 -0.743881
21.9834 43.7168 51.3786 3.07453 -0.325453 -3.5 0 -0.816614 -0.418876 0.397095
18.0869 36.711 34.6179 -0.175079 0 -1.18388 0 -0.331749 0.858157 0.391803
26.0618 19.9959 38.7326 -0.521296 0 -3.5 0 -0.0708263 -0.816787 0.572575
46.2535 39.6917 51.766 0.815981 0.221305 -3.5 0 0.297338 0.829637 0.472539
19.1287 26.275 38.0959 -0.340652 -0.349955 -2.16609 0 -0.963668 -0.245269 -0.105766
25.9215 46.4811 50.6301 -0.0813926 -0.158161 3.46354 0 0.177146 0.448989 0.875802
46.0229 39.1473 27.5697 -0.348321 0 -3.5 0 -0.631009 -0.480676 -0.608916
27.8659 29.8509 38.3438 -3.18967 0 4.5 0 -0.857502 -0.398172 0.325805
36.7454 30.8249 52.5835 0.265581 0 -1.49186 0 -0.216728 -0.167939 0.961678
22.6092 43.3636 42.2391 -0.139783 0.626386 1.9 0 -0.811308 0.330576 0.482181
33.4728 44.9318 22.0643 -1.51408 -0.0822268 -3.5 0 -0.128843 0.59508 -0.793271
31.8328 52.8394 42.6581 -1.32308 -0.0227914 4.17728 0 0.101316 0.977735 0.183764
65.2807 47.8618 40.81 0.373929 0 -3.5 0 0.446929 0.869913 0.208584
46.2518 34.622 46.8064 1.65904 -0.116401 2.64118 0 -0.563182 -0.32296 0.760607
37.7497 22.3997 53.8298 -0.278293 0 -1.58331 0 -0.261408 -0.599492 0.756489
48.3794 40.3254 50.885 0.143787 0 -0.8 0 -0.138889 0.385325 0.912269
42.9786 31.4991 52.1695 1.01491 0.313282 -1.73072 0 0.903554 -0.0462488 0.425971
23.588 55.7859 52.6932 -1.70535 -0.924051 -3.5 0 -0.0641326 0.438081 0.896645
48.6791 31.2673 34.0298 -0.749483 -0.186425 2.66992 0 0.0796668 -0.823767 -0.561303
39.9255 32.3665 52.2305 0.541238 0 -2.19081 0 -0.608907 0.38327 0.694505
28.5637 57.1905 49.3848 -0.372199 0 -1.9681 0 -0.339954 0.601783 0.722695
60.812 47.8541 44.2892 -0.395896 0 -3.5 0 -0.72352 0.526265 0.446726
34.8102 48.078 24.5098 -0.217763 0 4.2 0 0.237678 0.51577 -0.823098
21.9546 43.7747 47.5848 -0.979595 0 -3.5 0 -0.486073 -0.123976 -0.86508
45.1592 45.7895 44.6268 0.119544 -0.101776 -3.5 0 0.872533 -0.374213 0.314087
27.9134 29.0654 39.5861 -2.96049 0 2.41799 0 -0.95351 -0.190949 -0.233147
27.1917 53.6295 31.1594 -0.647083 0 -1.3 0 -0.509444 0.77211 -0.379884
37.2181 23.8009 42.868 -0.75522 -0.774973 -3.5 0 -0.00345778 -0.989631 0.143594
18.725 36.4738 36.9927 0.049915 0 -4.5 0 -0.391924 0.885051 0.251157
40.665 45.9248 29.0035 0.268503 0 1.9 0 -0.751693 0.379328 -0.539507
41.3151 54.9772 39.2688 -0.0776253 0 -3.5 0 0.306477 0.935414 0.176276
66.0636 36.4469 42.3419 -0.0997492 -0.133473 -0.469254 0 0.641528 0.10066 0.760467
13.3208 32.5475 30.0532 -0.42664 0 -3.5 0 -0.502275 -0.760891 0.41081
16.9011 35.136 33.8895 0.123846 0.392458 -4.5 0 -0.882987 0.468039 -0.0356962
19.8053 34.8955 42.155 0.797787 0 -3.9 0 -0.56846 -0.0559731 -0.820804
28.0309 46.5052 26.3254 -0.0848995 0 -1.26876 0 -0.386907 0.459647 -0.799392
62.6501 49.5353 46.2245 -1.47541 -0.35707 -3.5 0 -0.34408 0.676327 0.651299
32.3804 14.0334 42.2125 0.556965 0.739063 -4.5 0 0.252252 -0.861768 -0.440141
61.9393 28.265 37.4053 0.141275 0 0.153102 0 0.97587 -0.175862 0.129424
44.8969 52.1761 45.8825 0.684999 0 -3.9 0 0.685015 -0.727489 -0.038914
27.1532 28.0688 45.468 1.55557 0 1.9 0 -0.427642 -0.691259 -0.58248
29.5882 29.4121 22.8609 -0.818833 -0.326933 -3.9 0 -0.0762286 -0.990918 -0.110771
31.8265 53.544 44.983 -0.590421 0 3.71189 0 0.0217512 0.635727 -0.771607
23.5585 44.8828 23.5429 -1.42627 0 -3.5 0 -0.253597 0.695082 -0.672718
64.9531 46.878 44.1646 0.190662 0 -2.21873 0 0.837956 -0.108865 0.534769
41.9575 29.193 34.8755 0.123632 -0.0425757 -3.9 0 0.641269 -0.00986915 -0.767252
18.205 32.225 44.461 -0.0649464 0 -3.9 0 -0.999765 -0.0116422 -0.0183118
33.2728 29.4915 50.9668 -0.292412 0 2.8 0 -0.20982 -0.340698 0.916461
39.8853 24.627 41.904 0.149641 0 -3.5 0 0.311155 -0.803931 0.506832
37.7265 37.7645 47.1797 2.44576 -0.454711 0.80017 0 -0.818675 -0.248706 0.517607
45.351 50.232 32.7824 0.569937 0 1.8 0 -0.61499 0.784978 -0.0748094
42.6936 23.5429 50.6926 0.464919 0 -4.5 0 0.00304653 -0.85655 0.516054
31.332 33.302 50.741 0.13873 -0.82205 -0.8 0 0.679258 0.366263 0.635972
20.492 46.441 38.532 -1.11585 -0.290062 4.2 0 -0.0807715 -0.00389017 0.996725
30.052 22.1567 34.381 -1.83388 -0.0889302 -3.5 0 -0.0242829 -0.795632 -0.605293
47.0146 33.6321 28.9986 -1.15937 -0.598227 -2.09352 0 -0.35617 -0.849434 -0.389364
30.6126 34.6777 20.6672 0.110236 0 -3.9 0 -0.421798 0.616522 -0.664821
36.824 35.408 21.996 0.782404 0.309052 0.943671 0 0.928541 -0.332612 -0.164868
19.5309 33.6844 38.3584 0.331528 0 -4.5 0 -0.236589 -0.260635 0.935999
45.4486 42.0204 45.5584 1.2852 0 -3.5 0 0.426541 0.799273 0.42335
25.4307 37.0612 55.9605 0.440394 0 1.9 0 -0.288274 -0.150951 0.945575
39.7079 36.0876 52.5456 -0.666356 -0.428042 1.8 0 -0.452865 -0.182212 0.872761
48.3372 43.3755 40.6852 0.587072 0 -0.833272 0 -0.304967 0.944134 0.12492
30.9229 24.452 28.5366 1.0069 0 -1.3 0 -0.0753665 -0.718562 -0.691367
32.297 29.0519 25.1126 -0.607439 0 -3.5 0 0.237036 -0.966706 -0.0964037
19.7139 47.7528 49.7263 -0.851073 0 -3.5 0 -0.651968 0.626806 0.426674
34.6316 56.046 37.2765 -1.50383 -0.210528 -1.42485 0 -0.268731 0.84397 -0.464217
27.437 24.7731 41.9933 -0.7096 0.000474252 -1.01225 0 -0.973139 0.128866 0.190775
25.3884 37.6598 20.5531 -2.09128 -0.16124 -3.5 0 -0.148052 -0.0238474 -0.988692
24.277 30.0882 51.6348 -0.0553652 0 -3.5 0 0.401675 -0.282868 0.871001
61.7214 45.9381 46.1856 -0.0131636 0 0.84612 0 -0.206594 0.42433 0.881625
35.5445 59.147 41.121 -0.588539 0 -3.5 0 -0.439005 0.827675 -0.349613
47.7982 37.2416 56.126 -1.80004 -0.33523 -3.5 0 0.28835 0.138693 0.947427
30.5774 46.9951 24.4212 0.215687 0.0558632 -3.5 0 -0.411829 0.793648 -0.447795
63.4683 23.8481 31.2366 -2.38982 -0.867162 -3.5 0 -0.0389156 -0.961912 -0.270576
44.357 34.7306 52.645 1.38314 0.289325 -3.62507 0 0.647986 -0.760248 -0.0462299
46.51 48.5397 42.5363 0.588208 0.0901523 2.41177 0 0.730692 -0.385113 0.563717
33.7808 56.313 48.6143 -0.129646 0 -0.4 0 0.0422863 0.658507 0.751386
47.5238 38.0428 52.2118 0.0194751 0.0500475 -3.5 0 0.68335 0.691113 0.235363
65.2272 26.5155 32.237 -1.65132 -0.0230506 -3.5 0 0.996623 0.0818827 -0.00618385
34.4599 24.9486 39.0031 0.505588 0.045437 4.2 0 0.594813 -0.773732 0.218027
20.4118 27.5624 27.2671 -0.825243 0 2.8 0 -0.827382 -0.0594189 -0.558487
13.7662 36.4982 29.1575 -0.598482 0 -3.5 0 -0.176604 0.972357 0.152751
21.4655 42.3086 21.3892 0.340053 0 -4.5 0 0.0575664 0.535877 -0.842331
20.5863 28.4999 26.7972 -0.518982 0 2.8 0 -0.838445 -0.0537865 -0.542326
45.0529 49.1605 43.7125 0.668028 0.023787 -2.91224 0 0.671323 0.34118 0.657968
26.067 25.8235 24.1225 0.14087 -0.0377276 -1.6 0 0.234915 -0.846505 -0.47775
20.0285 53.6309 34.9304 -0.845406 -0.219977 -0.84794 0 -0.714174 0.602241 0.356736
53.1674 51.9683 34.7557 0.0686327 0 1.8 0 -0.204702 0.974964 0.086848
31.1112 54.679 34.762 -0.454651 0 2.8 0 0.210963 0.837453 -0.504149
42.8128 24.316 46.596 0.600587 0.27109 -2.27112 0 0.13643 -0.848454 -0.511384
53.021 33.6818 33.8309 0.327773 0 3.8 0 0.551186 -0.822752 -0.138828
37.2379 51.8569 29.0289 -1.01347 -0.780156 -0.4 0 -0.0657241 0.0813768 -0.994514
26.1789 51.2074 49.5431 0.267883 0 -3.5 0 -0.661462 -0.339452 0.668761
25.684 56.071 39.7815 -0.517464 -0.115605 -3.30477 0 0.148982 0.955355 -0.255148
49.085 31.716 31.429 -0.11265 0 4.5 0 0.300437 -0.897785 -0.322056
45.8844 34.7759 34.801 0.555271 -0.238861 -1.7017 0 -0.68779 0.099668 -0.719035
21.3582 39.4863 48.623 -1.08329 -0.10955 -0.0210998 0 -0.972684 0.152104 0.175358
48.9917 38.3742 25.8123 0.0408868 0 -3.5 0 -0.0474122 0.452484 -0.890511
28.6831 23.343 47.612 -0.223064 0 -3.5 0 -0.81629 -0.475235 -0.328361
38.9375 27.591 57.39 -0.0392031 0 -3.5 0 0.12419 -0.336029 0.933628
56.823 26.052 36.834 0.525693 0 1.8 0 0.0469345 -0.848523 0.527073
46.5353 34.9429 27.2728 -1.89062 -0.163358 -3.5 0 -0.402943 -0.633625 -0.660421
28.7965 29.2475 24.1685 0.988328 0 -1.6 0 0.324078 -0.882672 -0.340388
43.3667 49.0947 45.601 0.418104 -0.927683 -3.5 0 0.818965 0.359418 0.447342
44.1007 55.2385 44.02 0.0397342 0 -3.9 0 0.512036 0.797055 -0.320192
63.3259 28.1141 35.8016 0.984061 0 -3.54324 0 0.66783 -0.0656334 0.741414
66.209 39.211 32.447 -1.16242 -0 3.8 0 0.834334 0.0358404 0.550092
28.8248 29.6504 22.0095 -0.385799 0 -3.9 0 0.114227 -0.784362 -0.609695
55.1942 49.6727 43.3345 0.356954 0.377664 -2.05101 0 -0.197257 0.380653 0.903434
44.5739 54.6554 41.4215 -0.946025 -0.480562 -0.4 0 0.570792 0.782442 -0.24896
34.8585 26.879 54.6625 -1.85889 -0.305338 -3.5 0 -0.740908 0.562448 -0.367024
65.0645 50.2723 44.8993 -1.77857 -0.128008 -3.5 0 0.476805 0.853568 -0.209949
25.421 30.9067 52.0354 -0.376349 -0.450134 -0.8 0 -0.0635527 -0.615213 0.785795
42.7009 52.5796 47.6139 0.386545 0 -3.77655 0 -0.127535 -0.441855 0.887975
45.3677 53.6571 41.693 0.216738 -0.0506815 -0.4 0 0.752803 0.657717 -0.026382
61.683 44.7705 31.789 -0.173885 0 3.8 0 -0.212204 0.953666 -0.213284
44.0488 35.3262 51.1175 1.27628 0 -3.55479 0 0.664779 -0.605516 -0.437515
45.0148 45.1476 26.9349 0.258063 0 1.9 0 0.830746 0.166655 -0.531119
32.8213 52.7104 43.6739 -1.59141 0 -0.408776 0 -0.172212 0.954031 -0.245291
39.3923 23.7663 35.8322 0.82371 0 -1.86789 0 -0.899133 -0.437477 0.0131809
58.971 25.6804 34.9016 -0.0367425 0 -1.24056 0 0.0659138 -0.990674 0.119249
19.838 31.1759 40.317 -0.343535 -0.477508 -2.41554 0 -0.358519 0.921919 0.146729
17.3984 41.7557 27.7039 -0.389541 -0.230342 1.8 0 -0.900576 0.274944 -0.336703
30.7407 48.7873 51.7211 0.159872 0 -3.5 0 0.730342 0.408035 0.547821
20.5338 27.147 44.9061 -1.4444 -0.0346126 -3.5 0 -0.974208 -0.206096 0.0918898
19.0263 31.18 41.7655 -1.33675 -0.136473 -3.9 0 -0.880992 0.437094 -0.181116
49.0585 29.8345 46.8666 0.531691 0 3.8 0 0.443777 -0.383028 0.810155
66.9049 34.8324 31.4911 -1.5775 -0.338624 -0.4 0 0.967286 0.00399768 0.253655
58.7542 27.3961 28.042 -0.968961 0 -3.5 0 -0.460528 -0.788671 -0.407324
22.6419 38.6146 55.1925 0.489185 0.583555 1.9 0 -0.503006 0.0733034 0.861169
44.5026 46.126 25.5521 0.162276 0 1.9 0 0.739766 0.0226011 -0.672484
29.0831 39.8929 49.1415 -0.104696 0 1.11534 0 0.931741 0.36223 0.0254715
36.9629 32.6519 52.9121 0.390648 0 -1.6 0 0.379315 0.0632667 0.923102
30.6306 43.9874 50.9435 -0.0743423 0 -0.8 0 0.414833 -0.370202 0.831182
39.0399 25.3067 56.6515 -0.183885 0 -3.5 0 0.548179 -0.210766 0.809368
20.81 43.0024 22.5445 0.260004 0 -4.5 0 -0.414429 0.888099 -0.19882
32.6211 54.4526 27.2045 -0.263503 0 -3.5 0 0.439674 0.441757 -0.782009
40.7991 21.3091 53.1619 -0.153981 0 2.5 0 0.754623 0.121339 0.644842
57.4871 51.0895 37.5871 0.0376399 -0.297802 -3.5 0 -0.422711 0.90617 -0.013061
25.0891 41.606 55.7537 -0.101957 -0.0752313 -2.19162 0 -0.579612 0.0467806 0.813548
55.1408 41.034 50.0605 0.390047 0.328316 -3.71011 0 -0.22166 0.191988 0.956037
44.0265 27.3715 53.8377 -1.53579 -0.0816945 -3.5 0 0.996297 -0.0493619 0.0703962
21.7903 39.1323 54.4253 1.25112 0.259804 1.9 0 -0.884376 0.0788434 0.460069
26.4683 50.2113 28.584 -0.265122 0 -0.7 0 -0.925617 0.263857 -0.271317
42.3964 37.8802 28.2486 -1.60115 -0.178018 -3.5 0 0.980425 0.112508 -0.16158
66.9824 38.0028 30.3551 -0.321789 -0.295022 1.76792 0 0.95741 0.249043 -0.146095
22.2038 39.4562 38.1625 -0.214169 0 1.76918 0 -0.801094 -0.420328 -0.426112
19.6006 32.3522 24.5228 0.078347 0 2.5 0 0.0279391 -0.37084 -0.928276
60.5552 45.9984 35.1794 -0.181466 0 3.8 0 0.969294 0.072641 -0.234932
30.0844 22.943 33.7474 -2.1531 -0.729997 -3.5 0 0.0622996 -0.682519 -0.728208
39.832 25.551 30.45 0.676621 0 -3.9 0 0.17876 0.446031 -0.876984
34.9191 35.0127 48.862 13.3165 0.553735 2.93831 0 -0.480809 0.876685 -0.0157194
67.327 43.5315 39.392 -0.674981 -0.0474179 -3.13549 0 0.967191 -0.237856 -0.0892481
23.1017 42.325 42.6865 0.233638 0 1.9 0 -0.67669 -0.00785105 0.736226
37.5585 45.025 48.7334 -0.63799 0 4.5 0 0.394035 0.695679 0.600638
22.7039 56.6852 51.5033 -1.93629 -0.528234 -3.5 0 -0.0801974 0.782891 0.616968
17.4789 38.5101 29.8369 0.0600494 0 1.8 0 -0.923063 0.334805 -0.189369
27.1653 29.1863 37.4361 -3.76661 0 0.12429 0 -0.363137 -0.110654 0.925142
63.489 32.893 44.665 0.0220203 0 -0.7 0 -0.0512112 -0.998642 0.00960505
37.7945 58.5392 42.412 -0.743565 -0.314598 -3.5 0 0.553254 0.714014 0.429062
17.0222 46.7137 33.3823 1.26004 0 -3.9 0 -0.254403 -0.214694 -0.942966
20.558 27.764 47.811 -1.63461 -0.0200498 -3.5 0 -0.989761 -0.139028 0.0323277
18.4912 50.9193 31.6115 0.150702 0 -3.5 0 -0.827972 -0.478492 -0.292418
31.172 57.3934 36.678 -0.135326 0 2.8 0 0.28415 0.863335 -0.417026
20.963 24.9583 29.1292 -1.92034 -0.561731 2.8 0 -0.31447 -0.584116 0.748276
22.381 29.9827 24.6155 -0.131961 0 2.8 0 -0.546731 -0.10413 -0.830808
38.5177 36.1429 25.6369 -0.758527 -0.0972165 -0.937472 0 0.452111 -0.724707 -0.519996
23.7205 54.9548 32.1035 -1.67708 -0.35147 -0.4 0 0.0127559 0.305369 -0.952149
15.0548 36.1795 27.944 -0.352717 0 -3.5 0 -0.0345352 0.80926 -0.586434
24.0645 19.9169 32.4525 2.14513 0.304377 -3.9 0 0.721882 -0.44045 -0.53375
32.0985 47.2327 23.5278 0.319477 0.291508 -3.5 0 0.0199526 0.749875 -0.661279
57.5933 28.9333 32.65 -0.268321 0 2.93689 0 -0.797645 -0.347019 -0.493295
57.1465 44.6908 49.5552 1.81773 0 -3.9 0 -0.178044 0.964214 -0.19645
43.1965 54.7373 40.7352 -0.759383 -0.369411 -0.4 0 0.151912 0.945098 -0.289333
28.7717 55.8155 43.4403 -0.597748 0 -3.5 0 0.577461 0.549263 -0.604028
34.4651 17.657 43.0105 0.31329 0 -4.5 0 0.735263 -0.213604 -0.643243
25.6225 25.3655 27.0095 0.240111 -0.163643 -1.38244 0 0.0560909 -0.96723 -0.247628
38.8377 57.9701 39.8223 -0.691822 -0.755749 -3.5 0 0.743382 0.565122 -0.357798
63.0189 45.9058 45.9206 -0.027013 0 2.07474 0 0.478448 -0.0718598 0.875171
35.4575 31.7955 20.9298 0.0136374 0 -3.9 0 0.680916 -0.727891 0.0807975
21.6593 44.6283 53.4335 -0.808355 -0.412376 -2.96792 0 -0.771465 -0.484941 0.411915
50.7347 33.723 50.1739 0.498403 0 3.8 0 -0.434702 -0.606961 0.665306
31.7932 52.987 27.0527 -0.341578 0 -3.5 0 0.185663 -0.167385 -0.968252
61.607 26.0175 36.3114 0.0967682 0 -3.5 0 -0.0754321 -0.817479 0.570997
16.618 40.2279 27.5678 -1.81128 -0.265428 1.8 0 -0.979213 -0.0981157 -0.177524
11.4005 35.3812 27.3264 -1.74109 -0.595967 -3.5 0 -0.71592 0.495922 -0.491446
32.1097 57.921 47.4552 -1.83668 -0.307081 -3.5 0 0.671988 0.669081 -0.317432
27.5436 43.6958 57.8596 2.77093 0.365403 -3.9 0 -0.183487 0.80373 0.565995
23.7605 57.2845 41.576 -0.394711 0 -3.5 0 -0.403868 0.730249 -0.551023
64.9607 43.4616 36.506 -0.374578 0 3.8 0 0.0194485 0.632155 -0.774598
36.5371 42.4759 50.647 0.565804 0 4.5 0 -0.00969869 0.133389 0.991016
39.3695 44.8935 50.4367 -0.0840796 0 2.5 0 -0.55117 0.815205 0.177912
22.1348 45.3182 39.1756 -0.395003 -0.0689069 3.85069 0 -0.527486 0.491487 0.692964
26.6615 30.3748 37.9655 -3.63231 0 2.5 0 -0.18054 -0.835928 0.518294
22.8482 23.718 36.3426 0.431579 0 -3.9 0 -0.261683 -0.58643 0.766564
27.071 49.8515 51.1442 0.0309952 0 -3.5 0 -0.629864 0.206712 0.748693
22.7479 40.4421 51.5541 -2.16035 0 1.9 0 -0.968592 0.21478 -0.125294
63.1841 39.6259 24.9639 -0.117824 0 3.8 0 0.830958 -0.328488 -0.449003
61.048 33.6769 28.77 -0.6793 0 4.2 0 0.425186 -0.778938 -0.460948
33.6562 53.7135 31.6321 -0.0855396 0 -3.23649 0 0.39932 0.887189 0.23117
65.3576 34.5773 44.3368 -0.320827 -0.193663 -0.7 0 0.942591 -0.331381 0.0413412
29.8848 22.7285 41.7817 -0.567771 0 -1.94619 0 -0.0853569 -0.986099 -0.14256
55.1244 31.3261 34.5851 -0.459291 0 3.8 0 -0.662532 0.422989 -0.618168
44.5525 36.9961 48.4231 2.39873 -0.0701329 -0.4 0 0.114915 -0.992919 0.0301047
23.848 59.2034 44.4562 -1.95273 -0.167247 -3.5 0 -0.173185 0.931447 -0.320022
19.938 25.8 42.203 0.0347321 0 -4.5 0 -0.984773 0.148564 0.0902797
23.8465 30.0739 23.912 -0.0264955 0 0.575186 0 -0.784866 0.0496141 -0.617676
30.1075 45.3737 51.5783 -0.0798567 0 -0.8 0 0.331174 -0.124885 0.935269
29.0515 38.495 22.0098 -1.33105 -0.634521 -3.5 0 0.369922 0.0932023 -0.924376
57.1855 49.0339 33.9121 -0.145324 0 2.68665 0 0.731076 0.32437 -0.60026
46.5887 28.5777 36.121 0.0683698 0 -3.9 0 0.641625 -0.253169 -0.724032
23.0335 27.0509 51.2798 0.229464 0.575608 -3.5 0 0.206395 -0.81759 0.537539
52.2929 25.6427 40.4069 0.110681 0 -0.8 0 -0.468053 -0.858441 -0.209773
37.1927 34.0071 52.2391 0.833036 0 -1.6 0 0.726604 -0.0374916 0.686033
30.1558 26.5715 51.3165 -0.779506 -0.354525 -3.5 0 0.18865 -0.427653 0.884039
26.2365 42.461 22.7975 -0.469677 -0.234672 -3.78933 0 -0.0366893 0.144032 -0.988893
41.138 33.469 30.505 -1.5003 -0.183637 -4.5 0 0.833522 -0.234252 -0.500367
20.623 26.6702 33.9346 -1.72748 -0.353422 -0.4 0 -0.498393 -0.3079 -0.810433
34.9668 46.8535 23.924 -1.02502 0 -2.34762 0 0.369169 0.725536 -0.580786
19.2166 51.4446 29.5327 0.671583 0.36259 -3.5 0 -0.340107 -0.403186 -0.849569
21.6698 21.1133 35.8727 0.917003 0 -3.9 0 -0.494842 -0.223938 0.839633
45.0395 26.3995 51.123 1.07227 0.56766 -4.5 0 0.547979 0.0210857 0.836226
35.434 50.0029 49.9772 1.66801 0 -3.9 0 0.162441 0.0623256 0.984748
28.9649 55.6819 29.0566 -2.25166 -0.605167 -3.5 0 -0.547678 0.836624 0.010488
39.0457 43.9502 29.0835 0.364868 -0.435741 -0.0909071 0 -0.547816 0.621434 -0.560105
24.4552 28.3231 38.3321 -3.92412 -0.0998757 -0.354094 0 0.705822 -0.0852123 0.703245
37.0171 28.4583 27.733 0.0964888 0 -3.9 0 -0.0578157 -0.983897 -0.169129
30.7843 21.414 48.5745 -1.50789 -0.00133934 -3.5 0 -0.346289 -0.903778 0.251535
19.305 24.1903 44.9419 0.444478 0.563006 -4.5 0 -0.97647 -0.191924 -0.0983392
29.2671 15.3158 41.9385 0.754133 0.0207735 -4.5 0 -0.885349 -0.463022 0.0420457
23.936 38.9577 30.7362 0.926418 0 3.8 0 -0.682705 0.228513 0.694043
34.552 23.2642 56.8545 -1.50976 -0.332451 -3.5 0 -0.702002 -0.625277 0.340914
51.884 50.8408 33.57 -0.502057 -0.108014 1.8 0 -0.659147 0.751679 -0.0224478
35.2253 24.449 50.4198 -0.0742644 0 1.8 0 -0.53451 -0.158996 0.830072
42.8735 44.8667 49.4972 0.668265 0 -2.09975 0 0.377269 0.645602 0.663978
29.747 45.8885 23.8573 -0.0907244 0 -3.5 0 -0.543094 0.613097 -0.573725
20.3851 26.0142 45.0544 -0.253313 0 -4.37822 0 -0.905944 0.416911 0.0738296
42.8276 54.5028 39.1558 0.248461 0.278914 -3.5 0 0.342785 0.938873 0.0318623
25.3706 20.2329 34.786 0.311822 0.443978 -3.5 0 0.258089 -0.530168 -0.807658
42.6973 49.5822 46.7335 -0.872359 -0.334879 -3.5 0 0.586457 0.102824 0.803427
26.478 51.4297 29.308 -0.324734 0 -0.891977 0 -0.871775 0.366569 -0.325015
56.6575 37.2617 25.697 -0.230688 0 -0.7 0 -0.10602 -0.865445 -0.489657
12.9897 32.4241 27.6364 -1.5357 -0.109098 -3.5 0 0.0286305 -0.982975 -0.181493
66.909 42.2965 43.2175 -0.10711 0 -0.8 0 0.72329 -0.40576 0.558757
56.9625 41.2355 50.8223 1.49471 0.0181458 -3.9 0 -0.0342862 -0.6351 0.771669
41.85 24.5034 32.8355 0.368991 0 -3.9 0 0.965258 -0.204388 -0.162796
44.6154 44.596 43.6917 0.649206 0 -1.37234 0 0.945186 -0.0649392 0.32001
65.888 37.8503 32.0465 -0.67666 -0.647316 3.8 0 0.505131 -0.280424 0.816214
25.6204 29.8565 37.727 -3.87192 0 2.69232 0 0.374234 -0.497534 0.782566
38.5445 22.002 48.007 -0.617708 -0.15964 1.20389 0 0.248302 -0.671718 -0.697955
55.5597 39.5165 23.0725 -0.173655 0 -0.7 0 -0.158692 0.0719469 -0.984703
41.3105 27.9823 33.596 0.137968 -0.0927068 -3.9 0 0.661943 0.294995 -0.689065
40.6302 25.2929 55.4958 -0.310436 0 -3.5 0 0.373732 -0.871008 0.318856
39.4099 24.4846 55.4795 -0.165351 0 -3.5 0 0.66293 -0.671054 0.33198
41.8344 25.033 52.3299 -0.511814 -0.0284633 -3.64426 0 0.479268 -0.701134 0.527933
25.4258 51.6165 31.1015 -0.218295 0 -1.3 0 -0.507655 0.0138813 -0.861449
47.0978 27.8681 45.4714 0.699833 0 3.8 0 0.465932 -0.861995 -0.199681
47.7337 49.6847 42.567 0.740381 0.0141311 -4.5 0 -0.139939 -0.135612 0.980829
48.2049 52.7444 38.8807 0.860709 0.832144 -4.5 0 -0.0332437 0.84532 -0.533225
31.4876 36.5099 22.3223 0.244089 0.00210819 -0.353508 0 0.0211493 0.187635 -0.982011
62.3065 26.4809 40.1879 -0.00607947 0 3.8 0 0.755488 -0.634524 0.163147
27.4375 34.3525 22.2691 -0.461051 0 -3.5 0 -0.447018 -0.49918 -0.74229
37.5936 28.7779 28.8345 0.163264 0 -3.9 0 0.439411 -0.898132 -0.0166459
21.7992 43.4118 40.8693 -1.04298 -0.242742 1.63771 0 -0.772481 0.345675 0.532712
39.963 22.6763 29.8232 1.60512 0.0619641 -3.9 0 0.398501 -0.500887 -0.768316
65.0111 42.8059 29.4778 -0.209874 0 3.8 0 0.664095 0.534038 -0.523241
16.8339 44.6746 36.8915 -0.0431647 0 -3.9 0 -0.682016 -0.509599 0.52456
27.3575 56.1838 39.7788 -0.209334 0 2.8 0 -0.223499 0.969656 0.099073
28.9767 54.9365 42.6131 -0.706476 0 0.229554 0 0.775634 0.627478 0.0682885
19.3736 27.4614 37.4311 -0.342608 0 0.127871 0 -0.939845 -0.116685 -0.321053
22.0537 33.0709 23.232 0.0723986 0 -1.3 0 -0.418636 -0.632659 -0.651526
66.2009 30.7161 30.112 -0.193807 0 -0.7 0 0.249321 -0.304864 -0.919183
49.1849 28.8547 41.3939 0.260771 0.0555488 -3.19125 0 -0.321982 -0.924715 -0.203049
25.8435 27.2026 46.6287 -1.46067 0 -3.5 0 0.251275 -0.829669 -0.498508
18.8976 44.2915 29.4482 0.0452793 0 1.8 0 -0.500846 0.580733 0.641797
22.7516 40.343 35.3289 0.391706 0 2.8 0 -0.630555 -0.474974 -0.61384
22.7254 41.0775 52.5752 3.98071 0 1.16739 0 -0.988707 -0.0169529 -0.148899
34.0986 57.6306 42.173 0.226995 0.481576 -3.5 0 -0.933764 0.068329 0.351305
45.7244 23.2232 40.434 2.16551 0.760628 -3.9 0 -0.355197 -0.770705 0.529007
21.9559 23.6299 33.1621 -0.0761592 0 -3.9 0 -0.713033 0.29626 -0.635464
38.4149 33.8965 28.5486 -0.530154 0 -1.59161 0 0.914324 -0.13503 -0.38181
26.8444 27.7484 48.8819 -2.40078 0 -3.5 0 -0.542711 -0.401866 0.737542
28.5299 44.6381 21.9175 -0.320118 0 3.8 0 -0.500442 0.669364 -0.549098
36.3365 45.1702 29.1143 0.914606 0.169593 -3.5 0 0.805256 0.25564 -0.534987
36.0254 23.9247 53.9734 -0.765744 0 -3.5 0 -0.699461 -0.562862 -0.440387
58.316 38.9091 24.6544 -0.331647 0 1.06417 0 0.444823 -0.580318 -0.682175
51.366 51.3195 36.1427 -1.2125 -0.189392 -3.5 0 -0.468271 0.865369 -0.178493
33.6055 27.2675 29.8902 -0.262843 -0.133184 -1.3 0 0.634683 0.176221 -0.752412
59.0202 42.8638 52.0723 1.70883 0.809041 -3.9 0 0.584172 -0.259122 0.769154
20.8961 27.9886 29.6213 -0.902691 0 2.77907 0 -0.20975 -0.612424 0.762195
36.7816 29.0901 56.3981 -0.999713 -0.39052 -3.5 0 -0.855865 0.459783 0.236845
23.256 24.992 33.3672 -0.365845 0 -3.9 0 -0.558488 0.384711 -0.734908
32.4374 28.3678 49.8503 -0.72399 0 2.8 0 -0.00468413 -0.518263 0.855209
42.8964 39.7915 28.8687 -0.443819 0 -2.92151 0 0.582659 -0.798157 -0.153149
34.2308 55.1024 49.1377 -0.330494 -0.0235326 -0.432366 0 -0.0864872 0.343407 0.935196
22.605 45.391 54.04 -0.488008 0 -0.4 0 -0.414453 0.257074 0.873007
43.6135 36.7145 48.7785 1.2007 -0.689156 -0.4 0 0.380821 -0.845306 -0.374743
16.8521 37.3414 29.8844 0.518763 0.104745 0.713181 0 -0.723951 0.5632 -0.398373
32.719 36.2046 46.0457 1.91428 0 3.8 0 0.113167 0.43193 0.894779
20.8032 40.6668 42.2127 -1.75782 -0.321622 -3.5 0 -0.518763 0.43835 0.733985
25.0276 27.4252 22.098 0.145431 0 -1.6 0 -0.450357 -0.724244 -0.522158
36.9195 53.028 31.839 0.0756329 -0.887293 2.5 0 -0.255034 0.911259 -0.323365
29.6117 60.3343 48.191 -2.52087 -0.150141 -3.5 0 -0.20674 0.972304 0.109009
52.0332 31.379 34.5231 0.447681 0 1.8 0 0.141009 -0.285255 -0.948022
56.1608 48.7435 44.3058 -0.0247813 0 -0.7 0 -0.270562 0.621603 0.735123
49.5984 48.1245 28.8809 -0.0423361 0 -0.7 0 0.101769 0.848859 -0.51873
47.0812 23.0165 40.3135 2.3785 0.0228444 -3.9 0 0.368629 -0.818519 0.440612
18.7746 52.643 29.798 0.0545827 0 -3.5 0 -0.335187 0.182306 -0.924345
21.7255 39.5765 53.1068 1.53667 0 1.9 0 -0.927973 0.332123 -0.168999
20.0238 24.1752 42.1942 1.05334 0.164433 -4.5 0 -0.986589 -0.0505942 -0.155182
43.3825 47.9955 26.7693 0.357404 0 1.9 0 0.39766 0.907677 -0.134125
19.67 23.7666 46.2118 0.343694 0 -4.5 0 -0.7583 -0.51753 0.396414
61.6198 34.1732 26.0955 -0.290945 0 4.2 0 0.649247 -0.685684 -0.329115
66.887 40.6608 35.5769 -0.230897 0 3.8 0 0.79933 -0.20744 -0.563951
29.1975 40.6548 52.5646 0.257942 0 -3.9 0 0.99511 0.0265425 0.0951371
41.1575 24.2289 46.628 0.0364649 0 3.34767 0 -0.0507048 -0.854242 -0.517397
29.1889 39.0928 52.2342 0.456708 0.277628 -3.9 0 0.949317 -0.0283774 0.313037
33.9707 15.8322 44.024 0.545014 0.736481 -4.5 0 0.741476 -0.350576 0.57211
43.7399 53.6376 36.3151 0.754145 0 -3.5 0 0.432186 0.551789 -0.713263
16.6388 50.2731 35.0583 1.91483 0.36232 -3.9 0 -0.26623 0.924164 0.27394
35.323 29.752 25.563 -0.460835 0.754034 -3.891 0 0.0919571 -0.993707 0.0639492
54.5374 31.7584 44.8349 0.3081 0 4.5 0 0.393978 -0.310419 0.865114
44.8548 36.917 47.4007 4.06401 0.169178 -0.4 0 -0.227101 -0.906498 0.355931
32.1698 55.3214 30.9212 -1.15159 -0.100788 -3.5 0 0.478619 0.808895 0.341486
33.6647 28.52 29.9037 -0.205533 0 -3.44376 0 0.384704 -0.213775 -0.897944
21.7628 54.5116 49.9308 -1.3577 -0.0156054 -3.5 0 -0.883359 -0.46722 -0.0371715
15.8837 34.8104 35.6636 0.323602 0 -4.5 0 -0.950343 0.282055 -0.131504
26.2955 56.065 49.6483 -0.160263 0.0390199 -3.15084 0 -0.229584 0.900135 0.3702
51.8747 32.6514 33.6598 0.500434 0.138651 4.17765 0 0.516563 -0.759547 -0.395285
53.4391 33.2781 27.8631 -0.193923 0 3.8 0 0.100561 -0.36956 -0.923749
30.8055 24.166 50.6997 -1.3841 -0.826989 -3.5 0 -0.154725 -0.0310013 0.987471
20.24 34.9044 46.8737 0.185548 0 0.264178 0 -0.634872 0.140452 0.759744
51.245 45.7985 47.08 -0.612901 -0.0628688 -3.5 0 -0.833115 0.50618 -0.222937
21.1427 42.6912 30.655 2.0378 0 3.09661 0 -0.0561958 0.0810897 0.995121
59.1169 52.7325 36.6425 0.373373 0.0501962 -3.5 0 -0.856893 0.437687 -0.272331
64.6325 32.98 41.3924 -0.236042 -0.207735 3.78967 0 0.730787 -0.646517 0.219011
24.164 39.467 34.8828 1.23961 0 4.37928 0 -0.795547 -0.117251 -0.594438
20.2795 39.3156 42.1681 -1.3274 -0.0657992 -3.5 0 -0.84466 -0.0171208 0.535029
38.4741 53.6885 30.1418 -0.429203 -0.123111 -0.4 0 -0.116796 0.777694 -0.617697
53.6712 27.6895 36.2323 -0.0948582 -0.693611 1.8 0 -0.5469 -0.805255 -0.229054
18.3927 33.7368 44.5594 0.306875 0 -3.9 0 -0.975713 -0.0529193 0.212563
50.15 48.3442 31.69 0.101356 0 -0.7 0 -0.00315883 0.872197 -0.489144
25.0291 28.1936 44.4966 -0.100842 -0.346661 0.594156 0 0.65405 -0.580994 -0.484421
15.015 48.527 35.7145 1.53623 0 -3.9 0 -0.852179 0.515288 0.0909379
35.814 22.2843 44.5938 -0.134953 -0.0880863 -3.94202 0 0.784047 -0.457308 -0.419691
67.7875 33.7924 35.7429 2.92177 0.188894 -3.9 0 0.824936 0.259248 -0.502266
34.7961 31.7033 19.745 0.144182 0 -3.9 0 0.42909 -0.7983 -0.422609
22.4934 36.2118 54.9116 -0.0333311 0 1.9 0 -0.756533 -0.446193 0.478089
67.7625 44.4412 38.0915 -2.2928 -0.784873 -3.5 0 0.913101 -0.35071 -0.207967
33.1577 22.7136 41.3 -0.693283 -0.00826143 -4.3219 0 0.873147 -0.330798 -0.358032
42.0366 36.8438 26.9706 -1.30152 0 -3.5 0 0.8112 -0.342568 -0.473921
60.7431 46.8387 36.3569 -0.557258 0 -3.5 0 0.693732 0.313498 -0.648425
45.618 56.099 47.044 0.748996 0 -3.9 0 0.46379 0.816544 -0.343737
46.4938 39.0798 54.7895 -0.137216 0 -3.5 0 0.363504 0.913174 0.184333
34.6585 35.0184 47.7956 17.2494 0.0306064 3.8 0 -0.262919 0.838113 0.477954
63.2822 34.2049 47.5705 -0.0319883 0 -0.7 0 -0.157747 -0.208467 0.965224
23.9673 40.2905 46.5303 -0.692505 0 -3.5 0 -0.629595 -0.239938 -0.738945
17.9485 29.9545 30.544 -0.340402 0 2.5 0 -0.642183 -0.612231 0.461275
30.3102 29.4182 21.6607 -1.62811 -0.100515 -3.9 0 0.00243618 -0.887869 -0.46009
57.898 45.1157 30.6925 -0.113321 0 3.8 0 0.478552 0.541519 -0.691191
20.1009 41.1259 37.499 -0.648479 -0.628148 -3.56559 0 -0.556067 -0.808019 -0.194665
21.084 31.6709 48.461 -0.311604 0 -3.5 0 -0.959412 0.228438 0.165363
66.8558 39.0732 30.8242 -1.77676 0 3.8 0 0.982746 0.179758 0.0435689
20.5535 23.2595 46.693 -0.148325 0 -4.5 0 -0.404854 -0.611648 0.679691
35.9832 45.854 24.6635 -0.80595 -0.608935 -3.5 0 0.844416 0.512045 -0.15739
36.2916 40.168 22.1021 -0.0877886 0 4.2 0 0.057713 0.491017 -0.869236
18.096 30.9942 26.703 -0.612808 0 2.5 0 -0.57705 -0.65355 -0.489781
43.25 36.7515 47.8205 3.0589 -0.477213 -2.11526 0 0.6951 -0.683988 0.221351
26.676 56.0365 42.661 -0.557761 0 -3.5 0 0.486396 0.826501 -0.283399
28.6765 27.2983 26.58 1.3159 -0.339131 -3.17701 0 0.463532 -0.654946 -0.596811
42.2098 36.1842 54.9029 -1.9141 -0.0698888 -3.5 0 -0.447462 -0.282733 0.848434
44.2606 27.2354 35.4441 -0.0366558 0 -3.72625 0 0.315551 0.0582554 -0.947119
41.4282 45.109 50.979 0.35689 0 2.5 0 0.367968 0.833468 0.412227
63.7285 41.454 26.1423 -0.551171 -0.175293 3.8 0 0.538334 0.770881 -0.340497
52.2131 44.9258 49.8838 -1.10591 -0.823926 -3.5 0 -0.219982 -0.0943781 0.970928
32.0184 30.5161 50.948 -0.0573486 0 2.8 0 0.0343004 -0.108118 0.993546
42.7052 55.6387 47.409 0.298521 0 -3.9 0 -0.66839 0.668505 0.326123
24.112 20.5693 37.759 -0.914189 -0.384677 -3.5 0 -0.781279 -0.457755 0.42434
22.0718 53.7755 32.6311 -0.328252 0 -2.55196 0 -0.2511 0.493268 -0.832848
45.3753 56.6133 49.2391 2.80067 0 -3.9 0 -0.00178621 0.991171 0.132581
65.7559 37.911 36.8205 -0.850494 0 4.2 0 0.469691 0.206026 -0.858454
11.1236 33.508 28.7281 -1.72236 -0.0144934 -3.5 0 -0.814964 -0.248062 0.523735
57.038 27.8897 33.2357 0.0289437 0 -0.303233 0 -0.528609 -0.0307806 -0.848307
46.6109 50.1374 35.0069 0.395911 0 1.8 0 0.136409 0.959824 0.245214
22.8622 56.0841 47.4108 -0.721532 0 -3.5 0 -0.961271 -0.0657855 -0.26764
21.8368 40.8335 30.3913 8.06524 0 2.84466 0 0.0428897 -0.236969 0.97057
22.9801 58.9212 46.3151 -2.14837 -0.919751 -3.5 0 -0.0506453 0.904994 0.422398
47.6159 39.3095 51.0947 0.219099 0.367404 -3.35244 0 0.465408 0.493768 0.734567
54.216 37.4658 24.5443 -1.02499 -0.926317 -0.7 0 -0.236723 -0.767796 -0.595359
30.8761 58.5045 46.4951 -1.01242 0 -3.5 0 0.57998 0.53876 -0.611032
35.791 52.6883 29.5182 0.062635 -3.52602e-05 -0.519841 0 -0.0428627 0.657867 -0.751914
22.2045 30.9212 52.138 -0.0206722 0 -3.5 0 -0.2594 0.199681 0.944902
33.1037 23.7456 40.1816 -0.398564 0 2.5 0 0.951628 -0.268097 0.150091
22.0765 55.9494 34.909 -0.255367 0 -0.4 0 -0.666293 0.64747 -0.369913
37.3406 19.5099 51.1661 -0.18077 0 2.5 0 -0.209508 -0.977246 -0.0331145
23.6917 51.9733 48.2627 -0.397194 0 -3.5 0 -0.382318 -0.68109 0.624459
50.7364 29.4132 45.1264 1.4923 0.681582 3.8 0 0.30028 -0.673281 0.675666
65.2551 34.8686 32.9603 -0.191498 0 4.2 0 0.625269 0.462348 0.628707
14.8652 46.588 35.351 0.372068 0 -3.9 0 -0.936166 -0.324653 -0.134886
22.1094 55.0344 42.4825 -0.26522 0 -3.5 0 -0.986509 0.0496665 -0.155988
23.9282 26.2445 44.6739 -0.0897803 0 -3.5 0 0.846195 -0.284257 -0.450724
53.5306 48.5839 30.0251 -0.0954676 0 3.8 0 -0.0426482 0.780741 -0.623397
43.6045 38.8553 32.0182 0.0139912 0 -0.4 0 0.524004 -0.842723 -0.123441
32.7235 20.9725 37.674 0.521215 0 2.5 0 0.486523 -0.689243 -0.53688
64.9307 31.378 30.1475 -0.185478 0 -0.7 0 0.184558 -0.00146437 -0.982821
38.9355 30.1145 56.6611 -0.142171 -0.677631 -3.5 0 -0.154752 0.886718 0.435642
21.23 36.0708 48.7152 -0.0595913 0 4.2 0 -0.991002 -0.127375 0.0411286
64.01 36.0635 33.8175 0.121288 0 4.2 0 0.88867 0.392831 0.236534
39.5644 41.098 53.7145 -0.123264 0 -3.5 0 -0.832454 0.394922 0.388661
24.9844 22.2232 33.4609 0.561288 0 -3.9 0 0.729019 -0.25621 -0.634734
36.9603 27.9125 57.074 -0.653345 -0.569818 -3.5 0 -0.531036 -0.104768 0.840847
35.1251 37.075 19.9823 1.81114 0.82883 -3.9 0 0.067443 0.784816 -0.616048
28.5863 54.9811 27.9112 -1.4389 -0.0422432 -3.5 0 -0.72627 0.455836 -0.514533
27.9381 24.0985 44.3999 2.8082 0.139879 -0.8 0 -0.820625 -0.375875 0.430455
12.2008 36.5762 27.6189 -1.93315 -0.261786 -3.5 0 -0.33223 0.846776 -0.415444
19.7074 37.0107 45.7277 3.87714 0 -3.9 0 -0.510825 0.446823 0.734443
56.562 37.7542 24.0565 -0.23011 0 -0.7 0 0.117375 -0.788577 -0.60363
47.0187 51.218 42.2077 0.705599 0 -2.61328 0 0.182483 0.231422 0.955586
52.7765 31.937 46.095 0.361126 0 4.28676 0 0.191161 -0.690259 0.697854
30.9379 59.716 48.0499 -2.42241 -0.736382 -3.5 0 0.797344 0.596556 0.0914513
60.4749 31.8582 43.6846 0.084274 0 4.5 0 0.0702466 -0.512072 0.856065
43.9832 41.7826 56.127 -1.71567 -0.540765 -3.5 0 0.791631 0.315232 0.523401
53.1389 44.8778 44.7061 -0.431094 -0.246181 2.02645 0 -0.0194204 0.900409 -0.43461
29.5855 17.7948 41.062 0.533741 0.593134 -4.5 0 -0.548676 0.54913 -0.630405
56.7342 51.279 34.536 -0.014719 0 1.8 0 0.660066 0.7506 -0.0302209
27.3762 58.5244 46.0643 -0.584079 0 -3.5 0 -0.450986 0.8477 -0.279315
47.7118 30.4191 47.2238 0.850418 0 3.8 0 0.44114 0.223546 0.869151
16.0886 49.9905 34.0316 1.80695 0.646295 -3.9 0 -0.558752 0.70181 -0.441881
44.6985 53.6287 50.05 1.97068 0.249657 -3.9 0 -0.391911 -0.532843 0.74999
29.2882 51.9287 51.2533 0.56414 0.513714 -3.5 0 -0.0211467 -0.189222 0.981707
50.1562 36.65 25.666 -0.10402 0 -3.5 0 0.303635 -0.348861 -0.886624
65.2376 36.0747 27.8144 -0.178298 0 -0.4 0 0.354473 -0.466342 -0.810477
25.6208 47.1029 26.9918 -0.650911 0 -0.7 0 -0.324433 0.768831 -0.551037
37.5149 23.3485 40.9769 -1.54134 -0.191761 -3.5 0 -0.219422 -0.969102 -0.112675
42.0168 42.4181 51.9544 0.17626 0 -2.36656 0 0.748747 0.65519 0.100517
10.6675 33.7277 27.1895 -1.8888 -0.906651 -3.5 0 -0.952311 0.00190066 -0.305124
36.254 23.8356 43.6403 -0.0734303 -0.0473189 -1.55026 0 0.382746 -0.858416 -0.341507
40.0926 22.024 31.3188 1.73766 0 -3.9 0 0.215331 -0.971082 -0.103118
21.2365 45.7419 38.4905 -0.183815 -0.0480488 4.2 0 -0.237489 0.174063 0.955668
47.1666 36.0129 25.9521 -0.389766 0 -3.5 0 -0.601517 -0.0199558 -0.79861
27.0072 46.7118 50.5856 -0.157255 -0.932432 -0.8 0 -0.27478 0.274898 0.921372
40.2757 29.67 57.4647 3.54041 0 -3.5 0 0.0891283 0.471881 0.877146
20.8892 38.2368 49.0732 -0.669239 0 4.2 0 -0.955758 0.165617 0.2431
18.5874 47.646 33.3161 0.584604 -0.105766 -3.83193 0 -0.154997 -0.261636 -0.95264
36.079 46.2851 28.3154 0.693229 0 4.2 0 0.871727 -0.41272 -0.26411
18.351 50.396 34.9305 0.744822 0 -3.5 0 -0.384777 0.660106 0.64514
21.0036 30.1164 48.9546 -0.84816 0 -3.5 0 -0.992188 0.0630696 0.107632
43.4603 55.2108 42.7253 -0.355612 -0.120489 -2.79113 0 0.271995 0.940267 -0.204737
35.861 22.7957 56.4335 -2.09875 -0.544453 -3.5 0 -0.00105123 -0.972162 0.234308
36.446 22.9112 52.42 -0.457663 0 2.5 0 -0.957557 -0.0260971 0.287061
68.1025 47.7397 37.745 -1.93645 -0.525281 -3.5 0 0.757987 0.641327 -0.118976
52.2935 51.275 38.386 0.262209 0 -3.5 0 -0.442405 0.89627 0.0312781
44.6982 25.9994 44.5535 0.517113 0 4.5 0 0.748239 -0.581084 -0.320123
42.2405 48.3095 46.8935 0.333294 -0.0340859 -3.5 0 0.31611 -0.0160174 0.948587
47.2774 32.6191 30.081 -0.312728 0 4.5 0 -0.517118 -0.750061 -0.412307
32.4967 57.022 46.9022 -0.825649 0 -3.26194 0 0.36259 0.797249 -0.482621
68.461 45.909 37.2259 -1.59221 -0.842896 -3.5 0 0.755441 -0.243415 -0.608323
64.235 39.4302 43.0008 -0.544075 -0.0991758 2.81025 0 0.406619 -0.233503 0.883254
48.1277 30.3269 34.9836 -2.31487 -0.0274376 -0.4 0 0.105986 -0.846812 -0.521226
46.387 48.6768 31.0505 -0.0398628 0 1.8 0 0.0625224 0.651959 -0.755672
47.0525 38.082 55.7305 -1.2064 -0.762237 -3.5 0 0.146092 0.558448 0.816574
37.793 36.8971 48.0044 2.25601 0 -0.9 0 -0.891277 0.30241 0.337895
52.9658 32.6317 47.2289 0.348051 0 3.8 0 0.337729 -0.839199 0.426244
25.0099 52.8558 31.4721 -0.380379 0 -1.3 0 -0.181943 0.47707 -0.859826
18.8018 31.8465 43.2904 -0.0711362 0 -3.9 0 -0.914236 0.061207 -0.400532
59.643 48.5115 42.7149 -0.0738708 0 -1.14579 0 -0.0232497 0.899588 0.436121
38.0215 43.248 28.6423 1.04247 0 -2.17499 0 0.0449894 0.985445 -0.163932
46.9734 55.973 48.9238 2.34723 0.899245 -3.9 0 0.841664 0.536766 0.0590328
48.1777 43.5465 27.8202 0.67205 0.327996 -2.76056 0 -0.105053 0.314645 -0.943378
62.2285 27.8784 41.1082 0.0208269 0 3.8 0 0.644412 -0.138971 0.751945
20.3778 43.5506 30.0123 0.433961 0 2.21032 0 -0.314641 0.357608 0.879271
53.4468 30.0312 44.355 0.288646 0 4.5 0 0.37009 -0.603185 0.706542
43.6258 25.5998 34.5327 -1.66208 -0.167477 -1.6 0 0.706817 -0.184982 -0.682782
68.2059 33.6775 37.1945 2.60314 0.274012 -3.9 0 0.950152 0.304435 0.06731
56.1836 26.3085 33.329 -0.0916458 0 1.8 0 -0.552897 -0.227927 -0.80147
59.5099 40.275 49.4279 0.248411 0 -3.9 0 0.594157 -0.547566 0.589193
46.1592 33.4448 34.2152 0.773299 0 0.905245 0 -0.52686 0.0900215 -0.845171
21.3075 35.0181 48.0472 0.0426988 0 4.2 0 -0.937622 -0.049124 0.344169
21.964 43.919 52.5215 0.954182 0 -0.52749 0 -0.943106 -0.332457 0.00493035
42.702 31.242 48.5537 1.15047 0 -3.9 0 0.652296 0.65836 -0.375597
37.0701 36.4165 49.8939 6.47497 0 0.285161 0 -0.760231 0.590261 -0.271367
23.829 49.909 47.279 -0.4974 0 -3.87918 0 -0.236498 0.231941 0.943542
37.6312 41.6107 24.5187 0.195266 0.301123 -2.74286 0 0.727368 0.337339 -0.597611
21.2139 35.8102 51.7041 -1.16363 -0.737524 2.05263 0 -0.77604 -0.625876 0.0777201
32.4738 30.039 22.8825 -0.71556 -0.455352 -3.65524 0 0.430214 -0.736435 -0.522092
59.0628 42.0555 50.9113 1.58674 0.0272203 -3.9 0 0.651442 -0.321829 0.687058
36.7549 49.5664 49.537 1.24924 0.113022 -3.9 0 0.530282 -0.00414558 0.847811
56.5558 38.5115 48.0755 0.00016583 0 -3.81195 0 0.195048 -0.676297 0.710337
37.4453 53.29 29.8697 -1.28295 -0.425322 -0.4 0 -0.30334 0.915052 -0.265829
21.0911 36.2629 39.5291 0.0196561 0 -3.18639 0 -0.896283 0.157606 0.414533
33.6647 24.2551 30.1904 1.18745 0.49247 -1.3 0 0.692627 -0.717581 -0.0731101
19.1243 46.7961 49.2996 -0.860833 0 -3.5 0 -0.981287 0.0186587 0.191644
39.6361 24.63 44.2276 0.424124 0.203773 -3.5 0 0.465187 -0.881794 0.0777162
59.2878 47.1701 32.1898 -0.120545 0 3.8 0 0.438311 0.703181 -0.559839
38.0773 26.2031 56.8451 -0.358521 0 -3.5 0 0.0382483 -0.075465 0.996415
38.8519 24.2778 37.604 0.443872 0 -1.6 0 -0.871829 -0.354846 -0.337637
40.3475 41.836 54.253 -0.175687 0 -3.5 0 -0.593159 0.753618 0.283234
26.4953 24.9099 40.4539 1.13351 0 -3.5 0 -0.604148 0.379188 0.700872
21.3219 32.7912 24.5295 -0.0824697 0 0.845334 0 -0.252211 -0.468797 -0.846533
20.092 47.6707 38.5433 -1.62971 -0.113937 4.2 0 -0.239477 0.329858 0.913151
55.8068 30.0678 42.1835 -0.321128 0 4.1444 0 0.533422 -0.533967 0.656003
48.7591 36.677 52.9129 -0.611135 -0.431541 -3.5 0 0.795281 -0.598577 0.0960903
25.0793 55.8295 50.7389 -1.26652 -0.0221274 -3.5 0 0.430779 0.842897 0.32242
54.8221 33.3844 35.5039 0.338438 0 3.8 0 -0.3065 -0.486315 -0.818264
39.4915 21.0837 37.313 0.182933 0 -1.6 0 -0.672919 -0.710972 -0.204204
18.006 52.084 31.8085 -0.302268 0 -3.5 0 -0.99118 -0.132507 0.00224311
52.5107 50.3058 31.5595 -1.20885 -0.110592 1.8 0 -0.0992067 0.52376 -0.84607
23.183 33.8131 22.5269 -0.347903 -0.399443 -1.3 0 -0.211228 -0.501321 -0.839083
42.9799 21.7787 36.0769 0.228115 0 -1.6 0 0.762259 -0.538082 -0.359762
25.0146 25.2887 32.2925 -0.32249 -0.271942 -2.4821 0 0.590397 -0.738878 -0.324794
42.6654 23.7405 39.0324 0.198836 0 -1.6 0 0.634164 -0.616209 0.467035
23.3743 47.4768 51.7093 0.120096 0 -3.5 0 0.315322 0.796648 0.515678
23.0609 48.4762 49.1115 -0.742356 -0.331912 1.54877 0 0.0777693 0.946034 0.314597
41.7622 21.0665 36.7161 0.287782 0 -1.6 0 0.270568 -0.885277 -0.378256
24.4597 56.1824 51.8537 -2.2472 -0.0679078 -3.5 0 0.604925 0.671053 0.428666
43.2415 40.797 52.71 0.704988 0.379505 -3.5 0 0.693406 0.619685 -0.367667
62.8408 41.5243 24.29 -0.15277 0 3.8 0 0.84986 0.470496 -0.237428
28.4409 41.2902 58.3686 2.44196 0.32106 -3.9 0 0.101504 -0.497249 0.86165
35.0252 56.0665 48.9193 -0.701378 -0.278292 -1.6 0 -0.069286 0.720778 0.689694
35.6631 34.6134 25.272 -0.473304 0 3.04595 0 0.359976 -0.499094 -0.78824
61.8932 52.8857 35.1605 0.100074 0 -3.5 0 0.446085 0.057372 -0.89315
45.3213 51.8452 39.035 0.427454 0 -0.416806 0 0.440414 0.847242 -0.297013
64.5735 45.7472 44.3456 0.649506 0.869271 -3.5 0 0.547467 0.137631 0.825432
29.3888 27.5985 51.961 -2.03642 -0.132955 -3.5 0 -0.0740048 -0.175295 0.981731
17.1316 37.6618 33.4981 -0.111424 0 1.8 0 -0.640752 0.391516 0.660418
40.4 32.8745 30.0117 -1.3411 -0.123376 -4.5 0 0.6996 -0.42401 -0.575131
17.8692 39.1305 32.6297 -0.230428 0 1.8 0 -0.29013 0.836713 0.464474
22.0203 43.7192 53.8685 0.311286 0 -0.4 0 -0.928496 -0.0818901 0.362201
39.2936 43.2308 25.5002 -0.647549 -0.608706 1.9 0 0.09245 0.365481 -0.926216
64.2395 35.5687 35.2211 0.157497 -0.801424 4.2 0 0.80215 0.323713 -0.501762
27.3535 27.5445 22.3193 0.144095 0 -1.6 0 0.757883 -0.507028 -0.410533
61.4627 35.5433 24.9788 -0.183743 0 4.2 0 0.579108 -0.183541 -0.794321
46.8635 48.2323 41.164 0.664383 0 1.42803 0 0.38358 -0.748236 0.541304
39.3025 55.8334 41.1996 -0.268302 0 -3.5 0 0.887598 0.408673 -0.212502
42.9594 51.0941 46.3218 0.137313 -0.0781918 -3.70799 0 0.674725 -0.366709 0.640524
35.259 55.3464 42.6944 -0.0838756 0 -1.6 0 -0.952873 0.0730034 0.294456
34.1362 46.114 50.469 -0.296726 0 -3.9 0 0.339756 0.203211 0.918298
67.9454 40.1414 40.3756 -0.498124 -0.214758 -0.4 0 0.85041 0.4232 0.312578
55.952 44.212 50.1917 1.45549 0 -3.9 0 -0.60276 0.783804 0.149437
43.8462 32.4538 34.5843 -0.634542 -0.427679 -4.12661 0 0.0591641 0.105854 -0.99262
65.5435 43.8792 44.3573 0.544213 0.128471 0.0834068 0 0.506731 0.0223102 0.861815
62.7829 27.9678 40.0155 0.0225026 0 3.8 0 0.994783 -0.00723911 0.101758
19.2461 52.1232 34.6312 -0.467257 -0.122372 -3.5 0 -0.753952 0.309332 0.579544
25.2927 49.8568 48.6172 -0.538204 0 4.39907 0 -0.658846 0.36092 0.660044
18.553 43.2653 34.4178 0.43509 0 -3.9 0 -0.166554 -0.829842 -0.532562
66.2279 35.184 32.3096 -1.24004 0 -0.4 0 0.765218 0.179068 0.618366
36.0211 36.4295 46.809 5.77104 0.250859 -0.9 0 -0.10411 0.391355 0.914332
28.435 20.2218 35.3742 0.700559 0.396549 -3.5 0 0.533167 -0.442399 -0.721122
62.2564 25.9823 30.2717 -0.456488 0 -3.5 0 -0.144438 -0.701748 -0.69763
47.0371 31.164 34.316 -0.718467 0 -0.4 0 -0.115747 -0.608618 -0.784976
34.572 29.3787 23.7323 -2.27331 -0.0430097 -3.5 0 0.242984 -0.818297 -0.520911
28.8271 48.5633 52.6445 0.795444 0.68935 -3.5 0 -0.255184 0.0565918 0.965235
43.3305 41.2275 56.7135 -1.31513 -0.602263 -3.5 0 0.43604 0.170284 0.88367
35.3927 36.2762 51.7443 1.48519 0 -1.6 0 -0.19756 0.961696 0.190028
17.3724 30.2704 27.869 -0.391832 0 2.5 0 -0.461374 -0.72022 -0.51809
52.1146 29.1685 34.5769 0.0632173 0 1.8 0 -0.173594 -0.313287 -0.933658
38.5545 58.9832 41.218 -1.7813 -0.252818 -3.5 0 0.545879 0.832812 0.0918711
60.4072 51.383 39.6478 -0.020088 0 -3.5 0 0.086117 0.551031 0.830029
53.905 44.626 29.6155 -0.131453 0 3.8 0 0.409905 0.23251 -0.881996
57.5832 29.6096 27.1439 -1.61456 -0.164048 -3.5 0 -0.787894 0.0123092 -0.615688
34.468 24.5562 56.9169 -2.05403 -0.770638 -3.5 0 -0.875603 0.102517 0.472027
44.9375 49.7248 31.8843 0.780408 0 1.8 0 -0.322116 0.873279 -0.365548
46.156 43.7865 27.65 0.625238 0.170224 0.422347 0 0.403853 0.409785 -0.817912
28.6772 43.9935 56.9505 2.63876 0.070075 -3.9 0 -0.0387127 0.998577 0.0366682
63.6749 37.2299 46.7874 -1.17593 -0.908685 -0.7 0 0.597177 0.454958 0.6606
47.4048 28.6654 47.9123 0.749086 0 3.8 0 0.928346 0.0336247 0.370192
64.1901 28.2695 34.7969 0.822296 0.109406 -1.33076 0 0.880141 -0.139483 0.453758
17.3364 39.6585 28.9626 -0.88052 -0.10699 1.8 0 -0.929596 -0.113294 0.350737
40.2319 41.5757 25.7606 -0.228454 -0.208612 -0.423965 0 0.397364 -0.152266 -0.90494
44.603 35.264 35.678 0.54652 0 -0.4 0 -0.201481 -0.108234 -0.973494
27.0864 28.6793 21.5076 0.10585 0 -1.6 0 0.50994 -0.375046 -0.774145
21.6646 57.9731 45.5605 -2.04915 -0.157345 -3.5 0 -0.986561 0.161855 0.0223651
45.814 34.6278 29.4255 -2.16974 -0.177469 -3.5 0 -0.814338 -0.434427 0.384873
29.6733 55.3926 51.7516 -0.120485 0 -0.8 0 -0.115969 0.519928 0.846302
35.7122 34.1413 18.523 0.352554 0 -3.9 0 0.660775 0.0110458 -0.750503
23.2811 26.8285 33.4948 -0.700646 -0.00972766 -2.19313 0 -0.704392 -0.307358 -0.639815
46.8517 38.8855 52.95 0.602056 0.60322 -3.5 0 0.582106 0.7894 0.194934
30.5121 31.4473 51.2196 0.283627 0.202473 -0.514822 0 0.340997 -0.0434477 0.93906
31.8456 25.1886 50.2207 -0.990224 -0.0882028 -3.5 0 0.239031 0.295689 0.924896
49.9456 28.1749 42.992 -0.382288 0 -0.8 0 -0.529567 -0.816818 0.228838
47.7463 34.9769 26.0794 -0.33699 0 -3.5 0 -0.174007 -0.691498 -0.701108
33.2984 40.8896 50.7675 0.0449217 0 4.5 0 -0.325645 -0.457925 0.8272
61.9118 52.8575 38.3787 -0.654093 0 -3.5 0 0.308706 0.664888 0.680165
42.4674 40.2176 57.2147 -2.16852 -0.692657 -3.5 0 0.0368372 0.0511494 0.998011
61.3937 33.119 43.8244 0.324316 0 4.5 0 0.108853 -0.557948 0.822706
38.4927 36.5187 52.5004 -1.28903 -0.0153532 1.8 0 -0.291397 -0.10783 0.950505
59.1134 27.8706 27.0226 -0.655432 0 -3.5 0 -0.233628 -0.540381 -0.808335
42.983 25.236 43.5015 0.148592 -0.00647995 4.5 0 0.255971 -0.966645 -0.00873309
42.0396 39.0259 56.9205 -1.74615 -0.0523585 -3.5 0 -0.254757 -0.507768 0.822965
31.6175 55.3315 50.2145 -0.0747669 0 -0.8 0 0.642471 0.587788 0.491667
25.0985 55.6755 38.5522 -0.550232 -0.763967 -3.08933 0 0.0563487 0.985364 -0.160883
62.767 53.0365 37.2422 -0.0482298 0.129508 -3.5 0 0.780067 0.554803 0.289289
42.393 54.786 37.921 0.155489 0.106765 -3.5 0 0.238963 0.965605 -0.102486
62.0503 49.6348 45.0747 -1.19159 -0.00169851 -3.5 0 -0.631581 0.765008 0.125967
45.9815 27.5648 41.8545 0.533783 0.0230503 -2.80603 0 0.584201 -0.432092 0.687027
49.3699 36.1693 50.4782 0.447754 0 3.8 0 0.119705 -0.593603 0.795805
16.8295 44.9253 33.7821 0.117432 0 -3.9 0 -0.523592 -0.485958 -0.699783
52.7685 46.3737 49.7735 -1.40959 -0.0818578 -3.5 0 0.326674 0.449404 0.831457
28.9268 59.3311 49.0107 -2.12721 -0.0701745 -3.5 0 -0.536978 0.390706 0.747665
37.2217 39.3838 49.4478 3.94946 -0.0121377 4.17332 0 -0.895227 -0.116104 0.43022
44.3606 37.6066 35.9944 0.947333 0.531019 -4.5 0 -0.455034 0.449044 -0.768963
39.4632 34.1867 51.411 1.1615 0 -3.62209 0 -0.399178 -0.19258 0.896421
34.6991 21.0221 43.1841 -0.0592103 -0.0861415 -4.5 0 0.851151 -0.0627764 -0.521154
32.1005 24.805 28.097 -0.918971 -0.00505859 -1.3 0 0.0404299 -0.563789 -0.824929
22.0569 37.3464 35.4024 0.49127 0 -4.5 0 -0.310178 0.939569 -0.144913
18.7288 34.795 42.838 0.927242 0 -3.9 0 -0.675548 -0.0250427 -0.736891
39.1345 30.177 28.5588 0.433939 0 -3.9 0 0.973122 -0.229659 0.0170149
42.0919 48.166 26.3529 0.301442 0 1.9 0 -0.364821 0.912061 -0.187218
43.5134 27.9879 54.8768 -1.73852 -0.828166 -3.5 0 0.810729 0.298973 0.503322
35.8876 25.569 51.5691 -0.517613 -0.238443 -2.61739 0 -0.868168 -0.141506 0.475668
25.3726 35.0794 55.6411 0.102395 0 1.9 0 -0.0146414 -0.561227 0.827533
28.9009 21.8008 40.0107 -0.145938 -0.0627474 -3.5 0 0.32277 -0.718727 0.615833
42.622 49.5825 30.52 3.50658 0 -3.9 0 0.228775 0.744648 -0.627026
20.2021 42.7771 48.8438 -1.71535 -0.660962 -3.5 0 -0.988809 0.104105 0.106857
22.8315 38.7965 20.9 0.0571739 0 -4.5 0 -0.205549 -0.181209 -0.961724
19.5384 38.9675 32.6635 -1.23426 0 1.8 0 0.456114 0.721904 0.520399
29.1049 22.5054 42.6505 -0.114436 0 -0.8 0 -0.285114 -0.957418 0.0453955
32.8358 31.6747 19.8318 0.0455214 0 -3.9 0 0.0150712 -0.84049 -0.541617
48.645 47.9124 28.6206 0.017237 0 -0.7 0 -0.461431 0.697872 -0.547774
33.3745 55.4427 40.3413 -0.404039 0 -0.8 0 -0.425109 0.82576 0.37068
24.4221 29.8969 22.1774 0.0445619 0 -1.6 0 -0.836201 0.148362 -0.527975
58.0559 39.8773 23.7674 -0.203256 0 0.418752 0 0.14332 -0.292135 -0.945577
57.2707 49.3896 43.7206 -0.0346905 0 -0.7 0 0.292295 0.898068 0.328689
27.5264 30.9396 51.7209 0.117864 -0.507286 0.88757 0 0.12088 -0.650392 0.749919
50.31 32.8507 31.0758 -0.0682174 0 4.5 0 0.24026 -0.845182 -0.477434
38.1172 52.8257 48.1176 0.368135 0 -3.05732 0 0.147037 0.453676 0.878953
35.8579 21.7119 45.6689 -0.794699 -0.412767 1.8 0 0.69694 -0.643575 -0.316364
20.7536 50.7361 36.5656 0.218993 0 -1.77989 0 -0.876259 -0.0575545 0.478391
28.144 24.7225 49.3167 -0.219342 0 -3.5 0 -0.76173 -0.397621 0.511532
62.2455 35.2875 46.802 -0.538155 -0.0542937 -0.7 0 -0.52531 -0.143854 0.838663
22.9085 26.3661 49.8671 -1.50944 0.35054 -3.5 0 0.304452 -0.724998 0.617809
41.6855 51.2525 34.9207 0.90883 0.765709 -0.588413 0 0.844268 0.0236036 -0.535402
54.0433 29.693 43.243 0.233758 0 4.5 0 0.445232 -0.61215 0.653484
42.5019 42.1669 56.5914 -1.89674 -0.230977 -3.5 0 -0.217952 0.518203 0.82702
23.3926 56.9798 50.4554 -1.8282 0 -3.5 0 0.353321 0.934967 0.0316553
63.329 24.556 30.3822 -1.91766 -0.029906 -3.5 0 -0.375471 -0.558247 -0.739852
57.8871 46.3623 44.6534 -1.14096 -0.939395 -0.7 0 -0.183716 0.0876085 0.979067
28.4182 59.3688 46.9341 -0.836525 -0.464523 -3.5 0 -0.337652 0.833622 -0.43711
51.3945 27.3978 43.493 -1.39937 -0.0906265 -0.8 0 -0.0759553 -0.703888 0.706238
27.5833 57.945 48.2593 -0.649987 0 -3.5 0 -0.700345 0.529569 0.478616
53.152 42.6657 27.4265 -0.0139325 0 1.8 0 0.596532 0.516977 -0.613909
22.0312 28.15 52.0918 0.114621 0 -3.5 0 -0.2535 -0.47139 0.844707
31.6283 26.8438 49.4308 -0.387205 0 -3.5 0 0.552951 -0.00643723 0.833189
62.5467 44.8561 30.6665 -0.164663 0 3.8 0 -0.254632 0.877565 -0.406253
37.1089 24.9028 39.9811 -0.245069 -0.81895 -3.5 0 -0.59633 -0.59825 -0.535246
55.024 50.9994 32.0039 -0.0227009 0 1.8 0 0.0162381 0.519751 -0.854163
64.4611 24.2081 33.71 -0.353341 0 -3.5 0 0.632142 -0.768522 0.0988433
20.979 20.4683 32.851 1.82739 0.843709 -3.9 0 -0.931357 -0.075074 -0.356283
24.3006 25.2289 26.1085 -1.11582 -0.513982 -1.33743 0 0.146973 -0.892971 -0.425443
21.4385 43.2137 23.8552 -0.257608 -0.116451 -3.95308 0 -0.51517 0.834413 -0.195844
48.906 48.8058 31.7999 0.306759 0 1.8 0 0.2889 0.697116 -0.656176
55.381 40.766 23.5344 -0.126343 0 -0.7 0 -0.331275 0.808748 -0.485987
64.2398 42.0098 28.2992 -0.402484 -0.0826013 3.8 0 0.220028 0.865952 -0.449127
27.9495 27.063 45.6825 3.51114 0 1.56357 0 -0.838724 -0.343561 -0.422501
55.8896 33.7969 45.509 0.34626 0 1.8 0 0.0821599 -0.78364 0.615758
61.1162 30.5532 41.8322 0.154591 0 4.5 0 0.446762 -0.627809 0.637385
40.6813 32.1813 31.8875 -0.233099 -0.29816 -4.5 0 0.868116 -0.372739 -0.327781
18.6634 28.9761 29.8251 -2.092 -0.0432148 2.5 0 -0.651022 -0.754371 0.0842294
41.5173 51.9564 47.9915 0.186417 0 -3.5 0 0.60935 -0.119825 0.783795
35.519 23.9559 57.683 -2.61615 -0.0105449 -3.5 0 -0.104632 -0.277441 0.955028
30.7724 56.0947 45.5589 -0.506825 0 -3.5 0 0.585523 0.12671 -0.800692
18.3356 38.531 33.4114 -0.440426 0 1.8 0 -0.0103025 0.555781 0.831265
20.6255 36.7677 34.5682 -1.06223 -0.0695895 -3.42076 0 -0.18948 0.979565 0.0674497
41.3775 40.6675 56.6343 -1.16397 0 -3.5 0 -0.594334 0.0703972 0.801131
18.2178 36.9518 44.8639 1.52206 0.836243 -3.9 0 -0.883299 0.251669 0.395531
36.1245 33.3191 21.2694 0.450667 0.0798919 -3.9 0 0.933999 -0.287165 0.21256
25.7304 33.0368 52.9556 -0.963346 -0.352559 -0.8 0 -0.571912 -0.345409 0.744049
44.9945 49.4345 33.6565 0.764292 0 1.8 0 -0.490037 0.871545 0.0165387
67.7574 43.457 42.3612 -0.198257 0 -0.8 0 0.869668 -0.420915 0.257892
53.8507 35.0654 47.8041 0.445214 0 3.8 0 0.807817 -0.185868 0.55936
59.128 36.947 46.7892 0.302694 0 -3.9 0 0.234763 -0.19752 0.951773
21.4949 40.2215 37.2436 -0.124354 0 2.8 0 -0.540229 -0.771571 -0.335904
22.7514 47.1056 38.7885 -0.0473729 0 4.2 0 -0.525486 0.272059 0.806132
42.9145 43.1386 49.8315 0.496039 0 -3.5 0 0.654266 -0.0539405 0.754339
46.1341 40.4701 48.2723 1.11679 0 -3.5 0 -0.149463 0.988757 -0.00450884
54.574 37.5649 49.5951 0.268838 0 -3.5 0 0.763868 -0.586304 0.269728
46.064 39.9675 26.9673 0.221401 0 -3.5 0 -0.229484 -0.665948 -0.709824
17.7543 42.7594 28.8533 0.00616615 0 1.8 0 -0.872045 0.328588 0.362723
23.7571 36.6181 21.4401 -0.59443 -0.00390357 -1.3 0 -0.539234 -0.0251402 -0.84178
40.8449 21.6015 39.5843 0.624232 0 -1.6 0 0.0570396 -0.72042 0.691189
60.315 49.8 36.5339 0.352729 0 -3.5 0 0.535778 -0.399281 -0.743987
49.0235 33.6051 48.7427 3.89227 0 3.8 0 -0.1129 -0.861051 0.495827
21.0194 47.7363 50.8288 -0.573767 0 -3.5 0 -0.339109 0.815328 0.469302
62.5807 26.7044 36.6994 0.176409 0 -3.5 0 0.682461 -0.144857 0.716424
32.6169 50.0107 26.505 -0.0699566 0 4.2 0 -0.25234 0.672474 -0.695776
53.576 29.3584 34.6186 0.0266105 0 1.8 0 -0.0378268 -0.221721 -0.974376
61.1326 43.7064 31.1553 -0.195557 0 3.8 0 -0.317118 0.639024 -0.700775
19.638 39.3498 23.6632 0.117386 0 -4.5 0 -0.706372 -0.317877 -0.632449
29.6376 24.7375 50.3941 -0.528459 0 -3.5 0 -0.395073 -0.211074 0.894072
25.158 55.5929 47.9757 -0.379777 0 -3.5 0 0.058266 0.998214 -0.0131538
43.4646 24.5031 35.5348 -0.144531 -0.581462 -1.6 0 0.76358 -0.425807 -0.485421
25.7782 31.9557 22.487 0.0710641 0 -1.6 0 0.0545468 0.761452 -0.645922
31.6214 45.2027 22.45 -0.475086 0 -3.5 0 0.0178309 0.523847 -0.851626
19.4741 42.2732 25.5478 0.0306441 0 -4.5 0 -0.642833 0.60041 -0.475682
20.5059 41.8853 36.2505 0.974299 0 -3.9 0 -0.365471 -0.610377 -0.70276
65.3583 39.2841 28.1493 -0.108111 -0.0108979 3.8 0 0.92056 -0.0380521 -0.388743
53.0136 44.7185 43.5474 -0.0284977 0 4.5 0 -0.358212 0.892357 0.274561
57.8329 31.459 28.8109 -1.24122 -0.367273 -3.5 0 -0.927029 0.177063 -0.330554
33.785 35.0513 51.185 0.889565 0 -1.6 0 -0.853607 0.512147 -0.0951868
53.8889 37.3486 50.6024 -0.0699464 0 -3.5 0 0.642485 -0.626062 0.441882
58.5298 48.4764 43.6738 -0.19532 0 -0.7 0 0.508915 0.697305 0.504749
45.3974 27.3024 44.4196 0.734375 0 4.5 0 0.719143 -0.583903 -0.376685
47.7955 28.931 37.8235 -0.162849 -0.00560788 -3.61716 0 0.579025 -0.476507 -0.661567
44.8179 30.2353 47.7319 1.42346 0 3.8 0 0.0105705 0.970056 0.242653
20.723 49.938 30.904 -0.146839 0 -3.5 0 -0.144697 -0.403631 -0.903407
24.3088 46.3165 52.5863 -0.109516 0 -0.4 0 0.419916 0.827124 0.373546
21.9024 38.8397 29.6705 0.0720152 -0.376597 3.8 0 -0.194388 -0.00661233 0.980902
39.3208 54.4675 33.3753 0.144717 0 2.5 0 0.11849 0.97751 0.174455
21.2982 21.6943 33.4364 1.49019 0 -3.9 0 -0.816128 0.395146 -0.421657
31.2251 27.883 26.6957 -0.908095 -0.490113 -2.45662 0 0.436691 -0.486942 -0.756431
31.3498 37.998 47.4999 0.311865 0 2.8 0 0.666495 -0.462753 0.584503
49.6662 51.3382 41.4198 0.367239 0 -4.5 0 0.746746 0.454089 0.485977
36.2432 44.4996 27.3691 0.415563 0 -3.5 0 0.787903 0.597367 0.149536
42.9641 43.1463 26.0145 0.0673079 0 1.9 0 -0.138073 0.0298779 -0.989971
23.8716 27.0051 48.8138 -1.39594 0 -3.5 0 0.619441 -0.491988 0.611753
27.5098 54.0665 34.5135 -0.760182 0 -1.3 0 -0.2148 0.972401 0.0910862
35.9735 25.5672 37.4663 -0.0214713 -0.265642 4.2 0 0.30396 -0.90177 0.307279
32.1474 51.1536 27.5199 0.0562109 0 4.2 0 0.106974 0.328283 -0.938502
64.8757 40.0723 34.8391 -0.176012 0 3.8 0 0.105612 -0.889594 -0.444375
35.3926 24.7962 33.2649 0.0311254 0 3.37756 0 0.295901 -0.911996 -0.284089
37.7649 35.1794 26.7023 -0.181585 0 -1.7416 0 0.510735 -0.539545 -0.669359
52.4045 34.593 27.6502 -0.153046 0 3.8 0 -0.146804 -0.130388 -0.980534
45.0578 35.9738 28.6025 -1.36706 -0.530248 -3.5 0 -0.996482 0.026021 0.0796675
34.3331 56.0044 39.4069 -0.0727543 0 -2.17196 0 -0.678813 0.731243 0.0670576
35.7564 53.7421 34.8641 0.404378 0.279267 0.544272 0 -0.111664 0.965542 -0.235075
31.9688 23.9666 32.1151 -0.0821269 0 3.82413 0 0.11091 -0.989243 -0.0953772
12.887 34.588 30.0063 -0.826953 0 -3.5 0 -0.48917 0.218273 0.844435
58.4639 44.0894 47.7868 0.696134 0 -3.9 0 -0.228531 0.918596 -0.32242
59.9147 42.8594 49.0659 0.69654 0 -3.9 0 0.949264 0.119273 0.290984
45.7254 26.3068 45.2105 0.930006 0.887387 -4.5 0 0.59272 -0.428239 -0.682125
22.9115 40.0612 46.8215 -0.627739 0 -2.27304 0 -0.480117 0.0729728 -0.874164
59.4701 26.7359 28.6902 -0.470182 0 -3.5 0 -0.352089 -0.891267 -0.28579
29.0168 58.2843 45.653 -0.645973 0 -3.5 0 0.0323739 0.654449 -0.755413
43.585 40.095 51.2622 0.57345 0.322639 -3.5 0 0.302984 0.950219 0.0727006
62.6388 43.5028 47.2277 0.117399 0 4.2 0 0.489166 0.178084 0.853817
59.7821 37.6127 25.4759 0.124593 0 3.92468 0 -0.225322 -0.0234176 -0.974003
35.2516 48.8498 25.5091 -0.0385356 0 4.2 0 0.627395 0.453515 -0.633009
23.3943 22.3568 36.2928 0.884716 0 -3.9 0 -0.578311 -0.043618 0.814649
63.2606 38.2086 33.6293 0.0637993 0 4.2 0 0.923733 0.203914 0.324247
46.3499 52.3228 39.8802 0.426082 0 -4.15136 0 -0.0145027 0.884588 -0.466147
22.0589 51.229 39.5462 0.0228349 0 1.8 0 -0.246601 -0.893897 0.374348
31.6001 44.1041 50.6446 -0.419534 -0.0871467 -2.78173 0 0.0845427 -0.399847 0.912674
45.4217 29.3801 35.4225 0.240378 0 -3.9 0 0.200843 -0.287862 -0.936375
31.9285 21.3115 48.4501 -1.45223 -0.667023 -3.5 0 0.101871 -0.927485 0.359713
44.5088 42.7932 45.4514 0.988831 0 -3.5 0 0.924848 0.329929 0.189219
54.4497 51.553 39.9105 0.5193 0 -3.5 0 0.13972 0.985807 0.0930769
21.2253 28.1171 50.7048 -0.447589 0 -3.5 0 -0.814004 -0.457762 0.357563
45.0169 36.1289 50.8413 1.11729 -0.0374856 -0.4 0 0.305117 -0.845568 -0.438084
59.528 34.5131 44.8979 -0.260917 0 1.8 0 0.258424 -0.795061 0.548721
33.818 29.7453 29.5371 -0.116542 0 3.8 0 0.327777 -0.609916 -0.721502
27.1192 29.4674 42.0563 1.01676 0 1.9 0 -0.49348 -0.867207 0.0665548
17.2639 36.2088 33.8696 -0.0448248 0 1.8 0 -0.895393 0.319654 0.309987
63.4383 42.5269 28.9421 -0.161816 0 3.8 0 0.00648021 0.781706 -0.623613
16.4555 37.26 31.2943 0.142063 0 0.858925 0 -0.965487 0.232294 0.117792
40.6541 55.2236 46.2066 0.0911354 0 -2.40658 0 0.332745 0.755395 0.564499
46.7927 44.1069 42.1236 0.579212 0 1.9 0 0.386801 0.919293 0.0726998
34.5129 56.5254 46.444 -0.175527 0 -0.4 0 -0.105025 0.926219 -0.362061
23.8726 47.0358 39.8782 -0.157109 0 1.9 0 -0.881787 0.316904 0.34932
16.3812 36.182 31.4384 0.627902 0 -1.88863 0 -0.785461 0.334028 0.521034
14.441 34.953 30.7687 -0.195806 0 -3.5 0 -0.487226 0.360964 0.795183
41.3825 26.7449 32.847 0.0663423 0 -3.9 0 0.703485 0.468597 -0.534346
21.3104 45.5983 29.0381 -0.326919 0 4.2 0 -0.669247 0.593516 -0.447042
33.8128 42.1246 22.1812 -1.7009 -0.944656 -3.5 0 0.0395633 -0.699385 -0.71365
40.2459 25.2329 54.0961 -0.810349 -0.348171 -3.5 0 0.469737 -0.881799 0.0421642
16.9841 29.5737 38.8254 -0.174003 0 2.8 0 -0.809595 -0.474161 0.346017
22.5456 26.0274 33.9829 -0.819108 0 -2.19271 0 -0.388796 -0.0941053 -0.916505
22.701 55.102 47.766 -0.625378 0 -3.5 0 -0.915615 -0.0737633 -0.395233
25.7056 29.5334 43.3281 -1.36604 -0.0162795 3.8 0 0.381394 -0.868431 -0.316808
28.9303 23.1887 45.2196 0.169755 0 -0.8 0 -0.695115 -0.631616 0.343332
36.5241 35.3755 23.1551 0.245818 0.047488 3.64296 0 0.501532 -0.853854 0.139278
52.518 32.595 30.2446 -0.0926096 0 3.8 0 -0.294221 -0.946323 0.133819
24.7628 32.411 51.796 -0.641765 -0.923133 -0.8 0 -0.504886 -0.0721432 0.860166
44.5277 48.322 30.4425 2.16728 -0.0130733 -2.36971 0 0.33829 0.686929 -0.643186
41.3568 50.7174 47.4324 0.156917 -0.0301926 -3.5 0 0.63645 -0.260222 0.726096
16.4727 31.6143 38.5158 0.0249141 0 2.8 0 -0.664575 0.510311 0.545824
36.3862 35.8913 52.8983 0.240746 0 -1.6 0 0.145675 0.695014 0.704084
19.1292 29.801 31.567 -1.04183 0 -0.4 0 -0.517992 -0.768928 0.374747
36.8283 35.2495 24.6175 -0.156063 0 4.2 0 0.452492 -0.803288 -0.387273
58.8183 27.1523 31.3679 -0.285126 0 -3.5 0 -0.625552 -0.780163 0.00558166
62.36 27.7584 36.3656 1.19622 0 -3.5 0 0.721374 0.0715539 0.68884
54.595 33.0568 44.9655 0.440939 0 4.5 0 0.49218 -0.552289 0.672856
29.4515 44.1243 51.7686 -0.3538 0 -0.8 0 0.481574 -0.0362542 0.875655
56.4547 49.8759 42.6932 0.150653 0 -0.7 0 0.395312 0.776119 0.491292
49.8772 40.6769 26.6988 0.717936 0 1.8 0 -0.229785 -0.178702 -0.956695
29.2282 23.845 50.0059 -0.592156 0 -3.5 0 -0.521493 -0.248715 0.816202
55.8139 32.8396 44.6187 0.284466 0 4.5 0 0.192843 -0.475184 0.858494
55.9025 47.4635 31.1314 -0.134963 0 3.8 0 0.67622 0.692886 -0.25027
18.2936 35.7084 43.8981 1.46924 0 -3.9 0 -0.997929 0.0494859 -0.0410866
38.683 28.1695 31.523 -0.0461293 0 -3.9 0 0.773435 -0.031584 -0.633089
20.8729 26.0987 47.0237 -0.468753 0 -3.5 0 -0.9809 0.0640443 0.183669
27.2974 44.2243 23.0625 -0.499925 -0.114972 1.77562 0 -0.224409 0.830669 -0.509539
31.8784 41.5568 21.9462 -0.209783 0 3.8 0 0.399878 -0.145361 -0.904968
23.104 35.5639 52.8904 0.271666 0 1.9 0 -0.449011 -0.842799 0.296781
58.0185 51.0131 39.5807 0.130756 0 -3.5 0 -0.216281 0.802682 0.555809
40.0045 52.9144 30.0342 0.307556 0 -0.4 0 0.467084 0.300117 -0.831722
55.9043 32.6039 33.2197 0.207636 0 3.8 0 -0.918531 -0.153232 0.364446
22.5349 41.0853 54.0729 0.541241 0 0.83182 0 -0.940484 0.116016 0.319421
64.7485 42.373 34.0865 -0.265231 0 3.8 0 0.635358 0.721999 -0.273931
62.5424 49.4561 41.5628 -0.0389325 0 -3.5 0 -0.0765867 0.977557 -0.196255
50.7373 44.252 27.3401 0.135221 0 1.8 0 0.0123293 0.697423 -0.716553
38.2031 33.7094 51.3274 1.10818 0 -2.35319 0 0.30815 0.0101816 0.951283
29.4395 23.214 46.5235 -0.146123 0 -2.60715 0 -0.772124 -0.61941 -0.141974
59.8423 47.6315 36.2206 0.470285 0 3.8 0 0.694242 0.482819 -0.533774
67.9251 38.3481 40.8191 0.046716 -0.020961 -0.4 0 0.623652 0.0786513 0.777735
42.4696 35.1506 54.4541 -0.0112125 -0.33753 -3.7115 0 -0.112218 -0.359912 0.926213
49.639 28.261 38.836 -0.224068 0 -0.8 0 -0.3631 -0.873931 -0.323115
49.7119 29.1765 45.3068 0.936228 0.20461 3.8 0 0.426247 -0.73946 0.521069
51.178 50.8305 39.513 0.214986 0 -4.31737 0 0.0692875 0.994841 0.0741036
30.0152 50.6787 27.1117 -0.8603 -0.653651 -0.7 0 0.345295 0.369301 -0.862779
21.2108 49.9357 37.8355 -0.0718707 0 1.8 0 -0.64528 -0.0254675 0.763522
51.6955 50.1312 41.4091 -0.603513 0 -3.5 0 -0.136151 0.550048 0.82396
26.1336 25.8544 39.2235 -1.15649 0 -1.70492 0 -0.0115689 0.705518 0.708598
30.2684 53.927 44.7856 -0.241964 0 1.80578 0 0.493259 0.571743 -0.655596
37.6666 27.8848 30.8679 -0.771336 -0.688949 1.76761 0 0.528067 -0.259531 -0.808572
39.4067 21.9384 39.0477 0.639075 0 -1.6 0 -0.622302 -0.641251 0.448929
56.9643 29.8316 29.3849 -2.13892 -0.473549 -3.5 0 -0.992003 0.125171 0.0161824
32.76 46.1287 22.8746 -0.0252942 0 -3.5 0 -0.0331139 0.520718 -0.853087
52.6999 28.0635 37.2649 0.669371 0 1.8 0 -0.337766 -0.899657 -0.276644
22.9735 30.086 51.9589 0.112819 0 -3.5 0 0.159648 0.0455614 0.986122
30.3495 23.7574 32.9402 -0.486255 -0.315446 -2.14566 0 -0.0741544 -0.959463 -0.271906
16.5304 44.7278 35.1813 0.187114 0 -3.9 0 -0.814189 -0.574786 -0.0819538
60.2361 43.9759 36.3742 -0.121288 0 3.8 0 0.888583 0.276789 -0.365797
45.1143 25.1916 50.7111 0.998659 0 -4.5 0 0.696117 -0.223455 0.682267
36.1005 28.2801 52.051 0.142903 0 -0.9 0 -0.764589 0.113737 0.634403
47.9678 38.5117 55.008 -1.66152 -0.268817 -3.5 0 0.440148 0.867624 0.231299
47.0824 52.6865 40.6389 0.519683 0 -3.60386 0 -0.0779781 0.996898 -0.0106487
30.0963 55.2625 45.0079 -0.0992101 0 -3.5 0 0.710987 0.10544 -0.695255
34.7881 29.2091 29.7001 -0.142063 0 -3.9 0 -0.268296 -0.537616 -0.799366
41.4631 45.434 48.9241 0.985303 0 1.38369 0 -0.0848976 0.98239 0.16644
33.1941 23.8657 35.7648 -0.40734 0 3.39786 0 0.455522 -0.826223 -0.331443
51.6214 45.2307 45.6226 -0.706478 0 -3.5 0 -0.532254 0.681129 -0.502762
21.4166 23.565 36.0896 0.0449514 0 -2.39832 0 -0.768617 -0.559694 0.309792
36.0949 33.9374 19.7323 1.14605 0 -3.9 0 0.902216 -0.287397 -0.321572
38.8 23.2555 40.497 -0.0146213 0 -2.67456 0 -0.364502 -0.870008 0.332001
35.0564 56.1703 44.7329 0.0284766 0 -1.6 0 -0.86731 0.420306 -0.266676
37.3348 55.0253 48.3654 -0.167512 -0.185128 -1.6 0 0.656184 0.060846 0.752144
22.4986 57.6135 43.4781 -0.8917 0 -3.5 0 -0.520148 0.610925 -0.596839
20.1334 25.1265 39.9264 -0.0388338 0 -4.5 0 -0.905329 -0.419494 0.0663703
57.391 42.7631 27.7418 -0.00281832 0 1.8 0 -0.160999 0.780071 -0.604623
20.6432 45.0145 51.1727 -0.442461 0 -3.5 0 -0.702501 -0.586026 0.403815
25.2814 30.0058 50.9168 -0.244081 0 -3.12507 0 0.389192 -0.658162 0.644479
21.027 42.746 35.5416 3.36572 0 -0.283451 0 -0.304062 -0.534394 -0.788651
25.1215 38.1071 56.0014 0.246124 0 1.9 0 -0.350789 0.227077 0.908506
33.3786 22.2069 49.5924 -0.800246 -0.757361 -0.206828 0 0.0783658 -0.743768 0.663828
16.65 36.5525 28.6979 0.682406 0.583873 -3.5 0 -0.223583 0.886141 -0.405912
27.3442 55.83 40.855 -0.0590147 0 2.8 0 0.0680762 0.973663 0.217591
46.6447 28.3972 43.9686 0.823579 0 3.99911 0 0.318448 -0.914537 -0.249423
28.2358 36.2291 21.3531 -0.446393 0 -3.5 0 0.210687 -0.109348 -0.971419
25.483 40.383 21.617 -0.4103 0 -4.5 0 0.258376 0.357779 -0.897349
39.113 32.2167 28.9802 -0.0188623 0 -4.44744 0 0.96192 0.171902 -0.21251
22.1225 47.8292 51.2932 -0.173725 0 -3.5 0 -0.169668 0.861821 0.477992
56.814 44.6483 29.8044 -0.0800442 0 3.78823 0 0.227283 0.645346 -0.729295
25.7105 33.9547 53.5719 -0.160094 0 1.47435 0 -0.336845 -0.763658 0.550783
39.3557 23.0109 37.2729 0.825544 0 -1.6 0 -0.918652 -0.15673 -0.362649
32.143 33.5626 47.9894 3.35439 0 3.8 0 0.105523 0.668548 0.736144
18.2869 44.1691 33.8614 0.257683 0 -3.9 0 -0.20349 -0.466085 -0.86102
38.8321 31.0728 25.1378 2.5254 0 -3.9 0 0.874616 0.291326 -0.387526
26.1874 29.8436 42.2547 0.337563 0 1.15601 0 -0.0177142 -0.999202 -0.0357911
28.2491 27.2659 43.8834 4.65935 0 1.9 0 -0.933451 -0.208929 -0.291579
22.4551 34.9743 51.5789 -0.0390074 -0.0177362 -3.09718 0 -0.554464 -0.580598 0.596218
58.1734 51.3536 36.3472 0.0531117 0 -3.5 0 -0.53551 0.700237 -0.47212
50.8303 31.5217 34.4396 0.510463 0 3.98039 0 0.122037 -0.7047 -0.698931
35.9667 47.2864 49.3162 0.578104 0 -3.9 0 0.556714 -0.411359 0.721702
64.9366 38.7062 42.6024 -0.703581 -0.0880251 2.06587 0 0.643564 0.0761055 0.761599
41.5359 53.4204 35.9041 0.196928 0 -0.70259 0 0.285579 0.767546 -0.573862
53.9234 32.7206 45.7503 0.352371 0 3.86937 0 0.626273 -0.562582 0.539707
64.0153 29.625 36.9292 0.387026 0 -3.9 0 0.44713 -0.830195 0.332944
23.6597 37.4292 55.85 0.187835 0 1.9 0 -0.230473 0.033053 0.972517
61.7583 44.1579 47.3183 0.113668 0 4.2 0 0.280983 0.457944 0.843407
62.9887 41.9569 27.3536 0.266961 0 3.8 0 0.298593 0.946865 -0.11954
20.2005 46.7235 51.7702 -0.41894 0 -3.5 0 -0.802963 0.329914 0.496394
16.8025 34.3356 27.1476 -0.0125748 0 -3.5 0 -0.258168 0.166423 -0.951658
48.8527 48.1895 30.7402 0.138683 0 -0.258501 0 -0.0208544 0.956553 -0.29081
23.2673 45.2401 24.7272 -1.82578 -0.0320171 -3.5 0 -0.39498 0.872146 -0.288706
66.854 42.8801 37.4323 -0.554596 -0.101619 -3.02896 0 0.953028 0.134897 -0.271184
27.8684 44.0369 52.3988 -0.182055 -0.699128 -1.48859 0 0.465888 0.641917 0.609008
44.2785 45.8684 46.5409 0.800676 0 -3.5 0 0.948221 0.196079 0.249861
57.8887 48.0361 33.3785 -0.124328 0 3.8 0 0.377263 0.774202 -0.508217
56.7599 42.6144 46.1954 0.0542998 0 -3.89271 0 -0.115894 0.986599 -0.114854
62.1102 26.754 37.7443 -0.0109122 0 -2.5145 0 0.76589 -0.611579 0.198454
40.9661 40.7973 26.3837 -0.0733068 0 -3.5 0 0.413509 0.104954 -0.904431
20.086 23.0968 44.4474 0.612698 0 -4.5 0 -0.741366 -0.661295 0.114307
29.7227 33.8037 20.6447 -0.05834 0 -3.9 0 -0.54048 0.365698 -0.757724
35.455 35.732 19.083 1.4758 0 -3.9 0 0.413917 0.479449 -0.773822
58.6587 50.4178 35.6942 -0.022919 0 -3.5 0 0.136445 0.274714 -0.951796
43.1847 25.3582 51.5607 0.233596 0 -4.5 0 0.442661 -0.329833 0.833823
52.1088 45.0994 42.0003 -0.0906176 0 1.60928 0 -0.213209 0.610817 0.762525
37.4157 28.7502 53.7004 0.678355 0 -3.5 0 -0.802827 0.567499 0.182796
27.2042 26.5562 46.7034 9.33373 0 -3.5 0 -0.666984 -0.519159 -0.534421
23.4711 41.8117 45.7796 -0.600885 0 -3.5 0 -0.741616 -0.261567 -0.617729
57.9728 37.413 25.3475 -0.246681 0 2.89526 0 0.075954 -0.468532 -0.880176
23.3056 46.1707 39.7556 -0.245944 0 3.63683 0 -0.753264 0.427339 0.499974
61.9087 34.523 46.1697 -0.0783666 0 -0.7 0 -0.660675 -0.554444 0.506064
41.9078 37.5922 33.5871 0.315427 0 -0.4 0 0.91965 -0.391238 -0.0343005
59.6068 42.4646 50.1668 1.07654 0 -3.9 0 0.91296 -0.00148246 0.408047
38.9533 22.0506 31.4119 2.65872 0 -3.9 0 -0.175962 -0.951591 0.252018
15.2261 48.1371 34.4974 1.67483 0 -3.9 0 -0.89146 -0.0138821 -0.452887
31.2825 19.2965 42.1317 0.659321 0.0521675 -4.5 0 -0.414641 0.422326 -0.806048
37.0083 54.3259 35.0917 0.47587 -0.227977 2.5 0 -0.33055 0.868548 -0.369271
67.3119 35.1279 39.4129 0.204857 0 -0.4 0 0.639486 -0.717732 0.275534
54.682 32.6449 30.7348 -0.134233 0 3.8 0 -0.187197 -0.970507 0.1519
22.9243 50.7918 42.0146 -1.03991 -0.315296 -3.9 0 -0.595073 -0.656412 -0.463693
34.7125 40.7704 50.3613 0.181413 0 4.5 0 0.303114 -0.57096 0.762972
56.37 26.7536 38.5364 0.0463778 -0.00552269 1.8 0 -0.0574334 -0.998339 0.0045683
38.37 33.6315 27.293 -0.241898 0 -3.68069 0 0.835898 0.215394 -0.504857
45.8316 39.5014 29.5263 0.0764996 0 -3.5 0 -0.831165 -0.480693 0.279462
24.2851 56.6015 46.723 -1.3899 0 -3.5 0 0.448152 0.549297 0.705289
66.87 35.8125 30.436 -0.314945 -0.0663198 -0.4 0 0.959402 -0.245198 -0.139378
54.5824 43.7884 45.2853 -0.16674 0 -3.5 0 0.701658 0.703916 0.110358
63.0877 44.6698 46.6985 0.0570078 0 4.2 0 0.518686 0.382073 0.764843
63.0119 35.5589 28.7502 -0.299236 -0.849888 4.2 0 0.466093 -0.700723 -0.540134
25.9321 21.5836 34.8427 0.252858 0 -3.51699 0 0.45655 -0.221378 -0.861716
20.6434 28.7151 34.2199 -0.844289 -0.4771 -0.4 0 -0.805444 -0.329384 -0.492713
24.6775 29.6397 39.9375 -2.97414 0 -1.3 0 0.802216 -0.590227 -0.0898947
41.5327 25.4296 54.9021 -0.657728 0 -3.5 0 0.26563 -0.936937 0.227134
21.2153 40.2105 38.9634 -0.528389 0 0.268698 0 -0.799199 -0.432253 -0.417659
57.1771 50.9159 35.6005 -0.234182 0 1.8 0 0.17159 0.935344 -0.309336
45.7093 38.7435 28.703 -1.04546 -0.226755 -3.5 0 -0.979297 -0.154364 0.130955
47.2046 35.5496 31.6833 -0.429835 0 -0.741725 0 -0.978408 -0.0938516 0.184148
20.8691 31.3799 50.0457 -0.0405963 0 -3.5 0 -0.983947 0.147686 0.100184
42.5131 36.6141 34.9021 1.02519 0.847659 -4.5 0 0.564909 0.348307 -0.748037
45.1804 40.2234 29.7723 -0.150728 -0.45634 -3.5 0 -0.377348 -0.916307 0.134126
65.4363 39.668 42.6782 -1.43699 -0.0711099 3.8 0 0.432046 -0.36118 0.826369
32.2691 54.8161 45.4241 -0.216356 0 -0.4 0 -0.195826 0.286451 -0.937869
48.4106 24.3884 39.1885 2.6184 0.0893701 -3.9 0 0.921874 -0.314602 -0.226215
24.3547 38.5495 20.8301 -0.0981428 0 -4.5 0 -0.0524072 0.000376018 -0.998626
52.6507 39.6738 25.8429 0.116961 0 1.43594 0 -0.487561 0.17129 -0.856121
48.2878 35.5303 52.3568 -0.868912 -0.621572 -3.5 0 0.737647 -0.674045 -0.0392476
16.0645 45.6455 37.5013 -0.011098 0 -3.9 0 -0.619221 -0.345709 0.705018
42.2883 50.0254 34.937 1.64275 0.339306 -0.9 0 0.579358 0.507455 -0.637835
59.4204 51.9893 39.1046 0.217472 0 -3.5 0 -0.176011 0.669783 0.721395
46.5866 25.3307 47.4043 -0.0542888 0 -4.5 0 0.875461 -0.481381 -0.0429053
60.7298 27.3102 41.6522 0.0498708 0 3.8 0 0.403669 -0.0811098 0.911302
27.6015 33.372 22.717 -1.54639 0 -3.5 0 -0.658833 -0.0215725 -0.75198
46.3279 43.6008 42.8783 0.872763 0 1.9 0 0.0326825 0.808868 0.587081
19.5481 43.307 26.2545 -0.0720303 0 1.8 0 -0.31236 0.55124 -0.77367
35.3616 57.3776 43.8063 -0.151611 0 -1.6 0 -0.816684 0.303446 0.490865
36.7537 23.3885 56.8918 -1.63271 -0.313005 -3.5 0 0.257091 -0.655669 0.709931
38.8117 23.5208 54.402 -0.249692 0 -3.5 0 0.686764 -0.625954 0.369509
55.1756 34.191 33.6759 0.198343 0 3.8 0 -0.421102 -0.884349 0.201491
18.6537 47.8685 37.4519 -0.205003 0 0.0908598 0 -0.259527 0.723055 0.640186
25.4031 21.2955 39.2879 -0.758632 -0.578233 -3.5 0 -0.437758 -0.419842 0.795047
23.036 56.0061 33.8534 -0.914719 -0.40648 -0.4 0 -0.446999 0.850663 -0.276703
24.1161 25.0776 31.3594 -1.28035 -0.00187803 -1.3 0 -0.188429 -0.981753 -0.025599
66.9949 44.261 43.7211 0.00301236 0 -0.8 0 0.606528 -0.0970492 0.789117
47.5529 48.7011 31.2016 0.51944 0 1.8 0 0.146362 0.584052 -0.798412
22.5005 38.7165 43.0705 -0.915968 0 -3.5 0 -0.272634 0.242356 0.931093
35.1129 25.6446 31.3456 -0.088062 -0.297717 4.2 0 0.33251 -0.790665 -0.514088
40.2231 21.413 50.3004 -0.27736 0 2.5 0 0.8191 -0.290757 -0.494505
47.5105 28.2274 39.9787 0.203721 0.430544 -3.5665 0 0.80604 -0.503584 0.31097
29.6667 23.7397 30.8114 -0.128863 0 -1.3 0 -0.337382 -0.938477 0.0737146
29.5886 56.5374 50.089 -0.543379 0 -1.13736 0 0.130174 0.661675 0.738404
30.1875 21.1725 37.459 -0.011873 0 2.5 0 0.0424851 -0.951697 -0.304084
40.8549 35.9228 31.2238 0.296829 0 -0.4 0 0.943389 -0.327936 0.0497525
35.7571 50.0634 28.2065 0.822162 0.0956369 4.2 0 0.59738 0.656582 -0.460475
62.543 42.5685 26.138 -0.115242 0 3.8 0 0.463513 0.885216 0.0393519
46.9138 32.9913 33.3166 0.234224 0 2.95475 0 -0.869492 -0.249671 -0.426201
37.6574 38.0598 49.3009 3.93304 0 1.8 0 -0.983572 -0.0417471 -0.175622
44.0526 40.1886 29.5972 -0.804041 -0.416719 -3.5 0 0.206608 -0.97592 0.0699578
35.6155 32.5658 21.9377 0.0528885 0 -3.9 0 0.837117 -0.339597 0.428847
19.559 48.66 32.6021 -0.499936 -0.138806 -3.5 0 -0.410817 -0.451029 -0.79234
43.6167 46.2014 48.1097 0.52312 0 -3.5 0 0.430115 0.651443 0.624999
56.0035 43.0798 47.473 -0.180911 0 -3.61795 0 0.177378 0.85366 -0.489695
51.1341 35.9856 50.7396 -0.178113 0 2.30032 0 -0.0968475 -0.392397 0.914683
27.9207 24.7027 32.402 -0.0839909 0 -2.90964 0 -0.633811 -0.738867 -0.228823
17.7857 35.3449 38.0803 0.506618 0.139138 -4.5 0 -0.47135 0.5147 0.716179
28.8807 35.2874 21.6599 0.0603893 0 -3.5 0 -0.149503 0.0591949 -0.986988
23.1814 22.6714 40.7601 0.649679 0 -4.5 0 0.122893 -0.939039 -0.321096
32.8952 18.2705 42.1495 0.770297 0 -4.5 0 0.439608 0.0794127 -0.894672
20.4207 37.368 33.0167 -1.037 -0.0977909 2.86447 0 0.434293 0.867086 0.244032
19.046 48.808 47.966 1.9517 0 -3.9 0 -0.784696 -0.0921067 0.613
24.6822 26.6661 45.6046 0.234989 0 -3.5 0 0.723512 -0.526833 -0.446068
18.2704 37.2829 26.7056 -0.649282 0 -4.5 0 -0.972604 -0.0569357 -0.225387
55.0471 45.0028 29.5096 -0.11516 0 3.8 0 0.156673 0.0193602 -0.987461
29.5133 42.3985 49.7144 -0.146799 0 -0.8 0 0.724171 -0.688629 0.0369776
43.4279 28.3959 53.1439 -1.01333 -0.291941 -3.5 0 0.894958 0.440342 0.0717585
38.3402 54.6202 34.6846 0.229474 0 1.17115 0 0.0227358 0.985124 -0.170337
43.5107 23.5966 47.5745 0.904411 0.21115 -4.5 0 0.0187308 -0.858693 -0.512148
28.9783 20.5105 36.7515 0.343357 0.190897 -3.5 0 0.741411 -0.667031 -0.0733454
31.2783 57.1242 37.9719 -0.299252 0 2.8 0 0.359685 0.884499 0.297133
40.2635 28.1437 33.2235 -0.157467 -0.605081 -3.9 0 0.527197 0.262757 -0.808098
48.1562 41.952 26.5667 0.217241 0.0194858 1.40955 0 0.0287346 0.328271 -0.944146
64.8313 34.3527 34.4622 0.727763 0 2.00969 0 0.706048 0.707521 -0.0301644
38.555 47.803 29.472 0.354168 0 -3.9 0 0.219192 -0.049934 -0.974403
57.7313 26.502 32.9461 -0.23447 0 0.617355 0 -0.116946 -0.574247 -0.810287
61.2043 43.3345 34.7886 -0.230028 0 3.8 0 0.623399 0.665221 0.410918
20.1885 38.0402 43.7386 3.26222 0 -3.9 0 -0.277409 0.960677 -0.0120272
47.0341 27.634 37.0889 0.157515 0 -3.9 0 0.728098 -0.147053 -0.669513
16.6702 47.7865 32.9173 1.87715 0.897659 -3.9 0 -0.260792 -0.232981 -0.93686
28.5344 43.3119 53.6239 0.2763 0 -3.9 0 0.494067 0.865834 -0.0789295
22.8794 38.0589 36.8073 1.32609 0.653096 4.5 0 -0.853375 0.340749 -0.394514
40.6104 25.3326 42.8762 0.243458 0 -1.78557 0 0.250553 -0.955254 0.157203
29.1456 42.8569 52.1554 -0.000248824 0 -1.60188 0 0.918487 0.0752403 0.388227
67.4498 45.8228 41.3554 -0.744249 0 -0.8 0 0.782553 0.621721 0.0327502
38.8834 57.0601 45.1027 0.0219637 0 -1.6 0 0.673883 0.737242 0.048543
25.6141 25.3682 30.877 -0.99917 -0.663704 -1.3 0 0.208698 -0.907234 0.3652
36.2834 53.0139 48.9679 1.31494 0 -2.87169 0 0.376425 0.222586 0.899311
42.6731 33.5662 49.1623 1.93396 0 -3.9 0 0.945689 -0.126688 -0.299369
59.0175 47.9205 34.8399 -0.037177 0 3.8 0 0.661292 0.636991 -0.396151
45.2904 35.2637 53.3568 0.0219419 -0.485265 -3.5 0 -0.0056412 -0.992263 0.124024
66.3656 41.0506 42.6531 -0.811194 0 1.78508 0 0.653171 -0.38879 0.649777
44.059 46.9571 46.5621 0.654545 0 -3.5 0 0.747774 0.34414 0.567804
34.3356 24.4631 35.1809 -0.347313 0 4.2 0 0.28338 -0.958083 -0.0421126
33.3677 29.2806 25.4894 -1.00009 0 -3.5 0 0.339406 -0.940483 0.0171534
40.5003 55.035 41.8034 -0.735439 -0.0178257 -3.56487 0 0.408093 0.852752 -0.325998
55.0429 26.401 37.1198 -0.775052 -0.0184093 1.8 0 -0.323154 -0.946139 0.0197927
37.7555 56.0981 36.6361 0.433932 0 -3.5 0 0.170707 0.70549 -0.687854
33.0988 53.3104 42.0199 -1.42425 0 -3.5 0 -0.347203 0.742421 0.57294
34.3656 30.1696 27.7844 -0.929323 0 -3.78882 0 -0.0918971 -0.988229 0.122304
55.0625 30.3612 43.978 0.173443 0 4.5 0 0.406736 -0.632544 0.659131
41.4714 36.2704 30.1831 -0.479557 -0.0458345 -2.22849 0 0.707135 -0.683623 0.180608
23.2029 25.8135 48.6115 -1.61314 -0.548676 -3.5 0 0.510604 -0.687323 0.516595
22.461 46.2719 45.4215 -0.353613 0 4.5 0 -0.693801 -0.401517 -0.597849
29.6758 43.3921 56.9258 2.40206 0.229275 -3.9 0 0.720027 0.644803 0.256496
44.6717 50.222 36.0832 0.255872 0 -0.9 0 0.166353 0.72586 -0.667423
19.3101 42.5964 35.9064 1.08377 0 -3.9 0 -0.194259 -0.822734 -0.534202
49.5452 48.8189 34.804 1.08827 0.415047 1.8 0 -0.141995 0.985118 -0.0968516
48.3387 25.3953 39.756 1.36098 0.450686 -3.9 0 0.938105 0.19455 0.286548
18.0383 34.0417 38.3126 0.540995 0.326485 -4.5 0 -0.27175 -0.0603125 0.960476
19.2437 30.3867 34.0039 -0.3568 0 1.56122 0 -0.492467 -0.841633 -0.221654
21.7917 53.9778 41.4673 -0.208267 0 -3.5 0 -0.794766 0.266771 0.545142
33.7634 24.0251 39.1953 -0.041168 0 2.5 0 0.842926 -0.377478 0.383388
45.322 38.0101 34.0691 -1.39857 -0.0502721 -3.5 0 -0.947242 0.112749 -0.300032
26.8617 25.3391 33.1974 0.183094 0.508936 -3.85881 0 -0.218644 -0.712513 -0.666723
50.0563 33.642 48.9859 1.93876 0 3.8 0 -0.293951 -0.8157 0.498223
39.2712 35.1299 51.9649 -0.628745 -0.0487962 1.8 0 -0.311509 -0.406112 0.85909
33.3899 29.4911 26.9378 -0.581141 0 -3.5 0 0.5478 -0.801021 0.241414
19.0614 43.8464 38.3977 -0.780235 -0.136432 -3.9 0 -0.567991 0.120082 0.814228
45.2195 50.5218 43.414 1.16744 0.162425 -2.21483 0 0.648828 -0.0636169 0.758271
21.0802 49.8169 48.1824 -0.712282 -0.0371257 -3.5536 0 0.190902 0.63827 0.745767
41.8821 54.9728 46.6532 0.185428 0 -3.9 0 -0.347532 0.768666 0.537005
53.5037 45.2424 49.4761 -1.33295 -0.191801 -3.5 0 0.504707 0.231117 0.831779
27.8284 28.7877 50.2034 -0.239546 0 -3.5 0 -0.66133 -0.202946 0.722119
27.9248 24.7995 28.6654 -1.15168 0 -1.3 0 0.0570248 -0.934113 -0.352394
47.1536 46.9603 40.0914 0.735258 0 -0.9 0 0.403597 -0.586164 0.70251
52.1319 36.949 27.3689 -0.629576 0 -3.5 0 0.102161 -0.71286 -0.693825
27.8433 28.3474 38.4094 -3.52752 -0.0860419 2.92754 0 -0.837262 0.28072 0.469242
37.282 24.5311 57.2819 -0.665109 0 -3.5 0 0.11738 -0.00647433 0.993066
23.9915 27.0871 24.5325 -0.688631 -0.72262 -1.6 0 -0.720475 -0.330783 -0.609507
26.1065 50.203 49.1232 -0.0678689 0 -3.5 0 -0.745257 0.096534 0.659753
40.7925 39.2767 25.5117 -0.24499 0 -3.5 0 0.314917 0.116317 -0.941965
62.1186 37.3579 47.0925 0.383648 -0.494569 -0.7 0 -0.159003 0.131843 0.978435
32.269 22.2768 50.4658 -1.69269 -0.645739 -3.5 0 0.275949 -0.665201 0.693801
30.587 21.474 43.341 0.00612688 0 -0.8 0 -0.709118 -0.672705 -0.211234
56.7467 36.02 26.9621 -0.215155 0 0.812285 0 -0.468802 -0.365722 -0.804035
44.0168 40.2949 34.8441 1.07604 0 -1.6 0 0.0524664 -0.985931 0.158705
28.8926 40.9725 50.2754 -0.239291 -0.167862 -3.9 0 0.988857 -0.0104133 -0.148501
59.5317 28.7658 41.5877 0.128104 0 3.8 0 -0.0215812 -0.0606728 0.997924
31.4598 47.8924 50.9629 0.513114 0.169564 -3.5 0 0.658682 0.217458 0.720313
25.5323 19.4688 36.7732 -0.00109802 -0.318322 -3.5 0 -0.369959 -0.918694 0.138319
25.8389 56.2675 41.713 0.188646 0 -3.5 0 0.458955 0.860461 -0.221284
66.6239 34.5896 30.3915 -1.29542 -0.808692 -0.4 0 0.7153 -0.371176 -0.592093
23.5228 32.585 23.5142 -0.202 0 -1.3 0 -0.381879 -0.462431 -0.800204
21.5858 33.2304 48.265 -0.17532 -0.572431 -3.5 0 -0.987757 0.0506117 0.14756
19.5885 42.2622 30.6327 0.205512 0 1.8 0 -0.202295 0.267697 0.942027
53.1455 35.96 27.713 -0.0937526 0.0490526 2.9575 0 -0.0107212 -0.236789 -0.971502
20.5338 54.077 33.7043 -0.941179 -0.00305046 -3.5 0 -0.0875106 0.990245 -0.108426
57.2327 44.6866 51.8701 2.52594 0.227691 -3.9 0 -0.159589 0.655887 0.737796
57.7635 49.4982 41.0312 0.261322 0 -2.19304 0 0.312736 0.777604 0.545462
22.1775 23.146 46.6522 0.195789 0 -4.5 0 0.0285144 -0.686008 0.727035
39.4642 55.3218 40.2615 -0.180747 0 -3.5 0 0.694394 0.71777 0.0512193
65.1735 41.3467 27.754 -1.35565 -0.494736 3.8 0 0.827887 0.480649 -0.2891
44.1649 38.4377 55.7873 -0.298318 0 -3.5 0 0.12035 0.017747 0.992573
13.7316 36.0387 27.6385 -1.6747 -0.118471 -3.5 0 0.206619 0.723784 -0.658365
23.7325 43.2303 31.8705 0.919843 0 4.2 0 -0.784106 -0.545922 0.295208
35.4992 29.3107 28.9277 -0.0941928 0 -3.9 0 -0.599192 -0.772459 -0.210418
45.2008 39.4152 55.0204 -0.0721915 0 -3.5 0 0.405391 0.785583 0.467458
21.1238 52.3809 31.2086 -0.404362 0 -3.5 0 0.611883 0.468276 -0.63743
58.3581 43.0721 25.6276 -0.120411 0 3.8 0 -0.483361 0.867327 0.11877
23.5799 21.8918 43.6192 0.571507 0.341835 -4.5 0 0.565014 -0.824767 0.0227476
45.9926 52.8279 46.6696 1.01549 0 -3.9 0 0.67177 -0.622948 -0.400825
37.123 43.94 49.9912 0.851542 0 4.5 0 0.142918 0.581057 0.801216
22.6087 39.8964 36.6929 0.620303 0 2.8 0 -0.732712 -0.543292 -0.409838
54.836 39.6674 50.7144 0.188665 0 -3.5 0 0.637362 0.0908273 0.765193
59.7751 47.5354 43.7913 -0.111284 0 -1.73813 0 -0.02879 0.572363 0.819495
22.1391 52.4224 31.9836 -0.0601232 0 -3.33509 0 0.155953 0.390992 -0.907085
32.89 54.7665 41.234 -0.68959 0 -0.8 0 -0.283927 0.658948 0.696544
47.7565 42.0402 46.4193 1.56079 0.798042 1.9 0 -0.609531 0.724331 0.322205
34.0243 53.8158 34.3281 -0.214136 0 -0.7 0 3.58245e-05 0.95544 -0.295186
30.3781 21.1684 39.0277 -0.0958919 0 2.5 0 -0.252275 -0.910894 0.326541
32.5005 41.7156 50.2239 -0.166153 0 4.5 0 -0.670415 -0.121253 0.732012
60.054 42.1686 28.2033 -0.480979 -0.528817 2.1629 0 0.247313 0.968876 0.0107332
43.2174 35.5786 49.6224 1.47749 0 -1.56628 0 0.79795 -0.421396 -0.430932
49.5686 31.6279 46.8525 -0.336718 -0.890755 3.8 0 0.440357 -0.36232 0.821468
18.9803 28.8425 37.0592 -0.718896 0 2.8 0 -0.517029 -0.709657 -0.478611
39.523 56.1061 42.495 -0.420858 -0.680661 -3.9 0 0.722059 0.686018 -0.0894946
24.4906 46.456 26.0646 -0.342454 0 -3.5 0 -0.27939 0.907887 -0.312543
39.5153 46.0536 29.8913 0.241012 -0.142315 -3.0608 0 -0.377546 0.111949 -0.919199
22.2577 47.4249 28.9649 -0.176001 0 4.2 0 -0.191567 0.579537 -0.79211
66.1964 34.149 35.077 1.88548 0.0950888 -3.9 0 0.44028 0.730438 -0.522124
26.8112 51.3247 27.9211 -0.366271 0 -0.7 0 -0.845818 0.369117 -0.385155
49.8545 49.5905 32.6165 0.155303 -0.0022944 1.8 0 -0.331845 0.871052 -0.362143
26.396 41.5094 22.273 -0.263455 0 -4.5 0 0.0457397 0.417818 -0.907379
65.7217 40.3063 29.1441 0.0415404 0 3.8 0 0.914847 0.231121 -0.331117
27.4788 27.1606 40.1955 -2.85706 0 -0.4 0 -0.945063 0.298567 0.133097
47.6676 28.3462 46.6731 0.816529 0.59326 -2.58846 0 0.82058 -0.503272 0.27086
47.9934 44.1742 38.8657 0.172227 -0.041764 -1.07903 0 -0.238393 0.477895 0.84545
17.9705 45.4362 33.4082 0.353258 0 -3.9 0 -0.0154441 -0.219505 -0.975489
55.1006 34.0071 28.3744 -0.2107 0 3.8 0 0.273603 -0.417242 -0.866632
49.4842 42.6847 47.608 0.805887 0.0998745 -0.0140215 0 -0.513927 0.83287 0.205443
35.6937 31.6786 52.8263 0.375995 0 -1.6 0 -0.0371099 -0.554 0.831689
67.6926 38.1104 38.0956 -0.492889 -0.0123427 -0.4 0 0.577138 -0.158135 -0.80119
54.9031 49.5981 31.7719 0.00288624 0 1.8 0 0.429862 0.263763 -0.863509
26.563 26.5125 48.2515 -7.07068 0 -3.5 0 -0.71319 -0.664856 0.222098
54.6376 51.5815 38.7331 0.358383 0 -3.5 0 0.300613 0.931919 -0.202878
28.2613 24.8277 47.5807 0.257225 0 -3.5 0 -0.854495 -0.48187 -0.194009
21.5464 41.1117 36.0576 0.246078 0 2.8 0 -0.552518 -0.554921 -0.621921
30.1262 52.7852 27.3729 -0.778311 0 -3.24745 0 -0.0837012 0.124388 -0.988697
21.5341 26.6235 29.7334 -1.11508 -0.29357 2.8 0 -0.499916 -0.136644 0.855226
23.3865 46.2386 53.759 -0.331091 0 -0.4 0 0.158728 0.773967 0.61301
20.5815 42.7082 23.7248 0.474872 0 -4.5 0 -0.522618 0.8522 -0.0250259
27.1601 45.5358 51.6775 -0.500978 -0.703703 -0.8 0 -0.0146616 0.610246 0.792076
42.6475 33.24 46.103 2.41982 0 -3.9 0 0.680846 -0.390803 0.619453
50.7941 31.5182 45.7083 0.687494 0 3.8 0 0.32244 -0.460253 0.827164
57.8293 28.0093 30.1663 -1.54629 -0.581572 -3.5 0 -0.777743 -0.442286 0.446653
62.0477 43.9741 37.4842 -0.149401 0 3.8 0 0.013138 0.157451 -0.987439
30.8755 38.0233 22.0382 -0.980031 -0.312491 3.8 0 0.0755081 0.031441 -0.996649
64.826 47.3871 37.0075 -0.391303 0 -3.5 0 -0.11686 0.335845 -0.93464
55.1798 34.8039 46.8908 0.180099 0 1.8 0 0.159134 -0.413703 0.896396
30.882 25.4885 50.8107 -0.516568 0 -3.5 0 0.324536 -0.0391526 0.945063
41.3644 22.7661 31.1271 1.09479 0 -3.9 0 0.761878 -0.612957 -0.209347
62.4895 28.9996 36.7573 0.792527 0 -3.52963 0 0.631098 -0.598093 0.493963
60.55 25.9837 39.1365 -0.0123713 0 3.8 0 0.308261 -0.863627 -0.398902
25.343 38.9564 21.1298 -1.07873 -0.891193 -3.5 0 0.101047 0.340951 -0.934635
22.9373 56.8205 42.4519 -0.514436 0 -3.5 0 -0.654075 0.56492 -0.503042
66.4143 38.9051 41.5756 -0.00286278 -0.226933 1.92856 0 0.51951 -0.110363 0.847307
61.934 24.8919 35.0921 -0.0211725 0 -3.5 0 -0.397537 -0.748354 0.53097
44.1605 40.0401 55.3126 -0.670995 0 -3.5 0 0.889227 0.211988 0.405385
47.4055 39.7455 26.6755 0.0649728 0 -3.5 0 -0.176384 -0.0206024 -0.984106
33.6328 36.102 19.6913 1.80512 0 -3.9 0 -0.448362 0.728397 -0.518082
33.61 22.1618 42.0692 -1.46224 -0.338728 -4.5 0 0.641122 -0.211801 -0.737633
33.4384 31.436 51.4193 0.171978 0 2.67214 0 -0.386783 -0.386416 0.837306
67.2514 45.5411 43.4663 -0.0643742 0 -0.8 0 0.63598 0.556628 0.534504
29.6886 36.7704 21.681 -0.145177 0 -3.5 0 0.212254 0.0893131 -0.973125
30.3699 23.2264 50.4451 -1.82162 -0.226801 -3.5 0 -0.482454 -0.33834 0.807938
64.3988 47.8478 46.1235 -1.3095 -0.0395539 -3.5 0 0.622332 -0.374424 0.687394
32.224 40.7045 49.582 -0.0676191 0 4.5 0 -0.689033 -0.307049 0.656471
55.9264 41.6195 50.8853 0.700717 0.864564 -3.9 0 -0.545538 -0.354085 0.759613
52.9361 32.9188 34.8976 1.04513 0.185581 3.8 0 0.584801 -0.319132 -0.745763
26.7789 45.3221 25.702 -0.397989 0 -3.5 0 0.141608 0.709699 -0.690126
42.7648 47.9637 28.0769 -0.374134 0.107065 1.2647 0 0.0136674 0.998622 -0.0506649
18.1853 31.3587 31.9686 -0.0115317 0 -0.4 0 -0.843478 -0.408952 0.348286
56.9306 34.3705 27.319 -0.261016 0 4.2 0 -0.640753 -0.459811 -0.614825
61.7039 42.1435 28.0656 0.0914642 0 3.8 0 0.0520499 0.996248 -0.0691375
36.2153 35.4338 49.0962 11.8681 0 -1.6 0 -0.381157 0.878089 -0.289273
34.9441 26.5281 30.4727 -0.21585 -0.0801325 4.2 0 0.329934 -0.351571 -0.876094
34.665 32.9162 18.7606 0.539191 0 -3.9 0 0.227106 -0.432841 -0.872394
26.2939 58.25 45.6151 -1.11298 -0.0186296 -3.5 0 0.337034 0.866021 0.369344
32.2929 54.3494 50.2764 -0.124343 0 -0.8 0 0.685311 0.238893 0.687952
20.0298 26.4545 41.283 -0.325851 0 -4.5 0 -0.912126 -0.102836 0.3968
55.3822 50.8508 37.9118 0.28683 0 -3.5 0 0.142339 0.968112 -0.206152
64.216 42.5938 35.6878 -0.249303 0 3.8 0 -0.0374877 0.919464 -0.391383
58.4705 38.0861 47.4762 0.731506 0 -3.9 0 0.171761 -0.542801 0.822111
35.3708 33.1253 25.2962 -1.90323 -0.32558 -3.5 0 0.645584 0.11818 -0.75449
64.5445 33.9224 30.1789 -0.313143 0 -0.4 0 0.285675 -0.368505 -0.884644
67.3491 39.5609 41.0137 -0.120495 0 1.71248 0 0.690921 0.0198094 0.722659
33.3995 23.6395 32.9631 -0.0524643 0 4.2 0 0.250602 -0.958069 -0.138931
22.3465 47.9449 44.4893 -0.0781019 0 -3.9 0 -0.325129 -0.578846 -0.747816
66.7299 46.6424 40.8646 -0.430492 -0.222123 -0.8 0 0.700591 0.680512 0.214654
38.4105 43.6831 50.3582 0.125927 0 2.64383 0 -0.498772 0.500527 0.707601
56.0308 50.6407 36.5723 -0.696906 -0.681855 -2.68689 0 0.0648332 0.989999 0.125291
45.3709 40.8026 47.7084 1.62916 0 -3.5 0 0.606456 0.771599 0.191956
36.5789 23.112 45.0534 -0.379786 0.261265 0.118295 0 0.646808 -0.601562 -0.468789
41.3821 21.9363 35.2586 0.374969 0 -1.6 0 0.100248 -0.767272 -0.633439
65.7728 35.416 45.9105 -0.099694 0 -0.7 0 0.934783 0.204967 0.290119
47.415 44.0665 43.0215 0.811312 0 1.9 0 -0.27062 0.937056 0.220659
44.762 54.8241 50.6025 3.26947 0.0828067 -3.9 0 -0.310176 0.0869751 0.946692
34.0681 50.3569 26.0151 -0.0463861 0 4.2 0 0.0328135 0.731854 -0.680671
30.1898 35.5312 51.6437 -1.46395 -0.18218 -0.521903 0 0.698296 0.167656 0.695898
52.7221 40.1399 51.5967 -0.122697 0 -3.5 0 0.141637 0.740368 0.65711
32.7511 28.7157 28.8876 -0.252618 0 -0.443159 0 0.917339 -0.0956031 -0.386458
34.3925 25.0725 54.7923 -1.41786 -0.271906 -3.5 0 -0.855778 -0.118782 -0.503522
65.4777 39.0744 36.3158 -0.0824394 0 3.8 0 0.420737 -0.596102 -0.683844
49.8976 35.0781 27.4149 -0.273365 0 -3.5 0 0.464113 -0.695828 -0.548108
43.6118 24.5487 39.9058 0.139437 0 -3.9 0 0.0206684 -0.948675 0.315576
56.5778 29.6546 33.1571 0.664354 0 3.8 0 -0.670691 -0.344438 -0.656914
26.3261 24.3049 29.4256 -0.303928 0 -1.3 0 -0.0414183 -0.975801 0.214703
53.5602 27.9806 42.6481 -0.000493764 -0.755921 -0.8 0 0.31612 -0.283837 0.905265
43.5047 33.8503 51.6495 3.33487 0 -3.9 0 0.898565 -0.38836 -0.204346
44.7178 24.6741 37.1662 0.465965 0 -2.07496 0 0.190021 -0.685562 -0.702778
21.6213 27.7341 25.9604 -0.327576 0 2.8 0 -0.569935 -0.241993 -0.785248
30.431 23.5667 29.5632 -0.169358 0 -1.3 0 -0.144245 -0.8412 -0.52113
29.813 41.9074 57.6237 3.01787 0.161469 -3.9 0 0.922644 -0.221782 0.315499
50.1867 50.0004 41.9707 0.342754 0 -4.5 0 0.561687 0.271883 0.781401
53.2969 51.6497 39.974 0.409623 0 -3.5 0 -0.263656 0.929338 0.258488
37.1309 24.6816 34.6993 -0.0633184 -0.290648 0.485635 0 -0.214358 -0.931725 0.293154
25.9328 28.6101 49.4634 -0.979171 -0.178704 -3.5 0 0.151115 -0.664375 0.731963
42.5547 25.6396 33.7612 -0.569178 -0.347196 -1.78157 0 0.716754 -0.0231522 -0.696941
31.6905 20.1047 46.4137 -0.0399069 0 -4.5 0 -0.726665 -0.505398 0.465329
22.2834 50.6161 38.5887 0.0831422 0 1.8 0 -0.404827 -0.653818 0.639247
23.6816 28.0327 42.907 1.42157 0 -4.12253 0 0.940405 -0.301491 -0.157293
28.1947 50.9207 51.0266 0.427601 0.0332751 -3.5 0 -0.247752 0.262459 0.932595
36.1481 41.4087 22.9418 -0.180913 0 -0.911536 0 0.273162 0.0990565 -0.956854
46.3156 36.2756 48.2281 2.86034 0.046167 2.51186 0 -0.68173 -0.601585 0.41634
18.8756 43.2645 29.8542 0.160322 0 1.8 0 -0.40283 0.508106 0.761286
48.1784 24.0921 40.4412 2.11657 0.422641 -3.9 0 0.738548 -0.251017 0.625729
51.0736 33.2933 30.3008 -0.120846 0 3.8 0 -0.0407493 -0.918022 -0.394429
47.2089 34.4679 32.5041 0.0578004 0 4.5 0 -0.978544 -0.00476493 -0.205983
44.1356 24.904 41.3572 -0.358901 -0.527806 4.5 0 0.287253 -0.830935 0.476479
57.9659 39.7265 49.1591 0.44645 0 -3.9 0 0.085598 -0.77952 0.620501
29.1577 21.1482 38.4316 0.233318 0 -3.5 0 0.349836 -0.896547 0.271696
37.5775 47.946 28.813 0.351616 0 2.51385 0 0.759511 -0.210185 -0.615601
44.4029 44.6294 47.0114 1.00648 0 -3.5 0 0.983039 0.16503 -0.0799988
17.6256 50.2013 33.5908 1.10477 0 -3.82924 0 -0.563924 0.727325 -0.391136
18.231 51.1302 33.316 0.24479 -0.00502537 -3.5 0 -0.997886 0.0625762 -0.0175313
32.0694 23.7458 30.044 0.299196 0.113437 -1.3 0 0.262495 -0.95061 -0.165641
22.0966 33.3133 51.2616 0.34239 0.0303345 -3.5 0 -0.5166 0.114217 0.848574
26.256 36.0202 55.767 0.0992606 0 1.9 0 0.177743 -0.530805 0.828646
23.3614 53.4119 32.0954 -0.464283 -0.296126 -0.940178 0 -0.171269 0.239919 -0.955566
21.7644 22.5407 40.3739 0.611853 0 -4.5 0 -0.0625438 -0.736829 -0.67318
22.8095 28.6725 32.6781 -0.563326 0 4.2 0 -0.629688 -0.55773 -0.540767
58.6203 43.1201 28.8611 0.0845317 0 1.8 0 0.438949 0.809779 -0.389335
36.5005 29.7674 24.7057 1.8455 0 -3.9 0 0.0350339 -0.769923 -0.637174
21.0604 25.4806 48.1733 -0.713432 -0.00437111 -3.5 0 -0.735296 -0.387101 0.556321
35.1883 34.2958 53.443 0.538552 0 -1.6 0 -0.156081 0.323201 0.93337
25.4166 31.0908 21.3127 -0.0695617 0 -1.6 0 -0.345083 0.499744 -0.794465
22.1118 37.226 45.0452 0.736029 0.754739 -3.9 0 0.0733695 0.985996 -0.149762
37.8274 24.5191 29.7327 2.62404 0.284044 -3.9 0 -0.420402 0.216931 -0.881024
30.8285 36.4051 49.0216 -2.30239 0 1.8 0 0.955366 0.0768336 0.285258
38.8377 44.6341 48.9458 0.104864 -0.120193 3.53528 0 -0.171861 0.919739 0.352908
65.2691 44.5648 36.9639 -0.526737 0 -1.93701 0 0.00497851 0.0346471 -0.999387
33.466 53.0436 27.8193 -0.0192754 0 -3.5 0 0.551823 0.0847549 -0.829643
23.7156 50.197 39.5391 0.564615 0 1.8 0 -0.773333 -0.512148 0.373712
22.4109 43.2599 34.6259 3.64251 0 2.8 0 -0.571446 -0.329641 -0.751523
31.0333 21.0986 47.1091 -0.976049 -0.0275726 -3.5 0 -0.599114 -0.789776 0.13159
18.3118 53.1471 32.616 -0.913304 -0.136703 -3.5 0 -0.871471 0.464728 0.156734
60.5452 48.6632 37.0259 0.0268588 0 -3.5 0 0.528381 0.0273735 -0.848566
35.2451 28.568 51.2207 -0.0035502 0 1.86916 0 -0.488055 -0.24079 0.838941
54.3868 33.6903 46.8241 0.26991 0 3.8 0 0.646252 -0.574964 0.501772
34.1405 54.7331 41.6392 -0.347341 0 -0.8 0 -0.509108 0.557443 0.655794
41.369 46.234 47.854 0.736944 0 -3.5 0 -0.217657 0.637362 0.739185
17.024 30.5274 39.2774 -0.141917 0 2.8 0 -0.749019 0.0594627 0.659875
39.2372 57.6316 41.4145 -1.52025 -0.119636 -3.5 0 0.937855 0.325942 0.119123
63.4818 39.2264 32.8953 -0.00414606 0 3.8 0 0.668484 -0.336639 0.663177
45.5429 27.7996 42.9179 0.616989 0 4.5 0 0.747561 -0.632879 0.201536
37.3459 26.1686 30.4729 -0.301362 -0.223165 3.94795 0 -0.0948037 0.0344104 -0.994901
33.1921 53.4235 33.5539 -0.242671 0 -0.7 0 0.135286 0.987379 -0.0823404
43.6611 34.7419 46.3884 4.37685 0.0241404 -3.9 0 0.288101 -0.421519 0.859837
40.2744 34.126 52.6095 2.11055 0.0243256 -3.9 0 -0.813895 -0.030959 0.580187
56.0599 44.1582 48.4724 0.232536 0 -3.9 0 -0.092832 0.926656 -0.364268
24.6546 48.2486 30.0159 -0.274017 0 2.17484 0 -0.295923 0.758488 -0.580626
63.0358 43.853 32.806 -0.220098 0 3.8 0 0.279157 0.769023 0.575044
54.7561 44.1048 49.4115 0.186599 0 -3.5 0 0.00320073 0.660537 0.750787
53.0816 49.2939 31.2612 -0.357288 0 2.34443 0 -0.0490091 0.654244 -0.754694
34.5474 23.7071 42.4356 -0.0289455 0 -2.76593 0 0.410734 -0.61167 -0.676134
23.5313 24.9008 43.5967 0.845581 0 -4.5 0 0.98232 0.173865 -0.0694167
26.3522 34.5402 54.3857 -0.167154 0 1.9 0 0.252027 -0.674262 0.694156
31.2218 18.1126 44.7611 0.805966 0 -4.5 0 -0.712212 -0.0683799 0.698626
21.4732 31.4666 51.5524 0.0268463 0 -3.5 0 -0.791329 0.179872 0.584332
28.6809 38.2169 53.2253 -0.0459392 0 1.51806 0 0.989883 -0.102265 0.0983525
21.763 24.1466 28.4315 -1.98166 -0.300208 2.8 0 -0.246334 -0.856556 0.453467
26.9156 30.2897 20.6955 -0.109877 0 -1.6 0 0.183184 0.00612943 -0.983059
43.8989 40.4358 26.5818 -0.28067 0 -3.5 0 0.0111209 -0.821228 -0.570491
53.9536 43.3557 49.6175 0.263658 0 -3.5 0 0.144176 0.0246236 0.989246
34.2962 25.7769 55.9689 -2.11008 -0.819272 -3.5 0 -0.903579 0.228849 0.362179
37.4993 50.7743 29.1825 -0.221723 -0.812666 -0.94722 0 0.191413 -0.0830786 -0.977987
37.2052 44.8008 29.7194 0.921187 0.825248 -3.5 0 0.599224 0.288391 -0.746834
22.1759 42.1896 35.0954 1.98058 0 2.8 0 -0.623177 -0.28555 -0.728087
25.6672 57.0563 46.2371 -1.24949 0 -3.5 0 -0.111021 0.440115 0.891052
36.6208 57.9515 44.2914 0.0132674 0.0085715 -1.63645 0 -0.0670151 0.907106 0.415533
44.9708 41.1796 25.238 -0.0725301 0 -3.5 0 -0.143183 -0.421068 -0.895656
23.7506 27.4286 49.7852 -0.722606 0.234285 -3.5 0 0.72939 -0.625703 0.276561
23.6151 32.508 51.4549 -0.0441985 0 -3.5 0 -0.0986744 0.113353 0.988643
37.0874 36.5409 51.6417 0.0622661 0 -0.790608 0 -0.350798 0.742808 0.570242
24.6203 59.0543 45.6004 -2.22207 -0.789857 -3.5 0 0.286646 0.829732 0.478936
18.105 48.7655 46.864 2.43142 0.047148 -3.9 0 -0.821279 -0.406729 0.400091
45.2663 30.4472 34.6414 -0.748455 0 -3.9 0 0.212604 -0.542104 -0.812971
36.7544 44.3073 24.2252 -0.671262 0 -3.5 0 0.906002 0.299883 -0.298716
37.1869 25.2358 36.487 -0.124731 -0.268028 4.2 0 0.0423729 -0.958893 0.280587
40.0807 47.2081 47.0584 0.803747 0.00778128 -3.5 0 0.0402252 -0.12882 0.990852
22.571 42.0731 30.3425 3.06712 0 2.11849 0 -0.110075 -0.216664 0.970021
30.3759 54.8273 40.6509 -0.899417 0 2.44179 0 0.46379 0.498235 0.732572
21.4527 29.2589 30.7948 -0.726056 0 2.32097 0 -0.192662 -0.88992 0.41343
23.9753 34.1527 51.7927 -0.00583294 0 1.68598 0 -0.507478 -0.4854 0.711936
43.1366 41.7451 49.629 0.21897 -0.055616 -3.5 0 0.51401 0.277234 0.811748
57.9856 33.0512 28.1742 -0.45069 0 4.2 0 -0.769332 -0.491262 -0.4084
55.5718 30.57 33.7182 0.0416298 0 3.8 0 -0.831876 0.0674482 -0.550848
28.7313 51.9054 26.8054 -0.421823 0 -0.7 0 -0.0329597 0.425787 -0.904223
67.1599 42.2009 42.0802 -0.325983 0 0.030446 0 0.926824 -0.298789 0.227427
53.706 40.8276 25.9388 -0.0199607 0 0.220123 0 -0.0402203 0.717742 -0.695146
33.0972 37.7378 22.1226 0.0725047 -0.466251 3.95888 0 -0.173587 0.309187 -0.935024
42.9238 24.58 42.1043 -1.11758 -0.0504176 4.5 0 0.181215 -0.922048 0.342036
33.0202 48.3457 24.5024 -0.200763 0 4.2 0 -0.108984 0.538247 -0.835711
22.5937 45.967 28.1542 -0.112954 0 2.0357 0 -0.397474 0.706729 -0.585277
54.3746 25.8123 41.5731 -0.573301 0 -0.8 0 0.401709 -0.787466 0.467468
21.3252 48.2819 30.6856 -0.233811 0 4.2 0 -0.773873 0.221607 -0.593306
63.2716 34.7431 29.399 -0.44373 -0.101277 4.2 0 0.222485 -0.547754 -0.806515
40.761 53.4536 48.0146 1.02965 0.0430391 -3.5 0 0.119951 0.551971 0.825191
19.7728 36.7534 35.7 0.77714 0 -4.5 0 -0.185383 0.981464 -0.0485977
49.7271 39.2801 26.5886 0.816354 0 1.8 0 -0.0462374 0.370872 -0.927532
24.5902 40.9158 44.5998 -0.673272 0 -1.50195 0 -0.976527 -0.160524 0.143619
24.5291 23.1038 44.8148 0.944914 0.00486772 -4.5 0 0.995372 -0.0593548 -0.0755725
27.4482 20.0112 35.1524 0.227349 0 -3.5 0 0.267776 -0.442364 -0.855926
17.485 32.6587 25.3988 -0.637619 0 2.5 0 -0.804619 -0.0195167 -0.59347
44.4536 23.1721 49.7145 1.20896 0 -4.5 0 0.421616 -0.86249 0.279912
20.7593 47.2498 32.1105 -0.297579 0 1.84655 0 -0.751261 -0.352202 -0.558176
35.2763 40.4726 22.7391 0.0109264 0 4.2 0 -0.26754 0.326551 -0.906525
35.8709 32.1529 24.7751 -1.22971 -0.535065 -3.5 0 0.133929 0.555455 -0.82069
65.2805 48.5419 42.7506 -0.043213 0 -3.5 0 0.879657 0.412194 -0.237275
21.4363 22.2148 45.0908 0.0338145 0 -4.5 0 -0.350192 -0.873213 0.338917
48.136 35.6803 54.6411 -1.72614 -0.0614344 -3.5 0 0.592284 -0.758323 0.272298
21.1222 43.9957 26.4897 -0.491688 0 1.8 0 -0.385114 0.725853 -0.569934
33.8507 44.7539 51.3773 -1.42346 -0.160955 -3.9 0 0.282635 0.103332 0.953646
27.7791 54.9794 37.4346 -0.849295 -0.418128 2.8 0 -0.410858 0.715282 -0.565303
26.5077 40.3526 57.0177 0.770874 0 -3.9 0 -0.377006 -0.548833 0.74609
34.5247 19.094 44.6775 0.615039 0 -4.5 0 0.971402 -0.233914 0.040763
46.2699 28.0345 50.0131 1.12912 0.753036 -4.5 0 0.603122 0.116623 0.789077
33.0001 33.1947 19.0368 0.560932 0 -3.9 0 -0.227477 -0.209074 -0.951074
64.7134 33.1969 44.8551 -0.0466433 0 -0.7 0 0.531806 -0.845655 -0.0452685
37.664 29.042 26.2555 1.47186 0.110697 -3.9 0 0.0786032 -0.982174 -0.170751
21.0796 29.7818 51.0147 0.334296 0.147171 -3.5 0 -0.962766 -0.000738314 0.270337
45.872 37.4593 27.4902 -1.1386 0 -3.5 0 -0.762822 0.182309 -0.620376
20.9136 24.3727 39.0404 0.253896 0 -4.5 0 -0.552525 -0.705738 -0.443452
66.1138 29.6549 33.3845 -0.165606 0 -0.7 0 0.513798 -0.776102 0.36562
38.4033 43.5802 27.3363 0.396924 0 0.147276 0 -0.187336 0.955383 0.228362
19.029 53.7729 34.0464 -1.63572 -0.205389 -3.5 0 -0.61329 0.613675 0.497271
61.7389 34.3971 27.6131 -0.385253 0 4.2 0 0.715555 -0.660717 -0.226791
32.7734 35.7057 21.3689 1.80163 0.365964 -3.9 0 -0.532738 0.651393 -0.540257
36.0379 21.2588 47.43 -0.537677 0 2.39721 0 0.519571 -0.772383 -0.365336
29.449 54.0505 43.4915 -0.462905 0 -3.01404 0 0.823159 0.497496 -0.273693
35.2256 46.1156 49.3698 0.712853 0 -3.9 0 0.621769 0.10939 0.775523
53.8034 38.9089 52.0062 -0.367836 0 -3.5 0 0.683067 0.0547841 0.728298
38.4185 38.0855 52.1665 -0.397056 0 -0.710334 0 -0.756681 0.100152 0.646067
25.111 56.2726 35.6094 -0.313478 0 -0.4 0 0.692261 0.71397 -0.104985
64.9877 41.7845 31.8164 -0.226344 0 3.8 0 0.961126 0.214091 0.174361
34.7248 57.3195 39.8172 0.0565143 0 -3.5 0 -0.880581 0.411751 -0.234604
54.8719 48.4046 43.0185 0.115047 0.146754 -1.72964 0 -0.746891 -0.150207 0.647759
44.6445 41.9359 48.6309 1.00408 0.232821 -3.5 0 0.9123 0.272307 0.305871
22.7871 35.7818 53.837 0.0813727 0 1.9 0 -0.553385 -0.80097 0.2285
46.6811 44.0836 39.5399 0.117963 0 -3.40743 0 0.559509 0.67294 0.48384
18.4606 34.3576 25.4151 -0.281429 0 2.5 0 -0.715248 0.350402 -0.604681
60.887 37.8864 46.659 -0.156276 0.206646 -1.30565 0 0.204854 -0.127977 0.97039
30.8416 22.0338 36.481 -0.505596 -0.367631 0.23653 0 0.304861 -0.812491 -0.496909
58.9835 36.1075 25.2005 -0.131001 0 4.2 0 -0.454839 0.0305276 -0.89005
41.8388 45.6649 25.355 0.477016 0 1.9 0 -0.427029 -0.026971 -0.903836
18.4919 49.3061 45.1608 1.68816 0.263242 -3.9 0 -0.748915 -0.383744 -0.540247
19.5169 46.9296 46.4002 -1.35126 -0.849351 -3.5 0 -0.688332 -0.316663 -0.652628
41.6964 34.2591 54.365 2.6627 0.291812 -3.9 0 -0.150853 -0.104101 0.98306
22.2979 18.897 34.2687 2.68161 0.362561 -3.9 0 -0.412918 -0.848507 0.33096
31.8807 55.2828 28.0282 -0.600137 0 -3.5 0 0.216 0.7927 -0.570062
62.0051 25.5903 31.5335 -0.883668 0 -3.5 0 -0.663078 -0.654998 -0.362361
26.7112 55.0786 50.7156 0.142572 0.388339 -1.28455 0 -0.0677804 0.351061 0.933896
39.6382 22.5823 36.278 0.485085 0 -1.6 0 -0.886664 -0.298913 -0.352814
66.8217 32.2649 32.8795 0.0577225 0 -0.7 0 0.92582 0.372062 0.0665366
50.5628 26.9562 39.8158 0.147673 0 -0.8 0 -0.652572 -0.733785 -0.188971
46.0572 26.4506 36.4289 0.196915 0 -3.9 0 0.483985 -0.290544 -0.825435
26.6491 56.4489 48.018 -0.305061 0 -3.5 0 -0.64962 0.755476 0.0851413
54.4096 42.7016 28.1679 -0.900048 0 1.8 0 0.235525 0.648371 -0.723977
27.1793 38.2997 20.7302 -1.26149 -0.014151 -3.5 0 0.231655 0.195876 -0.952874
65.0117 27.7746 31.8762 -1.5619 -0.0805282 -3.013 0 0.943781 -0.221722 -0.245188
24.7983 55.6999 34.207 -0.218393 0 -0.4 0 0.55333 0.795724 -0.246272
44.2228 35.1896 53.9658 0.398691 0 -3.5 0 0.232921 -0.770631 0.593191
32.5274 18.4678 46.0435 0.218869 0 -4.5 0 -0.391495 -0.322018 0.861995
19.7957 40.1326 22.6289 0.472264 0 -4.5 0 -0.721626 -0.405142 -0.561352
59.8089 43.4113 31.1857 -0.179277 0 3.8 0 0.288611 0.623609 -0.726509
66.9236 33.7122 38.556 1.93191 0 -3.9 0 0.650658 -0.0986892 0.752931
22.2122 44.619 34.2375 2.14247 0.878631 -3.9 0 -0.326815 -0.570483 -0.753486
57.2521 34.0466 46.5921 0.203959 0 1.8 0 0.164642 -0.693084 0.701804
63.6781 28.1661 30.7176 -0.313811 -0.259497 -2.17405 0 0.525739 -0.162232 -0.835033
55.9516 51.7652 33.784 0.0404179 0 1.8 0 0.4297 0.891334 -0.144506
42.7103 38.2209 55.8372 -1.09689 -0.334263 -3.5 0 -0.132067 -0.647299 0.750708
27.3481 31.6336 52.9281 -0.973375 -0.492336 -0.8 0 0.242071 -0.688785 0.683357
52.8604 49.6025 42.198 -0.703986 -0.634185 -3.5 0 -0.456483 0.0209538 0.889486
22.9801 28.2787 31.0936 -0.748535 0 4.2 0 -0.758066 -0.56338 0.32854
65.1503 37.2151 43.2134 -0.176117 0 -0.7 0 0.824167 0.385431 0.41496
25.1057 36.2757 20.9644 -0.626524 -0.464284 -3.2069 0 -0.048724 -0.366789 -0.929027
58.7052 26.775 29.5931 -0.451689 0 -3.5 0 -0.512496 -0.856108 -0.0665339
37.9139 49.2176 29.2397 0.35521 0 -3.9 0 0.455246 0.164245 -0.875085
57.8493 25.4909 40.8335 0.0436044 0 3.8 0 -0.580379 -0.733797 0.353131
58.8588 30.1031 26.2852 -2.32048 -0.037414 -3.5 0 -0.0565461 0.0139638 -0.998302
21.0975 33.6465 41.7583 -0.0125832 0 -2.83797 0 -0.796955 -0.062675 -0.600778
33.3766 49.4453 25.5759 -0.0662997 0 4.2 0 -0.218977 0.652856 -0.72514
61.1305 41.3834 22.2752 -0.124152 0 3.8 0 0.0845882 0.526659 -0.845858
50.9711 48.7048 41.5747 0.002357 -0.00713483 -3.73617 0 0.198165 -0.267361 0.943
51.2692 46.8307 40.8563 0.287379 0.0279619 -1.08171 0 -0.108101 0.214056 0.970821
18.851 48.4345 36.3448 0.775649 0.0439034 2.25251 0 0.0083958 0.786022 0.618141
23.5695 18.8056 33.8561 1.83708 0.541676 -3.9 0 0.417581 -0.888628 -0.189649
38.6855 23.0579 38.2616 0.49089 0 -1.6 0 -0.902051 -0.370783 -0.220961
54.2492 25.4685 39.9505 -0.0274973 0 -0.8 0 0.401412 -0.895743 -0.191081
66.6621 47.668 39.4856 -0.672474 0 -3.5 0 0.570561 0.719472 0.396006
65.5903 35.0703 29.2233 0.0115517 -0.119871 -0.4 0 0.374333 -0.658843 -0.652534
64.8794 44.2726 31.6866 -0.217428 0 3.8 0 0.662143 0.702196 0.261701
24.7865 32.7755 22.7745 -0.274766 -0.0412248 -1.51335 0 0.000948989 0.263247 -0.964728
21.368 34.128 40.803 -0.159948 0 -1.3 0 -0.999358 -0.0263629 -0.0242806
42.3358 24.0691 40.2844 -0.130223 -0.757352 3.72288 0 0.52965 -0.729403 0.432945
32.6421 20.6652 47.2124 -0.0935338 0 -4.5 0 -0.0555588 -0.660889 0.748424
39.1586 37.7306 25.2595 -0.637077 0 2.71911 0 0.554481 -0.115419 -0.824154
54.1621 37.0026 26.6525 0.320211 -0.657789 -0.7 0 -0.114708 -0.918248 -0.379029
27.5618 42.596 58.4702 2.75383 0.0510349 -3.9 0 -0.303205 0.133069 0.943588
22.2466 36.7056 32.0645 -0.337463 -0.0404891 3.8 0 -0.0542344 0.997328 0.0489522
21.3687 36.3266 24.084 -0.468341 0 -1.83977 0 -0.568406 -0.127775 -0.812766
34.1869 24.8596 31.7199 0.164663 0 4.2 0 0.616325 -0.732771 -0.288427
64.2718 36.503 32.9044 0.0594259 0 0.482546 0 0.769823 0.303932 0.561247
22.9736 55.4104 46.4351 -1.00114 0 -3.5 0 -0.949717 -0.268396 0.16125
40.4287 44.8512 27.6475 0.212526 0 1.9 0 -0.69063 0.714118 -0.114301
22.4277 56.8983 48.4935 -0.668482 -0.701915 -3.5 0 -0.291396 0.945405 -0.145938
63.6805 48.8645 46.5625 -1.62401 0 -3.5 0 0.103171 0.310322 0.945017
20.9842 37.3459 37.2142 0.966253 0 -4.5 0 -0.307713 0.931363 -0.194616
22.614 53.4101 45.391 -0.336571 0 -3.58084 0 -0.821747 0.543252 0.172074
66.8466 30.1726 30.9759 -0.165626 0 -0.7 0 0.651963 -0.483111 -0.584422
20.0949 28.7138 35.2962 -0.597244 -0.0118984 -0.4 0 -0.917877 -0.0969832 -0.384833
20.9745 38.5301 42.9354 -0.415673 0.146379 -3.68872 0 -0.413033 0.528844 0.741436
38.6315 23.8974 42.3881 -0.702826 -0.141855 -3.5 0 0.356538 -0.909324 0.214499
24.1497 45.4235 54.7624 -0.0615316 0 -0.4 0 0.0513161 0.509936 0.85868
40.5479 54.1916 47.0141 0.263974 0.724649 -3.53456 0 0.0511313 0.710679 0.701655
42.8638 48.3369 29.0829 1.49272 0.422993 -0.662949 0 0.0946825 0.759732 -0.643306
23.0689 20.4678 36.1814 0.653747 0 -3.9 0 -0.528754 -0.47445 0.703787
51.3898 27.6567 38.6385 -0.00323197 0 1.37724 0 -0.319775 -0.76626 -0.557306
36.4896 36.8022 21.79 0.908508 0 1.4411 0 0.820886 0.183469 -0.54082
20.4464 43.6885 34.6401 3.52047 0 -3.9 0 0.132424 -0.692381 -0.709276
18.4429 44.3563 27.2132 -0.109517 0 1.8 0 -0.438353 0.675742 -0.592638
38.1979 29.3931 57.9485 -1.30529 -0.223696 -3.5 0 -0.0377898 0.371043 0.927846
34.0236 46.0029 22.8185 -1.53847 -0.127047 -3.5 0 -0.0546881 0.694352 -0.717555
29.1777 55.5962 41.5257 -0.364649 0 2.8 0 0.432626 0.746413 0.50567
32.3652 16.209 44.7806 0.435563 0 -4.5 0 -0.0744472 -0.471672 0.878626
22.9562 37.1592 31.2642 0.673883 0 3.8 0 -0.461317 0.699175 0.546206
23.0169 26.6909 25.7129 -0.613399 -0.0957698 2.35228 0 -0.488802 -0.319151 -0.811921
33.7959 36.7376 20.9637 3.27504 0 -3.9 0 -0.555787 0.65941 -0.506241
23.9825 42.2315 43.8302 -0.515956 -0.0444778 1.9 0 -0.950353 -0.214049 0.225858
37.0337 23.7089 31.8206 2.0376 0.197653 -3.9 0 -0.914622 -0.400374 -0.0562831
40.3153 51.0662 49.1695 0.926619 0.787332 -3.5 0 0.351892 -0.22856 0.907707
29.6812 58.1669 49.4005 -1.00109 0 -3.5 0 0.0375851 0.358967 0.932593
64.8556 38.1564 27.8194 0.411387 0 3.1929 0 0.612322 -0.080924 -0.786456
41.7129 52.7255 34.7812 0.61765 0.384315 -1.78397 0 0.800922 0.392383 -0.452283
50.892 39.492 51.7336 -1.01211 0 -3.5 0 -0.457409 0.709253 0.536411
61.7701 29.6414 41.087 0.0639928 0 3.95937 0 0.698196 0.0156896 0.715735
44.0187 54.1697 37.3659 0.74231 0.0650716 -3.5 0 0.714172 0.6884 -0.126741
34.7634 30.8758 22.8897 -1.64156 -0.330384 -3.5 0 0.645094 -0.474651 -0.598799
20.0629 31.7014 47.0698 -0.227221 0 -3.9 0 -0.667946 0.0391037 0.743181
39.7132 31.507 30.5182 0.137178 -0.0692461 -4.23107 0 0.884643 -0.285351 -0.368755
36.6803 23.0821 55.1343 -0.837923 0 -3.5 0 -0.0731642 -0.996791 0.0324907
13.8489 33.5698 26.8763 -0.852351 0 -3.5 0 0.283729 -0.121124 -0.951224
50.0258 34.9283 50.2752 0.549092 0 3.8 0 -0.223947 -0.450267 0.864354
49.1955 28.551 44.6888 0.539094 0 3.8 0 0.346437 -0.911701 0.220868
60.3911 42.7031 26.3996 -0.100274 0 3.8 0 0.125052 0.923283 0.363195
58.751 26.1194 38.6618 0.0787022 0 3.8 0 -0.163696 -0.923326 -0.347379
48.6739 46.2501 28.103 0.00777284 0 -0.7 0 -0.342327 0.184496 -0.921289
33.611 14.9417 43.2707 0.511205 0 -4.5 0 0.818116 -0.574785 0.0175656
22.1759 50.2476 47.6454 -0.228395 0 -3.9 0 0.160828 0.287725 0.944113
21.8174 57.2214 50.2265 -2.16215 -0.0605669 -3.5 0 -0.399976 0.91462 -0.0590786
62.5224 28.9025 39.0804 0.08965 0 3.8 0 0.976926 -0.205393 0.0585678
19.128 46.5137 33.3853 0.199292 0 -3.9 0 -0.0826936 -0.289552 -0.953583
35.8246 32.6049 20.0094 0.414346 0 -3.9 0 0.815502 -0.437651 -0.378705
19.4705 35.1992 25.1101 -0.373794 -0.720912 -4.5 0 -0.442876 -0.00736525 -0.896553
48.4204 53.0276 40.218 0.535884 0 -4.5 0 0.194132 0.980793 0.0189119
28.4101 37.3657 55.8824 0.560843 0 1.9 0 0.759888 -0.237 0.605311
58.3587 30.6606 42.3806 0.176009 0 4.5 0 -0.114957 -0.659351 0.742995
40.3695 40.9496 55.3207 -0.349449 0 -3.5 0 -0.788784 0.257853 0.557971
66.4948 30.8273 35.7287 0.430101 0 -3.9 0 0.759052 -0.647456 -0.0681148
53.0922 37.327 51.895 -1.13804 0 -3.5 0 0.642494 -0.652647 0.401564
39.9067 51.6227 30.0723 0.769245 0 -0.4 0 0.618002 -0.182 -0.76482
24.2728 46.1968 27.7598 0.148597 0 -3.5 0 -0.425761 0.85551 -0.294671
32.0971 40.3246 22.2028 0.0320372 0 3.8 0 0.334538 -0.0734706 -0.939514
53.5999 33.7593 48.2784 0.295158 0 3.8 0 0.754503 -0.535883 0.378886
30.858 38.366 48.81 -0.274892 0 1.90562 0 0.804035 0.055417 0.591993
36.0117 49.398 26.9328 0.229256 0 4.2 0 0.701818 0.579528 -0.414244
42.3944 39.0462 35.0852 0.772546 0 -1.6 0 0.832659 -0.527436 -0.16879
35.8507 29.5845 26.7514 0.621726 0.0629169 -3.9 0 -0.376798 -0.905759 -0.19397
24.7367 34.0988 22.3598 -0.656698 -0.086878 -1.3 0 0.255654 -0.582912 -0.771269
40.7948 49.0778 47.401 0.671543 0 -3.5 0 0.433994 -0.195943 0.879349
59.7804 41.4006 22.6936 -0.122724 0 3.8 0 -0.333463 0.281471 -0.899765
42.3153 42.3064 53.7846 -0.627552 -0.560957 -3.5 0 0.175857 0.962639 -0.205912
62.1701 49.6174 43.1119 -0.243047 0 -3.5 0 -0.655121 0.753316 -0.0577262
58.0454 43.1564 52.4721 3.34282 0.119718 -3.9 0 0.15437 -0.0394443 0.987225
47.5938 45.0537 28.3997 0.545942 0 -0.7 0 -0.0598973 0.333962 -0.940681
17.9781 32.3644 33.9925 -0.0950279 0 2.38614 0 -0.87122 -0.318355 -0.373667
21.1086 35.0783 41.0915 0.000546724 0 -1.3 0 -0.934245 -0.0268248 -0.355622
48.6244 49.8988 36.8619 1.19833 0.307072 -4.5 0 -0.11997 0.711706 -0.692157
57.2592 41.6232 25.0806 -0.1396 0 -0.513389 0 -0.64036 0.759405 -0.115078
29.1036 24.2105 32.3007 -0.200357 0 -1.3 0 -0.346249 -0.93396 -0.0884922
21.6141 55.5679 44.118 -0.418015 0 -3.5 0 -0.955224 -0.279938 0.0958234
42.984 26.1057 54.534 -1.15678 0 -3.5 0 0.714072 -0.647358 0.266513
47.913 31.716 31.429 -0.147688 0 4.5 0 -0.158583 -0.921402 -0.354783
66.1967 35.1171 41.2626 0.227416 0 -0.553941 0 0.741795 -0.580196 0.336322
66.927 47.8775 37.6409 -1.80887 -0.826653 -3.5 0 0.286883 0.914997 -0.283688
27.6688 28.2076 23.7274 3.01584 0 -1.6 0 0.833443 -0.487261 -0.260673
41.3941 52.2459 32.7455 1.01028 0.205173 -0.4 0 0.998322 -0.008588 -0.0572612
45.1182 51.73 37.3353 0.578964 0 -0.9 0 0.624114 0.539373 -0.565295
47.7735 35.3145 51.2495 0.458724 0 -3.5 0 0.0587453 -0.965023 -0.2555
49.1915 48.6932 42.4715 0.877801 0 -4.5 0 0.17102 -0.426293 0.888272
38.139 57.6848 43.7488 -0.0922588 0 -1.6 0 0.591776 0.796704 0.122735
43.446 41.5692 25.7695 0.508776 0.809259 -3.5 0 -0.410919 -0.189243 -0.891814
25.1478 45.9622 25.1285 -0.545909 0 -3.5 0 0.134047 0.842333 -0.522021
53.3611 32.1806 29.6873 -0.160505 0 3.8 0 -0.106243 -0.968427 0.225526
27.779 20.4478 39.4404 0.250451 0 -3.5 0 0.16962 -0.76467 0.621698
38.6496 39.8939 53.0211 -1.50844 -0.649188 -3.5 0 -0.869464 0.235082 0.434475
54.1323 38.7204 24.1162 -0.690672 -0.212455 -0.7 0 -0.596934 -0.139219 -0.790119
22.133 55.4209 36.9134 -0.217964 0 1.64414 0 -0.44161 0.851011 0.284186
29.9111 57.4896 45.3079 -0.560623 0 -3.5 0 0.423234 0.480384 -0.768183
40.6524 21.5018 36.111 0.361831 0 -1.6 0 -0.34923 -0.745996 -0.567035
51.6862 37.3679 26.3102 -0.127833 0 -3.5 0 0.200089 -0.499006 -0.843183
58.7601 25.1089 39.8924 0.0192085 0 3.8 0 -0.235147 -0.884475 -0.403002
24.5777 38.5469 32.0805 0.884431 0 4.5 0 -0.941753 0.25878 0.21479
34.7849 43.1992 50.9215 -0.126353 0 4.5 0 0.168973 0.0102464 0.985567
43.6748 33.6545 53.3963 3.34038 0.159196 -3.9 0 0.810829 -0.478662 0.336807
26.0742 48.5003 28.1082 -0.482932 0 -0.7 0 -0.747688 0.359475 -0.558338
56.8505 49.936 41.4935 0.138005 0.0261675 -1.96701 0 0.582613 0.772635 0.252186
41.2033 48.5056 29.865 1.92088 9.73741e-05 -3.9 0 -0.143733 0.540109 -0.82923
54.1674 26.1231 38.5947 -0.0242066 0 0.398458 0 -0.0632039 -0.841286 -0.536883
21.1431 37.317 49.8825 -1.63177 0 4.2 0 -0.980581 0.195761 0.011784
26.6943 25.8164 31.2089 -0.152632 -0.189613 -1.3 0 -0.229215 -0.938472 0.258323
19.1623 41.9145 24.6255 -0.0307656 0 -4.5 0 -0.735532 0.673506 -0.0733682
67.7126 44.6776 40.1499 -0.943224 0 -1.55014 0 0.99024 -0.0815088 -0.113051
48.2708 49.2243 34.7419 0.974292 0 1.8 0 0.45484 0.872127 0.180317
40.1673 53.894 34.5518 0.891162 0 2.4168 0 0.499298 0.866429 0.00150181
16.8215 31.2176 35.2944 -0.0298919 0 2.8 0 -0.749931 -0.358138 -0.556184
27.2441 56.2643 43.7186 -1.0031 0 -3.5 0 0.177315 0.818801 -0.546008
40.8017 24.9031 30.3871 0.957437 0 -3.9 0 0.475202 0.448264 -0.757128
33.1527 54.4067 35.4376 -0.483595 0 1.74948 0 0.188324 0.755106 -0.627972
29.8388 44.3219 21.1109 -0.283574 0 3.8 0 -0.0865164 0.644226 -0.759926
21.0405 51.2463 47.3001 0.464762 0.101318 -3.9 0 -0.208393 0.625952 0.751503
65.3633 30.3 35.5635 0.31933 -0.0672136 -3.67886 0 0.501196 -0.836863 0.220142
23.2619 45.7363 26.6963 -0.332784 0 -3.5 0 -0.479852 0.849263 -0.220213
20.2052 41.6516 39.2715 -0.59596 -0.0806888 -3.58449 0 -0.815125 -0.0555426 0.576617
22.5703 43.3628 30.9311 -0.844264 0 4.2 0 -0.406172 -0.382794 0.829755
40.3475 19.8474 53.1839 0.516298 0 2.5 0 0.665901 -0.5817 0.467121
25.1628 29.6405 41.731 -0.466161 0 -1.3 0 0.406485 -0.902771 -0.14062
41.326 42.2215 55.2799 -0.827498 -0.0170977 -3.5 0 -0.505187 0.841306 0.192328
35.0351 23.3272 55.426 -2.14359 0 -3.5 0 -0.709804 -0.62291 -0.328879
34.2559 49.5826 49.7964 1.44698 0 -3.9 0 -0.246958 0.153381 0.95681
28.1974 25.5231 45.9999 3.38912 0 -3.5 0 -0.885645 -0.435666 -0.160712
63.8018 29.6252 30.2154 0.389383 0 -0.7 0 0.425701 -0.233215 -0.874294
43.2666 23.1418 36.0836 0.644248 0 -1.6 0 0.869066 -0.353469 -0.346099
17.8474 37.0253 28.3943 0.177277 0.874148 -3.5 0 -0.87586 0.313245 -0.367079
27.2337 23.6785 34.1208 0.208791 0 -3.58665 0 0.0431513 -0.606066 -0.794243
40.2751 23.617 52.1964 0.0773674 0 -2.90249 0 0.691302 -0.0838284 0.717687
59.9105 46.9772 34.476 -0.0892795 0 3.8 0 0.783756 0.591889 -0.188133
45.7034 53.1172 49.4147 1.71533 0.0208551 -3.9 0 0.454834 -0.739256 0.496615
41.3355 51.09 31.5145 0.732753 0.621306 -3.12813 0 0.814099 0.444473 -0.373748
41.532 32.369 53.718 2.04529 0.119457 -0.9 0 -0.060087 -0.101865 0.992982
49.6908 52.1624 39.8461 0.257975 0 -4.5 0 0.677558 0.712359 -0.182919
23.415 41.0299 55.0228 -0.309622 -0.802503 -0.0539491 0 -0.412735 -0.113354 0.90377
34.5267 56.3354 38.4203 -0.348974 0 -3.35298 0 -0.626209 0.765904 -0.145787
35.6483 35.2077 24.237 -0.792515 0 4.2 0 0.503587 -0.847334 -0.1686
34.0474 25.8885 29.3219 -0.727233 -0.421412 -1.3 0 0.877516 -0.0369462 -0.478122
42.5926 29.1886 54.1419 -0.371492 -0.0217591 -3.07978 0 0.782606 0.492112 0.381252
41.0115 35.3641 53.6861 0.761664 0.161646 -3.69663 0 -0.638494 0.0414607 0.76851
21.5994 46.9215 53.3223 -1.73678 -0.0717646 -3.5 0 -0.27631 0.703774 0.654488
61.9849 42.4287 24.0247 -0.133923 0 3.8 0 0.515744 0.781163 -0.351841
22.4326 42.4073 51.4743 2.67955 0 -0.748556 0 -0.926425 -0.348448 0.142552
19.7874 53.9794 39.4206 -0.156281 0 1.8 0 -0.819792 0.537222 0.198327
35.86 25.2964 53.0528 -1.16373 0 -3.5 0 -0.939396 -0.110081 -0.324682
63.764 33.0644 43.4079 0.0689129 0 0.953048 0 0.414867 -0.886169 0.206371
18.2501 39.5751 30.9361 -0.598346 0 1.8 0 -0.506565 0.763777 0.400045
45.7425 47.425 44.8555 -1.12429 -0.327141 -3.5 0 0.800766 0.145404 0.58106
41.7964 32.6686 33.5285 0.148143 0 -4.5 0 0.668689 -0.138379 -0.730552
56.314 43.15 51.988 2.5296 0 -3.9 0 -0.636437 0.0692673 0.768212
23.5158 45.375 44.1174 -0.220449 0 4.11176 0 -0.96537 -0.065818 -0.252445
26.9451 23.3059 41.0643 -1.34895 -0.148323 -3.5 0 -0.651117 -0.318008 0.689143
35.3411 39.0424 22.0499 0.0663966 0 4.2 0 -0.255782 0.428865 -0.866401
16.2451 48.5829 37.5614 0.314234 0 -3.9 0 -0.163208 0.573761 0.802597
36.3859 39.0025 47.4254 1.2312 0 4.5 0 -0.187552 -0.721469 0.666563
36.5319 25.3008 31.5555 -0.474231 0.0344985 -2.27405 0 -0.462431 -0.669437 -0.581388
52.6779 46.6897 46.4273 -2.27538 -0.715846 -3.5 0 -0.10561 0.907267 -0.407079
59.232 35.075 46.5865 0.132702 0 1.8 0 0.192241 -0.652352 0.733131
24.7755 20.0195 35.9378 0.197617 0.328083 -3.52934 0 -0.217301 -0.964889 0.147545
41.0802 35.7375 27.4426 -2.2053 -0.21899 -3.5 0 0.416219 -0.881064 -0.224694
62.4405 32.0195 42.6457 0.154128 0 4.5 0 0.352182 -0.767304 0.535923
24.0965 27.0365 39.9564 -2.82671 0 -3.88917 0 0.922604 0.226771 0.312052
24.5875 20.8353 33.8281 1.80713 0 -3.9 0 0.764157 -0.415891 -0.49305
50.0446 40.2284 50.9079 0.333538 0 -0.906303 0 -0.121533 0.355678 0.926673
37.4591 22.4396 30.9754 2.5274 0.0402063 -3.9 0 -0.811637 -0.561661 -0.160569
32.1776 54.286 31.76 -0.58055 -0.0668457 -2.11011 0 0.481291 0.742426 0.466008
38.4852 49.1613 48.3018 0.785914 0 -3.5 0 0.136455 -0.414072 0.899958
21.3364 39.6389 21.2975 0.0511148 0 -4.5 0 -0.515087 -0.380857 -0.767876
21.0201 32.0376 39.4363 -0.0587782 0 -1.25546 0 -0.787956 0.527608 0.31742
23.6154 56.6799 35.7697 -0.152634 0 -0.4 0 -0.0223001 0.996684 0.0782551
31.3425 14.8475 41.5186 0.49673 0.0629391 -4.5 0 0.198067 -0.64435 -0.738636
40.6001 32.3093 53.1317 1.09171 0 -3.9 0 -0.594768 0.35338 0.722062
65.8925 34.2924 42.7686 -1.70211 -0.262811 -0.7 0 0.909622 -0.403429 0.0991607
46.2089 45.2972 40.2546 0.575901 0 2.8 0 0.92981 -0.0680524 0.361692
34.5317 29.7733 26.1874 -1.08575 0 -3.5 0 0.123408 -0.977886 0.16885
31.4469 31.7498 19.5409 -0.0660237 0 -3.9 0 -0.232254 -0.459166 -0.857452
49.7009 43.231 46.3708 0.872996 0.0984047 -1.78195 0 -0.552375 0.694723 0.460698
45.1224 52.2884 44.4289 0.672341 0 -3.9 0 0.867157 -0.327032 0.375618
19.895 49.1353 48.6201 -0.633498 0 -3.5 0 -0.467375 0.42347 0.776037
47.4944 48.7165 42.0391 0.574534 0 -4.5 0 0.00331614 -0.662953 0.748654
55.6283 32.1116 31.7481 -0.0829035 0 3.8 0 -0.722969 -0.69033 0.0275725
51.8871 39.2313 53.1101 -1.73673 -0.0914055 -3.5 0 0.00488507 0.681324 0.731966
28.4269 43.6177 21.3107 -0.324867 0 3.8 0 -0.598912 0.214788 -0.771473
20.3653 22.2799 42.2375 0.931076 0 -4.5 0 -0.855909 -0.515192 -0.044692
60.0477 26.9655 27.3525 -0.335174 0 -3.5 0 -0.061951 -0.816118 -0.574554
55.8994 27.162 41.8645 -0.257054 -0.839932 -0.8 0 0.404719 -0.448586 0.796852
60.442 26.1831 29.9391 -0.173149 0 -3.5 0 -0.171841 -0.984248 -0.0415407
58.8185 44.8531 45.2681 0.215181 -0.120865 3.18837 0 -0.707381 0.272613 0.652146
54.5529 30.4517 34.5562 -0.495796 0 3.38475 0 -0.312671 0.225165 -0.922788
40.7541 20.7242 38.5356 0.275194 0 -1.6 0 -0.0570963 -0.889007 0.454321
38.3704 23.2512 29.2822 2.48581 0.121714 -3.9 0 -0.230728 -0.0422233 -0.972102
34.956 20.2455 47.8145 -0.28631 -0.128383 2.5 0 -0.431912 -0.856162 0.283618
16.5333 32.6384 37.3601 0.0273437 0.0992424 -1.19923 0 -0.928034 0.0488571 0.369279
43.7948 55.7621 49.5212 2.84797 0.621721 -3.9 0 -0.763364 0.525203 0.376081
64.1999 49.7643 42.5591 -0.217822 0 -3.5 0 0.465193 0.78854 -0.402244
18.873 50.7314 45.641 1.93046 0 -3.9 0 -0.643276 0.68424 -0.343528
41.3901 53.2459 31.0544 0.310611 0 -0.4 0 0.871544 0.224469 -0.435918
60.4386 50.7806 35.8165 0.187101 0 -3.5 0 0.227406 -0.462041 -0.857207
20.6772 41.4132 47.617 -2.29269 -0.711793 -3.5 0 -0.594738 -0.197866 -0.779189
19.8554 44.7594 50.0338 -0.607413 0 -3.5 0 -0.834394 -0.509306 0.2107
53.4349 36.5247 49.967 0.0711891 0 -0.276279 0 0.705013 -0.542434 0.456861
56.78 42.884 45.0734 0.41881 0 3.06479 0 -0.137834 0.852745 0.503814
44.3109 47.1891 26.5566 0.332511 0 1.9 0 0.777921 0.620106 -0.10153
52.9823 37.6681 25.4541 0.51365 -0.0186166 -0.7 0 -0.508798 -0.532109 -0.676745
18.2183 28.7245 37.825 -0.554318 0 2.8 0 -0.567089 -0.815909 -0.112705
46.7557 26.456 47.0285 0.635532 0 -4.5 0 0.911349 -0.353001 -0.211737
25.6229 27.9275 45.6291 0.420933 0 -3.5 0 0.344997 -0.719213 -0.603083
66.7207 31.0889 33.7296 0.0581072 0 -0.7 0 0.927642 -0.105036 0.358396
20.4482 39.2838 30.0377 -9.57975 0.637657 1.8 0 0.576198 -0.0596178 0.815133
29.6593 55.7925 29.7835 -1.75463 -0.0811883 -3.5 0 -0.501825 0.823109 0.265826
65.9532 47.2487 42.4442 0.803981 0.701002 -0.8 0 0.723832 0.658086 0.20734
37.0661 29.4635 52.7359 0.305028 0 -0.9 0 -0.652156 0.212528 0.727684
28.412 31.9762 21.4369 -0.189947 0 -3.9 0 -0.506928 0.0929034 -0.856968
36.3536 59.1934 43.0146 0.696114 0.85102 -3.5 0 -0.0480417 0.842244 0.536952
46.4771 36.7488 30.3037 -0.930624 -0.288591 -3.5 0 -0.891265 -0.0524864 0.450436
28.8727 25.8704 50.506 -0.234333 -0.0929304 -3.5 0 -0.383269 -0.447377 0.808059
28.4506 26.6326 42.9517 5.11271 -0.503682 -0.638882 0 -0.948756 0.313982 0.0357311
57.2412 50.044 34.8349 -0.347211 0 2.05758 0 0.763313 0.373004 -0.527468
20.1248 35.9639 42.3119 1.41509 0 -3.9 0 -0.622421 0.104269 -0.775706
58.7397 45.3582 31.1943 -0.129438 0 3.8 0 0.422542 0.397327 -0.81461
63.0164 41.5457 47.3248 0.0700826 0 4.2 0 0.54147 -0.327642 0.774248
24.0637 28.3376 22.9446 0.172043 0 -1.6 0 -0.924127 -0.267133 -0.273185
20.6828 30.043 47.2503 -0.575836 -0.328205 -3.5 0 -0.914892 -0.0354363 0.402141
27.7906 28.1371 41.0214 -1.52438 0 0.713709 0 -0.972542 -0.0761559 0.219915
46.46 40.7043 25.9428 0.617524 0.304818 -3.5 0 0.200298 -0.578871 -0.790436
22.6011 40.2806 50.0199 -5.21625 0 3.25334 0 -0.887771 -0.0623865 0.456039
24.7923 24.9261 40.0262 -0.623124 0 -4.33658 0 0.482994 0.320708 0.814778
38.9024 56.6244 37.7449 -0.245451 0 -3.5 0 0.474916 0.762005 -0.440231
24.0304 26.8454 41.0568 -3.13892 0 -4.5 0 0.959335 -0.0792692 0.270912
20.6705 25.511 35.2985 -0.483575 0 -0.4 0 -0.76616 -0.484405 -0.422316
47.0191 35.1778 49.2277 3.26773 0 3.8 0 -0.761155 -0.459914 0.457298
41.3075 54.6063 40.7337 -0.163942 0 -3.5 0 0.167206 0.984744 -0.0481869
16.7913 33.334 31.9282 -0.133419 -0.860076 1.8 0 -0.46992 -0.617273 0.630991
32.1128 53.7362 33.3763 -0.99125 -0.618634 -1.3 0 0.388337 0.916663 -0.0944652
40.2603 54.2344 30.8177 0.173137 0 -0.4 0 0.359544 0.708367 -0.607408
48.157 50.735 37.5182 1.24823 0.684458 -4.5 0 -0.0182342 0.707501 -0.706477
55.3326 35.3306 27.8605 -0.128046 0 3.8 0 -0.203656 -0.369802 -0.906516
23.8585 56.399 40.394 -0.769805 0 -3.5 0 -0.345572 0.878004 -0.331192
67.548 43.1642 41.3257 -0.198627 0 -0.8 0 0.951033 -0.292277 -0.100551
29.585 54.599 33.5345 -0.992256 -0.020294 -1.3 0 -0.197038 0.971398 0.132522
60.8037 40.0629 22.0704 -0.136284 0 3.8 0 -0.159236 -0.244033 -0.956604
21.7894 45.8563 46.3814 -0.815516 0 0.662187 0 -0.290331 -0.543151 -0.787841
53.777 40.9116 50.3253 0.350867 0 -3.5 0 0.176064 0.632623 0.754182
27.2023 33.1286 53.5718 -0.46791 0 -0.8 0 0.0387748 -0.292597 0.955449
34.372 19.7 46.927 -0.155323 0 -4.5 0 0.449104 -0.779127 0.43734
15.5374 32.5088 31.2033 -0.589104 -0.129879 -3.5 0 -0.308458 -0.414096 0.856375
17.0007 47.2346 37.7124 0.672343 0 -3.9 0 -0.151709 0.242921 0.95811
63.2779 33.1676 46.255 -0.0122134 0 -0.7 0 -0.233756 -0.916875 0.323571
46.7371 50.2355 31.7408 0.296409 0 1.8 0 -0.0241991 0.728426 -0.684697
55.9196 47.6094 44.41 -0.114601 0 -0.7 0 -0.432328 -0.0573928 0.899888
39.8191 24.889 45.3519 0.127452 0.135069 -2.55309 0 0.125412 -0.980264 -0.152819
41.5065 23.9274 34.0026 0.584226 0 -3.9 0 0.832646 -0.439077 -0.33751
34.031 34.0366 50.008 4.72449 0.308834 2.42566 0 -0.771317 0.605124 -0.197217
19.2987 38.0565 24.276 -0.523568 -0.132665 -4.5 0 -0.568638 -0.183581 -0.801841
44.0826 36.1946 46.9327 4.45668 0 -3.9 0 0.0388647 -0.634127 0.772251
32.6941 34.8957 18.9947 0.375498 0 -3.9 0 -0.46229 0.517899 -0.71977
64.4051 39.1959 35.8931 -0.00268786 0 3.8 0 0.499356 -0.476386 -0.723671
24.3501 22.6384 37.6546 -0.320018 -0.0355334 -3.68868 0 -0.970659 -0.155555 0.183369
62.6545 24.0879 32.3909 -0.923736 -0.535953 -3.5 0 -0.388053 -0.882603 -0.26538
34.1797 39.6118 22.822 0.156909 0 4.2 0 -0.0555177 0.285818 -0.956674
45.7159 45.5504 28.2019 0.283322 0 1.9 0 0.514578 0.491668 -0.702476
29.4849 53.594 51.9339 0.107328 0 -0.8 0 -0.033245 -0.188141 0.981579
54.1839 36.1821 27.8028 0.303209 0 3.26636 0 -0.0254617 -0.477048 -0.878508
47.1253 32.4173 32.0215 -0.137621 0 4.5 0 -0.819131 -0.573543 -0.00855044
31.3597 19.4494 44.8454 0.604135 0 -4.5 0 -0.924107 -0.0350405 0.380524
38.5535 40.6616 51.3241 -0.156285 -0.00186363 -3.5 0 -0.77791 0.274143 0.565422
43.2093 32.841 51.9364 3.5352 0 -3.9 0 0.99274 -0.119785 0.0109378
44.5771 43.7094 26.4171 0.263271 0 -3.5 0 0.385268 0.36757 -0.84644
66.1602 36.4048 31.7257 -0.258204 0 -0.4 0 0.681901 0.139482 0.718022
25.3197 40.1881 55.3493 0.168486 0 -3.9 0 -0.574247 -0.134166 0.807614
36.1526 26.8084 56.7242 -0.182829 0.150122 -3.5 0 -0.375735 0.267555 0.887264
54.0848 34.1488 34.604 0.294349 0 3.8 0 0.258049 -0.908952 -0.32744
26.4755 53.9829 35.2972 -0.528966 0 -1.3 0 0.164827 0.980755 -0.104653
67.7581 46.1018 39.5092 -1.34155 0 -3.5 0 0.882847 0.211316 0.419436
46.2914 52.9471 41.9683 0.456798 0 -0.4 0 0.556508 0.77273 0.305266
23.6564 48.8703 42.7958 -0.168975 0 -3.9 0 -0.709508 -0.282724 -0.645497
51.921 30.8218 45.2575 0.649702 0 4.12869 0 0.311604 -0.451389 0.836152
23.8321 35.5869 55.1853 0.372569 0 1.9 0 -0.463076 -0.515421 0.721042
45.1667 23.7737 47.5949 0.806042 0.106004 -4.5 0 0.560757 -0.804698 -0.19497
50.5448 36.0995 26.9592 -0.0892666 0 -3.5 0 0.499251 -0.63265 -0.592032
18.6249 42.5659 26.4758 0.0755548 0 1.8 0 -0.609654 0.280454 -0.741395
60.1578 35.9352 24.6278 -0.140726 0 4.2 0 -0.0940015 0.141485 -0.985467
40.2381 42.2899 52.2778 -0.045604 0 -2.89071 0 -0.698205 0.49319 0.518915
26.9906 26.2098 39.6126 -1.2409 0 -0.4 0 -0.769823 0.537268 0.344552
41.6917 23.1591 50.2644 0.415152 0 -4.5 0 0.608869 -0.746163 0.269294
51.2347 26.5573 40.4608 0.207036 0 -0.8 0 -0.669299 -0.73978 -0.06902
58.4844 44.453 51.351 3.37632 0 -3.9 0 0.532299 0.710914 0.45963
62.1468 26.8748 38.9006 -0.00424267 0 3.8 0 0.727528 -0.647848 -0.225821
52.2026 32.8882 49.7434 0.284296 0 3.8 0 0.21971 -0.87137 0.438683
26.8848 36.9115 56.6362 0.190315 0 1.9 0 0.0818218 -0.397044 0.914145
49.1649 30.2375 36.1539 -0.259502 0 -0.4 0 -0.230237 -0.918057 -0.322741
59.3596 53.0085 37.771 0.207563 0 -3.5 0 -0.521898 0.794218 0.311193
43.4157 32.3221 45.0542 2.12011 0 -3.9 0 0.401487 -0.0680867 0.913331
33.1804 57.0774 47.9019 -0.342452 0 -0.4 0 0.435834 0.830973 0.345735
24.3266 37.775 33.3749 0.930832 0 4.21338 0 -0.877513 0.454717 -0.152329
52.6521 33.3794 32.48 0.133374 0 4.5 0 0.246528 -0.936862 0.248019
31.0257 20.6947 38.3205 0.372344 0 2.5 0 -0.124077 -0.991765 0.0317465
31.847 35.109 20.6801 0.526296 0 -3.9 0 -0.211603 0.900804 -0.379178
28.9602 48.0191 26.3994 -0.116582 -0.876412 -0.7 0 -0.297651 0.0497463 -0.953378
48.6953 49.0942 35.7955 0.991007 0 -4.5 0 0.0293842 0.929052 -0.368779
59.3202 33.4078 43.9988 -0.178679 0 4.5 0 0.162988 -0.515429 0.84129
65.9685 38.4577 28.8888 -0.194692 0 3.54374 0 0.772221 0.265257 -0.577333
30.3129 54.8254 27.5477 -1.833 -0.163156 -3.5 0 -0.181208 0.358491 -0.915777
63.404 40.5521 25.3493 -0.132018 -0.559766 3.8 0 0.790429 0.120301 -0.600624
52.0646 43.6084 49.6239 -0.0660881 0 -3.5 0 -0.368947 0.0717409 0.926678
34.0097 35.1471 18.5007 1.13323 0 -3.9 0 -0.176349 0.290595 -0.940455
31.6376 36.9665 46.3008 0.350663 0 2.72622 0 0.678034 -0.0927458 0.729156
31.7613 56.7459 46.2205 -0.845435 0 -1.22462 0 0.279616 0.493485 -0.823582
42.0136 42.0145 50.7282 0.264629 0 2.5 0 0.95724 0.175322 0.230117
48.4544 42.4981 49.1534 0.380316 0 -0.8 0 -0.38412 0.864394 0.324461
39.5943 19.3186 51.9004 -0.235048 0 2.5 0 0.193291 -0.973103 -0.125339
63.1876 51.8071 38.0828 -1.79647 -0.874485 -3.5 0 0.96678 0.19854 0.160992
34.1522 16.7118 43.2668 0.434833 0.185379 -4.5 0 0.944895 -0.244534 -0.217663
37.2904 55.0018 35.784 0.712458 0 -2.50689 0 -0.0905153 0.666955 -0.739579
53.3979 34.5914 49.7024 0.20549 0 3.8 0 0.83708 -0.190243 0.512937
65.5445 46.6472 36.8787 -0.858531 0 -3.5 0 -0.0300337 0.176771 -0.983794
56.5249 33.1792 29.4478 -0.327135 0 3.8 0 -0.161255 -0.688384 -0.707195
55.6742 42.9808 50.4899 1.66874 0.00118335 -3.9 0 -0.783995 0.0729509 0.616465
39.1646 20.7652 54.0382 0.584297 0 2.5 0 0.0532986 0.0308025 0.998103
38.8558 56.5831 47.0289 0.227041 0 -1.6 0 0.589384 0.482744 0.647754
50.4897 44.2965 42.7822 0.546828 0 1.9 0 0.086536 0.973715 0.21069
53.8884 41.9095 49.4664 0.852471 0 -3.5 0 -0.00839154 0.253404 0.967324
19.202 34.9141 38.9436 0.381474 0.455269 -4.5 0 -0.354434 0.00101467 0.93508
38.5416 52.5345 28.9482 -1.69425 -0.121282 -0.4 0 0.188938 0.248597 -0.950001
65.694 39.86 33.1245 -0.296062 -0.0921102 3.8 0 0.712891 -0.141933 0.686761
16.497 29.7013 37.1835 -0.2123 0 2.8 0 -0.699505 -0.687818 -0.193906
21.3954 36.4649 40.9867 -0.408304 -0.261694 -2.64661 0 -0.955863 -0.0318321 -0.292083
33.4533 39.6155 49.3568 0.588638 0 4.5 0 -0.0238606 -0.869723 0.492964
37.7419 23.0963 32.7303 1.05283 0.676124 -3.9 0 -0.515114 -0.756048 0.403794
65.2295 39.6951 26.9587 -1.90449 -0.0335227 3.8 0 0.831221 -0.252075 -0.495509
59.5574 43.3747 23.8398 -0.113535 0 3.8 0 -0.166867 0.762188 -0.625479
25.2241 45.5523 53.8434 0.0224626 0 -0.4 0 0.522563 0.717905 0.459935
41.731 42.9658 26.073 -0.431647 0 1.9 0 0.245831 -0.233765 -0.940702
61.7587 42.7799 36.1709 -0.189588 0 3.8 0 0.183646 0.933392 -0.308306
60.0315 53.9736 36.3299 0.747685 0.125424 -3.5 0 -0.505887 0.862496 -0.0133989
41.4904 30.4656 34.4098 -0.255748 0 -4.24554 0 0.527724 -0.18973 -0.827955
56.49 30.6765 31.82 -0.105108 0 3.8 0 -0.741122 -0.539662 -0.399378
34.286 56.1276 41.1074 -0.0534397 0.70147 -3.5 0 -0.967865 0.134714 0.212343
18.8895 34.6781 45.5881 0.645718 0 -3.9 0 -0.83971 0.0490063 0.540819
45.7615 24.6425 46.192 0.644714 0 -4.5 0 0.516418 -0.648303 -0.559478
40.2545 26.0788 56.5934 -0.156333 0 -3.5 0 0.223742 -0.518186 0.825483
19.6025 36.1921 38.4216 0.646 0 -4.5 0 -0.495449 0.567971 0.657221
25.1489 55.7526 36.9777 -0.255684 0 -0.4 0 0.264696 0.964143 0.0191126
37.1098 39.1997 21.9074 -0.0383631 0 4.2 0 0.482167 0.0801832 -0.872402
65.4444 41.9904 43.834 0.0769953 0 -0.8 0 0.470334 -0.442923 0.763286
33.1968 51.7144 49.5433 0.148249 0.194099 -3.48896 0 -0.157167 -0.142891 0.97718
19.4222 37.3744 42.8009 2.35488 0.534566 -3.9 0 -0.687369 0.421386 -0.591572
67.2959 35.0045 37.2948 1.99341 0 -3.36221 0 0.961433 0.0574156 -0.26898
30.3894 39.1777 22.2929 -0.543949 -0.433003 3.8 0 0.0877926 -0.0605287 -0.994298
32.3294 43.1354 21.6791 -0.884737 0 -3.5 0 0.0608968 -0.173532 -0.982944
28.8729 16.9429 42.0998 0.751659 0.159377 -4.5 0 -0.981636 0.122662 0.146099
44.5404 42.9268 49.0407 0.8257 0 -3.5 0 0.676597 -0.158086 0.719184
46.8853 36.096 32.9916 -0.904156 -0.251193 -3.5 0 -0.829094 -0.32823 -0.452625
24.3954 41.9664 32.8594 0.640485 0 2.9588 0 -0.941721 -0.302667 -0.146811
40.1908 37.4199 53.3621 0.251118 0 -3.5 0 -0.6185 -0.446725 0.646447
59.4567 27.2139 42.3806 0.0523987 0 3.8 0 0.0818506 0.134856 0.987479
61.0306 28.2739 27.0562 -0.409891 0 -3.5 0 0.510231 -0.24396 -0.82471
60.5143 39.8442 47.1478 0.205662 0 -3.9 0 0.749483 -0.20577 0.629233
33.3685 37.5504 46.158 1.4694 0 -0.9 0 -0.0850173 -0.249733 0.964575
24.6986 44.1644 54.8935 -0.186916 0 -0.4 0 0.279746 0.37606 0.883358
25.3193 58.9451 43.9771 -2.32555 -0.0494146 -3.5 0 0.470737 0.782154 -0.408218
42.7231 54.0796 47.7953 0.649527 0 -3.9 0 -0.57717 0.263598 0.772911
21.069 45.9921 33.2986 0.467428 0.0866855 0.201759 0 -0.399885 -0.715739 -0.572547
49.233 45.7291 39.6577 0.582624 0 -2.26292 0 -0.711183 -0.196202 0.675073
63.9559 44.2038 29.7206 -0.172566 0 3.8 0 0.248967 0.634138 -0.732041
63.8931 46.4562 36.8815 -0.270071 0 -3.5 0 -0.169162 0.191739 -0.966758
62.9622 39.2627 43.8476 0.614826 0 1.52686 0 0.836991 0.0488056 0.545036
67.482 40.496 36.787 -0.266519 0 3.8 0 0.915531 -0.294144 -0.274375
39.9776 55.4702 38.9852 -0.543797 0 -3.5 0 0.588278 0.80098 0.111176
21.4529 38.0557 53.208 -1.57291 -0.594664 1.9 0 -0.935826 0.222255 0.273556
41.5949 55.5139 44.8051 -0.334899 0 -3.9 0 0.0421916 0.986375 0.15901
51.1916 44.8623 48.7581 -0.876209 0 -3.5 0 -0.945154 0.00201919 0.326618
62.7668 53.4636 36.049 0.87441 0.887138 -3.5 0 0.805283 0.471475 -0.359486
36.825 48.7176 26.9974 0.117871 0 4.2 0 0.787497 0.383629 -0.482366
41.1929 46.71 26.2463 0.649038 0 1.9 0 -0.822235 0.434044 -0.368152
27.6541 19.878 38.0157 0.289196 0 -3.5 0 0.39128 -0.848011 0.357458
65.8255 34.4251 39.4899 0.730954 -0.0325064 -0.0384385 0 0.67639 -0.537265 0.503828
25.8657 22.7472 33.7238 0.158244 0 -3.9 0 0.570389 -0.376212 -0.730151
25.6777 54.563 34.7497 -0.0647339 0 -0.4 0 0.721138 0.653619 -0.229657
12.723 36.6686 28.7621 -2.07798 -0.425879 -3.5 0 -0.22282 0.898399 0.378457
49.4509 33.0498 47.9129 1.85076 0 3.8 0 -0.0823528 -0.751529 0.65454
21.9449 54.8025 38.4069 0.32447 0 1.8 0 -0.443039 0.896435 -0.0109457
51.3194 35.0474 28.0296 -0.161354 0 2.54513 0 -0.10802 -0.489853 -0.865087
59.9837 41.7151 48.9699 0.479362 0 -3.9 0 0.847309 -0.141552 0.511889
57.4576 32.5799 29.1922 -0.477047 0 3.8 0 -0.757647 -0.308879 -0.574947
66.5062 31.4976 38.2404 1.2466 0 -3.9 0 0.548039 -0.566994 0.614956
28.0854 54.9548 51.212 0.645504 0.131812 -0.8 0 -0.365045 0.161922 0.916801
45.1595 39.5163 53.1005 0.534191 0 -3.5 0 0.420117 0.899984 0.116316
34.5716 18.1079 44.265 0.8093 0 -4.5 0 0.952604 -0.230547 0.198476
43.0761 22.8579 37.7101 0.82914 0 -1.6 0 0.882034 -0.423689 0.206165
20.4683 37.9967 41.6819 -0.657976 0.0112986 -3.51437 0 -0.957165 0.0371934 -0.287143
52.1024 36.6719 51.449 -0.995906 0 -3.5 0 0.0621803 -0.851907 0.519988
60.5164 25.2967 33.893 -0.0874129 0 -3.5 0 -0.490262 -0.861174 -0.134249
34.8864 38.3549 47.0843 1.81689 0 4.5 0 -0.13839 -0.535092 0.833381
15.6125 33.959 31.8971 -0.0773908 0 -3.5 0 -0.590742 -0.0455362 0.805575
33.9275 18.5571 45.8309 0.244918 0 -4.5 0 0.618522 -0.473044 0.627423
63.9259 41.8066 46.5446 0.0720428 0 4.2 0 0.811694 -0.19822 0.549419
36.2668 43.9541 22.6143 -1.0219 0 -3.5 0 0.800185 -0.0476083 -0.597861
65.147 36.5508 44.785 -0.104351 0 -0.7 0 0.830084 0.512882 0.218889
43.2071 55.756 45.9359 0.253913 0 -3.9 0 -0.160258 0.978879 -0.126938
41.7389 24.2719 31.1997 0.902037 0 -3.9 0 0.956694 0.0707808 -0.282358
35.4345 51.8732 50.0863 2.50656 0.201503 -3.9 0 0.157069 0.226318 0.961306
16.4303 33.2777 35.0267 0.39874 0.423412 -3.5887 0 -0.858777 -0.423043 -0.289025
38.1746 31.5555 24.3743 2.35511 0.324751 -3.9 0 0.353874 0.196539 -0.91441
31.159 15.5485 44.214 -0.169663 0 -4.5 0 -0.477315 -0.332803 0.813273
19.9075 49.0373 43.927 0.79587 0 -3.9 0 -0.364861 -0.288242 -0.885321
46.4848 30.7831 47.3566 1.20334 0 3.8 0 -0.0263144 0.742724 0.669081
29.2329 22.451 43.8629 0.00469057 0 -0.8 0 -0.626543 -0.758609 0.178764
58.0095 25.258 35.2257 0.0481769 0 1.8 0 0.396677 -0.917952 -0.00348204
40.1404 35.5238 28.8057 -0.97809 -0.163437 -3.5 0 0.532947 -0.807095 -0.254096
44.5135 33.3828 45.4383 2.37011 -0.585325 -0.743951 0 -0.219789 -0.381487 0.897864
18.9498 35.7647 45.5303 1.82728 0.0161815 -3.9 0 -0.716033 0.0965119 0.691362
45.9788 41.8841 25.1661 0.669119 0.209207 -3.5 0 0.367411 0.142774 -0.919035
21.2969 42.1436 50.0566 -6.09617 -0.196643 -3.5 0 -0.651011 -0.267566 0.710347
54.2733 50.6134 42.894 0.424691 0.259474 -3.5 0 -0.266589 0.64034 0.720344
21.9767 42.2581 46.9582 -1.24265 -0.232711 -3.5 0 -0.551789 -0.00674775 -0.833957
21.5252 29.546 25.6931 -0.3428 0 2.8 0 -0.710355 -0.185435 -0.678977
33.1966 54.057 45.0087 0.0519121 0.167913 -0.4 0 -0.330479 0.52101 -0.786977
18.4221 45.7588 38.0672 -0.176489 0 -3.9 0 -0.296849 -0.114463 0.948039
58.3784 43.2464 46.0778 0.27325 0 -1.97999 0 -0.579914 0.81325 0.0482151
31.7092 53.3732 51.0704 0.118695 0 -0.8 0 0.50804 -0.280045 0.814537
64.3067 41.6392 44.8621 0.118814 0 4.2 0 0.736092 -0.534371 0.415472
62.712 45.4092 37.1744 -8.53837e-05 0 -3.5 0 0.0383539 0.00455762 -0.999254
37.9309 54.3122 32.6586 -0.555461 -0.307454 2.5 0 -0.391474 0.879681 -0.270016
21.54 37.3444 23.6984 -0.260871 0 -3.84151 0 -0.60988 -0.385928 -0.692175
20.9142 44.8541 47.2643 -1.16737 -0.469736 -3.5 0 -0.463797 -0.530284 -0.709712
20.6174 37.1368 38.4741 0.118909 0 -4.5 0 -0.662092 0.719662 0.209098
19.9897 27.9228 29.0297 -0.782552 -0.943836 2.78065 0 -0.839311 -0.531163 0.115861
25.8824 45.3978 51.9264 0.134702 -0.223564 -0.588322 0 0.402144 0.781101 0.477662
25.497 26.562 47.878 -2.90029 0 -3.5 0 0.393056 -0.779365 0.487953
20.312 53.0918 40.6876 -0.141947 0 1.8 0 -0.776796 0.0252709 0.629245
19.7641 26.1127 27.8745 -2.94731 -0.5106 2.8 0 -0.99299 -0.00105967 -0.118194
28.6303 22.9545 48.9154 -0.312029 0 -3.5 0 -0.775694 -0.598126 0.201356
31.7809 22.8395 35.9743 -1.26293 -0.181425 -0.0744604 0 0.510668 -0.733077 -0.44924
61.6159 32.0934 29.8078 -0.823059 -0.788141 3.69034 0 0.0921761 -0.120123 -0.988471
24.6647 25.8945 46.8102 -0.310837 0 -3.5 0 0.808879 -0.58794 0.00640119
20.9459 51.3899 39.88 -0.101808 0 1.8 0 -0.52562 -0.79639 0.299143
52.7645 28.2332 35.2967 0.091148 0 1.8 0 -0.272413 -0.780174 -0.563133
39.3287 31.2811 26.4004 1.38007 0 -3.9 0 0.899671 0.261202 -0.349807
66.4741 35.0899 36.227 2.76644 -0.0869173 -0.379071 0 0.53916 0.501244 -0.676802
62.723 31.2011 40.59 0.0905754 0 4.5 0 0.635362 -0.643346 0.427108
63.0323 23.8298 34.2434 -0.220583 0 -3.5 0 -0.0324286 -0.95677 0.289031
48.6515 37.521 53.156 -0.509157 0 -3.5 0 0.309589 0.937164 -0.16087
19.6501 25.1128 36.8315 -0.100206 0 -0.4 0 -0.813018 -0.539877 -0.218025
21.8575 29.3549 32.6595 -0.594439 0 0.21524 0 -0.43938 -0.85046 -0.289247
28.3255 54.4543 33.3397 -0.843355 0 -1.3 0 -0.293499 0.95553 -0.0286605
60.4354 26.6138 37.3984 -0.361661 0 0.776707 0 0.0938632 -0.994412 0.0483195
44.4023 56.2428 47.7691 1.52697 0.0184972 -3.9 0 -0.270986 0.962582 0.00141101
63.3416 31.1074 39.1704 -0.00849839 -0.136832 -0.0831666 0 0.601243 -0.668231 0.438148
54.3741 44.5505 43.9707 -0.12675 0 4.5 0 0.0701627 0.794425 0.603296
55.7555 51.0251 41.9717 0.397953 0 -3.5 0 0.359405 0.798474 0.482977
64.2286 36.6685 35.5136 0.0024271 0 4.2 0 0.487268 0.323359 -0.811177
46.6072 54.677 49.8514 3.96462 0 -3.9 0 0.866965 -0.0804529 0.491833
55.9854 32.081 34.1242 0.341591 0 3.8 0 -0.927937 0.223075 -0.298614
23.4755 36.939 33.0895 0.499079 0 3.8 0 -0.363957 0.92836 -0.0753837
28.7969 33.6142 21.3191 -0.235409 0 -3.9 0 -0.672598 0.104741 -0.732558
55.2368 28.6046 42.1284 0.184476 -0.799855 -0.453882 0 0.450473 -0.118977 0.884827
32.2739 48.8984 25.5502 -0.158763 0 4.2 0 -0.412217 0.611613 -0.675282
32.7646 56.0089 37.6847 -0.693882 0 2.8 0 0.313484 0.947614 -0.0612876
58.4045 47.4635 44.2926 -0.609998 -0.298138 -0.7 0 0.278206 0.229879 0.932608
33.7234 34.2424 48.5854 10.4557 0.628735 3.8 0 -0.556301 0.698857 0.449586
34.8594 48.5701 50.2207 0.437311 0 -3.9 0 0.0363235 0.0796141 0.996164
20.5338 51.0344 43.986 0.356687 0 -3.9 0 -0.448453 0.548136 -0.706001
33.8433 24.8335 40.8893 -0.0689598 0 2.5 0 0.564075 -0.786618 -0.2511
61.237 37.1569 25.0755 -0.115444 0 4.2 0 0.307348 -0.0728838 -0.948802
27.3614 25.6332 49.1679 -0.301367 0 -3.5 0 -0.761986 -0.514738 0.392967
58.3349 32.3019 27.3278 -0.545427 -0.0254262 3.78738 0 -0.675581 -0.0266175 -0.736805
59.0137 49.15 35.789 0.15617 0 -2.75101 0 0.613697 0.105429 -0.782471
39.9938 55.8487 45.1707 -0.203624 0 -1.6 0 0.511981 0.850409 0.12116
27.3732 50.655 26.8277 -0.446739 0 -0.7 0 -0.524147 0.311105 -0.79277
38.9826 45.0429 47.5922 0.158994 -0.750669 4.5 0 0.069081 0.787034 0.613029
50.3695 32.3739 32.5941 0.113618 0 4.5 0 0.312566 -0.909018 -0.275662
23.6151 26.5368 42.2179 -0.853902 0 -4.5 0 0.991816 -0.0996416 0.0798225
39.6487 39.8251 25.441 -0.144965 0 -3.5 0 0.471381 0.112414 -0.874736
52.3271 26.5249 39.1081 0.100086 0 -0.8 0 -0.38122 -0.680403 -0.625878
45.5504 38.993 34.8839 -0.911847 -0.26609 -3.7237 0 -0.868603 -0.453083 0.200613
59.4331 49.5007 40.7212 0.242146 0 -3.5 0 -0.0238991 0.731967 0.68092
59.5587 44.422 48.2103 0.244932 0 -3.10609 0 0.349513 0.909823 0.223747
39.6435 20.4019 50.2195 -0.288897 0 2.5 0 0.542368 -0.653835 -0.527576
53.9488 51.7723 33.5241 0.114358 0 1.8 0 -0.104491 0.921431 -0.374228
47.9626 43.0253 45.1693 1.35829 0.0578242 1.9 0 -0.52491 0.684381 0.506055
23.6094 43.6006 45.1729 -1.34882 -0.84491 1.9 0 -0.959107 -0.118553 -0.257019
40.0397 22.1101 49.4354 -0.00460352 0 -4.14351 0 0.693474 -0.660125 -0.288666
20.8566 37.7667 45.0766 3.61774 0.0327887 -3.9 0 0.0591988 0.958893 0.277526
67.4899 39.7559 37.7798 -0.643943 -0.0893738 0.867553 0 0.750459 0.116019 -0.650654
23.1126 22.5456 46.3302 0.879516 0.00551239 -4.5 0 0.152577 -0.691563 0.706017
46.5197 22.8981 38.7739 2.5288 0 -3.9 0 0.0661865 -0.9672 -0.245242
26.8228 36.6749 20.9488 -1.22163 -0.02308 -3.5 0 0.137475 -0.264098 -0.954648
25.2509 53.8543 51.5135 -0.606778 -0.602005 -3.5 0 0.374703 -0.409356 0.831881
28.1955 56.218 50.8165 0.639371 0.536389 -0.8 0 -0.253673 0.681063 0.686879
32.5226 52.6267 50.0712 -0.0303197 0 -0.8 0 0.437889 -0.279384 0.854516
66.8385 36.7718 28.8616 -0.110103 0 -0.4 0 0.840483 -0.13925 -0.52364
34.0255 53.344 43.6825 -0.636092 0.693054 -0.966832 0 -0.584386 0.789343 -0.188232
26.0256 28.1208 37.4984 -4.47313 -0.180345 -0.591294 0 0.0907746 0.151446 0.984289
59.4793 42.786 29.8086 -0.152847 -0.0663361 1.8 0 0.440792 0.812456 -0.381599
47.7079 47.3869 29.5143 -0.0310895 0 -0.7 0 -0.227645 0.702741 -0.674043
43.6685 49.634 35.0865 0.68868 0 -0.9 0 0.130914 0.7581 -0.638863
60.7369 25.7153 35.2562 0.177735 0 -3.5 0 -0.211264 -0.89309 0.397187
21.5635 51.779 41.849 -0.231495 0 -3.9 0 -0.887778 -0.374604 0.267436
41.007 22.759 33.905 0.335767 0 -1.6 0 0.27676 -0.957239 -0.0842427
24.253 24.0895 32.024 -0.260188 0 -3.9 0 -0.00154892 -0.101017 -0.994883
15.969 45.5068 35.8723 0.536833 0 -3.9 0 -0.811571 -0.575461 0.100977
60.7415 45.252 32.2235 -0.170802 0 3.8 0 0.551975 0.665865 -0.501943
61.9114 43.4911 30.0235 -0.188751 0 3.8 0 -0.354602 0.6826 -0.638995
49.6478 37.5141 53.033 -0.266124 -0.806722 -3.5 0 -0.237067 0.767712 0.59533
64.7586 30.7518 37.9271 0.779081 0 -3.9 0 0.312711 -0.770035 0.55611
34.6623 30.8176 51.4066 0.392404 0 -1.6 0 -0.341533 -0.31714 0.884747
38.4153 29.3297 27.7876 0.822213 0 -3.9 0 0.592357 -0.803561 -0.0583246
36.3199 34.9686 20.2916 2.34365 0 -3.9 0 0.959696 -0.0338043 -0.278999
25.5854 53.9799 33.0649 -0.582825 -0.0940617 -0.4 0 0.486084 0.769616 -0.414021
24.4011 52.8254 50.4251 -0.445307 0 -3.5 0 -0.200601 -0.807214 0.555127
42.744 36.762 28.7105 -1.363 0 -3.5 0 0.967949 -0.249614 -0.0276983
30.9679 55.4427 35.5184 -0.522807 0 2.8 0 -0.0271253 0.613258 -0.789417
58.5175 44.6135 50.234 2.13145 0 -3.9 0 0.341819 0.939742 0.00671844
52.0524 47.5088 29.5784 -0.170753 0 1.08925 0 0.00226198 0.809405 -0.587246
21.0565 27.0133 49.6768 -1.93243 -0.836361 -3.5 0 -0.856244 -0.261264 0.445631
42.4605 23.2537 35.2285 0.819865 0 -1.6 0 0.638408 -0.356648 -0.682084
41.356 31.1518 54.2593 0.265344 0.0858777 -1.50693 0 0.354625 0.695989 0.624372
24.6349 47.2993 28.9312 -0.176691 0 -0.201855 0 -0.477361 0.663244 -0.576397
27.3899 48.2598 26.7383 -0.110738 0 -0.7 0 -0.42295 -0.0784534 -0.902751
64.598 42.929 33.254 -0.262238 0 3.8 0 0.64062 0.521521 0.56358
47.4518 33.2048 47.2235 2.6315 0 3.8 0 -0.48799 -0.556644 0.672319
63.18 50.017 37.999 -0.420438 -0 -3.5 0 0.905985 -0.11132 -0.40841
23.7956 25.2896 41.2954 -0.00622922 0 -4.5 0 0.927531 0.0323651 0.372342
49.312 37.668 54.5445 -0.639958 -0.367549 -3.5 0 0.956327 0.211947 0.20129
42.9327 23.002 49.1856 0.865308 0 -4.5 0 0.109162 -0.993414 0.0348147
64.0888 37.9207 44.1135 -0.0395797 0 0.0447587 0 0.707562 0.521582 0.476769
55.3725 51.463 40.4847 0.754516 0.255378 -3.5 0 0.160923 0.972581 0.167897
42.2098 32.4164 47.5047 1.95689 0 -3.9 0 0.998615 -0.0332274 0.0407861
22.1774 40.6837 42.5514 -1.23306 0 -3.5 0 -0.405656 0.28962 0.866927
19.7209 26.8442 36.0967 -0.102149 0 -0.4 0 -0.952434 -0.0758909 -0.295145
45.3763 38.9905 35.9982 0.679675 0 -3.9 0 -0.663651 0.18504 -0.724795
46.0498 45.241 41.6113 0.561299 0 2.8 0 0.931124 0.194964 0.308216
30.0542 25.7843 27.998 -1.14009 0 -1.3 0 -0.049286 -0.541142 -0.839486
44.5639 31.5572 45.2296 2.13233 0 3.8 0 -0.388817 0.396665 0.831551
39.8575 24.4985 29.9305 2.1656 0 -3.9 0 0.127191 0.345973 -0.929583
47.4796 41.2356 48.7659 0.807792 0 -0.8 0 -0.726929 0.662623 0.180293
64.1988 43.5645 45.7746 0.545561 0.529768 4.2 0 0.778334 0.137064 0.612707
37.8609 38.0871 23.3561 -0.0332374 0 4.2 0 0.83839 -0.14927 -0.524234
45.7234 24.4854 49.0429 0.750951 0 -4.5 0 0.810395 -0.510653 0.287216
44.463 36.5243 35.017 0.353662 -0.12585 -3.73875 0 -0.281104 0.0817382 -0.95619
43.8219 53.6534 49.0289 1.64585 0 -3.9 0 -0.750625 -0.245055 0.613604
36.5394 46.8429 27.1424 0.18242 0 4.2 0 0.956454 -0.215435 -0.196935
58.8109 50.4704 40.0758 0.155797 0 -3.5 0 -0.0259528 0.595347 0.80305
42.5518 37.7867 31.0639 0.0270506 0 -0.4 0 0.835773 -0.548083 0.0330082
15.6741 47.1034 37.1652 1.2265 0 -3.9 0 -0.688685 -0.208166 0.694535
28.9102 25.5601 28.1576 -0.774027 0 -1.3 0 0.296755 -0.687704 -0.66257
56.7393 40.916 23.7623 -0.130768 0 -0.7 0 -0.147831 0.675106 -0.722757
27.8085 26.1145 41.763 -1.23578 0 -0.4 0 -0.878847 0.341958 0.332706
22.2794 38.7215 50.4697 -3.11667 0 2.46147 0 -0.845123 0.475412 0.244438
44.9455 41.8138 47.1926 1.2249 0 -3.5 0 0.736264 0.608319 0.296419
27.1274 39.2008 56.4821 1.01048 0 -0.879569 0 0.0184977 -0.092336 0.995556
57.8719 35.9855 47.0432 0.275297 0 1.8 0 0.210551 -0.199847 0.956938
28.1575 57.4208 45.0798 -0.443166 0 -3.5 0 0.0392023 0.73595 -0.6759
31.7219 39.5547 48.7741 -0.0499392 0 4.5 0 -0.288146 -0.183798 0.939782
56.8172 31.8361 43.6066 0.183379 0 4.5 0 0.319109 -0.656037 0.683948
23.8811 46.8362 42.969 0.110422 0 1.9 0 -0.9717 -0.0163266 -0.235655
54.9116 51.5972 35.0371 0.101847 0 1.8 0 0.119745 0.971462 0.204751
55.9129 42.074 27.8516 0.279775 0 1.8 0 -0.0737828 0.644854 -0.760737
39.8828 39.7661 54.3493 -0.226276 0 -3.5 0 -0.787672 -0.113548 0.60554
17.6506 49.4383 35.8418 2.96075 0 -3.9 0 0.241142 0.691919 0.680514
38.9949 30.1239 54.867 0.199222 0 -3.00772 0 -0.411893 0.903876 0.11555
23.9417 47.4349 41.7814 0.148441 0 1.9 0 -0.982128 0.171141 -0.0783226
55.3989 37.795 48.2402 -0.0746941 0 -3.5 0 0.577746 -0.554212 0.599215
23.6261 24.0861 42.1699 1.98309 0 -4.5 0 0.963735 0.207823 0.167405
36.3126 27.2576 53.1965 0.0628228 -0.122606 -1.3905 0 -0.923484 0.349951 0.157199
46.4244 54.8252 47.0169 1.32969 0 -3.9 0 0.885259 0.278334 -0.372621
61.2955 48.9167 42.7553 -0.121102 0 -3.5 0 -0.46036 0.861121 0.215732
20.8125 37.372 46.8475 0.311305 0 4.2 0 -0.906213 0.422761 0.00714691
34.5336 23.3918 50.1564 -0.618396 0 1.8 0 -0.282525 -0.143057 0.948533
29.4831 47.3015 25.81 0.149146 -0.240147 -2.82033 0 -0.351213 0.562359 -0.7486
20.8757 40.9985 21.2176 0.670204 0 -4.5 0 -0.469142 -0.0618572 -0.880954
27.0325 53.6572 32.7554 -0.88423 0 -1.3 0 -0.243195 0.95542 -0.167419
63.4043 37.7038 34.9865 0.120024 0 4.2 0 0.937467 0.180085 -0.297869
34.5671 19.3626 42.7239 0.183255 0 -4.5 0 0.738993 -0.0261039 -0.673207
29.0441 23.4854 33.8824 -1.53178 -0.324629 -3.5 0 -0.292879 -0.731457 -0.615786
61.1281 34.3379 44.934 0.00233968 0 -0.7 0 -0.248447 -0.775582 0.580298
31.9265 20.5385 41.918 0.0225046 0 -4.5 0 -0.246762 -0.283122 -0.926796
19.1694 29.512 43.3039 -0.316166 -0.0140957 -3.9 0 -0.870133 -0.48768 -0.0709631
55.3538 27.4535 33.9241 -0.0179719 0 1.8 0 -0.586064 -0.102064 -0.803811
42.1131 34.1872 33.9647 1.09879 0 -4.5 0 0.753989 0.055694 -0.654521
54.18 40.323 25.061 -0.35677 0 -0.7 0 -0.569982 0.672012 -0.472779
26.6815 29.8156 40.3873 -2.13247 0 1.9 0 -0.455714 -0.855967 -0.244225
62.1705 49.6273 39.7311 -0.320414 -0.809083 -3.5 0 0.596875 0.692757 0.404756
53.591 45.773 45.671 -1.20983 -0.0186239 -3.5 0 0.598981 0.612242 -0.516122
36.796 20.3993 48.7215 -1.07752 -0.505895 2.5 0 0.205239 -0.873094 -0.442248
50.9376 41.1965 26.1002 0.181726 0 1.8 0 -0.060907 -0.0507726 -0.996851
50.4697 42.7564 48.9107 0.248849 0 -3.36905 0 -0.298623 0.7299 0.614874
20.2953 51.5281 45.4846 0.817198 0 -3.9 0 -0.503476 0.855518 -0.120836
50.5798 50.8416 40.5912 0.148659 0 -4.5 0 0.449247 0.78986 0.417491
44.5186 52.6024 38.6281 0.277641 0 -2.52099 0 0.78324 0.621709 -0.0037649
37.1704 48.5803 48.8523 0.944491 0 -3.9 0 0.66036 -0.316367 0.681056
43.226 39.476 33.5289 1.00773 0 -1.6 0 0.451703 -0.802033 0.390777
58.5923 34.0386 45.3675 0.297133 0 1.8 0 0.400273 -0.71374 0.574767
30.6449 34.7562 49.3462 -1.23528 0 -0.8 0 0.994334 0.0975476 0.0422526
53.2784 27.2054 38.3479 0.238684 -0.0641667 0.101606 0 -0.457545 -0.694752 -0.554952
36.6427 58.0497 38.8296 0.116337 0 -3.5 0 0.00935357 0.842546 -0.538544
64.1426 32.7573 30.2043 -0.371975 0 2.86489 0 0.41508 0.0989681 -0.904386
44.9527 43.3061 44.2155 0.877104 0.72564 -3.5 0 0.626644 0.643831 0.439088
21.3235 49.4298 43.6779 0.592895 0 -3.9 0 -0.326714 -0.377377 -0.866513
38.0196 20.1834 49.8979 -0.122369 0 2.5 0 0.203922 -0.870857 -0.44724
35.5853 51.5216 29.271 0.27434 0.505934 3.22145 0 0.432529 0.382368 -0.816525
29.783 40.2589 47.4684 -0.219488 0 2.8 0 0.217609 0.395217 0.89244
55.7664 41.1084 26.0462 0.152281 0 -0.7 0 -0.177563 0.941321 -0.287028
39.1035 35.1215 27.1355 -0.775713 -0.424964 -3.5 0 0.419431 -0.740232 -0.525484
64.2568 38.3569 32.5398 -0.000125064 0 4.2 0 0.420444 -0.0661248 0.904906
28.0331 22.4015 35.2869 -0.133338 0 -3.5 0 0.00400348 -0.297894 -0.954591
24.366 23.0513 41.047 0.242289 0 -3.79561 0 0.802377 -0.401189 0.441858
47.7111 50.539 33.3157 0.331173 0 1.8 0 0.467522 0.882766 0.0463398
22.8223 44.8022 46.3505 -0.242655 0 4.5 0 -0.771098 -0.3073 -0.557651
46.6639 46.2697 28.9595 0.0360254 0 -0.7 0 -0.0567265 0.492801 -0.868291
59.866 31.8455 29.4185 -0.725553 -0.0127173 0.3944 0 0.747111 0.130646 -0.651733
60.9127 45.4504 36.6959 -0.652848 0 -2.6131 0 0.683089 -0.176619 -0.708658
31.3178 35.5617 47.651 0.909153 0 2.02102 0 0.749404 0.279792 0.600091
29.2246 40.8039 53.8301 0.417568 0 -3.9 0 0.987812 -0.155144 -0.0125222
21.6367 52.0716 44.6851 0.0591926 0 -3.9 0 -0.697986 0.669232 -0.254842
37.3356 39.0512 48.25 1.69765 -0.187522 2.5 0 -0.656685 -0.67998 0.326178
44.4215 25.8283 35.9694 -0.0925381 -0.706326 -1.80887 0 0.672635 -0.424508 -0.606099
38.2401 54.8961 47.7439 0.859512 0 -1.6 0 0.419047 0.118781 0.900162
40.2924 52.5591 48.8723 0.656511 0 -3.5 0 0.171002 0.422248 0.890205
31.7165 41.8319 48.7374 -0.796664 -0.0151712 3.57535 0 -0.744467 -0.483893 0.460017
54.9283 44.2764 47.9835 -0.0688231 0 -3.5 0 0.746007 0.645774 -0.162633
55.9056 43.5261 44.4855 0.120793 0 4.5 0 0.0350769 0.64307 0.765004
22.4195 57.694 47.177 -1.30842 0 -3.5 0 -0.688874 0.196707 0.697681
35.6902 41.2925 50.1419 0.428291 0 4.5 0 0.0435429 -0.497837 0.866177
29.4147 41.4077 55.4587 1.76724 0 -3.9 0 0.965206 -0.247504 -0.0843787
28.4956 49.0636 26.1651 -0.910662 -0.398541 -0.7 0 -0.163208 -0.00085638 -0.986591
46.9915 51.4203 38.4496 0.566393 0 -3.89744 0 0.0390104 0.815355 -0.577646
57.6135 41.4152 23.7365 -0.128953 0 3.8 0 -0.426529 0.244619 -0.870767
22.7126 21.5601 42.1083 1.19067 0 -4.5 0 0.311054 -0.907892 -0.281027
52.012 32.762 47.9232 0.508341 0 3.8 0 0.0995138 -0.955083 0.279128
51.1232 50.9015 37.5849 -0.183188 -0.812866 -3.5 0 -0.208518 0.977598 0.0286877
45.5545 55.078 45.556 0.44128 0 -3.9 0 0.572366 0.576764 -0.582873
30.8724 21.8253 45.0438 0.224011 0 -4.5 0 -0.805433 -0.583161 0.105834
41.1398 33.9515 31.607 -1.1734 0 -4.5 0 0.970688 -0.185141 -0.153258
62.1725 47.313 37.4985 -0.438023 0 -3.5 0 0.280544 0.324216 -0.903426
58.5814 38.7523 48.4065 0.325554 0 -3.9 0 0.124072 -0.720086 0.682702
59.7634 45.5082 45.9605 0.0432054 0 4.2 0 -0.297166 0.78017 0.550479
37.0793 56.8787 37.4652 0.0134729 0 -3.5 0 0.0992262 0.727734 -0.678644
40.9631 49.535 30.4538 1.22088 0 -3.9 0 0.161982 0.47823 -0.863167
33.007 26.2607 28.156 -1.28158 -0.487329 -1.3 0 0.609543 -0.0180399 -0.792548
61.5684 41.9054 47.8358 0.112249 0 4.2 0 0.380119 -0.143152 0.913793
41.0921 22.6586 40.5197 0.356706 0 -1.6 0 0.152485 -0.582696 0.798257
21.2596 24.822 26.9452 -1.8386 -0.240621 2.8 0 -0.540907 -0.482355 -0.689023
54.8525 48.6011 30.9903 -0.068722 0 3.8 0 0.517373 0.743732 -0.423306
18.542 40.9906 25.804 -0.0444009 0 1.8 0 -0.865593 0.372926 -0.334179
28.6628 28.1688 25.277 3.69397 0 -3.5 0 0.408855 -0.740479 -0.533412
54.062 51.0825 37.0248 0.839849 0 -3.5 0 0.235777 0.969863 -0.061433
48.3424 37.434 25.8369 -0.211927 0 -3.5 0 -0.347611 0.157841 -0.924258
20.2549 24.9797 46.768 0.234307 0 -4.5 0 -0.783541 0.145394 0.604089
38.0879 31.1615 52.8087 0.235718 0 -1.1016 0 -0.273924 0.489762 0.827707
26.0036 30.5731 38.9901 -3.40991 0 2.5 0 0.204658 -0.978607 -0.0210502
45.8999 51.377 42.8493 1.18892 0 -0.4 0 0.718675 0.0995462 0.688183
43.0906 46.1484 25.0229 0.56387 0 1.9 0 0.0225652 -0.0702826 -0.997272
26.9735 26.7595 38.595 -1.98574 -0.111572 -1.91167 0 -0.416621 0.663799 0.621127
48.2241 47.4872 40.5903 0.910431 0 -2.21004 0 -0.199818 -0.733096 0.65011
35.9602 29.7195 51.8493 0.197448 0 -0.9 0 -0.548164 -0.182141 0.816297
36.6391 20.8191 52.4158 -0.274832 0 2.5 0 -0.71101 -0.421222 0.563061
22.2298 24.2403 38.8796 0.552016 0 -0.4 0 -0.168428 -0.88731 -0.429317
47.658 46.3689 39.1499 0.621883 0 -4.5 0 0.181094 -0.517163 0.836509
43.7557 48.2492 46.3986 0.506833 0 -3.5 0 0.554507 0.384557 0.737996
20.9742 31.9448 41.0811 -0.148137 -0.0235594 -1.79012 0 -0.772992 0.545667 -0.323622
34.1798 55.4342 45.1042 0.498653 0 -0.4 0 -0.436838 0.489013 -0.755009
22.2838 38.9664 51.6644 -1.21721 0 1.9 0 -0.90824 0.381321 -0.172324
21.0079 37.1629 31.0346 0.722201 0 1.8 0 0.44377 0.785359 0.431601
41.474 47.2665 28.2496 -0.14273 0 1.9 0 -0.692923 0.603924 -0.393871
20.9842 27.5591 46.25 -0.736235 0 -3.5 0 -0.977525 -0.0569192 0.202993
21.3739 48.698 49.5651 -2.17623 -0.64273 -3.5 0 -0.151466 0.834812 0.529289
54.9331 26.7588 35.3699 0.130067 0 1.8 0 -0.805403 -0.539299 -0.245932
24.1785 29.0513 42.3115 0.925713 0 -1.3 0 0.768808 -0.632569 -0.0937533
31.7969 23.4339 34.0356 -1.14828 -0.0753226 -2.84262 0 0.337339 -0.898587 -0.280612
21.0776 34.7191 39.6089 0.23919 0 -1.3 0 -0.772745 -0.145483 0.617818
44.9 29.892 48.7948 1.05851 0 1.52962 0 0.478873 0.813961 0.328859
50.9435 38.0875 53.528 -0.800701 -0.789589 -3.5 0 -0.31058 -0.345844 0.885399
49.4482 33.1898 29.6392 -0.27522 0 4.5 0 0.239485 -0.84091 -0.485301
61.4945 26.7973 28.8349 -0.230105 0 -3.5 0 0.620895 -0.535783 -0.572212
39.2738 28.8168 32.5863 -0.13888 -0.196062 -3.9 0 0.819156 -0.0238335 -0.573075
64.1618 48.4231 41.3849 0.75079 0 -3.5 0 0.561176 0.744299 -0.362077
33.8426 31.3719 21.2992 0.0196332 0 -3.9 0 0.225008 -0.954437 -0.196012
44.2282 53.7986 40.2556 -0.150939 -0.787429 -0.4 0 0.609758 0.698444 -0.374661
64.0768 40.2883 33.6616 -0.185036 0 3.8 0 0.347969 -0.932128 0.100275
34.0934 52.9552 49.5802 0.110263 0.4817 -3.05103 0 0.117934 0.128727 0.984643
39.1693 42.294 51.1016 0.0502477 0 2.5 0 -0.477747 0.188239 0.858093
22.3537 52.454 47.3655 -0.320493 0 -3.85588 0 -0.777808 0.457091 0.431372
24.274 39.2274 44.2581 -0.691711 0 2.27226 0 -0.906122 0.193707 0.37606
39.1307 22.6933 53.6357 -0.183962 0 0.227035 0 0.66148 0.130727 0.738481
27.0746 30.2607 51.0207 -0.0876874 0.298837 -0.8 0 -0.122383 -0.738294 0.663283
18.5041 40.9069 30.5222 -0.218224 0 1.8 0 -0.452104 0.173236 0.874981
50.1157 47.1937 41.0851 0.598255 0.598551 -3.3823 0 -0.209211 -0.160754 0.964567
19.4527 50.6837 48.0061 2.07452 0.44846 -3.9 0 -0.362458 0.460704 0.81017
59.7946 34.377 24.8612 -0.225166 0 4.2 0 -0.0718677 -0.540105 -0.838524
46.0713 47.7038 43.5903 -0.425247 -0.513634 -3.5 0 0.978618 -0.106437 0.176006
33.5816 41.0802 22.996 0.118357 -0.850807 -3.5 0 0.186181 -0.178084 -0.966241
23.2841 24.6386 47.077 -0.000630394 0.531843 -4.5 0 0.452136 -0.556462 0.697081
30.0501 38.5273 49.9204 0.0892088 0 1.8 0 0.90576 0.350726 0.237889
23.9548 48.4922 39.2926 -0.063982 0 3.29892 0 -0.804321 0.155047 0.57361
47.636 26.5386 39.6042 1.08018 0 -3.9 0 0.79479 0.203737 0.571664
61.0659 25.8902 32.5924 -0.209249 0 -3.5 0 -0.553988 -0.714182 -0.427833
22.0345 50.8527 31.2138 -0.723219 0 -1.3 0 0.222246 0.293879 -0.929646
23.673 56.2095 48.2259 -0.872597 0 -3.5 0 0.414677 0.909764 0.0193167
38.3032 29.0308 30.1772 0.105056 0 -3.9 0 0.588258 -0.771835 -0.241295
35.2406 39.7794 48.7443 1.07431 0 4.5 0 0.0394071 -0.821075 0.569459
45.5102 37.1043 56.0273 -0.273932 0 -3.5 0 -0.0595993 -0.168908 0.983828
36.4448 46.2307 48.6002 0.328729 0 -3.9 0 0.578945 0.169518 0.79755
29.9674 17.7812 43.4219 0.51369 0 -4.5 0 -0.754835 0.107433 0.647056
44.919 30.789 46.4448 1.70201 0 3.8 0 -0.354616 0.773935 0.524665
61.0517 44.2347 34.215 -0.214632 0 3.8 0 0.616184 0.644608 0.452547
17.389 39.1305 27.1685 -1.44321 -0.715465 1.8 0 -0.922064 -0.179209 -0.343049
29.0408 46.4333 51.6588 -0.209896 0 -3.5 0 -0.257977 -0.137536 0.956311
32.6979 49.1401 49.4016 0.381146 0 -3.9 0 -0.0378771 0.299088 0.953474
68.792 37.8662 39.3097 -1.17205 -0.729857 -0.4 0 0.996987 -0.0743461 0.0221223
35.0791 20.656 45.3563 -0.0152743 0 -4.5 0 0.886294 -0.463124 0.000647467
44.0472 33.9755 35.098 0.375331 0 -0.984485 0 0.218427 0.220174 -0.950691
24.3542 42.7296 22.5674 -0.377636 -0.524938 -3.93717 0 0.0773956 0.4866 -0.87019
22.8955 43.108 22.7325 0.482991 -0.631553 -3.86519 0 -0.117605 0.754017 -0.646241
32.7127 55.5268 39.2767 -0.643643 0 -0.8 0 0.00545023 0.909885 0.414826
21.6609 48.1249 38.2308 -0.553924 -0.227994 4.2 0 -0.208642 0.224953 0.951769
22.5215 35.173 22.4515 -1.00091 -0.2613 -1.3 0 -0.706707 0.0101782 -0.707433
42.4014 22.3581 39.0964 0.425417 0 -1.6 0 0.702606 -0.404521 0.585412
28.2467 53.1384 28.2233 -0.962106 0 -1.8942 0 -0.663899 0.531248 -0.52632
22.4124 55.0874 40.9464 -0.345802 0 -2.59425 0 -0.68259 0.728014 -0.0637758
33.1455 32.8743 49.081 3.62622 0 3.36062 0 -0.564784 0.786864 0.248727
41.1603 36.1309 32.8578 0.250825 0 -0.632718 0 0.956834 -0.176507 -0.230898
15.1076 35.0173 27.1783 -0.372755 0 -3.5 0 0.0239796 0.251371 -0.967594
30.2734 22.6451 46.2208 -0.453063 -0.963482 -3.5 0 -0.694369 -0.718328 -0.0430787
31.5118 17.5301 41.2573 0.12776 0 -4.5 0 0.26945 0.350733 -0.896874
26.3843 55.6963 38.2026 -0.41042 0 2.8 0 -0.00306329 0.948171 -0.317747
12.3359 33.2344 29.54 -0.952268 0 -3.5 0 -0.556063 -0.533196 0.63757
46.6072 24.4649 40.9908 2.71712 0 -3.9 0 0.105367 -0.295593 0.949485
50.9963 46.4566 28.1814 -0.129483 0 -0.7 0 0.239931 0.161202 -0.957312
39.3785 27.071 31.429 0.036277 0 -3.9 0 0.355452 0.505319 -0.786325
36.9329 51.6513 49.3009 2.51595 0.1106 -3.9 0 0.408481 0.193523 0.892016
43.1279 30.5852 45.9984 1.14721 -0.298731 -2.67533 0 0.485742 0.744966 0.457254
19.9735 32.9041 42.6456 0.265092 0 -3.9 0 -0.647227 0.12669 -0.751696
46.2375 38.3536 31.6844 0.0759666 0.299649 -3.5 0 -0.858516 -0.462973 -0.220469
36.2561 23.8861 41.7557 -1.09106 0 -3.5 0 -0.429602 -0.847205 -0.312549
35.6336 56.5391 47.4339 0.211617 0 -1.24156 0 -0.155956 0.942306 0.296204
20.7905 24.2337 37.1831 0.0164166 0 -0.4 0 -0.389712 -0.916406 0.0912396
67.6097 32.1475 36.5754 2.53557 0 -3.9 0 0.887588 -0.451983 -0.088876
29.4647 30.4245 51.2615 0.228517 0 1.94193 0 0.117508 -0.161682 0.979822
43.9884 49.868 44.295 0.986211 0.744237 -3.80154 0 0.689421 0.15005 0.708649
63.0095 29.6462 38.1836 0.210883 0 -3.9 0 0.68744 -0.671483 0.276654
64.8099 25.9282 33.8825 -0.485084 0 -3.5 0 0.925735 0.0251003 0.37734
34.7395 32.1595 23.058 -0.838414 -0.0341052 -3.5097 0 0.990249 0.110698 0.0845742
54.0166 47.0431 28.9224 -0.0925893 0 3.8 0 0.0520692 0.187407 -0.980901
24.2406 27.1411 38.9072 -2.58401 -0.0719161 -3.9 0 0.889326 0.293657 0.350521
50.9283 30.1018 35.0427 0.143591 0 1.8 0 -0.388696 -0.344297 -0.85462
37.4011 47.4021 47.6879 0.994883 0.532916 -3.58143 0 0.473353 -0.276108 0.836482
25.1389 55.98 49.0322 -0.529683 0 -3.5 0 -0.0713338 0.995803 -0.057339
37.0475 43.6683 27.7517 0.411606 0 -3.5 0 0.563722 0.821063 0.0898487
39.5819 54.3992 35.4287 0.13051 0 2.5 0 0.358988 0.805958 -0.470701
59.6442 32.5822 27.1495 -0.475155 0 0.643594 0 0.720763 -0.44774 -0.529178
29.9717 57.3031 38.6193 -0.274573 0 2.8 0 -0.0688113 0.963892 0.257249
45.4972 53.9967 45.011 0.421153 0 -3.9 0 0.933632 0.0583958 -0.353443
36.959 33.4723 25.6305 -0.0851083 0.0410608 -2.79412 0 0.532509 0.376097 -0.758277
45.91 40.689 49.3755 0.587195 0 -0.4 0 0.100619 0.956036 0.275446
43.8662 27.9351 51.0688 0.388826 0.475845 -3.6985 0 0.760111 0.233837 0.60626
26.3487 39.6372 21.4206 -1.18145 0.0282399 -4.26059 0 0.0325472 0.407555 -0.9126
31.7495 21.0583 40.4535 -0.0742295 0 2.5 0 -0.124302 -0.906547 0.403389
35.7994 21.4396 50.9443 -0.442192 0 2.5 0 -0.849815 -0.115123 0.514355
21.1244 31.3158 25.4406 -0.248801 0 2.71608 0 -0.342324 -0.458299 -0.820229
43.9781 25.0475 45.4964 0.581896 0 -3.2025 0 0.275211 -0.82435 -0.494677
19.0448 30.298 27.4768 -0.478649 0 2.5 0 -0.281222 -0.775552 -0.565185
32.4495 32.9837 50.9711 0.199787 0 -1.6 0 -0.615424 0.727182 0.304072
39.6403 34.194 29.6345 -0.983282 -0.526728 -4.5 0 0.581958 -0.222005 -0.782329
63.7957 48.9152 38.1377 -0.242981 0 -3.5 0 0.239155 0.894572 -0.377553
48.707 27.939 38.6045 0.0453099 0 1.8 0 0.856084 -0.501202 -0.126162
62.4675 39.588 45.932 0.0829223 0 4.2 0 0.690614 -0.0151325 0.723065
46.277 32.0945 46.5995 1.70996 0 3.8 0 -0.401436 0.121504 0.907792
44.5453 44.4198 45.5265 0.832413 0 -3.5 0 0.978176 -0.0285102 0.205814
45.2805 49.7235 34.7065 0.425004 0 1.52887 0 -0.29131 0.950321 -0.109677
31.4605 55.808 29.1545 -0.981647 0 -3.5 0 0.381651 0.911616 -0.152641
36.597 54.135 33.378 -0.868034 -0 2.5 0 -0.315599 0.930125 -0.187788
30.999 44.805 21.755 -0.318492 0 3.8 0 0.250666 0.591017 -0.766724
32.9595 55.929 45.435 -0.251659 0 -0.4 0 -0.0990769 0.520806 -0.847906
44.7267 47.6125 29.6775 0.0607984 -0.0105241 -0.119389 0 0.376528 0.796794 -0.472596
32.4965 52.133 27.6667 0.138633 0 -3.5 0 0.383295 -0.106959 -0.917412
34.53 37.3865 21.1905 1.74086 0.0175369 -2.26507 0 -0.338921 0.676576 -0.653741
38.3466 32.3719 26.1174 1.75256 0 -3.9 0 0.707637 0.528062 -0.469469
43.693 30.509 48.375 1.33605 0 -0.9 0 0.426229 0.876889 -0.222249
63.1828 40.6569 46.0596 0.0566297 0 4.2 0 0.77177 -0.57308 0.27559
67.2514 41.2506 38.0572 -0.255564 0 3.8 0 0.970278 0.213687 -0.113573
48.4485 28.4509 45.6589 0.593887 0 3.8 0 0.497325 -0.800314 0.33491
19.1916 29.801 35.4476 -0.768875 0 2.8 0 -0.483408 -0.736128 -0.473743
3 4163 52 2281
3 2281 223 4163
3 223 2281 2037
3 2281 424 3470
3 2037 2281 3470
3 44 1832 3470
3 1832 2474 2224
3 2474 597 2224
3 2420 52 4163
3 2224 597 1908
3 2070 223 264
3 264 223 1280
3 2037 1280 223
3 1280 1654 264
3 2037 1372 669
3 3102 4159 3470
3 1832 2224 627
3 4159 3102 2207
3 3815 2120 3102
3 2207 3102 2120
3 2207 2120 1541
3 1938 1166 3815
3 2120 3815 1166
3 2765 646 2798
3 2798 646 1722
3 646 2070 366
3 3681 366 67
3 366 2070 264
3 67 366 1654
3 264 1654 366
3 1722 3681 3830
3 1754 1957 266
3 2396 1754 1216
3 266 1216 1754
3 266 1957 566
3 266 566 1216
3 1216 566 2593
3 1280 1081 566
3 566 1081 2593
3 1216 2593 1242
3 1216 1242 2696
3 2593 4198 1242
3 2593 2405 4198
3 1081 862 2593
3 2405 2593 862
3 862 1826 2405
3 4198 1897 4196
3 3852 4196 2204
3 3482 3369 1988
3 3482 1988 804
3 3369 1826 0
3 0 1826 2910
3 1547 2910 4159
3 1988 643 3011
3 1547 2207 2883
3 2883 2207 1541
3 2883 1541 1845
3 2883 1845 2336
3 953 1845 1541
3 2336 1845 2792
3 2336 2792 918
3 882 953 2798
3 953 1166 2798
3 882 3830 1953
3 2797 1953 449
3 3838 1299 827
3 3681 963 3668
3 3504 1095 3180
3 3504 3180 541
3 2396 2815 3180
3 2815 2396 2696
3 2396 1216 2696
3 2815 574 689
3 2815 689 1603
3 689 574 2328
3 1983 2328 3147
3 574 2696 3863
3 3147 3863 3867
3 3863 1242 1762
3 2119 1762 2122
3 1354 854 2122
3 3852 215 3219
3 3852 2204 215
3 3219 215 717
3 4196 2186 2537
3 2186 1662 2537
3 2537 1662 1073
3 2537 1073 2309
3 2309 1073 1238
3 1238 1073 387
3 3860 527 3689
3 3689 681 840
3 681 242 840
3 242 3011 4143
3 2883 2336 3562
3 2606 4143 611
3 947 2195 918
3 2797 1462 2792
3 2797 449 1462
3 1299 2365 2071
3 1462 2790 2563
3 2365 3838 1536
3 3838 3544 1033
3 3504 541 483
3 3504 483 3544
3 541 3058 483
3 3544 483 3058
3 3544 3058 1997
3 1241 1603 2951
3 236 2951 278
3 3402 3311 1983
3 3249 3402 1054
3 1983 3147 254
3 3867 2119 4079
3 1455 4079 2119
3 3219 1455 2119
3 3219 3455 1455
3 1455 3455 4079
3 717 3077 3455
3 1786 3455 3077
3 3077 717 1574
3 886 1574 3657
3 3657 2339 1131
3 3077 1131 1502
3 864 2659 968
3 1049 968 2659
3 3657 2659 864
3 2730 275 3421
3 1464 3421 275
3 2546 3091 2309
3 2546 1238 4153
3 2546 4153 1684
3 3860 1765 42
3 589 42 3603
3 3603 1765 3392
3 1765 3689 2726
3 2726 2029 1775
3 2726 1775 3392
3 2029 4081 1775
3 4081 2029 4143
3 840 4143 2029
3 3716 2161 543
3 543 2161 2716
3 2161 168 1812
3 2161 1812 2716
3 168 2606 1812
3 725 3233 2716
3 2654 3582 2565
3 2565 3582 947
3 2700 1628 2654
3 311 1462 2563
3 1628 2563 2039
3 2039 2563 2790
3 683 2039 312
3 1033 3544 1973
3 1973 3544 1
3 3544 1997 1
3 1 1997 3761
3 3761 1997 3123
3 3966 1643 3439
3 3439 233 3966
3 3966 233 3665
3 3665 3879 3966
3 1555 298 2318
3 750 2256 2804
3 750 2804 298
3 2318 298 2330
3 2256 1706 2804
3 880 604 254
3 2330 910 2318
3 880 1519 2982
3 1124 3215 3034
3 1124 1519 1088
3 1921 1088 3289
3 1088 1519 287
3 1088 287 3289
3 1519 880 254
3 1519 254 287
3 1921 1233 1088
3 1921 162 991
3 1921 991 1233
3 3215 1233 904
3 162 224 2687
3 2215 2687 1992
3 2687 224 1786
3 224 372 1786
3 1992 1714 2215
3 1502 2124 1992
3 2124 1502 1131
3 2339 386 1131
3 1131 386 2124
3 3290 2609 968
3 3290 968 1049
3 2730 1718 1325
3 1247 3497 1676
3 1247 1676 1400
3 3497 3404 1676
3 2717 2106 3404
3 4153 1767 2717
3 589 2653 1023
3 3603 924 2653
3 3603 4007 924
3 813 4007 3392
3 813 169 4007
3 169 813 1649
3 1649 2174 169
3 3716 3449 2974
3 1976 1994 976
3 3340 976 1994
3 3340 1994 1749
3 1976 1250 2313
3 1994 1162 2800
3 3322 2800 606
3 606 1407 799
3 1162 2313 2509
3 1903 2372 3553
3 3309 3553 2372
3 1333 2424 93
3 3644 325 2424
3 93 2424 2745
3 325 2745 2424
3 3644 91 199
3 1692 1112 2654
3 91 3093 199
3 1692 2654 3008
3 3428 3008 179
3 179 3008 2701
3 1904 3890 179
3 1904 179 2643
3 2701 3436 2643
3 3327 683 2066
3 3327 2066 272
3 683 1227 2066
3 2066 1227 3004
3 1773 3004 1917
3 3004 1773 3057
3 3057 1773 979
3 979 1773 3628
3 979 3628 2813
3 1536 3628 1773
3 3628 1973 2813
3 3270 3761 2803
3 2803 3761 3640
3 3761 3123 3640
3 3966 2042 2308
3 3123 2308 1463
3 1463 3640 3123
3 2042 1469 749
3 749 1469 2876
3 2042 3879 1469
3 3351 1469 4173
3 1352 3351 41
3 41 3351 3248
3 1434 2870 1774
3 1434 1774 1217
3 4173 3665 2870
3 2318 911 1555
3 1774 1555 911
3 911 2747 1774
3 2747 911 970
3 970 4 2747
3 1391 739 970
3 970 739 1439
3 739 724 1439
3 2448 3936 3813
3 3813 1282 2950
3 120 2950 4042
3 1282 4042 2950
3 1282 3813 3563
3 4011 3563 3003
3 3003 1608 3508
3 1803 1608 824
3 824 3215 3072
3 3072 1803 824
3 3072 904 1454
3 1454 904 2215
3 3072 1454 3982
3 1454 1425 3982
3 3982 1425 788
3 3982 788 3969
3 1425 2408 788
3 1287 2408 4082
3 1425 1699 2408
3 225 1699 49
3 1699 1425 1714
3 49 1699 2124
3 1714 2124 1699
3 3514 4082 225
3 3514 1912 2569
3 1912 2124 386
3 2569 2609 575
3 2079 2146 2397
3 2609 3290 1914
3 3290 781 1914
3 2146 1914 781
3 781 1104 2146
3 1325 781 3290
3 781 1325 3648
3 3648 674 729
3 729 674 167
3 167 674 1881
3 1881 674 2921
3 1881 2921 2094
3 3005 3891 2300
3 3005 2886 3172
3 1400 3923 2886
3 3404 2106 3923
3 3923 2106 3387
3 2106 3162 3387
3 3387 3162 4193
3 2106 2964 3162
3 3162 2964 1848
3 1848 2653 924
3 924 2121 1013
3 2121 1101 1013
3 2121 2174 4150
3 4150 2174 2688
3 2174 1649 3149
3 3149 3540 1362
3 3340 1362 2974
3 1792 2912 2000
3 879 3551 3125
3 1749 3322 3551
3 3127 1653 3322
3 1653 3127 658
3 3954 658 3279
3 658 613 769
3 2743 3324 1153
3 2743 1153 2999
3 3324 799 3334
3 799 1903 1215
3 1632 1215 1903
3 3553 3103 1632
3 114 1632 3103
3 1111 288 3789
3 288 1111 1333
3 1333 93 1045
3 148 23 3531
3 2745 124 93
3 2269 93 124
3 124 3454 2269
3 1156 3890 3730
3 2375 1915 3730
3 3531 3730 1915
3 2375 3730 1987
3 1904 2643 1495
3 3777 272 2066
3 3004 3777 2066
3 3505 4107 3422
3 3758 3057 2096
3 2096 3057 2009
3 923 2009 747
3 979 2813 747
3 747 2813 3270
3 3270 1843 534
3 534 1843 742
3 534 742 2164
3 1843 153 485
3 319 485 1868
3 153 3640 485
3 485 3640 1463
3 485 1463 1868
3 1868 1463 749
3 1868 3188 319
3 956 2348 1352
3 3619 956 1916
3 956 3248 1916
3 3006 3248 161
3 1448 108 978
3 2776 2259 3445
3 772 3445 891
3 772 891 3377
3 115 891 2686
3 362 2686 891
3 2686 362 2747
3 1587 3377 115
3 1587 951 3377
3 951 1587 62
3 62 1587 430
3 4 1439 430
3 4 970 1439
3 430 1439 62
3 2208 3415 1439
3 62 1439 3415
3 2277 598 3594
3 2277 3594 1220
3 598 3088 3594
3 3415 1220 772
3 3811 1289 3017
3 1289 3331 2586
3 2092 4011 2188
3 4042 2025 2586
3 2092 3371 2025
3 2586 2025 3017
3 3371 1368 3869
3 812 3371 2442
3 1322 4106 3195
3 3195 4106 2764
3 2642 3969 4076
3 4076 222 2748
3 3969 997 222
3 2748 222 997
3 997 1287 2748
3 1287 1548 2748
3 1143 895 1548
3 2102 1548 895
3 1143 4082 670
3 670 741 895
3 895 741 2523
3 178 1865 252
3 2656 1865 3611
3 1104 729 178
3 1865 178 729
3 1865 729 3611
3 3611 729 167
3 3611 3346 2656
3 2656 3346 1761
3 3346 3611 230
3 230 3611 1881
3 3611 167 1881
3 230 487 3691
3 3691 487 3733
3 3691 3733 3356
3 2298 3172 3155
3 2247 3172 518
3 3387 518 3923
3 1598 374 1810
3 3131 4193 2887
3 2887 4149 3131
3 4149 1013 1101
3 4149 1101 4150
3 4150 2081 4149
3 3521 2912 879
3 2912 3521 36
3 36 3521 1946
3 1363 3178 2073
3 1637 3125 2471
3 146 1637 2471
3 2471 3125 3490
3 3490 3954 2471
3 2471 3534 146
3 3955 146 3534
3 3534 1858 3955
3 3534 2182 1858
3 1858 2182 3905
3 1414 1447 1879
3 1267 1534 769
3 1267 4134 1534
3 1267 3324 2743
3 1403 2743 711
3 2743 1264 711
3 2743 459 1264
3 2999 3334 2482
3 2482 3334 3480
3 2482 3480 2199
3 2482 2199 3027
3 3136 3480 1698
3 2894 3136 1698
3 3054 2583 3448
3 3448 2880 3054
3 413 1196 3448
3 3448 1196 3395
3 114 3103 663
3 3262 663 472
3 472 349 3296
3 349 504 2314
3 3296 3145 2880
3 3145 2399 2733
3 2954 1076 1533
3 3777 2528 3862
3 1076 3862 2528
3 2528 3762 1076
3 3762 2528 3505
3 3505 3422 3409
3 3505 3409 2072
3 2072 3409 4169
3 4097 2160 2164
3 747 3270 534
3 747 534 2160
3 2160 534 2164
3 4097 2164 4169
3 4014 720 2164
3 2503 2164 720
3 720 434 2503
3 1080 1262 2244
3 1288 1262 2163
3 1369 1080 1939
3 1080 2244 2348
3 1080 2348 1939
3 1369 1939 2267
3 1939 2920 2267
3 1599 1058 3619
3 1764 3619 1058
3 4065 1916 3248
3 3338 1599 1255
3 1599 3108 1255
3 4065 3006 4043
3 2980 1995 913
3 161 1995 3006
3 491 2980 3523
3 2040 3523 2980
3 2040 3088 758
3 3811 3523 2040
3 3523 3811 3239
3 812 3732 2991
3 3732 1704 4194
3 1704 2442 1154
3 1849 1154 1551
3 1154 2442 429
3 1551 1154 3869
3 429 3869 1154
3 1322 1907 3041
3 3041 1907 348
3 3041 348 1877
3 875 3195 1390
3 3430 1390 2529
3 3430 2529 335
3 3591 3184 948
3 2529 751 3573
3 751 3244 2642
3 2021 948 3184
3 2866 1993 558
3 3209 4076 27
3 3209 27 1453
3 27 2748 1453
3 3065 1453 3042
3 3104 3047 3496
3 3042 3610 3065
3 1710 2523 860
3 3042 1710 2359
3 2359 2589 3251
3 2359 3251 3496
3 2589 831 3251
3 831 3466 1535
3 831 1535 3251
3 3466 4114 2998
3 2998 4114 2218
3 3466 860 4114
3 1761 2385 4114
3 2613 3185 1169
3 3691 3741 3346
3 2450 3168 3456
3 3168 3356 3456
3 3456 3356 3319
3 580 3319 3155
3 3491 580 3784
3 3155 3784 580
3 3784 1598 3491
3 2830 1598 1810
3 1810 1936 1442
3 1936 3618 3548
3 2254 3131 4149
3 1430 2254 1225
3 4149 1225 2254
3 11 2829 1430
3 1430 2829 1421
3 2829 2321 1421
3 1946 2829 11
3 756 1225 4149
3 117 1363 920
3 920 2073 4006
3 3129 3905 2182
3 4155 563 2451
3 2451 563 554
3 4155 2279 296
3 296 2279 576
3 576 2279 1414
3 576 2294 2502
3 2502 2294 1960
3 1534 4134 1960
3 620 2258 2346
3 2258 619 2346
3 2201 1264 459
3 459 3243 2201
3 2201 3243 2544
3 3243 459 1251
3 1364 1251 3027
3 459 2999 1251
3 2466 1364 1296
3 3027 400 1364
3 2935 1364 400
3 400 2437 2935
3 400 3027 2199
3 2635 2199 3136
3 3136 2894 2635
3 857 2859 3937
3 857 3937 2437
3 2859 2635 336
3 2859 336 1829
3 336 2635 2894
3 842 2583 3054
3 1214 475 3054
3 3054 475 842
3 842 475 1829
3 3066 1542 1214
3 475 1214 1542
3 475 1542 1829
3 301 3066 1604
3 640 829 155
3 3066 471 3552
3 600 3552 24
3 600 24 859
3 859 24 1130
3 471 2399 3552
3 1130 24 2954
3 416 859 1512
3 859 2338 3965
3 859 3965 1512
3 2338 2376 3965
3 3965 2376 3440
3 3440 2376 3826
3 3440 3826 3025
3 3025 3826 3782
3 2376 1533 3826
3 3826 1533 1076
3 2072 4169 2644
3 3782 3654 1125
3 1125 2644 2826
3 905 2826 2703
3 3774 3847 2826
3 2703 2826 3847
3 2379 622 1682
3 1682 2084 2379
3 1682 2503 2084
3 2644 1682 622
3 2084 2005 996
3 434 720 1437
3 434 1437 2005
3 2005 1437 1809
3 1481 1851 1809
3 1984 1851 2200
3 1901 2163 1481
3 2163 1901 1288
3 1058 3338 2920
3 2920 3338 2350
3 2350 3338 2402
3 2402 3338 3098
3 3338 1255 3921
3 3330 1316 638
3 1316 3330 332
3 1373 1239 3330
3 1239 1255 3108
3 1707 1854 3108
3 3284 4000 3959
3 213 4043 1252
3 4000 4043 3959
3 213 3587 2536
3 3587 1252 491
3 671 491 678
3 3587 671 645
3 671 678 2650
3 645 671 1590
3 2650 1590 671
3 678 3523 2650
3 2650 3523 3239
3 2650 3239 3118
3 3118 4194 1590
3 1672 4013 1260
3 4194 1680 2388
3 764 1154 1849
3 3060 1849 2118
3 2755 1626 1877
3 1849 1551 1626
3 1877 1626 3041
3 1877 3224 3307
3 1087 3224 1107
3 3764 1416 3458
3 805 1107 3764
3 805 1155 1107
3 2934 961 3764
3 2934 2476 961
3 3600 533 2934
3 3458 1925 3600
3 3591 948 3274
3 3591 3274 1925
3 1925 3274 3256
3 3256 3274 241
3 3274 2852 4166
3 2265 2301 1993
3 1993 2866 3104
3 1993 3104 2265
3 2265 3104 740
3 3104 3496 740
3 740 3496 2265
3 3348 3943 2265
3 3943 1864 1409
3 1864 2895 3874
3 1864 3874 1409
3 672 3839 2895
3 281 3839 672
3 3839 281 3251
3 3839 1535 921
3 4190 921 3336
3 1647 2998 2704
3 2704 291 1647
3 2704 3944 291
3 3481 2218 2385
3 3185 2871 3481
3 3185 2613 2871
3 3944 2922 415
3 415 2922 2450
3 3168 2450 2922
3 3447 3944 415
3 3447 2450 1585
3 3447 1585 1986
3 1986 1585 3779
3 3779 1585 3588
3 2450 3456 4213
3 3588 3319 3695
3 3695 3319 277
3 277 4128 3695
3 4128 277 3491
3 4128 2830 3785
3 2801 4128 3785
3 3548 1493 931
3 2829 420 1493
3 1493 420 2274
3 2274 420 117
3 2274 920 2111
3 2274 2111 220
3 3734 203 4006
3 2847 1292 203
3 2847 687 1292
3 3893 1292 687
3 1113 3316 2847
3 3316 1113 3905
3 3316 3146 2847
3 1791 2847 3146
3 2221 1791 3146
3 3146 3316 4155
3 3146 4155 3738
3 3316 522 4155
3 522 3316 3905
3 3146 3738 685
3 685 3738 3378
3 488 2262 3645
3 3645 554 463
3 766 463 2064
3 463 554 563
3 463 563 1955
3 463 1955 2064
3 2064 4008 766
3 766 4008 3881
3 4008 629 3945
3 576 2502 629
3 2502 3247 360
3 3247 2206 360
3 2206 3247 2417
3 3114 3247 1960
3 3264 3243 160
3 2358 3242 2466
3 2358 3996 2484
3 3996 2358 1600
3 1600 2358 659
3 1600 659 2382
3 1296 2382 659
3 1296 2935 2382
3 2437 3937 3981
3 3937 2967 3981
3 3682 3981 2967
3 3854 2305 301
3 1604 2091 3854
3 1530 3854 2091
3 1919 1604 3066
3 1919 3066 640
3 1919 640 155
3 155 2231 1919
3 2231 833 484
3 833 2302 2047
3 2302 829 416
3 2302 416 2047
3 2047 1512 2192
3 2985 4120 888
3 3440 2985 3965
3 3782 905 3025
3 1000 3025 905
3 905 3782 1125
3 2454 3919 1000
3 2370 3847 3774
3 1181 2370 2516
3 1083 1059 3092
3 1641 3774 996
3 1641 996 3467
3 2005 1809 3467
3 1984 145 1057
3 3349 1057 2785
3 145 2200 3951
3 2402 3098 1725
3 3921 4129 3098
3 3098 4129 1725
3 3050 4129 876
3 876 4129 3871
3 4129 638 3871
3 3865 2753 876
3 3050 876 2753
3 2753 2669 3050
3 3901 208 3142
3 2312 3865 3871
3 3865 2312 3142
3 432 2381 2806
3 1208 2439 596
3 3908 596 3284
3 3664 3908 3959
3 3664 3597 1748
3 3597 3664 3662
3 3664 3959 3662
3 2536 3984 3719
3 2536 3587 2105
3 1569 2105 1648
3 2105 3587 152
3 152 1648 2105
3 645 1665 3587
3 152 3587 1665
3 1648 152 1665
3 645 1590 2655
3 2655 1590 2240
3 2936 1062 1549
3 4069 3700 3227
3 4140 1062 814
3 1062 388 814
3 814 388 2462
3 388 4161 2462
3 3007 4161 1672
3 4161 2936 1672
3 3007 4010 965
3 4010 2214 965
3 3824 2214 4010
3 2641 1174 3344
3 4147 1174 2383
3 2383 1174 2026
3 2641 2026 1174
3 1260 3169 2641
3 2388 3283 3169
3 3060 3899 2431
3 2118 1202 608
3 399 2683 2472
3 3416 1785 2534
3 3416 2872 516
3 516 2872 2472
3 2853 3416 87
3 87 3416 2892
3 87 2892 3381
3 1087 1155 2158
3 1155 65 2158
3 65 3381 2158
3 961 505 3935
3 65 3935 3202
3 3952 3202 3935
3 505 1724 3935
3 260 2934 533
3 2476 260 2303
3 2303 3626 3971
3 2303 3971 1769
3 3971 3626 3256
3 2189 3971 241
3 241 709 2189
3 3546 2189 977
3 4166 992 709
3 2799 709 992
3 2827 2852 4136
3 4136 524 2827
3 2827 524 4112
3 1392 524 2695
3 3468 2695 524
3 2004 2645 3468
3 761 2645 1409
3 2645 3943 1409
3 2004 4136 3943
3 3943 4136 2301
3 2564 1756 4200
3 893 4190 655
3 39 655 2816
3 2205 39 1638
3 4040 2205 1800
3 1647 291 235
3 2808 291 2095
3 2095 1771 2808
3 3944 3447 2095
3 1771 2095 3447
3 3974 3447 1986
3 3779 2404 863
3 2404 3588 3335
3 863 1790 116
3 3231 1770 1790
3 2404 3231 1790
3 1770 3231 1928
3 2404 3335 3231
3 1106 249 2801
3 1928 1106 3833
3 1106 703 3833
3 3833 703 40
3 40 703 174
3 174 703 2048
3 174 2048 3451
3 2048 567 258
3 258 567 3785
3 258 3785 4209
3 4209 3785 352
3 2731 931 220
3 897 2209 1253
3 1253 3321 897
3 2111 1253 2209
3 3321 1253 3893
3 4006 2111 920
3 3410 3893 2723
3 2723 687 2756
3 4212 2756 2221
3 3260 2175 150
3 150 2175 802
3 3378 802 2175
3 3378 4207 802
3 1332 4207 1677
3 3601 2362 1833
3 3601 1833 315
3 315 1833 561
3 561 3675 315
3 1306 3675 561
3 1306 766 3675
3 3948 1514 1161
3 1700 2754 744
3 3881 532 2754
3 3389 3362 3814
3 3389 3945 806
3 2981 3605 3389
3 3605 2981 2432
3 2981 100 2432
3 2981 126 1323
3 1323 126 2417
3 2417 3106 757
3 1384 757 3106
3 1964 462 77
3 3095 77 526
3 77 462 3264
3 77 3264 526
3 3095 3354 2125
3 830 2125 2010
3 2125 3354 2581
3 160 2581 3354
3 735 2581 2484
3 495 1967 2010
3 735 542 2666
3 1839 1412 2979
3 735 2484 736
3 736 2484 3996
3 3996 1600 909
3 909 1600 3589
3 909 3589 3682
3 2979 909 3682
3 3682 3589 3981
3 3981 417 1068
3 2979 3414 909
3 3682 1530 2979
3 2538 2979 1530
3 3228 1755 2848
3 2091 2477 4152
3 2711 4152 2231
3 2477 2231 4152
3 3992 1673 3586
3 1538 3586 1673
3 3051 3586 4045
3 3917 1538 3457
3 2192 3457 1538
3 3457 2928 3917
3 1575 3917 2928
3 1002 3851 3634
3 3851 2769 1828
3 2769 2928 2395
3 2769 1906 1261
3 3919 4004 3255
3 3919 2454 4004
3 2481 2135 1398
3 960 2135 988
3 3538 326 1474
3 2445 218 3538
3 2445 4004 2516
3 2516 4004 1181
3 1059 1579 773
3 773 668 1059
3 218 1059 668
3 1579 3245 773
3 1190 2522 2898
3 2430 3245 3287
3 3245 1579 1018
3 3245 1018 3287
3 1018 1579 1083
3 1083 2958 1018
3 1083 2400 2958
3 2958 3349 3287
3 1317 2430 3349
3 2430 3287 3349
3 2430 1317 2857
3 1317 2680 2857
3 3951 1956 2669
3 3951 2669 2785
3 2785 2669 2250
3 2669 3300 2250
3 2785 2250 2680
3 2250 1544 2680
3 3300 1047 697
3 3300 497 1047
3 3071 208 206
3 3071 206 1183
3 1183 206 3651
3 3651 2253 1183
3 2667 2727 3651
3 3651 3901 2667
3 2823 2667 3868
3 3868 2667 3144
3 3142 3559 3144
3 664 2692 2897
3 664 2897 1716
3 1716 2897 3652
3 3652 1569 1716
3 2897 2078 1066
3 3229 3664 4105
3 4105 3664 1748
3 4105 1748 3555
3 3719 3984 3133
3 3984 3659 3133
3 4018 3659 1766
3 3659 4018 2063
3 3133 3659 338
3 3075 3929 4090
3 2105 1569 3984
3 1665 3843 2452
3 2807 3843 4069
3 3263 4069 3227
3 3227 3424 3263
3 3424 2782 3263
3 3391 3227 3700
3 3700 3286 3391
3 3286 4140 3840
3 3286 3840 3453
3 3286 3453 1195
3 1338 2268 1666
3 1466 1406 3606
3 4161 588 2462
3 3606 1406 1927
3 1927 3007 447
3 3007 965 2214
3 447 2214 3748
3 447 3748 1927
3 1063 2356 3748
3 3748 3824 1063
3 4147 2383 2665
3 1996 2665 3201
3 2383 3201 2665
3 2065 3441 303
3 303 3441 1582
3 3441 2472 1221
3 1221 2472 2872
3 1221 2872 4078
3 2543 3528 1476
3 3528 2543 3381
3 3528 2552 1476
3 2552 2547 68
3 2552 68 1089
3 1089 68 1860
3 2547 3561 3825
3 3825 3561 1878
3 1878 3561 2729
3 3952 957 2729
3 3687 2284 3226
3 3687 3226 957
3 957 3226 2511
3 2284 2799 3226
3 3836 2799 2284
3 2284 1724 3836
3 3159 2303 1769
3 977 3836 3546
3 2290 1377 2799
3 3226 2799 1377
3 1377 110 3226
3 2290 2799 3019
3 2290 3771 2083
3 3771 3019 587
3 587 1392 1468
3 2695 3468 2564
3 1468 2695 3584
3 2695 4070 1116
3 2695 1116 3584
3 4070 4158 4016
3 4070 2255 1856
3 2255 4200 1856
3 3049 1856 3845
3 3049 3845 1687
3 3595 1578 2389
3 2389 1578 1943
3 3425 1625 1578
3 1943 1578 1625
3 851 3425 1638
3 3425 1800 2205
3 3425 2205 1638
3 851 3974 1163
3 1625 3909 3079
3 116 1802 1163
3 3909 1802 1690
3 2521 1770 2030
3 1690 2521 2030
3 2030 1770 3306
3 1928 3833 1770
3 1770 3833 3306
3 3306 3833 590
3 3833 40 590
3 40 174 590
3 3306 1794 2403
3 2403 1794 2257
3 2403 2257 293
3 1794 817 2257
3 293 2257 2060
3 817 3451 2257
3 2257 955 2060
3 2257 3451 955
3 2209 3451 2855
3 3321 2060 955
3 3410 3206 2060
3 1805 2775 3206
3 2060 3206 2775
3 2775 1805 3494
3 1422 3494 1805
3 1422 2993 3494
3 4037 1422 1518
3 29 1518 3260
3 949 261 990
3 990 261 1891
3 1891 802 1332
3 990 2238 1835
3 3669 3601 1191
3 3669 1191 2127
3 1923 2127 3948
3 98 1341 4188
3 1341 1161 984
3 1418 4162 3342
3 1418 3778 4162
3 1418 231 3778
3 3778 231 3362
3 3362 231 3814
3 3605 3362 3389
3 3778 3526 517
3 1688 517 793
3 3526 3605 1631
3 3526 1631 830
3 2432 830 1631
3 830 149 3526
3 149 2010 3817
3 1394 2010 176
3 1394 176 1050
3 176 2010 1967
3 176 1967 1050
3 170 1755 3872
3 1755 3228 3872
3 3872 3228 2779
3 4131 3998 784
3 4131 784 3261
3 3261 784 846
3 3992 3586 983
3 983 3586 3051
3 3677 3051 4045
3 1002 2652 3861
3 3861 2652 776
3 3861 776 1566
3 2652 531 776
3 776 531 3635
3 3985 2135 2481
3 4099 1474 3805
3 3805 2347 4099
3 3805 57 53
3 256 53 2386
3 57 1190 53
3 53 1190 3367
3 53 3367 2386
3 3245 3301 3312
3 3301 3245 2430
3 2857 550 3301
3 2810 550 2151
3 2857 1544 2107
3 1544 697 2107
3 2107 697 1047
3 2107 2879 2151
3 2151 4122 2662
3 3071 195 1210
3 706 759 792
3 706 792 4175
3 792 759 188
3 792 188 1152
3 759 481 188
3 2085 2331 832
3 759 2253 481
3 2253 3158 481
3 3651 3158 2253
3 3651 2727 3158
3 389 2617 1634
3 2617 3158 2369
3 2727 2369 3158
3 3868 3173 2823
3 3868 33 3173
3 33 3868 1489
3 3868 2840 1489
3 1489 2840 4160
3 2137 3144 2840
3 3424 3391 3831
3 3831 334 1063
3 1063 334 3453
3 1195 3453 334
3 2356 1063 3453
3 3831 3824 3344
3 3344 4147 3831
3 3357 1996 844
3 2288 2014 845
3 1996 3201 2014
3 1675 845 633
3 228 633 845
3 303 2531 3686
3 2531 1731 3686
3 1731 971 3686
3 727 3686 971
3 578 4078 3423
3 578 3423 54
3 1461 54 3320
3 54 3423 3320
3 3320 3423 3213
3 4154 4078 2718
3 4154 1860 3825
3 2511 4053 2729
3 3218 4053 3384
3 4053 2511 2410
3 2511 110 2410
3 1797 1529 1952
3 1797 3305 2781
3 1797 2781 1588
3 139 3305 2588
3 139 2588 2497
3 2588 3305 1962
3 1962 1244 2588
3 1962 2578 2515
3 3584 418 1025
3 1116 4016 3584
3 4016 4158 855
3 4016 855 1069
3 1069 855 2959
3 3980 4158 2992
3 3947 3980 3049
3 2183 641 3947
3 3980 3947 641
3 641 1136 3980
3 835 1733 467
3 2183 3947 2389
3 3947 1687 2389
3 2389 1687 3595
3 838 2183 285
3 347 285 1943
3 2919 1772 3079
3 2919 3079 3909
3 2607 2919 3909
3 3768 2607 783
3 2607 1690 783
3 2030 2567 1690
3 1719 2030 3306
3 2567 494 630
3 494 3353 630
3 1449 2751 4185
3 1449 1133 3978
3 3978 684 3809
3 293 2775 684
3 3809 684 3494
3 684 2775 3494
3 3978 3240 1335
3 234 2993 1511
3 3406 3294 1097
3 1097 3759 3489
3 3489 3759 2833
3 2833 3759 2377
3 2377 3670 2833
3 3670 2377 1999
3 2377 2527 1340
3 1999 2377 1340
3 1411 790 1401
3 2763 3117 1742
3 945 1742 3547
3 3117 3275 3547
3 3547 1923 1627
3 1150 1923 3948
3 1627 1150 3894
3 3894 2104 1627
3 98 4188 3018
3 584 1830 3452
3 3452 1830 2884
3 1024 4162 2306
3 3342 4162 1024
3 2306 4162 930
3 930 4162 2132
3 930 2132 3089
3 2132 4162 2629
3 607 2132 3673
3 3673 2227 607
3 355 2227 3673
3 1688 342 3673
3 4156 3673 342
3 3526 793 517
3 342 3817 2036
3 1394 3579 2036
3 634 3866 3059
3 2438 3059 1586
3 3934 1328 2940
3 1328 846 2940
3 3711 4035 269
3 269 4035 1729
3 4035 1022 3196
3 3841 4035 1563
3 3196 1563 4035
3 983 3051 1342
3 1319 1563 284
3 3375 1319 284
3 3375 284 183
3 3374 540 3304
3 3375 1557 540
3 3375 603 1557
3 1557 603 2530
3 603 1021 2530
3 1021 1566 3635
3 621 2878 2219
3 3849 3578 2038
3 2038 3578 2517
3 2517 3578 506
3 3578 3849 1750
3 2235 2347 2315
3 2315 2347 2835
3 2315 2835 506
3 2347 3805 2181
3 2181 142 2835
3 2835 142 3570
3 142 1492 3570
3 2168 2906 1492
3 2181 256 2168
3 1656 2168 256
3 1656 3713 2906
3 3713 2386 3367
3 3713 3367 878
3 878 304 2891
3 425 3679 2705
3 3679 425 3400
3 4175 2662 1210
3 1981 4175 2616
3 2616 792 2414
3 2414 792 1152
3 3942 127 2085
3 832 279 3266
3 3266 279 2862
3 2862 279 1863
3 1709 1611 389
3 4005 1634 1310
3 1634 2617 1310
3 1310 3081 2882
3 4005 1310 2882
3 4195 1508 3627
3 2882 1508 4005
3 393 1556 4195
3 4093 4195 1556
3 324 4021 393
3 1556 393 4021
3 4021 2433 1556
3 4021 4036 2433
3 4036 4021 73
3 73 2288 402
3 845 549 2288
3 2288 549 3918
3 2288 3918 402
3 549 662 3918
3 132 3918 662
3 3961 132 662
3 662 549 1675
3 2354 3686 727
3 727 2128 2354
3 2354 2128 1675
3 1675 2128 191
3 157 4197 2128
3 2128 4197 3016
3 3016 4197 31
3 4197 157 2626
3 2626 157 1852
3 971 1852 157
3 1852 3320 2626
3 1852 1461 3320
3 3237 38 3320
3 2626 3320 38
3 38 823 2626
3 1209 3237 1120
3 3237 3213 1120
3 1120 3213 1245
3 1120 1245 2317
3 1120 2317 4164
3 2345 3234 4164
3 1035 2963 306
3 1035 1516 368
3 368 1516 3218
3 1035 3384 1950
3 1950 3384 3026
3 718 2781 2249
3 2781 3305 139
3 2781 1798 2249
3 1798 2497 1886
3 3726 1886 2497
3 2249 1798 1886
3 2249 1886 3026
3 3726 2497 1619
3 2056 1619 2497
3 3726 1619 4182
3 1367 2056 1741
3 2056 2588 539
3 1741 2056 539
3 539 3699 1741
3 2588 1244 539
3 539 1244 2995
3 539 2995 3699
3 2515 4148 2134
3 314 1484 3976
3 4016 4148 3584
3 1069 2959 3976
3 2932 941 4028
3 1121 4170 1958
3 1733 835 2044
3 1733 2044 2956
3 1240 2956 3350
3 835 2715 2044
3 2956 2044 3350
3 2715 835 3660
3 835 467 3660
3 3660 467 3291
3 1259 310 3703
3 3848 3299 310
3 2169 111 4089
3 3520 2752 310
3 630 1562 356
3 1562 630 901
3 901 3373 1562
3 901 3810 3373
3 3433 901 630
3 3433 3353 1746
3 4185 2751 2322
3 2483 3978 1335
3 2483 1335 2322
3 2322 1335 3295
3 3022 1370 3126
3 1723 2067 3433
3 898 3022 1097
3 1097 3022 3406
3 147 3489 2028
3 147 2028 4075
3 3567 2028 3489
3 3567 3489 3632
3 3632 3489 2833
3 3567 3632 3515
3 3632 1483 3515
3 94 2746 3543
3 1999 1340 3859
3 3859 4208 3015
3 738 2104 959
3 959 2104 1188
3 2104 3571 1188
3 3894 3018 4151
3 1875 3018 4188
3 4151 1875 423
3 4151 423 2658
3 2658 423 3115
3 1875 584 3310
3 3310 584 3452
3 46 652 2213
3 2307 3452 1978
3 2884 1978 3452
3 2213 2307 1978
3 2884 930 3089
3 2132 607 3089
3 3089 196 1404
3 1404 196 1640
3 1404 1640 3796
3 196 2227 1640
3 1640 2227 3163
3 3163 2875 1640
3 2875 3163 768
3 3163 2227 4156
3 634 3059 4156
3 3059 2438 4156
3 2438 3163 4156
3 768 2438 3509
3 2438 1586 1353
3 2438 1353 3509
3 4051 690 3934
3 1820 4051 4024
3 1729 3898 4051
3 3898 3631 4024
3 3631 707 3374
3 1319 3374 530
3 816 3631 1168
3 816 1168 528
3 528 1168 3304
3 2103 3614 1557
3 3614 3009 1557
3 2530 2006 2103
3 1021 3635 2530
3 2530 412 2006
3 3635 2878 412
3 276 2909 621
3 2878 621 2909
3 3576 2909 276
3 2909 3576 1119
3 1119 2721 2909
3 2889 3576 2550
3 3576 3148 2550
3 743 2334 3576
3 3148 3576 2334
3 2334 2219 2566
3 2219 2517 2566
3 333 3442 2334
3 3442 333 3795
3 3795 1857 615
3 1821 2178 171
3 1857 3570 2178
3 171 2178 3705
3 171 1237 1821
3 1821 1237 3427
3 1550 3987 2881
3 2881 290 1492
3 2098 1550 2881
3 2098 3725 1550
3 2098 3713 192
3 3713 2649 192
3 3246 192 2649
3 3725 3246 1989
3 2649 3285 3246
3 1859 2891 3285
3 3679 654 642
3 3679 642 456
3 3285 456 181
3 181 456 201
3 642 201 456
3 639 513 654
3 3207 513 1589
3 639 1235 1981
3 1981 2616 1589
3 4199 3170 2011
3 3942 3266 4092
3 2862 1863 4001
3 1880 3580 3210
3 1705 2323 3580
3 3210 3580 2323
3 1705 3580 1873
3 4005 1508 4195
3 1126 4005 4195
3 2488 1126 4195
3 3754 1009 378
3 1052 378 1009
3 1052 2433 3746
3 2433 4036 623
3 2433 623 3746
3 3918 2987 3914
3 191 3016 3961
3 3016 3714 395
3 4197 2491 2768
3 2740 1597 3273
3 1597 823 1305
3 4164 76 1148
3 76 3056 4132
3 76 4132 1148
3 2963 1313 3056
3 4202 3056 1313
3 4202 1313 1950
3 4202 1950 3026
3 2844 1388 3383
3 3383 1388 3446
3 1683 1388 440
3 1683 440 226
3 1683 1503 3873
3 3907 1367 1741
3 1741 2133 3907
3 2663 726 3907
3 2663 3511 4110
3 4110 3511 2493
3 3511 3699 2493
3 2493 3699 2033
3 3699 3236 2033
3 3699 2995 3236
3 2995 2515 3236
3 3236 2134 3788
3 3788 2134 1484
3 314 3788 1484
3 314 1109 3788
3 2957 3788 4170
3 1109 4170 3788
3 4170 1121 286
3 3650 286 2956
3 1240 2761 3650
3 1460 122 3020
3 45 3020 3660
3 45 1259 1219
3 1179 2507 3475
3 3503 3475 2507
3 2507 2601 3503
3 2601 3703 2156
3 3638 2156 2169
3 3810 901 929
3 1616 3638 3179
3 2349 3179 3638
3 2349 316 1838
3 2349 2646 3179
3 2646 3810 3179
3 3179 3810 4101
3 3179 4101 3444
3 3179 3444 4211
3 3444 936 2811
3 3444 3536 4075
3 3536 898 4075
3 1571 1263 2600
3 2968 3932 1426
3 3515 3462 2670
3 3543 3015 4186
3 3015 3749 4186
3 3045 3749 959
3 4032 4074 1188
3 4074 4032 16
3 2109 1615 3364
3 2109 3364 794
3 794 3773 2316
3 3046 3115 1911
3 3046 1911 2049
3 307 807 2851
3 1079 2699 3743
3 1079 3743 2962
3 3743 3527 2428
3 2428 3527 544
3 2771 3527 3989
3 46 3545 3989
3 46 2213 3545
3 1978 2407 3545
3 1371 2407 1404
3 1371 1404 102
3 102 1404 3796
3 1404 2407 3089
3 102 3796 3186
3 3796 3303 3186
3 3303 1060 3186
3 2243 3796 1640
3 3303 2243 2425
3 2243 583 2425
3 583 2022 2610
3 3509 1630 2022
3 2610 2022 1630
3 3509 3432 1630
3 1630 3432 4059
3 3432 3509 1788
3 1701 1788 3437
3 1820 3549 4119
3 182 952 4119
3 4125 3549 816
3 1820 4024 3549
3 3549 4024 816
3 3631 816 4024
3 3068 4125 3614
3 3068 3614 4103
3 2551 625 3068
3 625 3477 3068
3 2551 4103 466
3 466 4103 2889
3 4103 2103 2721
3 2721 2103 2006
3 2889 4103 2721
3 2551 466 821
3 2551 821 1738
3 466 2550 821
3 1738 821 1889
3 2744 1307 2550
3 2550 1307 821
3 821 1307 1889
3 2744 3148 3767
3 2744 3767 1307
3 3767 3795 1410
3 1410 1160 521
3 1593 1410 521
3 1593 1670 1410
3 3767 1410 1670
3 1593 521 3028
3 1337 521 746
3 1337 746 2602
3 1160 746 521
3 2602 746 562
3 1061 3427 2556
3 165 2556 1237
3 1550 207 3987
3 3343 3987 1715
3 1989 3246 181
3 1989 181 1458
3 3288 201 414
3 1387 414 2007
3 2015 2007 3207
3 4030 3257 2015
3 2011 1157 4199
3 1274 1589 2090
3 2737 1157 906
3 2737 906 1669
3 906 339 3253
3 339 2011 2019
3 3170 3942 3139
3 2046 3139 4092
3 4092 3647 2046
3 197 2926 13
3 2926 3647 4001
3 874 2149 1592
3 1592 2149 1268
3 1592 1268 3706
3 3706 3293 1527
3 1527 3293 2599
3 3293 3557 2599
3 4093 1633 2488
3 4093 1009 1633
3 1633 1009 2052
3 1633 2052 3469
3 2052 974 2977
3 3469 2052 2977
3 3754 3554 2176
3 3754 4121 974
3 453 3564 1777
3 3564 453 3720
3 2987 391 1777
3 391 3720 1777
3 453 1777 3720
3 3564 1005 2293
3 3720 2089 1005
3 2089 546 1005
3 546 2089 3333
3 2970 3775 1691
3 2970 1691 3641
3 2768 801 1691
3 2295 801 1471
3 2740 3273 2885
3 2295 2885 510
3 2633 1148 1570
3 1513 1570 1668
3 1148 4132 1570
3 3721 1942 1356
3 3721 451 1942
3 1644 3721 2251
3 3910 3383 3446
3 3446 4031 3910
3 2856 3446 1683
3 2724 889 3873
3 612 3873 889
3 2594 4182 1966
3 2724 1966 3624
3 3177 1966 2342
3 3177 2342 2367
3 726 3731 2367
3 3731 726 48
3 48 726 3235
3 48 3235 2809
3 3731 1090 107
3 4110 1517 3235
3 2809 3235 137
3 616 1361 4110
3 1361 616 942
3 26 2093 2611
3 2093 2033 2611
3 2033 10 2611
3 2033 3236 2957
3 2957 4170 3650
3 2093 2140 942
3 942 2140 2619
3 2619 2140 2478
3 56 2761 3350
3 2 2478 2140
3 2478 2 1961
3 3328 3167 1760
3 2822 3020 122
3 411 1179 2838
3 2838 1460 411
3 4165 1179 3475
3 3475 4046 3931
3 1613 4046 3696
3 1613 3696 1616
3 1613 2498 3931
3 2498 2811 2001
3 2498 2001 3684
3 3684 2001 2600
3 1571 2811 936
3 2001 1571 2600
3 444 1331 675
3 675 1331 1712
3 444 675 3516
3 3053 444 3516
3 3053 3516 852
3 675 2357 3465
3 2357 1712 2903
3 3465 4026 3516
3 2357 1030 3465
3 1948 198 1567
3 1567 198 2631
3 1567 2631 1030
3 3804 2631 198
3 3804 2068 2631
3 1948 3663 3804
3 1657 3804 3663
3 3663 3045 4074
3 1811 1657 2216
3 1811 2216 3271
3 2216 1657 1726
3 16 4032 1657
3 1726 443 2216
3 14 2109 1844
3 1615 2109 14
3 1528 573 2316
3 2316 1129 2975
3 2316 3773 1129
3 3268 3773 2658
3 3268 3115 3046
3 4098 3928 3853
3 307 2851 2080
3 4210 4098 2962
3 3853 2962 4098
3 2494 3743 2225
3 2428 2225 3743
3 1813 2225 2428
3 1813 2428 2458
3 2458 2428 337
3 2428 544 337
3 2771 2676 544
3 544 2676 337
3 2464 2678 981
3 2678 1048 981
3 981 1048 2637
3 2678 1975 3385
3 1060 2945 3297
3 579 3303 2425
3 3478 3434 1685
3 2805 1199 1685
3 1685 1199 2364
3 2364 1199 1885
3 1702 1885 1199
3 1702 182 3946
3 3946 182 2434
3 3946 2434 1040
3 1040 2434 1572
3 3477 164 3549
3 1738 1889 1396
3 1396 1889 2027
3 1396 2027 2234
3 2234 2027 1972
3 2043 1889 1307
3 2479 3150 4144
3 3150 1283 4144
3 2246 1283 2820
3 3028 521 1337
3 1337 457 3028
3 3028 457 1667
3 457 112 4061
3 457 4061 1667
3 3052 3221 112
3 2602 2226 3052
3 1867 3052 2226
3 3427 1061 1867
3 3221 3052 1061
3 1867 1061 3052
3 112 3221 4061
3 900 3221 365
3 365 1715 900
3 2556 165 365
3 165 1715 365
3 4061 1715 1658
3 1658 1715 715
3 1658 715 1926
3 715 1715 3987
3 715 3987 3484
3 3484 3987 207
3 4050 1658 3288
3 1926 3288 1658
3 1387 1841 2355
3 2355 1841 4130
3 2007 4130 1841
3 4130 2007 3257
3 3493 1065 2749
3 2893 1816 4049
3 1816 2893 3896
3 3688 2737 1223
3 3688 1223 2190
3 3896 3688 2190
3 839 1053 1223
3 839 2592 1053
3 1053 2592 3302
3 1053 3302 2519
3 2519 3302 602
3 2592 2814 3302
3 602 3302 3361
3 2592 17 2814
3 3253 519 915
3 3253 915 1236
3 519 2019 3139
3 2171 943 2252
3 2640 902 2057
3 2171 2046 4086
3 811 4086 394
3 197 3997 394
3 394 3997 811
3 2444 3997 369
3 13 1592 2329
3 1592 13 874
3 4001 874 2926
3 2329 1592 2449
3 1592 3706 2449
3 3706 1249 2449
3 3706 1527 2533
3 3706 2533 1249
3 2976 3076 1527
3 2976 2487 3469
3 2487 3557 3469
3 3469 2977 1470
3 2977 2802 2292
3 2292 2802 2291
3 2953 1974 698
3 1974 2293 698
3 2291 2802 2953
3 2953 3510 1485
3 2260 2924 2861
3 1850 486 3345
3 3472 2295 510
3 2845 4218 3472
3 3472 1982 1737
3 1737 1982 2618
3 2677 1737 2618
3 1982 510 1266
3 1668 1266 1513
3 2677 999 1737
3 1737 999 2435
3 944 1998 999
3 237 999 1998
3 2677 1256 944
3 451 200 2677
3 1256 2677 200
3 1256 200 1768
3 1768 200 1644
3 1565 1768 3323
3 214 2251 1659
3 3407 2020 1504
3 1686 3417 3537
3 3537 3044 1686
3 4031 3044 3537
3 3044 2378 4104
3 3873 612 2378
3 4104 2378 612
3 4015 889 908
3 3214 908 3624
3 3772 3214 966
3 3315 966 3214
3 3772 966 3616
3 912 3616 2939
3 2939 3616 1090
3 3616 966 2834
3 3616 2834 1248
3 1248 107 3616
3 3889 2834 966
3 3889 966 3315
3 3315 2241 3889
3 3177 2367 2129
3 1248 825 3731
3 2809 3522 1090
3 2368 3137 962
3 907 3672 3137
3 3639 3426 28
3 907 2760 3094
3 1898 3818 2760
3 2031 1361 942
3 3212 1185 3715
3 3715 1185 2469
3 1185 998 4084
3 4084 2469 1185
3 2478 4084 998
3 4084 2478 1961
3 4084 2136 47
3 3328 1870 1311
3 2965 1855 3318
3 980 1855 4022
3 1944 2838 677
3 3950 618 3282
3 2689 2911 2984
3 2689 2984 1739
3 2911 2344 2657
3 2344 4165 129
3 852 227 3053
3 853 4063 3671
3 853 3516 4063
3 1874 4063 2297
3 3516 4026 4063
3 2297 2778 2864
3 4115 2560 4026
3 74 4026 3465
3 74 2276 4115
3 2631 2068 2276
3 2276 3667 2212
3 3667 85 2212
3 3043 3124 1937
3 3271 2198 390
3 2198 3519 390
3 2595 1844 2198
3 2198 1844 3649
3 2198 3649 3298
3 2198 3298 3519
3 1528 2975 3649
3 3298 3649 2975
3 404 548 4172
3 2873 2795 1435
3 2873 4098 2795
3 2795 2494 3729
3 2494 2225 3729
3 704 3729 2225
3 704 257 865
3 257 1813 3460
3 3460 1813 2458
3 3460 2637 1048
3 2058 1048 2678
3 3925 2058 1228
3 1228 3385 2366
3 3385 4184 2366
3 1309 1975 3297
3 1228 2366 3925
3 3380 3925 2366
3 2541 2366 4184
3 4184 4135 2541
3 4184 2728 4135
3 2541 2673 2553
3 2673 2194 2553
3 2673 4135 3434
3 2553 2194 2055
3 2194 1789 2055
3 2055 1789 30
3 1789 1888 30
3 3946 1885 1702
3 280 3924 873
3 1963 280 1427
3 873 1427 280
3 1427 873 1040
3 868 3230 1427
3 2234 1972 3230
3 499 3230 1972
3 1972 2590 499
3 2590 1972 1545
3 499 1612 1346
3 1612 2590 1931
3 2590 4144 1931
3 1612 2162 1346
3 1346 329 2468
3 2468 329 1708
3 2162 3087 1365
3 2162 1612 1931
3 2172 2820 1084
3 3028 1667 1102
3 3031 1102 2353
3 4050 2353 1102
3 3288 2355 4050
3 2353 4050 2355
3 2353 1651 728
3 1651 99 3085
3 1075 4130 3493
3 3175 3990 3763
3 4137 3763 92
3 92 3829 4137
3 92 1610 3829
3 2393 1818 1816
3 3794 1818 934
3 1816 3896 2393
3 2190 2393 3896
3 3183 2190 1223
3 1053 2519 3183
3 2996 2519 602
3 1846 3361 343
3 3302 2624 3361
3 2814 1236 3302
3 3302 1236 774
3 3302 774 2624
3 1236 2252 774
3 2624 774 3064
3 3568 163 3607
3 811 292 3607
3 811 3997 292
3 1105 1014 3953
3 1014 273 3953
3 229 282 273
3 3574 273 282
3 282 2647 3574
3 229 498 649
3 649 498 63
3 649 63 585
3 498 1383 63
3 585 63 982
3 1383 2480 2444
3 1383 2444 3450
3 2480 480 2444
3 480 3997 2444
3 2138 591 2449
3 1249 2533 2449
3 3076 2173 2533
3 2292 3776 2173
3 2292 2291 3776
3 3776 982 2138
3 649 731 282
3 282 731 2647
3 2647 731 3510
3 3014 344 3574
3 88 3574 344
3 1552 1231 4192
3 3014 2180 133
3 4192 1294 2260
3 2180 3510 133
3 771 617 3345
3 771 3345 1525
3 4192 1525 1212
3 1671 1781 2604
3 1671 3842 4108
3 1671 2604 2465
3 2465 2604 3134
3 2465 3134 2165
3 1795 2165 3122
3 2165 2845 694
3 694 2845 2435
3 3152 3712 2457
3 3712 2435 237
3 2457 3712 283
3 2510 2671 3048
3 1348 1443 211
3 211 1443 3407
3 3621 3323 1056
3 3621 1056 2020
3 3530 1504 1819
3 1819 1504 2942
3 1504 2020 2942
3 1205 3044 4104
3 1205 1110 2139
3 3044 1205 2139
3 1110 1564 2139
3 2159 3844 1431
3 3023 1431 3844
3 3828 2159 1431
3 994 1200 2513
3 2513 2421 3023
3 1085 3023 1203
3 2421 1203 3023
3 2421 4015 908
3 2421 908 3214
3 3153 935 2854
3 570 3405 3153
3 1979 3405 570
3 1979 712 2598
3 2854 34 712
3 2598 712 34
3 34 246 2598
3 3820 537 1842
3 1842 912 3752
3 962 3752 912
3 962 912 1594
3 912 2939 1594
3 1594 2939 3522
3 500 3137 3672
3 500 3672 3181
3 848 763 3426
3 1757 763 2280
3 848 2427 734
3 734 2455 848
3 2427 3525 734
3 3525 1330 4017
3 3525 4017 238
3 3525 2289 1909
3 4039 4017 3318
3 3318 501 4039
3 3386 501 514
3 3386 1243 3994
3 1100 2679 785
3 3386 514 2679
3 785 2679 980
3 1540 1100 2838
3 1420 1206 4180
3 4165 359 1206
3 1206 359 3950
3 4180 1206 3950
3 4080 2440 3282
3 2545 1735 3282
3 1990 1735 2545
3 1735 3915 2684
3 2271 1186 1990
3 190 1558 2271
3 2271 1558 1186
3 1558 1883 1186
3 3130 2545 1456
3 2380 221 1899
3 1397 3542 3055
3 3506 3671 1499
3 3671 1635 1499
3 1499 1635 4067
3 1499 4067 2325
3 1635 3671 1874
3 1635 1874 3569
3 3569 1874 2297
3 2153 4115 2148
3 2486 2143 1520
3 2486 1866 2143
3 2486 85 1866
3 1937 3806 1866
3 3806 972 1866
3 3033 1930 3519
3 548 404 1969
3 404 536 1969
3 1459 1853 3755
3 2874 3755 1853
3 1853 1459 4172
3 3729 2115 4172
3 4172 2115 2557
3 1853 4172 2557
3 2557 2115 2333
3 2333 384 2557
3 2628 3187 884
3 884 3187 914
3 156 2628 2035
3 156 1034 3187
3 3187 1034 3856
3 1034 2612 3697
3 2035 2990 2612
3 2990 3925 2612
3 1048 2058 3460
3 3460 2058 2990
3 2058 3925 2990
3 2612 3925 3822
3 1405 3697 3822
3 1815 3697 2468
3 3697 1405 2468
3 1815 1708 32
3 1815 32 3856
3 3856 32 3926
3 3781 3558 239
3 3558 4145 1465
3 1465 3087 357
3 800 4144 2246
3 2172 2780 2246
3 8 2246 2780
3 2780 1451 8
3 2780 1273 1451
3 797 1451 2575
3 797 2575 357
3 357 2575 243
3 243 2575 1198
3 885 299 3532
3 299 3341 3532
3 3341 1273 958
3 3532 958 1010
3 3119 340 4056
3 1295 778 4038
3 1027 3085 2170
3 4038 1075 3990
3 3990 3175 4056
3 1075 3493 3990
3 4060 2941 4137
3 3763 4137 2941
3 577 2229 4060
3 887 4118 3198
3 4118 577 3701
3 3524 3701 1846
3 2447 3524 3995
3 871 1475 3790
3 343 3361 1475
3 3361 2624 1475
3 2624 2099 1475
3 3064 3277 2099
3 3575 2099 3277
3 973 3575 2409
3 3575 3376 2843
3 3575 2843 2409
3 3533 993 3702
3 3533 3702 3217
3 3702 993 2054
3 2054 993 43
3 2054 43 88
3 993 3568 43
3 88 43 3953
3 344 422 2054
3 1552 1380 3702
3 1380 1212 4108
3 3842 4141 2742
3 3842 4204 4141
3 4204 1642 4141
3 4204 3846 1642
3 4204 2051 3846
3 1795 3816 3957
3 3957 3816 2720
3 3957 2720 515
3 3816 3122 1506
3 3816 1506 251
3 251 3063 3816
3 251 4066 3063
3 251 1506 4066
3 2457 2904 2501
3 2904 283 2360
3 2360 283 3048
3 2360 70 2824
3 2824 70 3991
3 1147 3485 3991
3 3991 3048 2539
3 2539 3892 289
3 1348 3791 3086
3 1348 3086 1347
3 3086 3791 2971
3 3086 2971 1234
3 2971 3791 1763
3 3791 1734 1763
3 1082 3161 3474
3 1082 3474 1151
3 3844 490 1564
3 3933 2159 3828
3 2222 3933 3165
3 3165 3828 767
3 767 3828 4133
3 4133 3828 2017
3 2017 2817 1117
3 3622 1117 2817
3 3620 2770 2167
3 2167 2625 3620
3 2625 708 939
3 939 708 3408
3 708 2598 3408
3 939 3408 436
3 436 3792 939
3 436 1072 3792
3 1436 1486 436
3 1486 1072 436
3 4187 1486 1436
3 1072 1486 1515
3 410 1326 4187
3 4126 410 4187
3 1436 525 3902
3 520 3902 653
3 525 246 3902
3 653 3902 3314
3 653 555 520
3 4126 520 555
3 555 653 1051
3 1051 3372 555
3 3181 3083 1051
3 1694 1051 3083
3 2280 3083 1757
3 2929 2280 2455
3 2929 1609 2324
3 4064 2660 3983
3 967 4064 3499
3 535 4064 3507
3 3983 4039 3507
3 1934 2877 3994
3 2890 1243 917
3 4180 3012 1420
3 327 1932 3398
3 2126 3993 3915
3 3993 2126 109
3 109 2126 777
3 109 777 4083
3 4083 777 1664
3 1664 777 2325
3 2126 1186 777
3 2325 777 1186
3 4067 2490 1664
3 599 1664 2490
3 3223 2490 2846
3 3223 870 1029
3 3569 2750 4025
3 2864 3710 926
3 3483 2864 2002
3 926 2002 2864
3 4088 2456 3710
3 926 3710 2456
3 4088 3710 1584
3 3613 1584 4189
3 1584 3710 2153
3 1520 4189 1584
3 972 3835 2143
3 4068 2143 3835
3 3835 1031 4068
3 972 3806 3835
3 3835 3806 3069
3 3069 2415 3835
3 2793 3069 3806
3 2793 3806 3904
3 121 2793 3904
3 121 3755 2018
3 3443 2018 3326
3 3755 4054 2018
3 1176 1524 2874
3 4054 2874 1524
3 3035 1176 667
3 667 4117 3035
3 3837 3035 4117
3 667 384 2333
3 2333 914 667
3 914 2333 884
3 3926 914 3187
3 239 4117 3781
3 239 2261 3837
3 2525 1304 2261
3 4167 2261 1304
3 1198 2024 3897
3 3897 243 1198
3 3897 1465 243
3 3110 2193 4139
3 2193 3110 3258
3 3258 3110 3198
3 3258 3198 2230
3 477 3258 2230
3 2193 3258 3906
3 2867 3269 477
3 1703 477 3269
3 2867 2411 836
3 2411 1745 836
3 836 1745 529
3 1745 3744 2712
3 3744 1745 2473
3 1745 1477 2473
3 2473 1477 1413
3 2473 1413 3500
3 1413 1477 3718
3 1413 3718 2535
3 2535 3718 2447
3 2535 3486 3556
3 1467 647 51
3 51 647 2409
3 2409 647 973
3 2409 172 51
3 51 172 3399
3 2409 295 172
3 295 377 172
3 2843 295 2409
3 295 1270 377
3 3390 3376 3533
3 1270 3390 1605
3 1329 3038 1272
3 3217 2113 3533
3 2113 1172 3038
3 1008 3217 3702
3 1008 1138 3217
3 1776 3036 1008
3 4215 2034 2518
3 1776 2518 1312
3 4215 2742 2034
3 4141 2034 2742
3 1339 2051 3957
3 1339 515 3666
3 1339 3957 515
3 1751 1091 2786
3 1001 1808 3471
3 3471 1808 2720
3 3471 2720 3063
3 3063 2220 3471
3 3002 1194 1007
3 3002 1007 3827
3 2708 3750 3492
3 3492 4066 2501
3 1399 3157 3396
3 3157 3267 2693
3 3157 2693 3396
3 3991 1532 2824
3 2693 2824 1532
3 507 1779 3736
3 1532 507 4029
3 3736 4029 507
3 3736 1779 2459
3 1779 3485 2459
3 2459 3485 1016
3 3086 1016 3485
3 3086 3485 1347
3 1213 1234 3464
3 1213 3464 2694
3 1016 2694 1580
3 2508 1234 2971
3 3464 3479 3876
3 2508 1139 2299
3 2722 128 2818
3 274 1197 248
3 803 248 1197
3 1197 274 3165
3 2112 3694 2674
3 3620 4111 3622
3 2770 3620 3622
3 3792 2625 939
3 1617 209 1515
3 1617 1515 1696
3 3870 1494 1211
3 1211 1494 837
3 1494 4033 837
3 4033 2013 3193
3 3193 2013 3325
3 3193 3325 3419
3 3419 3325 1595
3 3355 2013 2237
3 3355 2237 1326
3 2013 3870 2237
3 3355 1275 159
3 2949 159 1275
3 1275 2351 2570
3 253 808 1561
3 253 1167 808
3 808 1167 151
3 594 1554 2236
3 1554 1546 565
3 3766 1823 3499
3 3473 899 3107
3 3473 3107 2003
3 2003 3107 1357
3 2003 1357 2877
3 2877 3250 2003
3 1646 2890 180
3 1207 1646 1146
3 180 1146 1646
3 1096 1207 1146
3 1207 2825 1187
3 3655 1187 770
3 770 1187 2916
3 3141 2248 232
3 232 2248 2916
3 232 2916 216
3 177 3653 2248
3 3653 2463 2955
3 2923 2955 2899
3 3993 3199 2463
3 2955 2463 3199
3 3143 4083 599
3 1664 599 4083
3 2784 3223 3963
3 3223 1029 3963
3 3963 1029 3850
3 1029 3401 3850
3 1029 2849 3401
3 2002 373 2750
3 1402 2750 373
3 926 1032 2002
3 373 2002 1032
3 3222 3412 2849
3 1115 2849 3412
3 1232 2296 2456
3 2456 4088 1232
3 3067 2123 1232
3 2114 1232 2123
3 2114 2123 4127
3 3067 3613 4176
3 3109 2077 4189
3 4189 4002 3109
3 4002 4068 2391
3 2391 780 4002
3 2391 1031 3883
3 3883 2415 523
3 3883 523 3629
3 2415 3069 3797
3 3797 3069 9
3 3326 9 3443
3 4055 3326 2664
3 2664 3326 2018
3 2664 2018 4054
3 4054 1524 2664
3 4055 2664 1108
3 4167 1304 1895
3 1108 4167 1895
3 460 1108 1895
3 2901 4139 4027
3 2193 3906 826
3 4183 826 3308
3 836 2273 2867
3 2867 2273 3269
3 3269 2273 3000
3 2273 529 2712
3 2712 2023 2273
3 2712 3787 2023
3 3366 3986 798
3 2783 798 3986
3 2097 2783 3986
3 3787 2712 3313
3 3787 3313 3366
3 3313 1884 4191
3 2772 2554 358
3 35 1747 701
3 3500 701 1747
3 3500 1413 3556
3 701 3500 3556
3 2702 2591 2672
3 2591 2702 2622
3 3486 3995 1070
3 2591 7 3166
3 3166 7 3101
3 3166 3101 3105
3 7 3399 3101
3 4138 3101 377
3 1270 660 4138
3 1270 1605 660
3 4138 660 2110
3 2110 660 250
3 660 3339 250
3 2966 3339 1329
3 1605 1329 3339
3 2540 3339 2966
3 1246 3339 3960
3 3471 1194 3002
3 3002 3827 118
3 4109 3827 787
3 787 3827 3488
3 3360 3488 2738
3 3488 3827 3636
3 3636 3827 1007
3 3636 1007 3750
3 3636 3750 1596
3 3636 1596 719
3 2708 3267 3157
3 3988 1968 1399
3 3593 3988 4029
3 3736 2459 2623
3 3683 1581 2197
3 2459 1580 2623
3 1580 2694 3596
3 631 3581 3596
3 2197 3581 3347
3 3581 631 2374
3 2374 1663 3581
3 2374 631 661
3 631 3876 661
3 661 3876 3884
3 297 3941 3821
3 3941 4177 2905
3 248 4178 760
3 248 803 4178
3 2685 96 4178
3 96 2685 1825
3 1825 2685 3694
3 3694 2112 1825
3 1825 850 96
3 850 202 975
3 559 975 202
3 559 3397 975
3 1004 2587 4111
3 559 2674 2587
3 3560 1696 1211
3 1211 837 3560
3 2443 3560 837
3 4033 2443 837
3 2310 2443 210
3 3193 3419 3090
3 748 2470 3461
3 3461 2470 1344
3 2470 1595 1344
3 3765 1290 722
3 3900 1350 2570
3 1275 2570 1350
3 808 1491 1321
3 1624 1491 2236
3 1452 2236 722
3 722 2236 3739
3 3461 2734 3737
3 2734 3765 3100
3 2734 3100 3132
3 3132 3100 1721
3 1721 3100 2304
3 2304 2691 2791
3 2908 2691 2412
3 2412 2994 2908
3 2412 2555 2994
3 3577 1823 1918
3 1918 1823 3766
3 3577 1918 50
3 3577 50 2994
3 1918 899 50
3 50 899 3473
3 50 3473 2994
3 3473 3182 2994
3 2398 3930 1473
3 2532 1573 1941
3 1573 2916 3037
3 1573 770 2916
3 3037 2248 3903
3 3903 2923 3633
3 3633 2719 3903
3 3633 547 1782
3 3633 2923 547
3 1782 547 1720
3 2923 2899 547
3 547 2899 2373
3 547 2373 1720
3 2899 3727 2373
3 1720 2373 3770
3 2373 3727 3770
3 2969 259 3727
3 2596 2969 3979
3 2969 1602 2832
3 2832 1602 2177
3 2832 2177 1507
3 1602 2899 2177
3 2177 3199 3189
3 3963 3143 2784
3 1507 1817 2832
3 3886 2821 1817
3 3535 1817 2821
3 2821 3886 2147
3 2147 2343 2821
3 2147 1271 3365
3 2343 2147 3685
3 3365 3685 2147
3 318 1271 3401
3 1271 3850 3401
3 341 3401 1115
3 341 1115 364
3 364 1285 341
3 364 3413 1285
3 2012 3412 3518
3 3518 3412 3222
3 4127 1019 1318
3 1318 1019 1840
3 3583 1693 2062
3 1693 4205 2062
3 1693 2915 4205
3 1693 3583 1158
3 1158 4096 1693
3 3040 1693 4096
3 2123 4176 1158
3 4176 4096 1158
3 2077 1424 950
3 1424 2077 3109
3 3109 1831 1457
3 869 469 4002
3 869 4002 3888
3 3888 4002 2506
3 2418 780 3883
3 3205 1114 3629
3 3977 271 2467
3 271 3566 2467
3 1457 856 1424
3 1424 856 648
3 856 3977 2152
3 2697 3459 2812
3 3498 710 1824
3 710 3459 460
3 460 1824 710
3 460 3602 1824
3 2278 3498 2492
3 2492 4096 2278
3 4096 2142 2278
3 2278 2142 2573
3 648 2573 950
3 869 3888 3566
3 3888 302 3205
3 3040 4096 184
3 3040 184 3000
3 3000 392 2915
3 3241 2915 392
3 1796 3241 392
3 3000 2023 392
3 2097 3986 1038
3 1814 3986 3200
3 4191 624 2053
3 4191 2053 3972
3 89 2041 624
3 89 4191 1674
3 358 1674 2772
3 2392 3823 3105
3 3823 358 186
3 186 358 1747
3 186 1747 1180
3 1180 1747 35
3 1180 2460 3166
3 3166 2460 2591
3 3823 2392 2615
3 2041 3823 2615
3 2392 2863 105
3 2863 2392 2499
3 2499 3101 4138
3 4138 2110 2499
3 105 2863 3878
3 3960 3878 2863
3 656 3617 3463
3 3463 3617 3208
3 461 3208 3617
3 461 3360 3208
3 461 3488 3360
3 3678 3360 3112
3 2283 1894 140
3 1269 450 3112
3 1711 450 3999
3 2714 1269 2738
3 2738 3636 2714
3 2714 3636 3999
3 3999 3636 719
3 4072 2526 3191
3 3988 2709 3191
3 3191 2709 940
3 1509 3593 1359
3 1509 1359 263
3 2668 1359 2931
3 1359 3593 4012
3 1359 4012 2931
3 2931 4012 3683
3 2394 240 1478
3 1478 240 245
3 1478 245 2603
3 1432 3347 2239
3 2239 3347 3581
3 3581 1663 2239
3 3608 2239 1663
3 3608 1127 2239
3 1127 3512 2069
3 3512 1011 2069
3 1663 2374 3608
3 1134 3608 2374
3 1134 1837 3812
3 1837 818 297
3 3394 297 3821
3 3821 476 3394
3 476 3821 4174
3 3821 3941 568
3 568 3941 1423
3 3550 3487 1423
3 3550 2905 1652
3 1834 2605 1965
3 4178 2117 1965
3 1965 2117 3388
3 3352 1077 1713
3 1077 3388 552
3 3388 3397 552
3 1713 1077 3438
3 552 593 1077
3 3438 1077 593
3 552 3560 593
3 593 2310 3438
3 1279 210 1543
3 1543 210 1985
3 1543 1985 3090
3 3090 2166 1543
3 1279 1543 3382
3 2166 2584 1543
3 1543 2584 90
3 1543 90 3382
3 2584 2166 3704
3 3704 2166 2946
3 3704 2946 866
3 3090 2946 2166
3 2946 3090 3419
3 3132 3737 2734
3 3737 3132 2184
3 3737 2184 3927
3 714 2401 3132
3 1721 714 3132
3 1521 123 1178
3 123 1721 2304
3 123 2304 1178
3 2791 1026 3939
3 1744 1941 3938
3 732 1941 3565
3 732 3565 2187
3 732 2187 1949
3 1949 4142 732
3 4048 2187 2390
3 4048 2390 682
3 3565 2390 2187
3 2390 3265 4071
3 1727 448 3633
3 1727 1935 3747
3 2621 2630 421
3 2621 259 2596
3 1799 4019 2596
3 4019 1284 2596
3 1799 3912 1173
3 872 1799 1173
3 3535 2661 1132
3 1924 1132 2504
3 2739 2504 1132
3 3685 1204 2675
3 2675 1204 1793
3 1204 3685 938
3 938 3365 1728
3 1728 3365 847
3 1728 847 3885
3 3885 847 628
3 628 1285 2925
3 2925 2735 628
3 1285 3413 2925
3 2925 4124 1661
3 1661 4124 1376
3 3968 3609 1531
3 4091 3073 4095
3 1947 2794 3204
3 1947 1553 1376
3 1376 1553 1661
3 3204 1291 1553
3 3916 1291 3204
3 3916 2008 1922
3 3116 3612 3916
3 3612 721 3916
3 3138 3116 3745
3 3745 3116 3972
3 3138 3745 4023
3 2053 1583 3599
3 2615 2426 2041
3 2615 105 2116
3 3878 2116 105
3 3599 3463 1537
3 1300 3599 723
3 1537 723 3599
3 1537 3463 3208
3 3585 686 3753
3 1827 3502 3585
3 1827 2283 3502
3 3502 2283 2327
3 104 2283 1629
3 1629 140 3238
3 1711 3999 2526
3 4072 442 2514
3 442 3793 2514
3 4072 3191 928
3 3191 940 928
3 2603 730 877
3 1752 877 730
3 3962 1752 3834
3 730 3834 1752
3 730 2603 245
3 3203 730 240
3 245 240 730
3 3203 2239 3834
3 3802 3962 2902
3 1277 2069 1011
3 1678 2842 1277
3 3164 1277 2842
3 2842 1678 4146
3 737 2842 4146
3 2938 3512 3812
3 2512 3783 3394
3 3394 3783 2938
3 3783 1945 2938
3 1945 3783 754
3 2384 2512 4174
3 4174 3487 441
3 1164 3550 1834
3 1164 1834 1965
3 1910 1713 3438
3 3643 3382 1093
3 441 1093 632
3 2512 2384 3875
3 3875 2384 3128
3 3875 125 1861
3 2446 3021 2436
3 3431 2436 3704
3 2286 3704 572
3 866 2184 572
3 572 2184 2401
3 2286 3760 4041
3 3431 4041 2777
3 2145 1360 1510
3 3420 1614 3280
3 3280 2154 3938
3 3280 3938 4142
3 4048 682 3858
3 3858 682 4071
3 3858 4071 3801
3 1446 4201 1490
3 4113 4019 2837
3 2837 3630 4113
3 582 173 3630
3 1171 3630 173
3 3501 173 582
3 3501 2632 173
3 3501 2837 4003
3 4003 2837 1173
3 1173 2837 872
3 4003 2504 2059
3 3113 2059 2504
3 1345 3895 2675
3 3895 3685 2675
3 1345 2675 3623
3 3623 4073 1345
3 1753 3623 1793
3 3637 1753 4058
3 1793 4058 1753
3 4057 4020 1378
3 1378 3592 509
3 509 3592 2371
3 2371 557 509
3 721 1314 143
3 2869 4020 2461
3 2735 2461 3885
3 3756 1661 1553
3 3612 3138 446
3 446 3138 268
3 268 3807 446
3 2371 3807 557
3 3807 3740 2413
3 3292 3740 1971
3 3678 765 1537
3 3740 4023 1971
3 4023 723 1971
3 765 723 1537
3 3292 3281 3070
3 3070 3281 4057
3 2577 1645 2211
3 2211 1645 3949
3 3722 3949 1645
3 3722 3096 3502
3 3585 3502 3096
3 3722 553 3949
3 2933 2524 614
3 614 2524 1629
3 2933 3819 2767
3 4077 2773 2907
3 4077 2907 1905
3 3656 4077 4203
3 2948 2773 3973
3 3832 3973 2773
3 3780 538 2961
3 3802 2902 2496
3 3780 3039 2282
3 3039 2961 3164
3 737 3194 2842
3 3194 2576 353
3 2576 321 1887
3 464 3920 321
3 4217 3920 3803
3 3140 3920 464
3 754 3140 1945
3 4146 1945 3140
3 1861 1730 136
3 1730 125 3887
3 385 3692 3211
3 3692 2757 3211
3 2757 21 3211
3 1445 2836 1568
3 3190 1568 2836
3 3956 933 3280
3 3956 3280 1622
3 1622 4142 1440
3 3190 1440 3769
3 3190 3769 1226
3 3259 665 3751
3 3156 1298 3751
3 3751 1298 3513
3 255 4201 1695
3 3630 1171 3337
3 247 3337 1171
3 1171 2150 247
3 247 1591 651
3 247 651 3337
3 881 3171 1141
3 3435 1736 2074
3 2082 3174 1606
3 2082 1606 2561
3 3174 3435 586
3 1375 3501 4003
3 2632 1375 1201
3 1375 2059 1201
3 1428 4073 2108
3 2108 185 1428
3 2108 592 185
3 700 1201 592
3 185 592 1201
3 4073 2907 2108
3 700 592 586
3 1417 3623 3855
3 496 4058 2947
3 496 2947 1366
3 3278 1123 815
3 2766 3949 3913
3 1892 2767 3913
3 3913 2767 1905
3 1281 3913 1905
3 2108 2948 2217
3 592 2217 586
3 586 2217 3174
3 1067 2948 3973
3 881 2579 2983
3 3857 3780 2579
3 194 2579 3780
3 2282 2983 194
3 2282 2707 2983
3 3317 2282 3039
3 3317 353 3674
3 1887 1822 1094
3 820 1568 1175
3 1175 2228 1182
3 1182 2228 3259
3 762 1182 3259
3 1182 762 2387
3 762 1650 2495
3 1650 3751 1940
3 762 2495 1327
3 1327 2387 762
3 3513 3418 363
3 3418 255 1695
3 3197 3418 2050
3 2050 3646 3197
3 3032 3197 3171
3 3646 134 3197
3 3171 3197 134
3 380 3171 1135
3 3709 3032 3541
3 3541 1991 3674
3 3541 3674 2191
3 1991 2707 3674
3 2387 2191 1822
3 3709 2387 1327
3 1378 509 791
3 3292 3070 3740
3 2413 3740 3070
3 3875 1861 3783
3 2100 691 3135
3 4095 3799 4091
3 2621 3747 2630
3 2630 3747 1935
3 2630 1935 3808
3 1478 2668 2394
3 2394 2668 262
3 2931 262 2668
3 3143 1507 3189
3 1482 2559 779
3 779 2559 1782
3 3602 428 1824
3 3308 428 4183
3 3517 1272 1172
3 1172 1272 3038
3 2786 2155 3121
3 2786 3121 2335
3 3121 1138 3036
3 1324 1265 1393
3 1265 3036 3964
3 3036 1776 3964
3 1776 1312 3964
3 3723 2299 3161
3 3161 2299 1472
3 2299 1139 1472
3 1467 871 3790
3 4060 2229 3532
3 2941 4060 1010
3 3532 1010 4060
3 1203 2817 1085
3 2500 1385 1501
3 934 3829 3794
3 1084 1308 3013
3 2820 3031 1084
3 1308 1084 3031
3 728 1308 3031
3 3924 2541 2553
3 3822 3925 3380
3 1311 3529 2469
3 1670 3150 3864
3 3773 794 3364
3 3433 1746 1723
3 1723 1746 2263
3 1723 2263 3126
3 2263 371 3126
3 3061 3976 2639
3 2639 1660 489
3 4035 3898 1729
3 3081 775 2782
3 3312 878 2831
3 3476 1523 693
3 1666 3606 849
3 849 3606 2075
3 2522 326 668
3 2135 960 1828
3 2135 1828 1398
3 1828 1261 4004
3 3664 3229 3908
3 3050 1956 1882
3 1882 1956 3252
3 1882 3252 1725
3 1725 3252 4085
3 3937 2859 2305
3 1829 2305 2859
3 3088 2416 3594
3 3594 2416 3445
3 2416 433 3445
3 2416 913 433
3 3445 433 2776
3 3594 3445 772
3 3969 3220 3982
3 3982 3220 3072
3 3072 3220 1803
3 3220 2989 1803
3 1233 3215 1124
3 4159 1372 3470
3 1826 862 669
3 669 862 1280
3 669 1280 2037
3 1280 862 1081
3 4159 2910 1372
3 669 1372 2910
3 669 2910 1826
3 2765 1166 1938
3 2765 2798 1166
3 3681 1722 366
3 366 1722 646
3 2396 3180 963
3 2396 963 1754
3 854 4198 4196
3 854 4196 3852
3 3482 1662 3369
3 643 1988 502
3 1547 502 2910
3 643 502 1547
3 0 2910 502
3 0 502 3369
3 3369 502 1988
3 3011 643 3562
3 3562 643 1547
3 3562 1547 2883
3 2792 1845 2797
3 882 2797 1845
3 882 1845 953
3 449 1953 827
3 449 827 2071
3 2071 827 1299
3 827 1953 3830
3 1869 3838 827
3 1869 827 3668
3 3668 827 3830
3 3668 3830 3681
3 1095 3668 963
3 1095 963 3180
3 3311 1603 689
3 1983 3311 2328
3 2328 3311 689
3 3147 2328 3863
3 3863 2328 574
3 1762 2119 3863
3 2119 3867 3863
3 1354 2122 1762
3 1354 1762 1242
3 1354 1242 4198
3 3852 2122 854
3 854 1354 4198
3 717 215 1574
3 1574 215 2204
3 2659 3657 2245
3 2659 2245 1464
3 2245 1574 2204
3 1574 2245 3657
3 3091 1464 843
3 1464 3091 3421
3 2309 3091 581
3 581 3091 843
3 2204 843 2245
3 2245 843 1464
3 4196 843 2204
3 843 4196 581
3 581 4196 2537
3 581 2537 2309
3 3429 387 3482
3 3482 387 1073
3 3482 1073 1662
3 3860 3429 527
3 3482 527 3429
3 2029 2726 3689
3 2029 3689 840
3 4143 840 242
3 611 4143 3562
3 3562 4143 3011
3 2606 611 2195
3 918 2195 2336
3 3562 2336 2195
3 3562 2195 611
3 1812 2606 4123
3 4123 2606 3582
3 3582 2195 947
3 2195 3582 2606
3 882 1953 2797
3 449 2071 1462
3 1462 2071 2790
3 2790 2071 312
3 312 2071 2365
3 1033 1536 3838
3 3504 3544 3838
3 1869 3504 3838
3 1095 3504 1869
3 1095 1869 3668
3 3439 4219 69
3 3439 69 2951
3 3439 2951 236
3 1241 2951 69
3 1241 69 3058
3 3058 69 4219
3 3880 3249 278
3 1706 278 3249
3 1706 3249 1054
3 1603 3880 2951
3 2951 3880 278
3 3402 3249 3880
3 3402 3880 3311
3 1603 3311 3880
3 604 1054 3402
3 254 604 3402
3 254 3402 1983
3 287 254 3147
3 287 3147 2203
3 1786 4079 3455
3 3077 886 1131
3 1131 886 3657
3 2546 3497 3091
3 3091 3497 3421
3 3860 4153 3429
3 1767 4153 3860
3 1767 3860 589
3 589 3860 42
3 3603 42 1765
3 3392 1765 2726
3 3716 4081 2161
3 2161 4081 4143
3 3093 4123 199
3 199 4123 1112
3 1112 4123 3582
3 1112 3582 2654
3 3008 2654 1628
3 1560 3327 2701
3 1560 2701 3008
3 1560 3008 1628
3 683 3327 2039
3 2039 3327 1560
3 2039 1560 1628
3 312 2039 2790
3 1973 3628 1033
3 1033 3628 1536
3 3123 4219 1643
3 3439 1643 4219
3 750 298 3665
3 1555 3665 298
3 2330 298 2804
3 1500 2804 2614
3 880 1500 604
3 604 1500 2614
3 2614 2804 1706
3 1054 2614 1706
3 2614 1054 604
3 910 2330 3936
3 2982 3936 880
3 880 3936 1500
3 1500 2330 2804
3 2330 1500 3936
3 1391 910 3936
3 3936 752 3813
3 752 3936 2548
3 2548 3936 2982
3 2548 2982 3034
3 3062 752 1620
3 1620 752 2548
3 3539 317 3062
3 3539 3062 1620
3 3003 3062 317
3 3003 317 3539
3 3003 3539 1608
3 3034 3539 2548
3 2548 3539 1620
3 824 1608 3539
3 824 3539 3215
3 3215 3539 3034
3 2215 904 1233
3 2215 1233 991
3 2687 991 162
3 991 2687 2215
3 1786 372 4079
3 2124 1714 1992
3 2972 3891 3648
3 2972 3648 1718
3 1718 3648 1325
3 3421 789 2730
3 789 3421 713
3 3497 713 3421
3 1718 2730 789
3 2972 1718 1784
3 2972 1784 2300
3 1247 1784 713
3 1247 713 3497
3 713 1784 789
3 789 1784 1718
3 2300 1784 1247
3 2106 1023 2964
3 1023 2106 2717
3 589 1023 1767
3 1767 1023 2717
3 4081 3716 2732
3 2732 3540 4081
3 1775 4081 3540
3 2974 2732 3716
3 3540 2732 1362
3 1362 2732 2974
3 2800 3322 1994
3 1749 1994 3322
3 1407 606 2800
3 1407 2800 1162
3 1903 799 1407
3 2509 1903 1162
3 1407 1162 1903
3 2372 1903 2509
3 2372 2509 3093
3 3233 3093 2509
3 2313 3233 2509
3 3553 3309 1111
3 1333 1111 3309
3 1333 3309 2424
3 2745 325 3644
3 2745 3644 1496
3 1692 3644 1112
3 199 1112 3644
3 4100 3644 1692
3 4100 1692 3008
3 1028 4100 3008
3 1028 3008 3428
3 1028 3428 4100
3 3454 4100 3428
3 1156 3454 3428
3 1156 3428 3890
3 1904 3730 3890
3 1987 3730 1904
3 2701 2643 179
3 1495 2643 1020
3 1495 1020 3029
3 1020 2643 3436
3 3004 1227 1917
3 3966 2308 1643
3 1643 2308 3123
3 1463 2308 749
3 749 2308 2042
3 2876 3351 1352
3 3351 2876 1469
3 4094 3248 3351
3 4094 3351 4173
3 4094 1559 108
3 4173 1559 4094
3 1559 978 108
3 978 2233 2776
3 2233 978 1559
3 2233 1559 4173
3 2776 2233 1434
3 2870 1434 2233
3 2870 2233 4173
3 1555 1774 2870
3 1555 2870 3665
3 3598 2208 724
3 3598 724 2448
3 4042 3563 4011
3 3563 4042 1282
3 3062 3003 3563
3 3062 3563 752
3 752 3563 3813
3 4011 2858 2188
3 2858 4011 3508
3 2989 2858 3508
3 841 2858 2989
3 997 3969 788
3 997 788 2408
3 997 2408 1287
3 225 4082 1699
3 1699 4082 2408
3 3514 2141 4082
3 575 2141 3514
3 575 3514 2569
3 2079 2141 2146
3 2146 2141 575
3 575 2609 1914
3 575 1914 2146
3 3648 1104 781
3 729 1104 3648
3 2300 3891 2972
3 3005 2921 3891
3 1144 3005 3172
3 3404 3923 1676
3 1676 3923 1400
3 4193 3162 2887
3 1848 2887 3162
3 2121 4150 1101
3 2688 2000 4150
3 3149 2688 2174
3 1257 2000 2688
3 1257 1362 3340
3 3149 1362 2688
3 2688 1362 1257
3 1792 2000 1257
3 1792 1257 3340
3 1792 3340 1749
3 2912 1792 879
3 879 1792 3551
3 3490 3551 3322
3 3490 3322 1653
3 3954 3490 1653
3 3954 1653 658
3 3279 658 769
3 2999 1153 3334
3 3334 1153 3324
3 3480 3334 3798
3 1698 3480 1196
3 3798 3334 1215
3 3480 3798 1196
3 3395 1196 3798
3 3395 3798 1970
3 3395 1970 796
3 796 1970 114
3 1215 1970 3798
3 1632 1970 1215
3 1970 1632 114
3 3553 1111 3103
3 663 3789 472
3 3789 663 3103
3 3789 3103 1111
3 23 148 3789
3 23 3789 1045
3 1333 1045 288
3 288 1045 3789
3 3531 23 2269
3 3531 2269 3454
3 2269 1045 93
3 1045 2269 23
3 1496 3644 4100
3 124 2745 1092
3 124 1092 3454
3 1092 1496 4100
3 2745 1496 1092
3 4100 3454 1092
3 3730 3531 1156
3 1156 3531 3454
3 1915 2375 504
3 1495 2375 1987
3 2314 2375 1959
3 2375 1495 1959
3 1495 1987 1904
3 504 2375 2314
3 1959 3111 2314
3 1959 1495 3029
3 3111 3029 2185
3 2185 3029 1086
3 2710 3111 2185
3 1086 3029 3436
3 1020 3436 3029
3 1959 3029 3111
3 2528 3777 4107
3 2528 4107 3505
3 4107 3777 3758
3 1655 4107 2096
3 2096 4107 3758
3 919 2009 923
3 2009 919 2096
3 2096 919 1655
3 979 747 2009
3 979 2009 3057
3 1218 742 71
3 1218 71 319
3 319 71 485
3 485 71 1843
3 1843 71 742
3 3188 932 1872
3 2244 932 3188
3 319 3188 1218
3 1218 3188 1872
3 5 2244 3188
3 5 3188 2876
3 5 2876 1352
3 2876 3188 1868
3 2348 2244 5
3 2348 5 1352
3 3619 1764 2348
3 3619 2348 956
3 4094 161 3248
3 1448 161 4094
3 1448 4094 108
3 1995 161 1448
3 1995 3693 913
3 3693 1995 1448
3 2776 3693 978
3 978 3693 1448
3 433 913 3693
3 2776 433 3693
3 115 3377 891
3 1220 3415 3598
3 1220 3598 2277
3 3598 3415 2208
3 3598 2950 2277
3 2950 120 2277
3 2950 3598 3813
3 3813 3598 2448
3 772 1220 3594
3 3017 3239 3811
3 2025 4042 2092
3 2092 4042 4011
3 3371 2991 322
3 2025 322 3017
3 3017 322 2991
3 2991 3371 812
3 3371 322 2025
3 429 2442 3371
3 3869 429 3371
3 2868 3869 4106
3 2868 4106 1322
3 1368 4106 3869
3 2764 2858 841
3 2764 4106 2858
3 2858 4106 2188
3 1390 3195 2764
3 1390 2764 3244
3 1390 3244 2529
3 2101 2642 3244
3 2101 3244 3220
3 1453 2748 1548
3 1453 1548 3042
3 2102 3042 1548
3 1143 670 895
3 2141 2079 670
3 2141 670 4082
3 2523 741 252
3 4114 860 1177
3 860 2523 1177
3 1177 2523 252
3 4114 1177 2656
3 2656 1177 1865
3 1865 1177 252
3 1761 4114 2656
3 3691 3346 230
3 3356 3733 97
3 1144 97 3733
3 1144 3733 2094
3 3005 1144 2094
3 2921 3005 2094
3 2298 97 1144
3 3172 2298 1144
3 3784 3155 3172
3 3784 3172 2247
3 3387 2247 518
3 2886 3923 518
3 3172 2886 518
3 1598 3784 374
3 374 3784 381
3 381 3784 2247
3 1810 755 1576
3 374 1505 755
3 1505 374 381
3 374 755 1810
3 1576 755 217
3 217 755 1505
3 3131 217 1505
3 3131 1505 4193
3 3178 3521 1637
3 2073 3178 146
3 2073 146 3955
3 146 3178 1637
3 3551 3490 3125
3 1447 3534 3954
3 1447 3954 3279
3 1414 2279 2182
3 345 2294 1438
3 345 1438 1534
3 1414 1879 1438
3 1414 1438 2294
3 1438 1879 3279
3 1438 3279 60
3 769 60 3279
3 1447 3279 1879
3 1438 60 769
3 1438 769 1534
3 1267 2743 4134
3 4134 2743 1403
3 1251 2482 3027
3 2999 2482 1251
3 2199 3480 3136
3 3262 2880 3448
3 3395 3262 3448
3 663 3262 796
3 663 796 114
3 3395 796 3262
3 3296 2880 3262
3 504 349 1915
3 1915 3789 148
3 3789 1915 472
3 472 1915 349
3 3145 2733 2880
3 3111 2710 3145
3 3111 3145 2314
3 24 3552 2954
3 2954 3552 2399
3 1076 2954 1086
3 1076 1086 3862
3 3436 3862 1086
3 2710 2185 2954
3 2954 2185 1086
3 3654 3762 3505
3 3654 3505 2072
3 1655 3422 4107
3 3604 3422 1655
3 3604 919 923
3 1655 919 3604
3 4097 3422 3604
3 2160 4097 3604
3 2160 3604 923
3 747 2160 923
3 4097 4169 3409
3 4097 3409 3422
3 1682 2644 4169
3 1682 4169 2503
3 2503 4169 2164
3 720 4014 1437
3 1218 1872 4014
3 1288 4014 1872
3 1262 1288 1872
3 1262 1872 932
3 1262 932 2244
3 2275 1262 1080
3 2275 2163 1262
3 1369 2275 1080
3 3338 1058 1599
3 2980 1252 1995
3 1995 4043 3006
3 4043 1995 1252
3 491 1252 2980
3 3732 3118 2991
3 2991 3118 3239
3 2991 3239 3017
3 2868 1551 3869
3 3041 2868 1322
3 1626 1551 2868
3 1626 2868 3041
3 348 1907 2758
3 875 2758 1907
3 3591 3458 1416
3 3591 1416 2758
3 3591 2758 2986
3 2986 2758 3430
3 3430 2758 875
3 1390 3430 875
3 2986 335 3184
3 2986 3184 3591
3 3184 335 3573
3 3573 335 2529
3 2021 558 1993
3 558 3184 2326
3 2326 3184 3573
3 2021 3184 558
3 2363 558 2326
3 2866 558 2363
3 2363 2326 3209
3 3209 2326 4076
3 4076 2326 3573
3 2866 2363 2788
3 2788 2363 3209
3 1977 2788 3209
3 1977 3209 1453
3 1977 1453 3065
3 2788 1977 1374
3 1374 1977 3047
3 1374 3047 3104
3 3065 3047 1977
3 3496 3047 3610
3 3065 3610 3047
3 3042 2102 1710
3 1535 3466 4179
3 2298 3155 3319
3 97 2298 3356
3 3356 2298 3319
3 277 3319 580
3 3491 277 580
3 1810 1442 2830
3 1636 217 3131
3 217 1636 1576
3 1421 3618 1636
3 1421 1636 2254
3 1421 2254 1430
3 3131 2254 1636
3 1689 420 2829
3 420 1689 117
3 1946 1689 2829
3 1363 117 1689
3 1363 1689 3178
3 3521 3178 1946
3 1946 3178 1689
3 2073 920 1363
3 4006 2073 3734
3 3955 3734 2073
3 4155 1955 563
3 2064 1955 296
3 296 1955 4155
3 576 2064 296
3 1960 345 1534
3 345 1960 2294
3 3114 1960 4134
3 3114 4134 3106
3 1403 3106 4134
3 1364 2466 3242
3 1364 3242 1251
3 1251 3242 3243
3 2935 1296 1364
3 857 2437 400
3 857 400 2199
3 2305 1829 1542
3 2305 1542 301
3 301 1542 3066
3 416 829 3552
3 416 3552 600
3 3066 3552 640
3 640 3552 829
3 416 600 859
3 3762 3654 3826
3 3826 3654 3782
3 905 1125 2826
3 996 3774 2379
3 996 2379 2084
3 3658 3467 1809
3 3658 1851 1984
3 1851 3658 1809
3 4102 2200 1851
3 4102 1851 1481
3 2163 4102 1481
3 1288 1901 4014
3 2828 2200 4102
3 2828 4102 4085
3 2275 4085 4102
3 2275 4102 2163
3 3098 3338 3921
3 638 1316 3871
3 2439 3010 3871
3 2439 3871 1316
3 2439 1316 332
3 596 2439 332
3 596 332 3284
3 3284 332 3330
3 3284 3330 1854
3 4000 3284 1707
3 1707 3284 1854
3 4043 4000 1707
3 3662 4043 213
3 4043 3662 3959
3 213 2536 3662
3 671 3587 491
3 1590 2650 3118
3 1900 1590 4194
3 1590 1900 2240
3 1900 867 3082
3 4013 3082 867
3 4013 867 4194
3 4194 867 1900
3 2240 1900 3082
3 2240 3082 2655
3 1672 2936 4013
3 1260 4013 3169
3 3169 4013 2388
3 2388 4013 4194
3 3283 2388 175
3 2431 175 2388
3 2431 2388 1680
3 3899 175 2431
3 3899 3283 175
3 3060 2431 1680
3 1849 3060 764
3 764 3060 1680
3 2755 1202 2118
3 2755 2118 3
3 2755 3 1626
3 1626 3 2118
3 1626 2118 1849
3 2755 1015 1202
3 1202 1015 1415
3 1415 1015 1785
3 1015 2755 3307
3 2534 1785 753
3 753 1785 1015
3 753 1015 3307
3 2534 753 103
3 103 753 1044
3 1044 753 3307
3 1087 103 1044
3 3224 1087 1044
3 3224 1044 3307
3 3764 1107 3224
3 1416 3764 3224
3 2758 1416 348
3 348 1416 3224
3 348 3224 1877
3 805 3764 961
3 3458 3591 1925
3 241 4166 709
3 241 3274 4166
3 2827 4166 2852
3 4136 1993 2301
3 1993 4136 2852
3 1993 2852 2021
3 1374 3104 2866
3 1374 2866 2788
3 2359 3496 3610
3 3348 2265 3496
3 3348 3496 3251
3 3943 3348 1864
3 2943 4190 893
3 4190 2943 4214
3 655 4190 2816
3 2558 2816 4190
3 3192 4190 3336
3 4179 3466 2998
3 4179 987 1535
3 1535 987 3336
3 1535 3336 921
3 2998 1647 4179
3 2871 3944 2704
3 3481 2871 2704
3 3588 1585 4213
3 4213 1585 2450
3 3695 3335 3588
3 1442 3785 2830
3 352 3785 1442
3 931 1493 2274
3 931 2274 220
3 3955 4062 3734
3 3893 995 1292
3 1292 995 4006
3 1292 4006 203
3 2756 687 1791
3 2756 1791 2221
3 2847 1791 687
3 1306 463 766
3 463 1306 3645
3 2502 360 3945
3 2502 3945 629
3 2417 3114 3106
3 3114 2417 3247
3 2581 160 3243
3 2484 2581 3242
3 2484 3242 2358
3 3242 2581 3243
3 1530 3682 3854
3 1919 2477 1604
3 1604 2477 2091
3 2231 2477 1919
3 2930 2711 2231
3 2930 484 1320
3 484 2930 2231
3 1673 1320 484
3 1673 484 833
3 1673 833 2047
3 2192 1512 1618
3 1618 1512 3965
3 2192 1618 3457
3 3329 3457 1618
3 3329 1618 888
3 888 1618 3965
3 3457 3329 2928
3 1522 2395 3329
3 1522 3329 4120
3 888 4120 3329
3 2928 3329 2395
3 564 4120 350
3 3255 564 59
3 564 350 59
3 59 350 2985
3 3255 59 1862
3 59 2985 1862
3 1184 4120 564
3 3919 3255 1862
3 4120 2985 350
3 3440 1862 2985
3 3025 3919 1862
3 3025 1862 3440
3 2454 1181 4004
3 2454 3847 1181
3 1181 3847 2370
3 2516 3092 1059
3 3092 2516 822
3 822 2370 1641
3 2370 822 2516
3 1071 3092 822
3 1641 3467 822
3 822 3467 1071
3 2400 1071 3467
3 2485 3658 1984
3 2400 3467 3658
3 2400 3658 2485
3 1057 2485 1984
3 2485 1057 3349
3 3951 2785 1057
3 3951 1057 145
3 3252 2828 4085
3 1882 1725 4129
3 3050 1882 4129
3 497 3300 2753
3 3865 3142 1807
3 3142 2320 1807
3 2320 3225 1807
3 3225 497 1807
3 208 2320 3142
3 3865 1807 2753
3 2753 1807 497
3 2312 2927 3142
3 3642 2312 3010
3 3010 2312 3871
3 2692 2927 2078
3 2381 3642 3010
3 2312 3642 2078
3 2312 2078 2927
3 1066 2078 3642
3 1066 3642 432
3 2381 432 3642
3 4105 2806 2381
3 1208 3229 2381
3 2381 3229 4105
3 596 3908 1208
3 3229 1208 3908
3 4181 1748 3597
3 4181 3597 2850
3 3662 2850 3597
3 2536 3719 2850
3 2536 2850 3662
3 2105 3984 2536
3 2655 1665 645
3 1549 610 3082
3 4069 3082 610
3 3082 4069 3843
3 2936 1549 4013
3 4013 1549 3082
3 610 1549 3700
3 610 3700 4069
3 3700 1549 1062
3 3286 3700 1062
3 4010 3007 1672
3 3344 3824 4010
3 4147 3344 1174
3 2026 2641 3169
3 3283 2026 3169
3 1017 4171 3283
3 1017 3283 3899
3 637 1017 3899
3 637 3899 3060
3 2683 399 4171
3 2683 4171 1017
3 2683 1017 608
3 608 1017 2118
3 2118 1017 637
3 2118 637 3060
3 2683 1415 1785
3 1202 1415 608
3 608 1415 2683
3 516 2472 2683
3 1785 516 2683
3 516 1785 3416
3 2158 3381 2892
3 2158 2892 2534
3 2158 2534 103
3 2534 2892 3416
3 1087 2158 103
3 3935 65 1155
3 3935 1155 805
3 3935 805 961
3 3687 3952 3935
3 2284 3687 1724
3 1724 3687 3935
3 260 2476 2934
3 2189 3546 3971
3 2799 977 709
3 3019 2799 992
3 3019 992 4112
3 2827 4112 992
3 2827 992 4166
3 1392 4112 524
3 2888 1756 3468
3 2564 3468 1756
3 2888 2645 761
3 2645 2888 3468
3 2004 3943 2645
3 1293 2888 761
3 4200 1756 2319
3 2943 2319 1293
3 1293 2319 2888
3 2888 2319 1756
3 4040 2319 2943
3 2759 4040 893
3 2943 893 4040
3 39 2205 655
3 2759 655 2205
3 655 2759 893
3 4040 2759 2205
3 235 291 2808
3 2808 3572 235
3 3572 2808 2816
3 439 3572 2558
3 439 2558 3192
3 2816 2558 3572
3 3192 2558 4190
3 987 4179 3192
3 987 3192 3336
3 3192 4179 439
3 439 4179 964
3 439 964 3572
3 235 3572 964
3 235 964 1647
3 1647 964 4179
3 1986 3779 3974
3 1106 1928 249
3 249 1928 3231
3 249 4128 2801
3 3695 4128 3335
3 3231 3335 4128
3 249 3231 4128
3 3451 2048 2855
3 2731 2855 2048
3 2731 2048 258
3 2731 258 4209
3 995 3893 1253
3 1253 2111 995
3 995 2111 4006
3 3206 3410 2723
3 3206 2723 187
3 187 2723 2756
3 3206 187 1422
3 1422 187 1518
3 187 2756 1518
3 1332 802 4207
3 2127 1191 1700
3 2127 1700 3948
3 1700 1191 3675
3 1514 3948 1700
3 984 1514 744
3 984 744 3342
3 1418 3342 3708
3 3708 3342 744
3 1700 744 1514
3 1514 984 1161
3 3708 744 2754
3 3708 2754 532
3 3708 532 3814
3 3945 3814 532
3 3945 532 4008
3 3881 4008 532
3 1323 757 3095
3 1323 100 2981
3 1384 3095 757
3 2417 757 1323
3 77 3095 1384
3 77 1384 1964
3 2432 100 830
3 3095 830 1323
3 1323 830 100
3 830 3095 2125
3 495 2010 2125
3 495 2125 2581
3 495 2581 735
3 1967 2666 1755
3 2666 1967 495
3 2666 495 735
3 1839 2848 1412
3 1412 2848 2666
3 2848 1755 2666
3 1412 2666 542
3 3414 2979 1412
3 3414 736 3996
3 735 736 542
3 542 736 1412
3 1412 736 3414
3 909 3414 3996
3 4152 986 2848
3 3228 2848 986
3 4131 986 4152
3 1839 4152 2848
3 2711 4131 4152
3 2796 2711 2930
3 1320 3998 2796
3 1320 2796 2930
3 1320 1673 3992
3 3917 4045 3586
3 1538 3917 3586
3 4045 3917 1575
3 4045 1575 2061
3 2061 1575 3851
3 960 3634 3851
3 960 3851 1828
3 1906 1522 4120
3 1522 1906 2769
3 1522 2769 2395
3 954 1261 1906
3 1184 954 1906
3 1184 1906 4120
3 954 1184 3255
3 564 3255 1184
3 954 3255 1261
3 1261 3255 4004
3 3985 2481 3538
3 3985 3538 1474
3 668 326 3538
3 2445 1059 218
3 2445 2516 1059
3 2522 668 2898
3 2898 668 773
3 2898 773 3245
3 2400 1083 3092
3 2400 3092 1071
3 3300 2669 2753
3 4122 1806 3071
3 3071 1806 3225
3 3225 1806 2879
3 2879 1806 4122
3 3071 2320 208
3 3225 2320 3071
3 2823 2727 2667
3 3144 2667 3901
3 3142 3144 3901
3 2840 3144 3559
3 2840 3559 154
3 2840 154 2807
3 2452 2807 154
3 2452 154 1716
3 1716 154 3559
3 2692 664 2927
3 2927 664 3559
3 3559 664 1716
3 3984 1569 3652
3 3652 2897 1334
3 1043 3984 3652
3 1043 3652 1334
3 1043 1334 1766
3 1766 1122 2789
3 1122 1766 1334
3 1122 1334 2897
3 2896 2789 1012
3 2896 1012 2806
3 432 2806 1012
3 432 1012 1066
3 1066 1012 1122
3 1066 1122 2897
3 1122 1012 2789
3 3555 2896 2806
3 4105 3555 2806
3 2896 3555 4018
3 1748 2952 3555
3 2952 1748 4181
3 4018 3555 1118
3 1118 3555 2952
3 4087 2952 1343
3 1343 2952 4181
3 2287 4087 1343
3 2287 1343 3929
3 3929 1343 2264
3 2264 1343 4181
3 482 3929 2264
3 4090 3929 482
3 4090 482 4181
3 4181 482 2264
3 2850 4090 4181
3 338 4090 3719
3 3719 3133 338
3 1766 3659 1043
3 1043 3659 3984
3 338 3075 4090
3 3075 338 2063
3 2063 338 3659
3 2045 3075 2063
3 2045 354 2232
3 2232 354 4087
3 4087 354 4018
3 4018 354 2063
3 2063 354 2045
3 4018 1118 4087
3 4087 1118 2952
3 2232 2196 2045
3 2045 2196 3075
3 3929 3075 2196
3 3929 2196 2287
3 2287 2232 4087
3 2287 2196 2232
3 2850 3719 4090
3 2896 4018 2789
3 3263 4160 4069
3 4069 4160 2807
3 1338 1666 1386
3 3007 2214 447
3 2026 2475 2383
3 2383 2475 3201
3 2475 4171 2065
3 4171 2475 3283
3 3283 2475 2026
3 219 3201 2475
3 219 2475 2065
3 219 2065 303
3 3825 1860 68
3 3825 68 2547
3 2729 3561 3952
3 3687 957 3952
3 1377 2290 2083
3 2083 3771 1529
3 1952 1529 3771
3 1952 3771 418
3 418 3771 1025
3 1468 1025 587
3 587 1025 3771
3 4112 587 3019
3 587 4112 1392
3 4016 1116 4070
3 4158 4070 2992
3 1856 2992 4070
3 3049 2992 1856
3 3845 1856 4200
3 4040 3595 3845
3 4040 3845 2319
3 2319 3845 4200
3 3909 3425 1163
3 1163 3425 851
3 3425 3909 1625
3 1802 3909 1163
3 1690 1802 2521
3 2521 1802 116
3 2521 1790 1770
3 1790 2521 116
3 1133 2403 1046
3 1046 2403 293
3 897 3321 955
3 897 955 2209
3 2209 955 3451
3 2993 1422 4037
3 2130 4037 2429
3 949 2429 4037
3 949 4037 29
3 29 4037 1518
3 1303 2527 2429
3 1303 2429 949
3 1303 949 1835
3 1835 949 990
3 1411 1835 2238
3 3275 2238 3601
3 3275 3601 3669
3 1411 2238 3275
3 3547 3275 3669
3 3547 3669 2127
3 3547 2127 1923
3 3814 231 3708
3 1418 3708 231
3 1688 2629 3778
3 3778 2629 4162
3 517 1688 3778
3 149 3817 3526
3 1394 3817 2010
3 170 1050 1967
3 170 1967 1755
3 435 3228 986
3 435 986 4131
3 4131 3261 435
3 435 3261 3228
3 3998 4131 2796
3 2796 4131 2711
3 650 784 3711
3 3998 3711 784
3 784 650 846
3 3998 3992 3711
3 3711 3992 1022
3 3196 1022 983
3 983 1022 3992
3 284 1563 1342
3 183 284 3677
3 3051 3677 1342
3 1342 3677 284
3 3677 4045 2061
3 3677 2061 3861
3 3861 2061 1002
3 1002 2061 3851
3 1566 776 3635
3 828 3635 531
3 828 531 3849
3 3849 531 2652
3 3661 3849 988
3 3985 3661 2135
3 2135 3661 988
3 1474 4099 3985
3 256 2181 3805
3 53 256 3805
3 3367 2831 878
3 2831 3367 1190
3 2898 2831 1190
3 2831 2898 3312
3 3245 3312 2898
3 304 3312 2705
3 2705 3312 2810
3 2810 3312 3301
3 2810 3301 550
3 2151 550 2107
3 550 2857 2107
3 4122 2151 2879
3 3071 1210 4122
3 2662 4122 1210
3 4175 1210 706
3 706 1210 195
3 2085 1152 2331
3 2331 1152 188
3 2681 188 481
3 2681 481 3158
3 2331 188 2681
3 389 470 2617
3 2617 470 2681
3 1611 832 2331
3 1611 2331 470
3 1611 470 389
3 3158 2617 2681
3 2681 470 2331
3 3173 2369 2823
3 2823 2369 2727
3 4160 2840 2807
3 2882 3081 2782
3 2882 2782 166
3 1508 2882 635
3 1508 635 3627
3 635 2882 166
3 3627 635 1064
3 3627 1064 3680
3 1064 3424 3680
3 2782 3424 166
3 166 3424 1064
3 166 1064 635
3 1996 3357 2665
3 2665 3357 3680
3 2665 3680 4147
3 3627 3680 3357
3 4021 3357 844
3 2288 4021 844
3 2288 844 2014
3 2014 844 1996
3 1254 1783 2014
3 3686 1783 303
3 219 303 1783
3 219 1783 1254
3 1254 2014 3201
3 2014 1783 228
3 2014 228 845
3 219 1254 3201
3 1675 633 2354
3 2354 633 3686
3 1783 3686 633
3 1783 633 228
3 1582 1731 2531
3 2086 1582 3441
3 578 2086 1221
3 578 1221 4078
3 1221 2086 3441
3 1461 2086 54
3 54 2086 578
3 3423 4078 4154
3 2549 3825 1601
3 2549 1601 3213
3 3825 2549 4154
3 1245 3213 1601
3 1878 1601 3825
3 3218 141 1601
3 3218 1601 1878
3 1601 141 1245
3 1245 141 3922
3 1516 141 3218
3 2729 4053 1878
3 1878 4053 3218
3 3384 4053 2410
3 3384 2410 718
3 1588 2410 1297
3 1588 1297 1137
3 1297 2410 110
3 1137 1297 1377
3 1137 1377 2083
3 1377 1297 110
3 1797 1137 1529
3 1529 1137 2083
3 1588 1137 1797
3 2515 1244 1962
3 4148 2515 2578
3 4148 2578 3584
3 418 3584 2578
3 418 2578 1952
3 2932 855 4158
3 3980 2932 4158
3 2332 1136 1871
3 1136 2332 2997
3 2183 1871 641
3 641 1871 1136
3 1733 2997 467
3 467 2997 2332
3 467 2332 1315
3 1315 2332 1871
3 1315 1871 838
3 838 1871 2183
3 1315 838 347
3 1315 347 927
3 1315 927 3291
3 3299 3291 3520
3 3520 3291 927
3 1772 927 347
3 1149 3520 1758
3 2919 3768 1758
3 2919 1758 1772
3 1772 1758 927
3 3520 927 1758
3 2607 3768 2919
3 2567 783 1690
3 494 2567 1719
3 1719 2567 2030
3 4185 3353 1719
3 494 1719 3353
3 1719 1449 4185
3 2483 1379 3978
3 3978 1379 1449
3 1449 1379 2751
3 3978 1046 684
3 684 1046 293
3 1133 1046 3978
3 3406 3022 3240
3 234 3406 3240
3 234 3240 3809
3 3294 3406 1511
3 1511 3406 234
3 3294 1511 2130
3 2130 1511 4037
3 4037 1511 2993
3 3859 1340 2340
3 1401 3859 2340
3 1401 2340 1835
3 1835 2340 1303
3 2527 1303 1340
3 1340 1303 2340
3 1411 1401 1835
3 2937 4208 2763
3 790 2763 4208
3 945 2937 2763
3 1742 945 2763
3 3117 3547 1742
3 1150 1627 1923
3 2306 2884 1830
3 2306 1830 1024
3 2306 930 2884
3 4156 2227 355
3 355 3673 4156
3 3817 342 793
3 3817 793 3526
3 793 342 1688
3 1586 695 690
3 690 695 3934
3 3934 695 3059
3 3934 3059 3866
3 3059 695 1586
3 2940 1729 3934
3 2779 1328 3934
3 2779 3934 3872
3 3228 3261 2779
3 846 1328 3261
3 3261 1328 2779
3 2940 650 3711
3 2940 3711 269
3 846 650 2940
3 1342 1563 3196
3 1342 3196 983
3 1319 540 3374
3 540 1319 3375
3 3009 3304 540
3 3009 540 1557
3 101 2219 2878
3 2038 101 2878
3 2038 2878 828
3 2038 828 3849
3 2517 101 2038
3 2315 1750 2235
3 3578 1750 2315
3 3578 2315 506
3 4099 3661 3985
3 3849 3661 1750
3 1750 3661 2235
3 2235 3661 4099
3 2835 2347 2181
3 3705 2178 3570
3 1492 3705 3570
3 290 3705 1492
3 1656 2906 2168
3 2891 304 2705
3 1235 2662 4175
3 2662 1235 3400
3 1896 2616 2414
3 1896 2414 3170
3 1929 279 1611
3 1929 1863 279
3 1929 1611 1709
3 1611 279 832
3 2648 1929 1709
3 1863 1929 2648
3 1873 3580 2648
3 1873 2648 2272
3 1709 2272 2648
3 1709 4005 2272
3 73 4021 2288
3 3016 191 2128
3 1461 1852 3030
3 1582 3030 1731
3 1731 3030 1852
3 1731 1852 971
3 2086 1461 3030
3 2086 3030 1582
3 1305 823 38
3 1305 38 3237
3 1305 3237 1209
3 2549 3213 3423
3 2549 3423 4154
3 1313 2963 1035
3 3026 3384 2249
3 718 2249 3384
3 139 1798 2781
3 1798 139 2497
3 1886 1498 2741
3 1498 265 2741
3 1388 265 1498
3 3726 1498 1886
3 2741 3026 1886
3 440 3726 226
3 226 3726 4182
3 1498 3726 440
3 1498 440 1388
3 4182 1619 2900
3 2900 1619 2056
3 2900 2056 1367
3 2995 1244 2515
3 3976 1484 2608
3 3976 2608 4148
3 4148 2608 2134
3 2134 2608 1484
3 4016 1069 4148
3 3976 4148 1069
3 2639 3976 1660
3 1660 3976 2959
3 969 1660 2959
3 2959 2932 969
3 855 2932 2959
3 492 4028 916
3 492 916 3911
3 3911 916 113
3 3911 113 3061
3 916 4028 2441
3 2441 4028 941
3 113 1109 3061
3 3061 1109 314
3 1958 4170 113
3 1958 916 2441
3 916 1958 113
3 113 4170 1109
3 2960 1121 375
3 1121 1958 375
3 2997 2960 375
3 375 2441 1136
3 2997 375 1136
3 1958 2441 375
3 2944 1121 2960
3 2956 2944 1733
3 1733 2944 2960
3 1733 2960 2997
3 3291 467 1315
3 2601 2507 1219
3 3703 2601 1219
3 3703 1219 1259
3 2156 3703 111
3 2156 111 2169
3 1902 4089 111
3 1902 111 3703
3 1902 3703 2752
3 2752 3703 310
3 3768 2752 1149
3 1149 2752 3520
3 1758 3768 1149
3 1902 2752 3768
3 1902 3768 1562
3 1902 1562 3373
3 1562 3768 356
3 929 901 3433
3 2263 2505 58
3 58 2505 3295
3 2263 1746 2505
3 2263 58 371
3 371 58 3295
3 2322 3295 4185
3 4185 3295 2505
3 4185 2505 3353
3 3353 2505 1746
3 2483 2322 1379
3 2751 1379 2322
3 3022 1487 3240
3 3240 1487 1335
3 3295 1335 1487
3 371 3295 1487
3 371 1487 3126
3 3126 1487 3022
3 2067 1723 3126
3 929 3433 2067
3 929 2067 4101
3 4101 2067 1370
3 1370 2067 3126
3 3444 4101 3536
3 3536 4101 1370
3 147 4075 898
3 147 898 1097
3 147 1097 3489
3 3567 2651 4075
3 2028 3567 4075
3 688 1623 3567
3 688 3567 3515
3 3015 2937 3749
3 2937 3015 4208
3 945 738 3749
3 945 3749 2937
3 3749 738 959
3 3571 2104 3894
3 2762 3571 4151
3 3894 4151 3571
3 4151 3018 1875
3 423 1875 3310
3 1911 3115 423
3 1911 423 3310
3 2032 1911 1395
3 3358 2032 1395
3 1395 3310 3452
3 3310 1395 1911
3 3358 1395 2307
3 2307 1395 3452
3 652 3358 2213
3 2213 3358 2307
3 3089 2407 1978
3 3089 1978 2884
3 768 3163 2438
3 1788 1353 989
3 690 989 1586
3 1586 989 1353
3 3437 1788 989
3 3437 4051 1820
3 690 4051 3437
3 690 3437 989
3 4024 4051 3898
3 2889 2721 1119
3 2219 2334 743
3 101 2517 2219
3 1410 3795 615
3 1410 615 1160
3 746 1160 106
3 746 106 562
3 106 1160 615
3 1821 562 106
3 1821 106 2178
3 2178 106 615
3 2178 615 1857
3 290 2881 3705
3 3705 2881 3987
3 3705 3987 3343
3 3246 3725 2098
3 2098 192 3246
3 456 3285 3679
3 2891 3679 3285
3 1389 201 642
3 1389 642 3207
3 3207 642 513
3 513 642 654
3 1589 513 1981
3 1981 513 639
3 4175 1981 1235
3 1589 1896 2090
3 2090 1896 4199
3 1896 1589 2616
3 4199 1896 3170
3 3942 3170 127
3 2862 4092 3266
3 2648 3580 4001
3 2648 4001 1863
3 4001 3580 1880
3 2323 1705 1633
3 1633 1705 2488
3 1873 1126 2488
3 1873 2488 1705
3 2272 4005 1126
3 2272 1126 1873
3 3746 378 1052
3 623 4036 3914
3 391 2987 3918
3 391 3918 3720
3 3720 3918 132
3 3720 132 3961
3 2491 4197 823
3 2740 2768 2491
3 2740 2491 1597
3 2633 3273 1209
3 1209 3273 1305
3 1305 3273 1597
3 4202 4132 3056
3 1388 2844 265
3 265 2844 4202
3 265 4202 2741
3 3026 2741 4202
3 1683 3446 1388
3 1966 4182 2342
3 2342 4182 2900
3 2342 2900 2367
3 2367 2900 3907
3 2367 3907 726
3 3907 2900 1367
3 3235 726 2663
3 3235 2663 4110
3 3788 2957 3236
3 3650 4170 286
3 2956 286 2944
3 2944 286 1121
3 1355 1961 3350
3 2715 3167 2044
3 2044 3167 3350
3 3350 3167 1355
3 3660 3167 2715
3 1760 3167 119
3 119 3167 3660
3 3020 119 3660
3 1460 3020 270
3 2507 270 309
3 2507 309 1219
3 1219 309 3020
3 1219 3020 45
3 3020 309 270
3 1460 270 411
3 1179 411 2507
3 2507 411 270
3 3696 4046 3503
3 2601 3696 3503
3 3696 2601 2156
3 3638 1616 2156
3 1616 3696 2156
3 3373 4089 1902
3 2811 4211 3444
3 4206 2706 1263
3 4206 1263 135
3 1426 3932 4206
3 1426 4206 135
3 2600 1263 2706
3 2600 2706 2088
3 1623 1426 135
3 1623 135 1263
3 1954 2968 1193
3 1193 1426 1623
3 1426 1193 2968
3 3515 1954 688
3 688 1954 1193
3 1623 688 1193
3 2968 1954 2670
3 3515 2670 1954
3 3462 1712 1331
3 3462 1331 2670
3 2670 1331 2968
3 2903 1712 3462
3 4186 2903 3543
3 3543 2903 3462
3 2762 3364 3571
3 2658 2762 4151
3 2658 3773 2762
3 2762 3773 3364
3 2157 3046 2049
3 2157 2049 307
3 807 307 2049
3 807 2049 2032
3 807 2032 3358
3 2032 2049 1911
3 807 3358 2851
3 2865 2851 3358
3 2865 3358 652
3 3527 3743 2699
3 2771 544 3527
3 1526 3989 1371
3 1526 1371 102
3 3545 1371 3989
3 2407 1371 3545
3 2464 3989 1526
3 2464 1526 3186
3 3186 1526 102
3 2678 2464 1975
3 1975 2464 3186
3 3297 1975 3186
3 3297 3186 1060
3 4059 3432 2423
3 2423 3432 2805
3 1717 1701 379
3 1717 379 4119
3 379 1701 3437
3 4119 379 3437
3 3432 1701 1717
3 3432 1717 2805
3 2805 1717 952
3 1820 4119 3437
3 4119 952 1717
3 164 4119 3549
3 3477 3549 3068
3 4125 3068 3549
3 3009 3614 4125
3 925 3477 625
3 782 925 2551
3 782 2551 1738
3 2551 925 625
3 3864 1307 3767
3 3150 1670 2914
3 3150 2914 1283
3 2914 1670 1593
3 2914 1593 3028
3 1237 2556 3427
3 3288 414 1387
3 3207 2007 1389
3 1389 414 201
3 414 1389 2007
3 3257 2007 2015
3 6 4049 4030
3 2893 4049 6
3 4049 3257 4030
3 4157 2893 1607
3 1607 2893 1258
3 6 1258 2893
3 1258 6 4030
3 1258 4030 1274
3 4199 1607 1258
3 4199 1258 2090
3 1258 1274 2090
3 4086 2046 3647
3 4086 3647 2926
3 4086 2926 394
3 394 2926 197
3 874 13 2926
3 2862 4001 3647
3 4092 2862 3647
3 874 4001 1880
3 874 1880 2149
3 1633 3469 2323
3 974 1009 3754
3 1009 974 2052
3 4121 2977 974
3 2802 2977 1433
3 1433 2977 4121
3 4121 3564 1433
3 1974 2802 1433
3 1974 1433 3564
3 1974 3564 2293
3 1804 698 2293
3 1804 2293 2924
3 2924 1005 546
3 2293 1005 2924
3 3961 3333 2089
3 3961 2089 3720
3 2970 3975 3714
3 1142 1850 3641
3 2970 3641 1850
3 2295 3641 801
3 801 3641 1691
3 2740 1471 2768
3 801 2768 1471
3 2295 1471 2885
3 2885 1471 2740
3 1513 2885 3273
3 1570 1513 2633
3 3273 2633 1513
3 2988 1668 1570
3 1570 4132 2988
3 1679 1668 2988
3 1679 2988 4202
3 1679 4202 1836
3 1836 4202 2844
3 4202 2988 4132
3 3383 1836 2844
3 1679 1836 2311
3 1356 2311 1836
3 1356 1836 3383
3 1356 1942 2311
3 1668 1679 2311
3 200 451 3721
3 200 3721 1644
3 2856 4031 3446
3 908 889 3624
3 3624 889 2724
3 3315 3624 2241
3 3177 25 1966
3 1966 25 3624
3 2129 2367 3731
3 2129 3731 825
3 1090 3731 2809
3 48 2809 3731
3 1517 137 3235
3 3818 1898 137
3 3818 1517 3212
3 3212 1517 4110
3 3212 4110 1361
3 1517 3818 137
3 2093 942 616
3 3650 2611 10
3 3650 10 2957
3 2957 10 2033
3 4084 1961 1355
3 3020 2822 1760
3 3020 1760 119
3 3328 1760 2822
3 1074 2838 1179
3 1074 1179 4165
3 3475 3503 4046
3 3931 4046 1613
3 2984 3931 2498
3 2984 2498 3684
3 2001 2811 1571
3 1331 444 3053
3 1331 3053 3932
3 3516 675 3465
3 4186 1948 1567
3 2903 4186 1567
3 3045 3663 1948
3 1811 3804 1657
3 4032 1726 1657
3 2975 1528 2316
3 2574 2873 2975
3 2574 2975 1129
3 4098 2873 1229
3 1229 2873 2574
3 3268 2574 3773
3 1129 3773 2574
3 1229 3928 4098
3 3928 1229 745
3 3268 745 2574
3 2574 745 1229
3 3046 3928 3268
3 3268 3928 745
3 3853 2157 2080
3 2080 2157 307
3 3046 2157 3928
3 3928 2157 3853
3 2962 3853 2080
3 2699 1079 2865
3 2865 1079 2851
3 2851 1079 2080
3 2080 1079 2962
3 1309 3297 376
3 1309 376 2728
3 376 3297 2945
3 2728 376 2945
3 4135 2728 2945
3 4059 2945 579
3 4135 2945 3434
3 3434 2945 4059
3 2423 1685 3434
3 2423 2805 1685
3 4059 2423 3434
3 474 2434 164
3 474 164 3477
3 4119 164 2434
3 4119 2434 182
3 782 2582 2520
3 2520 2582 493
3 493 2582 1572
3 782 2520 925
3 2582 782 1738
3 3477 925 2520
3 3477 2520 474
3 474 2520 493
3 474 493 2434
3 2434 493 1572
3 2131 1572 3078
3 1572 2582 3078
3 1396 3078 2582
3 1396 2582 1738
3 2234 3078 1396
3 1972 193 1545
3 193 1972 2027
3 4144 1545 193
3 4144 193 2479
3 2043 2479 2027
3 2043 2027 1889
3 2027 2479 193
3 3150 2479 2043
3 3150 2043 3864
3 3864 2043 1307
3 2246 4144 1283
3 2820 2914 3031
3 3031 2914 1102
3 1102 2914 3028
3 2914 2820 1283
3 900 4061 3221
3 4061 1658 4050
3 2355 3288 1387
3 1732 3763 3990
3 1732 3990 2749
3 2749 3990 3493
3 4049 2337 3742
3 1816 2337 4049
3 4049 3742 1065
3 1065 3742 2749
3 2749 3742 3794
3 2893 4157 3896
3 4199 3688 4157
3 4199 4157 1607
3 3688 3896 4157
3 2737 3688 4199
3 915 3139 2171
3 3139 915 519
3 1236 915 2252
3 2252 915 2171
3 2839 2252 943
3 2839 943 902
3 943 4086 902
3 902 4086 2057
3 1527 3076 2533
3 1974 2953 2802
3 3510 731 1485
3 133 3510 1804
3 133 1804 1294
3 1294 1804 2924
3 1294 2924 2260
3 617 2861 1230
3 617 1230 3345
3 1850 3345 1230
3 2295 3134 3641
3 1737 2435 3472
3 2845 3472 2435
3 1942 2618 2311
3 2311 2618 1982
3 2311 1982 1668
3 1668 1982 1266
3 1513 1266 2885
3 2885 1266 510
3 237 2435 999
3 3216 1998 944
3 1768 1565 3216
3 1768 3216 1256
3 1256 3216 944
3 1056 3323 3417
3 2942 2020 1056
3 2942 1056 1686
3 1686 1056 3417
3 2942 1686 3044
3 2378 3044 4031
3 2378 4031 2856
3 537 2854 1842
3 1842 1419 3772
3 1419 1842 2854
3 1419 2854 935
3 912 1842 3616
3 3616 1842 3772
3 107 1090 3616
3 2978 795 2542
3 795 3889 2542
3 3707 2978 2542
3 1336 2542 3889
3 1336 3889 2241
3 2834 3889 795
3 2834 795 2978
3 3707 2542 3177
3 3177 2542 1480
3 1480 2542 1336
3 3177 1480 25
3 25 1480 3624
3 3624 1480 1336
3 3624 1336 2241
3 3707 3177 2129
3 825 3707 2129
3 2978 1248 2834
3 1248 2978 825
3 825 2978 3707
3 2939 1090 3522
3 3426 3698 28
3 28 3698 3094
3 3094 3698 907
3 907 3698 3672
3 3639 28 3074
3 3074 28 3094
3 3074 3094 3818
3 3529 3074 3715
3 3715 3074 3818
3 3818 3094 2760
3 3818 3212 3715
3 1311 2136 3328
3 1870 3328 2822
3 1870 2822 4022
3 1870 320 1311
3 1870 2965 320
3 320 2965 3639
3 1330 3639 2965
3 4017 1330 2965
3 4017 2965 3318
3 501 3318 514
3 514 3318 1855
3 2679 514 980
3 980 514 1855
3 2838 1074 1540
3 1540 1074 4165
3 3950 359 1899
3 3282 618 1456
3 3282 1456 2545
3 1456 618 221
3 221 618 3950
3 221 3950 1899
3 3931 2984 2911
3 2657 3931 2911
3 3684 1739 2984
3 1913 4044 3542
3 1913 3542 1397
3 3055 3542 3735
3 1951 3542 2422
3 2422 3542 4044
3 3542 1951 3735
3 3735 1951 3506
3 3671 3506 1951
3 3671 1951 853
3 853 1951 852
3 852 1951 227
3 227 1951 2422
3 3053 4206 3932
3 4206 3053 227
3 4206 227 2422
3 2778 2297 4063
3 4026 2560 4063
3 4063 2560 2778
3 74 4115 4026
3 2212 4115 2276
3 85 3667 1866
3 1866 3667 3043
3 3099 3804 1811
3 3804 3099 3667
3 3804 3667 2068
3 3667 3099 3043
3 2572 3043 3099
3 2572 3099 1811
3 2572 1811 3271
3 3124 3043 2572
3 3271 3124 2572
3 1930 3124 390
3 3519 1930 390
3 3271 390 3124
3 3124 1930 1937
3 4172 548 1435
3 4172 2795 3729
3 2795 4172 1435
3 884 2115 3729
3 884 3729 865
3 884 865 2628
3 865 3729 704
3 865 2035 2628
3 2990 2035 865
3 2990 865 257
3 2990 257 3460
3 2728 4184 3385
3 2728 3385 1309
3 1975 1309 3385
3 3380 2366 2541
3 3924 1888 1885
3 3924 1885 3946
3 2541 3924 3380
3 1405 3822 3380
3 1405 3380 280
3 280 3380 3924
3 1963 1405 280
3 868 1427 2131
3 1040 873 3946
3 2131 1040 1572
3 3078 2234 868
3 3078 868 2131
3 1963 1427 3230
3 1346 2468 3230
3 1346 3230 499
3 329 1346 1365
3 1365 1346 2162
3 4144 800 1931
3 1651 2353 2355
3 1308 728 3085
3 3085 728 1651
3 3013 1308 3085
3 2170 4130 1075
3 4130 2170 99
3 99 2170 3085
3 1610 92 1732
3 1610 1732 2749
3 1732 92 3763
3 3794 1610 2749
3 1610 3794 3829
3 1818 3794 2337
3 1816 1818 2337
3 3794 3742 2337
3 1224 934 1818
3 1224 1818 2393
3 2585 934 1224
3 1222 1224 2393
3 1222 2393 2190
3 1222 2190 3183
3 2585 1224 1222
3 1501 1222 1876
3 1876 1222 3183
3 2500 1501 1876
3 2500 1876 2996
3 2996 1876 2519
3 3183 2519 1876
3 4052 2087 2996
3 2500 2996 2087
3 4052 2638 896
3 4052 896 4137
3 2638 4052 2996
3 4060 896 267
3 1846 922 2638
3 2638 922 267
3 2638 267 896
3 577 4060 267
3 577 267 922
3 577 922 3701
3 1846 3701 922
3 2839 2640 774
3 2640 3064 774
3 902 2640 2839
3 2252 2839 774
3 3064 2640 3277
3 3607 163 3277
3 3607 3277 2057
3 3607 2057 4086
3 3607 4086 811
3 3953 3607 292
3 3953 3568 3607
3 1105 3953 3997
3 3997 3953 292
3 43 3568 3953
3 3574 88 3953
3 273 3574 3953
3 282 229 649
3 982 63 1383
3 982 1383 2138
3 3450 2138 1383
3 3776 2138 2533
3 3776 2533 2173
3 422 344 1231
3 422 1231 1552
3 1231 344 3014
3 1294 4192 133
3 133 4192 3014
3 3014 4192 1231
3 1525 4192 771
3 4108 1212 1525
3 4108 1525 1781
3 4108 1781 1671
3 2742 4108 3842
3 4204 2465 1795
3 2465 4204 3842
3 2465 3842 1671
3 1795 2465 2165
3 3152 3122 694
3 694 3122 2165
3 1506 3122 3152
3 2457 1787 3152
3 1506 3152 1787
3 283 2510 3048
3 2510 283 3712
3 3892 2671 3216
3 1998 3216 2671
3 1998 2671 2510
3 2539 3048 2671
3 2539 2671 3892
3 1348 1778 1443
3 1443 1778 3621
3 1778 3892 3621
3 3407 1443 2020
3 2020 1443 3621
3 1819 2942 2139
3 1819 3474 3530
3 1819 2139 1564
3 1819 1564 1151
3 1819 1151 3474
3 490 1151 1564
3 3023 1085 2017
3 3023 2017 1431
3 1431 2017 3828
3 2210 1203 2421
3 2513 4015 2421
3 2210 3214 3772
3 3214 2210 2421
3 733 3772 1419
3 733 1419 935
3 3772 733 2210
3 2210 733 308
3 2210 308 1203
3 308 733 935
3 308 935 3153
3 2817 1203 308
3 308 3153 2817
3 3405 2817 3153
3 2770 3405 2167
3 2167 3405 1979
3 2736 246 34
3 2736 537 3820
3 537 2736 2854
3 2854 2736 34
3 3181 3314 500
3 3137 500 3752
3 962 3137 3752
3 3820 3752 3314
3 3314 3752 500
3 1757 3083 3672
3 3181 3672 3083
3 763 1757 3426
3 3698 3426 1757
3 3698 1757 3672
3 2455 2280 848
3 848 2280 763
3 1349 4039 3994
3 3994 4039 501
3 3994 501 3386
3 917 1243 351
3 917 351 3012
3 3012 351 2597
3 3012 2597 1420
3 2597 351 3386
3 3386 351 1243
3 2597 2679 1099
3 1099 1420 2597
3 1100 1099 2679
3 3386 2679 2597
3 1206 1420 1540
3 1206 1540 4165
3 1540 1099 1100
3 1099 1540 1420
3 1735 2684 3141
3 1735 3141 3282
3 4080 3282 3141
3 3915 1735 1990
3 3055 1558 1145
3 1883 1558 3055
3 1397 3055 1145
3 1145 1558 190
3 1913 1397 3130
3 3130 1397 1145
3 3130 1145 190
3 3130 2380 2689
3 2911 2689 2380
3 221 2380 1456
3 1456 2380 3130
3 3130 2689 1913
3 1883 3055 3735
3 1499 2325 1883
3 3506 1499 1883
3 3735 3506 1883
3 4063 1874 3671
3 2778 3710 2864
3 3904 3806 1937
3 3033 3904 1930
3 1930 3904 1937
3 2115 884 2333
3 156 3187 2628
3 1963 3230 2468
3 1963 2468 1405
3 3926 95 3781
3 3781 95 861
3 861 95 1890
3 1890 95 1708
3 32 1708 95
3 32 95 3926
3 4145 861 1890
3 4145 1890 1365
3 1365 1890 329
3 329 1890 1708
3 3897 3558 1465
3 1365 3087 1465
3 1365 1465 4145
3 797 357 1743
3 3087 1743 357
3 2246 8 1743
3 2246 1743 800
3 800 1743 3087
3 8 1451 1743
3 797 1743 1451
3 3359 2575 3341
3 299 3359 3341
3 958 3532 3341
3 3119 1010 958
3 3119 1170 340
3 340 1170 2780
3 340 2780 1084
3 1084 2780 2172
3 2780 1170 1273
3 1273 1170 958
3 3119 958 1170
3 340 2016 4056
3 2016 340 1084
3 2016 1084 3013
3 3013 1027 2016
3 1027 3013 3085
3 1295 4056 2016
3 1295 2016 1027
3 1027 778 1295
3 1075 4038 778
3 1075 778 2170
3 2170 778 1027
3 4038 1382 705
3 705 1382 4056
3 4056 1382 3990
3 3990 1382 4038
3 1295 4038 705
3 705 4056 1295
3 885 2229 3110
3 3110 2229 887
3 1192 4118 3701
3 1192 3701 3524
3 2447 3718 3524
3 3524 3718 1192
3 1192 3718 4118
3 871 3995 3524
3 1467 3995 871
3 973 647 3790
3 973 3790 2099
3 2099 3790 1475
3 3575 973 2099
3 3702 2054 1552
3 422 1552 2054
3 4215 4108 2742
3 3970 4141 1642
3 3970 3846 3728
3 3846 3970 1642
3 3846 3151 3728
3 2051 4204 3957
3 3957 4204 1795
3 2720 3816 3063
3 2457 2501 1787
3 1787 2501 4066
3 1787 4066 1506
3 2819 2904 2360
3 2819 2360 2824
3 3485 1147 1055
3 1055 1147 2539
3 2539 1147 3991
3 1347 3485 1055
3 289 1347 1055
3 289 1055 2539
3 1348 1347 1778
3 1778 1347 289
3 1778 289 3892
3 1139 2971 1763
3 1139 1763 1472
3 2918 3723 3882
3 2918 3882 2222
3 2918 2222 2722
3 1082 3882 3161
3 3161 3882 3723
3 490 3882 1151
3 1151 3882 1082
3 3933 3882 490
3 3933 490 2159
3 2159 490 3844
3 3165 3933 3828
3 1159 4133 1117
3 1159 1117 3622
3 2817 2017 1085
3 4047 3870 346
3 3870 12 346
3 1515 346 12
3 4047 346 4187
3 4187 346 1486
3 1486 346 1515
3 367 3870 4047
3 2237 3870 367
3 2237 367 4187
3 4187 367 4047
3 520 4126 4187
3 3902 4187 1436
3 4187 3902 520
3 2736 3820 3314
3 2736 3314 3902
3 2736 3902 246
3 1694 3083 2280
3 3372 1051 2929
3 1694 2280 2929
3 1694 2929 1051
3 1561 2774 1893
3 1561 1893 253
3 253 1893 2324
3 2929 2324 1893
3 2929 1893 2774
3 2929 2774 3372
3 2660 253 2324
3 967 1167 253
3 967 253 2660
3 2660 2324 1609
3 2660 4064 967
3 1823 3411 3499
3 3983 3507 4064
3 1357 3107 3507
3 1357 1349 2877
3 1349 1357 3507
3 1349 3507 4039
3 3994 2877 1349
3 1146 180 3012
3 3012 2890 917
3 2890 3012 180
3 4180 1146 3012
3 1276 4080 3141
3 2846 2490 4067
3 1635 2846 4067
3 2846 1635 3569
3 3223 2846 870
3 870 2846 4025
3 4025 2846 3569
3 3222 4025 2750
3 1032 926 2456
3 2296 1032 2456
3 4189 1520 2143
3 2143 4068 4189
3 3443 3069 2793
3 2018 3443 2793
3 2018 2793 121
3 3035 1524 1176
3 3837 4167 3035
3 4117 667 914
3 3781 4117 3926
3 914 3926 4117
3 2261 4167 3837
3 3558 3897 2261
3 3558 2261 239
3 3359 2901 1198
3 2024 1198 2901
3 2575 3359 1198
3 4139 2901 3359
3 4139 130 3110
3 130 4139 3359
3 885 3110 130
3 299 885 130
3 299 130 3359
3 887 3198 3110
3 3258 477 3906
3 1703 3906 477
3 2712 529 1745
3 3313 2712 3744
3 205 1351 3744
3 205 3744 2554
3 2554 3744 2473
3 3313 3744 1351
3 3313 1351 1884
3 1070 3995 468
3 1467 468 3995
3 3399 2627 468
3 51 3399 1467
3 468 1467 3399
3 3101 3399 172
3 3101 172 377
3 3390 1270 295
3 3390 295 2843
3 3376 3390 2843
3 3038 1605 3390
3 1329 1605 3038
3 2113 3038 3390
3 2113 3390 3533
3 2155 1172 2113
3 2155 2113 3217
3 2518 1776 1380
3 1312 2518 2034
3 1312 2034 4168
3 1006 3964 4168
3 4168 3964 1312
3 4168 2034 4141
3 131 4168 3970
3 3970 4168 4141
3 1006 4168 3728
3 3728 4168 131
3 3151 3964 1006
3 3151 1006 3728
3 3970 3728 131
3 1265 3964 1408
3 1408 3964 3151
3 1393 1265 1408
3 1393 1408 3276
3 3276 1408 3151
3 3846 3276 3151
3 3690 3276 1103
3 2051 1103 3276
3 3690 1103 3232
3 3690 3232 2361
3 3232 2051 1339
3 2051 3232 1103
3 2361 3232 1751
3 2242 2361 1751
3 2242 1751 2335
3 1091 1751 3232
3 1091 3232 3666
3 1339 3666 3232
3 595 2786 1091
3 595 1091 3517
3 1001 3517 1091
3 1001 1091 3666
3 2966 3517 1444
3 1444 3517 1001
3 1444 1001 2634
3 2634 1001 3471
3 2824 2693 2819
3 2904 2819 3267
3 3267 2819 2693
3 507 3991 1779
3 3991 507 1532
3 2694 1016 1213
3 3086 1234 1213
3 3086 1213 1016
3 3596 2694 3876
3 3876 2694 3464
3 3884 3876 3479
3 3884 3479 4177
3 2918 3479 3723
3 2076 2918 2722
3 2076 3479 2918
3 2818 2076 2722
3 3379 2674 3694
3 3379 3694 4133
3 3379 4133 1159
3 692 4111 1617
3 692 1617 1696
3 1211 1696 1515
3 3870 1211 12
3 12 1211 1515
3 1595 2949 1344
3 3325 2949 1595
3 159 2949 3355
3 3355 2949 2013
3 2013 2949 3325
3 4187 1326 2237
3 2774 3717 3372
3 3900 3717 2774
3 3900 2774 1321
3 1321 2774 1561
3 1321 1561 808
3 3739 2236 1554
3 2555 3739 1554
3 3120 1003 3473
3 3120 3473 2003
3 3930 1920 3120
3 3930 3120 3250
3 2003 3250 3120
3 2890 1473 1934
3 2398 1473 2890
3 1646 2398 2890
3 3655 2398 1646
3 1187 3655 1646
3 1187 1646 1207
3 216 2916 1187
3 216 1187 2825
3 1276 2825 4080
3 232 1276 3141
3 1276 232 216
3 1276 216 2825
3 3903 3653 2923
3 2955 2923 3653
3 2248 3653 3903
3 2177 2899 2955
3 4083 3199 3993
3 109 4083 3993
3 4025 2849 870
3 870 2849 1029
3 2849 4025 3222
3 2750 1402 3222
3 1232 3615 2296
3 3615 1232 2114
3 2123 3067 4176
3 3613 3067 4088
3 1584 3613 4088
3 950 4176 3613
3 950 3613 2077
3 4002 4189 4068
3 2391 3883 780
3 3977 3629 523
3 3797 3977 523
3 3326 3797 9
3 3069 3443 9
3 3977 3797 2152
3 2152 3797 3326
3 2697 2152 3326
3 2697 3326 4055
3 1108 2664 4167
3 4167 2664 3035
3 3035 2664 1524
3 460 1895 3602
3 4027 3602 1895
3 4027 1895 2525
3 2525 1895 1304
3 4027 4139 4183
3 2193 826 4139
3 4139 826 4183
3 3308 61 1703
3 1703 61 3906
3 826 3906 61
3 826 61 3308
3 428 3308 1824
3 3308 1703 3269
3 3498 1824 3308
3 3498 3308 1301
3 1301 3308 3269
3 2492 3498 1301
3 2492 1301 4096
3 4096 1301 184
3 184 1301 3269
3 184 3269 3000
3 3000 2273 2023
3 3241 798 2783
3 3241 2783 4205
3 3200 3986 3366
3 3366 4191 3200
3 4191 3366 3313
3 1674 4191 2772
3 1884 2772 4191
3 2554 2772 205
3 1351 205 2772
3 1884 1351 2772
3 1747 358 2554
3 3940 3960 2540
3 3339 2540 3960
3 3827 4109 1621
3 1621 4109 3940
3 1621 3940 2540
3 118 3827 1621
3 1444 2540 2966
3 2540 1444 1621
3 1621 1444 2634
3 1621 2634 118
3 2634 3002 118
3 3471 3002 2634
3 3636 2738 3488
3 2708 1596 3750
3 719 1596 445
3 1968 445 3157
3 1968 3157 1399
3 3157 445 2708
3 2708 445 1596
3 3999 719 445
3 3999 445 1968
3 716 1968 3988
3 4029 3736 2787
3 2623 4012 3736
3 2787 3736 4012
3 3683 4012 1581
3 1581 4012 2623
3 3581 2197 1581
3 1580 3596 2623
3 2623 3596 1581
3 1581 3596 3581
3 818 3884 3941
3 818 3941 297
3 3941 3884 4177
3 3160 2905 4177
3 3160 2076 2818
3 2076 3160 4177
3 2076 4177 3479
3 1652 2905 3160
3 1652 3160 2144
3 2818 2144 3160
3 1652 2144 2605
3 1639 760 4178
3 2587 1004 559
3 559 1004 3397
3 1159 3622 2587
3 1159 2587 3379
3 3379 2587 2674
3 3397 1004 692
3 3397 692 1696
3 692 1004 4111
3 552 3397 3560
3 3560 3397 1696
3 593 3560 2443
3 593 2443 2310
3 1985 3193 3090
3 3193 1985 4033
3 4033 1985 2443
3 2443 1985 210
3 2734 3461 3765
3 1290 3765 3461
3 1290 3461 1344
3 722 1290 1452
3 1452 1290 1344
3 1624 1452 1350
3 1624 1350 3900
3 1321 1491 1624
3 1321 1624 3900
3 2691 2304 3100
3 2791 2691 2908
3 3739 2555 2412
3 3182 3939 1026
3 1920 3939 3182
3 1920 3182 3120
3 3120 3182 1003
3 328 3939 1920
3 328 1920 3930
3 2725 3939 328
3 2725 328 3393
3 3930 3393 328
3 3655 903 3393
3 3938 2725 3393
3 3938 3393 903
3 3655 3393 2398
3 2398 3393 3930
3 1744 3938 903
3 3565 1941 1573
3 3565 1573 3037
3 2841 3037 3903
3 3265 2841 3903
3 3265 3903 2719
3 3979 2969 2832
3 3189 1507 2177
3 4083 3143 3189
3 3199 4083 3189
3 1507 3143 3963
3 1507 3963 1817
3 3097 2832 1817
3 3097 1817 3535
3 244 3365 318
3 1271 318 3365
3 1429 244 341
3 847 3365 244
3 847 244 1429
3 1429 341 1285
3 3401 341 318
3 318 341 244
3 364 1115 3412
3 3413 364 4124
3 4124 364 3412
3 2012 4124 3412
3 2571 3615 2114
3 2571 2114 1933
3 4127 1933 2114
3 158 1933 1318
3 158 1318 3968
3 1318 1933 4127
3 3968 1840 883
3 3968 883 2794
3 1318 1840 3968
3 2973 3204 2794
3 2973 2794 883
3 2285 883 1840
3 4205 2285 2062
3 1019 2062 1840
3 1840 2062 2285
3 3040 2915 1693
3 2142 4096 4176
3 2142 4176 1189
3 2573 2142 1189
3 950 2573 1189
3 950 1189 4176
3 1424 3109 1457
3 3977 3205 3629
3 3205 3977 2467
3 2152 648 856
3 2573 648 2152
3 2573 2812 2278
3 2697 2812 2573
3 2697 2573 2152
3 3498 2278 2812
3 3498 2812 710
3 710 2812 3459
3 2915 3040 3000
3 3241 4205 2915
3 4034 2973 66
3 4034 66 2285
3 2973 883 66
3 2008 2973 4034
3 4205 4034 2285
3 2285 66 883
3 1922 2008 4034
3 2097 4034 2783
3 4205 2783 4034
3 1922 4034 2097
3 2097 1038 1922
3 1922 1038 3116
3 1922 3116 3916
3 1814 1038 3986
3 1041 3116 1814
3 1038 1814 3116
3 2713 1041 1814
3 2713 1814 3200
3 3972 1041 2713
3 4191 3972 2713
3 4191 2713 3200
3 2053 624 2426
3 2426 624 2041
3 2041 1674 3823
3 3823 1674 358
3 1674 2041 89
3 3105 3823 186
3 3105 186 3166
3 3166 186 1180
3 2615 2392 105
3 3878 3960 3940
3 3463 3940 656
3 656 3940 4109
3 2283 3176 1894
3 1894 2179 3112
3 2179 1894 3176
3 1711 140 1894
3 1894 3112 1711
3 450 1711 3112
3 2714 3999 450
3 1269 2714 450
3 3191 2526 716
3 3191 716 3988
3 3370 940 2709
3 3370 2709 263
3 1509 263 2709
3 3370 263 3080
3 2668 3080 263
3 2668 263 1359
3 2787 4012 3593
3 4029 2787 3593
3 1127 3834 2239
3 3403 3834 1127
3 3403 1127 2069
3 3812 3512 1134
3 1134 3512 3608
3 1837 3394 3812
3 297 3394 1837
3 1423 3941 2905
3 1423 2905 3550
3 1652 2605 1834
3 1652 1834 3550
3 1965 2605 1639
3 4178 1965 1639
3 3352 1164 1077
3 1077 1164 3388
3 3388 1164 1965
3 1093 3382 3128
3 1093 3128 632
3 2436 370 2584
3 2584 370 90
3 90 370 3382
3 370 3128 3382
3 3128 370 3021
3 2436 3021 370
3 3704 2436 2584
3 2184 3132 2401
3 1510 1360 714
3 1510 714 3363
3 3363 714 1721
3 3363 1721 123
3 3363 123 1521
3 1026 2791 3182
3 3182 2791 2908
3 3182 2908 2994
3 2682 3939 2154
3 3939 2725 2154
3 2154 2725 3938
3 732 4142 3938
3 732 3938 1941
3 1949 2187 4048
3 2841 3265 2390
3 2841 2390 3565
3 3037 2841 3565
3 4071 3265 313
3 4071 313 4201
3 4201 313 3958
3 448 3958 3265
3 3265 3958 313
3 1727 3958 448
3 2719 3633 448
3 3265 2719 448
3 2596 1284 2621
3 2969 2596 259
3 4019 1799 872
3 2504 1173 3912
3 2504 3912 1924
3 3097 3979 2832
3 3912 3979 3097
3 1924 3912 3097
3 1924 3097 1132
3 1132 3097 3535
3 1793 1577 4058
3 1793 1204 1577
3 1577 1204 938
3 3885 138 1728
3 1728 138 1577
3 1728 1577 938
3 1577 138 4058
3 628 1429 1285
3 847 1429 628
3 2925 3413 4124
3 3799 1376 4124
3 3799 4124 4091
3 4091 4124 2012
3 1531 3073 158
3 3073 2571 158
3 158 3968 1531
3 1933 158 2571
3 2571 4091 3615
3 4091 2571 3073
3 3609 4095 1531
3 1531 4095 3073
3 937 4095 3609
3 937 3609 3368
3 3135 3368 2100
3 294 2100 3368
3 2794 1947 294
3 2794 294 626
3 294 3368 626
3 1947 2100 294
3 2794 626 3968
3 3968 626 3609
3 3368 3609 626
3 1376 691 1947
3 1947 691 2100
3 2973 2008 3204
3 3116 3138 3612
3 1041 3972 3116
3 268 3138 4023
3 3740 3807 268
3 3740 268 4023
3 1358 3463 3599
3 1358 3599 1583
3 1497 1358 1583
3 1497 2426 2116
3 2116 2426 2615
3 2053 2426 1497
3 2053 1497 1583
3 1358 1497 1042
3 3878 1042 2116
3 2116 1042 1497
3 3463 1358 3940
3 3940 1358 1042
3 3940 1042 3878
3 3678 3112 2179
3 3176 3753 2179
3 2179 3753 3757
3 3292 3757 3281
3 3281 3757 3753
3 2179 3757 3678
3 3281 3753 2577
3 2577 3753 686
3 2524 2327 104
3 2524 104 1629
3 104 2327 2283
3 2526 4072 1711
3 1711 3238 140
3 3238 1711 4072
3 2514 3238 4072
3 1165 4077 3819
3 1165 3819 3793
3 3793 3819 2514
3 4203 4077 1165
3 3370 4203 3793
3 3370 3793 928
3 3080 4203 3370
3 1165 3793 4203
3 3370 928 940
3 1752 4203 877
3 3834 730 3203
3 2496 2902 2961
3 3403 2902 3962
3 892 2069 1277
3 2069 892 3403
3 3403 892 2902
3 2902 3164 2961
3 3164 892 1277
3 2902 892 3164
3 3812 3394 2938
3 754 3783 1861
3 1093 441 3487
3 1093 3487 3643
3 3550 1164 3352
3 3550 3352 3487
3 3643 3487 3352
3 458 3875 3128
3 458 3128 3021
3 3875 458 125
3 125 458 2568
3 458 3021 2568
3 3887 125 2568
3 3887 2568 4009
3 4009 2568 2446
3 2446 2568 3021
3 3431 4009 2446
3 2286 4041 3704
3 3704 4041 3431
3 572 3704 866
3 3272 2777 4041
3 4116 3272 3760
3 3760 3272 4041
3 4116 3760 1681
3 4116 1681 2757
3 1098 1681 1037
3 1037 3760 3363
3 3363 3760 1510
3 1510 3760 2145
3 3760 1037 1681
3 3280 933 3420
3 2154 3280 1614
3 1440 4142 3024
3 3769 1440 3024
3 2860 3769 3024
3 397 3769 2860
3 1949 2860 3024
3 1949 3024 4142
3 4048 2860 1949
3 2860 3154 397
3 397 3154 3769
3 2860 4048 3154
3 1226 3769 3154
3 1226 3154 665
3 665 3154 3858
3 3858 3154 4048
3 3156 3801 4201
3 3801 4071 4201
3 1490 4201 4019
3 1490 4019 4113
3 4019 4201 3958
3 872 2837 4019
3 2504 4003 1173
3 3113 2504 2739
3 3895 3113 2739
3 3113 3895 1345
3 1428 2059 3113
3 4073 1428 1345
3 3113 1345 1428
3 431 3623 1753
3 2947 4058 3885
3 138 3885 4058
3 1740 2947 4020
3 4020 2947 2461
3 2461 2947 3885
3 4057 1740 4020
3 446 3807 2371
3 446 2371 2869
3 446 2869 1314
3 3756 143 1479
3 1479 143 1314
3 1479 1314 2869
3 2461 2735 331
3 1140 3756 331
3 1140 331 2735
3 2869 2461 1479
3 1479 2461 331
3 1479 331 3756
3 3756 1140 1661
3 1661 1140 2925
3 2925 1140 2735
3 446 1314 3612
3 3612 1314 721
3 3757 3292 1971
3 3757 1971 765
3 3757 765 3678
3 723 765 1971
3 2211 3278 2577
3 2577 3278 3281
3 3281 3278 4057
3 2933 553 2524
3 3819 1905 2767
3 3819 4077 1905
3 538 3780 3857
3 2496 1759 3802
3 4216 1759 3857
3 3857 1759 538
3 538 1759 2496
3 538 2496 2961
3 3802 1759 4216
3 4216 4203 3802
3 3802 4203 3962
3 3962 4203 1752
3 3164 3194 3039
3 2576 3194 737
3 1887 1094 2576
3 353 2576 1094
3 3920 1887 321
3 754 1861 136
3 754 136 3140
3 3920 3140 1302
3 3920 1302 3803
3 2419 1302 136
3 2419 136 1730
3 136 1302 3140
3 3803 1302 3211
3 3211 1302 2419
3 385 2419 3887
3 385 3887 4009
3 3692 385 4009
3 3887 2419 1730
3 2419 385 3211
3 2757 3692 894
3 894 3692 1381
3 1381 3692 4009
3 1381 4009 2777
3 2777 3272 1381
3 1381 3272 4116
3 1381 4116 894
3 4116 2757 894
3 2836 1445 1098
3 3363 3956 2836
3 3363 2836 1037
3 1037 2836 1098
3 3190 2836 1622
3 1622 2836 3956
3 1622 1440 3190
3 3259 2228 1226
3 3259 1226 665
3 3190 1226 2228
3 3156 3751 3801
3 1446 1695 4201
3 1278 1695 1446
3 1278 1490 4113
3 1490 1278 1446
3 2050 1695 1278
3 2050 1278 4113
3 3337 4113 3630
3 3646 3337 2082
3 3646 2082 1141
3 651 2082 3337
3 2082 651 3174
3 3174 651 666
3 881 1141 2561
3 2561 1141 2082
3 1067 2561 1606
3 1067 1606 2217
3 1067 2217 2948
3 2217 1606 3174
3 3501 1375 2632
3 185 1201 2059
3 185 2059 1428
3 2217 592 2108
3 2907 2948 2108
3 3913 1281 1417
3 1417 1281 4073
3 2766 3913 1417
3 815 1123 2766
3 815 2766 3855
3 3855 2766 1417
3 2917 815 3855
3 2917 3855 3637
3 3637 3855 1753
3 1753 3855 431
3 431 3855 3623
3 3001 2917 496
3 496 2917 3637
3 496 3637 4058
3 1366 3001 496
3 3278 3001 4057
3 4057 3001 1366
3 1740 4057 1366
3 2917 3001 815
3 815 3001 3278
3 2773 2948 2907
3 881 2561 2579
3 2579 2561 1067
3 2983 2579 194
3 3317 2707 2282
3 1094 3674 353
3 2191 3674 1094
3 1822 2191 1094
3 2913 4217 3803
3 1822 4217 2913
3 1182 2913 1175
3 1175 2913 820
3 3709 3418 3197
3 3646 4113 3337
3 4113 3646 2050
3 134 3646 1141
3 134 1141 3171
3 3197 3032 3709
3 2387 3709 3541
3 2191 2387 3541
3 3317 3674 2707
3 15 3135 691
3 15 691 3799
3 1376 3799 691
3 3135 3799 4095
3 3135 937 3368
3 4095 937 3135
3 3799 3135 15
3 4027 4183 3602
3 3602 4183 428
3 2786 595 1172
3 1172 595 3517
3 2155 2786 1172
3 1324 3121 3036
3 1008 3036 1138
3 3276 3690 2406
3 2406 2335 3121
3 3276 2406 1393
3 2406 3121 1324
3 2406 1324 1393
3 2242 2335 2406
3 2242 2406 3690
3 3690 2361 2242
3 3933 2222 3882
3 4052 4137 3590
3 4052 3590 2087
3 2087 3590 1385
3 2087 1385 2500
3 2585 1501 1385
3 2585 1385 934
3 934 1385 3829
3 3829 1385 3590
3 1501 2585 1222
3 3529 1311 320
3 3529 320 3639
3 3639 3074 3529
3 492 3911 3084
3 3084 4028 492
3 890 3084 3911
3 3967 890 3911
3 2639 3967 3061
3 3061 3967 3911
3 3084 890 511
3 890 323 511
3 323 3967 511
3 511 3967 489
3 3084 511 3495
3 511 489 3495
3 890 3967 323
3 2639 489 3967
3 4028 3495 2932
3 2932 3495 969
3 969 489 1660
3 489 969 3495
3 2940 269 1729
3 849 1386 1666
3 1157 2737 4199
3 1240 3350 2761
3 424 545 569
3 44 424 569
3 44 569 1832
3 52 2420 545
3 1832 569 2474
3 545 2420 2474
3 569 545 2474
3 44 3470 424
3 424 2281 545
3 545 2281 52
3 2474 2420 597
3 223 2070 4163
3 3470 1372 2037
3 3470 627 3102
3 627 3470 1832
3 3815 2453 1908
3 2453 2224 1908
3 3815 1908 1938
3 3815 3102 2453
3 2453 3102 627
3 2453 627 2224
3 2420 1908 597
3 2420 1938 1908
3 2420 4163 1938
3 1938 4163 2765
3 4163 2070 646
3 4163 646 2765
3 1957 3681 67
3 1957 67 1654
3 1957 1654 566
3 1957 1754 3681
3 3681 1754 963
3 566 1654 1280
3 2186 1897 673
3 1897 2405 673
3 1662 673 3332
3 673 2405 3332
3 3332 1826 3369
3 3332 3369 1662
3 1662 2186 673
3 2186 4196 1897
3 1897 4198 2405
3 3332 2405 1826
3 2207 1547 4159
3 1166 953 2120
3 2120 953 1541
3 1722 3830 2798
3 2798 3830 882
3 1242 3863 2696
3 2815 2696 574
3 804 681 3689
3 527 804 3689
3 804 527 3482
3 681 804 1988
3 1988 3011 681
3 681 3011 242
3 2792 311 918
3 947 918 311
3 1299 3838 2365
3 3180 2815 541
3 541 2815 1241
3 541 1241 3058
3 1603 1241 2815
3 79 80 3867
3 3867 4079 79
3 79 4079 3289
3 79 3289 2203
3 79 2203 80
3 80 2203 3147
3 80 3147 3867
3 2119 2122 3219
3 3219 2122 3852
3 3219 717 3455
3 1574 886 3077
3 864 2339 3657
3 864 968 2339
3 2659 1464 275
3 2659 275 3254
3 3254 275 2730
3 2546 2309 1238
3 387 3429 4153
3 387 4153 1238
3 3860 3689 1765
3 2223 2161 4143
3 2606 2223 4143
3 168 2223 2606
3 168 2161 2223
3 725 1812 4123
3 1812 725 2716
3 3233 725 3093
3 3093 725 4123
3 947 311 2563
3 947 2563 2565
3 2700 2565 2563
3 311 2792 1462
3 2700 2563 1628
3 2365 1536 1917
3 2365 1917 312
3 312 1917 1227
3 1997 4219 3123
3 236 278 2256
3 2256 278 1706
3 2256 750 3665
3 3665 233 2256
3 2256 233 236
3 236 233 3439
3 1519 1124 2982
3 3034 2982 1124
3 3289 287 2203
3 224 162 809
3 1921 1450 162
3 809 162 1450
3 1450 1921 3289
3 809 1450 4079
3 3289 4079 1450
3 809 4079 372
3 372 224 809
3 1502 1992 2687
3 1502 2687 1786
3 1502 1786 3077
3 968 2609 1286
3 968 1286 2339
3 2339 1286 386
3 3254 2730 1325
3 2659 3254 1049
3 3497 1684 3404
3 3497 2546 1684
3 2717 3404 1684
3 4153 2717 1684
3 3603 2653 589
3 4007 3603 3392
3 3392 1775 813
3 1649 813 3540
3 3540 813 1775
3 543 2716 1250
3 543 1250 3449
3 3449 3716 543
3 1976 3449 1250
3 2313 1250 2716
3 3233 2313 2716
3 3449 1976 976
3 2974 3449 976
3 1976 2313 1162
3 1976 1162 1994
3 91 3644 2424
3 2372 3093 91
3 2424 2372 91
3 2424 3309 2372
3 2700 2654 2565
3 179 3890 3428
3 3327 3436 2701
3 1227 683 312
3 1773 1917 1536
3 1973 3761 946
3 3761 3270 946
3 946 3270 2813
3 1973 946 2813
3 1 3761 1973
3 3966 3879 2042
3 4173 1469 3879
3 3879 3665 4173
3 910 1391 2318
3 970 2318 1391
3 911 2318 970
3 2448 724 739
3 2448 739 3936
3 1391 3936 739
3 2989 1608 1803
3 1608 2989 3508
3 904 3072 3215
3 1088 1233 1124
3 2215 1714 1454
3 1425 1454 1714
3 49 2124 1912
3 3514 225 1912
3 49 1912 225
3 2569 1286 2609
3 2569 1912 1286
3 1286 1912 386
3 3290 1049 3254
3 1325 3290 3254
3 3891 2921 674
3 3891 674 3648
3 1400 2300 1247
3 2300 1400 3005
3 3005 1400 2886
3 2653 2964 1023
3 1848 2964 2653
3 4007 2121 924
3 2174 2121 361
3 2121 4007 361
3 361 4007 169
3 361 169 2174
3 1649 3540 3149
3 976 3340 2974
3 3551 1792 1749
3 3322 606 3127
3 799 3324 606
3 606 3324 3127
3 3127 3324 613
3 3127 613 658
3 799 1215 3334
3 3553 1632 1903
3 3327 272 3436
3 3436 272 3862
3 3862 272 3777
3 3777 3004 3758
3 3758 3004 3057
3 153 1843 2803
3 3270 2803 1843
3 2803 3640 153
3 1868 749 2876
3 956 1352 41
3 956 41 3248
3 891 3445 2259
3 1434 2259 2776
3 2747 1217 1774
3 1217 2259 1434
3 2259 1217 891
3 891 1217 362
3 2747 362 1217
3 2686 2747 4
3 2686 4 430
3 2686 430 1587
3 1587 115 2686
3 2208 1439 724
3 598 676 3088
3 676 598 3331
3 3331 598 2277
3 3331 2277 120
3 1289 676 3331
3 3331 120 4042
3 676 1289 3811
3 676 3811 758
3 676 758 3088
3 4011 3003 3508
3 2188 4106 1368
3 2188 1368 2092
3 3371 2092 1368
3 3220 3244 55
3 3220 55 2989
3 2989 55 841
3 841 55 3244
3 841 3244 2764
3 3220 3969 2101
3 2642 2101 3969
3 4076 3969 222
3 1287 4082 1143
3 1548 1287 1143
3 252 2397 178
3 252 741 2397
3 670 2397 741
3 670 2079 2397
3 2146 1104 2397
3 2397 1104 178
3 2094 487 1881
3 1881 487 230
3 3733 487 2094
3 1505 3387 4193
3 381 2247 3387
3 3387 1505 381
3 1848 924 1013
3 1848 1013 37
3 1848 37 2887
3 2887 37 4149
3 4149 37 1013
3 2000 2912 2081
3 2000 2081 4150
3 879 3125 3521
3 3521 3125 1637
3 3954 3534 2471
3 1447 1414 2182
3 1447 2182 3534
3 3324 1267 613
3 769 613 1267
3 2743 2999 459
3 413 3448 2583
3 413 2583 2894
3 2894 1698 413
3 413 1698 1196
3 3262 472 3296
3 3531 1915 148
3 349 2314 3296
3 3296 2314 3145
3 2710 2399 3145
3 2399 2710 2954
3 1218 4014 742
3 2164 742 4014
3 1764 1939 2348
3 2920 1939 1764
3 401 3619 1916
3 1916 4065 401
3 401 4065 1599
3 401 1599 3619
3 3006 4065 3248
3 4065 3108 1599
3 452 2416 3088
3 452 3088 2040
3 452 2040 2980
3 2416 452 2980
3 2980 913 2416
3 3377 951 3415
3 3415 772 3377
3 3415 951 62
3 758 3811 2040
3 3331 4042 2586
3 1289 2586 3017
3 2442 1704 3732
3 2442 3732 812
3 3195 875 1907
3 3195 1907 1322
3 2529 3244 751
3 3573 426 4076
3 3573 751 426
3 426 751 2642
3 426 2642 4076
3 4076 2748 27
3 2102 895 1710
3 1710 895 2523
3 831 2589 3466
3 860 2589 1710
3 2589 860 3466
3 1710 2589 2359
3 2385 1761 3185
3 1761 3346 3185
3 3691 3356 3168
3 3741 3691 3168
3 1598 2830 3491
3 512 1936 1810
3 1810 1576 512
3 512 1576 3618
3 512 3618 1936
3 3618 1576 1636
3 11 1430 1225
3 11 756 1946
3 756 11 1225
3 36 1946 756
3 2081 36 756
3 2081 2912 36
3 2081 756 4149
3 1858 3905 4062
3 1858 4062 3955
3 3129 2279 4155
3 2279 3129 2182
3 1414 2294 576
3 2258 620 711
3 711 620 1403
3 2258 711 1264
3 2258 1264 2201
3 2258 2201 619
3 2635 857 2199
3 857 2635 2859
3 2583 842 336
3 336 2894 2583
3 3054 2880 2733
3 2399 1214 3054
3 1214 2399 471
3 471 3066 1214
3 2399 3054 2733
3 1130 2376 2338
3 2338 859 1130
3 2376 1130 1533
3 1533 1130 2954
3 3762 3826 1076
3 2644 1125 3654
3 2644 3654 2072
3 2826 2644 622
3 622 2379 2826
3 2826 2379 3774
3 434 2084 2503
3 2005 2084 434
3 4014 1901 1437
3 1437 1481 1809
3 1901 1481 1437
3 2267 2350 204
3 2267 2920 2350
3 204 2350 4085
3 4085 2275 204
3 1369 204 2275
3 204 1369 2267
3 1764 1058 2920
3 1239 1373 3921
3 1255 1239 3921
3 1854 3330 3108
3 3108 3330 1239
3 4043 3108 4065
3 4043 1707 3108
3 3587 213 1252
3 491 3523 678
3 1704 1154 764
3 1704 764 1680
3 1704 1680 4194
3 3118 3732 4194
3 1877 3307 2755
3 3458 3600 3764
3 3600 2934 3764
3 3430 335 2986
3 2021 3274 948
3 2852 3274 2021
3 3042 2359 3610
3 672 438 281
3 672 2895 1864
3 672 1864 438
3 438 1864 3348
3 438 3348 3251
3 438 3251 281
3 1535 3839 3251
3 4190 2895 3839
3 921 4190 3839
3 2218 2704 2998
3 2218 3481 2704
3 4114 2385 2218
3 3185 3481 2385
3 2613 1169 3741
3 2613 3741 2922
3 2613 2922 3944
3 2613 3944 2871
3 3168 2922 3741
3 1169 3185 3741
3 3346 3741 3185
3 3447 415 2450
3 4128 3491 2830
3 3618 2321 3548
3 1936 3548 352
3 1936 352 1442
3 3548 2321 1493
3 2829 1493 2321
3 2321 3618 1421
3 117 920 2274
3 1113 203 4062
3 4062 203 3734
3 2847 203 1113
3 3905 1113 4062
3 3129 4155 522
3 3905 3129 522
3 2451 554 2262
3 2262 554 3645
3 2262 488 2451
3 2451 488 3738
3 2451 3738 4155
3 2064 576 629
3 2064 629 4008
3 3247 2502 1960
3 619 2201 2544
3 620 2346 1964
3 620 1964 3106
3 620 3106 1403
3 3106 1964 1384
3 2346 619 819
3 819 619 2544
3 819 2544 3264
3 3264 2544 3243
3 2358 2466 1296
3 1296 659 2358
3 2935 2437 2382
3 2437 3981 1068
3 2437 1068 2382
3 2305 3854 2967
3 2967 3854 3682
3 2305 2967 3937
3 336 842 1829
3 1604 3854 301
3 155 829 2302
3 2231 155 833
3 833 155 2302
3 1512 2047 416
3 3965 2985 888
3 3847 2454 2703
3 2454 1000 2703
3 1000 905 2703
3 1641 2370 3774
3 996 2005 3467
3 145 1984 2200
3 2200 2828 3951
3 2350 2402 4085
3 1373 3330 638
3 1373 638 3921
3 3921 638 4129
3 3871 3865 876
3 2439 1208 3010
3 2381 3010 1208
3 3284 3959 3908
3 3843 2655 3082
3 2655 3843 1665
3 2936 4161 388
3 2936 388 1062
3 1260 4010 1672
3 2641 4010 1260
3 2641 3344 4010
3 3416 2853 2872
3 1087 1107 1155
3 505 961 2476
3 505 3159 1724
3 3159 505 2476
3 3626 2303 1539
3 2303 260 1539
3 1539 260 533
3 1539 533 3600
3 3600 3626 1539
3 1925 3256 3600
3 3256 3626 3600
3 3971 3256 241
3 977 2189 709
3 4136 2004 524
3 524 2004 3468
3 2301 2265 3943
3 3874 761 1409
3 1293 761 3874
3 4214 1293 3874
3 4214 2943 1293
3 1771 2816 2808
3 1638 39 1771
3 2816 1771 39
3 1638 1771 3974
3 3944 2095 291
3 3447 3974 1771
3 3779 3588 2404
3 863 2404 1790
3 3779 863 330
3 3779 330 3974
3 1106 406 703
3 703 406 567
3 406 1106 2801
3 3785 406 2801
3 406 3785 567
3 567 2048 703
3 3548 4209 352
3 2209 2855 2731
3 2209 2731 220
3 2209 220 2111
3 3893 3410 3321
3 687 2723 3893
3 3146 685 2221
3 4212 2221 3260
3 2175 3260 2221
3 2175 2221 685
3 2175 685 3378
3 1677 488 3645
3 488 3378 3738
3 1833 1677 3645
3 561 1833 3645
3 1677 1833 2362
3 1677 2362 1332
3 561 3645 1306
3 766 3881 3675
3 1700 3881 2754
3 3881 1700 3675
3 3945 3389 3814
3 806 2206 84
3 84 2206 126
3 84 126 2981
3 84 2981 3389
3 84 3389 806
3 360 806 3945
3 806 360 2206
3 2417 126 2206
3 1964 455 462
3 462 455 819
3 819 3264 462
3 455 1964 2346
3 455 2346 819
3 3354 526 3264
3 3354 3095 526
3 3354 3264 160
3 3981 3589 417
3 3589 1600 2382
3 3589 2382 417
3 1068 417 2382
3 4152 2538 2091
3 2091 2538 1530
3 2538 1839 2979
3 4152 1839 2538
3 1538 2047 2192
3 1673 2047 1538
3 2769 3851 2928
3 1575 2928 3851
3 1000 3919 3025
3 4004 2445 2481
3 4004 2481 1398
3 3538 2481 2445
3 1083 1579 1059
3 2485 3349 2958
3 2400 2485 2958
3 2785 1317 3349
3 2785 2680 1317
3 3951 3252 1956
3 2828 3252 3951
3 2669 1956 3050
3 2402 1725 4085
3 697 2250 3300
3 2250 697 1544
3 497 3225 1047
3 1047 3225 2879
3 208 3901 206
3 3901 3651 206
3 3559 3142 2927
3 2897 2692 2078
3 1648 1665 2452
3 1648 2452 1716
3 1648 1716 1569
3 2452 3843 2807
3 3286 1062 4140
3 1338 1386 3840
3 1338 3840 4140
3 588 4161 1466
3 588 1466 1488
3 3786 1488 2268
3 3786 1338 4140
3 1338 3786 2268
3 1466 4161 1406
3 3786 4140 814
3 3786 814 2462
3 2462 588 1488
3 2462 1488 3786
3 1406 4161 1927
3 1927 4161 3007
3 3748 2214 3824
3 2065 4171 2472
3 2065 2472 3441
3 2472 4171 399
3 2872 2853 4078
3 2718 4078 2853
3 2543 1476 3625
3 2543 3625 2853
3 2543 2853 87
3 2543 87 3381
3 3381 65 3528
3 3528 65 3202
3 3202 2552 3528
3 2547 3202 3952
3 2547 3952 3561
3 2547 2552 3202
3 2476 2303 3159
3 1724 3159 3836
3 3836 1769 3546
3 3836 3159 1769
3 1769 3971 3546
3 3836 977 2799
3 2290 3019 3771
3 2695 1468 1392
3 2255 4070 2564
3 2695 2564 4070
3 2255 2564 4200
3 1578 3595 4040
3 1800 1578 4040
3 1800 3425 1578
3 3974 851 1638
3 863 116 330
3 3974 330 1163
3 1163 330 116
3 1794 590 817
3 1794 3306 590
3 817 590 174
3 817 174 3451
3 3410 2060 3321
3 1805 3206 1422
3 29 3260 949
3 261 949 150
3 150 949 3260
3 802 1891 150
3 150 1891 261
3 2362 3601 1891
3 2362 1891 1332
3 990 1891 2238
3 2238 1891 3601
3 3675 1191 315
3 3601 315 1191
3 786 3948 1161
3 786 1161 1341
3 786 1341 98
3 3778 3362 3605
3 3605 3526 3778
3 1631 3605 2432
3 2010 149 830
3 3998 1320 3992
3 382 2652 1801
3 2652 1002 1801
3 1801 1002 3634
3 988 382 960
3 3634 960 1801
3 1801 960 382
3 382 988 3849
3 382 3849 2652
3 2769 1261 1828
3 4004 1398 1828
3 1190 57 2522
3 2522 57 1078
3 1078 326 2522
3 57 3805 1078
3 1474 1078 3805
3 1474 326 1078
3 218 668 3538
3 2857 3301 2430
3 1018 2958 3287
3 2680 1544 2857
3 1047 2879 2107
3 2253 759 2562
3 2562 759 706
3 2562 706 195
3 195 3071 1183
3 195 1183 2562
3 2562 1183 2253
3 3868 3144 2137
3 2137 2840 3868
3 1766 2789 4018
3 3263 2782 2266
3 2266 1489 3263
3 3263 1489 4160
3 3227 3391 3424
3 3391 1195 334
3 1195 3391 3286
3 3391 334 3831
3 609 3606 1927
3 609 1927 3476
3 3476 465 1523
3 465 3840 1523
3 1523 3840 1386
3 3453 3840 465
3 3476 1927 3748
3 699 1666 2268
3 699 2268 1488
3 699 1488 1466
3 1466 3606 699
3 699 3606 1666
3 2075 3606 609
3 2075 609 3476
3 2075 3476 693
3 693 849 2075
3 1386 849 1523
3 849 693 1523
3 2356 3476 3748
3 3476 2356 465
3 465 2356 3453
3 3824 3831 1063
3 3680 3831 4147
3 3424 3831 3680
3 1582 2531 303
3 1476 2552 1089
3 1476 1089 3625
3 3625 2718 2853
3 1860 3625 1089
3 1860 4154 3625
3 3625 4154 2718
3 2511 2729 957
3 110 2511 3226
3 408 1962 3305
3 1797 408 3305
3 408 1797 1952
3 2578 408 1952
3 408 2578 1962
3 1025 1468 3584
3 3049 3980 2992
3 1687 3947 3049
3 3595 1687 3845
3 1943 285 2389
3 2183 2389 285
3 1625 3079 1943
3 1943 3079 347
3 1772 347 3079
3 1690 2607 3909
3 3306 2403 1719
3 1133 1719 2403
3 1133 1449 1719
3 2775 293 2060
3 3809 3240 3978
3 2993 3809 3494
3 3809 2993 234
3 3759 2527 2377
3 1097 3294 3759
3 2130 3759 3294
3 2130 2429 3759
3 3759 2429 2527
3 790 1411 3117
3 3275 3117 1411
3 790 3117 2763
3 2202 3018 3894
3 3894 1150 2202
3 3948 2202 1150
3 2202 3948 786
3 98 2202 786
3 98 3018 2202
3 1830 4188 1024
3 584 4188 1830
3 984 3342 1341
3 1024 1341 3342
3 1024 4188 1341
3 1688 3673 2629
3 2132 2629 3673
3 1050 1036 3579
3 1050 170 1036
3 1050 3579 1394
3 3866 3579 1036
3 3866 1036 3872
3 170 3872 1036
3 634 3579 3866
3 3579 634 2036
3 2036 3817 1394
3 3866 3872 3934
3 1022 4035 3711
3 3841 1563 530
3 1319 530 1563
3 3375 696 603
3 3375 183 696
3 3861 1566 696
3 603 696 1566
3 603 1566 1021
3 3861 696 3677
3 696 183 3677
3 3635 828 2878
3 4099 2347 2235
3 2168 142 2181
3 2168 1492 142
3 2386 3713 1656
3 2386 1656 256
3 878 3312 304
3 2151 425 2810
3 2705 2810 425
3 2662 3400 2151
3 3400 425 2151
3 4175 792 2616
3 1152 2085 2414
3 127 2414 2085
3 2085 832 3266
3 2085 3266 3942
3 1634 4005 1709
3 1634 1709 389
3 810 3081 1310
3 810 1310 2617
3 810 2617 2369
3 810 2369 3173
3 810 3173 775
3 810 775 3081
3 33 775 3173
3 775 33 2266
3 775 2266 2782
3 2266 33 1489
3 3357 324 3627
3 324 393 3627
3 3627 393 4195
3 324 3357 4021
3 549 845 1675
3 157 727 971
3 157 2128 727
3 3213 3237 3320
3 2345 2317 3922
3 3922 2317 1245
3 2317 2345 4164
3 1516 1035 306
3 306 3922 1516
3 141 1516 3922
3 3384 368 3218
3 368 3384 1035
3 2410 1588 2781
3 2410 2781 718
3 2056 2497 2588
3 941 2932 3980
3 3980 2441 941
3 1136 2441 3980
3 285 347 838
3 3299 3660 3291
3 3848 310 1259
3 3299 3520 310
3 356 783 2567
3 783 356 3768
3 2567 630 356
3 3433 630 3353
3 3022 3536 1370
3 3632 3670 19
3 3632 19 1483
3 3632 2833 3670
3 22 2746 94
3 22 94 19
3 22 19 3670
3 19 94 1483
3 1999 3859 2746
3 1999 2746 22
3 1999 22 3670
3 738 945 3547
3 738 3547 1627
3 1627 2104 738
3 584 1875 4188
3 2227 196 607
3 607 196 3089
3 342 2036 4156
3 4156 2036 634
3 1729 4051 3934
3 707 3631 3898
3 707 3898 3841
3 3841 3898 4035
3 3841 3374 707
3 3841 530 3374
3 72 3304 1168
3 72 1168 3631
3 72 3631 3374
3 72 3374 3304
3 2103 1557 2530
3 3635 412 2530
3 743 3576 276
3 3576 2889 1119
3 276 621 2219
3 276 2219 743
3 2566 2517 506
3 2334 2566 1780
3 2334 1780 333
3 1780 2566 2835
3 2835 2566 506
3 3795 333 1857
3 1857 333 1780
3 1857 1780 3570
3 2835 3570 1780
3 3343 171 3705
3 3343 1237 171
3 2906 2098 2881
3 2881 1492 2906
3 2098 2906 3713
3 1859 3285 2649
3 2649 3713 1859
3 878 2891 1859
3 878 1859 3713
3 2705 3679 2891
3 639 3679 3400
3 639 3400 1235
3 639 654 3679
3 2414 127 3170
3 1009 4093 1052
3 1556 2433 4093
3 1052 4093 2433
3 402 4036 73
3 402 3914 4036
3 3914 402 3918
3 662 1675 191
3 191 3961 662
3 3016 31 3714
3 3714 31 3775
3 3775 31 4197
3 2626 823 4197
3 1597 2491 823
3 1120 4164 1209
3 3234 2963 3056
3 3234 3056 76
3 3234 76 4164
3 306 2963 3922
3 3234 2345 2963
3 3922 2963 2345
3 1035 1950 1313
3 226 4182 1503
3 1503 1683 226
3 2594 1503 4182
3 2663 2133 3511
3 2663 3907 2133
3 2133 1741 3511
3 3699 3511 1741
3 2134 3236 2515
3 3061 314 3976
3 3495 4028 3084
3 2956 1240 3650
3 3848 3660 3299
3 3660 3848 45
3 1259 45 3848
3 2169 316 3638
3 2169 4089 316
3 2349 3638 316
3 1838 316 4089
3 3810 1838 4089
3 3810 4089 3373
3 3810 929 4101
3 2646 2349 1838
3 2646 1838 3810
3 3444 4075 2651
3 936 3444 2651
3 3022 898 3536
3 2651 3567 1571
3 1571 3567 1263
3 1263 3567 1623
3 1483 3543 3462
3 1483 3462 3515
3 94 3543 1483
3 2746 3859 3015
3 2746 3015 3543
3 3045 959 4074
3 1188 4074 959
3 3571 3364 189
3 1615 189 3364
3 3571 189 1188
3 1188 189 4032
3 4032 189 1615
3 46 3527 652
3 2865 652 2699
3 2699 652 3527
3 3527 46 3989
3 3545 2213 1978
3 3796 2243 3303
3 2875 2243 1640
3 583 2243 2875
3 583 2875 2022
3 3509 2022 768
3 2875 768 2022
3 1353 1788 3509
3 816 528 4125
3 528 3304 4125
3 3009 4125 3304
3 2103 4103 3614
3 3068 4103 2551
3 2721 2006 2909
3 2909 2006 412
3 2909 412 2878
3 2889 2550 466
3 3148 2744 2550
3 3442 3795 3767
3 3442 3767 3148
3 3148 2334 3442
3 3427 2226 1821
3 3427 1867 2226
3 2226 2602 562
3 2226 562 1821
3 165 1237 3343
3 3725 1989 3484
3 3725 3484 207
3 3725 207 1550
3 3285 181 3246
3 181 201 1458
3 1458 201 3288
3 2015 3207 1274
3 4030 2015 1274
3 3207 1589 1274
3 3170 2019 2011
3 2011 339 906
3 2011 906 1157
3 2019 3170 3139
3 4092 3139 3942
3 2149 3210 3293
3 1268 2149 3293
3 3293 3706 1268
3 2149 1880 3210
3 3469 3557 2323
3 2323 3557 3210
3 3210 3557 3293
3 2488 4195 4093
3 478 3754 378
3 3554 478 378
3 3554 378 3746
3 478 3554 3754
3 1128 3554 3746
3 1128 3746 3914
3 1128 3914 2987
3 2987 1777 1128
3 1128 1777 2176
3 3564 2176 1777
3 2176 3564 4121
3 2176 4121 3754
3 2176 3554 1128
3 3746 623 3914
3 3564 3720 1005
3 3333 3975 834
3 2861 834 3975
3 3714 3333 395
3 3714 3975 3333
3 395 3333 3961
3 3961 3016 395
3 2970 3714 3775
3 2768 1691 3775
3 2768 3775 4197
3 4164 1148 1209
3 2633 1209 1148
3 3910 3721 3383
3 1356 3383 3721
3 1503 2594 3873
3 1683 3873 2856
3 3873 2594 2724
3 2594 1966 2724
3 4110 2493 2093
3 616 4110 2093
3 2093 2493 2033
3 680 2140 26
3 26 2140 2093
3 26 2611 680
3 56 680 2761
3 680 56 2140
3 680 2611 2761
3 2611 3650 2761
3 56 3350 2
3 56 2 2140
3 2 3350 1961
3 1355 3167 4084
3 4084 3167 2136
3 2136 3167 3328
3 1460 1944 122
3 1944 4022 122
3 122 4022 2822
3 1613 1616 4211
3 4211 1616 3179
3 2651 1571 936
3 2600 2088 3684
3 3932 2968 1331
3 675 1712 2357
3 2903 1567 1030
3 2903 1030 2357
3 3045 1948 4186
3 198 1948 3804
3 3749 3045 4186
3 4074 16 1657
3 4074 1657 3663
3 14 4032 1615
3 4032 14 443
3 4032 443 1726
3 443 14 1844
3 573 1528 679
3 573 679 2109
3 2109 679 1844
3 2316 573 794
3 794 573 2109
3 3115 3268 2658
3 3743 4210 2962
3 3989 2464 2771
3 2771 2464 2676
3 2676 2464 981
3 3303 579 1060
3 1060 579 2945
3 2425 83 4059
3 4059 83 2610
3 2610 1630 4059
3 2425 4059 579
3 2425 583 83
3 83 583 2610
3 1788 1701 3432
3 952 1199 2805
3 182 1199 952
3 1199 182 1702
3 3767 1670 3864
3 3052 457 1337
3 3052 1337 2602
3 457 3052 112
3 3221 1061 2556
3 2556 365 3221
3 3343 1715 165
3 900 1715 4061
3 1989 1458 3484
3 3288 1926 1458
3 1458 1926 3484
3 715 3484 1926
3 2007 1841 1387
3 3257 1065 3493
3 4130 3257 3493
3 1065 3257 4049
3 1223 2737 839
3 2592 839 1669
3 1669 839 2737
3 3253 17 1669
3 3253 1669 906
3 1669 17 2592
3 2019 519 556
3 519 3253 556
3 556 3253 339
3 556 339 2019
3 3139 2046 2171
3 2171 4086 943
3 197 13 369
3 197 369 3997
3 369 13 2329
3 2698 2599 2270
3 2487 2698 2270
3 3557 2487 2270
3 2270 2599 3557
3 2487 2976 2698
3 2698 2976 1527
3 2698 1527 2599
3 2977 2292 1470
3 1470 2976 3469
3 698 1804 3510
3 698 3510 2953
3 834 546 3333
3 834 2861 2924
3 834 2924 546
3 2861 3975 1230
3 1230 3975 1850
3 1850 3975 2970
3 1142 2604 486
3 1142 486 1850
3 486 2604 1781
3 1142 3641 3134
3 1142 3134 2604
3 3472 510 1982
3 2677 944 999
3 1942 451 2618
3 2677 2618 451
3 1644 2251 214
3 1644 214 3323
3 1644 3323 1768
3 3323 214 3417
3 3417 214 1659
3 2251 3721 1659
3 3910 1659 3721
3 1659 3910 3537
3 1659 3537 3417
3 3537 3910 4031
3 3873 2378 2856
3 889 4015 612
3 612 4015 4104
3 3214 3624 3315
3 3731 107 1248
3 2809 137 1039
3 1898 1039 137
3 3522 2809 1039
3 1039 1898 2368
3 907 3137 2368
3 2368 1898 2760
3 2368 2760 907
3 2031 3212 1361
3 942 2619 2031
3 3212 2031 1185
3 998 2619 2478
3 1185 2619 998
3 2619 1185 2031
3 4022 1855 1870
3 1870 1855 2965
3 1460 2838 1944
3 677 4022 1944
3 980 4022 677
3 2344 2911 1899
3 2344 1899 359
3 2344 359 4165
3 129 4165 3475
3 2657 2344 129
3 129 3475 2657
3 3931 2657 3475
3 2088 2706 4206
3 2088 4206 398
3 3684 2088 398
3 3684 398 4044
3 4206 2422 398
3 4044 398 2422
3 852 3516 853
3 2560 4115 2778
3 3465 1030 2631
3 2276 3465 2631
3 74 3465 2276
3 2276 2068 3667
3 3271 2216 2595
3 3271 2595 2198
3 2595 2216 443
3 2595 443 1844
3 3649 679 1528
3 679 3649 1844
3 2975 2873 1435
3 2975 1435 3298
3 1435 548 3298
3 3743 2494 2795
3 2225 1813 704
3 257 704 1813
3 601 2458 2341
3 2458 337 2341
3 601 2341 2637
3 2341 2676 981
3 981 2637 2341
3 2637 3460 601
3 601 3460 2458
3 2676 2341 337
3 3385 1228 2678
3 2678 1228 2058
3 4135 2673 2541
3 2194 2673 3478
3 2194 3478 427
3 427 3478 212
3 1789 427 1980
3 1980 427 212
3 1685 212 3478
3 1685 2364 212
3 212 2364 1980
3 427 1789 2194
3 3434 3478 2673
3 1888 1980 2364
3 1888 2364 1885
3 1980 1888 1789
3 3946 873 3924
3 1040 2131 1427
3 868 2234 3230
3 2590 1545 4144
3 2590 1612 499
3 1102 1667 4050
3 4050 1667 4061
3 2355 4130 1651
3 1651 4130 99
3 1053 3183 1223
3 3361 1846 602
3 2996 602 2638
3 1846 2638 602
3 3253 1236 17
3 17 1236 2814
3 2057 3277 2640
3 1014 1105 2480
3 498 1014 2480
3 2480 1105 480
3 2480 1383 498
3 498 229 1014
3 273 1014 229
3 1105 3997 480
3 3450 144 2329
3 591 3450 2329
3 591 2329 2449
3 591 2138 3450
3 3450 2444 144
3 369 144 2444
3 369 2329 144
3 3076 2976 64
3 2173 3076 64
3 64 1470 2173
3 2292 2173 1470
3 1470 64 2976
3 3776 2291 1485
3 1485 2291 2953
3 585 3776 1485
3 585 1485 731
3 585 731 649
3 585 982 3776
3 2180 2647 3510
3 3014 2647 2180
3 3014 3574 2647
3 2260 617 4192
3 4192 617 771
3 617 2260 2861
3 486 1781 3345
3 3345 1781 1525
3 3712 694 2435
3 694 3712 3152
3 1998 2510 237
3 3712 237 2510
3 3216 1565 3892
3 3621 3892 1565
3 3621 1565 3323
3 3530 3407 1504
3 985 1110 305
3 305 1200 985
3 1110 1205 305
3 305 1205 4104
3 305 4104 1200
3 994 3023 3844
3 994 3844 985
3 994 985 1200
3 2513 1200 4104
3 4015 2513 4104
3 985 3844 1110
3 1110 3844 1564
3 3023 994 2513
3 570 3153 75
3 570 75 712
3 1979 570 712
3 75 2854 712
3 75 3153 2854
3 1842 3752 3820
3 437 2368 962
3 962 1594 437
3 437 1594 3522
3 437 3522 1039
3 437 1039 2368
3 3715 2469 3529
3 47 1311 2469
3 1311 47 2136
3 47 2469 4084
3 3525 2427 3639
3 848 3426 2427
3 2427 3426 3639
3 3525 3639 1330
3 2690 2289 238
3 2690 238 4017
3 2690 3983 2289
3 2289 3525 238
3 785 677 2838
3 677 785 980
3 785 2838 1100
3 2440 3950 3282
3 1847 190 2271
3 1847 2271 1990
3 1847 1990 2545
3 1847 2545 3130
3 1847 3130 190
3 2911 2380 1899
3 2689 1739 1913
3 1739 4044 1913
3 3684 4044 1739
3 2297 3483 3569
3 2297 2864 3483
3 4115 2153 3710
3 4115 3710 2778
3 2486 2148 2212
3 2148 2486 1520
3 2148 1520 2153
3 4115 2212 2148
3 2212 85 2486
3 3043 1937 1866
3 3033 3519 1969
3 1969 3519 3298
3 3298 548 1969
3 1459 3755 536
3 1459 536 404
3 1459 404 4172
3 156 454 1034
3 1034 454 2612
3 156 2035 454
3 454 2035 2612
3 858 2553 2055
3 858 2055 407
3 407 2055 30
3 407 30 1888
3 1888 3924 407
3 407 3924 858
3 3924 2553 858
3 1815 2468 1708
3 4145 3558 3781
3 4145 3781 861
3 800 3087 1931
3 2162 1931 3087
3 2172 2246 2820
3 2575 1451 3341
3 3341 1451 1273
3 2353 728 3031
3 3175 2620 3119
3 4056 3175 3119
3 2620 3175 3763
3 2620 3763 2941
3 4137 896 4060
3 4137 3829 3590
3 577 4118 2229
3 2229 4118 887
3 3524 343 1475
3 3524 1475 871
3 3524 1846 343
3 3064 2099 2624
3 163 3376 3277
3 3575 3277 3376
3 3568 3376 163
3 88 344 2054
3 2138 2449 2533
3 4192 1212 1552
3 1552 1212 1380
3 3122 3816 1795
3 2457 283 2904
3 3048 3991 70
3 3048 70 2360
3 3791 211 1734
3 3791 1348 211
3 3530 396 3407
3 396 1734 3407
3 3407 1734 211
3 1763 1734 396
3 3161 3530 3474
3 2942 3044 2139
3 2017 1117 4133
3 2817 3405 3622
3 3622 3405 2770
3 2598 708 1979
3 1979 708 2625
3 1979 2625 2167
3 3408 2598 525
3 1436 3408 525
3 1436 436 3408
3 2598 246 525
3 3314 3181 653
3 653 3181 1051
3 1909 1609 2455
3 1909 2455 734
3 2929 2455 1609
3 3983 2660 2289
3 1909 2289 2660
3 1909 734 3525
3 1909 2660 1609
3 3499 4064 3766
3 3766 4064 535
3 4017 4039 2690
3 2690 4039 3983
3 1243 1934 3994
3 2890 1934 1243
3 2440 4080 560
3 2440 560 4180
3 2440 4180 3950
3 2684 1932 327
3 2684 327 3141
3 1932 2684 3915
3 2126 3915 1990
3 2126 1990 1186
3 1883 2325 1186
3 1664 2325 4067
3 3569 3483 551
3 3569 551 2750
3 2153 1520 1584
3 1866 972 2143
3 3904 3033 3755
3 121 3904 3755
3 536 3033 1969
3 536 3755 3033
3 3755 2874 4054
3 644 2557 384
3 644 384 1176
3 1176 384 667
3 644 1176 2874
3 644 2874 1853
3 2557 644 1853
3 3187 3856 3926
3 2612 3822 3697
3 1034 3697 3856
3 1815 3856 3697
3 239 3837 4117
3 2261 3897 2024
3 2261 2024 2525
3 2525 2024 4027
3 4027 2024 2901
3 357 243 1465
3 885 3532 2229
3 2941 1010 2620
3 2620 1010 3119
3 1745 2411 419
3 2411 78 419
3 419 78 2230
3 419 2230 300
3 1477 419 300
3 3198 4118 300
3 4118 3718 300
3 1477 300 3718
3 419 1477 1745
3 78 2411 2867
3 477 2230 2867
3 78 2867 2230
3 2230 3198 300
3 2447 3995 3486
3 2535 2447 3486
3 647 1467 3790
3 3568 993 3376
3 993 3533 3376
3 3702 1380 1008
3 1008 1380 1776
3 2051 3276 3846
3 1808 3666 515
3 1808 515 2720
3 3666 1808 1001
3 3750 1194 18
3 18 1194 3724
3 3724 1194 2220
3 3724 2220 3063
3 4066 3724 3063
3 1007 1194 3750
3 3724 4066 3492
3 3724 3492 3750
3 3724 3750 18
3 2501 2904 3267
3 2501 3267 3492
3 3991 3485 1779
3 1234 2508 3464
3 2971 1139 2508
3 2508 2580 3464
3 3464 2580 3479
3 3479 2580 3723
3 2299 3723 2580
3 2299 2580 2508
3 3161 503 3530
3 503 3161 1472
3 503 1472 1763
3 503 1763 396
3 503 396 3530
3 2222 3165 274
3 274 2722 2222
3 248 128 274
3 2722 274 128
3 4133 3694 767
3 3165 767 3877
3 3877 767 3694
3 3620 2625 3792
3 3620 3792 4111
3 3792 1617 4111
3 209 3792 1072
3 1072 1515 209
3 3792 209 1617
3 3870 2013 1494
3 2013 4033 1494
3 410 2351 1326
3 2351 3355 1326
3 3355 2351 1275
3 4126 3717 2570
3 4126 2351 410
3 2351 4126 2570
3 4126 555 3372
3 4126 3372 3717
3 3676 3411 1546
3 151 3676 1546
3 3676 151 1167
3 151 1546 594
3 594 1546 1554
3 3411 3676 3499
3 3676 1167 967
3 3676 967 3499
3 3507 3107 535
3 535 3107 3766
3 899 3766 3107
3 1473 3250 1934
3 2877 1934 3250
3 1096 1146 4180
3 1096 4180 560
3 1096 560 4080
3 2825 1096 4080
3 1207 1096 2825
3 3915 3993 1932
3 1932 3993 3398
3 327 3398 2463
3 327 2463 177
3 3141 327 2248
3 177 2248 327
3 3653 177 2463
3 2463 3398 3993
3 599 2490 3223
3 599 3223 2784
3 599 2784 3143
3 2002 2750 551
3 2002 551 3483
3 1402 3518 3222
3 1032 1402 373
3 1032 2296 1402
3 1402 2296 3518
3 1232 4088 3067
3 3613 4189 2077
3 4068 1031 2391
3 3835 3883 1031
3 3835 2415 3883
3 2415 3797 523
3 836 529 2273
3 3787 3366 1796
3 3366 798 1796
3 3241 1796 798
3 2473 3500 1747
3 2473 1747 2554
3 2535 3556 1413
3 1070 2702 3486
3 2672 3556 3486
3 2672 3486 2702
3 2627 2702 468
3 7 2627 3399
3 2627 7 2622
3 2622 7 2591
3 2622 2702 2627
3 2702 1070 468
3 1270 4138 377
3 660 1605 3339
3 2966 1329 1272
3 3517 2966 1272
3 3217 1138 2155
3 2155 1138 3121
3 3036 1265 1324
3 1751 2786 2335
3 2220 1194 3471
3 3492 3267 2708
3 3396 3988 1399
3 3988 3396 4029
3 3396 1532 4029
3 2693 1532 3396
3 2459 1016 1580
3 3596 3876 631
3 248 760 128
3 128 760 2144
3 128 2144 2818
3 803 3877 2685
3 803 2685 4178
3 803 1197 3877
3 3165 3877 1197
3 3877 3694 2685
3 850 1825 636
3 636 1825 2112
3 636 2112 2674
3 636 2674 559
3 202 636 559
3 202 850 636
3 4111 2587 3622
3 1595 2470 3419
3 3419 2470 3927
3 3927 2470 748
3 2949 1275 1344
3 1344 1275 1350
3 1452 1344 1350
3 3717 3900 2570
3 1491 151 594
3 1491 594 2236
3 151 1491 808
3 1624 2236 1452
3 3100 3765 383
3 3765 722 3739
3 3765 3739 383
3 383 3739 2412
3 2691 3100 2412
3 383 2412 3100
3 2555 565 3577
3 2555 1554 565
3 565 1546 3411
3 565 3411 3577
3 1823 3577 3411
3 1918 3766 899
3 1003 3182 3473
3 3250 1473 3930
3 3655 770 2532
3 3655 2532 1744
3 3655 1744 903
3 2532 770 1573
3 2248 3037 2916
3 1602 2969 3727
3 1602 3727 2899
3 2955 3199 2177
3 3963 3886 1817
3 3886 3963 3850
3 3850 2147 3886
3 2147 3850 1271
3 1115 3401 2849
3 2296 3615 3518
3 3583 2062 4127
3 4127 2062 1019
3 2123 3583 4127
3 3583 2123 1158
3 469 1831 3109
3 469 3109 4002
3 469 869 1831
3 302 2506 2418
3 2506 302 3888
3 2506 4002 780
3 2506 780 2418
3 1114 2418 3629
3 2418 3883 3629
3 3977 856 271
3 3566 271 856
3 3566 856 1457
3 3459 2697 4055
3 460 3459 1108
3 4055 1108 3459
3 3787 1796 2023
3 1796 392 2023
3 4191 89 624
3 1180 35 82
3 2460 1180 82
3 2460 82 409
3 2460 409 2672
3 82 701 409
3 2672 409 3556
3 409 701 3556
3 2672 2591 2460
3 35 701 82
3 3101 2499 3105
3 3105 2499 2392
3 3960 2863 2110
3 1246 3960 2110
3 1246 2110 250
3 250 3339 1246
3 2110 2863 2499
3 3488 571 787
3 656 4109 3617
3 4109 571 3617
3 571 4109 787
3 3488 461 571
3 571 461 3617
3 3360 2738 1269
3 3112 3360 1269
3 716 2526 3999
3 716 3999 1968
3 3988 3593 1509
3 3988 1509 2709
3 3347 1432 3683
3 20 3683 1432
3 20 1432 1697
3 1697 240 2394
3 3347 3683 2197
3 1127 3608 3512
3 661 3884 818
3 661 818 2374
3 2374 818 1134
3 1134 818 1837
3 3821 568 4174
3 1639 2605 760
3 760 2605 2144
3 850 975 2117
3 850 2117 96
3 96 2117 4178
3 3388 975 3397
3 975 3388 2117
3 3438 210 1279
3 3438 2310 210
3 3461 3737 748
3 748 3737 3927
3 3927 2946 3419
3 2791 3800 2304
3 1178 2304 3800
3 2555 3577 2994
3 1941 1744 2532
3 86 1935 1727
3 3633 86 1727
3 421 3770 3727
3 605 3770 421
3 3770 605 1482
3 3633 1782 86
3 86 1782 2559
3 86 2559 1935
3 605 421 2630
3 1782 1720 779
3 3770 779 1720
3 779 3770 1482
3 3727 259 421
3 421 259 2621
3 1799 2596 3912
3 3912 2596 3979
3 2821 2661 3535
3 2821 2343 2661
3 2739 1132 2661
3 3365 938 3685
3 3518 3615 2012
3 2012 3615 4091
3 1947 3204 1553
3 950 1424 648
3 869 3566 1831
3 1831 3566 1457
3 479 3888 3205
3 479 3205 2467
3 479 2467 3566
3 3888 479 3566
3 2418 1114 302
3 1114 3205 302
3 3916 3204 2008
3 702 3599 1300
3 3745 702 1300
3 702 3745 3972
3 3745 1300 4023
3 2053 702 3972
3 702 2053 3599
3 3678 3208 3360
3 3176 2283 1827
3 1827 3753 3176
3 1827 3585 3753
3 140 1629 2283
3 3793 442 928
3 928 442 4072
3 2603 3080 1478
3 2603 877 4203
3 2603 4203 3080
3 1478 3080 2668
3 3683 2394 262
3 3683 262 2931
3 2394 3683 20
3 2394 20 1697
3 3203 1432 2239
3 3203 240 1697
3 3203 1697 1432
3 3834 3403 3962
3 1678 1277 1011
3 1678 1011 1441
3 1441 1011 3512
3 3512 2938 1441
3 1678 1441 4146
3 2512 476 4174
3 476 2512 3394
3 4174 568 3487
3 568 1423 3487
3 473 1713 1910
3 473 1910 3643
3 3643 3352 473
3 3352 1713 473
3 1279 1910 3438
3 1910 3382 3643
3 3382 1910 1279
3 632 3128 2384
3 632 2384 441
3 441 2384 4174
3 3431 2446 2436
3 866 3927 2184
3 866 2946 3927
3 2401 1360 2145
3 2145 2286 572
3 2145 572 2401
3 2401 714 1360
3 2145 3760 2286
3 3800 403 3420
3 3800 3420 1178
3 1178 3420 1521
3 1614 3420 403
3 3800 2791 3939
3 3939 2682 3800
3 3800 2682 403
3 403 2682 1614
3 2154 1614 2682
3 2390 4071 682
3 3958 3747 1284
3 3958 1284 4019
3 3747 2621 1284
3 1727 3747 3958
3 3808 605 2630
3 3808 1935 2559
3 3808 2559 1482
3 1482 605 3808
3 582 3630 2837
3 582 2837 3501
3 657 2343 3685
3 657 3685 3895
3 657 3895 2739
3 657 2739 2661
3 657 2661 2343
3 3623 2675 1793
3 4020 3592 1378
3 2869 3592 4020
3 3592 2869 2371
3 3885 628 2735
3 143 3756 1553
3 143 1553 1291
3 1291 3916 721
3 1291 721 143
3 4023 1300 723
3 1537 3208 3678
3 686 3585 3096
3 1645 3096 3722
3 686 3096 1645
3 2577 686 1645
3 2327 2524 553
3 2327 553 3722
3 2327 3722 3502
3 614 3819 2933
3 614 2514 3819
3 2514 614 1629
3 2514 1629 3238
3 3656 2773 4077
3 2773 3656 3832
3 4216 3857 3832
3 3857 3973 3832
3 3780 2961 3039
3 3164 2842 3194
3 4146 2576 737
3 4146 464 321
3 4146 321 2576
3 4146 3140 464
3 1945 1441 2938
3 1441 1945 4146
3 125 1730 1861
3 2512 3875 3783
3 3431 2777 4009
3 1098 1445 2352
3 1098 2352 1681
3 1681 2352 21
3 1681 21 2757
3 3420 3956 1521
3 3363 1521 3956
3 3420 933 3956
3 4142 1622 3280
3 3858 3801 665
3 665 3801 3751
3 4201 1298 3156
3 3513 1298 255
3 255 1298 4201
3 1591 508 3174
3 666 1591 3174
3 1591 2150 508
3 3174 508 3435
3 508 2150 1736
3 508 1736 3435
3 666 651 1591
3 1591 247 2150
3 2150 1171 1736
3 2632 1736 173
3 173 1736 1171
3 2074 1736 2632
3 1375 4003 2059
3 4073 3623 1417
3 4073 1281 2907
3 2947 1740 1366
3 791 3070 4057
3 791 4057 1378
3 405 557 81
3 2636 405 81
3 2636 81 2413
3 81 557 3807
3 2413 81 3807
3 2413 3070 2636
3 2636 3070 791
3 2636 791 405
3 791 509 405
3 557 405 509
3 2211 1123 3278
3 3949 2766 1123
3 3949 1123 2211
3 3949 1892 3913
3 3949 553 1892
3 553 2767 1892
3 553 2933 2767
3 1905 2907 1281
3 3857 2579 3973
3 3973 2579 1067
3 194 3780 2282
3 3039 3194 3317
3 3317 3194 353
3 820 3803 2352
3 820 2913 3803
3 820 1445 1568
3 1445 820 2352
3 21 2352 3803
3 3803 3211 21
3 3190 2228 1568
3 2228 1175 1568
3 3259 3751 1650
3 762 3259 1650
3 2495 2489 1327
3 1327 2489 363
3 2489 2495 1940
3 1940 3513 2489
3 363 2489 3513
3 363 3709 1327
3 1940 2495 1650
3 1940 3751 3513
3 255 3418 3513
3 3418 1695 2050
3 2983 3171 881
3 2074 2632 1201
3 700 2074 1201
3 700 586 3435
3 700 3435 2074
3 3032 3171 380
3 3171 2983 1135
3 2707 1135 2983
3 1991 1135 2707
3 1991 3541 3032
3 1991 3032 380
3 1991 380 1135
3 1822 2913 2387
3 2387 2913 1182
3 363 3418 3709
3 488 1677 4207
3 488 4207 3378
3 1401 790 4208
3 1401 4208 3859
3 931 2731 4209
3 931 4209 3548
3 2795 4098 4210
3 2795 4210 3743
3 2895 4190 4214
3 2895 4214 3874
3 1997 3058 4219
3 2295 3472 4218
3 2295 4218 3134
3 2165 3134 4218
3 2165 4218 2845
3 3319 3588 4213
3 3319 4213 3456
3 1887 3920 4217
3 1887 4217 1822
3 2498 1613 4211
3 2498 4211 2811
3 1518 2756 4212
3 1518 4212 3260
3 1380 4108 4215
3 1380 4215 2518
3 3656 4203 4216
3 3656 4216 3832
